tree
version=v4
num_class=1
num_tree_per_iteration=1
label_index=0
max_feature_idx=46
objective=binary sigmoid:1
feature_names=Column_0 Column_1 Column_2 Column_3 Column_4 Column_5 Column_6 Column_7 Column_8 Column_9 Column_10 Column_11 Column_12 Column_13 Column_14 Column_15 Column_16 Column_17 Column_18 Column_19 Column_20 Column_21 Column_22 Column_23 Column_24 Column_25 Column_26 Column_27 Column_28 Column_29 Column_30 Column_31 Column_32 Column_33 Column_34 Column_35 Column_36 Column_37 Column_38 Column_39 Column_40 Column_41 Column_42 Column_43 Column_44 Column_45 Column_46
feature_infos=[4.6947857142855742:85.084785714285701] [-0.97010360753961689:0.96228232084103937] [0.38653114520954091:0.73178258567202903] [-56.133103900844617:38.918500117975782] [-0.66843361886730113:0.67433713548459828] [-4.1576048667545429:3.8006228659145114] [1.0000000100247594e-08:18.420680743952367] [16.497952566047914:82.713330316286786] [-6.3582436635281816:2.9443554156084732] [-1.7016985763018366:4.3059481389723002] [1.7711428571428118:79.078000000000102] [-0.96208207980924287:0.98364392009654933] [0.42401779714690713:0.74963103647407014] [-74.254673446590459:30.896169293903768] [-0.72823365008414698:0.77808077215158644] [-4.2495032646250115:4.2085009751976425] [1.0000000100247594e-08:2.6427286973374104] [9.0310230279818597:93.312805200460105] [-3.5853291397487004:1.2781905968639384] [-1.5743971467105251:4.2858039691374437] [2.7586428571427342:69.979071428571459] [-0.99532938306029928:0.98450383849873158] [0.34124041408128469:0.74276013174731104] [-47.192552014130342:13.280477905455882] [-0.70145127295573229:0.62019852857102808] [-4.2547671044010125:4.0047627664561531] [1.0000000100247594e-08:18.420680743952367] [7.6967845191308726:91.490017729130926] [-5.5722281509522826:1.2922747735690008] [-1.4516839478113308:4.2535271401175976] [1.0324285714285517:56.828571428571458] [-0.94948351492854532:1] [0.48122399896166695:0.75988823528565841] [-58.459232220337071:34.345005575265532] [-0.70352854516620777:0.66066716542347004] [-3.4840444711382452:3.4741789573748978] [1.0000000100247594e-08:18.420680743952367] [0.93307015969850227:95.679561286497133] [-1.9542977950432121:0.63654006008186603] [-1.6356261372141154:4.3204029220968438] [-1.9542977950432121:0.63654006008186603] [0.00018243166574128791:0.041544942121206671] [0.98044239367454333:1.0063492858593102] [0.030344731320162709:0.050370992856343819] [-0.94948351492854532:1] [0.157:17.829000000000001] [1.8999999999999999:2.1000000000000001]
tree_sizes=959 886 884 786 885 967 883 763 987 989 993 965 966 889 757 984 758 676 754 676 755 992 984 761 680 985 880 675 760 989 957 755 676 963 967 679 981 965 662 974 883 992 782 677 882 965 866 987 995 679 774 859 1000 974 676 856 948 767 987 672 678 992 965 675 883 967 675 761 774 965 975 963 948 682 771 781 953 931 753 761 989 959 660 977 858 662 669 945 986 971 867 746 775 873 959 980 746 939 662 764 983 640 938 870 956 850 768 873 867 953 779 768 750 957 867 856 954 661 769 962 667 977 822 981 959 830 980 667 954 765 766 982 754 775 848 949 769 980 668 950 984 768 948 962 951 988 642 671 856 916 774 952 951 841 762 842 959 758 863 945 644 867 980 984 990 859 770 959 957 661 940 767 772 878 845 989 860 940 988 767 981 960 952 950 956 952 665 952 775 662 972 958 958 973 763 957 769 947 855 769

Tree=0
num_leaves=8
num_cat=0
split_feature=44 25 17 38 43 39 33
split_gain=40.8839 39.7637 23.1918 23.1224 20.0696 15.319 6.48558
threshold=-0.56765905708489717 -2.7776725802973967 22.432943401627593 0.0047604092513020757 0.048148792556634949 1.9538445255806312 4.2507748126984106
decision_type=2 2 2 2 2 2 2
left_child=2 4 5 -3 -2 -1 -4
right_child=1 3 6 -5 -6 -7 -8
leaf_value=0.21949294532904765 0.34889742713754446 0.22863545142200836 0.17800531000884945 0.26948283729243588 0.23722955360108094 0.33447879034667055 0.26135235144386731
leaf_weight=5.0008165091276151 17.493719458580021 52.907738015055656 25.908499926328663 93.847213983535767 4.2064983695745459 4.5145082473754883 3.4121802300214759
leaf_count=22 93 240 109 450 19 24 16
internal_value=0.253419 0.264361 0.207838 0.254768 0.325804 0.272925 0.186383
internal_weight=207.291 168.455 38.836 146.755 21.7002 9.51532 29.3207
internal_count=973 802 171 690 112 46 125
is_linear=0
shrinkage=1


Tree=1
num_leaves=7
num_cat=0
split_feature=31 25 27 38 32 19
split_gain=36.7692 36.2233 30.2796 20.7951 17.4622 5.36651
threshold=-0.56765905708489717 -2.7776725802973967 23.657037571715694 0.0047604092513020757 0.65106439913630709 -0.18185685116407718
decision_type=2 2 2 2 2 2
left_child=2 4 -1 -3 -2 -4
right_child=1 3 5 -5 -6 -7
leaf_value=0.063987205110787426 -0.022276528848801141 -0.036053699061249611 -0.012804283442048979 0.0026181039955335086 0.07947360663261259 -0.07848665087481857
leaf_weight=3.7495740056037894 4.5692628026008633 53.156643658876419 4.9817656874656668 93.812791407108307 16.928438529372215 30.346077963709831
leaf_count=20 21 240 23 450 91 128
internal_value=-0.0126423 -0.00223373 -0.0557154 -0.0113491 0.0567069 -0.07052
internal_weight=207.545 168.467 39.0774 146.969 21.4977 35.3278
internal_count=973 802 171 690 112 151
is_linear=0
shrinkage=0.05


Tree=2
num_leaves=7
num_cat=0
split_feature=31 25 27 37 43 43
split_gain=33.0563 33.0592 27.6223 20.3966 18.0309 8.32751
threshold=-0.56765905708489717 -2.7776725802973967 23.657037571715694 86.183769580982329 0.048148792556634949 0.038539866258024282
decision_type=2 2 2 2 2 2
left_child=2 4 -1 -3 -2 -4
right_child=1 3 5 -5 -6 -7
leaf_value=0.061960773391012906 0.07697866131259129 -0.0035355808089065446 -0.0059677259073019212 -0.060025622072015651 -0.028838901806182732 -0.077303142962242583
leaf_weight=3.7122327387332907 17.049221351742748 129.66916541755199 5.818939968943595 17.468664318323135 4.2124615013599387 29.703401237726212
leaf_count=20 93 614 27 76 19 124
internal_value=-0.0120004 -0.0021045 -0.0527454 -0.0107709 0.0545369 -0.0667855
internal_weight=207.634 168.4 39.2346 147.138 21.2617 35.5223
internal_count=973 802 171 690 112 151
is_linear=0
shrinkage=0.05


Tree=3
num_leaves=6
num_cat=0
split_feature=31 31 27 31 43
split_gain=29.7777 30.3381 25.2699 23.3028 7.42042
threshold=-0.56765905708489717 -0.44408093475308624 23.657037571715694 0.10883111941218035 0.038539866258024282
decision_type=2 2 2 2 2
left_child=2 -2 -1 -3 -4
right_child=1 3 4 -5 -6
leaf_value=0.060078769483093722 0.070693476550696702 -0.031349908120234089 -0.0057104583562784311 0.0075727743681993729 -0.073329146267364378
leaf_weight=3.6694949865341178 12.173143684864042 63.706754446029663 5.8220121860504142 92.403946995735168 29.79878306388855
leaf_count=20 65 290 27 447 124
internal_value=-0.0114196 -0.00200827 -0.0500584 -0.00825039 -0.0634177
internal_weight=207.574 168.284 39.2903 156.111 35.6208
internal_count=973 802 171 737 151
is_linear=0
shrinkage=0.05


Tree=4
num_leaves=7
num_cat=0
split_feature=31 25 27 20 43 43
split_gain=26.955 29.8606 23.179 19.142 16.3934 6.65132
threshold=-0.56765905708489717 -2.7776725802973967 23.657037571715694 15.980964285714112 0.048148792556634949 0.038539866258024282
decision_type=2 2 2 2 2 2
left_child=2 4 -1 -3 -2 -4
right_child=1 3 5 -5 -6 -7
leaf_value=0.058324193943609874 0.074225479014712409 -0.0029827430384229111 -0.0054644500482910344 -0.057243903571909185 -0.026603994476901566 -0.069761110167836773
leaf_weight=3.6221684217452994 16.699349611997608 129.47761762142181 5.8248572051525107 17.831018596887589 4.2355212718248358 29.807313174009323
leaf_count=20 93 612 27 78 19 124
internal_value=-0.0108373 -0.00187709 -0.0476188 -0.0100611 0.0524032 -0.060369
internal_weight=207.498 168.244 39.2543 147.309 20.9349 35.6322
internal_count=973 802 171 690 112 151
is_linear=0
shrinkage=0.05


Tree=5
num_leaves=8
num_cat=0
split_feature=0 20 25 0 16 3 38
split_gain=22.0214 23.2571 17.575 20.6626 15.8916 14.8107 11.9899
threshold=8.8647857142857465 4.2548928571428961 3.176075141783318 13.521749999999967 1.3096865695576361 -3.1942479548174556 -0.0023845455593023411
decision_type=2 2 2 2 2 2 2
left_child=1 6 4 -4 -2 -3 -1
right_child=2 5 3 -5 -6 -7 -8
leaf_value=-0.019011329683740977 0.0095191201842627117 0.035792878271651105 0.02820699133232471 -0.085884127948453293 -0.081237715840942665 -0.062447406151579392 0.065726932886399456
leaf_weight=8.7174289375543577 128.7834552526474 3.2495719641447058 4.998755231499671 10.653959035873411 3.9744748771190634 40.754700273275375 6.0850489735603324
leaf_count=40 623 17 25 44 16 176 32
internal_value=-0.0103248 -0.0359396 0 -0.0484415 0.00602812 -0.0540031 0.016196
internal_weight=207.217 58.8068 148.411 15.6527 132.758 44.0043 14.8025
internal_count=973 265 708 69 639 193 72
is_linear=0
shrinkage=0.05


Tree=6
num_leaves=7
num_cat=0
split_feature=31 25 27 35 43 3
split_gain=24.198 27.1871 21.0817 18.7731 14.6931 6.12774
threshold=-0.56765905708489717 -2.7776725802973967 23.657037571715694 2.2844213354457739 0.048148792556634949 3.4685885833125671
decision_type=2 2 2 2 2 2
left_child=2 4 -1 -3 -2 -4
right_child=1 3 5 -5 -6 -7
leaf_value=0.056717391907159243 0.071947389410743426 -0.018362671328525808 -0.067802093482477968 0.024799156646125368 -0.023488241466788871 -0.011482999955992656
leaf_weight=3.572021782398223 16.349510043859485 116.79203681647778 27.813893750309944 30.722784101963043 4.2574686408042899 7.7153856903314582
leaf_count=20 93 539 116 151 19 35
internal_value=-0.00982563 -0.00133936 -0.0447469 -0.00909861 0.0508985 -0.0569056
internal_weight=207.223 168.122 39.1013 147.515 20.607 35.5293
internal_count=973 802 171 690 112 151
is_linear=0
shrinkage=0.05


Tree=7
num_leaves=6
num_cat=0
split_feature=31 31 37 27 43
split_gain=22.0038 25.8847 24.6643 19.423 5.96637
threshold=-0.56765905708489717 -0.44408093475308624 86.183769580982329 23.657037571715694 0.038539866258024282
decision_type=2 2 2 2 2
left_child=3 -2 -3 -1 -5
right_child=1 2 -4 4 -6
leaf_value=0.055174029076612702 0.066938052752744504 0 -0.062632417204027888 -0.0028603285939760512 -0.063311465393009816
leaf_weight=3.5176933407783499 11.804938599467276 139.43397504091263 16.655538246035576 5.8392504751682273 29.57293513417244
leaf_count=20 65 666 71 27 124
internal_value=-0.00934124 -0.00124585 -0.00695498 -0.0427229 -0.0543823
internal_weight=206.824 167.894 156.09 38.9299 35.4122
internal_count=973 802 737 171 151
is_linear=0
shrinkage=0.05


Tree=8
num_leaves=8
num_cat=0
split_feature=33 40 34 7 6 6 37
split_gain=21.3056 36.3796 31.4872 23.8647 16.6355 17.8686 9.29791
threshold=-2.7397354797822113 0.0047604092513020757 -0.16359156423814816 65.699948028718964 0.54178312466496126 0.48936761510080889 13.85386343249551
decision_type=2 2 2 2 2 2 2
left_child=4 2 -2 -3 5 -1 -6
right_child=1 3 -4 -5 6 -7 -8
leaf_value=0.007455814307299336 0.0033481671906592358 -0.014594998908160545 -0.066276699658805185 0.046359237068954041 -0.0013416796346220339 -0.083512008937142002 0.059153095461217324
leaf_weight=30.54559588432312 22.770570874214172 46.099301621317863 49.723436996340752 23.202395603060722 7.7703099995851543 5.4551798403263083 20.883673503994942
leaf_count=151 108 215 211 118 38 22 110
internal_value=-0.00888776 -0.0197667 -0.0443192 0.00582618 0.014528 -0.00753733 0.0424132
internal_weight=206.45 141.796 72.494 69.3017 64.6548 36.0008 28.654
internal_count=973 652 319 333 321 173 148
is_linear=0
shrinkage=0.05


Tree=9
num_leaves=8
num_cat=0
split_feature=33 38 7 26 10 27 22
split_gain=19.2312 32.9171 21.7468 15.8292 19.0006 17.9479 15.5561
threshold=-2.7397354797822113 0.0047604092513020757 65.699948028718964 0.23343029683123842 21.809857142857126 26.665853150504528 0.72155148730947793
decision_type=2 2 2 2 2 2 2
left_child=3 6 -3 5 -5 -1 -2
right_child=1 2 -4 4 -6 -7 -8
leaf_value=0.028805629869518179 -0.048770574433096625 -0.013857877639680516 0.044430645713271759 0.064814100191228949 -0.058228046882530339 -0.034867361734039683 0.033770835445194616
leaf_weight=20.200031936168671 67.272022768855095 46.17500028014183 23.046434283256531 19.577561691403393 2.6874009966850272 21.955256938934326 5.1705643385648719
leaf_count=104 293 215 118 106 11 100 26
internal_value=-0.00846192 -0.0187968 0.00554892 0.0138229 0.0470238 -0.00381666 -0.0421592
internal_weight=206.084 141.664 69.2214 64.4203 22.265 42.1553 72.4426
internal_count=973 652 333 321 117 204 319
is_linear=0
shrinkage=0.05


Tree=10
num_leaves=8
num_cat=0
split_feature=44 44 37 22 16 43 45
split_gain=18.2739 23.7544 21.2487 15.5096 11.3664 5.27146 0.949245
threshold=-0.56765905708489717 -0.44408093475308624 86.183769580982329 0.65974357609407974 0.0085632792189905219 0.038539866258024282 1.4255000000000002
decision_type=2 2 2 2 2 2 2
left_child=3 6 -3 5 -5 -1 -2
right_child=1 2 -4 4 -6 -7 -8
leaf_value=-0.0037619870439528414 0.0046287446240920781 0.00025107459099898798 -0.057817298362660967 0.055381823428289803 -0.029878967978125642 -0.073592184964466553 0.071215383368210469
leaf_weight=4.129780828952792 1.5853617936372746 138.97955518960953 16.649941340088844 5.1902451217174521 9.5627264380454999 19.469441577792168 10.020595505833624
leaf_count=19 8 666 71 28 43 81 57
internal_value=-0.00804496 -0.000674791 -0.0061312 -0.0387136 0.00014116 -0.0630381 0.0651916
internal_weight=205.588 167.235 155.629 38.3522 14.753 23.5992 11.606
internal_count=973 802 737 171 71 100 65
is_linear=0
shrinkage=0.05


Tree=11
num_leaves=8
num_cat=0
split_feature=40 27 19 4 7 16 43
split_gain=16.4107 25.7518 24.2759 19.7444 18.5385 13.7364 5.98045
threshold=0.034911502996230546 23.657037571715694 2.0385613351356469 -0.37386833947995118 65.699948028718964 9.5340714794197402e-05 0.048058792477891722
decision_type=2 2 2 2 2 2 2
left_child=1 6 4 -3 -2 -4 -1
right_child=2 3 5 -5 -6 -7 -8
leaf_value=0.067074978238531105 -0.033108848952998059 -0.065503086585164336 0 -0.014408056244308014 0.04466361054247113 0.073877902477897078 -0.0022634376496659999
leaf_weight=9.20816422998905 28.38988371193409 23.058954268693924 10.070423275232317 104.48498298227787 9.2203964293003065 17.233739390969276 3.4101950228214255
leaf_count=54 129 98 48 487 48 93 16
internal_value=-0.00766409 -0.0173279 0.0127688 -0.0242778 -0.012732 0.0479871 0.0477099
internal_weight=205.077 140.162 64.9144 127.544 37.6103 27.3042 12.6184
internal_count=973 655 318 585 177 141 70
is_linear=0
shrinkage=0.05


Tree=12
num_leaves=8
num_cat=0
split_feature=31 31 37 3 11 33 45
split_gain=16.378 21.7112 18.9556 11.0403 18.1497 2.73793 1.33384
threshold=-0.56765905708489717 -0.44408093475308624 86.183769580982329 3.4685885833125671 0.31287892920897703 2.7381884589383394 1.4200000000000002
decision_type=2 2 2 2 2 2 2
left_child=3 6 -3 5 -5 -1 -2
right_child=1 2 -4 4 -6 -7 -8
leaf_value=-0.05957119096407635 0 0.00051762633554481522 -0.054371174183595078 0.058876456854601258 -0.065973801591360168 -0.0089098291353019252 0.069421651317749675
leaf_weight=23.059936136007313 1.4000050276517857 138.81131386756897 16.619124457240105 6.053211495280264 3.9013555943965912 4.8017888963222495 9.9753760248422605
leaf_count=100 7 666 71 33 16 22 58
internal_value=-0.00727315 -0.000312591 -0.0055015 -0.0365327 0.00610768 -0.0523175 0.0632827
internal_weight=204.622 166.806 155.43 37.8163 9.95457 27.8617 11.3754
internal_count=973 802 737 171 49 122 65
is_linear=0
shrinkage=0.05


Tree=13
num_leaves=7
num_cat=0
split_feature=31 25 20 27 32 3
split_gain=15.0712 20.8366 16.9005 14.1363 12.7887 4.64397
threshold=-0.56765905708489717 -2.7776725802973967 15.980964285714112 23.657037571715694 0.65106439913630709 3.4685885833125671
decision_type=2 2 2 2 2 2
left_child=3 4 -3 -1 -2 -5
right_child=1 2 -4 5 -6 -7
leaf_value=0.050141063539859698 -0.020052709683306216 -0.00030589950022322303 -0.051158324917169755 -0.054975948368002826 0.068191468037242783 -0.0058987656672914463
leaf_weight=3.2918196916580191 4.4755071252584484 129.14043675363064 17.881844073534012 26.593978270888329 15.063376575708388 7.5951538830995551
leaf_count=20 21 612 78 116 91 35
internal_value=-0.00693856 -0.000269674 -0.00696364 -0.0351475 0.0467692 -0.0452613
internal_weight=204.042 166.561 147.022 37.481 19.5389 34.1891
internal_count=973 802 690 171 112 151
is_linear=0
shrinkage=0.05


Tree=14
num_leaves=6
num_cat=0
split_feature=4 35 41 8 17
split_gain=15.4412 18.2658 30.1991 26.9248 3.40016
threshold=0.2640395218492505 2.2844213354457739 0.0020464866854742049 0.7132723503352395 25.081309381540219
decision_type=2 2 2 2 2
left_child=1 2 -1 -3 -2
right_child=4 3 -4 -5 -6
leaf_value=-0.029846667070206286 0 0.057834874777247837 0.017391188237349104 -0.037699670295931242 0.070168887504005073
leaf_weight=118.28694666922092 2.3658421337604505 20.225946649909023 45.748641952872276 10.142175272107123 6.5792481005191803
leaf_count=540 12 106 235 45 35
internal_value=-0.00662797 -0.00979899 -0.0164953 0.0249471 0.0538298
internal_weight=203.349 194.404 164.036 30.3681 8.94509
internal_count=973 926 775 151 47
is_linear=0
shrinkage=0.05


Tree=15
num_leaves=8
num_cat=0
split_feature=33 35 34 8 0 0 34
split_gain=14.5866 24.7924 30.7728 24.6922 15.6896 16.2372 13.2945
threshold=-2.7397354797822113 2.2844213354457739 -0.15981024354377157 0.7132723503352395 21.932107142857056 15.784928571428559 0.031036173427643341
decision_type=2 2 2 2 2 2 2
left_child=4 2 -2 -3 5 -1 -6
right_child=1 3 -4 -5 6 -7 -8
leaf_value=0.0020481619606102712 0.010737035611877437 0.055621256754200613 -0.044757160289056394 -0.035962863071132022 -0.066755007410984224 0.063770897893268869 0.012407931827788297
leaf_weight=25.125329852104187 36.036904618144035 20.024265289306644 73.867166325449944 10.148486182093619 8.4391949027776736 18.800708040595055 10.600649550557135
leaf_count=122 174 106 327 45 36 106 57
internal_value=-0.00627156 -0.0153088 -0.0264028 0.0238498 0.0133672 0.0298539 -0.0230128
internal_weight=203.043 140.077 109.904 30.1728 62.9659 43.926 19.0398
internal_count=973 652 501 151 321 228 93
is_linear=0
shrinkage=0.05


Tree=16
num_leaves=6
num_cat=0
split_feature=4 44 44 27 18
split_gain=14.3167 15.7234 19.9454 10.2779 3.82281
threshold=0.2640395218492505 -0.56765905708489717 -0.44408093475308624 23.657037571715694 -0.11029924496590122
decision_type=2 2 2 2 2
left_child=1 3 -3 -1 -2
right_child=4 2 -4 -5 -6
leaf_value=0.043486480195396492 0 0.060641547591613623 -0.0071368425298432101 -0.046775129176534945 0.068787626181284797
leaf_weight=2.4141324162483206 2.1439377218484879 10.683197617530821 147.69572770595551 32.690851151943207 6.7612612843513471
leaf_count=15 11 63 702 146 36
internal_value=-0.00595612 -0.00902469 -0.0020563 -0.038843 0.052371
internal_weight=202.389 193.484 158.379 35.105 8.9052
internal_count=973 926 765 161 47
is_linear=0
shrinkage=0.05


Tree=17
num_leaves=5
num_cat=0
split_feature=16 41 29 31
split_gain=13.5379 17.3489 22.9006 21.7042
threshold=1.3096865695576361 0.0022987166896528783 1.4191799453645484 0.62898039214960633
decision_type=2 2 2 2
left_child=1 3 -3 -1
right_child=-2 2 -4 -5
leaf_value=-0.018210290778004009 -0.073995467261445125 -0.03076366661384683 0.047926338084931415 0.037212708238750607
leaf_weight=134.56497527658939 6.0257126539945594 11.939393192529677 30.184976205229759 19.12683792412281
leaf_count=627 25 55 167 99
internal_value=-0.00563521 -0.00303931 0.0248472 -0.0109554
internal_weight=201.842 195.816 42.1244 153.692
internal_count=973 948 222 726
is_linear=0
shrinkage=0.05


Tree=18
num_leaves=6
num_cat=0
split_feature=4 14 35 37 17
split_gain=13.1842 14.624 21.2175 18.3509 2.83293
threshold=0.2640395218492505 -0.09834813650895198 2.4304389399391888 81.788682247958789 25.081309381540219
decision_type=2 2 2 2 2
left_child=1 2 -1 -3 -2
right_child=4 3 -4 -5 -6
leaf_value=-0.0339405157161142 0 0.010812547685366842 0.065689341738504325 -0.041148511744260499 0.065846018531017236
leaf_weight=66.530195116996765 2.3697711974382383 101.97055579721928 4.7290705591440192 19.294999897480011 6.4846812188625336
leaf_count=306 12 508 26 86 35
internal_value=-0.00537312 -0.00833178 -0.0261651 0.00207143 0.0507382
internal_weight=201.379 192.525 71.2593 121.266 8.85445
internal_count=973 926 332 594 47
is_linear=0
shrinkage=0.05


Tree=19
num_leaves=5
num_cat=0
split_feature=16 41 29 31
split_gain=12.3177 15.5212 20.9257 19.2679
threshold=1.3096865695576361 0.0022987166896528783 1.4191799453645484 0.65797865538695055
decision_type=2 2 2 2
left_child=1 3 -3 -1
right_child=-2 2 -4 -5
leaf_value=-0.016536577048440634 -0.070714843406466929 -0.029098847164215604 0.046126530366566769 0.038324440069123326
leaf_weight=136.35294170677662 5.934601202607154 11.969769492745398 29.889553189277649 16.943533569574356
leaf_count=637 25 55 167 89
internal_value=-0.00508004 -0.00260634 0.0238553 -0.0101018
internal_weight=201.09 195.156 41.8593 153.296
internal_count=973 948 222 726
is_linear=0
shrinkage=0.05


Tree=20
num_leaves=6
num_cat=0
split_feature=4 31 31 17 7
split_gain=12.1916 13.8017 18.1848 11.2596 2.66731
threshold=0.2640395218492505 -0.56765905708489717 -0.44408093475308624 22.432943401627593 33.524057694891248
decision_type=2 2 2 2 2
left_child=1 3 -3 -1 -2
right_child=4 2 -4 -5 -6
leaf_value=0.011241827807667124 0 0.059394769327449304 -0.0060268551898615364 -0.051889488646337759 0.0639629028966575
leaf_weight=8.3334217816591245 2.3485599160194379 10.426428303122519 147.02884104847908 25.991436704993248 6.4433392435312271
leaf_count=43 12 63 702 118 35
internal_value=-0.0048446 -0.00769854 -0.00118947 -0.0359703 0.0492847
internal_weight=200.572 191.78 157.455 34.3249 8.7919
internal_count=973 926 765 161 47
is_linear=0
shrinkage=0.05


Tree=21
num_leaves=8
num_cat=0
split_feature=4 24 24 24 45 43 14
split_gain=11.8405 14.344 19.9455 16.6588 11.5026 10.9847 2.47038
threshold=-0.39402545414229229 0.10608749688115569 0.20519200229056384 -0.46554203024833213 6.0955000000000013 0.04782510926932567 -1.0000000180025095e-35
decision_type=2 2 2 2 2 2 2
left_child=4 3 -3 -2 5 -1 -6
right_child=1 2 -4 -5 6 -7 -8
leaf_value=-0.064195478259942568 -0.047457393166119584 -0.058669904032538668 0.0041019173249097589 0.015585721075180052 -0.0036204460832072252 0.014537018242313555 0.055069591175786574
leaf_weight=19.285181611776359 10.434314593672751 20.433110356330872 28.981898985803127 111.60721307992935 1.8490222096443174 4.6368542462587348 2.751067876815795
leaf_count=83 46 89 146 560 10 24 15
internal_value=-0.00458303 0.000306898 -0.0220072 0.00965058 -0.0338397 -0.0479605 0.0305808
internal_weight=199.979 171.457 49.415 122.042 28.5221 23.922 4.60009
internal_count=973 841 235 606 132 107 25
is_linear=0
shrinkage=0.05


Tree=22
num_leaves=8
num_cat=0
split_feature=31 27 19 24 7 34 15
split_gain=11.2834 19.9748 18.1105 23.2632 17.9345 15.4687 6.08874
threshold=0.10883111941218035 23.657037571715694 2.0800776726093368 0.086715006466383096 65.699948028718964 -0.16359156423814816 -4.0161390131198305
decision_type=2 2 2 2 2 2 2
left_child=1 6 4 -4 -2 -3 -1
right_child=2 5 3 -5 -6 -7 -8
leaf_value=-0.018936068865683581 -0.02351574074273129 0.01042582075581034 0.071983181780242378 -0.0096495008973774433 0.041392086245418319 -0.034037520765269849 0.06396667711403041
leaf_weight=1.83209829032421 44.782156810164452 24.964648842811584 19.171350970864296 14.161415949463843 12.724857136607168 73.405835852026939 8.6166457235813123
leaf_count=10 205 123 106 68 68 339 54
internal_value=-0.00437645 -0.0152557 0.00840809 0.0373025 -0.00826398 -0.0225106 0.0468624
internal_weight=199.659 108.819 90.8398 33.3328 57.507 98.3705 10.4487
internal_count=973 526 447 174 273 462 64
is_linear=0
shrinkage=0.05


Tree=23
num_leaves=6
num_cat=0
split_feature=4 31 25 17 18
split_gain=11.246 12.5237 16.7157 10.1384 3.04846
threshold=0.2640395218492505 -0.56765905708489717 -2.7776725802973967 22.432943401627593 -0.11029924496590122
decision_type=2 2 2 2 2
left_child=1 3 -3 -1 -2
right_child=4 2 -4 -5 -6
leaf_value=0.010660716276366888 0 0.04312089482574466 -0.0068498079422858564 -0.049472389563388099 0.062979411424624113
leaf_weight=8.2660611867904645 2.1162565797567368 17.997364148497581 138.46790888905525 25.402204409241676 6.5794648826122266
leaf_count=43 11 110 655 118 36
internal_value=-0.00413891 -0.00689854 -0.000705838 -0.034106 0.0481107
internal_weight=198.829 190.134 156.465 33.6683 8.69572
internal_count=973 926 765 161 47
is_linear=0
shrinkage=0.05


Tree=24
num_leaves=5
num_cat=0
split_feature=16 41 35 14
split_gain=10.8315 12.9124 16.7197 10.7273
threshold=1.3096865695576361 0.0022987166896528783 2.2844213354457739 0.15686474653618396
decision_type=2 2 2 2
left_child=1 2 -1 -3
right_child=-2 3 -4 -5
leaf_value=-0.015498391171576933 -0.066500155501435662 0.0026744702894093641 0.030467872171014033 0.056477499344254237
leaf_weight=129.37540556490421 5.7031607925891867 26.779457233846188 22.089430198073387 14.188431814312933
leaf_count=610 25 140 116 82
internal_value=-0.00392086 -0.00160274 -0.00847489 0.0228055
internal_weight=198.136 192.433 151.465 40.9679
internal_count=973 948 726 222
is_linear=0
shrinkage=0.05


Tree=25
num_leaves=8
num_cat=0
split_feature=34 9 34 23 7 16 23
split_gain=11.0294 28.3933 20.4164 17.2112 12.842 12.5825 11.4879
threshold=-0.16359156423814816 0.36770377442325797 0.013940611203942327 -1.3470265561720678 74.14159507350945 0.084154824940525827 -2.6017596564656738
decision_type=2 2 2 2 2 2 2
left_child=1 5 4 -4 -2 -1 -3
right_child=2 6 3 -5 -6 -7 -8
leaf_value=-0.04752400405208683 -0.044505647518763417 -0.0051022547494987995 0.028060333532085716 -0.01478363475573026 0.038848587678413184 0.020830872290341113 0.06749764833306221
leaf_weight=16.162504285573963 45.686202704906464 6.2392570078372982 38.475859068334103 56.305539205670357 4.04116366803646 9.7287293672561628 21.028042942285538
leaf_count=73 206 32 205 275 21 48 113
internal_value=-0.00371814 0.0153764 -0.0109714 0.00245895 -0.0366066 -0.0210902 0.0504082
internal_weight=197.667 53.1585 144.509 94.7814 49.7274 25.8912 27.2673
internal_count=973 266 707 480 227 121 145
is_linear=0
shrinkage=0.05


Tree=26
num_leaves=7
num_cat=0
split_feature=4 33 38 0 35 1
split_gain=10.4832 13.1477 18.2943 10.835 10.2582 5.45426
threshold=0.11846159078830736 -2.7397354797822113 0.0076025231036135144 21.932107142857056 -2.4493163616946805 0.66789281328418937
decision_type=2 2 2 2 2 2
left_child=1 3 -3 -1 -2 -6
right_child=4 2 -4 -5 5 -7
leaf_value=0.027992291467378517 -0.038740490567867297 -0.035450988237805001 0.002627880976400401 -0.02002931152192599 0.061023090374411941 0.0010104395657837175
leaf_weight=36.12512381374836 3.6405492275953319 62.828359678387642 59.869119122624397 15.740862406790255 12.487113997340204 6.5177101343870154
leaf_count=191 17 291 291 81 70 32
internal_value=-0.00352188 -0.00782573 -0.0167976 0.0128421 0.0275252 0.0427708
internal_weight=197.209 174.563 122.697 51.866 22.6454 19.0048
internal_count=973 854 582 272 119 102
is_linear=0
shrinkage=0.05


Tree=27
num_leaves=5
num_cat=0
split_feature=16 3 28 39
split_gain=10.2203 13.4052 20.4886 17.1078
threshold=1.3096865695576361 -3.1942479548174556 -0.63333661784705286 0.16900258299231377
decision_type=2 2 2 2
left_child=1 2 -1 -3
right_child=-2 3 -4 -5
leaf_value=-0.057988831520480844 -0.064665718936667213 -0.033525418239123667 0.04141927467978497 0.0027456851097416857
leaf_weight=5.08597707748413 5.5836089998483649 44.447405464947224 31.26314739137888 110.1948818564415
leaf_count=22 25 204 167 555
internal_value=-0.00334391 -0.00109348 0.0256605 -0.00766718
internal_weight=196.575 190.991 36.3491 154.642
internal_count=973 948 189 759
is_linear=0
shrinkage=0.05


Tree=28
num_leaves=6
num_cat=0
split_feature=37 7 37 14 44
split_gain=10.2187 31.2573 18.1577 13.3377 3.85055
threshold=81.788682247958789 70.851419503972934 79.891245631613245 -0.09834813650895198 -0.40337517755884184
decision_type=2 2 2 2 2
left_child=2 4 3 -1 -2
right_child=1 -3 -4 -5 -6
leaf_value=-0.01984483102566649 0 0.063720441896026908 0.074066609824409615 0.0091703262604939054 -0.068012409381203884
leaf_weight=64.722638234496117 2.7033680379390779 5.5889217704534522 7.1655155867338172 97.836047954857349 18.099361196160316
leaf_count=315 14 30 39 498 77
internal_value=-0.00321307 -0.0315878 0.00121187 -0.00227989 -0.0600884
internal_weight=196.116 26.3917 169.724 162.559 20.8027
internal_count=973 121 852 813 91
is_linear=0
shrinkage=0.05


Tree=29
num_leaves=8
num_cat=0
split_feature=34 9 34 27 32 41 7
split_gain=9.73809 24.8333 18.3047 16.9665 15.5753 15.4139 11.0832
threshold=-0.16359156423814816 0.36770377442325797 0.013940611203942327 28.825106456141352 0.68759469258299111 0.00047345595835794244 74.14159507350945
decision_type=2 2 2 2 2 2 2
left_child=1 4 6 -3 -1 -4 -2
right_child=2 3 5 -5 -6 -7 -8
leaf_value=0.02481949612546544 -0.041695362332323821 -0.019102048586600352 -0.066305989207271904 0.06929984992863214 -0.050722811024698722 0.0088624787315415149 0.035959188036122566
leaf_weight=10.486969843506815 45.210828527808189 6.2142044156789806 6.3599507957696906 20.682496219873428 15.190561503171919 87.548629485070705 3.9919620603322974
leaf_count=54 206 31 27 114 67 453 21
internal_value=-0.00303459 0.0150008 -0.00989179 0.0480267 -0.0191596 0.0028633 -0.0343063
internal_weight=195.686 52.5742 143.111 26.8967 25.6775 93.9086 49.2028
internal_count=973 266 707 145 121 480 227
is_linear=0
shrinkage=0.05


Tree=30
num_leaves=8
num_cat=0
split_feature=25 35 20 7 0 8 6
split_gain=9.35607 17.6784 20.3145 11.7551 9.23997 6.21568 3.65245
threshold=3.176075141783318 2.2004316484667736 9.0789999999999846 72.490353198821325 18.955321428571455 0.34498067517533038 1.0432660102843865
decision_type=2 2 2 2 2 2 2
left_child=1 2 -1 5 -3 -2 -5
right_child=3 4 -4 6 -6 -7 -8
leaf_value=-0.022920985801845564 0 0.056497677237111854 0.013057558834009126 0.057598207425458764 -0.017723764718484913 -0.075645941900176747 -0.013912508033241011
leaf_weight=79.753691419959068 2.9461908638477352 18.164416447281841 74.599140100181103 2.6342724263668051 4.257052242755889 10.600946292281149 2.0672089606523514
leaf_count=377 15 100 392 14 20 45 10
internal_value=-0.00289567 0.000566765 -0.00539941 -0.036022 0.0411832 -0.0591201 0.0248453
internal_weight=195.023 176.774 154.353 18.2486 22.4215 13.5471 4.70148
internal_count=973 889 769 84 120 60 24
is_linear=0
shrinkage=0.05


Tree=31
num_leaves=6
num_cat=0
split_feature=4 3 3 4 18
split_gain=9.34449 9.95907 11.3558 9.09295 2.63033
threshold=0.2640395218492505 13.071723969601409 -3.1942479548174556 -0.23478217001189641 -0.11029924496590122
decision_type=2 2 2 2 2
left_child=1 2 -1 -3 -2
right_child=4 3 -4 -5 -6
leaf_value=0.014612357265342874 0 -0.031864434661600112 -0.015860118571654338 0.052482511983414373 0.059488082748881878
leaf_weight=37.945441320538521 2.1201289296150208 3.1220550686120978 133.04524710029364 11.741054825484751 6.3831697255372983
leaf_count=197 11 14 646 69 36
internal_value=-0.00275648 -0.00532263 -0.00890681 0.0322973 0.0453584
internal_weight=194.357 185.854 170.991 14.8631 8.5033
internal_count=973 926 843 83 47
is_linear=0
shrinkage=0.05


Tree=32
num_leaves=5
num_cat=0
split_feature=16 27 31 31
split_gain=9.79733 10.0679 16.2806 12.3718
threshold=1.3096865695576361 23.657037571715694 0.61422158490641376 0.51486452663419968
decision_type=2 2 2 2
left_child=1 2 -1 -3
right_child=-2 3 -4 -5
leaf_value=0.061770740421380914 -0.063148725896311389 -0.011627174426944199 -0.056095567788200199 0.019252734075383856
leaf_weight=12.49695213884115 5.4634807109832755 131.77327031642199 2.6852713972330085 41.578319102525711
leaf_count=79 25 643 11 215
internal_value=-0.00259081 -0.000380088 0.0372007 -0.00400931
internal_weight=193.997 188.534 15.1822 173.352
internal_count=973 948 90 858
is_linear=0
shrinkage=0.05


Tree=33
num_leaves=8
num_cat=0
split_feature=28 35 8 25 24 14 1
split_gain=9.18537 18.8376 18.3533 11.1159 8.42552 3.85011 2.03502
threshold=0.56103912662061073 2.2844213354457739 0.87167787732512658 2.3025161454349985 0.15921426285212906 0.26280885683783323 0.91919041341846752
decision_type=2 2 2 2 2 2 2
left_child=1 3 5 -1 -3 -2 -4
right_child=2 4 6 -5 -6 -7 -8
leaf_value=0.0011919124227833234 -0.078897687892013679 0.064387553473100032 0.057862422647667923 -0.034711896022896448 -0.012712807907356381 -0.010393155611382682 0
leaf_weight=131.4737207069993 10.192747414112093 14.553644835948946 3.2804678976535788 24.519457578659058 3.5552690625190726 4.0282493680715552 1.8258239328861234
leaf_count=668 42 84 18 114 17 20 10
internal_value=-0.00247977 0.00108862 -0.0343263 -0.00447747 0.0480692 -0.0630932 0.0389076
internal_weight=193.429 174.102 19.3273 155.993 18.1089 14.221 5.10629
internal_count=973 883 90 782 101 62 28
is_linear=0
shrinkage=0.05


Tree=34
num_leaves=8
num_cat=0
split_feature=34 9 17 38 39 13 9
split_gain=8.99624 22.5809 16.6996 17.367 14.7659 10.4466 2.79471
threshold=-0.16359156423814816 0.36770377442325797 19.069297018280199 0.0047604092513020757 3.1274973411409031 -3.8691488430538352 -0.57911016675873184
decision_type=2 2 2 2 2 2 2
left_child=1 4 6 -4 -1 -3 -2
right_child=2 5 3 -5 -6 -7 -8
leaf_value=-0.034792085952098352 0 -0.0063461938697094381 -0.032142259577232483 0.0035086547195255849 0.060683018102148926 0.063345845470246839 0.07191229893946581
leaf_weight=21.559676215052608 1.5631494373083112 6.1145535111427334 63.644967898726463 69.720432609319687 3.842625990509986 20.447377875447273 5.9745147675275794
leaf_count=99 8 32 316 347 22 113 36
internal_value=-0.00236761 0.0150558 -0.00903025 -0.0134313 -0.0176512 0.0467475 0.0583628
internal_weight=192.867 51.9642 140.903 133.365 25.4023 26.5619 7.53766
internal_count=973 266 707 663 121 145 44
is_linear=0
shrinkage=0.05


Tree=35
num_leaves=5
num_cat=0
split_feature=16 3 39 14
split_gain=9.07464 10.1103 14.1774 13.7541
threshold=1.3096865695576361 -3.1942479548174556 0.16900258299231377 -0.15103100847694576
decision_type=2 2 2 2
left_child=1 3 -3 -1
right_child=-2 2 -4 -5
leaf_value=-0.022894605543463939 -0.061160674532374885 -0.02966060027264408 0.0036974612938701287 0.042924701794293321
leaf_weight=10.061062380671499 5.3170662820339194 43.572836115956306 107.77214402705431 25.381115935742855
leaf_count=49 25 204 555 140
internal_value=-0.0022116 -8.36767e-05 -0.00587401 0.0234389
internal_weight=192.104 186.787 151.345 35.4422
internal_count=973 948 759 189
is_linear=0
shrinkage=0.05


Tree=36
num_leaves=8
num_cat=0
split_feature=4 26 34 19 43 34 7
split_gain=8.83872 12.2214 10.868 9.62608 17.3779 13.6357 1.7357
threshold=0.11846159078830736 0.027551480192828274 -0.03514737800310936 1.9901613359809547 0.04810905204730407 0.36253403156957742 71.752942104352911
decision_type=2 2 2 2 2 2 2
left_child=3 2 -2 5 -5 -1 -3
right_child=1 6 -4 4 -6 -7 -8
leaf_value=-0.020242196093551851 0.037629153057944717 0.066184152476743863 -0.061578062594074418 0.018133802436701343 -0.055104807246303622 0.059279366645344146 0.007528415969233055
leaf_weight=97.429288893938065 3.9840132147073746 10.153323426842688 4.9189406335353869 59.445460915565491 8.2669444978237134 4.6071696281433097 2.8822768926620475
leaf_count=469 23 60 21 323 37 25 15
internal_value=-0.0021232 0.0268312 -0.0153422 -0.00614694 0.0081565 -0.0158685 0.0564565
internal_weight=191.687 21.9386 8.90295 169.749 67.7124 102.036 13.0356
internal_count=973 119 44 854 360 494 75
is_linear=0
shrinkage=0.05


Tree=37
num_leaves=8
num_cat=0
split_feature=28 35 8 25 41 43 1
split_gain=8.76698 16.8075 16.3758 10.1901 4.03417 3.88761 1.82513
threshold=0.56103912662061073 2.2844213354457739 0.87167787732512658 2.3025161454349985 0.0017193534177073705 0.042433570722379292 0.91919041341846752
decision_type=2 2 2 2 2 2 2
left_child=1 3 4 -1 -2 -3 -4
right_child=2 5 6 -5 -6 -7 -8
leaf_value=0.0016814348297868181 -0.0023078365533030828 0.006653188621727528 0.05466803459167633 -0.032921885576841593 -0.074613847343163162 0.062225341127716917 0
leaf_weight=130.08737986534834 3.2624855786561993 5.9517551064491299 3.194173350930213 24.187801226973534 10.732551038265226 11.816496416926382 1.7767211794853208
leaf_count=668 17 32 18 114 45 69 10
internal_value=-0.00199016 0.00150221 -0.0334107 -0.00375987 -0.0607033 0.0462889 0.0365393
internal_weight=191.009 172.043 18.9659 154.275 13.995 17.7683 4.97089
internal_count=973 883 90 782 62 101 28
is_linear=0
shrinkage=0.05


Tree=38
num_leaves=5
num_cat=0
split_feature=16 28 8 24
split_gain=8.28432 9.14406 15.1799 11.2554
threshold=1.3096865695576361 0.56103912662061073 0.87167787732512658 0.10508374171086059
decision_type=2 2 2 2
left_child=1 3 -3 -1
right_child=-2 2 -4 -5
leaf_value=0.011640417732091622 -0.058861923696906571 -0.0585745088382984 0.035367251647430389 -0.017605013693438303
leaf_weight=123.13322478532791 5.1732476800680152 13.854327440261843 4.9236992895603171 43.376787848770618
leaf_count=642 25 62 28 216
internal_value=-0.00188153 0 -0.0321357 0.00381296
internal_weight=190.461 185.288 18.778 166.51
internal_count=973 948 90 858
is_linear=0
shrinkage=0.05


Tree=39
num_leaves=8
num_cat=0
split_feature=34 11 17 40 28 34 28
split_gain=8.10624 15.4629 15.0542 15.2221 13.5905 10.1801 2.05718
threshold=-0.16359156423814816 -0.25752111539222072 19.069297018280199 0.0047604092513020757 -0.28394875432503686 -0.29964411843864625 -0.47892220311547923
decision_type=2 2 2 2 2 2 2
left_child=1 4 6 -4 -1 -3 -2
right_child=2 5 3 -5 -6 -7 -8
leaf_value=0.036095362707086756 0 0.0080935546670095129 -0.030101417283198928 0.0034967163672623559 -0.042334372814739965 0.069188702810120281 0.070792123116679012
leaf_weight=7.2250734120607403 2.0727859139442444 15.520755380392076 62.591093868017197 68.897028461098671 15.034528762102125 13.423245340585707 5.3369972035288802
leaf_count=44 14 78 316 347 70 74 30
internal_value=-0.00181556 0.0148402 -0.00819647 -0.0124145 -0.0153453 0.0386267 0.0562563
internal_weight=190.102 51.2036 138.898 131.488 22.2596 28.944 7.40978
internal_count=973 266 707 663 114 152 44
is_linear=0
shrinkage=0.05


Tree=40
num_leaves=7
num_cat=0
split_feature=4 33 34 6 35 1
split_gain=8.05158 9.77392 14.4255 12.6695 8.34627 4.2588
threshold=0.11846159078830736 -2.7397354797822113 -0.16359156423814816 0.60672837622941944 -2.4493163616946805 0.66789281328418937
decision_type=2 2 2 2 2 2
left_child=1 3 -3 -1 -2 -6
right_child=4 2 -4 -5 5 -7
leaf_value=-0.010996077340904908 -0.034279665399767283 0.013070806849020159 -0.024788017342251459 0.037672545955767092 0.056990872945439891 0.0014321545351281299
leaf_weight=26.122576653957367 3.4694331884384182 34.208530619740486 83.081116795539856 24.616526074707508 11.858265250921251 6.0860902070999137
leaf_count=133 17 174 408 139 70 32
internal_value=-0.00166696 -0.00551505 -0.0135177 0.0124045 0.0263115 0.0405373
internal_weight=189.443 168.029 117.29 50.7391 21.4138 17.9444
internal_count=973 854 582 272 119 102
is_linear=0
shrinkage=0.05


Tree=41
num_leaves=8
num_cat=0
split_feature=31 31 22 37 16 19 29
split_gain=7.76519 13.2018 10.5076 10.3973 7.595 4.3698 0.671395
threshold=-0.56765905708489717 -0.44408093475308624 0.65974357609407974 86.183769580982329 0.0085632792189905219 0.30299986194533629 0.54310190783352941
decision_type=2 2 2 2 2 2 2
left_child=2 6 5 -3 -4 -1 -2
right_child=1 3 4 -5 -6 -7 -8
leaf_value=0.00014784776771620405 0.00096497625384808045 0.0036260290924388437 0.054816832490987122 -0.039011447399766329 -0.017307934939701022 -0.055952804479108213 0.061464465504395771
leaf_weight=3.234735086560252 1.4201054126024235 131.17483201622963 4.8088078051805487 15.001929253339766 8.2863683104515058 16.385601460933685 8.5224646478891355
leaf_count=17 7 666 28 71 43 83 58
internal_value=-0.00156354 0.00297634 -0.0234152 -0.000815269 0.00941404 -0.0459327 0.0559858
internal_weight=188.835 156.119 32.7155 146.177 13.0952 19.6203 9.94257
internal_count=973 802 171 737 71 100 65
is_linear=0
shrinkage=0.05


Tree=42
num_leaves=6
num_cat=0
split_feature=21 41 29 19 43
split_gain=7.63871 9.04566 15.7435 14.2003 7.37767
threshold=0.91196835655328246 0.0021717968468723719 0.85738188977365104 0.76306270564127321 0.037844768822422305
decision_type=2 2 2 2 2
left_child=1 2 -1 -3 -2
right_child=4 3 -4 -5 -6
leaf_value=0.0095706088627110705 -0.026898673437558942 -0.037419473308316874 -0.025012736880177973 0.028426578191352764 0.065732761403853077
leaf_weight=54.300140395760536 1.9055885374546031 9.1861476302146894 78.15686060488224 37.814150966703892 6.6618121862411499
leaf_count=273 9 42 388 222 39
internal_value=-0.00147073 -0.00389832 -0.0106826 0.0145248 0.0418583
internal_weight=188.025 179.457 132.457 47.0003 8.5674
internal_count=973 925 661 264 48
is_linear=0
shrinkage=0.05


Tree=43
num_leaves=5
num_cat=0
split_feature=16 3 28 39
split_gain=7.6031 8.4852 16.5015 12.8616
threshold=1.3096865695576361 -3.1942479548174556 -0.63333661784705286 0.16900258299231377
decision_type=2 2 2 2
left_child=1 2 -1 -3
right_child=-2 3 -4 -5
leaf_value=-0.053543298914871799 -0.057091276067384712 -0.027713851103311177 0.037041208900253003 0.0044021139629784678
leaf_weight=4.9055511355400077 4.9387499392032614 42.688261859118938 29.677166111767292 105.26945403963327
leaf_count=22 25 204 167 555
internal_value=-0.00138951 0.000284171 0.0223456 -0.00481989
internal_weight=187.479 182.54 34.5827 147.958
internal_count=973 948 189 759
is_linear=0
shrinkage=0.05


Tree=44
num_leaves=7
num_cat=0
split_feature=34 34 9 17 11 37
split_gain=7.2409 9.56445 20.1791 14.6157 6.11782 6.92619
threshold=0.34781681515405255 -0.16359156423814816 0.36770377442325797 19.069297018280199 -0.93809488491908855 81.788682247958789
decision_type=2 2 2 2 2 2
left_child=1 2 -1 -3 -2 -6
right_child=4 3 -4 -5 5 -7
leaf_value=-0.017827290317458347 -0.036210492015912782 0.053300554162287433 0.043939791651765023 -0.016956276941727341 0.057989945581343516 -0.016920621879840527
leaf_weight=24.818536505103111 1.9203820079565073 6.8076588809490195 25.569964587688446 113.21146379411221 11.627971135079859 2.9648763388395301
leaf_count=121 10 39 145 572 71 15
internal_value=-0.00135049 -0.00459865 0.0132754 -0.0123571 0.0290899 0.0410577
internal_weight=186.921 170.408 50.3885 120.019 16.5132 14.5928
internal_count=973 877 266 611 96 86
is_linear=0
shrinkage=0.05


Tree=45
num_leaves=8
num_cat=0
split_feature=4 26 34 19 12 0 14
split_gain=7.22219 10.3395 8.87286 8.83082 14.4866 14.4516 1.64766
threshold=0.11846159078830736 0.027551480192828274 -0.03514737800310936 1.9136328807533738 0.72643799835504363 9.9394285714286088 -0.27076318352814138
decision_type=2 2 2 2 2 2 2
left_child=3 2 -2 4 -1 -5 -3
right_child=1 6 -4 5 -6 -7 -8
leaf_value=-0.021599613617206831 0.03441032513381747 0 -0.056692557539528954 -0.019415387576804791 0.03787207961675116 0.026834056698360947 0.059768661330229546
leaf_weight=86.747729226946831 3.8253135979175568 1.4904140532016743 4.6895308196544665 26.434404447674751 10.404700949788092 41.832235530018806 10.882832944393156
leaf_count=424 23 7 21 134 55 241 68
internal_value=-0.00126659 0.0255593 -0.0138219 -0.00493744 -0.0146547 0.00854254 0.0535365
internal_weight=186.307 20.8881 8.51484 165.419 97.1524 68.2666 12.3732
internal_count=973 119 44 854 479 375 75
is_linear=0
shrinkage=0.05


Tree=46
num_leaves=7
num_cat=0
split_feature=31 31 24 27 25 23
split_gain=7.12455 11.6854 9.76804 7.4738 5.00421 0.999344
threshold=-0.56765905708489717 -0.44408093475308624 -0.46554203024833213 23.657037571715694 -2.6281828381801509 5.7357130797074669
decision_type=2 2 2 2 2 2
left_child=3 5 -3 -1 -5 -2
right_child=1 2 -4 4 -6 -7
leaf_value=0.042430430462710618 0.060645924188414739 -0.048705232832583573 0.0029278910930947842 -0.055444101396746763 -0.010773328902632183 0
leaf_weight=2.7973812073469189 8.0397730842232686 8.8091061115264875 135.51701398193836 11.604557171463972 17.311200752854344 1.4813087433576573
leaf_count=20 57 39 698 58 93 8
internal_value=-0.00117528 0.00316917 -0.000365026 -0.0224679 -0.0307905 0.0540614
internal_weight=185.56 153.847 144.326 31.7131 28.9158 9.52108
internal_count=973 802 737 171 151 65
is_linear=0
shrinkage=0.05


Tree=47
num_leaves=8
num_cat=0
split_feature=4 35 32 18 43 45 36
split_gain=7.0435 8.62729 10.4524 8.78643 8.2542 7.12131 2.65102
threshold=-0.39402545414229229 2.2844213354457739 0.63831827806601471 0.59932946805004506 0.04782510926932567 6.0955000000000013 0.066349075108249167
decision_type=2 2 2 2 2 2 2
left_child=4 2 -2 -3 5 -1 -6
right_child=1 3 -4 -5 6 -7 -8
leaf_value=-0.051857311693558242 -0.027341105848136673 0.044892829618054797 0.0053159540895826828 -0.029037062138178932 0.053806998102460257 0.0202861318699517 -0.0051531887301622904
leaf_weight=17.350864246487625 30.609849244356155 18.878991693258289 106.17617002874613 3.8674472421407691 2.6713964641094199 3.0808812752366057 2.2612355053424835
leaf_count=83 151 110 562 18 15 20 14
internal_value=-0.00111092 0.00268845 -0.00195597 0.0305767 -0.0251514 -0.0393734 0.0262516
internal_weight=184.897 159.532 136.786 22.7464 25.3644 20.4317 4.93263
internal_count=973 841 713 128 132 103 29
is_linear=0
shrinkage=0.05


Tree=48
num_leaves=8
num_cat=0
split_feature=24 24 41 19 40 6 39
split_gain=7.24849 12.6078 13.3717 11.3489 21.1326 11.357 5.64448
threshold=0.096538913720307276 0.20519200229056384 0.0026324208222930261 1.8190839698281931 0.0047604092513020757 0.35085241950370177 1.8305057810439571
decision_type=2 2 2 2 2 2 2
left_child=3 6 -3 5 -5 -1 -2
right_child=1 2 -4 4 -6 -7 -8
leaf_value=0.016160305851576504 -0.015254890513553219 -0.013882814821864068 0.059727953470191844 -0.0054609591873358019 0.058267018108938973 -0.021569964867409069 -0.066019079750497756
leaf_weight=32.030207954347134 13.794603779911997 21.271976009011272 7.4396989420056334 26.932929299771786 22.815152861177921 48.131125181913376 11.840721875429152
leaf_count=169 66 107 52 149 135 240 55
internal_value=-0.00104944 -0.0163249 0.00571789 0.0052259 0.0238452 -0.00617262 -0.0412393
internal_weight=184.256 54.347 28.7117 129.909 49.7481 80.1613 25.6353
internal_count=973 280 159 693 284 409 121
is_linear=0
shrinkage=0.05


Tree=49
num_leaves=5
num_cat=0
split_feature=16 3 6 22
split_gain=6.68234 7.47539 14.2897 11.7211
threshold=1.3096865695576361 -3.1942479548174556 0.70095432583354322 0.70896301585259069
decision_type=2 2 2 2
left_child=1 2 -1 -3
right_child=-2 3 -4 -5
leaf_value=-0.00093363959516781087 -0.054429966873753857 -0.0094105465860119548 0.065245117413295847 0.035161527505321206
leaf_weight=22.503417074680328 4.6828169375658026 129.45568270236254 11.166862070560454 15.503387764096258
leaf_count=124 25 679 65 80
internal_value=-0.00100268 0.000553972 0.0215425 -0.00426404
internal_weight=183.312 178.629 33.6703 144.959
internal_count=973 948 189 759
is_linear=0
shrinkage=0.05


Tree=50
num_leaves=6
num_cat=0
split_feature=21 5 5 0 21
split_gain=6.62111 8.57469 13.1391 6.12835 5.68743
threshold=0.91196835655328246 3.0632053582737488 2.6038657786866786 18.506714285714292 0.85918805374029961
decision_type=2 2 2 2 2
left_child=1 2 -1 -2 -3
right_child=3 4 -4 -5 -6
leaf_value=-0.0044459012520086097 0.062600439531451821 -0.06570887709967338 0.047864211992068882 -0.022558397939515858 0.0093060100261921474
leaf_weight=152.62739884108305 6.3354438543319684 7.6119443923234922 12.015644699335096 1.8553520441055296 2.4948631972074509
leaf_count=809 39 34 67 9 15
internal_value=-0.000943765 -0.00323407 -0.000211471 0.0402348 -0.0457699
internal_weight=182.941 174.75 164.643 8.1908 10.1068
internal_count=973 925 876 48 49
is_linear=0
shrinkage=0.05


Tree=51
num_leaves=7
num_cat=0
split_feature=34 39 5 5 22 34
split_gain=6.39024 21.2561 11.0722 20.4023 3.66154 0.399791
threshold=0.31484917876242119 3.3037776460132267 3.0632053582737488 2.6038657786866786 0.69354759660433596 -0.083993622890625744
decision_type=2 2 2 2 2 2
left_child=2 4 3 -1 -2 -4
right_child=1 -3 5 -5 -6 -7
leaf_value=-0.0066741038010383951 0.064650800000948472 -0.051706381799584693 -0.01117535602150733 0.058140085662523378 0 -0.063373830037115539
leaf_weight=139.78134783357382 12.778069950640203 5.578938513994216 2.242606520652771 12.273575901985167 3.0269324481487265 6.812533423304556
leaf_count=731 81 29 13 71 17 31
internal_value=-0.000883919 0.0239911 -0.0044674 -0.000933407 0.0536858 -0.0553297
internal_weight=182.494 21.3839 161.11 152.055 15.805 9.05514
internal_count=973 127 846 802 98 44
is_linear=0
shrinkage=0.05


Tree=52
num_leaves=8
num_cat=0
split_feature=24 24 41 19 38 24 39
split_gain=6.35792 11.2767 12.1482 10.318 18.6864 9.92918 5.14464
threshold=0.096538913720307276 0.20519200229056384 0.0026324208222930261 1.8190839698281931 0.0047604092513020757 -0.46170686328273508 1.8305057810439571
decision_type=2 2 2 2 2 2 2
left_child=3 6 -3 5 -5 -1 -2
right_child=1 2 -4 4 -6 -7 -8
leaf_value=-0.054445874381591555 -0.014143109758036078 -0.012897080337241896 0.058075713734951906 -0.0045234227326522011 0.055953081157562895 0.00017797909053020235 -0.063034515693606227
leaf_weight=8.2917976379394513 13.693665996193888 21.069414660334591 7.1966622173786154 26.643383912742138 22.164161056280136 71.148462317883968 11.557441666722296
leaf_count=39 66 107 52 149 135 370 55
internal_value=-0.000847898 -0.015279 0.00568563 0.00505234 0.0230098 -0.00581872 -0.0390218
internal_weight=181.765 53.5172 28.2661 128.248 48.8075 79.4403 25.2511
internal_count=973 280 159 693 284 409 121
is_linear=0
shrinkage=0.05


Tree=53
num_leaves=8
num_cat=0
split_feature=4 26 34 37 7 12 1
split_gain=6.12883 8.57946 7.46632 7.45735 15.1529 10.215 1.82241
threshold=0.11846159078830736 0.027551480192828274 -0.03514737800310936 81.788682247958789 70.851419503972934 0.58871939826481923 0.69001164874220555
decision_type=2 2 2 2 2 2 2
left_child=3 2 -2 5 -5 -1 -3
right_child=1 6 -4 4 -6 -7 -8
leaf_value=0.030340746339906761 0.032058064613989905 0.064195590069847513 -0.053018865855154453 -0.049790192151358867 0.048256288258868518 -0.0058647434957987557 0.010519051464226388
leaf_weight=22.359964974224567 3.7011773362755775 7.8903398215770704 4.399246498942377 18.426022946834568 3.8462070673704138 116.26283299922943 3.9822501242160797
leaf_count=143 23 52 21 91 22 598 23
internal_value=-0.000823373 0.0244399 -0.0121479 -0.00424549 -0.0304382 0 0.0503496
internal_weight=180.868 19.973 8.10042 160.895 22.2722 138.623 11.8726
internal_count=973 119 44 854 113 741 75
is_linear=0
shrinkage=0.05


Tree=54
num_leaves=5
num_cat=0
split_feature=16 3 28 45
split_gain=6.15454 6.71235 13.5678 9.83549
threshold=1.3096865695576361 -3.1942479548174556 -0.63333661784705286 4.6720000000000015
decision_type=2 2 2 2
left_child=1 2 -1 -3
right_child=-2 3 -4 -5
leaf_value=-0.04935716634013726 -0.052736139615044003 -0.0096863578296850043 0.034411707797799694 0.025690651993023741
leaf_weight=4.658972516655921 4.5329264700412741 120.24717707186937 28.461039684712887 22.240695714950562
leaf_count=22 25 618 167 141
internal_value=-0.000743434 0.000748092 0.0207941 -0.00384963
internal_weight=180.141 175.608 33.12 142.488
internal_count=973 948 189 759
is_linear=0
shrinkage=0.05


Tree=55
num_leaves=7
num_cat=0
split_feature=7 7 0 31 27 19
split_gain=5.98051 9.80606 10.6793 8.15266 4.58433 3.78405
threshold=26.496797686059477 34.524603166469547 7.9205000000000618 0.60284506005544269 29.119536319277042 1.9064470137039173
decision_type=2 2 2 2 2 2
left_child=4 2 -2 -3 5 -1
right_child=1 3 -4 -5 -6 -7
leaf_value=0 -0.049965397998179985 -0.008638321047392877 0.045904690851403453 0.021252282352673377 0.014524267953003912 -0.060839214764080607
leaf_weight=2.8985056281089774 2.3099765628576305 116.7230863943696 19.15147353708744 27.067626491189003 3.044095665216445 8.3260477185249311
leaf_count=18 11 607 120 156 18 43
internal_value=-0.000722954 0.00189011 0.0327077 -0.00273104 -0.0307652 -0.0452761
internal_weight=179.521 165.252 21.4615 143.791 14.2686 11.2246
internal_count=973 894 131 763 79 61
is_linear=0
shrinkage=0.05


Tree=56
num_leaves=8
num_cat=0
split_feature=28 35 8 34 24 41 22
split_gain=6.06422 12.1412 10.8326 8.44507 6.30488 3.07049 1.26191
threshold=0.56103912662061073 2.2844213354457739 0.87167787732512658 0.33823411316231239 0.15921426285212906 0.0017193534177073705 0.60406848913040434
decision_type=2 2 2 2 2 2 2
left_child=1 3 5 -1 -3 -2 -4
right_child=2 4 6 -5 -6 -7 -8
leaf_value=-0.0062041013447421455 0 0.057246502991657428 0 0.035813944096934384 -0.010065953313462725 -0.064218923226676369 0.046633870728206378
leaf_weight=133.51488978415728 2.8928458690643337 12.931333266198637 1.5022555738687504 12.046897977590559 3.4963683784008017 9.661947548389433 2.8591381013393402
leaf_count=706 17 84 10 76 17 45 18
internal_value=-0.000688405 0.00220859 -0.0284003 -0.00233542 0.0417301 -0.0517456 0.0312561
internal_weight=178.906 161.989 16.9162 145.562 16.4277 12.5548 4.36139
internal_count=973 883 90 782 101 62 28
is_linear=0
shrinkage=0.05


Tree=57
num_leaves=6
num_cat=0
split_feature=39 39 18 20 31
split_gain=5.96597 7.59533 12.0001 9.61968 2.49872
threshold=-1.2210986499626524 0.16900258299231377 -0.21765285247445282 8.7600000000000904 -1.0000000180025095e-35
decision_type=2 2 2 2 2
left_child=4 2 -2 -3 -1
right_child=1 3 -4 -5 -6
leaf_value=0 0.047694281376826936 -0.0097883790626485216 -0.029341651894825627 0.017377047321783301 0.062748043621284985
leaf_weight=1.5915477126836775 4.6257012933492652 64.143994927406311 40.488004833459854 63.305501915514469 4.1045201271772376
leaf_count=8 27 341 201 372 24
internal_value=-0.000639741 -0.00255945 -0.0200377 0.00354058 0.0454816
internal_weight=178.259 172.563 45.1137 127.449 5.69607
internal_count=973 941 228 713 32
is_linear=0
shrinkage=0.05


Tree=58
num_leaves=8
num_cat=0
split_feature=4 24 32 24 43 16 0
split_gain=5.79702 8.56771 12.2931 10.9976 6.6977 5.71368 2.36475
threshold=-0.39402545414229229 0.10608749688115569 0.64181076646410395 0.20519200229056384 0.04782510926932567 0.42841106328812278 7.1145714285713835
decision_type=2 2 2 2 2 2 2
left_child=4 2 -2 -3 5 -1 -6
right_child=1 3 -4 -5 6 -7 -8
leaf_value=-0.050320903961022935 -0.013963351944498251 -0.043705497311455149 0.021658094120123785 0.0052123113424975345 -0.0059131534884815824 0.0087634424850678693 0.050635160269634161
leaf_weight=15.034398809075361 33.619317121803761 18.524316295981407 76.105379953980446 25.641400657594204 2.0992242395877829 4.2369568422436705 2.5447955578565598
leaf_count=76 179 89 427 146 14 27 15
internal_value=-0.000574419 0.00288654 0.0104905 -0.015265 -0.0230704 -0.036306 0.0241256
internal_weight=177.806 153.89 109.725 44.1657 23.9154 19.2714 4.64402
internal_count=973 841 606 235 132 103 29
is_linear=0
shrinkage=0.05


Tree=59
num_leaves=5
num_cat=0
split_feature=21 22 33 0
split_gain=5.77793 8.02576 8.45418 4.78305
threshold=0.91196835655328246 0.73367466616274213 -2.7397354797822113 18.506714285714292
decision_type=2 2 2 2
left_child=1 2 -1 -2
right_child=3 -3 -4 -5
leaf_value=0.01080959088163295 0.059281400887925551 0.057803358916873521 -0.01284485475062778 -0.017257431756810503
leaf_weight=55.379624336957932 5.9397555515170088 4.254431188106536 109.96190460026264 1.7407203912734983
leaf_count=321 39 23 581 9
internal_value=-0.000549845 -0.00270889 -0.00475437 0.0390648
internal_weight=177.276 169.596 165.342 7.68048
internal_count=973 925 902 48
is_linear=0
shrinkage=0.05


Tree=60
num_leaves=5
num_cat=0
split_feature=16 27 38 44
split_gain=5.63104 6.15217 12.8823 7.88461
threshold=1.3096865695576361 23.657037571715694 0.18386111508208072 -0.58224186659220545
decision_type=2 2 2 2
left_child=1 2 -1 -3
right_child=-2 3 -4 -5
leaf_value=0.055978238434459072 -0.050982294296590375 -0.027361217394763382 -0.050192118509500186 0.0028816874199034483
leaf_weight=11.14149174839258 4.3727303445339194 24.500510171055794 2.6487108767032614 134.20524407923222
leaf_count=79 25 132 11 726
internal_value=-0.000480675 0.000941907 0.0318808 -0.00177267
internal_weight=176.869 172.496 13.7902 158.706
internal_count=973 948 90 858
is_linear=0
shrinkage=0.05


Tree=61
num_leaves=8
num_cat=0
split_feature=34 9 27 34 23 41 6
split_gain=5.41228 17.2199 13.6255 12.4347 12.2181 8.5405 8.36678
threshold=-0.16359156423814816 0.36770377442325797 28.825106456141352 0.013940611203942327 -1.3470265561720678 0.00047069085239919876 0.50333413017310791
decision_type=2 2 2 2 2 2 2
left_child=1 6 -3 5 -5 -2 -1
right_child=3 2 -4 4 -6 -7 -8
leaf_value=0.022176200144547197 0.052432521549756195 -0.019955908830367065 0.062554241846766598 0.027928493745876078 -0.010367454073191949 -0.03265907040739522 -0.036517500075984657
leaf_weight=8.1013372987508792 2.0648387819528571 5.6136993691325214 18.759231269359589 34.143146391957998 49.167419910430908 42.498863480985165 15.895152285695074
leaf_count=45 12 31 114 205 275 215 76
internal_value=-0.00047755 0.0134477 0.0425273 -0.00600235 0.00517594 -0.0271035 -0.0156076
internal_weight=176.244 48.3694 24.3729 127.874 83.3106 44.5637 23.9965
internal_count=973 266 145 707 480 227 121
is_linear=0
shrinkage=0.05


Tree=62
num_leaves=8
num_cat=0
split_feature=4 34 19 32 31 19 31
split_gain=5.42984 6.34391 8.05899 5.65494 4.94565 3.70423 2.05483
threshold=0.11846159078830736 0.31484917876242119 1.9136328807533738 0.68056347624871616 -0.58224186659220545 2.0607393455273217 0.70432015349745769
decision_type=2 2 2 2 2 2 2
left_child=1 2 -1 5 -3 -2 -5
right_child=3 4 -4 6 -6 -7 -8
leaf_value=-0.017087058959168074 0.02066252652841169 -0.017487035554501217 0.0073045312384055171 0.056046675804441171 0.037664260248681553 -0.037514191197748965 0
leaf_weight=84.907863959670067 5.0394776985049266 4.2286074981093433 53.444335453212261 8.7539133206009847 13.754255123436449 3.817005455493927 1.5251216515898693
leaf_count=432 31 27 309 58 86 21 9
internal_value=-0.000428066 -0.00369242 -0.00750058 0.0238586 0.0231406 -0.00313653 0.0475503
internal_weight=175.471 156.335 138.352 19.1355 17.9829 8.85648 10.279
internal_count=973 854 741 119 113 52 67
is_linear=0
shrinkage=0.05


Tree=63
num_leaves=5
num_cat=0
split_feature=16 28 35 28
split_gain=5.44677 5.9416 10.1108 6.85278
threshold=1.3096865695576361 0.56103912662061073 2.2844213354457739 0.78422950265562685
decision_type=2 2 2 2
left_child=1 2 -1 -3
right_child=-2 3 -4 -5
leaf_value=-4.8694397549672583e-05 -0.050436815293299235 -0.043928744924883856 0.040600262330030147 0.025285672916262589
leaf_weight=138.34540621936321 4.2928637266159049 12.689820274710657 16.033985562622547 3.6055330187082282
leaf_count=757 25 66 101 24
internal_value=-0.0003812 0.00101865 0.00424637 -0.0265923
internal_weight=174.968 170.675 154.379 16.2954
internal_count=973 948 858 90
is_linear=0
shrinkage=0.05


Tree=64
num_leaves=7
num_cat=0
split_feature=7 7 2 44 28 7
split_gain=5.35002 7.90143 8.35293 6.75796 4.88125 3.41127
threshold=26.496797686059477 34.524603166469547 0.68765527030734741 0.60284506005544269 -0.078212678945286204 19.367962096689833
decision_type=2 2 2 2 2 2
left_child=4 2 -2 -3 5 -1
right_child=1 3 -4 -5 -6 -7
leaf_value=0.00064709844600234847 0.048529443080835587 -0.0074745091322633295 -0.019007570531080063 0.020158235996929758 0.026381016487585257 -0.055282061680823724
leaf_weight=2.5119318813085547 15.380455657839777 113.96471674740314 5.1048658266663542 26.197168901562691 2.0510958284139624 9.2347715422511083
leaf_count=14 101 607 30 156 13 52
internal_value=-0.000371614 0.0021209 0.0304345 -0.00202645 -0.0292635 -0.0422483
internal_weight=174.445 160.647 20.4853 140.162 13.7978 11.7467
internal_count=973 894 131 763 79 66
is_linear=0
shrinkage=0.05


Tree=65
num_leaves=8
num_cat=0
split_feature=34 16 29 17 34 24 10
split_gain=5.15089 12.9289 13.3925 11.0724 11.0123 4.90524 1.98549
threshold=-0.16359156423814816 0.084154824940525827 1.9816117539719695 19.069297018280199 0.013940611203942327 -0.092616020339008384 13.360571428571495
decision_type=2 2 2 2 2 2 2
left_child=1 2 -1 6 -5 -3 -2
right_child=3 5 -4 4 -6 -7 -8
leaf_value=-0.029500083892737512 0.064879795194019249 0.01408581484542407 0.041985115807868199 -0.030178610342586839 0.0011844568232001473 0.069716631144505978 0
leaf_weight=20.354466512799267 5.0925721973180762 9.7913110107183474 8.3228876665234548 41.432123921811581 77.880017727613449 9.200452119112013 1.7957513481378553
leaf_count=100 30 56 58 214 449 52 14
internal_value=-0.00033503 0.0133475 -0.00719525 -0.0057641 -0.00965915 0.0444256 0.0512043
internal_weight=173.87 47.6691 28.6774 126.2 119.312 18.9918 6.88832
internal_count=973 266 158 707 663 108 44
is_linear=0
shrinkage=0.05


Tree=66
num_leaves=5
num_cat=0
split_feature=16 37 7 12
split_gain=5.11772 5.62681 18.1938 11.2102
threshold=1.3096865695576361 81.788682247958789 70.851419503972934 0.58871939826481923
decision_type=2 2 2 2
left_child=1 3 -3 -1
right_child=-2 2 -4 -5
leaf_value=0.039544983348358417 -0.049298467035778198 -0.046162322820229022 0.053315274488939891 -0.0004316789924482416
leaf_weight=19.12142800539732 4.1840318143367758 17.388704687356952 5.0184382498264304 127.52918835729361
leaf_count=130 25 91 30 697
internal_value=-0.000248719 0.00110096 -0.0214888 0.00484399
internal_weight=173.242 169.058 22.4071 146.651
internal_count=973 948 121 827
is_linear=0
shrinkage=0.05


Tree=67
num_leaves=6
num_cat=0
split_feature=39 39 3 3 31
split_gain=5.13201 6.32166 29.1841 10.0623 2.12284
threshold=-1.2210986499626524 0.16900258299231377 -1.4184244602324723 3.2196498102200626 -1.0000000180025095e-35
decision_type=2 2 2 2 2
left_child=4 2 -2 -3 -1
right_child=1 3 -4 -5 -6
leaf_value=0 0.040598938794764755 -0.0062370832156710167 -0.045155483262990702 0.02370901990326715 0.059378678787358898
leaf_weight=1.5446859449148176 13.308812975883482 82.468372881412506 30.532634206116199 40.822045534849167 3.9437884986400595
leaf_count=8 77 467 151 246 24
internal_value=-0.000239113 -0.00206379 -0.0182409 0.00358805 0.0432264
internal_weight=172.62 167.132 43.8414 123.29 5.48847
internal_count=973 941 228 713 32
is_linear=0
shrinkage=0.05


Tree=68
num_leaves=6
num_cat=0
split_feature=4 31 34 3 7
split_gain=5.03027 6.49054 8.5049 7.5366 2.15271
threshold=0.2640395218492505 -0.58224186659220545 0.1584063348081364 2.3888027698940282 32.552229032813258
decision_type=2 2 2 2 2
left_child=1 3 -3 -1 -2
right_child=4 2 -4 -5 -6
leaf_value=-0.045442663498162943 -0.0032376850522226534 -0.0055046549242595902 0.021837138331893866 0.0068221220996156021 0.049965314118833551
leaf_weight=15.874336987733843 1.3193483501672734 100.64156117290258 38.24200452119112 10.026514329016207 5.8566369116306305
leaf_count=90 7 538 237 61 40
internal_value=-0.000197008 -0.00222674 0.00194756 -0.0247795 0.0379263
internal_weight=171.96 164.784 138.884 25.9009 7.17599
internal_count=973 926 775 151 47
is_linear=0
shrinkage=0.05


Tree=69
num_leaves=8
num_cat=0
split_feature=34 9 27 17 40 39 9
split_gain=5.01568 14.709 12.6096 10.1867 9.77496 9.59592 2.11406
threshold=-0.16359156423814816 0.36770377442325797 28.825106456141352 19.069297018280199 0.0047604092513020757 3.1274973411409031 -0.57911016675873184
decision_type=2 2 2 2 2 2 2
left_child=1 5 -3 6 -5 -1 -2
right_child=3 2 -4 4 -6 -7 -8
leaf_value=-0.027851416549691269 0 -0.019933952400846094 0.060455950931911431 -0.02474169516152698 0.0036973078284042215 0.052704959570225252 0.062071554952514568
leaf_weight=20.111578829586509 1.4681083858013151 5.4425329491496113 18.113293938338757 54.416011936962605 63.20072965323925 3.3688417226076117 5.3042920008301726
leaf_count=99 8 31 114 316 347 22 36
internal_value=-0.000174135 0.013414 0.0408085 -0.00557771 -0.00934705 -0.0135916 0.0494482
internal_weight=171.425 47.0362 23.5558 124.389 117.617 23.4804 6.7724
internal_count=973 266 145 707 663 121 44
is_linear=0
shrinkage=0.05


Tree=70
num_leaves=8
num_cat=0
split_feature=24 24 24 22 31 36 39
split_gain=4.93673 8.56365 8.54071 7.80393 7.21417 5.84055 4.55636
threshold=0.096538913720307276 0.20519200229056384 -0.25935626792035621 0.65364021120271099 0.021779758481902969 0.0082587084111611156 1.8305057810439571
decision_type=2 2 2 2 2 2 2
left_child=2 6 4 -4 -1 -3 -2
right_child=1 5 3 -5 -6 -7 -8
leaf_value=-0.035712544098160041 -0.011045681286149899 0.02902233054271432 0 0.030712640979576218 0.0064414643773229863 -0.01608514593021295 -0.058250148144966332
leaf_weight=18.437320925295353 13.137443333864214 12.972037341445686 45.385627061128616 37.771652698516846 19.026346765458584 13.221520923078058 10.575522780418394
leaf_count=105 66 85 267 218 103 74 55
internal_value=-0.000119818 -0.013332 0.00520581 0.0142387 -0.0140433 0.00558021 -0.0346148
internal_weight=170.527 49.9065 120.621 83.1573 37.4637 26.1936 23.713
internal_count=973 280 693 485 208 159 121
is_linear=0
shrinkage=0.05


Tree=71
num_leaves=8
num_cat=0
split_feature=4 26 34 37 37 10 14
split_gain=4.781 6.89897 5.76745 5.6651 8.62617 6.77619 1.45295
threshold=0.11846159078830736 0.027551480192828274 -0.03514737800310936 81.788682247958789 79.891245631613245 5.3787857142856739 -0.27076318352814138
decision_type=2 2 2 2 2 2 2
left_child=3 2 -2 4 -1 -5 -3
right_child=1 6 -4 5 -6 -7 -8
leaf_value=-0.0019743382791208865 0.028599398490530122 0 -0.04838211813105197 -0.052628835893062179 0.06217331224640419 0.0012499026082698123 0.053943827516863198
leaf_weight=126.57496773079038 3.4556743279099464 1.4763272702693946 4.0119027197361019 10.791832491755487 4.4579122364521018 9.743823289871214 9.4034310877323115
leaf_count=713 23 7 21 55 28 58 68
internal_value=-0.000129804 0.0231306 -0.0106355 -0.00324249 0.000473067 -0.0270325 0.0473556
internal_weight=169.916 18.3473 7.46758 151.569 131.033 20.5357 10.8798
internal_count=973 119 44 854 741 113 75
is_linear=0
shrinkage=0.05


Tree=72
num_leaves=8
num_cat=0
split_feature=28 35 8 11 24 41 4
split_gain=4.99344 9.66317 8.39917 7.48015 5.74099 2.82031 0.938432
threshold=0.56103912662061073 2.2844213354457739 0.87167787732512658 0.6859563569777325 0.15921426285212906 0.0017193534177073705 -1.0000000180025095e-35
decision_type=2 2 2 2 2 2 2
left_child=1 3 5 -1 -3 -2 -4
right_child=2 4 6 -5 -6 -7 -8
leaf_value=0.0028707555259880058 0 0.054400784373059521 0 -0.030505022175613513 -0.010938616015277925 -0.059876428130447239 0.041916295493413823
leaf_weight=120.0423738732934 2.6723967194557181 12.05929124355316 1.3029191270470621 18.39399166405201 3.3411263376474372 8.9217356741428357 2.5896976292133322
leaf_count=687 17 84 10 95 17 45 18
internal_value=-9.56833e-05 0.00254344 -0.0263918 -0.00157155 0.0388984 -0.0475877 0.028453
internal_weight=169.324 153.837 15.4867 138.436 15.4004 11.5941 3.89262
internal_count=973 883 90 782 101 62 28
is_linear=0
shrinkage=0.05


Tree=73
num_leaves=5
num_cat=0
split_feature=16 24 19 24
split_gain=4.65496 5.01938 8.98466 7.46225
threshold=1.3096865695576361 0.096538913720307276 1.5035592626047294 0.20519200229056384
decision_type=2 2 2 2
left_child=1 2 -1 -3
right_child=-2 3 -4 -5
leaf_value=-0.0047273201988494344 -0.047890790352789717 -0.032474793745112134 0.022943491467161178 0.0055667349539968349
leaf_weight=66.627485863864422 3.9714312106370917 22.636266812682152 49.591111198067665 25.867114122956991
leaf_count=364 25 116 309 159
internal_value=-8.87872e-05 0.00119489 0.00696169 -0.0119794
internal_weight=168.693 164.722 116.219 48.5034
internal_count=973 948 673 275
is_linear=0
shrinkage=0.05


Tree=74
num_leaves=6
num_cat=0
split_feature=21 0 20 20 7
split_gain=4.70159 8.9497 6.14666 14.07 6.1947
threshold=0.90449072406380193 19.248571428571562 5.2230714285713677 4.2548928571428961 26.496797686059477
decision_type=2 2 2 2 2
left_child=2 -2 3 -1 -4
right_child=1 -3 4 -5 -6
leaf_value=0.013508283643349798 0.061751080955917304 -0.038920078794847629 -0.034191624208465221 -0.059619744184760785 0.0049988975877345273
leaf_weight=11.218805037438871 6.5353978723287565 2.0141725093126297 9.8864024952054006 12.709712535142897 125.88199613243341
leaf_count=66 45 12 59 68 723
internal_value=-0.000101987 0.0338243 -0.00227303 -0.0251645 0.0017332
internal_weight=168.246 8.54957 159.697 23.9285 135.768
internal_count=973 57 916 134 782
is_linear=0
shrinkage=0.05


Tree=75
num_leaves=6
num_cat=0
split_feature=24 22 22 3 12
split_gain=4.59404 6.54292 8.70158 7.16832 3.84156
threshold=-0.46554203024833213 0.70896301585259069 0.70521335412970954 -1.7554278062862065 0.61672013391642722
decision_type=2 2 2 2 2
left_child=4 2 -2 -3 -1
right_child=1 3 -4 -5 -6
leaf_value=0.0050655331667694183 0.00081555774309590974 -0.024988878148391829 -0.061673775238716713 0.048149714396926252 -0.05460226376985116
leaf_weight=3.0298212319612485 138.06210613623261 3.2417862787842759 4.7819105684757224 12.721605651080605 5.8671729117631912
leaf_count=17 813 18 22 74 29
internal_value=-0.000106904 0.00179288 -0.00151678 0.0312257 -0.033298
internal_weight=167.704 158.807 142.844 15.9634 8.89699
internal_count=973 927 835 92 46
is_linear=0
shrinkage=0.05


Tree=76
num_leaves=8
num_cat=0
split_feature=31 31 5 26 19 0 29
split_gain=4.5215 7.24299 6.5145 6.38562 8.98991 5.75695 1.96997
threshold=-0.58224186659220545 -0.44408093475308624 -2.7434317877254055 0.05164062624638998 -0.18185685116407718 9.6410357142856693 0.31709022072751497
decision_type=2 2 2 2 2 2 2
left_child=3 6 -3 5 -5 -1 -2
right_child=1 2 -4 4 -6 -7 -8
leaf_value=-0.022040585893872606 0 0.041037239184832534 -0.0029557656739507528 0.034654589107442277 -0.049160666129400024 0.053393668320148871 0.050304997449020165
leaf_weight=3.7083059921860722 1.4039542973041523 8.0296088978648168 122.60607615113258 2.8190741389989915 16.105540476739403 4.0311869159340858 8.7260271199047548
leaf_count=23 7 57 680 15 95 28 68
internal_value=-0.000121152 0.00333865 0 -0.0187503 -0.0343079 0.0160032 0.0420581
internal_weight=167.43 140.766 130.636 26.6641 18.9246 7.73949 10.13
internal_count=973 812 737 161 110 51 75
is_linear=0
shrinkage=0.05


Tree=77
num_leaves=8
num_cat=0
split_feature=28 35 8 11 43 41 4
split_gain=4.44953 8.64318 7.83762 6.94392 3.56841 2.70476 0.855719
threshold=0.56103912662061073 2.2844213354457739 0.87167787732512658 0.6859563569777325 0.042433570722379292 0.0017193534177073705 -1.0000000180025095e-35
decision_type=2 2 2 2 2 2 2
left_child=1 3 5 -1 -3 -2 -4
right_child=2 4 6 -5 -6 -7 -8
leaf_value=0.0028290650326911315 0 0 0 -0.029569603191791777 0.054115352944719065 -0.058350429160513244 0.040898946249782853
leaf_weight=118.63345480337739 2.6026795580983153 5.2609424144029608 1.2783095985651018 18.095309749245644 9.6270469725131971 8.6421987712383253 2.5299291610717765
leaf_count=687 17 32 10 95 69 45 18
internal_value=-7.58256e-05 0.00240935 -0.0252549 -0.00146077 0.0373802 -0.0461395 0.0279838
internal_weight=166.67 151.617 15.0531 136.729 14.888 11.2449 3.80824
internal_count=973 883 90 782 101 62 28
is_linear=0
shrinkage=0.05


Tree=78
num_leaves=6
num_cat=0
split_feature=4 31 19 3 7
split_gain=4.43492 5.675 6.95476 6.28192 1.48683
threshold=0.2640395218492505 -0.58224186659220545 1.9136328807533738 2.3888027698940282 32.805967837289892
decision_type=2 2 2 2 2
left_child=1 3 -3 -1 -2
right_child=4 2 -4 -5 -6
leaf_value=-0.043024872447969875 0 -0.0070895048644854883 0.015877809761072163 0.0053953807239198329 0.047276019701218669
leaf_weight=15.04736350476742 1.472382828593253 80.829809218645096 53.678129151463509 9.7367417588829976 5.3391412273049355
leaf_count=90 9 428 347 61 38
internal_value=-5.23398e-05 -0.00199305 0.00194111 -0.0235613 0.0365773
internal_weight=166.104 159.292 134.508 24.7841 6.81152
internal_count=973 926 775 151 47
is_linear=0
shrinkage=0.05


Tree=79
num_leaves=6
num_cat=0
split_feature=39 39 3 3 31
split_gain=4.37527 5.0462 24.9734 8.00445 1.91306
threshold=-1.2210986499626524 0.16900258299231377 -1.4184244602324723 3.2196498102200626 -1.0000000180025095e-35
decision_type=2 2 2 2 2
left_child=4 2 -2 -3 -1
right_child=1 3 -4 -5 -6
leaf_value=0 0.038579424806296024 -0.0055365811813473534 -0.042080184472505722 0.021717496476059889 0.056855353066803019
leaf_weight=1.4967909604310987 12.875205948948858 79.14011500030756 29.23925793170929 39.093444269150496 3.7074773758649817
leaf_count=8 77 467 151 246 24
internal_value=-3.42991e-05 -0.00176729 -0.0165183 0.00337176 0.0410099
internal_weight=165.552 160.348 42.1145 118.234 5.20427
internal_count=973 941 228 713 32
is_linear=0
shrinkage=0.05


Tree=80
num_leaves=8
num_cat=0
split_feature=34 9 23 6 35 32 13
split_gain=4.33589 12.556 9.83395 17.8596 11.1642 8.71854 7.66388
threshold=-0.16359156423814816 0.36770377442325797 -0.91830260368942607 0.60672837622941944 2.2004316484667736 0.68759469258299111 -3.8691488430538352
decision_type=2 2 2 2 2 2 2
left_child=1 5 3 -2 -4 -1 -3
right_child=2 6 4 -5 -6 -7 -8
leaf_value=0.022201420313746126 -0.0095302304924046385 -0.010030412008827405 -0.032613127175589444 0.051691989520524784 0.0079495345400385584 -0.037406533837837062 0.053878890615043508
leaf_weight=9.1959959492087382 33.331690296530724 5.0816363170743015 43.699025928974152 16.968216575682163 25.45226127654314 13.588998436927794 17.57922226190567
leaf_count=54 190 32 246 109 162 67 113
internal_value=-1.20326e-06 0.012825 -0.00515452 0.0112403 -0.0174265 -0.0123758 0.0386726
internal_weight=164.897 45.4459 119.451 50.2999 69.1513 22.785 22.6609
internal_count=973 266 707 299 408 121 145
is_linear=0
shrinkage=0.05


Tree=81
num_leaves=8
num_cat=0
split_feature=32 26 26 25 28 24 8
split_gain=4.40606 13.4921 8.52546 7.16253 8.77102 8.66306 2.01479
threshold=0.63831827806601471 0.0076173623672248945 0.3196466296031128 2.4092676036738911 0.24732673033382604 0.096538913720307276 -0.73251298198031456
decision_type=2 2 2 2 2 2 2
left_child=1 6 -3 5 -5 -2 -1
right_child=3 2 -4 4 -6 -7 -8
leaf_value=0 0.021040768960106395 -0.04842374482595653 0.0056482552291164407 -0.051836910496674909 0.0021733853609794259 -0.010483476137861228 0.054807870732891686
leaf_weight=1.1905455216765402 67.153152629733086 19.891065649688247 9.7211745232343656 10.2135066986084 20.147880144417286 30.108262021094561 5.4703965336084357
leaf_count=10 408 101 65 55 120 175 39
internal_value=0 -0.0152639 -0.0302515 0.00425711 -0.016272 0.0110203 0.0433543
internal_weight=163.896 36.2732 29.6122 127.623 30.3614 97.2614 6.66094
internal_count=973 215 166 758 175 583 49
is_linear=0
shrinkage=0.05


Tree=82
num_leaves=5
num_cat=0
split_feature=16 27 31 3
split_gain=4.4056 4.48003 10.3227 6.20954
threshold=1.3096865695576361 23.657037571715694 0.61422158490641376 13.071723969601409
decision_type=2 2 2 2
left_child=1 2 -1 -3
right_child=-2 3 -4 -5
leaf_value=0.05198397540699571 -0.047157304108889311 -0.0041330201944925343 -0.044650138518440602 0.034876751053711234
leaf_weight=10.097077548503874 3.8336625546216956 136.74696645140648 2.5647384673357001 9.9731910377740842
leaf_count=79 25 793 11 65
internal_value=0 0.00128507 0.0287447 -0.00109397
internal_weight=163.216 159.382 12.6618 146.72
internal_count=973 948 90 858
is_linear=0
shrinkage=0.05


Tree=83
num_leaves=8
num_cat=0
split_feature=4 24 32 24 43 16 14
split_gain=4.15669 6.39871 9.47896 7.40622 4.88024 4.91276 2.68843
threshold=-0.39402545414229229 0.10608749688115569 0.64181076646410395 0.20519200229056384 0.04782510926932567 0.42841106328812278 -0.075788056083585742
decision_type=2 2 2 2 2 2 2
left_child=4 2 -2 -3 5 -1 -6
right_child=1 3 -4 -5 6 -7 -8
leaf_value=-0.046075169634682556 -0.012591869772020215 -0.037510279428084346 0.020006774971315866 0.0041189515821363418 -0.019954565633410207 0.01111603083026319 0.04659502622758227
leaf_weight=13.388000197708612 30.639515019953251 17.103453814983368 70.413935922086239 23.442528892308474 1.150428079068661 3.764092080295085 2.8355306684970847
leaf_count=76 179 89 427 146 9 27 20
internal_value=0 0.00299422 0.00985133 -0.0133199 -0.0202893 -0.0322261 0.0222236
internal_weight=162.737 141.599 101.053 40.546 21.1381 17.1521 3.98596
internal_count=973 841 606 235 132 103 29
is_linear=0
shrinkage=0.05


Tree=84
num_leaves=7
num_cat=0
split_feature=7 7 0 9 12 2
split_gain=4.16495 5.85287 7.25667 5.17515 3.0735 5.15974
threshold=26.496797686059477 34.524603166469547 7.9205000000000618 -0.54134255887344895 0.66240451831346225 0.66045040045156489
decision_type=2 2 2 2 2 2
left_child=4 2 -2 -3 -1 -6
right_child=1 3 -4 -5 5 -7
leaf_value=-0.049111941113527326 -0.042601124431304316 0.021689843231586185 0.03971888082898764 -0.0057164218808649124 -0.035994299077734319 0.042291879187492692
leaf_weight=6.1832803301513177 2.0307699292898205 19.20541337877512 16.619845785200596 111.58526886254549 3.7380823567509651 2.7799007520079613
leaf_count=37 11 111 120 652 22 20
internal_value=0 0.00226263 0.0277715 -0.00136833 -0.0265282 0
internal_weight=162.143 149.441 18.6506 130.791 12.7013 6.51798
internal_count=973 894 131 763 79 42
is_linear=0
shrinkage=0.05


Tree=85
num_leaves=5
num_cat=0
split_feature=21 0 22 0
split_gain=4.14462 7.81476 5.3343 6.76098
threshold=0.90449072406380193 19.248571428571562 0.73367466616274213 10.376750000000049
decision_type=2 2 2 2
left_child=2 -2 3 -1
right_child=1 -3 -4 -5
leaf_value=-0.017283334608463884 0.059462010103785691 -0.036519600849647053 0.048501372728725782 0.0042882010316972908
leaf_weight=57.527716308832169 6.1787571758031827 1.8863928765058515 3.9781993329524985 92.062713954597712
leaf_count=335 45 12 23 558
internal_value=0 0.0327025 -0.00207696 -0.00390119
internal_weight=161.634 8.06515 153.569 149.59
internal_count=973 57 916 893
is_linear=0
shrinkage=0.05


Tree=86
num_leaves=5
num_cat=0
split_feature=16 3 18 18
split_gain=3.98117 4.29606 11.8043 7.89489
threshold=1.3096865695576361 -2.9212794493184897 -0.13114415721239633 -0.21765285247445282
decision_type=2 2 2 2
left_child=1 2 -1 -3
right_child=-2 3 -4 -5
leaf_value=-0.011678317419874747 -0.045563404631403917 0.023220296408125361 0.046697937994661903 -0.0088421784506520582
leaf_weight=15.918513849377634 3.6795893460512152 22.337204728275537 16.053334683179855 103.20950195193291
leaf_count=92 25 154 109 593
internal_value=0 0.00122531 0.017402 -0.00280167
internal_weight=161.198 157.519 31.9718 125.547
internal_count=973 948 201 747
is_linear=0
shrinkage=0.05


Tree=87
num_leaves=8
num_cat=0
split_feature=31 31 3 11 20 18 23
split_gain=3.89875 7.87752 5.71643 10.0335 5.39829 3.72711 0.988328
threshold=-0.56765905708489717 -0.44408093475308624 2.3888027698940282 0.31287892920897703 4.146750000000047 0.057030423930335868 5.9186289075169052
decision_type=2 2 2 2 2 2 2
left_child=2 6 5 -4 -3 -1 -2
right_child=1 4 3 -5 -6 -7 -8
leaf_value=-0.045713406277905114 0.05556827452850846 0.039636874519306906 0.043303996076707173 -0.047982473223122768 -0.0024880363189580959 0.010254146797010867 0
leaf_weight=13.600636139512067 6.6837745755910865 7.1180643141269675 7.1439269557595235 3.6601804792881012 118.79748842120171 2.4775274917483321 1.2240186482667921
leaf_count=84 58 43 49 21 694 17 7
internal_value=0 0.0034033 -0.0171338 0.00881537 0 -0.0355299 0.0488483
internal_weight=160.706 133.823 26.8823 10.8041 125.916 16.0782 7.90779
internal_count=973 802 171 70 737 101 65
is_linear=0
shrinkage=0.05


Tree=88
num_leaves=8
num_cat=0
split_feature=34 11 34 23 2 16 41
split_gain=3.88069 11.1037 8.6173 9.68678 8.48764 7.77434 5.75201
threshold=-0.16359156423814816 -0.25752111539222072 0.013940611203942327 -1.3470265561720678 0.58436617839875049 0.16296858102706974 0.00047069085239919876
decision_type=2 2 2 2 2 2 2
left_child=1 5 6 -4 -3 -1 -2
right_child=2 4 3 -5 -6 -7 -8
leaf_value=-0.03127392459016979 0.043729519609689654 -0.0055786022122760104 0.026139296999676084 -0.0096494373486951026 0.052929802494349948 0.042069569698480552 -0.028159292127799187
leaf_weight=15.524896189570429 1.8535329923033703 8.037107005715372 30.890516679733992 44.397597216069698 17.193710945546627 3.4628712832927695 38.687210887670517
leaf_count=92 12 48 205 275 104 22 215
internal_value=0 0.0123517 -0.00489815 0.00485704 0.0338371 -0.0152117 -0.0232971
internal_weight=160.047 44.2186 115.829 75.2881 25.2308 18.9878 40.5407
internal_count=973 266 707 480 152 114 227
is_linear=0
shrinkage=0.05


Tree=89
num_leaves=8
num_cat=0
split_feature=4 26 4 34 19 44 7
split_gain=3.95376 5.65988 4.77554 4.74556 5.81172 3.54517 0.852753
threshold=0.11846159078830736 0.027551480192828274 0.34976411296255833 0.31484917876242119 1.9901613359809547 -0.58224186659220545 71.752942104352911
decision_type=2 2 2 2 2 2 2
left_child=3 2 -2 4 -1 -5 -3
right_child=1 6 -4 5 -6 -7 -8
leaf_value=-0.014426523219080578 -0.037487725642704368 0.05309878213588673 0.037596215499782877 -0.01446516844406727 0.0074691723157076055 0.034193435035265805 0.0030100009811445533
leaf_weight=80.41429129242897 4.7816649526357677 7.6310548484325391 2.167774461209774 3.6889904439449337 45.824097737669945 12.561041988432406 2.3127037882804871
leaf_count=447 27 60 17 27 294 86 15
internal_value=0 0.0221103 -0.0091384 -0.00281498 -0.00628574 0.0214998 0.0450732
internal_weight=159.382 16.8932 6.94944 142.488 126.238 16.25 9.94376
internal_count=973 119 44 854 741 113 75
is_linear=0
shrinkage=0.05


Tree=90
num_leaves=7
num_cat=0
split_feature=7 11 7 14 39 18
split_gain=3.86338 7.96391 5.00667 6.01466 5.4043 1.86412
threshold=26.496797686059477 -0.50366188063185346 34.524603166469547 -0.25225549498679073 -1.0671843698659365 0.25473468626317697
decision_type=2 2 2 2 2 2
left_child=1 -1 3 -2 -4 -3
right_child=2 5 4 -5 -6 -7
leaf_value=-0.053344256708320707 -0.013577182120715924 0.045162525340502788 0.039387543223164991 0.04439857110869963 -0.0037516894776888593 -0.0070252894219477629
leaf_weight=8.1337881200015527 5.2368018850684193 2.5907249003648749 6.6824392378330222 12.724877908825873 121.90669221058488 1.5248718112707136
leaf_count=50 33 19 42 98 721 10
internal_value=0 -0.0258734 0.00231223 0.0263525 -0.0010303 0.0233459
internal_weight=158.8 12.2494 146.551 17.9617 128.589 4.1156
internal_count=973 79 894 131 763 29
is_linear=0
shrinkage=0.05


Tree=91
num_leaves=6
num_cat=0
split_feature=21 0 33 7 43
split_gain=3.72081 7.15469 4.94567 5.31897 1.04202
threshold=0.90449072406380193 19.248571428571562 8.4129163652332881 57.581940287134863 0.037408620924860587
decision_type=2 2 2 2 2
left_child=2 -2 3 -1 -4
right_child=1 -3 4 -5 -6
leaf_value=0.0035423329975747143 0.057764716438393926 -0.035007762589874918 0 -0.015814320152915198 0.051218296355166885
leaf_weight=88.405008528381586 5.9569814801216117 1.8270798772573469 1.5256801396608342 56.524411961436272 4.057947538793087
leaf_count=551 45 12 10 327 28
internal_value=0 0.0316367 -0.00183512 -0.00389234 0.0402456
internal_weight=158.297 7.78406 150.513 144.929 5.58363
internal_count=973 57 916 878 38
is_linear=0
shrinkage=0.05


Tree=92
num_leaves=6
num_cat=0
split_feature=24 16 31 32 32
split_gain=3.68235 5.20491 13.3258 5.12743 4.45314
threshold=-0.46554203024833213 0.084154824940525827 0.14133799182046772 0.71432062329684431 0.67720480397502858
decision_type=2 2 2 2 2
left_child=4 3 -3 -2 -1
right_child=1 2 -4 -5 -6
leaf_value=-0.050458749689157194 0.0014752146518327151 -0.007728660375809839 0.035374444680696761 -0.02524739429252712 0.020419653566531346
leaf_weight=6.2905503138899785 56.183904930949211 37.265968762338161 31.880346849560738 24.318857826292515 1.9443002641201017
leaf_count=35 353 229 205 140 11
internal_value=0 0.00190843 0.0120089 -0.00650133 -0.0306178
internal_weight=157.884 149.649 69.1463 80.5028 8.23485
internal_count=973 927 434 493 46
is_linear=0
shrinkage=0.05


Tree=93
num_leaves=7
num_cat=0
split_feature=7 11 23 26 7 14
split_gain=3.57458 7.28849 4.78773 13.2782 7.76677 2.03283
threshold=26.496797686059477 -0.50366188063185346 -1.1835673810742262 0.3196466296031128 62.241807837482106 -0.23908064250871028
decision_type=2 2 2 2 2 2
left_child=1 -1 3 -2 -4 -3
right_child=2 5 4 -5 -6 -7
leaf_value=-0.051808453236058628 -0.0014259771121575993 -0.012005174169918427 -0.019042095320182015 0.053187674852124382 0.0091327932287424488 0.043786761101936772
leaf_weight=7.9314210154116154 35.699496947228909 1.3230418115854261 45.485627472400665 14.616686329245566 49.542316265404224 2.7497137859463674
leaf_count=50 214 7 274 99 307 22
internal_value=0 -0.0251015 0.00225285 0.0146792 -0.00415078 0.0219406
internal_weight=157.348 12.0042 145.344 50.3162 95.0279 4.07276
internal_count=973 79 894 313 581 29
is_linear=0
shrinkage=0.05


Tree=94
num_leaves=8
num_cat=0
split_feature=34 28 2 26 17 34 10
split_gain=3.74174 10.2297 11.0121 9.29914 7.65066 7.59656 1.37178
threshold=-0.16359156423814816 0.0043232312057966387 0.60037274203782687 0.38713865748038628 19.069297018280199 0.013940611203942327 13.360571428571495
decision_type=2 2 2 2 2 2 2
left_child=1 3 -3 -1 6 -6 -2
right_child=4 2 -4 -5 5 -7 -8
leaf_value=-0.031103404160244888 0.05659398482589717 -0.011447063868216046 0.060219741661812078 0.037075388228981293 -0.026184941001104713 0.0012062064541792851 0
leaf_weight=15.914430662989618 4.5699787959456435 6.9681726619601276 14.49815848469734 5.9160911217331877 37.202819734811783 70.110719937831163 1.5445390492677686
leaf_count=91 30 41 91 43 214 449 14
internal_value=0 0.0123576 0.0363692 -0.0107172 -0.00475732 -0.00821286 0.0450057
internal_weight=156.725 43.2969 21.4663 21.8305 113.428 107.314 6.11452
internal_count=973 266 132 134 707 663 44
is_linear=0
shrinkage=0.05


Tree=95
num_leaves=8
num_cat=0
split_feature=4 24 36 24 31 3 5
split_gain=3.73463 5.32319 6.68043 6.2023 4.08019 6.20591 3.29318
threshold=-0.39402545414229229 0.10608749688115569 0.11546370059396412 0.20519200229056384 -0.055734949760965678 1.2316775587789837 -2.3969204969356555
decision_type=2 2 2 2 2 2 2
left_child=4 2 -2 -3 6 -6 -1
right_child=1 3 -4 -5 5 -7 -8
leaf_value=0.00061633928606003507 0.020190634003474671 -0.034762284024653443 -0.0059590894294926184 0.0040806972582537035 0.039481297635740799 -0.032731651049598472 -0.054754194138570647
leaf_weight=2.5844570323824883 58.033710531890392 16.325327999889851 39.042499408125877 22.487000420689583 4.9436625912785512 4.8610858842730522 7.8188168928027171
leaf_count=19 384 89 222 146 34 26 53
internal_value=0 0.00308197 0.0094652 -0.0120924 -0.0194661 0.00164932 -0.0399585
internal_weight=156.097 135.889 97.0762 38.8123 20.208 9.80475 10.4033
internal_count=973 841 606 235 132 60 72
is_linear=0
shrinkage=0.05


Tree=96
num_leaves=6
num_cat=0
split_feature=4 31 34 3 31
split_gain=3.62599 4.59846 6.44316 4.98758 1.15076
threshold=0.2640395218492505 -0.58224186659220545 0.1584063348081364 2.3888027698940282 0.62005335294629582
decision_type=2 2 2 2 2
left_child=1 3 -3 -1 -2
right_child=4 2 -4 -5 -6
leaf_value=-0.039916632296408988 0.044583313255944952 -0.0047124110530883823 0.02031937908835697 0.0046293971152122811 0
leaf_weight=13.847000479698183 4.8065248951315871 92.187726616859436 34.200556766241789 8.9945521950721723 1.4238163679838178
leaf_count=90 37 538 237 61 10
internal_value=0 -0.00163256 0.00197125 -0.0218683 0.0346174
internal_weight=155.46 149.23 126.388 22.8416 6.23034
internal_count=973 926 775 151 47
is_linear=0
shrinkage=0.05


Tree=97
num_leaves=8
num_cat=0
split_feature=28 8 35 11 24 34 4
split_gain=3.56381 6.99629 6.83808 6.04337 4.7383 1.85772 0.566507
threshold=0.56103912662061073 0.87167787732512658 2.2844213354457739 0.6859563569777325 0.15921426285212906 -0.011471847156818173 -1.0000000180025095e-35
decision_type=2 2 2 2 2 2 2
left_child=2 5 3 -1 -4 -2 -3
right_child=1 6 4 -5 -6 -7 -8
leaf_value=0.0030710052554088476 0 0 0.050143729475984194 -0.028222963614181501 -0.010277093601208917 -0.055334720208008559 0.038729168235696797
leaf_weight=110.36734117567539 2.7684135511517516 1.1471069231629374 10.624586172401903 16.830815315246582 3.2227150052785865 7.6604736447334281 2.3763999491929999
leaf_count=687 17 10 84 95 17 45 18
internal_value=0 -0.0231754 0.00248705 -0.00106264 0.034653 -0.0437479 0.0283988
internal_weight=154.998 13.9524 141.045 127.198 13.8473 10.4289 3.52351
internal_count=973 90 883 782 101 62 28
is_linear=0
shrinkage=0.05


Tree=98
num_leaves=5
num_cat=0
split_feature=16 37 37 6
split_gain=3.49258 3.82367 9.23246 8.44418
threshold=1.3096865695576361 81.788682247958789 79.891245631613245 0.2727856326421445
decision_type=2 2 2 2
left_child=1 2 -1 -3
right_child=-2 3 -4 -5
leaf_value=0.0013218186169417555 -0.043570267214139285 0.039902144321060699 0.061952397117973734 -0.034907461978171545
leaf_weight=125.56393787264824 3.4613341465592375 3.6772175133228329 5.6799166575074187 15.993145324289797
leaf_count=788 25 24 39 97
internal_value=0 0.00131373 0.00458344 -0.0184591
internal_weight=154.376 150.914 131.244 19.6704
internal_count=973 948 827 121
is_linear=0
shrinkage=0.05


Tree=99
num_leaves=6
num_cat=0
split_feature=21 43 20 20 12
split_gain=3.3105 6.27954 4.39062 10.3462 5.30683
threshold=0.90449072406380193 0.0368791738249118 5.2230714285713677 4.2548928571428961 0.6256707810467077
decision_type=2 2 2 2 2
left_child=2 -2 3 -1 -4
right_child=1 -3 4 -5 -6
leaf_value=0.011706350905825377 -0.032832096159283591 0.055927846753457716 -0.012202943155949228 -0.054161769879474964 0.0092607732995116532
leaf_weight=10.26195137947798 1.7018436342477787 5.6004880294203758 42.402604952454567 11.041710838675497 82.898109026253223
leaf_count=66 12 45 277 68 505
internal_value=0 0.0307677 -0.00168045 -0.02221 0.00176026
internal_weight=153.907 7.30233 146.604 21.3037 125.301
internal_count=973 57 916 134 782
is_linear=0
shrinkage=0.05


Tree=100
num_leaves=8
num_cat=0
split_feature=34 9 23 14 5 16 23
split_gain=3.27641 10.5545 7.2812 10.4315 9.21115 7.13614 6.13183
threshold=-0.16359156423814816 0.36770377442325797 -0.91830260368942607 -0.15103100847694576 2.0784560461347614 0.084154824940525827 -2.6017596564656738
decision_type=2 2 2 2 2 2 2
left_child=1 5 3 -2 -4 -1 -3
right_child=2 6 4 -5 -6 -7 -8
leaf_value=-0.035052235148955654 -0.016178257984189856 -0.0082058772396772558 -0.041493382235954064 0.030227242401786369 -0.0012343938008130819 0.020251202102678036 0.050511757075814991
leaf_weight=12.900281861424448 19.821818083524704 4.7263937667012241 21.401828818023205 26.887523178011179 42.768521830439568 8.6121324598789197 16.278238408267498
leaf_count=73 121 32 133 178 275 48 113
internal_value=0 0.0116778 -0.00449101 0.010084 -0.0154757 -0.0118858 0.0363907
internal_weight=153.397 42.517 110.88 46.7093 64.1704 21.5124 21.0046
internal_count=973 266 707 299 408 121 145
is_linear=0
shrinkage=0.05


Tree=101
num_leaves=5
num_cat=0
split_feature=16 34 5 7
split_gain=3.30285 3.64266 6.58444 2.68987
threshold=1.3096865695576361 0.31484917876242119 3.0632053582737488 41.335488628836181
decision_type=2 2 2 2
left_child=1 2 -1 -3
right_child=-2 3 -4 -5
leaf_value=0.0012117828690825551 -0.04292440497981493 0.041657759539838406 -0.04558390978318879 0
leaf_weight=125.73573197424412 3.3513217195868483 8.1149742528796214 6.9543525204062453 8.3737894073128682
leaf_count=782 25 67 44 55
internal_value=0 0.00126362 -0.00137642 0.0228023
internal_weight=152.53 149.179 132.69 16.4888
internal_count=973 948 826 122
is_linear=0
shrinkage=0.05


Tree=102
num_leaves=8
num_cat=0
split_feature=32 26 6 16 32 40 45
split_gain=3.30522 10.8867 7.96137 8.07928 6.99459 5.98479 1.13649
threshold=0.63831827806601471 0.0076173623672248945 0.29800423047110441 0.53213375725103196 0.59548226840496821 0.14264884354770388 5.6770000000000005
decision_type=2 2 2 2 2 2 2
left_child=1 6 5 -4 -3 -2 -1
right_child=2 4 3 -5 -6 -7 -8
leaf_value=0.050670858340678394 0.035457810677498043 0 -0.006997268373257196 0.052069301288856812 -0.049077547872640848 -0.033704664413295601 0
leaf_weight=4.779939964413642 24.507962208241228 12.089787736535074 86.862229447811842 5.1512006223201743 15.242531128227709 2.3977759703993788 1.1736790686845777
leaf_count=38 167 79 536 42 87 13 11
internal_value=0 -0.0136813 0.00392288 -0.00289751 -0.0276338 0.0274114 0.04154
internal_weight=152.205 33.2859 118.919 92.0134 27.3323 26.9057 5.95362
internal_count=973 215 758 578 166 180 49
is_linear=0
shrinkage=0.05


Tree=103
num_leaves=7
num_cat=0
split_feature=7 11 7 0 39 39
split_gain=3.35102 6.50925 4.28843 5.78267 4.73156 2.27057
threshold=26.496797686059477 -0.50366188063185346 34.524603166469547 7.9205000000000618 -1.0671843698659365 -0.2825250023408809
decision_type=2 2 2 2 2 2
left_child=1 -1 3 -2 -4 -3
right_child=2 5 4 -5 -6 -7
leaf_value=-0.050296677914417588 -0.038844577549274922 -0.018060207679654963 0.037790550311505647 0.036452044648361999 -0.0035209185595781061 0.043342488241489327
leaf_weight=7.6493277624249458 1.8742287978529955 1.0913493037223818 6.3323183283209792 15.134584732353686 116.7035158649087 2.7605802714824659
leaf_count=50 11 6 42 120 721 23
internal_value=0 -0.0247823 0.00222737 0.0250705 -0.000905643 0.0206563
internal_weight=151.546 11.5013 140.045 17.0088 123.036 3.85193
internal_count=973 79 894 131 763 29
is_linear=0
shrinkage=0.05


Tree=104
num_leaves=8
num_cat=0
split_feature=4 26 4 31 25 26 3
split_gain=3.1786 4.81128 3.92527 3.89791 6.08982 4.53442 1.63838
threshold=0.11846159078830736 0.027551480192828274 0.34976411296255833 -0.58224186659220545 -2.5991734003299434 0.041371865431863379 8.7647866204165457
decision_type=2 2 2 2 2 2 2
left_child=3 2 -2 5 -5 -1 -3
right_child=1 6 -4 4 -6 -7 -8
leaf_value=0.012020950593267939 -0.035042767732721004 0.051342432025524888 0.034593860177237923 0.028857213048135363 -0.0035013447437936226 -0.035314328157615947 0
leaf_weight=5.704975605010989 4.5364180505275717 7.5917552858591062 1.9940493330359457 15.97321769595146 97.905435971915722 15.713559970259665 1.5994403287768362
leaf_count=43 27 64 17 128 580 103 11
internal_value=0 0.0205952 -0.00868946 -0.00250284 0.0010315 -0.0216173 0.0426664
internal_weight=151.019 15.7217 6.53047 135.297 113.879 21.4185 9.1912
internal_count=973 119 44 854 708 146 75
is_linear=0
shrinkage=0.05


Tree=105
num_leaves=7
num_cat=0
split_feature=7 11 17 16 39 35
split_gain=3.23728 5.98156 4.17646 4.53085 2.12595 1.41181
threshold=26.496797686059477 -0.50366188063185346 19.069297018280199 0.060364479945237574 -0.2825250023408809 -2.1535609076102844
decision_type=2 2 2 2 2 2
left_child=1 -1 5 -4 -3 -2
right_child=2 4 3 -5 -6 -7
leaf_value=-0.049355628755996611 0.053389502387127891 -0.017680100080882565 -0.010066691150731869 0.008345650022985476 0.041959872691255437 0
leaf_weight=7.4565672464668751 4.1375446170568466 1.0804863050580027 58.428416185081005 75.179740704596043 2.6560302749276143 1.4217966124415387
leaf_count=50 29 6 370 486 23 9
internal_value=0 -0.0246661 0.00219403 9.30251e-05 0.019344 0.0411642
internal_weight=150.361 11.1931 139.167 133.608 3.73652 5.55934
internal_count=973 79 894 856 29 38
is_linear=0
shrinkage=0.05


Tree=106
num_leaves=6
num_cat=0
split_feature=24 22 22 36 12
split_gain=3.19516 4.19312 6.31794 3.0773 2.6754
threshold=-0.46554203024833213 0.70896301585259069 0.70521335412970954 0.2241535939485084 0.61672013391642722
decision_type=2 2 2 2 2
left_child=4 2 -2 -3 -1
right_child=1 3 -4 -5 -6
leaf_value=0.0030228772406935165 0.0011280380251231321 0.037254687636001496 -0.055127958993771022 -0.013120226135016934 -0.048211546117421379
leaf_weight=2.737242840230464 123.50536216795444 11.927351437509058 4.182054638862609 2.5516758710145941 5.0888174995779991
leaf_count=17 813 78 22 14 29
internal_value=0 0.00184943 -0.000934274 0.0264878 -0.0291471
internal_weight=149.993 142.166 127.687 14.479 7.82606
internal_count=973 927 835 92 46
is_linear=0
shrinkage=0.05


Tree=107
num_leaves=7
num_cat=0
split_feature=34 39 34 9 17 12
split_gain=3.12873 11.135 5.06944 9.70941 7.18421 2.25301
threshold=0.31484917876242119 3.3037776460132267 -0.16359156423814816 0.36770377442325797 19.069297018280199 0.67223202399576565
decision_type=2 2 2 2 2 2
left_child=2 5 3 -1 -4 -2
right_child=1 -3 4 -5 -6 -7
leaf_value=-0.011257179777753182 0.051074207135525185 -0.041381892212454058 0.041044991569401112 0.035531275071927874 -0.013176035312129394 -0.00091868516762222624
leaf_weight=21.111103408038616 11.074501194059851 4.1962597966194144 5.4205169752240172 20.436685793101788 86.093637727200985 1.361349083483218
leaf_count=121 89 29 39 145 541 9
internal_value=0 0.0198215 -0.0025828 0.0114639 -0.00928527 0.0438771
internal_weight=149.694 16.6321 133.062 41.5478 91.5142 12.4359
internal_count=973 127 846 266 580 98
is_linear=0
shrinkage=0.05


Tree=108
num_leaves=7
num_cat=0
split_feature=3 3 28 18 0 3
split_gain=3.09098 5.08035 3.96352 10.0003 2.69451 2.54889
threshold=13.071723969601409 15.289799584062168 -0.58891214533718139 -0.33637510742380167 26.262214285714389 3.3347216647039208
decision_type=2 2 2 2 2 2
left_child=2 -2 5 -4 -3 -1
right_child=1 4 3 -5 -6 -7
leaf_value=-0.04438300275648336 0.052929061643059376 -0.032051212906246351 0.056100219932040778 -0.003087060993763358 0.024226151851640839 0.0001431571820763571
leaf_weight=7.5959176905453187 5.9850255325436574 3.6963702663779259 6.5824512019753447 119.0463720485568 2.6000996008515358 3.3970948830246925
leaf_count=48 43 21 52 757 24 28
internal_value=0 0.0230699 -0.00218785 0.000235228 -0.00525018 -0.0296742
internal_weight=148.903 12.2815 136.622 125.629 6.29647 10.993
internal_count=973 88 885 809 45 76
is_linear=0
shrinkage=0.05


Tree=109
num_leaves=8
num_cat=0
split_feature=4 13 2 35 32 39 31
split_gain=3.12486 3.96777 14.0188 8.39027 3.37101 3.15189 1.75056
threshold=0.11846159078830736 4.1516951348623943 0.63346046123325472 2.2004316484667736 0.68056347624871616 0.69786866988105378 0.70432015349745769
decision_type=2 2 2 2 2 2 2
left_child=1 3 -3 -1 5 -2 -6
right_child=4 2 -4 -5 6 -7 -8
leaf_value=-0.0033395066601675121 0.030457977678260331 -0.054311333210355778 0.014781171373125034 0.038484871733899827 0.050079713262010661 -0.028562076868444797 0
leaf_weight=93.57597541064024 2.8041909262537947 13.331718549132349 13.538362704217432 12.665927484631537 6.8924553170800191 4.3549277484416962 1.2143563628196714
leaf_count=603 22 81 81 89 58 30 9
internal_value=0 -0.0024486 -0.0193211 0.00172595 0.0207568 -0.00148054 0.0411459
internal_weight=148.378 133.112 26.8701 106.242 15.2659 7.15912 8.10681
internal_count=973 854 162 692 119 52 67
is_linear=0
shrinkage=0.05


Tree=110
num_leaves=6
num_cat=0
split_feature=24 14 16 31 9
split_gain=2.98572 4.69813 4.20632 10.8593 4.73671
threshold=-0.46554203024833213 0.077507857710952269 0.084154824940525827 0.14133799182046772 -0.34624328706418223
decision_type=2 2 2 2 2
left_child=1 -1 4 -4 -2
right_child=2 -3 3 -5 -6
leaf_value=-0.049997346142853401 -0.028618189257156718 0.024569143818452988 -0.0072119101513209152 0.032915000032083336 0.00047185576462522205
leaf_weight=5.8122859746217719 16.753035545349121 1.8350327759981153 34.707577988505363 29.981254175305367 58.585895910859108
leaf_count=33 100 13 229 205 393
internal_value=0 -0.0284414 0.00182435 0.011223 -0.00595953
internal_weight=147.675 7.64732 140.028 64.6888 75.3389
internal_count=973 46 927 434 493
is_linear=0
shrinkage=0.05


Tree=111
num_leaves=6
num_cat=0
split_feature=34 37 12 17 5
split_gain=3.04084 4.15001 5.38454 4.83715 2.09424
threshold=-0.39707886898734379 86.183769580982329 0.58871939826481923 82.337849526760252 2.379508658949109
decision_type=2 2 2 2 2
left_child=4 2 -2 -3 -1
right_child=1 3 -4 -5 -6
leaf_value=0.051057127983509032 0.025430386494178628 -0.044476878069524134 -0.0030686609177425768 0.033121510439888563 -0.0015810873219459514
leaf_weight=3.8070087060332289 18.316769525408745 9.1537316814064962 112.87195036187768 1.3507089614868153 1.6014049053192136
leaf_count=28 155 60 712 9 9
internal_value=0 -0.00145031 0.000883574 -0.0303141 0.0337555
internal_weight=147.102 141.693 131.189 10.5044 5.40841
internal_count=973 936 867 69 37
is_linear=0
shrinkage=0.05


Tree=112
num_leaves=6
num_cat=0
split_feature=21 20 33 29 20
split_gain=3.03227 5.13775 4.03726 4.46816 0.907501
threshold=0.90449072406380193 11.663999999999925 8.4129163652332881 0.78561067397253137 14.559178571428562
decision_type=2 2 2 2 2
left_child=2 -2 3 -1 -4
right_child=1 -3 4 -5 -6
leaf_value=0.0082168673274982309 0.053285352262447738 -0.029566142567937805 0.047993167136008257 -0.010450425027417033 0
leaf_weight=48.437069535255432 5.3006369099020949 1.4885440245270727 3.7809080034494391 86.376202616840601 1.3548845946788786
leaf_count=284 45 12 28 594 10
internal_value=0 0.0304467 -0.00159832 -0.00354826 0.0377488
internal_weight=146.738 6.78918 139.949 134.813 5.13579
internal_count=973 57 916 878 38
is_linear=0
shrinkage=0.05


Tree=113
num_leaves=8
num_cat=0
split_feature=4 24 43 24 43 36 31
split_gain=2.92412 4.31139 7.26162 5.01481 3.79273 3.97721 0.973941
threshold=-0.39402545414229229 0.10608749688115569 0.037517470283355718 0.20519200229056384 0.04782510926932567 0.16283208222849443 -0.19231308245997977
decision_type=2 2 2 2 2 2 2
left_child=4 2 -2 -3 5 -1 -6
right_child=1 3 -4 -5 6 -7 -8
leaf_value=-0.039521201812258988 0.0435299248258951 -0.032277311561505387 0.0027241354466976762 0.0036500009155406889 0 0.022769839262772304 0.038448252780477893
leaf_weight=13.189064815640451 12.015229560434816 15.275408841669558 79.536148920655251 21.093387264758348 1.4177489429712298 1.8969065248966206 2.0206208303570738
leaf_count=89 88 89 518 146 14 14 15
internal_value=0 0.00284097 0.00876209 -0.0112309 -0.01792 -0.029206 0.0213886
internal_weight=146.445 127.92 91.5514 36.3688 18.5243 15.086 3.43837
internal_count=973 841 606 235 132 103 29
is_linear=0
shrinkage=0.05


Tree=114
num_leaves=7
num_cat=0
split_feature=34 39 5 5 12 34
split_gain=2.89309 9.51866 5.12427 11.0009 2.12223 0.281665
threshold=0.31484917876242119 3.3037776460132267 3.0632053582737488 2.6038657786866786 0.67223202399576565 -0.083993622890625744
decision_type=2 2 2 2 2 2
left_child=2 4 3 -1 -2 -4
right_child=1 -3 5 -5 -6 -7
leaf_value=-0.0044767506823716659 0.049287518430791058 -0.038695796960265448 -0.00067022495614175353 0.048400113927642922 -0.00099969129033240182 -0.048958158500711085
leaf_weight=113.80681405588984 10.630246724933384 3.9027356207370749 1.5075578317046163 9.758016034960745 1.3537015467882145 4.9461059868335715
leaf_count=731 89 29 13 71 9 31
internal_value=0 0.0196106 -0.00237419 0 0.0420421 -0.0426355
internal_weight=145.905 15.8867 130.018 123.565 11.9839 6.45366
internal_count=973 127 846 802 98 44
is_linear=0
shrinkage=0.05


Tree=115
num_leaves=7
num_cat=0
split_feature=39 39 23 20 34 26
split_gain=2.86132 4.82718 9.44005 5.58157 2.90491 0.908129
threshold=-1.0671843698659365 0.16900258299231377 2.0728980582277932 8.7600000000000904 -0.03514737800310936 0.10105777004262982
decision_type=2 2 2 2 2 2
left_child=4 2 -2 -3 5 -1
right_child=1 3 -4 -5 -6 -7
leaf_value=0 0.0049100329018488542 -0.0075235620576489456 -0.045901755137169209 0.015358296979638154 -0.0066466384525735393 0.058287854684269252
leaf_weight=1.4992621913552282 18.749253816902637 52.442760620266199 15.260945759713648 50.892592031508684 2.6359297782182685 3.75189308822155
leaf_count=13 119 341 89 372 16 23
internal_value=0 -0.00165914 -0.0178358 0.00354532 0.0276054 0.047111
internal_weight=145.233 137.346 34.0102 103.335 7.88709 5.25116
internal_count=973 921 208 713 52 36
is_linear=0
shrinkage=0.05


Tree=116
num_leaves=8
num_cat=0
split_feature=7 7 14 14 11 7 45
split_gain=2.84351 4.6674 5.45333 3.79578 3.40676 3.11615 2.10331
threshold=28.441109615095211 34.524603166469547 -0.25225549498679073 0.4117557900948165 -0.50366188063185346 26.255208267573831 9.2130000000000027
decision_type=2 2 2 2 2 2 2
left_child=4 2 -2 -3 6 -6 -1
right_child=1 3 -4 -5 5 -7 -8
leaf_value=-0.052306553618581386 -0.014172880806914126 0.0017147949151223568 0.048681150194129906 -0.031391581174333522 0.041072675968139086 -0.024305534655162969 0
leaf_weight=6.2440905496478063 3.7919426634907714 109.73699856176972 9.5705651044845563 8.3520594090223295 2.6232274621725074 2.3499256670475006 2.0931747853755951
leaf_count=41 26 714 85 49 24 13 21
internal_value=0 0.00240078 0.0293592 -0.000660721 -0.0210573 0.00709741 -0.0394904
internal_weight=144.762 131.452 13.3625 118.089 13.3104 4.97315 8.33727
internal_count=973 874 111 763 99 37 62
is_linear=0
shrinkage=0.05


Tree=117
num_leaves=5
num_cat=0
split_feature=21 0 8 5
split_gain=2.8413 4.6131 3.76733 5.56221
threshold=0.90449072406380193 19.248571428571562 0.87167787732512658 3.0632053582737488
decision_type=2 2 2 2
left_child=2 -2 3 -1
right_child=1 -3 -4 -5
leaf_value=-0.00072248463638812082 0.051958560677505219 -0.027588535687117222 0.043701483455909601 -0.049027287257651382
leaf_weight=129.002920396626 5.1037132218480101 1.4091156199574468 3.3895253837108603 5.3224008232355109
leaf_count=854 45 12 28 34
internal_value=0 0.0300388 -0.00152879 -0.00316936
internal_weight=144.228 6.51283 137.715 134.325
internal_count=973 57 916 888
is_linear=0
shrinkage=0.05


Tree=118
num_leaves=6
num_cat=0
split_feature=34 37 35 17 35
split_gain=2.72982 3.64183 5.75946 4.17046 1.98536
threshold=-0.39707886898734379 86.183769580982329 1.9979955626475412 82.337849526760252 1.7225895503886821
decision_type=2 2 2 2 2
left_child=4 2 -2 -3 -1
right_child=1 3 -4 -5 -6
leaf_value=0.048038461812050244 -0.0042235342224419617 -0.042647490742842999 0.022084528597220369 0.030125861127588201 -0.0047543058047691995
leaf_weight=3.9731243252754203 103.70230698212981 8.6913692951202375 24.863644883036613 1.2918907701969136 1.3013968020677564
leaf_count=31 686 60 181 9 6
internal_value=0 -0.00136364 0.000802469 -0.0290685 0.0323466
internal_weight=143.824 138.549 128.566 9.98326 5.27452
internal_count=973 936 867 69 37
is_linear=0
shrinkage=0.05


Tree=119
num_leaves=8
num_cat=0
split_feature=32 26 26 3 3 16 45
split_gain=2.78284 8.88953 6.19628 5.04201 8.89257 6.16114 0.661964
threshold=0.63831827806601471 0.0076173623672248945 0.2471456097574907 -2.9212794493184897 -6.6933920716235198 0.060364479945237574 5.6770000000000005
decision_type=2 2 2 2 2 2 2
left_child=1 6 -3 4 -2 -5 -1
right_child=3 2 -4 5 -6 -7 -8
leaf_value=0.046797465932200244 -0.011781350124799497 -0.043219374475658795 0.0055222365417532939 -0.014945977614059594 0.054862350444305014 0.010382946901744303 0
leaf_weight=4.252655208110812 7.3289809636771706 16.632087305188183 8.7003024108707887 42.370062932372093 10.702828451991079 52.459324195981026 0.95017231255769719
leaf_count=38 54 95 71 278 79 347 11
internal_value=0 -0.0130432 -0.0259559 0.00373942 0.0272658 -0.000711083 0.0398463
internal_weight=143.396 30.5352 25.3324 112.861 18.0318 94.8294 5.20283
internal_count=973 215 166 758 133 625 49
is_linear=0
shrinkage=0.05


Tree=120
num_leaves=5
num_cat=0
split_feature=16 12 37 12
split_gain=2.69843 3.06833 6.43678 5.96204
threshold=1.3096865695576361 0.58871939826481923 86.850313357318228 0.62971374372416233
decision_type=2 2 2 2
left_child=1 2 -1 -3
right_child=-2 3 -4 -5
leaf_value=0.034959371268752662 -0.040053860502420296 -0.022302656635878958 -0.024564865495251532 0.0041366023051575291
leaf_weight=15.422648254781963 3.0608840584754935 26.384968318045139 4.9648901447653762 92.916399266570807
leaf_count=136 25 167 36 609
internal_value=0 0.00128181 0.018824 -0.00163974
internal_weight=142.75 139.689 20.3875 119.301
internal_count=973 948 172 776
is_linear=0
shrinkage=0.05


Tree=121
num_leaves=8
num_cat=0
split_feature=4 32 16 26 6 5 5
split_gain=2.73107 3.78687 7.38453 7.24499 3.45869 4.95696 3.34437
threshold=-0.39402545414229229 0.63831827806601471 0.084154824940525827 0.0076173623672248945 1.3349854670963592 1.1797666434490426 2.4492809895148362
decision_type=2 2 2 2 2 2 2
left_child=4 3 -3 -2 6 -6 -1
right_child=1 2 -4 -5 5 -7 -8
leaf_value=-0.049135841085404953 0.037292674391733401 -0.003424494457283129 0.024262432812985946 -0.024522062811300923 0.047641358067849263 -0.025152596577997406 0.0069855835676452399
leaf_weight=8.2844105511903781 4.6679431572556522 57.104876082390547 38.899414621293545 23.850795924663544 3.2007939517498007 3.991552971303463 2.3928123340010634
leaf_count=52 44 381 261 155 25 38 17
internal_value=0 0.00275692 0.00767056 -0.0126367 -0.017643 0.00605211 -0.0348967
internal_weight=142.393 124.523 96.0043 28.5187 17.8696 7.19235 10.6772
internal_count=973 841 642 199 132 63 69
is_linear=0
shrinkage=0.05


Tree=122
num_leaves=7
num_cat=0
split_feature=34 39 5 5 22 34
split_gain=2.69289 8.35675 4.24196 9.90634 1.97274 0.364859
threshold=0.31484917876242119 3.3037776460132267 3.0632053582737488 2.6038657786866786 0.69354759660433596 -0.083993622890625744
decision_type=2 2 2 2 2 2
left_child=2 4 3 -1 -2 -4
right_child=1 -3 5 -5 -6 -7
leaf_value=-0.0044700784561007862 0.049783187699115508 -0.03660077925629273 0 0.046595375776324825 0 -0.046737851600147845
leaf_weight=111.13727615773678 9.3238234743475896 3.677517518401145 1.4238718226552007 9.3748608678579313 2.2118676304817191 4.5944714248180381
leaf_count=731 81 29 13 71 17 31
internal_value=0 0.0192829 -0.00234896 0 0.0405912 -0.0401408
internal_weight=141.744 15.2132 126.53 120.512 11.5357 6.01834
internal_count=973 127 846 802 98 44
is_linear=0
shrinkage=0.05


Tree=123
num_leaves=8
num_cat=0
split_feature=34 28 26 23 45 5 34
split_gain=2.60941 8.50407 7.28773 6.217 8.5836 7.40775 6.19253
threshold=-0.16359156423814816 0.0043232312057966387 0.38713865748038628 -0.91830260368942607 1.3785000000000001 2.0784560461347614 -0.29530499472240745
decision_type=2 2 2 2 2 2 2
left_child=1 2 -1 4 -2 -5 -3
right_child=3 6 -4 5 -6 -7 -8
leaf_value=-0.029326285663623511 0.045502347794251163 0.0039588789489662275 0.033151129661214744 -0.038804033693247517 -0.0031683877678612585 -0.0011387854219974825 0.062150744050852816
leaf_weight=14.924078896641733 11.253910548985003 10.500434577465059 5.3832094371318808 19.967046856880188 31.379909604787827 38.636815655976534 9.0436344891786558
leaf_count=91 70 70 43 133 229 275 62
internal_value=0 0.0107552 -0.0108124 -0.0041937 0.0098545 -0.014827 0.0338175
internal_weight=141.089 39.8514 20.3073 101.238 42.6338 58.6039 19.5441
internal_count=973 266 134 707 299 408 132
is_linear=0
shrinkage=0.05


Tree=124
num_leaves=8
num_cat=0
split_feature=4 19 34 29 26 34 14
split_gain=2.65937 3.8387 6.31807 6.14505 3.38301 3.06499 1.59713
threshold=0.11846159078830736 1.9901613359809547 0.1584063348081364 3.0636562583594449 0.027551480192828274 -0.03514737800310936 -0.27076318352814138
decision_type=2 2 2 2 2 2 2
left_child=1 2 -1 -3 5 -2 -6
right_child=4 3 -4 -5 6 -7 -8
leaf_value=-0.016235173572012616 0.022906894286095277 0.026138601601116335 0.018133141794417516 -0.0089141181117562071 0 -0.037966013161918472 0.047373821188542498
leaf_weight=63.780060760676861 2.9240966439247131 23.983919780701399 15.348825484514235 22.869295720010996 1.3475077301263798 3.033210724592208 7.1212624907493582
leaf_count=381 23 185 113 175 7 21 68
internal_value=0 -0.0022837 -0.00911357 0.00867802 0.0196991 -0.00549581 0.0387713
internal_weight=140.408 125.982 79.1289 46.8532 14.4261 5.95731 8.46877
internal_count=973 854 494 360 119 44 75
is_linear=0
shrinkage=0.05


Tree=125
num_leaves=7
num_cat=0
split_feature=3 4 4 31 23 16
split_gain=2.59231 4.1541 3.23362 4.27822 3.01509 0.873428
threshold=13.071723969601409 -0.23478217001189641 0.2640395218492505 -0.58224186659220545 9.0775182287766274 0.060425330039737692
decision_type=2 2 2 2 2 2
left_child=2 -2 3 -1 -3 -4
right_child=1 4 5 -5 -6 -7
leaf_value=-0.025027392293952278 -0.024060912119391757 0.050050769967761803 0.04558297813546397 0 -0.010632835579428311 0
leaf_weight=19.005068179219961 2.4282036647200576 7.6340976729989034 3.3044980764389029 104.59413599222898 1.4643837511539457 1.3810230642557142
leaf_count=142 14 66 28 701 8 14
internal_value=0 0.0218297 -0.00198875 -0.00383764 0.0377225 0.0344826
internal_weight=139.811 11.5267 128.285 123.599 9.09848 4.68552
internal_count=973 88 885 843 74 42
is_linear=0
shrinkage=0.05


Tree=126
num_leaves=8
num_cat=0
split_feature=34 9 32 23 6 5 6
split_gain=2.56829 8.30061 5.91245 5.86362 12.0493 6.64007 5.09701
threshold=-0.16359156423814816 0.36770377442325797 0.68759469258299111 -0.91830260368942607 0.60672837622941944 2.0784560461347614 0.21401315565627363
decision_type=2 2 2 2 2 2 2
left_child=1 2 -1 4 -2 -5 -3
right_child=3 6 -4 5 -6 -7 -8
leaf_value=0.019404829120172013 -0.0088888580112458822 -0.0082623387547664587 -0.032377175021507297 -0.037578034282907902 0.045689329733892378 -0.0015313071961968218 0.047267994612399021
leaf_weight=8.0668723657727259 27.981517691165209 4.2642804495990303 12.07513567060232 19.49782844260335 14.224057592451571 38.351758453994989 14.884707957506178
leaf_count=54 190 28 67 133 109 275 117
internal_value=0 0.0107952 -0.0105191 -0.00413203 0.00955813 -0.0145375 0.0338649
internal_weight=139.346 39.291 20.142 100.055 42.2056 57.8496 19.149
internal_count=973 266 121 707 299 408 145
is_linear=0
shrinkage=0.05


Tree=127
num_leaves=5
num_cat=0
split_feature=16 39 12 37
split_gain=2.47851 2.94177 6.45238 6.05779
threshold=1.3096865695576361 1.9380428693105431 0.58871939826481923 86.183769580982329
decision_type=2 2 2 2
left_child=1 2 -1 -3
right_child=-2 3 -4 -5
leaf_value=0.035569904776853144 -0.039042113556606708 0.025754109975589926 -0.0068366290008291461 -0.024155355853611962
leaf_weight=8.8087243437767011 2.9280870854854575 25.461633317172527 94.697473861277103 6.5482223704457274
leaf_count=83 25 207 611 47
internal_value=0 0.00123658 -0.00268264 0.0143644
internal_weight=138.444 135.516 103.506 32.0099
internal_count=973 948 694 254
is_linear=0
shrinkage=0.05


Tree=128
num_leaves=8
num_cat=0
split_feature=7 7 4 39 34 16 2
split_gain=2.47865 4.08076 4.60688 3.58544 3.1861 2.98666 1.65247
threshold=28.441109615095211 34.524603166469547 -0.34921726685065718 -1.0671843698659365 0.087843578613554893 0.43242694664727738 0.69912521604422173
decision_type=2 2 2 2 2 2 2
left_child=4 2 -2 -3 6 -6 -1
right_child=1 3 -4 -5 5 -7 -8
leaf_value=-0.052535921216120808 -0.022481026630264231 0.034077452625206416 0.042897837461099736 -0.0030521401865012767 0.033868160974929937 -0.030499810702944996 0
leaf_weight=5.3217062801122648 2.3002605438232413 5.8892457336187354 10.228137370198963 107.01490411907434 3.3445212244987488 1.8747565895318983 2.0530082136392593
leaf_count=31 19 42 92 721 36 15 17
internal_value=0 0.00227442 0.0282716 -0.00061375 -0.0201922 0.00554106 -0.0398764
internal_weight=138.027 125.433 12.5284 112.904 12.594 5.21928 7.37471
internal_count=973 874 111 763 99 51 48
is_linear=0
shrinkage=0.05


Tree=129
num_leaves=6
num_cat=0
split_feature=34 37 17 12 5
split_gain=2.40397 2.82103 3.81636 3.71869 1.85654
threshold=-0.39707886898734379 86.183769580982329 82.337849526760252 0.58871939826481923 2.379508658949109
decision_type=2 2 2 2 2
left_child=4 3 -3 -2 -1
right_child=1 2 -4 -5 -6
leaf_value=0.048144832138453608 0.022183605665754436 -0.040209553988908506 0.029595695892385782 -0.0026674328275217984 -0.0018736923279037165
leaf_weight=3.492071494460105 16.425918564200401 8.1380792409181577 1.2883719950914372 106.639803301543 1.5279676541686056
leaf_count=28 155 60 9 712 9
internal_value=0 -0.00131292 -0.0263476 0.000600067 0.0309854
internal_weight=137.512 132.492 9.42645 123.066 5.02004
internal_count=973 936 69 867 37
is_linear=0
shrinkage=0.05


Tree=130
num_leaves=6
num_cat=0
split_feature=21 0 20 20 12
split_gain=2.40324 3.85472 3.4713 7.5821 3.97589
threshold=0.90449072406380193 19.248571428571562 5.2230714285713677 4.2548928571428961 0.6256707810467077
decision_type=2 2 2 2 2
left_child=2 -2 3 -1 -4
right_child=1 -3 4 -5 -6
leaf_value=0.0097126117245615734 0.049438391061058809 -0.025265512969743244 -0.011237411470238393 -0.049876643459835057 0.0084773110474494744
leaf_weight=8.9966944456100482 4.7038652971386901 1.2567821666598318 36.852639682590961 9.6936164721846563 75.686437748372555
leaf_count=66 45 12 277 68 505
internal_value=0 0.0287288 -0.00141072 -0.0208868 0.00175912
internal_weight=137.19 5.96065 131.229 18.6903 112.539
internal_count=973 57 916 134 782
is_linear=0
shrinkage=0.05


Tree=131
num_leaves=8
num_cat=0
split_feature=6 2 17 25 41 2 24
split_gain=2.39061 7.33487 10.6814 6.09829 5.85378 5.58153 4.42237
threshold=0.35085241950370177 0.63346046123325472 64.338699900502149 2.2671186704149191 0.0011211530677192915 0.64673473448795116 0.18524256784442908
decision_type=2 2 2 2 2 2 2
left_child=4 2 -2 -3 6 -6 -1
right_child=1 3 -4 -5 5 -7 -8
leaf_value=0.039936082132835025 0.023184245194899516 -0.038112160254383548 -0.020023024290808059 0.0059561901881989062 -0.035560405742322436 0.0098832474880704933 -0.012854165962632946
leaf_weight=16.578554153442386 34.652800709009171 21.935905698686838 22.503929100930691 10.209559075534342 9.2355326563119906 17.847115084528923 3.7637602016329756
leaf_count=122 254 136 161 74 65 134 27
internal_value=0 -0.004722 0.00569089 -0.0236042 0.00904648 -0.00543784 0.0288527
internal_weight=136.727 89.3022 57.1567 32.1455 47.425 27.0826 20.3423
internal_count=973 625 415 210 348 199 149
is_linear=0
shrinkage=0.05


Tree=132
num_leaves=6
num_cat=0
split_feature=24 14 44 34 25
split_gain=2.41447 3.55313 3.18712 4.41579 2.78233
threshold=-0.46554203024833213 0.077507857710952269 -0.58224186659220545 0.1584063348081364 -2.7776725802973967
decision_type=2 2 2 2 2
left_child=1 -1 4 -4 -2
right_child=2 -3 3 -5 -6
leaf_value=-0.046079118037750152 -0.037671365573768455 0.020385934180774147 -0.00040096738319079221 0.022048191872431303 0
leaf_weight=5.3282094523310652 7.5851135067641762 1.6540326178073881 80.23423994332552 28.099818572402 13.125434286892412
leaf_count=33 58 13 536 232 101
internal_value=0 -0.0266208 0.00170817 0.00534167 -0.0155173
internal_weight=136.027 6.98224 129.045 108.334 20.7105
internal_count=973 46 927 768 159
is_linear=0
shrinkage=0.05


Tree=133
num_leaves=6
num_cat=0
split_feature=17 35 31 31 4
split_gain=2.35023 5.34138 3.48193 4.34621 4.32064
threshold=19.069297018280199 -1.5674916452716097 -0.58224186659220545 -0.44408093475308624 0.074308657119821195
decision_type=2 2 2 2 2
left_child=1 -1 4 -4 -2
right_child=2 -3 3 -5 -6
leaf_value=0.049153202744614023 -0.033229431197616704 -0.032842136658608113 0.036492658631166471 -0.00097206241543464848 0.021291221567230994
leaf_weight=5.6362095661461353 14.923628043383362 1.6490739881992329 7.2970200031995764 102.76984206214547 3.3683206140995017
leaf_count=52 114 10 68 702 27
internal_value=0 0.0258518 -0.00161734 0.00159282 -0.0213108
internal_weight=135.644 7.28528 128.359 110.067 18.2919
internal_count=973 62 911 770 141
is_linear=0
shrinkage=0.05


Tree=134
num_leaves=7
num_cat=0
split_feature=3 3 33 13 10 45
split_gain=2.35698 3.67329 3.40153 5.05029 2.06314 0.866684
threshold=13.071723969601409 15.289799584062168 8.4129163652332881 4.1516951348623943 19.823464285714284 2.6955000000000005
decision_type=2 2 2 2 2 2
left_child=2 -2 3 -1 -3 -4
right_child=1 4 5 -5 -6 -7
leaf_value=0.00052889114759577217 0.047750046556009978 -0.028850100542092125 0 -0.026231323169436067 0.022132394731998947 0.045230312405008098
leaf_weight=99.543487057089806 5.3594619035720807 3.2930687442421913 1.0152487158775318 20.002763204276562 2.4036330096423626 3.550609789788723
leaf_count=712 43 21 10 133 24 30
internal_value=0 0.0211626 -0.00198514 -0.00392176 -0.00351291 0.0358236
internal_weight=135.168 11.0562 124.112 119.546 5.6967 4.56586
internal_count=973 88 885 845 45 40
is_linear=0
shrinkage=0.05


Tree=135
num_leaves=8
num_cat=0
split_feature=7 7 4 39 34 32 2
split_gain=2.409 3.5075 4.34855 3.34492 2.73943 2.54143 1.40161
threshold=28.441109615095211 34.524603166469547 -0.34921726685065718 -1.0671843698659365 0.087843578613554893 0.65362451501347685 0.69912521604422173
decision_type=2 2 2 2 2 2 2
left_child=4 2 -2 -3 6 -6 -1
right_child=1 3 -4 -5 5 -7 -8
leaf_value=-0.050746067824195121 -0.022309040888488441 0.03341474248717357 0.041479005634080461 -0.0028165500010454126 -0.021912109340855846 0.037018007558321624 0
leaf_weight=5.0832919180393201 2.2834563180804244 5.7557300403714171 9.8178081810474378 104.78894361108541 2.6238986030220985 2.427702821791172 2.0192720964550972
leaf_count=31 19 42 92 721 22 29 17
internal_value=0 0.00225031 0.0267502 -0.000423318 -0.0202544 0.00371463 -0.0387419
internal_weight=134.8 122.646 12.1013 110.545 12.1542 5.0516 7.10256
internal_count=973 874 111 763 99 51 48
is_linear=0
shrinkage=0.05


Tree=136
num_leaves=6
num_cat=0
split_feature=24 32 22 22 3
split_gain=2.29163 3.03525 2.85299 4.9266 4.70337
threshold=-0.46554203024833213 0.67720480397502858 0.70896301585259069 0.70521335412970954 -1.7554278062862065
decision_type=2 2 2 2 2
left_child=1 -1 3 -2 -4
right_child=2 -3 4 -5 -6
leaf_value=-0.044950355331775244 0.0011599948050481687 0.015832759960070605 -0.024165159562986611 -0.051028622029710861 0.03845461294961592
leaf_weight=5.0733979828655711 110.55337869934738 1.7334363162517545 2.7735847011208525 3.6965618729591361 10.485810965299605
leaf_count=35 813 11 18 22 74
internal_value=0 -0.0262236 0.00167486 -0.000739764 0.0228266
internal_weight=134.316 6.80683 127.509 114.25 13.2594
internal_count=973 46 927 835 92
is_linear=0
shrinkage=0.05


Tree=137
num_leaves=8
num_cat=0
split_feature=34 28 2 26 34 23 23
split_gain=2.27135 7.6646 7.4666 6.02496 5.42782 6.11168 3.7817
threshold=-0.16359156423814816 0.0043232312057966387 0.60037274203782687 0.38713865748038628 0.013940611203942327 -0.91830260368942607 8.5407138384332502
decision_type=2 2 2 2 2 2 2
left_child=1 3 -3 -1 6 -6 -2
right_child=4 2 -4 -5 5 -7 -8
leaf_value=-0.027890149413569171 -0.025201024878490064 -0.0085576440692744764 0.053929377110559118 0.030218066431640052 0.021961698275975869 -0.0088916877831194743 0.027640339451928758
leaf_weight=14.206339560449125 31.5461450740695 6.0737214088439968 12.446237869560717 5.0613415874540797 27.410953376442194 34.752712551504374 2.5134442597627631
leaf_count=91 209 41 91 43 224 256 18
internal_value=0 0.0102782 0.0327671 -0.0106547 -0.00403229 0.00444956 -0.0199113
internal_weight=134.011 37.7876 18.52 19.2677 96.2233 62.1637 34.0596
internal_count=973 266 132 134 707 480 227
is_linear=0
shrinkage=0.05


Tree=138
num_leaves=5
num_cat=0
split_feature=16 3 6 18
split_gain=2.30878 2.7259 7.73684 5.54148
threshold=1.3096865695576361 -2.9212794493184897 0.70095432583354322 -0.21765285247445282
decision_type=2 2 2 2
left_child=1 2 -1 -3
right_child=-2 3 -4 -5
leaf_value=-0.0024647852254562272 -0.038158379965924798 0.021784699875891999 0.052236963631159344 -0.0078179739307184994
leaf_weight=17.914638344198469 2.8367931693792334 18.124372666701674 8.4126988127827627 86.051497641950846
leaf_count=134 25 154 67 593
internal_value=0 0.00118722 0.0153718 -0.00227189
internal_weight=133.34 130.503 26.3273 104.176
internal_count=973 948 201 747
is_linear=0
shrinkage=0.05


Tree=139
num_leaves=8
num_cat=0
split_feature=7 6 19 28 11 7 0
split_gain=2.27739 3.90157 7.61934 6.23344 2.68688 2.34118 1.42579
threshold=28.441109615095211 0.35085241950370177 1.9136328807533738 -0.17865968680159613 -0.50366188063185346 26.255208267573831 31.351892857142861
decision_type=2 2 2 2 2 2 2
left_child=4 3 -3 -2 6 -6 -1
right_child=1 2 -4 -5 5 -7 -8
leaf_value=-0.047974548876386282 -0.016795515596164781 -0.016390603467557618 0.013802958900557378 0.027316847765322495 0.037207408150784778 -0.021300085939091246 0
leaf_weight=5.6153670996427536 9.5117005631327611 49.0106449611485 34.328600641340017 28.257193520665169 2.3125093877315503 2.1716192960739136 1.721552202478051
leaf_count=42 68 316 276 214 24 13 20
internal_value=0 0.00217512 -0.00364084 0.0154161 -0.0199753 0.0055969 -0.0373997
internal_weight=132.929 121.108 83.3392 37.7689 11.821 4.48413 7.33692
internal_count=973 874 592 282 99 37 62
is_linear=0
shrinkage=0.05


Tree=140
num_leaves=8
num_cat=0
split_feature=34 9 27 16 34 4 22
split_gain=2.21315 7.36379 6.58091 5.03329 4.87579 5.18919 3.82735
threshold=-0.16359156423814816 0.36770377442325797 28.825106456141352 0.084154824940525827 0.013940611203942327 -0.21017080552549747 0.65738424862648925
decision_type=2 2 2 2 2 2 2
left_child=1 3 -3 -1 6 -6 -2
right_child=4 2 -4 -5 5 -7 -8
leaf_value=-0.031080209691088535 -0.035228879646811213 -0.014536277415253599 0.049396488593592358 0.017459614648586776 -0.011234711913864062 0.017266637340790574 -0.00037126570236963301
leaf_weight=11.369171604514124 16.930540636181831 4.293317116796973 13.620956908911465 7.8682445883750907 27.683005344122648 33.84040199033916 16.743306435644627
leaf_count=73 113 31 114 48 214 266 114
internal_value=0 0.0102401 0.0327942 -0.01011 -0.00399106 0.00406778 -0.0191285
internal_weight=132.349 37.1517 17.9143 19.2374 95.1973 61.5234 33.6738
internal_count=973 266 145 121 707 480 227
is_linear=0
shrinkage=0.05


Tree=141
num_leaves=6
num_cat=0
split_feature=21 11 35 9 10
split_gain=2.1855 2.94928 9.06484 4.71255 2.40236
threshold=0.90449072406380193 0.6859563569777325 2.3875839084047659 2.4555249033699451 7.4613571428570502
decision_type=2 2 2 2 2
left_child=1 3 -3 -1 -2
right_child=4 2 -4 -5 -6
leaf_value=0.0090421064000328118 0.046187329697326092 -0.039705208370441752 0.017114886235675485 -0.015114452815060232 -0.010281410981098162
leaf_weight=73.258742088451982 4.1289133168756953 15.720055900514128 10.602136701345442 26.356367502361536 1.5202638804912565
leaf_count=530 43 105 83 198 14
internal_value=0 -0.00143634 -0.0161153 0.00231555 0.0279702
internal_weight=131.586 125.937 26.3222 99.6151 5.64918
internal_count=973 916 188 728 57
is_linear=0
shrinkage=0.05


Tree=142
num_leaves=8
num_cat=0
split_feature=4 13 6 35 22 19 15
split_gain=2.09569 3.02032 12.5006 6.11583 2.56351 2.12444 1.52782
threshold=0.11846159078830736 4.1516951348623943 0.31017810331174844 2.2004316484667736 0.690581216017638 2.6644637262101849 2.2309158206011017
decision_type=2 2 2 2 2 2 2
left_child=1 3 -3 -1 5 -2 -6
right_child=4 2 -4 -5 6 -7 -8
leaf_value=-0.0028927089087005019 0.046360063272418386 0.028020153814265699 -0.044416652294212142 0.034918305103868279 -0.037364172328082 0 0.010009539247112493
leaf_weight=83.287394838407636 6.4399852827191335 8.1546645760536212 15.174511276185511 11.170845311135052 1.7970243096351612 2.8051367849111557 2.321541965007782
leaf_count=603 60 57 105 89 10 31 18
internal_value=0 -0.00215289 -0.017958 0.00163597 0.0180672 0.0322859 -0.00903796
internal_weight=131.151 117.787 23.3292 94.4582 13.3637 9.24512 4.11857
internal_count=973 854 162 692 119 91 28
is_linear=0
shrinkage=0.05


Tree=143
num_leaves=8
num_cat=0
split_feature=32 26 6 16 29 38 7
split_gain=2.09547 6.27064 5.30055 5.10265 5.04937 4.52496 0.630831
threshold=0.63831827806601471 0.0076173623672248945 0.29800423047110441 0.53213375725103196 0.091352318121426565 0.14264884354770388 25.942902818428568
decision_type=2 2 2 2 2 2 2
left_child=1 6 5 -4 -3 -2 -1
right_child=2 4 3 -5 -6 -7 -8
leaf_value=0 0.031985725991721857 0.019982472109104119 -0.0060138018699134608 0.0448759950074211 -0.034592919509409292 -0.030614493952067737 0.042548492058135802
leaf_weight=0.91908741742372768 20.773212511092428 4.0610343292355564 76.065137652680278 4.2067221961915484 18.762822777032852 2.1179883331060401 3.5818200185894966
leaf_count=10 167 37 536 42 129 13 39
internal_value=0 -0.0120138 0.00332343 -0.00251991 -0.0234018 0.0241083 0.0349457
internal_weight=130.488 27.3248 103.163 80.2719 22.8239 22.8912 4.50091
internal_count=973 215 758 578 166 180 49
is_linear=0
shrinkage=0.05


Tree=144
num_leaves=8
num_cat=0
split_feature=7 7 14 19 11 7 18
split_gain=2.0576 3.13863 4.17812 3.02215 2.55192 2.04676 1.31882
threshold=28.441109615095211 34.524603166469547 -0.25225549498679073 3.2919220136118361 -0.50366188063185346 26.255208267573831 -0.97635283905025971
decision_type=2 2 2 2 2 2 2
left_child=4 2 -2 -3 6 -6 -1
right_child=1 3 -4 -5 5 -7 -8
leaf_value=0 -0.012747988414707867 -0.0036600681743758148 0.044567131780810232 0.022496539569002799 0.035873173249811513 -0.019283528198922685 -0.047213218153023928
leaf_weight=1.7596291676163671 3.4531109854578963 95.522371228784323 8.0965813882648927 11.41769354790449 2.229399122297762 2.083289310336113 5.3315059617161751
leaf_count=21 26 667 85 96 24 13 41
internal_value=0 0.00208986 0.0257887 -0.000453245 -0.0193038 0.00590889 -0.0365626
internal_weight=129.894 118.49 11.5497 106.94 11.4038 4.31269 7.09114
internal_count=973 874 111 763 99 37 62
is_linear=0
shrinkage=0.05


Tree=145
num_leaves=8
num_cat=0
split_feature=34 9 27 16 34 23 22
split_gain=2.08581 6.81412 6.21211 4.6814 4.50603 5.49891 3.35981
threshold=-0.16359156423814816 0.36770377442325797 28.825106456141352 0.084154824940525827 0.013940611203942327 -0.91830260368942607 0.65738424862648925
decision_type=2 2 2 2 2 2 2
left_child=1 3 -3 -1 6 -6 -2
right_child=4 2 -4 -5 5 -7 -8
leaf_value=-0.030082969491215073 -0.033980397268197772 -0.014220731505750648 0.048501637391873187 0.01697243628329503 0.020873994571250099 -0.0088618975830493385 -0.00072993021239446091
leaf_weight=11.135689109563829 16.449471887201071 4.1856724135577705 13.234452884644268 7.8149118572473517 26.425829563289881 33.787282433360815 16.37260527163744
leaf_count=73 113 31 114 48 224 256 114
internal_value=0 0.0100663 0.0321198 -0.00954693 -0.00389658 0.00390775 -0.0186452
internal_weight=129.406 36.3707 17.4201 18.9506 93.0352 60.2131 32.8221
internal_count=973 266 145 121 707 480 227
is_linear=0
shrinkage=0.05


Tree=146
num_leaves=5
num_cat=0
split_feature=21 43 8 25
split_gain=2.05177 3.16907 2.91458 3.2926
threshold=0.90449072406380193 0.0368791738249118 0.87167787732512658 2.8439200951048975
decision_type=2 2 2 2
left_child=2 -2 3 -1
right_child=1 -3 -4 -5
leaf_value=0 -0.022137499529842612 0.047050059065415012 0.040331525545980781 -0.024736962219940692
leaf_weight=106.0983295366168 1.139740154147147 4.3161597214639187 2.9799833670258513 14.163877241313456
leaf_count=788 12 45 28 100
internal_value=0 0.0275341 -0.00137545 -0.00293914
internal_weight=128.698 5.4559 123.242 120.262
internal_count=973 57 916 888
is_linear=0
shrinkage=0.05


Tree=147
num_leaves=5
num_cat=0
split_feature=16 3 18 18
split_gain=2.06182 2.25817 7.15527 4.86354
threshold=1.3096865695576361 -2.9212794493184897 -0.13114415721239633 -0.21765285247445282
decision_type=2 2 2 2
left_child=1 2 -1 -3
right_child=-2 3 -4 -5
leaf_value=-0.010292676119329162 -0.036745383224735806 0.020805591686344455 0.040153906533755987 -0.0073644134375645785
leaf_weight=12.775168523192407 2.6940193623304358 17.555531948804855 12.533985532820223 82.828358989208937
leaf_count=92 25 154 109 593
internal_value=0 0.00114743 0.0143167 -0.00203472
internal_weight=128.387 125.693 25.3092 100.384
internal_count=973 948 201 747
is_linear=0
shrinkage=0.05


Tree=148
num_leaves=7
num_cat=0
split_feature=39 39 23 16 34 5
split_gain=2.0255 3.46744 6.99027 4.33558 2.24711 0.804389
threshold=-1.0671843698659365 0.16900258299231377 2.0728980582277932 0.060364479945237574 -0.03514737800310936 1.5837545874941903
decision_type=2 2 2 2 2 2
left_child=4 2 -2 -3 5 -1
right_child=1 3 -4 -5 -6 -7
leaf_value=0 0.0041779471458825929 -0.0075886116680693397 -0.041932665455357766 0.013877346941650255 -0.0055619238838377849 0.051423003725282461
leaf_weight=0.86921522766351689 16.914392806589607 44.327643807977438 13.331341419368981 46.484336607158184 2.394413895905017 3.6528617888689041
leaf_count=7 119 348 89 365 16 29
internal_value=0 -0.00152488 -0.0160376 0.00315844 0.0245722 0.0431731
internal_weight=127.974 121.058 30.2457 90.812 6.91649 4.52208
internal_count=973 921 208 713 52 36
is_linear=0
shrinkage=0.05


Tree=149
num_leaves=8
num_cat=0
split_feature=31 31 2 2 22 16 28
split_gain=2.03728 3.76953 3.48164 4.50332 3.05188 1.2836 0.271787
threshold=-0.58224186659220545 -0.44408093475308624 0.57381856400452913 0.6130836294661226 0.60699820781055414 0.31441099925433041 0.20061151888948978
decision_type=2 2 2 2 2 2 2
left_child=2 5 6 -4 -3 -2 -1
right_child=1 4 3 -5 -6 -7 -8
leaf_value=-0.04697315745842455 0.044668725947710514 0.014090554233100497 0.0458916748734653 -0.015525311707306033 -0.0051643073606925972 0 0
leaf_weight=5.1761992163956192 5.7568683046847573 27.42413592711091 3.0583222806453696 10.248540222644804 73.475868064910173 1.3352221995592115 1.1161221116781233
leaf_count=41 59 227 25 84 510 16 11
internal_value=0 0.00279119 -0.0143538 0 0 0.0356301 -0.0421378
internal_weight=127.591 107.992 19.5992 13.3069 100.9 7.09209 6.29232
internal_count=973 812 161 109 737 75 52
is_linear=0
shrinkage=0.05


Tree=150
num_leaves=6
num_cat=0
split_feature=17 32 17 34 34
split_gain=2.01416 4.21657 3.41278 4.91393 4.68881
threshold=19.069297018280199 0.73575817654411291 26.396538792543002 -0.16359156423814816 0.069445555044935034
decision_type=2 2 2 2 2
left_child=1 -1 4 -4 -2
right_child=2 -3 3 -5 -6
leaf_value=0.046711522927796817 -0.038341968437113128 -0.028529618646753185 0.020661004472711984 -0.0041453733588921486 0.0015661840154952093
leaf_weight=5.0982599835842839 12.449917364865543 1.457530081272125 26.682792339473963 67.862676676362753 13.612824868410824
leaf_count=52 79 10 203 521 108
internal_value=0 0.0251127 -0.00149099 0.00273684 -0.0172861
internal_weight=127.164 6.55579 120.608 94.5455 26.0627
internal_count=973 62 911 724 187
is_linear=0
shrinkage=0.05


Tree=151
num_leaves=8
num_cat=0
split_feature=7 7 14 14 11 7 20
split_gain=2.00289 2.66042 3.83569 2.76832 2.37225 1.82068 1.21922
threshold=28.441109615095211 34.524603166469547 -0.25225549498679073 0.4117557900948165 -0.50366188063185346 26.255208267573831 28.671857142857142
decision_type=2 2 2 2 2 2 2
left_child=4 2 -2 -3 6 -6 -1
right_child=1 3 -4 -5 5 -7 -8
leaf_value=-0.046256762852321151 -0.01239780500528535 0.0018472402129013283 0.042970469012460849 -0.02804245618146145 0.034423456230501408 -0.018284742370901861 0
leaf_weight=5.2393227219581604 3.4067503586411476 97.313339963555336 7.6922725550830346 7.3840156793594351 2.1091596223413926 2.0161113142967224 1.6060692723840473
leaf_count=42 26 714 85 49 24 13 20
internal_value=0 0.00205809 0.0242893 -0.000269638 -0.0194156 0.00524445 -0.0362374
internal_weight=126.767 115.796 11.099 104.697 10.9707 4.12527 6.84539
internal_count=973 874 111 763 99 37 62
is_linear=0
shrinkage=0.05


Tree=152
num_leaves=8
num_cat=0
split_feature=4 20 0 9 31 3 5
split_gain=1.98858 3.00526 4.90507 4.4547 2.72259 3.45064 2.17039
threshold=-0.39402545414229229 15.584714285714298 24.735928571428666 3.0880504092837948 -0.055734949760965678 1.2316775587789837 -2.3969204969356555
decision_type=2 2 2 2 2 2 2
left_child=4 3 -3 -2 6 -6 -1
right_child=1 2 -4 -5 5 -7 -8
leaf_value=0 0.011184941988211222 -0.037203253133788743 0.01274898646538805 -0.017343507852653539 0.03401160739971508 -0.025082009198617181 -0.048934542344458598
leaf_weight=1.9577360823750494 78.457356184720993 10.195395782589914 7.0900245998054734 15.039613429456947 3.8901148848235589 3.8005928993225098 5.8867184184491634
leaf_count=19 594 72 64 111 34 26 53
internal_value=0 0.00243488 -0.0157702 0.00619642 -0.0161425 0.00240627 -0.0353702
internal_weight=126.318 110.782 17.2854 93.497 15.5352 7.69071 7.84445
internal_count=973 841 136 705 132 60 72
is_linear=0
shrinkage=0.05


Tree=153
num_leaves=7
num_cat=0
split_feature=3 3 27 27 0 2
split_gain=1.9644 2.79578 2.67865 3.0519 1.41193 0.525184
threshold=13.071723969601409 15.289799584062168 19.714855800319359 35.939074997798713 26.262214285714389 0.67941563557303741
decision_type=2 2 2 2 2 2
left_child=2 -2 5 -4 -3 -1
right_child=1 4 3 -5 -6 -7
leaf_value=0.041290581071470656 0.044309919374305999 -0.024148154634735592 -0.01556423072764793 0.0017349172717330517 0.019375166149658726 0
leaf_weight=3.0429492965340605 4.8371786251664144 3.037163034081459 35.890837319195271 75.703490994870663 2.1819669436663389 1.100027162581682
leaf_count=32 43 21 268 578 24 7
internal_value=0 0.0201519 -0.00189914 -0.0036956 -0.00174283 0.0329387
internal_weight=125.794 10.0563 115.737 111.594 5.21913 4.14298
internal_count=973 88 885 846 45 39
is_linear=0
shrinkage=0.05


Tree=154
num_leaves=6
num_cat=0
split_feature=33 3 4 33 45
split_gain=1.89688 2.67853 3.0963 2.96182 1.45829
threshold=8.4129163652332881 13.071723969601409 -0.23478217001189641 2.396266510007536 2.6955000000000005
decision_type=2 2 2 2 2
left_child=1 3 -3 -1 -2
right_child=4 2 -4 -5 -6
leaf_value=0.0016037851728387172 -0.001453866822356454 -0.01837697373630728 0.037823361843639956 -0.015510279865300498 0.043586884169725476
leaf_weight=76.063307587057352 1.2864111103117455 2.077911876142025 7.428667424246667 35.315935079008341 3.3122216761112213
leaf_count=582 13 14 71 263 30
internal_value=0 -0.00125067 0.0225799 -0.00368998 0.0285127
internal_weight=125.484 120.886 9.50658 111.379 4.59863
internal_count=973 930 85 845 43
is_linear=0
shrinkage=0.05


Tree=155
num_leaves=7
num_cat=0
split_feature=34 39 5 5 12 4
split_gain=1.9326 6.15621 3.26996 7.65974 1.66289 0.0313829
threshold=0.31484917876242119 3.3037776460132267 3.0632053582737488 2.6038657786866786 0.67223202399576565 -0.45148556088474961
decision_type=2 2 2 2 2 2
left_child=2 4 3 -1 -2 -4
right_child=1 -3 5 -5 -6 -7
leaf_value=-0.0041177407514831413 0.044278461953925027 -0.032634910815378747 0 0.043502406725580561 -0.00068323387768065927 -0.042015917480743563
leaf_weight=98.448508892208338 8.8870507050305587 3.211883269250392 1.2013450264930723 8.2277448847889882 1.2200069874525059 3.9630068317055693
leaf_count=731 89 29 10 71 9 34
internal_value=0 0.0173764 -0.00212182 0 0.0370275 -0.0375309
internal_weight=125.16 13.3189 111.841 106.676 10.1071 5.16435
internal_count=973 127 846 802 98 44
is_linear=0
shrinkage=0.05


Tree=156
num_leaves=8
num_cat=0
split_feature=32 10 6 18 10 38 4
split_gain=1.89872 4.98971 4.8111 4.77206 4.26949 3.83972 1.66074
threshold=0.63831827806601471 9.7879642857143896 0.29800423047110441 -0.1626233864512712 8.0691785714285533 0.14264884354770388 -0.30552471444438517
decision_type=2 2 2 2 2 2 2
left_child=1 4 5 -4 -1 -2 -3
right_child=2 6 3 -5 -6 -7 -8
leaf_value=-0.010896653361537927 0.030996142018212609 0 0.018710128080506202 -0.0096871610029163474 0.040660916550568027 -0.027617758078260075 -0.049874585661081244
leaf_weight=12.82781900465489 19.741708986461166 1.3800901286303995 18.416925389319658 58.564301941543818 4.5444183610379687 1.9892915040254582 7.1209454536437971
leaf_count=112 167 15 154 424 37 13 51
internal_value=0 -0.0117486 0.00322568 -0.00242002 0.00270866 0.0235518 -0.0410994
internal_weight=124.586 25.8733 98.7122 76.9812 17.3722 21.731 8.50104
internal_count=973 215 758 578 149 180 66
is_linear=0
shrinkage=0.05


Tree=157
num_leaves=6
num_cat=0
split_feature=21 20 20 0 7
split_gain=1.86078 2.826 5.85294 2.74139 2.609
threshold=0.90449072406380193 5.2230714285713677 4.2548928571428961 19.248571428571562 26.496797686059477
decision_type=2 2 2 2 2
left_child=1 2 -1 -2 -3
right_child=3 4 -4 -5 -6
leaf_value=0.0080029446278402621 0.045428151264859745 -0.026954733752212232 -0.046472265510239169 -0.019892774139610325 0.0040154217725480428
leaf_weight=8.1874916180968302 4.078249614685773 6.21233807504177 8.7446654960513097 1.0500685609877107 95.7563396692276
leaf_count=66 45 59 68 12 723
internal_value=0 -0.00133626 -0.0197595 0.0269101 0.00164235
internal_weight=124.029 118.901 16.9322 5.12832 101.969
internal_count=973 916 134 57 782
is_linear=0
shrinkage=0.05


Tree=158
num_leaves=7
num_cat=0
split_feature=39 39 3 3 4 16
split_gain=1.83901 2.95106 13.7816 4.53498 1.81336 0.618596
threshold=-1.0671843698659365 0.16900258299231377 -1.4184244602324723 3.2196498102200626 -0.18614254645202422 0.078086354773301739
decision_type=2 2 2 2 2 2
left_child=4 2 -2 -3 -1 -6
right_child=1 3 -4 -5 5 -7
leaf_value=0.04667397144764078 0.029710106431088758 -0.0047932006041563752 -0.039510023286873086 0.018922838147078569 0.016204055970035373 -0.016862646791639704
leaf_weight=3.0652660951018333 9.8496382683515566 58.840476002544165 19.377101853489876 28.834335898980498 1.6592637524008744 1.9831069596111772
leaf_count=21 77 467 131 246 15 16
internal_value=0 -0.00152698 -0.0151441 0.00285 0.0236817 0
internal_weight=123.609 116.902 29.2267 87.6748 6.70764 3.64237
internal_count=973 921 208 713 52 31
is_linear=0
shrinkage=0.05


Tree=159
num_leaves=8
num_cat=0
split_feature=44 44 2 2 34 29 28
split_gain=1.79023 3.31133 3.1879 3.81807 2.73336 1.46497 0.251623
threshold=-0.58224186659220545 -0.44408093475308624 0.57381856400452913 0.6130836294661226 0.27783664292865312 -1.0000000180025095e-35 0.20061151888948978
decision_type=2 2 2 2 2 2 2
left_child=2 5 6 -4 -3 -2 -1
right_child=1 4 3 -5 -6 -7 -8
leaf_value=-0.045777803824124053 -0.0025082334962193615 -0.0029130747886312409 0.043530310337770023 -0.014238081776214906 0.022562625116591434 0.043231638798840226 0
leaf_weight=4.8897560872137573 0.90688709914684285 86.663181513547897 2.8764450922608367 9.850985184311865 10.961944364011286 5.7740370519459239 1.0853753834962843
leaf_count=41 5 642 25 84 95 70 11
internal_value=0 0.00263606 -0.0137846 0 0 0.0342498 -0.0409796
internal_weight=123.009 104.306 18.7026 12.7274 97.6251 6.68092 5.97513
internal_count=973 812 161 109 737 75 52
is_linear=0
shrinkage=0.05


Tree=160
num_leaves=5
num_cat=0
split_feature=16 12 20 20
split_gain=1.77204 2.12926 2.8197 1.04652
threshold=1.3096865695576361 0.54000025796959539 5.2033571428570609 20.505178571428559
decision_type=2 2 2 2
left_child=1 3 -3 -1
right_child=-2 2 -4 -5
leaf_value=0.040547141320070687 -0.034969159669912084 -0.018999957651718035 0.002818134128379504 0
leaf_weight=3.9096494428813449 2.5109603479504576 16.33882898837328 99.018944926559925 0.78281914815306652
leaf_count=44 25 129 760 15
internal_value=0 0.00106282 -0.000193973 0.0309576
internal_weight=122.561 120.05 115.358 4.69247
internal_count=973 948 889 59
is_linear=0
shrinkage=0.05


Tree=161
num_leaves=7
num_cat=0
split_feature=39 39 3 3 27 41
split_gain=1.76935 2.64729 12.5957 3.99865 1.59248 0.707832
threshold=-1.0671843698659365 0.16900258299231377 -1.4184244602324723 3.2196498102200626 63.945689306127456 0.00056519183112375428
decision_type=2 2 2 2 2 2
left_child=4 2 -2 -3 5 -1
right_child=1 3 -4 -5 -6 -7
leaf_value=-0.023214190654981912 0.028472224105883206 -0.004536305225933018 -0.038137290605975621 0.017820399598183875 0.041598697930053392 0.014085321821104266
leaf_weight=1.3297930806875222 9.7289475053548831 58.423016026616096 18.978318184614182 28.557391911745071 3.7064494490623474 1.5910625904798505
leaf_count=10 77 467 131 246 30 12
internal_value=0 -0.00149355 -0.0145231 0.00263881 0.0233626 0
internal_weight=122.315 115.688 28.7073 86.9804 6.62731 2.92086
internal_count=973 921 208 713 52 22
is_linear=0
shrinkage=0.05


Tree=162
num_leaves=8
num_cat=0
split_feature=4 32 16 41 31 3 37
split_gain=1.7777 2.73054 5.57255 4.8758 2.4375 3.00574 1.72229
threshold=-0.39402545414229229 0.63831827806601471 0.084154824940525827 0.0011211530677192915 -0.055734949760965678 1.2316775587789837 25.163734018238703
decision_type=2 2 2 2 2 2 2
left_child=4 3 -3 -2 6 -6 -1
right_child=1 2 -4 -5 5 -7 -8
leaf_value=0.0074072945486548109 0.024445280564258362 -0.0034560462819678579 0.022319560340352724 -0.024628120984892601 0.032218094033804955 -0.023838445288971943 -0.043183094379188137
leaf_weight=0.82230987399816502 5.4968584589660194 49.373053984716535 33.622797518968582 18.468363013118505 3.7342677041888219 3.636350080370903 6.5698924213647842
leaf_count=6 53 381 261 146 34 26 66
internal_value=0 0.00234364 0.00682979 -0.0118425 -0.0156309 0.00203159 -0.0343644
internal_weight=121.724 106.961 82.9959 23.9652 14.7628 7.37062 7.3922
internal_count=973 841 642 199 132 60 72
is_linear=0
shrinkage=0.05


Tree=163
num_leaves=8
num_cat=0
split_feature=24 11 35 43 41 18 24
split_gain=1.66393 3.65656 6.97614 5.9775 3.60245 3.25723 1.25842
threshold=0.096538913720307276 0.6859563569777325 2.3875839084047659 0.03812250533917088 0.0030303191226761137 0.08338024603127471 0.1913049607931207
decision_type=2 2 2 2 2 2 2
left_child=1 3 -3 -1 5 -2 -6
right_child=4 2 -4 -5 6 -7 -8
leaf_value=0.039711500727494256 -0.028293021056781827 -0.034902849630695579 0.021110664823115462 0.0017151673053498078 -0.00069420320238142749 0.0029408027858118658 0.040613568743228252
leaf_weight=12.455949578434227 18.878033887594942 13.410147856920959 7.6374301500618449 52.411870513111353 1.2412529885768879 11.813365034759043 3.3500885628163815
leaf_count=105 135 103 81 404 12 92 41
internal_value=0 0.00380086 -0.013408 0.00988292 -0.00894671 -0.0157686 0.0268481
internal_weight=121.198 85.9154 21.0476 64.8678 35.2827 30.6914 4.59134
internal_count=973 693 184 509 280 227 53
is_linear=0
shrinkage=0.05


Tree=164
num_leaves=8
num_cat=0
split_feature=34 28 2 26 34 23 22
split_gain=1.72189 5.61203 5.85091 4.66445 3.8307 4.73926 2.85725
threshold=-0.16359156423814816 0.0043232312057966387 0.60037274203782687 0.38713865748038628 0.013940611203942327 -0.91830260368942607 0.65738424862648925
decision_type=2 2 2 2 2 2 2
left_child=1 3 -3 -1 6 -6 -2
right_child=4 2 -4 -5 5 -7 -8
leaf_value=-0.024876156269804526 -0.032245281100930431 -0.007423374173312478 0.050186508652285612 0.028504373565955882 0.02019460688826728 -0.0084147860095355534 -0.00045634996493591773
leaf_weight=13.025859527289869 15.416930060833694 5.5586140826344517 10.882099103182552 4.5147212594747534 24.439233032986522 31.405719984322786 15.372258652001618
leaf_count=91 113 41 91 43 224 256 114
internal_value=0 0.00945986 0.0299663 -0.00899194 -0.00366058 0.00380066 -0.0176739
internal_weight=120.615 33.9813 16.4407 17.5406 86.6341 55.845 30.7892
internal_count=973 266 132 134 707 480 227
is_linear=0
shrinkage=0.05


Tree=165
num_leaves=7
num_cat=0
split_feature=7 6 28 14 28 41
split_gain=1.70995 2.72046 5.75538 5.22089 1.76004 1.35458
threshold=28.441109615095211 0.35085241950370177 -0.28394875432503686 0.11537366454288674 -0.047680514326020294 0.0049484850776659725
decision_type=2 2 2 2 2 2
left_child=4 3 -3 -2 5 -1
right_child=1 2 -4 -5 -6 -7
leaf_value=-0.039166420090909586 0.026163270761746068 0.022139157553582676 -0.010540413453722334 -0.014483184623503771 0.013628061667416376 0
leaf_weight=6.2567837946116907 24.218487028032541 16.083646204322577 59.703970637172461 9.8751041404902917 1.7459667772054661 2.1215566229075193
leaf_count=56 197 147 445 85 16 27
internal_value=0 0.00194501 -0.00308158 0.0136005 -0.0186165 -0.0287384
internal_weight=120.006 109.881 75.7876 34.0936 10.1243 8.37834
internal_count=973 874 592 282 99 83
is_linear=0
shrinkage=0.05


Tree=166
num_leaves=6
num_cat=0
split_feature=17 32 17 25 29
split_gain=1.81722 3.66512 2.99369 3.88912 3.62172
threshold=19.069297018280199 0.73575817654411291 26.396538792543002 -2.1400614856170748 2.5028789529835653
decision_type=2 2 2 2 2
left_child=1 -1 3 -2 -4
right_child=2 -3 4 -5 -6
leaf_value=0.045137894475946329 -0.025458903864599494 -0.026377256239097341 -0.0025880866805497583 0.023540895641729551 0.020885843633465469
leaf_weight=4.8079050537198773 21.022331669926647 1.342805318534374 68.687100160866976 3.6174913197755805 20.100420966744423
leaf_count=52 163 10 525 24 199
internal_value=0 0.0245234 -0.00145613 -0.0166524 0.00262112
internal_weight=119.578 6.15071 113.427 24.6398 88.7875
internal_count=973 62 911 187 724
is_linear=0
shrinkage=0.05


Tree=167
num_leaves=8
num_cat=0
split_feature=32 26 26 10 43 9 32
split_gain=1.67624 4.97968 4.17697 3.16016 6.23224 4.45481 0.49644
threshold=0.63831827806601471 0.0076173623672248945 0.2471456097574907 9.7095714285713779 0.037408620924860587 2.4966499419847232 0.59360607763016415
decision_type=2 2 2 2 2 2 2
left_child=1 6 -3 5 -5 -2 -1
right_child=3 2 -4 4 -6 -7 -8
leaf_value=0 0.0045413869004079597 -0.037333762023270968 0.0064022588139061969 -0.010578095045264734 0.041685623781775184 -0.02482882423483905 0.039456824712762101
leaf_weight=0.79061344265938105 58.647436883300543 13.754228044301273 6.8808219097554675 8.3027371168136614 12.359176322817801 15.330009337514637 3.1760883033275604
leaf_count=10 440 95 71 78 118 122 39
internal_value=0 -0.011278 -0.0219725 0.00312536 0.0200112 -0.00146141 0.0325444
internal_weight=119.241 24.6018 20.635 94.6394 20.6619 73.9774 3.9667
internal_count=973 215 166 758 196 562 49
is_linear=0
shrinkage=0.05


Tree=168
num_leaves=8
num_cat=0
split_feature=4 20 3 20 31 3 5
split_gain=1.67113 2.54816 3.76383 2.94325 2.26114 2.59683 1.87637
threshold=-0.39402545414229229 15.584714285714298 -2.6484355915356441 17.982964285714228 -0.055734949760965678 1.2316775587789837 -2.3969204969356555
decision_type=2 2 2 2 2 2 2
left_child=4 2 -2 -3 6 -6 -1
right_child=1 3 -4 -5 5 -7 -8
leaf_value=0 0.02587439266441759 -0.034380005919499884 0.00025558539051605088 0.0045918621476927542 0.030578706709052057 -0.02226152563468203 -0.046950425989553068
leaf_weight=1.8765717595815656 17.689212564378977 8.3185940533876437 70.653034508228302 7.6838466841727486 3.5911687314510328 3.4958801828324795 5.3131554983556271
leaf_count=19 153 59 552 77 34 26 53
internal_value=0 0.00233887 0.00589738 -0.0150272 -0.0153543 0.00189276 -0.0335628
internal_weight=118.621 104.345 88.3422 16.0024 14.2768 7.08705 7.18973
internal_count=973 841 705 136 132 60 72
is_linear=0
shrinkage=0.05


Tree=169
num_leaves=5
num_cat=0
split_feature=16 27 31 27
split_gain=1.65724 2.0789 4.6374 2.53848
threshold=1.3096865695576361 23.657037571715694 0.61422158490641376 35.939074997798713
decision_type=2 2 2 2
left_child=1 2 -1 -3
right_child=-2 3 -4 -5
leaf_value=0.042900577566665266 -0.034151755004517101 -0.012715684999866785 -0.028475684422280864 0.0039943244564765723
leaf_weight=6.8653969690203649 2.4310204684734336 30.981111381202936 1.9655311852693556 75.888392616063356
leaf_count=79 25 242 11 616
internal_value=0 0.0011006 0.0231905 -0.000691062
internal_weight=118.131 115.7 8.83093 106.87
internal_count=973 948 90 858
is_linear=0
shrinkage=0.05


Tree=170
num_leaves=8
num_cat=0
split_feature=31 25 7 29 2 2 9
split_gain=1.60961 3.1441 4.35163 4.24383 2.81909 3.34318 0.255096
threshold=-0.58224186659220545 -2.5991734003299434 36.841434510082962 3.4661182277049796 0.57381856400452913 0.6130836294661226 3.509967751456756
decision_type=2 2 2 2 2 2 2
left_child=4 3 -3 -2 6 -6 -1
right_child=1 2 -4 -5 5 -7 -8
leaf_value=-0.044600928191931809 0.040038602485976543 -0.02493572355584401 0.0040438312616059915 -0.014265181589379873 0.04153931299257782 -0.013742566586831765 0
leaf_weight=4.553642179816964 10.280887600034474 14.695185046643017 71.32621893659234 3.839109130203723 2.709868185222148 9.3597913794219476 1.0583008155226705
leaf_count=36 114 102 556 40 25 84 16
internal_value=0 0.00255824 -0.000849168 0.0236535 -0.0134152 0 -0.0396786
internal_weight=117.823 100.141 86.0214 14.12 17.6816 12.0697 5.61194
internal_count=973 812 658 154 161 109 52
is_linear=0
shrinkage=0.05


Tree=171
num_leaves=6
num_cat=0
split_feature=34 37 37 32 5
split_gain=1.60482 2.15432 5.98529 2.82636 1.70374
threshold=-0.39707886898734379 81.788682247958789 79.891245631613245 0.70087664383167259 2.379508658949109
decision_type=2 2 2 2 2
left_child=4 2 -2 -3 -1
right_child=1 3 -4 -5 -6
leaf_value=0.045070637808010468 -0.0013484105502125227 0.0017216312245375506 0.054194475915975662 -0.03879068671255257 -0.0049685787251342803
leaf_weight=2.9629366509616366 95.16130475141108 6.5383428521454316 4.0847745090723029 7.2727704718708992 1.2938380166888235
leaf_count=28 785 57 37 57 9
internal_value=0 -0.00120138 0.00120605 -0.0191024 0.0270537
internal_weight=117.314 113.057 99.2461 13.8111 4.25677
internal_count=973 936 822 114 37
is_linear=0
shrinkage=0.05


Tree=172
num_leaves=6
num_cat=0
split_feature=17 32 31 4 34
split_gain=1.55482 3.32714 2.63242 3.39928 3.01652
threshold=19.069297018280199 0.73575817654411291 -0.58224186659220545 0.074308657119821195 0.27783664292865312
decision_type=2 2 2 2 2
left_child=1 -1 3 -2 -4
right_child=2 -3 4 -5 -6
leaf_value=0.043533509212125808 -0.031683354502452785 -0.025269573219197018 -0.0016805092695468171 0.019392947611708369 0.023685518839737421
leaf_weight=4.5583726465702048 12.526055801659821 1.2976939454674719 83.263998251408339 2.8999159261584273 12.443042639642952
leaf_count=52 114 10 651 27 119
internal_value=0 0.0231786 -0.00134769 -0.0199635 0.00156968
internal_weight=116.989 5.85607 111.133 15.426 95.707
internal_count=973 62 911 141 770
is_linear=0
shrinkage=0.05


Tree=173
num_leaves=7
num_cat=0
split_feature=39 45 20 32 34 19
split_gain=1.57994 2.88022 5.89922 2.73431 1.95048 0.0255724
threshold=-1.0671843698659365 0.83500000000000008 4.2548928571428961 0.68056347624871616 -0.03514737800310936 0.11932245170344342
decision_type=2 2 2 2 2 2
left_child=4 2 -2 -3 5 -1
right_child=1 3 -4 -5 -6 -7
leaf_value=0.046962753894002271 0.016734001763192868 -0.0068334856835843925 -0.040386492739518845 0.010018401411662589 -0.0054817813410640076 0.00022600381225362077
leaf_weight=2.8868748806416988 5.7155727893114117 43.757832236588001 11.238446217030285 49.534985242411494 2.2381287887692443 1.1995457187294958
leaf_count=23 43 369 87 422 16 13
internal_value=0 -0.00140644 -0.019878 0.00186046 0.0225659 0.0409002
internal_weight=116.571 110.247 16.954 93.2928 6.32455 4.08642
internal_count=973 921 130 791 52 36
is_linear=0
shrinkage=0.05


Tree=174
num_leaves=7
num_cat=0
split_feature=28 15 11 30 4 22
split_gain=1.53312 3.92283 4.17726 3.27314 2.82276 2.5194
threshold=0.56103912662061073 2.8338926675872718 0.6859563569777325 3.7094642857142786 -0.20946506214103952 0.5937960575554232
decision_type=2 2 2 2 2 2
left_child=1 2 -1 -3 -2 -6
right_child=4 3 -4 -5 5 -7
leaf_value=0.003119283004044 -0.040500528414468384 0 -0.025300114287288844 0.054029649803799241 -0.0255755064945794 0.036757054749965754
leaf_weight=83.270561631768942 5.2463349662721157 4.0334092453122121 14.180883858352898 5.2588738799095154 1.6775435470044593 2.5645279139280319
leaf_count=684 44 36 115 48 19 27
internal_value=0 0.00186564 -0.000977277 0.0313075 -0.018157 0.00716168
internal_weight=116.232 106.744 97.4514 9.29228 9.48841 4.24207
internal_count=973 883 799 84 90 46
is_linear=0
shrinkage=0.05


Tree=175
num_leaves=8
num_cat=0
split_feature=24 29 29 38 24 14 14
split_gain=1.57972 3.19748 6.96076 5.47347 2.96158 3.22268 2.27098
threshold=0.096538913720307276 2.5028789529835653 0.78561067397253137 -0.057877351838309332 0.20519200229056384 -0.16982536092639497 -0.30480409345888676
decision_type=2 2 2 2 2 2 2
left_child=1 2 -1 -3 6 -6 -2
right_child=4 3 -4 -5 5 -7 -8
leaf_value=0.014329541502202234 0.016653301776127501 -0.015186064943450303 -0.017769465465330217 0.040782628621109769 -0.028944654781738535 0.017057479851985691 -0.030977704484768859
leaf_weight=33.527898155152798 1.6037850826978708 5.1714909896254566 31.854246348142624 11.86425721272826 3.9889297485351589 13.419166790321468 14.40871464088559
leaf_count=256 15 51 259 127 28 131 106
internal_value=0 0.00379875 -0.000964619 0.0225063 -0.00893108 0.00415859 -0.0240391
internal_weight=115.838 82.4179 65.3821 17.0357 33.4206 17.4081 16.0125
internal_count=973 693 515 178 280 159 121
is_linear=0
shrinkage=0.05


Tree=176
num_leaves=7
num_cat=0
split_feature=39 45 36 12 34 26
split_gain=1.49703 2.59356 5.4548 2.87064 1.79974 0.0962717
threshold=-1.0671843698659365 0.83500000000000008 0.047341164747679958 0.71102217973211834 -0.03514737800310936 0.12423659320552889
decision_type=2 2 2 2 2 2
left_child=4 2 -2 -3 5 -1
right_child=1 3 -4 -5 -6 -7
leaf_value=0 0.0069244678836086863 -0.0014247799395182017 -0.045910229127764698 0.024116237475354046 -0.0046315787121285652 0.046197071601795536
leaf_weight=1.1797785051167009 8.3939518034458178 80.763241037726402 8.2998042665421945 11.529995575547217 2.2272377759218207 2.8447945341467857
leaf_count=15 66 694 64 97 16 21
internal_value=0 -0.00137495 -0.0190411 0.00172233 0.0220775 0.0398141
internal_weight=115.239 108.987 16.6938 92.2932 6.25181 4.02457
internal_count=973 921 130 791 52 36
is_linear=0
shrinkage=0.05


Tree=177
num_leaves=8
num_cat=0
split_feature=32 26 32 36 18 31 19
split_gain=1.52084 4.31998 3.91437 3.3703 2.47163 1.47318 0.519867
threshold=0.63831827806601471 0.0076173623672248945 0.59548226840496821 0.28002293017679686 -0.1626233864512712 -0.65008416005900072 3.6834190127214437
decision_type=2 2 2 2 2 2 2
left_child=1 6 -3 4 -2 -5 -1
right_child=3 2 -4 5 -6 -7 -8
leaf_value=0.03796041880724231 0.015654266813757287 0.001498075825538387 -0.039595780664168419 0 -0.0041794140238242119 0.050843198565749904 0
leaf_weight=3.0101362764835389 19.415897874161601 8.836921054869892 11.139395769685505 1.3476114533841608 66.434815056622028 4.0140042901039115 0.7449141889810561
leaf_count=39 183 79 87 15 531 29 10
internal_value=0 -0.0109171 -0.0210205 0.00304417 0.000146895 0.0381903 0.0306908
internal_weight=114.944 23.7314 19.9763 91.2123 85.8507 5.36162 3.75505
internal_count=973 215 166 758 714 44 49
is_linear=0
shrinkage=0.05


Tree=178
num_leaves=8
num_cat=0
split_feature=34 9 16 34 43 31 22
split_gain=1.52154 5.53947 3.5348 3.41823 3.90704 2.92949 2.46703
threshold=-0.16359156423814816 0.36770377442325797 0.084154824940525827 0.013940611203942327 0.037252873228477333 0.50145419077387154 0.65738424862648925
decision_type=2 2 2 2 2 2 2
left_child=1 2 -1 6 -5 -3 -2
right_child=3 5 -4 4 -6 -7 -8
leaf_value=-0.027930926486446184 -0.0310165162676483 0.043088947786835578 0.014634742331049578 0.032404310888490315 -0.0020463579258005035 -0.00043992224726854834 -0.00054957183305855692
leaf_weight=10.022870447486641 14.55811018496752 11.103268176317213 7.0876008085906497 8.8364810384809953 44.17416038736701 4.0259017348289481 14.70517113804817
leaf_count=73 113 111 48 96 384 34 114
internal_value=0 0.00916938 -0.00908419 -0.00348113 0.00372708 0.0306467 -0.0170566
internal_weight=114.514 32.2396 17.1105 82.2739 53.0106 15.1292 29.2633
internal_count=973 266 121 707 480 145 227
is_linear=0
shrinkage=0.05


Tree=179
num_leaves=6
num_cat=0
split_feature=21 43 11 35 43
split_gain=1.48903 2.38181 2.0895 6.1125 3.73264
threshold=0.90449072406380193 0.0368791738249118 0.6859563569777325 2.3875839084047659 0.03951092610673914
decision_type=2 2 2 2 2
left_child=2 -2 4 -4 -1
right_child=1 -3 3 -5 -6
leaf_value=0.017448315852072214 -0.018519487151233412 0.043270186417554174 -0.035601495943800347 0.01399384951443966 -0.0045149823185157232
leaf_weight=26.925666304305196 0.98135014995932479 3.7242732271552086 13.386728081852199 9.2974352166056615 59.624117530882359
leaf_count=237 12 45 105 83 491
internal_value=0 0.0250151 -0.00117522 -0.014486 0.00215351
internal_weight=113.94 4.70562 109.234 22.6842 86.5498
internal_count=973 57 916 188 728
is_linear=0
shrinkage=0.05


Tree=180
num_leaves=8
num_cat=0
split_feature=24 41 24 11 43 43 1
split_gain=1.52857 3.00313 2.93864 2.83917 4.95965 4.64558 2.59001
threshold=0.096538913720307276 0.0027421700530222046 0.1913049607931207 0.6859563569777325 0.044835335379371004 0.03812250533917088 0.89793207444318257
decision_type=2 2 2 2 2 2 2
left_child=3 6 -3 5 -5 -1 -2
right_child=1 2 -4 4 -6 -7 -8
leaf_value=0.036531077219011575 -0.021370113290655451 -0.017511511420940748 0.042697789250202151 -0.034734719676780525 0.012366389306089893 0.001852536993914986 0.027710886243087221
leaf_weight=11.626371439546345 25.110242251306776 1.9805552884936322 3.9597157603129745 10.364578783512117 9.2233688198029977 49.530208650976419 1.7131082415580738
leaf_count=105 200 17 50 93 91 404 13
internal_value=0 -0.00883262 0.0193904 0.0038112 -0.0118185 0.00932909 -0.0164537
internal_weight=113.508 32.7636 5.94027 80.7445 19.5879 61.1566 26.8234
internal_count=973 280 67 693 184 509 213
is_linear=0
shrinkage=0.05


Tree=181
num_leaves=8
num_cat=0
split_feature=9 9 34 30 18 18 32
split_gain=1.48218 3.77273 4.33147 4.01507 3.71423 6.61156 1.84501
threshold=2.4555249033699451 0.32427559191231897 0.11730936244549149 6.2445714285715415 0.089268278823439864 -0.27841350359350575 0.70942392145289646
decision_type=2 2 2 2 2 2 2
left_child=1 2 -1 -3 5 -2 -6
right_child=4 3 -4 -5 6 -7 -8
leaf_value=-0.014541181937009052 0.0090307790302262842 0.025870964187116152 0.018961494021434187 -0.0077494831927292385 0 -0.047453718314915558 0.04032319706907353
leaf_weight=35.574129160493612 7.7764338888227966 26.344861626625061 11.691672906279562 11.142609954811631 6.9498977325856668 10.54472014680505 2.9299094974994659
leaf_count=262 79 234 105 112 68 76 37
internal_value=0 0.0034653 -0.00551484 0.0152865 -0.00957239 -0.0229584 0.0127814
internal_weight=112.954 84.7533 47.2658 37.4875 28.201 18.3212 9.87981
internal_count=973 713 367 346 260 155 105
is_linear=0
shrinkage=0.05


Tree=182
num_leaves=8
num_cat=0
split_feature=32 6 10 16 0 38 4
split_gain=1.47675 4.0494 3.65696 3.63723 3.22009 2.79966 1.37983
threshold=0.63831827806601471 0.29800423047110441 9.7879642857143896 0.53213375725103196 10.42657142857143 0.14264884354770388 -0.30552471444438517
decision_type=2 2 2 2 2 2 2
left_child=2 5 4 -3 -1 -2 -4
right_child=1 3 6 -5 -6 -7 -8
leaf_value=-0.01816485075565678 0.029332378270110118 -0.0055396442965906373 0 0.040309685195941511 0.02438286838208148 -0.022638445105712172 -0.045901235898577447
leaf_weight=7.6687882989645022 17.858610324561599 66.121212350204587 1.2590608745813368 3.5599097833037368 7.8410648964345455 1.6999153681099404 6.2877387292683116
leaf_count=79 167 536 15 42 70 13 51
internal_value=0 0.00309207 -0.0108444 -0.0023064 0.00200506 0.0227179 -0.037322
internal_weight=112.296 89.2396 23.0567 69.6811 15.5099 19.5585 7.5468
internal_count=973 758 215 578 149 180 66
is_linear=0
shrinkage=0.05


Tree=183
num_leaves=8
num_cat=0
split_feature=31 25 7 29 25 40 34
split_gain=1.42235 2.60897 3.86199 3.65032 2.03204 2.77177 0.728868
threshold=-0.58224186659220545 -2.5991734003299434 36.841434510082962 3.4661182277049796 -2.8941186276906103 -0.08970458985502551 0.4476553376950862
decision_type=2 2 2 2 2 2 2
left_child=4 3 -3 -2 6 -6 -1
right_child=1 2 -4 -5 5 -7 -8
leaf_value=-0.043750573815863336 0.038171109388484462 -0.023736609472357527 0.0041427627672990207 -0.013128332377414993 0.031332211477834326 -0.016687560386025767 0
leaf_weight=4.1376325264573124 9.5983126237988454 14.093917042016981 67.708946611732244 3.6515677347779265 3.6007881723344335 7.6643106378614876 1.324611213058233
leaf_count=32 114 102 556 40 32 78 19
internal_value=0 0.0025491 -0.000587341 0.0223498 -0.01286 0 -0.0352107
internal_weight=111.78 95.0527 81.8029 13.2499 16.7273 11.2651 5.46224
internal_count=973 812 658 154 161 110 51
is_linear=0
shrinkage=0.05


Tree=184
num_leaves=8
num_cat=0
split_feature=7 23 26 6 11 7 8
split_gain=1.41996 2.20137 6.00308 4.53212 2.02936 1.11377 0.697843
threshold=28.441109615095211 -1.1835673810742262 0.28617043474491211 0.31017810331174844 -0.50366188063185346 26.255208267573831 -1.2516503730690582
decision_type=2 2 2 2 2 2 2
left_child=4 2 -2 -3 6 -6 -1
right_child=1 3 -4 -5 5 -7 -8
leaf_value=0 -0.0017145053175338936 0.019371731623859259 0.040345150299684905 -0.010512189286356027 0.03057274690948877 -0.012104699327258788 -0.0427128171352101
leaf_weight=1.3338787853717802 23.544671274721622 15.389056108891962 11.365669526159762 51.945512991398573 1.7758696936070903 1.5801872238516805 4.3825910165905952
leaf_count=21 184 143 109 438 24 13 41
internal_value=0 0.00186667 0.0120247 -0.00313295 -0.0177965 0.00657328 -0.0346744
internal_weight=111.317 102.245 34.9103 67.3346 9.07253 3.35606 5.71647
internal_count=973 874 293 581 99 37 62
is_linear=0
shrinkage=0.05


Tree=185
num_leaves=8
num_cat=0
split_feature=4 6 5 36 45 34 5
split_gain=1.40363 2.20284 2.03719 2.00404 4.24924 3.95205 1.9705
threshold=-0.39402545414229229 1.3349854670963592 1.1797666434490426 0.11546370059396412 4.7330000000000014 -0.1292382441376482 2.4492809895148362
decision_type=2 2 2 2 2 2 2
left_child=1 6 -3 5 -5 -2 -1
right_child=3 2 -4 4 -6 -7 -8
leaf_value=-0.041978433340456332 0.027255997559966078 0.036509039050380991 -0.016026069913450295 -0.013285025215669537 0.039857208921329657 0 0.0034829349899528151
leaf_weight=6.4225585013627988 17.411582138389349 2.4123139232397071 2.437802754342556 31.828117210417986 3.1108835339546195 45.298299714922905 1.9101411476731298
leaf_count=52 152 25 38 233 32 424 17
internal_value=0 -0.0145927 0.00760426 0.00222615 -0.00688038 0.00772064 -0.0296218
internal_weight=110.832 13.1828 4.85012 97.6489 34.939 62.7099 8.3327
internal_count=973 132 63 841 265 576 69
is_linear=0
shrinkage=0.05


Tree=186
num_leaves=5
num_cat=0
split_feature=21 0 8 5
split_gain=1.40136 2.17349 1.87321 3.20422
threshold=0.90449072406380193 19.248571428571562 0.87167787732512658 3.0632053582737488
decision_type=2 2 2 2
left_child=2 -2 3 -1
right_child=1 -3 -4 -5
leaf_value=-0.00032840230463256434 0.042294630820576176 -0.01713667932213073 0.034785382263096999 -0.041706541344336656
leaf_weight=99.408349588513374 3.6008415557444087 0.93367611244320858 2.4248793721199027 3.9887871593236914
leaf_count=854 45 12 28 34
internal_value=0 0.0246551 -0.00114118 -0.00254834
internal_weight=110.357 4.53452 105.822 103.397
internal_count=973 57 916 888
is_linear=0
shrinkage=0.05


Tree=187
num_leaves=8
num_cat=0
split_feature=7 19 24 6 11 7 8
split_gain=1.36 2.03854 3.64512 2.90022 1.89227 1.05332 0.668043
threshold=28.441109615095211 3.2919220136118361 0.087946498608926546 0.35085241950370177 -0.50366188063185346 26.255208267573831 -1.2516503730690582
decision_type=2 2 2 2 2 2 2
left_child=4 3 -3 -2 6 -6 -1
right_child=1 2 -4 -5 5 -7 -8
leaf_value=0 0.011865225005022073 0.044718243486143561 -0.0075430955941320809 -0.0069066842799136484 0.029778574781682599 -0.012019376446964941 -0.042044177721749218
leaf_weight=1.33183735050261 29.640492480248213 6.1112775281071645 4.5323431007564068 60.916365467011929 1.7289453633129581 1.5447959974408147 4.2630969397723675
leaf_count=21 264 59 47 504 24 13 41
internal_value=0 0.00183162 0.0215803 -0.000426844 -0.0176006 0.00600814 -0.0340218
internal_weight=110.069 101.2 10.6436 90.5569 8.86868 3.27374 5.59493
internal_count=973 874 106 768 99 37 62
is_linear=0
shrinkage=0.05


Tree=188
num_leaves=6
num_cat=0
split_feature=39 24 16 43 34
split_gain=1.35726 2.4413 3.4425 2.72725 1.6293
threshold=-1.0671843698659365 -0.30910946691881891 0.084154824940525827 0.038279184446528322 -0.03514737800310936
decision_type=2 2 2 2 2
left_child=4 3 -3 -2 -1
right_child=1 2 -4 -5 -6
leaf_value=0.038871034999716676 0.0045015040796337153 -0.0067557482395566252 0.012809874864050644 -0.033889131499523738 -0.0041261873364702457
leaf_weight=3.7898501455783844 5.8467879220843306 48.553079577162862 39.359419833868742 10.042014151811598 2.0688414871692649
leaf_count=36 53 425 357 86 16
internal_value=0 -0.00129915 0.00176838 -0.0188517 0.0216548
internal_weight=109.66 103.801 87.9125 15.8888 5.85869
internal_count=973 921 782 139 52
is_linear=0
shrinkage=0.05


Tree=189
num_leaves=5
num_cat=0
split_feature=16 27 31 27
split_gain=1.35688 1.72804 3.66117 2.06351
threshold=1.3096865695576361 23.657037571715694 0.61422158490641376 35.939074997798713
decision_type=2 2 2 2
left_child=1 2 -1 -3
right_child=-2 3 -4 -5
leaf_value=0.040168758617973449 -0.031852217678588556 -0.011904568292559543 -0.024796255836819107 0.0037379123134451647
leaf_weight=6.3390482105314714 2.223091408610343 28.61880000308156 1.792056620121002 70.426396444439888
leaf_count=79 25 242 11 616
internal_value=0 0.00106266 0.0219653 -0.00060586
internal_weight=109.399 107.176 8.1311 99.0452
internal_count=973 948 90 858
is_linear=0
shrinkage=0.05


Tree=190
num_leaves=8
num_cat=0
split_feature=13 6 7 2 15 34 2
split_gain=1.36187 5.99007 4.64598 4.21905 3.9085 2.16749 2.12739
threshold=4.1516951348623943 0.31017810331174844 65.229922060508045 0.71147558903353592 2.116806269936061 -0.12577408810436283 0.63346046123325472
decision_type=2 2 2 2 2 2 2
left_child=2 6 4 -4 -1 -3 -2
right_child=1 5 3 -5 -6 -7 -8
leaf_value=0.0037141811596228891 -0.012539464146879077 -0.00019700666736010547 0.044268057455700185 -0.030246082999785935 -0.025242400941049299 -0.044382513316479355 0.034300733328492032
leaf_weight=62.5303243258968 2.0501562170684355 5.5205586552619925 9.6305266469717008 1.1608527600765217 13.149100553244351 8.8001324497163278 6.2804238721728325
leaf_count=557 20 43 95 7 116 76 59
internal_value=0 -0.0105602 0.00296146 0.0322469 -0.0012545 -0.0301056 0.0199855
internal_weight=109.122 22.6513 86.4708 10.7914 75.6794 14.3207 8.33058
internal_count=973 198 775 102 673 119 79
is_linear=0
shrinkage=0.05


Tree=191
num_leaves=8
num_cat=0
split_feature=4 24 43 8 31 3 5
split_gain=1.31297 1.99001 3.73136 3.10409 1.88381 1.87044 1.56802
threshold=-0.39402545414229229 0.10608749688115569 0.037517470283355718 0.47476968139360004 -0.055734949760965678 1.2316775587789837 -2.3969204969356555
decision_type=2 2 2 2 2 2 2
left_child=4 2 -2 -3 6 -6 -1
right_child=1 3 -4 -5 5 -7 -8
leaf_value=0 0.035668374077439446 -0.018805534218835782 0.0016778901509317155 0.017627353718155443 0.028128077101088361 -0.018550468317865651 -0.044772133608306702
leaf_weight=1.756905138492584 8.7366122622042877 20.480903175659481 59.997062034904957 6.5131230950355521 3.1336636915802938 3.1631171889603138 4.7162434197962284
leaf_count=19 88 174 518 61 34 26 53
internal_value=0 0.00209983 0.0068064 -0.00880629 -0.0144015 0.00192472 -0.0317606
internal_weight=108.498 95.7277 68.7337 26.994 12.7699 6.29678 6.47315
internal_count=973 841 606 235 132 60 72
is_linear=0
shrinkage=0.05


Tree=192
num_leaves=8
num_cat=0
split_feature=32 26 26 6 18 2 7
split_gain=1.31243 3.74136 3.46411 3.12542 3.38337 3.0173 0.420032
threshold=0.63831827806601471 0.0076173623672248945 0.2471456097574907 0.29800423047110441 -0.1626233864512712 0.71288344363250056 25.942902818428568
decision_type=2 2 2 2 2 2 2
left_child=1 6 -3 5 -5 -2 -1
right_child=3 2 -4 4 -6 -7 -8
leaf_value=0 0.029633220603587258 -0.035034120100058221 0.0063575559817641725 0.017144572574763168 -0.0084170205114331691 -0.017548470712185998 0.035983178882823534
leaf_weight=0.66379817202687563 15.692043513059618 12.404512710869314 6.243364803493022 15.91388563159853 51.565828133374453 2.8311851583421221 2.770082239061594
leaf_count=10 160 95 71 154 424 20 39
internal_value=0 -0.0105377 -0.0202854 0.00287279 -0.00186137 0.0206117 0.0293958
internal_weight=108.085 22.0818 18.6479 86.0029 67.4797 18.5232 3.43388
internal_count=973 215 166 758 578 180 49
is_linear=0
shrinkage=0.05


Tree=193
num_leaves=8
num_cat=0
split_feature=13 6 7 21 33 15 14
split_gain=1.31696 5.25349 4.21477 4.04896 3.56647 3.55283 2.92785
threshold=4.1516951348623943 0.31017810331174844 65.229922060508045 0.65847938808998829 7.5749306507395895 2.116806269936061 0.052775383427301079
decision_type=2 2 2 2 2 2 2
left_child=2 6 5 -4 -3 -1 -2
right_child=1 4 3 -5 -6 -7 -8
leaf_value=0.0036555489027457707 0.044581912177843741 -0.042259889205572644 -0.00467046037401789 0.052248613669021254 0.0095860547657892689 -0.024119276752899124 -0.0070476793363930604
leaf_weight=62.010309993289411 4.1026644445955771 10.844427295029162 3.7368111312389356 6.7668141908943653 3.1807343140244475 12.971549358218907 4.003770187497139
leaf_count=557 42 87 30 72 32 116 37
internal_value=0 -0.0105157 0.0029142 0.0311799 -0.0289825 -0.00107455 0.018363
internal_weight=107.617 22.1316 85.4855 10.5036 14.0252 74.9819 8.10643
internal_count=973 198 775 102 119 673 79
is_linear=0
shrinkage=0.05


Tree=194
num_leaves=6
num_cat=0
split_feature=21 0 37 37 7
split_gain=1.3181 1.91944 1.63209 4.71084 4.41346
threshold=0.90449072406380193 19.248571428571562 81.788682247958789 78.604738082518836 70.851419503972934
decision_type=2 2 2 2 2
left_child=2 -2 3 -1 -4
right_child=1 -3 4 -5 -6
leaf_value=-0.002485608550440741 0.041308519245750394 -0.01509510573789136 -0.035154875266299949 0.035563253058287031 0.027655557157562734
leaf_weight=83.087226388044655 3.4138422012329093 0.86687887832522381 9.0501317419111711 7.9627535566687575 2.5981523245573035
leaf_count=734 45 12 79 77 26
internal_value=0 0.0244566 -0.00114819 0.000920551 -0.0180896
internal_weight=106.979 4.28072 102.698 91.05 11.6483
internal_count=973 57 916 811 105
is_linear=0
shrinkage=0.05


Tree=195
num_leaves=8
num_cat=0
split_feature=7 7 4 19 11 7 18
split_gain=1.28532 1.87118 2.88244 1.99576 1.74152 0.990707 0.571807
threshold=28.441109615095211 34.524603166469547 -0.34921726685065718 3.2919220136118361 -0.50366188063185346 26.255208267573831 -0.97635283905025971
decision_type=2 2 2 2 2 2 2
left_child=4 2 -2 -3 6 -6 -1
right_child=1 3 -4 -5 5 -7 -8
leaf_value=0 -0.018495281700155734 -0.0031743884127094744 0.036370900160047306 0.020320888693239943 0.028881724813176236 -0.012013373316231687 -0.041058119107517367
leaf_weight=1.2982894629240034 1.9535340145230291 79.473020313307643 7.4581738412380201 9.1351205762475711 1.6715138182044014 1.5162477642297743 4.0777847915887833
leaf_count=21 19 667 92 96 24 13 41
internal_value=0 0.00180274 0.0218989 -0.00027339 -0.0173878 0.00523652 -0.0334412
internal_weight=106.584 98.0198 9.41171 88.6081 8.56384 3.18776 5.37607
internal_count=973 874 111 763 99 37 62
is_linear=0
shrinkage=0.05


Tree=196
num_leaves=6
num_cat=0
split_feature=34 32 26 36 5
split_gain=1.27496 1.50999 3.96818 2.84627 1.46237
threshold=-0.39707886898734379 0.63831827806601471 0.0076173623672248945 0.28002293017679686 2.379508658949109
decision_type=2 2 2 2 2
left_child=4 2 -2 -3 -1
right_child=1 3 -4 -5 -6
leaf_value=0.042542107330156974 0.028648201174555601 -0.0004940742184835617 -0.023400807850663174 0.035375914317824851 -0.0045216637995907942
leaf_weight=2.6902235783636566 3.2989920191466835 76.852334128692746 17.326972633600235 4.871738374233245 1.1748129203915594
leaf_count=28 49 688 155 44 9
internal_value=0 -0.00107842 -0.0129801 0.00174379 0.025109
internal_weight=106.215 102.35 20.626 81.7241 3.86504
internal_count=973 936 204 732 37
is_linear=0
shrinkage=0.05


Tree=197
num_leaves=8
num_cat=0
split_feature=4 6 20 3 20 5 5
split_gain=1.22618 1.93284 1.87776 3.39695 2.0294 1.7871 1.76545
threshold=-0.39402545414229229 1.3349854670963592 15.584714285714298 -2.6484355915356441 17.982964285714228 2.4492809895148362 1.1797666434490426
decision_type=2 2 2 2 2 2 2
left_child=1 5 3 -2 -4 -1 -3
right_child=2 6 4 -5 -6 -7 -8
leaf_value=-0.040470006575492989 0.025238915290810578 0.034759104571887696 -0.0307197515254241 0 0.0031723067845539168 0.0033327240500457874 -0.015253200164873922
leaf_weight=6.0904947072267515 15.962468884885309 2.2752246558666229 7.2749811112880689 63.655489509925246 6.6549121430143714 1.8018196076154707 2.2092633359134197
leaf_count=52 153 25 59 552 77 17 38
internal_value=0 -0.0140334 0.0021352 0.00535613 -0.0137256 -0.0284082 0.00727367
internal_weight=105.925 12.3768 93.5479 79.618 13.9299 7.89231 4.48449
internal_count=973 132 841 705 136 69 63
is_linear=0
shrinkage=0.05


Tree=198
num_leaves=7
num_cat=0
split_feature=25 38 34 43 13 4
split_gain=1.25552 2.92558 2.5573 2.53445 2.18403 0.198804
threshold=-3.3439919241733929 -0.081930367132336493 0.1584063348081364 0.039668920842540027 4.4344929934993624 -0.31916349660072746
decision_type=2 2 2 2 2 2
left_child=3 4 -3 5 -2 -1
right_child=1 2 -4 -5 -6 -7
leaf_value=0 0.039061193427171709 -0.0060237284405152951 0.013389551233099088 -0.041239876049204455 -0.0067532017671521859 0.021807705031595563
leaf_weight=0.50604010000824917 7.3628876227885467 68.888502333313227 21.125284543260932 4.063990380614996 2.1813381128013134 1.3533229529857624
leaf_count=10 89 584 208 36 22 24
internal_value=0 0.00154576 -0.0010959 -0.0204612 0.0265719 0.014751
internal_weight=105.481 99.558 90.0138 5.92335 9.54423 1.85936
internal_count=973 903 792 70 111 34
is_linear=0
shrinkage=0.05


Tree=199
num_leaves=6
num_cat=0
split_feature=21 11 43 9 43
split_gain=1.24211 1.85833 5.12832 2.90469 1.82389
threshold=0.90449072406380193 0.6859563569777325 0.044425940665273826 2.4555249033699451 0.0368791738249118
decision_type=2 2 2 2 2
left_child=1 3 -3 -1 -2
right_child=4 2 -4 -5 -6
leaf_value=0.0079621168773937826 -0.01448235637743002 -0.037866816784162032 0.0087174756999308413 -0.013242380857790776 0.040671755534594574
leaf_weight=59.73975177668035 0.84550625458359618 10.410123579204084 10.274451304227112 20.555497240275145 3.3271544724702835
leaf_count=530 12 94 94 198 45
internal_value=0 -0.00108462 -0.0142396 0.00213015 0.0240236
internal_weight=105.152 100.98 20.6846 80.2952 4.17266
internal_count=973 916 188 728 57
is_linear=0
shrinkage=0.05


end of trees

feature_importances:
Column_34=83
Column_7=63
Column_31=62
Column_4=56
Column_16=53
Column_3=48
Column_24=46
Column_39=39
Column_32=35
Column_43=35
Column_5=32
Column_26=31
Column_0=28
Column_6=28
Column_27=28
Column_28=27
Column_20=26
Column_35=26
Column_37=26
Column_11=25
Column_9=24
Column_14=24
Column_19=24
Column_17=23
Column_22=23
Column_25=22
Column_2=21
Column_18=21
Column_23=20
Column_41=20
Column_21=19
Column_12=18
Column_8=17
Column_29=15
Column_33=14
Column_45=14
Column_38=13
Column_44=12
Column_10=10
Column_36=9
Column_13=8
Column_40=7
Column_1=6
Column_15=5
Column_30=2

parameters:
[boosting: gbdt]
[objective: binary]
[metric: binary_logloss]
[tree_learner: serial]
[device_type: cpu]
[data_sample_strategy: bagging]
[data: ]
[valid: ]
[num_iterations: 200]
[learning_rate: 0.05]
[num_leaves: 31]
[num_threads: 6]
[seed: 46]
[deterministic: 0]
[force_col_wise: 1]
[force_row_wise: 0]
[histogram_pool_size: -1]
[max_depth: 3]
[min_data_in_leaf: 10]
[min_sum_hessian_in_leaf: 0.001]
[bagging_fraction: 0.8]
[pos_bagging_fraction: 1]
[neg_bagging_fraction: 1]
[bagging_freq: 0]
[bagging_seed: 10626]
[bagging_by_query: 0]
[feature_fraction: 0.7]
[feature_fraction_bynode: 1]
[feature_fraction_seed: 28005]
[extra_trees: 0]
[extra_seed: 28586]
[early_stopping_round: 0]
[early_stopping_min_delta: 0]
[first_metric_only: 0]
[max_delta_step: 0]
[lambda_l1: 0.5]
[lambda_l2: 1]
[linear_lambda: 0]
[min_gain_to_split: 0]
[drop_rate: 0.1]
[max_drop: 50]
[skip_drop: 0.5]
[xgboost_dart_mode: 0]
[uniform_drop: 0]
[drop_seed: 23790]
[top_rate: 0.2]
[other_rate: 0.1]
[min_data_per_group: 100]
[max_cat_threshold: 32]
[cat_l2: 10]
[cat_smooth: 10]
[max_cat_to_onehot: 4]
[top_k: 20]
[monotone_constraints: ]
[monotone_constraints_method: basic]
[monotone_penalty: 0]
[feature_contri: ]
[forcedsplits_filename: ]
[refit_decay_rate: 0.9]
[cegb_tradeoff: 1]
[cegb_penalty_split: 0]
[cegb_penalty_feature_lazy: ]
[cegb_penalty_feature_coupled: ]
[path_smooth: 0]
[interaction_constraints: ]
[verbosity: -1]
[saved_feature_importance_type: 0]
[use_quantized_grad: 0]
[num_grad_quant_bins: 4]
[quant_train_renew_leaf: 0]
[stochastic_rounding: 1]
[linear_tree: 0]
[max_bin: 255]
[max_bin_by_feature: ]
[min_data_in_bin: 3]
[bin_construct_sample_cnt: 200000]
[data_random_seed: 188]
[is_enable_sparse: 1]
[enable_bundle: 1]
[use_missing: 1]
[zero_as_missing: 0]
[feature_pre_filter: 1]
[pre_partition: 0]
[two_round: 0]
[header: 0]
[label_column: ]
[weight_column: ]
[group_column: ]
[ignore_column: ]
[categorical_feature: ]
[forcedbins_filename: ]
[precise_float_parser: 0]
[parser_config_file: ]
[objective_seed: 24573]
[num_class: 1]
[is_unbalance: 0]
[scale_pos_weight: 0.76588]
[sigmoid: 1]
[boost_from_average: 1]
[reg_sqrt: 0]
[alpha: 0.9]
[fair_c: 1]
[poisson_max_delta_step: 0.7]
[tweedie_variance_power: 1.5]
[lambdarank_truncation_level: 30]
[lambdarank_norm: 1]
[label_gain: ]
[lambdarank_position_bias_regularization: 0]
[eval_at: ]
[multi_error_top_k: 1]
[auc_mu_weights: ]
[num_machines: 1]
[local_listen_port: 12400]
[time_out: 120]
[machine_list_filename: ]
[machines: ]
[gpu_platform_id: -1]
[gpu_device_id: -1]
[gpu_use_dp: 0]
[num_gpu: 1]

end of parameters

pandas_categorical:null
