tree
version=v4
num_class=1
num_tree_per_iteration=1
label_index=0
max_feature_idx=39
objective=binary sigmoid:1
feature_names=M5_Ret_1 M5_Body_Ratio M5_ATR_14 M5_RSI_14 M5_MACD M5_Vol_ZScore M5_Macro1_Corr M5_Price_ZScore M15_Ret_1 M15_Body_Ratio M15_ATR_14 M15_RSI_14 M15_MACD M15_Vol_ZScore M15_Macro1_Corr M15_Price_ZScore M30_Ret_1 M30_Body_Ratio M30_ATR_14 M30_RSI_14 M30_MACD M30_Vol_ZScore M30_Macro1_Corr M30_Price_ZScore H1_Ret_1 H1_Body_Ratio H1_ATR_14 H1_RSI_14 H1_MACD H1_Vol_ZScore H1_Macro1_Corr H1_Price_ZScore M5_OU_Theta M15_OU_Theta M30_OU_Theta H1_OU_Theta M5_Hurst M15_Hurst M30_Hurst H1_Hurst
feature_infos=[-0.49800399709549287:0.3210062016071098] [-1:1] [0:14.967214285714103] [0:86.463887189348796] [-13.711541307937296:17.898636005314984] [-3.747481730889195:3.4078518167063629] [-0.57339796550268496:0.53930692211451803] [-2.535442616473107:3.3699576331518322] [-0.48112002144815774:0.40788044149238706] [-1:1] [0:20.643571428571249] [0:90.495885297361838] [-22.120209374225851:23.131490946618214] [-3.3002041863033198:3.6106138888454447] [-0.6881927377057242:0.57646680432449293] [-2.8309336399729039:3.069128243352806] [-0.51881114760761304:0.60823815434354556] [-0.94821664464995503:1] [0:24.116928571428485] [0:86.874194663565675] [-29.470191786612304:31.92995783216611] [-3.1573006605111655:3.6185002005551459] [-0.55915762092884169:0.46368290613766688] [-3.3593070605695052:2.7943430095422377] [-0.68726675725901609:0.65332237601942378] [-0.93807355040451434:1] [0:27.863857142857018] [0:83.556364414944781] [-42.268537115252002:28.900432226393605] [-2.2654452191344636:2.5392339416180132] [-0.59378423816318548:0.53528815738433322] [-2.8130968868959161:3.0043677155359934] [0:2.9473178164760783] [0:2.7741828410884963] [0:18.420680743952367] [0:2.6747855115348869] [0:0.74675539554523251] [0:0.75652808085007173] [0:0.779111] [0:0.75742260655001403]
tree_sizes=552 672 879 676 675 765 678 674 780 883 679 889 674 891 988 569 679 869 779 878 573 888 570 785 577 862 779 671 888 676 574 679 767 870 992 679 678 971 657 670 777 882 656 783 888 784 889 675 779 988 787 570 965 678 889 785 676 761 577 678 553 574 572 777 675 894 986 887 570 670 886 783 658 888 853 783 879 660 894 768 783 865 758 574 571 678 889 678 785 888 683 886 573 673 674 678 681 572 678 675 780 889 682 659 682 656 886 661 885 577 674 551 678 775 767 883 678 679 868 784 885 674 880 677 884 679 777 886 679 685 869 576 683 680 683 791 574 881 791 782 572 758 782 883 989 676 861 989 891 656 675 656 577 781 683 992 998 988 566 786 681 763 868 677 883 888 890 766 674 567 681 986 986 782 789 891 983 866 677 857 682 677 657 777 767 679 679 881 788 886 760 889 781 889 866 886 785 682 762 575 577 884 763 572 762 765 787 997 989 677 978 566 769 682 779 767 674 879 786 573 570 574 677 680 891 869 793 855 679 659 1002 778 679 990 664 761 654 864 890 890 682 573 683 656 572 684 761 790 658 671 783 679 862 578 680 684 868 999 574 788 575 858 781 685 576 753 683 990 882 884 686 782 783 575 680 892 683 663 988 681 888 574 676 877 887 684 681 991 759 783 654 788 996 678 865 681 887 848 751 678 886 972 763 866 790 881 752 892 788 785 888 785 884 767 889 576 884 670 786 779 878 574 789 574 741 769 786 682 662 579 664 682 578 788 651 660 675 783 978 956 970 783 579 785 764 780 960 892 878 782 765 887 680 667 765 964 670 989 575 979 761 925 889 673 774 863 577 684 761 784 783 762 676 677 899 870 678 791 886 677 787 973 680 781 683 878 778 786 883 664 997 969 652 784 976 881 678 769 682 664 953 977 676 772 968 746 681 884 885 676 778 786 890 882 867 861 766 789 872 973 884 569 787 888 787 763 680 682 682 757 789 870 889 681 1002 987 763 784 682 574 578 985 991 678 785 655 874 888 677 871 648 968 990 868 686 884 996 680 576 670 992 659 659 662 761 682 673 677 572 778 785 990 860 682 889 869 876 578 671 895 682 889 973 888 783 773 575 790 662 879 677 777 683 765 768 883 880 563 784 578

Tree=0
num_leaves=4
num_cat=0
split_feature=10 21 18
split_gain=11.5384 8.81132 8.54958
threshold=14.806678571428558 0.76308606822665925 11.285892857142798
decision_type=2 2 2
left_child=1 2 -1
right_child=-2 -3 -4
leaf_value=-1.5742093365634748 -1.5612312908099395 -1.5638482534908122 -1.5864046455810934
leaf_weight=7.0749029517173794 2.5469650626182547 2.1224708855152121 24.762160331010818
leaf_count=50 18 15 175
internal_value=-1.5806 -1.58216 -1.58359
internal_weight=36.5065 33.9595 31.8371
internal_count=258 240 225
is_linear=0
shrinkage=1


Tree=1
num_leaves=5
num_cat=0
split_feature=36 10 8 19
split_gain=11.602 12.4413 8.20862 2.98906
threshold=0.6487385416250161 14.32410714285704 -0.016241116054352678 52.661843343824266
decision_type=2 2 2 2
left_child=3 2 -2 -1
right_child=1 -3 -4 -5
leaf_value=-0.011375533617516094 -0.005431694541176672 0.025407739403048697 0.0061906153904765625 0.0010042658723029253
leaf_weight=7.9270949959754926 9.6096710860729235 2.1436210423707953 15.13408972322941 2.1210074722766876
leaf_count=56 68 15 107 15
internal_value=0.000339752 0.00381821 0.00158603 -0.00861571
internal_weight=36.9355 26.8874 24.7438 10.0481
internal_count=261 190 175 71
is_linear=0
shrinkage=0.01


Tree=2
num_leaves=7
num_cat=0
split_feature=17 16 17 8 17 25
split_gain=14.262 17.116 7.84319 6.06109 5.90676 4.70138
threshold=0.45560029367808202 -0.17404951636539281 0.63681629046828381 0.092864579981041986 -0.74208572402707806 0.37816830413059849
decision_type=2 2 2 2 2 2
left_child=1 4 -2 -4 -1 -3
right_child=2 5 3 -5 -6 -7
leaf_value=0.00017497142458595936 0.021092032639220645 -0.008635148453023888 0.014374347810955628 -0.0051532303682450065 0.019392169246384854 0.0043760875483728938
leaf_weight=3.104382336139679 4.271238297224043 18.915369436144836 2.4091117978096008 3.4059969186782837 3.5643012821674338 2.8391821980476371
leaf_count=22 30 134 17 24 25 20
internal_value=0.00112352 -0.00245994 0.0111936 0.002918 0.0111259 -0.00680994
internal_weight=38.5096 28.4232 10.0863 5.81511 6.66868 21.7546
internal_count=272 201 71 41 47 154
is_linear=0
shrinkage=0.01


Tree=3
num_leaves=5
num_cat=0
split_feature=10 25 24 8
split_gain=13.4066 7.55264 11.5883 7.2424
threshold=14.806678571428558 0.35990090589240831 -0.19824466980199643 0.081071589486994333
decision_type=2 2 2 2
left_child=1 2 -1 -3
right_child=-2 3 -4 -5
leaf_value=0.0080227805494059463 0.019368335579479749 0.0114805297498305 -0.0080812258447576207 -0.0044927442804422535
leaf_weight=5.2553841769695273 2.9237505048513404 6.5594752877950651 21.353029116988186 4.4019424915313721
leaf_count=37 20 46 152 31
internal_value=-0.000155635 -0.00186923 -0.00477224 0.0049395
internal_weight=40.4936 37.5698 26.6084 10.9614
internal_count=286 266 189 77
is_linear=0
shrinkage=0.01


Tree=4
num_leaves=5
num_cat=0
split_feature=21 28 28 5
split_gain=10.4246 6.00042 16.8045 2.14283
threshold=0.54424151542194921 -7.1869242577431569 -0.88513553928896715 -2.9192982578798845
decision_type=2 2 2 2
left_child=1 3 -3 -1
right_child=-2 2 -4 -5
leaf_value=0.001023029589679383 0.014515000572093007 0.01231876424023946 -0.0060196477252697032 -0.0089943931048015666
leaf_weight=2.1179747283458701 3.8917549252510062 7.9652559906244269 12.252602458000185 11.393414616584776
leaf_count=15 27 56 87 81
internal_value=-0.00030597 -0.00218771 0.00118217 -0.00729119
internal_weight=37.621 33.7292 20.2179 13.5114
internal_count=266 239 143 96
is_linear=0
shrinkage=0.01


Tree=5
num_leaves=6
num_cat=0
split_feature=16 16 17 6 4
split_gain=7.89633 11.3798 5.83556 5.75718 4.43431
threshold=-0.17404951636539281 0.030459798208810968 -0.74208572402707806 -0.11893839804629498 -4.6804851373917691
decision_type=2 2 2 2 2
left_child=2 4 -1 -3 -2
right_child=1 3 -4 -5 -6
leaf_value=-0.0014965614857237459 0.0051250865923262922 0.013662600679004676 0.018355638353413174 0 -0.0091766722897548263
leaf_weight=2.1247678995132446 2.1218210607767132 4.4236900061368933 3.3586008846759787 9.0784890353679639 15.694557949900629
leaf_count=15 15 31 23 64 112
internal_value=-4.97394e-05 -0.00206754 0.0106386 0.00470884 -0.00730636
internal_weight=36.8019 31.3186 5.48337 13.5022 17.8164
internal_count=260 222 38 95 127
is_linear=0
shrinkage=0.01


Tree=6
num_leaves=5
num_cat=0
split_feature=10 17 24 24
split_gain=8.19198 7.12519 8.42992 5.2653
threshold=14.820785714285714 0.45560029367808202 0.13819466586788773 -0.19824466980199643
decision_type=2 2 2 2
left_child=1 3 -3 -1
right_child=-2 2 -4 -5
leaf_value=0.0051667408600316288 0.016737920709757766 0.015102984770621662 -0.0029408981730854413 -0.0058215229895381138
leaf_weight=5.0082535594701758 2.5208215266466132 4.903084993362425 4.6947291046380997 21.604464650154117
leaf_count=35 17 34 33 155
internal_value=0.000282256 -0.000936657 0.00625321 -0.00364478
internal_weight=38.7314 36.2105 9.59781 26.6127
internal_count=274 257 67 190
is_linear=0
shrinkage=0.01


Tree=7
num_leaves=5
num_cat=0
split_feature=10 3 32 5
split_gain=17.3676 6.40356 7.43726 4.526
threshold=14.820785714285714 62.280630429146775 0.14914301492018886 -1.2904595846897027
decision_type=2 2 2 2
left_child=1 3 -3 -1
right_child=-2 2 -4 -5
leaf_value=-0.0073583176997128671 0.023335398498219636 -0.0042577373020781153 0.016416356153810274 0.00084115829094399052
leaf_weight=18.046508058905602 2.5563738346099845 2.9802982360124579 3.2671822905540466 9.9020015001297015
leaf_count=129 17 21 23 70
internal_value=-0.000301461 -0.00231402 0.00650532 -0.00440441
internal_weight=36.7524 34.196 6.24748 27.9485
internal_count=260 243 44 199
is_linear=0
shrinkage=0.01


Tree=8
num_leaves=6
num_cat=0
split_feature=16 17 8 26 12
split_gain=14.0356 14.3979 9.93198 3.86286 2.43154
threshold=-0.17404951636539281 0.46744266906703641 -0.01747682684815147 21.487464285714299 -8.7585071242820032
decision_type=2 2 2 2 2
left_child=2 4 -1 -3 -2
right_child=1 3 -4 -5 -6
leaf_value=0.0020497323240221046 0.0011784228734021648 0.010256383178477159 0.028124892073686007 -0.003202496480558635 -0.0092047114386925293
leaf_weight=4.0469068288803101 2.0949453264474895 6.9235764294862729 2.220585122704505 2.5798863172531128 19.578141897916797
leaf_count=28 15 48 15 18 141
internal_value=-0.000781161 -0.00359904 0.0124555 0.00641252 -0.00810766
internal_weight=37.444 31.1765 6.26749 9.50346 21.6731
internal_count=265 222 43 66 156
is_linear=0
shrinkage=0.01


Tree=9
num_leaves=7
num_cat=0
split_feature=16 16 4 17 10 17
split_gain=14.2672 12.9272 12.1482 7.59306 4.50435 1.1834
threshold=-0.10429149016339175 0.030459798208810968 -1.5215025228458214 0.63681629046828381 9.7615357142855981 -0.52765479724350917
decision_type=2 2 2 2 2 2
left_child=2 5 4 -3 -1 -2
right_child=1 3 -4 -5 -6 -7
leaf_value=0.030373543843531064 -0.0011461365740725535 0.010775946736669203 -0.0041826066993250043 -0.004992639209728535 0.0099958819660274662 -0.010720114001896255
leaf_weight=2.3255583047866821 2.0634305328130713 7.1970756351947767 2.9569739699363691 4.7184678316116333 3.3801005184650421 12.115526735782625
leaf_count=16 15 50 21 33 23 88
internal_value=0.000537372 -0.00310944 0.0114822 0.00439871 0.0197369 -0.00951758
internal_weight=34.7571 26.0945 8.66263 11.9155 5.70566 14.179
internal_count=246 186 60 83 39 103
is_linear=0
shrinkage=0.01


Tree=10
num_leaves=5
num_cat=0
split_feature=10 10 10 39
split_gain=9.55308 6.28159 7.22798 1.12917
threshold=14.806678571428558 11.969107142857153 9.4389642857142935 0.71661541328751632
decision_type=2 2 2 2
left_child=1 2 -1 -3
right_child=-2 3 -4 -5
leaf_value=-0.0024804882937838058 0.016220248521135707 -0.011182745829226513 0.0092915660549927025 -0.0013134544690315531
leaf_weight=19.112159907817844 2.9115558713674536 6.4139890074729902 6.7991845011711112 2.0921470075845718
leaf_count=136 19 46 48 15
internal_value=-0.000221097 -0.00179771 0.000603209 -0.00910988
internal_weight=37.329 34.4175 25.9113 8.50614
internal_count=264 245 184 61
is_linear=0
shrinkage=0.01


Tree=11
num_leaves=7
num_cat=0
split_feature=27 25 16 8 18 33
split_gain=9.63512 7.76115 11.0959 9.08764 4.79395 0.243299
threshold=40.023979494871611 0.20148257233095831 -0.19609824603463813 0.083301449337967778 17.558928571428662 0.11207041081409704
decision_type=2 2 2 2 2 2
left_child=4 2 -2 -3 5 -1
right_child=1 3 -4 -5 -6 -7
leaf_value=-0.0055640883798136328 0.015403489497975769 0.017141428891398195 -0.0062680116189038071 -0.0025094813535271264 0.0033301239012280513 -0.011365433092096143
leaf_weight=3.6528421640396109 2.6579136848449698 5.9072023779153806 11.124203249812128 3.4214054197072983 3.0379802435636512 8.5830638259649259
leaf_count=26 18 41 80 24 21 62
internal_value=-0.00105523 0.00294808 -0.00170747 0.00987282 -0.00718112 -0.00996767
internal_weight=38.3846 23.1107 13.7821 9.32861 15.2739 12.2359
internal_count=272 163 98 65 109 88
is_linear=0
shrinkage=0.01


Tree=12
num_leaves=5
num_cat=0
split_feature=10 18 12 3
split_gain=15.432 5.69283 13.8854 8.77194
threshold=14.241071428571397 11.285892857142798 -2.1852620393756292 62.280630429146775
decision_type=2 2 2 2
left_child=1 2 -1 -3
right_child=-2 3 -4 -5
leaf_value=0.021451782570259131 0.017737748829349705 -0.0076809037127761907 -0.0052809719133952247 0.0082865513783943988
leaf_weight=2.7280219793319702 3.7550018876790991 21.745354697108272 4.9957813620567313 3.7069956064224234
leaf_count=19 25 156 36 26
internal_value=-0.000623345 -0.0029016 0.00436072 -0.00520823
internal_weight=36.9312 33.1762 7.7238 25.4524
internal_count=262 237 55 182
is_linear=0
shrinkage=0.01


Tree=13
num_leaves=7
num_cat=0
split_feature=8 28 29 8 29 29
split_gain=10.4411 10.1012 20.5099 5.52987 2.78685 1.30475
threshold=-0.014382937298113617 -7.0142646586391484 -0.43077477901408312 -0.18579798878330792 -0.99682415170467509 -0.85549141918758387
decision_type=2 2 2 2 2 2
left_child=3 4 -3 -1 -2 -5
right_child=1 2 -4 5 -6 -7
leaf_value=0.0054364115662085951 -0.008606860991675163 0.020954971067538075 -0.0061817924543857289 -0.011240905016546111 0.0031038755136797119 -0.0036847248691563523
leaf_weight=3.2032705694437054 4.2970767468214035 7.2977048307657251 4.0718366503715488 7.7351610511541375 3.1043724417686489 5.1255153268575642
leaf_count=22 31 50 29 57 22 36
internal_value=0.000225287 0.00530566 0.0111559 -0.00557743 -0.00350579 -0.00853406
internal_weight=34.8349 18.771 11.3695 16.0639 7.40145 12.8607
internal_count=247 132 79 115 53 93
is_linear=0
shrinkage=0.01


Tree=14
num_leaves=8
num_cat=0
split_feature=0 8 9 22 9 8 37
split_gain=6.4924 9.21879 8.35795 8.21881 7.69565 5.26639 3.14115
threshold=-0.0059960204963212848 -0.024637225759431152 0.30198526022964806 -0.19361189661802999 0.016481584114406294 -0.18821191837031215 0.69902122357160013
decision_type=2 2 2 2 2 2 2
left_child=1 5 6 -4 -3 -1 -2
right_child=2 4 3 -5 -6 -7 -8
leaf_value=0.011015983093174603 -0.01138924711090988 0.025065311688059519 -0.0079765187449375979 0.010512295612812065 0.0030596893119269005 -0.0051404209820863746 0.0011256250915491228
leaf_weight=2.3564083576202401 9.5621107518672961 2.9620862901210776 3.5290787220001221 5.9503218829631788 3.7569056004285812 7.831338807940484 2.1004853248596183
leaf_count=16 70 20 25 41 26 57 15
internal_value=0.000239514 0.00486103 -0.00337923 0.00339106 0.0137025 -0.00100456 -0.00899637
internal_weight=38.0487 16.9067 21.142 9.4794 6.71899 10.1877 11.6626
internal_count=270 119 151 66 46 73 85
is_linear=0
shrinkage=0.01


Tree=15
num_leaves=4
num_cat=0
split_feature=10 10 2
split_gain=18.433 6.86738 10.1892
threshold=14.241071428571397 11.969107142857153 5.6629999999998821
decision_type=2 2 2
left_child=1 2 -1
right_child=-2 -3 -4
leaf_value=-0.0034057594574457284 0.021957260944081205 -0.010044590763139459 0.010193318973204151
leaf_weight=18.926951155066494 3.2447209209203711 7.8069150298833838 7.4041617065668097
leaf_count=136 21 57 52
internal_value=0.000197712 -0.00198565 0.000414876
internal_weight=37.3827 34.138 26.3311
internal_count=266 245 188
is_linear=0
shrinkage=0.01


Tree=16
num_leaves=5
num_cat=0
split_feature=10 16 16 6
split_gain=15.9237 5.09689 8.79043 6.03786
threshold=14.241071428571397 0.030459798208810968 -0.17404951636539281 -0.2197639019884447
decision_type=2 2 2 2
left_child=1 2 -1 -3
right_child=-2 3 -4 -5
leaf_value=0.0056048613185815657 0.020593836883221868 0.014107495510784027 -0.0086366539942982386 -0.0011294525275178367
leaf_weight=5.4164565503597251 3.087931126356124 3.1912033110857001 16.611507833004001 9.3223173469305021
leaf_count=37 20 22 123 65
internal_value=-4.91495e-05 -0.00211342 -0.00501698 0.00283952
internal_weight=37.6294 34.5415 22.028 12.5135
internal_count=267 247 160 87
is_linear=0
shrinkage=0.01


Tree=17
num_leaves=7
num_cat=0
split_feature=0 18 25 18 17 13
split_gain=9.3877 10.8955 10.1704 7.25907 6.57293 2.22881
threshold=-0.0059960204963212848 11.285892857142798 0.56327083623424656 14.759357142857167 0.69352554221964147 0.13005255974291521
decision_type=2 2 2 2 2 2
left_child=1 -1 5 -3 -4 -2
right_child=2 3 4 -5 -6 -7
leaf_value=0.021248625232270172 -0.010188176617883632 -0.0075476020455876531 0.018288192714243888 0.0071893140065445865 -0.0032413336387923557 0
leaf_weight=3.0427840501070049 14.090636566281324 5.4834721982479078 2.3766110539436331 7.5360084623098373 2.589167445898056 2.4454608857631674
leaf_count=21 103 40 16 52 18 17
internal_value=-0.000553953 0.00511627 -0.00489356 0.000802147 0.00713771 -0.00868814
internal_weight=37.5641 16.0623 21.5019 13.0195 4.96578 16.5361
internal_count=267 113 154 92 34 120
is_linear=0
shrinkage=0.01


Tree=18
num_leaves=6
num_cat=0
split_feature=36 10 21 16 25
split_gain=9.06721 10.6257 5.60537 2.88332 1.27579
threshold=0.6619770424382313 14.32410714285704 0.64884000261154429 0.059494705996852172 -0.63941378590602316
decision_type=2 2 2 2 2
left_child=3 2 -2 4 -1
right_child=1 -3 -4 -5 -6
leaf_value=-0.00062630856588455678 0.00010532408921108219 0.02118723034202959 0.015914077102641012 0.0021805726257690936 -0.011100441837936507
leaf_weight=1.947068229317664 21.249892964959152 3.0181415677070609 2.2449734061956397 2.6060756295919409 6.5745140612125388
leaf_count=14 152 19 15 18 49
internal_value=0.00115159 0.00436627 0.00188152 -0.0062463 -0.00903664
internal_weight=37.6407 26.513 23.4949 11.1277 8.52158
internal_count=267 186 167 81 63
is_linear=0
shrinkage=0.01


Tree=19
num_leaves=7
num_cat=0
split_feature=16 3 3 11 6 20
split_gain=6.36801 13.5682 11.9287 8.10938 5.67981 4.91243
threshold=-0.12295783147074225 58.899477411399786 70.868561729477605 36.672122335699619 -0.11025255214551989 1.1518634028111594
decision_type=2 2 2 2 2 2
left_child=3 5 -3 -1 -5 -2
right_child=1 2 -4 4 -6 -7
leaf_value=0.021167625478707729 -0.0094391060578924626 0.019123243266548434 -0.0048710358147195029 0.011889647668298539 -0.0060857483164944316 0.0010720147297512538
leaf_weight=2.7371085137128812 13.9469495266676 4.543622374534606 3.2592276632785797 2.6495760679244995 3.9724448621273041 5.9125452935695639
leaf_count=18 103 31 23 17 28 42
internal_value=0.00055804 -0.00180707 0.0090448 0.00759455 0.00102115 -0.00624115
internal_weight=37.0215 27.6623 7.80285 9.35913 6.62202 19.8595
internal_count=262 199 54 63 45 145
is_linear=0
shrinkage=0.01


Tree=20
num_leaves=4
num_cat=0
split_feature=10 10 39
split_gain=10.8551 8.41914 8.27727
threshold=14.241071428571397 11.969107142857153 0.55166223555011118
decision_type=2 2 2
left_child=1 2 -1
right_child=-2 -3 -4
leaf_value=-0.010653813624191259 0.01677121829247074 -0.0099932316351685722 0.0042327062600866017
leaf_weight=4.1533129513263729 3.5156021714210501 7.7174185365438452 21.860364869236946
leaf_count=31 22 57 154
internal_value=0.000751755 -0.000992221 0.00168557
internal_weight=37.2467 33.7311 26.0137
internal_count=264 242 185
is_linear=0
shrinkage=0.01


Tree=21
num_leaves=7
num_cat=0
split_feature=22 28 28 6 33 28
split_gain=7.37654 9.20303 11.0731 5.37962 4.12542 3.19835
threshold=-0.22141617844403541 -0.4292677364273913 -7.1869242577431569 -0.0066375475482839405 0.39953758627046559 -9.0790337491480368
decision_type=2 2 2 2 2 2
left_child=4 2 -2 -3 5 -1
right_child=1 3 -4 -5 -6 -7
leaf_value=-0.0066586626598936893 0.0004561545199130556 0.0036009852682122546 0.01783225711801412 -0.010828644410962047 -0.009941299715192975 0.0072788043814873441
leaf_weight=2.6223788559436798 7.8288395851850492 4.914332702755928 7.0610863864421844 4.6347823143005389 7.2872879579663277 3.3750611990690214
leaf_count=19 56 35 47 34 53 23
internal_value=0.000846206 0.00413567 0.00901734 -0.00331606 -0.00501568 0.000840169
internal_weight=37.7238 24.439 14.8899 9.54912 13.2847 5.99744
internal_count=267 172 103 69 95 42
is_linear=0
shrinkage=0.01


Tree=22
num_leaves=4
num_cat=0
split_feature=10 21 26
split_gain=16.019 8.27963 3.9023
threshold=14.806678571428558 0.64884000261154429 20.391750000000005
decision_type=2 2 2
left_child=1 2 -1
right_child=-2 -3 -4
leaf_value=-0.0010855591933763135 0.021292195619666155 0.01354642108212937 -0.0090771972627504902
leaf_weight=23.097778551280502 2.9913960397243491 2.8624626994132987 8.4504111260175687
leaf_count=167 18 19 61
internal_value=0.000161589 -0.00178587 -0.00335432
internal_weight=37.402 34.4107 31.5482
internal_count=265 247 228
is_linear=0
shrinkage=0.01


Tree=23
num_leaves=6
num_cat=0
split_feature=13 19 17 0 17
split_gain=8.63334 6.34142 5.17938 6.63456 5.71369
threshold=0.085900443881859967 48.190988158888629 0.46744266906703641 -0.010506696364930465 0.63681629046828381
decision_type=2 2 2 2 2
left_child=2 -2 3 -1 -4
right_child=1 -3 4 -5 -6
leaf_value=0.00019722718792564958 0.017169267789211979 -0.0024976811520684957 0.014839267487925103 -0.010020716944121006 -0.0020951127283091999
leaf_weight=11.238001629710197 3.8221848160028449 2.3457464724779129 2.7114741802215567 13.252109318971634 5.2688285559415817
leaf_count=80 25 16 18 99 37
internal_value=-0.000881877 0.00961152 -0.00300593 -0.00530559 0.00374633
internal_weight=38.6383 6.16793 32.4704 24.4901 7.9803
internal_count=275 41 234 179 55
is_linear=0
shrinkage=0.01


Tree=24
num_leaves=4
num_cat=0
split_feature=10 16 16
split_gain=9.51553 6.26856 6.32465
threshold=14.241071428571397 -0.19327909308935973 0.030459798208810968
decision_type=2 2 2
left_child=1 -1 -3
right_child=-2 2 -4
leaf_value=0.0082092255878251832 0.013022259647533941 -0.0084943733886262713 0.00087018817064098369
leaf_weight=4.1800870597362509 4.062041535973548 16.085725575685505 12.15745075047016
leaf_count=28 25 121 85
internal_value=-0.000781955 -0.00267602 -0.00442649
internal_weight=36.4853 32.4233 28.2432
internal_count=259 234 206
is_linear=0
shrinkage=0.01


Tree=25
num_leaves=7
num_cat=0
split_feature=27 37 26 12 18 29
split_gain=8.98808 8.34913 10.9338 4.69492 3.67793 1.13986
threshold=39.377740931832612 0.66329182948997978 22.327178571428643 -8.8853100128662827 15.23078571428583 -1.5873887769623647
decision_type=2 2 2 2 2 2
left_child=3 2 -2 -1 -3 -5
right_child=1 4 -4 5 -6 -7
leaf_value=0.0043182061103012185 0.017483079156307195 -0.0033352663315951827 -0.0061024234689465709 0 0.009373460673802245 -0.0095474932790141458
leaf_weight=3.4446224570274344 7.1501223593950289 10.701054885983465 2.3477527946233749 1.8358009010553349 2.5470457375049582 10.300594978034495
leaf_count=24 48 77 17 14 17 76
internal_value=0.000396203 0.00442978 0.0114406 -0.00533873 -0.000590841 -0.00827848
internal_weight=38.327 22.746 9.49788 15.581 13.2481 12.1364
internal_count=273 159 65 114 94 90
is_linear=0
shrinkage=0.01


Tree=26
num_leaves=6
num_cat=0
split_feature=18 10 27 12 38
split_gain=9.16257 12.3676 12.2304 6.84501 5.82305
threshold=11.285892857142798 14.241071428571397 29.520370982823319 -2.1852620393756292 0.56229006942758786
decision_type=2 2 2 2 2
left_child=2 4 -1 -4 -2
right_child=1 -3 3 -5 -6
leaf_value=-0.0095361804277292479 0.0034539248019342557 0.012690087540851575 0.027420926833320373 0.0043067304852932985 -0.0076175960412738523
leaf_weight=2.170129492878913 5.583370089530951 4.1110143512487403 2.7598189413547516 2.8472010642290115 21.799147181212902
leaf_count=17 39 25 18 20 161
internal_value=-0.000306891 -0.00276929 0.00914947 0.0168371 -0.00527487
internal_weight=39.2707 31.4935 7.77715 5.60702 27.3825
internal_count=280 225 55 38 200
is_linear=0
shrinkage=0.01


Tree=27
num_leaves=5
num_cat=0
split_feature=21 6 3 11
split_gain=12.1547 9.90936 8.41829 3.53792
threshold=0.45083673569140498 -0.1443578660586245 55.412833015496496 63.08321076200513
decision_type=2 2 2 2
left_child=1 2 -1 -3
right_child=-2 3 -4 -5
leaf_value=0.0010349588316302411 0.016343193395716941 -0.0065583565979222078 0.020447460121810347 0.0048311511772749826
leaf_weight=8.9427504166960698 4.2693951427936545 19.201568678021435 2.8114954829215995 2.7411636710166922
leaf_count=63 27 141 19 19
internal_value=0.0010103 -0.00100061 0.00623747 -0.00499965
internal_weight=37.9664 33.697 11.7542 21.9427
internal_count=269 242 82 160
is_linear=0
shrinkage=0.01


Tree=28
num_leaves=7
num_cat=0
split_feature=8 4 5 27 0 11
split_gain=8.71936 8.75182 6.59496 6.00809 5.93729 0.948688
threshold=-0.016241116054352678 -1.0000000180025095e-35 -1.3210119545281778 46.370305020942602 -0.13171934633916549 56.038931160909122
decision_type=2 2 2 2 2 2
left_child=4 2 -2 -3 -1 -6
right_child=1 3 -4 -5 5 -7
leaf_value=0.0066549349345443468 0.0033787332104242584 -0.010834521578586682 0.020254208086091831 0.0042507218944500061 -0.010601812332129793 -0.001869199772360833
leaf_weight=2.425755411386489 7.5711416676640493 5.1270352452993393 3.4232003614306468 4.6696786731481552 10.909476086497305 2.2182976007461539
leaf_count=16 54 39 22 32 80 16
internal_value=-0.00101182 0.00314495 0.00920859 -0.00353329 -0.00664888 -0.00934987
internal_weight=36.3446 20.7911 10.9943 9.79671 15.5535 13.1278
internal_count=259 147 76 71 112 96
is_linear=0
shrinkage=0.01


Tree=29
num_leaves=5
num_cat=0
split_feature=10 24 0 27
split_gain=22.4074 6.54692 6.41384 6.36542
threshold=14.806678571428558 0.030163949373110305 -0.010506696364930465 46.370305020942602
decision_type=2 2 2 2
left_child=1 2 -1 -3
right_child=-2 3 -4 -5
leaf_value=0.0012609396036130935 0.02677763325134987 -0.0033463351673333921 -0.0097600087179198422 0.0099980375060862922
leaf_weight=8.8244849294424039 2.772516965866088 6.1443584933876974 11.670757412910463 7.4214450120925903
leaf_count=63 16 45 88 50
internal_value=0.000877367 -0.00138805 -0.00496889 0.0038681
internal_weight=36.8336 34.061 20.4952 13.5658
internal_count=262 246 151 95
is_linear=0
shrinkage=0.01


Tree=30
num_leaves=4
num_cat=0
split_feature=21 27 14
split_gain=9.77849 6.43042 6.88266
threshold=0.45083673569140498 28.991651307596211 0.12318959805106096
decision_type=2 2 2
left_child=1 -1 -3
right_child=-2 2 -4
leaf_value=-0.0094799870907909204 0.014583066528671253 0.0042188883688646503 -0.0078144996262705917
leaf_weight=6.2550380378961554 4.5669760107994071 21.257597170770172 5.7351094335317603
leaf_count=48 29 151 41
internal_value=0.00132814 -0.000547099 0.0015311
internal_weight=37.8147 33.2477 26.9927
internal_count=269 240 192
is_linear=0
shrinkage=0.01


Tree=31
num_leaves=5
num_cat=0
split_feature=10 3 32 16
split_gain=11.3434 5.84074 9.48525 4.43788
threshold=14.241071428571397 65.383624461594991 0.14914301492018886 0.030459798208810968
decision_type=2 2 2 2
left_child=1 3 -3 -1
right_child=-2 2 -4 -5
leaf_value=-0.0069087259713875825 0.018006038605615129 -0.0061739935749179414 0.019871898969928758 0.0012419311640843621
leaf_weight=18.844164177775387 2.6844007819890967 2.3698151856660834 2.5510254353284836 9.5614017546176893
leaf_count=142 16 17 17 67
internal_value=-0.000608786 -0.00231493 0.00731144 -0.00411121
internal_weight=36.0108 33.3264 4.92084 28.4056
internal_count=259 243 34 209
is_linear=0
shrinkage=0.01


Tree=32
num_leaves=6
num_cat=0
split_feature=30 30 9 5 13
split_gain=5.28077 6.05274 5.27566 4.12996 3.68207
threshold=0.058911269275922926 -0.19162096341909793 -0.08660915645639114 -1.3210119545281778 -1.0951839367357408
decision_type=2 2 2 2 2
left_child=1 2 -1 -3 -2
right_child=4 3 -4 -5 -6
leaf_value=-0.0039579360091161805 0.017486981378360755 -0.011291522379105991 0.0071830661152612494 -0.00081468711587557045 0
leaf_weight=7.6967691183090237 2.1205664873123169 8.681467704474926 8.5418871045112592 7.3197622820734987 2.4448504894971839
leaf_count=54 15 65 58 53 17
internal_value=-0.000895245 -0.00238971 0.00180554 -0.00672478 0.00874389
internal_weight=36.8053 32.2399 16.2387 16.0012 4.56542
internal_count=262 230 112 118 32
is_linear=0
shrinkage=0.01


Tree=33
num_leaves=7
num_cat=0
split_feature=17 17 18 19 33 11
split_gain=9.4342 11.0244 6.53088 6.10024 2.8805 2.268
threshold=0.45560029367808202 -0.52765479724350917 11.744499999999954 49.537935320922003 0.35069904795596057 52.371415862890721
decision_type=2 2 2 2 2 2
left_child=1 2 -1 -2 -5 -3
right_child=3 5 -4 4 -6 -7
leaf_value=0.016311573764023569 0.01587066107742207 -0.010681826749004862 -0.00088148532279937045 0.00762314655091748 -0.0068498481824724048 -0.0012866395590009018
leaf_weight=2.9136541932821256 4.3727669417858106 12.946338757872587 6.3653698191046715 2.2857101112604141 2.6366444528102875 3.9267553836107245
leaf_count=20 29 99 44 15 18 28
internal_value=-0.00074505 -0.00387073 0.0046502 0.00768678 0 -0.00867249
internal_weight=35.4472 26.1521 9.27902 9.29512 4.92235 16.8731
internal_count=253 191 64 62 33 127
is_linear=0
shrinkage=0.01


Tree=34
num_leaves=8
num_cat=0
split_feature=4 16 16 33 30 36 30
split_gain=8.48992 12.2947 7.25025 7.44906 5.5084 3.11581 0.29093
threshold=-2.3802627758886952 -0.11246404647872331 0.030459798208810968 0.34277414692205138 -0.10785624041931945 0.70918806829516357 -0.12996917375954256
decision_type=2 2 2 2 2 2 2
left_child=1 6 5 -4 -3 -2 -1
right_child=2 4 3 -5 -6 -7 -8
leaf_value=0.022328861290537332 -0.0094750197319469018 0.0071641185516742121 0.013621087557426498 -0.0025993032472754951 -0.010290965742730954 0.00051710611516057273 0.010878098620326597
leaf_weight=3.1725542098283768 10.516316600143911 3.4132524728775024 4.3888771533966047 6.5836619660258293 3.1712900400161725 3.8269495964050284 2.3665073364973068
leaf_count=19 81 24 29 46 24 28 16
internal_value=0.00119366 0.00800283 -0.00204467 0.00390106 -0.00103431 -0.00671645 0.0185894
internal_weight=37.4394 12.1236 25.3158 10.9725 6.58454 14.3433 5.53906
internal_count=267 83 184 75 48 109 35
is_linear=0
shrinkage=0.01


Tree=35
num_leaves=5
num_cat=0
split_feature=38 16 38 32
split_gain=8.00225 7.30173 7.70895 5.26995
threshold=0.72464709726846566 -0.1699819259034164 0.70727398274179742 0.10242470410728716
decision_type=2 2 2 2
left_child=1 3 -3 -1
right_child=-2 2 -4 -5
leaf_value=0.018834839289130632 -0.011051777462336551 -0.0032404327375260807 0.014735044964998441 0.00016882734618458716
leaf_weight=3.2537581622600582 6.1374943330883971 21.979513853788379 2.3537855520844451 3.0280688107013702
leaf_count=20 46 160 16 20
internal_value=-0.000883636 0.00117757 -0.00126218 0.0105588
internal_weight=36.7526 30.6151 24.3333 6.28183
internal_count=262 216 176 40
is_linear=0
shrinkage=0.01


Tree=36
num_leaves=5
num_cat=0
split_feature=27 4 22 16
split_gain=10.659 7.20316 12.9581 7.39942
threshold=28.991651307596211 -2.3245944393711393 -0.052335073649218217 -0.015572891651195702
decision_type=2 2 2 2
left_child=-1 2 -2 -3
right_child=1 3 -4 -5
leaf_value=-0.011058839663027243 0.01982605570195024 -0.0078062493745326622 -0.0025067812705092726 0.0039726050363141346
leaf_weight=6.6115549206733695 5.3021663501858711 8.3720710873603839 4.4705770835280436 13.451655492186545
leaf_count=51 33 63 32 94
internal_value=0.00014568 0.00263489 0.00964088 -0.000500207
internal_weight=38.208 31.5965 9.77274 21.8237
internal_count=273 222 65 157
is_linear=0
shrinkage=0.01


Tree=37
num_leaves=8
num_cat=0
split_feature=17 24 8 5 38 39 19
split_gain=10.8046 11.1717 7.59615 5.56379 4.03565 1.6344 1.13644
threshold=0.46744266906703641 -0.17897970586973472 0.081071589486994333 -1.5344868921523023 0.66522540182436074 0.65951883081519858 19.979648572832478
decision_type=2 2 2 2 2 2 2
left_child=1 3 4 -1 -2 -4 -3
right_child=2 6 5 -5 -6 -7 -8
leaf_value=-0.0032208776306007791 0.02514644523688769 0 -0.0064575023966868738 0.012583192482186166 0.0055079061322576683 0.0045957760310175837 -0.0088673203136270355
leaf_weight=3.6428531780838966 2.4001321345567685 1.8002472072839797 2.4538636952638626 4.5553233623504621 2.5952002555131912 2.1841184347867966 18.195987388491631
leaf_count=25 15 15 17 29 17 15 139
internal_value=-0.00092013 -0.00409066 0.00800122 0.00545953 0.0162115 -0.000884294 -0.00812747
internal_weight=37.8277 28.1944 9.63331 8.19818 4.99533 4.63798 19.9962
internal_count=272 208 64 54 32 32 154
is_linear=0
shrinkage=0.01


Tree=38
num_leaves=5
num_cat=0
split_feature=10 16 3 8
split_gain=12.5782 7.93781 6.82048 3.28932
threshold=14.241071428571397 -0.17404951636539281 62.965623104810781 -0.12237133596675176
decision_type=2 2 2 2
left_child=1 3 -3 -1
right_child=-2 2 -4 -5
leaf_value=0 0.013993872222766894 -0.0070256343954363436 0.0048157299667519974 0.015799182737365334
leaf_weight=2.4575049728155136 4.976697862148284 23.517137385904793 5.6769173070788375 2.5818547904491416
leaf_count=17 29 179 39 16
internal_value=-0.000330258 -0.00257403 -0.00462965 0.00855108
internal_weight=39.2101 34.2334 29.1941 5.03936
internal_count=280 251 218 33
is_linear=0
shrinkage=0.01


Tree=39
num_leaves=5
num_cat=0
split_feature=10 10 38 14
split_gain=9.64542 6.53217 7.2498 1.14506
threshold=14.241071428571397 10.641821428571513 0.54825624180884547 0.090451424730255484
decision_type=2 2 2 2
left_child=1 2 -1 -3
right_child=-2 3 -4 -5
leaf_value=-0.010702556658395534 0.013138920887542895 -0.011160963567162141 0.0027170078061106617 -0.0014177336392169296
leaf_weight=4.7164649069309261 3.9903877526521674 7.9016572982072812 20.069451786577702 2.1041043326258659
leaf_count=37 23 61 143 15
internal_value=-0.000944698 -0.00271551 0 -0.00940705
internal_weight=38.7821 34.7917 24.7859 10.0058
internal_count=279 256 180 76
is_linear=0
shrinkage=0.01


Tree=40
num_leaves=6
num_cat=0
split_feature=5 24 16 6 25
split_gain=10.5856 8.49992 13.2885 4.33377 4.82809
threshold=-1.5344868921523023 0.13819466586788773 0.032788135142840701 -0.29711775577283756 0.58705766955031946
decision_type=2 2 2 2 2
left_child=3 2 -2 -1 -5
right_child=1 -3 -4 4 -6
leaf_value=0.0057115949749656251 0.004339530942156185 -0.0075644512075281568 0.028854749763009252 -0.0087645355921774516 0.0049868229084585039
leaf_weight=3.1415816247463253 10.67035633325577 3.1416426151990882 2.6466199830174437 14.237723067402841 2.694136679172515
leaf_count=22 75 22 17 108 18
internal_value=0.0004281 0.00636067 0.00988694 -0.00436 -0.00641168
internal_weight=36.5321 16.4586 13.317 20.0734 16.9319
internal_count=262 114 92 148 126
is_linear=0
shrinkage=0.01


Tree=41
num_leaves=7
num_cat=0
split_feature=6 14 22 28 28 30
split_gain=6.83376 6.51332 5.59811 4.01836 5.21641 1.59701
threshold=-0.2197639019884447 0.10787605197823726 -0.21086587899762105 -7.0142646586391484 -0.28588666611676666 -0.15687238876335
decision_type=2 2 2 2 2 2
left_child=1 2 -1 5 -5 -2
right_child=3 -3 -4 4 -6 -7
leaf_value=-0.0012615339744339149 -0.0026012820832632291 -0.0065045286500495063 0.017413461488507091 0.00502474734098697 -0.005809401316895957 -0.011099066574157601
leaf_weight=2.0724100694060326 4.5306145921349525 2.4968223795294762 4.480463542044161 8.432314798235895 8.6925442293286341 7.0078461244702321
leaf_count=15 33 18 31 56 64 54
internal_value=-0.00115698 0.00620978 0.0114188 -0.00359212 -0.000365204 -0.0080818
internal_weight=37.713 9.0497 6.55287 28.6633 17.1249 11.5385
internal_count=271 64 46 207 120 87
is_linear=0
shrinkage=0.01


Tree=42
num_leaves=5
num_cat=0
split_feature=16 4 4 5
split_gain=7.08245 5.81278 4.83832 2.61601
threshold=-0.1814682822716622 4.4405056895398056 -5.6006274582014148 -1.5344868921523023
decision_type=2 2 2 2
left_child=3 2 -2 -1
right_child=1 -3 -4 -5
leaf_value=0 0.0073317167356873681 0.011304511021074335 -0.0056539507723808767 0.012881514461182278
leaf_weight=2.4277345389127731 2.8357849195599618 2.2775084376335135 25.894075378775597 4.0951083004474631
leaf_count=16 19 14 192 26
internal_value=-0.000885083 -0.00293771 -0.00424078 0.00827939
internal_weight=37.5302 31.0074 28.7299 6.52284
internal_count=267 225 211 42
is_linear=0
shrinkage=0.01


Tree=43
num_leaves=6
num_cat=0
split_feature=8 6 8 11 19
split_gain=8.67544 6.8654 5.49527 5.43604 2.66464
threshold=-0.01747682684815147 -0.22602782547771608 -0.0057050822261461879 48.345441208168587 27.748951543253238
decision_type=2 2 2 2 2
left_child=1 -1 -2 -4 -3
right_child=2 4 3 -5 -6
leaf_value=0.0071038998857475485 0.016710560141244859 0.00097548188140022889 -0.0024223117754842835 0.0079473324726608841 -0.010427864068417282
leaf_weight=3.4133653640747061 3.1662137210369137 2.1167230308055869 9.6120374202728289 9.6848616972565633 9.8632080331444723
leaf_count=24 20 15 70 66 74
internal_value=0.000996468 -0.0046672 0.00497583 0.00272201 -0.00827554
internal_weight=37.8564 15.3933 22.4631 19.2969 11.9799
internal_count=269 113 156 136 89
is_linear=0
shrinkage=0.01


Tree=44
num_leaves=7
num_cat=0
split_feature=27 18 19 30 18 34
split_gain=8.75634 7.11857 8.53481 5.56729 4.99656 2.48218
threshold=39.142570765905297 14.215857142857205 50.860792359306664 -0.1300307203173198 17.672000000000061 0.0016506478305392911
decision_type=2 2 2 2 2 2
left_child=4 3 -3 -2 5 -1
right_child=1 2 -4 -5 -6 -7
leaf_value=0.00050323678078298168 -0.0077372425230034436 0.017416921568439849 -0.00018498510317768439 0.0057387147087375398 0.0067727700309904463 -0.010261353247320597
leaf_weight=2.2596947550773612 5.6575280427932721 6.4134077280759794 4.2856822460889816 5.9484807699918782 2.3998078033328047 9.5577884539961797
leaf_count=18 41 40 29 42 16 74
internal_value=0.000658868 0.00459374 0.0103716 -0.000691801 -0.00534404 -0.00807644
internal_weight=36.5224 22.3051 10.6991 11.606 14.2173 11.8175
internal_count=260 152 69 83 108 92
is_linear=0
shrinkage=0.01


Tree=45
num_leaves=6
num_cat=0
split_feature=16 22 36 37 24
split_gain=9.41392 4.53909 5.77846 2.55741 1.95043
threshold=-0.19327909308935973 -0.22141617844403541 0.6487385416250161 0.66016712691422319 0.073457214522540087
decision_type=2 2 2 2 2
left_child=3 4 -3 -1 -2
right_child=1 2 -4 -5 -6
leaf_value=0.0048783299673035522 -0.0085605001065264859 -0.0070109953203003348 0.0049725610749824138 0.02080209181501547 0.00024090262749670331
leaf_weight=2.6363379955291739 7.5556313842535037 4.9497905671596554 16.084257625043392 2.4429696500301361 3.0487339049577713
leaf_count=16 59 38 112 15 21
internal_value=0.00139414 -0.00061919 0.00199988 0.0136419 -0.00590969
internal_weight=36.7177 31.6384 21.034 5.07931 10.6044
internal_count=261 230 150 31 80
is_linear=0
shrinkage=0.01


Tree=46
num_leaves=7
num_cat=0
split_feature=32 21 14 6 14 16
split_gain=5.86203 7.39459 5.80408 4.08211 3.46797 2.64538
threshold=0.24278899531002032 0.45083673569140498 0.12318959805106096 -0.22602782547771608 -0.17094492747405374 0.073457214522540087
decision_type=2 2 2 2 2 2
left_child=1 2 -1 4 -2 -5
right_child=3 -3 -4 5 -6 -7
leaf_value=0.0049396467249896358 0.012528360112769922 0.018153271333272041 -0.0084124320768001488 -0.0091776626483225567 -0.0032779687018232124 0.0011622554041524631
leaf_weight=12.646774157881742 2.1852156072854996 2.992625579237937 3.9940534159541121 9.3303259238600713 2.6262260675430324 2.8078534230589858
leaf_count=89 15 18 29 73 19 19
internal_value=0.000660813 0.00439467 0.00152466 -0.00354954 0.0038235 -0.00665465
internal_weight=36.5831 19.6335 16.6408 16.9496 4.81144 12.1382
internal_count=262 136 118 126 34 92
is_linear=0
shrinkage=0.01


Tree=47
num_leaves=5
num_cat=0
split_feature=16 10 10 3
split_gain=7.61074 8.8238 6.34521 6.78097
threshold=-0.17404951636539281 10.641821428571513 14.641678571428592 62.965623104810781
decision_type=2 2 2 2
left_child=1 -1 3 -2
right_child=2 -3 -4 -5
leaf_value=0.020680422449096427 -0.0057333455692969437 -0.0016929600142074838 0.012711461094244668 0.0056023199002015111
leaf_weight=3.3605557307600966 21.736296303570278 3.0280133038759232 2.4902085810899726 6.5131147652864447
leaf_count=21 166 20 14 44
internal_value=0.000463897 0.0101767 -0.00156912 -0.00301836
internal_weight=37.1282 6.38857 30.7396 28.2494
internal_count=265 41 224 210
is_linear=0
shrinkage=0.01


Tree=48
num_leaves=6
num_cat=0
split_feature=27 8 1 5 8
split_gain=7.93202 6.90248 5.35066 5.0176 1.03816
threshold=29.520370982823319 -0.016241116054352678 -0.40374005135931895 -1.0460671231990675 0.025061235927409799
decision_type=2 2 2 2 2
left_child=4 2 -2 -3 -1
right_child=1 3 -4 -5 -6
leaf_value=-0.010798089908775481 0.0027773117735379153 0.0031256823425573877 -0.01072458138289238 0.015047437755840148 -0.0010198992236685421
leaf_weight=5.1678187176585189 6.4542504847049713 12.242885150015356 4.7353911176323908 5.2000518366694441 2.034698911011219
leaf_count=41 45 86 37 33 15
internal_value=0.000644797 0.00306654 -0.00289337 0.00698682 -0.00845358
internal_weight=35.8351 28.6326 11.1896 17.4429 7.20252
internal_count=257 201 82 119 56
is_linear=0
shrinkage=0.01


Tree=49
num_leaves=8
num_cat=0
split_feature=28 22 28 22 35 20 2
split_gain=5.54748 9.41945 5.66123 3.58306 7.69952 2.998 1.93415
threshold=-0.6635397310637926 -0.062970723559070615 -7.0142646586391484 -0.12053663766922366 0.44287333244504895 -3.8441868411737228 6.5331071428569691
decision_type=2 2 2 2 2 2 2
left_child=1 2 -1 4 -2 -3 -5
right_child=3 5 -4 6 -6 -7 -8
leaf_value=-0.0041602016032643505 0.015340195154777962 0.0035353755039044879 0.0067176611203320895 -0.0097112515397683816 -0.0095433581737743266 0.019319377209151098 6.5024370938007611e-05
leaf_weight=10.721746876835825 2.3034132346510878 2.3441725671291351 8.1037198156118375 6.8964467048645002 2.019920639693737 4.1435141339898136 2.25386992841959
leaf_count=82 16 16 52 53 15 26 15
internal_value=0.00142942 0.00420857 0.000449696 -0.00362456 0.00341681 0.0143192 -0.00716594
internal_weight=38.7868 25.3132 18.8255 13.4737 4.32333 6.48769 9.15032
internal_count=275 176 134 99 31 42 68
is_linear=0
shrinkage=0.01


Tree=50
num_leaves=6
num_cat=0
split_feature=30 22 9 30 24
split_gain=5.67365 14.3394 5.19345 10.3679 3.98288
threshold=0.058911269275922926 0.21885260265799503 -0.17440716018734284 -0.19162096341909793 -0.13996496151349219
decision_type=2 2 2 2 2
left_child=2 -2 4 -4 -1
right_child=1 -3 3 -5 -6
leaf_value=0.0008845595475237511 0.022740849460434292 -0.0094390482956648192 0.0094629441409520565 -0.005048116112223641 -0.0099611218902879595
leaf_weight=5.1015376150608054 3.1648718863725653 1.9801345169544218 9.8418641090393049 9.1275928393006343 8.0193820521235448
leaf_count=34 21 15 65 68 63
internal_value=0.000680951 0.0101509 -0.000855565 0.00240693 -0.00566969
internal_weight=37.2354 5.14501 32.0904 18.9695 13.1209
internal_count=266 36 230 133 97
is_linear=0
shrinkage=0.01


Tree=51
num_leaves=4
num_cat=0
split_feature=21 19 4
split_gain=9.10592 7.93116 7.26041
threshold=0.76308606822665925 65.58510210144776 -5.3449608716432513
decision_type=2 2 2
left_child=1 2 -1
right_child=-2 -3 -4
leaf_value=0.0083242084051165875 0.014409501615745959 0.012897116593791922 -0.0053823152464165611
leaf_weight=4.1077295690774944 3.455042988061904 2.920185111463069 27.772765219211578
leaf_count=27 21 19 207
internal_value=-0.000331111 -0.0019622 -0.00349297
internal_weight=38.2557 34.8007 31.8805
internal_count=274 253 234
is_linear=0
shrinkage=0.01


Tree=52
num_leaves=8
num_cat=0
split_feature=1 1 32 35 35 18 3
split_gain=7.73218 9.17511 9.34973 4.76323 9.44868 3.29787 2.59366
threshold=-0.15749286190383047 -0.66698274791718015 0.25681742049732292 0.32044498206158395 0.67838461583546217 15.23078571428583 55.412833015496496
decision_type=2 2 2 2 2 2 2
left_child=1 5 -3 6 -5 -1 -2
right_child=3 2 -4 4 -6 -7 -8
leaf_value=-0.010478870265966793 -0.011052009233923197 0.018232089961350922 0 0.010134180951163389 -0.010514250561322078 0.0038806811894299669 -0.00024226041839126429
leaf_weight=3.5788578242063549 8.1940933540463465 6.2261437550187093 4.9932101294398308 5.086551681160925 3.4271453619003296 2.2544522508978844 3.5460535511374465
leaf_count=27 67 39 38 33 25 15 25
internal_value=0.000135693 0.00510073 0.0103517 -0.00396074 0.00152038 -0.00468475 -0.00804048
internal_weight=37.3065 17.0527 11.2194 20.2538 8.5137 5.83331 11.7401
internal_count=269 119 77 150 58 42 92
is_linear=0
shrinkage=0.01


Tree=53
num_leaves=5
num_cat=0
split_feature=27 4 14 10
split_gain=7.37928 7.11397 6.68764 4.07959
threshold=28.991651307596211 0.70363863559214235 0.14389147438870606 8.1868928571428317
decision_type=2 2 2 2
left_child=-1 2 -2 -3
right_child=1 3 -4 -5
leaf_value=-0.0093518548765102912 0.0086068475860618578 0.0041801269614970844 -0.0056915657439782332 -0.0085017958150061662
leaf_weight=5.9370705410838118 16.994246110320098 3.4676693454384786 3.6365701854228965 6.8386429101228714
leaf_count=47 117 24 26 49
internal_value=0.000515776 0.0025451 0.00594548 -0.00404872
internal_weight=36.8742 30.9371 20.6308 10.3063
internal_count=263 216 143 73
is_linear=0
shrinkage=0.01


Tree=54
num_leaves=7
num_cat=0
split_feature=8 9 29 24 27 24
split_gain=7.14924 7.9299 5.40896 4.9408 5.68184 3.99156
threshold=0.00090032291827196905 0.69352554221964147 -0.63379637597526506 -0.13996496151349219 45.220442558259727 0.12435401120420299
decision_type=2 2 2 2 2 2
left_child=3 2 -2 4 -1 -5
right_child=1 -3 -4 5 -6 -7
leaf_value=0.0081891773592946276 0.012399551112102253 -0.0075988738840147528 -0.0018482011963793015 -0.0094008662294613448 -0.009742047015998111 0.002766822330908753
leaf_weight=5.9950690343976039 10.659393467009068 3.2111078202724448 3.1209562718868264 10.610810995101927 2.0989436656236649 3.1238197460770598
leaf_count=37 71 23 21 86 15 21
internal_value=0.000868385 0.00571892 0.00906007 -0.00284325 0.00311899 -0.00649094
internal_weight=38.8201 16.9915 13.7803 21.8286 8.09401 13.7346
internal_count=274 115 92 159 52 107
is_linear=0
shrinkage=0.01


Tree=55
num_leaves=6
num_cat=0
split_feature=6 18 32 37 32
split_gain=6.03692 6.61922 6.3974 2.62217 2.92135
threshold=-0.057587597856540142 11.648642857142836 0.25681742049732292 0.7208734752067234 0.18654933323251385
decision_type=2 2 2 2 2
left_child=1 -1 -3 4 -2
right_child=3 2 -4 -5 -6
leaf_value=0.016130491280718091 -0.010204422372315751 0.0075988529601283177 -0.0050235341108346935 0.0045296645564860552 -0.0014189670382625853
leaf_weight=2.9290537983179119 8.7232489064335876 6.7110335007309905 9.0537040010094625 2.1446906402707091 7.7458341494202605
leaf_count=20 66 43 67 14 57
internal_value=-0.000852137 0.00307329 0.000266868 -0.0048864 -0.00629097
internal_weight=37.3076 18.6938 15.7647 18.6138 16.4691
internal_count=267 130 110 137 123
is_linear=0
shrinkage=0.01


Tree=56
num_leaves=5
num_cat=0
split_feature=10 25 8 10
split_gain=8.99578 9.62653 5.99352 3.82671
threshold=14.241071428571397 0.37816830413059849 0.081071589486994333 11.578428571428603
decision_type=2 2 2 2
left_child=1 3 -3 -1
right_child=-2 2 -4 -5
leaf_value=-0.0012714883720201548 0.014227853959763873 0.014820473306660559 -0.0018252357538355685 -0.010736833397971234
leaf_weight=17.837305732071407 4.5080493837594977 5.2679921090602857 3.1200791001319885 5.6504109129309645
leaf_count=132 25 34 21 47
internal_value=0.00146484 -0.00039384 0.0085494 -0.00373932
internal_weight=36.3838 31.8758 8.38807 23.4877
internal_count=259 234 55 179
is_linear=0
shrinkage=0.01


Tree=57
num_leaves=6
num_cat=0
split_feature=6 32 8 1 30
split_gain=5.23655 5.12035 5.72427 4.173 2.75005
threshold=-0.28507941898505468 0.24278899531002032 0.075472894293441922 -0.50903828458466494 -0.21490803803571093
decision_type=2 2 2 2 2
left_child=4 3 -3 -2 -1
right_child=1 2 -4 -5 -6
leaf_value=0.014214569612369127 -0.0081346995289651881 -0.01028570135950266 0.0053669156303190226 0.0034306784129669705 0
leaf_weight=3.0949641540646553 3.4877942129969588 9.9666170254349691 2.6341912746429434 16.355697698891166 2.4423386454582205
leaf_count=19 24 79 18 114 18
internal_value=-0.00027547 -0.00187892 -0.00680979 0.00120772 0.00839062
internal_weight=37.9816 32.4443 12.6008 19.8435 5.5373
internal_count=272 235 97 138 37
is_linear=0
shrinkage=0.01


Tree=58
num_leaves=4
num_cat=0
split_feature=21 39 22
split_gain=6.37189 4.43709 3.98415
threshold=0.76308606822665925 0.73419416087416967 -0.10441725775986523
decision_type=2 2 2
left_child=1 2 -1
right_child=-2 -3 -4
leaf_value=-0.0075968013473986041 0.011790472140387727 0.0077215515088551847 -0.00015688842963554764
leaf_weight=14.526777356863022 3.0514738932251921 3.3045133277773848 15.113204121589661
leaf_count=109 19 24 107
internal_value=-0.00125927 -0.00262365 -0.00390963
internal_weight=35.996 32.9445 29.64
internal_count=259 240 216
is_linear=0
shrinkage=0.01


Tree=59
num_leaves=5
num_cat=0
split_feature=30 30 4 28
split_gain=4.25353 5.19301 6.55477 2.72102
threshold=0.058911269275922926 -0.11613885659403995 -2.3245944393711393 1.4021753571755655
decision_type=2 2 2 2
left_child=1 2 -1 -3
right_child=-2 3 -4 -5
leaf_value=0.0089381576463067412 0.009195737449791715 -0.0098825795289281104 -0.0022759372369822641 0.0023853497264840055
leaf_weight=7.1657070741057387 3.9674907177686682 8.0541085973381978 16.614503175020221 1.866489604115485
leaf_count=45 27 66 121 13
internal_value=-0.000155821 -0.001387 0.00108941 -0.00737651
internal_weight=37.6683 33.7008 23.7802 9.9206
internal_count=272 245 166 79
is_linear=0
shrinkage=0.01


Tree=60
num_leaves=4
num_cat=0
split_feature=27 14 18
split_gain=7.89409 9.97578 6.07314
threshold=28.991651307596211 0.14389147438870606 14.215857142857205
decision_type=2 2 2
left_child=-1 2 -2
right_child=1 -3 -4
leaf_value=-0.0094503882172302205 0 -0.0093746927067082132 0.0097489887774570433
leaf_weight=6.4695264175534239 11.664904780685907 5.4098108932375899 13.278182603418825
leaf_count=53 84 39 88
internal_value=0.000264568 0.00247272 0.00520237
internal_weight=36.8224 30.3529 24.9431
internal_count=264 211 172
is_linear=0
shrinkage=0.01


Tree=61
num_leaves=4
num_cat=0
split_feature=10 10 28
split_gain=8.42521 5.38475 6.71059
threshold=14.820785714285714 12.688928571428603 -11.948473559721149
decision_type=2 2 2
left_child=1 2 -1
right_child=-2 -3 -4
leaf_value=-0.010552481916832817 0.016361384422305315 -0.0093579065099600543 0.0030918604389805265
leaf_weight=3.9241785109043112 2.7953403145074835 5.8383506387472144 23.383083038032058
leaf_count=30 15 45 166
internal_value=0.000547755 -0.000860887 0.000965297
internal_weight=35.941 33.1456 27.3073
internal_count=256 241 196
is_linear=0
shrinkage=0.01


Tree=62
num_leaves=4
num_cat=0
split_feature=21 30 5
split_gain=6.44065 4.75474 4.35688
threshold=0.92466341731839941 0.072744657767517387 -1.5344868921523023
decision_type=2 2 2
left_child=1 2 -1
right_child=-2 -3 -4
leaf_value=-0.00531594260098712 0.01577163433259687 0.0089933096865938752 0.0019778086563660038
leaf_weight=18.37972408533096 2.2094409465789786 4.0266096219420424 13.859320856630804
leaf_count=137 13 28 98
internal_value=0.000237075 -0.000776285 -0.00212962
internal_weight=38.4751 36.2657 32.239
internal_count=276 263 235
is_linear=0
shrinkage=0.01


Tree=63
num_leaves=6
num_cat=0
split_feature=25 9 17 3 3
split_gain=5.23862 9.25211 5.76107 5.69947 5.3099
threshold=0.56327083623424656 0.62479660720363472 -0.52765479724350917 61.301390203091579 35.209484879865698
decision_type=2 2 2 2 2
left_child=2 -2 4 -4 -1
right_child=1 -3 3 -5 -6
leaf_value=0.010988780328874967 0.02087932836756053 -0.0025315893511481803 -0.007763414191088165 0.004466959089193711 -0.0030438278566673532
leaf_weight=5.2258043214678782 2.7388792783021918 3.3823011517524719 15.742308206856253 4.5554563850164405 4.7467004209756851
leaf_count=32 17 23 124 31 35
internal_value=-3.72215e-05 0.00811808 -0.00181527 -0.00489635 0.00422103
internal_weight=36.3914 6.12118 30.2703 20.2978 9.9725
internal_count=262 40 222 155 67
is_linear=0
shrinkage=0.01


Tree=64
num_leaves=5
num_cat=0
split_feature=10 25 5 5
split_gain=9.03743 6.76972 8.68965 6.31766
threshold=14.806678571428558 0.41333736768928214 0.31400490947551341 -1.8049507127607289
decision_type=2 2 2 2
left_child=1 2 -1 -3
right_child=-2 3 -4 -5
leaf_value=-0.0064420112307007893 0.014916227854827298 0.012830362721125279 0.011603450037636128 -0.0045647720418668675
leaf_weight=22.770807869732383 3.2765608280897132 4.9173499941825867 2.6714564263820639 3.0611867457628241
leaf_count=178 17 32 17 21
internal_value=-0.00014047 -0.0017955 -0.00435639 0.00599109
internal_weight=36.6974 33.4208 25.4423 7.97854
internal_count=265 248 195 53
is_linear=0
shrinkage=0.01


Tree=65
num_leaves=7
num_cat=0
split_feature=0 37 9 17 24 30
split_gain=8.60177 7.21607 6.51889 7.56314 3.98172 1.57877
threshold=-0.0059960204963212848 0.71621489498509139 -0.72606022239265056 -0.62961534303059052 0.030163949373110305 -0.15820063739122117
decision_type=2 2 2 2 2 2
left_child=2 4 5 -4 -2 -1
right_child=1 -3 3 -5 -6 -7
leaf_value=-0.0097375639581363405 -0.010302949580235516 0.0087490439242033334 0.02308085980707782 0.0044444469192541228 -0.0010320659000313944 0.0011453082960610449
leaf_weight=2.2548955380916595 10.481325268745428 3.5103230625390998 2.8272778019309053 9.2736033797264064 9.1747357100248319 2.0840874910354641
leaf_count=17 86 22 18 64 64 15
internal_value=0.000126806 -0.00372965 0.00565009 0.00941301 -0.00615643 -0.00434318
internal_weight=39.6062 23.1664 16.4399 12.1009 19.6561 4.33898
internal_count=286 172 114 82 150 32
is_linear=0
shrinkage=0.01


Tree=66
num_leaves=8
num_cat=0
split_feature=37 19 29 36 0 21 30
split_gain=6.60145 6.39192 4.71959 4.51486 3.87999 1.75622 1.1284
threshold=0.70064713099527087 40.014683098016327 -1.1818554192698956 0.67658806419163553 -0.0059960204963212848 -0.4482339878308918 -0.17842498516811137
decision_type=2 2 2 2 2 2 2
left_child=3 5 -3 6 -5 -2 -1
right_child=1 2 -4 4 -6 -7 -8
leaf_value=-0.00079268296510640838 0.0051671358007368507 -0.0099101559603744557 0.0070342422736117882 0.0058964365361654928 -0.0035240655669791631 0.019798874945540949 -0.010818787676193115
leaf_weight=1.9598193764686582 2.1072515994310379 2.6606516391038895 3.3693024665117264 6.8301110640168217 10.981417618691919 2.7998631447553617 6.1768258661031741
leaf_count=14 15 21 22 45 82 16 52
internal_value=0 0.00643252 -0.00024167 -0.00272693 1.57796e-05 0.0145594 -0.00875499
internal_weight=36.8852 10.9371 6.02995 25.9482 17.8115 4.90711 8.13665
internal_count=267 74 43 193 127 31 66
is_linear=0
shrinkage=0.01


Tree=67
num_leaves=7
num_cat=0
split_feature=9 1 38 6 39 11
split_gain=7.41461 7.52344 6.26751 3.19176 2.47899 2.04935
threshold=-0.08660915645639114 -0.15749286190383047 0.6608773836493701 -0.22602782547771608 0.65784409841304592 40.015220777317701
decision_type=2 2 2 2 2 2
left_child=3 -2 -3 4 -1 -5
right_child=1 2 -4 5 -6 -7
leaf_value=-0.0041932790567510625 0.015562790000402307 -0.0060060501260565157 0.0066941316482678091 -0.00065618549392504734 0.0091924597789891822 -0.010146178136232861
leaf_weight=2.73162513971329 4.0315036699175861 7.2061786800622922 7.7062434703111649 3.6912632510066024 2.1387241780757904 8.989117816090582
leaf_count=18 26 53 54 27 16 72
internal_value=-0.000305479 0.00394528 0.000428095 -0.0049949 0.00149031 -0.00761673
internal_weight=36.4947 18.9439 14.9124 17.5507 4.87035 12.6804
internal_count=266 133 107 133 34 99
is_linear=0
shrinkage=0.01


Tree=68
num_leaves=4
num_cat=0
split_feature=10 21 9
split_gain=11.2576 9.9917 5.41187
threshold=14.806678571428558 0.64884000261154429 0.48009413395965733
decision_type=2 2 2
left_child=1 2 -1
right_child=-2 -3 -4
leaf_value=-0.0071271142521875976 0.016390312002278525 0.013212920459343103 0.0018272263013175386
leaf_weight=22.122457787394527 3.0964843630790702 3.2225516662001601 9.0555138587951642
leaf_count=175 16 19 62
internal_value=-0.000912774 -0.00265614 -0.0044702
internal_weight=37.497 34.4005 31.178
internal_count=272 256 237
is_linear=0
shrinkage=0.01


Tree=69
num_leaves=5
num_cat=0
split_feature=21 36 1 37
split_gain=6.95808 6.9628 4.24762 1.49808
threshold=0.76308606822665925 0.67586438436995888 -0.71255314033880746 0.71229861406656114
decision_type=2 2 2 2
left_child=1 3 -3 -1
right_child=-2 2 -4 -5
leaf_value=-0.010943942548678077 0.013436237055530112 -0.0099326621658490585 0.0032679021126701484 -0.0015229400157139839
leaf_weight=6.7506150975823385 3.1934693604707709 2.4318088293075553 19.758677601814274 3.0617467239499092
leaf_count=56 19 18 139 22
internal_value=0 -0.00141986 0.00161916 -0.00833448
internal_weight=35.1963 32.0028 22.1905 9.81236
internal_count=254 235 157 78
is_linear=0
shrinkage=0.01


Tree=70
num_leaves=7
num_cat=0
split_feature=8 9 25 29 30 8
split_gain=7.77412 6.76716 8.97825 1.77553 2.7566 0.756265
threshold=-0.016241116054352678 0.63488460132440194 0.56327083623424656 0.35272679108625704 0.027900763970582769 0.10145778946212887
decision_type=2 2 2 2 2 2
left_child=3 2 -2 4 -1 -3
right_child=1 5 -4 -5 -6 -7
leaf_value=-0.011143242593621778 0.0019716642956847993 -0.0010549470621753227 0.020482865049018199 0.00052006588308833369 0.00039567437213939975 -0.010361880076505016
leaf_weight=8.5498821213841421 13.83266537636519 2.0339757800102225 3.0585179328918448 2.092753753066062 2.2482388243079177 2.8854029476642609
leaf_count=69 99 15 18 13 17 20
internal_value=-0.0008907 0.00267691 0.00573881 -0.00700209 -0.0086148 -0.00717882
internal_weight=34.7014 21.8106 16.8912 12.8909 10.7981 4.91938
internal_count=251 152 117 99 86 35
is_linear=0
shrinkage=0.01


Tree=71
num_leaves=6
num_cat=0
split_feature=8 17 27 8 37
split_gain=6.38437 9.43506 9.96735 6.51814 0.50154
threshold=-0.01747682684815147 -0.49088415713137828 48.123314127523081 -0.18579798878330792 0.63272794156533663
decision_type=2 2 2 2 2
left_child=3 -2 -3 -1 -5
right_child=1 2 -4 4 -6
leaf_value=0.006722240028215083 0.020681518357010528 -0.005031511100858972 0.0087756798965092416 -0.0041688879078725675 -0.011157225701944315
leaf_weight=2.9031735062599173 2.3985890001058605 12.14313366264105 8.6753283292055112 3.0442989319562894 7.0689055696129799
leaf_count=19 13 94 55 25 55
internal_value=-1.80188e-05 0.00306024 0.000670354 -0.00560408 -0.00942635
internal_weight=36.2334 23.2171 20.8185 13.0164 10.1132
internal_count=261 162 149 99 80
is_linear=0
shrinkage=0.01


Tree=72
num_leaves=5
num_cat=0
split_feature=10 10 0 24
split_gain=6.99977 4.67468 9.29254 1.52064
threshold=14.241071428571397 10.641821428571513 -0.0059960204963212848 0.13255136198556342
decision_type=2 2 2 2
left_child=1 2 -1 -3
right_child=-2 3 -4 -5
leaf_value=0.00997824494532531 0.01128265440831004 -0.0095718998175369236 -0.0034000887646427535 0
leaf_weight=7.4214157387614241 4.6652663946151725 6.9909622445702535 15.361066773533823 2.5522731244564056
leaf_count=52 26 58 114 17
internal_value=0.000175769 -0.00145489 0.000944316 -0.00723989
internal_weight=36.991 32.3257 22.7825 9.54324
internal_count=267 241 166 75
is_linear=0
shrinkage=0.01


Tree=73
num_leaves=7
num_cat=0
split_feature=8 1 35 6 16 29
split_gain=6.8429 7.58726 5.55214 5.26968 7.55318 1.07789
threshold=-0.016241116054352678 -0.28368445521058011 0.1045890707421476 -0.22602782547771608 -0.10114540154309475 -0.064435718612698728
decision_type=2 2 2 2 2 2
left_child=3 -2 -3 4 -1 -5
right_child=1 2 -4 5 -6 -7
leaf_value=0.014856053488979771 0.017017152602592667 -0.010060387295556921 0.0038803051310489839 -0.0099282753903905657 -0.0093738053718800726 -0.0019062623542610312
leaf_weight=2.6118178740143776 3.4638480022549656 3.1678546369075802 15.17430257797241 8.4974877759814262 1.9424832537770296 3.1015397310256931
leaf_count=15 22 27 103 71 15 21
internal_value=0.000355899 0.00403542 0.00124219 -0.00447269 0.00416899 -0.00805344
internal_weight=37.9593 21.806 18.3422 16.1533 4.5543 11.599
internal_count=274 152 130 122 30 92
is_linear=0
shrinkage=0.01


Tree=74
num_leaves=7
num_cat=0
split_feature=17 17 24 8 4 5
split_gain=5.08138 9.66295 8.61678 4.29545 3.77482 3.34675
threshold=0.45560029367808202 0.61096884877371083 -0.17216400795052589 0.092864579981041986 2.3893950094006873 -1.3397972473918134
decision_type=2 2 2 2 2 2
left_child=2 -2 5 -3 -4 -1
right_child=1 3 4 -5 -6 -7
leaf_value=0 0.018961166477922259 0.0082965985369154137 -0.0069672170279414612 -0.0065218068399792578 0.0051561092500426332 0.012647878502269073
leaf_weight=3.913122795522213 3.8451112508773786 3.1448934823274612 15.62212903052569 4.223933145403862 2.6415708363056174 4.4436089098453504
leaf_count=26 23 20 130 29 18 26
internal_value=0.00116699 0.00674598 -0.00115788 0 -0.00505103 0.00699979
internal_weight=37.8344 11.2139 26.6204 7.36883 18.2637 8.35673
internal_count=272 72 200 49 148 52
is_linear=0
shrinkage=0.01


Tree=75
num_leaves=6
num_cat=0
split_feature=8 25 16 8 5
split_gain=9.93413 7.83472 5.0286 3.47658 0.9848
threshold=-0.016241116054352678 -0.52459073725059102 0.030459798208810968 -0.18579798878330792 -2.2527843446955242
decision_type=2 2 2 2 2
left_child=3 -2 -3 -1 -5
right_child=1 2 -4 4 -6
leaf_value=0.0029686075225137214 0.019106342456463862 -0.0044706447015714305 0.0058040030780903661 -0.0027088974422418621 -0.010159115783561375
leaf_weight=3.0437639206647864 2.8672676756978062 7.1724286526441601 12.368448145687578 3.5703042820096007 8.7749268338084203
leaf_count=20 17 57 81 28 70
internal_value=0.00015447 0.00443172 0.00192134 -0.00591186 -0.00827802
internal_weight=37.7971 22.4081 19.5409 15.389 12.3452
internal_count=273 155 138 118 98
is_linear=0
shrinkage=0.01


Tree=76
num_leaves=7
num_cat=0
split_feature=6 8 34 24 18 18
split_gain=6.01451 5.4593 6.69818 3.80404 2.75268 7.92597
threshold=-0.22602782547771608 -0.024637225759431152 0.6026913247780904 -0.23567933181098363 13.168250000000009 15.570785714285845
decision_type=2 2 2 2 2 2
left_child=4 3 -3 -2 -1 -6
right_child=1 2 -4 -5 5 -7
leaf_value=0.016114142180397993 0.0022667711958743531 -0.0023453554185754776 0.010671146468145869 -0.011003679746318346 -0.0099036962203994435 0.013047963848901728
leaf_weight=2.5852301716804487 2.5446964278817177 12.475864939391615 5.3551798462867728 7.514281630516054 2.2800371199846268 3.2045384794473648
leaf_count=18 17 92 34 63 17 19
internal_value=0.000483012 -0.00167273 0.00156545 -0.00748506 0.00796532 0.00314201
internal_weight=35.9598 27.89 17.831 10.059 8.06981 5.48458
internal_count=260 206 126 80 54 36
is_linear=0
shrinkage=0.01


Tree=77
num_leaves=5
num_cat=0
split_feature=21 27 21 1
split_gain=5.70273 4.55875 4.03482 1.17719
threshold=0.92466341731839941 28.991651307596211 -1.7278977119589289 -0.40374005135931895
decision_type=2 2 2 2
left_child=1 3 -3 -1
right_child=-2 2 -4 -5
leaf_value=0 0.013310555906094743 0.0094658868569905893 -0.00070042550924611768 -0.01044682830678082
leaf_weight=1.798441909253597 2.8003939241170874 4.3550313636660567 22.596851222217087 4.9485066309571257
leaf_count=13 16 30 160 45
internal_value=0.000289802 -0.000841307 0.000955034 -0.00803609
internal_weight=36.4992 33.6988 26.9519 6.74695
internal_count=264 248 190 58
is_linear=0
shrinkage=0.01


Tree=78
num_leaves=7
num_cat=0
split_feature=8 28 28 0 12 29
split_gain=4.39913 6.56607 10.92 4.88022 2.11831 0.616736
threshold=-0.016241116054352678 -0.20074830226303672 -8.0184717549213911 -0.11260664431593716 1.9411811881295764 -0.79901067161831907
decision_type=2 2 2 2 2 2
left_child=3 2 -2 -1 -5 -3
right_child=1 5 -4 4 -6 -7
leaf_value=0.0068547022527390223 -0.0025464075194949255 -0.0011958948648440537 0.013518147951454337 -0.0086104116083804399 0.0015518657608435812 -0.0099442783350806793
leaf_weight=2.8295902311801902 7.6864331290125874 1.9883264377713201 8.4724105075001699 10.886286206543444 2.0210416540503493 2.8477080538868931
leaf_count=17 58 13 51 89 15 24
internal_value=-0.000190442 0.0027336 0.00584792 -0.00419433 -0.00686866 -0.00701675
internal_weight=36.7318 20.9949 16.1588 15.7369 12.9073 4.83603
internal_count=267 146 109 121 104 37
is_linear=0
shrinkage=0.01


Tree=79
num_leaves=6
num_cat=0
split_feature=8 38 33 8 18
split_gain=5.18806 6.23832 7.63888 4.64189 1.88751
threshold=0.00090032291827196905 0.59011540740422985 0.33761950841856864 -0.18821191837031215 11.285892857142798
decision_type=2 2 2 2 2
left_child=3 -2 -3 -1 -5
right_child=1 2 -4 4 -6
leaf_value=0.0089076978959075053 0.012877527223684047 0.0059476563668686699 -0.010667714340286261 0 -0.0076896948071926811
leaf_weight=2.0935704261064521 4.8327995464205733 6.8679762706160528 4.1927798017859459 4.1715260446071687 12.515057153999804
leaf_count=13 29 46 32 34 98
internal_value=-0.000348563 0.00375475 -0.000290036 -0.00393043 -0.00578777
internal_weight=34.6737 15.8936 11.0608 18.7802 16.6866
internal_count=252 107 78 145 132
is_linear=0
shrinkage=0.01


Tree=80
num_leaves=6
num_cat=0
split_feature=16 16 35 8 2
split_gain=8.32856 6.42744 4.40089 3.84887 0.818711
threshold=-0.19327909308935973 0.030459798208810968 0.40262370563726629 0.14542609627120115 6.2287857142857455
decision_type=2 2 2 2 2
left_child=4 2 -2 -3 -1
right_child=1 3 -4 -5 -6
leaf_value=0.0061757776085324028 -0.0083326485471728589 0.0074258273423566555 0.0015652059884111716 -0.0060374290948522003 0.017368883010905098
leaf_weight=2.4263966083526602 10.442769140005117 10.838735349476336 7.0765441656112662 2.2197174280881873 2.7201888188719749
leaf_count=15 90 72 52 15 16
internal_value=0.00168849 -0.000274249 -0.00426335 0.00490339 0.0130898
internal_weight=35.7244 30.5778 17.5193 13.0585 5.14659
internal_count=260 229 142 87 31
is_linear=0
shrinkage=0.01


Tree=81
num_leaves=7
num_cat=0
split_feature=6 8 8 4 3 8
split_gain=6.3509 4.77181 5.02265 4.28919 6.34433 1.80219
threshold=-0.2197639019884447 -0.016241116054352678 -0.0028845971390543848 -1.7754019873495961 52.305380908122459 -0.18821191837031215
decision_type=2 2 2 2 2 2
left_child=3 5 -3 -1 -5 -2
right_child=1 2 -4 4 -6 -7
leaf_value=0.01443332517360791 0 0.014494290774646548 -0.00034139725458308813 -0.0096930859998301758 0.012392766118746113 -0.0094698420876438601
leaf_weight=4.8467408642172813 2.3214873820543289 2.3360798433423069 15.257877863943575 2.3855612576007825 2.1995595842599869 6.9029194563627261
leaf_count=29 16 15 109 19 15 60
internal_value=0.00119083 -0.00124287 0.00172665 0.00814127 0.000602868 -0.00699271
internal_weight=36.2502 26.8184 17.594 9.43186 4.58512 9.22441
internal_count=263 200 124 63 34 76
is_linear=0
shrinkage=0.01


Tree=82
num_leaves=6
num_cat=0
split_feature=27 12 39 11 3
split_gain=5.92419 3.49837 4.59802 3.1998 1.21502
threshold=39.142570765905297 4.1118285528459646 0.65970241424661502 31.368315583211281 62.280630429146775
decision_type=2 2 2 2 2
left_child=3 2 -2 -1 -5
right_child=1 -3 -4 4 -6
leaf_value=0.002141786760232761 0.00068310562736272464 -0.0059599447348963443 0.011170468632332495 -0.010038354199317237 0
leaf_weight=3.3378680720925322 13.374248705804353 3.6734194681048384 6.1371351256966582 8.5093809291720373 1.7870720922946919
leaf_count=26 88 25 42 70 13
internal_value=-0.000558982 0.00245118 0.00420197 -0.00576378 -0.0085034
internal_weight=36.8191 23.1848 19.5114 13.6343 10.2965
internal_count=264 155 130 109 83
is_linear=0
shrinkage=0.01


Tree=83
num_leaves=4
num_cat=0
split_feature=10 21 21
split_gain=9.06218 5.99069 6.08593
threshold=14.806678571428558 0.45083673569140498 -1.444776063238002
decision_type=2 2 2
left_child=1 2 -1
right_child=-2 -3 -4
leaf_value=0.0030237281498821261 0.016088404084347578 0.0086649822923911893 -0.0062868690984756595
leaf_weight=9.7212699204683286 2.7755069285631171 4.4041353538632384 21.897089675068859
leaf_count=72 14 26 170
internal_value=-0.000332686 -0.00177541 -0.00336009
internal_weight=38.798 36.0225 31.6184
internal_count=282 268 242
is_linear=0
shrinkage=0.01


Tree=84
num_leaves=4
num_cat=0
split_feature=27 14 27
split_gain=5.98745 10.7707 6.26034
threshold=29.520370982823319 0.14389147438870606 58.554447021020032
decision_type=2 2 2
left_child=-1 2 -2
right_child=1 -3 -4
leaf_value=-0.0094018162958837102 0.0011820012173053055 -0.011214938928142244 0.013972016269126022
leaf_weight=6.6315318346023551 19.89449983090163 5.5898806750774375 4.601477399468421
leaf_count=58 142 41 28
internal_value=-0.000996024 0.000865495 0.00380519
internal_weight=36.7174 30.0859 24.496
internal_count=269 211 170
is_linear=0
shrinkage=0.01


Tree=85
num_leaves=5
num_cat=0
split_feature=10 10 38 38
split_gain=8.09621 6.6488 6.61591 0.148055
threshold=14.241071428571397 11.969107142857153 0.70727398274179742 0.74570209304578949
decision_type=2 2 2 2
left_child=1 2 -1 -3
right_child=-2 3 -4 -5
leaf_value=-0.00081452644294394377 0.012749681247628002 -0.010639240269016571 0.01093652880292327 -0.0032147456039921247
leaf_weight=21.241878859698776 5.0856860280036917 4.8706244155764571 5.7888877540826789 1.5553825944662092
leaf_count=154 27 41 40 14
internal_value=0.00135765 -0.000412694 0.00172132 -0.00936307
internal_weight=38.5425 33.4568 27.0308 6.42601
internal_count=276 249 194 55
is_linear=0
shrinkage=0.01


Tree=86
num_leaves=7
num_cat=0
split_feature=6 33 39 21 12 18
split_gain=6.4228 9.25897 9.07725 5.79716 3.56178 3.52517
threshold=-0.13684829655892847 0.33761950841856864 0.70255071387235779 0.45083673569140498 -0.43954740437902723 15.570785714285845
decision_type=2 2 2 2 2 2
left_child=1 2 -1 4 -2 -3
right_child=3 5 -4 -5 -6 -7
leaf_value=0.022489947044661302 -0.0018260703530247526 -0.0071757206909151576 -0.00021061393936505418 0.0073265518200268595 -0.011000721617033922 0.0068891628537501009
leaf_weight=3.9868747144937497 10.977249130606653 5.0100240334868431 2.6894567012786865 3.7274969443678847 7.5154249966144588 2.2905758172273636
leaf_count=24 84 38 20 22 63 14
internal_value=-4.20605e-05 0.00514996 0.0134429 -0.00342185 -0.00577716 -0.00240196
internal_weight=36.1971 13.9769 6.67633 22.2202 18.4927 7.3006
internal_count=265 96 44 169 147 52
is_linear=0
shrinkage=0.01


Tree=87
num_leaves=5
num_cat=0
split_feature=10 25 37 9
split_gain=9.96387 3.9753 4.66706 4.16233
threshold=14.820785714285714 0.58705766955031946 0.73854230825949985 0.63488460132440194
decision_type=2 2 2 2
left_child=1 2 -1 -3
right_child=-2 3 -4 -5
leaf_value=-0.0054952925608627206 0.015082669844550234 0.011287882947175113 0.0090853630797524208 -0.0040631253058572951
leaf_weight=25.405191823840145 3.2137243896722785 3.5115776360034934 2.0351410657167426 2.8235116750001907
leaf_count=200 16 21 12 19
internal_value=-0.000877257 -0.00257395 -0.00425525 0.00427024
internal_weight=36.9891 33.7754 27.4403 6.33509
internal_count=268 252 212 40
is_linear=0
shrinkage=0.01


Tree=88
num_leaves=6
num_cat=0
split_feature=5 24 29 11 33
split_gain=5.84895 6.94965 5.70777 5.63417 1.43628
threshold=-1.6152138138029184 -0.17897970586973472 -0.67767892126028018 58.049284628974767 0.69007574090223833
decision_type=2 2 2 2 2
left_child=3 -2 -3 4 -1
right_child=1 2 -4 -5 -6
leaf_value=-0.0089270315812691164 0.013153412086028153 0.0052555696950405328 -0.008700705388567485 0.0051096629382359508 -9.4264924607252121e-05
leaf_weight=11.463604308664801 5.0898804888129261 6.632868468761445 4.7437838613986942 4.3591967001557341 2.739422306418418
leaf_count=89 29 48 39 29 24
internal_value=-0.000454209 0.00378415 -0.000466598 -0.00432047 -0.0073985
internal_weight=35.0288 16.4665 11.3767 18.5622 14.203
internal_count=258 116 87 142 113
is_linear=0
shrinkage=0.01


Tree=89
num_leaves=7
num_cat=0
split_feature=8 0 3 8 8 30
split_gain=6.11688 6.03573 7.96642 4.1466 3.42288 2.05065
threshold=-0.016241116054352678 -0.0055559610069031281 62.965623104810781 -0.18821191837031215 0.0043128370882856868 0.055312177184869159
decision_type=2 2 2 2 2 2
left_child=3 4 -3 -1 -2 -5
right_child=1 2 -4 5 -6 -7
leaf_value=0.0063821599184149189 0.020101215575940832 -0.0032156893283662668 0.012250842165175396 -0.009182138121621438 0.003429694293009199 0.00071132379415556415
leaf_weight=2.4124984890222541 2.7571929618716267 12.692290872335436 4.1585022658109656 9.1690363362431508 2.8909836933016777 2.1708389148116103
leaf_count=15 16 97 25 76 18 16
internal_value=0.000584433 0.00382643 0.000632113 -0.00454563 0.0125076 -0.00714685
internal_weight=36.2513 22.499 16.8508 13.7524 5.64818 11.3399
internal_count=263 156 122 107 34 92
is_linear=0
shrinkage=0.01


Tree=90
num_leaves=5
num_cat=0
split_feature=10 10 0 17
split_gain=7.20129 4.55216 4.27433 2.72741
threshold=14.806678571428558 9.7615357142855981 -0.0059960204963212848 0.48402559280376239
decision_type=2 2 2 2
left_child=1 2 -1 -3
right_child=-2 3 -4 -5
leaf_value=0.0072367546356411384 0.011698823533390242 -0.0092170367728714332 -0.0023318930379022584 0.00030812215187183935
leaf_weight=6.9150657802820197 4.0500027984380713 9.5404927581548673 12.589603602886202 3.7304231524467459
leaf_count=48 20 79 95 24
internal_value=-0.000334323 -0.00197432 0.00101776 -0.00644454
internal_weight=36.8256 32.7756 19.5047 13.2709
internal_count=266 246 143 103
is_linear=0
shrinkage=0.01


Tree=91
num_leaves=7
num_cat=0
split_feature=3 35 3 22 28 0
split_gain=4.21665 6.84179 9.8252 6.71361 6.10706 5.77153
threshold=62.280630429146775 0.20786600492980428 70.868561729477605 0.10755143259036822 1.4021753571755655 -0.0059960204963212848
decision_type=2 2 2 2 2 2
left_child=3 -2 -3 5 -5 -1
right_child=1 2 -4 4 -6 -7
leaf_value=0.00071008206147059956 -0.0068101304204391099 0.024501441351504175 -0.00083208472566660262 0.015209721473779905 -0.0036677553334046194 -0.0091739238050379708
leaf_weight=9.6519166156649607 2.6241325810551626 2.6708507165312767 2.8197528421878815 3.315651722252368 2.8254353180527687 13.485868863761427
leaf_count=68 19 15 19 20 22 112
internal_value=-0.000678991 0.00549993 0.0117767 -0.00249753 0.00644763 -0.00500917
internal_weight=37.3936 8.11474 5.4906 29.2789 6.14109 23.1378
internal_count=275 53 34 222 42 180
is_linear=0
shrinkage=0.01


Tree=92
num_leaves=4
num_cat=0
split_feature=10 21 18
split_gain=7.94047 8.4546 5.14372
threshold=14.806678571428558 0.45083673569140498 11.311785714285699
decision_type=2 2 2
left_child=1 2 -1
right_child=-2 -3 -4
leaf_value=0.0034507868246183931 0.014903307249820117 0.010811217458743623 -0.0058353420085574953
leaf_weight=7.4468393996357944 2.8677445054054251 4.4004739001393309 23.498037219047546
leaf_count=55 14 26 184
internal_value=-0.000210559 -0.00160804 -0.00352496
internal_weight=38.2131 35.3454 30.9449
internal_count=279 265 239
is_linear=0
shrinkage=0.01


Tree=93
num_leaves=5
num_cat=0
split_feature=21 36 28 9
split_gain=8.32585 5.42243 5.40597 3.12796
threshold=0.64884000261154429 0.657182062295535 4.8238002058442371 0.20691428958827901
decision_type=2 2 2 2
left_child=1 3 -3 -1
right_child=-2 2 -4 -5
leaf_value=-0.01067856602514994 0.01417470701921536 0.0038655867198084865 -0.010107464586459365 0.0031265615782977451
leaf_weight=6.2591354250907916 4.1381103843450537 20.526166133582596 2.8470696881413451 1.7677139490842817
leaf_count=58 23 141 22 13
internal_value=0.00134014 -0.000406335 0.00197254 -0.00739503
internal_weight=35.5382 31.4001 23.3732 8.02685
internal_count=257 234 163 71
is_linear=0
shrinkage=0.01


Tree=94
num_leaves=5
num_cat=0
split_feature=10 27 18 1
split_gain=7.41861 5.31331 5.57658 2.96242
threshold=14.241071428571397 38.030419221344381 10.958035714285709 -0.3923589182119217
decision_type=2 2 2 2
left_child=1 3 -3 -1
right_child=-2 2 -4 -5
leaf_value=0.0020746841094778554 0.012364098732260211 0.011846237015262858 -0.0001346781843535548 -0.0094703591969614916
leaf_weight=2.6475154757499695 5.1341739594936362 4.6410569772124317 16.688029311597347 7.288866378366949
leaf_count=20 27 29 120 67
internal_value=0.00157167 -0.00023789 0.00250797 -0.00622819
internal_weight=36.3996 31.2655 21.3291 9.93638
internal_count=263 236 149 87
is_linear=0
shrinkage=0.01


Tree=95
num_leaves=5
num_cat=0
split_feature=8 9 21 0
split_gain=3.57566 5.47292 6.023 4.99538
threshold=0.13019474634826897 -0.16656896616834063 0.45083673569140498 -0.094688507712192282
decision_type=2 2 2 2
left_child=1 3 -3 -1
right_child=-2 2 -4 -5
leaf_value=0.0044083566512690148 -0.010544523848179889 0.0014865448285888477 0.018227058451408477 -0.0077223482779417785
leaf_weight=4.413070246577262 3.0717695876955977 15.851274214684965 2.2744720280170432 10.902813039720057
leaf_count=27 21 117 12 91
internal_value=-0.000715886 0.000213372 0.0039583 -0.00408143
internal_weight=36.5134 33.4416 18.1257 15.3159
internal_count=268 247 129 118
is_linear=0
shrinkage=0.01


Tree=96
num_leaves=5
num_cat=0
split_feature=37 30 22 34
split_gain=6.74489 4.62948 5.26076 3.42945
threshold=0.73854230825949985 0.027900763970582769 0.12925852822331704 0.92927209571091518
decision_type=2 2 2 2
left_child=1 3 -3 -1
right_child=-2 2 -4 -5
leaf_value=-0.0056353835604504221 0.01542246292571395 0.013474868629924107 -0.0052435703844406871 0.0014439702000213323
leaf_weight=19.730237536132339 2.1821635589003554 3.5647569000720969 2.0553618744015694 9.6458625644445402
leaf_count=159 12 22 16 62
internal_value=-0.000440491 -0.00160895 0.00637261 -0.00325233
internal_weight=37.1784 34.9962 5.62012 29.3761
internal_count=271 259 38 221
is_linear=0
shrinkage=0.01


Tree=97
num_leaves=4
num_cat=0
split_feature=10 21 16
split_gain=7.9287 7.20929 4.68577
threshold=14.241071428571397 0.76308606822665925 -0.19327909308935973
decision_type=2 2 2
left_child=1 2 -1
right_child=-2 -3 -4
leaf_value=0.007283510922712213 0.012489462170699892 0.013485920177431899 -0.0041174492517757639
leaf_weight=3.7904114425182369 4.6908852756023398 2.7744165286421767 26.072334207594395
leaf_count=24 24 16 208
internal_value=0.000717566 -0.00101201 -0.00254599
internal_weight=37.328 32.6372 29.8627
internal_count=272 248 232
is_linear=0
shrinkage=0.01


Tree=98
num_leaves=5
num_cat=0
split_feature=10 17 25 16
split_gain=7.95101 4.91721 8.26779 7.42577
threshold=14.241071428571397 0.45560029367808202 0.60602199894378483 -0.10429149016339175
decision_type=2 2 2 2
left_child=1 3 -3 -1
right_child=-2 2 -4 -5
leaf_value=0.0036770014314908665 0.012655906491697462 0.012563077848940339 -0.0049126370950060543 -0.0078501653125189249
leaf_weight=8.5105418637394887 4.6623815596103659 5.6888725385069829 4.5086532533168793 14.413021109998228
leaf_count=60 24 35 30 127
internal_value=0.00082229 -0.00088231 0.0047264 -0.00349228
internal_weight=37.7835 33.1211 10.1975 22.9236
internal_count=276 252 65 187
is_linear=0
shrinkage=0.01


Tree=99
num_leaves=5
num_cat=0
split_feature=2 34 27 36
split_gain=5.28114 7.28061 4.58229 4.47572
threshold=4.299214285714406 0.068174317289044439 39.142570765905297 0.70918806829516357
decision_type=2 2 2 2
left_child=3 -2 -3 -1
right_child=1 2 -4 -5
leaf_value=-0.010567436172699425 0.017143842356257023 -0.0037142948066290387 0.0047550199035063584 0.0055197132275140413
leaf_weight=5.5447463989257804 3.0676676183939007 10.138145066797735 15.713964030146597 2.0548122152686119
leaf_count=51 18 83 100 15
internal_value=0.00125871 0.00325503 0.00135272 -0.00592009
internal_weight=36.5193 28.9198 25.8521 7.59956
internal_count=267 201 183 66
is_linear=0
shrinkage=0.01


Tree=100
num_leaves=6
num_cat=0
split_feature=18 18 17 39 18
split_gain=5.60112 6.1265 7.23778 5.74275 2.24562
threshold=9.9386785714286514 14.215857142857205 0.47648500455067555 0.58795498891071662 11.285892857142798
decision_type=2 2 2 2 2
left_child=3 4 -3 -1 -2
right_child=1 2 -4 -5 -6
leaf_value=-0.002065232832615344 0.00085052614553737652 -0.0029769452859392921 0.010299564275971543 0.018122734351097573 -0.0094895017061901003
leaf_weight=2.2805976346135131 2.1259468942880657 11.876235678792002 5.8299254402518264 2.664671279489994 10.41370055824518
leaf_count=20 15 88 36 17 82
internal_value=-0.000628844 -0.00231511 0.00138217 0.00884576 -0.00760179
internal_weight=35.1911 30.2458 17.7062 4.94527 12.5396
internal_count=258 221 124 37 97
is_linear=0
shrinkage=0.01


Tree=101
num_leaves=7
num_cat=0
split_feature=8 0 38 8 0 0
split_gain=4.51101 7.14375 9.37182 4.24707 3.62531 5.21104
threshold=-0.014382937298113617 -0.0027339626915535782 0.6831053254467877 0.13308116576951706 -0.012798282722832918 -0.025763119463492828
decision_type=2 2 2 2 2 2
left_child=4 2 -2 -3 5 -1
right_child=1 3 -4 -5 -6 -7
leaf_value=-0.0044660700083339125 0.018889245790177402 0.0019581543196247413 -0.005362372159976825 -0.0105172878866918 -0.010582174425738593 0.012395866107031693
leaf_weight=6.9866370707750312 4.7121923565864572 12.28919345140457 2.0113934502005577 3.1572940945625314 5.1092232167720786 2.1455186158418647
leaf_count=54 26 88 15 22 45 14
internal_value=0.00019347 0.00305171 0.0114303 -0.000616631 -0.00408968 -2.42055e-05
internal_weight=36.4115 22.1701 6.72359 15.4465 14.2414 9.13216
internal_count=264 151 41 110 113 68
is_linear=0
shrinkage=0.01


Tree=102
num_leaves=5
num_cat=0
split_feature=10 16 12 24
split_gain=6.67256 5.19176 6.36148 5.64013
threshold=14.820785714285714 -0.11246404647872331 -0.83335735268565247 0.031558739630848702
decision_type=2 2 2 2
left_child=1 2 -1 -3
right_child=-2 3 -4 -5
leaf_value=0.010806835586690556 0.012259430446400359 -0.009286639056565885 -0.0068540587562326985 0.0001763916576470637
leaf_weight=5.7220467999577522 3.5346059203147879 10.911801442503931 2.6939666494727117 13.431636258959768
leaf_count=37 17 98 21 94
internal_value=-0.000167494 -0.00166788 0.00488279 -0.00404561
internal_weight=36.2941 32.7595 8.41601 24.3434
internal_count=267 250 58 192
is_linear=0
shrinkage=0.01


Tree=103
num_leaves=5
num_cat=0
split_feature=10 10 35 37
split_gain=6.67318 6.62978 4.53359 1.64764
threshold=14.641678571428592 11.346214285714433 0.66374468617612847 0.54700708053116409
decision_type=2 2 2 2
left_child=1 2 -1 -3
right_child=-2 3 -4 -5
leaf_value=0.0037899467941320602 0.012450109468121376 0 -0.0068019873849543468 -0.010978349538686281
leaf_weight=19.594713591039184 3.8880658894777289 1.6701666191220272 4.6907634213566771 6.2805516794323921
leaf_count=140 19 15 37 51
internal_value=0.00053789 -0.000938943 0.00160472 -0.00872681
internal_weight=36.1243 32.2362 24.2855 7.95072
internal_count=262 243 177 66
is_linear=0
shrinkage=0.01


Tree=104
num_leaves=5
num_cat=0
split_feature=29 28 27 0
split_gain=4.62353 4.45419 7.93605 2.46337
threshold=-1.6355863770493153 -0.28588666611676666 57.356365446172241 -0.0195796789682566
decision_type=2 2 2 2
left_child=-1 2 -2 -3
right_child=1 3 -4 -5
leaf_value=-0.0092875539632338144 -7.0855781017436879e-05 0.0030530623733110206 0.015660736420911817 -0.0092528948347623784
leaf_weight=5.8225591480731955 17.989330127835277 1.7535413056612013 3.5384080260992041 5.8442366272211101
leaf_count=47 130 12 20 48
internal_value=-0.00137964 0.000211857 0.00260294 -0.0061514
internal_weight=34.9481 29.1255 21.5277 7.59778
internal_count=257 210 150 60
is_linear=0
shrinkage=0.01


Tree=105
num_leaves=5
num_cat=0
split_feature=10 10 0 18
split_gain=8.54551 6.87669 4.08691 1.35609
threshold=14.806678571428558 10.416357142857288 0.059421776917797313 18.297785714285641
decision_type=2 2 2 2
left_child=1 2 -1 -3
right_child=-2 3 -4 -5
leaf_value=-8.9084241415412281e-05 0.014015837753541005 -0.010014330955816055 0.012716616412139317 0
leaf_weight=20.074180178344253 3.6178048700094214 8.3156448453664762 2.4993749856948844 1.6847981438040722
leaf_count=153 17 69 15 13
internal_value=2.03658e-06 -0.00160726 0.00138953 -0.0084094
internal_weight=36.1918 32.574 22.5736 10.0004
internal_count=267 250 168 82
is_linear=0
shrinkage=0.01


Tree=106
num_leaves=7
num_cat=0
split_feature=27 37 2 9 38 37
split_gain=6.18585 6.14336 4.21372 4.01724 3.70725 2.76182
threshold=40.023979494871611 0.67516747596581961 8.1731428571429543 -0.63391612862011093 0.70348777514908878 0.7031656972438175
decision_type=2 2 2 2 2 2
left_child=3 2 -2 -1 -3 -5
right_child=1 4 -4 5 -6 -7
leaf_value=0.0043811925569517589 0.011027219757851427 -0.0053871732048751189 -0.0027807284391780543 -0.0099631018229863564 0.0074072368568989079 0.00052872295898687811
leaf_weight=3.412715144455432 10.160604640841486 8.0320938155055028 2.396581642329692 9.0897017046809179 2.7351893931627265 2.9041287451982489
leaf_count=26 63 62 17 82 17 20
internal_value=0.000252582 0.00353231 0.00823298 -0.00455799 -0.00184364 -0.00730907
internal_weight=38.731 23.3245 12.5572 15.4065 10.7673 11.9938
internal_count=287 159 80 128 79 102
is_linear=0
shrinkage=0.01


Tree=107
num_leaves=5
num_cat=0
split_feature=10 18 29 36
split_gain=6.42067 4.90859 7.37627 4.61491
threshold=14.820785714285714 11.285892857142798 -0.88789343116252184 0.70108347509150681
decision_type=2 2 2 2
left_child=1 2 -1 -3
right_child=-2 3 -4 -5
leaf_value=0.012780614118949126 0.011291497322396746 -0.0084117271101515154 -0.0056216710274755877 0
leaf_weight=4.4750860035419464 3.6878021061420432 12.920397624373438 3.5878830775618535 12.090683691203592
leaf_count=29 18 105 28 89
internal_value=-0.000629389 -0.00210806 0.00444485 -0.00432722
internal_weight=36.7619 33.0741 8.06297 25.0111
internal_count=269 251 57 194
is_linear=0
shrinkage=0.01


Tree=108
num_leaves=7
num_cat=0
split_feature=6 3 17 17 8 17
split_gain=6.5021 6.55054 7.22185 3.51383 4.78023 2.71112
threshold=-0.1443578660586245 55.412833015496496 -0.52765479724350917 0.46744266906703641 0.13019474634826897 -0.52765479724350917
decision_type=2 2 2 2 2 2
left_child=1 2 -1 5 -5 -2
right_child=3 -3 -4 4 -6 -7
leaf_value=0.013068062469083992 -0.0003778025531784373 0.018895128573212877 -0.0039663489296113191 0.008899129339779089 -0.0068565270367796248 -0.0088248371135569402
leaf_weight=3.5585982277989379 7.6126957088708904 2.8871547803282729 6.5189378559589377 4.854818418622016 2.6782172694802284 8.5588146224617976
leaf_count=22 55 17 50 30 19 77
internal_value=0.000646103 0.00630243 0.00206004 -0.00240429 0.00299414 -0.00504914
internal_weight=36.6692 12.9647 10.0775 23.7045 7.53304 16.1715
internal_count=270 89 72 181 49 132
is_linear=0
shrinkage=0.01


Tree=109
num_leaves=4
num_cat=0
split_feature=10 16 16
split_gain=7.71768 4.58107 6.25775
threshold=14.241071428571397 -0.1814682822716622 0.030459798208810968
decision_type=2 2 2
left_child=1 -1 -3
right_child=-2 2 -4
leaf_value=0.0081933850811916984 0.013259309339940222 -0.0070168331658858199 0.0022536502477530067
leaf_weight=4.5226111710071555 4.1513594239950171 14.011922888457777 14.155609145760534
leaf_count=28 21 126 97
internal_value=0.00088012 -0.000737583 -0.00231304
internal_weight=36.8415 32.6901 28.1675
internal_count=272 251 223
is_linear=0
shrinkage=0.01


Tree=110
num_leaves=5
num_cat=0
split_feature=36 11 33 18
split_gain=5.41606 8.7217 7.62266 2.51583
threshold=0.657182062295535 32.472261492594775 0.72145671913532206 10.792285714285756
decision_type=2 2 2 2
left_child=3 -2 -3 -1
right_child=1 2 -4 -5
leaf_value=0.00021238529633183848 0.014460125857303947 -0.0040612672304052256 0.011390591409885669 -0.01096372620192243
leaf_weight=2.3521877378225309 3.794937469065192 18.484620153903965 3.5155558511614791 6.5362021699547768
leaf_count=22 24 135 25 56
internal_value=-0.00125778 0.00101112 -0.00138241 -0.00787809
internal_weight=34.6835 25.7951 22.0002 8.88839
internal_count=262 184 160 78
is_linear=0
shrinkage=0.01


Tree=111
num_leaves=4
num_cat=0
split_feature=21 27 27
split_gain=5.4435 4.20966 4.4553
threshold=0.76308606822665925 28.991651307596211 33.508830241267368
decision_type=2 2 2
left_child=1 -1 -3
right_child=-2 2 -4
leaf_value=-0.0085956356576370723 0.012933797900027869 0.013301697595402822 0
leaf_weight=4.812539428472518 3.1673401594161978 2.4674780815839794 27.136876210570335
leaf_count=44 17 17 192
internal_value=0.000982719 -0.000161775 0.00121485
internal_weight=37.5842 34.4169 29.6044
internal_count=270 253 209
is_linear=0
shrinkage=0.01


Tree=112
num_leaves=5
num_cat=0
split_feature=12 19 21 14
split_gain=7.07323 5.63388 6.35809 1.01134
threshold=-8.7585071242820032 41.278127660398603 -0.13876472764802719 -0.13828176053310634
decision_type=2 2 2 2
left_child=-1 3 -3 -2
right_child=1 2 -4 -5
leaf_value=0.011721342084143506 -0.002526584657002322 -0.0015285445919281917 0.011920788081186531 -0.010630689270024354
leaf_weight=4.2788403630256644 3.379507802426815 16.15386534482241 4.1284550726413718 5.7848250642418879
leaf_count=29 26 120 24 55
internal_value=9.78058e-05 -0.00162513 0.00124574 -0.0080283
internal_weight=33.7255 29.4467 20.2823 9.16433
internal_count=254 225 144 81
is_linear=0
shrinkage=0.01


Tree=113
num_leaves=6
num_cat=0
split_feature=10 16 24 6 27
split_gain=5.32149 5.80908 5.3939 4.33791 0.942093
threshold=10.641821428571513 -0.1814682822716622 0.018900185163401716 -0.22602782547771608 57.700711748709885
decision_type=2 2 2 2 2
left_child=1 -1 -3 -2 -5
right_child=3 2 -4 4 -6
leaf_value=0.013524822641054661 0.0044226838805438038 -0.0048911002444917834 0.005597410667651348 -0.0099677908129393346 -0.00064132663690936672
leaf_weight=3.8904119133949306 3.1097605451941481 9.2462593317031878 9.7169698104262334 7.7934546917676908 1.844894655048847
leaf_count=23 18 79 64 66 12
internal_value=0 0.00285277 0.000382977 -0.00513248 -0.00845708
internal_weight=35.6018 22.8536 18.9632 12.7481 9.63835
internal_count=262 166 143 96 78
is_linear=0
shrinkage=0.01


Tree=114
num_leaves=6
num_cat=0
split_feature=4 24 33 37 25
split_gain=4.59639 4.6803 6.15113 5.08269 2.33421
threshold=-5.3449608716432513 0.030163949373110305 0.33062958608195808 0.73687546764780565 -0.46348873432785292
decision_type=2 2 2 2 2
left_child=4 3 -3 -2 -1
right_child=1 2 -4 -5 -6
leaf_value=0.013274441132031852 -0.0071830105170907956 0.0093154374797650482 -0.0036458688626240616 0.0084222078118742685 0
leaf_weight=3.0642743930220604 15.786761842668062 6.5930867716670019 7.2947337776422501 2.0297895297408095 2.3441507071256629
leaf_count=16 134 42 53 11 16
internal_value=-0.000270281 -0.00179371 0.00243326 -0.00518473 0.00793472
internal_weight=37.1128 31.7044 13.8878 17.8166 5.40843
internal_count=272 240 95 145 32
is_linear=0
shrinkage=0.01


Tree=115
num_leaves=7
num_cat=0
split_feature=34 12 8 4 30 4
split_gain=5.62424 8.95337 4.41489 3.45648 5.01447 4.86803
threshold=0.84213592992202446 -0.73112000516903197 -0.0074060530398317335 -2.3802627758886952 -0.10785624041931945 4.1182754499704979
decision_type=2 2 2 2 2 2
left_child=3 -2 -3 4 -1 -5
right_child=1 2 -4 5 -6 -7
leaf_value=0.0094577596142249414 0.017519176478182883 -0.0098709962142818995 0.0067006184353972688 -0.0073569598194591747 -0.0041541413957634655 0.0076711899966763813
leaf_weight=4.6792761906981468 3.9082490131258965 2.8759714812040329 2.8790065571665746 14.495429672300817 5.4486307278275508 2.1463430002331725
leaf_count=30 21 25 18 124 42 12
internal_value=0 0.00639114 -0.00132927 -0.00239644 0.00203417 -0.00519916
internal_weight=36.4329 9.66323 5.75498 26.7697 10.1279 16.6418
internal_count=272 64 43 208 72 136
is_linear=0
shrinkage=0.01


Tree=116
num_leaves=5
num_cat=0
split_feature=27 5 4 11
split_gain=5.08108 4.53286 3.78216 3.24924
threshold=58.554447021020032 -1.5182591003889312 -5.4062404392120689 60.843266203363505
decision_type=2 2 2 2
left_child=2 -2 -1 -4
right_child=1 -3 3 -5
leaf_value=0.0044706735207740277 -0.0027047547780999375 0.012517516925918052 -0.0071135055248440909 0.0032766731697475827
leaf_weight=3.8383153453469303 3.3951200246810913 3.6188271641731253 21.193159617483619 3.0373855009675017
leaf_count=24 24 20 172 22
internal_value=-0.00227216 0.00506698 -0.00421078 -0.00570538
internal_weight=35.0828 7.01395 28.0689 24.2305
internal_count=262 44 218 194
is_linear=0
shrinkage=0.01


Tree=117
num_leaves=5
num_cat=0
split_feature=10 5 10 30
split_gain=5.83424 4.48893 4.55502 1.72455
threshold=14.806678571428558 -1.9937455194645703 10.75599999999986 0.041998474295525258
decision_type=2 2 2 2
left_child=1 3 -3 -1
right_child=-2 2 -4 -5
leaf_value=-0.0073711462340867694 0.011625795877009916 0.0049770644892272523 -0.0049837387750863932 0.0018734869992141441
leaf_weight=10.005995795130728 3.9237146973609915 14.665301501750948 6.1848102509975424 1.9774296805262555
leaf_count=84 18 103 50 15
internal_value=0.00052806 -0.000831049 0.00189903 -0.00567433
internal_weight=36.7573 32.8335 20.8501 11.9834
internal_count=270 252 153 99
is_linear=0
shrinkage=0.01


Tree=118
num_leaves=7
num_cat=0
split_feature=5 4 29 16 34 6
split_gain=4.51999 6.12401 4.71075 7.76142 5.88648 4.04167
threshold=-1.4552447661614065 2.3893950094006873 -0.63379637597526506 -0.018960822899415999 0.6434107342704799 -0.31125659293844815
decision_type=2 2 2 2 2 2
left_child=1 5 3 -2 -4 -1
right_child=2 -3 4 -5 -6 -7
leaf_value=0.0049682320237576915 0 0.0080156752686725129 -0.0074044984156387151 0.018222036579326514 0.011042001801812657 -0.007893953636268148
leaf_weight=2.5448227375745818 4.6653388813138017 3.6743271946907035 5.3017061725258818 4.2168143764138231 2.1670651584863663 13.690299451351166
leaf_count=16 33 25 43 25 11 114
internal_value=0.00013209 -0.00299108 0.00404046 0.00887742 -0.00157509 -0.00570332
internal_weight=36.2604 19.9094 16.3509 8.88215 7.46877 16.2351
internal_count=267 155 112 58 54 130
is_linear=0
shrinkage=0.01


Tree=119
num_leaves=6
num_cat=0
split_feature=4 18 37 32 25
split_gain=5.38692 6.60481 5.96334 4.31338 1.76584
threshold=-5.3449608716432513 9.8877857142857213 0.57964266262160513 0.2293063808527544 -0.44623588586799956
decision_type=2 2 2 2 2
left_child=4 2 -2 -3 -1
right_child=1 3 -4 -5 -6
leaf_value=0.012680188368922141 -0.0042930134655595987 -0.0008811800926823354 0.017773366007413683 -0.0091049121353289839 8.9794205093839347e-05
leaf_weight=2.7888482660055161 1.8725149482488657 13.721715517342092 2.3721047639846802 12.813773229718207 2.2652381509542456
leaf_count=15 19 94 15 110 16
internal_value=-0.0014444 -0.00307559 0.00795791 -0.00498427 0.00773195
internal_weight=35.8342 30.7801 4.24462 26.5355 5.05409
internal_count=269 238 34 204 31
is_linear=0
shrinkage=0.01


Tree=120
num_leaves=7
num_cat=0
split_feature=17 9 17 9 5 34
split_gain=4.03207 7.78719 7.53356 6.71959 4.61842 3.60976
threshold=-0.52765479724350917 0.4677363058013031 0.61096884877371083 -0.74257057116941916 -1.6152138138029184 1.0483164884071956
decision_type=2 2 2 2 2 2
left_child=3 5 -3 -1 -5 -2
right_child=1 2 -4 4 -6 -7
leaf_value=-0.0069465773757418307 -0.0081810655830632188 0.014706302312173177 -0.001862957130039619 0.0018662489779681143 0.016422407660851603 0.0034226514009215994
leaf_weight=2.8631069883704177 12.560657925903799 4.4085540547966939 6.0177899077534676 4.6341352164745322 4.7026707828044882 2.9328021779656401
leaf_count=23 112 27 41 35 25 20
internal_value=0.000851593 -0.00132242 0.00517191 0.00555136 0.0096883 -0.00583464
internal_weight=38.1197 25.9198 10.4263 12.1999 9.33681 15.4935
internal_count=283 200 68 83 60 132
is_linear=0
shrinkage=0.01


Tree=121
num_leaves=5
num_cat=0
split_feature=39 18 18 11
split_gain=5.11017 7.06528 7.70728 2.68279
threshold=0.55166223555011118 11.285892857142798 14.215857142857205 44.16361619477739
decision_type=2 2 2 2
left_child=-1 3 -3 -2
right_child=1 2 -4 -5
leaf_value=-0.010139194429436883 0.017005367204403529 -0.0073708139131025722 0.0033115985922970714 0.0022513496515716991
leaf_weight=3.6700187623500815 3.4173957854509345 9.7962425574660319 20.039767704904079 2.5208451002836227
leaf_count=35 21 79 135 17
internal_value=0.00055991 0.00178815 -0.000167918 0.0114722
internal_weight=39.4443 35.7743 29.836 5.93824
internal_count=287 252 214 38
is_linear=0
shrinkage=0.01


Tree=122
num_leaves=7
num_cat=0
split_feature=11 5 36 5 30 39
split_gain=6.4202 4.82994 4.59206 2.87532 2.81205 1.93026
threshold=57.775750480600003 -1.9648540915133701 0.68162041537861384 -2.9192982578798845 -0.2850886824611506 0.68005032438781543
decision_type=2 2 2 2 2 2
left_child=1 3 -3 -1 -2 -6
right_child=4 2 -4 -5 5 -7
leaf_value=0.0010470787409113905 0.019056513018810891 -0.0031979181729661754 0.0068534435478804813 -0.00953291872623214 0.0098105864956741385 -0.0017618563304533054
leaf_weight=3.4891059026122093 2.2380162253975868 7.1597233340144184 10.77996429055929 6.6458770185709017 2.8577187806367865 2.0565568879246712
leaf_count=26 13 62 67 57 18 14
internal_value=0.00183033 -0.000287815 0.00274568 -0.00577356 0.0100899 0.00476138
internal_weight=35.227 28.0747 17.9397 10.135 7.15229 4.91428
internal_count=257 212 129 83 45 32
is_linear=0
shrinkage=0.01


Tree=123
num_leaves=5
num_cat=0
split_feature=27 1 1 30
split_gain=7.90982 4.53568 4.69837 1.90625
threshold=28.991651307596211 -0.66698274791718015 -0.2071643540297918 -0.11097524350537512
decision_type=2 2 2 2
left_child=-1 3 -3 -2
right_child=1 2 -4 -5
leaf_value=-0.0090118482929768678 -0.010161258244326715 0.010878725626361567 0.0019012308982271245 0.0014377720060022717
leaf_weight=5.8105426877737036 2.8264577016234398 8.8533433154225367 18.554462783038616 1.9920126870274533
leaf_count=56 23 56 132 14
internal_value=0.00135334 0.0033496 0.00495974 -0.00517212
internal_weight=38.0368 32.2263 27.4078 4.81847
internal_count=281 225 188 37
is_linear=0
shrinkage=0.01


Tree=124
num_leaves=7
num_cat=0
split_feature=6 27 28 22 16 17
split_gain=4.51154 6.63086 5.94829 3.17706 2.21944 4.79903
threshold=-0.2197639019884447 58.554447021020032 1.2701048150215686 -0.37617367034231852 0.030459798208810968 -0.52765479724350917
decision_type=2 2 2 2 2 2
left_child=4 3 -3 -2 5 -1
right_child=1 2 -4 -5 -6 -7
leaf_value=0.010147258824552884 0.0067656292364549602 0.013717274229318044 -0.0055673646425629707 -0.0057564233134363785 0.0124598971071141 -0.0068980693037700956
leaf_weight=3.1511055156588554 1.8632842972874666 4.1383025869727126 2.1141800731420517 19.483558304607872 3.329102449119091 2.7831326797604543
leaf_count=19 12 23 16 159 21 22
internal_value=0.000192776 -0.0017852 0.0069349 -0.00449241 0.00616624 0.00188501
internal_weight=36.8627 27.5993 6.25248 21.3468 9.26334 5.93424
internal_count=272 210 39 171 62 41
is_linear=0
shrinkage=0.01


Tree=125
num_leaves=5
num_cat=0
split_feature=39 8 9 6
split_gain=4.55912 4.27884 7.62479 5.37388
threshold=0.55166223555011118 -0.024637225759431152 0.17604312005845746 -0.22602782547771608
decision_type=2 2 2 2
left_child=-1 3 -3 -2
right_child=1 2 -4 -5
leaf_value=-0.0098340683877850884 0.0069771160329922359 0.012935091456071175 0.00044105220562807852 -0.0068179900451530301
leaf_weight=3.1224306598305693 3.7656216472387305 7.3857022821903255 14.440992042422293 8.5142084136605245
leaf_count=31 25 47 98 71
internal_value=0.00108001 0.00221435 0.00487722 -0.00236322
internal_weight=37.229 34.1065 21.8267 12.2798
internal_count=272 241 145 96
is_linear=0
shrinkage=0.01


Tree=126
num_leaves=6
num_cat=0
split_feature=18 26 19 3 18
split_gain=4.75743 6.5189 5.77749 5.33291 4.61874
threshold=11.285892857142798 14.18228571428576 40.520693899490823 26.154856630676168 15.046928571428682
decision_type=2 2 2 2 2
left_child=1 -1 -3 -2 -5
right_child=3 2 -4 4 -6
leaf_value=-0.0064404001347599694 0.0075935703702971142 0.021827490989845422 0.00085241482709449046 -0.0095227581052774752 -0.00025717857990636912
leaf_weight=2.587053142488001 3.6396093666553524 2.5825280845165253 2.8446145281195641 10.754899792373182 11.41086436063051
leaf_count=24 24 14 19 89 82
internal_value=-0.000860624 0.00565359 0.0118032 -0.00300203 -0.00490902
internal_weight=33.8196 8.0142 5.42714 25.8054 22.1658
internal_count=252 57 33 195 171
is_linear=0
shrinkage=0.01


Tree=127
num_leaves=7
num_cat=0
split_feature=37 32 37 39 37 39
split_gain=5.40762 4.54818 5.99953 3.67369 4.74325 2.75975
threshold=0.70064713099527087 0.21905501588429768 0.66329182948997978 0.61278117952145605 0.71358102480929841 0.72992859597616611
decision_type=2 2 2 2 2 2
left_child=1 2 -1 -2 -5 -3
right_child=3 5 -4 4 -6 -7
leaf_value=0.0059221262442712384 -0.0039280949648117661 -0.0099458637684986962 -0.0083378146655765616 0.018671735861379764 0.0027001901856019694 0.0022837203262267474
leaf_weight=8.7493332773447055 2.5543344840407363 8.4924443662166578 4.028920277953147 2.9324790835380536 5.5544027388095856 1.8965633288025845
leaf_count=60 18 74 31 19 36 15
internal_value=5.02517e-07 -0.0026818 0.00118499 0.00572707 0.00889553 -0.00752475
internal_weight=34.2085 23.1673 12.7783 11.0412 8.48688 10.389
internal_count=253 180 91 73 55 89
is_linear=0
shrinkage=0.01


Tree=128
num_leaves=5
num_cat=0
split_feature=10 35 9 1
split_gain=7.48364 3.77335 4.62478 3.05212
threshold=15.077392857142906 0.20242455587526717 -0.16656896616834063 -0.59416201478013408
decision_type=2 2 2 2
left_child=1 3 -3 -1
right_child=-2 2 -4 -5
leaf_value=0.0041844526235826872 0.017549665901930946 -0.0045909117759698158 0.0042443693834846637 -0.0095313180998346271
leaf_weight=1.6418647393584249 1.9277614504098881 9.501523517072199 14.467201612889768 7.4193153083324415
leaf_count=12 9 74 95 70
internal_value=-0.000132556 -0.00137324 0.00064608 -0.00677795
internal_weight=34.9577 33.0299 23.9687 9.06118
internal_count=260 251 169 82
is_linear=0
shrinkage=0.01


Tree=129
num_leaves=5
num_cat=0
split_feature=21 14 35 14
split_gain=3.87792 4.27418 3.775 1.10459
threshold=0.76308606822665925 0.12318959805106096 0.056721388321410209 0.28020212374150338
decision_type=2 2 2 2
left_child=1 2 -1 -3
right_child=-2 3 -4 -5
leaf_value=-0.0097084024720783986 0.0093765295156267824 -0.011147734708920222 0.0019263003519769868 -0.00086140958510048471
leaf_weight=2.8044326007366207 3.7164174169301978 4.2073927596211425 25.466994129121304 2.0092354342341423
leaf_count=28 21 31 189 16
internal_value=2.38811e-05 -0.000998634 0.000612356 -0.00832277
internal_weight=38.2045 34.4881 28.2714 6.21663
internal_count=285 264 217 47
is_linear=0
shrinkage=0.01


Tree=130
num_leaves=7
num_cat=0
split_feature=22 22 22 29 18 5
split_gain=4.18005 4.72972 4.63611 3.53641 3.32398 2.10329
threshold=-0.15275129018275704 -0.31647832372120849 -0.0938409930720491 -1.2991052631536182 14.215857142857205 -0.56933760385045817
decision_type=2 2 2 2 2 2
left_child=1 3 -2 -1 -4 -3
right_child=2 5 4 -5 -6 -7
leaf_value=-0.0056345183673959885 0.01289234802345076 -0.010187137537715243 -0.0026018271932647065 0.0095036432102405186 0.0062646494232925865 0
leaf_weight=2.2184580340981483 3.5842667073011425 7.8999308794736853 10.84023202955723 3.4082786366343489 6.4290197640657416 2.1984558999538413
leaf_count=19 23 65 85 24 39 15
internal_value=1.84465e-05 -0.0037795 0.00298992 0.00321456 0.000635769 -0.00784919
internal_weight=36.5786 15.7251 20.8535 5.62674 17.2693 10.0984
internal_count=270 123 147 43 124 80
is_linear=0
shrinkage=0.01


Tree=131
num_leaves=4
num_cat=0
split_feature=10 21 24
split_gain=5.33127 3.89863 3.39768
threshold=14.806678571428558 0.76308606822665925 0.031558739630848702
decision_type=2 2 2
left_child=1 2 -1
right_child=-2 -3 -4
leaf_value=-0.0050122653831496796 0.010724285442489998 0.0085920678405344789 0.0016058528653290216
leaf_weight=17.871952407062057 4.0622885376214972 3.4086961895227423 12.727870665490626
leaf_count=155 19 19 92
internal_value=0.00027328 -0.000999648 -0.0022059
internal_weight=38.0708 34.0085 30.5998
internal_count=285 266 247
is_linear=0
shrinkage=0.01


Tree=132
num_leaves=5
num_cat=0
split_feature=21 34 8 30
split_gain=5.32355 2.32829 4.69744 3.63653
threshold=0.76308606822665925 0.95858122702580217 -0.014382937298113617 0.058911269275922926
decision_type=2 2 2 2
left_child=1 3 -3 -1
right_child=-2 2 -4 -5
leaf_value=-0.0055718786067640459 0.0089419946832020782 -0.0045146857574845187 0.011175320224269196 0.0051747160681770814
leaf_weight=21.818846307694916 4.2040223479270926 3.9577028155326843 3.057079203426837 3.2389183044433585
leaf_count=178 23 29 18 24
internal_value=-0.00115816 -0.00261445 0.00222758 -0.00405914
internal_weight=36.2766 32.0725 7.01478 25.0578
internal_count=272 249 47 202
is_linear=0
shrinkage=0.01


Tree=133
num_leaves=5
num_cat=0
split_feature=37 18 38 39
split_gain=5.15109 6.62475 3.23213 2.35426
threshold=0.73854230825949985 14.215857142857205 0.66981673538073327 0.65784409841304592
decision_type=2 2 2 2
left_child=1 3 -3 -1
right_child=-2 2 -4 -5
leaf_value=-0.010902027390556922 0.013411418104676933 0.0047870588631618938 -0.0033657079835935511 -0.0025614771353499673
leaf_weight=7.6438028886914235 1.9641573354601849 12.436420075595381 7.3355324491858473 7.6785596832633018
leaf_count=69 11 76 64 60
internal_value=-0.00110829 -0.00208422 0.00165759 -0.00697977
internal_weight=37.0585 35.0943 19.772 15.3224
internal_count=280 269 140 129
is_linear=0
shrinkage=0.01


Tree=134
num_leaves=5
num_cat=0
split_feature=30 34 13 29
split_gain=5.09288 5.02667 6.50213 5.14789
threshold=0.072744657767517387 0.57797369439270263 1.2504941510211205 -1.1818554192698956
decision_type=2 2 2 2
left_child=1 2 -1 -3
right_child=-2 3 -4 -5
leaf_value=-0.0068843307574169687 0.010731112970007483 -0.0036711530712261898 0.0099931486594734085 0.0087786012802926368
leaf_weight=14.822869472205644 4.0849353820085517 5.0768371745944023 2.3314542919397345 7.9220918342471105
leaf_count=128 28 39 13 48
internal_value=0.000627716 -0.000767571 -0.00434358 0.00379273
internal_weight=34.2382 30.1533 17.1543 12.9989
internal_count=256 228 141 87
is_linear=0
shrinkage=0.01


Tree=135
num_leaves=6
num_cat=0
split_feature=8 24 5 6 29
split_gain=3.66326 4.42213 4.8081 4.33309 0.823274
threshold=-0.016241116054352678 0.18692616995054426 -1.4552447661614065 -0.22602782547771608 0.30220828259955818
decision_type=2 2 2 2 2
left_child=3 2 -2 -1 -5
right_child=1 -3 -4 4 -6
leaf_value=0.0035140696403838834 -2.3581740191598362e-05 -0.0081413522342714522 0.0098345457067046636 -0.0096806634382131246 -0.00086812246235994333
leaf_weight=4.0951894968748084 12.286205865442755 3.3592952564358702 7.5553672611713436 7.7769862189888936 1.8877598568797109
leaf_count=29 90 22 51 73 12
internal_value=-0.000522782 0.00183676 0.00372151 -0.0045978 -0.00823803
internal_weight=36.9608 23.2009 19.8416 13.7599 9.66475
internal_count=277 163 141 114 85
is_linear=0
shrinkage=0.01


Tree=136
num_leaves=4
num_cat=0
split_feature=1 10 30
split_gain=5.6572 5.63995 6.14956
threshold=-0.62572615381535657 14.820785714285714 0.16928533714650251
decision_type=2 2 2
left_child=-1 2 -2
right_child=1 -3 -4
leaf_value=-0.0097259741384638845 -0.002614097053826407 0.013127184552134876 0.013095185204014131
leaf_weight=6.1134874671697608 22.959659554064281 2.9233266413211814 2.4737273529171935
leaf_count=48 180 13 16
internal_value=-0.0012236 0.000622286 -0.000873594
internal_weight=34.4702 28.3567 25.4334
internal_count=257 209 196
is_linear=0
shrinkage=0.01


Tree=137
num_leaves=7
num_cat=0
split_feature=0 2 37 25 21 25
split_gain=4.31449 4.94754 5.27292 2.90429 2.53948 2.29606
threshold=-0.0059960204963212848 7.2662499999999985 0.66329182948997978 0.015648466407071477 0.12566788182833966 0.61598107235847588
decision_type=2 2 2 2 2 2
left_child=1 2 -1 4 -2 -5
right_child=3 -3 -4 5 -6 -7
leaf_value=0.013695977079165192 -0.010661105656810468 -0.0051588657547220326 0.00049358747283142243 0.0029416714925487443 0.0015030976556316422 -0.0060957113996575754
leaf_weight=5.6661369055509585 6.2979491651058215 4.2965374290943137 6.8571852743625641 8.1847219392657262 1.8616262972354887 3.9032692909240714
leaf_count=38 61 28 52 59 12 27
internal_value=-5.94929e-05 0.00359418 0.0068036 -0.00320013 -0.00769451 0
internal_weight=37.0674 16.8199 12.5233 20.2476 8.15958 12.088
internal_count=277 118 90 159 73 86
is_linear=0
shrinkage=0.01


Tree=138
num_leaves=6
num_cat=0
split_feature=8 16 21 0 14
split_gain=4.63948 4.13813 5.17479 2.35259 2.61374
threshold=-0.014382937298113617 -0.1814682822716622 -1.4581308409013338 -0.018006429771839014 -0.083009631637726136
decision_type=2 2 2 2 2
left_child=3 -2 -3 4 -1
right_child=1 2 -4 -5 -6
leaf_value=0.00406267688766381 0.013349391158003191 0.0073987178074065097 -0.0037004454396792775 -0.010638486265054899 -0.0071699695602151156
leaf_weight=3.4241232722997665 2.2410410344600704 5.7900495752692249 13.174596801400183 5.9797962643206102 4.1097830981016159
leaf_count=25 10 40 101 57 31
internal_value=-0.00148997 0.00135396 -0.000145523 -0.00602993 -0.00184941
internal_weight=34.7194 21.2057 18.9646 13.5137 7.53391
internal_count=264 151 141 113 56
is_linear=0
shrinkage=0.01


Tree=139
num_leaves=6
num_cat=0
split_feature=33 13 39 28 37
split_gain=4.46903 5.59568 4.36948 4.64244 2.26349
threshold=0.72145671913532206 -1.0634034569157698 0.68876146581320741 -0.88513553928896715 0.72435836997979008
decision_type=2 2 2 2 2
left_child=2 -2 3 -1 -4
right_child=1 -3 4 -5 -6
leaf_value=0.0045100163552478255 0.019459692915929677 -0.00048365287696601597 -0.0089695927953199455 -0.0054390092164987641 0.0023669294650972045
leaf_weight=13.925002366304399 2.2014622539281845 2.7583342120051375 8.1659734249114972 6.5977740660309818 1.76103115081787
leaf_count=91 15 23 67 54 12
internal_value=2.1799e-05 0.00859321 -0.00137952 0.00118322 -0.00675252
internal_weight=35.4096 4.9598 30.4498 20.5228 9.927
internal_count=262 38 224 145 79
is_linear=0
shrinkage=0.01


Tree=140
num_leaves=4
num_cat=0
split_feature=19 19 17
split_gain=4.3908 4.39342 5.18968
threshold=65.58510210144776 52.661843343824266 0.45560029367808202
decision_type=2 2 2
left_child=1 2 -1
right_child=-2 -3 -4
leaf_value=-0.0013065866310222427 0.011074217858664274 -0.0087884645941535625 0.0080108058399372996
leaf_weight=20.978858388960365 3.5047659799456587 4.8333030864596358 7.9121182039380065
leaf_count=169 23 39 49
internal_value=0.000879425 -0.000209581 0.00123268
internal_weight=37.229 33.7243 28.891
internal_count=280 257 218
is_linear=0
shrinkage=0.01


Tree=141
num_leaves=6
num_cat=0
split_feature=36 19 27 18 18
split_gain=4.79494 5.84009 7.17974 4.39471 1.4779
threshold=0.6487385416250161 34.753673218239868 48.123314127523081 12.979892857142822 10.792285714285756
decision_type=2 2 2 2 2
left_child=4 3 -3 -2 -1
right_child=1 2 -4 -5 -6
leaf_value=0 0.019712867227459914 -0.0085643374554077115 0.0028903464654525045 0.0019717267238502359 -0.010700415138761505
leaf_weight=1.7809213325381268 2.169206045567992 8.7931959033012408 13.159585759043692 4.0811017230153084 5.4329030811786652
leaf_count=19 12 65 88 34 49
internal_value=-0.00110538 0.000713576 -0.00166156 0.00905507 -0.00822748
internal_weight=35.4169 28.2031 21.9528 6.25031 7.21382
internal_count=267 199 153 46 68
is_linear=0
shrinkage=0.01


Tree=142
num_leaves=6
num_cat=0
split_feature=3 3 17 17 1
split_gain=4.91176 4.33575 3.47545 7.22478 4.04283
threshold=62.280630429146775 70.952724262974328 -0.53492054720193949 0.45560029367808202 -0.40374005135931895
decision_type=2 2 2 2 2
left_child=2 -2 4 -4 -1
right_child=1 -3 3 -5 -6
leaf_value=0.0083311242463800401 0.013742887436904725 -0.0012861570949618103 -0.0083675862969561851 0.0044607183509900597 -0.004178066417863233
leaf_weight=5.9032641500234604 4.244662217795848 2.8535214588046074 12.626145124435427 6.1920997127890578 3.9483662843704241
leaf_count=40 26 19 114 40 30
internal_value=0.000308579 0.00762361 -0.00149365 -0.00403809 0.00314533
internal_weight=35.7681 7.09818 28.6699 18.8182 9.85163
internal_count=269 45 224 154 70
is_linear=0
shrinkage=0.01


Tree=143
num_leaves=7
num_cat=0
split_feature=18 36 33 38 33 38
split_gain=4.33854 6.52343 6.31639 4.6125 4.20881 3.30817
threshold=11.285892857142798 0.6995559928523114 0.38179660810721794 0.66389626434064553 0.27426506258939765 0.56229006942758786
decision_type=2 2 2 2 2 2
left_child=2 4 3 -1 -2 -3
right_child=1 5 -4 -5 -6 -7
leaf_value=-0.0094809169324107309 0.001482290565334688 0.010953905381543694 0.02133628789893793 0.0097720572816487172 -0.0092285102138671953 0.00049438643299106063
leaf_weight=1.9751216992735852 5.3586456924676922 4.5520178452134124 2.1069749072194099 2.4072267487645149 9.283245772123335 9.2838921323418599
leaf_count=19 37 24 14 15 82 71
internal_value=0.00107965 -0.000561705 0.00828372 0.00061613 -0.00522366 0.00423649
internal_weight=34.9671 28.4778 6.48932 4.38235 14.6419 13.8359
internal_count=262 214 48 34 119 95
is_linear=0
shrinkage=0.01


Tree=144
num_leaves=8
num_cat=0
split_feature=11 36 36 10 39 25 28
split_gain=5.23416 4.2916 6.50046 3.71634 2.27031 1.97594 1.94712
threshold=49.906903990087031 0.70182557227358999 0.72172163093573272 9.7615357142855981 0.62412265680271373 -0.53163874943663425 -0.4292677364273913
decision_type=2 2 2 2 2 2 2
left_child=4 3 -3 -2 6 -6 -1
right_child=1 2 -4 -5 5 -7 -8
leaf_value=0.0078859108968091784 -0.010101385790577063 0.015441228365135722 -0.0032887264743988675 0.00441091579718821 -0.0011536520901647969 -0.0092495715699694048 -0.0047857775554761032
leaf_weight=2.1249189674854279 3.0360556840896589 4.5706901550292969 2.6001959815621376 3.276246190071106 5.3794072568416587 9.4812114350497705 1.9917422160506273
leaf_count=12 26 26 19 24 38 83 21
internal_value=-0.00131628 0.00331906 0.00852262 -0.00240828 -0.0047138 -0.00653166 0.00139357
internal_weight=32.4605 13.4832 7.17089 6.3123 18.9773 14.8606 4.11666
internal_count=249 95 45 50 154 121 33
is_linear=0
shrinkage=0.01


Tree=145
num_leaves=5
num_cat=0
split_feature=4 5 19 4
split_gain=3.97459 5.79629 3.57361 2.29649
threshold=-5.3449608716432513 -1.9937455194645703 42.366036234707209 2.3893950094006873
decision_type=2 2 2 2
left_child=-1 3 -3 -2
right_child=1 2 -4 -5
leaf_value=0.0083766615955029426 -0.0097855011490012682 -0.0029150799012122738 0.0056721507459476187 0.0011632851359672043
leaf_weight=4.8493843376636496 7.7103561013937014 7.8796416446566608 11.043038927018641 2.0310109108686447
leaf_count=29 68 67 70 14
internal_value=0.000235293 -0.00114551 0.00200259 -0.00733702
internal_weight=33.5134 28.664 18.9227 9.74137
internal_count=248 219 137 82
is_linear=0
shrinkage=0.01


Tree=146
num_leaves=7
num_cat=0
split_feature=8 27 14 14 6 29
split_gain=5.56596 5.07864 7.17224 5.74852 3.23994 1.0922
threshold=-0.016241116054352678 48.123314127523081 0.14389147438870606 -0.073696696834870498 -0.22602782547771608 0.78686149386041448
decision_type=2 2 2 2 2 2
left_child=4 3 -3 -2 -1 -6
right_child=1 2 -4 -5 5 -7
leaf_value=0.002212655138269095 0.0050476583016176215 0.011954575734789767 -0.0064590784844541947 -0.0080181626943134302 -0.0097079992208619868 0
leaf_weight=3.7737930268049231 6.4830623865127546 8.7830541580915433 2.3928153216838828 6.2775219753384626 7.8031816110014898 1.629172511398792
leaf_count=27 44 49 17 57 74 10
internal_value=0 0.00291668 0.00777204 -0.00126342 -0.00509362 -0.00820039
internal_weight=37.1426 23.9365 11.1759 12.7606 13.2061 9.43235
internal_count=278 167 66 101 111 84
is_linear=0
shrinkage=0.01


Tree=147
num_leaves=8
num_cat=0
split_feature=8 27 14 37 8 36 5
split_gain=5.05983 6.477 14.5387 5.23301 4.33934 2.60078 0.632137
threshold=-0.016241116054352678 48.123314127523081 0.14389147438870606 0.71512138570635564 -0.10308498513132101 0.71103281937653284 -2.2527843446955242
decision_type=2 2 2 2 2 2 2
left_child=4 3 -3 -2 5 -1 -6
right_child=1 2 -4 -5 6 -7 -8
leaf_value=0.0061721277276631861 -0.0044978593892126741 0.017445976653264854 -0.0099866037353861688 0.010783651736210185 -0.0021385931814001725 -0.0061128301827278369 -0.010442552401320099
leaf_weight=5.0062408223748207 8.6516583189368266 7.0925751402974111 2.293091207742691 2.6713684350252143 2.1229827627539635 2.146453283727169 5.2224641144275648
leaf_count=33 76 38 17 16 18 15 51
internal_value=0.00123354 0.00441976 0.0104355 -0.000535239 -0.00317975 0.00211951 -0.00848222
internal_weight=35.2068 20.7087 9.38567 11.323 14.4981 7.15269 7.34545
internal_count=264 147 55 92 117 48 69
is_linear=0
shrinkage=0.01


Tree=148
num_leaves=7
num_cat=0
split_feature=8 10 25 8 25 28
split_gain=4.33419 4.46357 3.65425 3.32448 2.80346 1.58484
threshold=0.00090032291827196905 7.9530357142858277 -0.48891549037943538 0.11888152777660445 -0.58899858420239293 -14.589517167126358
decision_type=2 2 2 2 2 2
left_child=2 -2 4 -3 -1 -4
right_child=1 3 5 -5 -6 -7
leaf_value=-0.0027952897781008614 0.012961179722985758 0.00344307498324608 0.00086719094875861789 -0.009669455779149308 0.0074684952720278407 -0.0093899647253008044
leaf_weight=6.5920500457286835 3.9661614894866934 9.6451009511947614 1.3884711191058139 2.0718090981245032 3.9395391121506673 7.3085209056735074
leaf_count=50 23 67 12 15 23 75
internal_value=0.000256174 0.00416704 -0.00284618 0.000774544 0.000959942 -0.0075558
internal_weight=34.9117 15.6831 19.2286 11.7169 10.5316 8.69699
internal_count=265 105 160 82 73 87
is_linear=0
shrinkage=0.01


Tree=149
num_leaves=5
num_cat=0
split_feature=10 10 29 5
split_gain=5.051 4.37703 6.23236 2.02269
threshold=14.820785714285714 10.641821428571513 -1.6251791653820507 -0.62755275962095769
decision_type=2 2 2 2
left_child=1 2 -1 -3
right_child=-2 3 -4 -5
leaf_value=-0.0087787270062996241 0.010393567600160126 -0.0095594839390066057 0.0037825112592332305 0
leaf_weight=4.740844137966632 3.6887884438037863 7.3133032768964767 17.474535331130031 3.1263018622994405
leaf_count=39 17 67 130 22
internal_value=-0.000173575 -0.0015117 0.000931816 -0.0067785
internal_weight=36.3438 32.655 22.2154 10.4396
internal_count=275 258 169 89
is_linear=0
shrinkage=0.01


Tree=150
num_leaves=5
num_cat=0
split_feature=37 6 27 27
split_gain=5.86619 4.71318 6.30127 4.94191
threshold=0.73854230825949985 -0.2197639019884447 50.075169537115791 57.805623733184497
decision_type=2 2 2 2
left_child=1 2 -1 -3
right_child=-2 3 -4 -5
leaf_value=0.010885639842607797 0.014094550794260894 -0.0063927689903228958 -0.0067471853561375033 0.0039817281359192094
leaf_weight=5.4148961603641492 2.2359484881162635 18.725424930453304 2.7471388578414917 5.5745286718010894
leaf_count=32 12 161 22 34
internal_value=-0.000481189 -0.00166607 0.00468572 -0.00391197
internal_weight=34.6979 32.462 8.16204 24.3
internal_count=261 249 54 195
is_linear=0
shrinkage=0.01


Tree=151
num_leaves=5
num_cat=0
split_feature=21 6 27 35
split_gain=5.31986 4.24658 4.14529 1.13212
threshold=0.92466341731839941 0.079890333590929993 20.51947648628347 0.1796574080034162
decision_type=2 2 2 2
left_child=1 2 -1 -3
right_child=-2 3 -4 -5
leaf_value=-0.0092062042274053662 0.014980267325971932 0 0.0038969332697209231 -0.0087574571878424688
leaf_weight=2.3338262736797359 2.500433422625064 2.600023951381444 23.008986838161945 4.7090222015976906
leaf_count=27 13 21 164 39
internal_value=0.00172435 0.000521392 0.00251868 -0.00596727
internal_weight=35.1523 32.6519 25.3428 7.30905
internal_count=264 251 191 60
is_linear=0
shrinkage=0.01


Tree=152
num_leaves=4
num_cat=0
split_feature=10 37 27
split_gain=4.56115 3.38688 2.9165
threshold=14.241071428571397 0.73808904422335719 40.023979494871611
decision_type=2 2 2
left_child=1 2 -1
right_child=-2 -3 -4
leaf_value=-0.0074394160445056482 0.0078452634700735997 0.0091731665552352553 -0.00069486422498263648
leaf_weight=10.711376771330839 4.701283670961856 1.9614517912268628 17.334922678768635
leaf_count=103 24 11 127
internal_value=-0.000919506 -0.00242273 -0.00339276
internal_weight=34.709 30.0078 28.0463
internal_count=265 241 230
is_linear=0
shrinkage=0.01


Tree=153
num_leaves=6
num_cat=0
split_feature=14 36 33 37 4
split_gain=5.88967 5.08326 4.80058 3.38735 2.09022
threshold=0.12318959805106096 0.66628618050932109 0.69007574090223833 0.71119915825585267 -3.1819854395293983
decision_type=2 2 2 2 2
left_child=1 3 -3 -1 -2
right_child=4 2 -4 -5 -6
leaf_value=-0.0086580082236148975 7.0453398649924443e-05 0.0026510271359342186 0.015909810140534469 0.0057977773848087591 -0.010888427913389051
leaf_weight=5.2632312513887909 2.043230876326561 16.60387205332518 3.1820364072918883 1.8748309984803198 5.0712816938757888
leaf_count=55 13 114 21 12 41
internal_value=0.000242705 0.00244835 0.0050887 -0.00451157 -0.00759588
internal_weight=34.0385 26.924 19.7859 7.13806 7.11451
internal_count=256 202 135 67 54
is_linear=0
shrinkage=0.01


Tree=154
num_leaves=5
num_cat=0
split_feature=10 24 17 11
split_gain=4.80291 4.69607 4.63728 4.54158
threshold=14.241071428571397 0.031558739630848702 -0.64322673650820272 48.345441208168587
decision_type=2 2 2 2
left_child=1 2 -1 -3
right_child=-2 3 -4 -5
leaf_value=0.0023819081305262789 0.0092115318164264059 -0.0032180680202344102 -0.0078655498527561134 0.0086965460342276722
leaf_weight=6.6115537583827999 5.5672084838151923 4.8503056019544584 11.147406846284868 7.6189564913511276
leaf_count=52 27 38 103 49
internal_value=0.000907651 -0.000631675 -0.00396354 0.00393864
internal_weight=35.7954 30.2282 17.759 12.4693
internal_count=269 242 155 87
is_linear=0
shrinkage=0.01


Tree=155
num_leaves=8
num_cat=0
split_feature=17 4 25 27 5 25 16
split_gain=5.0543 6.28612 4.9807 6.10151 3.12615 2.01676 1.13213
threshold=-0.52765479724350917 -1.7754019873495961 -0.08112971921480823 45.610850154215193 -1.0460671231990675 -0.55080111634891915 -0.10114540154309475
decision_type=2 2 2 2 2 2 2
left_child=1 4 6 -4 -1 -3 -2
right_child=2 5 3 -5 -6 -7 -8
leaf_value=0.018708757774775618 -0.00030275359269196512 -0.0092593086592798989 -0.0057568214465334487 0.0058114832989327467 0.0031635938430508164 0.0040875954052502807 -0.01063431338713881
leaf_weight=3.4662025347352028 1.8154612258076666 2.1181587129831319 7.2956844717264202 10.918909177184103 2.7333175092935562 1.6439285352826098 5.5718885436654118
leaf_count=21 14 20 67 68 15 14 52
internal_value=0.000613442 0.0065889 -0.00168375 0.00105168 0.0126251 -0.00306357 -0.00846637
internal_weight=35.5636 9.96161 25.6019 18.2146 6.19952 3.76209 7.38735
internal_count=271 70 201 135 36 34 66
is_linear=0
shrinkage=0.01


Tree=156
num_leaves=8
num_cat=0
split_feature=0 0 38 8 24 25 6
split_gain=7.3289 5.12253 3.33984 2.84528 5.56817 0.625019 0.282139
threshold=-0.0059960204963212848 -0.018433434008222973 0.67179141176246782 0.00090032291827196905 0.14332273034981483 -0.53163874943663425 0.13115926766725244
decision_type=2 2 2 2 2 2 2
left_child=1 2 -1 6 -5 -3 -2
right_child=3 5 -4 4 -6 -7 -8
leaf_value=0.0053368631782971512 -0.010538683721481937 0.018279881753537404 -0.0057237103698546867 0.003477662377534863 -0.010776834911648429 0.0072952478282883827 -0.0022130335894146288
leaf_weight=7.2177419885993022 4.8776688538491753 2.2767311856150627 3.8924457877874374 8.5079208239912969 3.6446454077959052 2.6174580901861182 1.3618584051728246
leaf_count=46 50 14 35 63 25 16 13
internal_value=0.000357021 0.00530598 0.00123791 -0.0038585 -0.000793396 0.0135509 -0.00921222
internal_weight=34.3965 16.0044 11.1102 18.3921 12.1526 4.89419 6.23953
internal_count=262 111 81 151 88 30 63
is_linear=0
shrinkage=0.01


Tree=157
num_leaves=8
num_cat=0
split_feature=27 14 34 10 29 20 14
split_gain=3.25367 4.99078 4.85001 4.29998 4.18005 2.29936 0.605479
threshold=40.023979494871611 0.13996911205227022 0.068174317289044439 10.15607142857146 -1.5240568924848314 -15.32567973115192 0.23845800506651763
decision_type=2 2 2 2 2 2 2
left_child=2 4 3 -1 -2 -4 -3
right_child=1 6 5 -5 -6 -7 -8
leaf_value=-0.004321599033426925 -0.0035100381821001293 -0.010092675735483671 0.0010669630515515269 0.015410011081628039 0.007900480574430116 -0.0098475099255294195 -0.0011328402728869073
leaf_weight=1.86739033460617 3.8576199114322653 2.2934439182281485 2.0276921465992919 1.8189726769924162 12.110615223646166 8.0428782142698747 1.9896769225597379
leaf_count=21 30 18 16 10 76 77 15
internal_value=-0.0001078 0.00236908 -0.003869 0.00533991 0.00500708 -0.00748975 -0.00671347
internal_weight=34.0083 20.2514 13.7569 3.68636 15.9682 10.0706 4.28312
internal_count=263 139 124 31 106 93 33
is_linear=0
shrinkage=0.01


Tree=158
num_leaves=4
num_cat=0
split_feature=10 30 30
split_gain=5.58043 3.19289 3.05834
threshold=14.241071428571397 0.12879587086592328 -0.061803881253517441
decision_type=2 2 2
left_child=1 2 -1
right_child=-2 -3 -4
leaf_value=-0.0011424886112834001 0.01060839261552152 0.0064606963775359332 -0.010348745667604799
leaf_weight=23.216948434710506 4.0831497982144347 4.0120031610131255 4.1745980605483082
leaf_count=178 20 28 41
internal_value=0 -0.00142936 -0.0027147
internal_weight=35.4867 31.4035 27.3915
internal_count=267 247 219
is_linear=0
shrinkage=0.01


Tree=159
num_leaves=6
num_cat=0
split_feature=4 24 20 39 10
split_gain=2.91334 5.29565 5.56718 3.27627 3.15284
threshold=-4.4809037991622054 0.030163949373110305 -3.8441868411737228 0.68876146581320741 14.806678571428558
decision_type=2 2 2 2 2
left_child=3 4 -3 -1 -2
right_child=1 2 -4 -5 -6
leaf_value=0.0099604573898539224 -0.0072907046015000046 -0.004227857390121173 0.0086947020249901717 -0.0032228116578388029 0.0057088831175383216
leaf_weight=4.6680598706006995 14.321026980876928 5.6395159065723419 7.0247904509305936 2.5535763427615166 1.7377528101205815
leaf_count=24 134 47 40 20 8
internal_value=-0.000389056 -0.00187399 0.00282124 0.00509033 -0.00568284
internal_weight=35.9447 28.7231 12.6643 7.22164 16.0588
internal_count=273 229 87 44 142
is_linear=0
shrinkage=0.01


Tree=160
num_leaves=5
num_cat=0
split_feature=38 18 0 17
split_gain=3.85336 4.83607 8.84105 4.67709
threshold=0.5364533052169761 11.285892857142798 -0.0059960204963212848 0.45560029367808202
decision_type=2 2 2 2
left_child=-1 2 -2 -3
right_child=1 3 -4 -5
leaf_value=-0.010127102093606937 0.022579477687379761 -0.0031262632719368691 -0.0014490109354623163 0.0056819878680490323
leaf_weight=2.7198675349354735 2.5409216433763504 17.591475658118728 2.9390146583318737 8.7771338075399381
leaf_count=28 15 148 21 54
internal_value=0.000588308 0.00165158 0.0099401 -8.83923e-05
internal_weight=34.5684 31.8485 5.47994 26.3686
internal_count=266 238 36 202
is_linear=0
shrinkage=0.01


Tree=161
num_leaves=6
num_cat=0
split_feature=18 39 1 28 16
split_gain=4.10233 6.70378 4.4686 2.2506 1.78214
threshold=9.9856785714286111 0.68876146581320741 -0.63881260399312711 -1.1892883335531221 0.080169808068166717
decision_type=2 2 2 2 2
left_child=3 2 -2 -1 -3
right_child=1 4 -4 -5 -6
leaf_value=0.014039444752998705 -0.0079664127490477257 -0.0098306052972902645 0.0040045001852077175 0.00074199384195518193 0
leaf_weight=2.6463265866041183 3.4013989567756679 8.2237943038344365 17.768964678049091 2.9080514684319487 2.437866933643817
leaf_count=15 27 79 118 26 18
internal_value=6.62261e-05 -0.00128374 0.00190357 0.00781383 -0.00767398
internal_weight=37.3864 31.832 21.1704 5.55438 10.6617
internal_count=283 242 145 41 97
is_linear=0
shrinkage=0.01


Tree=162
num_leaves=7
num_cat=0
split_feature=9 29 25 35 9 25
split_gain=5.31256 5.48877 4.67855 6.15593 3.36567 3.19966
threshold=0.45560029367808202 -0.67767892126028018 -0.48891549037943538 0.31030770728788221 0.65684295447754282 0.51879616489042812
decision_type=2 2 2 2 2 2
left_child=2 4 3 -1 -2 -4
right_child=1 -3 5 -5 -6 -7
leaf_value=0.010741935958179388 0.01323999415264715 -0.0069293754655982143 -0.0095092090368931754 -0.0042668114784780702 0 0.0020674115726173428
leaf_weight=4.0115745812654495 5.3096237257122976 2.6909971237182608 11.721682440489529 7.0173016414046288 3.1723430827260017 2.527224265038968
leaf_count=29 30 19 116 49 23 17
internal_value=-0.000999658 0.00458821 -0.00357257 0.00115573 0.00858192 -0.00731819
internal_weight=36.4507 11.173 25.2778 11.0289 8.48197 14.2489
internal_count=283 72 211 78 53 133
is_linear=0
shrinkage=0.01


Tree=163
num_leaves=5
num_cat=0
split_feature=14 35 22 2
split_gain=2.66079 4.3374 3.89042 2.92073
threshold=0.14389147438870606 0.056721388321410209 -0.15275129018275704 7.0166785714285922
decision_type=2 2 2 2
left_child=1 -1 -3 -2
right_child=3 2 -4 -5
leaf_value=-0.0096625937555722945 -0.010388919539613359 -0.00073317424660668891 0.0065126194924141137 0.0032721442760297991
leaf_weight=2.686428256332877 3.890838347375392 13.922504197806122 14.429460659623144 2.0260656177997589
leaf_count=28 34 114 92 10
internal_value=0.00044869 0.00167983 0.00291428 -0.00545723
internal_weight=36.9553 31.0384 28.352 5.9169
internal_count=278 234 206 44
is_linear=0
shrinkage=0.01


Tree=164
num_leaves=7
num_cat=0
split_feature=6 35 18 4 4 29
split_gain=6.15171 5.75005 3.83953 5.26558 3.54544 1.69072
threshold=-0.2197639019884447 0.46536398168755572 11.285892857142798 -0.69820273162940782 2.3893950094006873 -1.177479143212123
decision_type=2 2 2 2 2 2
left_child=1 5 3 -2 -4 -1
right_child=2 -3 4 -5 -6 -7
leaf_value=0.020693890247395631 0.011879383201588387 -0.00085942631408800218 -0.0063621421438606329 -0.0060504177459020786 0.0036886915793130121 0.0055108879691123666
leaf_weight=2.3964167162775993 3.6379617527127266 3.9824856966733932 16.598723225295547 2.3968509137630489 3.9468794241547576 2.0228861048817617
leaf_count=15 20 25 145 24 25 15
internal_value=0.000100245 0.00746054 -0.00220916 0.00449318 -0.0043101 0.0149599
internal_weight=34.9822 8.40179 26.5804 6.03481 20.5456 4.4193
internal_count=269 55 214 44 170 30
is_linear=0
shrinkage=0.01


Tree=165
num_leaves=7
num_cat=0
split_feature=0 36 38 16 18 13
split_gain=9.11596 5.95879 4.55145 5.63879 3.52614 2.88668
threshold=-0.0059960204963212848 0.72134696233212992 0.6608773836493701 0.030459798208810968 11.285892857142798 -2.2746078262691003
decision_type=2 2 2 2 2 2
left_child=1 4 5 -4 -1 -2
right_child=2 -3 3 -5 -6 -7
leaf_value=0.019993353927795655 0.0028066085617641854 -0.006244756558404097 -0.0078557096895549346 0.0070530570927315166 0.0065853033379243541 -0.010040313208334437
leaf_weight=2.6907422170042983 1.7698218226432789 2.3890767768025389 3.5928028859198076 6.7687075138092041 10.342707380652426 8.3383706361055392
leaf_count=14 12 19 34 45 73 73
internal_value=0.00142131 0.00719272 -0.00287185 0.00162034 0.00989095 -0.00758275
internal_weight=35.8922 15.4225 20.4697 10.3615 13.0334 10.1082
internal_count=270 106 164 79 87 85
is_linear=0
shrinkage=0.01


Tree=166
num_leaves=7
num_cat=0
split_feature=17 28 24 17 4 8
split_gain=4.29041 5.60694 6.73764 5.49642 7.62753 6.50974
threshold=0.45560029367808202 -0.60043061158285116 0.14332273034981483 -0.53163874943663425 -1.7754019873495961 0.059494705996852172
decision_type=2 2 2 2 2 2
left_child=3 2 -2 4 -1 -5
right_child=1 -3 -4 5 -6 -7
leaf_value=0.0091518422894940627 0.016519764691068219 -0.0054827879950916951 -0.0017182160691213816 -0.0097283532439132268 -0.0078193909305565561 0.0078119628741434343
leaf_weight=6.6077036261558533 4.718912199139595 3.2962789982557279 3.002693735063076 11.894828356802465 3.9174061566591245 2.1968906968832007
leaf_count=37 27 21 20 116 37 15
internal_value=-0.000316419 0.0047287 0.00937923 -0.0026845 0.00260881 -0.00674902
internal_weight=35.6347 11.0179 7.72161 24.6168 10.5251 14.0917
internal_count=273 68 47 205 74 131
is_linear=0
shrinkage=0.01


Tree=167
num_leaves=6
num_cat=0
split_feature=27 14 3 17 21
split_gain=3.37859 4.71292 3.64539 1.19992 0.691282
threshold=28.991651307596211 0.14389147438870606 62.280630429146775 -0.50121887836696033 -0.80549206453336397
decision_type=2 2 2 2 2
left_child=3 2 -2 -1 -3
right_child=1 4 -4 -5 -6
leaf_value=0 0.0010631912356766997 -0.010072192950861788 0.010062291960652591 -0.0099737789283239706 -0.00082308045663342087
leaf_weight=1.5559280812740324 20.524277605116374 2.9959406182169914 5.7590893432497969 3.6290389150381079 1.8220194950699795
leaf_count=12 147 26 35 41 13
internal_value=0.00015363 0.00147015 0.00320157 -0.00702718 -0.00721849
internal_weight=36.2863 31.1013 26.2834 5.18497 4.81796
internal_count=274 221 182 53 39
is_linear=0
shrinkage=0.01


Tree=168
num_leaves=5
num_cat=0
split_feature=32 18 37 16
split_gain=3.25521 4.59901 3.38761 2.71456
threshold=0.14914301492018886 11.285892857142798 0.55019356861521718 -0.12295783147074225
decision_type=2 2 2 2
left_child=3 -2 -3 -1
right_child=1 2 -4 -5
leaf_value=-0.00013921387639269692 0.0090679723719765855 0.0075863898906849215 -0.0037878394878954999 -0.010824664327073364
leaf_weight=4.472762443125248 4.3081805184483555 2.7155152522027519 16.858592726290226 5.9594159722328168
leaf_count=26 28 23 135 56
internal_value=-0.00198619 0 -0.00201856 -0.00656162
internal_weight=34.3145 23.8823 19.5741 10.4322
internal_count=268 186 158 82
is_linear=0
shrinkage=0.01


Tree=169
num_leaves=4
num_cat=0
split_feature=32 18 32
split_gain=3.65825 5.96149 4.11144
threshold=0.032897876863667692 9.9386785714286514 0.21905501588429768
decision_type=2 2 2
left_child=-1 -2 -3
right_child=1 2 -4
leaf_value=-0.0083650699915134782 0.014239997440303754 0.0039816441818990743 -0.0036684421938067615
leaf_weight=4.0255469605326644 2.9570352584123638 12.975759446620943 14.611947353929279
leaf_count=35 17 85 127
internal_value=0.000182172 0.00144387 0
internal_weight=34.5703 30.5447 27.5877
internal_count=264 229 212
is_linear=0
shrinkage=0.01


Tree=170
num_leaves=5
num_cat=0
split_feature=8 17 17 12
split_gain=3.58501 4.24519 4.79998 4.49226
threshold=0.13308116576951706 0.46744266906703641 -0.64322673650820272 0.13527656391397616
decision_type=2 2 2 2
left_child=1 2 -1 -3
right_child=-2 3 -4 -5
leaf_value=0.0053054420425013675 -0.010245501589236473 0.012738891534523738 -0.0041066899158514912 -0.0012325601278645947
leaf_weight=7.5709183141589156 2.7764176800847045 5.1007236391305906 16.632845319807533 3.5076154097914696
leaf_count=58 20 30 139 21
internal_value=2.24983e-05 0.00103669 -0.00105205 0.00697168
internal_weight=35.5885 32.8121 24.2038 8.60834
internal_count=268 248 197 51
is_linear=0
shrinkage=0.01


Tree=171
num_leaves=8
num_cat=0
split_feature=1 1 36 6 1 11 0
split_gain=8.10351 7.17136 6.0451 5.18611 4.17307 2.6641 2.16992
threshold=-0.22307290963457391 -0.50903828458466494 0.70918806829516357 -0.22602782547771608 -0.40374005135931895 48.345441208168587 0.0750003260340147
decision_type=2 2 2 2 2 2 2
left_child=1 3 6 -1 -3 -4 -2
right_child=2 4 5 -5 -6 -7 -8
leaf_value=0.010072562503709897 -0.0087889056412471522 0.023685863417687782 -0.0022737333021837394 -0.0056235514786978262 0.0060747518049477376 0.0089981609862888699 0.0017128955709959854
leaf_weight=3.1254792734980574 10.917695675045254 2.6666457429528236 3.2866964489221564 5.1243363916873923 3.7587360590696326 4.26609256118536 1.9111049994826306
leaf_count=19 101 14 27 41 23 27 13
internal_value=0.00110446 0.00673932 -0.00289497 0.000233844 0.0144116 0.00393889 -0.00706872
internal_weight=35.0568 14.6752 20.3816 8.24982 6.42538 7.55279 12.8288
internal_count=265 97 168 60 37 54 114
is_linear=0
shrinkage=0.01


Tree=172
num_leaves=8
num_cat=0
split_feature=6 33 11 33 10 17 37
split_gain=7.59425 6.93178 4.99057 3.86755 3.14393 3.09001 2.75642
threshold=-0.12366419274996344 0.39953758627046559 46.33182340350762 0.72145671913532206 10.911571428571508 0.013949748487528195 0.70237952583089325
decision_type=2 2 2 2 2 2 2
left_child=1 5 -3 6 -5 -1 -2
right_child=3 2 -4 4 -6 -7 -8
leaf_value=0.0054309302910258688 -0.007112803837340885 0.0088531870928542818 -0.010020787352418041 0.013210707791196676 -0.0034124616986603573 0.018098560485689457 0.00079921446963402657
leaf_weight=4.8607575669884664 11.480500523000961 2.0609606131911269 3.0291634723544121 2.3366779610514636 1.5570535361766813 4.4743500053882599 6.2705597579479209
leaf_count=28 104 15 27 13 17 25 43
internal_value=0.00148287 0.0070612 -0.00194037 -0.0021894 0.00631782 0.0120846 -0.00424026
internal_weight=36.07 14.4252 5.09012 21.6448 3.89373 9.33511 17.7511
internal_count=272 95 42 177 30 53 147
is_linear=0
shrinkage=0.01


Tree=173
num_leaves=6
num_cat=0
split_feature=3 18 29 17 12
split_gain=4.80542 5.83356 5.67291 4.61281 4.22374
threshold=62.280630429146775 11.285892857142798 -0.77704118543875589 0.62069458790415222 -0.60988570382414753
decision_type=2 2 2 2 2
left_child=1 4 -3 -2 -1
right_child=3 2 -4 -5 -6
leaf_value=0.01179353526254721 0.014187726981133179 -0.0091704224400918077 0.00080520353983273146 -0.0016386730280150336 -0.003363742850109258
leaf_weight=4.1132507920265198 3.67762816697359 12.248131584376099 9.7421277686953527 2.9500124081969261 2.6881940141320255
leaf_count=24 21 111 67 19 28
internal_value=-0.000332638 -0.0021652 -0.00470994 0.00708868 0.00563214
internal_weight=35.4193 28.7917 21.9903 6.62764 6.80144
internal_count=270 230 178 40 52
is_linear=0
shrinkage=0.01


Tree=174
num_leaves=6
num_cat=0
split_feature=0 8 36 32 28
split_gain=4.35353 5.58942 4.81215 5.66303 2.83997
threshold=-0.0059960204963212848 -0.0091323456738324066 0.72134696233212992 0.34144069210701711 -0.77734844155520466
decision_type=2 2 2 2 2
left_child=2 -2 3 -1 -3
right_child=1 4 -4 -5 -6
leaf_value=0.012189723372643782 -0.010522748866104109 0.0046694381591691246 -0.0048732939349873262 -0.0014432889554217693 -0.0046114109984951527
leaf_weight=9.7054940164089221 4.6636000312864807 10.095687516033649 3.1338348612189284 3.9414866417646399 4.3794598653912518
leaf_count=59 46 74 23 34 37
internal_value=0.00187304 -0.00129986 0.00556814 0.00816252 0.00168953
internal_weight=35.9196 19.1387 16.7808 13.647 14.4751
internal_count=273 157 116 93 111
is_linear=0
shrinkage=0.01


Tree=175
num_leaves=7
num_cat=0
split_feature=17 17 17 12 5 11
split_gain=4.66648 5.30717 3.47151 3.64051 3.26531 2.71819
threshold=0.46744266906703641 0.63681629046828381 -0.53163874943663425 -0.60988570382414753 -1.9648540915133701 50.034941117193803
decision_type=2 2 2 2 2 2
left_child=2 -2 3 -1 -3 -4
right_child=1 4 5 -5 -6 -7
leaf_value=0.005556559177047761 0.013095866320826266 0.0062502966370860703 -0.0084891703539940137 -0.0069987118339885556 -0.0076306850102379189 0.00036489226424716101
leaf_weight=7.422710657119751 4.5597462728619558 2.9820840731263161 10.088262982666494 2.914955407381056 3.1436977908015251 4.5386658981442443
leaf_count=46 25 20 100 27 22 35
internal_value=-0.000114942 0.00526864 -0.00253362 0.00173075 -0.00058573 -0.00565569
internal_weight=35.6501 10.6855 24.9646 10.3377 6.12578 14.6269
internal_count=275 67 208 73 42 135
is_linear=0
shrinkage=0.01


Tree=176
num_leaves=8
num_cat=0
split_feature=6 3 3 5 12 2 2
split_gain=4.19976 4.62851 8.82437 6.089 2.83656 4.85867 3.24839
threshold=-0.064140469239544473 43.160489935204879 58.899477411399786 -1.3397972473918134 -2.1852620393756292 5.8916428571428385 7.0166785714285922
decision_type=2 2 2 2 2 2 2
left_child=1 3 -3 -1 5 -2 -6
right_child=4 2 -4 -5 6 -7 -8
leaf_value=-0.00017218632868631767 0.0082929677874149458 -0.0091333308910587791 0.010092115481994941 0.015773471532757398 -0.010903708135301489 -0.0076687946206045144 0.001804317400351544
leaf_weight=4.0651317834854126 3.9016533568501464 5.703480049967764 3.6252120733261108 4.7716236561536807 6.4772812239825708 3.1439383029937744 2.3977375626564026
leaf_count=32 27 50 22 27 62 26 16
internal_value=4.16104e-05 0.00335911 -0.00137278 0.00845437 -0.00361248 0.000875807 -0.0073057
internal_weight=34.0861 18.1654 9.32869 8.83676 15.9206 7.04559 8.87502
internal_count=262 131 72 59 131 53 78
is_linear=0
shrinkage=0.01


Tree=177
num_leaves=7
num_cat=0
split_feature=9 29 29 29 30 4
split_gain=3.34349 4.34183 4.76044 3.16771 2.89702 2.42262
threshold=-0.17440716018734284 -0.63379637597526506 -1.1289120498971024 0.21601820138788719 0.10122384594666937 4.1182754499704979
decision_type=2 2 2 2 2 2
left_child=4 2 -2 -3 5 -1
right_child=1 3 -4 -5 -6 -7
leaf_value=-0.0092034888633719565 0 -0.010465037004067581 0.011011829629852933 0.0036080436870980295 0.0048599012079442016 0.002616537166808753
leaf_weight=8.7059292718768102 10.17244863882661 3.9956320077180889 6.1128880381584159 2.0873260945081711 2.0853552147746077 1.703485183417796
leaf_count=83 73 37 36 12 15 11
internal_value=-0.000729956 0.00151682 0.00426425 -0.00538001 -0.00484973 -0.0070633
internal_weight=34.8631 22.3683 16.2853 6.08296 12.4948 10.4094
internal_count=267 158 109 49 109 94
is_linear=0
shrinkage=0.01


Tree=178
num_leaves=5
num_cat=0
split_feature=10 10 37 5
split_gain=3.29721 3.98142 3.15489 2.34228
threshold=14.806678571428558 10.641821428571513 0.66329182948997978 -0.62755275962095769
decision_type=2 2 2 2
left_child=1 2 -1 -3
right_child=-2 3 -4 -5
leaf_value=0.0056982159570937666 0.0083231022606018272 -0.009364417023496642 -0.0019159051152941825 0.0022170354014148116
leaf_weight=8.8498570993542724 3.9415303021669379 6.8671550005674362 12.680124796926973 1.8381879664957503
leaf_count=66 18 67 99 13
internal_value=5.68714e-06 -0.00108421 0.00115754 -0.00670444
internal_weight=34.1769 30.2353 21.53 8.70534
internal_count=263 245 165 80
is_linear=0
shrinkage=0.01


Tree=179
num_leaves=7
num_cat=0
split_feature=18 39 10 39 36 18
split_gain=4.26495 6.93803 5.21292 4.41006 3.71677 1.99343
threshold=11.285892857142798 0.6867546003032311 8.7209642857142828 0.68876146581320741 0.6945454908455716 17.558928571428662
decision_type=2 2 2 2 2 2
left_child=1 2 -1 4 -2 -5
right_child=3 -3 -4 5 -6 -7
leaf_value=-0.0098688916153769242 -0.004788205511290943 0.017598625892475246 0.010535384596740955 -0.010673211370231703 0.0041591993308513469 0
leaf_weight=2.8517753556370726 8.0757461935281807 2.6876325160264969 1.738240525126457 7.18597938492894 10.088684268295763 2.376262441277504
leaf_count=29 62 17 8 74 64 17
internal_value=-0.0009128 0.00566764 -0.0015605 -0.00275356 5.97806e-05 -0.00813983
internal_weight=35.0043 7.27765 4.59002 27.7267 18.1644 9.56224
internal_count=271 54 37 217 126 91
is_linear=0
shrinkage=0.01


Tree=180
num_leaves=5
num_cat=0
split_feature=21 21 37 4
split_gain=4.61335 3.92104 3.84721 2.14757
threshold=0.76308606822665925 -1.6823684232535643 0.73687546764780565 -0.27346883997142862
decision_type=2 2 2 2
left_child=1 3 -3 -1
right_child=-2 2 -4 -5
leaf_value=0.010230329082054509 0.0082505358837586702 -0.0051656967525507396 0.0070635981761000693 -0.0015818495955835133
leaf_weight=3.2144457250833511 4.6601904928684226 22.764493018388752 2.503272332251071 2.1610304042696979
leaf_count=22 25 190 13 18
internal_value=-0.000627968 -0.00210973 -0.00380725 0.00529664
internal_weight=35.3034 30.6432 25.2678 5.37548
internal_count=268 243 203 40
is_linear=0
shrinkage=0.01


Tree=181
num_leaves=5
num_cat=0
split_feature=10 10 38 33
split_gain=3.03662 4.2334 4.09424 1.38485
threshold=14.641678571428592 10.641821428571513 0.70727398274179742 0.84664386234654743
decision_type=2 2 2 2
left_child=1 2 -1 -3
right_child=-2 3 -4 -5
leaf_value=-0.00077634515002665495 0.0089592353219232392 -0.0085098151323062705 0.0098712522478119763 0.001014480611465048
leaf_weight=17.998342216014869 3.0617522001266471 7.4328604601323587 4.13677754998207 1.3793597221374509
leaf_count=145 14 67 27 13
internal_value=-1.1428e-05 -0.00104043 0.0012298 -0.00681519
internal_weight=34.0091 30.9473 22.1351 8.81222
internal_count=266 252 172 80
is_linear=0
shrinkage=0.01


Tree=182
num_leaves=5
num_cat=0
split_feature=4 34 2 2
split_gain=3.59675 5.63169 3.91293 2.74885
threshold=-5.9150294371456758 0.42420453165320432 8.4418928571428449 4.5752142857143108
decision_type=2 2 2 2
left_child=-1 3 -3 -2
right_child=1 2 -4 -5
leaf_value=0.010539453373321763 0 0.0044820387048206504 -0.0094400000509720257 -0.0092383621903014291
leaf_weight=2.7100146338343611 4.5436506941914585 15.574691019952299 1.9545260034501541 8.3113516047596914
leaf_count=17 42 110 16 71
internal_value=5.37845e-05 -0.000910169 0.00268482 -0.0059138
internal_weight=33.0942 30.3842 17.5292 12.855
internal_count=256 239 126 113
is_linear=0
shrinkage=0.01


Tree=183
num_leaves=6
num_cat=0
split_feature=17 9 3 18 19
split_gain=5.57594 4.99399 3.92191 5.68907 3.34275
threshold=0.45560029367808202 0.63488460132440194 62.280630429146775 11.285892857142798 50.457912176496059
decision_type=2 2 2 2 2
left_child=2 4 3 -1 -2
right_child=1 -3 -4 -5 -6
leaf_value=0.0045126148986739277 0.017118582293597692 -0.002373900470828885 0.0083455471973146074 -0.0066464398227438493 0.001580892398838748
leaf_weight=6.088855490088469 4.2285096421837789 3.3017397373914719 3.0039229691028586 14.793421749025581 2.5269998162984848
leaf_count=49 22 23 20 135 15
internal_value=0.000920662 0.00709075 -0.00165028 -0.00328043 0.0119043
internal_weight=33.9434 10.0572 23.8862 20.8823 6.75551
internal_count=264 60 204 184 37
is_linear=0
shrinkage=0.01


Tree=184
num_leaves=6
num_cat=0
split_feature=17 17 26 19 8
split_gain=4.31014 4.4214 4.26353 3.84539 3.74219
threshold=0.45560029367808202 0.62069458790415222 23.004642857142802 65.58510210144776 0.10467343836479846
decision_type=2 2 2 2 2
left_child=2 -2 3 -1 -3
right_child=1 4 -4 -5 -6
leaf_value=-0.0048439499972592935 0.012419997980780919 0.0071460110655860703 0.010207005833849356 0.0083573348612153535 -0.0075289726837640229
leaf_weight=18.747662749141462 4.9702175632119161 3.283344604074955 2.280502811074256 2.122502125799655 3.0735906958580017
leaf_count=163 26 20 15 14 22
internal_value=0.000632069 0.00564739 -0.00177739 -0.0033075 0
internal_weight=34.4778 11.3272 23.1507 20.8702 6.35694
internal_count=260 68 192 177 42
is_linear=0
shrinkage=0.01


Tree=185
num_leaves=5
num_cat=0
split_feature=39 16 25 18
split_gain=4.25155 4.52918 4.30316 2.1883
threshold=0.74545416025848366 -0.12295783147074225 -0.08112971921480823 11.744499999999954
decision_type=2 2 2 2
left_child=1 3 -3 -1
right_child=-2 2 -4 -5
leaf_value=0.012544364246231517 0.014596100705799444 -0.0091694594829988835 0.00036611169631854451 0.0020946734347355575
leaf_weight=3.0866157934069616 1.919406622648238 6.0873753428459159 16.820301618427042 6.8436376079916954
leaf_count=16 13 61 132 45
internal_value=0.00118493 0.000215635 -0.00216742 0.00581086
internal_weight=34.7573 32.8379 22.9077 9.93025
internal_count=267 254 193 61
is_linear=0
shrinkage=0.01


Tree=186
num_leaves=5
num_cat=0
split_feature=9 37 37 9
split_gain=5.01449 5.06574 5.45838 4.49859
threshold=0.63488460132440194 0.70064713099527087 0.71621489498509139 0.54624595693548073
decision_type=2 2 2 2
left_child=1 3 -3 -1
right_child=-2 2 -4 -5
leaf_value=-0.0035113970944730781 -0.010516696308435059 0.017397282150447353 0.0014004553796709896 0.0094488448059413584
leaf_weight=18.390506811439998 3.9160447567701331 3.0697517842054349 6.8548570424318314 2.7795615047216407
leaf_count=161 32 22 41 15
internal_value=-0.000232954 0.00108659 0.00690927 -0.00160836
internal_weight=35.0107 31.0947 9.92461 21.1701
internal_count=271 239 63 176
is_linear=0
shrinkage=0.01


Tree=187
num_leaves=7
num_cat=0
split_feature=35 27 2 25 32 32
split_gain=4.38307 6.65948 5.50837 2.81191 2.02488 3.1224
threshold=0.46536398168755572 29.520370982823319 6.4310357142856649 -0.52459073725059102 0.22065167646482672 0.16453709406564435
decision_type=2 2 2 2 2 2
left_child=1 3 -3 -1 5 -2
right_child=4 2 -4 -5 -6 -7
leaf_value=0.0044176510655865465 -0.0054909558570575348 0.010838739685720949 -0.00082941293380319608 -0.0100689993923755 -0.0088941965562368188 0.006486745535604797
leaf_weight=1.4997521340847013 5.2989298999309522 10.230217017233374 6.0162378698587409 4.1002463698387173 4.9743259847164145 3.2058832794427872
leaf_count=10 35 72 45 49 43 20
internal_value=0.00038252 0.00318517 0.00646033 -0.00582295 -0.0039852 -0.000681639
internal_weight=35.3256 21.8465 16.2465 5.6 13.4791 8.50481
internal_count=274 176 117 59 98 55
is_linear=0
shrinkage=0.01


Tree=188
num_leaves=6
num_cat=0
split_feature=14 14 22 39 18
split_gain=3.70313 5.29906 6.69768 3.65029 0.89976
threshold=0.14389147438870606 0.022290829120042762 -0.022289296593717357 0.67337071916693125 12.085714285714241
decision_type=2 2 2 2 2
left_child=1 3 -3 -1 -2
right_child=4 2 -4 -5 -6
leaf_value=-0.0057252017729782822 -0.0010338682071539824 0.00026501851557602551 0.019458305197572249 0.0024343412969191347 -0.010834595732312529
leaf_weight=11.062069151550537 1.9685886129736889 5.1099376939237118 2.7327910810708991 9.9481931477785093 3.5729771107435226
leaf_count=93 17 38 15 83 29
internal_value=-0.00063305 0.000766445 0.00766901 -0.00178799 -0.00792725
internal_weight=34.3946 28.853 7.84273 21.0103 5.54157
internal_count=275 229 53 176 46
is_linear=0
shrinkage=0.01


Tree=189
num_leaves=7
num_cat=0
split_feature=33 28 39 19 27 10
split_gain=3.73481 6.31907 6.67381 3.44238 4.71245 0.677525
threshold=0.39016106289591107 0.9733393441856607 0.68876146581320741 49.537935320922003 57.805623733184497 9.0769285714286543
decision_type=2 2 2 2 2 2
left_child=1 2 -1 4 -2 -3
right_child=3 5 -4 -5 -6 -7
leaf_value=0.010173236455888459 -0.00366730934684905 -0.0012636716966750029 -0.0048833455652126231 -0.010641204125653359 0.011501356050031598 -0.0095419153125791863
leaf_weight=12.570998724550011 7.7017498686909658 2.9096878170967093 3.4186451062560073 3.7998205944895735 2.4489534720778465 2.2241265550255775
leaf_count=82 72 22 31 31 12 19
internal_value=0.000997458 0.00367071 0.00680066 -0.00290201 2.60079e-05 -0.00554693
internal_weight=35.074 21.1235 15.9896 13.9505 10.1507 5.13381
internal_count=269 154 113 115 84 41
is_linear=0
shrinkage=0.01


Tree=190
num_leaves=6
num_cat=0
split_feature=6 28 28 37 6
split_gain=4.11537 4.29428 4.93681 3.76944 0.904264
threshold=0.13115926766725244 -8.0184717549213911 -1.1892883335531221 0.70531710946088444 0.25957184201572275
decision_type=2 2 2 2 2
left_child=1 3 -3 -1 -2
right_child=4 2 -4 -5 -6
leaf_value=-0.007992726369504816 -0.0090180095822925653 0.010074595399248707 0 0.0070629237586456329 -0.00071838605624911886
leaf_weight=6.3250326700508612 4.867653250694274 8.0825759470462817 12.352691121399401 1.8296641334891317 2.5823349729180336
leaf_count=60 41 50 96 13 19
internal_value=-1.45762e-05 0.00166642 0.00415009 -0.00424739 -0.00653841
internal_weight=36.04 28.59 20.4353 8.1547 7.44999
internal_count=279 219 146 73 60
is_linear=0
shrinkage=0.01


Tree=191
num_leaves=7
num_cat=0
split_feature=6 14 1 27 35 36
split_gain=5.89418 4.01538 3.37238 3.93888 3.19892 2.21934
threshold=-0.2197639019884447 0.13144505808781456 -0.32779056619663421 45.220442558259727 0.46536398168755572 0.70182557227358999
decision_type=2 2 2 2 2 2
left_child=1 4 3 -2 -1 -4
right_child=2 -3 5 -5 -6 -7
leaf_value=0.014318163599343712 0.0073850318248533152 -0.004471011552299493 -0.010076783018063858 -0.0053007504061261968 0.00017942304995885068 -0.0018519045303689121
leaf_weight=4.4344800859689695 4.6700578853487968 2.5328251123428345 7.8936058022081852 4.4248227700591087 2.8716648891568184 6.9108905605971813
leaf_count=28 37 18 78 33 20 54
internal_value=-0.000839277 0.00549292 -0.00356456 0.00102811 0.00925017 -0.00648278
internal_weight=33.7383 9.83897 23.8994 9.09488 7.30614 14.8045
internal_count=268 66 202 70 48 132
is_linear=0
shrinkage=0.01


Tree=192
num_leaves=6
num_cat=0
split_feature=8 34 17 3 18
split_gain=4.21278 5.61156 3.20394 2.93262 1.37973
threshold=-0.016241116054352678 0.073277423518495574 -0.46880151715952251 58.899477411399786 15.09099999999996
decision_type=2 2 2 2 2
left_child=1 -1 -2 -4 -3
right_child=2 4 3 -5 -6
leaf_value=0.0081040653939111005 0.013164828201960266 -0.010608772101283 -0.0020958835239208435 0.0057911927532894193 -0.0027656665683711119
leaf_weight=2.5277698189020148 2.2948819100856808 6.2943349517881853 10.918885096907617 7.6357098743319503 5.1064074896275997
leaf_count=15 12 63 93 47 41
internal_value=-9.66065e-05 -0.004357 0.00267642 0.00108428 -0.00742774
internal_weight=34.778 13.9285 20.8495 18.5546 11.4007
internal_count=271 119 152 140 104
is_linear=0
shrinkage=0.01


Tree=193
num_leaves=7
num_cat=0
split_feature=6 33 24 25 20 28
split_gain=4.64281 5.00349 6.59081 4.54074 3.60743 2.62031
threshold=-0.1443578660586245 0.33761950841856864 0.030163949373110305 -0.46348873432785292 -13.541615331685987 -7.1869242577431569
decision_type=2 2 2 2 2 2
left_child=1 2 -1 -3 -2 -6
right_child=4 3 -4 -5 5 -7
leaf_value=0.00060042581426997461 0.0058093478122309104 0.0086919417898288082 0.020772815976974481 -0.007994269477266721 -0.010411783015794436 -0.0016090313096427658
leaf_weight=3.4316387400031072 4.0441641211509731 2.4193897694349289 3.2170607820153236 3.6848300695419312 4.7779228612780598 12.840932965278624
leaf_count=26 28 14 17 31 52 103
internal_value=0.000527226 0.00529236 0.0111244 -0.000971083 -0.0022209 -0.00424215
internal_weight=34.4159 12.7529 6.6487 6.10422 21.663 17.6189
internal_count=271 88 43 45 183 155
is_linear=0
shrinkage=0.01


Tree=194
num_leaves=7
num_cat=0
split_feature=19 38 38 14 35 28
split_gain=2.70093 4.05887 4.74693 3.33701 1.59391 1.31439
threshold=45.353489735385757 0.54998068170172709 0.70348777514908878 -0.17930017485122435 0.36757242014658875 -11.625112593814263
decision_type=2 2 2 2 2 2
left_child=3 -2 -3 4 -1 -5
right_child=1 2 -4 5 -6 -7
leaf_value=0.0077871315448504045 0.012251600433809753 -0.0031817564968241291 0.0097604979698946125 0 -0.0018406046813880565 -0.0077908540929226581
leaf_weight=3.1213189512491253 3.405032284557822 9.9133032262325269 3.6075136214494696 2.3426022455096254 2.7608728557825089 8.3673570379614794
leaf_count=24 17 76 22 19 19 83
internal_value=0.000122036 0.00296273 0.00026359 -0.00265855 0.0030747 -0.00598703
internal_weight=33.518 16.9258 13.5208 16.5922 5.88219 10.71
internal_count=260 115 98 145 43 102
is_linear=0
shrinkage=0.01


Tree=195
num_leaves=7
num_cat=0
split_feature=18 18 39 39 19 5
split_gain=5.74641 5.96238 5.27299 3.64644 4.21166 0.61552
threshold=11.285892857142798 14.215857142857205 0.66593557285431804 0.58795498891071662 45.238518994863647 -2.7282243568836231
decision_type=2 2 2 2 2 2
left_child=3 5 -3 -1 -5 -2
right_child=1 2 -4 4 -6 -7
leaf_value=-0.0023145834943298022 -0.0020071789197830515 0.0056974236309857134 -0.0049331801929524254 0.018334818730460348 1.0950652976275532e-05 -0.0096657091177106431
leaf_weight=2.1887490451335898 2.2645490095019341 11.329360485076906 7.3670587725937358 3.4370430335402489 2.222346730530262 7.2340882755816001
leaf_count=22 19 67 70 18 15 65
internal_value=0.000254513 -0.00180857 0.00139155 0.00770547 0.0118377 -0.00816132
internal_weight=36.0432 28.1951 18.6964 7.84814 5.65939 9.49864
internal_count=276 221 137 55 33 84
is_linear=0
shrinkage=0.01


Tree=196
num_leaves=6
num_cat=0
split_feature=18 12 6 34 33
split_gain=4.9434 4.88667 2.90004 2.87104 1.53831
threshold=11.285892857142798 -2.1852620393756292 -0.33060129585901882 0.95858122702580217 0.30628823941292743
decision_type=2 2 2 2 2
left_child=1 -1 -2 -4 -3
right_child=2 4 3 -5 -6
leaf_value=0.013191853009558135 0.0041028122099750946 -0.0068275199083040984 -0.0076203901858085919 0.00029563206864695763 0.0044359275163034272
leaf_weight=3.3645552918314934 3.087801210582259 2.6454044915735713 17.028232078999284 5.5512408614158621 1.5945578962564466
leaf_count=17 19 26 152 37 12
internal_value=-0.00219774 0.00463489 -0.00432924 -0.00560844 -0.00213783
internal_weight=33.2718 7.60452 25.6673 22.5795 4.23996
internal_count=263 55 208 189 38
is_linear=0
shrinkage=0.01


Tree=197
num_leaves=5
num_cat=0
split_feature=29 6 16 29
split_gain=5.02846 4.47023 4.06316 2.89006
threshold=-1.6355863770493153 -0.22602782547771608 0.032788135142840701 -1.145083629058899
decision_type=2 2 2 2
left_child=-1 3 -3 -2
right_child=1 2 -4 -5
leaf_value=-0.0092448235473726464 0.014485504752270372 -0.0054035423392573088 0.0032865333437341244 0.0013023805302061803
leaf_weight=5.8829609043896189 2.9660781472921371 12.079896140843632 8.9798897504806501 4.3025728315115002
leaf_count=53 18 114 61 27
internal_value=-0.00105043 0.000660478 -0.00161035 0.00730713
internal_weight=34.2114 28.3284 21.0598 7.26865
internal_count=273 220 175 45
is_linear=0
shrinkage=0.01


Tree=198
num_leaves=6
num_cat=0
split_feature=11 4 36 9 2
split_gain=4.96508 5.00392 3.3593 2.68639 1.28129
threshold=58.049284628974767 -1.0000000180025095e-35 0.67658806419163553 0.30198526022964806 3.5750714285712939
decision_type=2 2 2 2 2
left_child=1 2 -1 -2 -3
right_child=3 4 -4 -5 -6
leaf_value=-0.0050564349289458103 0.00025006041128570019 0 0.0042894616537940003 0.013301824879846691 -0.010596196594744907
leaf_weight=4.8446078896522549 2.956232786178588 1.8069126531481767 13.891976401209829 4.1584485769271851 4.9651351869106293
leaf_count=47 22 21 97 23 46
internal_value=0.00114685 -0.000866444 0.00172628 0.00837794 -0.00809162
internal_weight=32.6233 25.5086 18.7366 7.11468 6.77205
internal_count=256 211 144 45 67
is_linear=0
shrinkage=0.01


Tree=199
num_leaves=4
num_cat=0
split_feature=38 38 21
split_gain=5.38048 3.77705 4.60365
threshold=0.73327680832213959 0.70727398274179742 0.12566788182833966
decision_type=2 2 2
left_child=1 2 -1
right_child=-2 -3 -4
leaf_value=-0.0010807560035788145 -0.010065852795097094 0.011375393867881447 0.0090649728079524993
leaf_weight=21.791362099349506 3.6125744953751555 3.7621167153120032 5.2550269588828078
leaf_count=175 39 24 29
internal_value=0.00090163 0.00233663 0.000895211
internal_weight=34.4211 30.8085 27.0464
internal_count=267 228 204
is_linear=0
shrinkage=0.01


Tree=200
num_leaves=4
num_cat=0
split_feature=30 30 30
split_gain=4.83524 3.7291 4.31585
threshold=0.058911269275922926 -0.059058483961243816 -0.38284447840503616
decision_type=2 2 2
left_child=1 2 -1
right_child=-2 -3 -4
leaf_value=-0.0095769789695396325 0.011395037995872213 -0.0081341185563289075 0.0034945574616230702
leaf_weight=2.48207510262728 4.6098506897687903 3.8538339883089092 22.964652590453625
leaf_count=23 29 41 166
internal_value=0.00218693 0.000569854 0.00204514
internal_weight=33.9104 29.3006 25.4467
internal_count=259 230 189
is_linear=0
shrinkage=0.01


Tree=201
num_leaves=7
num_cat=0
split_feature=27 14 33 28 39 39
split_gain=3.64165 6.24869 3.47526 3.90901 3.14889 2.40496
threshold=57.356365446172241 0.14389147438870606 0.39016106289591107 -0.6635397310637926 0.73115628337415883 0.65970241424661502
decision_type=2 2 2 2 2 2
left_child=2 5 3 -1 -4 -2
right_child=1 -3 4 -5 -6 -7
leaf_value=0.005326815687861767 0.0037167008640483631 -0.0061843930178851819 -0.0081553646207911841 -0.0056826748135096507 0.0048642818746234074 0.016718525871255756
leaf_weight=12.026118755340574 3.2093824818730337 2.3659516349434853 7.431556433439253 3.946991682052615 2.0176919475197792 3.8704956620931625
leaf_count=79 19 19 78 41 15 20
internal_value=0.00159307 0.00680092 -0.00032093 0.00242883 -0.00510601 0.0114864
internal_weight=34.8682 9.44583 25.4224 15.9731 9.44925 7.07988
internal_count=271 58 213 120 93 39
is_linear=0
shrinkage=0.01


Tree=202
num_leaves=6
num_cat=0
split_feature=27 14 27 26 4
split_gain=3.41527 3.81991 3.02859 2.16482 1.12248
threshold=29.520370982823319 0.12318959805106096 40.023979494871611 19.441142857142953 -5.9150294371456758
decision_type=2 2 2 2 2
left_child=4 2 -2 -3 -1
right_child=1 3 -4 -5 -6
leaf_value=0 -0.0019817298406360631 0.0013534506074118211 0.0054389674878229637 -0.010577245551334345 -0.0099859871231886711
leaf_weight=1.6534544751048086 7.7152221985161367 1.9781837463378895 15.642565175890921 3.5253871753811836 3.9352640248835078
leaf_count=12 63 15 103 31 47
internal_value=-0.00026716 0.00107843 0.00290928 -0.00609601 -0.00725663
internal_weight=34.4501 28.8614 23.3578 5.50357 5.58872
internal_count=271 212 166 46 59
is_linear=0
shrinkage=0.01


Tree=203
num_leaves=4
num_cat=0
split_feature=21 39 3
split_gain=3.89272 4.67359 2.89704
threshold=0.76308606822665925 0.74545416025848366 38.046119451634169
decision_type=2 2 2
left_child=1 2 -1
right_child=-2 -3 -4
leaf_value=0.001574129289677897 0.0090666359583604136 0.0138788811699544 -0.0046780136514650694
leaf_weight=11.816877048462635 3.9915123283863059 1.6299114078283299 17.614373113960028
leaf_count=94 21 11 151
internal_value=8.38534e-05 -0.00108239 -0.00210991
internal_weight=35.0527 31.0612 29.4313
internal_count=277 256 245
is_linear=0
shrinkage=0.01


Tree=204
num_leaves=6
num_cat=0
split_feature=27 18 18 8 11
split_gain=4.37314 4.76126 6.6522 3.53195 0.921314
threshold=28.991651307596211 14.215857142857205 11.285892857142798 0.083301449337967778 28.17399922758673
decision_type=2 2 2 2 2
left_child=4 2 -2 -3 -1
right_child=1 3 -4 -5 -6
leaf_value=0 0.0060603615667261688 0.0097459351121039414 -0.0072284648018307767 -0.0011547674315093789 -0.0098124855976050966
leaf_weight=1.8506137393414963 6.8426967859268206 11.433242492377756 7.5897227562963963 3.4829342961311331 3.0757189728319645
leaf_count=21 41 74 70 22 34
internal_value=0.00165875 0.00317856 -0.000797103 0.00709659 -0.00667553
internal_weight=34.2749 29.3486 14.4324 14.9162 4.92633
internal_count=262 207 111 96 55
is_linear=0
shrinkage=0.01


Tree=205
num_leaves=6
num_cat=0
split_feature=30 38 34 5 0
split_gain=4.21423 4.77383 3.81635 4.05897 2.42626
threshold=0.058911269275922926 0.70657264340667159 0.62264197682743305 -1.2904595846897027 -0.030874383542707471
decision_type=2 2 2 2 2
left_child=2 -2 3 -1 -4
right_child=1 -3 4 -5 -6
leaf_value=-0.0098457081369357075 -0.001882382018045236 0.017143177352522642 -0.0044037181310578452 0 0.0049421167781597362
leaf_weight=8.7312272191047686 2.2163595706224433 2.3183609321713448 3.5995297729969016 7.671937711536887 8.4731731191277486
leaf_count=90 17 13 25 63 58
internal_value=-0.000667257 0.0078909 -0.00216768 -0.00530215 0.00195476
internal_weight=33.0106 4.53472 28.4759 16.4032 12.0727
internal_count=266 30 236 153 83
is_linear=0
shrinkage=0.01


Tree=206
num_leaves=6
num_cat=0
split_feature=36 33 33 17 25
split_gain=3.85496 5.40996 5.74527 3.71981 0.266518
threshold=0.6619770424382313 0.72145671913532206 0.33062958608195808 0.51879616489042812 -0.66648009302648914
decision_type=2 2 2 2 2
left_child=3 2 -2 4 -1
right_child=1 -3 -4 -5 -6
leaf_value=-0.0021256069573449606 0.0043001001911236085 0.013355246239161612 -0.0060967521835372778 0.0054405934001716862 -0.010465906186414011
leaf_weight=1.3035666197538374 13.486489258706575 3.4279420562088481 8.3251594938337785 1.9243201464414594 5.0643041022121889
leaf_count=12 94 22 65 11 58
internal_value=0.000207975 0.00221168 0.000212459 -0.00552237 -0.00923096
internal_weight=33.5318 25.2396 21.8116 8.29219 6.36787
internal_count=262 181 159 81 70
is_linear=0
shrinkage=0.01


Tree=207
num_leaves=8
num_cat=0
split_feature=8 9 6 37 30 1 34
split_gain=3.48326 4.50298 4.10915 3.65375 3.36764 2.03938 1.92993
threshold=-0.016241116054352678 0.63488460132440194 -0.22602782547771608 0.65183494075458281 -0.11613885659403995 0.70914376321337191 0.090992392389565468
decision_type=2 2 2 2 2 2 2
left_child=2 4 3 -1 -2 -3 -4
right_child=1 5 6 -5 -6 -7 -8
leaf_value=0.011519786568773878 0.0086426268361842317 -0.01006262510320533 0.00083762019306961961 -0.0049070737222336744 -0.00020485187074326073 0.0022223420627370065 -0.0093329921227692219
leaf_weight=2.7349925413727751 12.531492203474047 2.7519913204014292 2.0017323493957502 2.0064982995390892 5.8006944134831455 1.8725793063640592 6.7782851532101631
leaf_count=14 77 22 16 18 49 14 71
internal_value=0.00112229 0.00351576 -0.00278474 0.00429324 0.00577753 -0.00484973 -0.00684289
internal_weight=36.4783 22.9568 13.5215 4.74149 18.3322 4.62457 8.78002
internal_count=281 162 119 32 126 36 87
is_linear=0
shrinkage=0.01


Tree=208
num_leaves=8
num_cat=0
split_feature=38 38 19 38 14 10 18
split_gain=6.86402 5.97909 3.58887 3.83027 2.59489 2.45357 1.6018
threshold=0.59543619065727926 0.53906868917558659 36.577359327561048 0.67591968001181524 0.05956297709183421 7.3222857142856954 14.926285714285802
decision_type=2 2 2 2 2 2 2
left_child=1 6 3 -2 -3 -4 -1
right_child=2 4 5 -5 -6 -7 -8
leaf_value=-0.0086893795871843104 0.012549269649686381 0.019468093375429818 0.0026581458966617321 -0.0014662325025644413 0.0059968086172137482 -0.0077471290706135256 0.0028940176643008669
leaf_weight=1.9026927240192875 2.3250038325786608 2.9389194250106812 2.3494211435317984 6.7322350516915321 4.4257872402667999 10.974889744073151 2.0261133015155792
leaf_count=25 12 16 16 62 28 97 10
internal_value=0.000686166 0.00698555 -0.00245462 0.00220482 0.0121851 -0.00574748 -0.00246127
internal_weight=33.6751 11.2935 22.3815 9.05724 7.36471 13.3243 3.92881
internal_count=266 79 187 74 44 113 35
is_linear=0
shrinkage=0.01


Tree=209
num_leaves=5
num_cat=0
split_feature=27 8 14 25
split_gain=4.62105 4.40646 5.48935 0.119829
threshold=28.991651307596211 0.13308116576951706 0.14389147438870606 -0.35880680732961362
decision_type=2 2 2 2
left_child=3 2 -2 -1
right_child=1 -3 -4 -5
leaf_value=-0.0021555662120449912 0.0054427068657307851 -0.010024828494193503 -0.0059115302685232678 -0.0098224231742881293
leaf_weight=1.2224762290716169 22.064590431749828 2.39088200777769 4.8422222733497611 3.3545268587768069
leaf_count=11 154 17 39 41
internal_value=0.00050247 0.00203901 0.0032832 -0.00844332
internal_weight=33.8747 29.2977 26.9068 4.577
internal_count=262 210 193 52
is_linear=0
shrinkage=0.01


Tree=210
num_leaves=8
num_cat=0
split_feature=6 37 32 30 37 37 36
split_gain=4.67775 3.38341 3.48257 2.65246 3.65668 1.95165 0.883375
threshold=-0.064140469239544473 0.61665760000633185 0.1829928113271084 -0.28780561078309735 0.66092293599075003 0.7031656972438175 0.70182557227358999
decision_type=2 2 2 2 2 2 2
left_child=1 6 -3 4 -2 -5 -1
right_child=3 2 -4 5 -6 -7 -8
leaf_value=-0.0097498900835489219 0.0067343851920684166 0.011839049859100908 0.0013338982282516281 -0.010759675414848742 -0.0092096847417273316 -0.0012866113188536614 0
leaf_weight=1.8687264844775229 3.6672617867589024 4.6334011554718009 10.517241235822437 6.5098599493503553 1.9255484044551847 4.0970071852207184 1.5857092328369615
leaf_count=18 23 24 82 68 18 26 15
internal_value=-0.000595505 0.0027402 0.00484354 -0.00452789 0.000716207 -0.00742002 -0.00560198
internal_weight=34.8048 18.6051 15.1506 16.1997 5.59281 10.6069 3.45444
internal_count=274 139 106 135 41 94 33
is_linear=0
shrinkage=0.01


Tree=211
num_leaves=4
num_cat=0
split_feature=27 20 5
split_gain=3.68409 3.01883 3.70097
threshold=28.991651307596211 -12.952138622792061 -1.6152138138029184
decision_type=2 2 2
left_child=-1 -2 -3
right_child=1 2 -4
leaf_value=-0.0084567767720705855 0.01162638566873459 -0.0035894574421507109 0.0037181999546435206
leaf_weight=4.4961642101407042 2.1416719704866436 13.742775302380325 13.382943049073218
leaf_count=49 13 114 85
internal_value=-0.000284829 0.000976001 0
internal_weight=33.7636 29.2674 27.1257
internal_count=261 212 199
is_linear=0
shrinkage=0.01


Tree=212
num_leaves=6
num_cat=0
split_feature=16 33 6 32 6
split_gain=3.69588 3.82299 2.87489 2.87058 1.83323
threshold=-0.19609824603463813 0.72145671913532206 -0.015929827967215798 0.3808027421264793 -0.054480407207725672
decision_type=2 2 2 2 2
left_child=4 2 -2 -3 -1
right_child=1 3 -4 -5 -6
leaf_value=0.011467379365070751 -0.00097010929936860546 0.011306868100612207 -0.0082479097977035138 -0.0036387973607326053 0
leaf_weight=2.8623812571167946 14.054506946355106 2.9180930256843558 9.4856307990849036 1.683165408670902 2.8667419329285613
leaf_count=15 102 19 93 20 20
internal_value=-0.000820104 -0.00237211 -0.00405352 0.00554352 0.00621033
internal_weight=33.8705 28.1414 23.5401 4.60126 5.72912
internal_count=269 234 195 39 35
is_linear=0
shrinkage=0.01


Tree=213
num_leaves=5
num_cat=0
split_feature=21 6 25 6
split_gain=2.42129 3.35995 2.9754 2.45191
threshold=0.64884000261154429 -0.2197639019884447 0.56327083623424656 -0.24398723882177673
decision_type=2 2 2 2
left_child=1 3 -3 -1
right_child=-2 2 -4 -5
leaf_value=-0.00030032480687626072 0.0067218409112701537 -0.0059855408195859288 0.0025177605946318394 0.0099571576850762886
leaf_weight=6.1864987164735794 3.495316006243228 16.300294686108831 4.9032080769538871 3.1173378750681895
leaf_count=44 18 151 32 18
internal_value=-0.000719212 -0.00169383 -0.00391849 0.00313197
internal_weight=34.0027 30.5073 21.2035 9.30384
internal_count=263 245 183 62
is_linear=0
shrinkage=0.01


Tree=214
num_leaves=6
num_cat=0
split_feature=3 4 27 35 16
split_gain=4.00627 4.39487 4.82079 4.11745 4.30895
threshold=62.280630429146775 -5.4062404392120689 63.807070393242171 0.20786600492980428 0.14376134160977863
decision_type=2 2 2 2 2
left_child=1 -1 -3 -2 -5
right_child=3 2 -4 4 -6
leaf_value=0.0075223012942579786 -0.0033485557116972632 -0.0048077640264103765 0.0074612772950494715 0.018884761936024157 0.00096084288161847186
leaf_weight=4.5430293083190945 2.4046256840229017 20.168791528791193 3.412102907896041 3.0500337705016136 2.7093649059534073
leaf_count=29 18 185 20 16 17
internal_value=0.000678315 -0.00106535 -0.00287728 0.00674614 0.011248
internal_weight=36.2879 28.1239 23.5809 8.16402 5.7594
internal_count=285 234 205 51 33
is_linear=0
shrinkage=0.01


Tree=215
num_leaves=6
num_cat=0
split_feature=14 32 17 18 6
split_gain=3.28209 3.79192 7.49023 4.06652 1.57041
threshold=0.12318959805106096 0.27909994017534545 0.66273572427943128 12.019892857142915 -0.075630584541078114
decision_type=2 2 2 2 2
left_child=1 2 -1 -3 -2
right_child=4 3 -4 -5 -6
leaf_value=0.0078165699706757991 0 0.0080609264954341255 -0.010133836589546297 -0.0053239821676837572 -0.010192122206415568
leaf_weight=14.914769154042011 2.2813152298331261 2.6067927330732337 2.3894748389720908 9.2693772353231889 3.2773416936397544
leaf_count=104 16 18 17 87 30
internal_value=0.000704965 0.00210841 0.00509381 -0.00209555 -0.00605182
internal_weight=34.7391 29.1804 17.3042 11.8762 5.55866
internal_count=272 226 121 105 46
is_linear=0
shrinkage=0.01


Tree=216
num_leaves=5
num_cat=0
split_feature=27 5 3 3
split_gain=2.8585 2.77313 5.68224 3.61082
threshold=20.51947648628347 -1.4552447661614065 43.876467544424877 62.280630429146775
decision_type=2 2 2 2
left_child=-1 3 -3 -2
right_child=1 2 -4 -5
leaf_value=-0.0068177420061236657 -0.0023535335392521743 0.011592644717783764 -0.00087129918006849415 0.0072949300870671519
leaf_weight=2.8663460277020922 13.192863877862694 8.1425352469086629 5.8920107483863822 5.1140390262007704
leaf_count=35 115 47 41 33
internal_value=0.00210174 0.00300892 0.00631176 0.000308441
internal_weight=35.2078 32.3414 14.0345 18.3069
internal_count=271 236 88 148
is_linear=0
shrinkage=0.01


Tree=217
num_leaves=7
num_cat=0
split_feature=4 17 17 34 9 25
split_gain=3.08093 3.88803 5.31999 3.8214 4.72831 1.28646
threshold=-1.1061528601603638 -0.64322673650820272 0.48402559280376239 0.5503749273328632 -0.16656896616834063 0.51879616489042812
decision_type=2 2 2 2 2 2
left_child=1 -1 -3 5 -5 -2
right_child=3 2 -4 4 -6 -7
leaf_value=0.010522935636157041 -0.010624439116860241 -0.0039472253020435546 0.0099322180077425735 -0.0074498336041329714 0.0068119784094228643 -0.0012326723612480423
leaf_weight=4.3280640542507198 5.7393318973481673 9.7197985462844354 3.5103235542774192 3.473041757941246 5.6150413379073125 2.7188407927751541
leaf_count=28 64 78 20 33 32 18
internal_value=-0.000245895 0.00263159 0 -0.00323324 0.00108484 -0.00797949
internal_weight=35.1044 17.5582 13.2301 17.5463 9.08808 8.45817
internal_count=273 126 98 147 65 82
is_linear=0
shrinkage=0.01


Tree=218
num_leaves=6
num_cat=0
split_feature=8 8 14 14 20
split_gain=4.17338 4.98954 3.01496 6.02546 2.52758
threshold=-0.016241116054352678 -0.18579798878330792 0.14389147438870606 0.022290829120042762 1.1518634028111594
decision_type=2 2 2 2 2
left_child=1 -1 3 -2 -3
right_child=2 4 -4 -5 -6
leaf_value=0.008546491076106652 0.0016506503452266648 -0.0093565794088260931 -0.0042418785018337422 0.013675851746100729 1.4440295825680728e-05
leaf_weight=2.8735015243291846 12.100325550884014 6.5020901337265951 2.8386305570602408 6.541114665567874 4.2615472227334976
leaf_count=17 98 67 22 36 33
internal_value=0.00187075 -0.00232875 0.00462409 0.00612555 -0.00556584
internal_weight=35.1172 13.6371 21.4801 18.6414 10.7636
internal_count=273 117 156 134 100
is_linear=0
shrinkage=0.01


Tree=219
num_leaves=4
num_cat=0
split_feature=30 30 4
split_gain=3.1883 5.7535 3.78212
threshold=-0.38284447840503616 -0.34534707097230605 4.1182754499704979
decision_type=2 2 2
left_child=-1 -2 -3
right_child=1 2 -4
leaf_value=-0.0094398327477671629 0.013006850468819086 -0.00078151463442941685 0.012531213880406422
leaf_weight=2.370402827858924 3.761604316532611 26.605674564838413 2.0116333588957778
leaf_count=23 23 213 12
internal_value=0.000957534 0.00185958 0.000205427
internal_weight=34.7493 32.3789 28.6173
internal_count=271 248 225
is_linear=0
shrinkage=0.01


Tree=220
num_leaves=4
num_cat=0
split_feature=29 19 5
split_gain=4.78123 4.97316 3.32
threshold=-2.0506624864696086 65.58510210144776 -1.9458006629118236
decision_type=2 2 2
left_child=-1 2 -2
right_child=1 -3 -4
leaf_value=0.014323187778916745 -0.0079112023907091135 0.0089676530594852352 -0.00080421645634584334
leaf_weight=1.5550548061728466 10.518314976245163 3.2468791976571074 18.853004600852731
leaf_count=9 98 19 147
internal_value=-0.00117806 -0.00210163 -0.003471
internal_weight=34.1733 32.6182 29.3713
internal_count=273 264 245
is_linear=0
shrinkage=0.01


Tree=221
num_leaves=4
num_cat=0
split_feature=29 4 27
split_gain=3.31878 2.7655 2.69702
threshold=-2.0506624864696086 -5.6006274582014148 30.296373001477154
decision_type=2 2 2
left_child=-1 -2 -3
right_child=1 2 -4
leaf_value=0.01182915346050847 0.0058195735336827193 -0.0098939933123283162 -0.0010943785455834398
leaf_weight=1.7388089597225178 4.316259153187274 3.9274267777800587 25.306218087673187
leaf_count=10 27 51 193
internal_value=-0.000473942 -0.00126985 -0.00243279
internal_weight=35.2887 33.5499 29.2336
internal_count=281 271 244
is_linear=0
shrinkage=0.01


Tree=222
num_leaves=5
num_cat=0
split_feature=21 18 0 18
split_gain=6.04825 3.3987 4.19575 2.7884
threshold=0.76308606822665925 11.285892857142798 -0.0039986134909476773 14.215857142857205
decision_type=2 2 2 2
left_child=1 2 -1 -3
right_child=-2 3 -4 -5
leaf_value=0.01403012560182914 0.013543853529210175 -0.007130242573816184 -0.00021927420116010861 3.1302853668610249e-07
leaf_weight=2.9557766988873482 3.1772606372833243 7.5678981319069889 4.9107219278812435 16.282671213150024
leaf_count=16 15 72 43 122
internal_value=0.00100974 -0.000298542 0.00520864 -0.0022399
internal_weight=34.8943 31.7171 7.8665 23.8506
internal_count=268 253 59 194
is_linear=0
shrinkage=0.01


Tree=223
num_leaves=5
num_cat=0
split_feature=9 17 19 17
split_gain=2.7789 7.88925 3.94585 3.85194
threshold=0.65684295447754282 0.46744266906703641 50.457912176496059 -0.52765479724350917
decision_type=2 2 2 2
left_child=1 3 -3 -1
right_child=-2 2 -4 -5
leaf_value=0.0014038213661970024 -0.0083141122981609129 0.015313246531689416 0.0004708830830282921 -0.0065866319887964023
leaf_weight=11.245452996343376 3.9787316694855681 4.0643185600638381 3.5627209097146988 11.765489891171457
leaf_count=80 32 21 22 118
internal_value=-0.000749964 0.000238787 0.00891263 -0.00262809
internal_weight=34.6167 30.638 7.62704 23.0109
internal_count=273 241 43 198
is_linear=0
shrinkage=0.01


Tree=224
num_leaves=7
num_cat=0
split_feature=4 33 34 0 27 0
split_gain=3.26499 2.79334 4.05188 2.20363 4.52137 3.61345
threshold=-0.082232026631118046 0.35069904795596057 0.5503749273328632 -0.0059960204963212848 49.328202214394828 -0.018006429771839014
decision_type=2 2 2 2 2 2
left_child=3 2 -2 5 -5 -1
right_child=1 -3 -4 4 -6 -7
leaf_value=0.00042899207861804713 -0.0050858344593184687 -0.010688446180752667 0.010789865357894805 -0.0067908113183541945 0.0066263697031555728 0.012840321108690966
leaf_weight=7.4570650272071362 5.7422668337821943 4.624467596411705 1.8687649145722387 6.2879506200551987 3.6749233230948448 3.4016072936356068
leaf_count=53 50 40 12 57 23 19
internal_value=-0.000704645 -0.00478355 -0.000673653 0.00163148 -0.00159782 0.0047369
internal_weight=33.057 12.2355 7.61103 20.8215 9.96287 10.8587
internal_count=254 102 62 152 80 72
is_linear=0
shrinkage=0.01


Tree=225
num_leaves=7
num_cat=0
split_feature=6 37 8 33 13 9
split_gain=4.03059 4.1556 5.02664 3.85275 2.99557 1.75101
threshold=-0.2197639019884447 0.70237952583089325 -0.024637225759431152 0.35069904795596057 -0.71439705665894115 -0.17440716018734284
decision_type=2 2 2 2 2 2
left_child=3 2 -2 -1 -3 -5
right_child=1 4 -4 5 -6 -7
leaf_value=0.012243366070801533 -0.010676403384259401 -0.00039550409855865692 0 0.0049250998474160155 0.011795992896911543 -0.00685922410721603
leaf_weight=4.7462764456868154 6.5871067754924324 4.1141232401132584 12.338870022445919 2.4309214949607849 3.1356938034296027 2.0145241171121597
leaf_count=29 70 32 100 16 16 14
internal_value=0.000629677 -0.00131813 -0.00383233 0.00625362 0.00487186 -8.97236e-05
internal_weight=35.3675 26.1758 18.926 9.19172 7.24982 4.44545
internal_count=277 218 170 59 48 30
is_linear=0
shrinkage=0.01


Tree=226
num_leaves=6
num_cat=0
split_feature=36 34 14 34 14
split_gain=2.42987 4.07875 4.05747 1.99245 0.100322
threshold=0.6619770424382313 0.068174317289044439 0.12318959805106096 0.42420453165320432 -1.0000000180025095e-35
decision_type=2 2 2 2 2
left_child=3 -2 -3 4 -1
right_child=1 2 -4 -5 -6
leaf_value=-0.010520086989948982 0.010172005632757752 0.0015860749502196985 -0.0089233335441508133 0.00077352924482380556 -0.0032766338269424188
leaf_weight=3.3199883699417114 3.8981061428785351 17.079798687249426 4.3259745463728896 2.9535568431019783 1.594126522541045
leaf_count=30 22 126 38 27 23
internal_value=-0.00032214 0.00113224 -0.000539647 -0.00511434 -0.00887762
internal_weight=33.1716 25.3039 21.4058 7.86767 4.91411
internal_count=266 186 164 80 53
is_linear=0
shrinkage=0.01


Tree=227
num_leaves=7
num_cat=0
split_feature=8 27 4 9 9 6
split_gain=4.50492 3.78272 5.77796 3.12431 4.04266 2.09344
threshold=-0.01747682684815147 43.776662500484065 -4.2800172375418688 -0.50257552080665557 -0.74257057116941916 0.13115926766725244
decision_type=2 2 2 2 2 2
left_child=3 2 -2 4 -1 -3
right_child=1 5 -4 -5 -6 -7
leaf_value=-0.0078734539864478044 0.011064283405326341 0.0097327769826401275 -0.0061717055087994509 -0.010404033917837723 0.0051771018280364458 0
leaf_weight=3.6213780604302874 2.4596997201442701 9.787498511373995 6.1575219146907365 3.846577536314725 5.7134391814470282 3.3492177054285994
leaf_count=33 13 56 66 41 42 22
internal_value=0.00130351 0.00411779 -0.000820864 -0.00318096 0 0.00745221
internal_weight=34.9353 21.7539 8.61722 13.1814 9.33482 13.1367
internal_count=273 157 79 116 75 78
is_linear=0
shrinkage=0.01


Tree=228
num_leaves=5
num_cat=0
split_feature=21 21 9 1
split_gain=3.81853 4.08966 5.44319 5.17313
threshold=0.76308606822665925 -1.444776063238002 0.57872010479218827 -0.1776314389102229
decision_type=2 2 2 2
left_child=1 2 -1 -3
right_child=-2 3 -4 -5
leaf_value=-0.00091998302844469254 0.0083043203799026948 0.0013284745462362852 0.015702354851288524 -0.0083779026667400308
leaf_weight=6.2656682543456572 4.0515669509768477 9.251905735582115 2.433411993086338 11.966288905590771
leaf_count=56 21 67 14 112
internal_value=-0.000381069 -0.00169425 0.00387603 -0.00409311
internal_weight=33.9688 29.9173 8.69908 21.2182
internal_count=270 249 70 179
is_linear=0
shrinkage=0.01


Tree=229
num_leaves=5
num_cat=0
split_feature=38 14 27 29
split_gain=3.07144 2.86572 3.56674 0.945224
threshold=0.53906868917558659 0.17011471894402119 29.520370982823319 -0.56692574993090705
decision_type=2 2 2 2
left_child=-1 2 -2 -3
right_child=1 3 -4 -5
leaf_value=-0.0081688583338633009 -0.0057635514937535524 -0.0095612265220169981 0.0041424003871732553 0
leaf_weight=3.2989748343825331 3.8341362923383739 2.4219179823994641 24.658672075718641 1.4882701858878125
leaf_count=35 38 23 171 11
internal_value=0.00051868 0.00153114 0.00269378 -0.006054
internal_weight=35.702 32.403 28.4928 3.91019
internal_count=278 243 209 34
is_linear=0
shrinkage=0.01


Tree=230
num_leaves=8
num_cat=0
split_feature=8 8 28 39 22 39 24
split_gain=3.13753 4.91663 3.27601 3.73214 2.50171 2.17264 0.265824
threshold=-0.016241116054352678 -0.10308498513132101 -0.60043061158285116 0.68005032438781543 -0.043481663719898089 0.6867546003032311 0.051851015498345941
decision_type=2 2 2 2 2 2 2
left_child=1 5 3 -2 -4 -1 -3
right_child=2 6 4 -5 -6 -7 -8
leaf_value=-0.0013459613486715577 0.0099987474756485367 -0.010430931979956599 0.0074778890869570793 -0.00016914454435255758 -0.0055248750441447766 0.0093878263274830027 -0.0019069243729756852
leaf_weight=3.7549254596233368 9.9853488504886609 4.2980637215077859 1.7125758230686186 4.9617652781307688 4.808605536818507 2.9327124580740929 1.2401813939213751
leaf_count=29 59 49 12 43 42 23 12
internal_value=0.00166991 -0.00223607 0.00398635 0.00655538 -0.00163822 0.00327584 -0.00906079
internal_weight=33.6942 12.2259 21.4683 14.9471 6.52118 6.68764 5.53825
internal_count=269 113 156 102 54 52 61
is_linear=0
shrinkage=0.01


Tree=231
num_leaves=6
num_cat=0
split_feature=8 17 27 0 17
split_gain=3.61363 5.44885 3.77801 2.54374 3.20162
threshold=-0.014382937298113617 -0.49088415713137828 49.328202214394828 -0.0070778658878932763 -0.52765479724350917
decision_type=2 2 2 2 2
left_child=3 -2 -3 4 -1
right_child=1 2 -4 -5 -6
leaf_value=0.0043274641767377595 0.016862230794368837 -0.0023246959462458194 0.006206877824418101 -0.0098838944891904822 -0.0075546316059807933
leaf_weight=5.8362804427742949 2.494383096694949 10.303552411496641 9.5519797354936582 3.4136192128062239 3.2962815202772608
leaf_count=40 11 91 55 38 32
internal_value=0.00125868 0.00369183 0.00171169 -0.00290507 0
internal_weight=34.8961 22.3499 19.8555 12.5462 9.13256
internal_count=267 157 146 110 72
is_linear=0
shrinkage=0.01


Tree=232
num_leaves=5
num_cat=0
split_feature=8 16 16 3
split_gain=2.85661 6.30555 3.66352 2.58235
threshold=0.13308116576951706 0.030459798208810968 -0.1814682822716622 49.272645767133959
decision_type=2 2 2 2
left_child=1 2 -1 -3
right_child=-2 3 -4 -5
leaf_value=0.0042882769652275296 -0.0080241444053259659 0.0014371012038750606 -0.0048607201744062887 0.012651063745462559
leaf_weight=6.1594577692449155 3.1857858449220648 4.0965983606874925 12.593111224472525 5.2597277835011482
leaf_count=37 22 33 125 30
internal_value=0.000434077 0.00153772 -0.00173047 0.00814542
internal_weight=31.2947 28.1089 18.7526 9.35633
internal_count=247 225 162 63
is_linear=0
shrinkage=0.01


Tree=233
num_leaves=8
num_cat=0
split_feature=16 17 17 17 5 3 28
split_gain=2.88253 4.7498 4.02689 3.95153 4.6437 3.15595 3.12395
threshold=0.030459798208810968 -0.52765479724350917 -0.66208292489718068 0.63681629046828381 -1.4552447661614065 64.31692459746094 -1.3375019042414349
decision_type=2 2 2 2 2 2 2
left_child=1 2 -1 4 -2 -3 -5
right_child=3 5 -4 6 -6 -7 -8
leaf_value=-0.0019455098667354024 0.0019676321204460949 -0.0087765295771671109 0.0094912810394404048 0.0038673435820365059 0.017488128610348732 0.0056321342505151004 -0.010299380359911349
leaf_weight=6.6822102069854736 5.0461207926273337 8.4128289632499236 4.9866362288594228 3.4695323407649994 3.320122428238391 1.4481957033276547 2.2646401599049559
leaf_count=55 36 93 26 24 16 12 15
internal_value=0.000945244 -0.00128399 0.00289025 0.00444378 0.00874985 -0.00635982 -0.00163007
internal_weight=35.6303 21.5299 11.6688 14.1004 8.36624 9.86102 5.73417
internal_count=277 186 81 91 52 105 39
is_linear=0
shrinkage=0.01


Tree=234
num_leaves=5
num_cat=0
split_feature=16 1 32 37
split_gain=4.70163 5.23172 5.91676 1.4494
threshold=-0.19327909308935973 -0.66204277466099781 0.14914301492018886 0.65013106195397674
decision_type=2 2 2 2
left_child=3 -2 -3 -1
right_child=1 2 -4 -5
leaf_value=0.0034239093222759448 -0.0106120958276957 -0.0060786707016893173 0.0044834584256958441 0.01471214934285337
leaf_weight=3.1137025803327552 3.7504179850220707 6.879553101956847 19.271652493625879 2.7918017208576202
leaf_count=18 34 62 149 14
internal_value=0.00161459 0 0.00159186 0.00953593
internal_weight=35.8071 29.9016 26.1512 5.9055
internal_count=277 245 211 32
is_linear=0
shrinkage=0.01


Tree=235
num_leaves=6
num_cat=0
split_feature=36 1 1 35 4
split_gain=2.49366 2.88838 5.5594 2.78212 1.28923
threshold=0.72172163093573272 -0.32779056619663421 -0.66204277466099781 0.32044498206158395 2.5957026971614146
decision_type=2 2 2 2 2
left_child=1 2 -1 -3 -2
right_child=4 3 -4 -5 -6
leaf_value=-0.0031433423199578835 -0.010061686309490326 -0.0055214855860864697 0.010611098898007858 0.0019901195588281832 0
leaf_weight=4.5326618440449238 3.122750759124755 8.4495187662541884 6.781858757138254 10.564158737659453 2.3714695051312447
leaf_count=36 29 91 39 71 16
internal_value=-6.20349e-05 0.00102083 0.00498993 -0.00127834 -0.00612802
internal_weight=35.8224 30.3282 11.3145 19.0137 5.49422
internal_count=282 237 75 162 45
is_linear=0
shrinkage=0.01


Tree=236
num_leaves=5
num_cat=0
split_feature=31 30 3 35
split_gain=3.47089 3.67488 4.30841 1.7712
threshold=1.0214232066695024 0.072744657767517387 30.980628806065372 0.27226593034309121
decision_type=2 2 2 2
left_child=1 2 -1 -3
right_child=-2 3 -4 -5
leaf_value=0.0055056480472549319 0.012849656141141259 0.012513383277603264 -0.0035725623022797399 0
leaf_weight=6.3759421072900322 1.915648080408572 2.7793738767504683 22.492853302508593 2.2221827283501625
leaf_count=49 10 18 189 15
internal_value=0.00072085 -1.3395e-05 -0.00146298 0.00758566
internal_weight=35.786 33.8704 28.8688 5.00156
internal_count=281 271 238 33
is_linear=0
shrinkage=0.01


Tree=237
num_leaves=7
num_cat=0
split_feature=5 3 28 39 6 32
split_gain=2.72835 5.47844 2.88436 4.80197 1.98496 0.935642
threshold=-1.7358183517944141 62.280630429146775 -7.1869242577431569 0.6867546003032311 -0.31125659293844815 0.24278899531002032
decision_type=2 2 2 2 2 2
left_child=1 4 5 -4 -1 -2
right_child=2 -3 3 -5 -6 -7
leaf_value=0.0011734273904759817 0 0.0061905320533318644 0.0021804513414952322 0.016742583978882113 -0.0081466078459939036 -0.0087077724760125496
leaf_weight=2.4417034611105928 2.2370148450136211 4.8285745680332175 11.826946146786211 2.6924474015831938 9.3052708581089973 1.7706409506499765
leaf_count=16 16 29 81 16 93 20
internal_value=0.000528986 -0.0023279 0.00318754 0.00530005 -0.00606237 -0.0038377
internal_weight=35.1026 16.5755 18.527 14.5194 11.747 4.00766
internal_count=271 138 133 97 109 36
is_linear=0
shrinkage=0.01


Tree=238
num_leaves=7
num_cat=0
split_feature=5 17 35 29 11 25
split_gain=3.58687 3.95425 2.54434 3.61728 2.46728 2.13215
threshold=-1.5182591003889312 0.013949748487528195 0.64499134632440469 -0.63379637597526506 60.843266203363505 -0.64342012544134908
decision_type=2 2 2 2 2 2
left_child=1 5 3 -2 -3 -1
right_child=2 4 -4 -5 -6 -7
leaf_value=0.00041440745860995805 0.011647822108797053 -4.1004154353986362e-05 -0.0021077470651751288 0.00089784024030674381 0.0107868821194314 -0.0094138202070950059
leaf_weight=2.8145065903663635 7.2693200036883363 6.3004745580255967 3.4169359207153311 6.1699244417250165 2.6130894422531128 5.8746263012290019
leaf_count=23 40 47 23 49 14 63
internal_value=0.00173933 -0.00132291 0.00502097 0.00698547 0.00316409 -0.00610027
internal_weight=34.4589 17.6027 16.8562 13.4392 8.91356 8.68913
internal_count=259 147 112 89 61 86
is_linear=0
shrinkage=0.01


Tree=239
num_leaves=7
num_cat=0
split_feature=33 10 39 33 26 32
split_gain=3.08763 5.39164 5.03725 4.05345 2.48481 2.27236
threshold=0.39016106289591107 7.1345357142858061 0.69690049987262315 0.72145671913532206 17.306892857142852 0.37531029503592056
decision_type=2 2 2 2 2 2
left_child=1 -1 -3 4 -2 -5
right_child=3 2 -4 5 -6 -7
leaf_value=-0.0076609425612673707 0.0025042066239240731 0.0092791179416513332 -0.0016844332427920574 0.0079792991162171856 -0.009692245079066842 -0.0043797410035514494
leaf_weight=3.3078063689172295 1.7386616244912128 11.935001291334631 5.8270909637212744 3.8332091979682437 6.7417573519051075 1.8586754426360128
leaf_count=36 13 68 50 25 65 22
internal_value=0.000898949 0.00334911 0.00560341 -0.00259942 -0.00696381 0.00359247
internal_weight=35.2422 21.0699 17.7621 14.1723 8.48042 5.69188
internal_count=279 154 118 125 78 47
is_linear=0
shrinkage=0.01


Tree=240
num_leaves=5
num_cat=0
split_feature=39 39 35 33
split_gain=3.51745 2.79194 4.76074 1.89408
threshold=0.74545416025848366 0.68876146581320741 0.40262370563726629 0.69007574090223833
decision_type=2 2 2 2
left_child=1 2 -1 -3
right_child=-2 3 -4 -5
leaf_value=0.0067843461059538847 0.011755835310279445 -0.0085283590739157634 -0.0029857840812955805 0.0016848944350059403
leaf_weight=7.1078910008072915 1.7368292547762383 7.3638403154909593 14.897143065929411 1.8655187301337717
leaf_count=52 12 69 103 19
internal_value=-0.000868149 -0.0017387 0.000129222 -0.00626604
internal_weight=32.9712 31.2344 22.005 9.22936
internal_count=255 243 155 88
is_linear=0
shrinkage=0.01


Tree=241
num_leaves=4
num_cat=0
split_feature=9 16 11
split_gain=3.94184 4.34229 3.36906
threshold=-0.74257057116941916 -0.19609824603463813 48.345441208168587
decision_type=2 2 2
left_child=-1 -2 -3
right_child=1 2 -4
leaf_value=-0.0079008392517335227 0.011727223574218711 -0.0024708199301285072 0.0043900594631031201
leaf_weight=3.645378913730382 4.2450416758656528 13.28361636772752 14.459231376647947
leaf_count=34 23 124 96
internal_value=0.00142932 0.00261807 0.00104238
internal_weight=35.6333 31.9879 27.7428
internal_count=277 243 220
is_linear=0
shrinkage=0.01


Tree=242
num_leaves=5
num_cat=0
split_feature=30 20 32 32
split_gain=3.5227 3.29165 5.79496 2.90862
threshold=0.072744657767517387 -1.3463802244145879 0.14914301492018886 0.10242470410728716
decision_type=2 2 2 2
left_child=1 3 -3 -1
right_child=-2 2 -4 -5
leaf_value=0.004173149415080824 0.0096647687108328811 -0.0066884461004484922 0.0070096723556484497 -0.0062068853415911231
leaf_weight=3.0718598030507627 3.6851164996623984 3.9764096513390532 10.199108693748711 11.033553320914505
leaf_count=21 24 38 69 105
internal_value=0.000844021 -0.000324762 0.00297003 -0.00376767
internal_weight=31.966 28.2809 14.1755 14.1054
internal_count=257 233 107 126
is_linear=0
shrinkage=0.01


Tree=243
num_leaves=5
num_cat=0
split_feature=4 18 5 18
split_gain=6.16772 3.54987 3.81386 3.25386
threshold=-5.6006274582014148 9.8877857142857213 -0.65523542271276292 8.7507857142856498
decision_type=2 2 2 2
left_child=-1 3 -3 -2
right_child=1 2 -4 -5
leaf_value=0.014848178346729244 0 -0.0030126114519997546 0.0058617922931180223 0.017316703585549521
leaf_weight=3.1522438898682621 1.7916880026459723 18.935096975415952 6.1072368584573224 1.9589927718043325
leaf_count=18 21 163 38 11
internal_value=0.00219042 0.000597087 -0.000725663 0.00932215
internal_weight=31.9453 28.793 25.0423 3.75068
internal_count=251 233 201 32
is_linear=0
shrinkage=0.01


Tree=244
num_leaves=4
num_cat=0
split_feature=9 10 9
split_gain=3.65483 3.06241 4.62566
threshold=-0.7962465918805729 14.820785714285714 -0.67800691235668398
decision_type=2 2 2
left_child=-1 2 -2
right_child=1 -3 -4
leaf_value=-0.0097634552227297815 0.013496428813201145 0.011618897032269994 -0.00026901879881781793
leaf_weight=2.4403081387281444 2.3864706084132257 2.8549299985170355 24.147834647446871
leaf_count=22 17 12 192
internal_value=0.00116973 0.0022344 0.00103155
internal_weight=31.8295 29.3892 26.5343
internal_count=243 221 209
is_linear=0
shrinkage=0.01


Tree=245
num_leaves=5
num_cat=0
split_feature=30 30 5 28
split_gain=2.54342 5.74427 5.91799 3.42248
threshold=0.058911269275922926 -0.10785624041931945 -0.6893253407304728 -4.4617428212195582
decision_type=2 2 2 2
left_child=1 2 -1 -2
right_child=3 -3 -4 -5
leaf_value=-0.0021425387439734083 0.013459637960123581 -0.010581291973664364 0.0098947088692843115 -0.0020717918582402071
leaf_weight=15.932507954537874 2.6094223409891129 5.2444077134132376 5.1192163154482868 2.2672642618417731
leaf_count=128 15 61 31 18
internal_value=-0.000190109 -0.00149737 0.000788826 0.00615083
internal_weight=31.1728 26.2961 21.0517 4.87669
internal_count=253 220 159 33
is_linear=0
shrinkage=0.01


Tree=246
num_leaves=6
num_cat=0
split_feature=32 34 34 28 18
split_gain=2.94873 4.4724 4.2735 3.96847 2.53759
threshold=0.15082403813016673 0.62264197682743305 0.080813929252068026 -6.2107297943434778 14.979607142857214
decision_type=2 2 2 2 2
left_child=3 2 -2 -1 -3
right_child=1 4 -4 -5 -6
leaf_value=0.0020834398712854764 0.0066532413068320483 0 -0.0053064060299043373 -0.010527983827933771 0.01167543952377806
leaf_weight=3.5624346397817135 3.5521153435111072 3.6970393806695929 11.984189566224812 6.1285896599292737 4.2642415836453438
leaf_count=25 23 28 114 54 25
internal_value=-0.00119503 0.00065608 -0.0023715 -0.00576847 0.00667802
internal_weight=33.1886 23.4976 15.5363 9.69102 7.96128
internal_count=269 190 137 79 53
is_linear=0
shrinkage=0.01


Tree=247
num_leaves=6
num_cat=0
split_feature=36 16 36 16 13
split_gain=3.78858 4.53111 5.26336 3.03008 1.18961
threshold=0.71961635998348639 -0.10429149016339175 0.67658806419163553 -0.018960822899415999 -1.4211418413835735
decision_type=2 2 2 2 2
left_child=1 2 -1 -3 -2
right_child=4 3 -4 -5 -6
leaf_value=-0.0039118133545203802 -0.00065274961598531581 -0.0096283789403071689 0.011480917408799732 0.0004567717005244649 -0.010437264577855326
leaf_weight=2.7988490313291567 2.5271902903914452 3.3862542584538486 6.8863845057785511 13.845123987644909 3.7424445264041415
leaf_count=26 20 43 38 107 32
internal_value=-0.000139905 0.0014459 0.00684853 -0.0015419 -0.00700762
internal_weight=33.1862 26.9166 9.68523 17.2314 6.26963
internal_count=266 214 64 150 52
is_linear=0
shrinkage=0.01


Tree=248
num_leaves=5
num_cat=0
split_feature=30 18 34 29
split_gain=7.32315 5.67417 3.54186 2.5716
threshold=0.058911269275922926 9.9856785714286111 0.65287477091272972 -0.75621298016813976
decision_type=2 2 2 2
left_child=1 3 -3 -1
right_child=-2 2 -4 -5
leaf_value=0.01541797196795546 0.012415123182123565 -0.0071923085192886387 0.00041137816787873148 0
leaf_weight=2.1215499863028526 3.900581255555152 12.965679392218592 10.453162975609301 2.1653711125254693
leaf_count=12 24 124 74 19
internal_value=4.33844e-05 -0.0017413 -0.00375175 0.00833255
internal_weight=31.6063 27.7058 23.4188 4.28692
internal_count=253 229 198 31
is_linear=0
shrinkage=0.01


Tree=249
num_leaves=5
num_cat=0
split_feature=10 35 21 34
split_gain=5.5562 4.09976 4.51912 2.19695
threshold=14.820785714285714 0.50911821150621661 0.64884000261154429 1.4054094295092707
decision_type=2 2 2 2
left_child=1 2 -1 -3
right_child=-2 3 -4 -5
leaf_value=-0.00092903024092457864 0.01184304857014162 -0.0093612804270317568 0.014572987174782557 0.001567297844881174
leaf_weight=19.345701381564147 2.8938342779874793 8.1626070439815503 1.769680544734 1.8719869628548611
leaf_count=173 13 68 9 13
internal_value=-0.000642968 -0.00196842 0.00046275 -0.00714268
internal_weight=34.0438 31.15 21.1154 10.0346
internal_count=276 263 182 81
is_linear=0
shrinkage=0.01


Tree=250
num_leaves=6
num_cat=0
split_feature=16 16 1 35 18
split_gain=2.84348 4.41508 4.01424 2.86447 2.06456
threshold=-0.015572891651195702 -0.11246404647872331 -0.28368445521058011 0.1045890707421476 13.569785714285706
decision_type=2 2 2 2 2
left_child=1 4 -2 -4 -1
right_child=2 -3 3 -5 -6
leaf_value=0.0069916281661452006 0.012451945189317507 -0.010194550061346831 -0.0091985700692920787 0.0026485817888461821 -0.0022159967111104761
leaf_weight=3.5724950246512872 3.4795362055301675 4.8128083385527125 2.0839432626962671 12.926541466265915 5.8877788856625557
leaf_count=23 20 57 24 91 38
internal_value=0.000586922 -0.00265969 0.00320198 0.00072517 0.0011642
internal_weight=32.7631 14.2731 18.49 15.0105 9.46027
internal_count=253 118 135 115 61
is_linear=0
shrinkage=0.01


Tree=251
num_leaves=5
num_cat=0
split_feature=39 8 1 19
split_gain=3.34066 2.73382 4.89555 2.75075
threshold=0.55166223555011118 -0.016241116054352678 -0.40374005135931895 52.661843343824266
decision_type=2 2 2 2
left_child=-1 2 -2 -3
right_child=1 3 -4 -5
leaf_value=-0.0093248895469575915 0.0030087898913658492 0.0065455302023116179 -0.010047581696001281 -0.0019121745217961751
leaf_weight=2.4229776263236991 7.6925250105559826 14.826071470975878 4.1038224156945962 4.5618294551968566
leaf_count=31 56 97 49 32
internal_value=0.00118323 0.0021443 -0.00150458 0.0044551
internal_weight=33.6072 31.1842 11.7963 19.3879
internal_count=265 234 105 129
is_linear=0
shrinkage=0.01


Tree=252
num_leaves=7
num_cat=0
split_feature=32 32 8 31 16 28
split_gain=1.89125 3.39322 3.02409 2.50184 1.75112 1.56091
threshold=0.13998601338323527 0.24278899531002032 -0.064727823812081045 0.1962147935418799 -0.17404951636539281 -10.86638529062702
decision_type=2 2 2 2 2 2
left_child=4 2 -2 -3 -1 -6
right_child=1 3 -4 -5 5 -7
leaf_value=0.00062528243192457196 -0.0033692293376513154 -0.0052686163507169939 0.0076291012582683461 0.0065696304290328066 0 -0.010631477907842395
leaf_weight=2.9321879893541336 3.1773798502981663 10.918712757527826 7.4968071877956408 1.7210697419941414 1.5850532650947569 4.9185465611517412
leaf_count=14 24 106 45 11 13 52
internal_value=-0.00146342 0 0.00417038 -0.00338718 -0.00516679 -0.00798457
internal_weight=32.7498 23.314 10.6742 12.6398 9.43579 6.5036
internal_count=265 186 69 117 79 65
is_linear=0
shrinkage=0.01


Tree=253
num_leaves=4
num_cat=0
split_feature=30 21 22
split_gain=4.81516 2.81611 3.20895
threshold=0.072744657767517387 0.76308606822665925 -0.37617367034231852
decision_type=2 2 2
left_child=1 2 -1
right_child=-2 -3 -4
leaf_value=0.0077258934915626822 0.0094118197984430427 0.007657552368569606 -0.0039642553947449337
leaf_weight=2.2236106097698274 4.1603239253163329 2.4839191809296599 23.63662875443697
leaf_count=15 27 14 203
internal_value=-0.000185828 -0.0017482 -0.00280555
internal_weight=32.5045 28.3442 25.8602
internal_count=259 232 218
is_linear=0
shrinkage=0.01


Tree=254
num_leaves=5
num_cat=0
split_feature=8 5 8 25
split_gain=3.25566 3.47297 2.98335 2.36173
threshold=0.13019474634826897 -1.9937455194645703 -0.014382937298113617 0.60602199894378483
decision_type=2 2 2 2
left_child=1 3 -3 -1
right_child=-2 2 -4 -5
leaf_value=-0.0058898437515143174 -0.010056578948645065 -0.00039958942993537479 0.0070088865927499392 0.0052015623311230776
leaf_weight=8.4000863209366816 2.5627445578575125 9.5456486344337481 10.931803178042172 2.0267357751727095
leaf_count=86 19 75 74 14
internal_value=8.46777e-05 0.00107834 0.00350323 -0.0034623
internal_weight=33.467 30.9043 20.4775 10.4268
internal_count=268 249 149 100
is_linear=0
shrinkage=0.01


Tree=255
num_leaves=5
num_cat=0
split_feature=30 16 21 22
split_gain=2.69005 3.44993 2.37031 3.18427
threshold=0.058911269275922926 0.030459798208810968 0.76308606822665925 0.18044101780945981
decision_type=2 2 2 2
left_child=2 -2 3 -1
right_child=1 -3 -4 -5
leaf_value=-0.0032200218056902597 -0.00057387535413583259 0.01472339515244977 0.0063337408561040488 0.0093775402171466515
leaf_weight=22.86983994580806 2.6571919918060294 2.4218490421772003 3.4785429388284674 1.8428421169519413
leaf_count=199 20 12 18 11
internal_value=0.000232268 0.00676288 -0.000932936 -0.00209945
internal_weight=33.2703 5.07904 28.1912 24.7127
internal_count=260 32 228 210
is_linear=0
shrinkage=0.01


Tree=256
num_leaves=7
num_cat=0
split_feature=4 21 39 11 36 11
split_gain=4.5589 6.13366 5.05364 2.56561 1.94891 1.16739
threshold=-1.1061528601603638 -1.6823684232535643 0.68876146581320741 58.049284628974767 0.6945454908455716 39.359356103552422
decision_type=2 2 2 2 2 2
left_child=1 -1 -3 5 -5 -2
right_child=3 2 -4 4 -6 -7
leaf_value=0.016632762834258685 -1.9549522050318951e-05 0.004717393250779218 -0.0073294669389994439 -0.0058011523054943065 0.0046557725585195733 -0.0099863145402829378
leaf_weight=2.3157751485705402 1.8759672492742518 8.4955049231648463 5.4636681936681262 2.954813450574874 3.6377319544553757 7.2521034106612206
leaf_count=14 23 52 58 19 25 69
internal_value=-0.00102967 0.00257948 0 -0.00486927 0 -0.00821591
internal_weight=31.9956 16.2749 13.9592 15.7206 6.59255 9.12807
internal_count=260 124 110 136 44 92
is_linear=0
shrinkage=0.01


Tree=257
num_leaves=8
num_cat=0
split_feature=33 6 24 33 3 21 1
split_gain=2.52551 3.98777 6.66083 3.02804 3.67619 3.04324 1.72493
threshold=0.33761950841856864 -0.0066375475482839405 1.0000000180025095e-35 0.75535956869221044 28.249267531077944 -0.87368976115798247 -0.2071643540297918
decision_type=2 2 2 2 2 2 2
left_child=1 2 -1 4 -2 -5 -3
right_child=3 6 -4 5 -6 -7 -8
leaf_value=-0.0003558342975910716 0.0047115513087725028 0.0033755918242938353 0.016378696532106857 0.011774837657899844 -0.0084065313028045645 -0.0034012192699268296 -0.0058058647353439663
leaf_weight=4.9207971133291739 2.3118055947124985 2.7353145442903051 3.9115944728255272 2.1268061473965645 9.4656435120850784 2.3855281360447398 5.1634498387575132
leaf_count=38 14 20 21 14 87 22 52
internal_value=-8.10221e-05 0.00256287 0.00713096 -0.00291435 -0.0056129 0.00362427 -0.00237524
internal_weight=33.0209 16.7312 8.83239 16.2898 11.7774 4.51233 7.89876
internal_count=268 131 59 137 101 36 72
is_linear=0
shrinkage=0.01


Tree=258
num_leaves=4
num_cat=0
split_feature=38 34 10
split_gain=3.36335 3.11116 2.76728
threshold=0.5364533052169761 0.0016506478305392911 7.9530357142858277
decision_type=2 2 2
left_child=-1 -2 -3
right_child=1 2 -4
leaf_value=-0.008402515814964602 0.012003952470178164 0.0057977647941345432 -0.0010310543700411266
leaf_weight=3.4002056941390029 2.3743633404374114 7.564499910920861 23.004783343523741
leaf_count=39 12 53 183
internal_value=0.00056162 0.00161447 0.000633899
internal_weight=36.3439 32.9436 30.5693
internal_count=287 248 236
is_linear=0
shrinkage=0.01


Tree=259
num_leaves=6
num_cat=0
split_feature=8 34 8 28 26
split_gain=3.36565 6.31384 5.33775 4.21952 2.84648
threshold=-0.01747682684815147 0.080813929252068026 0.13308116576951706 -0.28588666611676666 22.234785714285739
decision_type=2 2 2 2 2
left_child=1 -1 3 -2 -3
right_child=2 4 -4 -5 -6
leaf_value=0.0093075632508002725 0.0076288849375701975 -0.010582535031069693 -0.0080135881727166139 -0.0029949084564650664 2.684744171545928e-05
leaf_weight=2.7340932935476294 15.272132351994516 6.7411975581198913 3.2759913131594649 4.427593611180785 3.3656059168279171
leaf_count=16 103 79 24 40 26
internal_value=0.000769936 -0.00320947 0.00309261 0.00513204 -0.00695846
internal_weight=35.8166 12.8409 22.9757 19.6997 10.1068
internal_count=288 121 167 143 105
is_linear=0
shrinkage=0.01


Tree=260
num_leaves=4
num_cat=0
split_feature=4 39 36
split_gain=3.92568 3.51029 4.02505
threshold=4.1182754499704979 0.73115628337415883 0.68199622062066934
decision_type=2 2 2
left_child=1 2 -1
right_child=-2 -3 -4
leaf_value=-0.0068699531169042804 0.012721046320490219 0.0083001603401050492 0.001193024980822621
leaf_weight=9.0508998427540117 2.2475285083055487 3.8782344423234454 17.293610665947199
leaf_count=91 12 28 124
internal_value=0.000788416 -0.000149744 -0.00154818
internal_weight=32.4703 30.2227 26.3445
internal_count=255 243 215
is_linear=0
shrinkage=0.01


Tree=261
num_leaves=7
num_cat=0
split_feature=18 29 17 10 9 10
split_gain=4.00868 5.195 5.11305 5.1581 3.31406 2.63935
threshold=11.285892857142798 -0.88789343116252184 0.45560029367808202 14.820785714285714 0.4937706198555627 9.18367857142864
decision_type=2 2 2 2 2 2
left_child=1 -1 3 -2 -4 -3
right_child=2 5 4 -5 -6 -7
leaf_value=0.01387925990235883 -0.0063367169609678791 -0.0091000706153517349 0.011575012900746305 0.0092850167300809333 0 0.0067134400309591625
leaf_weight=4.6367306932806969 14.439313862472778 1.9350849688053116 3.9593458101153356 2.1040880978107444 6.0604832321405411 1.6201991885900495
leaf_count=26 149 24 22 10 40 8
internal_value=0.00118909 0.00719145 -0.000647209 -0.00410112 0.00481507 -0.0014132
internal_weight=34.7552 8.19201 26.5632 16.5434 10.0198 3.55528
internal_count=279 58 221 159 62 32
is_linear=0
shrinkage=0.01


Tree=262
num_leaves=6
num_cat=0
split_feature=1 36 19 38 28
split_gain=2.76059 4.97958 2.88752 2.61077 1.65372
threshold=0.51072647819761918 0.657182062295535 34.753673218239868 0.67897106288908227 7.0630323537170634
decision_type=2 2 2 2 2
left_child=1 4 -3 -2 -1
right_child=3 2 -4 -5 -6
leaf_value=-0.010262376863762046 -0.011340044379700534 0.0089168592627746623 0.00055132569377043148 0.00039445571674674685 0.0013998112658883059
leaf_weight=4.3786936998367336 3.9403111673891535 5.5086437836289432 16.50653650611639 2.8258565813302994 1.1714175418019293
leaf_count=59 29 37 120 23 9
internal_value=-0.000743439 0.000613879 0.00282591 -0.00634747 -0.0075135
internal_weight=34.3315 27.5653 22.0152 6.76617 5.55011
internal_count=277 225 157 52 68
is_linear=0
shrinkage=0.01


Tree=263
num_leaves=5
num_cat=0
split_feature=30 38 21 32
split_gain=4.45833 5.77466 3.1934 3.23287
threshold=0.072744657767517387 0.70727398274179742 0.76308606822665925 0.23726548532153832
decision_type=2 2 2 2
left_child=2 -2 3 -1
right_child=1 -3 -4 -5
leaf_value=-0.0066065561168374819 -0.00035300131095598999 0.019463958552762655 0.0061455695953135494 0.00047837518926252781
leaf_weight=14.333502247929578 3.3917973935604087 2.0525216162204742 3.5182611271738997 10.555068686604498
leaf_count=119 25 10 19 97
internal_value=-0.000571948 0.00739621 -0.00223009 -0.00355257
internal_weight=33.8512 5.44432 28.4068 24.8886
internal_count=270 35 235 216
is_linear=0
shrinkage=0.01


Tree=264
num_leaves=4
num_cat=0
split_feature=22 21 18
split_gain=4.17515 2.37731 2.46587
threshold=-0.37617367034231852 1.1160311464606136 11.311785714285699
decision_type=2 2 2
left_child=-1 2 -2
right_child=1 -3 -4
leaf_value=0.01263539471570168 0.0035701256774769365 0.0077445791399857692 -0.0028426054526079826
leaf_weight=2.4557281136512747 7.7287455238401916 3.0854665935039511 21.911599468439817
leaf_count=15 57 15 186
internal_value=0.000805025 -0.000128874 -0.00108466
internal_weight=35.1815 32.7258 29.6403
internal_count=273 258 243
is_linear=0
shrinkage=0.01


Tree=265
num_leaves=6
num_cat=0
split_feature=6 3 4 33 33
split_gain=4.20402 3.30773 3.4194 3.23168 3.04842
threshold=-0.064140469239544473 58.899477411399786 -1.6271780067327197 0.75535956869221044 0.17252832467535476
decision_type=2 2 2 2 2
left_child=1 2 -1 4 -2
right_child=3 -3 -4 -5 -6
leaf_value=0.0039838525083842865 0 0.010115804905777648 -0.0060442190328271698 0.0053235510957594804 -0.010021424161316142
leaf_weight=8.1347553879022598 4.9473288543522385 3.8817230686545363 5.3954955711960801 2.308977171778678 8.7491860836744291
leaf_count=54 40 23 54 17 85
internal_value=-0.000966068 0.00234189 0 -0.00466425 -0.00656891
internal_weight=33.4175 17.412 13.5303 16.0055 13.6965
internal_count=273 131 108 142 125
is_linear=0
shrinkage=0.01


Tree=266
num_leaves=5
num_cat=0
split_feature=16 22 21 13
split_gain=2.78562 3.24059 2.89402 1.24602
threshold=-0.1814682822716622 -0.37838916779939907 0.64884000261154429 -0.52409411322399402
decision_type=2 2 2 2
left_child=3 -2 -3 -1
right_child=1 2 -4 -5
leaf_value=0.0090148363732882719 0.0073807797177036895 -0.0046542134855333166 0.00571274165762944 0.00012491497346520946
leaf_weight=3.122779406607151 2.7015030011534718 23.033467775210742 2.6222589239478102 3.8264036178588858
leaf_count=18 18 213 13 23
internal_value=-0.000853221 -0.00229441 -0.00346378 0.00460345
internal_weight=35.3064 28.3572 25.6557 6.94918
internal_count=285 244 226 41
is_linear=0
shrinkage=0.01


Tree=267
num_leaves=8
num_cat=0
split_feature=1 27 26 1 26 28 18
split_gain=3.02119 4.02336 3.51642 6.12107 4.79223 3.08611 2.11724
threshold=-0.15749286190383047 45.610850154215193 19.248499999999925 -0.66698274791718015 20.890928571428571 -0.6635397310637926 16.086214285714281
decision_type=2 2 2 2 2 2 2
left_child=2 6 3 -1 -4 -3 -2
right_child=1 5 4 -5 -6 -7 -8
leaf_value=-0.0025584000684385076 -0.010635600678330935 0.0067489397381273412 -0.0070943276271196965 0.016182816608059085 0.0070254567384776144 -0.0041214935672088376 0.00031791418919259814
leaf_weight=2.3381813801825047 4.8858372233808067 6.3068224377930164 4.2629623152315599 4.5803125984966746 4.7594503425061703 3.8337110392749292 2.1288635730743408
leaf_count=20 58 39 36 27 30 29 20
internal_value=0.00139451 -0.00142252 0.00451954 0.00972885 0.000125912 0.00244738 -0.00716124
internal_weight=33.0961 17.1552 15.9409 6.91849 9.02241 10.1405 7.0147
internal_count=259 146 113 47 66 68 78
is_linear=0
shrinkage=0.01


Tree=268
num_leaves=7
num_cat=0
split_feature=6 0 26 3 2 3
split_gain=4.49123 3.87833 5.10078 2.95031 1.5748 1.41183
threshold=-0.2197639019884447 -0.0059960204963212848 18.348928571428527 63.595965515712372 5.6629999999998821 50.952327305236288
decision_type=2 2 2 2 2 2
left_child=4 2 -2 -3 5 -1
right_child=1 3 -4 -5 -6 -7
leaf_value=-0.0044291516358057684 0.012726099162294771 -0.0084169552426292156 -0.0015047012965956198 0.0014599061979791211 0.010166003198632994 0.0070083331310463659
leaf_weight=1.8184902444481834 3.1492988243699083 9.2110975272953493 8.5158934742212278 3.8567906357347974 4.9496995657682419 1.7820367887616155
leaf_count=17 22 96 68 26 28 13
internal_value=0.000453256 -0.00165202 0.00239284 -0.00538499 0.0066187 0.000822579
internal_weight=33.2833 24.7331 11.6652 13.0679 8.55023 3.60053
internal_count=270 212 90 122 58 30
is_linear=0
shrinkage=0.01


Tree=269
num_leaves=7
num_cat=0
split_feature=14 6 8 4 18 4
split_gain=3.07398 3.50802 3.19043 2.779 2.09449 0.408454
threshold=-0.093713156711718412 -0.22602782547771608 -0.01747682684815147 2.0751091028773776 10.958035714285709 -4.1339672250969661
decision_type=2 2 2 2 2 2
left_child=1 -1 5 -4 -3 -2
right_child=2 4 3 -5 -6 -7
leaf_value=0.010547377207808659 -0.0023001539167800838 0.0057538291970616329 -0.002805164403515492 0.0076827378654294818 -0.0038041866124948038 -0.01047013576405899
leaf_weight=3.8616302832961074 1.71206334605813 3.1955797821283323 10.701445147395132 2.9592521712183961 6.2289169952273369 4.8171101361513147
leaf_count=25 11 18 87 17 55 58
internal_value=-0.0007359 0.00288309 -0.00322236 -0.000273688 -0.000280143 -0.00881584
internal_weight=33.476 13.2861 20.1899 13.6607 9.4245 6.52917
internal_count=271 98 173 104 73 69
is_linear=0
shrinkage=0.01


Tree=270
num_leaves=5
num_cat=0
split_feature=12 20 12 10
split_gain=3.12254 4.93498 2.06709 0.173007
threshold=-9.3406605328318602 -7.9048738870405932 -0.77705151961481522 13.836107142857115
decision_type=2 2 2 2
left_child=-1 3 -3 -2
right_child=1 2 -4 -5
leaf_value=0.0097045719217302238 -0.010422440561939821 0.0040116214612265404 -0.0018612690520725601 -0.0023853040770635578
leaf_weight=2.3444588370621195 4.9806206338107613 9.6475320570170915 14.450307164341208 1.2434096336364744
leaf_count=17 57 57 118 11
internal_value=-0.000624991 -0.00157623 0.000428376 -0.00930689
internal_weight=32.6663 30.3219 24.0978 6.22403
internal_count=260 243 175 68
is_linear=0
shrinkage=0.01


Tree=271
num_leaves=6
num_cat=0
split_feature=16 3 23 28 30
split_gain=3.51456 4.16279 3.13177 3.11341 0.508942
threshold=-0.19327909308935973 62.280630429146775 -1.0571815356686611 -1.2785551551014576 -0.13799198155850931
decision_type=2 2 2 2 2
left_child=4 2 -2 -3 -1
right_child=1 3 -4 -5 -6
leaf_value=0.0032110658697743111 0.0094517512400618224 0.011568293021301466 -0.0040364460493052109 -0.00077820259786754624 0.011357231870160731
leaf_weight=2.6089115887880325 1.5365053415298522 3.9771280102431774 18.453524980694056 3.3046757876873007 2.8566913083195677
leaf_count=15 10 25 174 20 17
internal_value=0.00107534 -0.000350557 -0.0027767 0.00589225 0.00818509
internal_weight=32.7374 27.2718 19.99 7.2818 5.4656
internal_count=261 229 184 45 32
is_linear=0
shrinkage=0.01


Tree=272
num_leaves=6
num_cat=0
split_feature=3 34 10 32 34
split_gain=3.89908 4.91984 4.51746 3.94891 1.99743
threshold=62.280630429146775 0.080813929252068026 8.8138214285714387 0.14914301492018886 0.97918860424661647
decision_type=2 2 2 2 2
left_child=1 2 -1 -2 -3
right_child=3 4 -4 -5 -6
leaf_value=-0.0052800975479198754 -0.0037976423104613449 -0.0072250096695087584 0.012007428246741135 0.010304834687877264 -0.00014014678834540538
leaf_weight=2.1297069936990765 2.7431360110640517 14.27046130038798 3.4171958640217781 4.9193336218595505 6.2975690178573123
leaf_count=26 21 139 18 26 42
internal_value=-0.00100254 -0.00289198 0.00509755 0.00505215 -0.00518479
internal_weight=33.7774 26.1149 5.5469 7.66247 20.568
internal_count=272 225 44 47 181
is_linear=0
shrinkage=0.01


Tree=273
num_leaves=4
num_cat=0
split_feature=39 3 16
split_gain=2.79634 3.62657 4.27267
threshold=0.55166223555011118 65.869837000713304 -0.10429149016339175
decision_type=2 2 2
left_child=-1 2 -2
right_child=1 -3 -4
leaf_value=-0.0093170478808391657 0.0049801064853414933 0.009425047951625392 -0.0034066873941864472
leaf_weight=2.3972123190760639 9.5044014230370593 4.3336581140756598 15.60137344896793
leaf_count=31 61 24 139
internal_value=0.00034846 0.00128881 -0.000131625
internal_weight=31.8366 29.4394 25.1058
internal_count=255 224 200
is_linear=0
shrinkage=0.01


Tree=274
num_leaves=5
num_cat=0
split_feature=4 8 10 20
split_gain=3.97889 3.25684 5.36377 2.08915
threshold=-5.6856947488399774 -0.01747682684815147 14.806678571428558 -1.5582859464493592
decision_type=2 2 2 2
left_child=-1 3 -3 -2
right_child=1 2 -4 -5
leaf_value=0.0082465786237099735 -0.0010244180134443689 -0.002259671888213861 0.014140330036961579 -0.011264112244518176
leaf_weight=3.3364169560372856 3.8055871464312077 16.400139324367046 1.9599266499280918 5.6026241630315834
leaf_count=22 41 132 8 53
internal_value=-0.00148024 -0.00279584 -0.000202611 -0.00748785
internal_weight=31.1047 27.7683 18.3601 9.40821
internal_count=256 234 140 94
is_linear=0
shrinkage=0.01


Tree=275
num_leaves=7
num_cat=0
split_feature=29 36 28 18 8 38
split_gain=3.1789 4.09954 4.69042 1.73472 1.17442 2.15952
threshold=-0.43077477901408312 0.67396323057946006 -7.1869242577431569 11.390500000000008 -0.0037997516145057333 0.59543619065727926
decision_type=2 2 2 2 2 2
left_child=1 3 -3 -1 5 -2
right_child=4 2 -4 -5 -6 -7
leaf_value=0.0029255567458720579 0.006328325049306761 -0.0030530224364414917 0.0084252361879541444 -0.007993919673606938 -0.0084517868668901337 -0.0058198876240481553
leaf_weight=1.6381784304976523 1.9945879876613615 4.6690404154360321 11.155222337692971 4.1843123789876699 4.1732193008065206 3.5320229530334473
leaf_count=10 10 47 70 48 41 30
internal_value=4.98518e-05 0.00224021 0.00492068 -0.00460221 -0.00455885 -0.00099218
internal_weight=31.3466 21.6468 15.8243 5.82249 9.69983 5.52661
internal_count=256 175 117 58 81 40
is_linear=0
shrinkage=0.01


Tree=276
num_leaves=5
num_cat=0
split_feature=14 27 39 26
split_gain=2.92135 5.17144 4.37595 1.15787
threshold=0.12109264403448315 30.296373001477154 0.65970241424661502 19.382928571428501
decision_type=2 2 2 2
left_child=1 -1 -3 -2
right_child=3 2 -4 -5
leaf_value=-0.0098484515442322906 -0.00032362126594271681 -0.0015517549877736409 0.0074720132983510769 -0.0095571045091393959
leaf_weight=3.6341418176889482 2.5899229682981959 10.935643624514343 9.6241507008671743 4.4361975118517876
leaf_count=50 21 79 72 37
internal_value=-0.00102241 0.000570476 0.00262315 -0.00657914
internal_weight=31.2201 24.1939 20.5598 7.02612
internal_count=259 201 151 58
is_linear=0
shrinkage=0.01


Tree=277
num_leaves=5
num_cat=0
split_feature=25 9 36 25
split_gain=2.75474 3.31781 2.67818 2.09503
threshold=0.56327083623424656 0.62479660720363472 0.71961635998348639 -0.52932062837389671
decision_type=2 2 2 2
left_child=2 -2 3 -1
right_child=1 -3 -4 -5
leaf_value=0.0039558238431394565 0.011255075934540414 -0.0017637734860157885 -0.0083419577249821894 -0.0021820807483591111
leaf_weight=8.2637615799903905 3.9817091077566138 3.0554743856191635 4.3306902684271327 15.554784717038274
leaf_count=52 22 23 41 142
internal_value=0 0.00548885 -0.00138312 0
internal_weight=35.1864 7.03718 28.1492 23.8185
internal_count=280 45 235 194
is_linear=0
shrinkage=0.01


Tree=278
num_leaves=8
num_cat=0
split_feature=33 37 28 39 21 2 2
split_gain=3.97438 4.80251 4.30379 6.42729 3.79813 2.97821 0.990201
threshold=0.39016106289591107 0.60304249645162178 -1.25904559292303 0.68876146581320741 -1.4833395156717735 5.6629999999998821 4.4300357142856885
decision_type=2 2 2 2 2 2 2
left_child=2 4 3 -1 -2 -4 -3
right_child=1 6 5 -5 -6 -7 -8
leaf_value=0.012485543419105802 0.016199223846553458 -0.0015262802960740252 -0.0080886593049851931 -0.0022679429504075871 -0.0016658325263898407 0.0028457744535914055 -0.01100000541088199
leaf_weight=7.7166868373751623 1.3514727242290971 2.1538081467151642 3.9389070905745047 4.2238481864333153 3.5655370950698835 5.4544526115059853 5.4186621941626072
leaf_count=42 8 18 48 39 35 31 51
internal_value=0.000573929 -0.00377946 0.00323204 0.00717557 0.00351029 -0.00164145 -0.00872033
internal_weight=33.8234 12.4895 21.3339 11.9405 4.91701 9.39336 7.57247
internal_count=272 112 160 81 43 79 69
is_linear=0
shrinkage=0.01


Tree=279
num_leaves=5
num_cat=0
split_feature=12 2 34 22
split_gain=3.09105 2.52015 2.37226 1.07618
threshold=-8.8853100128662827 7.9094285714285055 0.5503749273328632 0.044912633679965043
decision_type=2 2 2 2
left_child=3 2 -2 -1
right_child=1 -3 -4 -5
leaf_value=0.010934813477997969 -0.0031494815639942575 -0.0090693383568380709 0.0029142694692394851 0.00030235348048344746
leaf_weight=2.508472003042697 14.568613134324556 3.761560406535863 10.933618191629646 2.0846847966313362
leaf_count=16 136 32 78 14
internal_value=-0.000453646 -0.00172259 -0.000468589 0.00683222
internal_weight=33.8569 29.2638 25.5022 4.59316
internal_count=276 246 214 30
is_linear=0
shrinkage=0.01


Tree=280
num_leaves=7
num_cat=0
split_feature=39 1 1 20 22 39
split_gain=2.98326 3.69632 3.41662 2.71121 2.18457 2.14548
threshold=0.6413287065468124 -0.50903828458466494 -0.1776314389102229 -8.1473521534262527 -0.3127989756912718 0.71955751980278215
decision_type=2 2 2 2 2 2
left_child=3 5 -3 -1 -5 -2
right_child=1 2 -4 4 -6 -7
leaf_value=0.0060264366636391961 -0.0099565788870586199 0.011828687758585102 0.0017255802388199148 0.0021168073840672845 -0.0079127296937018046 0.0029917598989093494
leaf_weight=2.1699445769190779 2.7207271866500387 5.1004106774926194 10.745965531095861 2.4179120026528826 7.9418103471398345 1.7099224478006361
leaf_count=12 25 34 87 19 71 14
internal_value=0.000552777 0.00295852 0.00526065 -0.00316274 -0.00539056 -0.00466382
internal_weight=32.8067 20.277 15.8464 12.5297 10.3597 4.43065
internal_count=262 160 121 102 90 39
is_linear=0
shrinkage=0.01


Tree=281
num_leaves=4
num_cat=0
split_feature=9 9 27
split_gain=3.59912 2.99308 2.3321
threshold=-0.7962465918805729 -0.65410680899564555 40.023979494871611
decision_type=2 2 2
left_child=-1 -2 -3
right_child=1 2 -4
leaf_value=-0.0100511041015165 0.0094223368842571206 -0.0041963030792680402 0.0018484324955262582
leaf_weight=3.0977526493370524 3.2576636783778694 9.6849145535379666 17.132072672247887
leaf_count=31 26 100 115
internal_value=-0.000248186 0.00078499 -0.000283133
internal_weight=33.1724 30.0747 26.817
internal_count=272 241 215
is_linear=0
shrinkage=0.01


Tree=282
num_leaves=5
num_cat=0
split_feature=36 20 5 1
split_gain=3.32941 3.34017 3.0582 2.14677
threshold=0.6487385416250161 2.7005975513538947 -2.9601895751188958 0.68039237263175134
decision_type=2 2 2 2
left_child=1 -1 -2 -4
right_child=2 -3 3 -5
leaf_value=-0.01014801093494298 -0.0089470624473831414 0.0042638696658376003 0.0043572688277918013 -0.0053686093726632248
leaf_weight=4.6003870796412256 1.8547436408698583 1.9578258320689199 21.284828472882513 2.1040995232760897
leaf_count=61 19 15 151 18
internal_value=0.000553347 -0.00555569 0.00226536 0.00334098
internal_weight=31.8019 6.55821 25.2437 23.3889
internal_count=264 76 188 169
is_linear=0
shrinkage=0.01


Tree=283
num_leaves=7
num_cat=0
split_feature=18 18 0 38 37 3
split_gain=3.93243 5.65392 4.10861 3.82583 3.78126 1.98412
threshold=11.285892857142798 15.046928571428682 -0.0059960204963212848 0.71504766570526146 0.69357624969086895 28.249267531077944
decision_type=2 2 2 2 2 2
left_child=2 5 -1 -4 -3 -2
right_child=1 4 3 -5 -6 -7
leaf_value=0.014481194437718154 0.00064083098814763111 -0.000993054693443193 -0.0073458660214717553 0.010286626645816834 0.0095857203641251977 -0.008536387468307538
leaf_weight=3.172894187271595 2.4977616444230106 9.3871360775083286 2.6609071791172019 1.8056325912475584 4.7155481204390517 9.9436271563172323
leaf_count=17 16 80 28 10 29 95
internal_value=8.72357e-05 -0.00168353 0.00632301 0 0.00253132 -0.00656527
internal_weight=34.1835 26.5441 7.63943 4.46654 14.1027 12.4414
internal_count=275 220 55 38 109 111
is_linear=0
shrinkage=0.01


Tree=284
num_leaves=7
num_cat=0
split_feature=8 16 1 8 17 17
split_gain=3.91249 4.66932 3.27795 2.96892 2.79075 2.04975
threshold=-0.016241116054352678 -0.10833783202862475 0.55324209533962498 -0.0057050822261461879 0.59912098936958735 -0.74208572402707806
decision_type=2 2 2 2 2 2
left_child=1 5 3 -2 -4 -1
right_child=2 -3 4 -5 -6 -7
leaf_value=-0.005965623412189403 0.01642825643061575 -0.010427240638233155 -0.01031710244927405 0.0038855652377735805 0.002908491806655103 0.0044815036985291603
leaf_weight=2.2736368626356125 2.258498676121234 5.1153511311858884 2.3139422349631777 11.973072703927757 3.5137791112065315 6.0645398534834367
leaf_count=21 13 65 21 86 22 40
internal_value=0.000903377 -0.00314812 0.00372525 0.00631174 -0.00226446 0.00129302
internal_weight=33.5128 13.4535 20.0593 14.2316 5.82772 8.33818
internal_count=268 126 142 99 43 61
is_linear=0
shrinkage=0.01


Tree=285
num_leaves=5
num_cat=0
split_feature=21 21 33 38
split_gain=3.23314 3.20864 3.57377 3.45357
threshold=0.92466341731839941 -1.6823684232535643 0.62297780781016787 0.69966224656616027
decision_type=2 2 2 2
left_child=1 2 -1 -3
right_child=-2 3 -4 -5
leaf_value=-0.00047594815707498406 0.0087845695099408715 -0.0059378295825561088 0.015597851513874777 0.0023274602446449154
leaf_weight=3.5942146182060304 2.9520215094089499 15.949088428169491 1.7310911156237123 6.7287913411855689
leaf_count=34 15 140 10 62
internal_value=-0.000567274 -0.00170645 0.00494679 -0.00340001
internal_weight=30.9552 28.0032 5.32531 22.6779
internal_count=261 246 44 202
is_linear=0
shrinkage=0.01


Tree=286
num_leaves=5
num_cat=0
split_feature=39 18 16 12
split_gain=3.96575 4.60862 2.90109 1.6625
threshold=0.59039144420637479 11.285892857142798 0.030459798208810968 -0.77705151961481522
decision_type=2 2 2 2
left_child=-1 3 -3 -2
right_child=1 2 -4 -5
leaf_value=-0.0095173973127314106 0.01494722498170334 -0.0040454759297569309 0.002893228132468585 0.0020760494554963867
leaf_weight=3.8433682285249224 2.4863301068544388 12.995209852233531 10.489016149193047 2.3970480933785465
leaf_count=36 14 126 73 16
internal_value=-0.000330883 0.000930554 -0.000864874 0.00950097
internal_weight=32.211 28.3676 23.4842 4.88338
internal_count=265 229 199 30
is_linear=0
shrinkage=0.01


Tree=287
num_leaves=8
num_cat=0
split_feature=0 0 28 3 6 28 36
split_gain=4.56672 3.96779 3.84856 5.05787 2.47523 1.57479 1.43696
threshold=-0.0059960204963212848 -0.030874383542707471 -1.2785551551014576 62.280630429146775 -0.054480407207725672 -1.7650985378609219 0.72062413336043785
decision_type=2 2 2 2 2 2 2
left_child=1 4 3 -2 -1 -3 -4
right_child=2 5 6 -5 -6 -7 -8
leaf_value=0.0038546803862720075 -0.0019485907077895362 0.0040465175310159416 -0.010546361878829817 0.014301633768140561 -0.008865873032123996 0.01454876384059022 -0.000320876035201763
leaf_weight=4.2598409466445446 7.3937278799712676 3.5753845237195492 4.7992087267339221 2.2052825465798378 1.9880177117884157 4.0758878067135829 2.4794521890580654
leaf_count=28 67 28 53 14 24 23 18
internal_value=0.00131303 0.00553816 -0.00208598 0.00190299 -0.00010821 0.0102305 -0.00747757
internal_weight=30.7768 13.8991 16.8777 9.59901 6.24786 7.65127 7.27866
internal_count=255 103 152 81 52 51 71
is_linear=0
shrinkage=0.01


Tree=288
num_leaves=6
num_cat=0
split_feature=1 1 2 16 32
split_gain=3.37215 5.87115 4.29993 3.35517 3.28717
threshold=-0.66204277466099781 -0.15749286190383047 4.5162500000001282 -0.23596003996772733 0.26065368057602228
decision_type=2 2 2 2 2
left_child=3 4 -3 -1 -2
right_child=1 2 -4 -5 -6
leaf_value=0.0040404234935807895 0.011954008326817178 -0.0087847596147362771 0.0021838729720233033 -0.01076016205758723 0
leaf_weight=1.9864601045846937 7.4328823052346724 4.6919031739234951 11.928093248978255 3.8383113965392104 3.1172924414277077
leaf_count=12 41 55 97 36 30
internal_value=0.0011815 0.00271672 -0.000895276 -0.00543541 0.00845855
internal_weight=32.9949 27.1702 16.62 5.82477 10.5502
internal_count=271 223 152 48 71
is_linear=0
shrinkage=0.01


Tree=289
num_leaves=6
num_cat=0
split_feature=6 11 11 32 33
split_gain=3.41866 3.20792 4.95291 3.31686 1.29336
threshold=-0.28507941898505468 48.345441208168587 66.58998791986356 0.074650294099719891 0.35069904795596057
decision_type=2 2 2 2 2
left_child=4 3 -3 -2 -1
right_child=1 2 -4 -5 -6
leaf_value=0.012235686172454385 0.003156715242547516 0.0055216092098310529 -0.0096965336333870791 -0.0071479977904446755 0.0016753270768073668
leaf_weight=2.6882162466645232 3.8959527052938965 10.78004866838455 2.2950604110956183 10.411246232688425 2.9191536530852318
leaf_count=15 36 78 19 101 20
internal_value=0.000500278 -0.000914011 0.00254328 -0.00419783 0.00744088
internal_weight=32.9897 27.3823 13.0751 14.3072 5.60737
internal_count=269 234 97 137 35
is_linear=0
shrinkage=0.01


Tree=290
num_leaves=5
num_cat=0
split_feature=9 9 37 16
split_gain=2.80242 2.78037 2.51145 2.0869
threshold=0.69352554221964147 0.45560029367808202 0.70064713099527087 0.16205859596837371
decision_type=2 2 2 2
left_child=1 2 -1 -3
right_child=-2 3 -4 -5
leaf_value=-0.0017094036915824709 -0.0072475733011945478 0.010743866303533901 0.0051719536861206819 0
leaf_weight=16.668737392872579 3.1789953187108031 5.144745882600545 7.3475264124572268 2.3930219709873199
leaf_count=157 28 29 49 15
internal_value=0.00116156 0.00213183 0.000351461 0.00731855
internal_weight=34.733 31.554 24.0163 7.53777
internal_count=278 250 206 44
is_linear=0
shrinkage=0.01


Tree=291
num_leaves=6
num_cat=0
split_feature=34 14 27 6 34
split_gain=2.41895 3.05752 4.1725 2.20456 0.695921
threshold=0.068174317289044439 0.13996911205227022 57.356365446172241 -0.10165227760668297 0.95858122702580217
decision_type=2 2 2 2 2
left_child=3 2 -2 -1 -3
right_child=1 4 -4 -5 -6
leaf_value=0.012398507201988224 -0.0015590250390349471 -0.010038389883729721 0.0080236443616205147 -0.00062250462621320864 -0.00054940629153429411
leaf_weight=2.6767193377017975 16.76874806359411 3.3406890071928492 5.8222671300172797 1.7727370038628567 1.6252626851201055
leaf_count=14 149 33 32 22 13
internal_value=0.000449585 -0.000613567 0.000896085 0.00707799 -0.00752085
internal_weight=32.0064 27.557 22.591 4.44946 4.96595
internal_count=263 227 181 36 46
is_linear=0
shrinkage=0.01


Tree=292
num_leaves=8
num_cat=0
split_feature=27 14 39 0 6 27 10
split_gain=3.40638 3.72432 2.82537 2.58186 2.27378 0.55594 0.164798
threshold=40.023979494871611 0.13996911205227022 0.65784409841304592 -0.0035436038271965276 0.036902745292668494 63.02798675495913 12.212464285714209
decision_type=2 2 2 2 2 2 2
left_child=3 2 -2 4 -1 -3 -5
right_child=1 5 -4 6 -6 -7 -8
leaf_value=-0.0042344094186630137 0.0013385262201361437 -0.00084539503597425968 0.0096552315429528357 -0.010339570962722344 0.0074407211728422804 -0.009229713361642548 -0.0021233548275304296
leaf_weight=3.8759466558694839 11.045415729284292 2.3683360479772082 7.026697374880313 3.8414801619946939 2.4563940614461899 1.7898928672075269 1.1666021794080732
leaf_count=36 78 19 41 47 16 16 14
internal_value=0.000450944 0.00276881 0.0047859 -0.00387515 0.000124676 -0.00528123 -0.00903061
internal_weight=33.5708 22.2303 18.0721 11.3404 6.33234 4.15823 5.00808
internal_count=267 154 119 113 52 35 61
is_linear=0
shrinkage=0.01


Tree=293
num_leaves=5
num_cat=0
split_feature=9 1 30 9
split_gain=3.82153 3.19916 2.72149 2.45907
threshold=-0.7962465918805729 -0.15749286190383047 -0.12869387708963553 -0.65410680899564555
decision_type=2 2 2 2
left_child=-1 3 -3 -2
right_child=1 2 -4 -5
leaf_value=-0.0097373121609605623 0.012851593025072326 0.0021470519599568892 -0.0062326839815405209 0.0028944868633286086
leaf_weight=2.577630963176488 3.4647662900388232 10.710998825728895 5.588911209255456 10.614075839519503
leaf_count=26 24 83 60 75
internal_value=0.00116943 0.00224622 -0.000666421 0.00570101
internal_weight=32.9564 30.3788 16.2999 14.0788
internal_count=268 242 143 99
is_linear=0
shrinkage=0.01


Tree=294
num_leaves=7
num_cat=0
split_feature=6 34 32 32 27 3
split_gain=3.74871 3.36847 1.82057 3.53568 1.73376 1.24297
threshold=-0.2197639019884447 0.75724027002920369 0.24278899531002032 0.17376618966017984 50.744274313020682 40.846754707904218
decision_type=2 2 2 2 2 2
left_child=1 4 3 -2 -1 -4
right_child=2 -3 5 -5 -6 -7
leaf_value=0.012805305321220744 -0.0036861335283668245 -0.0025761655532200306 0 0.0061730455789081005 0.001351187750788171 -0.0088602502410690242
leaf_weight=4.0821513906121236 10.681194845587017 3.5339878834784031 2.1276060529053202 5.1054683886468402 2.6114940196275711 5.3186875469982624
leaf_count=25 91 24 19 33 19 58
internal_value=-0.000132573 0.00476572 -0.00240716 -0.000317651 0.00887216 -0.006395
internal_weight=33.4606 10.2276 23.233 15.7867 6.69365 7.44629
internal_count=269 68 201 124 44 77
is_linear=0
shrinkage=0.01


Tree=295
num_leaves=5
num_cat=0
split_feature=17 33 4 14
split_gain=2.68745 2.59426 3.42786 2.7911
threshold=-0.74208572402707806 0.35069904795596057 0.09861467551763782 0.14389147438870606
decision_type=2 2 2 2
left_child=-1 3 -3 -2
right_child=1 2 -4 -5
leaf_value=-0.0069478439009394441 0.0068362079842816349 0.0029490952415938822 -0.007128607182789402 -0.0049236531085245219
leaf_weight=2.8242359310388556 14.828349083662038 9.6808623634278756 4.7665574178099623 1.9065861627459515
leaf_count=26 107 78 42 19
internal_value=0.00175379 0.00266413 -0.000317546 0.0053159
internal_weight=34.0066 31.1824 14.4474 16.7349
internal_count=272 246 120 126
is_linear=0
shrinkage=0.01


Tree=296
num_leaves=7
num_cat=0
split_feature=8 8 14 36 0 2
split_gain=3.56979 2.83179 2.69686 2.38142 3.26286 2.33027
threshold=-0.016241116054352678 0.071574367068275385 0.035596670757702308 0.71329671413517681 -0.0070778658878932763 6.2287857142857455
decision_type=2 2 2 2 2 2
left_child=3 2 -2 4 -1 -3
right_child=1 5 -4 -5 -6 -7
leaf_value=0.003757414240977345 0.0015062552612688451 0.0033776080011029231 0.010832013646793188 -0.010123968268255672 -0.0092338941898696212 -0.0077190429512221251
leaf_weight=5.9770238138735285 6.8651803471148032 3.9873813688755027 6.6232776567339897 3.148760385811328 2.4874126650393 2.9664919748902321
leaf_count=48 65 28 37 30 33 24
internal_value=0.00117396 0.00371475 0.0063666 -0.00311154 -1.74906e-05 -0.00120392
internal_weight=32.0555 20.4423 13.4885 11.6132 8.46444 6.95387
internal_count=265 154 102 111 81 52
is_linear=0
shrinkage=0.01


Tree=297
num_leaves=7
num_cat=0
split_feature=38 18 33 13 0 32
split_gain=2.29229 4.98075 5.16299 2.92881 2.94537 0.169318
threshold=0.59543619065727926 9.8877857142857213 0.33761950841856864 -0.36944466392241965 -0.0014768950488766302 0.13998601338323527
decision_type=2 2 2 2 2 2
left_child=3 -2 -3 4 -1 -5
right_child=1 2 -4 5 -6 -7
leaf_value=0.013957691184818863 0.0086005321029100756 0.00021371632406827119 -0.010498569053772073 -0.0046200354408867141 0 0
leaf_weight=3.5138981640338898 3.6320249959826496 11.551273979246618 6.7117437683045855 1.6978328712284585 2.9387382082641125 1.8115160912275312
leaf_count=22 22 88 80 20 22 10
internal_value=0.000244776 -0.00149867 -0.0037214 0.0042033 0.00814954 -0.00259799
internal_weight=31.857 21.895 18.263 9.96199 6.45264 3.50935
internal_count=264 190 168 74 44 30
is_linear=0
shrinkage=0.01


Tree=298
num_leaves=6
num_cat=0
split_feature=18 1 10 39 32
split_gain=3.43553 4.25511 4.21624 3.95939 2.22409
threshold=11.285892857142798 -0.22307290963457391 14.241071428571397 0.68005032438781543 0.22635126069378755
decision_type=2 2 2 2 2
left_child=1 -1 3 -2 -3
right_child=2 4 -4 -5 -6
leaf_value=0.015609918932570348 0 -0.006339957190843501 0.0064408549626938242 -0.009144456109025513 0.007980503224599424
leaf_weight=2.872956033796072 13.385403476655489 2.1740846075117584 5.7371869236230841 6.6841866970062247 1.6307032629847524
leaf_count=14 104 21 28 79 11
internal_value=0.000800366 0.00705844 -0.000804862 -0.0030387 0
internal_weight=32.4845 6.67774 25.8068 20.0696 3.80479
internal_count=257 46 211 183 32
is_linear=0
shrinkage=0.01


Tree=299
num_leaves=5
num_cat=0
split_feature=33 13 4 12
split_gain=3.19233 3.24825 2.28591 3.66137
threshold=0.62297780781016787 -1.0634034569157698 -5.6006274582014148 1.222676531340767
decision_type=2 2 2 2
left_child=2 -2 -1 -4
right_child=1 -3 3 -5
leaf_value=0.0046159419824604647 0.012385233526935539 -0.0020629384059283368 -0.0053656724527877874 0.0030257890748484244
leaf_weight=4.405949596315625 3.3382005281746387 2.2299100421369067 17.272660560905937 6.825908947736024
leaf_count=27 23 23 154 47
internal_value=-0.000208431 0.00644857 -0.00163187 -0.00289884
internal_weight=34.0726 5.56811 28.5045 24.0986
internal_count=274 46 228 201
is_linear=0
shrinkage=0.01


Tree=300
num_leaves=7
num_cat=0
split_feature=36 36 5 17 25 39
split_gain=2.21999 3.35789 2.15125 3.82116 2.69496 0.772739
threshold=0.68162041537861384 0.55835563253543097 -1.9458006629118236 0.63681629046828381 0.51879616489042812 0.65451129103951555
decision_type=2 2 2 2 2 2
left_child=1 -1 4 -4 -2 -3
right_child=2 5 3 -5 -6 -7
leaf_value=0.0058512896289898957 -0.0086144246845444999 -0.0033807828515493637 0.0052022917757726392 -0.0071284091537486662 0.0031834373995758064 -0.010709581301437199
leaf_weight=1.8980420678853978 4.3719334714114657 4.0975818634033185 12.2221328727901 2.754910670220851 2.7827279940247536 4.5382621437311172
leaf_count=25 49 35 77 20 17 46
internal_value=-0.00124029 -0.0049679 0.00048747 0.0027078 -0.00381404 -0.00768624
internal_weight=32.6656 10.5339 22.1317 14.977 7.15466 8.63584
internal_count=269 106 163 97 66 81
is_linear=0
shrinkage=0.01


Tree=301
num_leaves=8
num_cat=0
split_feature=16 16 9 18 1 11 36
split_gain=3.29285 4.85283 3.53175 2.90212 1.86452 1.69759 0.519595
threshold=-0.018960822899415999 -0.19327909308935973 0.63488460132440194 14.220785714285807 -0.36114818990081615 56.038931160909122 0.71038832543452013
decision_type=2 2 2 2 2 2 2
left_child=1 4 3 -2 -1 -4 -3
right_child=2 6 5 -5 -6 -7 -8
leaf_value=0.0071275562279446659 0 -0.010776994219171847 -0.009578007405789948 0.0086565753100738205 -0.00290836603678325 0.001856471069196963 -0.0030746739534630676
leaf_weight=3.8491487130522728 6.2421498522162464 4.9761123359203321 2.5135540403425685 9.4361923113465291 2.7680764123797417 1.8109832182526586 2.4401133395731449
leaf_count=23 55 60 24 62 18 12 22
internal_value=0.000353105 -0.0032536 0.00299266 0.00524391 0.0026962 -0.00454732 -0.00872001
internal_weight=34.0363 14.0335 20.0029 15.6783 6.61723 4.32454 7.41623
internal_count=276 123 153 117 41 36 82
is_linear=0
shrinkage=0.01


Tree=302
num_leaves=6
num_cat=0
split_feature=38 8 8 18 32
split_gain=2.41139 2.56252 4.50099 2.36575 1.09492
threshold=0.73040443474703132 -0.016241116054352678 -0.18579798878330792 9.9386785714286514 0.2233181720629191
decision_type=2 2 2 2 2
left_child=1 2 -1 -3 -2
right_child=4 3 -4 -5 -6
leaf_value=0.0089569804942005431 0 0.010444404375857587 -0.0060478486310425782 0.0015896261721642367 -0.0097254062707941152
leaf_weight=2.2802584618330002 1.5628684237599362 3.9343467429280308 7.9254442378878611 13.857157718390225 2.7841912619769573
leaf_count=14 12 29 76 97 35
internal_value=0.000336816 0.0014876 -0.00234491 0.00379901 -0.00626198
internal_weight=32.3443 27.9972 10.2057 17.7915 4.34706
internal_count=263 216 90 126 47
is_linear=0
shrinkage=0.01


Tree=303
num_leaves=7
num_cat=0
split_feature=27 25 37 13 13 37
split_gain=3.558 3.30894 2.64277 5.01617 2.14801 1.65285
threshold=40.023979494871611 -0.64342012544134908 0.67516747596581961 -0.82977089718215979 -1.198928420660003 0.7031656972438175
decision_type=2 2 2 2 2 2
left_child=1 -1 3 -2 -4 -3
right_child=2 5 4 -5 -6 -7
leaf_value=0.0040928837928951977 0.010884564335441091 -0.010227645832155453 -0.0055057164908566955 -0.0016207023386473724 0.0037872204721570214 0
leaf_weight=3.0300189629197121 7.3969604484736919 5.7277838829904777 5.0103517174720746 4.9576535299420375 4.2090612761676311 2.2145613208413124
leaf_count=19 43 81 47 32 29 16
internal_value=0.000389708 -0.00410703 0.00279311 0.00578895 -0.00106734 -0.00751308
internal_weight=32.5464 10.9724 21.574 12.3546 9.21941 7.94235
internal_count=267 116 151 75 76 97
is_linear=0
shrinkage=0.01


Tree=304
num_leaves=6
num_cat=0
split_feature=16 16 26 30 28
split_gain=3.24821 4.23624 5.33494 2.09677 1.41941
threshold=-0.19327909308935973 0.030459798208810968 18.796142857142843 -0.32435241308974294 -1.5387409335025948
decision_type=2 2 2 2 2
left_child=4 3 -3 -2 -1
right_child=1 2 -4 -5 -6
leaf_value=0.011119522341848835 0.00094574295227722166 0.012575161563792625 -0.00072048523192046957 -0.0072877943301113751 0.00038445175366998889
leaf_weight=3.5112362653017044 3.8779047466814509 3.8760234117507926 9.9135493934154493 9.3125740010291356 2.4504283219575873
leaf_count=20 32 22 70 109 15
internal_value=0.000736687 -0.000694565 0.00306294 -0.00475174 0.0072563
internal_weight=32.9417 26.9801 13.7896 13.1905 5.96166
internal_count=268 233 92 141 35
is_linear=0
shrinkage=0.01


Tree=305
num_leaves=7
num_cat=0
split_feature=8 4 12 4 0 11
split_gain=4.11712 4.35919 2.95022 2.28466 1.89088 1.11338
threshold=-0.01747682684815147 -0.1846081095213776 -0.47652045099493984 -5.0140330923500178 -0.01009319214254537 42.54018241416339
decision_type=2 2 2 2 2 2
left_child=3 4 -3 -1 -2 -5
right_child=1 2 -4 5 -6 -7
leaf_value=0.0020501576769922612 0.014126762355924416 -0.009922433273822414 0.0017102253019278938 -0.0014969383704156445 0.0042413110701870916 -0.010369768732560678
leaf_weight=3.3300681374967098 3.075798112899065 2.6800434477627295 7.3049084171652741 2.99098974093795 7.9612274095416105 4.5494914725422859
leaf_count=20 16 25 55 30 58 56
internal_value=0.000571314 0.00319691 -0.00141597 -0.00427663 0.00747352 -0.00729732
internal_weight=31.8925 21.022 9.98495 10.8705 11.037 7.54048
internal_count=260 154 80 106 74 86
is_linear=0
shrinkage=0.01


Tree=306
num_leaves=6
num_cat=0
split_feature=14 17 3 24 30
split_gain=3.58335 3.31664 5.00702 2.99883 0.959804
threshold=0.14389147438870606 0.46744266906703641 66.821226719028829 0.13819466586788773 -0.20895156120135489
decision_type=2 2 2 2 2
left_child=1 2 -1 -3 -2
right_child=4 3 -4 -5 -6
leaf_value=-0.00288560705151184 -0.011012946544777144 0.010979635370946286 0.013564672120257928 0 -0.00034083227941910705
leaf_weight=16.582474792376168 2.9686536751687527 5.2601142972707731 1.7599545866250981 4.5832991898059845 1.7074615843594063
leaf_count=161 28 27 9 31 15
internal_value=0 0.00142253 -0.00100704 0.00604289 -0.00777348
internal_weight=32.862 28.1858 18.3424 9.84341 4.67612
internal_count=271 228 170 58 43
is_linear=0
shrinkage=0.01


Tree=307
num_leaves=7
num_cat=0
split_feature=8 11 8 8 17 6
split_gain=3.39237 2.88997 2.93425 2.86607 2.31553 0.597995
threshold=-0.01747682684815147 37.149049579056104 0.092864579981041986 -0.18579798878330792 0.45560029367808202 -0.22602782547771608
decision_type=2 2 2 2 2 2
left_child=3 4 -3 -1 -2 -5
right_child=1 2 -4 5 -6 -7
leaf_value=0.0030929696647256804 -0.010479166039567594 0.0073680056948813803 -0.0016128506155627693 -0.0018788778401833788 0.0036850246432729885 -0.0089337174435444242
leaf_weight=3.7919396795332423 2.2649898864328892 12.316280271857979 4.5144147761166087 2.800709329545497 1.6128989756107328 5.3839647881686679
leaf_count=25 28 84 31 23 10 68
internal_value=0.000527918 0.00301601 0.00485631 -0.00357986 -0.00426768 -0.00690713
internal_weight=32.6852 20.7086 16.8307 11.9766 3.87789 8.18467
internal_count=269 153 115 116 38 91
is_linear=0
shrinkage=0.01


Tree=308
num_leaves=6
num_cat=0
split_feature=8 8 18 28 28
split_gain=4.38818 3.81685 3.36725 2.93917 1.41882
threshold=-0.016241116054352678 -0.0057050822261461879 11.285892857142798 0.9733393441856607 -0.93524786908301383
decision_type=2 2 2 2 2
left_child=2 -2 -1 -3 -4
right_child=1 3 4 -5 -6
leaf_value=0.0049528262128366914 0.014674807819494604 0.0033430916349144581 -0.010998748161944188 -0.0072402548929638719 -0.0020569859096028365
leaf_weight=2.4785209447145489 2.2972848340868977 14.628934837877752 4.8413999099284402 2.8150899633765212 3.9498628638684741
leaf_count=16 13 111 58 22 37
internal_value=0.000381337 0.00326672 -0.00445379 0.00142892 -0.00740171
internal_weight=31.0111 19.7413 11.2698 17.444 8.79126
internal_count=257 146 111 133 95
is_linear=0
shrinkage=0.01


Tree=309
num_leaves=6
num_cat=0
split_feature=6 22 14 22 35
split_gain=3.88133 5.19986 3.73107 2.47218 1.4756
threshold=-0.2197639019884447 -0.36283852070303563 0.10787605197823726 -0.022289296593717357 0.46536398168755572
decision_type=2 2 2 2 2
left_child=2 -2 4 -3 -1
right_child=1 3 -4 -5 -6
leaf_value=0.013031735493176782 0.011208095590426785 -0.0060013569479322598 -0.0051724962448787496 0.0004485879873020561 0.0018685544212862168
leaf_weight=4.4007514044642431 2.5345598980784443 12.518659031018617 1.8236400596797464 10.008101124316452 2.3480807766318321
leaf_count=27 15 126 16 80 17
internal_value=0.00049176 -0.00144059 0.00622403 -0.00307995 0.00967636
internal_weight=33.6338 25.0613 8.57247 22.5268 6.74883
internal_count=281 221 60 206 44
is_linear=0
shrinkage=0.01


Tree=310
num_leaves=7
num_cat=0
split_feature=6 14 14 21 10 25
split_gain=2.64495 2.36318 3.26173 2.49375 1.71208 1.96279
threshold=-0.043542277870140852 -0.039896856614535174 -0.15133958607439282 1.1160311464606136 14.780142857142829 0.35990090589240831
decision_type=2 2 2 2 2 2
left_child=4 2 -2 -3 5 -1
right_child=1 3 -4 -5 -6 -7
leaf_value=-0.00067489362683689704 -0.0044314397519774548 -0.0093227058552695554 0.0085309584190203687 0.0028021585698480679 0.011362394941611328 0.0062227998382122368
leaf_weight=11.624438688158994 3.9336652085185051 6.326805364340542 3.1896397173404685 1.8192875757813451 1.8486485630273808 5.7349072694778434
leaf_count=103 35 77 21 9 9 35
internal_value=0.000261309 -0.00275107 0.00121358 -0.00637468 0.002764 0.00155761
internal_weight=34.4774 15.2694 7.1233 8.14609 19.208 17.3593
internal_count=289 142 56 86 147 138
is_linear=0
shrinkage=0.01


Tree=311
num_leaves=6
num_cat=0
split_feature=36 30 4 36 1
split_gain=2.59472 2.49808 3.60024 2.54519 2.09739
threshold=0.6619770424382313 -0.1300307203173198 0.58641200740703436 0.72062413336043785 -0.37168294463128743
decision_type=2 2 2 2 2
left_child=4 2 -2 -3 -1
right_child=1 3 -4 -5 -6
leaf_value=0.0019779832313580885 0.0021828614566895481 0.0092870152021942726 -0.0070939757083681009 -0.0024603697098447212 -0.0099874666427861129
leaf_weight=1.726326700299978 12.370902534574279 5.6824443340301469 5.8671540766954413 2.1719916928559542 3.9531984329223659
leaf_count=14 89 37 50 19 52
internal_value=-9.61716e-05 0.00118921 -0.000760102 0.00582223 -0.00609925
internal_weight=31.772 26.0925 18.2381 7.85444 5.67953
internal_count=261 195 139 56 66
is_linear=0
shrinkage=0.01


Tree=312
num_leaves=7
num_cat=0
split_feature=39 27 1 21 5 33
split_gain=4.4723 3.42767 3.84313 3.22097 2.55021 1.80742
threshold=0.63882273926020405 40.023979494871611 -0.2071643540297918 -1.0866946968333229 -1.9366208913778413 0.33761950841856864
decision_type=2 2 2 2 2 2
left_child=4 2 -2 -3 5 -1
right_child=1 3 -4 -5 -6 -7
leaf_value=0.0080428086469403141 0.0038013209643669279 0.010463549565760344 -0.0084271057440610652 0.0006299600422689372 -0.01005417864645688 -0.0052596245680337763
leaf_weight=1.4998468421399596 4.4098414070904237 5.8978321515023699 5.0878895912319457 8.3188015595078451 5.871023975312708 2.0254793576896191
leaf_count=11 38 39 62 49 58 20
internal_value=-0.000389689 0.00186472 -0.00260271 0.00497917 -0.00616726 6.3962e-05
internal_weight=33.1107 23.7144 9.49773 14.2166 9.39635 3.52533
internal_count=277 188 100 88 89 31
is_linear=0
shrinkage=0.01


Tree=313
num_leaves=6
num_cat=0
split_feature=37 37 37 26 29
split_gain=2.45113 3.71698 2.53297 2.09928 1.92917
threshold=0.70064713099527087 0.71358102480929841 0.67516747596581961 17.626607142857114 -0.69025043454527746
decision_type=2 2 2 2 2
left_child=2 -2 3 -1 -3
right_child=1 4 -4 -5 -6
leaf_value=-0.0073689405516476278 0.012355264803490581 0.0031669107423060684 -0.0083552350795680214 0.0013006810666037637 -0.0074265235000029852
leaf_weight=3.0563983730971875 3.2360703498125059 5.3071718439459801 4.4302543811500064 16.114553470164537 2.178197979927063
leaf_count=35 24 35 45 128 14
internal_value=0 0.00390531 -0.00179511 -7.10289e-05 0
internal_weight=34.3226 10.7214 23.6012 19.171 7.48537
internal_count=281 73 208 163 49
is_linear=0
shrinkage=0.01


Tree=314
num_leaves=7
num_cat=0
split_feature=8 34 2 34 8 5
split_gain=6.24795 3.65384 3.09724 2.92148 2.17326 1.64113
threshold=-0.012451996763135824 0.5503749273328632 4.3372857142856649 0.084911367835440107 0.10343028640972439 -2.6967895257026959
decision_type=2 2 2 2 2 2
left_child=3 2 -2 -1 -3 -5
right_child=1 4 -4 5 -6 -7
leaf_value=0.0047439245158781137 -0.0093973679563101823 0.01323959763499824 0.0027940424526005214 0.00013803359146812824 0.00075698688840331789 -0.0092050985296803674
leaf_weight=1.9913561716675747 2.2843584492802647 4.5708773583173743 10.239334147423504 1.8443629927933205 2.507159523665905 8.6299000550061447
leaf_count=13 31 25 72 16 15 93
internal_value=0.000146445 0.00370695 0.000246511 -0.00525118 0.00929969 -0.00741625
internal_weight=32.0673 19.6017 12.5237 12.4656 7.07804 10.4743
internal_count=265 143 103 122 40 109
is_linear=0
shrinkage=0.01


Tree=315
num_leaves=4
num_cat=0
split_feature=10 30 18
split_gain=2.2937 2.44992 1.6152
threshold=15.077392857142906 -0.37902757865932318 11.648642857142836
decision_type=2 2 2
left_child=1 -1 -3
right_child=-2 2 -4
leaf_value=-0.0096291358380274014 0.0082696697591217033 0.0037781421947663267 -0.0016354160467564841
leaf_weight=2.818388074636462 2.4635919481515876 7.0320177152752903 21.393920890986919
leaf_count=31 11 53 196
internal_value=-0.00038081 -0.00119846 -0.000201114
internal_weight=33.7079 31.2443 28.4259
internal_count=291 280 249
is_linear=0
shrinkage=0.01


Tree=316
num_leaves=7
num_cat=0
split_feature=33 21 33 39 27 27
split_gain=2.38916 4.04929 2.55334 2.487 2.37892 1.73573
threshold=0.72145671913532206 -1.6823684232535643 0.39953758627046559 0.68876146581320741 62.67832565344326 38.17883624633216
decision_type=2 2 2 2 2 2
left_child=2 -2 3 -1 -4 -3
right_child=1 5 4 -5 -6 -7
leaf_value=0.0023569873690886759 0.017694130074669707 -0.0079516555845542004 -0.010393029171717747 -0.004737570423028613 0.0022375058209551752 0.0064301255810165752
leaf_weight=15.618577916175132 1.5670298747718332 1.4719532243907445 4.7454603370279065 6.8459639437496653 1.6524389758706091 1.2292891778051851
leaf_count=109 9 22 53 61 10 8
internal_value=-0.000347723 0.00629976 -0.00145405 7.31567e-05 -0.00687813 -0.000751835
internal_weight=33.1307 4.26827 28.8624 22.4645 6.3979 2.70124
internal_count=272 39 233 170 63 30
is_linear=0
shrinkage=0.01


Tree=317
num_leaves=5
num_cat=0
split_feature=38 14 28 28
split_gain=3.96169 3.66484 5.08828 1.81073
threshold=0.53906868917558659 0.14389147438870606 -7.0142646586391484 -0.88513553928896715
decision_type=2 2 2 2
left_child=-1 2 -2 -3
right_child=1 3 -4 -5
leaf_value=-0.01083255726387875 -0.0029530742362570131 3.8039590089337798e-05 0.0064686934826357683 -0.010234312933164583
leaf_weight=2.7839051000773898 8.6815368570387381 2.5297506228089333 14.780457757413389 3.3405998200178137
leaf_count=33 89 18 95 32
internal_value=0 0.00107573 0.00290496 -0.00569682
internal_weight=32.1163 29.3323 23.462 5.87035
internal_count=267 234 184 50
is_linear=0
shrinkage=0.01


Tree=318
num_leaves=6
num_cat=0
split_feature=21 17 21 13 0
split_gain=3.8049 4.36264 4.26757 3.1176 2.32151
threshold=-1.444776063238002 0.48402559280376239 0.64884000261154429 -1.1476553738061401 -0.0039986134909476773
decision_type=2 2 2 2 2
left_child=1 4 3 -2 -1
right_child=2 -3 -4 -5 -6
leaf_value=0.0050948560445093164 -0.009009697367527986 0.014549265663025336 0.0065625321705782861 -0.00079318177129104287 -0.0088529920900061784
leaf_weight=2.5703982934355736 7.7182026393711629 3.0254003703594208 4.1848151311278334 12.496188389137385 1.7155039124190832
leaf_count=26 77 15 23 106 19
internal_value=-0.000181077 0.0059337 -0.00214418 -0.00411376 -0.000265809
internal_weight=31.7105 7.3113 24.3992 20.2144 4.2859
internal_count=266 60 206 183 45
is_linear=0
shrinkage=0.01


Tree=319
num_leaves=6
num_cat=0
split_feature=36 9 18 27 9
split_gain=3.80547 2.23506 3.68185 2.12202 1.84347
threshold=0.6487385416250161 0.63488460132440194 14.215857142857205 51.092905570207726 0.77257997797817135
decision_type=2 2 2 2 2
left_child=3 2 -2 -1 -3
right_child=1 4 -4 -5 -6
leaf_value=-0.010232025017240609 -0.00056206577882600807 -0.0096580409700257764 0.0072617390953146179 0.0017773527117448933 0.0026302283433759488
leaf_weight=4.1257015429437152 10.89906587824226 2.348491843789815 11.931177187710999 1.7030464746057985 1.7136355862021444
leaf_count=57 84 21 78 12 13
internal_value=0.000560802 0.0022154 0.00348137 -0.00648155 -0.00419129
internal_weight=32.7211 26.8924 22.8302 5.82875 4.06213
internal_count=265 196 162 69 34
is_linear=0
shrinkage=0.01


Tree=320
num_leaves=7
num_cat=0
split_feature=6 35 11 27 28 14
split_gain=3.37976 3.85851 2.64031 5.08895 4.09363 1.46034
threshold=-0.2197639019884447 0.72369821066526596 38.326959633105339 58.554447021020032 -0.20074830226303672 0.074057948993615466
decision_type=2 2 2 2 2 2
left_child=1 5 4 -4 -2 -1
right_child=2 -3 3 -5 -6 -7
leaf_value=0.012686005655559385 0.0067569140576638643 -0.0048503265101145438 -0.0084358205763608706 0.0031955137236670443 -0.0089657034362244214 0.0014887908159713123
leaf_weight=4.0766871199011785 5.9158537015318871 2.3427374213933945 10.414612393826244 5.2915343418717375 1.8952928446233297 2.3073568679392338
leaf_count=25 39 14 119 32 27 17
internal_value=0 0.0051609 -0.00202378 -0.00440573 0.0025049 0.00918673
internal_weight=32.2441 8.72678 23.5173 15.7061 7.81115 6.38404
internal_count=273 56 217 151 66 42
is_linear=0
shrinkage=0.01


Tree=321
num_leaves=4
num_cat=0
split_feature=21 39 17
split_gain=2.76902 3.27248 4.10338
threshold=0.76308606822665925 0.74574927155225901 0.47648500455067555
decision_type=2 2 2
left_child=1 2 -1
right_child=-2 -3 -4
leaf_value=-0.0057687990368355292 0.00746871733935601 0.010384652216064367 0.0025292018209377583
leaf_weight=15.410565955564389 3.5515574142336837 1.7538979426026333 8.9839188084006292
leaf_count=165 18 11 58
internal_value=-0.0003685 -0.00158124 -0.00263825
internal_weight=29.6999 26.1484 24.3945
internal_count=252 234 223
is_linear=0
shrinkage=0.01


Tree=322
num_leaves=6
num_cat=0
split_feature=36 17 0 0 13
split_gain=2.34354 2.84356 3.30678 2.68963 2.66895
threshold=0.72172163093573272 -0.53163874943663425 -0.0059960204963212848 0.059421776917797313 -1.4211418413835735
decision_type=2 2 2 2 2
left_child=1 2 -1 -3 -2
right_child=4 3 -4 -5 -6
leaf_value=0.010636098377378986 0.0031785936869883824 -0.0015975677960797516 -0.0028139685695951254 0.0091785749519722598 -0.010202677966302221
leaf_weight=5.9051991999149323 1.9936647936701772 16.887277275323871 2.1456692479550856 2.3724153712391844 3.4305070750415316
leaf_count=37 14 157 20 15 32
internal_value=0.00070888 0.00196259 0.00683966 -4.74893e-05 -0.00502615
internal_weight=32.7347 27.3106 8.05087 19.2597 5.42417
internal_count=275 229 57 172 46
is_linear=0
shrinkage=0.01


Tree=323
num_leaves=4
num_cat=0
split_feature=39 19 8
split_gain=3.14189 1.89439 3.04534
threshold=0.73419416087416967 19.979648572832478 -0.024637225759431152
decision_type=2 2 2
left_child=1 -1 -3
right_child=-2 2 -4
leaf_value=0.0080466936889920723 0.010405439527113312 -0.0056698548616842545 0.0017966901003546943
leaf_weight=2.5576348267495694 3.2514039464294902 7.6880518347025015 16.596527982503169
leaf_count=24 24 85 115
internal_value=0.00154688 0.000297 -0.000526072
internal_weight=30.0936 26.8422 24.2846
internal_count=248 224 200
is_linear=0
shrinkage=0.01


Tree=324
num_leaves=6
num_cat=0
split_feature=6 35 17 16 26
split_gain=2.27714 2.27497 3.57276 3.57047 1.24313
threshold=0.15291276990800542 0.40262370563726629 0.48402559280376239 0.045684548876921652 20.517642857142881
decision_type=2 2 2 2 2
left_child=1 2 -1 -3 -2
right_child=4 3 -4 -5 -6
leaf_value=0 -0.010063011440743199 0.00099674068072787693 0.0098234201936202702 -0.01096138491011248 0
leaf_weight=10.153730526566507 2.876391537487506 8.7024037763476354 5.5012571886181822 3.0576942786574355 1.7980061993002889
leaf_count=106 30 63 32 20 12
internal_value=-9.77012e-06 0.0010469 0.00356295 -0.00214193 -0.00629853
internal_weight=32.0895 27.4151 15.655 11.7601 4.6744
internal_count=263 221 138 83 42
is_linear=0
shrinkage=0.01


Tree=325
num_leaves=6
num_cat=0
split_feature=17 8 34 8 17
split_gain=3.05222 4.28931 2.95119 2.47033 2.46294
threshold=-0.53492054720193949 -0.016241116054352678 0.86861503856048572 -0.0028845971390543848 -0.73341785490686118
decision_type=2 2 2 2 2
left_child=2 -2 4 -3 -1
right_child=1 3 -4 -5 -6
leaf_value=0 -0.010944242727403512 0.0075453069265480647 -0.0045947373673301808 -0.0021342166437668562 0.012378454121632812
leaf_weight=2.8184198476374149 4.877659227699044 2.7800470069050816 2.482957124710083 16.866964094340801 3.7504588253796083
leaf_count=21 60 18 21 134 24
internal_value=-0.000948816 -0.00282234 0.00384108 -0.00057142 0.00738229
internal_weight=33.5765 24.5247 9.05184 19.647 6.56888
internal_count=278 212 66 152 45
is_linear=0
shrinkage=0.01


Tree=326
num_leaves=6
num_cat=0
split_feature=14 0 9 10 2
split_gain=3.38414 3.61007 2.9959 2.13075 0.674346
threshold=0.14389147438870606 -0.0059960204963212848 -0.08660915645639114 10.641821428571513 4.4300357142856885
decision_type=2 2 2 2 2
left_child=1 3 -3 -1 -2
right_child=4 2 -4 -5 -6
leaf_value=0.0099525004656830854 -1.193780379814246e-06 -0.009700932985158308 0.0012624279965349763 0.00093917519039076218 -0.0088937924011090689
leaf_weight=7.0046820044517535 1.7422278448939312 2.725239146500825 13.177867405116556 5.0260431300848722 3.195658378303051
leaf_count=48 18 33 108 40 25
internal_value=0.000973029 0.00238611 -0.000637705 0.00646369 -0.00631783
internal_weight=32.8717 27.9338 15.9031 12.0307 4.93789
internal_count=272 229 141 88 43
is_linear=0
shrinkage=0.01


Tree=327
num_leaves=5
num_cat=0
split_feature=33 6 33 13
split_gain=2.18649 3.4756 3.80825 1.97657
threshold=0.72145671913532206 0.079890333590929993 0.36977610344891354 -1.0634034569157698
decision_type=2 2 2 2
left_child=1 2 -1 -2
right_child=3 -3 -4 -5
leaf_value=0.003164201916102412 0.01110525758476835 -0.0086737003724102844 -0.0058682641177198458 -0.00018432062741798082
leaf_weight=15.231341987848291 2.7109902091324329 4.8764624372124663 6.3328713849186888 2.4918441101908675
leaf_count=109 19 52 59 25
internal_value=-5.49406e-05 -0.00129683 0.000375996 0.00561951
internal_weight=31.6435 26.4407 21.5642 5.20283
internal_count=264 220 168 44
is_linear=0
shrinkage=0.01


Tree=328
num_leaves=5
num_cat=0
split_feature=30 38 38 21
split_gain=3.34425 4.01643 3.86202 3.23093
threshold=0.058911269275922926 0.70910387070117686 0.73040443474703132 0.12566788182833966
decision_type=2 2 2 2
left_child=2 -2 3 -1
right_child=1 -3 -4 -5
leaf_value=-0.0015021200271375229 0 0.017275881072766147 -0.010124375810520551 0.0070675589391230725
leaf_weight=18.867006357759244 3.6457330882549277 2.0758286155760288 3.7344413865357629 5.3730829767882815
leaf_count=173 28 10 47 29
internal_value=0.000337794 0.00714535 -0.00104484 0.000379123
internal_weight=33.6961 5.72156 27.9745 24.2401
internal_count=287 38 249 202
is_linear=0
shrinkage=0.01


Tree=329
num_leaves=4
num_cat=0
split_feature=30 22 4
split_gain=2.97082 2.88809 2.91259
threshold=0.058911269275922926 0.18044101780945981 -0.43209354718874232
decision_type=2 2 2
left_child=1 2 -1
right_child=-2 -3 -4
leaf_value=0.0010797559512840758 0.0078974878374640407 0.0092912263796053225 -0.0053938765563968779
leaf_weight=14.43798636645079 4.1617200598120681 2.2129238694906226 12.311079051345587
leaf_count=122 27 13 113
internal_value=0.000253573 -0.000846184 -0.00185253
internal_weight=33.1237 28.962 26.7491
internal_count=275 248 235
is_linear=0
shrinkage=0.01


Tree=330
num_leaves=5
num_cat=0
split_feature=2 20 21 5
split_gain=2.70704 3.71702 2.57559 2.55589
threshold=7.2313214285714897 -13.541615331685987 0.76308606822665925 -1.9937455194645703
decision_type=2 2 2 2
left_child=1 -1 -2 -3
right_child=2 3 -4 -5
leaf_value=0.011886824319713387 -0.0096603308957233722 -0.0040880999855310044 0.0017491913552869019 0.0028663463699193227
leaf_weight=2.77422588691116 4.5885711759328833 8.4178846366703564 2.7568064443767071 13.078142501413817
leaf_count=18 41 83 16 106
internal_value=0 0.00159744 -0.005216 3.24282e-05
internal_weight=31.6156 24.2703 7.34538 21.496
internal_count=264 207 57 189
is_linear=0
shrinkage=0.01


Tree=331
num_leaves=5
num_cat=0
split_feature=4 9 14 8
split_gain=4.49385 3.22358 4.04367 2.64884
threshold=-5.6006274582014148 -0.16656896616834063 -0.17930017485122435 0.008172258398757324
decision_type=2 2 2 2
left_child=-1 2 -2 -3
right_child=1 3 -4 -5
leaf_value=0.0092761771685527222 0.0011742000325020237 0.006144883475524855 -0.011143274942664792 -0.001898008356227077
leaf_weight=3.8290203288197509 3.9492302052676678 5.6845194678753641 6.2522704787552374 12.295158285647629
leaf_count=22 34 49 71 93
internal_value=-0.000397841 -0.00186635 -0.00628713 0.000594565
internal_weight=32.0102 28.1812 10.2015 17.9797
internal_count=269 247 105 142
is_linear=0
shrinkage=0.01


Tree=332
num_leaves=4
num_cat=0
split_feature=8 17 17
split_gain=2.40327 4.61611 2.40491
threshold=0.13019474634826897 0.58705766955031946 -0.53163874943663425
decision_type=2 2 2
left_child=1 2 -1
right_child=-2 -3 -4
leaf_value=0.0023915827807805762 -0.0081416669444641897 0.0092037762871981007 -0.0040505625664090522
leaf_weight=9.2988807857036644 3.3393201231956473 4.7218364328145972 13.584294039756061
leaf_count=70 25 27 141
internal_value=-0.00047026 0.000463615 -0.00134937
internal_weight=30.9443 27.605 22.8832
internal_count=263 238 211
is_linear=0
shrinkage=0.01


Tree=333
num_leaves=6
num_cat=0
split_feature=36 30 0 30 36
split_gain=2.7491 3.58447 2.86297 2.37366 0.130686
threshold=0.6619770424382313 -0.35140162650199064 0.040865192079704453 -0.18196497131729047 0.53999843829355798
decision_type=2 2 2 2 2
left_child=3 -2 -3 -1 -5
right_child=1 2 -4 4 -6
leaf_value=0.0037626949124517496 -0.0075798551548117831 0.0050746577743940929 -0.0042729349938457608 -0.0023072378270361502 -0.010307400468172105
leaf_weight=1.550565756857395 3.2573500163853195 16.157732972875241 3.6170336492359629 1.1813332960009599 3.8067508619278669
leaf_count=15 35 108 25 20 44
internal_value=-3.24285e-05 0.00153505 0.00322694 -0.00567138 -0.0090293
internal_weight=29.5708 23.0321 19.7748 6.53865 4.98808
internal_count=247 168 133 79 64
is_linear=0
shrinkage=0.01


Tree=334
num_leaves=5
num_cat=0
split_feature=38 38 19 29
split_gain=2.388 4.17941 2.85985 2.3746
threshold=0.53906868917558659 0.59543619065727926 65.58510210144776 -1.5055628331372577
decision_type=2 2 2 2
left_child=-1 3 -3 -2
right_child=1 2 -4 -5
leaf_value=-0.0078698209498769631 0 -0.0026814516849819575 0.0069893557565111151 0.011197742002206631
leaf_weight=2.717925317585471 2.352870661765337 16.669005824252967 3.3757896274328223 5.2742608636617687
leaf_count=34 18 156 19 28
internal_value=0.000486263 0.0014541 -0.000875416 0.00763
internal_weight=30.3899 27.6719 20.0448 7.62713
internal_count=255 221 175 46
is_linear=0
shrinkage=0.01


Tree=335
num_leaves=5
num_cat=0
split_feature=4 8 29 28
split_gain=2.31771 3.16468 3.36258 2.31937
threshold=-5.6006274582014148 -0.014382937298113617 -0.63379637597526506 -0.94463150276169461
decision_type=2 2 2 2
left_child=-1 3 -3 -2
right_child=1 2 -4 -5
leaf_value=0.0076097203020756045 -0.0093813338203333416 0.0043474534521939934 -0.0051894814941905497 0
leaf_weight=3.751690797507762 5.203364871442318 14.292182736098768 4.52154367417097 4.745904993265869
leaf_count=24 60 96 43 43
internal_value=0.000499378 -0.000428218 0.00190531 -0.00496258
internal_weight=32.5147 28.763 18.8137 9.94927
internal_count=266 242 139 103
is_linear=0
shrinkage=0.01


Tree=336
num_leaves=5
num_cat=0
split_feature=6 38 12 36
split_gain=2.5065 1.88014 1.63224 2.05552
threshold=0.13115926766725244 0.65028467613910379 2.8758334144386031 0.67586438436995888
decision_type=2 2 2 2
left_child=2 -2 3 -1
right_child=1 -3 -4 -5
leaf_value=-0.0032344259342003945 0.00043517192782244001 -0.009885599277761949 0.0087319516003957418 0.003530427344753913
leaf_weight=5.5281004291027847 3.5725680924952021 2.6085035037249327 4.0464636236429206 16.948377266526222
leaf_count=65 27 27 25 121
internal_value=0.00160373 -0.00386773 0.0029824 0.00175811
internal_weight=32.704 6.18107 26.5229 22.4765
internal_count=265 54 211 186
is_linear=0
shrinkage=0.01


Tree=337
num_leaves=6
num_cat=0
split_feature=18 18 33 18 29
split_gain=2.9022 3.61352 3.36929 2.22646 1.17656
threshold=9.9386785714286514 14.215857142857205 0.38179660810721794 12.979892857142822 -0.95455964913946934
decision_type=2 2 2 2 2
left_child=4 3 -3 -2 -1
right_child=1 2 -4 -5 -6
leaf_value=0.012847767323880963 -0.00092043433139129367 0.005995294290745066 -0.0025597888369417181 -0.010302943235480463 0.0015313199767555865
leaf_weight=2.1715150810778141 6.8459975682199019 10.120734207332136 7.6226505953818551 4.3685561493039131 2.3501747697591773
leaf_count=12 58 64 77 45 22
internal_value=0.00063143 -0.000494985 0.00222769 -0.00492223 0.00784201
internal_weight=33.4796 28.9579 17.7434 11.2146 4.52169
internal_count=278 244 141 103 34
is_linear=0
shrinkage=0.01


Tree=338
num_leaves=8
num_cat=0
split_feature=0 9 38 12 32 29 5
split_gain=3.33022 5.65533 2.12943 2.49838 1.91403 1.87079 1.60678
threshold=-0.0059960204963212848 0.45560029367808202 0.67413296329423322 -0.39031405785681267 0.29890150834556245 -0.96289330082969216 0.11010989286857763
decision_type=2 2 2 2 2 2 2
left_child=2 6 3 -1 -3 -4 -2
right_child=1 4 5 -5 -6 -7 -8
leaf_value=0.0088611532068496954 -0.010903176712335958 -0.00076851720846202599 -0.0091099565613944576 -0.00096761564136366792 0.0088273064943929554 0.0021829566488985519 0
leaf_weight=7.2136402018368253 6.9851761665195244 5.612482186406849 1.9364759866148231 3.3385771624743947 2.7071777507662773 3.5698848590254775 1.4032095894217489
leaf_count=39 89 39 22 30 18 27 9
internal_value=-0.000155794 -0.00330925 0.00300346 0.00562639 0.00232044 -0.00170957 -0.00901035
internal_weight=32.7666 16.708 16.0586 10.5522 8.31966 5.50636 8.38839
internal_count=273 155 118 69 57 49 98
is_linear=0
shrinkage=0.01


Tree=339
num_leaves=8
num_cat=0
split_feature=0 1 32 38 30 5 21
split_gain=2.71437 4.83696 3.08999 2.43942 2.70937 1.93542 1.46057
threshold=-0.0059960204963212848 -0.50903828458466494 0.22065167646482672 0.6608773836493701 -0.19162096341909793 -2.4732842379330351 -0.66780096477683615
decision_type=2 2 2 2 2 2 2
left_child=1 6 -3 5 -5 -2 -1
right_child=3 2 -4 4 -6 -7 -8
leaf_value=0.00062938544314907559 0 0.012599860178193551 0 0.0086306645954682681 -0.0026706622244598395 -0.010534960351260598 -0.00800867732128723
leaf_weight=4.7641233876347542 2.2344313263893154 5.4404612369835395 2.4823684059083462 2.7094330377876759 6.6722171790897828 4.6131346300244331 2.6156955175101757
leaf_count=41 20 27 26 19 55 54 20
internal_value=0.000170436 0.00321826 0.00855872 -0.00258863 0.000552899 -0.00701511 -0.00236511
internal_weight=31.5319 15.3026 7.92283 16.2292 9.38165 6.84757 7.37982
internal_count=262 114 53 148 74 74 61
is_linear=0
shrinkage=0.01


Tree=340
num_leaves=8
num_cat=0
split_feature=20 19 4 27 20 21 4
split_gain=2.04784 3.53461 3.36311 3.01955 2.35007 2.02674 1.21141
threshold=0.34635879518282314 47.415525029848361 -0.082232026631118046 58.554447021020032 -3.8441868411737228 -0.80549206453336397 -4.0253681573844906
decision_type=2 2 2 2 2 2 2
left_child=1 2 -1 6 -3 -5 -2
right_child=3 4 -4 5 -6 -7 -8
leaf_value=0.0022877837252304077 0 1.7535322794605601e-05 -0.0094082422473869137 -0.002655456374568454 0.014200186280930839 0.0074733555214149955 -0.009797423227085841
leaf_weight=9.7233160864561814 1.8215656504034994 2.2182558327913284 2.9330315515399006 4.0763800926506519 3.1069205403327933 3.1146233081817627 4.9954668246209604
leaf_count=82 9 18 44 32 17 17 48
internal_value=7.2523e-05 0.00234866 -0.000423419 -0.00269746 0.00896382 0.00158823 -0.00737565
internal_weight=31.9896 17.9815 12.6563 14.008 5.32518 7.191 6.81703
internal_count=267 161 126 106 35 49 57
is_linear=0
shrinkage=0.01


Tree=341
num_leaves=6
num_cat=0
split_feature=18 36 36 1 5
split_gain=2.97626 6.8476 4.71722 3.65567 3.49856
threshold=11.285892857142798 0.71329671413517681 0.6619770424382313 -0.0096398629857384292 -0.65523542271276292
decision_type=2 2 2 2 2
left_child=1 3 -2 -1 -4
right_child=2 -3 4 -5 -6
leaf_value=0.016859168641870294 -0.010522273257983947 -0.0095927463439483794 -0.0021498404737922529 0.00033393683307274887 0.0076991405067490084
leaf_weight=3.3431472219526768 4.8728278987109688 2.0067267939448357 14.41926995106042 2.5385823100805309 4.4624570086598352
leaf_count=17 59 15 124 26 26
internal_value=-0.000224358 0.0049143 -0.00205396 0.0104127 0.000157585
internal_weight=31.643 7.88846 23.7546 5.88173 18.8817
internal_count=267 58 209 43 150
is_linear=0
shrinkage=0.01


Tree=342
num_leaves=4
num_cat=0
split_feature=22 0 36
split_gain=2.46208 3.64245 3.69727
threshold=-0.37617367034231852 0.059421776917797313 0.67586438436995888
decision_type=2 2 2
left_child=-1 2 -2
right_child=1 -3 -4
leaf_value=0.0093506983717060246 -0.0080062775108136648 0.010664308294387057 0.00077337928769742137
leaf_weight=2.7704800665378597 5.9360448662191692 2.5355323106050482 19.37637079320848
leaf_count=18 77 15 144
internal_value=0.000848682 -1.67407e-05 -0.00127712
internal_weight=30.6184 27.8479 25.3124
internal_count=254 236 221
is_linear=0
shrinkage=0.01


Tree=343
num_leaves=6
num_cat=0
split_feature=22 26 8 14 36
split_gain=3.51695 4.26593 2.70663 3.61561 0.187716
threshold=-0.22141617844403541 17.949464285714289 0.13308116576951706 0.14587032880721834 0.71961635998348639
decision_type=2 2 2 2 2
left_child=1 -1 3 -2 -3
right_child=2 4 -4 -5 -6
leaf_value=0.0058945553547235397 0.0050498960950966943 -0.01125653027090971 -0.0072049091295136097 -0.005475312457510385 -0.0028809392627839893
leaf_weight=1.9028736054897333 16.666164498776205 4.7633777242153883 2.5824792459607115 3.6117108091711989 1.2938367146998642
leaf_count=15 120 55 19 37 13
internal_value=-0.00022851 -0.00588406 0.00170513 0.00302556 -0.0100025
internal_weight=30.8204 7.96009 22.8604 20.2779 6.05721
internal_count=259 83 176 157 68
is_linear=0
shrinkage=0.01


Tree=344
num_leaves=6
num_cat=0
split_feature=11 27 30 11 1
split_gain=2.54895 2.00621 2.5778 0.981034 0.644452
threshold=64.146845591846869 28.991651307596211 -0.097540885654432655 30.519243320198246 0.2833889330529385
decision_type=2 2 2 2 2
left_child=1 3 -3 -1 -2
right_child=4 2 -4 -5 -6
leaf_value=0 -0.010260119751901893 0.00076050702461507029 0.0085433353954773462 -0.0089597990640321902 -0.00087418218330845201
leaf_weight=2.1727306246757534 2.16935110092163 20.389833819121126 5.3703473396599284 2.1004396956413984 1.8633241206407545
leaf_count=25 16 157 37 29 14
internal_value=0.000353605 0.00143008 0.00253945 -0.00454815 -0.00674571
internal_weight=34.066 30.0334 25.7602 4.27317 4.03268
internal_count=278 248 194 54 30
is_linear=0
shrinkage=0.01


Tree=345
num_leaves=6
num_cat=0
split_feature=14 39 18 3 26
split_gain=2.62066 2.94929 2.37138 1.934 1.68593
threshold=0.14389147438870606 0.61278117952145605 11.285892857142798 29.01682559796178 20.890928571428571
decision_type=2 2 2 2 2
left_child=1 4 -3 -2 -1
right_child=3 2 -4 -5 -6
leaf_value=-0.0091459421721998106 0.0012721139996705964 0.0099848059398239403 0.0010294663265390926 -0.010696751113000115 0.0016629664389287877
leaf_weight=3.6635136455297497 1.5888300649821747 3.3772054165601757 19.607739804312587 3.4575309008359909 1.7073816880583761
leaf_count=42 11 18 163 34 11
internal_value=-0.000222297 0.000917742 0.00254287 -0.00669438 -0.00545097
internal_weight=33.4022 28.3558 22.9849 5.04636 5.3709
internal_count=279 234 181 45 53
is_linear=0
shrinkage=0.01


Tree=346
num_leaves=8
num_cat=0
split_feature=38 22 8 8 38 19 33
split_gain=2.52764 2.85059 2.29814 4.55818 1.68992 0.343907 0.237467
threshold=0.69892906881961825 -0.19361189661802999 0.054413417026415507 -0.0091323456738324066 0.73327680832213959 49.252822320747789 0.75535956869221044
decision_type=2 2 2 2 2 2 2
left_child=2 6 3 -1 -3 -4 -2
right_child=1 4 5 -5 -6 -7 -8
leaf_value=-0.0048919244545345209 -0.0076509858335182101 0.010051540886453251 -0.002916501679182908 0.0054261454012531378 0 -0.010453243233400132 0
leaf_weight=9.928807940334087 1.3258177042007449 4.7381762117147428 2.2105695009231559 7.0063413903117207 2.4273150563240051 3.1417568847537041 0.8893996663391589
leaf_count=90 21 27 17 54 19 24 14
internal_value=-0.000585349 0.00361341 -0.00246565 -0.000486986 0.00674887 -0.00801433 -0.00532889
internal_weight=31.6682 9.38071 22.2875 16.9351 7.16549 5.35233 2.21522
internal_count=266 81 185 144 46 41 35
is_linear=0
shrinkage=0.01


Tree=347
num_leaves=7
num_cat=0
split_feature=16 16 38 9 25 18
split_gain=3.29994 2.69646 2.96615 2.69348 1.84622 0.824968
threshold=-0.17404951636539281 0.030459798208810968 0.70727398274179742 -0.17440716018734284 0.54896986209906762 15.436178571428531
decision_type=2 2 2 2 2 2
left_child=3 4 -3 5 -2 -1
right_child=1 2 -4 -5 -6 -7
leaf_value=-0.00071903744064322878 -0.0054871058374715079 -0.00062868254468786662 0.0093201917073460483 0.016131894978082623 0.0056423011768393918 0.0068338604046337161
leaf_weight=2.6780638881027699 9.6327801216393727 7.623262479901312 4.2826050817966461 2.1614149659872082 1.3319851756095875 2.0229664258658886
leaf_count=22 120 54 27 9 9 13
internal_value=0.00152752 -0.000240154 0.00292724 0.00746125 -0.00384332 0.00234621
internal_weight=29.7331 22.8706 11.9059 6.86245 10.9648 4.70103
internal_count=254 210 81 44 129 35
is_linear=0
shrinkage=0.01


Tree=348
num_leaves=7
num_cat=0
split_feature=18 18 8 12 34 36
split_gain=3.25643 6.99936 3.7504 2.54396 1.11423 1.02409
threshold=11.096750000000029 14.215857142857205 -0.016241116054352678 -2.1852620393756292 0.50728952364698887 0.72134696233212992
decision_type=2 2 2 2 2 2
left_child=3 5 -3 -1 -5 -2
right_child=1 2 -4 4 -6 -7
leaf_value=0.012074089639028555 -0.010641906555167531 -0.0040898189375444451 0.0057860364820702453 -0.004928358446363924 0.0051792561223874822 -0.00082598449749126041
leaf_weight=3.4819818288087845 6.1997671499848384 5.3129106368869605 11.109769750386471 1.7676291279494791 1.9816002175211904 1.8839502483606336
leaf_count=17 68 53 76 22 15 16
internal_value=0.00048002 -0.00120583 0.00245544 0.00627933 0 -0.00870423
internal_weight=31.7376 24.5064 16.4227 7.23121 3.74923 8.08372
internal_count=267 213 129 54 37 84
is_linear=0
shrinkage=0.01


Tree=349
num_leaves=6
num_cat=0
split_feature=9 8 34 24 11
split_gain=2.32523 3.54834 2.72236 2.59984 2.03988
threshold=0.61947494700516936 -0.016241116054352678 0.12014145364891378 -0.10436400054507351 58.671680029323817
decision_type=2 2 2 2 2
left_child=1 3 -3 -1 -2
right_child=4 2 -4 -5 -6
leaf_value=0.0013823950362434737 -0.0100027977524844 -0.00069675359596964737 0.0080758123553092472 -0.0081004492603009345 0.0022888301835166116
leaf_weight=7.5039698332548168 3.0285976864397517 4.625373486429452 10.387280207127331 4.1060389988124397 1.7422063574194906
leaf_count=58 30 42 67 57 11
internal_value=0.000863047 0.00207907 0.00528169 -0.00192298 -0.00524986
internal_weight=31.3935 26.6227 15.0127 11.61 4.7708
internal_count=265 224 109 115 41
is_linear=0
shrinkage=0.01


Tree=350
num_leaves=6
num_cat=0
split_feature=29 1 29 1 35
split_gain=3.54241 2.92675 2.31057 2.26963 1.74393
threshold=-0.63379637597526506 -0.66698274791718015 0.78686149386041448 -0.1776314389102229 0.54866662853218429
decision_type=2 2 2 2 2
left_child=1 -1 4 -3 -2
right_child=2 3 -4 -5 -6
leaf_value=-0.0065173612817147576 -0.010731562687567265 0.0083414011209070413 0.002379782212423485 0.0011301086688227462 0
leaf_weight=2.6856393963098588 4.9075914509594423 7.2158639430999818 2.6985741443932056 12.590994780883188 1.6884016357362268
leaf_count=28 56 49 17 104 11
internal_value=0.000335948 0.00253603 -0.00469255 0.00394199 -0.00785368
internal_weight=31.7871 22.4925 9.29457 19.8069 6.59599
internal_count=265 181 84 153 67
is_linear=0
shrinkage=0.01


Tree=351
num_leaves=7
num_cat=0
split_feature=5 24 24 16 33 21
split_gain=2.69807 3.81386 2.48357 2.20512 2.14815 2.14739
threshold=-1.5344868921523023 0.11119205295248812 0.13819466586788773 0.032788135142840701 0.29920113252999669 -2.0770356190672365
decision_type=2 2 2 2 2 2
left_child=1 5 3 -2 -3 -1
right_child=2 4 -4 -5 -6 -7
leaf_value=0.0035947459271346831 0.0026348039327649731 0.010639676071090613 -0.0035941161508788013 0.012349317373050344 -0.0013166605298447886 -0.0076146028367361672
leaf_weight=1.6276566237211199 10.49639565870166 2.4825270771980277 3.5874274969100943 3.1909022256731978 2.597530759871006 9.289846982806921
leaf_count=13 79 14 26 18 18 105
internal_value=0.000514754 -0.00235025 0.00327657 0.00525882 0.00442191 -0.0057137
internal_weight=33.2723 15.9976 17.2747 13.6873 5.08006 10.9175
internal_count=273 150 123 97 32 118
is_linear=0
shrinkage=0.01


Tree=352
num_leaves=5
num_cat=0
split_feature=14 14 0 33
split_gain=3.58725 3.32912 4.30723 2.08261
threshold=0.16352254688879775 0.0400253900705815 -0.0059960204963212848 0.36428177155288982
decision_type=2 2 2 2
left_child=1 2 -1 -3
right_child=-2 3 -4 -5
leaf_value=0.0044643210404659997 -0.0082848564389605486 0.012322788446020912 -0.0050085365749399776 0.0016738552415279659
leaf_weight=8.8103353846818262 3.6712946519255629 3.77429251372814 9.7575066629797238 4.4779867976903915
leaf_count=68 37 24 103 29
internal_value=0.00050666 0.00186217 -0.000408204 0.00703956
internal_weight=30.4914 26.8201 18.5678 8.25228
internal_count=261 224 171 53
is_linear=0
shrinkage=0.01


Tree=353
num_leaves=5
num_cat=0
split_feature=10 10 35 38
split_gain=2.64544 3.19961 3.31028 2.4317
threshold=14.892392857142829 11.578428571428603 0.50911821150621661 0.56229006942758786
decision_type=2 2 2 2
left_child=1 2 -1 -3
right_child=-2 3 -4 -5
leaf_value=0.0044284859032579808 0.0093838398243027803 0.0038487583634117819 -0.0036034226734549925 -0.010072186172927607
leaf_weight=14.745629955083141 3.0155470818281165 1.2858434319496144 7.2766484916210166 4.4040543381124735
leaf_count=116 14 6 62 58
internal_value=0.000939917 0 0.00167221 -0.00655714
internal_weight=30.7277 27.7122 22.0223 5.6899
internal_count=256 242 178 64
is_linear=0
shrinkage=0.01


Tree=354
num_leaves=6
num_cat=0
split_feature=36 17 34 35 33
split_gain=3.19555 2.04156 2.49406 2.1477 0.623863
threshold=0.71961635998348639 -0.53163874943663425 0.62264197682743305 0.31030770728788221 0.2472958014030581
decision_type=2 2 2 2 2
left_child=1 3 -3 -1 -2
right_child=4 2 -4 -5 -6
leaf_value=0.010084011373672213 -0.001958702959017782 -0.0033201444685613656 0.0041816607392934496 0 -0.0099682144991317806
leaf_weight=4.0693499706685561 2.647456068545579 12.34595310688019 6.4159524478018275 3.9565135203301907 3.1314141359180212
leaf_count=29 19 119 41 25 32
internal_value=-0.000309271 0.00110063 -0.000624416 0.00525064 -0.0069056
internal_weight=32.5666 26.7878 18.7619 8.02586 5.77887
internal_count=265 214 160 54 51
is_linear=0
shrinkage=0.01


Tree=355
num_leaves=8
num_cat=0
split_feature=18 33 18 33 34 11 8
split_gain=2.25257 4.96737 4.70885 3.02477 2.15606 1.63761 1.11715
threshold=15.046928571428682 0.36977610344891354 13.168250000000009 0.72145671913532206 0.57797369439270263 57.775750480600003 0.10343028640972439
decision_type=2 2 2 2 2 2 2
left_child=2 4 5 -3 -2 -1 -4
right_child=1 3 6 -5 -6 -7 -8
leaf_value=-0.0002945334740563502 0.0041279502457414602 -0.010401175962648935 -0.010612976705813742 0.0040327698506555758 0.016787257662693483 0.0076883135673401415 0
leaf_weight=9.4373301491141373 4.8923474177718145 2.7649636194109917 5.1880954615771762 2.2781901061534882 2.2194831520318985 3.0232475697994223 1.4533187523484228
leaf_count=81 34 31 58 20 11 19 8
internal_value=0.000178674 0.00355255 -0.00188685 -0.00364616 0.00886811 0.00162079 -0.0085416
internal_weight=31.257 12.155 19.102 5.04315 7.11183 12.4606 6.64141
internal_count=262 96 166 51 45 100 66
is_linear=0
shrinkage=0.01


Tree=356
num_leaves=5
num_cat=0
split_feature=17 17 25 2
split_gain=2.64447 2.91362 2.32475 1.22624
threshold=-0.78992060580479639 -0.61244653358694301 -0.10695514327957818 6.2287857142857455
decision_type=2 2 2 2
left_child=-1 3 -3 -2
right_child=1 2 -4 -5
leaf_value=-0.0093669002254624014 0.0017706266841278273 -0.0040144999458654809 0.0022142163199721844 0.013475741656811344
leaf_weight=2.2048943266272572 2.2641923837363782 9.1364783700555616 16.097968839108937 2.2119076550006866
leaf_count=23 18 83 125 15
internal_value=0.000414486 0.00129341 0 0.0084567
internal_weight=31.9154 29.7105 25.2344 4.4761
internal_count=264 241 208 33
is_linear=0
shrinkage=0.01


Tree=357
num_leaves=8
num_cat=0
split_feature=17 9 4 17 4 9 21
split_gain=3.41256 5.00918 2.25269 1.94225 2.77278 2.499 1.63322
threshold=0.45560029367808202 0.62479660720363472 -0.051109807200191419 -0.53163874943663425 -2.4020073155461428 -0.74257057116941916 -1.2870150754734817
decision_type=2 2 2 2 2 2 2
left_child=3 2 -2 5 -5 -1 -3
right_child=1 6 -4 4 -6 -7 -8
leaf_value=-0.0058198732249606158 0.015712391884280856 0.0022921874224918893 0.002906682228892558 -0.011152320467136023 -0.0002175126167779905 0.0056984371119303857 -0.0091453484772404236
leaf_weight=2.3133953399956226 3.7916767299175262 2.3099536597728729 2.9866647049784643 3.4897660557180661 7.0271344538778067 5.7934228852391261 1.8588576093316076
leaf_count=24 18 15 19 40 77 38 16
internal_value=0.00112944 0.00551983 0.0107148 -0.00139217 -0.00423952 0.00208323 -0.0026318
internal_weight=29.5709 10.9472 6.77834 18.6237 10.5169 8.10682 4.16881
internal_count=247 68 37 179 117 62 31
is_linear=0
shrinkage=0.01


Tree=358
num_leaves=4
num_cat=0
split_feature=9 4 29
split_gain=3.31861 2.34292 2.12015
threshold=-0.7962465918805729 -5.6006274582014148 -0.63379637597526506
decision_type=2 2 2
left_child=-1 -2 -3
right_child=1 2 -4
leaf_value=-0.0096658763574737523 0.0084274760402137504 0.001929961751852227 -0.0043871370262198017
leaf_weight=2.691553220152854 3.7683894485235241 19.678513942286376 6.8971499279141417
leaf_count=31 19 155 64
internal_value=0.000310573 0.00134673 0.000185405
internal_weight=33.0356 30.3441 26.5757
internal_count=269 238 219
is_linear=0
shrinkage=0.01


Tree=359
num_leaves=8
num_cat=0
split_feature=8 9 24 17 0 0 8
split_gain=2.23377 4.25061 3.59697 2.47602 2.60735 1.01466 0.535143
threshold=-0.016241116054352678 0.08487562723007637 0.13819466586788773 -0.52765479724350917 -0.012798282722832918 -0.0027339626915535782 -0.02699856997204865
decision_type=2 2 2 2 2 2 2
left_child=3 5 -3 4 -1 -2 -5
right_child=1 2 -4 6 -6 -7 -8
leaf_value=0.0040147827608018084 0.014670276923604461 0.0031074195384869492 -0.0073314650570161597 -0.010309390487801178 -0.0088865257558035128 0.0024905272589897868 0
leaf_weight=5.5131130442023277 2.5952081605792046 9.9369078278541547 4.5570425391197196 3.6126365270465612 1.8251616656780241 1.6738793477416063 0.95747734420001673
leaf_count=39 15 73 34 47 21 20 13
internal_value=0.000194904 0.00239157 -0.000121595 -0.0030761 0.000321157 0.0108095 -0.00862552
internal_weight=30.6714 18.763 14.494 11.9084 7.33827 4.26909 4.57011
internal_count=262 142 107 120 60 35 60
is_linear=0
shrinkage=0.01


Tree=360
num_leaves=6
num_cat=0
split_feature=8 9 1 26 28
split_gain=2.81482 3.59693 2.45088 2.09439 1.27639
threshold=-0.016241116054352678 0.63488460132440194 0.55324209533962498 23.004642857142802 -7.762142450776536
decision_type=2 2 2 2 2
left_child=3 2 -2 4 -1
right_child=1 -3 -4 -5 -6
leaf_value=0 0.0045900874560492536 -0.0079141678963097744 -0.0051924087423985974 0.0032458975086838131 -0.010041794129335081
leaf_weight=1.3559510465711353 13.763112809509044 3.5107334516942492 2.6928064599633208 1.585432071238756 6.004521796479823
leaf_count=18 102 32 19 14 67
internal_value=-0.00128081 0.000732842 0.00280564 -0.0058694 -0.00814413
internal_weight=28.9126 19.9667 16.4559 8.9459 7.36047
internal_count=252 153 121 99 85
is_linear=0
shrinkage=0.01


Tree=361
num_leaves=8
num_cat=0
split_feature=1 4 35 22 26 35 4
split_gain=1.98108 3.14739 4.67168 2.13895 2.15256 1.23489 0.561653
threshold=-0.1776314389102229 0.66886163331173532 0.22194485000567468 -0.21086587899762105 17.846321428571468 0.8647349746447377 2.4797087501651736
decision_type=2 2 2 2 2 2 2
left_child=1 2 -1 5 -5 -2 -3
right_child=3 6 -4 4 -6 -7 -8
leaf_value=0.013126880110885107 -0.01032776158224482 -0.008935927202088214 5.471794755535836e-05 -0.0091004203455165352 0.00181936795989311 0 0
leaf_weight=4.2309787124395353 3.7347079180181018 1.7341944128274911 7.6926131621003151 1.8609220199286962 10.664613276720045 1.5184962823987005 1.5548859238624571
leaf_count=29 46 18 56 27 79 12 12
internal_value=0 0.00260339 0.0050652 -0.0022677 0 -0.00743363 -0.00544135
internal_weight=32.9914 15.2127 11.9236 17.7787 12.5255 5.2532 3.28908
internal_count=279 115 85 164 106 58 30
is_linear=0
shrinkage=0.01


Tree=362
num_leaves=7
num_cat=0
split_feature=8 3 8 8 37 29
split_gain=3.46822 4.15731 4.32352 3.12934 2.32132 0.673542
threshold=-0.024637225759431152 62.280630429146775 -0.0057050822261461879 -0.18579798878330792 0.66139866034653905 -1.1658331592493225
decision_type=2 2 2 2 2 2
left_child=3 2 -2 -1 -3 -5
right_child=1 4 -4 5 -6 -7
leaf_value=0.0049574853911641282 0.012059864891435481 0.017026720793300715 -0.0015299800209472999 -0.0022075065291071077 0.0032855643413264956 -0.0093459439036771823
leaf_weight=2.8304280489683151 2.5070157423615447 2.7400207817554465 13.2668255828321 3.4310976061969995 3.1146941445767879 4.321112532168625
leaf_count=20 17 13 116 46 20 45
internal_value=0.00123557 0.00356047 0.000690268 -0.00329939 0.0105579 -0.00663483
internal_weight=32.2112 21.6286 15.7738 10.5826 5.85471 7.75221
internal_count=277 166 133 111 33 91
is_linear=0
shrinkage=0.01


Tree=363
num_leaves=5
num_cat=0
split_feature=8 17 5 10
split_gain=3.02651 3.33341 3.19495 2.09912
threshold=0.13308116576951706 0.45560029367808202 0.50533468098937384 9.6686071428571285
decision_type=2 2 2 2
left_child=1 2 -1 -3
right_child=-2 3 -4 -5
leaf_value=-0.0026108635936465396 -0.010061805678699749 0.00078882579731421058 0.010680294014684583 0.010448493462770322
leaf_weight=17.886573234573017 2.3517663851380339 5.09297828376293 1.6763195395469654 4.6877119615674019
leaf_count=184 19 32 9 24
internal_value=0.000103504 0.00107926 -0.00122716 0.0057901
internal_weight=31.6953 29.3436 19.5629 9.78069
internal_count=268 249 193 56
is_linear=0
shrinkage=0.01


Tree=364
num_leaves=6
num_cat=0
split_feature=6 21 20 8 16
split_gain=2.30267 2.16142 2.54229 1.7719 0.846024
threshold=0.13115926766725244 -1.444776063238002 -1.0000000180025095e-35 -0.18821191837031215 -0.13379298176175744
decision_type=2 2 2 2 2
left_child=1 2 -1 -3 -2
right_child=4 3 -4 -5 -6
leaf_value=0.011674533823681625 0 0.0061379972423445733 -0.00028015867588453635 -0.0020481069461242302 -0.0087088865563925665
leaf_weight=3.0374146699905396 1.3954942338168619 2.6654616892337826 3.1153237260878113 20.167099749669433 3.9777853228151789
leaf_count=23 12 15 24 173 42
internal_value=-0.000652036 0.000419634 0.00557995 -0.000938798 -0.00650202
internal_weight=34.3586 28.9853 6.15274 22.8326 5.37328
internal_count=289 235 47 188 54
is_linear=0
shrinkage=0.01


Tree=365
num_leaves=7
num_cat=0
split_feature=37 19 5 16 2 14
split_gain=3.98852 3.43413 2.34171 1.6844 1.3392 1.78937
threshold=0.66329182948997978 41.278127660398603 -1.2185656575976773 -0.1814682822716622 7.9094285714285055 0.05956297709183421
decision_type=2 2 2 2 2 2
left_child=1 2 -1 -3 5 -2
right_child=4 3 -4 -5 -6 -7
leaf_value=-0.0091541281507331023 -0.0064190294734742083 0 0.0040981929628382107 0.0090768233721307909 0.0027936250779436373 0.00099067422700977533
leaf_weight=2.4381854608654976 9.6939860023558158 2.3476785048842421 2.1125813126564017 8.885353494435547 2.9342580661177626 4.0925923995673648
leaf_count=37 82 12 25 56 17 37
internal_value=0.000561788 0.00417774 -0.00271678 0.00714231 -0.0027475 -0.0041032
internal_weight=32.5046 15.7838 4.55077 11.233 16.7208 13.7866
internal_count=266 130 62 68 136 119
is_linear=0
shrinkage=0.01


Tree=366
num_leaves=4
num_cat=0
split_feature=10 10 33
split_gain=2.38718 4.34537 2.52349
threshold=14.241071428571397 11.969107142857153 0.28049251628608735
decision_type=2 2 2
left_child=1 2 -1
right_child=-2 -3 -4
leaf_value=0.0041837813522408018 0.0063161502603952258 -0.010200362096809239 -0.0021243147895548702
leaf_weight=11.242133360356098 5.2228495553135863 3.9610437266528598 13.442224137485026
leaf_count=89 27 53 116
internal_value=0.000249235 -0.000841834 0.000684306
internal_weight=33.8683 28.6454 24.6844
internal_count=285 258 205
is_linear=0
shrinkage=0.01


Tree=367
num_leaves=5
num_cat=0
split_feature=16 16 28 37
split_gain=2.10836 3.01187 3.95041 2.82254
threshold=-0.20180539633358838 -0.018960822899415999 -0.28588666611676666 0.63314023299236177
decision_type=2 2 2 2
left_child=-1 3 -3 -2
right_child=1 2 -4 -5
leaf_value=0.0066202024805216879 0.0017400996064725407 0.0045085297491988851 -0.0057969568525203007 -0.0096634744425324551
leaf_weight=4.3093409575521973 2.9210577271878773 12.948478445410734 4.7689220383763233 5.4982161968946457
leaf_count=26 29 95 43 63
internal_value=0.000339415 -0.000683865 0.0015733 -0.0055539
internal_weight=30.446 26.1367 17.7174 8.41927
internal_count=256 230 138 92
is_linear=0
shrinkage=0.01


Tree=368
num_leaves=6
num_cat=0
split_feature=12 13 12 13 39
split_gain=1.84333 2.1824 2.46741 2.10759 1.31259
threshold=-8.7585071242820032 -1.6222401492582292 1.222676531340767 -1.7694571402726804 0.6867546003032311
decision_type=2 2 2 2 2
left_child=4 3 -3 -2 -1
right_child=1 2 -4 -5 -6
leaf_value=0.010760079659978187 0.00015880686746681284 -0.0047955945780501531 0.0036757458848428563 0.011340341542924187 0
leaf_weight=2.3649568706750896 7.1729009486734867 13.683546990156175 4.0475221499800673 2.0773198641836661 2.2238945998251438
leaf_count=12 58 135 28 15 18
internal_value=0.000329703 -0.00062067 -0.00272191 0.00315661 0.00602193
internal_weight=31.5701 26.9813 17.7311 9.25022 4.58885
internal_count=266 236 163 73 30
is_linear=0
shrinkage=0.01


Tree=369
num_leaves=6
num_cat=0
split_feature=6 6 10 34 33
split_gain=2.20458 2.85278 2.46004 2.05075 1.15806
threshold=-0.2197639019884447 -0.15120357254232361 11.346214285714433 0.75724027002920369 0.24534236482699748
decision_type=2 2 2 2 2
left_child=3 -2 -3 4 -1
right_child=1 2 -4 -5 -6
leaf_value=0.0012086609303078855 -0.010076690395686507 0.0021672053758454786 -0.0058939966093330444 -0.0014412218980923053 0.011112160792065401
leaf_weight=2.4528079926967603 2.7571602985262897 15.879899077117445 4.6170149333775035 3.1362791359424591 3.8621663860976696
leaf_count=17 27 135 54 22 25
internal_value=0.000542448 -0.00104957 0.000196389 0.00457638 0.00779714
internal_weight=32.7053 23.2541 20.4969 9.45125 6.31497
internal_count=280 216 189 64 42
is_linear=0
shrinkage=0.01


Tree=370
num_leaves=6
num_cat=0
split_feature=3 17 17 17 3
split_gain=2.05435 2.80061 4.91262 2.05981 1.4785
threshold=62.280630429146775 -0.52765479724350917 -0.74208572402707806 0.45560029367808202 70.868561729477605
decision_type=2 2 2 2 2
left_child=1 2 -1 -3 -2
right_child=4 3 -4 -5 -6
leaf_value=-0.0059538579512443202 0.0078607509358212067 -0.0068523235796420145 0.0087955420252481108 0.00041738426242427131 -0.00071943209607885732
leaf_weight=3.2562915422022343 4.9081363826990119 8.82021641358733 5.564185515046125 5.8952577263116828 2.5488132424652576
leaf_count=30 27 113 38 38 20
internal_value=0.000236044 -0.00115388 0.00311442 -0.00385661 0.00475578
internal_weight=30.9929 23.536 8.82048 14.7155 7.45695
internal_count=266 219 68 151 47
is_linear=0
shrinkage=0.01


Tree=371
num_leaves=6
num_cat=0
split_feature=39 4 11 39 2
split_gain=2.93769 2.97376 3.29913 2.00656 0.736565
threshold=0.61278117952145605 -1.5215025228458214 58.049284628974767 0.62873052897728199 3.1379285714285423
decision_type=2 2 2 2 2
left_child=4 3 -3 -2 -1
right_child=1 2 -4 -5 -6
leaf_value=0 0.013020183077556136 -0.0060869123624297441 0.0034466355258194622 0.0023453356941832639 -0.0093962800582457501
leaf_weight=1.5332038626074815 2.1246010512113633 8.2010849062353319 5.8053714334964743 10.224549992009996 3.5645363852381706
leaf_count=24 10 91 37 81 28
internal_value=-0.000266169 0.00103355 -0.00200625 0.00460524 -0.0070403
internal_weight=31.4533 26.3556 14.0065 12.3492 5.09774
internal_count=271 219 128 91 52
is_linear=0
shrinkage=0.01


Tree=372
num_leaves=5
num_cat=0
split_feature=6 37 37 38
split_gain=2.8384 2.47235 2.63967 0.76713
threshold=-0.28507941898505468 0.73687546764780565 0.66329182948997978 0.67565280687434137
decision_type=2 2 2 2
left_child=3 2 -2 -1
right_child=1 -3 -4 -5
leaf_value=0.011923475264002654 0.0023093028083096302 0.00983103303942022 -0.0043245366178323412 0.002411106997443927
leaf_weight=2.8886126652359989 13.394341778010135 2.2458752766251555 10.22592708468437 2.2629527151584625
leaf_count=16 122 10 99 17
internal_value=0.00189452 0.000425481 -0.000497293 0.00847443
internal_weight=31.0177 25.8661 23.6203 5.15157
internal_count=264 231 221 33
is_linear=0
shrinkage=0.01


Tree=373
num_leaves=5
num_cat=0
split_feature=8 27 14 12
split_gain=2.557 3.17579 2.69909 2.63714
threshold=0.14542609627120115 39.142570765905297 0.16352254688879775 -4.5664067663974484
decision_type=2 2 2 2
left_child=1 3 -3 -1
right_child=-2 2 -4 -5
leaf_value=0.00071101838513238703 -0.0076536724656554433 0.005663124263024049 -0.0041576960343085124 -0.009755103128920934
leaf_weight=6.8491603657603264 2.768134042620658 17.454572424292568 2.8560928367078295 3.1567414887249488
leaf_count=65 20 112 31 45
internal_value=0.000937678 0.00185477 0.00414466 -0.0025847
internal_weight=33.0847 30.3166 20.3107 10.0059
internal_count=273 253 143 110
is_linear=0
shrinkage=0.01


Tree=374
num_leaves=7
num_cat=0
split_feature=17 24 17 8 13 17
split_gain=2.89225 3.88399 3.74686 2.75385 2.18774 0.237247
threshold=-0.53163874943663425 -0.029690200737740726 -0.74208572402707806 0.13019474634826897 -0.71439705665894115 -0.48293061949577498
decision_type=2 2 2 2 2 2
left_child=2 5 -1 -3 -4 -2
right_child=1 3 4 -5 -6 -7
leaf_value=-0.0046260364481256208 -0.0029787882476309487 0.0021647409545372488 0.00086076435138998262 -0.0079290585340699559 0.013054263248071405 -0.010485216926488428
leaf_weight=2.8472354933619499 1.739500895142555 14.093927625566723 2.9453181214630604 3.0149100273847571 3.8162220753729326 4.3093376699835089
leaf_count=27 13 119 21 22 22 53
internal_value=-0.000228681 -0.00219673 0.00423549 0.000165147 0.00828823 -0.00888433
internal_weight=32.7665 23.1577 9.60878 17.1088 6.76154 6.04884
internal_count=277 207 70 141 43 66
is_linear=0
shrinkage=0.01


Tree=375
num_leaves=7
num_cat=0
split_feature=24 17 13 4 13 4
split_gain=2.0778 2.87397 3.56618 3.01781 1.22448 1.19282
threshold=0.13819466586788773 0.46744266906703641 -0.21728427172837281 0.09861467551763782 -1.0000000180025095e-35 2.0751091028773776
decision_type=2 2 2 2 2 2
left_child=1 2 -1 -3 5 -2
right_child=4 3 -4 -5 -6 -7
leaf_value=-0.0036025678086126839 -0.0058538933003353397 0.013951923227098597 0.005136057552241541 0 -0.010351177197068127 0.0040589528479652763
leaf_weight=11.902955841273075 2.169988602399826 3.0581927150487891 7.2358077839016941 2.5590634644031525 2.1684404611587516 1.9532303810119627
leaf_count=129 20 15 51 17 14 11
internal_value=0.00023959 0.00161139 -0.000167584 0.00771181 -0.00468237 -0.000749068
internal_weight=31.0477 24.756 19.1388 5.61726 6.29166 4.12322
internal_count=257 212 180 32 45 31
is_linear=0
shrinkage=0.01


Tree=376
num_leaves=5
num_cat=0
split_feature=10 10 8 4
split_gain=2.09906 2.96195 2.51288 2.27595
threshold=14.241071428571397 7.9530357142858277 0.092864579981041986 1.1768333936383899
decision_type=2 2 2 2
left_child=1 3 -3 -1
right_child=-2 2 -4 -5
leaf_value=0.00030985244844224585 0.0068050534440523471 -0.00047827420527646932 -0.010269888000050105 0.011817839736743082
leaf_weight=4.8948206417262616 4.9088585674762717 15.519560026004912 2.9994261004030696 2.7296526953577995
leaf_count=54 24 143 26 15
internal_value=0.00100182 -7.70416e-05 -0.00230888 0.00497365
internal_weight=31.0523 26.1435 18.519 7.62447
internal_count=262 238 169 69
is_linear=0
shrinkage=0.01


Tree=377
num_leaves=6
num_cat=0
split_feature=14 14 14 22 14
split_gain=1.93016 2.53378 2.81542 1.94848 1.6205
threshold=0.14389147438870606 0.035596670757702308 -0.036139113522516843 -0.15275129018275704 0.28020212374150338
decision_type=2 2 2 2 2
left_child=1 2 -1 -3 -2
right_child=4 3 -4 -5 -6
leaf_value=0.0017569986441015129 -0.0089761876599040134 0.00023192627175936377 -0.0076812671358184046 0.010331682788771432 0.0017058398977682332
leaf_weight=12.909214699640875 3.1562511324882498 3.8261005245149136 3.8220833204686668 4.6343222819268686 1.8142153806984422
leaf_count=106 27 28 54 25 16
internal_value=0.000593034 0.00178421 -0.000378964 0.00615687 -0.00482262
internal_weight=30.1622 25.1917 16.7313 8.46042 4.97047
internal_count=256 213 160 53 43
is_linear=0
shrinkage=0.01


Tree=378
num_leaves=7
num_cat=0
split_feature=8 27 0 10 0 22
split_gain=3.38159 2.35814 2.98612 2.48596 1.85564 1.47439
threshold=-0.01747682684815147 43.776662500484065 0.036127714745976737 8.1868928571428317 -0.11260664431593716 0.20969742326227928
decision_type=2 2 2 2 2 2
left_child=4 2 -2 -3 -1 -6
right_child=1 3 -4 -5 5 -7
leaf_value=0.0026155945502751746 0.0022766416726652588 0.0099847886443301809 -0.01025345750462538 0.0013120428853776458 -0.0080876583592531335 0.0024568500822703433
leaf_weight=2.6075077690184107 5.8033967986702937 5.9215717911720267 2.3931550718843937 8.6447436437010747 7.0745128374546749 1.1423392370343206
leaf_count=16 56 35 22 53 95 9
internal_value=0.000461649 0.00269429 -0.00137925 0.00510261 -0.0039997 -0.00635199
internal_weight=33.5872 22.7629 8.19655 14.5663 10.8244 8.21685
internal_count=286 166 78 88 120 104
is_linear=0
shrinkage=0.01


Tree=379
num_leaves=5
num_cat=0
split_feature=9 5 24 38
split_gain=2.65898 2.08541 3.56096 2.74417
threshold=-0.74257057116941916 -1.4552447661614065 0.13819466586788773 0.67565280687434137
decision_type=2 2 2 2
left_child=-1 3 -3 -2
right_child=1 2 -4 -5
leaf_value=-0.0073396741915901596 0.0024416343032243105 0.0081050147705253612 -0.003228832290614173 -0.0060791693671782112
leaf_weight=3.1508690603077438 10.49478690698743 9.235498774796719 3.4191312827169904 5.4575974233448514
leaf_count=33 80 67 25 60
internal_value=0.000851715 0.00188994 0.0048845 -0.000408832
internal_weight=31.7579 28.607 12.6546 15.9524
internal_count=265 232 92 140
is_linear=0
shrinkage=0.01


Tree=380
num_leaves=6
num_cat=0
split_feature=3 17 17 32 9
split_gain=2.64698 3.62155 3.98387 3.15596 3.12704
threshold=62.280630429146775 -0.53163874943663425 -0.74208572402707806 0.15082403813016673 0.45560029367808202
decision_type=2 2 2 2 2
left_child=1 2 -1 -2 -3
right_child=3 4 -4 -5 -6
leaf_value=-0.0044816250680960725 -0.0035635934389283198 -0.0086573349748341952 0.0084298599009768778 0.0092153715005814044 9.6113250361608269e-05
leaf_weight=3.7979161366820335 2.6023541018366805 9.2561315912753326 5.1353708319365996 4.870710164308548 6.3385105617344371
leaf_count=35 21 113 34 26 46
internal_value=-0.000474638 -0.00212013 0.00275677 0.00454225 -0.00503897
internal_weight=32.001 24.5279 8.93329 7.47306 15.5946
internal_count=275 228 69 47 159
is_linear=0
shrinkage=0.01


Tree=381
num_leaves=8
num_cat=0
split_feature=0 9 3 13 18 18 4
split_gain=2.62126 2.85266 2.77555 2.55605 1.70355 1.51318 0.401451
threshold=-0.0059960204963212848 0.13166382418377062 40.846754707904218 -0.61827888188764202 12.528285714285762 15.445142857142889 1.9577262993593652
decision_type=2 2 2 2 2 2 2
left_child=3 6 -3 4 -1 -5 -2
right_child=1 2 -4 5 -6 -7 -8
leaf_value=0.013725758969751273 -0.010455973541421621 0.0066828871334454962 -0.0033639504674398335 -0.0063010369425118154 0.0032237531198824726 0.0034511285254607855 -0.00055196754231168709
leaf_weight=2.1563315838575345 3.7912954390049007 3.842218950390814 7.8794090859591961 3.3283485174179104 7.3292778972536325 2.3046638481318951 0.98599587380886067
leaf_count=14 56 26 60 26 60 12 9
internal_value=0 -0.00269788 0 0.00301172 0.00616312 -0.00200123 -0.00895917
internal_weight=31.6175 16.4989 11.7216 15.1186 9.48561 5.63301 4.77729
internal_count=263 151 86 112 74 38 65
is_linear=0
shrinkage=0.01


Tree=382
num_leaves=5
num_cat=0
split_feature=29 36 4 24
split_gain=2.44808 2.36528 1.82596 1.80956
threshold=-1.6355863770493153 0.72879678375654044 -1.2673879949675209 0.30257510067719284
decision_type=2 2 2 2
left_child=2 3 -1 -2
right_child=1 -3 -4 -5
leaf_value=0.0012475514295110265 0.0033710770008016696 -0.0069464543901504505 -0.010145088558015505 -0.0059564773358931258
leaf_weight=1.7536324858665464 22.305908815935261 2.5978448614478102 3.2814586684107807 1.8769531622529019
leaf_count=15 184 23 35 13
internal_value=0.00016619 0.00144418 -0.00595533 0.00250131
internal_weight=31.8158 26.7807 5.03509 24.1829
internal_count=270 220 50 197
is_linear=0
shrinkage=0.01


Tree=383
num_leaves=6
num_cat=0
split_feature=6 18 18 5 18
split_gain=2.36544 2.92447 3.35365 2.0768 1.96855
threshold=-0.2197639019884447 15.663857142857234 12.278571428571405 -2.1752505212447311 9.8877857142857213
decision_type=2 2 2 2 2
left_child=1 2 -1 -2 -5
right_child=3 -3 -4 4 -6
leaf_value=0.0076357403116005217 -0.0087143348821434648 0.010628597440361183 -0.0079524984558640242 0.0063123630051275057 -0.0026039831475435215
leaf_weight=2.0526130422949809 4.5118259359151152 3.0670051611959934 2.9326339475810528 2.5949355885386494 14.63652380928397
leaf_count=12 52 17 30 24 121
internal_value=-0.00108021 0.00335753 -0.00108672 -0.00283771 -0.00106212
internal_weight=29.7955 8.05225 4.98525 21.7433 17.2315
internal_count=256 59 42 197 145
is_linear=0
shrinkage=0.01


Tree=384
num_leaves=5
num_cat=0
split_feature=14 30 5 33
split_gain=3.46625 3.06828 2.5867 0.447059
threshold=0.14389147438870606 0.058911269275922926 -1.4147867956636089 0.36246402012074591
decision_type=2 2 2 2
left_child=1 2 -1 -2
right_child=3 -3 -4 -5
leaf_value=-0.0034451776316344845 -0.010296961223659236 0.0092869297023723957 0.0034242934930137983 -0.0019966570478987906
leaf_weight=10.315967317670589 2.6354924477636805 4.0880474783480159 11.014171425253155 1.9655612371861932
leaf_count=104 28 24 87 18
internal_value=0.000137551 0.00166888 7.82013e-06 -0.00749843
internal_weight=30.0192 25.4182 21.3301 4.60105
internal_count=261 215 191 46
is_linear=0
shrinkage=0.01


Tree=385
num_leaves=7
num_cat=0
split_feature=6 10 10 14 20 6
split_gain=3.16857 4.32532 3.38341 3.1577 1.91565 0.198966
threshold=-0.22602782547771608 10.75599999999986 10.049321428571409 -0.093713156711718412 1.864614949595307 0.14563496281764007
decision_type=2 2 2 2 2 2
left_child=3 2 -2 -1 -5 -3
right_child=1 5 -4 4 -6 -7
leaf_value=0.011328043249653986 -0.0016635333865747867 -0.01057708827974259 0.011487165207972445 -0.0068856878015286236 0.0047087810532259571 -0.0020622464097504174
leaf_weight=3.4614685066044331 14.38426591455937 5.1426436603069297 1.9561052173376072 2.3548135757446307 2.7015952169895172 1.1219093613326547
leaf_count=20 125 62 13 21 18 12
internal_value=-0.000653902 -0.00266367 0 0.00436202 -0.000400709 -0.00952078
internal_weight=31.1228 22.6049 16.3404 8.51788 5.05641 6.26455
internal_count=271 212 138 59 39 74
is_linear=0
shrinkage=0.01


Tree=386
num_leaves=6
num_cat=0
split_feature=27 36 36 37 39
split_gain=2.4166 1.86644 2.11199 1.4568 1.3288
threshold=30.296373001477154 0.72172163093573272 0.70108347509150681 0.70237952583089325 0.63717246930955429
decision_type=2 2 2 2 2
left_child=3 2 -2 -1 -3
right_child=1 4 -4 -5 -6
leaf_value=-0.009406590033833144 0.00078299565971615376 0.0016726050164371669 0.0069580077199612065 0.0027126529222610664 -0.0091678955130948675
leaf_weight=2.8995571061968799 15.88305619731546 1.5670061931014054 9.0864930115640146 0.95627248287200917 2.0094653964042664
leaf_count=49 122 12 56 8 20
internal_value=0.00107772 0.002147 0.00316518 -0.00594083 -0.00414041
internal_weight=32.4019 28.546 24.9695 3.85583 3.57647
internal_count=267 210 178 57 32
is_linear=0
shrinkage=0.01


Tree=387
num_leaves=6
num_cat=0
split_feature=18 10 32 39 25
split_gain=3.12641 3.64392 2.94339 2.32741 1.24462
threshold=11.648642857142836 14.241071428571397 0.26667927413093101 0.68005032438781543 -0.55080111634891915
decision_type=2 2 2 2 2
left_child=2 3 4 -2 -1
right_child=1 -3 -4 -5 -6
leaf_value=0.005010005994530933 -0.0010828842025890168 0.0054097073450622016 0.014055127911991108 -0.0088458636099896844 -0.0039352862419499944
leaf_weight=3.1991273276507854 12.517390381544834 5.1981565281748763 2.4329057075083256 5.8921277457848182 2.3519554622471359
leaf_count=19 100 25 13 78 26
internal_value=0.000144073 -0.00162755 0.00549322 -0.00377639 0.000870684
internal_weight=31.5917 23.6077 7.98399 18.4095 5.55108
internal_count=261 203 58 178 45
is_linear=0
shrinkage=0.01


Tree=388
num_leaves=7
num_cat=0
split_feature=27 36 36 36 36 21
split_gain=3.04791 3.17495 3.03752 2.9576 3.15044 2.6789
threshold=40.023979494871611 0.70138626662181724 0.6619770424382313 0.70182557227358999 0.71699855198558238 -1.5330415931803503
decision_type=2 2 2 2 2 2
left_child=1 2 -1 5 -5 -2
right_child=3 -3 -4 4 -6 -7
leaf_value=-0.0087339917862766757 -0.0095583807615934359 -0.010231066480931845 0.0046781145641894197 0.013761091953497888 0.0016465029886262583 0.0018892454248942672
leaf_weight=2.1226499015465361 2.2495089918375006 4.0346184559166431 5.1707589142024517 3.7904475256800634 5.6582074426114559 9.7541699372231978
leaf_count=39 23 45 37 20 42 71
internal_value=0.00062909 -0.0034326 0.000320466 0.00288359 0.0069855 -0.000274258
internal_weight=32.7804 11.328 7.29341 21.4523 9.44865 12.0037
internal_count=277 121 76 156 62 94
is_linear=0
shrinkage=0.01


Tree=389
num_leaves=5
num_cat=0
split_feature=14 10 1 36
split_gain=2.21375 2.60065 2.2634 0.963324
threshold=0.12109264403448315 14.241071428571397 -0.32779056619663421 0.72134696233212992
decision_type=2 2 2 2
left_child=1 2 -1 -2
right_child=3 -3 -4 -5
leaf_value=0.0018492568575523899 -0.0098947057423938879 0.0059238485927034061 -0.0046739364363781091 0
leaf_weight=7.6780832782387778 4.3739266172051421 4.2941511422395697 14.139439069665968 1.7024902105331419
leaf_count=60 39 21 145 15
internal_value=-0.00220131 -0.000814808 -0.00229391 -0.00752709
internal_weight=32.1881 26.1117 21.8175 6.07642
internal_count=280 226 205 54
is_linear=0
shrinkage=0.01


Tree=390
num_leaves=8
num_cat=0
split_feature=17 25 24 17 11 13 26
split_gain=3.01592 5.96359 3.25061 2.88754 2.63855 0.954305 0.272853
threshold=-0.52765479724350917 0.030766084066824757 0.13819466586788773 -0.73341785490686118 43.889527479032772 -1.0951839367357408 22.77467857142857
decision_type=2 2 2 2 2 2 2
left_child=3 6 -3 5 -5 -1 -2
right_child=1 2 -4 4 -6 -7 -8
leaf_value=0.0042916550461639148 -0.010083339461068704 0.0068526004455874701 -0.0025716311504628557 0.017240613221672394 0.0028038859745158117 -0.0055406551751150755 -0.00071436316886331361
leaf_weight=1.4026009365916254 4.7468424011021879 8.2316054552793485 5.8037866614758959 2.6987325847148913 3.1246273405849934 1.8491222709417341 0.88974816724658001
leaf_count=15 73 57 43 14 24 17 11
internal_value=0.00157433 -0.000549367 0.0028438 0.00626146 0.0103378 -0.000732199 -0.00905215
internal_weight=28.7471 19.672 14.0354 9.07508 5.82336 3.25172 5.63659
internal_count=254 184 100 70 38 32 84
is_linear=0
shrinkage=0.01


Tree=391
num_leaves=8
num_cat=0
split_feature=37 13 21 3 5 5 3
split_gain=3.14957 4.06411 3.12309 3.06694 2.43849 2.31497 1.31879
threshold=0.66329182948997978 -0.85651038411167624 -0.84645728730975922 38.885199621547002 -1.1443711359539936 -1.7358183517944141 65.869837000713304
decision_type=2 2 2 2 2 2 2
left_child=1 5 6 -4 -3 -1 -2
right_child=2 4 3 -5 -6 -7 -8
leaf_value=0.00043316821360813492 -0.010715309099941134 0.00066835038120904996 -0.006513031013230453 0.0063727481563359504 -0.010196226565667656 0.01088762640691473 0
leaf_weight=4.4632608825340894 6.2795062102377415 4.7950915340334177 3.117136996239422 3.6871965304017067 2.9344410486519363 4.6798970140516749 1.6233792491257188
leaf_count=43 69 33 23 22 33 29 14
internal_value=-0.00118122 0.00167177 -0.00455554 0.000162363 -0.00343405 0.00617193 -0.00871882
internal_weight=31.5799 16.8727 14.7072 6.80433 7.72953 9.14316 7.90289
internal_count=266 138 128 45 66 72 83
is_linear=0
shrinkage=0.01


Tree=392
num_leaves=5
num_cat=0
split_feature=10 8 8 30
split_gain=4.23144 1.91822 2.57251 0.997328
threshold=14.820785714285714 -0.024637225759431152 0.13019474634826897 0.027900763970582769
decision_type=2 2 2 2
left_child=1 3 -3 -1
right_child=-2 2 -4 -5
leaf_value=-0.0073603426509404714 0.012393288056330942 0.0020649840512327066 -0.007703870236709728 0
leaf_weight=5.637301826849586 2.2318277284502974 16.920771095901731 2.8675681054592124 2.0066390559077263
leaf_count=76 10 133 22 18
internal_value=0 -0.00111166 0.000455891 -0.00528541
internal_weight=29.6641 27.4323 19.7883 7.64394
internal_count=259 249 155 94
is_linear=0
shrinkage=0.01


Tree=393
num_leaves=6
num_cat=0
split_feature=16 27 21 5 22
split_gain=5.38562 3.01112 3.2387 2.20141 1.7174
threshold=-0.19327909308935973 57.356365446172241 -1.6823684232535643 -1.7358183517944141 -0.11537952103799916
decision_type=2 2 2 2 2
left_child=4 2 -2 -3 -1
right_child=1 3 -4 -5 -6
leaf_value=0.013527856716635485 0.0038654828186015897 -0.0028963811744817237 -0.006724326868543881 0.0074744350900318246 0.0018501692880206315
leaf_weight=2.7423439845442772 3.1319759134203258 3.2313824221491814 14.319697695784269 4.1277443133294573 3.1366643831133869
leaf_count=17 27 27 161 22 17
internal_value=-0.000279444 -0.00239637 -0.00467795 0.00272442 0.00801339
internal_weight=30.6898 24.8108 17.4517 7.35913 5.87901
internal_count=271 237 188 49 34
is_linear=0
shrinkage=0.01


Tree=394
num_leaves=8
num_cat=0
split_feature=0 19 0 25 27 6 28
split_gain=3.15068 2.82069 2.38664 1.88456 1.81603 1.33158 0.939895
threshold=-0.0059960204963212848 46.080114107222705 -0.030874383542707471 -0.67566096400178799 33.68896495477977 0.036902745292668494 -14.589517167126358
decision_type=2 2 2 2 2 2 2
left_child=2 4 3 -1 -2 -4 -3
right_child=1 6 5 -5 -6 -7 -8
leaf_value=-0.0092623063770074874 -0.0061254754363600922 0 0.0029807739809818903 0.0017496918540154762 0.0034058626657323095 0.012220988469562925 -0.009470705464849679
leaf_weight=1.8014769963920105 2.5204974561929721 1.5945705100893972 5.6234290078282374 5.1690597608685493 6.3364093862473965 2.7089866884052753 5.8561037369072428
leaf_count=18 41 12 38 43 50 13 56
internal_value=-0.000179633 -0.00326754 0.00298237 -0.00108594 0.000363202 0.00653689 -0.0076886
internal_weight=31.6105 16.3076 15.303 6.97054 8.85691 8.33242 7.45067
internal_count=271 159 112 61 91 51 68
is_linear=0
shrinkage=0.01


Tree=395
num_leaves=7
num_cat=0
split_feature=17 8 0 28 1 14
split_gain=2.27382 4.01927 3.08969 2.93085 2.12195 1.13074
threshold=0.45560029367808202 0.04732063493804281 -0.0059960204963212848 -0.60043061158285116 -0.66698274791718015 0.12109264403448315
decision_type=2 2 2 2 2 2
left_child=2 -2 4 -3 -1 -4
right_child=1 3 5 -5 -6 -7
leaf_value=-0.0043457265200764188 0.012637033672136483 0.003969417861349047 -0.0075204875485514145 -0.0095381278739411525 0.0042249071851894601 0.001391442342393032
leaf_weight=3.5981545671820632 3.5562008768320066 5.1052481010556221 6.898399365134539 1.9854190647602079 9.7051498573273403 1.2240586578845976
leaf_count=36 19 33 90 15 69 15
internal_value=0.000670433 0.00442026 -0.00113618 0 0.00171506 -0.00593827
internal_weight=32.0726 10.6469 21.4258 7.09067 13.3033 8.12246
internal_count=277 67 210 48 105 105
is_linear=0
shrinkage=0.01


Tree=396
num_leaves=5
num_cat=0
split_feature=10 1 39 13
split_gain=4.39552 2.60112 2.48378 2.30561
threshold=14.806678571428558 -0.1776314389102229 0.6867546003032311 0.95059880888370607
decision_type=2 2 2 2
left_child=1 2 -1 -3
right_child=-2 3 -4 -5
leaf_value=-0.0011009835261460714 0.010655722587961323 -0.0050162735869793617 0.0081371083742693834 0.0060379405151128988
leaf_weight=6.4741537682712131 3.3775296658277503 14.151972603052853 4.5019615553319454 1.756902128458022
leaf_count=54 15 149 36 11
internal_value=0.000350985 -0.000973322 0.00262642 -0.00358295
internal_weight=30.2625 26.885 10.9761 15.9089
internal_count=265 250 90 160
is_linear=0
shrinkage=0.01


Tree=397
num_leaves=6
num_cat=0
split_feature=18 29 18 1 33
split_gain=2.84796 2.8816 2.64273 3.34143 2.2913
threshold=11.285892857142798 -0.84169363963961175 14.215857142857205 0.72316318738330509 0.35069904795596057
decision_type=2 2 2 2 2
left_child=1 -1 3 -2 -4
right_child=2 -3 4 -5 -6
leaf_value=0.010629690623017189 -0.0092351785153860014 -0.0016978518761120412 0.0047653985074326242 0.0066275650628860074 -0.0024949731816716228
leaf_weight=4.0915017277002335 6.6588663477450636 2.7820468917489078 7.2038194499909904 1.2611353248357771 9.8098544944077712
leaf_count=22 80 29 50 8 88
internal_value=0 0.00549901 -0.00164007 -0.00631628 0.000492956
internal_weight=31.8072 6.87355 24.9337 7.92 17.0137
internal_count=277 51 226 88 138
is_linear=0
shrinkage=0.01


Tree=398
num_leaves=5
num_cat=0
split_feature=36 22 35 33
split_gain=3.36714 2.45838 2.79627 2.515
threshold=0.72172163093573272 -0.22141617844403541 0.1045890707421476 0.22008310785088958
decision_type=2 2 2 2
left_child=1 3 -3 -1
right_child=-2 2 -4 -5
leaf_value=0.0050115840118501089 -0.0085718620439602222 -0.0062762578137858715 0.0043874651629764597 -0.0078241448103023303
leaf_weight=1.7269025221467078 4.0668374523520461 2.4780080318450954 16.338989133015275 4.8818609584122896
leaf_count=11 41 37 108 61
internal_value=-0.000411179 0.000901114 0.00280209 -0.00410864
internal_weight=29.4926 25.4258 18.817 6.60876
internal_count=258 217 145 72
is_linear=0
shrinkage=0.01


Tree=399
num_leaves=5
num_cat=0
split_feature=30 13 9 22
split_gain=2.45433 1.93178 2.02056 1.74034
threshold=0.058911269275922926 -1.7694571402726804 0.63488460132440194 0.0041444667353247805
decision_type=2 2 2 2
left_child=1 -1 -3 -2
right_child=3 2 -4 -5
leaf_value=-0.0080277771642039905 0.010935753510699588 0.00075520842345101942 -0.0090979465840302746 0
leaf_weight=3.6011171936988893 2.7185677364468566 18.623734855093065 2.0242936238646498 2.149544283747673
leaf_count=37 15 163 20 18
internal_value=-0.000172964 -0.00155493 -0.000231761 0.0060146
internal_weight=29.1173 24.2491 20.648 4.86811
internal_count=253 220 183 33
is_linear=0
shrinkage=0.01


Tree=400
num_leaves=8
num_cat=0
split_feature=17 27 14 27 18 28 6
split_gain=2.25457 4.11631 3.85896 2.78616 1.93485 1.2619 0.899566
threshold=-0.53492054720193949 48.123314127523081 0.14389147438870606 45.867609794200412 15.663857142857234 -19.829796068789161 -0.08423961326515246
decision_type=2 2 2 2 2 2 2
left_child=3 5 -3 4 -1 -2 -5
right_child=1 2 -4 6 -6 -7 -8
leaf_value=0.011451565855492864 0 0.0041153130635242239 -0.0094587622908672772 0.00062485691449680459 0 -0.0092003219411993815 -0.0084035791860255296
leaf_weight=3.7634095475077647 2.2788695171475428 10.038018740713595 2.2854870595037928 1.6763482689857485 2.5464489683508873 7.3529602969065309 1.6142243295907972
leaf_count=22 22 60 25 12 22 91 20
internal_value=-0.000608208 -0.0024213 0.0012745 0.00328388 0.00716554 -0.00724695 -0.00357921
internal_weight=31.5558 21.9553 12.3235 9.60043 6.30986 9.63183 3.29057
internal_count=274 198 85 76 44 113 32
is_linear=0
shrinkage=0.01


Tree=401
num_leaves=8
num_cat=0
split_feature=17 27 5 32 26 11 5
split_gain=4.15527 3.32478 2.58655 2.38492 2.19916 1.12069 0.264463
threshold=-0.53163874943663425 46.370305020942602 -1.6152138138029184 0.15082403813016673 24.36349999999997 43.889527479032772 -0.89790806748385077
decision_type=2 2 2 2 2 2 2
left_child=2 4 5 -3 -2 -1 -4
right_child=1 3 6 -5 -6 -7 -8
leaf_value=0.0045838624867224733 -0.0083758681580339608 -0.0070082652949289923 0.0120492989478139 0.0034291902378291673 0.0040267076348458938 -0.006104899072548256 0.0046912868618576497
leaf_weight=1.3477706834673884 8.8548638727515954 2.4510043337941161 3.1605920121073723 9.591750640422104 1.2738954089581955 1.8877357095479963 2.6887401342391986
leaf_count=13 104 20 17 68 9 22 16
internal_value=0 -0.00238975 0.0055319 0.00102416 -0.00655325 -0.00107559 0.00938618
internal_weight=31.2564 22.1715 9.08484 12.0428 10.1288 3.23551 5.84933
internal_count=269 201 68 88 113 35 33
is_linear=0
shrinkage=0.01


Tree=402
num_leaves=5
num_cat=0
split_feature=1 1 30 32
split_gain=3.70448 3.04948 3.04991 1.32294
threshold=-0.50903828458466494 0.6927298516178807 -0.11613885659403995 0.28629249864387535
decision_type=2 2 2 2
left_child=3 2 -2 -1
right_child=1 -3 -4 -5
leaf_value=-0.011360213720411039 0.004614211152871881 -0.0093614254365017406 -0.003914424876313191 -0.001335624565211937
leaf_weight=3.766042165458205 14.209849342703825 2.2779990807175627 5.401102863252162 2.8224131986498833
leaf_count=35 106 24 71 27
internal_value=-0.00117663 0.000743668 0.00214128 -0.00760134
internal_weight=28.4774 21.889 19.611 6.58846
internal_count=263 201 177 62
is_linear=0
shrinkage=0.01


Tree=403
num_leaves=6
num_cat=0
split_feature=12 39 0 17 24
split_gain=2.34522 2.23512 2.3932 0.793319 0.708551
threshold=-8.7585071242820032 0.63882273926020405 0.059421776917797313 -0.64322673650820272 -0.056637505881676466
decision_type=2 2 2 2 2
left_child=4 3 -3 -2 -1
right_child=1 2 -4 -5 -6
leaf_value=0.00040795329608853836 0 -0.0020693229567759464 0.0089991253392215833 -0.0086143130482075822 0.0092862986704265668
leaf_weight=2.5510194599628448 1.5069465823471544 15.522218436002733 1.9017261266708363 6.3490728400647667 1.7861315384507204
leaf_count=18 16 135 11 72 12
internal_value=-0.00155448 -0.00277722 -0.000616548 -0.00712523 0.00485978
internal_weight=29.6171 25.28 17.4239 7.85602 4.33715
internal_count=264 234 146 88 30
is_linear=0
shrinkage=0.01


Tree=404
num_leaves=8
num_cat=0
split_feature=18 38 24 8 38 28 37
split_gain=2.79208 3.70664 2.74881 3.35218 1.96554 1.14001 0.727944
threshold=13.168250000000009 0.64381021485358747 0.096754861489969771 0.025061235927409799 0.55596998593583458 -1.0000000180025095e-35 0.71794146940466053
decision_type=2 2 2 2 2 2 2
left_child=1 5 4 -4 -2 -1 -3
right_child=2 6 3 -5 -6 -7 -8
leaf_value=0.00063276268859379595 0 0.010779832195574513 0.011545789901302769 -0.0026761428540736255 -0.0086058523765840354 -0.00884567010155057 0.0032512239866765357
leaf_weight=2.1543253883719444 3.9478898271918315 4.0941256321966648 2.2764635346829882 4.0406250320374966 7.0638197651132941 1.8629008717834965 3.7270686477422714
leaf_count=22 21 28 13 30 94 29 21
internal_value=0 0.00369748 -0.0025347 0.00243781 -0.00555308 -0.00360864 0.00769109
internal_weight=29.1672 11.8384 17.3288 6.31709 11.0117 4.01723 7.82119
internal_count=258 100 158 43 115 51 49
is_linear=0
shrinkage=0.01


Tree=405
num_leaves=6
num_cat=0
split_feature=27 37 13 12 36
split_gain=2.50604 2.78161 1.84684 1.53169 0.337058
threshold=28.991651307596211 0.66329182948997978 -0.85651038411167624 -7.8755734879500769 0.72709570722833861
decision_type=2 2 2 2 2
left_child=4 2 -2 -3 -1
right_child=1 3 -4 -5 -6
leaf_value=-0.0090369342482297197 0.0077947648850206636 0.0041252570635649339 0 -0.0032172518821933244 0
leaf_weight=2.607969311065975 7.5551085509359837 3.2253465279936817 5.3993657194077986 12.007307600229973 0.83780190721154202
leaf_count=50 54 19 41 108 7
internal_value=0.000237775 0.00130658 0.0046983 -0.00148415 -0.00737576
internal_weight=31.6329 28.1871 12.9545 15.2327 3.44577
internal_count=279 222 95 127 57
is_linear=0
shrinkage=0.01


Tree=406
num_leaves=5
num_cat=0
split_feature=10 35 5 25
split_gain=2.54652 2.2759 5.63064 1.62001
threshold=14.241071428571397 0.24110849691272199 -1.7358183517944141 0.68283592822164974
decision_type=2 2 2 2
left_child=1 2 -1 -3
right_child=-2 3 -4 -5
leaf_value=-0.0059033100270279529 0.0059599256498801276 -0.0049194286932402551 0.0091889986308672754 0.0028466979943203804
leaf_weight=3.9731830945238471 5.8199645765125743 13.689981337636711 5.3598263841122442 2.7661862671375266
leaf_count=53 29 125 49 18
internal_value=9.91107e-05 -0.00120019 0.00257263 -0.00346703
internal_weight=31.6091 25.7892 9.33301 16.4562
internal_count=274 245 102 143
is_linear=0
shrinkage=0.01


Tree=407
num_leaves=7
num_cat=0
split_feature=8 11 28 3 14 29
split_gain=2.42892 3.65614 2.25437 2.93126 1.97808 0.775229
threshold=-0.016241116054352678 43.889527479032772 0.9733393441856607 62.280630429146775 -0.083009631637726136 0.14033204588199441
decision_type=2 2 2 2 2 2
left_child=1 4 3 -2 -1 -3
right_child=2 5 -4 -5 -6 -7
leaf_value=0.0071959630546967867 0.0023203344984231602 -0.010542062843150289 -0.0033188405688042225 0.012597004714423345 -0.0043647691229864822 -0.00026254305820058304
leaf_weight=3.754340648651123 11.22451599314809 3.7183350250124931 3.2999998256564131 3.8402499407529822 1.8594273263588563 1.4215168207883833
leaf_count=27 98 53 27 20 26 10
internal_value=0.00135574 -0.0022675 0.00358685 0.005265 0.00300138 -0.008238
internal_weight=29.1184 10.7536 18.3648 15.0648 5.61377 5.13985
internal_count=261 116 145 118 53 63
is_linear=0
shrinkage=0.01


Tree=408
num_leaves=7
num_cat=0
split_feature=39 32 32 36 18 10
split_gain=3.13024 2.49834 3.7363 2.48022 2.3473 1.46725
threshold=0.68876146581320741 0.24278899531002032 0.45353729993716413 0.68388397872982698 17.672000000000061 7.4309999999999432
decision_type=2 2 2 2 2 2
left_child=1 3 -3 -1 5 -2
right_child=4 2 -4 -5 -6 -7
leaf_value=-0.0035878296371710293 0.00059878445608568386 -0.010249921898648843 0.003487615625186148 0.0061968234147958354 0.0027059703519301845 -0.010374696711338225
leaf_weight=2.9005296714603963 1.0661532171070556 3.5327470302581778 3.5773132741451263 10.607948902994393 2.0856654644012451 5.7704317905008793
leaf_count=33 9 40 28 62 17 79
internal_value=-0.000715679 0.0013552 -0.00320683 0.00391873 -0.00560658 -0.00842992
internal_weight=29.5408 20.6185 7.11006 13.5085 8.92225 6.83659
internal_count=268 163 68 95 105 88
is_linear=0
shrinkage=0.01


Tree=409
num_leaves=5
num_cat=0
split_feature=3 3 10 5
split_gain=1.79529 2.96693 1.80409 2.26553
threshold=62.280630429146775 70.952724262974328 15.077392857142906 -0.62755275962095769
decision_type=2 2 2 2
left_child=2 -2 3 -1
right_child=1 -3 -4 -5
leaf_value=-0.0036095552387007362 0.010011677535893588 -0.0022779406537400348 0.0079846748738166169 0.0033286364369629509
leaf_weight=14.791973366402095 4.4597786553204051 2.8096091113984585 1.9264977127313603 6.3132047876715687
leaf_count=150 26 22 9 51
internal_value=0.000845898 0.00509551 -0.00045794 -0.00142313
internal_weight=30.3011 7.26939 23.0317 21.1052
internal_count=258 48 210 201
is_linear=0
shrinkage=0.01


Tree=410
num_leaves=6
num_cat=0
split_feature=18 18 0 36 33
split_gain=3.32624 3.99083 5.57024 3.4933 1.19323
threshold=11.285892857142798 14.759357142857167 0.018074936956299872 0.69224014287896929 0.27426506258939765
decision_type=2 2 2 2 2
left_child=3 4 -3 -1 -2
right_child=1 2 -4 -5 -6
leaf_value=0.013411236238204411 -0.0021176614806200805 0.00585952631571537 -0.009832892085928328 -0.00025199868934604202 -0.010684024865542936
leaf_weight=3.1109086796641376 3.8607801124453562 8.6862580869346839 2.6759513393044463 3.5121049247682095 4.3367590941488743
leaf_count=25 34 66 29 23 55
internal_value=0.00014449 -0.00186092 0.00183439 0.00617995 -0.0071021
internal_weight=26.1828 19.5597 11.3622 6.62301 8.19754
internal_count=232 184 95 48 89
is_linear=0
shrinkage=0.01


Tree=411
num_leaves=6
num_cat=0
split_feature=30 38 34 29 30
split_gain=2.19839 3.22459 2.09752 2.62392 2.46089
threshold=0.058911269275922926 0.70727398274179742 0.57797369439270263 -1.1818554192698956 -0.12130257973640311
decision_type=2 2 2 2 2
left_child=2 -2 4 -4 -1
right_child=1 -3 3 -5 -6
leaf_value=-0.0011971502383008562 -0.0010395784185655294 0.014910370997976746 -0.0040529252126417226 0.0052717413315565929 -0.010193776745575677
leaf_weight=10.034121837466957 2.5926657207310191 1.7989941537380216 4.7829563282430172 6.805221062153576 4.5750457225367454
leaf_count=90 22 8 43 43 69
internal_value=-0.000612546 0.00560348 -0.00178171 0.00124965 -0.00429713
internal_weight=30.589 4.39166 26.1973 11.5882 14.6092
internal_count=275 30 245 86 159
is_linear=0
shrinkage=0.01


Tree=412
num_leaves=7
num_cat=0
split_feature=18 0 38 26 16 17
split_gain=2.12753 4.08365 3.40461 2.79875 2.7572 2.32861
threshold=11.648642857142836 -0.0059960204963212848 0.69892906881961825 19.906285714285627 0.053961217841083146 0.62069458790415222
decision_type=2 2 2 2 2 2
left_child=1 -1 -3 4 -2 -5
right_child=3 2 -4 5 -6 -7
leaf_value=0.013238733222838981 -0.0093981526176920866 -0.007705151706364986 0.0084955230473621988 0.0035623914274868925 0.0013545737604635656 -0.0066913071525398519
leaf_weight=3.073042020201683 5.8569489605724829 2.8517349772155312 1.8662466071546076 11.516174593940375 3.3044235110282898 2.3434953093528739
leaf_count=16 74 37 12 89 27 19
internal_value=0.000327767 0.00479218 -0.000773458 -0.00113958 -0.00538838 0.00158234
internal_weight=30.8121 7.79102 4.71798 23.021 9.16137 13.8597
internal_count=274 65 49 209 101 108
is_linear=0
shrinkage=0.01


Tree=413
num_leaves=7
num_cat=0
split_feature=39 39 17 26 14 11
split_gain=2.66867 2.77074 3.46026 2.31693 2.24423 1.52788
threshold=0.68876146581320741 0.61278117952145605 0.46744266906703641 20.10707142857142 -0.066539927955869674 43.66449270575621
decision_type=2 2 2 2 2 2
left_child=1 3 -3 -1 5 -2
right_child=4 2 -4 -5 -6 -7
leaf_value=-0.010159688601753954 -0.005186959775604758 0.0011722804363955511 0.012029807332883292 0.0020498135355748255 -0.00884516362187001 0.00573815114176701
leaf_weight=2.4395442456007066 1.9474251233041284 9.9222387820482236 4.2465994060039511 2.9452567957341671 4.5323103498667461 2.5498871020972729
leaf_count=35 18 82 24 22 55 20
internal_value=0.000257952 0.00239237 0.00474662 -0.00337404 -0.00407806 0.000561935
internal_weight=28.5833 19.5536 14.1688 5.3848 9.02962 4.49731
internal_count=256 163 106 57 93 38
is_linear=0
shrinkage=0.01


Tree=414
num_leaves=7
num_cat=0
split_feature=27 18 14 34 37 27
split_gain=2.93227 3.5633 2.87636 2.83704 2.78324 0.583375
threshold=40.023979494871611 17.558928571428662 0.14389147438870606 0.047162210319165336 0.71794146940466053 63.407741130296763
decision_type=2 2 2 2 2 2
left_child=1 3 4 -1 -2 -4
right_child=2 -3 5 -5 -6 -7
leaf_value=0.0015289982560396833 0.0072081445949223454 0.0063771701922932626 0 -0.010793946484096659 -0.0032676946781522685 -0.0085284192239579275
leaf_weight=2.4217863678932208 14.056264102458959 2.5778884254395962 2.1248784102499481 4.848333322443068 2.608912080526351 1.3526716232299802
leaf_count=27 93 19 20 72 17 13
internal_value=0.00144046 -0.00286327 0.00365358 -0.00652688 0.00542149 -0.00404695
internal_weight=29.9907 9.84801 20.1427 7.27012 16.6652 3.47755
internal_count=261 118 143 99 110 33
is_linear=0
shrinkage=0.01


Tree=415
num_leaves=7
num_cat=0
split_feature=21 3 24 3 9 0
split_gain=2.78059 2.54054 3.69951 2.51042 2.47478 2.0666
threshold=-1.444776063238002 62.280630429146775 -0.12129904071555127 70.868561729477605 0.45560029367808202 -0.0039986134909476773
decision_type=2 2 2 2 2 2
left_child=4 2 -2 -3 5 -1
right_child=1 3 -4 -5 -6 -7
leaf_value=0.0057319004626300799 0.00069587920858203646 0.01180496516644187 -0.0080991381583723071 -0.00147819865287481 0.011822470185110279 -0.0083045916002621768
leaf_weight=2.2418012041598563 9.4276149049401337 2.1681584753096095 8.6070476341992599 2.707343328744173 2.998822420835495 1.4856579266488577
leaf_count=23 63 11 108 21 17 20
internal_value=0 -0.00166647 -0.0034563 0.00438432 0.00551364 0
internal_weight=29.6364 22.9102 18.0347 4.8755 6.72628 3.72746
internal_count=263 203 171 32 60 43
is_linear=0
shrinkage=0.01


Tree=416
num_leaves=6
num_cat=0
split_feature=28 22 32 25 33
split_gain=2.65739 3.04178 3.86815 3.08271 0.832422
threshold=4.8238002058442371 -0.22141617844403541 0.36002881399445896 0.61598107235847588 0.21539075664916743
decision_type=2 2 2 2 2
left_child=1 3 -3 -1 -2
right_child=4 2 -4 -5 -6
leaf_value=-0.0074682169592628416 -0.0096334432628874412 0.0067868777663836347 -0.004474885276067664 0.0047859066975720057 0
leaf_weight=5.129693594761199 2.4883398711681362 13.991592697799208 3.4277077466249457 2.8472204953432083 1.5078695379197595
leaf_count=68 25 103 33 18 13
internal_value=0.000786924 0.0020558 0.00441971 -0.00283775 -0.00639185
internal_weight=29.3924 25.3962 17.4193 7.97691 3.99621
internal_count=260 222 136 86 38
is_linear=0
shrinkage=0.01


Tree=417
num_leaves=6
num_cat=0
split_feature=22 29 35 0 9
split_gain=3.1016 2.36135 2.73321 2.02503 2.35894
threshold=-0.22141617844403541 0.78686149386041448 0.086305456830182134 -0.0039986134909476773 -0.17440716018734284
decision_type=2 2 2 2 2
left_child=3 2 -2 4 -1
right_child=1 -3 -4 -5 -6
leaf_value=-0.0074120281748188679 -0.0090690731906987627 0.011816668770947685 0.0021032581035895673 -0.010144812130120435 0.0050503919127901373
leaf_weight=2.5414396971464157 2.200561933219439 1.8376486748456944 16.215948199853301 4.0382218323647994 2.8881818018853664
leaf_count=29 37 9 124 51 16
internal_value=-0.000321441 0.00181566 0.000537468 -0.00501336 -0.000516485
internal_weight=29.722 20.2542 18.4165 9.46784 5.42962
internal_count=266 170 161 96 45
is_linear=0
shrinkage=0.01


Tree=418
num_leaves=7
num_cat=0
split_feature=33 21 28 27 24 32
split_gain=2.42485 2.74461 2.08431 1.92591 1.2135 0.336127
threshold=0.72145671913532206 -1.104244822755639 -0.88513553928896715 41.513468705029922 -0.22126479445700045 0.22065167646482672
decision_type=2 2 2 2 2 2
left_child=2 -2 3 -1 -4 -3
right_child=1 5 4 -5 -6 -7
leaf_value=-0.0046314564527739606 0.013797060628590331 0.0021024151468259085 0 0.0018045127087680198 -0.0092890063056248733 -0.003831154634680253
leaf_weight=7.3666166504845121 1.7540831770747898 1.2186089083552354 2.0286824256181717 11.089551467448471 5.5902634523808947 1.6413856185972688
leaf_count=78 12 7 17 74 67 25
internal_value=-0.00142667 0.00490332 -0.00266564 -0.000690707 -0.00698978 -0.000710445
internal_weight=30.6892 4.61408 26.0751 18.4562 7.61895 2.85999
internal_count=280 44 236 152 84 32
is_linear=0
shrinkage=0.01


Tree=419
num_leaves=8
num_cat=0
split_feature=17 17 32 0 3 37 34
split_gain=2.47097 2.90665 2.01363 2.48264 2.05881 1.42058 1.23404
threshold=0.26325970882950667 0.66273572427943128 0.074650294099719891 -0.0044113954541600865 64.746518408027057 0.71892952963523016 0.5503749273328632
decision_type=2 2 2 2 2 2 2
left_child=2 5 3 -1 -4 -2 -3
right_child=1 6 4 -5 -6 -7 -8
leaf_value=0.011662579438568844 0.0099893803200005026 -0.0066301880284201148 -0.0051680978565530342 -0.0026706331189441774 0.0058229464216698291 0 0.0026113193539265608
leaf_weight=1.862885348498821 5.5774469338357431 2.5667611956596375 13.038257611915467 2.1765145026147428 1.5364103280007828 2.0808719098567963 2.2933421097695827
leaf_count=14 39 22 139 25 10 12 15
internal_value=0.000242053 0.00368512 -0.00198948 0.00382794 -0.00378093 0.00747301 -0.00198351
internal_weight=31.1325 12.5184 18.6141 4.0394 14.5747 7.65832 4.8601
internal_count=276 88 188 39 149 51 37
is_linear=0
shrinkage=0.01


Tree=420
num_leaves=7
num_cat=0
split_feature=6 18 38 14 8 6
split_gain=2.72674 2.73999 4.2115 2.07345 1.48385 1.35408
threshold=-0.2197639019884447 11.648642857142836 0.56229006942758786 -0.15575847253520927 0.037275994019311816 0.068798545306860984
decision_type=2 2 2 2 2 2
left_child=3 5 -3 -1 -5 -2
right_child=1 2 -4 4 -6 -7
leaf_value=0.010892557287904914 0.0062513091626077918 0.0034580272070244824 -0.0075473951732648141 -0.0025767081399981511 0.0075361053407663409 -0.0026530361181047873
leaf_weight=3.3798580802977085 5.0300475880503681 4.7216736041009417 10.0911165215075 3.6854202337563056 1.9029500298202036 1.9381547458469865
leaf_count=20 36 29 123 32 12 18
internal_value=0.000410205 -0.00143467 -0.003908 0.00500802 0.000735755 0.00349218
internal_weight=30.7492 21.781 14.8128 8.96823 5.58837 6.9682
internal_count=270 206 152 64 44 54
is_linear=0
shrinkage=0.01


Tree=421
num_leaves=4
num_cat=0
split_feature=28 21 4
split_gain=3.14777 3.1481 2.26611
threshold=4.8238002058442371 -1.6960466894588622 2.5957026971614146
decision_type=2 2 2
left_child=1 -1 -3
right_child=-2 2 -4
leaf_value=0.010799506006264692 -0.0073563203270854329 -0.00015093805594275673 0.0089057708694638121
leaf_weight=3.9029894620180192 3.0733438134193412 17.895236448384825 2.8857902921736232
leaf_count=29 32 171 17
internal_value=0.00157536 0.00284245 0.0011207
internal_weight=27.7574 24.684 20.781
internal_count=249 217 188
is_linear=0
shrinkage=0.01


Tree=422
num_leaves=6
num_cat=0
split_feature=4 12 18 18 9
split_gain=1.56837 4.93932 2.37831 2.59466 1.78342
threshold=-0.27346883997142862 -0.42547595390396958 17.672000000000061 11.648642857142836 -0.050348691745956374
decision_type=2 2 2 2 2
left_child=2 -2 3 -1 -3
right_child=1 4 -4 -5 -6
leaf_value=0.0065197546379283542 -0.010369706909920968 -0.0040096457581879266 0.011831446362941353 -0.0018001434024268808 0.0052374772260965234
leaf_weight=5.2809730358421865 4.3985029906034461 2.6098177172243586 2.0930699333548537 10.652576236985622 6.0722956322133532
leaf_count=30 49 27 12 103 42
internal_value=0.000508455 -0.00201894 0.00245456 0.000903707 0.00219407
internal_weight=31.1072 13.0806 18.0266 15.9335 8.68211
internal_count=263 118 145 133 69
is_linear=0
shrinkage=0.01


Tree=423
num_leaves=7
num_cat=0
split_feature=0 36 27 33 39 0
split_gain=1.80833 3.35677 3.17302 3.34863 2.62397 1.40891
threshold=-0.0027339626915535782 0.72134696233212992 45.610850154215193 0.35069904795596057 0.71955751980278215 0.078762660038142765
decision_type=2 2 2 2 2 2
left_child=1 4 5 -4 -1 -2
right_child=2 -3 3 -5 -6 -7
leaf_value=0.0020604288319324331 -0.010054073098035264 -0.0067802359879409529 0.0067636547084497034 -0.0048424452804487076 0.012188957060395756 0.00079774529161704484
leaf_weight=9.7444290202111024 4.3623320721089831 2.4426220804452887 5.4637106806039792 3.9320054315030575 3.637256581336259 1.1143702417612074
leaf_count=76 68 24 41 33 24 8
internal_value=0.000736679 0.00310657 -0.00166464 0.0017008 0.00516653 -0.00757303
internal_weight=30.6967 15.8243 14.8724 9.39572 13.3817 5.4767
internal_count=274 124 150 74 100 76
is_linear=0
shrinkage=0.01


Tree=424
num_leaves=6
num_cat=0
split_feature=1 1 30 38 14
split_gain=1.89593 3.01896 1.92314 1.72407 1.01387
threshold=-0.50903828458466494 -0.1776314389102229 -0.12869387708963553 0.64831264930349397 0.090451424730255484
decision_type=2 2 2 2 2
left_child=3 4 -3 -1 -2
right_child=1 2 -4 -5 -6
leaf_value=0.0003439533385513009 0.010066741153634429 0.0019196264355449621 -0.0047783919595312937 -0.0085988357093516512 0.00057369316943082377
leaf_weight=3.6496868431568172 4.201958950608975 10.867007639259105 6.5298233348876158 3.8034367989748716 2.1779838316142559
leaf_count=29 26 90 74 38 14
internal_value=0.000114694 0.00155929 -0.000519816 -0.00411786 0.00729672
internal_weight=31.2299 23.7768 17.3968 7.45312 6.37994
internal_count=271 204 164 67 40
is_linear=0
shrinkage=0.01


Tree=425
num_leaves=6
num_cat=0
split_feature=30 38 5 24 30
split_gain=2.36284 4.28832 3.58748 3.05003 2.8012
threshold=0.058911269275922926 0.70727398274179742 -1.3397972473918134 0.19673307192017508 -0.27861679193100553
decision_type=2 2 2 2 2
left_child=2 -2 4 -4 -1
right_child=1 -3 3 -5 -6
leaf_value=0 -0.0013236966922026824 0.015646236578691332 0.0057502014370558706 -0.0064783321296796384 -0.0092309197992626307
leaf_weight=7.2720782961696413 2.8712266758084288 2.347478237003088 9.2721312940120679 2.1881493479013452 6.0341055346652874
leaf_count=63 24 11 71 17 75
internal_value=0.000419842 0.0063829 -0.000818238 0.0031396 -0.00436809
internal_weight=29.9852 5.2187 24.7665 11.4603 13.3062
internal_count=261 35 226 88 138
is_linear=0
shrinkage=0.01


Tree=426
num_leaves=5
num_cat=0
split_feature=0 4 28 28
split_gain=3.10006 2.61545 3.44471 1.96488
threshold=0.04732063493804281 -0.61545870135523717 -1.7650985378609219 4.8238002058442371
decision_type=2 2 2 2
left_child=1 3 -3 -1
right_child=-2 2 -4 -5
leaf_value=0.0050955725689889753 -0.008521261178018982 -0.010177986080264229 0.0011543877407829762 -0.0040365167922138609
leaf_weight=13.897922967560598 3.5714793726801863 3.6537067499011755 7.4374428279697877 2.3445450216531745
leaf_count=112 30 43 68 22
internal_value=-8.41803e-05 0.0010264 -0.00257294 0.00360719
internal_weight=30.9051 27.3336 11.0911 16.2425
internal_count=275 245 111 134
is_linear=0
shrinkage=0.01


Tree=427
num_leaves=5
num_cat=0
split_feature=16 35 27 24
split_gain=2.81059 1.79116 3.51812 1.41933
threshold=0.29411034604673753 0.40592618183304569 20.51947648628347 -0.21032366917252324
decision_type=2 2 2 2
left_child=1 2 -1 -3
right_child=-2 3 -4 -5
leaf_value=-0.0083868010980597818 -0.01003930051927765 -0.0076090103103957467 0.0054334110946843029 0.00040854357787183072
leaf_weight=1.7171177212148965 1.8914370462298382 2.3291380815207949 15.204311406239865 11.525875329971312
leaf_count=33 13 20 128 87
internal_value=0.000793193 0.00161377 0.00379319 -0.000930678
internal_weight=32.6679 30.7764 16.9214 13.855
internal_count=281 268 161 107
is_linear=0
shrinkage=0.01


Tree=428
num_leaves=5
num_cat=0
split_feature=10 28 28 32
split_gain=2.22284 2.05101 3.48263 1.94679
threshold=14.241071428571397 -8.0184717549213911 3.8819063028395253 0.11352551481814124
decision_type=2 2 2 2
left_child=1 3 -3 -1
right_child=-2 2 -4 -5
leaf_value=0.0024189623838962414 0.0060206180494268907 0.0030212272183897521 -0.0076233781541567612 -0.0086635057342526814
leaf_weight=1.7542880903929532 5.3561347760260096 14.724576691165568 3.5214432924985877 4.9890606161206961
leaf_count=17 27 120 37 69
internal_value=0.000308731 -0.000893348 0.000768917 -0.00551621
internal_weight=30.3455 24.9894 18.246 6.74335
internal_count=270 243 157 86
is_linear=0
shrinkage=0.01


Tree=429
num_leaves=6
num_cat=0
split_feature=33 21 33 29 24
split_gain=2.57696 2.24971 2.12123 1.34809 1.33821
threshold=0.72145671913532206 -0.61795109272994608 0.35069904795596057 0.37657001921229638 -0.1337456197098893
decision_type=2 2 2 2 2
left_child=2 -2 3 -1 -4
right_child=1 -3 4 -5 -6
leaf_value=-0.0002108003488364414 0.013588593597383621 0 -0.0004506967234972712 0.0076536485769954097 -0.0085162060645863902
leaf_weight=12.946642916649585 2.1018461678177118 2.3747338037937871 4.4429551716893911 2.2241517528891555 4.8086261712014657
leaf_count=116 16 22 29 11 57
internal_value=0 0.0067639 -0.00125866 0.000938968 -0.00498805
internal_weight=28.899 4.47658 24.4224 15.1708 9.25158
internal_count=251 38 213 127 86
is_linear=0
shrinkage=0.01


Tree=430
num_leaves=6
num_cat=0
split_feature=35 21 30 24 18
split_gain=3.4172 2.06846 2.04836 1.57483 0.878642
threshold=0.65051551710043032 0.76308606822665925 0.12879587086592328 0.051851015498345941 15.663857142857234
decision_type=2 2 2 2 2
left_child=1 2 -1 4 -2
right_child=3 -3 -4 -5 -6
leaf_value=-0.00056524775411046098 -0.011716160974276014 0.0091224497636635329 0.0077191877327044117 0.0010702572715103145 -0.00047390918368307174
leaf_weight=16.891456141136597 3.1826996728777877 3.3552716858685008 3.2468923889100543 1.7345749512314794 1.3848546631634233
leaf_count=166 35 17 22 11 10
internal_value=0.000318381 0.00214371 0.00076629 -0.00597153 -0.00895775
internal_weight=29.7957 23.4936 20.1383 6.30213 4.56755
internal_count=261 205 188 56 45
is_linear=0
shrinkage=0.01


Tree=431
num_leaves=7
num_cat=0
split_feature=8 34 8 25 5 5
split_gain=2.90397 3.03819 1.68646 2.56126 1.94047 1.56563
threshold=-0.016241116054352678 0.0016506478305392911 0.020069074116195587 0.20148257233095831 -1.9937455194645703 -2.6967895257026959
decision_type=2 2 2 2 2 2
left_child=1 -1 3 -2 -4 -3
right_child=2 5 4 -5 -6 -7
leaf_value=0.0062893126502035481 0 2.0988964032089413e-05 -0.0074254125413137076 0.012513285705878943 0.0015173877762553677 -0.0096441154193478602
leaf_weight=1.5468346178531671 4.220300659537318 1.6693697758018959 2.9144517295062569 2.662000609561801 9.0706297978758759 6.6732477936893693
leaf_count=8 46 16 32 15 61 91
internal_value=-0.000709755 -0.00506349 0.00151147 0.0053772 -0.000622686 -0.00754511
internal_weight=28.7568 9.88945 18.8674 6.8823 11.9851 8.34262
internal_count=269 115 154 61 93 107
is_linear=0
shrinkage=0.01


Tree=432
num_leaves=7
num_cat=0
split_feature=28 33 16 16 16 39
split_gain=2.3871 3.4575 1.82279 2.58037 2.25246 1.64952
threshold=-1.25904559292303 0.56920490367976095 -0.018960822899415999 -0.19327909308935973 0.16205859596837371 0.73564910880254464
decision_type=2 2 2 2 2 2
left_child=2 5 3 -1 -4 -2
right_child=1 -3 4 -5 -6 -7
leaf_value=0.0044981518439157243 -0.0079223626957936315 0.0057563758020749223 0.0078121389906720268 -0.0067181406944037958 -0.0017387551729774213 0.0022385110377662223
leaf_weight=3.6382115930318832 7.9198846966028196 2.8812184240669003 8.0556756984442455 3.8379415040835783 2.9326893165707597 1.4893965162336824
leaf_count=24 86 17 64 55 21 11
internal_value=0.00021791 -0.00308193 0.00253512 -0.00103967 0.00510746 -0.00608854
internal_weight=30.755 12.2905 18.4645 7.47615 10.9884 9.40928
internal_count=278 114 164 79 85 97
is_linear=0
shrinkage=0.01


Tree=433
num_leaves=5
num_cat=0
split_feature=9 9 9 25
split_gain=3.18304 3.15582 1.81855 0.123138
threshold=0.63488460132440194 0.45560029367808202 -0.65410680899564555 0.46176920577221353
decision_type=2 2 2 2
left_child=1 2 -1 -3
right_child=-2 3 -4 -5
leaf_value=0.0041410416774704962 -0.0081833582747367559 0.0096680070816653838 -0.0023447514430575966 0.0035743841445083076
leaf_weight=5.6640168484300437 3.7295052073895922 3.3097557164728633 14.858816333115103 2.4566585421562195
leaf_count=50 36 19 146 14
internal_value=3.07137e-05 0.0013504 -0.000424842 0.00770678
internal_weight=30.0188 26.2892 20.5228 5.76641
internal_count=265 229 196 33
is_linear=0
shrinkage=0.01


Tree=434
num_leaves=8
num_cat=0
split_feature=0 24 12 0 16 14 21
split_gain=2.48582 3.02743 1.89346 1.80123 2.4592 1.70559 0.880115
threshold=-0.0059960204963212848 0.018900185163401716 0.13527656391397616 -0.030874383542707471 -0.19327909308935973 0.14587032880721834 0.1810036832172888
decision_type=2 2 2 2 2 2 2
left_child=3 6 -3 4 -1 -5 -2
right_child=1 2 -4 5 -6 -7 -8
leaf_value=0.0062281991219021119 -0.01063847655222263 -0.0032061629428697582 0.0057217369151834046 0.0090732630514066669 -0.0056324254763663447 -0.00087648307582208901 -0.0003481828974593675
leaf_weight=2.4156908094882965 4.7909823562949887 5.8627147674560529 3.5488041378557682 4.7717379741370696 4.3762668669223785 2.015641376376152 1.5128941312432287
leaf_count=15 75 52 22 37 41 14 13
internal_value=-0.000674634 -0.00340475 2.70995e-05 0.00234613 -0.00104694 0.00592428 -0.00859972
internal_weight=29.2947 15.7154 9.41152 13.5793 6.79196 6.78738 6.30388
internal_count=269 162 74 107 56 51 88
is_linear=0
shrinkage=0.01


Tree=435
num_leaves=8
num_cat=0
split_feature=14 18 18 14 17 13 17
split_gain=2.06308 2.59972 3.07086 2.32549 2.22009 1.34773 0.321104
threshold=-0.036139113522516843 15.570785714285845 11.285892857142798 0.042141967174699264 0.28303253541487988 -1.1476553738061401 -0.39476002170135244
decision_type=2 2 2 2 2 2 2
left_child=1 2 -1 6 -5 -3 -2
right_child=3 5 -4 4 -6 -7 -8
leaf_value=0.005813252759636984 -0.00053356080038059804 0.0012943598290493517 -0.0053656148779715439 -0.0034892686928283739 0.0049393425785607117 0.012711733318215226 -0.010117790094370081
leaf_weight=4.2453594058752078 0.94647284224629435 2.2619943078607321 5.0311961527913809 7.072971807792781 5.1204314418137074 2.9380701892077914 3.0161059806123403
leaf_count=25 15 21 55 62 31 16 44
internal_value=0.000230377 0.0029977 -1.89862e-05 -0.0021372 0 0.00845038 -0.00849644
internal_weight=30.6326 14.4766 9.27656 16.156 12.1934 5.20006 3.96258
internal_count=269 117 80 152 93 37 59
is_linear=0
shrinkage=0.01


Tree=436
num_leaves=6
num_cat=0
split_feature=2 18 2 22 39
split_gain=2.62402 2.10438 1.81971 1.02819 0.191762
threshold=8.1731428571429543 16.051928571428693 3.4932499999998918 -0.28507536224482838 0.63832849723000284
decision_type=2 2 2 2 2
left_child=1 2 -1 -3 -2
right_child=4 3 -4 -5 -6
leaf_value=-0.004771236501551329 -0.0024733500736202926 0 0.0032883402695512687 -0.00934873495170724 -0.0098299147997222575
leaf_weight=2.8042005039751627 1.7632935866713513 1.5180672612041237 19.807476660236716 2.3247983995825043 2.2646963410079479
leaf_count=36 14 20 149 30 22
internal_value=-0.00019183 0.00091233 0.00215215 -0.00552767 -0.00746628
internal_weight=30.4825 26.4545 22.6117 3.84287 4.02799
internal_count=271 235 185 50 36
is_linear=0
shrinkage=0.01


Tree=437
num_leaves=6
num_cat=0
split_feature=28 28 21 39 13
split_gain=2.4332 2.48663 3.35643 1.63624 1.18812
threshold=0.9733393441856607 -12.490302136562603 0.64884000261154429 0.73115628337415883 -0.5944937460769909
decision_type=2 2 2 2 2
left_child=1 4 -3 -2 -1
right_child=3 2 -4 -5 -6
leaf_value=-0.00021742818119463219 -0.009931499847015874 0.000999537970695916 0.012801675488766637 0.0004257719703029958 -0.0098790604100675947
leaf_weight=3.667507242411375 3.5206377767026416 17.194182455539707 2.6240440048277369 1.9143158681690691 2.1254571340978208
leaf_count=38 39 147 13 14 18
internal_value=-0.000156542 0.00108428 0.00282921 -0.00610325 -0.00440244
internal_weight=31.0461 25.6112 19.8182 5.43495 5.79296
internal_count=269 216 160 53 56
is_linear=0
shrinkage=0.01


Tree=438
num_leaves=5
num_cat=0
split_feature=39 20 14 39
split_gain=3.46343 2.46638 3.82036 2.94018
threshold=0.58795498891071662 -8.7963539151082824 0.12318959805106096 0.68876146581320741
decision_type=2 2 2 2
left_child=-1 3 -3 -2
right_child=1 2 -4 -5
leaf_value=-0.010692822536862047 0.0063758481712360747 0.0046521882473838068 -0.0057268306279824998 -0.0083291505742954536
leaf_weight=2.775516830384734 1.4247632585465968 15.522445771843193 4.1526145115494719 5.0358164021745324
leaf_count=38 9 110 37 74
internal_value=-0.000623814 0.000479037 0.00230836 -0.00465137
internal_weight=28.9112 26.1356 19.6751 6.46058
internal_count=268 230 147 83
is_linear=0
shrinkage=0.01


Tree=439
num_leaves=4
num_cat=0
split_feature=9 9 29
split_gain=1.73935 1.86944 1.59113
threshold=-0.7962465918805729 -0.63391612862011093 -1.1289120498971024
decision_type=2 2 2
left_child=-1 -2 -3
right_child=1 2 -4
leaf_value=-0.0061581810633723113 0.0089524367539009029 -0.0015681607086906663 0.0033860574555601526
leaf_weight=2.4745732098817852 3.1963036619126859 11.79039113875479 12.998702790588132
leaf_count=29 26 106 103
internal_value=0.00124462 0.00202829 0.000959401
internal_weight=30.46 27.9854 24.7891
internal_count=264 235 209
is_linear=0
shrinkage=0.01


Tree=440
num_leaves=4
num_cat=0
split_feature=16 16 39
split_gain=2.64038 2.66466 1.85801
threshold=0.29411034604673753 0.19854469602912675 0.74545416025848366
decision_type=2 2 2
left_child=1 2 -1
right_child=-2 -3 -4
leaf_value=-0.00040614554993758295 -0.0099863348594925773 0.010167933343224725 0.0096370811865705841
leaf_weight=22.161315811797987 1.8079174160957325 2.8999293819069853 1.6895921118557442
leaf_count=217 12 15 11
internal_value=0.000677008 0.00157437 0.000333375
internal_weight=28.5588 26.7508 23.8509
internal_count=255 243 228
is_linear=0
shrinkage=0.01


Tree=441
num_leaves=8
num_cat=0
split_feature=6 17 33 37 37 39 36
split_gain=2.41693 2.31216 4.16836 1.56877 3.04816 1.4411 0.852541
threshold=-0.057587597856540142 -0.53163874943663425 0.33761950841856864 0.60304249645162178 0.70237952583089325 0.65970241424661502 0.69832843164967351
decision_type=2 2 2 2 2 2 2
left_child=1 6 -3 5 -5 -2 -1
right_child=3 2 -4 4 -6 -7 -8
leaf_value=0.011241735175204064 -0.0029951655199595985 0.0051987035080676312 -0.0068972133527411871 -0.010692702172263049 0.00020565231574532782 0.0074902585185844233 0.0020343474944436164
leaf_weight=3.0458018071949509 2.4508917778730384 6.2473080046474951 4.7426215149462223 4.7235630061477405 4.5150367952883244 2.0186149328947067 2.5620993673801422
leaf_count=17 31 41 57 55 39 18 18
internal_value=3.57777e-05 0.00264487 0 -0.00296954 -0.00531789 0.00149442 0.00769057
internal_weight=30.3059 16.5978 10.9899 13.7081 9.2386 4.46951 5.6079
internal_count=276 133 98 143 94 49 35
is_linear=0
shrinkage=0.01


Tree=442
num_leaves=8
num_cat=0
split_feature=28 28 35 27 35 28 28
split_gain=2.44086 2.52687 1.85867 2.71978 1.69827 1.18726 1.12065
threshold=-1.25904559292303 -7.1869242577431569 0.38755426426324774 50.744274313020682 0.15775401306644124 -0.28588666611676666 -4.4617428212195582
decision_type=2 2 2 2 2 2 2
left_child=1 4 3 -2 -1 -4 -3
right_child=2 6 5 -5 -6 -7 -8
leaf_value=0.0036374271440029731 0.0086223434664733888 0.0125630421572408 -0.0019163949866099323 -0.0046890177959329439 -0.0043559802621068238 -0.01026903337893465 0.0033859121955107691
leaf_weight=4.6021729595959204 2.5489152446389189 2.4120481237769127 4.8469940871000281 2.8933039978146553 5.3492743577808142 3.4255319423973551 5.1247457377612617
leaf_count=43 27 13 32 27 68 32 37
internal_value=0.000162906 0.00267944 -0.00289198 0.00132194 -0.000465966 -0.00584673 0.00694663
internal_weight=31.203 17.4882 13.7147 5.44222 9.95145 8.27253 7.53679
internal_count=279 161 118 54 111 64 50
is_linear=0
shrinkage=0.01


Tree=443
num_leaves=5
num_cat=0
split_feature=19 4 24 17
split_gain=2.04945 2.1448 2.05129 0.531647
threshold=65.58510210144776 -5.3449608716432513 0.018900185163401716 -0.50121887836696033
decision_type=2 2 2 2
left_child=1 3 -3 -1
right_child=-2 2 -4 -5
leaf_value=0.0086789740582722125 0.0087065274491294892 -0.004200462744868471 0.0019129201131480099 0.0010644818525242885
leaf_weight=2.7441948279738426 2.8422316871583453 11.258068863302471 9.6975750606507045 2.4317116849124494
leaf_count=14 16 129 79 19
internal_value=0.0010679 7.20226e-05 -0.00129023 0.00572112
internal_weight=28.9738 26.1316 20.9556 5.17591
internal_count=257 241 208 33
is_linear=0
shrinkage=0.01


Tree=444
num_leaves=6
num_cat=0
split_feature=6 1 1 5 30
split_gain=2.23036 1.56852 2.5251 2.44353 1.17328
threshold=0.15955041238143616 -0.15749286190383047 -0.50903828458466494 -2.5017510407861936 -0.090417956485675452
decision_type=2 2 2 2 2
left_child=1 2 -1 -3 -2
right_child=4 3 -4 -5 -6
leaf_value=8.679154205492562e-05 -0.0093958101676004831 -0.0074603575077766575 0.0092398088199469076 0.0025191352641404643 0.0006353955735229201
leaf_weight=6.0426656771451235 2.2429273687303071 2.8430147208273437 6.7832143437117391 10.697468714788551 1.4582657702267159
leaf_count=52 25 31 44 100 12
internal_value=0.00162932 0.00270956 0.00518046 0.000163007 -0.00519237
internal_weight=30.0676 26.3664 12.8259 13.5405 3.70119
internal_count=264 227 96 131 37
is_linear=0
shrinkage=0.01


Tree=445
num_leaves=5
num_cat=0
split_feature=39 27 21 34
split_gain=2.74855 2.5112 1.71557 0.76347
threshold=0.55166223555011118 29.520370982823319 -1.104244822755639 0.10479158558363912
decision_type=2 2 2 2
left_child=-1 3 -3 -2
right_child=1 2 -4 -5
leaf_value=-0.0089697594792167799 0 0.0061369503762879144 0.00062471077160341083 -0.008818404917576142
leaf_weight=2.10926675051451 1.1639620289206534 11.005045609548693 13.266708599403495 2.1186713678762317
leaf_count=33 10 84 97 34
internal_value=0.00114256 0.00207672 0.00324982 -0.00558472
internal_weight=29.6637 27.5544 24.2718 3.28263
internal_count=258 225 181 44
is_linear=0
shrinkage=0.01


Tree=446
num_leaves=7
num_cat=0
split_feature=18 32 36 30 0 4
split_gain=1.97569 2.90539 2.69147 1.71994 1.08988 0.117466
threshold=9.9856785714286111 0.23947726602377112 0.6619770424382313 -0.36811096093946732 -0.031916529116775859 -2.4953885752343008
decision_type=2 2 2 2 2 2
left_child=1 5 4 -4 -2 -1
right_child=2 -3 3 -5 -6 -7
leaf_value=0.00045606103722033587 0 0.013264164601207289 -0.0083572728564436337 0.0015475020166983548 -0.0099449082194416408 -0.0026687135997216964
leaf_weight=1.3998499363660815 1.2588356956839559 2.3450496196746826 1.5962984040379584 19.259703284129497 3.6756395632401135 1.4663674309849763
leaf_count=6 15 13 20 148 49 24
internal_value=0.000159609 0.00565127 -0.000925611 0.000587105 -0.00736854 -0.000612306
internal_weight=31.0017 5.21127 25.7905 20.856 4.93448 2.86622
internal_count=275 43 232 168 64 30
is_linear=0
shrinkage=0.01


Tree=447
num_leaves=7
num_cat=0
split_feature=18 26 36 29 20 33
split_gain=2.45514 1.97327 1.94511 3.18934 2.66828 0.285211
threshold=11.285892857142798 15.75375000000002 0.70717826668010775 -0.85549141918758387 3.7807977422266963 0.37133270266464885
decision_type=2 2 2 2 2 2
left_child=1 5 3 -2 -4 -1
right_child=2 -3 4 -5 -6 -7
leaf_value=-0.0045238493695251899 -0.0090380532742558549 0.0084232591422435787 0.0037942224651548845 0.0002196800989500228 -0.0088452646176715687 0.0007018525356366791
leaf_weight=1.4450310543179541 7.0077785495668676 4.5199509784579277 8.1537770405411703 6.7276456207036963 1.7372034415602673 1.2052725516259668
leaf_count=21 87 24 61 59 21 10
internal_value=-0.000407968 0.00451951 -0.00202489 -0.00445332 0.001183 -0.00163976
internal_weight=30.7967 7.17025 23.6264 13.7354 9.89098 2.6503
internal_count=283 55 228 146 82 31
is_linear=0
shrinkage=0.01


Tree=448
num_leaves=5
num_cat=0
split_feature=10 21 21 19
split_gain=2.42433 1.71818 3.22468 2.20057
threshold=14.241071428571397 -1.104244822755639 0.76308606822665925 38.484926341330187
decision_type=2 2 2 2
left_child=1 3 -3 -1
right_child=-2 2 -4 -5
leaf_value=0.0084049761665278572 0.0051982769242766968 -0.0076363986745579685 0.0040937809500277518 -0.0022021686302071738
leaf_weight=2.2807407584041393 4.2213311195373526 10.2826478369534 2.560550209134818 7.5914297793060541
leaf_count=20 21 109 16 80
internal_value=-0.001369 -0.00272818 -0.00510552 0.000227366
internal_weight=26.9367 22.7154 12.8432 9.87217
internal_count=246 225 125 100
is_linear=0
shrinkage=0.01


Tree=449
num_leaves=7
num_cat=0
split_feature=18 32 18 0 38 19
split_gain=2.56328 2.69052 2.64521 2.4058 2.25387 1.12836
threshold=11.285892857142798 0.34144069210701711 14.215857142857205 -0.0044113954541600865 0.59543619065727926 59.694955573718133
decision_type=2 2 2 2 2 2
left_child=1 3 5 -1 -4 -2
right_child=2 -3 4 -5 -6 -7
leaf_value=0.0072326850336861615 -0.0089286704776756157 0.013550457805796584 0.0046095554824665333 -0.0051969562987343098 -0.0031401843277244607 0
leaf_weight=2.6225717216730118 5.6320875026285675 2.0439897030591965 6.5105567276477796 2.9751080498099354 7.9630750482901931 1.3604557588696478
leaf_count=13 69 11 35 35 90 10
internal_value=-0.000269236 0.00451789 -0.00210405 0.000359031 0.000233257 -0.00702681
internal_weight=29.1078 7.64167 21.4662 5.59768 14.4736 6.99254
internal_count=263 59 204 48 125 79
is_linear=0
shrinkage=0.01


Tree=450
num_leaves=5
num_cat=0
split_feature=12 25 0 13
split_gain=1.89074 2.50907 3.06836 1.45295
threshold=-8.7585071242820032 0.56327083623424656 0.059421776917797313 -1.3158111527867045
decision_type=2 2 2 2
left_child=-1 2 -2 -3
right_child=1 3 -4 -5
leaf_value=0.0070786117531559225 -0.0032272696882481786 0.01029704331506571 0.0093977929406808616 0
leaf_weight=4.1314170099794891 17.152151485905058 2.8555161766707897 1.8138655275106419 3.0047701932489863
leaf_count=26 180 18 10 21
internal_value=0.00106154 0 -0.00178849 0.00554311
internal_weight=28.9577 24.8263 18.966 5.86029
internal_count=255 229 190 39
is_linear=0
shrinkage=0.01


Tree=451
num_leaves=8
num_cat=0
split_feature=16 1 35 35 25 1 8
split_gain=3.25114 2.96468 2.07447 2.90843 1.80061 1.67856 0.593149
threshold=0.030459798208810968 -0.46166209718564427 0.42537865152736459 0.21844009115811389 -0.66648009302648914 -0.71255314033880746 0.065357774258960818
decision_type=2 2 2 2 2 2 2
left_child=1 5 3 -2 -3 -1 -4
right_child=2 4 6 -5 -6 -7 -8
leaf_value=-0.0032186527630454344 0 0.0017485565528488429 0.0018529531592573682 0.012277570215911039 -0.0080325693421577048 0.0059631026612181207 -0.0045137814279501342
leaf_weight=2.9831973537802696 3.9133905395865423 1.8667315207421804 2.3993350341916075 4.2322908714413643 8.6306672729551774 4.2629694156348732 2.4254452809691429
leaf_count=27 33 13 15 25 114 28 17
internal_value=0 -0.00273258 0.00378766 0.00681583 -0.00610773 0.00194032 -0.00103425
internal_weight=30.714 17.7436 12.9705 8.14568 10.4974 7.24617 4.82478
internal_count=272 182 90 58 127 55 32
is_linear=0
shrinkage=0.01


Tree=452
num_leaves=8
num_cat=0
split_feature=18 18 39 25 9 14 36
split_gain=1.87672 4.01776 2.43041 2.02483 2.15476 1.68057 1.17478
threshold=14.215857142857205 9.8877857142857213 0.70969054257195607 -0.49781421835535816 0.62479660720363472 0.24709302849730008 0.7025521895432657
decision_type=2 2 2 2 2 2 2
left_child=1 2 -1 6 -5 -3 -2
right_child=3 5 -4 4 -6 -7 -8
leaf_value=-0.0021435164202550788 0.0018232309758683186 -0.0074866312005021796 0.011358064691907675 0.0068203280624641914 -0.0030630030372850192 0.0023865288488680294 -0.0079492954682962563
leaf_weight=1.9819963239133382 1.8478007949888735 8.5570649951696378 2.5295628532767296 9.8985243374481779 2.313445881009101 1.638058479875325 2.077352449297905
leaf_count=28 12 91 13 75 22 15 20
internal_value=0.000325344 -0.00216154 0.00524713 0.00271154 0.00475963 -0.00568686 -0.00307263
internal_weight=30.8438 14.7067 4.51156 16.1371 12.212 10.1951 3.92515
internal_count=276 147 41 129 97 106 32
is_linear=0
shrinkage=0.01


Tree=453
num_leaves=7
num_cat=0
split_feature=18 32 35 9 28 22
split_gain=2.62526 3.50234 3.22223 2.98388 1.2004 0.456226
threshold=11.285892857142798 0.29479496954052914 0.44287333244504895 0.63488460132440194 -17.356011265694175 -0.11537952103799916
decision_type=2 2 2 2 2 2
left_child=2 3 5 -2 -3 -1
right_child=1 4 -4 -5 -6 -7
leaf_value=0.012273176503524752 0.0018782338881649415 0 -0.0051948593938500745 -0.0095900717812865566 -0.010529725515936714 0.0037655098690628956
leaf_weight=2.5340480506420135 15.07899540290237 1.4557444117963312 1.9076987430453298 2.3557433038949958 4.9666610471904269 2.4591585919261005
leaf_count=15 123 14 11 23 67 26
internal_value=-0.00053846 -0.00217026 0.00468048 7.98761e-05 -0.00830712 0.00891188
internal_weight=30.758 23.8571 6.90091 17.4347 6.42241 4.99321
internal_count=279 227 52 146 81 41
is_linear=0
shrinkage=0.01


Tree=454
num_leaves=5
num_cat=0
split_feature=12 30 35 0
split_gain=2.17111 1.70383 2.4406 2.03392
threshold=-8.7585071242820032 -0.32325243468278214 0.46536398168755572 -0.012798282722832918
decision_type=2 2 2 2
left_child=-1 3 -3 -2
right_child=1 2 -4 -5
leaf_value=0.0061341247244081241 0.0085488100355036907 -0.00091198700421615613 -0.0097698109186001754 -0.0013484576026553206
leaf_weight=3.9580935575068024 2.7863402590155602 12.192974423989655 4.2307367268949738 5.4298870600760001
leaf_count=29 17 127 44 47
internal_value=-0.000376502 -0.00156375 -0.00344767 0.00195603
internal_weight=28.598 24.6399 16.4237 8.21623
internal_count=264 235 171 64
is_linear=0
shrinkage=0.01


Tree=455
num_leaves=7
num_cat=0
split_feature=4 28 33 32 4 19
split_gain=2.38713 2.83718 2.23786 1.52552 1.34375 1.29723
threshold=-2.3802627758886952 3.8819063028395253 0.33761950841856864 0.22635126069378755 1.2853950203443676 36.512050684454238
decision_type=2 2 2 2 2 2
left_child=1 5 3 -2 -4 -1
right_child=2 -3 4 -5 -6 -7
leaf_value=0.011648864558343928 -0.00091549472665830632 -0.0039744710652591568 -0.0013245096175529072 0.0068073279436807752 -0.0097226604302754222 0.0029385707627670055
leaf_weight=4.1952297948300856 4.6800756081938761 2.3003289103507987 7.478578193113206 4.3733781091868877 2.7382424920797348 4.475416200235486
leaf_count=28 52 22 76 33 31 31
internal_value=0.00129247 0.00497404 -0.000745448 0.00269996 -0.00397864 0.00762456
internal_weight=30.2412 10.971 19.2703 9.05345 10.2168 8.67065
internal_count=273 81 192 85 107 59
is_linear=0
shrinkage=0.01


Tree=456
num_leaves=8
num_cat=0
split_feature=0 38 38 18 30 35 35
split_gain=1.76779 2.00547 1.89816 2.15819 1.88042 1.61275 1.51069
threshold=-0.0059960204963212848 0.6608773836493701 0.67413296329423322 13.168250000000009 -0.19162096341909793 0.82068633839256921 0.44287333244504895
decision_type=2 2 2 2 2 2 2
left_child=2 5 6 -4 -3 -2 -1
right_child=1 4 3 -5 -6 -7 -8
leaf_value=0.0096269687609512149 -0.008932284807535688 0.0085772299440285988 0.0043017632687745045 -0.0092323917237281932 -0.0015579461624960222 0.00071371374394844976 0.0012819839543134616
leaf_weight=4.2222485225647706 4.8795427680015555 2.1884090397506952 1.8503453582525247 2.0876230485737324 6.0527922008186561 1.9976928755640981 5.6514798514544964
leaf_count=25 65 19 12 27 61 16 39
internal_value=0.000246087 -0.00202218 0.00286089 -0.00254679 0.00110597 -0.00593895 0.00522574
internal_weight=28.9301 15.1184 13.8117 3.93797 8.2412 6.87724 9.87373
internal_count=264 161 103 39 80 81 64
is_linear=0
shrinkage=0.01


Tree=457
num_leaves=5
num_cat=0
split_feature=10 18 32 13
split_gain=2.56698 1.61378 3.27863 2.00882
threshold=14.806678571428558 11.285892857142798 0.26667927413093101 -1.6222401492582292
decision_type=2 2 2 2
left_child=1 2 -1 -3
right_child=-2 3 -4 -5
leaf_value=-0.00093541435614399404 0.0082037458012327643 0.0027831723818164435 0.012815024768262375 -0.0041961002924035045
leaf_weight=4.806323114782578 3.6269748583436003 5.3629657905548873 2.2019505351781845 13.087291618809099
leaf_count=42 17 50 13 138
internal_value=0.00064959 -0.000431988 0.00345992 -0.00204869
internal_weight=29.0855 25.4585 7.00827 18.4503
internal_count=260 243 55 188
is_linear=0
shrinkage=0.01


Tree=458
num_leaves=4
num_cat=0
split_feature=10 29 39
split_gain=2.8703 1.604 2.35865
threshold=15.077392857142906 -2.0506624864696086 0.65970241424661502
decision_type=2 2 2
left_child=1 -1 -3
right_child=-2 2 -4
leaf_value=0.0080565051814745232 0.010997013109818049 -0.0040222449185104061 0.0017936439200081555
leaf_weight=1.8591043129563392 2.1814274042844763 12.666001653298737 14.326383331790565
leaf_count=11 10 112 135
internal_value=0.000662728 -0.000155158 -0.000876358
internal_weight=31.0329 28.8515 26.9924
internal_count=268 258 247
is_linear=0
shrinkage=0.01


Tree=459
num_leaves=5
num_cat=0
split_feature=14 27 16 39
split_gain=2.98585 2.66228 4.38604 3.22546
threshold=0.16352254688879775 40.023979494871611 0.080169808068166717 0.66236238805860326
decision_type=2 2 2 2
left_child=1 2 -1 -3
right_child=-2 3 -4 -5
leaf_value=-0.0069976078539329169 -0.0084480385943362241 0.00039274577384795431 0.0069502581907465721 0.010317563527835964
leaf_weight=6.9487434960901791 3.3344502784311763 10.06107499450445 2.880185816437006 4.9268413111567488
leaf_count=96 36 80 20 32
internal_value=0 0.00124923 -0.00262819 0.00392451
internal_weight=28.1513 24.8168 9.82893 14.9879
internal_count=264 228 116 112
is_linear=0
shrinkage=0.01


Tree=460
num_leaves=8
num_cat=0
split_feature=26 33 21 37 5 39 26
split_gain=2.15352 2.25284 2.78763 2.17279 1.56684 3.58884 2.23018
threshold=19.248499999999925 0.29180382342489469 0.54424151542194921 0.71434700376864735 -1.9937455194645703 0.6867546003032311 18.311392857142767
decision_type=2 2 2 2 2 2 2
left_child=4 3 -3 -2 6 -6 -1
right_child=1 2 -4 -5 5 -7 -8
leaf_value=-0.009002418102995003 0.005366356886373309 -0.0087198156483012396 0.0031791573313167776 -0.005500190228538422 -0.00036747445016692534 0.012200407435197904 0.0045094917710538649
leaf_weight=2.1529403254389754 4.5256809405982521 7.9183001499623042 2.1303256116807461 2.5787865594029427 4.8783679977059382 3.5052988734096289 1.9695437811315057
leaf_count=29 34 89 14 19 44 19 20
internal_value=-0.000640799 -0.00297215 -0.00598492 0.00108886 0.00239536 0.00489693 -0.00222678
internal_weight=29.6592 17.1531 10.0486 7.10447 12.5062 8.38367 4.12248
internal_count=268 156 103 53 112 63 49
is_linear=0
shrinkage=0.01


Tree=461
num_leaves=5
num_cat=0
split_feature=16 1 38 16
split_gain=2.25245 3.22036 2.05878 0.492794
threshold=-0.19327909308935973 -0.66698274791718015 0.70348777514908878 -0.25230162741928813
decision_type=2 2 2 2
left_child=3 -2 -3 -1
right_child=1 2 -4 -5
leaf_value=0.002594281328017178 -0.01000378094581585 0 0.0069369932534037136 0.010520202879413033
leaf_weight=2.4466659352183342 2.2456580866128268 15.404469756409524 5.5037370137870303 3.0056858658790615
leaf_count=16 27 141 52 19
internal_value=0.00200279 0.000511254 0.00186046 0.00763203
internal_weight=28.6062 23.1539 20.9082 5.45235
internal_count=255 220 193 35
is_linear=0
shrinkage=0.01


Tree=462
num_leaves=5
num_cat=0
split_feature=2 0 25 18
split_gain=2.78638 2.47872 2.54969 1.11529
threshold=3.4932499999998918 0.04732063493804281 -0.8130585406834886 13.984928571428652
decision_type=2 2 2 2
left_child=-1 2 -2 -3
right_child=1 3 -4 -5
leaf_value=-0.0097961262311589414 -0.0087837784696648998 0 0.0031724265543277897 -0.0098663288257053294
leaf_weight=2.3226694520562914 1.5680979527533114 1.9530654475092877 23.275022117421031 2.370257493108511
leaf_count=35 14 12 198 22
internal_value=1.55725e-05 0.000956581 0.00224241 -0.00566563
internal_weight=31.4891 29.1664 24.8431 4.32332
internal_count=281 246 212 34
is_linear=0
shrinkage=0.01


Tree=463
num_leaves=5
num_cat=0
split_feature=14 35 30 1
split_gain=1.58196 2.29413 1.46383 1.38811
threshold=0.14389147438870606 0.056721388321410209 -0.2925805921243631 -0.66204277466099781
decision_type=2 2 2 2
left_child=1 -1 -2 -3
right_child=2 3 -4 -5
leaf_value=-0.0087060476414359701 -0.01087667563438678 -0.0027685261370325068 0 0.0033441497617041683
leaf_weight=1.7193438708782256 1.8972485028207304 3.9268704578280547 2.0386461634188882 20.478052696213119
leaf_count=26 20 35 21 167
internal_value=0.000404155 0.00137004 -0.00517765 0.00225796
internal_weight=30.0602 26.1243 3.93589 24.4049
internal_count=269 228 41 202
is_linear=0
shrinkage=0.01


Tree=464
num_leaves=6
num_cat=0
split_feature=12 22 32 12 9
split_gain=2.65579 1.69577 1.45715 1.30042 0.972865
threshold=2.8758334144386031 -0.31647832372120849 0.2293063808527544 4.1118285528459646 -0.16656896616834063
decision_type=2 2 2 2 2
left_child=1 4 -3 -2 -1
right_child=3 2 -4 -5 -6
leaf_value=-0.00064345259354311568 0.012117226261898871 0 -0.0056515321166053581 0.0010752276187692023 0.0078195826781557454
leaf_weight=1.6387513522058723 2.2985291648656121 12.665101870894434 7.2105846796184769 2.6829764619469643 2.7942531891167226
leaf_count=20 14 99 90 20 21
internal_value=0.000474948 -0.00083875 -0.00216046 0.00694771 0.004426
internal_weight=29.2902 24.3087 19.8757 4.98151 4.433
internal_count=264 230 189 34 41
is_linear=0
shrinkage=0.01


Tree=465
num_leaves=5
num_cat=0
split_feature=8 17 35 34
split_gain=2.52012 2.46674 3.57388 2.54294
threshold=-0.18579798878330792 0.45560029367808202 0.40262370563726629 0.57797369439270263
decision_type=2 2 2 2
left_child=-1 3 -3 -2
right_child=1 2 -4 -5
leaf_value=0.0098344954564871141 -0.0059006199666954921 0.0080325464930554435 -0.0029957681620330846 0.0018695759225181262
leaf_weight=2.7105184718966511 8.8195762038230914 7.0386451929807645 4.3605768159031868 7.0902535356581202
leaf_count=18 126 43 28 58
internal_value=0.00114112 0.000108352 0.00367426 -0.00234392
internal_weight=30.0196 27.3091 11.3992 15.9098
internal_count=273 255 71 184
is_linear=0
shrinkage=0.01


Tree=466
num_leaves=5
num_cat=0
split_feature=8 8 8 21
split_gain=1.86999 2.40949 2.25202 2.00679
threshold=0.13308116576951706 -0.016241116054352678 -0.18579798878330792 0.45083673569140498
decision_type=2 2 2 2
left_child=1 2 -1 -3
right_child=-2 3 -4 -5
leaf_value=0.0035434522426904752 -0.0074493938067022522 0.0014951168209200079 -0.0058573187171244443 0.010896641715271342
leaf_weight=3.3262785226106644 2.6876707449555388 13.848836068063976 7.2470551542937809 2.6640918701887122
leaf_count=24 22 114 90 13
internal_value=0 0.000879888 -0.00269981 0.00329822
internal_weight=29.7739 27.0863 10.5733 16.5129
internal_count=263 241 114 127
is_linear=0
shrinkage=0.01


Tree=467
num_leaves=5
num_cat=0
split_feature=9 9 10 19
split_gain=2.48435 2.75257 1.93431 0.434852
threshold=-0.7962465918805729 -0.65410680899564555 7.9530357142858277 34.753673218239868
decision_type=2 2 2 2
left_child=-1 3 -3 -2
right_child=1 2 -4 -5
leaf_value=-0.0091389023215624893 0.013122898228281275 0.004631050164519067 -0.0016364408280274689 0.0035114813400987811
leaf_weight=2.0849253386259106 1.7231508214026754 6.5607107803225508 17.018581101670861 2.0049192234873772
leaf_count=27 10 55 153 20
internal_value=0.000548262 0.0014516 5.99458e-05 0.00909698
internal_weight=29.3923 27.3074 23.5793 3.72807
internal_count=265 238 208 30
is_linear=0
shrinkage=0.01


Tree=468
num_leaves=4
num_cat=0
split_feature=16 9 14
split_gain=2.87208 2.5734 2.6177
threshold=0.29411034604673753 -0.7962465918805729 0.14389147438870606
decision_type=2 2 2
left_child=1 -1 -3
right_child=-2 2 -4
leaf_value=-0.008515233513219693 -0.009778115040354517 0.0043076159195820337 -0.0046648786808586836
leaf_weight=1.7408721018582642 1.8688703328371037 21.815214306116108 3.3537270538508883
leaf_count=25 14 183 31
internal_value=0.00115664 0.00208899 0.00299265
internal_weight=28.7787 26.9098 25.1689
internal_count=253 239 214
is_linear=0
shrinkage=0.01


Tree=469
num_leaves=6
num_cat=0
split_feature=13 27 35 16 22
split_gain=2.76567 2.7179 2.50338 2.04983 1.69569
threshold=-0.61827888188764202 44.855237114973569 0.12746691811177058 -0.018960822899415999 -0.23647424741287457
decision_type=2 2 2 2 2
left_child=2 4 -1 -4 -2
right_child=1 -3 3 -5 -6
leaf_value=-0.0061935788838146724 0.0074333347683800113 -0.011374538483764246 -0.00040862900417868055 0.006535478319927332 -0.0033522512489255708
leaf_weight=2.3881734944880071 1.7745947074145076 2.9680672734975815 5.9513928852975431 10.943736657500262 4.5888037513941509
leaf_count=27 12 24 68 81 43
internal_value=0.000350658 -0.00395995 0.00256746 0.00400862 0
internal_weight=28.6148 9.33147 19.2833 16.8951 6.3634
internal_count=255 79 176 149 55
is_linear=0
shrinkage=0.01


Tree=470
num_leaves=6
num_cat=0
split_feature=28 39 39 16 16
split_gain=1.56987 2.87419 2.58845 2.30823 2.23782
threshold=0.9733393441856607 0.68876146581320741 0.55166223555011118 0.057046389836091442 -0.085448454693709056
decision_type=2 2 2 2 2
left_child=1 2 -1 -3 -2
right_child=4 3 -4 -5 -6
leaf_value=-0.0045548992277594054 0.003131905630751091 -0.0076738752340128899 0.0064829743599490756 0.0036809854778759223 -0.0078128206863797914
leaf_weight=2.022094380110512 3.1471724733710289 3.6493691513314834 15.32355874031782 2.7621316276490688 3.4687843024730673
leaf_count=34 23 58 103 23 37
internal_value=0.00166355 0.00289622 0.00502731 -0.00253823 -0.00240728
internal_weight=30.3731 23.7572 17.3457 6.4115 6.61596
internal_count=278 218 137 81 60
is_linear=0
shrinkage=0.01


Tree=471
num_leaves=8
num_cat=0
split_feature=4 12 39 12 30 28 26
split_gain=2.30726 2.39441 2.30226 1.8577 2.1255 1.5173 0.130489
threshold=-0.051109807200191419 -0.42547595390396958 0.6413287065468124 -0.60988570382414753 -0.18851620206800826 -0.53491168674690914 22.327178571428643
decision_type=2 2 2 2 2 2 2
left_child=3 6 -3 4 -1 -5 -2
right_child=1 2 -4 5 -6 -7 -8
leaf_value=0.0097183487585059819 -0.009980756284644017 -0.006417410295490829 0.0047996540675264857 -0.0086182589022410841 0.0018445315166842286 0.0042550304437953285 -0.002378512005147982
leaf_weight=5.9526356458663967 2.45694337412715 2.2990049719810468 5.4952434115111828 1.7784088589251044 9.8349601346999389 1.1595781594514871 1.3917723968625066
leaf_count=34 27 34 35 25 90 10 14
internal_value=0.00147884 -0.00187592 0.00112874 0.00366653 0.0050635 -0.00299622 -0.0080845
internal_weight=30.3685 11.643 7.79425 18.7256 15.7876 2.93799 3.84872
internal_count=269 110 69 159 124 35 41
is_linear=0
shrinkage=0.01


Tree=472
num_leaves=7
num_cat=0
split_feature=4 34 34 29 34 4
split_gain=2.70724 2.5464 2.5479 2.23925 3.13376 1.07664
threshold=-2.3802627758886952 0.0152184091099544 0.25353018936948823 -1.2738192884573345 0.6026913247780904 -1.2673879949675209
decision_type=2 2 2 2 2 2
left_child=1 -1 -3 5 -5 -2
right_child=3 2 -4 4 -6 -7
leaf_value=0.014845970587990996 0 -0.0063966256839281021 0.0047883290484006767 -0.0035074884517926493 0.0065103314599381035 -0.0089477949275593143
leaf_weight=1.5625737532973314 1.8057044502347706 2.4326948300003988 7.0201936960220337 7.6989127397537214 4.7893829755485058 4.9569445624947575
leaf_count=7 17 28 47 86 31 57
internal_value=4.1445e-05 0.00399658 0.0015966 -0.002146 0.000240648 -0.00665952
internal_weight=30.2664 11.0155 9.45289 19.2509 12.4883 6.76265
internal_count=273 82 75 191 117 74
is_linear=0
shrinkage=0.01


Tree=473
num_leaves=5
num_cat=0
split_feature=12 21 12 12
split_gain=1.53644 2.15352 2.45414 1.91422
threshold=2.8758334144386031 1.1160311464606136 -0.32564403979313278 5.9197266383853284
decision_type=2 2 2 2
left_child=1 2 -1 -2
right_child=3 -3 -4 -5
leaf_value=0.00028849320582743048 0.010592241565313585 0.0085607762294358739 -0.0074256038719989507 -0.00034681126074627438
leaf_weight=17.031688401475556 2.8388580679893485 2.063265796750783 4.9611684102565077 2.5456918552517891
leaf_count=148 19 11 71 18
internal_value=0.000619513 -0.000403836 -0.00143846 0.00532331
internal_weight=29.4407 24.0561 21.9929 5.38455
internal_count=267 230 219 37
is_linear=0
shrinkage=0.01


Tree=474
num_leaves=7
num_cat=0
split_feature=3 29 18 6 3 29
split_gain=1.73614 2.12547 5.07856 3.04605 1.45914 0.349052
threshold=62.280630429146775 -0.77704118543875589 11.285892857142798 -0.064140469239544473 70.952724262974328 -0.95455964913946934
decision_type=2 2 2 2 2 2
left_child=1 2 -1 -3 5 -2
right_child=4 3 -4 -5 -6 -7
leaf_value=0.0048396810322249581 0.0090840807525134574 0.0068431557034584261 -0.0089429484460541251 -0.0042926681367288985 -0.0027425441903635907 0.0019215821347241494
leaf_weight=3.4031626060605094 2.688578568398952 4.7884106542915106 8.5245739109814149 4.292729152366519 1.9748129434883592 2.2581781074404712
leaf_count=22 15 34 104 49 19 15
internal_value=-0.000569045 -0.0020597 -0.00482473 0.00139703 0.00357616 0.00649244
internal_weight=27.9304 21.0089 11.9277 9.08114 6.92157 4.94676
internal_count=258 209 126 83 49 30
is_linear=0
shrinkage=0.01


Tree=475
num_leaves=7
num_cat=0
split_feature=27 26 17 17 10 36
split_gain=1.91023 2.51755 1.30599 2.07337 1.91023 0.663207
threshold=57.356365446172241 18.932678571428568 -0.62961534303059052 0.59912098936958735 8.4108214285714187 0.71705146779043594
decision_type=2 2 2 2 2 2
left_child=2 -2 4 -4 -1 -3
right_child=1 5 3 -5 -6 -7
leaf_value=-0.0042851036826304298 0.011861332046507847 0.0030035899426713998 -0.0056291270202798163 0.0019134248791102782 0.0083067304671209392 -0.0033499554337655963
leaf_weight=1.6555609665811104 2.4149065986275655 3.4511341899633408 10.555206090211867 4.8094232231378564 2.4707765337079763 2.5942300669848919
leaf_count=18 12 21 131 37 21 21
internal_value=0 0.00385533 -0.00175295 -0.00314906 0.0028548 0
internal_weight=27.9512 8.46027 19.491 15.3646 4.12634 6.04536
internal_count=261 54 207 168 39 42
is_linear=0
shrinkage=0.01


Tree=476
num_leaves=7
num_cat=0
split_feature=9 21 9 21 37 6
split_gain=2.52044 2.78205 2.63761 2.32511 2.51984 1.24642
threshold=0.48009413395965733 -1.3274260464764416 0.60602199894378483 -0.88305333825803045 0.7031656972438175 -0.13684829655892847
decision_type=2 2 2 2 2 2
left_child=3 -2 -3 5 -5 -1
right_child=1 2 -4 4 -6 -7
leaf_value=-0.0012744132128414771 0.01130416743218147 0.0068212674637818087 -0.0068384402654124779 -0.0021153942256462934 0.0071521064418226202 -0.0099341061209957757
leaf_weight=4.2401254661381271 3.554047703742981 2.539903372526167 2.514566857367754 7.4550303667783755 4.2832803726196289 3.5083498554304242
leaf_count=44 21 16 27 75 23 56
internal_value=0.000438379 0.00490444 0 -0.00147792 0.00119412 -0.00566797
internal_weight=28.0953 8.60852 5.05447 19.4868 11.7383 7.74848
internal_count=262 64 43 198 98 100
is_linear=0
shrinkage=0.01


Tree=477
num_leaves=4
num_cat=0
split_feature=16 12 12
split_gain=2.26672 1.61442 2.68348
threshold=0.29411034604673753 2.8758334144386031 -0.73112000516903197
decision_type=2 2 2
left_child=1 2 -1
right_child=-2 -3 -4
leaf_value=0.0015387038534863725 -0.010010691576949655 0.0058882369144451253 -0.0057776553956904132
leaf_weight=16.192538376897581 1.9470675066113461 4.2529183290898791 6.8105880487710264
leaf_count=146 14 27 84
internal_value=-0.00031832 0.000402934 -0.000588135
internal_weight=29.2031 27.256 23.0031
internal_count=271 257 230
is_linear=0
shrinkage=0.01


Tree=478
num_leaves=5
num_cat=0
split_feature=17 18 33 32
split_gain=1.86156 2.25973 2.64457 1.48931
threshold=0.7754518989051743 11.285892857142798 0.38179660810721794 0.23947726602377112
decision_type=2 2 2 2
left_child=1 3 -3 -1
right_child=-2 2 -4 -5
leaf_value=0.00060787295769397249 -0.0075433554195855172 0.0017231597602433365 -0.0056189802017742934 0.010743848135786653
leaf_weight=3.4565428867936197 2.6328579112887374 13.970489423722031 7.0570194087922564 3.0144387744367123
leaf_count=30 21 113 89 18
internal_value=0 0.000832589 -0.00069153 0.00589181
internal_weight=30.1313 27.4985 21.0275 6.47098
internal_count=271 250 202 48
is_linear=0
shrinkage=0.01


Tree=479
num_leaves=7
num_cat=0
split_feature=39 37 13 6 16 1
split_gain=1.98739 2.01702 2.94058 2.68978 0.96383 0.487538
threshold=0.61565104375606861 0.60304249645162178 -0.79560308970996874 -0.064140469239544473 0.051851015498345941 0.22084307297269126
decision_type=2 2 2 2 2 2
left_child=4 2 -2 -3 5 -1
right_child=1 3 -4 -5 -6 -7
leaf_value=-0.0041392667517761031 0.011966702334504776 0.0026239406699365472 -0.0022526167239581138 -0.0050901316126266138 -0.0098340093777519438 0.0022769141849147863
leaf_weight=2.2879091314971478 3.3183297831565142 11.250815961509948 1.953018451109531 7.0679500587284521 2.3354686126112938 1.5250566750764845
leaf_count=36 29 84 19 73 19 9
internal_value=-4.80936e-05 0.00121511 0.00650189 -0.000279029 -0.00503592 -0.00110785
internal_weight=29.7385 23.5901 5.27135 18.3188 6.14843 3.81297
internal_count=269 205 48 157 64 45
is_linear=0
shrinkage=0.01


Tree=480
num_leaves=5
num_cat=0
split_feature=16 12 20 12
split_gain=3.27846 2.23694 2.57784 2.30057
threshold=-0.19609824603463813 2.8758334144386031 -13.541615331685987 5.9197266383853284
decision_type=2 2 2 2
left_child=-1 2 -2 -3
right_child=1 3 -4 -5
leaf_value=0.0084820774259970564 0.0056315417462713636 0.012169368545337997 -0.0036674101156066018 -0.00053310398791456195
leaf_weight=4.4352097399532822 3.1746931523084703 2.2134016286581746 17.214939852245152 2.6002524942159653
leaf_count=28 25 14 183 19
internal_value=0.00081962 -0.000534292 -0.00206222 0.00528788
internal_weight=29.6385 25.2033 20.3896 4.81365
internal_count=269 241 208 33
is_linear=0
shrinkage=0.01


Tree=481
num_leaves=7
num_cat=0
split_feature=6 33 28 2 30 16
split_gain=2.60482 2.48911 2.50512 2.05315 0.994819 2.51177
threshold=-0.22602782547771608 0.18950681578915574 2.5745356416764484 6.5521071428570403 -0.14624294026764653 -0.11569792037589137
decision_type=2 2 2 2 2 2
left_child=4 2 -2 -3 5 -1
right_child=1 3 -4 -5 -6 -7
leaf_value=0.009974230092698393 0.0064544383428039535 -0.0011153802047804728 -0.005678520884871874 -0.0092902484982731078 0.0097051558539432304 -0.0040825393537518278
leaf_weight=1.8403105735778806 5.5237436667084721 10.081783166155217 1.9809552319347856 4.6929201260209075 2.8194047361612347 2.6569334119558334
leaf_count=8 40 102 19 58 17 27
internal_value=7.43209e-05 -0.00156464 0.00290037 -0.00397786 0.00519263 0.00151674
internal_weight=29.5961 22.2794 7.5047 14.7747 7.31665 4.49724
internal_count=271 219 59 160 52 35
is_linear=0
shrinkage=0.01


Tree=482
num_leaves=8
num_cat=0
split_feature=33 8 9 33 13 37 25
split_gain=2.44254 2.04801 1.81152 1.60794 2.06442 1.27748 0.35325
threshold=0.39953758627046559 -0.024637225759431152 0.60602199894378483 0.69007574090223833 -1.0951839367357408 0.70064713099527087 0.50963674707062501
decision_type=2 2 2 2 2 2 2
left_child=1 5 -3 6 -5 -1 -2
right_child=3 2 -4 4 -6 -7 -8
leaf_value=-0.007211932724127487 -0.00998019247581944 0.0061681759306009658 -0.0021041740738925001 0.0067645184375402538 -0.0063243272661927539 0.0019710023565578591 -0.0006328369590529072
leaf_weight=2.9138503782451197 3.3554250057786685 10.167191747575997 2.9490645676851281 2.0721110552549362 2.1476156711578369 2.1861061714589596 1.0421266816556451
leaf_count=34 47 74 24 17 25 20 8
internal_value=0 0.00202249 0.00415368 -0.00434713 0 -0.00301446 -0.0083727
internal_weight=26.8335 18.2162 13.1163 8.61728 4.21973 5.09996 4.39755
internal_count=249 152 98 97 42 54 55
is_linear=0
shrinkage=0.01


Tree=483
num_leaves=7
num_cat=0
split_feature=0 6 16 27 33 32
split_gain=1.91112 2.24684 2.08277 1.76213 1.18548 1.14682
threshold=-0.017037205003879258 -0.21394980922505483 -0.25230162741928813 62.67832565344326 0.34277414692205138 0.26667927413093101
decision_type=2 2 2 2 2 2
left_child=2 4 -1 -3 -2 -4
right_child=1 3 5 -5 -6 -7
leaf_value=0.007001128907447667 0.011724474884699529 -0.0012072363531753371 -0.0014871685759764062 0.0066967501934521228 0.0013024350475023846 -0.0099711000256669652
leaf_weight=1.3723252080380914 3.1345700807869461 12.507385380566118 5.07913611456752 3.2707459274679413 2.4264044128358364 2.7675910871475935
leaf_count=8 19 135 39 20 21 35
internal_value=0.000822848 0.00250798 -0.00282368 0.000401219 0.00781773 -0.00498199
internal_weight=30.5582 21.3391 9.21905 15.7781 5.56097 7.84673
internal_count=277 195 82 155 40 74
is_linear=0
shrinkage=0.01


Tree=484
num_leaves=6
num_cat=0
split_feature=16 16 8 12 26
split_gain=3.0394 3.34289 4.2441 1.94977 1.02701
threshold=-0.17404951636539281 0.018823175933461642 0.083301449337967778 -8.6624858101686169 19.441142857142953
decision_type=2 2 2 2 2
left_child=4 3 -3 -2 -1
right_child=1 2 -4 -5 -6
leaf_value=0.011932666890073232 0.0030347798123099459 0.005883808095821552 -0.0052093335528761589 -0.0081684531594433587 0.0021228085602250581
leaf_weight=2.0676496103405979 1.4674929715693021 8.5226131938397867 5.2433362007141104 7.7072390960529438 3.4336096197366714
leaf_count=10 11 59 43 119 22
internal_value=4.06647e-05 -0.00150638 0.00149535 -0.00612606 0.006581
internal_weight=28.4419 22.9407 13.7659 9.17473 5.50126
internal_count=264 232 102 130 32
is_linear=0
shrinkage=0.01


Tree=485
num_leaves=6
num_cat=0
split_feature=39 20 2 8 14
split_gain=1.36478 2.75888 2.10742 2.2288 1.90432
threshold=0.68876146581320741 -9.0912917312407426 6.3836785714286188 0.075472894293441922 0.12318959805106096
decision_type=2 2 2 2 2
left_child=1 -1 3 -2 -3
right_child=2 4 -4 -5 -6
leaf_value=0.01215987219242705 -0.0037383323108636209 0.0016873169569075175 -0.0097163400849657883 0.0092788613226369686 -0.0066009363974552935
leaf_weight=1.8628875501453936 3.6989072943106276 15.008739182725551 2.9091029483824968 1.6419607065618036 3.0732544399797908
leaf_count=11 51 129 35 10 27
internal_value=0 0.00147516 -0.00328782 0.000189676 8.50864e-05
internal_weight=28.1949 19.9449 8.24997 5.34087 18.082
internal_count=263 167 96 61 156
is_linear=0
shrinkage=0.01


Tree=486
num_leaves=4
num_cat=0
split_feature=10 26 17
split_gain=2.2386 1.77932 1.80592
threshold=14.241071428571397 21.222535714285772 0.47648500455067555
decision_type=2 2 2
left_child=1 2 -1
right_child=-2 -3 -4
leaf_value=-0.0036154754511190808 0.0044642257125253396 -0.0096006000339705407 0.0025271860697532538
leaf_weight=12.947809198871264 5.028186257928609 2.9755077566951504 6.8687579557299605
leaf_count=154 26 37 44
internal_value=-0.00126034 -0.00265144 -0.00138097
internal_weight=27.8203 22.7921 19.8166
internal_count=261 235 198
is_linear=0
shrinkage=0.01


Tree=487
num_leaves=6
num_cat=0
split_feature=16 16 14 6 19
split_gain=2.57839 3.12498 2.57749 1.67884 1.0762
threshold=-0.19327909308935973 -0.018960822899415999 0.14389147438870606 -0.054480407207725672 26.535939802738493
decision_type=2 2 2 2 2
left_child=3 4 -3 -1 -2
right_child=1 2 -4 -5 -6
leaf_value=0.011811283506621908 0.00092068931034831143 0.0028480712755493509 -0.0089837484276817925 0.00032843225308645178 -0.0082625292407922952
leaf_weight=2.6909913048148155 1.0786731075495541 15.087609337642787 1.7449161782860745 2.9079267028719213 5.6162422439083457
leaf_count=13 9 126 20 23 81
internal_value=0.000551248 -0.000846075 0.00136897 0.00650645 -0.00652099
internal_weight=29.1264 23.5274 16.8325 5.59892 6.69492
internal_count=272 236 146 36 90
is_linear=0
shrinkage=0.01


Tree=488
num_leaves=5
num_cat=0
split_feature=8 17 17 6
split_gain=2.40793 2.30384 1.77487 1.76339
threshold=0.14542609627120115 0.45560029367808202 -0.52765479724350917 1.0000000180025095e-35
decision_type=2 2 2 2
left_child=1 2 -1 -3
right_child=-2 3 -4 -5
leaf_value=0.0020333906507372579 -0.0097032809173970454 0.0095465459858445918 -0.0039562329601842798 0
leaf_weight=10.217112522572284 1.90450158715248 4.4586869142949572 8.7826626570895332 3.227674700319767
leaf_count=78 17 26 121 22
internal_value=0.000256028 0.00114087 -0.000650149 0.00567661
internal_weight=28.5906 26.6861 18.9998 7.68636
internal_count=264 247 199 48
is_linear=0
shrinkage=0.01


Tree=489
num_leaves=7
num_cat=0
split_feature=10 28 35 28 28 10
split_gain=1.95627 2.23905 2.46222 1.95118 3.49709 1.531
threshold=11.578428571428603 4.8238002058442371 0.64499134632440469 -7.0142646586391484 -0.77734844155520466 7.8042499999999437
decision_type=2 2 2 2 2 2
left_child=1 2 -1 -2 -5 -3
right_child=3 5 -4 4 -6 -7
leaf_value=0.0056261572963223639 -0.0098126707748542787 0.0020638180857142207 -0.0029968445287103856 0.0071480569285439386 -0.0090763785317445542 -0.0093107402490628065
leaf_weight=13.785360377281913 2.8629480609670281 1.586142007261514 3.7881302759051314 2.8292813263833523 2.0041767172515383 2.2920528836548328
leaf_count=113 44 13 36 14 22 26
internal_value=0.000447276 0.00205748 0.00363639 -0.00369945 0 -0.00436583
internal_weight=29.1481 21.4517 17.5735 7.69641 4.83346 3.87819
internal_count=268 188 149 80 36 39
is_linear=0
shrinkage=0.01


Tree=490
num_leaves=5
num_cat=0
split_feature=8 27 26 11
split_gain=1.60289 1.54485 1.6375 0.990525
threshold=0.14542609627120115 28.991651307596211 23.004642857142802 28.982129021176402
decision_type=2 2 2 2
left_child=1 3 -3 -1
right_child=-2 2 -4 -5
leaf_value=0.00098494279351667873 -0.0068903643191490426 0.00098242677101547066 0.0088085237157673659 -0.0088092373373174979
leaf_weight=1.1597405150532787 2.3766768015921107 23.20563587918878 2.9060860387980929 2.062544034793973
leaf_count=19 20 193 16 35
internal_value=0.000422225 0.00114595 0.00201931 -0.00493272
internal_weight=31.7107 29.334 26.1117 3.22228
internal_count=283 263 209 54
is_linear=0
shrinkage=0.01


Tree=491
num_leaves=6
num_cat=0
split_feature=28 28 26 11 39
split_gain=1.77669 2.36762 2.15563 2.09215 1.844
threshold=-11.948473559721149 -1.25904559292303 18.723821428571426 60.843266203363505 0.63882273926020405
decision_type=2 2 2 2 2
left_child=3 2 -2 -1 -3
right_child=1 4 -4 -5 -6
leaf_value=-0.009733068793217458 -9.4277881145820553e-06 -0.0076982610885567362 0.0087258332642083623 0.0027354578482206358 0.00057004382779808963
leaf_weight=3.2313323821872499 4.4366445429623163 3.2081228066235754 5.7822991162538528 1.6685562245547769 10.065310930833219
leaf_count=43 43 50 51 14 73
internal_value=3.29326e-05 0.001258 0.0048511 -0.00518969 -0.001407
internal_weight=28.3923 23.4924 10.2189 4.89989 13.2734
internal_count=274 217 94 57 123
is_linear=0
shrinkage=0.01


Tree=492
num_leaves=5
num_cat=0
split_feature=9 0 0 0
split_gain=2.93509 3.17208 2.7694 2.5876
threshold=-0.73407814902340973 -0.0059960204963212848 0.059421776917797313 -0.018006429771839014
decision_type=2 2 2 2
left_child=-1 3 -3 -2
right_child=1 2 -4 -5
leaf_value=-0.0095888280283156508 0.0012831519924199509 -0.0044519994230540413 0.0051662593740071459 0.011855786422799447
leaf_weight=2.6462531611323383 7.6839637160301208 11.427199123427267 3.5876078978180876 3.4441971927881294
leaf_count=34 59 131 23 20
internal_value=-5.98561e-05 0.000926899 -0.00196706 0.00495574
internal_weight=28.7892 26.143 15.0148 11.1282
internal_count=267 233 154 79
is_linear=0
shrinkage=0.01


Tree=493
num_leaves=6
num_cat=0
split_feature=16 3 17 24 24
split_gain=2.6443 4.56686 2.7063 1.32255 1.18137
threshold=-0.17404951636539281 58.899477411399786 0.45560029367808202 -0.29242912586844566 0.24498852292821835
decision_type=2 2 2 2 2
left_child=3 2 -2 -1 -3
right_child=1 4 -4 -5 -6
leaf_value=0 -0.0073254187369444146 0.0076858592101834745 0.0014480463991953518 0.0099238408802277463 -4.6058476818289454e-05
leaf_weight=2.3251705467700958 8.6417483231052774 5.7622616235166779 5.1097870953381053 4.096500143408778 2.1817860305309296
leaf_count=16 130 37 36 24 16
internal_value=0.00118838 -0.000417768 -0.00396173 0.00668875 0.00539533
internal_weight=28.1173 21.6956 13.7515 6.42167 7.94405
internal_count=259 219 166 40 53
is_linear=0
shrinkage=0.01


Tree=494
num_leaves=6
num_cat=0
split_feature=14 27 22 0 0
split_gain=1.96667 1.47931 1.71747 0.924555 0.758859
threshold=0.14389147438870606 28.991651307596211 -0.22141617844403541 -0.025763119463492828 0.0030805303920462888
decision_type=2 2 2 2 2
left_child=1 3 -3 -1 -2
right_child=4 2 -4 -5 -6
leaf_value=0.0014259488758011027 -0.0085290662154417947 -0.0014760291686303822 0.0043571619294701294 -0.0085013428053272288 0
leaf_weight=1.0052381400018933 2.6311733573675147 6.557818138971931 15.726590532809491 1.8686453681439221 1.4785624947398899
leaf_count=9 27 69 105 40 15
internal_value=0.000491176 0.0016157 0.00255522 -0.00459223 -0.00558079
internal_weight=29.268 25.1583 22.2844 2.87388 4.10974
internal_count=265 223 174 49 42
is_linear=0
shrinkage=0.01


Tree=495
num_leaves=7
num_cat=0
split_feature=4 36 3 16 36 36
split_gain=2.35143 2.89779 2.40699 1.73526 1.66316 0.598732
threshold=-0.082232026631118046 0.71103281937653284 65.869837000713304 -0.20180539633358838 0.66628618050932109 0.63055400564923703
decision_type=2 2 2 2 2 2
left_child=3 5 -3 -1 -5 -2
right_child=1 2 -4 4 -6 -7
leaf_value=0.0098238996132645213 -0.002080277265812603 -0.0049183667307950932 0.0071529348577445339 -0.0064662367036739709 0.0023285573889892351 -0.010664733875217547
leaf_weight=2.3685569781810072 2.0436770431697351 2.7382835242897272 3.160074707120657 2.1977033484727171 13.165958303958176 3.8294911291450262
leaf_count=16 30 29 19 42 101 40
internal_value=0 -0.00340546 0.00125941 0.00229706 0.000843067 -0.00824786
internal_weight=29.5037 11.7715 5.89836 17.7322 15.3637 5.87317
internal_count=277 118 48 159 143 70
is_linear=0
shrinkage=0.01


Tree=496
num_leaves=7
num_cat=0
split_feature=8 21 38 28 38 10
split_gain=3.65166 2.26708 1.83348 1.81112 0.877206 0.105329
threshold=-0.024637225759431152 0.54424151542194921 0.69066765464963009 -1.2785551551014576 0.7076657806955392 14.820785714285714
decision_type=2 2 2 2 2 2
left_child=2 3 5 -2 -4 -1
right_child=1 -3 4 -5 -6 -7
leaf_value=-0.010154330216089887 0.0028209440933089549 0.009619294225473007 0.0068945691395710471 -0.003661586399012878 -0.0035442023821970095 -0.0028420755605532773
leaf_weight=3.9882886745035675 12.909896880388265 3.1630920171737662 1.1292477622628214 5.9604955185204735 1.377915797755122 1.4214388355612753
leaf_count=56 96 16 10 57 22 7
internal_value=0 0.00213373 -0.00566272 0.000643755 0.000679396 -0.00883355
internal_weight=29.9504 22.0335 7.91689 18.8704 2.50716 5.40973
internal_count=264 169 95 153 32 63
is_linear=0
shrinkage=0.01


Tree=497
num_leaves=4
num_cat=0
split_feature=19 0 3
split_gain=1.6995 1.73382 3.1019
threshold=19.979648572832478 -0.094688507712192282 62.280630429146775
decision_type=2 2 2
left_child=-1 -2 -3
right_child=1 2 -4
leaf_value=0.0075647877969370293 0.005547073733512339 -0.003933351443668162 0.0041582628355331967
leaf_weight=2.3718326278030899 3.3171770982444349 17.903065820224583 5.9285456016659728
leaf_count=22 19 183 43
internal_value=0 -0.000788172 -0.00181087
internal_weight=29.5206 27.1488 23.8316
internal_count=267 245 226
is_linear=0
shrinkage=0.01


Tree=498
num_leaves=6
num_cat=0
split_feature=6 2 18 18 36
split_gain=2.05919 2.69432 1.8962 0.947854 0.642385
threshold=0.079890333590929993 8.1731428571429543 13.025107142857127 18.333714285714162 0.71038832543452013
decision_type=2 2 2 2 2
left_child=1 2 -1 4 -2
right_child=3 -3 -4 -5 -6
leaf_value=0.0069864397065422757 -0.0097002911088084863 -0.0073177305461896618 0.00028094582009534764 0.0014646191341680611 -0.0012128774965717256
leaf_weight=7.304453372955332 2.8509133644402018 2.4724020287394515 11.032249296084045 1.3514204919338224 2.229992501437664
leaf_count=58 40 26 106 13 18
internal_value=0.000102009 0.00170657 0.00312887 -0.00463653 -0.00662218
internal_weight=27.2414 20.8091 18.3367 6.43233 5.08091
internal_count=261 190 164 71 58
is_linear=0
shrinkage=0.01


Tree=499
num_leaves=4
num_cat=0
split_feature=29 13 14
split_gain=1.31644 2.40282 1.76928
threshold=0.78686149386041448 -2.7237923808600617 -0.039896856614535174
decision_type=2 2 2
left_child=1 -1 -3
right_child=-2 2 -4
leaf_value=0.011737891575666353 0.0089131690976139068 0.0028933680327105794 -0.0026277005282602647
leaf_weight=1.5507022812962592 1.9819238670170296 10.335395677015192 12.432103676721447
leaf_count=8 12 88 134
internal_value=0.00155557 0.000773383 -2.96539e-05
internal_weight=26.3001 24.3182 22.7675
internal_count=242 230 222
is_linear=0
shrinkage=0.01


end of trees

feature_importances:
M15_Ret_1=135
M30_ATR_14=123
M15_ATR_14=117
M30_Body_Ratio=113
M30_Ret_1=103
H1_RSI_14=91
M5_Macro1_Corr=83
H1_MACD=83
M30_Vol_ZScore=82
M5_Ret_1=80
M15_Macro1_Corr=80
H1_Hurst=80
M15_Body_Ratio=78
M5_MACD=77
M5_Hurst=75
H1_Macro1_Corr=72
M15_OU_Theta=71
M5_Vol_ZScore=66
M5_RSI_14=64
M5_Body_Ratio=63
M15_Hurst=63
M30_Hurst=62
H1_Vol_ZScore=56
M5_OU_Theta=56
H1_Body_Ratio=53
H1_Ret_1=49
M30_OU_Theta=48
H1_OU_Theta=48
M15_MACD=45
M30_Macro1_Corr=43
M15_RSI_14=40
M30_RSI_14=37
M15_Vol_ZScore=35
H1_ATR_14=32
M5_ATR_14=31
M30_MACD=21
H1_Price_ZScore=2
M30_Price_ZScore=1

parameters:
[boosting: gbdt]
[objective: binary]
[metric: auc]
[tree_learner: serial]
[device_type: cpu]
[data_sample_strategy: bagging]
[data: ]
[valid: ]
[num_iterations: 500]
[learning_rate: 0.01]
[num_leaves: 8]
[num_threads: 0]
[seed: 42]
[deterministic: 0]
[force_col_wise: 0]
[force_row_wise: 0]
[histogram_pool_size: -1]
[max_depth: 3]
[min_data_in_leaf: 15]
[min_sum_hessian_in_leaf: 0.001]
[bagging_fraction: 0.7]
[pos_bagging_fraction: 1]
[neg_bagging_fraction: 1]
[bagging_freq: 1]
[bagging_seed: 42]
[bagging_by_query: 0]
[feature_fraction: 0.5]
[feature_fraction_bynode: 1]
[feature_fraction_seed: 42]
[extra_trees: 0]
[extra_seed: 12879]
[early_stopping_round: 50]
[early_stopping_min_delta: 0]
[first_metric_only: 0]
[max_delta_step: 0]
[lambda_l1: 0.2]
[lambda_l2: 0.3]
[linear_lambda: 0]
[min_gain_to_split: 0.1]
[drop_rate: 0.1]
[max_drop: 50]
[skip_drop: 0.5]
[xgboost_dart_mode: 0]
[uniform_drop: 0]
[drop_seed: 17869]
[top_rate: 0.2]
[other_rate: 0.1]
[min_data_per_group: 100]
[max_cat_threshold: 32]
[cat_l2: 10]
[cat_smooth: 10]
[max_cat_to_onehot: 4]
[top_k: 20]
[monotone_constraints: ]
[monotone_constraints_method: basic]
[monotone_penalty: 0]
[feature_contri: ]
[forcedsplits_filename: ]
[refit_decay_rate: 0.9]
[cegb_tradeoff: 1]
[cegb_penalty_split: 0]
[cegb_penalty_feature_lazy: ]
[cegb_penalty_feature_coupled: ]
[path_smooth: 0]
[interaction_constraints: ]
[verbosity: -1]
[saved_feature_importance_type: 0]
[use_quantized_grad: 0]
[num_grad_quant_bins: 4]
[quant_train_renew_leaf: 0]
[stochastic_rounding: 1]
[linear_tree: 0]
[max_bin: 255]
[max_bin_by_feature: ]
[min_data_in_bin: 3]
[bin_construct_sample_cnt: 200000]
[data_random_seed: 175]
[is_enable_sparse: 1]
[enable_bundle: 1]
[use_missing: 1]
[zero_as_missing: 0]
[feature_pre_filter: 1]
[pre_partition: 0]
[two_round: 0]
[header: 0]
[label_column: ]
[weight_column: ]
[group_column: ]
[ignore_column: ]
[categorical_feature: ]
[forcedbins_filename: ]
[precise_float_parser: 0]
[parser_config_file: ]
[objective_seed: 16083]
[num_class: 1]
[is_unbalance: 0]
[scale_pos_weight: 1]
[sigmoid: 1]
[boost_from_average: 1]
[reg_sqrt: 0]
[alpha: 0.9]
[fair_c: 1]
[poisson_max_delta_step: 0.7]
[tweedie_variance_power: 1.5]
[lambdarank_truncation_level: 30]
[lambdarank_norm: 1]
[label_gain: ]
[lambdarank_position_bias_regularization: 0]
[eval_at: ]
[multi_error_top_k: 1]
[auc_mu_weights: ]
[num_machines: 1]
[local_listen_port: 12400]
[time_out: 120]
[machine_list_filename: ]
[machines: ]
[gpu_platform_id: -1]
[gpu_device_id: -1]
[gpu_use_dp: 0]
[num_gpu: 1]

end of parameters

pandas_categorical:null
