tree
version=v4
num_class=1
num_tree_per_iteration=1
label_index=0
max_feature_idx=39
objective=binary sigmoid:1
feature_names=M5_Ret_1 M5_Body_Ratio M5_ATR_14 M5_RSI_14 M5_MACD M5_Vol_ZScore M5_Macro1_Corr M5_Price_ZScore M15_Ret_1 M15_Body_Ratio M15_ATR_14 M15_RSI_14 M15_MACD M15_Vol_ZScore M15_Macro1_Corr M15_Price_ZScore M30_Ret_1 M30_Body_Ratio M30_ATR_14 M30_RSI_14 M30_MACD M30_Vol_ZScore M30_Macro1_Corr M30_Price_ZScore H1_Ret_1 H1_Body_Ratio H1_ATR_14 H1_RSI_14 H1_MACD H1_Vol_ZScore H1_Macro1_Corr H1_Price_ZScore M5_OU_Theta M15_OU_Theta M30_OU_Theta H1_OU_Theta M5_Hurst M15_Hurst M30_Hurst H1_Hurst
feature_infos=[-0.28293360511493293:0.3210062016071098] [-1:1] [2.3955000000000188:11.349428571428623] [6.6161098585792075:87.38121985065689] [-11.547031636425345:18.345629687341898] [-3.6225699580317463:3.9913600257941049] [-0.5781771174117436:0.57585060740055538] [-1.9374896321178199:2.6661745308736653] [-0.49952061403837605:0.60580800161537551] [-1:1] [4.3827857142857409:18.408285714285608] [15.378151260503714:92.770739388733404] [-36.704705656045917:29.182389298028284] [-3.6818426090023513:3.9418839983593177] [-0.68466053614358202:0.54382778631614603] [-2.0968798915073608:2.7308356648060039] [-0.77706617790644417:0.58838654253490519] [-0.97507379468677524:0.91237686097326309] [7.791571428571582:22.633857142857323] [3.6309898408700292:90.282444590883046] [-35.323947817752014:31.64079995164866] [-3.1535028852514566:3.933826016937676] [-0.61756666627179724:0.38121151087631294] [-2.7567433138258797:2.5786101609449461] [-0.83088597495593908:0.91708410661326933] [-0.9693539480950093:0.91426265029529719] [10.408357142857053:28.807999999999993] [11.059629434321579:88.416652942546136] [-40.415854845312424:34.57062961714837] [-2.32668408786735:2.8316465866430898] [-0.58181227645069711:0.53362009920531217] [-3.1932514263754892:2.0946902166669559] [1.0000000100247594e-08:18.420680743952367] [1.0000000100247594e-08:5.641372447414911] [1.0000000100247594e-08:18.420680743952367] [1.0000000100247594e-08:3.3593686896245734] [0.48278899035799921:0.75051272178219142] [0.43866724609178687:0.75263144925889891] [0.41832637986563825:0.779111] [0.4497817810862792:0.7530498642347544]
tree_sizes=652 574 888 681 574 781 658 781 575 679 678 676 781 676 884 778 678 886 683 887 681 675 752 646 884 681 755 781 673 770 574 681 679 575 888 662 680 669 759 575 681 661 783 783 862 663 575 657 676 686 760 876 578 776 881 667 784 783 782 672 656 575 786 781 569 675 764 783 849 681 890 788 573 680 782 575 788 784 885 675 765 983 684 675 781 678 655 894 574 871 676 679 778 572 782 679 781 887 760 676 659 882 678 681 677 788 884 887 680 885 676 785 784 681 683 577 676 673 782 683 867 886 879 777 876 885 576 765 683 868 780 872 893 683 679 575 890 890 682 888 787 577 990 848 783 670 683 970 892 679 572 681 682 993 683 679 680 681 669 888 877 872 992 656 579 780 870 576 890 785 783 782 894 788 794 784 781 763 881 580 673 681 856 989 767 884 684 777 656 787 660 789 779 784 658 683 873 988 684 866 674 784 575 577 966 774 679 781 681 762 891 673 573 888 781 574 567 684 578 782 786 883 579 777 888 893 684 989 680 678 880 764 778 577 577 658 677 870 762 764 869 784 974 669 889 893 575 761 785 888 683 968 680 760 659 763 866 760 680 779 574 875 782 889 683 783 678 889 578 783 891 681 781 752 887 783 682 890 784 781 990 786 677 882 678 574 577 992 671 876 674 572 678 577 888 855 688 785 987 775 677 790 883 786 685 887 682 661 968 888 786 784 892 788 780 675 892 786 683 868 857 792 871 678 869 782 659 886 683 965 667 682 576 784 781 774 895 681 888 772 675 888 785 684 983 672 683 659 646 772 761 685 649 893 970 578 682 962 581 888 889 866 668 678 895 781 877 661 858 577 966 876 788 881 878 861 883 986 995 644 764 793 784 679 682 783 580 885 681 787 864 990 891 865 781 758 874 862 758 764 890 995 658 786 870 889 681 883 675 997 992 786 989 789 680 656 887 765 875 683 865 887 870 682 893 879 780 874 677 873 888 871 892 774 680 658 581 764 992 578 680 788 755 681 774 767 575 654 575 677 677 967 759 784 763 579 574 576 879 657 878 895 885 760 635 576 782 574 661 892 786 676 888 976 570 659 860 787 679 861 893 892 682 993 578 874 662 674 977 878 881 786 787 893 870 893 871 681 894 882

Tree=0
num_leaves=5
num_cat=0
split_feature=14 3 14 26
split_gain=18.1427 7.49355 6.27393 5.89813
threshold=-0.39467734717860997 51.570157132173797 0.23677290935988202 16.333035714285874
decision_type=2 2 2 2
left_child=1 -1 3 -2
right_child=2 -3 -4 -5
leaf_value=-1.3177065805319621 -1.3390449618438605 -1.3430814892085348 -1.3361430169916293 -1.3523176732636759
leaf_weight=2.4586305767297736 3.4420828074216869 2.4586305767297745 2.9503566920757285 26.061484113335609
leaf_count=15 21 15 18 159
internal_value=-1.34639 -1.32913 -1.3492 -1.35065
internal_weight=37.3712 4.91726 32.4539 29.5036
internal_count=228 30 198 180
is_linear=0
shrinkage=1


Tree=1
num_leaves=4
num_cat=0
split_feature=13 32 35
split_gain=11.0295 9.40446 10.1513
threshold=0.74947326155192762 0.16784969638995717 0.54615037117714949
decision_type=2 2 2
left_child=1 -1 -3
right_child=-2 2 -4
leaf_value=-0.010949716947731891 0.01714398834941035 0.0045605235502306435 -0.010108218576067663
leaf_weight=9.3149249851703626 2.7854468524456015 17.864535897970203 6.0497365593910208
leaf_count=57 17 109 37
internal_value=-0.000873713 -0.00258358 0.000687829
internal_weight=36.0146 33.2292 23.9143
internal_count=220 203 146
is_linear=0
shrinkage=0.01


Tree=2
num_leaves=7
num_cat=0
split_feature=30 21 33 30 34 39
split_gain=9.51151 11.1283 7.90579 11.1361 5.1429 3.77975
threshold=0.10460026513912923 -0.71498544719838553 0.12913939237620933 -0.15341346757203683 0.29595777874308005 0.67862249744663983
decision_type=2 2 2 2 2 2
left_child=2 5 3 -1 -4 -2
right_child=1 -3 4 -5 -6 -7
leaf_value=0.022104600206331076 -0.0053873303757827722 0.025527040625963556 0.00035755616985365342 -0.0046385221704700287 -0.0086579185128654833 0.0093919482069096099
leaf_weight=2.6313152611255646 3.2746361792087555 2.6305223703384382 10.642333850264551 2.9414418339729336 13.886033743619917 2.9611653238534927
leaf_count=16 20 16 65 18 85 18
internal_value=0.000433681 0.00940164 -0.00220877 0.00813248 -0.00470869 0.00143379
internal_weight=38.9674 8.86632 30.1011 5.57276 24.5284 6.2358
internal_count=238 54 184 34 150 38
is_linear=0
shrinkage=0.01


Tree=3
num_leaves=5
num_cat=0
split_feature=13 32 29 6
split_gain=8.61966 7.21201 8.76221 2.70486
threshold=0.74947326155192762 0.21742174740844017 -0.59683118215779041 -0.068695618174670223
decision_type=2 2 2 2
left_child=1 3 -3 -1
right_child=-2 2 -4 -5
leaf_value=-0.0012935585184046289 0.014204898021757483 -0.0012886728003394378 0.013387142750074585 -0.010767906304618016
leaf_weight=5.5317911356687537 3.4885804653167716 19.656936481595039 4.7675784677267101 8.4552141427993757
leaf_count=34 21 120 29 52
internal_value=-0.000139342 -0.00159375 0.00162278 -0.00726668
internal_weight=41.9001 38.4115 24.4245 13.987
internal_count=256 235 149 86
is_linear=0
shrinkage=0.01


Tree=4
num_leaves=4
num_cat=0
split_feature=13 14 36
split_gain=13.6922 19.2389 5.93802
threshold=0.74947326155192762 -0.40179133132982386 0.66286611390019867
decision_type=2 2 2
left_child=1 -1 -3
right_child=-2 2 -4
leaf_value=0.016965476653694102 0.01786875699102292 0.0023961729560687049 -0.0071546414197342038
leaf_weight=4.4855216145515433 3.6844409555196753 8.4935609102249163 22.927127733826637
leaf_count=27 22 52 141
internal_value=0.000232505 -0.00165503 -0.00451159
internal_weight=39.5907 35.9062 31.4207
internal_count=242 220 193
is_linear=0
shrinkage=0.01


Tree=5
num_leaves=6
num_cat=0
split_feature=14 1 37 11 35
split_gain=16.6539 8.75386 10.6046 10.4427 1.36571
threshold=-0.39467734717860997 -0.35627872247758324 0.71827429874448179 55.231916634388405 0.28819636624727391
decision_type=2 2 2 2 2
left_child=4 3 -3 -2 -1
right_child=1 2 -4 -5 -6
leaf_value=0.023503085452915157 -6.4628616160718373e-05 -0.0077458106980054942 0.0098460634522780487 0.022409180214607888 0.0091469823169141509
leaf_weight=2.5120245963335028 6.5440269261598569 19.531966194510463 3.7849041223525992 2.6086443811655045 2.5257525593042374
leaf_count=15 40 120 23 16 15
internal_value=0.0011977 -0.00142377 -0.00471673 0.00663707 0.0175988
internal_weight=37.5073 32.4695 23.3169 9.15267 5.03778
internal_count=229 199 143 56 30
is_linear=0
shrinkage=0.01


Tree=6
num_leaves=5
num_cat=0
split_feature=14 34 8 8
split_gain=17.4278 7.70479 4.62163 4.15571
threshold=-0.40179133132982386 0.076535382079127176 0.074401249865209906 0.0041047123450522029
decision_type=2 2 2 2
left_child=-1 3 -3 -2
right_child=1 2 -4 -5
leaf_value=0.018319572247361877 0.017005368853400146 -0.0061827756644729087 0.0027501269599611543 0
leaf_weight=4.9079292565584174 2.7977404147386542 19.373769059777263 7.6462262123823157 2.4597086608409882
leaf_count=29 17 119 47 15
internal_value=0.00131473 -0.00135443 -0.00357926 0.00929592
internal_weight=37.1854 32.2774 27.02 5.25745
internal_count=227 198 166 32
is_linear=0
shrinkage=0.01


Tree=7
num_leaves=6
num_cat=0
split_feature=30 2 30 33 12
split_gain=12.2009 11.2693 5.51688 11.5165 3.83587
threshold=0.20789540549124264 4.8449285714285528 -0.089835568203355948 0.12913939237620933 4.1650400522212303
decision_type=2 2 2 2 2
left_child=2 -2 3 -1 -4
right_child=1 -3 4 -5 -6
leaf_value=0.01812501662382628 -0.0033326560229440883 0.022872822013623742 -0.0096552263759497863 -0.0025234990695058019 0.00089555181874295415
leaf_weight=3.0039215236902264 2.4729125648736945 3.6853941977024078 11.905925124883654 14.18754532933235 4.2719531953334799
leaf_count=18 15 22 73 87 26
internal_value=-0.000163609 0.0123741 -0.00262649 0.00121913 -0.00678222
internal_weight=39.5277 6.15831 33.3693 17.1915 16.1779
internal_count=241 37 204 105 99
is_linear=0
shrinkage=0.01


Tree=8
num_leaves=4
num_cat=0
split_feature=14 16 12
split_gain=8.07692 8.25855 4.02515
threshold=-0.45817211576129957 -0.19624743312662371 -11.099828529890145
decision_type=2 2 2
left_child=-1 -2 -3
right_child=1 2 -4
leaf_value=0.013418352601327352 0.013575240926829064 0.0071372995610246084 -0.0046941996842348689
leaf_weight=3.5847045928239814 2.8176533430814734 2.8211353123188045 27.112199917435646
leaf_count=21 17 17 167
internal_value=-0.000162482 -0.00181777 -0.0034532
internal_weight=36.3357 32.751 29.9333
internal_count=222 201 184
is_linear=0
shrinkage=0.01


Tree=9
num_leaves=5
num_cat=0
split_feature=14 33 32 0
split_gain=23.8921 6.55031 6.13962 4.42155
threshold=-0.45817211576129957 0.13443286839586263 0.21364729536066626 0.05854137388601998
decision_type=2 2 2 2
left_child=-1 2 -2 -3
right_child=1 3 -4 -5
leaf_value=0.021420954023141828 -0.0029129823943845122 -0.0068100974175926629 0.013974249778789081 0.0063783170623561512
leaf_weight=4.1321506649255744 4.4229135364294043 25.086561545729641 3.5160179138183594 2.4333782941102973
leaf_count=24 27 155 21 15
internal_value=-0.000424694 -0.00318473 0.00455984 -0.00551585
internal_weight=39.591 35.4589 7.93893 27.5199
internal_count=242 218 48 170
is_linear=0
shrinkage=0.01


Tree=10
num_leaves=5
num_cat=0
split_feature=0 17 22 26
split_gain=9.23534 6.28299 8.33744 3.23184
threshold=0.0825053947346953 -0.31492756933873428 0.09177061150218023 18.880785714285725
decision_type=2 2 2 2
left_child=1 2 -1 -3
right_child=-2 3 -4 -5
leaf_value=-0.0020315328214277712 0.015128650925964469 -0.0098469963492207567 0.016740880652324125 -0.0019221566854726827
leaf_weight=6.869909465312956 3.0004066973924628 9.2237622737884539 3.1602780967950821 13.366172820329664
leaf_count=42 18 57 19 82
internal_value=-0.000744869 -0.00239023 0.00400401 -0.00533199
internal_weight=35.6205 32.6201 10.0302 22.5899
internal_count=218 200 61 139
is_linear=0
shrinkage=0.01


Tree=11
num_leaves=5
num_cat=0
split_feature=5 9 30 28
split_gain=9.74707 7.5421 7.58892 7.41459
threshold=0.10277288772963945 -0.30951232089760256 -0.11762299190866522 -12.290369589517921
decision_type=2 2 2 2
left_child=1 3 -3 -1
right_child=-2 2 -4 -5
leaf_value=-0.0053457059361403424 0.017982219605462219 0.0029742764017312729 -0.00863006703654828 0.012264079539034287
leaf_weight=3.260145291686058 2.6894699931144705 8.8089500665664655 13.914480090141298 6.5975931882858259
leaf_count=20 16 54 86 40
internal_value=0.000667378 -0.000852106 -0.00406453 0.00625741
internal_weight=35.2706 32.5812 22.7234 9.85774
internal_count=216 200 140 60
is_linear=0
shrinkage=0.01


Tree=12
num_leaves=6
num_cat=0
split_feature=34 9 33 19 13
split_gain=9.78825 7.81156 9.32259 8.78147 0.446352
threshold=0.57617527066779439 -0.28540790090248919 0.3930819764329328 58.815759143798452 -2.0790588408586577
decision_type=2 2 2 2 2
left_child=1 3 -3 -1 -2
right_child=4 2 -4 -5 -6
leaf_value=0.0031874911021418512 -0.0029957548122515449 -0.0043342188241302232 0.010194275613683813 0.024080672210887999 -0.010167421550393687
leaf_weight=6.1243441849946993 2.4060105234384537 14.956790283322336 5.9130708277225486 3.0114229470491409 6.310047432780264
leaf_count=37 15 92 36 18 39
internal_value=0.000515525 0.00328092 -3.72469e-05 0.0108331 -0.00857511
internal_weight=38.7217 30.0056 20.8699 9.13577 8.71606
internal_count=237 183 128 55 54
is_linear=0
shrinkage=0.01


Tree=13
num_leaves=5
num_cat=0
split_feature=14 8 0 19
split_gain=9.78931 7.79126 3.55247 0.777862
threshold=-0.39467734717860997 -0.17611769247660233 0.05854137388601998 54.036169465318061
decision_type=2 2 2 2
left_child=3 -2 -3 -1
right_child=1 2 -4 -5
leaf_value=0.015639662365607206 0.012767849821799277 -0.0058057305261187729 0.0037053403422529609 0.0051961577489737232
leaf_weight=2.5752766728401175 2.5172253400087348 27.340466424822811 4.0995410829782477 2.5762956142425537
leaf_count=15 15 170 25 15
internal_value=-0.00102229 -0.00304173 -0.00447925 0.0113571
internal_weight=39.1088 33.9572 31.44 5.15157
internal_count=240 210 195 30
is_linear=0
shrinkage=0.01


Tree=14
num_leaves=7
num_cat=0
split_feature=8 35 13 13 33 39
split_gain=12.0659 14.6482 5.78742 8.48059 4.31377 4.14987
threshold=-0.028500019560694204 0.40736955690193283 -1.3251243410968134 -1.6088269616329878 0.29238511576151027 0.70361816794765386
decision_type=2 2 2 2 2 2
left_child=1 4 3 -2 -1 -4
right_child=2 -3 5 -5 -6 -7
leaf_value=0.030470374076185577 -0.0010120669120944308 -0.0034194200918342137 -0.0086865316140462071 0.018088575636046704 0.0093766171849492871 0.0029513124588674889
leaf_weight=2.7445921003818494 9.7223675549030286 3.5963468104600906 11.590482220053675 2.6801870167255393 2.5007846355438232 3.654091238975524
leaf_count=16 60 22 72 16 15 22
internal_value=0.00157263 0.0115633 -0.00164071 0.00328785 0.0218257 -0.00576518
internal_weight=36.4889 8.84172 27.6471 12.4026 5.24538 15.2446
internal_count=223 53 170 76 31 94
is_linear=0
shrinkage=0.01


Tree=15
num_leaves=6
num_cat=0
split_feature=33 14 14 20 26
split_gain=9.3447 9.84538 9.4277 9.03957 4.26648
threshold=0.12913939237620933 0.058909961371728763 -0.39467734717860997 -1.8707135452405053 23.20635714285709
decision_type=2 2 2 2 2
left_child=1 3 -2 -1 -4
right_child=2 -3 4 -5 -6
leaf_value=0.013462886166070409 0.010832980837148534 0.023677195470044505 -0.0073543016961056598 -0.0085826044873179783 0.0033174878570834828
leaf_weight=3.2030730247497559 3.9939834028482464 2.7614859491586685 18.267202541232113 3.6094398796558362 4.2189539223909369
leaf_count=19 23 16 114 22 26
internal_value=0.000359109 0.00871944 -0.00265273 0.0016321 -0.00524692
internal_weight=36.0541 9.574 26.4801 6.81251 22.4862
internal_count=220 57 163 41 140
is_linear=0
shrinkage=0.01


Tree=16
num_leaves=5
num_cat=0
split_feature=14 12 13 3
split_gain=14.7428 9.31742 10.23 3.94626
threshold=-0.45817211576129957 -4.9508856092643319 -0.27831654397052469 61.737835576068953
decision_type=2 2 2 2
left_child=-1 2 -2 -3
right_child=1 3 -4 -5
leaf_value=0.018522840829901643 0.0002019682571882369 -0.0074436499965936844 0.022614061907377497 0.00082957377994921796
leaf_weight=3.8866271376609793 7.6587283313274384 16.562347218394283 2.5729330033063871 8.0572012513875944
leaf_count=22 47 103 15 50
internal_value=0.000756697 -0.00130887 0.00651142 -0.00467844
internal_weight=38.7378 34.8512 10.2317 24.6195
internal_count=237 215 62 153
is_linear=0
shrinkage=0.01


Tree=17
num_leaves=7
num_cat=0
split_feature=12 17 12 13 12 28
split_gain=11.8876 6.97566 6.85265 6.59619 2.21323 0.587288
threshold=-4.9508856092643319 0.50159258355451575 1.461449606642873 -1.009223350971199 -8.9474646477124207 -19.830259030027261
decision_type=2 2 2 2 2 2
left_child=3 2 -2 4 -1 -3
right_child=1 5 -4 -5 -6 -7
leaf_value=0.0072376675132144533 -0.0058955178965228311 -0.0041769595234622302 0.0066690364892109388 0.018231366736282804 -0.0041519757278787916 -0.011775198913685517
leaf_weight=3.3096818774938583 8.1388573199510628 2.8208054453134537 8.5873575061559659 4.2684507071971876 2.7588719129562378 6.9718540459871274
leaf_count=20 51 18 52 25 17 43
internal_value=9.6084e-05 -0.00339851 0.000441594 0.00909226 0.00179402 -0.00997388
internal_weight=36.8559 26.5189 16.7262 10.337 6.06855 9.79266
internal_count=226 164 103 62 37 61
is_linear=0
shrinkage=0.01


Tree=18
num_leaves=5
num_cat=0
split_feature=0 29 30 16
split_gain=9.12984 8.19265 6.58122 4.79784
threshold=0.056706726558671296 -0.39684638308351222 0.20789540549124264 -0.15684793782579134
decision_type=2 2 2 2
left_child=2 -2 3 -1
right_child=1 -3 -4 -5
leaf_value=0.0061342866468532065 -0.00086939395754051562 0.021870481175184302 0.0083231421390762735 -0.005741668310555669
leaf_weight=3.5090614706277874 2.7579831182956696 2.9221110939979544 4.5344015359878531 25.567074507474899
leaf_count=21 17 17 27 159
internal_value=-0.000331047 0.0110049 -0.00238619 -0.00419232
internal_weight=39.2906 5.68009 33.6105 29.0761
internal_count=241 34 207 180
is_linear=0
shrinkage=0.01


Tree=19
num_leaves=7
num_cat=0
split_feature=33 30 39 30 5 5
split_gain=7.98448 11.8208 6.02371 5.74574 4.86919 3.08264
threshold=0.12913939237620933 -0.087146926305570541 0.68629459203436838 0.16905352082626526 -2.488647961269304 -2.7935611131339599
decision_type=2 2 2 2 2 2
left_child=1 -1 5 -3 -4 -2
right_child=2 3 4 -5 -6 -7
leaf_value=0.020784017005743248 0.0014023092831983203 -0.010931444925028969 -0.0080665466216317053 0.0079388168568672954 0.0059207912536031505 -0.0094514477793205178
leaf_weight=3.3156472444534302 2.7054487019777325 3.1164577305316907 3.2231434881687164 2.6894620507955551 7.8465414941310865 14.782331451773645
leaf_count=19 17 19 20 16 47 93
internal_value=-0.00139517 0.00653115 -0.00403781 -0.00190209 0.00156683 -0.00766455
internal_weight=37.679 9.12157 28.5575 5.80592 11.0697 17.4878
internal_count=231 54 177 35 67 110
is_linear=0
shrinkage=0.01


Tree=20
num_leaves=5
num_cat=0
split_feature=8 32 33 34
split_gain=11.186 7.43427 10.7904 2.00689
threshold=-0.16803036277794994 0.14241099541336247 0.13443286839586263 0.051705649721039172
decision_type=2 2 2 2
left_child=-1 3 -3 -2
right_child=1 2 -4 -5
leaf_value=0.020013180656281885 -0.00032888558011811355 0.014165141365732379 -0.0012195016323862727 -0.011564841457777529
leaf_weight=2.4812774360179892 2.6143428385257703 5.3214245289564159 23.124231770634651 6.287124902009964
leaf_count=14 16 31 143 40
internal_value=0.000637629 -0.000745745 0.00170678 -0.00860053
internal_weight=39.8284 37.3471 28.4457 8.90147
internal_count=244 230 174 56
is_linear=0
shrinkage=0.01


Tree=21
num_leaves=5
num_cat=0
split_feature=13 39 17 3
split_gain=8.81834 6.89602 6.04005 5.30501
threshold=0.84652045699387723 0.68031861637152413 0.54503451136509462 61.737835576068953
decision_type=2 2 2 2
left_child=1 3 -3 -1
right_child=-2 2 -4 -5
leaf_value=-0.008925492459387372 0.01635544951312095 0.0071261473379474862 -0.0078693411352494906 0.0016831498847639881
leaf_weight=12.551639348268511 2.828813523054122 11.878896266221998 3.0663504600524893 6.8684488236904135
leaf_count=79 16 71 19 43
internal_value=0.000235481 -0.00116381 0.00382399 -0.00510351
internal_weight=37.1941 34.3653 14.9452 19.4201
internal_count=228 212 90 122
is_linear=0
shrinkage=0.01


Tree=22
num_leaves=6
num_cat=0
split_feature=14 33 21 34 17
split_gain=13.2279 9.57949 6.6849 5.03955 4.6707
threshold=-0.39467734717860997 0.13443286839586263 -1.2863062683628563 0.13433729090616689 -0.20301955700171961
decision_type=2 2 2 2 2
left_child=2 4 -1 -3 -2
right_child=1 3 -4 -5 -6
leaf_value=0.0022280126292558299 0.016884410629336183 0.0031588073274103697 0.024163077664070637 -0.0077336472481440545 0
leaf_weight=3.1297608464956284 2.7819201350212097 4.8924424052238491 2.7029907703399649 20.089841991662979 3.8313526064157513
leaf_count=18 16 30 15 128 23
internal_value=0 -0.00263193 0.0134039 -0.00550923 0.00771544
internal_weight=37.4283 31.5956 5.83275 24.9823 6.61327
internal_count=230 197 33 158 39
is_linear=0
shrinkage=0.01


Tree=23
num_leaves=5
num_cat=0
split_feature=8 32 30 1
split_gain=8.74354 8.58842 7.10326 2.72122
threshold=-0.16803036277794994 0.17171877420797776 0.11809301747987204 -0.32563736342291966
decision_type=2 2 2 2
left_child=-1 3 -3 -2
right_child=1 2 -4 -5
leaf_value=0.014627777322171527 0 -0.001108911664682109 0.011826559019464658 -0.011767225331150752
leaf_weight=3.3801046013832083 2.2771906852722159 19.345918595790867 5.059678226709365 8.0369863361120206
leaf_count=19 14 119 30 51
internal_value=0 -0.0015754 0.00160291 -0.00911717
internal_weight=38.0999 34.7198 24.4056 10.3142
internal_count=233 214 149 65
is_linear=0
shrinkage=0.01


Tree=24
num_leaves=7
num_cat=0
split_feature=5 10 37 25 24 5
split_gain=9.88725 8.55336 11.0814 7.61852 2.35904 1.71917
threshold=-2.2186882406435133 8.5203571428572964 0.69640322045902547 -0.43020077370912135 0.18927111325879534 -2.7935611131339599
decision_type=2 2 2 2 2 2
left_child=4 2 -2 -3 5 -1
right_child=1 3 -4 -5 -6 -7
leaf_value=-0.0031227430152177965 0.00054932838681033189 0.012584221049533422 0.025794221954843675 -0.0031619900894454111 0.0018943142119827452 -0.011572064763617522
leaf_weight=5.625396415591239 3.6614558100700405 3.6827982664108303 3.3548212796449661 13.025605410337446 2.5885735154151908 6.1531606912612906
leaf_count=35 23 21 19 80 16 39
internal_value=0.000435676 0.00443021 0.0134562 0.000351884 -0.0059799 -0.00788007
internal_weight=38.0918 23.7247 7.01628 16.7084 14.3671 11.7786
internal_count=233 143 42 101 90 74
is_linear=0
shrinkage=0.01


Tree=25
num_leaves=5
num_cat=0
split_feature=30 0 26 27
split_gain=6.18476 5.24128 4.99765 4.59179
threshold=0.16905352082626526 1.0000000180025095e-35 16.333035714285874 30.449762025085075
decision_type=2 2 2 2
left_child=2 -2 -1 -4
right_child=1 -3 3 -5
leaf_value=0.0066352814148736387 0.015556655775390839 -0.0017309752283378092 0.0027600644505646312 -0.0070695641416034559
leaf_weight=3.9413674175739315 3.2796422988176337 2.9723486453294754 5.5997002124786404 21.077470406889915
leaf_count=24 19 18 33 133
internal_value=-0.00141726 0.00732951 -0.00332173 -0.00492438
internal_weight=36.8705 6.25199 30.6185 26.6772
internal_count=227 37 190 166
is_linear=0
shrinkage=0.01


Tree=26
num_leaves=6
num_cat=0
split_feature=33 16 38 11 5
split_gain=8.81999 7.83023 5.95149 4.53409 2.86115
threshold=0.12913939237620933 -0.0011881060572600161 0.71578472531357262 41.947777401297053 -1.9278504142644819
decision_type=2 2 2 2 2
left_child=1 -1 4 -4 -2
right_child=2 -3 3 -5 -6
leaf_value=0.019103633310068195 -0.00091061549995706775 0 -0.0067253868487626243 0.0083775397970425169 -0.0082029351464858492
leaf_weight=3.7922137677669525 10.528574317693709 4.1044260561466208 2.343505844473837 6.9429769217967987 12.620018303394319
leaf_count=21 66 25 14 43 79
internal_value=0 0.00930982 -0.00228938 0.0042664 -0.00502558
internal_weight=40.3317 7.89664 32.4351 9.28648 23.1486
internal_count=248 46 202 57 145
is_linear=0
shrinkage=0.01


Tree=27
num_leaves=6
num_cat=0
split_feature=0 8 12 35 6
split_gain=12.3789 7.24601 7.46705 6.11534 4.44756
threshold=0.056706726558671296 -0.071429480112293567 -7.6493411137957983 0.28819636624727391 -0.10017427607915555
decision_type=2 2 2 2 2
left_child=1 3 -3 -1 -2
right_child=4 2 -4 -5 -6
leaf_value=0.016133041634924763 0.021462810147657777 0.0063673838479220606 -0.0073555399438685618 -0.0035010971002940876 0.0023313049053260526
leaf_weight=3.1920584142208126 2.9520267844200134 4.5110855847597149 20.299648940563202 2.4942121356725693 2.484644576907157
leaf_count=18 17 27 128 15 15
internal_value=0.000109199 -0.0023487 -0.00473453 0.00744282 0.0136472
internal_weight=35.9337 30.497 24.8107 5.68627 5.43667
internal_count=220 188 155 33 32
is_linear=0
shrinkage=0.01


Tree=28
num_leaves=5
num_cat=0
split_feature=5 8 0 6
split_gain=7.96371 6.1582 8.51561 6.12083
threshold=0.10277288772963945 -0.037467090867781133 0.0825053947346953 -0.12899260907326129
decision_type=2 2 2 2
left_child=1 3 -3 -1
right_child=-2 2 -4 -5
leaf_value=-0.0015319290146221254 0.01536462899786149 -0.0050459180321437381 0.011842230532641945 0.015767293491921491
leaf_weight=3.8022560626268387 2.9457159936428061 25.868685215711597 3.027599334716796 3.6057896167039862
leaf_count=23 17 162 18 21
internal_value=0.000316807 -0.000965445 -0.00310446 0.00691477
internal_weight=39.25 36.3043 28.8963 7.40805
internal_count=241 224 180 44
is_linear=0
shrinkage=0.01


Tree=29
num_leaves=6
num_cat=0
split_feature=33 5 3 32 5
split_gain=7.39157 6.63015 6.07346 7.93583 4.50067
threshold=0.13443286839586263 -1.5723613257692242 51.066501086426889 0.22495848882967676 -2.6409599502950072
decision_type=2 2 2 2 2
left_child=1 -1 3 -2 -4
right_child=2 -3 4 -5 -6
leaf_value=-0.00076067320804437775 -0.0063581253048779198 0.015719507939402425 0.0022625747798394012 0.0089818633014249281 -0.0095583247640573382
leaf_weight=4.3578429818153381 5.4696510881185549 4.6227647215127927 3.8694890588521984 7.6213380247354507 12.182405665516852
leaf_count=26 34 26 24 46 78
internal_value=0 0.00774091 -0.0024934 0.00242433 -0.00659722
internal_weight=38.1235 8.98061 29.1429 13.091 16.0519
internal_count=234 52 182 80 102
is_linear=0
shrinkage=0.01


Tree=30
num_leaves=4
num_cat=0
split_feature=14 8 30
split_gain=7.5673 5.23446 4.75451
threshold=-0.49591733088430134 -0.16803036277794994 0.11809301747987204
decision_type=2 2 2
left_child=-1 -2 -3
right_child=1 2 -4
leaf_value=0.01591841729730235 0.011881005027419532 -0.0039811778907257412 0.0048975587646242586
leaf_weight=2.5216872841119757 2.5626746267080298 28.551177695393562 7.1803922057151786
leaf_count=14 14 180 43
internal_value=6.57224e-05 -0.00104198 -0.00211553
internal_weight=40.8159 38.2942 35.7316
internal_count=251 237 223
is_linear=0
shrinkage=0.01


Tree=31
num_leaves=5
num_cat=0
split_feature=19 14 10 11
split_gain=6.09185 6.39406 5.49365 5.39798
threshold=29.994887328150359 -0.40179133132982386 10.140785714285716 54.550842303760795
decision_type=2 2 2 2
left_child=2 -2 -1 -3
right_child=1 3 -4 -5
leaf_value=-0.00067619935785434527 0.0077722150690539881 -0.0097442985064001703 0.017157353022688605 -0.00074147713795725352
leaf_weight=3.5024205744266501 4.1084637790918377 12.884979739785196 2.7283404320478439 14.629479378461836
leaf_count=21 23 82 15 92
internal_value=-0.00146506 -0.00329809 0.00725599 -0.00508902
internal_weight=37.8537 31.6229 6.23076 27.5145
internal_count=233 197 36 174
is_linear=0
shrinkage=0.01


Tree=32
num_leaves=5
num_cat=0
split_feature=14 33 30 26
split_gain=9.28997 8.31498 10.3061 7.80085
threshold=-0.45817211576129957 0.12913939237620933 -0.11443959534126208 16.333035714285874
decision_type=2 2 2 2
left_child=-1 2 -2 -3
right_child=1 3 -4 -5
leaf_value=0.015043698430438481 0.021587716315050551 0.011034526605193733 -0.00083312302477589462 -0.0058570256221309519
leaf_weight=3.66195324063301 2.9154962748289108 2.7416846454143551 5.1625212132930738 23.363748639822006
leaf_count=20 16 17 30 149
internal_value=0.000509395 -0.00110695 0.00750348 -0.00390206
internal_weight=37.8454 34.1835 8.07802 26.1054
internal_count=232 212 46 166
is_linear=0
shrinkage=0.01


Tree=33
num_leaves=4
num_cat=0
split_feature=38 0 0
split_gain=6.40101 5.58389 6.64132
threshold=0.74196518477203866 -0.057703710518322585 0.036854683412831719
decision_type=2 2 2
left_child=1 -1 -3
right_child=-2 2 -4
leaf_value=0.011705856129675044 0.011728685611385677 -0.0055561464344750589 0.0050001640507672512
leaf_weight=2.6101945787668219 3.8815286308526984 22.018908768892292 7.685640722513198
leaf_count=15 24 138 46
internal_value=2.82917e-05 -0.00141075 -0.00273551
internal_weight=36.1963 32.3147 29.7045
internal_count=223 199 184
is_linear=0
shrinkage=0.01


Tree=34
num_leaves=7
num_cat=0
split_feature=33 35 16 32 14 8
split_gain=13.9366 6.88995 6.88977 4.94903 4.06471 3.59466
threshold=0.13443286839586263 0.21765120472826119 -0.0047123456341706454 0.23403454946604238 -0.44249141336449599 0.059115885910409956
decision_type=2 2 2 2 2 2
left_child=2 3 -1 -2 -3 -4
right_child=1 4 5 -5 -6 -7
leaf_value=0.021912804374148477 -0.0042730300414034628 0.0053433404433363228 -0.0038748532992071202 0.0090240640855243498 -0.0074075018767731813 0.011551476844771964
leaf_weight=3.7264031767845154 4.022153392434122 2.5125975310802486 2.6310689747333509 7.1459508985280991 17.041275650262833 2.6295512169599533
leaf_count=20 25 14 16 43 111 15
internal_value=0.00114999 -0.00202124 0.0119213 0.00407426 -0.00561235 0.00368361
internal_weight=39.709 30.722 8.98702 11.1681 19.5539 5.26062
internal_count=244 193 51 68 125 31
is_linear=0
shrinkage=0.01


Tree=35
num_leaves=5
num_cat=0
split_feature=5 16 16 39
split_gain=7.59576 6.71574 11.8521 1.6677
threshold=1.0000000180025095e-35 0.071714111880036638 0.033901037105002536 0.5922388564220219
decision_type=2 2 2 2
left_child=1 2 -1 -3
right_child=-2 3 -4 -5
leaf_value=-0.00082757543714804345 0.01484463219916929 0 0.016571827918514522 -0.0092901374908489383
leaf_weight=19.623107343912128 3.3501893579959861 2.4007459282875043 4.5303728878498069 7.6499097496271133
leaf_count=120 19 16 27 48
internal_value=0.00112079 -0.000282837 0.00251744 -0.00708354
internal_weight=37.5543 34.2041 24.1535 10.0507
internal_count=230 211 147 64
is_linear=0
shrinkage=0.01


Tree=36
num_leaves=5
num_cat=0
split_feature=19 0 8 20
split_gain=10.0489 10.9731 5.61863 3.27728
threshold=36.040406067662907 0.085942449289711301 -0.037467090867781133 -16.134065198916229
decision_type=2 2 2 2
left_child=3 2 -2 -1
right_child=1 -3 -4 -5
leaf_value=0.0015395515685862433 0.0036490641896357147 0.015236475309487066 -0.0074791306996513478 0.015787022701548449
leaf_weight=3.2878754138946533 5.3027646839618745 2.6053822934627524 20.979071393609047 3.9114475548267356
leaf_count=19 32 15 134 22
internal_value=-0.000396476 -0.00309849 -0.00514276 0.00986888
internal_weight=36.0865 28.8872 26.2818 7.19932
internal_count=222 181 166 41
is_linear=0
shrinkage=0.01


Tree=37
num_leaves=5
num_cat=0
split_feature=17 17 5 20
split_gain=8.29296 5.99416 6.54103 0.594195
threshold=0.56737259358766834 0.47980240662623114 -2.2441318883617085 -5.7570139062777335
decision_type=2 2 2 2
left_child=1 2 -1 -2
right_child=3 -3 -4 -5
leaf_value=-0.0065586969596955445 -0.0037277323117880629 0.015157615755429477 0.003911038100037993 -0.011502942277014689
leaf_weight=9.1385160684585589 2.7043369561433792 2.6390319913625708 15.919108062982561 5.7829919159412366
leaf_count=58 18 16 94 37
internal_value=-0.000961895 0.00164584 0 -0.00946495
internal_weight=36.184 27.6967 25.0576 8.48733
internal_count=223 168 152 55
is_linear=0
shrinkage=0.01


Tree=38
num_leaves=6
num_cat=0
split_feature=34 18 25 17 21
split_gain=9.34333 8.67374 7.8002 6.9636 2.06702
threshold=0.2435762436692194 11.833357142857041 -0.58721776872732356 -0.31492756933873428 -1.8022851859631424
decision_type=2 2 2 2 2
left_child=1 -1 -2 -3 -4
right_child=2 3 4 -5 -6
leaf_value=0.014831962017174649 0.0091063626954664603 0.01157184622969889 0 -0.0053288954878264174 -0.01002441219602521
leaf_weight=4.7792837768793133 2.5218751430511501 3.0195452868938455 2.3973405361175582 8.7459814250469172 14.814003378152844
leaf_count=27 15 17 15 54 96
internal_value=-0.00154024 0.00389105 -0.00618386 -0.000645792 -0.00865609
internal_weight=36.278 16.5448 19.7332 11.7655 17.2113
internal_count=224 98 126 71 111
is_linear=0
shrinkage=0.01


Tree=39
num_leaves=4
num_cat=0
split_feature=14 13 38
split_gain=9.90338 7.43515 5.45616
threshold=-0.45817211576129957 0.74947326155192762 0.71578472531357262
decision_type=2 2 2
left_child=-1 2 -2
right_child=1 -3 -4
leaf_value=0.015993534964919821 -0.0044187412758914385 0.013692426470631531 0.0048081155412875035
leaf_weight=3.8688894212245932 22.82624734938145 3.1062797755002967 8.4218904078006727
leaf_count=21 146 17 52
internal_value=0.00142933 -0.000277391 -0.00184648
internal_weight=38.2233 34.3544 31.2481
internal_count=236 215 198
is_linear=0
shrinkage=0.01


Tree=40
num_leaves=5
num_cat=0
split_feature=14 24 20 14
split_gain=5.48794 6.10772 6.05697 5.73175
threshold=-0.45817211576129957 0.18927111325879534 -1.5964351765028366 0.07213113369030956
decision_type=2 2 2 2
left_child=-1 3 -3 -2
right_child=1 2 -4 -5
leaf_value=0.011010161774966538 -0.0049221218876086478 0.018192677311028468 -0.0014281943526662467 0.0079584862542859298
leaf_weight=3.8940436094999304 24.134110033512119 2.6694899350404739 2.8998473584651938 3.6458216458559027
leaf_count=21 152 16 18 22
internal_value=0.000180196 -0.00111182 0.00808489 -0.00309349
internal_weight=37.2433 33.3493 5.56934 27.7799
internal_count=229 208 34 174
is_linear=0
shrinkage=0.01


Tree=41
num_leaves=5
num_cat=0
split_feature=34 14 30 1
split_gain=7.60631 6.41736 9.24391 2.13908
threshold=0.56813719495470483 -0.43046116113561944 -0.18437831581697603 -0.35627872247758324
decision_type=2 2 2 2
left_child=1 -1 -3 -2
right_child=3 2 -4 -5
leaf_value=0.016037428775194193 0 0.012299348347617858 -0.0020312784889351307 -0.011362578381662956
leaf_weight=2.8224336057901409 2.4897514134645462 5.3131395429372814 22.047117918729782 5.8674137592315656
leaf_count=15 16 31 137 39
internal_value=1.84526e-05 0.00241844 0.000782521 -0.00820174
internal_weight=38.5399 30.1827 27.3603 8.35717
internal_count=238 183 168 55
is_linear=0
shrinkage=0.01


Tree=42
num_leaves=6
num_cat=0
split_feature=14 17 0 21 18
split_gain=9.94905 6.73521 8.09422 6.48895 5.8771
threshold=-0.39467734717860997 -0.29981766157482798 0.074868515125326371 -1.1648496000023394 16.084321428571425
decision_type=2 2 2 2 2
left_child=3 4 -3 -1 -2
right_child=1 2 -4 -5 -6
leaf_value=0.0011497398898314437 0.0099748744257132059 -0.0072619286970858057 0.0075843064013165398 0.021395781208495897 -0.0069074307920072289
leaf_weight=3.3634272813796997 7.2027722299098951 18.655831784009937 4.1725944280624381 3.200618863105773 2.4584406018257141
leaf_count=19 42 123 24 17 15
internal_value=0.000842655 -0.00140132 -0.00439867 0.0118167 0.00539949
internal_weight=39.0537 32.4896 22.8284 6.56405 9.66121
internal_count=240 204 147 36 57
is_linear=0
shrinkage=0.01


Tree=43
num_leaves=6
num_cat=0
split_feature=1 28 0 39 16
split_gain=7.71376 8.38937 7.26797 7.14486 5.14566
threshold=-0.35627872247758324 -11.094772580515835 0.074868515125326371 0.67862249744663983 -0.012933489956455713
decision_type=2 2 2 2 2
left_child=1 -1 4 -3 -2
right_child=2 3 -4 -5 -6
leaf_value=-0.0036127499358566584 0.0023842347432586823 0.0036918139919965105 0.0080271467807184298 0.023344204597949995 -0.0083223206591721364
leaf_weight=4.7639123052358618 5.69280678033829 4.701614171266554 4.5472273230552664 3.3002710491418839 15.928596988320352
leaf_count=29 33 29 26 18 104
internal_value=0.000110972 0.00644552 -0.00294167 0.0125888 -0.00541805
internal_weight=38.9344 12.7658 26.1686 8.00189 21.6214
internal_count=239 76 163 47 137
is_linear=0
shrinkage=0.01


Tree=44
num_leaves=7
num_cat=0
split_feature=34 4 33 34 37 19
split_gain=8.06934 9.11823 5.88211 5.72849 3.45614 2.80227
threshold=0.28445367515261205 -3.074228956714705 0.13443286839586263 0.096298636345889269 0.60479221670939698 26.825279844207277
decision_type=2 2 2 2 2 2
left_child=1 5 -2 -3 -4 -1
right_child=2 3 4 -5 -6 -7
leaf_value=0.0014216678504039577 0.0092851665169612213 0.00096040671118992544 0 0.01429534931901741 -0.0093116302894190751 -0.010838985330203508
leaf_weight=3.2528274357318905 2.466638088226321 5.6582182645797721 5.5277530252933529 8.5816543698310834 11.540623694658278 3.2803139835596085
leaf_count=18 14 34 36 50 76 21
internal_value=0.000439858 0.00478966 -0.00408726 0.0092634 -0.00626193 -0.00464735
internal_weight=40.308 20.773 19.535 14.2399 17.0684 6.53314
internal_count=249 123 126 84 112 39
is_linear=0
shrinkage=0.01


Tree=45
num_leaves=5
num_cat=0
split_feature=14 33 16 33
split_gain=11.7646 8.65074 3.49977 3.12427
threshold=-0.45817211576129957 0.095515171447111441 -0.0047123456341706454 0.29238511576151027
decision_type=2 2 2 2
left_child=-1 2 -2 -3
right_child=1 3 -4 -5
leaf_value=0.014150604102965619 0.014142046300458301 -0.0087356157233252092 0 -0.0018376132640235921
leaf_weight=4.1291324645280829 3.0261429995298386 14.869590416550638 3.8638456165790549 13.482524663209913
leaf_count=22 16 96 23 87
internal_value=-0.00114841 -0.0031015 0.00662154 -0.00557874
internal_weight=39.3712 35.2421 6.88999 28.3521
internal_count=244 222 39 183
is_linear=0
shrinkage=0.01


Tree=46
num_leaves=4
num_cat=0
split_feature=14 25 4
split_gain=16.1939 6.26134 4.44336
threshold=-0.39467734717860997 -0.64109283835801878 1.1542570599817739
decision_type=2 2 2
left_child=-1 -2 -3
right_child=1 2 -4
leaf_value=0.016436647712126697 0.0088971807758076379 -0.0076456966304016315 0.00022448154799757438
leaf_weight=5.4591659158468238 4.3408704847097423 13.404680743813516 14.024029552936552
leaf_count=29 25 86 90
internal_value=0.000969542 -0.0017548 -0.00359073
internal_weight=37.2287 31.7696 27.4287
internal_count=230 201 176
is_linear=0
shrinkage=0.01


Tree=47
num_leaves=5
num_cat=0
split_feature=8 14 13 34
split_gain=10.1973 6.86118 4.48332 3.2484
threshold=-0.16803036277794994 -0.39467734717860997 -1.1978346573451308 0.2435762436692194
decision_type=2 2 2 2
left_child=-1 2 -2 -3
right_child=1 3 -4 -5
leaf_value=0.018256079012176386 0.016797747138044505 5.1570315390705112e-05 0 -0.0063840293616978247
leaf_weight=2.5667160004377356 2.7591554820537567 14.015060126781465 3.0922060310840598 15.905892208218573
leaf_count=13 15 86 17 106
internal_value=5.51445e-05 -0.00133632 0.00821223 -0.00333281
internal_weight=38.339 35.7723 5.85136 29.921
internal_count=237 224 32 192
is_linear=0
shrinkage=0.01


Tree=48
num_leaves=5
num_cat=0
split_feature=5 13 5 12
split_gain=7.28695 5.94525 5.5651 4.18092
threshold=0.10277288772963945 -1.3030996004084507 -2.2186882406435133 -4.9508856092643319
decision_type=2 2 2 2
left_child=1 2 -1 -3
right_child=-2 3 -4 -5
leaf_value=-0.00077979553445511451 0.016782206342391665 0.0029536167729780284 0.010126645800271351 -0.0069595282387617313
leaf_weight=8.7973644882440567 2.7447121441364279 6.0790888369083431 8.9083746671676636 11.576516225934027
leaf_count=57 15 35 53 74
internal_value=0.00191218 0.00057043 0.00467384 -0.00344258
internal_weight=38.1061 35.3613 17.7057 17.6556
internal_count=234 219 110 109
is_linear=0
shrinkage=0.01


Tree=49
num_leaves=5
num_cat=0
split_feature=14 33 30 35
split_gain=10.4689 6.65539 5.02104 4.28729
threshold=-0.49591733088430134 0.11461374340987622 -0.081369174381632978 0.21765120472826119
decision_type=2 2 2 2
left_child=-1 2 -2 -3
right_child=1 3 -4 -5
leaf_value=0.016032781267278896 0.015450602672340802 0.00029997901997947529 -0.00030104327785171573 -0.0077952422533440566
leaf_weight=3.1288986504077902 2.8608306795358658 9.9426277130842227 4.9381234496831885 16.451947331428528
leaf_count=16 15 62 29 109
internal_value=-0.000565575 -0.00226863 0.00558836 -0.00470181
internal_weight=37.3224 34.1935 7.79895 26.3946
internal_count=231 215 44 171
is_linear=0
shrinkage=0.01


Tree=50
num_leaves=6
num_cat=0
split_feature=34 14 25 25 1
split_gain=8.07835 8.40848 6.07179 4.52983 2.3514
threshold=0.28445367515261205 -0.39467734717860997 -0.41392802387879152 0.54779139876525973 -0.35627872247758324
decision_type=2 2 2 2 2
left_child=1 -1 -2 -3 -4
right_child=2 3 4 -5 -6
leaf_value=0.015825571212409576 0.00790896198731985 -0.0015742743180196747 0 0.012177880025914949 -0.0099144818745860817
leaf_weight=4.5424698293209103 2.6375769078731564 13.718720003962519 3.2852347046136865 2.5681493878364554 10.763152420520779
leaf_count=24 15 84 21 15 73
internal_value=5.65669e-05 0.00423551 -0.005025 0.000654654 -0.00770732
internal_weight=37.5153 20.8293 16.686 16.2869 14.0484
internal_count=232 123 109 99 94
is_linear=0
shrinkage=0.01


Tree=51
num_leaves=7
num_cat=0
split_feature=39 30 1 19 39 21
split_gain=5.83437 6.49114 6.05426 5.59615 3.88899 2.88275
threshold=0.68133461671180706 -0.0027583018476014108 0.04780508124154903 35.487998337234693 0.66093402162548776 -1.2760624892284917
decision_type=2 2 2 2 2 2
left_child=4 3 -3 -2 5 -1
right_child=1 2 -4 -5 -6 -7
leaf_value=-0.006926157567857129 0.010561944360743297 0.022884216256212727 0.0012039126494126503 -0.0049089377651463399 -0.0098908860753054093 0.0024122418960350694
leaf_weight=4.4306448996067038 3.1268737465143186 2.784616380929946 2.6275988817214966 7.0588614344596863 5.9026710093021384 10.493503868579866
leaf_count=29 17 15 15 45 38 67
internal_value=0.000166245 0.00479206 0.0133247 0 -0.00322238 -0.000310602
internal_weight=36.4248 15.598 5.41222 10.1857 20.8268 14.9241
internal_count=226 92 30 62 134 96
is_linear=0
shrinkage=0.01


Tree=52
num_leaves=4
num_cat=0
split_feature=13 14 36
split_gain=8.07975 7.77301 2.99478
threshold=0.62934558487937486 -0.39467734717860997 0.60884461388312416
decision_type=2 2 2
left_child=1 -1 -3
right_child=-2 2 -4
leaf_value=0.0089336917977389865 0.012693710901037212 -0.011238575654164442 -0.0024082124402332486
leaf_weight=5.1765984296798697 3.9541947692632666 4.6288823634386089 24.176897034049034
leaf_count=28 21 30 156
internal_value=-0.000246137 -0.00190806 -0.00399712
internal_weight=37.9366 33.9824 28.8058
internal_count=235 214 186
is_linear=0
shrinkage=0.01


Tree=53
num_leaves=6
num_cat=0
split_feature=17 11 39 5 0
split_gain=7.83635 8.4747 8.4469 5.68228 2.4494
threshold=0.56737259358766834 42.365521464969106 0.68133461671180706 -1.0837813487142152 0.05854137388601998
decision_type=2 2 2 2 2
left_child=1 3 -3 -1 -2
right_child=4 2 -4 -5 -6
leaf_value=-0.0071118283946678216 -0.0098781470808245436 0.0012666071586266666 0.015218138181139197 0.0082741361608261212 0.00057021372124507969
leaf_weight=8.123219355940817 6.2362606972455961 9.2607757151126879 8.5941809415817243 2.9853846281766918 2.8413082361221313
leaf_count=51 42 59 49 16 17
internal_value=0.00140755 0.00398932 0.00823261 -0.00269277 -0.00648088
internal_weight=38.0411 28.9636 17.855 11.1086 9.07757
internal_count=234 175 108 67 59
is_linear=0
shrinkage=0.01


Tree=54
num_leaves=7
num_cat=0
split_feature=19 26 29 26 28 11
split_gain=7.82577 4.0042 3.49897 9.89141 3.84144 2.24153
threshold=36.040406067662907 21.277321428571476 -0.39684638308351222 20.152750000000037 7.4963463914173198 34.060518986721135
decision_type=2 2 2 2 2 2
left_child=1 5 4 -4 -2 -1
right_child=2 -3 3 -5 -6 -7
leaf_value=0.007968116046215978 -0.0063277736441296585 0.016351079299365648 0.017839479597672538 -0.0051428940995899806 0.0062170654806449691 -0.0038485219662813572
leaf_weight=3.0845517665147764 16.931275770068172 3.4738476872444153 2.6593908220529583 4.6606268286705017 2.4405265301465979 2.5520965307950974
leaf_count=17 109 19 15 31 15 15
internal_value=0.000359619 0.00825659 -0.0023235 0.00331784 -0.00457495 0.00235691
internal_weight=35.8023 9.1105 26.6918 7.32002 19.3718 5.63665
internal_count=221 51 170 46 124 32
is_linear=0
shrinkage=0.01


Tree=55
num_leaves=5
num_cat=0
split_feature=16 38 22 1
split_gain=7.4323 9.46312 10.9724 4.28092
threshold=-0.19624743312662371 0.69641606360715402 -0.1950946594834759 -0.35627872247758324
decision_type=2 2 2 2
left_child=-1 3 -3 -2
right_child=1 2 -4 -5
leaf_value=0.015243680709297299 0.0030655036002127673 0.020337150638024798 0.00076983321785372024 -0.0073042330578532979
leaf_weight=3.2232652306556693 4.9260867387056342 3.6180326193571082 11.657589644193648 14.60011248290539
leaf_count=17 31 20 71 96
internal_value=0.00140329 0 0.00583521 -0.00458047
internal_weight=38.0251 34.8018 15.2756 19.5262
internal_count=235 218 91 127
is_linear=0
shrinkage=0.01


Tree=56
num_leaves=6
num_cat=0
split_feature=34 22 25 12 29
split_gain=6.1575 6.54127 4.65708 4.36721 0.841318
threshold=0.56813719495470483 -0.16975081179232179 0.43976735496685854 1.1841785659521522 -1.2145211717530973
decision_type=2 2 2 2 2
left_child=1 2 -1 -3 -2
right_child=4 3 -4 -5 -6
leaf_value=0.012142896097665834 -0.0021554472997250993 -0.0047877725309079574 -0.0030628974051419649 0.0046104286077362144 -0.01118451704889936
leaf_weight=6.8391057848930377 2.2284968793392181 15.546297371387483 2.3994300365447998 6.7342831790447226 5.1563770920038214
leaf_count=38 15 96 15 41 35
internal_value=-0.000854328 0.00103661 0.00801185 -0.00183509 -0.00891062
internal_weight=38.904 31.5191 9.23854 22.2806 7.38487
internal_count=240 190 53 137 50
is_linear=0
shrinkage=0.01


Tree=57
num_leaves=6
num_cat=0
split_feature=39 8 33 27 5
split_gain=6.85171 7.54536 5.41227 4.46196 1.81666
threshold=0.62351489149338424 -0.037467090867781133 0.13443286839586263 45.377767484135497 -1.9278504142644819
decision_type=2 2 2 2 2
left_child=4 3 -3 -2 -1
right_child=1 2 -4 -5 -6
leaf_value=-0.0005126422558669613 0.0034554272824712912 0.0068796418682622509 -0.0041060246215889069 0.020092577584537523 -0.01126551861128122
leaf_weight=2.7133734226226807 4.5659256428480175 5.8496862500906017 15.839131683111189 2.7406691610813141 5.7196149826049787
leaf_count=18 25 34 101 15 39
internal_value=-0.00035544 0.00190981 -0.000998691 0.0105052 -0.00817119
internal_weight=37.4284 28.9954 21.6888 7.30659 8.43299
internal_count=232 175 135 40 57
is_linear=0
shrinkage=0.01


Tree=58
num_leaves=6
num_cat=0
split_feature=30 29 39 28 26
split_gain=13.1407 7.89787 6.57754 5.39957 3.34654
threshold=0.16905352082626526 -1.0305340013936124 0.70361816794765386 -13.848666980659344 16.333035714285874
decision_type=2 2 2 2 2
left_child=2 -2 4 -4 -1
right_child=1 -3 3 -5 -6
leaf_value=0.0041790910166971638 -0.00039801891619279197 0.02077611602034652 -0.0039572449878630782 0.011049664220026414 -0.0067971801055146672
leaf_weight=2.774173825979239 2.6088339388370514 4.1215207874774924 3.7974946647882462 5.1779793500900251 20.086706206202507
leaf_count=17 16 22 23 30 131
internal_value=0.000187678 0.0126173 -0.00247103 0.00456204 -0.00534198
internal_weight=38.5667 6.73035 31.8364 8.97547 22.8609
internal_count=239 38 201 53 148
is_linear=0
shrinkage=0.01


Tree=59
num_leaves=5
num_cat=0
split_feature=0 19 18 6
split_gain=8.0661 7.18288 5.30545 3.5708
threshold=0.0825053947346953 36.040406067662907 13.363678571428606 -0.039945627776551716
decision_type=2 2 2 2
left_child=1 3 -3 -1
right_child=-2 2 -4 -5
leaf_value=0.013961340261615709 0.013967428535612765 0.0016693941592386317 -0.0070376645796981002 5.943721989545141e-05
leaf_weight=4.1637878268957138 4.1754125505685797 13.102859303355219 13.845098301768301 3.6597330868244162
leaf_count=23 23 83 91 21
internal_value=0.00132219 -0.000245726 -0.00275888 0.00794678
internal_weight=38.9469 34.7715 26.948 7.82352
internal_count=241 218 174 44
is_linear=0
shrinkage=0.01


Tree=60
num_leaves=5
num_cat=0
split_feature=14 12 9 19
split_gain=9.96612 6.16547 3.87012 3.24743
threshold=-0.45817211576129957 -4.9508856092643319 0.47449403687330127 73.93433167763699
decision_type=2 2 2 2
left_child=-1 2 -2 -3
right_child=1 3 -4 -5
leaf_value=0.014810898099450987 0 -0.0067777969311415311 0.01327435290189234 0.0041385681613723205
leaf_weight=3.5933278352022162 8.3498061597347242 18.689467489719394 2.8151521235704413 2.7368942797183982
leaf_count=18 49 124 16 16
internal_value=-0.000257389 -0.00209947 0.00375788 -0.00525345
internal_weight=36.1846 32.5913 11.165 21.4264
internal_count=223 205 65 140
is_linear=0
shrinkage=0.01


Tree=61
num_leaves=4
num_cat=0
split_feature=8 14 33
split_gain=8.26824 5.4085 6.03641
threshold=-0.16803036277794994 -0.49591733088430134 0.12913939237620933
decision_type=2 2 2
left_child=-1 -2 -3
right_child=1 2 -4
leaf_value=0.015882733058418183 0.012942291551237144 0.0060754402795694775 -0.0034501532504604688
leaf_weight=3.4289377033710471 2.7680494189262381 8.6536607295274717 25.015130877494812
leaf_count=17 14 49 165
internal_value=0.00169273 0.000184119 -0.000910944
internal_weight=39.8658 36.4368 33.6688
internal_count=245 228 214
is_linear=0
shrinkage=0.01


Tree=62
num_leaves=6
num_cat=0
split_feature=30 0 21 9 25
split_gain=5.63924 9.63285 8.61094 4.94953 2.67312
threshold=0.077987061455600998 0.085942449289711301 -0.20842388808468229 -0.053034948762241914 -0.68501128312619486
decision_type=2 2 2 2 2
left_child=1 4 3 -2 -1
right_child=2 -3 -4 -5 -6
leaf_value=0.0036511611084895741 0.009437971626430024 0.015324493578911391 0.021372372879484947 -0.0064519041403194042 -0.0053240324318036001
leaf_weight=3.4204828143119839 3.3003311902284622 2.5542962551116934 2.5825406461954099 3.9518191665410995 21.55789698660374
leaf_count=20 18 14 13 25 141
internal_value=0.000294865 -0.0019778 0.00672485 0.000602146 -0.00398713
internal_weight=37.3674 27.5327 9.83469 7.25215 24.9784
internal_count=231 175 56 43 161
is_linear=0
shrinkage=0.01


Tree=63
num_leaves=6
num_cat=0
split_feature=30 33 13 33 20
split_gain=6.59728 5.48944 4.89017 4.4308 3.52665
threshold=0.077987061455600998 0.27544944407924182 -1.4209449474021374 0.11461374340987622 8.1912354089990931
decision_type=2 2 2 2 2
left_child=3 2 -2 -1 -5
right_child=1 -3 -4 4 -6
leaf_value=0.0068487497589595049 0.0090917118022345814 0.017806529363506535 -0.0075705036559031722 -0.0049530459829500969 0.0060281791272027039
leaf_weight=4.7156085222959545 3.8297827690839767 3.2878465801477432 2.6981632858514768 20.625873737037185 2.9857574701309195
leaf_count=26 22 18 16 136 18
internal_value=0.00081282 0.0077835 0.00188185 -0.00158901 -0.00342259
internal_weight=38.143 9.81579 6.52795 28.3272 23.6116
internal_count=236 56 38 180 154
is_linear=0
shrinkage=0.01


Tree=64
num_leaves=4
num_cat=0
split_feature=19 8 32
split_gain=5.79387 6.04832 4.19655
threshold=75.072081615530678 -0.16803036277794994 0.14241099541336247
decision_type=2 2 2
left_child=1 -1 -3
right_child=-2 2 -4
leaf_value=0.012818285395167217 0.015005951455235761 -0.0083192850214272914 0.00065285282140049698
leaf_weight=3.134983852505683 2.5873993039131156 6.2102807611227062 24.569730654358864
leaf_count=16 14 42 153
internal_value=0.00139758 0.00017846 -0.00115587
internal_weight=36.5024 33.915 30.78
internal_count=225 211 195
is_linear=0
shrinkage=0.01


Tree=65
num_leaves=5
num_cat=0
split_feature=0 1 1 12
split_gain=5.82509 5.5764 8.86742 3.07174
threshold=0.0825053947346953 -0.35627872247758324 -0.5155734622307212 -7.6493411137957983
decision_type=2 2 2 2
left_child=1 2 -1 -3
right_child=-2 3 -4 -5
leaf_value=-0.0018362778910076141 0.010283635223394981 0.001840936422769644 0.01751674634296356 -0.0064714717123023216
leaf_weight=7.4673725366592407 4.0125618726015082 5.1573999524116507 3.0445005148649198 19.331050314009193
leaf_count=45 22 29 18 129
internal_value=-0.000618742 -0.00200206 0.00391437 -0.00463906
internal_weight=39.0129 35.0003 10.5119 24.4885
internal_count=243 221 63 158
is_linear=0
shrinkage=0.01


Tree=66
num_leaves=6
num_cat=0
split_feature=33 30 39 30 21
split_gain=7.62941 7.7762 5.74335 9.65051 3.75152
threshold=0.12913939237620933 -0.15341346757203683 0.68334923326115671 -0.059651586158633287 -0.62502913868217413
decision_type=2 2 2 2 2
left_child=1 -1 4 -4 -2
right_child=2 -3 3 -5 -6
leaf_value=0.020242926038171238 -0.010616092379024158 0 -0.0046342845646453806 0.012434214584417534 -0.00015425590535707203
leaf_weight=2.966961458325386 9.4255168586969358 4.563545510172843 7.9590628743171692 5.163142189383505 5.9174115061759975
leaf_count=15 64 26 50 28 40
internal_value=-0.000227738 0.00846498 -0.00266124 0.00206039 -0.0067894
internal_weight=35.9956 7.53051 28.4651 13.1222 15.3429
internal_count=223 41 182 78 104
is_linear=0
shrinkage=0.01


Tree=67
num_leaves=6
num_cat=0
split_feature=14 12 0 39 25
split_gain=8.01066 3.9316 5.8877 2.73538 1.73424
threshold=-0.39467734717860997 -7.6493411137957983 0.0825053947346953 0.68334923326115671 -0.23770370481206607
decision_type=2 2 2 2 2
left_child=3 4 -3 -1 -2
right_child=1 2 -4 -5 -6
leaf_value=0.0012146261166587531 -0.00014144011383558419 -0.006076708208179433 0.0091672145380360861 0.015825375617614931 0.0092285127067501752
leaf_weight=2.6376295089721671 3.9589275419712067 23.120214492082599 2.477040007710456 3.1446502953767776 2.9711181521415702
leaf_count=15 22 156 14 16 18
internal_value=-0.000600729 -0.00259768 -0.00443522 0.00987804 0.00381535
internal_weight=38.3096 32.5273 25.5973 5.78228 6.93005
internal_count=241 210 170 31 40
is_linear=0
shrinkage=0.01


Tree=68
num_leaves=7
num_cat=0
split_feature=32 32 34 25 25 25
split_gain=10.4048 8.41725 5.39339 5.04776 2.76922 2.46319
threshold=0.22495848882967676 0.34759501374371843 0.25232906974895331 0.30434679795502145 -0.68501128312619486 0.70279885752578253
decision_type=2 2 2 2 2 2
left_child=4 3 -3 -2 -1 -6
right_child=1 2 -4 -5 5 -7
leaf_value=0.0020090753798298533 0.018951303520428675 0.0060106085768722251 -0.0057212057414146103 0 -0.010901222127472451 0
leaf_weight=2.4619202911853781 4.4177652746439007 7.0719244480133048 8.0448132008314115 2.2628917843103409 9.8705097436904889 2.2870041951537123
leaf_count=14 25 40 53 15 65 15
internal_value=-0.000333509 0.00396859 -9.29276e-05 0.0130544 -0.00683275 -0.00878905
internal_weight=36.4168 21.7974 15.1167 6.68066 14.6194 12.1575
internal_count=227 133 93 40 94 80
is_linear=0
shrinkage=0.01


Tree=69
num_leaves=5
num_cat=0
split_feature=14 6 25 24
split_gain=9.7984 5.55343 9.63642 5.38624
threshold=-0.49591733088430134 -0.062726433801640932 -0.68501128312619486 0.17901118703279859
decision_type=2 2 2 2
left_child=-1 3 -3 -2
right_child=1 2 -4 -5
leaf_value=0.016761509594950687 0.00072008957029989307 0.011707931586765774 -0.0083289523417273536 0.015825192510263198
leaf_weight=3.3048419058322898 16.203466713428501 2.5627647042274502 13.450929686427115 2.5433971285819998
leaf_count=16 101 14 89 15
internal_value=0.00105017 -0.000517177 -0.0048434 0.00309139
internal_weight=38.0654 34.7606 16.0137 18.7469
internal_count=235 219 103 116
is_linear=0
shrinkage=0.01


Tree=70
num_leaves=7
num_cat=0
split_feature=3 32 8 34 9 30
split_gain=7.04909 6.12091 7.75492 4.35444 3.13863 1.75293
threshold=41.926027253115109 0.21742174740844017 -0.01994216565083012 0.25232906974895331 -0.28540790090248919 -0.087146926305570541
decision_type=2 2 2 2 2 2
left_child=1 2 -1 4 -2 -5
right_child=3 -3 -4 5 -6 -7
leaf_value=0.010039483511222134 0.0081810134952483762 0.014215119500858129 -0.010829694232919332 -0.0035378281598108796 -0.0027098626797750058 -0.011345589131923383
leaf_weight=3.1604718267917633 3.4878438860177985 4.4630679786205292 3.3478556573390943 7.2659941464662534 8.2867509871721285 6.6979071497917175
leaf_count=17 19 24 22 50 51 47
internal_value=-0.000959184 0.00558438 -0.000405946 -0.00385748 0.000473679 -0.00758296
internal_weight=36.7099 10.9714 6.50833 25.7385 11.7746 13.9639
internal_count=230 63 39 167 70 97
is_linear=0
shrinkage=0.01


Tree=71
num_leaves=6
num_cat=0
split_feature=14 17 11 22 34
split_gain=6.12527 4.66771 7.67892 4.56483 3.66779
threshold=-0.39467734717860997 -0.29981766157482798 48.997367497883253 -0.060505316984116299 0.26078449985388091
decision_type=2 2 2 2 2
left_child=4 2 -2 -3 -1
right_child=1 3 -4 -5 -6
leaf_value=0.013474362339568018 -0.0030584589284074061 -0.00068939853458692706 0.015229714933996894 -0.010037988749626121 -0.00092168632201331468
leaf_weight=3.7295296192169181 7.2322476953268069 10.520792178809645 2.9541507214307785 11.251035481691359 2.6592029333114624
leaf_count=18 42 71 17 77 15
internal_value=-0.00122438 -0.00306546 0.00233853 -0.00568186 0.00741065
internal_weight=38.347 31.9582 10.1864 21.7718 6.38873
internal_count=240 207 59 148 33
is_linear=0
shrinkage=0.01


Tree=72
num_leaves=4
num_cat=0
split_feature=14 13 29
split_gain=6.44812 8.98478 6.57978
threshold=-0.45817211576129957 0.74947326155192762 -1.5875883370961621
decision_type=2 2 2
left_child=-1 2 -2
right_child=1 -3 -4
leaf_value=0.0098649100558249343 0.010012100914260622 0.011143878951962933 -0.0061756683626540123
leaf_weight=4.3864276111125937 2.419084057211875 3.7785193473100653 26.04678533226252
leaf_count=22 15 20 170
internal_value=-0.00102363 -0.00264361 -0.0046404
internal_weight=36.6308 32.2444 28.4659
internal_count=227 205 185
is_linear=0
shrinkage=0.01


Tree=73
num_leaves=5
num_cat=0
split_feature=17 14 13 34
split_gain=7.61306 6.67882 7.04375 3.38186
threshold=0.56737259358766834 -0.40179133132982386 -0.19607430303167017 0.20454269094726729
decision_type=2 2 2 2
left_child=1 -1 -3 -2
right_child=3 2 -4 -5
leaf_value=0.013778897807698165 0.00099459554206245311 -0.0021713146414880104 0.011767757337650802 -0.011389687695802992
leaf_weight=4.1116180866956737 2.7168633043766004 19.63778388500214 4.1213033944368354 6.8344402015209198
leaf_count=21 16 127 23 48
internal_value=-0.000125487 0.00246798 0.000280045 -0.00774095
internal_weight=37.422 27.8707 23.7591 9.5513
internal_count=235 171 150 64
is_linear=0
shrinkage=0.01


Tree=74
num_leaves=6
num_cat=0
split_feature=6 8 2 2 19
split_gain=6.34015 10.7847 6.50766 4.27759 7.52728
threshold=-0.062726433801640932 0.094007394150480969 8.1034642857143826 6.1568928571427941 58.815759143798452
decision_type=2 2 2 2 2
left_child=1 2 -1 4 -2
right_child=3 -3 -4 -5 -6
leaf_value=-0.0034945579772754616 -0.0062333218372724788 0.016746564510269308 0.012297532336562769 -0.010569469871044035 0.012276546669617619
leaf_weight=14.471524029970174 7.0158403515815753 4.1428054422140113 2.8543512523174277 7.8183819502592078 2.8262302279472351
leaf_count=91 46 25 15 51 15
internal_value=-0.000747091 0.00282849 -0.000614393 -0.0051797 -0.000514952
internal_weight=39.1291 21.4687 17.3259 17.6605 9.84207
internal_count=243 131 106 112 61
is_linear=0
shrinkage=0.01


Tree=75
num_leaves=4
num_cat=0
split_feature=5 0 14
split_gain=7.15463 6.03008 8.05415
threshold=0.10277288772963945 0.085942449289711301 -0.39467734717860997
decision_type=2 2 2
left_child=1 2 -1
right_child=-2 -3 -4
leaf_value=0.0068414052212918833 0.01322096292052366 0.010647506806588516 -0.0055862474649172435
leaf_weight=6.0461908131837836 3.1161760985851279 3.1212798506021491 27.063111245632172
leaf_count=31 17 17 180
internal_value=-0.000551042 -0.00188916 -0.00321588
internal_weight=39.3468 36.2306 33.1093
internal_count=245 228 211
is_linear=0
shrinkage=0.01


Tree=76
num_leaves=6
num_cat=0
split_feature=30 29 34 34 21
split_gain=6.51934 11.1242 2.68956 3.46606 2.71963
threshold=0.23430776773726797 -0.92102063079998731 0.28445367515261205 0.20454269094726729 -1.1883957592244474
decision_type=2 2 2 2 2
left_child=2 -2 3 -1 -4
right_child=1 -3 4 -5 -6
leaf_value=-0.0022510097878738543 -0.0046066124980165572 0.020982503454484078 -0.010002175356710941 0.0081948940015133063 -0.0011480702612373746
leaf_weight=11.405624672770502 2.9539536982774734 3.1744668632745734 6.6752371415495864 4.0256754159927359 8.2515223920345289
leaf_count=67 19 16 46 24 57
internal_value=-0.000396151 0.00869783 -0.00236435 0.000451264 -0.00535802
internal_weight=36.4865 6.12842 30.3581 15.4313 14.9268
internal_count=229 35 194 91 103
is_linear=0
shrinkage=0.01


Tree=77
num_leaves=6
num_cat=0
split_feature=33 22 35 18 27
split_gain=9.80165 6.36937 10.3737 3.42662 2.72902
threshold=0.12913939237620933 -0.16975081179232179 0.32926513346172509 13.167607142857184 27.762611144887341
decision_type=2 2 2 2 2
left_child=3 2 -2 -1 -3
right_child=1 4 -4 -5 -6
leaf_value=0.014913524883800154 0.010012849162366007 0.00055584849365603256 -0.0079270262492012605 0.0012192466115897524 -0.0095838623419147954
leaf_weight=3.9867125600576392 6.6302454620599764 2.7932066768407848 5.6631769090890884 3.8934119492769241 13.535428613424299
leaf_count=22 38 16 39 21 95
internal_value=-0.000916072 -0.00369117 0.00159776 0.00868481 -0.00775033
internal_weight=36.5022 28.6221 12.2934 7.88012 16.3286
internal_count=231 188 77 43 111
is_linear=0
shrinkage=0.01


Tree=78
num_leaves=7
num_cat=0
split_feature=19 28 24 18 11 0
split_gain=6.34813 5.67706 7.81347 5.54035 8.91333 5.42121
threshold=36.040406067662907 0.95643459552275101 -0.072855708446305165 13.013607142857188 54.550842303760795 -0.022587772319039398
decision_type=2 2 2 2 2 2
left_child=1 2 -1 4 -2 -5
right_child=3 -3 -4 5 -6 -7
leaf_value=0.0026082195589664592 -0.0060767509507396959 -0.0021117314111544455 0.025299847832942698 0.006348610377595109 0.010010890988771755 -0.0079366551050225193
leaf_weight=3.5288214683532715 5.2787432968616512 3.035405308008194 2.8317975699901563 2.9668641388416281 8.4228389933705312 12.326919741928576
leaf_count=19 35 18 15 19 51 83
internal_value=0.00145056 0.00847532 0.0136955 -0.000821041 0.00367264 -0.00496836
internal_weight=38.3914 9.39602 6.36062 28.9954 13.7016 15.2938
internal_count=240 52 34 188 86 102
is_linear=0
shrinkage=0.01


Tree=79
num_leaves=5
num_cat=0
split_feature=0 0 28 27
split_gain=6.02963 8.5739 7.0654 6.99299
threshold=-0.022587772319039398 0.0825053947346953 -6.6512072373766378 26.497108981787573
decision_type=2 2 2 2
left_child=2 3 -1 -2
right_child=1 -3 -4 -5
leaf_value=-0.00091180511363786053 0.0088877603428244283 0.011297790582023778 0.018280098599781813 -0.0059331402246012282
leaf_weight=3.4019263237714767 3.3932479918003144 4.229131504893302 3.5453368797898284 20.444391660392284
leaf_count=20 19 23 20 136
internal_value=0.000788134 -0.00123685 0.00895755 -0.00365631
internal_weight=35.014 28.0668 6.94726 23.8376
internal_count=218 178 40 155
is_linear=0
shrinkage=0.01


Tree=80
num_leaves=6
num_cat=0
split_feature=39 1 18 27 34
split_gain=4.60825 5.41124 5.1782 3.06553 2.88997
threshold=0.67862249744663983 0.76536557930682014 17.558464285714184 62.75586797048819 0.2435762436692194
decision_type=2 2 2 2 2
left_child=1 3 4 -1 -2
right_child=2 -3 -4 -5 -6
leaf_value=-0.0075423489709235837 0.010245444810065766 0.009655637040701031 -0.0075896297809763405 0.0020524788320059897 0.00032854230711760855
leaf_weight=13.429536253213888 8.1020964682102221 2.4509626105427733 2.7856315374374381 3.8574689701199523 5.2123473882675162
leaf_count=92 43 15 17 24 33
internal_value=0 -0.00321677 0.00393141 -0.00528912 0.00660286
internal_weight=35.838 19.738 16.1001 17.287 13.3144
internal_count=224 131 93 116 76
is_linear=0
shrinkage=0.01


Tree=81
num_leaves=8
num_cat=0
split_feature=39 32 4 36 32 11 3
split_gain=8.41475 7.36267 5.61823 7.32236 3.09299 2.9198 2.18838
threshold=0.69959512615680675 0.25243749294196932 0.83142938136779787 0.66286611390019867 0.45739840039002905 48.997367497883253 37.033134561147101
decision_type=2 2 2 2 2 2 2
left_child=2 5 6 -4 -3 -2 -1
right_child=1 4 3 -5 -6 -7 -8
leaf_value=-0.0023712406175680416 -0.007955116623072786 0.021463667894838851 0.0099170693634763381 -0.0056204960530977658 0.0047389275267095653 0.0052426658808279779 -0.011612756034400066
leaf_weight=4.9198185354471224 2.9322362095117551 2.8793293237686157 5.0746447965502721 6.5723175331950188 2.5989321172237396 3.0857331305742264 7.8322074487805367
leaf_count=30 18 15 32 46 15 18 53
internal_value=-0.000445488 0.00644404 -0.00381149 0.00106093 0.0145334 -0.000943744 -0.008337
internal_weight=35.8952 11.4962 24.399 11.647 5.47826 6.01797 12.752
internal_count=227 66 161 78 30 36 83
is_linear=0
shrinkage=0.01


Tree=82
num_leaves=5
num_cat=0
split_feature=34 30 5 5
split_gain=6.72809 5.71946 6.42098 1.05162
threshold=0.57617527066779439 -0.30573964298326511 -1.0000000180025095e-35 -2.1649603049795894
decision_type=2 2 2 2
left_child=1 -1 -3 -2
right_child=3 2 -4 -5
leaf_value=0.015071272391681507 -0.0010433511896286497 -0.00084877912593293739 0.013843548926671152 -0.010990285355447627
leaf_weight=2.9198137670755413 2.0388936772942543 24.346300773322586 3.0630405992269507 4.6710730493068686
leaf_count=16 15 150 18 33
internal_value=0.000350572 0.00242135 0.000853039 -0.00842712
internal_weight=37.0391 30.3292 27.4093 6.70997
internal_count=232 184 168 48
is_linear=0
shrinkage=0.01


Tree=83
num_leaves=5
num_cat=0
split_feature=34 0 14 8
split_gain=6.68259 8.54299 8.399 0.836301
threshold=0.57617527066779439 0.0825053947346953 -0.45817211576129957 0.06694673828073168
decision_type=2 2 2 2
left_child=1 2 -1 -2
right_child=3 -3 -4 -5
leaf_value=0.014739370564027316 -0.010724760179303253 0.01736784701583079 -0.0012546964797213744 -0.0027073389791111395
leaf_weight=3.4831362366676393 3.9986160174012175 3.2950783967971793 23.831041537225246 3.4357660785317421
leaf_count=16 29 17 151 24
internal_value=0.000722599 0.00284454 0.00085043 -0.00752686
internal_weight=38.0436 30.6093 27.3142 7.43438
internal_count=237 184 167 53
is_linear=0
shrinkage=0.01


Tree=84
num_leaves=6
num_cat=0
split_feature=14 0 2 1 35
split_gain=6.57635 4.36206 6.33788 4.89075 2.87951
threshold=-0.39467734717860997 0.056706726558671296 6.6448928571429802 -0.35627872247758324 0.30262793410112232
decision_type=2 2 2 2 2
left_child=4 3 -3 -2 -1
right_child=1 2 -4 -5 -6
leaf_value=0.01517413731826342 0.0023617806529474621 0.015913823597824558 -0.004403253071339556 -0.0065487353966805131 0.00074359359569896636
leaf_weight=3.4978825449943534 9.1132769286632591 2.8731501176953307 2.5563260614871979 16.507954724133015 2.7094675600528717
leaf_count=17 57 17 14 115 15
internal_value=0.000318134 -0.00152848 0.0062693 -0.00331152 0.00950731
internal_weight=37.2581 31.0507 5.42948 25.6212 6.20735
internal_count=235 203 31 172 32
is_linear=0
shrinkage=0.01


Tree=85
num_leaves=5
num_cat=0
split_feature=30 2 28 14
split_gain=7.99157 7.64649 4.16714 2.63624
threshold=0.16071832634972075 4.8449285714285528 7.4963463914173198 -0.45817211576129957
decision_type=2 2 2 2
left_child=2 -2 3 -1
right_child=1 -3 -4 -5
leaf_value=0.0039078675467815235 -0.0040945208122960194 0.015991330633093302 0.0065570693872233311 -0.0052004655519895353
leaf_weight=3.1771683096885708 2.6365256011486045 4.813680574297905 3.8985044807195655 23.992932640016083
leaf_count=16 16 26 24 161
internal_value=-0.000295359 0.00874182 -0.0025891 -0.00403152
internal_weight=38.5188 7.45021 31.0686 27.1701
internal_count=243 42 201 177
is_linear=0
shrinkage=0.01


Tree=86
num_leaves=5
num_cat=0
split_feature=0 3 37 37
split_gain=6.42952 6.52139 5.112 2.67653
threshold=0.074868515125326371 37.033134561147101 0.70733965856536141 0.66826772954059077
decision_type=2 2 2 2
left_child=1 2 -1 -3
right_child=-2 3 -4 -5
leaf_value=0.0098931369404184327 0.011552548338353286 0 -0.006388912727740774 -0.0069189111880489044
leaf_weight=6.5747660994529706 3.788890302181243 8.866865314543249 2.2871491089463234 15.401069313287733
leaf_count=36 21 60 15 103
internal_value=-0.000223593 -0.00172178 0.00540105 -0.00443842
internal_weight=36.9187 33.1298 8.86192 24.2679
internal_count=235 214 51 163
is_linear=0
shrinkage=0.01


Tree=87
num_leaves=7
num_cat=0
split_feature=32 34 22 25 38 13
split_gain=6.35317 7.27448 7.29628 4.24403 3.76018 2.07842
threshold=0.21364729536066626 0.31793832064239297 -0.078589476621593449 0.71969496516243725 0.61658768289315524 -1.0000000180025095e-35
decision_type=2 2 2 2 2 2
left_child=3 2 -2 5 -3 -1
right_child=1 4 -4 -5 -6 -7
leaf_value=-0.010704100927772889 0.015474157041743071 0.0027768362901119765 0.00013560404881747285 0.005222860818938981 -0.0092462533418876999 -0.0010368319017989443
leaf_weight=8.7798100858926755 5.8951299190521222 4.3335630148649198 6.7580464556813276 2.5324825271964064 5.2573963478207588 3.6759133711457244
leaf_count=58 31 28 41 15 38 25
internal_value=-0.000645226 0.00267489 0.00762913 -0.00565926 -0.0036921 -0.00809939
internal_weight=37.2323 22.2441 12.6532 14.9882 9.59096 12.4557
internal_count=236 138 72 98 66 83
is_linear=0
shrinkage=0.01


Tree=88
num_leaves=4
num_cat=0
split_feature=34 5 26
split_gain=6.79371 5.14848 5.5376
threshold=0.59934903446752752 1.0000000180025095e-35 14.969249999999974
decision_type=2 2 2
left_child=1 2 -1
right_child=-2 -3 -4
leaf_value=0.015434834156378975 -0.0091856993453277441 0.014200519241930578 -9.4005796769764259e-07
leaf_weight=2.2264551371336045 5.1866727694869033 3.2752770334482184 25.873892486095428
leaf_count=13 38 16 162
internal_value=0.00101303 0.00283314 0.00130177
internal_weight=36.5623 31.3756 28.1003
internal_count=229 191 175
is_linear=0
shrinkage=0.01


Tree=89
num_leaves=7
num_cat=0
split_feature=6 32 14 24 26 0
split_gain=6.62212 6.58372 5.70887 3.43477 2.19953 2.14334
threshold=-0.068695618174670223 0.97697010071527435 -0.38362733598949733 -0.038982267299250827 21.527785714285695 0.048639889642684279
decision_type=2 2 2 2 2 2
left_child=1 2 -1 4 -2 -5
right_child=3 -3 -4 5 -6 -7
leaf_value=0.017580160525357019 0.0071682060939470783 -0.010605045653320117 0.0025131136376141693 -0.010554947271653233 -0.0046911343640937122 0
leaf_weight=2.9344655424356505 2.6882480829954174 2.6378983855247489 14.270665504038334 9.0726080909371358 2.8760099709033966 2.2936064451932898
leaf_count=15 15 17 91 64 17 14
internal_value=-0.000743054 0.00309405 0.00545441 -0.0053319 0.000770991 -0.00843397
internal_weight=36.7735 19.843 17.2051 16.9305 5.56426 11.3662
internal_count=233 123 106 110 32 78
is_linear=0
shrinkage=0.01


Tree=90
num_leaves=5
num_cat=0
split_feature=17 30 13 2
split_gain=9.07064 7.51805 9.77459 3.29447
threshold=0.65935719515514057 0.10460026513912923 -0.66889180154502725 5.2019642857143422
decision_type=2 2 2 2
left_child=1 2 -1 -3
right_child=-2 3 -4 -5
leaf_value=-0.0048941083027781926 -0.010072679674355756 0.0016022264724418487 0.0089790752406549244 0.01719542530896194
leaf_weight=14.891493722796442 6.7802790999412528 2.5288133621215811 7.3190501332283047 3.9681574702262878
leaf_count=99 47 15 41 21
internal_value=1.87496e-05 0.00255066 -0.000174887 0.0117589
internal_weight=35.4878 28.7075 22.2105 6.49697
internal_count=223 176 140 36
is_linear=0
shrinkage=0.01


Tree=91
num_leaves=5
num_cat=0
split_feature=27 34 22 28
split_gain=6.15105 4.68818 7.05551 4.35433
threshold=19.876830865429131 0.22992330110008166 -0.15106702732476696 2.368325244628068
decision_type=2 2 2 2
left_child=-1 2 -2 -3
right_child=1 3 -4 -5
leaf_value=0.014053819534538076 0.013990396415812902 -0.0059869493919469724 -0.0005660476314295551 0.0067251453637716873
leaf_weight=2.9757673740386954 4.3852446079254142 14.992094807326795 10.621459938585756 2.8726592138409606
leaf_count=15 23 105 64 18
internal_value=0.000973436 -0.000266797 0.00374779 -0.00375543
internal_weight=35.8472 32.8715 15.0067 17.8648
internal_count=225 210 87 123
is_linear=0
shrinkage=0.01


Tree=92
num_leaves=6
num_cat=0
split_feature=33 14 0 13 2
split_gain=5.89034 5.9057 4.11694 3.35242 3.32474
threshold=0.12913939237620933 -0.45817211576129957 0.05854137388601998 -1.5635071846956905 6.7541785714286435
decision_type=2 2 2 2 2
left_child=3 -2 -3 -1 -5
right_child=1 2 -4 4 -6
leaf_value=0.016314218202370615 0.0083627437027470886 -0.0052488344645195677 0.0068285398417725516 -0.004653551709220393 0.0090437088648837524
leaf_weight=2.8081911951303482 4.6410528719425228 20.407693274319175 2.8712342754006377 2.7509431391954404 3.6561262160539627
leaf_count=16 23 141 18 16 18
internal_value=0.00076325 -0.00147823 -0.00360646 0.00759706 0.00291936
internal_weight=37.1352 27.92 23.2789 9.21526 6.40707
internal_count=232 182 159 50 34
is_linear=0
shrinkage=0.01


Tree=93
num_leaves=4
num_cat=0
split_feature=28 37 11
split_gain=7.73369 4.71615 3.34176
threshold=7.2160671891383581 0.57555151450228703 60.736522594118846
decision_type=2 2 2
left_child=1 -1 -3
right_child=-2 2 -4
leaf_value=0.0090738770447102348 0.013033940486020541 -0.0040631611716487378 0.0034483286761652515
leaf_weight=4.2717254459857932 4.7056904137134543 19.997591532766823 7.835738241672515
leaf_count=27 27 127 50
internal_value=0.00146344 -0.00027571 -0.00186319
internal_weight=36.8107 32.1051 27.8333
internal_count=231 204 177
is_linear=0
shrinkage=0.01


Tree=94
num_leaves=6
num_cat=0
split_feature=33 38 8 13 32
split_gain=5.45258 4.99084 5.7385 4.95154 4.68526
threshold=0.12913939237620933 0.71578472531357262 -0.060695744817887587 -1.1978346573451308 0.19251532316265593
decision_type=2 2 2 2 2
left_child=3 2 -2 -1 -3
right_child=1 4 -4 -5 -6
leaf_value=0.015812693649210414 0.005816579365048479 -0.0063391630997499879 -0.0071166906715094402 0.00051190740160691073 0.009196220240302741
leaf_weight=3.5142655521631241 3.9080087840557125 2.3962053656578046 16.359702512621883 5.4405042603611928 6.0402741283178329
leaf_count=19 22 17 116 29 35
internal_value=0.000326183 -0.00175391 -0.0044772 0.00705068 0.00448864
internal_weight=37.659 28.7042 20.2677 8.95477 8.43648
internal_count=238 190 138 48 52
is_linear=0
shrinkage=0.01


Tree=95
num_leaves=5
num_cat=0
split_feature=8 38 32 1
split_gain=4.94356 5.17496 4.68296 2.77006
threshold=-0.16803036277794994 0.69641606360715402 0.16784969638995717 -0.35627872247758324
decision_type=2 2 2 2
left_child=-1 3 -3 -2
right_child=1 2 -4 -5
leaf_value=0.010897816526910339 0.0012254511033868078 -0.0049890717513842294 0.0067143506373394867 -0.0067888643376737981
leaf_weight=3.6848269402980796 5.5939052551984778 4.3913373351097098 11.368390969932078 13.49738232791424
leaf_count=18 36 29 66 95
internal_value=0.000306941 -0.000839396 0.00329646 -0.00435484
internal_weight=38.5358 34.851 15.7597 19.0913
internal_count=244 226 95 131
is_linear=0
shrinkage=0.01


Tree=96
num_leaves=6
num_cat=0
split_feature=25 34 34 24 34
split_gain=5.74549 7.36875 9.017 2.96423 1.3518
threshold=-0.61530105879717012 0.2435762436692194 0.096298636345889269 0.15305668297438424 0.26892178828452812
decision_type=2 2 2 2 2
left_child=4 2 -2 -3 -1
right_child=1 3 -4 -5 -6
leaf_value=0.0024468405975510733 -0.0059239120457372819 -0.010475120697282318 0.0094899624577586914 -0.0013656583203111405 0.013389656112196373
leaf_weight=2.931196153163909 6.3119397461414364 9.3648542836308497 8.4064712002873403 6.7122339308261862 2.7310265600681305
leaf_count=16 38 68 47 48 15
internal_value=-0.000458969 -0.00223059 0.00276031 -0.0068887 0.00846842
internal_weight=36.4577 30.7955 14.7184 16.0771 5.66222
internal_count=232 201 85 116 31
is_linear=0
shrinkage=0.01


Tree=97
num_leaves=7
num_cat=0
split_feature=39 16 36 16 16 9
split_gain=6.96405 6.09465 6.94931 5.01352 6.06014 4.15871
threshold=0.68031861637152413 -0.026964378644049828 0.69653942198694363 0.095805250627618868 0.013714131486223495 0.76749930740338734
decision_type=2 2 2 2 2 2
left_child=1 2 -1 4 -2 -3
right_child=3 5 -4 -5 -6 -7
leaf_value=-0.0036928687652420821 0.0028633240699875505 -0.0098875449288654202 0.014961280001713964 -0.0054618251029159562 0.017364968186167173 0.0041368928573222788
leaf_weight=4.8028165549039867 9.7115845158696192 11.490403331816195 2.9027149528264999 3.2498409301042548 4.2007481008768073 2.1778992861509314
leaf_count=31 55 84 16 20 22 14
internal_value=0.000262089 -0.00347214 0.00338175 0.005007 0.00765685 -0.00746886
internal_weight=38.536 21.3738 7.70553 17.1622 13.9123 13.6683
internal_count=242 145 47 97 77 98
is_linear=0
shrinkage=0.01


Tree=98
num_leaves=6
num_cat=0
split_feature=32 29 32 0 18
split_gain=4.89297 11.8007 5.36123 5.24878 2.92107
threshold=0.21742174740844017 -0.59683118215779041 0.33709850025840093 -0.022587772319039398 13.054142857142878
decision_type=2 2 2 2 2
left_child=3 2 -2 -1 -5
right_child=1 -3 -4 4 -6
leaf_value=0.0093108455396761908 0.0090574791634234521 0.016946800068412794 -0.0029515415629906539 0 -0.010132265549543473
leaf_weight=2.3738114684820184 4.7885190322995212 5.2748316675424602 13.404490195214747 4.80113689601421 6.7857259139418602
leaf_count=13 30 28 85 33 46
internal_value=0.00140676 0.00421222 0.000196819 -0.00315835 -0.0060517
internal_weight=37.4285 23.4678 18.193 13.9607 11.5869
internal_count=235 143 115 92 79
is_linear=0
shrinkage=0.01


Tree=99
num_leaves=5
num_cat=0
split_feature=14 0 33 8
split_gain=9.84551 6.84373 5.43358 1.76055
threshold=-0.39467734717860997 0.074868515125326371 0.12913939237620933 0.03970766830911638
decision_type=2 2 2 2
left_child=3 2 -2 -1
right_child=1 -3 -4 -5
leaf_value=0.015180245853573747 0.0043824639352196505 0.0077734910731623212 -0.0069637223351383974 0.0032453937830645902
leaf_weight=3.7707237452268592 4.858164116740233 4.969339206814765 20.327428907155991 2.7865040004253387
leaf_count=18 27 27 147 15
internal_value=-7.17466e-06 -0.00249802 -0.0046708 0.010764
internal_weight=36.7122 30.1549 25.1856 6.55723
internal_count=234 201 174 33
is_linear=0
shrinkage=0.01


Tree=100
num_leaves=5
num_cat=0
split_feature=14 14 5 38
split_gain=7.29904 3.9873 3.95077 3.55075
threshold=-0.39467734717860997 0.23677290935988202 -1.5365445856027504 0.74196518477203866
decision_type=2 2 2 2
left_child=2 3 -1 -2
right_child=1 -3 -4 -5
leaf_value=0.016084095192613366 -0.004380053492931156 0.0098484461303959461 0 0.0057367280975050405
leaf_weight=3.6922512054443359 23.899291843175895 2.3322182446718207 2.7840116620063773 3.6280997991561881
leaf_count=18 161 13 15 24
internal_value=0.000278418 -0.00177511 0.00970101 -0.00292732
internal_weight=36.3359 29.8596 6.47626 27.5274
internal_count=231 198 33 185
is_linear=0
shrinkage=0.01


Tree=101
num_leaves=7
num_cat=0
split_feature=33 38 3 5 13 24
split_gain=6.70772 6.2418 7.051 4.8907 3.23541 1.28047
threshold=0.13443286839586263 0.66750929414450688 53.51225455628051 -1.6446975429787112 -0.65239106387666013 0.23401904598755555
decision_type=2 2 2 2 2 2
left_child=3 5 -3 -1 -5 -2
right_child=1 2 -4 4 -6 -7
leaf_value=-0.00088692844353014115 -0.011259021797707262 0.0061966150204117599 -0.0063591529044985141 0.0032241195950596809 0.018923394877943672 -0.00086724370422387341
leaf_weight=4.3070119172334671 6.7886319905519503 10.403813123703005 7.3185778111219397 2.8648925721645355 3.2905965596437436 2.007029764354229
leaf_count=25 50 59 50 17 15 15
internal_value=0.000164484 -0.0024585 0.00088111 0.00688169 0.0124158 -0.00921448
internal_weight=36.9806 26.5181 17.7224 10.4625 6.15549 8.79566
internal_count=231 174 109 57 32 65
is_linear=0
shrinkage=0.01


Tree=102
num_leaves=5
num_cat=0
split_feature=16 11 0 12
split_gain=4.46354 3.73354 5.561 3.23284
threshold=-0.17030693950343198 55.231916634388405 -0.013936311815267442 -9.2054439671942401
decision_type=2 2 2 2
left_child=-1 3 -3 -2
right_child=1 2 -4 -5
leaf_value=0.010416705064683418 0.0026859261530952812 0.01440081068766042 -0.00086126861730982966 -0.0067752283921145616
leaf_weight=3.0613103061914435 4.228422299027442 2.660424768924714 11.233395166695114 14.683579102158548
leaf_count=16 24 16 75 100
internal_value=-0.000487769 -0.00165092 0.00216285 -0.00454685
internal_weight=35.8671 32.8058 13.8938 18.912
internal_count=231 215 91 124
is_linear=0
shrinkage=0.01


Tree=103
num_leaves=5
num_cat=0
split_feature=28 28 9 35
split_gain=6.42567 6.81195 4.73903 1.15469
threshold=-31.77902709514046 -12.290369589517921 -0.28540790090248919 0.29565288963995723
decision_type=2 2 2 2
left_child=-1 3 -3 -2
right_child=1 2 -4 -5
leaf_value=0.010417272148434751 -0.011632167072654305 0.0073921539435082865 -0.0025264732014910452 -0.0017192437430116397
leaf_weight=3.9565804675221434 7.1499992981553095 6.4837826192379024 16.162739418447018 2.1286011040210724
leaf_count=22 49 37 107 15
internal_value=-0.00104857 -0.00261538 0.000285625 -0.00969192
internal_weight=35.8817 31.9251 22.6465 9.2786
internal_count=230 208 144 64
is_linear=0
shrinkage=0.01


Tree=104
num_leaves=5
num_cat=0
split_feature=5 30 1 5
split_gain=6.255 6.36517 6.23225 4.72528
threshold=1.0000000180025095e-35 0.16071832634972075 -0.35627872247758324 -2.488647961269304
decision_type=2 2 2 2
left_child=1 2 -1 -3
right_child=-2 3 -4 -5
leaf_value=0.0040667389030405107 0.012694665228057303 -0.0011383527988503312 -0.005870067973372908 0.015324292197067801
leaf_weight=8.5840091630816477 3.4794482216238967 2.7700596004724503 20.448136046528816 3.4906543344259253
leaf_count=52 18 17 141 18
internal_value=0.000432764 -0.00081673 -0.0028523 0.00801655
internal_weight=38.7723 35.2929 29.0321 6.26071
internal_count=246 228 193 35
is_linear=0
shrinkage=0.01


Tree=105
num_leaves=6
num_cat=0
split_feature=34 32 32 11 20
split_gain=4.16725 6.17504 7.59834 4.55053 0.80586
threshold=0.56813719495470483 0.21364729536066626 0.0030293345120800184 59.625022014819358 -1.0000000180025095e-35
decision_type=2 2 2 2 2
left_child=1 2 -1 -3 -2
right_child=4 3 -4 -5 -6
leaf_value=0.01141606270495635 -0.0011789755864948647 0.0016133838001457851 -0.0068986536305976976 0.012349627498613097 -0.010462931280854791
leaf_weight=2.4497025310993186 2.0445297211408615 12.750811859965326 11.635652355849741 5.8844397068023673 3.5631593689322463
leaf_count=12 15 77 79 33 27
internal_value=3.36082e-05 0.00146824 -0.00340271 0.00525113 -0.00764836
internal_weight=38.3283 32.7206 14.0854 18.6353 5.60769
internal_count=243 201 91 110 42
is_linear=0
shrinkage=0.01


Tree=106
num_leaves=7
num_cat=0
split_feature=32 11 39 22 9 25
split_gain=4.6315 6.72525 6.8556 5.26271 3.72965 2.96146
threshold=0.21364729536066626 55.891954229300957 0.70361816794765386 -0.082116742952047836 -0.42348191647937039 0.69030342623140328
decision_type=2 2 2 2 2 2
left_child=4 2 -2 -3 -1 -6
right_child=1 3 -4 -5 5 -7
leaf_value=0.0036436839328946903 -0.0063294898935720469 0.016596019156060137 0.00876473750120196 0.00032541362549760351 -0.0094070091982520043 0.0021219632895546074
leaf_weight=4.5246872901916513 8.391513332724573 4.9687036126852036 4.2620409354567519 3.6252920329570753 8.7070881724357552 2.4858271405100831
leaf_count=26 55 27 24 23 62 16
internal_value=0.000441442 0.00351265 -0.00100573 0.0101998 -0.00357349 -0.00668397
internal_weight=36.9652 21.2475 12.6536 8.594 15.7176 11.1929
internal_count=233 129 79 50 104 78
is_linear=0
shrinkage=0.01


Tree=107
num_leaves=7
num_cat=0
split_feature=36 38 27 37 21 37
split_gain=4.15996 6.79553 6.15234 6.03322 4.86725 1.94508
threshold=0.6812053770234211 0.65222003576307508 51.112118713282214 0.66575114723776407 -1.0918612837234771 0.6185271884769884
decision_type=2 2 2 2 2 2
left_child=1 5 4 -3 -2 -1
right_child=2 3 -4 -5 -6 -7
leaf_value=0.00061612140361592591 -0.0083104263347555923 0.019341208150874638 -0.011401290869338403 0.0026152276253773609 0.0057625679133130759 -0.010498066636673051
leaf_weight=2.1416262462735203 3.4774528369307527 2.7449889034032813 6.6722932234406462 9.1794634237885457 6.6235163435339937 3.3790423199534416
leaf_count=15 23 14 47 54 41 25
internal_value=-0.000591625 0.00273688 -0.00415786 0.00700929 0.000625421 -0.00603341
internal_weight=34.2184 17.4451 16.7733 11.9245 10.101 5.52067
internal_count=219 108 111 68 64 40
is_linear=0
shrinkage=0.01


Tree=108
num_leaves=5
num_cat=0
split_feature=14 9 0 2
split_gain=9.9019 5.48486 8.4502 6.19988
threshold=-0.49591733088430134 -0.30951232089760256 0.056706726558671296 4.5976071428572478
decision_type=2 2 2 2
left_child=-1 3 -3 -2
right_child=1 2 -4 -5
leaf_value=0.015488900983592879 -0.0064004452843430207 -0.0079671714024229477 0.0064068535774716726 0.0085229910837067834
leaf_weight=3.3150139451026908 3.7924223840236646 17.937707766890529 4.8739654272794715 7.9649567455053329
leaf_count=15 24 131 28 45
internal_value=-0.000207225 -0.00189008 -0.00476617 0.00350398
internal_weight=37.8841 34.5691 22.8117 11.7574
internal_count=243 228 159 69
is_linear=0
shrinkage=0.01


Tree=109
num_leaves=7
num_cat=0
split_feature=33 38 5 32 32 3
split_gain=5.33031 5.15775 5.05836 7.05043 4.49022 3.71225
threshold=0.12913939237620933 0.71859201996809241 -1.3290915908269467 0.21364729536066626 0.29730801298366577 41.926027253115109
decision_type=2 2 2 2 2 2
left_child=2 5 3 -1 -3 -2
right_child=1 4 -4 -5 -6 -7
leaf_value=-0.0083029035328180418 0.0026072842521146782 -0.0031023121055179753 0.016459666673976997 0.012035120134492814 0.011143584857788271 -0.0070656414541671901
leaf_weight=3.2713871151208878 4.9277109876275125 3.5256423354148847 3.301259830594061 2.9217229187488556 4.6167306005954742 14.170731127262114
leaf_count=20 32 24 16 16 25 101
internal_value=0.000613019 -0.00158649 0.00698324 0.00109669 0.00484718 -0.00446504
internal_weight=36.7352 27.2408 9.49437 6.19311 8.14237 19.0984
internal_count=234 182 52 36 49 133
is_linear=0
shrinkage=0.01


Tree=110
num_leaves=5
num_cat=0
split_feature=16 5 39 10
split_gain=4.99723 5.56747 4.78634 3.10695
threshold=0.13731976655566078 -2.8979827167093117 0.67862249744663983 11.6683928571428
decision_type=2 2 2 2
left_child=1 -1 -3 -2
right_child=3 2 -4 -5
leaf_value=-0.0068427465272953352 -0.0095192613136004609 0.00027247448831241783 0.0092628148341985361 0.003296401207973866
leaf_weight=4.3525722771883002 5.7820253372192365 12.011214949190622 12.411895401775835 2.2815083414316177
leaf_count=29 43 78 68 14
internal_value=0.00107378 0.00307013 0.00497925 -0.00566587
internal_weight=36.8392 28.7757 24.4231 8.06353
internal_count=232 175 146 57
is_linear=0
shrinkage=0.01


Tree=111
num_leaves=6
num_cat=0
split_feature=27 22 19 36 32
split_gain=6.72414 9.22006 5.68314 3.51766 2.69515
threshold=37.142319959548296 -0.17107153751847945 77.085228782257431 0.66286611390019867 0.36736910763308123
decision_type=2 2 2 2 2
left_child=1 -1 3 -2 -3
right_child=2 4 -4 -5 -6
leaf_value=0.017023575222769073 0.0013648662932339304 0.0044139801094985991 0.010430472628587609 -0.0066614067969779072 -0.0078394221350586019
leaf_weight=4.6243208348751068 7.3997776433825555 3.7026153057813627 2.6741673499345771 16.536333546042442 2.8824325501918793
leaf_count=25 46 21 14 116 18
internal_value=0.000207926 0.00665098 -0.00247573 -0.00411141 -0.00076702
internal_weight=37.8196 11.2094 26.6103 23.9361 6.58505
internal_count=240 64 176 162 39
is_linear=0
shrinkage=0.01


Tree=112
num_leaves=6
num_cat=0
split_feature=21 14 27 27 13
split_gain=7.01545 7.88881 5.95205 4.07469 1.00004
threshold=-1.2863062683628563 -0.39467734717860997 55.082072844949998 60.204246818149429 -2.1551722071771846
decision_type=2 2 2 2 2
left_child=3 -2 -3 4 -1
right_child=1 2 -4 -5 -6
leaf_value=-0.0033794923236590215 0.016407999316973357 0.0043416825957040628 -0.0069429094687922036 0.0029661228201883407 -0.011409072797687892
leaf_weight=3.5650575160980216 3.5905044078826931 14.758381314575674 6.4273764193058005 3.5753935724496833 6.3042049631476393
leaf_count=23 17 94 46 21 44
internal_value=9.32389e-05 0.00329022 0.000775916 -0.00559599 -0.0088905
internal_weight=38.2209 24.7763 21.1858 13.4447 9.86926
internal_count=245 157 140 88 67
is_linear=0
shrinkage=0.01


Tree=113
num_leaves=5
num_cat=0
split_feature=14 33 30 28
split_gain=6.1078 6.85398 5.49872 4.57431
threshold=-0.49591733088430134 0.11461374340987622 -0.087146926305570541 8.4619860772768352
decision_type=2 2 2 2
left_child=-1 2 -2 -3
right_child=1 3 -4 -5
leaf_value=0.014363797863271684 0.018140667881215062 -0.0036849166942038332 0.00089679940622012361 0.0099209038409915819
leaf_weight=3.0960330516099921 3.0524154156446457 23.286675058305267 4.7924087792634955 2.4097203016281119
leaf_count=14 14 162 28 15
internal_value=0.00157374 0.000217187 0.00827297 -0.00223231
internal_weight=36.6373 33.5412 7.84482 25.6964
internal_count=233 219 42 177
is_linear=0
shrinkage=0.01


Tree=114
num_leaves=5
num_cat=0
split_feature=14 33 5 13
split_gain=6.04346 4.81112 3.43865 2.81404
threshold=-0.45817211576129957 0.13443286839586263 -1.3084297945416796 -2.6090375963580836
decision_type=2 2 2 2
left_child=-1 2 -2 -3
right_child=1 3 -4 -5
leaf_value=0.0096255632501507614 -0.0013145291591979164 0.0034217947361692169 0.010538606589211366 -0.0064660113958703207
leaf_weight=4.6323908418416968 5.3585124164819717 2.9385246112942722 3.7856431305408496 17.964385375380516
leaf_count=22 32 20 20 128
internal_value=-0.000569489 -0.00228679 0.00355974 -0.00495291
internal_weight=34.6795 30.0471 9.14416 20.9029
internal_count=222 200 52 148
is_linear=0
shrinkage=0.01


Tree=115
num_leaves=4
num_cat=0
split_feature=14 28 2
split_gain=6.27617 3.34418 3.39733
threshold=-0.45817211576129957 7.9889443668989779 6.4767857142856959
decision_type=2 2 2
left_child=-1 2 -2
right_child=1 -3 -4
leaf_value=0.0098104738401690803 -0.0060896100463577298 0.0065352053744080763 0.00083152923431952951
leaf_weight=4.5416208356618872 18.397777125239376 3.3368465080857268 10.574234530329703
leaf_count=21 129 20 66
internal_value=-0.000741681 -0.00236293 -0.00351257
internal_weight=36.8505 32.3089 28.972
internal_count=236 215 195
is_linear=0
shrinkage=0.01


Tree=116
num_leaves=5
num_cat=0
split_feature=0 39 3 39
split_gain=6.4304 4.05485 3.78535 1.88312
threshold=0.0825053947346953 0.67862249744663983 43.930171064702073 0.65266595622577495
decision_type=2 2 2 2
left_child=1 3 -3 -1
right_child=-2 2 -4 -5
leaf_value=-0.0025071404743465669 0.011229324268592389 0.0077790205279914338 -0.0021185448263459465 -0.0097702056453638567
leaf_weight=10.396309696137907 3.7197723388671866 5.6859685182571402 10.19659300893545 6.4781915023922911
leaf_count=76 19 30 62 47
internal_value=-0.00064102 -0.00213915 0.00137972 -0.00553387
internal_weight=36.4768 32.7571 15.8826 16.8745
internal_count=234 215 92 123
is_linear=0
shrinkage=0.01


Tree=117
num_leaves=5
num_cat=0
split_feature=30 0 8 5
split_gain=6.63067 6.0237 5.49913 5.47614
threshold=0.10460026513912923 0.0825053947346953 -0.043753846808654996 -2.488647961269304
decision_type=2 2 2 2
left_child=1 2 -1 -2
right_child=3 -3 -4 -5
leaf_value=0.0044106923340847329 -0.0015675035630251498 0.011383647840975002 -0.0061440262696011048 0.014615642947687168
leaf_weight=6.4292791709303883 2.930922619998455 2.9087859392166129 17.059878833591942 5.2702448889613134
leaf_count=37 19 15 123 27
internal_value=0.0010286 -0.00136531 -0.0031518 0.00874565
internal_weight=34.5991 26.3979 23.4892 8.20117
internal_count=221 175 160 46
is_linear=0
shrinkage=0.01


Tree=118
num_leaves=6
num_cat=0
split_feature=32 36 11 32 2
split_gain=5.09245 5.27137 6.94975 4.68618 0.961759
threshold=0.16784969638995717 0.70545138868534096 53.928204740261471 0.0030293345120800184 8.8143571428571654
decision_type=2 2 2 2 2
left_child=3 2 -2 -1 -5
right_child=1 -3 -4 4 -6
leaf_value=0.0044241710099529579 -0.0050469852438695282 0.01260284205340613 0.0061397284528400247 -0.01142888649377914 -0.0019757784499699832
leaf_weight=3.0383771508932105 10.880058199167257 4.0467835515737525 10.679606914520262 6.071633964776991 2.132319487631321
leaf_count=17 72 25 66 43 15
internal_value=2.45281e-05 0.00253867 0.000411087 -0.00544577 -0.00936346
internal_weight=36.8488 25.6064 21.5597 11.2423 8.20395
internal_count=238 163 138 75 58
is_linear=0
shrinkage=0.01


Tree=119
num_leaves=5
num_cat=0
split_feature=8 13 13 38
split_gain=4.33788 4.04779 5.87263 2.73778
threshold=-0.16803036277794994 -1.3030996004084507 -1.9468597735972999 0.71859201996809241
decision_type=2 2 2 2
left_child=-1 2 -2 -3
right_child=1 3 -4 -5
leaf_value=0.010236876882569091 -0.0034384170358314216 -0.0072448835881316542 0.0085113619550198118 0.0013167346718539819
leaf_weight=3.3223640769720069 8.0996793806552869 11.952897116541864 7.5558123290538779 4.7345163449645034
leaf_count=16 55 82 46 31
internal_value=-8.55807e-05 -0.00129154 0.00225515 -0.00471771
internal_weight=35.6653 32.3429 15.6555 16.6874
internal_count=230 214 101 113
is_linear=0
shrinkage=0.01


Tree=120
num_leaves=7
num_cat=0
split_feature=17 11 12 36 14 30
split_gain=6.27724 6.33252 6.57292 4.28008 1.46277 0.160185
threshold=0.56405482158345566 57.819412298911381 7.2688801456893097 0.63571719464998233 -0.19404036290042354 -0.2977520523897787
decision_type=2 2 2 2 2 2
left_child=1 3 -3 -1 -2 -6
right_child=4 2 -4 -5 5 -7
leaf_value=-0.01093163567210725 0 0.016056442132808518 -0.0018882974946696071 0.0011845098342212631 -0.0034908304956797471 -0.011127418626743961
leaf_weight=3.222488269209868 2.4569429382681847 5.0993441417813292 2.894210159778595 15.848853968083857 1.5822946354746816 4.867566876113413
leaf_count=21 16 30 18 98 13 35
internal_value=-0.000181874 0.00216645 0.00948479 -0.000897103 -0.00737296 -0.00978871
internal_weight=35.9717 27.0649 7.99355 19.0713 8.9068 6.44986
internal_count=231 167 48 119 64 48
is_linear=0
shrinkage=0.01


Tree=121
num_leaves=7
num_cat=0
split_feature=32 32 8 8 26 39
split_gain=3.47505 8.86016 6.63462 4.62132 2.70738 2.68314
threshold=0.21364729536066626 0.34759501374371843 -0.025193604050940958 0.074401249865209906 19.096535714285832 0.5332028423114531
decision_type=2 2 2 2 2 2
left_child=2 4 -1 -3 -2 -4
right_child=1 3 5 -5 -6 -7
leaf_value=0.0071704917999426167 0.0020051530813942563 -0.0041127406142477908 0.0021793693128552881 0.0083099700501437918 0.015952141522785939 -0.0095880247582339848
leaf_weight=3.9528681337833413 2.5372357517480877 13.101045645773413 1.9833180382847757 3.5053529292345038 4.7855922430753708 9.23896925896406
leaf_count=21 17 85 17 21 27 65
internal_value=0.000287633 0.00269602 -0.00335948 -0.00127127 0.0116512 -0.0073322
internal_weight=39.1044 23.9292 15.1752 16.6064 7.32283 11.2223
internal_count=253 150 103 106 44 82
is_linear=0
shrinkage=0.01


Tree=122
num_leaves=7
num_cat=0
split_feature=12 8 5 19 0 11
split_gain=7.27513 6.41417 5.41515 4.06296 4.51227 1.9793
threshold=4.1650400522212303 -0.013022027316781865 -1.5970708118421364 36.040406067662907 0.0021955731136547919 65.657674791020824
decision_type=2 2 2 2 2 2
left_child=3 -2 -3 4 -1 -5
right_child=1 2 -4 5 -6 -7
leaf_value=0.0088118373987717373 0.015783478610048689 -0.0081205116166321329 0.010001056710525291 -0.0076577930100936963 -0.0051100540372726938 0.00076122951953671886
leaf_weight=4.5259493216872233 4.0552377104759216 3.4270686507225037 2.6567941308021528 14.316645517945291 4.0621926188468933 2.8706603646278372
leaf_count=23 21 23 15 105 23 21
internal_value=-0.00047597 0.00651839 0 -0.00334733 0.00205155 -0.00614833
internal_weight=35.9145 10.1391 6.08386 25.7754 8.58814 17.1873
internal_count=231 59 38 172 46 126
is_linear=0
shrinkage=0.01


Tree=123
num_leaves=6
num_cat=0
split_feature=36 36 37 11 32
split_gain=5.19405 7.85568 3.72146 3.57138 0.313554
threshold=0.59932315074639919 0.66286611390019867 0.69125989714567826 61.667525497604309 0.87592751872621133
decision_type=2 2 2 2 2
left_child=4 3 -3 -2 -1
right_child=1 2 -4 -5 -6
leaf_value=-0.0029857085034670906 0.00558422240517196 -0.0032176823389849715 0.0044621777109202431 0.02120912163660647 -0.010486379468215108
leaf_weight=2.326562523841857 4.6057600528001812 12.988446712493898 11.624640382826327 2.6067148000001907 2.480669766664505
leaf_count=15 28 89 70 14 16
internal_value=0.00163796 0.00315934 0.000339254 0.012119 -0.00763649
internal_weight=36.6328 31.8256 24.6131 7.21247 4.80723
internal_count=232 201 159 42 31
is_linear=0
shrinkage=0.01


Tree=124
num_leaves=7
num_cat=0
split_feature=32 32 0 8 38 3
split_gain=5.17784 7.77026 4.12086 3.66502 3.48742 2.61162
threshold=0.21364729536066626 0.322598949133024 0.074868515125326371 -0.028500019560694204 0.67907672583570855 70.868561729477605
decision_type=2 2 2 2 2 2
left_child=3 4 -3 -1 -2 -5
right_child=1 2 -4 5 -6 -7
leaf_value=0.0032441310630819935 0.0014571662834115392 -0.0032885097838752419 0.0094614518248167957 -0.011340963692889779 0.017036635927532042 -0.00091829130414273791
leaf_weight=3.9467582702636728 2.6313428878784206 13.066990338265894 2.7988978177309027 6.6268205866217578 4.23234873265028 4.4522349089384079
leaf_count=22 17 87 15 48 23 31
internal_value=0 0.00298963 -0.000781733 -0.00451159 0.0116542 -0.0074629
internal_weight=37.7554 22.7296 15.8659 15.0258 6.86369 11.0791
internal_count=243 142 102 101 40 79
is_linear=0
shrinkage=0.01


Tree=125
num_leaves=7
num_cat=0
split_feature=8 19 19 32 0 9
split_gain=5.78759 8.54218 6.51837 4.86433 5.41866 0.655942
threshold=-0.037467090867781133 57.904652744366338 37.326845571057127 0.16784969638995717 0.05854137388601998 0.28493750800124223
decision_type=2 2 2 2 2 2
left_child=1 2 -1 5 -5 -2
right_child=3 -3 -4 4 -6 -7
leaf_value=0.0089429370776936672 -0.0025958776188761442 0.019728082743621294 -0.010292580314999276 -0.0018138535238141917 0.01097576865409472 -0.010977480726968858
leaf_weight=3.6171051710844022 2.2976349145174053 3.188029870390892 2.8959011808037758 15.937997505068781 3.8347864076495162 4.7754213958978653
leaf_count=18 16 15 21 107 21 36
internal_value=0.000554162 0.00709411 2.0014e-05 -0.00178773 0.00069393 -0.00874244
internal_weight=36.5469 9.70104 6.51301 26.8458 19.7728 7.07306
internal_count=234 54 39 180 128 52
is_linear=0
shrinkage=0.01


Tree=126
num_leaves=4
num_cat=0
split_feature=5 5 36
split_gain=7.70537 3.78955 4.08096
threshold=0.10277288772963945 -2.8979827167093117 0.59932315074639919
decision_type=2 2 2
left_child=1 -1 -3
right_child=-2 2 -4
leaf_value=-0.0089288977712440494 0.015230411228369744 -0.0085538662603729283 0.0022543670761297845
leaf_weight=4.3960487470030776 3.086814008653163 3.7163499891757992 25.162945955991745
leaf_count=30 16 25 163
internal_value=0.000837363 -0.000562408 0.000721316
internal_weight=36.3622 33.2753 28.8793
internal_count=234 218 188
is_linear=0
shrinkage=0.01


Tree=127
num_leaves=6
num_cat=0
split_feature=33 20 28 5 22
split_gain=4.68911 4.43295 6.49772 3.67632 1.9228
threshold=0.12913939237620933 -9.6371837670740188 -16.070903805790746 -1.8422091534525544 -0.23686063262500948
decision_type=2 2 2 2 2
left_child=3 2 -2 -1 -3
right_child=1 4 -4 -5 -6
leaf_value=-0.0018110904445987409 -0.0023155059382421283 0 0.013835139074433584 0.011429330265084916 -0.0071448599154222839
leaf_weight=2.9254052564501762 7.0592239573597908 5.3412877023220089 3.3843870311975497 5.1126685440540296 12.623443864285944
leaf_count=18 48 37 18 25 92
internal_value=-6.65373e-05 -0.00203657 0.00297234 0.00647892 -0.00505895
internal_weight=36.4464 28.4083 10.4436 8.03807 17.9647
internal_count=238 195 66 43 129
is_linear=0
shrinkage=0.01


Tree=128
num_leaves=5
num_cat=0
split_feature=25 37 28 28
split_gain=5.08469 2.90037 5.76336 3.89511
threshold=-0.64109283835801878 0.69125989714567826 -11.094772580515835 -1.4555572434101121
decision_type=2 2 2 2
left_child=-1 3 -3 -2
right_child=1 2 -4 -5
leaf_value=0.0098597825344226113 -0.0079858254669862069 0.0099114961915337651 -0.0030169799927598968 0.0018490659412157102
leaf_weight=4.3766102492809287 10.067411683499815 5.2753502875566474 8.4675954729318601 5.9701686725020435
leaf_count=24 71 31 55 39
internal_value=0.000107971 -0.00134273 0.00190903 -0.00423553
internal_weight=34.1571 29.7805 13.7429 16.0376
internal_count=220 196 86 110
is_linear=0
shrinkage=0.01


Tree=129
num_leaves=7
num_cat=0
split_feature=32 32 25 8 13 22
split_gain=5.71514 8.01092 6.59382 5.85172 3.44227 2.95015
threshold=0.21742174740844017 0.34759501374371843 0.30434679795502145 0.074401249865209906 0.74947326155192762 -0.24298356528358994
decision_type=2 2 2 2 2 2
left_child=4 2 -2 -3 5 -1
right_child=1 3 -4 -5 -6 -7
leaf_value=0.0034551236355444071 0.020675945092679532 -0.0030650227202708262 0 0.01216459919990554 0.0058566825968725325 -0.0081694132960214924
leaf_weight=2.3012787774205199 4.0715842172503498 11.514680966734884 2.3464560955762863 2.9046847969293585 2.7067423313856116 10.230279356241224
leaf_count=16 21 75 16 17 15 70
internal_value=0.000975429 0.00439557 0.0134175 5.24099e-05 -0.00356725 -0.00584796
internal_weight=36.0757 20.8374 6.41804 14.4194 15.2383 12.5316
internal_count=230 129 37 92 101 86
is_linear=0
shrinkage=0.01


Tree=130
num_leaves=6
num_cat=0
split_feature=17 0 9 19 4
split_gain=4.87362 5.85295 5.65812 4.96427 3.85249
threshold=0.56405482158345566 0.03554740318181495 0.40460308426514507 44.982819854645676 0.36644379088784268
decision_type=2 2 2 2 2
left_child=1 4 -3 -2 -1
right_child=3 2 -4 -5 -6
leaf_value=-0.004440958831766908 0.0057754325530900378 0.00055932911357281219 0.020331969572823853 -0.011179143633874174 0.0038085025372082788
leaf_weight=12.266636334359651 1.9454850852489451 3.3108723238110533 2.6439995020627975 6.3812146112322807 9.8712400272488576
leaf_count=80 12 19 14 49 63
internal_value=-0.000297264 0.00164853 0.0102124 -0.00692288 -0.000671664
internal_weight=36.4194 28.0927 5.95487 8.3267 22.1379
internal_count=237 176 33 61 143
is_linear=0
shrinkage=0.01


Tree=131
num_leaves=7
num_cat=0
split_feature=38 32 13 13 36 24
split_gain=5.3863 6.60057 6.00881 5.05865 3.41568 2.20683
threshold=0.69318558437694966 0.21364729536066626 -1.3251243410968134 1.0000000180025095e-35 0.72483983974806454 0.30128700909898237
decision_type=2 2 2 2 2 2
left_child=3 4 -3 5 -2 -1
right_child=1 2 -4 -5 -6 -7
leaf_value=-0.0083844453465894992 -0.0093704455223047288 0.014197444162025275 0 0.0055523555266365592 0.0033454143430160527 0.0022553526922752978
leaf_weight=12.148907542228701 4.1131498143076923 6.7578666880726823 4.681808486580846 3.873331017792224 3.5273969620466232 1.8476904779672612
leaf_count=92 26 36 28 22 24 13
internal_value=-1.85417e-05 0.00359495 0.00836649 -0.00398249 -0.00334347 -0.00682214
internal_weight=36.9502 19.0802 11.4397 17.8699 7.64055 13.9966
internal_count=241 114 64 127 50 105
is_linear=0
shrinkage=0.01


Tree=132
num_leaves=7
num_cat=0
split_feature=8 34 21 0 22 22
split_gain=5.42709 5.65365 4.19446 4.98955 1.84963 1.29292
threshold=-0.037467090867781133 0.15794515697886616 -1.2863062683628563 0.056706726558671296 -0.31411857749863265 -0.078589476621593449
decision_type=2 2 2 2 2 2
left_child=1 -1 4 -4 -2 -3
right_child=2 5 3 -5 -6 -7
leaf_value=0.017242808250658076 0.00015009926087390736 0.0054007909867325567 -0.0013685971913515687 0.010616048102324896 -0.0096571181878582456 -0.0037656566195968574
leaf_weight=3.4427666515111905 2.1733435466885567 2.8745811805129051 13.638790115714079 4.2597991228103629 6.1093608960509282 2.5346336215734482
leaf_count=16 14 16 97 23 45 16
internal_value=0.00109847 0.00775863 -0.00114021 0.00150179 -0.00693543 0.000783119
internal_weight=35.0333 8.85198 26.1813 17.8986 8.2827 5.40921
internal_count=227 48 179 120 59 32
is_linear=0
shrinkage=0.01


Tree=133
num_leaves=5
num_cat=0
split_feature=34 14 14 1
split_gain=4.55102 4.1978 3.72369 1.02816
threshold=0.57617527066779439 0.093306634680172182 -0.40179133132982386 -0.23744632279285244
decision_type=2 2 2 2
left_child=1 2 -1 -2
right_child=3 -3 -4 -5
leaf_value=0.0076486002701407884 -0.00043064503104537385 0.010604828836195644 -0.0016607441175752642 -0.010467363954748355
leaf_weight=5.0245585739612606 1.9398095384240148 4.1853975951671591 21.824686281383041 4.0147973969578734
leaf_count=24 15 22 144 33
internal_value=3.80735e-05 0.00164511 7.3003e-05 -0.00769499
internal_weight=36.9892 31.0346 26.8492 5.95461
internal_count=238 190 168 48
is_linear=0
shrinkage=0.01


Tree=134
num_leaves=5
num_cat=0
split_feature=34 30 2 30
split_gain=6.46451 4.67298 7.95855 6.07025
threshold=0.57617527066779439 0.16071832634972075 4.8449285714285528 0.016512036779648201
decision_type=2 2 2 2
left_child=1 3 -3 -1
right_child=-2 2 -4 -5
leaf_value=0.0029414743097768217 -0.009148144656281788 -0.0044256032575806445 0.015761939970267185 -0.0085067446210044893
leaf_weight=18.85691507160664 5.4087268263101569 2.6333710253238669 5.2883575856685638 5.8012323528528205
leaf_count=116 43 16 26 38
internal_value=0.000609192 0.00235857 0.00889125 9.80821e-05
internal_weight=37.9886 32.5799 7.92173 24.6581
internal_count=239 196 42 154
is_linear=0
shrinkage=0.01


Tree=135
num_leaves=4
num_cat=0
split_feature=28 20 6
split_gain=4.39443 4.24046 3.70084
threshold=-31.77902709514046 8.1912354089990931 -0.22923121261264268
decision_type=2 2 2
left_child=-1 2 -2
right_child=1 -3 -4
leaf_value=0.011682379532451652 0.0045405284214184065 0.0082577712715575999 -0.0039661028289560054
leaf_weight=2.9051265120506278 6.1473558247089413 4.3233577311038962 22.337388023734093
leaf_count=16 41 24 148
internal_value=0.000475223 -0.000553616 -0.0020326
internal_weight=35.7132 32.8081 28.4847
internal_count=229 213 189
is_linear=0
shrinkage=0.01


Tree=136
num_leaves=7
num_cat=0
split_feature=21 5 30 11 38 3
split_gain=5.22257 4.39386 4.27148 3.79862 3.2831 0.50439
threshold=-1.2863062683628563 1.0000000180025095e-35 0.16071832634972075 58.819135704782916 0.69701266898839942 37.033134561147101
decision_type=2 2 2 2 2 2
left_child=3 2 -2 5 -5 -1
right_child=1 -3 -4 4 -6 -7
leaf_value=-0.0035907026111477724 -0.0014965756682410736 0.012731511850749236 0.0099298531596407891 -0.0050817735008685553 0.0095919625423628828 -0.011257714624228442
leaf_weight=2.4896254763007146 16.247777067124851 3.3582929298281661 3.7460471764206877 3.1902026608586302 2.34853795170784 5.6173102036118507
leaf_count=16 111 17 19 22 13 41
internal_value=-0.000187051 0.00262079 0.000660874 -0.00508859 0.000970801 -0.00935324
internal_weight=36.9978 23.3521 19.9938 13.6457 5.53874 8.10694
internal_count=239 147 130 92 35 57
is_linear=0
shrinkage=0.01


Tree=137
num_leaves=7
num_cat=0
split_feature=10 10 22 34 6 0
split_gain=4.13605 5.06193 4.19281 8.22344 2.42457 2.35724
threshold=11.564214285714183 12.402857142857233 -0.037000948760579778 0.31793832064239297 -0.17209280844820077 -0.022587772319039398
decision_type=2 2 2 2 2 2
left_child=2 -2 3 -1 -3 -4
right_child=1 4 5 -5 -6 -7
leaf_value=0.0090174263825764777 0.017155977784475869 0.0084750468202679438 0.0023682713783627365 -0.0051743093745416913 -0.0024232208625883165 -0.0079181217121486076
leaf_weight=7.9672083929181099 2.6521238535642606 2.8649127781391144 2.3637778237462053 7.6353309527039528 5.1062717884778976 9.716582849621771
leaf_count=44 15 16 15 58 32 67
internal_value=0.000643779 0.00589279 -0.00134064 0.00198013 0.00141723 -0.00573521
internal_weight=38.3062 10.6233 27.6829 15.6025 7.97118 12.0804
internal_count=247 63 184 102 48 82
is_linear=0
shrinkage=0.01


Tree=138
num_leaves=5
num_cat=0
split_feature=34 14 22 24
split_gain=4.94375 5.08309 3.77453 2.54525
threshold=0.57617527066779439 -0.49591733088430134 -0.27739844360344595 0.21314615497657316
decision_type=2 2 2 2
left_child=1 -1 -3 -2
right_child=3 2 -4 -5
leaf_value=0.013888795207970964 -0.010708061629954498 0.010734381888884058 -0.00046554354611934664 0.0015132960503126979
leaf_weight=3.0263946652412406 4.9487775787711135 3.063007794320586 26.354174539446831 2.0327364653348923
leaf_count=13 41 17 166 15
internal_value=0.000433394 0.00213449 0.000729919 -0.00695928
internal_weight=39.4251 32.4436 29.4172 6.98151
internal_count=252 196 183 56
is_linear=0
shrinkage=0.01


Tree=139
num_leaves=7
num_cat=0
split_feature=34 33 16 8 28 28
split_gain=6.67592 4.75849 3.8627 4.43144 3.39343 2.53515
threshold=0.28445367515261205 0.12975899649881331 -0.021444727136505765 0.033476690764697427 -13.33816555615749 -1.4555572434101121
decision_type=2 2 2 2 2 2
left_child=2 -2 4 -4 -1 -3
right_child=1 5 3 -5 -6 -7
leaf_value=0.00081701587274472147 0.0071916796397924823 -0.010964633681761846 -0.006171941112962263 0.0058169484527026442 0.014592765541047792 -0.0015483651302515642
leaf_weight=3.2645821869373322 2.5671161860227576 6.7846596315503094 5.068974591791628 6.8535602316260338 4.9322244375944155 5.9279063567519197
leaf_count=18 13 56 33 38 25 46
internal_value=0.000589244 -0.0042815 0.00439485 0.000529751 0.00956417 -0.00686442
internal_weight=35.399 15.2797 20.1193 11.9225 8.19681 12.7126
internal_count=229 115 114 71 43 102
is_linear=0
shrinkage=0.01


Tree=140
num_leaves=6
num_cat=0
split_feature=14 38 17 16 1
split_gain=5.65904 2.74713 3.6959 3.49422 2.69936
threshold=-0.39467734717860997 0.70928002534021506 -0.41469197328860236 -0.13414143752368898 0.38969008903463015
decision_type=2 2 2 2 2
left_child=4 3 -3 -2 -1
right_child=1 2 -4 -5 -6
leaf_value=0.014211079883726514 0.0059808635442935064 -0.0053239054885719098 0.0075203197741438325 -0.0047535361405744696 0.00032228140461225868
leaf_weight=3.879327565431594 3.2349384725093868 2.8642229586839676 6.688533812761305 17.620604813098911 2.5825322717428207
leaf_count=19 17 16 43 130 14
internal_value=0.000914375 -0.000857562 0.00342138 -0.00293277 0.00921666
internal_weight=36.8702 30.4083 9.55276 20.8555 6.46186
internal_count=239 206 59 147 33
is_linear=0
shrinkage=0.01


Tree=141
num_leaves=4
num_cat=0
split_feature=14 19 6
split_gain=4.42554 4.19124 4.33246
threshold=-0.45817211576129957 77.085228782257431 -0.062726433801640932
decision_type=2 2 2
left_child=-1 2 -2
right_child=1 -3 -4
leaf_value=0.010235626785129837 0.0025259607752679838 0.012105819447111284 -0.0049586860859432173
leaf_weight=4.8230003267526618 16.549122743308544 2.4231826514005652 13.801240116357805
leaf_count=23 108 12 96
internal_value=0.00158432 0.000169409 -0.000827507
internal_weight=37.5965 32.7735 30.3504
internal_count=239 216 204
is_linear=0
shrinkage=0.01


Tree=142
num_leaves=8
num_cat=0
split_feature=29 39 39 24 6 3 8
split_gain=4.44166 3.3265 5.41782 3.8979 3.07179 2.23556 1.10098
threshold=-1.152632507307332 0.68031861637152413 0.65440689666808605 -0.047670824972252758 -0.14825579040871542 56.968184972170796 -0.013022027316781865
decision_type=2 2 2 2 2 2 2
left_child=4 2 -2 -3 5 -1 -6
right_child=1 3 -4 -5 6 -7 -8
leaf_value=0.0063143121675656669 0.0033571649901059063 -6.6022142490965464e-05 -0.010634804690260197 0.010767267363480272 -0.0021381397770793486 -0.0060201710723963081 -0.01106899988707833
leaf_weight=3.287098065018653 8.3505573272705096 5.2256037071347237 3.7275961339473715 7.3497274294495565 2.9233424961566916 2.1062905043363571 5.124789632856845
leaf_count=20 57 30 28 41 17 15 38
internal_value=8.94732e-05 0.00265336 -0.000952594 0.00621358 -0.00442274 0.00108262 -0.00825801
internal_weight=38.095 24.6535 12.0782 12.5753 13.4415 5.39339 8.04813
internal_count=246 156 85 71 90 35 55
is_linear=0
shrinkage=0.01


Tree=143
num_leaves=7
num_cat=0
split_feature=34 25 25 37 37 36
split_gain=3.62927 4.98536 5.08304 4.09133 3.08161 2.3539
threshold=0.2435762436692194 -0.52855619867586923 -0.005481090089412834 0.61200963943916797 0.69425841194140359 0.6812053770234211
decision_type=2 2 2 2 2 2
left_child=1 -1 -3 5 -5 -2
right_child=3 2 -4 4 -6 -7
leaf_value=-0.0080000165310588692 0.011159931887589576 0.011656137118064474 0 -0.010014484918205205 0 -0.0014003194669325819
leaf_weight=2.8678939193487194 2.2458517253398922 7.0517721325159082 8.1109050139784777 7.6542816758155805 4.6844860538840294 2.9122075587511063
leaf_count=17 14 37 50 59 32 23
internal_value=8.37865e-05 0.00325957 0.00563246 -0.00307627 -0.00622381 0.00401487
internal_weight=35.5274 18.0306 15.1627 17.4968 12.3388 5.15806
internal_count=232 104 87 128 91 37
is_linear=0
shrinkage=0.01


Tree=144
num_leaves=6
num_cat=0
split_feature=39 5 32 28 22
split_gain=5.50074 4.15767 3.78543 2.91656 4.9735
threshold=0.70056791006023222 -2.488647961269304 0.22947468150908965 7.2160671891383581 -0.088508745610667544
decision_type=2 2 2 2 2
left_child=3 -2 -3 4 -1
right_child=1 2 -4 -5 -6
leaf_value=0.00062221973112738642 -0.0041363687793308261 0.00087396869072432434 0.015820522913953344 0.0057438795525014694 -0.008955222114491063
leaf_weight=9.9055144041776675 2.6308771595358849 3.3267385065555555 4.053315669298172 2.9233244135975829 10.702613644301893
leaf_count=65 18 19 20 18 79
internal_value=-0.000228949 0.00581113 0.00964074 -0.0029233 -0.00431319
internal_weight=33.5424 10.0109 7.38005 23.5315 20.6081
internal_count=219 57 39 162 144
is_linear=0
shrinkage=0.01


Tree=145
num_leaves=5
num_cat=0
split_feature=4 5 19 19
split_gain=5.15154 6.77513 7.00963 5.188
threshold=-5.939916759300103 -1.9710737949403019 70.050173722350323 73.047707401557105
decision_type=2 2 2 2
left_child=-1 2 -2 -3
right_child=1 3 -4 -5
leaf_value=0.010763722352753137 0.0067488993801877086 -0.0083133231498987055 -0.010404529302377244 0.005892935198799602
leaf_weight=4.0615566596388808 13.152787394821642 12.570040509104727 2.5411722809076318 2.8126697242259988
leaf_count=21 82 87 17 15
internal_value=0.000551015 -0.000810143 0.0037033 -0.0055252
internal_weight=35.1382 31.0767 15.694 15.3827
internal_count=222 201 99 102
is_linear=0
shrinkage=0.01


Tree=146
num_leaves=5
num_cat=0
split_feature=14 1 33 6
split_gain=6.37761 4.40383 5.15548 1.98058
threshold=-0.40179133132982386 0.85959018382561392 0.13443286839586263 -0.062726433801640932
decision_type=2 2 2 2
left_child=3 2 -2 -1
right_child=1 -3 -4 -5
leaf_value=0.011780245002544629 0.0020210911517459435 0.0093035330955775174 -0.0071967864856092301 0.00055941932416047257
leaf_weight=4.2468665838241577 8.7116761729121261 2.3815191686153403 17.083804786205292 3.0558275431394568
leaf_count=20 49 13 129 16
internal_value=-0.000517221 -0.00273717 -0.00401963 0.00755528
internal_weight=35.4797 28.177 25.7955 7.30269
internal_count=227 191 178 36
is_linear=0
shrinkage=0.01


Tree=147
num_leaves=8
num_cat=0
split_feature=14 37 14 6 38 37 2
split_gain=4.52433 8.18938 4.97199 4.6062 3.46293 3.32834 1.07607
threshold=-0.10730219686805835 0.68983500552212595 0.058909961371728763 -0.048205844594620677 0.69318558437694966 0.62482943336049812 4.2176785714285812
decision_type=2 2 2 2 2 2 2
left_child=1 5 6 -4 -3 -1 -2
right_child=2 4 3 -5 -6 -7 -8
leaf_value=0.0021254020764754212 -0.0019620863415150693 0 0.010971842590069822 -0.0056960946233029124 0.011612226289830323 -0.0090709644311154653 -0.011459557942959631
leaf_weight=3.7363839000463503 2.1735444515943554 3.994387708604334 2.5705791413784027 3.5300859734415999 6.6546583622694016 6.6678580865263939 8.2927599847316724
leaf_count=24 15 29 15 25 36 44 62
internal_value=-0.0017878 0.00121057 -0.00567046 0.00119972 0.00735003 -0.00491639 -0.00978261
internal_weight=37.6203 21.0533 16.567 6.10067 10.649 10.4042 10.4663
internal_count=250 133 117 40 65 68 77
is_linear=0
shrinkage=0.01


Tree=148
num_leaves=7
num_cat=0
split_feature=8 19 12 32 26 18
split_gain=3.47141 3.28856 5.89388 3.02664 4.08129 0.571987
threshold=-0.037467090867781133 58.815759143798452 -5.3247844148577306 0.17171877420797776 19.096535714285832 13.363678571428606
decision_type=2 2 2 2 2 2
left_child=1 2 -1 5 -5 -2
right_child=3 -3 -4 4 -6 -7
leaf_value=0.0075082848829619991 -0.0028499869929877104 0.012450894589791208 -0.010332998043051168 -0.0049500478061253799 0.0042336807088415012 -0.010765551951192429
leaf_weight=4.2672893106937408 2.5226429477334049 2.9654430150985718 2.8086569011211378 9.7908331751823443 8.9107552692294103 4.1792288795113564
leaf_count=21 21 14 20 69 56 32
internal_value=-0.000682396 0.00414146 2.31514e-05 -0.00269305 -0.000471261 -0.00832147
internal_weight=35.4448 10.0414 7.07595 25.4035 18.7016 6.70187
internal_count=233 55 41 178 125 53
is_linear=0
shrinkage=0.01


Tree=149
num_leaves=5
num_cat=0
split_feature=14 0 25 0
split_gain=5.04662 6.91002 3.98763 1.25528
threshold=-0.39467734717860997 0.0825053947346953 -0.61530105879717012 0.031852515951475889
decision_type=2 2 2 2
left_child=3 2 -2 -1
right_child=1 -3 -4 -5
leaf_value=0.011093618669129099 0.0045742481420577618 0.0097815858678033472 -0.0051248427637057429 0.0015868790567118388
leaf_weight=4.2017478942871085 4.7208747938275364 4.3157979100942603 23.021321773529053 2.9724784940481186
leaf_count=19 27 22 171 16
internal_value=0.000195591 -0.00146491 -0.00337175 0.0076441
internal_weight=39.2322 32.058 27.7422 7.17423
internal_count=255 220 198 35
is_linear=0
shrinkage=0.01


Tree=150
num_leaves=4
num_cat=0
split_feature=16 13 11
split_gain=3.84395 3.69166 5.8819
threshold=0.26033145719068257 0.74947326155192762 48.997367497883253
decision_type=2 2 2
left_child=1 2 -1
right_child=-2 -3 -4
leaf_value=-0.0033892293574537477 -0.0081437864010751298 0.011647219352783282 0.0051706767387883889
leaf_weight=15.007533445954325 3.6365430578589431 3.4552022442221633 16.348568730056286
leaf_count=97 28 17 105
internal_value=0.00113253 0.00221983 0.0010173
internal_weight=38.4478 34.8113 31.3561
internal_count=247 219 202
is_linear=0
shrinkage=0.01


Tree=151
num_leaves=5
num_cat=0
split_feature=0 8 35 6
split_gain=9.7156 4.78385 5.56742 2.96492
threshold=0.085942449289711301 -0.037467090867781133 0.40736955690193283 -0.19963563800796008
decision_type=2 2 2 2
left_child=1 2 -1 -3
right_child=-2 3 -4 -5
leaf_value=0.010240843941358062 0.018124827207592824 0.0023024413180321771 -0.0066130264801657051 -0.0051657535846008863
leaf_weight=6.6097649261355382 2.7404382973909369 7.0425543785095206 2.3479937165975571 16.975809581577781
leaf_count=34 13 46 16 123
internal_value=0.00100013 -0.000513467 0.00553596 -0.00289233
internal_weight=35.7166 32.9761 8.95776 24.0184
internal_count=232 219 50 169
is_linear=0
shrinkage=0.01


Tree=152
num_leaves=5
num_cat=0
split_feature=0 8 20 27
split_gain=4.30325 4.94174 7.08975 2.57566
threshold=0.085942449289711301 -0.037467090867781133 3.9189543986390167 63.353566866991414
decision_type=2 2 2 2
left_child=1 2 -1 -3
right_child=-2 3 -4 -5
leaf_value=-0.00043133826929032839 0.0099611951836585805 -0.0013454526409288385 0.017229299073897704 -0.010676853807810605
leaf_weight=6.1818142458796483 4.2167225033044806 20.644748777151111 3.1027960330247879 3.3564179316163054
leaf_count=36 21 147 15 24
internal_value=0.000783141 -0.000398599 0.0056165 -0.00284839
internal_weight=37.5025 33.2858 9.28461 24.0012
internal_count=243 222 51 171
is_linear=0
shrinkage=0.01


Tree=153
num_leaves=8
num_cat=0
split_feature=11 32 36 39 37 6 37
split_gain=4.65059 7.60865 5.08017 3.23276 4.64585 2.90811 2.60193
threshold=58.819135704782916 0.22495848882967676 0.73220319188600558 0.70361816794765386 0.62482943336049812 -0.19963563800796008 0.63574926709632595
decision_type=2 2 2 2 2 2 2
left_child=3 2 -2 4 -1 -3 -5
right_child=1 5 -4 6 -6 -7 -8
leaf_value=0.0043296806265765457 -0.010848586599032832 0.0029588697589509896 0.0073757400802689412 -0.0062382171634155171 -0.0085986515460202105 0.017416753487522946 0.0060806450617874735
leaf_weight=3.2152879908680942 3.4719112515449506 2.9140950068831444 2.1857127398252487 2.0589699670672408 11.376410469412802 3.7747903540730476 5.3397674337029457
leaf_count=23 24 19 16 13 79 20 30
internal_value=-4.93658e-05 0.00473599 -0.00345539 -0.00285341 -0.00558575 0.0118016 0.00228319
internal_weight=34.3369 12.3465 5.65762 21.9904 14.5917 6.68889 7.39874
internal_count=224 79 40 145 102 39 43
is_linear=0
shrinkage=0.01


Tree=154
num_leaves=5
num_cat=0
split_feature=27 28 22 21
split_gain=5.71655 4.87765 3.85396 3.48782
threshold=19.421005974539053 7.2160671891383581 -0.068413843634082275 -1.2490887856906812
decision_type=2 2 2 2
left_child=-1 2 -2 -3
right_child=1 3 -4 -5
leaf_value=0.014877677654162688 0.0013499595371685835 -0.00035578656008741717 -0.0058022743062877595 0.014237841240392193
leaf_weight=2.3944479972124091 15.608323611319065 2.5128594487905502 13.548405893146992 3.2896012291312209
leaf_count=11 101 16 95 18
internal_value=0.000831735 -0.000191986 -0.00193085 0.00788328
internal_weight=37.3536 34.9592 29.1567 5.80246
internal_count=241 230 196 34
is_linear=0
shrinkage=0.01


Tree=155
num_leaves=5
num_cat=0
split_feature=16 36 36 11
split_gain=4.35822 3.06537 4.10465 2.33878
threshold=-0.17030693950343198 0.6812053770234211 0.59932315074639919 67.278010663393033
decision_type=2 2 2 2
left_child=-1 2 -2 -3
right_child=1 3 -4 -5
leaf_value=0.011084361292171453 -0.0053675507163573593 -0.0061221132083728227 0.0052810059430253506 0.0025450718581811155
leaf_weight=3.1410224586725226 4.691697075963023 11.821802593767641 12.058694817125795 3.62469857931137
leaf_count=15 32 87 75 25
internal_value=0.000347727 -0.000730816 0.00213914 -0.00395151
internal_weight=35.3379 32.1969 16.7504 15.4465
internal_count=234 219 107 112
is_linear=0
shrinkage=0.01


Tree=156
num_leaves=5
num_cat=0
split_feature=12 12 0 38
split_gain=5.78548 6.73177 5.64085 2.0401
threshold=-10.016703043401774 1.461449606642873 -0.0094040518957664489 0.74787464865192488
decision_type=2 2 2 2
left_child=-1 3 -3 -2
right_child=1 2 -4 -5
leaf_value=0.0082721522488312799 -0.0085068290157034321 0.012682659740435006 -0.0015514580544437205 0.0014918956338840971
leaf_weight=5.1969764828681937 14.094804026186468 3.5069921240210524 9.5482030659913999 1.8996258005499829
leaf_count=28 104 20 62 14
internal_value=-0.00106225 -0.0028678 0.00232147 -0.00719096
internal_weight=34.2466 29.0496 13.0552 15.9944
internal_count=228 200 82 118
is_linear=0
shrinkage=0.01


Tree=157
num_leaves=5
num_cat=0
split_feature=34 38 11 25
split_gain=5.12855 5.57836 4.33617 1.01978
threshold=0.57617527066779439 0.64996033316656676 32.451793494131998 0.66244835088811016
decision_type=2 2 2 2
left_child=1 -1 -3 -2
right_child=3 2 -4 -5
leaf_value=0.012184639740524836 -0.010529464414195319 -0.0090573602768507545 0.0019224640613261311 -0.00053690234102021425
leaf_weight=4.2369730770587948 4.2057399600744239 3.9792232215404537 22.094379983842373 1.9347399920225141
leaf_count=23 35 25 142 15
internal_value=0.000188632 0.00194623 8.6978e-05 -0.00786321
internal_weight=36.4511 30.3106 26.0736 6.14048
internal_count=240 190 167 50
is_linear=0
shrinkage=0.01


Tree=158
num_leaves=5
num_cat=0
split_feature=0 32 32 0
split_gain=4.54078 5.29098 10.0199 4.57113
threshold=0.085942449289711301 0.21364729536066626 0.28154285412469066 -0.047513445200959771
decision_type=2 2 2 2
left_child=1 3 -3 -1
right_child=-2 2 -4 -5
leaf_value=0.0059825204300835398 0.011720938738340845 0.014370447701309162 -0.0016679050388353385 -0.0088810011253617552
leaf_weight=2.1667017340660086 2.7360264956951132 4.7140919789671925 16.647674210369587 10.53145995736122
leaf_count=11 13 27 108 80
internal_value=0 -0.00103753 0.0019291 -0.00611141
internal_weight=36.796 34.0599 21.3618 12.6982
internal_count=239 226 135 91
is_linear=0
shrinkage=0.01


Tree=159
num_leaves=7
num_cat=0
split_feature=20 4 17 24 24 24
split_gain=4.11233 5.08993 5.16666 4.1925 9.12827 1.21039
threshold=-6.4958409046589614 0.093050453442174344 0.6922385446699203 -0.048538494978469009 0.023626295448504295 -0.10768476719017443
decision_type=2 2 2 2 2 2
left_child=3 5 -3 -1 -5 -2
right_child=1 2 -4 4 -6 -7
leaf_value=-0.001738779136510063 -0.0019644306721416076 0.0045398198669092931 -0.010130304698619582 0.023240751889164978 0.00071637990163617648 -0.011181247923309712
leaf_weight=5.0706004649400711 2.9240196868777275 11.373563453555105 2.6831420660018912 2.7249474450945836 4.9722937047481537 5.1807022616267222
leaf_count=29 19 73 21 15 35 38
internal_value=0.000451386 -0.0020853 0.00144711 0.0049542 0.00951316 -0.00828278
internal_weight=34.9293 22.1614 14.0567 12.7678 7.69724 8.10472
internal_count=230 151 94 79 50 57
is_linear=0
shrinkage=0.01


Tree=160
num_leaves=7
num_cat=0
split_feature=21 18 6 38 30 21
split_gain=4.38375 4.30181 4.15816 3.94427 3.30767 2.00052
threshold=-0.28620051061240559 12.7797142857143 -0.14825579040871542 0.73374920114180064 0.25434061924306489 0.10868979038264166
decision_type=2 2 2 2 2 2
left_child=2 -2 4 -4 -1 -3
right_child=1 5 3 -5 -6 -7
leaf_value=-0.00032622444960080988 0.012073093368754197 0.005483699922441374 -0.0078066716782127371 0.0051475944240362819 0.011352680469234074 -0.0054695372777162831
leaf_weight=8.9678261056542379 5.2214207649230939 2.9611354693770409 11.691948227584364 2.5062744170427314 2.8727661967277518 3.1091262996196747
leaf_count=62 29 18 84 14 16 21
internal_value=0.000524089 0.00568488 -0.00167721 -0.00532283 0.00255309 0
internal_weight=37.3305 11.2917 26.0388 14.1982 11.8406 6.07026
internal_count=244 68 176 98 78 39
is_linear=0
shrinkage=0.01


Tree=161
num_leaves=7
num_cat=0
split_feature=21 30 11 1 20 21
split_gain=4.51406 4.8066 6.94503 4.39092 5.0615 2.86613
threshold=-1.2863062683628563 -0.18437831581697603 41.947777401297053 -0.14875146451401092 3.806722358075604 -0.87275791919048928
decision_type=2 2 2 2 2 2
left_child=3 5 -3 4 -1 -2
right_child=1 2 -4 -5 -6 -7
leaf_value=-0.0053389502330901048 0.016171842816764946 -0.0085367953507920567 0.0053201801642053089 -0.0096692231527625312 0.01270662309469949 0.0038101508933816187
leaf_weight=3.2982739880681038 3.4950654730200768 5.5358880832791337 9.2109714895486814 6.0579686611890775 2.3662542551755905 5.3589807525277138
leaf_count=24 22 34 58 45 12 34
internal_value=0.00103602 0.00358627 0 -0.00389341 0.0021239 0.00927839
internal_weight=35.3234 23.6009 14.7469 11.7225 5.66453 8.85405
internal_count=229 148 92 81 36 56
is_linear=0
shrinkage=0.01


Tree=162
num_leaves=8
num_cat=0
split_feature=28 9 29 4 1 21 28
split_gain=3.49002 4.58247 4.10658 4.7985 3.70042 1.40628 0.432095
threshold=-13.848666980659344 0.43058371802468326 -1.1325296888873464 -4.4673071818151575 -0.11502415412290741 -0.7456961615323775 -32.58239900942089
decision_type=2 2 2 2 2 2 2
left_child=1 6 4 -4 -2 -3 -1
right_child=2 5 3 -5 -6 -7 -8
leaf_value=-0.0036934073921639382 0.0036870537021416318 0.0085161794667974917 -0.0055390787684146741 0.007526769845681811 -0.0093272554496662066 -0.0018381403569710719 -0.011302821479837131
leaf_weight=2.3908673226833344 3.3541623428463936 2.1081070527434349 3.1591364368796375 12.854125551879408 4.7521620690822584 2.1804100275039673 5.1390508487820608
leaf_count=14 21 14 21 78 35 18 36
internal_value=-0.000310961 -0.00474208 0.00180994 0.00477205 -0.00376499 0.00303988 -0.00937623
internal_weight=35.938 11.8184 24.1196 16.0133 8.10632 4.28852 7.52992
internal_count=237 82 155 99 56 32 50
is_linear=0
shrinkage=0.01


Tree=163
num_leaves=5
num_cat=0
split_feature=33 14 1 22
split_gain=6.6032 5.92576 3.2528 3.2098
threshold=0.12913939237620933 -0.45817211576129957 -0.38745318352054287 0.16802237339484224
decision_type=2 2 2 2
left_child=3 -2 -3 -1
right_child=1 2 -4 -5
leaf_value=0.012500019800803879 0.009914382694245643 0.0013379632174960088 -0.00643812553797426 0
leaf_weight=5.5206238478422147 3.3320365101099041 7.5735631138086346 15.016233853995798 3.4867260232567787
leaf_count=27 16 49 118 19
internal_value=0.000679695 -0.00183297 -0.00376033 0.00795167
internal_weight=34.9292 25.9218 22.5898 9.00735
internal_count=229 183 167 46
is_linear=0
shrinkage=0.01


Tree=164
num_leaves=4
num_cat=0
split_feature=16 0 1
split_gain=4.11036 4.08231 3.5779
threshold=-0.17030693950343198 0.074868515125326371 -0.35627872247758324
decision_type=2 2 2
left_child=-1 2 -2
right_child=1 -3 -4
leaf_value=0.0080502084682366228 0.0017884846879456181 0.0063200385322911461 -0.0061310988369694796
leaf_weight=4.5764789506793013 7.9020713195204797 4.6749423891305915 16.757184758782387
leaf_count=24 50 25 127
internal_value=-0.000386181 -0.00183802 -0.00352214
internal_weight=33.9107 29.3342 24.6593
internal_count=226 202 177
is_linear=0
shrinkage=0.01


Tree=165
num_leaves=6
num_cat=0
split_feature=13 26 38 5 38
split_gain=4.87048 5.76196 3.69547 3.8232 2.16762
threshold=-0.27831654397052469 20.098714285714291 0.69318558437694966 -2.488647961269304 0.5749401597072753
decision_type=2 2 2 2 2
left_child=2 -2 4 -4 -1
right_child=1 -3 3 -5 -6
leaf_value=0.0021035824698050392 0.015109562238649819 -0.0016305258201481342 -0.0056611052594813163 0.004915995949147706 -0.008379403509957202
leaf_weight=1.9780063182115579 3.7285333871841422 3.7058539018034935 4.9450465589761725 9.2156127318739873 9.5841465815901739
leaf_count=17 20 26 33 51 76
internal_value=-0.000137716 0.00676689 -0.00226514 0.00104324 -0.00640957
internal_weight=33.1572 7.43439 25.7228 14.1607 11.5622
internal_count=223 46 177 84 93
is_linear=0
shrinkage=0.01


Tree=166
num_leaves=7
num_cat=0
split_feature=30 17 11 21 38 38
split_gain=5.10371 7.24884 4.68487 3.16753 2.67127 1.72627
threshold=-0.014229555530502353 0.56737259358766834 41.947777401297053 -1.2760624892284917 0.72667556207881678 0.70616242116193784
decision_type=2 2 2 2 2 2
left_child=3 2 -2 -1 -5 -3
right_child=1 5 -4 4 -6 -7
leaf_value=-0.009325111055583141 0 -0.010504237792184982 0.012946901920240264 0.0023275823430304356 -0.0081008867397418978 0.0005548725116610089
leaf_weight=5.3719696551561382 3.8284109905362147 2.6286310553550711 7.9586504623293877 9.4820517897605878 2.9664165154099456 2.055661104619503
leaf_count=42 24 18 43 64 18 15
internal_value=0.000496462 0.00451708 0.00870464 -0.00312267 -0.000132748 -0.00550849
internal_weight=34.2918 16.4714 11.7871 17.8204 12.4485 4.68429
internal_count=224 100 67 124 82 33
is_linear=0
shrinkage=0.01


Tree=167
num_leaves=4
num_cat=0
split_feature=19 14 21
split_gain=3.04089 3.59564 4.62583
threshold=76.789312233961724 -0.40179133132982386 -0.71498544719838553
decision_type=2 2 2
left_child=1 -1 -3
right_child=-2 2 -4
leaf_value=0.0064084075108960725 0.0098543502417893 -0.0060079480457565625 0.0021249119017032673
leaf_weight=5.354244038462638 2.6312571465969077 15.023670881986616 12.176621101796629
leaf_count=27 13 111 82
internal_value=4.41934e-05 -0.000770591 -0.00231096
internal_weight=35.1858 32.5545 27.2003
internal_count=233 220 193
is_linear=0
shrinkage=0.01


Tree=168
num_leaves=7
num_cat=0
split_feature=33 4 32 37 16 22
split_gain=6.41814 4.24675 4.56577 3.79906 2.90444 0.319838
threshold=0.12913939237620933 -1.74618851571131 0.45739840039002905 0.72600821320561615 -0.0086650311141750775 -0.20198127215056424
decision_type=2 2 2 2 2 2
left_child=3 5 -3 4 -1 -2
right_child=1 2 -4 -5 -6 -7
leaf_value=0.017753997702168144 -0.0037897196307386145 0.0036569593100890625 -0.006081469118462547 -0.0023664043598264207 0.0036622615452539427 -0.010972320315472487
leaf_weight=3.0572918206453323 2.3859956189990044 11.969108276069166 7.6108129918575278 2.7395762056112289 3.7492315322160703 4.6889495849609402
leaf_count=14 16 86 50 15 21 35
internal_value=-2.51892e-05 -0.00260292 -6.24618e-05 0.00682929 0.0107556 -0.0090739
internal_weight=36.201 26.6549 19.5799 9.5461 6.80652 7.07495
internal_count=237 187 136 50 35 51
is_linear=0
shrinkage=0.01


Tree=169
num_leaves=6
num_cat=0
split_feature=36 36 20 22 12
split_gain=3.35378 5.76088 3.75939 3.7198 0.851148
threshold=0.62489170925540372 0.66286611390019867 -6.4958409046589614 -0.21456800200515677 -2.3999597074152912
decision_type=2 2 2 2 2
left_child=4 3 -3 -2 -1
right_child=1 2 -4 -5 -6
leaf_value=-0.010897028198924626 0.016980679028634253 0.0032936367580628251 -0.0048222358165236684 0.0014864073952938033 -0.002172536854303644
leaf_weight=2.8828625604510307 2.9203225523233414 9.4134874939918554 13.106280341744419 3.7241078019142178 3.1104054227471343
leaf_count=19 16 60 93 23 22
internal_value=-0.000340797 0.0010185 -0.00134338 0.00902374 -0.00700637
internal_weight=35.1575 29.1642 22.5198 6.64443 5.99327
internal_count=233 192 153 39 41
is_linear=0
shrinkage=0.01


Tree=170
num_leaves=6
num_cat=0
split_feature=17 14 8 38 10
split_gain=3.40134 5.08229 6.63391 4.58675 0.814412
threshold=0.56737259358766834 0.058909961371728763 0.068775438234565986 0.72016510340664597 11.14821428571434
decision_type=2 2 2 2 2
left_child=1 2 -1 4 -2
right_child=3 -3 -4 -5 -6
leaf_value=-0.00073025691042405319 -0.010807636286776482 0.012729580548417871 0.013651792375913102 0.0074363204044214926 -0.0014969766095425515
leaf_weight=21.051985085010536 4.1311712637543661 4.5411008298397055 3.4409809708595267 2.2257030755281448 2.0216739401221275
leaf_count=134 32 26 21 16 14
internal_value=0.0016578 0.00331028 0.00135033 -0.00375455 -0.00827015
internal_weight=37.4126 29.0341 24.493 8.37855 6.15285
internal_count=243 181 155 62 46
is_linear=0
shrinkage=0.01


Tree=171
num_leaves=6
num_cat=0
split_feature=32 21 0 11 18
split_gain=3.41145 5.26499 4.41232 3.84743 1.04125
threshold=0.16784969638995717 -0.12400596737597713 -0.010916241908457499 35.37711743130005 12.70053571428574
decision_type=2 2 2 2 2
left_child=2 3 -1 -2 -4
right_child=1 -3 4 -5 -6
leaf_value=0.0071764026204066602 -0.0084219364088693044 0.013070823933627051 -0.00080028264095424631 0.0030010418792618212 -0.010992549417202305
leaf_weight=2.2101951017975807 3.1362913474440601 4.3504661470651653 1.9322479888796786 18.887266658246517 4.175074078142643
leaf_count=14 21 23 16 123 31
internal_value=0.00155644 0.00335259 -0.00382532 0.00119343 -0.00826849
internal_weight=34.6915 26.374 8.31752 22.0236 6.10732
internal_count=228 167 61 144 47
is_linear=0
shrinkage=0.01


Tree=172
num_leaves=7
num_cat=0
split_feature=33 30 22 12 6 34
split_gain=4.00198 7.93869 7.13591 4.28837 2.88993 2.30371
threshold=0.12913939237620933 -0.087146926305570541 -0.17107153751847945 -0.75200072036841437 -0.12265456861015418 0.076535382079127176
decision_type=2 2 2 2 2 2
left_child=1 -1 3 -2 -3 -4
right_child=2 4 5 -5 -6 -7
leaf_value=0.017424753084569613 0.010681122723029329 0.005466371278321158 0.0017349855518569678 -0.0017071160675414027 -0.0079456472503633552 -0.0079066055247186493
leaf_weight=3.2970905303955078 5.0944070592522621 2.7628673762083054 2.5366247445344952 5.1757150888442975 2.9636839553713781 12.918436467647551
leaf_count=15 29 14 16 37 19 99
internal_value=6.18647e-05 0.00573693 -0.00189512 0.00437749 -0.00119294 -0.00619429
internal_weight=34.7488 9.02364 25.7252 10.2701 5.72655 15.4551
internal_count=229 48 181 66 33 115
is_linear=0
shrinkage=0.01


Tree=173
num_leaves=6
num_cat=0
split_feature=14 29 30 6 32
split_gain=3.98359 3.82438 3.78726 4.20763 3.75785
threshold=-0.10730219686805835 -1.3720757433658528 -0.089835568203355948 -0.027721839711985007 0.17678386196428172
decision_type=2 2 2 2 2
left_child=1 -1 3 -2 -3
right_child=2 4 -4 -5 -6
leaf_value=-0.0051381673277146956 0.00666145606725288 -0.0027218786479975827 -0.0097593991631418769 -0.0065669892165549151 0.0080635283501739215
leaf_weight=4.0455583110451689 4.7520640715956679 3.88371413946152 5.9046095088124266 4.2652553915977469 11.980598159134386
leaf_count=26 30 24 42 34 72
internal_value=6.91693e-05 0.00303363 -0.00373666 0.000179678 0.00529793
internal_weight=34.8318 19.9099 14.9219 9.01732 15.8643
internal_count=228 122 106 64 96
is_linear=0
shrinkage=0.01


Tree=174
num_leaves=6
num_cat=0
split_feature=14 30 5 21 0
split_gain=6.79419 4.49907 3.38084 2.97298 2.87757
threshold=-0.39467734717860997 -0.20078060696698516 -1.0000000180025095e-35 -1.1648496000023394 -1.0000000180025095e-35
decision_type=2 2 2 2 2
left_child=3 4 -3 -1 -2
right_child=1 2 -4 -5 -6
leaf_value=0.00012995646654587816 0.009238327961231323 -0.0071437186551931266 0.0043730763462644989 0.013497413527471872 -0.0021804081023438578
leaf_weight=3.3818303048610687 3.7296982407569885 17.829710550606254 2.5342874974012366 3.7139119356870642 4.2337573766708401
leaf_count=18 24 127 17 17 33
internal_value=-0.000815181 -0.00306617 -0.00557099 0.00766061 0.00306678
internal_weight=35.4232 28.3275 20.364 7.09574 7.96346
internal_count=236 201 144 35 57
is_linear=0
shrinkage=0.01


Tree=175
num_leaves=6
num_cat=0
split_feature=32 29 23 13 29
split_gain=4.86788 6.23222 4.38298 3.19766 4.1001
threshold=0.21364729536066626 -0.49839375929261615 -0.6537324729897519 0.74947326155192762 -0.86276659093441432
decision_type=2 2 2 2 2
left_child=3 2 -2 4 -1
right_child=1 -3 -4 -5 -6
leaf_value=0.00060390444790540834 0.011630221152300103 0.012455681369176956 -0.0020876409674419334 0.0058328888927048203 -0.01136336333380196
leaf_weight=4.2843433171510688 2.4826043322682407 5.2165303677320507 13.913417823612688 2.1075547188520423 6.6977097690105429
leaf_count=30 13 27 95 11 51
internal_value=0.000305579 0.00325849 4.13147e-05 -0.00438445 -0.00662548
internal_weight=34.7022 21.6126 16.396 13.0896 10.9821
internal_count=227 135 108 92 81
is_linear=0
shrinkage=0.01


Tree=176
num_leaves=6
num_cat=0
split_feature=17 39 4 4 17
split_gain=5.08982 5.81408 5.42397 2.75082 1.76353
threshold=0.56737259358766834 0.68334923326115671 -1.74618851571131 1.3865161581479699 0.83612924853428394
decision_type=2 2 2 2 2
left_child=1 3 -3 -1 -2
right_child=4 2 -4 -5 -6
leaf_value=-0.0052845814639456336 -0.0094899119417965229 -0.0014097103160620331 0.011843791120531584 0.0033520865586150108 0.00013850779804524009
leaf_weight=8.5854610502719897 5.3687744066119185 4.2386272177100173 8.6621561944484693 5.7722049355506888 2.2494114637374878
leaf_count=62 42 26 46 38 17
internal_value=0.000503269 0.00258165 0.00740469 -0.0016784 -0.00649682
internal_weight=34.8766 27.2584 12.9008 14.3577 7.61819
internal_count=231 172 72 100 59
is_linear=0
shrinkage=0.01


Tree=177
num_leaves=6
num_cat=0
split_feature=29 30 29 29 20
split_gain=4.9011 7.54312 4.60266 2.83059 1.76721
threshold=-1.152632507307332 0.20789540549124264 -0.99026649906410869 -1.6190150586372063 -9.438871868799195
decision_type=2 2 2 2 2
left_child=3 2 -2 -1 -5
right_child=1 -3 -4 4 -6
leaf_value=0.0023693822874248493 0.011433454667785949 0.015388307193544408 -0.001458606649734229 0 -0.0099640744962113635
leaf_weight=3.6311755552887908 2.9664329439401653 3.8435686826705924 17.400469757616523 2.1604417636990538 6.7761666849255553
leaf_count=24 18 18 119 13 51
internal_value=0.000402253 0.00307179 0.000461056 -0.00453662 -0.00754506
internal_weight=36.7783 24.2105 20.3669 12.5678 8.93661
internal_count=243 155 137 88 64
is_linear=0
shrinkage=0.01


Tree=178
num_leaves=7
num_cat=0
split_feature=6 8 2 22 21 32
split_gain=4.88257 6.61467 7.60209 3.25903 5.26879 0.75136
threshold=-0.062726433801640932 0.094007394150480969 6.4767857142856959 -0.068413843634082275 -1.2760624892284917 0.26612755399650706
decision_type=2 2 2 2 2 2
left_child=1 2 -1 4 -2 -5
right_child=3 -3 -4 5 -6 -7
leaf_value=-0.0054180720812509724 -0.010529185896468238 0.014180989970360077 0.0086123212335973403 -0.011239083514371955 0.006636038281764749 -0.0026478363982113044
leaf_weight=10.370244316756731 2.6022729203104973 3.5907603651285163 5.7381647303700438 5.7775482535362226 4.3579438403248778 2.3102145716547966
leaf_count=73 18 19 32 45 25 16
internal_value=-0.000727605 0.00246837 -0.00023217 -0.0050082 0 -0.00920597
internal_weight=34.7471 19.6992 16.1084 15.048 6.96022 8.08776
internal_count=228 124 105 104 43 61
is_linear=0
shrinkage=0.01


Tree=179
num_leaves=4
num_cat=0
split_feature=5 36 32
split_gain=3.21512 2.40857 4.07339
threshold=1.0000000180025095e-35 0.59932315074639919 0.21364729536066626
decision_type=2 2 2
left_child=1 -1 -3
right_child=-2 2 -4
leaf_value=-0.0087853816994403477 0.008105961643816639 -0.0050364395749265415 0.0025680513718977973
leaf_weight=4.0733519196510342 3.273508019745349 12.078938931226732 15.79732798039913
leaf_count=29 18 86 100
internal_value=-0.000801221 -0.00184277 -0.000674575
internal_weight=35.2231 31.9496 27.8763
internal_count=233 215 186
is_linear=0
shrinkage=0.01


Tree=180
num_leaves=5
num_cat=0
split_feature=0 34 4 0
split_gain=5.8831 5.19609 3.43559 1.69225
threshold=0.0825053947346953 0.27501494249377473 -3.074228956714705 0.045746662038644477
decision_type=2 2 2 2
left_child=1 2 -1 -3
right_child=-2 3 -4 -5
leaf_value=-0.0049753619784215202 0.011058856906379312 -0.0081691229390957795 0.0042970279932503875 0.00076412288775018792
leaf_weight=5.3478327095508602 3.5431082472205153 11.3966027200222 12.68616256862879 2.0451249927282324
leaf_count=34 17 94 73 14
internal_value=-0.00055372 -0.00201591 0.00140187 -0.0066774
internal_weight=35.0188 31.4757 18.034 13.4417
internal_count=232 215 107 108
is_linear=0
shrinkage=0.01


Tree=181
num_leaves=5
num_cat=0
split_feature=36 36 33 33
split_gain=3.74207 6.35842 3.37682 3.21824
threshold=0.59932315074639919 0.66286611390019867 0.54586278368469532 0.29723684065845585
decision_type=2 2 2 2
left_child=-1 3 -3 -2
right_child=1 2 -4 -5
leaf_value=-0.009132686454712045 0.0014466652237522587 -0.00028199661596752597 -0.010451007281838134 0.015786264990863424
leaf_weight=4.4871985092759124 3.6492932513356235 20.374178156256679 3.7030485644936553 3.1164886206388474
leaf_count=32 22 130 31 17
internal_value=-0.00089079 0.000320488 -0.00203739 0.00872471
internal_weight=35.3302 30.843 24.0772 6.76578
internal_count=232 200 161 39
is_linear=0
shrinkage=0.01


Tree=182
num_leaves=7
num_cat=0
split_feature=32 26 11 36 26 25
split_gain=5.75648 7.46283 6.84859 3.99083 5.52077 1.41022
threshold=0.22495848882967676 23.20635714285709 60.439376445599756 0.72483983974806454 21.679500000000029 -0.61530105879717012
decision_type=2 2 2 2 2 2
left_child=3 2 -2 5 -5 -1
right_child=1 -3 -4 4 -6 -7
leaf_value=0 -0.0019872968440655695 0.019249774197887155 0.010911452562185588 0.01232072770541846 -0.0065137310807244879 -0.0092516114789194144
leaf_weight=2.1843390986323348 12.719006188213831 2.6948612034320822 5.6320334970951071 2.8495241478085509 2.673770934343338 7.5608990341424933
leaf_count=13 86 13 33 18 23 54
internal_value=0.00111565 0.004521 0.001976 -0.00344644 0.00299385 -0.0072761
internal_weight=36.3144 21.0459 18.351 15.2685 5.5233 9.74524
internal_count=240 132 119 108 41 67
is_linear=0
shrinkage=0.01


Tree=183
num_leaves=8
num_cat=0
split_feature=6 5 37 16 4 17 27
split_gain=4.51605 4.11735 3.70575 3.6903 2.7119 2.21414 0.954375
threshold=-0.062726433801640932 -2.311976274715239 0.64855154409999727 0.059629492494658744 -3.074228956714705 0.18376167431652926 46.814976835844355
decision_type=2 2 2 2 2 2 2
left_child=1 5 -3 4 -2 -1 -5
right_child=3 2 -4 6 -6 -7 -8
leaf_value=-0.0073774547257995458 -0.0046221508399793458 0.017790914646177242 0.0050382703848328705 -0.0010506955967511252 0.0056409974168605236 0.003988696721289123 -0.010691268470401727
leaf_weight=2.8137149065732983 3.5798702836036691 3.1821531727910033 10.188695542514322 2.1374831795692435 6.8189796656370172 3.3595215752720833 3.7528551444411278
leaf_count=21 21 17 61 20 42 23 29
internal_value=0.00223491 0.00546364 0.0085434 -0.00154718 0.00189037 -0.000984758 -0.00773645
internal_weight=35.8333 19.5441 13.3708 16.2892 10.3988 6.17324 5.89034
internal_count=234 122 78 112 63 44 49
is_linear=0
shrinkage=0.01


Tree=184
num_leaves=6
num_cat=0
split_feature=17 33 38 21 36
split_gain=4.02281 4.01871 5.94727 4.00686 3.05656
threshold=0.54503451136509462 0.13443286839586263 0.6518367932054322 -0.20842388808468229 0.70545138868534096
decision_type=2 2 2 2 2
left_child=1 2 -1 -3 -2
right_child=4 3 -4 -5 -6
leaf_value=0.017313946672247355 -0.011120581230945378 -0.0034705058276247535 0 0.0068308950474784448 0.00098225889408857787
leaf_weight=3.0000845640897777 5.3603691682219488 17.379413045942787 4.8799799829721451 4.4319565892219535 2.7826100364327431
leaf_count=13 41 119 29 27 23
internal_value=-0.000737948 0.00092618 0.00694499 -0.00122258 -0.00685998
internal_weight=37.8344 29.6914 7.88006 21.8114 8.14298
internal_count=252 188 42 146 64
is_linear=0
shrinkage=0.01


Tree=185
num_leaves=7
num_cat=0
split_feature=6 6 29 39 2 38
split_gain=3.92608 5.69841 3.50039 3.37649 4.75585 0.95793
threshold=-0.062726433801640932 -0.10618704756640192 -0.49839375929261615 0.68031861637152413 6.1344642857142331 0.56164050003886912
decision_type=2 2 2 2 2 2
left_child=1 2 -1 5 -5 -2
right_child=3 -3 -4 4 -6 -7
leaf_value=-0.0025628497615171591 -0.00078913732156163905 0.014455162772259592 0.0069985630131367662 0.0055303941728907157 -0.010452685067049699 -0.010844401274764045
leaf_weight=13.713808491826059 1.7014962509274463 2.9200723841786411 4.9673328027129164 5.3603242710232735 2.4684653878211975 5.9213976413011551
leaf_count=93 13 16 29 32 16 50
internal_value=-0.000513634 0.00216861 0 -0.00436022 4.50162e-05 -0.00896728
internal_weight=37.0529 21.6012 18.6811 15.4517 7.82879 7.62289
internal_count=249 138 122 111 48 63
is_linear=0
shrinkage=0.01


Tree=186
num_leaves=5
num_cat=0
split_feature=14 30 0 0
split_gain=4.00469 4.36031 3.82015 4.71949
threshold=-0.39467734717860997 0.062899284201615516 0.05854137388601998 0.0021955731136547919
decision_type=2 2 2 2
left_child=1 -1 3 -2
right_child=2 -3 -4 -5
leaf_value=-6.7204651000420687e-05 0.00056861231354353231 0.014788960293285693 0.0065949100967835116 -0.0082342676606470284
leaf_weight=3.6388919204473487 15.595618769526487 3.429053321480751 5.0039177611470214 9.2830243408679944
leaf_count=19 108 15 28 78
internal_value=0.000536697 0.00717759 -0.0010235 -0.00269557
internal_weight=36.9505 7.06795 29.8826 24.8786
internal_count=248 34 214 186
is_linear=0
shrinkage=0.01


Tree=187
num_leaves=6
num_cat=0
split_feature=21 0 1 20 2
split_gain=3.81589 3.5763 5.11213 3.27177 2.51871
threshold=-1.2863062683628563 0.05854137388601998 0.40839186973761032 8.1912354089990931 4.9143214285713528
decision_type=2 2 2 2 2
left_child=3 2 -2 4 -1
right_child=1 -3 -4 -5 -6
leaf_value=-0.010554652545470302 0.0048493372367236229 0.012293685820078355 -0.0080918236711582919 0.007988542281436823 -0.0001301345648296069
leaf_weight=4.1379203498363477 15.662158682942396 4.5061185061931601 3.4031401276588431 2.0763209760189048 5.7115427702665329
leaf_count=34 100 22 25 11 40
internal_value=0.00211989 0.00446248 0.0023465 -0.00234256 -0.00488923
internal_weight=35.4972 23.5714 19.0653 11.9258 9.84946
internal_count=232 147 125 85 74
is_linear=0
shrinkage=0.01


Tree=188
num_leaves=5
num_cat=0
split_feature=34 26 39 22
split_gain=4.37515 4.40849 5.57093 1.63211
threshold=0.57617527066779439 16.333035714285874 0.72339747619890782 -0.30526143815640189
decision_type=2 2 2 2
left_child=1 -1 -3 -2
right_child=3 2 -4 -5
leaf_value=0.012329177945913461 0 -0.00099082079920963543 0.01044015540556417 -0.010193330560253608
leaf_weight=3.926693424582484 2.4107834547758102 21.428789824247364 4.9524033665657035 3.6813848093152037
leaf_count=21 19 142 26 33
internal_value=0.0011827 0.00279073 0.00117336 -0.00625972
internal_weight=36.4001 30.3079 26.3812 6.09217
internal_count=241 189 168 52
is_linear=0
shrinkage=0.01


Tree=189
num_leaves=6
num_cat=0
split_feature=33 30 36 30 30
split_gain=3.43748 5.45759 4.1854 4.49722 3.27943
threshold=0.12913939237620933 -0.16641109848554705 0.71539185572637087 -0.29126581404094709 0.16905352082626526
decision_type=2 2 2 2 2
left_child=1 -1 3 -2 -3
right_child=2 4 -4 -5 -6
leaf_value=0.015758156562906741 -0.0081738436854623484 -0.0064999994017228358 -0.0089927052265462923 0.0032168286114718633 0.0068202322476490964
leaf_weight=3.1607595011591911 4.0635735467076328 3.3189559727907163 5.273465357720851 16.03556410223246 3.4631504565477371
leaf_count=14 34 20 45 101 18
internal_value=0.000601945 0.00553337 -0.00129473 0.000729518 2.00997e-05
internal_weight=35.3155 9.94287 25.3726 20.0991 6.78211
internal_count=232 52 180 135 38
is_linear=0
shrinkage=0.01


Tree=190
num_leaves=5
num_cat=0
split_feature=19 8 10 24
split_gain=2.50643 4.3168 5.75297 3.6004
threshold=36.040406067662907 -0.060695744817887587 8.4943214285714106 -0.048538494978469009
decision_type=2 2 2 2
left_child=3 -2 -3 -1
right_child=1 2 -4 -5
leaf_value=0 0.0078721621327795897 0.0037613341825557295 -0.0064239994063196339 0.011609722899613721
leaf_weight=5.5047147497534752 4.515925087034705 8.5005845949053782 14.127692528069018 4.3560052812099439
leaf_count=29 25 58 108 23
internal_value=0.000870307 -0.000643845 -0.00251138 0.00513119
internal_weight=37.0049 27.1442 22.6283 9.86072
internal_count=243 191 166 52
is_linear=0
shrinkage=0.01


Tree=191
num_leaves=6
num_cat=0
split_feature=14 29 29 0 6
split_gain=4.0258 3.59009 3.45161 3.0912 1.55171
threshold=-0.40179133132982386 -0.49839375929261615 0.17064360411328294 -0.0094040518957664489 0.0015899095371268862
decision_type=2 2 2 2 2
left_child=4 3 -3 -2 -1
right_child=1 2 -4 -5 -6
leaf_value=0.010779330549095438 0.00068724783723065242 0.0070920247019560954 -0.0054578278642739399 -0.0072017920681437374 0.00024515976179476838
leaf_weight=3.5271689593791953 7.1130379736423519 6.405703119933607 2.8254257664084435 13.139960132539271 2.864466205239296
leaf_count=16 47 42 18 101 15
internal_value=-0.000364004 -0.00198758 0.00299009 -0.00436419 0.00657987
internal_weight=35.8758 29.4841 9.23113 20.253 6.39164
internal_count=239 208 60 148 31
is_linear=0
shrinkage=0.01


Tree=192
num_leaves=6
num_cat=0
split_feature=6 1 2 20 14
split_gain=6.77117 5.44836 5.36126 3.76586 2.83178
threshold=-0.068695618174670223 -0.32563736342291966 4.8938928571427764 7.765903356686068 -0.44249141336449599
decision_type=2 2 2 2 2
left_child=1 -1 -3 4 -2
right_child=3 2 -4 -5 -6
leaf_value=0.013227176278606039 0.0023360046106430314 -0.006462640667976173 0.0057671204248928281 0.0065342325665818301 -0.008858490767624759
leaf_weight=4.8813568502664575 2.3928130716085425 5.3875690177083024 9.1943671181797963 2.2126909643411627 10.4477192312479
leaf_count=28 12 39 55 13 81
internal_value=0.000460515 0.00437848 0.00107502 -0.00446158 -0.00661451
internal_weight=34.5165 19.4633 14.5819 15.0532 12.8405
internal_count=228 122 94 106 93
is_linear=0
shrinkage=0.01


Tree=193
num_leaves=6
num_cat=0
split_feature=1 32 6 0 14
split_gain=4.31911 9.17592 7.56288 5.90768 5.19481
threshold=-0.35627872247758324 0.45739840039002905 -0.062726433801640932 0.074868515125326371 -0.45817211576129957
decision_type=2 2 2 2 2
left_child=1 2 -1 4 -2
right_child=3 -3 -4 -5 -6
leaf_value=0.022652494774700323 0.0067658933333205806 -0.0068010831164015042 0.0014762560517642268 0.0069006630040021767 -0.0069624527666634611
leaf_weight=3.2423675209283829 2.9175701737403896 3.5640658661723137 3.7239605709910375 5.302491955459117 16.170353434979919
leaf_count=18 14 24 22 27 128
internal_value=0.000217502 0.0055311 0.012136 -0.00203494 -0.00468871
internal_weight=34.9208 10.5304 6.96633 24.3904 19.0879
internal_count=233 64 40 169 142
is_linear=0
shrinkage=0.01


Tree=194
num_leaves=5
num_cat=0
split_feature=28 32 39 26
split_gain=5.65914 4.03822 5.17389 3.19503
threshold=7.4963463914173198 0.21742174740844017 0.67862249744663983 19.371892857142843
decision_type=2 2 2 2
left_child=1 3 -3 -1
right_child=-2 2 -4 -5
leaf_value=0 0.011317327181635429 -0.0043346415440557043 0.0059704806239247133 -0.0096465651978221243
leaf_weight=5.1133009865880004 3.2640121653676024 8.8935545831918734 9.9023381471633893 8.5726789683103544
leaf_count=34 19 66 54 65
internal_value=-0.00057538 -0.00192409 0.00099823 -0.00601583
internal_weight=35.7459 32.4819 18.7959 13.686
internal_count=238 219 120 99
is_linear=0
shrinkage=0.01


Tree=195
num_leaves=5
num_cat=0
split_feature=6 5 30 9
split_gain=3.46972 3.66985 3.53372 1.80052
threshold=0.098124356254504566 1.0000000180025095e-35 0.16071832634972075 -0.2024444509130742
decision_type=2 2 2 2
left_child=1 2 -1 -2
right_child=3 -3 -4 -5
leaf_value=-0.00083668199514030863 0.00085533140962278185 0.012084379021113228 0.0081110048895717633 -0.0089626450368667961
leaf_weight=19.355722919106491 2.4791211634874344 3.2797482237219802 5.3072229847311965 4.3240087255835524
leaf_count=138 14 16 30 33
internal_value=0.000948112 0.00255973 0.00108299 -0.0052183
internal_weight=34.7458 27.9427 24.6629 6.80313
internal_count=231 184 168 47
is_linear=0
shrinkage=0.01


Tree=196
num_leaves=7
num_cat=0
split_feature=33 2 13 35 14 11
split_gain=3.99953 3.96042 3.48331 2.9659 5.79172 3.70387
threshold=0.13443286839586263 6.4767857142856959 -1.4559614936974581 0.35541991275195189 -0.39467734717860997 55.231916634388405
decision_type=2 2 2 2 2 2
left_child=1 2 -1 4 -2 -5
right_child=3 -3 -4 5 -6 -7
leaf_value=0.008308759656976205 0.011217343237622213 0.012501666155481513 -0.006556456450506223 -0.010884208730436195 -0.0026559883177489241 0.0013489679797313075
leaf_weight=2.5355782210826874 3.7365931868553153 4.2744084596633911 3.2493345737457258 5.891252785921095 11.263740338385107 3.5832164436578751
leaf_count=15 17 21 19 50 78 29
internal_value=0.000284059 0.00554832 0 -0.00183985 0.000821335 -0.00615364
internal_weight=34.5341 10.0593 5.78491 24.4748 15.0003 9.47447
internal_count=229 55 34 174 95 79
is_linear=0
shrinkage=0.01


Tree=197
num_leaves=8
num_cat=0
split_feature=32 32 24 38 38 2 3
split_gain=4.41548 5.25917 6.31648 3.95716 2.58021 2.24059 1.64392
threshold=0.21364729536066626 0.45739840039002905 0.10060655038446956 0.64612722736280304 0.71331914678082387 7.6013571428571343 63.227407957589982
decision_type=2 2 2 2 2 2 2
left_child=3 2 -2 5 -3 -1 -5
right_child=1 4 -4 6 -6 -7 -8
leaf_value=0.0085991572797666452 0.012176356811185491 -0.0048487304371679077 -0.0042914884982649419 -0.011407302129784339 0.0046619288950948204 -0.0035656552668497012 -0.0020789699064595701
leaf_weight=2.8677498996257773 8.6371682211756724 7.5832334309816343 2.764366775751113 5.0958145931363088 4.0346456244587898 2.3820770978927612 4.0940467864274979
leaf_count=21 47 53 21 35 22 18 32
internal_value=0.0004938 0.00324432 0.00800506 -0.00373211 -0.00134385 0.0028247 -0.00765941
internal_weight=37.4591 23.0194 11.4015 14.4397 11.6179 5.24983 9.18986
internal_count=249 143 68 106 75 39 67
is_linear=0
shrinkage=0.01


Tree=198
num_leaves=5
num_cat=0
split_feature=17 14 11 37
split_gain=6.37486 4.91762 3.64326 0.853411
threshold=0.56737259358766834 -0.40179133132982386 63.453934917159735 0.7078444790835986
decision_type=2 2 2 2
left_child=1 -1 -3 -2
right_child=3 2 -4 -5
leaf_value=0.010665816736968496 -0.010782774095231571 -0.0024432830923433856 0.0063164553222882008 -0.0012616399007047896
leaf_weight=4.8662940710783031 5.0778608471155158 17.467975229024891 6.1732952371239653 1.8603145927190778
leaf_count=23 44 123 38 12
internal_value=-0.000227579 0.00182517 -2.18833e-05 -0.00866431
internal_weight=35.4457 28.5076 23.6413 6.93818
internal_count=240 184 161 56
is_linear=0
shrinkage=0.01


Tree=199
num_leaves=7
num_cat=0
split_feature=21 4 6 34 36 13
split_gain=2.76589 3.75663 4.00612 3.44269 3.07358 2.70679
threshold=-1.2863062683628563 -1.74618851571131 0.098124356254504566 0.11158794746372051 0.66286611390019867 -0.56662610554184523
decision_type=2 2 2 2 2 2
left_child=3 5 -3 -1 -5 -2
right_child=1 2 -4 4 -6 -7
leaf_value=0.0061423838299928301 -0.0066922323091434541 0.0081863598080868898 -0.0056075639200925346 0 -0.010977467927565314 0.0041742055720091192
leaf_weight=2.7595397830009452 5.2250904813408852 12.327230244874952 2.1276586055755624 4.6176378354430181 5.0537164509296417 3.437273733317852
leaf_count=15 35 80 17 32 40 19
internal_value=0.00075706 0.00283478 0.00594771 -0.00292545 -0.00582032 -0.00216182
internal_weight=35.5481 23.1173 14.4549 12.4309 9.67135 8.66236
internal_count=238 151 97 87 72 54
is_linear=0
shrinkage=0.01


Tree=200
num_leaves=5
num_cat=0
split_feature=2 0 1 9
split_gain=4.90771 3.74523 4.39412 3.58898
threshold=6.9589285714285856 0.074868515125326371 0.49801882148733501 -0.40069373281885762
decision_type=2 2 2 2
left_child=1 2 -1 -2
right_child=3 -3 -4 -5
leaf_value=0.0031259985129050804 0.0023447766279009446 0.013416286248694721 -0.0071227556713755113 -0.011142974149319793
leaf_weight=20.728126391768463 2.6026447415351868 2.4862813726067534 4.8639229014515868 5.1971586495637885
leaf_count=139 13 12 37 40
internal_value=0.000328525 0.00233749 0.00104096 -0.0064753
internal_weight=35.8781 28.0783 25.592 7.7998
internal_count=241 188 176 53
is_linear=0
shrinkage=0.01


Tree=201
num_leaves=6
num_cat=0
split_feature=14 8 14 8 38
split_gain=4.41317 3.46302 3.69694 3.68707 1.07085
threshold=-0.39467734717860997 0.059115885910409956 -0.18417874820920069 -0.18304802881732921 0.70827360898706559
decision_type=2 2 2 2 2
left_child=4 3 -3 -2 -1
right_child=1 2 -4 -5 -6
leaf_value=0.011237317120885902 0.0060490090001020279 0.01299096481997087 -0.0010263142782996673 -0.0061307234805322124 0.0019436721417953465
leaf_weight=3.0208581686019889 2.5004729479551342 2.3792514279484749 5.477641485631465 16.780127070844177 3.2271673828363419
leaf_count=15 12 15 43 125 15
internal_value=-0.00025898 -0.0020737 0.00329493 -0.00438053 0.00705147
internal_weight=33.3855 27.1375 7.85689 19.2806 6.24803
internal_count=225 195 58 137 30
is_linear=0
shrinkage=0.01


Tree=202
num_leaves=4
num_cat=0
split_feature=39 26 29
split_gain=3.32271 4.08802 5.67523
threshold=0.72339747619890782 16.333035714285874 0.28135691581701466
decision_type=2 2 2
left_child=1 -1 -3
right_child=-2 2 -4
leaf_value=0.0060311783422355341 0.0059424662440675678 -0.0060828177925381253 0.0064586242981127555
leaf_weight=4.3552349209785488 5.1686952784657469 21.770863607525829 3.9111374616622916
leaf_count=26 29 162 21
internal_value=-0.00114011 -0.0024715 -0.00404337
internal_weight=35.2059 30.0372 25.682
internal_count=238 209 183
is_linear=0
shrinkage=0.01


Tree=203
num_leaves=4
num_cat=0
split_feature=16 26 11
split_gain=4.01525 2.36698 4.68155
threshold=-0.17030693950343198 23.20635714285709 64.596747548047105
decision_type=2 2 2
left_child=-1 2 -2
right_child=1 -3 -4
leaf_value=0.0093508104358423511 -0.0044021323404450771 0.0058801029780496021 0.0052797242678138704
leaf_weight=4.5362615436315528 18.071837201714523 4.5238950327038756 6.4355360493063918
leaf_count=22 133 29 41
internal_value=0.000893909 -0.000441457 -0.00174599
internal_weight=33.5675 29.0313 24.5074
internal_count=225 203 174
is_linear=0
shrinkage=0.01


Tree=204
num_leaves=8
num_cat=0
split_feature=13 35 18 21 18 25 20
split_gain=2.55911 5.5693 4.56051 4.63657 3.89725 3.31345 2.78049
threshold=-1.3030996004084507 0.27725803549558947 12.7797142857143 -0.70631938570407338 14.703892857142884 0.033175474304346933 -7.9391348327908409
decision_type=2 2 2 2 2 2 2
left_child=1 5 3 -2 -3 -1 -4
right_child=2 4 6 -5 -6 -7 -8
leaf_value=0.001847563448791173 -0.005105173777560164 0.012434260698822155 0 0.010732134766730543 -0.0018618013941986934 -0.010439336456903077 -0.010234629000950077
leaf_weight=5.0792151242494601 2.9615101367235184 6.0877860039472562 4.1446871757507333 3.7500255107879665 2.295751579105854 3.2365641072392464 7.1454235985875103
leaf_count=32 21 38 24 24 20 25 55
internal_value=-5.24778e-05 0.00268327 -0.00270197 0.00353915 0.00836003 -0.00289944 -0.0065802
internal_weight=34.701 16.6993 18.0016 6.71154 8.38354 8.31578 11.2901
internal_count=239 115 124 45 58 57 79
is_linear=0
shrinkage=0.01


Tree=205
num_leaves=6
num_cat=0
split_feature=4 4 5 20 27
split_gain=4.69068 3.55177 3.90286 3.23973 2.89486
threshold=2.9708904316194098 -1.74618851571131 -1.737902685192753 -6.4958409046589614 65.36786412884841
decision_type=2 2 2 2 2
left_child=1 3 -3 -1 -2
right_child=4 2 -4 -5 -6
leaf_value=0.0036578419224369157 -0.0092332191448881839 0.010871572947572341 0.00047843405095489912 -0.0061942827200202055 0.0039975322787940051
leaf_weight=7.7819037437438965 5.2286331430077544 8.8963566124439222 6.6907532289624205 5.3480559587478655 1.9125579595565794
leaf_count=43 41 56 45 40 11
internal_value=0.0015957 0.00344281 0.00662949 -0.000254902 -0.00540267
internal_weight=35.8583 28.7171 15.5871 13.13 7.14119
internal_count=236 184 101 83 52
is_linear=0
shrinkage=0.01


Tree=206
num_leaves=5
num_cat=0
split_feature=30 2 0 0
split_gain=6.18963 7.6289 3.23354 3.36756
threshold=0.16071832634972075 4.9143214285713528 -0.047513445200959771 0.03554740318181495
decision_type=2 2 2 2
left_child=2 -2 -1 -4
right_child=1 -3 3 -5
leaf_value=0.0045920262079373556 -0.0033500494740506337 0.017546291158251393 -0.0066864707865691908 0.0015530047446998458
leaf_weight=4.3653263747692135 2.9148889556527129 3.3875824958086014 17.074650011956695 6.3068042472004882
leaf_count=24 18 17 137 39
internal_value=-0.000773176 0.00786575 -0.0028699 -0.00438802
internal_weight=34.0493 6.30247 27.7468 23.3815
internal_count=235 35 200 176
is_linear=0
shrinkage=0.01


Tree=207
num_leaves=6
num_cat=0
split_feature=33 9 30 33 5
split_gain=7.96104 4.97288 3.35229 2.97392 2.95185
threshold=0.12913939237620933 0.3282970725690571 -0.022705594188715178 0.3930819764329328 -1.7730648047480073
decision_type=2 2 2 2 2
left_child=4 2 -2 -3 -1
right_child=1 3 -4 -5 -6
leaf_value=0.00052970882415061954 -0.010325005022942922 -0.003382914107548029 -0.00064207350077153487 0.0073966798466757605 0.013217997561496848
leaf_weight=3.3521377295255661 8.1887522265315038 3.881049767136572 7.0610176175832775 5.7963031604886055 5.0417070910334569
leaf_count=20 63 33 49 37 23
internal_value=0.000271164 -0.00251414 -0.00606908 0.0029014 0.00857402
internal_weight=33.321 24.9271 15.2498 9.67735 8.39384
internal_count=225 182 112 70 43
is_linear=0
shrinkage=0.01


Tree=208
num_leaves=5
num_cat=0
split_feature=14 33 14 34
split_gain=3.45744 3.85897 3.64696 3.16157
threshold=-0.45817211576129957 0.13443286839586263 0.058909961371728763 0.46703297941198352
decision_type=2 2 2 2
left_child=-1 2 -2 -3
right_child=1 3 -4 -5
leaf_value=0.007501988545344839 -0.00098685198739989054 -0.0016292343527876309 0.011056833123188987 -0.01053559855563159
leaf_weight=4.2485572248697272 6.9431130662560481 14.384939305484297 3.4014256298542023 5.7255151420831671
leaf_count=20 41 97 16 55
internal_value=-0.000557264 -0.00180879 0.0029854 -0.00438048
internal_weight=34.7036 30.455 10.3445 20.1105
internal_count=229 209 57 152
is_linear=0
shrinkage=0.01


Tree=209
num_leaves=6
num_cat=0
split_feature=17 20 34 14 2
split_gain=4.26106 3.72191 2.56267 2.92659 0.932704
threshold=0.56737259358766834 -5.7570139062777335 0.59934903446752752 0.058909961371728763 5.3391785714285831
decision_type=2 2 2 2 2
left_child=2 -2 3 -1 -4
right_child=1 -3 4 -5 -6
leaf_value=0.0020154251940290913 0.0035476536511161423 -0.010914050374843068 -0.0092755986994039388 0.011694224980623502 0
leaf_weight=19.40674655139447 2.2863820642232895 4.8030142262578002 1.8624521568417542 3.7026194483041754 1.599682919681072
leaf_count=120 19 39 16 19 15
internal_value=0.000627873 -0.00602471 0.00252469 0.00378161 -0.00496603
internal_weight=33.6609 7.0894 26.5715 23.1094 3.46214
internal_count=228 58 170 139 31
is_linear=0
shrinkage=0.01


Tree=210
num_leaves=7
num_cat=0
split_feature=13 8 32 13 28 6
split_gain=3.7416 3.68131 3.44514 3.41598 2.69174 2.22483
threshold=-1.3251243410968134 0.035823735323923335 0.0060923370546384211 -1.9011711147605062 -14.310314887924049 -0.17209280844820077
decision_type=2 2 2 2 2 2
left_child=1 3 -2 -1 -3 -4
right_child=2 4 5 -5 -6 -7
leaf_value=-0.0045481619150254159 0.0058815233065532494 0.016907115306622002 -0.00051403137714222855 0.0060772015864283824 0.0015425887901267192 -0.008514660529517392
leaf_weight=6.278300605714322 3.1574783250689533 2.6495083644986153 6.9813905134797105 5.2735034078359613 2.4832158759236327 8.0752417966723407
leaf_count=43 22 16 44 33 17 58
internal_value=9.64014e-05 0.00353929 -0.00295558 0.000164711 0.0103375 -0.00501771
internal_weight=34.8986 16.6845 18.2141 11.5518 5.13272 15.0566
internal_count=233 109 124 76 33 102
is_linear=0
shrinkage=0.01


Tree=211
num_leaves=5
num_cat=0
split_feature=16 5 39 3
split_gain=5.6135 4.99118 4.97904 3.02667
threshold=0.2006544303441016 -2.488647961269304 0.62351489149338424 62.741356889879761
decision_type=2 2 2 2
left_child=1 3 -3 -1
right_child=-2 2 -4 -5
leaf_value=-0.0075917277618805755 -0.010662639471003628 -0.0051382192445585421 0.0064013790324315301 0.0052613480576352923
leaf_weight=7.1834725588560122 3.9979595169425002 4.2543301135301617 18.177635513246059 2.0005849674344063
leaf_count=55 33 35 104 13
internal_value=9.61467e-06 0.00150936 0.00408593 -0.00450317
internal_weight=35.614 31.616 22.432 9.18406
internal_count=240 207 139 68
is_linear=0
shrinkage=0.01


Tree=212
num_leaves=4
num_cat=0
split_feature=4 4 35
split_gain=6.72359 4.62447 4.63934
threshold=2.9948957528044962 2.2658803647173049 0.49056605580071228
decision_type=2 2 2
left_child=1 2 -1
right_child=-2 -3 -4
leaf_value=0.0010592520947864199 -0.011321412871928158 0.012457182653372971 -0.0093236474864191628
leaf_weight=19.867577157914646 5.8111416846513739 2.5009112730622283 5.1102878153324118
leaf_count=120 42 18 44
internal_value=-0.00182723 0.000209167 -0.00107134
internal_weight=33.2899 27.4788 24.9779
internal_count=224 182 164
is_linear=0
shrinkage=0.01


Tree=213
num_leaves=7
num_cat=0
split_feature=35 28 21 20 11 36
split_gain=4.86581 6.12148 5.74649 5.65873 5.5154 0.757871
threshold=0.32926513346172509 -13.848666980659344 -0.70631938570407338 -26.120653571900217 65.657674791020824 0.66286611390019867
decision_type=2 2 2 2 2 2
left_child=1 3 -3 -1 5 -2
right_child=4 2 -4 -5 -6 -7
leaf_value=0.0080521464088624071 -0.0035929849430729557 0.0013549870498368508 0.014547376174941864 -0.0087982702003585947 0.0088803536899156928 -0.010825063634639087
leaf_weight=2.4058807194232941 3.6680574268102628 9.8277411833405477 5.0568237751722362 6.7206843271851522 1.8398788794875134 6.3490261062979698
leaf_count=12 27 60 24 51 11 57
internal_value=-0.000319659 0.00220759 0.00616749 -0.00402922 -0.0055302 -0.00855216
internal_weight=35.8681 24.0111 14.8846 9.12657 11.857 10.0171
internal_count=242 147 84 63 95 84
is_linear=0
shrinkage=0.01


Tree=214
num_leaves=6
num_cat=0
split_feature=26 18 22 27 35
split_gain=3.51757 3.62068 3.47336 3.15943 2.57457
threshold=18.880785714285725 12.31925000000011 -0.30526143815640189 19.876830865429131 0.31976119792191698
decision_type=2 2 2 2 2
left_child=2 -2 -1 -3 -4
right_child=1 3 4 -5 -6
leaf_value=0.0048893496757023112 0.011429362890659657 0.0099139140174097813 -0.0099050392813576135 -0.0005332311487509894 0.00029600589103134035
leaf_weight=3.6574659943580619 4.4548371732234981 3.223389849066737 5.983618810772894 14.559900864958761 3.4461001232266426
leaf_count=25 25 15 43 103 23
internal_value=0.00116688 0.00360951 -0.00282219 0.00138287 -0.00607732
internal_weight=35.3253 22.2381 13.0872 17.7833 9.42972
internal_count=234 143 91 118 66
is_linear=0
shrinkage=0.01


Tree=215
num_leaves=4
num_cat=0
split_feature=36 19 32
split_gain=4.53021 4.89502 4.84673
threshold=0.59932315074639919 76.255249987272094 0.21364729536066626
decision_type=2 2 2
left_child=-1 2 -2
right_child=1 -3 -4
leaf_value=-0.0087779525929081968 -0.0037166594455556833 0.01542475948092341 0.0042928336288849131
leaf_weight=3.9303265810012809 12.368048503994943 2.2911503911018363 18.069779008626938
leaf_count=28 94 11 112
internal_value=0.000882318 0.00217214 0.000968695
internal_weight=36.6593 32.729 30.4378
internal_count=245 217 206
is_linear=0
shrinkage=0.01


Tree=216
num_leaves=4
num_cat=0
split_feature=16 13 4
split_gain=4.27373 3.52776 4.82919
threshold=0.29634771050075281 0.84652045699387723 -1.74618851571131
decision_type=2 2 2
left_child=1 2 -1
right_child=-2 -3 -4
leaf_value=-0.0045026207038305491 -0.010043476381487096 0.0119790019796606 0.0039561151420830802
leaf_weight=9.6449631303548831 2.712823085486888 3.1437271162867537 20.141381248831749
leaf_count=67 23 15 134
internal_value=0.0012543 0.00232748 0.00113307
internal_weight=35.6429 32.9301 29.7863
internal_count=239 216 201
is_linear=0
shrinkage=0.01


Tree=217
num_leaves=5
num_cat=0
split_feature=25 32 3 37
split_gain=3.64929 3.53792 4.24628 0.781406
threshold=-0.64109283835801878 0.16784969638995717 38.905615396188146 0.65923078240356736
decision_type=2 2 2 2
left_child=-1 3 -3 -2
right_child=1 2 -4 -5
leaf_value=0.0069846907128037075 -0.0028628987332187956 0.010565018531248548 -0.0018536010016443792 -0.010961178864496221
leaf_weight=4.6959606707096091 3.0748905465006855 2.8455369696021107 21.393041923642159 4.3004103675484657
leaf_count=25 25 15 150 33
internal_value=-0.000878732 -0.00216412 -0.000202847 -0.00808931
internal_weight=36.3098 31.6139 24.2386 7.3753
internal_count=248 223 165 58
is_linear=0
shrinkage=0.01


Tree=218
num_leaves=4
num_cat=0
split_feature=5 32 32
split_gain=3.37902 2.63832 2.13972
threshold=1.0000000180025095e-35 0.75753372068877767 0.21364729536066626
decision_type=2 2 2
left_child=1 2 -1
right_child=-2 -3 -4
leaf_value=-0.0030692147550876411 0.009307062503498123 -0.0088339176341789769 0.0024952115149128686
leaf_weight=11.742616280913358 3.2771060839295378 3.4403352364897719 15.857096843421457
leaf_count=89 17 24 104
internal_value=4.63509e-05 -0.00094728 4.85309e-05
internal_weight=34.3172 31.04 27.5997
internal_count=234 217 193
is_linear=0
shrinkage=0.01


Tree=219
num_leaves=6
num_cat=0
split_feature=2 24 38 14 17
split_gain=3.2325 5.36723 4.32825 4.25401 2.56172
threshold=6.4767857142856959 0.18927111325879534 0.67907672583570855 -0.45817211576129957 0.23817740593494005
decision_type=2 2 2 2 2
left_child=1 3 4 -1 -2
right_child=2 -3 -4 -5 -6
leaf_value=0.0079958030602286304 0.0068782215630612056 0.010319001616083092 0.013369508813504316 -0.0044115770037276639 -0.0053521837017065765
leaf_weight=2.8560153692960766 2.9321637824177724 3.4478430673480025 4.1781439334154129 18.805262781679634 3.309134267270565
leaf_count=13 18 22 20 137 26
internal_value=0.00123951 -0.000644472 0.00585715 -0.00259773 0.000139848
internal_weight=35.5286 25.1091 10.4194 21.6613 6.2413
internal_count=236 172 64 150 44
is_linear=0
shrinkage=0.01


Tree=220
num_leaves=6
num_cat=0
split_feature=17 30 33 30 8
split_gain=4.61786 3.75627 4.79466 3.53432 0.739575
threshold=0.65935719515514057 0.077987061455600998 0.25022807947175185 -0.18437831581697603 0.14847120986161047
decision_type=2 2 2 2 2
left_child=1 3 -3 -1 -2
right_child=4 2 -4 -5 -6
leaf_value=0.0042145764640811913 -0.010573123139970332 0.00073259760838131991 0.016233628992381378 -0.0038824191173764322 -0.0014947494862467784
leaf_weight=8.9875289201736468 3.5855204537510863 5.221756234765051 3.2897311598062515 12.408501334488394 2.0528952777385712
leaf_count=59 31 31 16 86 16
internal_value=0.000154098 0.0017917 0.00729952 -0.000377799 -0.00784706
internal_weight=35.5459 29.9075 8.51149 21.396 5.63842
internal_count=239 192 47 145 47
is_linear=0
shrinkage=0.01


Tree=221
num_leaves=7
num_cat=0
split_feature=5 8 14 20 3 2
split_gain=4.42914 4.40667 4.07631 3.96419 3.55088 0.487104
threshold=-2.311976274715239 0.12638194688142321 0.093306634680172182 -1.4880528819826393 50.841719744899841 6.3545000000000149
decision_type=2 2 2 2 2 2
left_child=3 2 -2 4 -1 -3
right_child=1 5 -4 -5 -6 -7
leaf_value=-0.0065233685931833539 0.002374740797496932 -0.0013976340437344326 0.014426570204657881 -0.010883031425634699 0.0095434801385039965 -0.010005826539649449
leaf_weight=2.4510637149214745 16.353031568229206 2.0235558226704593 3.3257447779178611 5.2777921408414823 2.3814994022250175 1.889137417078018
leaf_count=19 100 18 17 43 15 13
internal_value=0.000283615 0.00270817 0.00469767 -0.00509672 0.00109977 -0.00644519
internal_weight=33.7018 23.5915 19.6788 10.1104 4.83256 3.91269
internal_count=225 148 117 77 34 31
is_linear=0
shrinkage=0.01


Tree=222
num_leaves=4
num_cat=0
split_feature=0 9 34
split_gain=3.0678 3.56631 2.64886
threshold=0.078634499112069947 -0.76754021403442774 0.0074717319674445105
decision_type=2 2 2
left_child=1 -1 -3
right_child=-2 2 -4
leaf_value=0.0088132247840935346 0.0065703024406683656 0.0070259391804027484 -0.0038401460757937242
leaf_weight=2.5088630691170719 4.779507875442504 2.0621974021196392 25.807336442172527
leaf_count=14 25 11 191
internal_value=-0.000550802 -0.00178967 -0.00289885
internal_weight=35.1579 30.3784 27.8695
internal_count=241 216 202
is_linear=0
shrinkage=0.01


Tree=223
num_leaves=6
num_cat=0
split_feature=21 2 18 20 19
split_gain=4.29938 3.58645 3.58179 4.08856 1.0315
threshold=-1.2863062683628563 6.4767857142856959 17.977857142857214 -6.4958409046589614 55.209739357862837
decision_type=2 2 2 2 2
left_child=1 4 3 -2 -1
right_child=2 -3 -4 -5 -6
leaf_value=-0.0095221623881285716 0.011412981519412255 0.0052936628310334116 -0.0055271693177247746 0.0016628592911459501 -0.001737615904350877
leaf_weight=5.486359775066374 6.8245814815163639 2.8979128748178473 3.1939978301525107 12.720821611583235 3.6546806320548058
leaf_count=43 42 19 20 87 24
internal_value=0.00104369 -0.00365037 0.00363085 0.00528911 -0.00677578
internal_weight=34.7784 12.039 22.7394 19.5454 9.14104
internal_count=235 86 149 129 67
is_linear=0
shrinkage=0.01


Tree=224
num_leaves=7
num_cat=0
split_feature=6 37 11 29 2 37
split_gain=4.18549 3.73006 3.66206 3.4334 2.6386 2.61362
threshold=-0.062726433801640932 0.68089960440013397 58.819135704782916 -0.95860728192587141 4.0688571428571398 0.56733545529509555
decision_type=2 2 2 2 2 2
left_child=1 3 -3 -1 -2 -6
right_child=4 2 -4 -5 5 -7
leaf_value=0.0010601437734346559 0.0027946111351580161 -0.0054198923839280334 0.0054079662526973259 0.015311031461992289 0.0014736239607940579 -0.0091503616634766808
leaf_weight=3.8885884657502174 3.4536343216896048 6.8849070966243726 5.1576968804001808 3.3149629607796696 2.5856456309556952 8.914930656552313
leaf_count=26 23 47 29 18 23 64
internal_value=-0.000325061 0.00267894 -0.000601687 0.00823468 -0.00429899 -0.00661557
internal_weight=34.2004 19.2462 12.0426 7.20355 14.9542 11.5006
internal_count=230 120 76 44 110 87
is_linear=0
shrinkage=0.01


Tree=225
num_leaves=7
num_cat=0
split_feature=21 13 5 13 30 21
split_gain=3.10093 4.92403 3.01437 2.57955 2.36128 2.93837
threshold=-1.2863062683628563 -1.3251243410968134 1.0000000180025095e-35 -1.9468597735972999 -0.16249301924821771 -1.9663328135544025
decision_type=2 2 2 2 2 2
left_child=4 3 -3 -2 -1 -6
right_child=1 2 -4 -5 5 -7
leaf_value=-0.010462230257984255 0.00084460767050542162 -0.0031049644357326643 0.0081617402595827084 0.012693521837172164 0.0072914792594309628 -0.0049356608158774287
leaf_weight=3.5910827666521064 3.4842894226312637 13.130831114947798 2.5383810847997657 4.9594558626413328 2.6173422932624808 5.5461840108036986
leaf_count=31 25 93 12 27 16 41
internal_value=8.65054e-05 0.00218823 -0.0010355 0.00822957 -0.00400614 -0.000659659
internal_weight=35.8676 24.113 15.6692 8.44375 11.7546 8.16353
internal_count=245 157 105 52 88 57
is_linear=0
shrinkage=0.01


Tree=226
num_leaves=5
num_cat=0
split_feature=36 14 28 28
split_gain=2.98804 3.74414 3.16788 3.06375
threshold=0.72483983974806454 -0.45817211576129957 -31.77902709514046 -1.0000000180025095e-35
decision_type=2 2 2 2
left_child=1 -1 -3 -2
right_child=3 2 -4 -5
leaf_value=0.0092373860525070215 8.8946114682570798e-05 0.007580505764703485 -0.0029330549233171702 0.015578824374288114
leaf_weight=3.4459432139992741 2.9192264899611473 2.9407819136977222 21.24342368543148 2.4183654412627211
leaf_count=16 22 17 153 13
internal_value=0.00128102 -6.64348e-07 -0.00149571 0.00791744
internal_weight=32.9677 27.6301 24.1842 5.33759
internal_count=221 186 170 35
is_linear=0
shrinkage=0.01


Tree=227
num_leaves=8
num_cat=0
split_feature=13 18 4 13 13 27 17
split_gain=3.31164 6.52363 4.42843 3.93808 2.64956 2.00116 1.8444
threshold=-1.3030996004084507 12.7797142857143 0.74724751469784689 -1.9468597735972999 -2.5722192642945534 36.229764448607668 0.35335711381491891
decision_type=2 2 2 2 2 2 2
left_child=3 2 -2 4 -1 -3 -5
right_child=1 5 -4 6 -6 -7 -8
leaf_value=0.0050289292866682036 -0.0030410586044167594 -0.00077161500248250706 0.011832369476583331 0.011693686045448641 -0.0062452060602374293 -0.0099478918678828233 0.0009124752014098397
leaf_weight=3.5748885795474061 3.1539423242211369 4.4236819297075254 4.1472384631633759 6.1276470199227315 4.0950717478990573 6.7591141015291214 2.7397100105881691
leaf_count=24 21 24 24 36 32 55 20
internal_value=0.00102557 -0.00179677 0.00527783 0.00427473 -0.000748007 -0.00660712 0.00871969
internal_weight=35.0213 18.484 7.30118 16.5373 7.66996 11.1828 8.86736
internal_count=236 124 45 112 56 79 56
is_linear=0
shrinkage=0.01


Tree=228
num_leaves=5
num_cat=0
split_feature=33 4 18 9
split_gain=3.94783 4.2063 3.58544 2.73293
threshold=0.12913939237620933 -1.74618851571131 17.747892857142855 0.34116654796003804
decision_type=2 2 2 2
left_child=3 -2 -3 -1
right_child=1 2 -4 -5
leaf_value=0.0092240714958246438 -0.0099112094756377035 -0.0023092582188049332 0.0085714749550700031 -0.0022518360209608001
leaf_weight=5.5387224555015546 5.6578431129455593 15.896687529981138 3.4133866205811492 2.6916442215442657
leaf_count=28 42 119 21 16
internal_value=-0.000522488 -0.00255749 -0.000182209 0.00528935
internal_weight=33.1983 24.9679 19.3101 8.23037
internal_count=226 182 140 44
is_linear=0
shrinkage=0.01


Tree=229
num_leaves=5
num_cat=0
split_feature=32 26 36 9
split_gain=3.05595 4.72999 5.91436 3.01995
threshold=0.17171877420797776 23.20635714285709 0.71666544713949332 -0.42348191647937039
decision_type=2 2 2 2
left_child=3 2 -2 -1
right_child=1 -3 -4 -5
leaf_value=0.0024163509937014127 -0.0013348222020653638 0.012770913775209659 0.013102600047322378 -0.0087474660427554925
leaf_weight=3.8107750341296196 17.864432916045196 3.7642313390970221 3.0409043580293647 5.1043958440422994
leaf_count=21 123 20 17 47
internal_value=0.00100607 0.00286077 0.000826596 -0.00383516
internal_weight=33.5847 24.6696 20.9053 8.91517
internal_count=228 160 140 68
is_linear=0
shrinkage=0.01


Tree=230
num_leaves=7
num_cat=0
split_feature=11 2 2 25 9 26
split_gain=2.8222 4.63961 3.0684 3.86897 2.77973 2.03934
threshold=63.453934917159735 6.1923214285713728 6.4767857142856959 0.37577264313169079 0.49318694870511609 21.382000000000001
decision_type=2 2 2 2 2 2
left_child=2 4 5 -4 -2 -1
right_child=1 -3 3 -5 -6 -7
leaf_value=-0.005187580394055028 0.017212353626539549 -0.004688180313305557 0.0077689769161380842 -0.0062828398224532593 0.0032759182154699163 0.0022455067387307228
leaf_weight=13.604126572608953 2.7875974848866445 2.7451989278197289 6.5728584900498372 2.3338240310549736 3.8451162204146385 4.3987155854701987
leaf_count=98 14 19 36 19 27 30
internal_value=0.000757551 0.00541929 -0.000835391 0.00378499 0.00991298 -0.00325511
internal_weight=36.2874 9.37791 26.9095 8.90668 6.63271 18.0028
internal_count=243 60 183 55 41 128
is_linear=0
shrinkage=0.01


Tree=231
num_leaves=6
num_cat=0
split_feature=17 19 0 13 13
split_gain=4.02629 4.5575 4.56071 4.09371 2.00419
threshold=0.56405482158345566 51.732448932491138 -0.020923386448011987 -0.56662610554184523 -0.83615379892718156
decision_type=2 2 2 2 2
left_child=1 3 -3 -1 -2
right_child=4 2 -4 -5 -6
leaf_value=-0.0038112904417749094 0 0.018307096561223559 0.0030964797661717862 0.0063978608432255467 -0.010628326260098542
leaf_weight=13.094712302088739 3.3430130034685135 2.5772434473037711 8.3408873751759511 5.200112737715247 3.8352313116192809
leaf_count=90 27 13 55 29 32
internal_value=0.000515347 0.00222167 0.00725881 -0.000745486 -0.00597191
internal_weight=36.3912 29.213 10.9181 18.2948 7.17824
internal_count=246 187 68 119 59
is_linear=0
shrinkage=0.01


Tree=232
num_leaves=6
num_cat=0
split_feature=30 2 32 32 24
split_gain=3.47575 4.27385 3.85332 5.25569 4.03697
threshold=0.11809301747987204 5.3391785714285831 0.322598949133024 0.21364729536066626 0.15792449798214422
decision_type=2 2 2 2 2
left_child=2 -2 3 -1 -4
right_child=1 -3 4 -5 -6
leaf_value=-0.0022399397649703269 -0.0010129705890044327 0.013391339786757271 -0.010255148127356142 0.0094041153514610003 0.0031176261663803636
leaf_weight=11.864766173064714 3.692890189588069 3.6908206790685654 7.1514616683125478 5.3104189708828917 2.7876279279589653
leaf_count=90 24 17 55 34 17
internal_value=0.000175891 0.0061686 -0.00143272 0.00134549 -0.00632769
internal_weight=34.498 7.38371 27.1143 17.1752 9.93909
internal_count=237 41 196 124 72
is_linear=0
shrinkage=0.01


Tree=233
num_leaves=4
num_cat=0
split_feature=39 37 3
split_gain=2.21611 2.74224 2.69932
threshold=0.73839467162648231 0.72264528102937597 68.209807698381169
decision_type=2 2 2
left_child=1 2 -1
right_child=-2 -3 -4
leaf_value=0.0017595283529712258 0.0095621944620906656 -0.0087478118201835559 -0.0074106412692316916
leaf_weight=25.156421169638641 2.0834696367382994 3.2402697280049315 3.3385392129421225
leaf_count=167 11 21 31
internal_value=0.000224187 -0.000410243 0.000549658
internal_weight=33.8187 31.7352 28.495
internal_count=230 219 198
is_linear=0
shrinkage=0.01


Tree=234
num_leaves=4
num_cat=0
split_feature=6 28 21
split_gain=3.48489 3.17813 3.26081
threshold=-0.343495354214088 -26.490054117674386 -0.56906578718883483
decision_type=2 2 2
left_child=-1 -2 -3
right_child=1 2 -4
leaf_value=-0.0099830909925846256 0.0098310224167137746 -0.0024020376377473073 0.0045869852589386405
leaf_weight=2.5509551092982283 3.7333354428410557 16.902034342288974 10.552041009068487
leaf_count=20 20 122 69
internal_value=0.000518494 0.00152791 0.000232694
internal_weight=33.7384 31.1874 27.4541
internal_count=231 211 191
is_linear=0
shrinkage=0.01


Tree=235
num_leaves=5
num_cat=0
split_feature=0 1 20 0
split_gain=2.79999 5.11196 3.87016 1.62055
threshold=0.056706726558671296 0.14049334141594794 3.1861589256345728 0.036854683412831719
decision_type=2 2 2 2
left_child=1 2 -1 -3
right_child=-2 3 -4 -5
leaf_value=-0.00090224957101003465 0.0072920562873837755 -0.0095687842226928541 0.0082738057240041626 0
leaf_weight=12.059042133390909 5.1640111878514281 5.9488155543804151 6.783246047794818 2.910895973443985
leaf_count=87 28 51 41 20
internal_value=0.000723907 -0.000494064 0.00237456 -0.00669117
internal_weight=32.866 27.702 18.8423 8.85971
internal_count=227 199 128 71
is_linear=0
shrinkage=0.01


Tree=236
num_leaves=5
num_cat=0
split_feature=6 11 3 36
split_gain=1.92127 2.1424 3.52735 3.01226
threshold=0.23538630723948625 44.754961408240042 64.871158460482732 0.67471369513083324
decision_type=2 2 2 2
left_child=1 3 -3 -1
right_child=-2 2 -4 -5
leaf_value=-0.0090998620261893669 -0.0072241179849891011 0.0057265182425499861 -0.0031859913879344454 0.0012632734430313495
leaf_weight=3.6887417882680884 2.4864461943507186 15.746483288705351 5.6029573306441298 8.4906997010111791
leaf_count=24 20 104 45 55
internal_value=0.000654328 0.00135659 0.0032834 -0.00185841
internal_weight=36.0153 33.5289 21.3494 12.1794
internal_count=248 228 149 79
is_linear=0
shrinkage=0.01


Tree=237
num_leaves=7
num_cat=0
split_feature=0 29 32 28 37 28
split_gain=2.67457 4.09487 4.30894 2.66002 3.66686 2.25296
threshold=-0.0099895031989421287 -0.49839375929261615 0.22495848882967676 -13.33816555615749 0.67962974940208121 7.9889443668989779
decision_type=2 2 2 2 2 2
left_child=3 5 -3 -1 -5 -2
right_child=1 2 -4 4 -6 -7
leaf_value=-0.0035713369069189011 -0.0074085960039245837 -0.0040620231732001995 0.010074200519581624 0.013692825342848988 0 0.0023554578786979434
leaf_weight=3.4407478049397469 12.628097876906393 3.8586372137069729 3.9801789671182632 3.4573539420962316 4.4595020413398743 2.3892016708850852
leaf_count=23 98 31 21 19 27 16
internal_value=-0.000634338 -0.0026437 0.00297671 0.00320173 0.00641169 -0.00570889
internal_weight=34.2137 22.8561 7.83882 11.3576 7.91686 15.0173
internal_count=235 166 52 69 46 114
is_linear=0
shrinkage=0.01


Tree=238
num_leaves=6
num_cat=0
split_feature=21 0 8 29 34
split_gain=7.07004 4.49713 4.05354 2.0277 1.893
threshold=-1.2863062683628563 0.056706726558671296 0.014412069676056674 -1.7124129259061787 0.13870853994991086
decision_type=2 2 2 2 2
left_child=3 2 -2 -1 -5
right_child=1 -3 -4 4 -6
leaf_value=0.00089809862367857532 0.0044064459514090264 0.011295052259590257 -0.0051120035324479663 0 -0.011013087469330584
leaf_weight=2.4617212042212477 11.099718175828462 4.9068221896886817 6.9912512674927703 2.2477042153477651 6.9217621386051178
leaf_count=14 66 25 58 13 60
internal_value=-6.82299e-05 0.00308058 0.000595909 -0.00638276 -0.00851518
internal_weight=34.629 22.9978 18.091 11.6312 9.16947
internal_count=236 149 124 87 73
is_linear=0
shrinkage=0.01


Tree=239
num_leaves=6
num_cat=0
split_feature=14 32 14 4 16
split_gain=4.10186 2.98911 2.57091 1.92917 1.07803
threshold=-0.39467734717860997 0.45739840039002905 -0.10730219686805835 1.880535052929645 0.059629492494658744
decision_type=2 2 2 2 2
left_child=4 2 -2 -3 -1
right_child=1 3 -4 -5 -6
leaf_value=0.010230477983874808 0.0044961661216156848 -0.01081980359602683 -0.0025740833512868859 0 0.0012917144935196401
leaf_weight=4.0082460492849341 8.4755092263221776 4.4256630614399901 11.976410411298275 2.0080275125801563 2.9399981200695038
leaf_count=18 58 36 93 13 16
internal_value=0.000200966 -0.00152289 0.000282174 -0.00731493 0.00693417
internal_weight=33.8339 26.8856 20.4519 6.43369 6.94824
internal_count=234 200 151 49 34
is_linear=0
shrinkage=0.01


Tree=240
num_leaves=7
num_cat=0
split_feature=30 33 24 13 8 24
split_gain=3.34523 6.75066 4.92235 4.10675 3.75304 1.7654
threshold=-0.089835568203355948 0.12913939237620933 -0.047670824972252758 -1.5387663678099159 -0.013022027316781865 0.18927111325879534
decision_type=2 2 2 2 2 2
left_child=1 -1 -3 4 -2 -5
right_child=3 2 -4 5 -6 -7
leaf_value=0.014125104842770485 0.010238534543578669 -0.010806327016817708 0.0033855648143843141 -0.0095649632428101636 -0.002948063929807366 0
leaf_weight=3.8562929183244696 3.0771723762154579 3.1514366418123236 7.9123082235455504 7.7379436939954775 5.404021888971327 2.0132098272442818
leaf_count=18 18 22 60 57 39 13
internal_value=-0.000178494 0.0032335 -0.00065947 -0.00308569 0.00179491 -0.00745651
internal_weight=33.1524 14.92 11.0637 18.2323 8.48119 9.75115
internal_count=227 100 82 127 57 70
is_linear=0
shrinkage=0.01


Tree=241
num_leaves=6
num_cat=0
split_feature=36 36 21 11 9
split_gain=2.62484 4.47291 4.44995 2.93998 0.750799
threshold=0.60884461388312416 0.66286611390019867 -1.1648496000023394 60.439376445599756 0.40460308426514507
decision_type=2 2 2 2 2
left_child=4 3 -3 -2 -1
right_child=1 2 -4 -5 -6
leaf_value=-0.010349333687951181 0.0021398708478834873 -0.0075997667694841292 0.0018632268208529641 0.01507851902767764 -0.00084185699987618021
leaf_weight=2.5587051063776007 5.3991072848439234 7.2563996315002468 13.744181662797926 2.8001985028386116 1.9604743830859659
leaf_count=19 33 58 95 15 15
internal_value=-5.30971e-05 0.00100619 -0.00137364 0.0071702 -0.00694904
internal_weight=33.7191 29.1999 21.0006 8.19931 4.51918
internal_count=235 201 153 48 34
is_linear=0
shrinkage=0.01


Tree=242
num_leaves=8
num_cat=0
split_feature=22 5 34 28 34 35 32
split_gain=3.70667 4.95218 3.0572 3.0211 2.9722 1.12351 0.902913
threshold=-0.060505316984116299 -1.3084297945416796 0.62931475278222637 -21.138217985773732 0.13870853994991086 0.49651493796515406 0.45739840039002905
decision_type=2 2 2 2 2 2 2
left_child=2 5 3 -1 -3 -2 -4
right_child=1 4 6 -5 -6 -7 -8
leaf_value=-0.0030758026029142609 -0.011270973497689345 0.0076657018471075139 0 0.0070790717002316914 -0.0047386552204250086 -0.0011813358046641315 -0.0093758628098906914
leaf_weight=3.4068471416831008 6.3099041655659658 3.8583126962184897 1.6983069553971284 11.359938837587835 3.1600857600569725 1.9737362302839754 1.9276812225580213
leaf_count=24 47 19 16 66 29 16 17
internal_value=-0.000438924 -0.00408318 0.00250282 0.0045889 0.00184196 -0.00922524 -0.00518475
internal_weight=33.6948 15.302 18.3928 14.7668 7.0184 8.28364 3.62599
internal_count=234 111 123 90 48 63 33
is_linear=0
shrinkage=0.01


Tree=243
num_leaves=5
num_cat=0
split_feature=30 29 32 29
split_gain=3.41277 4.61187 3.66751 2.50085
threshold=0.16905352082626526 -1.152632507307332 0.6164345031531443 0.37147216892557267
decision_type=2 2 2 2
left_child=2 -2 3 -1
right_child=1 -3 -4 -5
leaf_value=0.001118175570718112 -0.0035990517788361555 0.012750946584829764 -0.0094612169665762615 -0.010073388197140296
leaf_weight=20.575301043689258 2.4671024158596992 3.9471559897065154 4.647896245121955 1.9073224812746037
leaf_count=151 16 19 34 13
internal_value=-4.46087e-05 0.00628458 -0.00166625 0
internal_weight=33.5448 6.41426 27.1305 22.4826
internal_count=233 35 198 164
is_linear=0
shrinkage=0.01


Tree=244
num_leaves=7
num_cat=0
split_feature=32 32 24 33 14 8
split_gain=3.14204 5.3096 3.66719 3.38724 3.19757 0.545632
threshold=0.16784969638995717 0.34759501374371843 0.10657330591196831 0.0667171989368361 -0.39467734717860997 -0.041116266199945038
decision_type=2 2 2 2 2 2
left_child=3 2 -2 -1 -3 -5
right_child=1 4 -4 5 -6 -7
leaf_value=0.0028763761797268922 0.009410789239376386 0.005164650228667981 -0.0017416765117926137 -0.0024291207748110945 -0.0057279912262204495 -0.010753019440863973
leaf_weight=3.1134847626090032 8.7744731307029742 3.1666583418846121 3.8392661213874808 1.97030933201313 10.365426108241079 5.1945738643407822
leaf_count=18 49 17 29 12 78 47
internal_value=-0.000538565 0.00124788 0.00589982 -0.00517846 -0.00297767 -0.00892152
internal_weight=36.4242 26.1458 12.6137 10.2784 13.5321 7.16488
internal_count=250 173 78 77 95 59
is_linear=0
shrinkage=0.01


Tree=245
num_leaves=7
num_cat=0
split_feature=38 32 5 14 32 14
split_gain=4.3446 5.28022 4.10771 2.68787 2.72497 2.44012
threshold=0.69641606360715402 0.16784969638995717 -2.8979827167093117 -0.40179133132982386 0.37437259007457135 -1.0000000180025095e-35
decision_type=2 2 2 2 2 2
left_child=3 5 -3 -1 -5 -2
right_child=1 2 -4 4 -6 -7
leaf_value=0.0054169212196473913 -0.010481460511369594 -0.0032336616067139613 0.01026374265436183 -0.0012898399037982603 -0.010795588978820657 0.0026807124264018223
leaf_weight=2.7996208518743542 2.6298854798078537 2.4427185431122789 10.391359731554981 9.6220868304371816 4.6131522804498664 2.1709674000740078
leaf_count=15 19 16 56 75 39 17
internal_value=0.000678613 0.00416945 0.00752731 -0.00282944 -0.00466716 -0.00432977
internal_weight=34.6698 17.6349 12.8341 17.0349 14.2352 4.80085
internal_count=237 108 72 129 114 36
is_linear=0
shrinkage=0.01


Tree=246
num_leaves=4
num_cat=0
split_feature=28 27 8
split_gain=3.17447 3.3232 3.26665
threshold=7.4963463914173198 19.876830865429131 -0.037467090867781133
decision_type=2 2 2
left_child=1 -1 -3
right_child=-2 2 -4
leaf_value=0.0079919580293476809 0.0074445929764803036 0.0022861560379845926 -0.0048070082148265912
leaf_weight=3.0125346630811718 4.3679855763912192 8.9910475611686724 19.561399478465319
leaf_count=14 27 54 149
internal_value=-0.000193422 -0.00137328 -0.00250354
internal_weight=35.933 31.565 28.5524
internal_count=244 217 203
is_linear=0
shrinkage=0.01


Tree=247
num_leaves=6
num_cat=0
split_feature=1 17 36 29 38
split_gain=3.41624 5.38528 6.13465 3.83295 4.02784
threshold=-0.35627872247758324 -0.50919894860507287 0.64964788398156936 -1.3720757433658528 0.69455835161587809
decision_type=2 2 2 2 2
left_child=1 -1 -3 -2 -5
right_child=3 2 -4 4 -6
leaf_value=-0.0026363024278161459 -0.010600355975189376 0 0.018526977852794495 -0.0040427006695659337 0.0047062289379927727
leaf_weight=4.3319120481610298 3.2379781305789939 2.827741473913191 4.0250536277890205 9.3629902005195671 11.099589131772516
leaf_count=26 27 19 23 77 69
internal_value=0.0011313 0.00563571 0.0110356 -0.00095495 0.000606114
internal_weight=34.8853 11.1847 6.8528 23.7006 20.4626
internal_count=241 68 42 173 146
is_linear=0
shrinkage=0.01


Tree=248
num_leaves=6
num_cat=0
split_feature=28 17 14 29 30
split_gain=4.42809 4.06843 2.95006 2.82981 1.79988
threshold=7.2160671891383581 -0.14873091160239563 -0.19404036290042354 0.28135691581701466 0.16905352082626526
decision_type=2 2 2 2 2
left_child=2 -2 4 -4 -1
right_child=1 -3 3 -5 -6
leaf_value=0.00039595397459974709 0.016610807789511347 -0.00013504529312511026 -0.0049039218542417315 0.0069069071147106181 0.008884149942651836
leaf_weight=8.5992279946804064 2.9271945357322693 2.2073020413517943 14.034709479659798 1.9677344411611546 3.5963769555091849
leaf_count=59 16 16 114 10 18
internal_value=0.00115288 0.00943375 -0.000368221 -0.00322855 0.0032123
internal_weight=33.3325 5.1345 28.198 16.0024 12.1956
internal_count=233 32 201 124 77
is_linear=0
shrinkage=0.01


Tree=249
num_leaves=7
num_cat=0
split_feature=32 32 12 19 13 4
split_gain=2.88136 7.80582 4.16504 3.67704 2.28877 1.78044
threshold=0.21364729536066626 0.28154285412469066 -7.0998768745539556 76.255249987272094 1.0000000180025095e-35 -1.5897476875670689
decision_type=2 2 2 2 2 2
left_child=3 5 -3 4 -1 -2
right_child=1 2 -4 -5 -6 -7
leaf_value=-0.0079783452199001289 0.0032602134411210178 0.0074778629016585135 -0.0047414160657604804 0.0077515027308224949 0.0025857135640592888 0.016879042970874874
leaf_weight=10.376368664205073 2.1848664432764053 3.2782608196139327 11.519844304770229 1.893251098692416 2.0594558641314498 3.0373315289616611
leaf_count=84 14 17 86 10 14 16
internal_value=-0.000546353 0.00182808 -0.00180718 -0.00397003 -0.00605213 0.01203
internal_weight=34.3494 20.0203 14.7981 14.3291 12.4358 5.2222
internal_count=241 133 103 108 98 30
is_linear=0
shrinkage=0.01


Tree=250
num_leaves=5
num_cat=0
split_feature=14 14 20 37
split_gain=2.78205 3.3266 2.89759 2.13863
threshold=0.24643481431289041 -0.39467734717860997 -1.036275293824019 0.69640322045902547
decision_type=2 2 2 2
left_child=1 3 -3 -1
right_child=-2 2 -4 -5
leaf_value=-0.00026162017153374826 0.010313971023222287 0.00035615139716310164 -0.0063729746366722271 0.010332097793536029
leaf_weight=3.0245756059885052 2.1787170544266692 14.587377823889259 10.393903180956837 3.5825639516115189
leaf_count=17 14 101 85 16
internal_value=5.75586e-05 -0.000677505 -0.00240691 0.00539228
internal_weight=33.7671 31.5884 24.9813 6.60714
internal_count=233 219 186 33
is_linear=0
shrinkage=0.01


Tree=251
num_leaves=8
num_cat=0
split_feature=28 1 27 26 8 39 26
split_gain=2.29063 4.581 5.26616 3.03578 2.88203 1.91078 1.37348
threshold=-13.848666980659344 -0.35627872247758324 53.130356102245244 19.724750000000089 0.033476690764697427 0.65820204278086403 24.275571428571414
decision_type=2 2 2 2 2 2 2
left_child=4 3 -3 -2 6 -6 -1
right_child=1 2 -4 -5 5 -7 -8
leaf_value=-0.01123449885914218 0.01245611167119612 0.0035813640999353318 -0.0078190994423602417 0 0.0084881122310175826 -0.0029066602062432475 -0.00056012302848349501
leaf_weight=4.2496772557497007 4.8560508936643609 8.795143395662306 6.8825389221310624 3.019854910671711 2.1112186908721924 3.2021922767162323 2.2465067282319069
leaf_count=31 27 55 56 20 17 23 13
internal_value=-5.98286e-05 0.00168189 -0.00135113 0.00779204 -0.00365435 0.00147629 -0.00802505
internal_weight=35.3632 23.5536 15.6777 7.87591 11.8096 5.31341 6.49618
internal_count=242 158 111 47 84 40 44
is_linear=0
shrinkage=0.01


Tree=252
num_leaves=5
num_cat=0
split_feature=14 28 10 35
split_gain=4.51389 3.14915 2.37688 1.86318
threshold=-0.39467734717860997 15.13291670441504 12.686821428571324 0.2853774056050476
decision_type=2 2 2 2
left_child=3 2 -2 -1
right_child=1 -3 -4 -5
leaf_value=0.012747273831305181 -0.00013944637360338016 0.010320344120220886 -0.0076357017928418511 0.0015102614068853487
leaf_weight=3.7183804959058753 22.756971511989839 2.0653086602687827 5.0726654529571524 3.1914968192577362
leaf_count=16 170 10 37 17
internal_value=0.000988227 -0.000656682 -0.00164379 0.00811338
internal_weight=36.8048 29.8949 27.8296 6.90988
internal_count=250 217 207 33
is_linear=0
shrinkage=0.01


Tree=253
num_leaves=6
num_cat=0
split_feature=36 32 18 32 22
split_gain=2.43405 4.10072 5.17654 4.63301 1.38136
threshold=0.59932315074639919 0.21364729536066626 11.796214285714379 0.27587037860284069 -0.16055576402747701
decision_type=2 2 2 2 2
left_child=4 2 -2 -3 -1
right_child=1 3 -4 -5 -6
leaf_value=0 0.0090709376918359872 0.015567880390299051 -0.0053054851281367178 0.0026863974708522505 -0.010230209337958164
leaf_weight=2.1142761409282684 2.9647605866193798 3.4604452624917057 9.9288535565137845 14.011559404432772 2.2484591491520396
leaf_count=15 19 21 77 88 16
internal_value=0.001366 0.00242402 -0.00171709 0.00556992 -0.00525127
internal_weight=34.7284 30.3656 12.8936 17.472 4.36274
internal_count=236 205 96 109 31
is_linear=0
shrinkage=0.01


Tree=254
num_leaves=5
num_cat=0
split_feature=15 19 37 7
split_gain=2.64769 2.78263 2.42891 1.01434
threshold=0.23560642566811188 24.687644714732823 0.69425841194140359 0.84593812960363579
decision_type=2 2 2 2
left_child=1 -1 -3 -2
right_child=3 2 -4 -5
leaf_value=-0.0056468128810269573 -0.0098164960789794472 0.00049031914921934599 0.0067102505974505205 0
leaf_weight=3.5708103999495533 2.4209470823407164 15.11532547324896 11.537226960062979 2.1834962666034698
leaf_count=20 20 117 68 13
internal_value=0.000997835 0.00213382 0.0033017 -0.00572536
internal_weight=34.8278 30.2234 26.6526 4.60444
internal_count=238 205 185 33
is_linear=0
shrinkage=0.01


Tree=255
num_leaves=6
num_cat=0
split_feature=17 20 0 22 30
split_gain=4.24157 3.12907 5.90829 2.05694 1.69258
threshold=0.65935719515514057 3.1861589256345728 -0.0094040518957664489 -0.14350541225769614 -0.10496186057858004
decision_type=2 2 2 2 2
left_child=1 3 -3 -1 -2
right_child=4 2 -4 -5 -6
leaf_value=0.0038692332032915795 0 0.016295431310954837 9.8202163707173217e-05 -0.0027805748523757551 -0.01062305490334081
leaf_weight=7.4364960044622448 2.401160903275013 3.654552549123764 5.8310610353946668 11.32491494715214 3.7577608972787848
leaf_count=46 20 20 38 76 31
internal_value=0.000561135 0.00226481 0.0068512 -2.04412e-05 -0.00668515
internal_weight=34.4059 28.247 9.48561 18.7614 6.15892
internal_count=231 180 58 122 51
is_linear=0
shrinkage=0.01


Tree=256
num_leaves=7
num_cat=0
split_feature=39 10 32 39 11 19
split_gain=2.37124 3.70774 3.34788 2.59584 3.24292 0.576737
threshold=0.68133461671180706 7.427249999999991 0.22495848882967676 0.66093402162548776 55.231916634388405 41.953303964693752
decision_type=2 2 2 2 2 2
left_child=3 -2 -3 4 -1 -5
right_child=1 2 -4 5 -6 -7
leaf_value=-0.0035750563768868738 -0.0056113269755367588 0 0.010059395614132764 -0.0016239885502521379 0.0064436157527077266 -0.010170281485722613
leaf_weight=6.5450167655944842 2.9560264945030239 5.5523194447159758 8.0721181184053403 2.0674403458833686 5.6843416728079319 2.9273675084114075
leaf_count=52 20 34 42 15 43 24
internal_value=0.00110305 0.00380307 0.00606618 -0.00140255 0.000964892 -0.00730299
internal_weight=33.8046 16.5805 13.6244 17.2242 12.2294 4.99481
internal_count=230 96 76 134 95 39
is_linear=0
shrinkage=0.01


Tree=257
num_leaves=6
num_cat=0
split_feature=15 13 35 26 14
split_gain=2.98926 3.41902 5.27412 2.79527 0.249673
threshold=0.23560642566811188 -1.3030996004084507 0.20005048962880231 18.880785714285725 -0.020786906415765593
decision_type=2 2 2 2 2
left_child=1 3 -3 -1 -2
right_child=4 2 -4 -5 -6
leaf_value=0 -0.010013849079841432 0.0037020915770207331 -0.0074452821989799238 0.0085664029911798195 -0.0025033125812753427
leaf_weight=6.770576827228072 2.2405639365315437 8.1411542892456072 8.036812596023081 8.2520345672965032 1.9370772466063488
leaf_count=49 17 46 64 50 14
internal_value=0.000200868 0.0013399 -0.001749 0.004766 -0.00737909
internal_weight=35.3782 31.2006 16.178 15.0226 4.17764
internal_count=240 209 110 99 31
is_linear=0
shrinkage=0.01


Tree=258
num_leaves=5
num_cat=0
split_feature=19 27 3 0
split_gain=4.51131 4.30628 3.3539 1.51662
threshold=76.789312233961724 55.082072844949998 63.656442638947802 -0.010916241908457499
decision_type=2 2 2 2
left_child=1 2 -1 -3
right_child=-2 3 -4 -5
leaf_value=-0.00029630452980984704 0.012266331981178472 -0.00012022575316025479 0.0098135635840067344 -0.0096061111002449032
leaf_weight=18.989067271351821 2.5218148976564398 2.9320180043578148 3.5846744850277892 5.8631388470530492
leaf_count=124 12 19 25 50
internal_value=0.000100261 -0.000921576 0.00132934 -0.006772
internal_weight=33.8907 31.3689 22.5737 8.79516
internal_count=230 218 149 69
is_linear=0
shrinkage=0.01


Tree=259
num_leaves=6
num_cat=0
split_feature=34 22 13 34 6
split_gain=4.84609 4.60508 4.17344 3.83849 0.168638
threshold=0.57617527066779439 -0.078589476621593449 -1.9468597735972999 0.13433729090616689 -0.12265456861015418
decision_type=2 2 2 2 2
left_child=1 2 -1 -3 -2
right_child=4 3 -4 -5 -6
leaf_value=-0.0024071642338510568 -0.0026620598793620025 0.0017767900097102262 0.0091516961670024526 -0.0080849293995033707 -0.010280618129943336
leaf_weight=4.0023974627256385 1.4689582884311674 9.3535820394754392 9.8988576605916041 6.1681215912103644 3.6572499088942996
leaf_count=28 15 55 54 53 35
internal_value=0 0.00154219 0.00570233 -0.00209471 -0.00873392
internal_weight=34.5492 29.423 13.9013 15.5217 5.12621
internal_count=240 190 82 108 50
is_linear=0
shrinkage=0.01


Tree=260
num_leaves=4
num_cat=0
split_feature=28 28 0
split_gain=2.80651 3.42875 5.19548
threshold=7.9889443668989779 -31.77902709514046 -0.04167153864843496
decision_type=2 2 2
left_child=1 -1 -3
right_child=-2 2 -4
leaf_value=0.006524049655004225 0.0070482806713671074 0.0075910639093133706 -0.005157704696574574
leaf_weight=3.5651142671704319 3.3602139800786963 3.3105606064200428 23.421202514320612
leaf_count=20 20 18 176
internal_value=-0.00111684 -0.00214802 -0.00343814
internal_weight=33.6571 30.2969 26.7318
internal_count=234 214 194
is_linear=0
shrinkage=0.01


Tree=261
num_leaves=7
num_cat=0
split_feature=5 18 4 6 4 6
split_gain=2.77251 2.923 4.22953 3.28692 2.84673 1.90702
threshold=-2.488647961269304 13.013607142857188 1.3009489890823718 -0.14825579040871542 -0.21861613903502072 -0.17209280844820077
decision_type=2 2 2 2 2 2
left_child=4 2 -2 -3 -1 -6
right_child=1 3 -4 -5 5 -7
leaf_value=-0.010718900239155223 -0.00068648995587431197 0.0047163829980820171 0.012177730279173616 -0.0043874991142125236 0.0052928525257494845 -0.0061583789564177965
leaf_weight=4.0877661928534508 4.5129318311810511 5.8830191418528583 4.8003178611397743 10.417289804667233 2.945826843380928 2.3307388573884946
leaf_count=34 31 37 29 74 19 18
internal_value=-0.000144787 0.00150291 0.00590916 -0.000955441 -0.0047653 0
internal_weight=34.9779 25.6136 9.31325 16.3003 9.36433 5.27657
internal_count=242 171 60 111 71 37
is_linear=0
shrinkage=0.01


Tree=262
num_leaves=6
num_cat=0
split_feature=17 17 33 28 36
split_gain=3.06225 6.02891 4.49293 3.62538 2.37167
threshold=0.56737259358766834 0.2942484327628464 0.34666544759271145 -19.830259030027261 0.67378369614075373
decision_type=2 2 2 2 2
left_child=1 2 -1 -2 -3
right_child=3 4 -4 -5 -6
leaf_value=0.0018197679251388741 0.0032751638862919918 0.015916059525434883 -0.0079771537099433236 -0.010902432867453902 0.0021858257837641414
leaf_weight=14.72145008295775 2.3636628314852715 3.0343608036637297 6.4071133881807318 4.7015480138361445 2.8195652142167091
leaf_count=92 21 17 49 40 19
internal_value=-0.000177145 0.00130929 -0.00112785 -0.00594757 0.0100568
internal_weight=34.0477 26.9825 21.1286 7.06521 5.85393
internal_count=238 177 141 61 36
is_linear=0
shrinkage=0.01


Tree=263
num_leaves=7
num_cat=0
split_feature=21 32 32 37 16 30
split_gain=3.28628 3.67857 3.72417 2.45396 2.06799 2.67664
threshold=-1.2863062683628563 0.16784969638995717 0.39284312133422511 0.62128602917399212 -0.062401981055029823 0.26567571115164113
decision_type=2 2 2 2 2 2
left_child=4 3 -3 -2 -1 -6
right_child=1 2 -4 -5 5 -7
leaf_value=0.0030040761834836662 0.0011906679002562427 0.0082053480358579428 -0.001364476058884804 -0.010593747701222553 -0.010044374232023295 0.0010977932668801993
leaf_weight=2.104586385190486 2.9369776695966747 8.9415216296911222 6.5757905989885321 3.183945506811142 7.1881024502217752 2.5206658393144608
leaf_count=14 24 54 42 25 60 17
internal_value=-0.000814749 0.00143103 0.00407453 -0.00483636 -0.00502695 -0.00700554
internal_weight=33.4516 21.6382 15.5173 6.12092 11.8134 9.70877
internal_count=236 145 96 49 91 77
is_linear=0
shrinkage=0.01


Tree=264
num_leaves=5
num_cat=0
split_feature=5 8 22 10
split_gain=3.49648 2.04572 3.09805 2.24977
threshold=1.0000000180025095e-35 -0.051394512720640655 0.16802237339484224 9.7292499999999311
decision_type=2 2 2 2
left_child=1 3 -3 -1
right_child=-2 2 -4 -5
leaf_value=-0.0024352315756239846 0.0093401063249586597 -0.00025174660140425171 -0.010486622408869087 0.008499964107435266
leaf_weight=2.6082403883338001 3.8486393317580214 20.212825622409586 3.2640464827418318 4.3206074982881546
leaf_count=16 19 151 26 22
internal_value=0.00070621 -0.000402078 -0.0018732 0.0041767
internal_weight=34.2544 30.4057 23.4769 6.92885
internal_count=234 215 177 38
is_linear=0
shrinkage=0.01


Tree=265
num_leaves=6
num_cat=0
split_feature=21 6 33 20 6
split_gain=3.08618 4.49018 4.71966 3.80014 0.731596
threshold=-1.2863062683628563 0.098124356254504566 0.3425609893008546 7.1100360528889732 -0.13504217883349981
decision_type=2 2 2 2 2
left_child=3 2 -2 4 -1
right_child=1 -3 -4 -5 -6
leaf_value=-0.0020255099307968892 0.0013448372272673809 -0.0065141290986421001 0.0125873716319408 0.0071026523370043681 -0.0095649544926846002
leaf_weight=3.0657092332839966 11.940778713673359 3.6287036389112464 5.5446876659989348 2.1136088073253632 4.6511633358895796
leaf_count=25 82 28 33 11 36
internal_value=0.000813167 0.00300918 0.00517451 -0.00365549 -0.00700709
internal_weight=30.9447 21.1142 17.4855 9.83048 7.71687
internal_count=215 143 115 72 61
is_linear=0
shrinkage=0.01


Tree=266
num_leaves=5
num_cat=0
split_feature=4 5 13 5
split_gain=3.25813 2.76397 3.35226 0.312291
threshold=3.428923751253024 -3.2462757046257038 -1.3251243410968134 -1.5874295421014546
decision_type=2 2 2 2
left_child=1 -1 -3 -2
right_child=3 2 -4 -5
leaf_value=-0.0093243772732109296 -0.010154479214245005 0.0055148584954363292 -0.0010889549232259966 -0.0024107903573286895
leaf_weight=1.7691231518983865 2.2436794005334377 16.332189776003364 13.358131792396305 2.0297348946332923
leaf_count=14 16 110 92 15
internal_value=0.00050264 0.00168636 0.00249584 -0.00731319
internal_weight=35.7329 31.4594 29.6903 4.27341
internal_count=247 216 202 31
is_linear=0
shrinkage=0.01


Tree=267
num_leaves=7
num_cat=0
split_feature=32 32 25 8 10 1
split_gain=4.97116 4.48229 4.27818 3.97564 3.36372 2.55866
threshold=0.21742174740844017 0.45739840039002905 0.44547567675037147 -0.041116266199945038 9.3447500000000421 0.61605981033139257
decision_type=2 2 2 2 2 2
left_child=3 2 -2 -1 -3 -5
right_child=1 4 -4 5 -6 -7
leaf_value=0.0047074280934353745 0.012572562172790982 -0.0065083443199613466 -0.0012178610414978123 -0.0096895114533507715 0.0041790175187786894 0.0011958053623956062
leaf_weight=3.691565766930581 7.4223860576748866 4.7719542458653432 2.749098002910614 7.6128405071794951 6.6757148951292038 2.4612814113497734
leaf_count=20 40 36 22 72 39 16
internal_value=0.000979094 0.00399278 0.00872625 -0.00359596 -0.000158192 -0.00687958
internal_weight=35.3848 21.6192 10.1715 13.7657 11.4477 10.0741
internal_count=245 137 62 108 75 88
is_linear=0
shrinkage=0.01


Tree=268
num_leaves=4
num_cat=0
split_feature=28 15 32
split_gain=3.51811 3.52253 3.11374
threshold=7.2160671891383581 0.23560642566811188 0.21742174740844017
decision_type=2 2 2
left_child=1 2 -1
right_child=-2 -3 -4
leaf_value=-0.0038788632184201949 0.0078653559130814326 -0.010460747268957061 0.0029020016947615924
leaf_weight=10.888376396149402 4.9441838189959517 3.1839095503091803 16.756093144416809
leaf_count=85 29 25 108
internal_value=0.000246772 -0.000974855 0.000146671
internal_weight=35.7726 30.8284 27.6445
internal_count=247 218 193
is_linear=0
shrinkage=0.01


Tree=269
num_leaves=6
num_cat=0
split_feature=3 6 21 8 35
split_gain=2.93291 2.81627 3.05778 2.77119 1.35213
threshold=37.033134561147101 0.098124356254504566 -1.2863062683628563 -0.009803807718571915 0.21765120472826119
decision_type=2 2 2 2 2
left_child=3 2 -2 4 -1
right_child=1 -3 -4 -5 -6
leaf_value=0.013341399285525517 -0.0050036748673505643 -0.0084429821737880117 0.0029553748139185187 -0.0022102348450582635 0.0025602112344522694
leaf_weight=3.3534651771187782 6.8023261651396778 4.0658630058169356 14.56659482419491 2.7183105573058111 2.7569238469004631
leaf_count=16 52 34 97 20 17
internal_value=0.000562306 -0.00110598 0.000295291 0.00546601 0.00913653
internal_weight=34.2635 25.4348 21.3689 8.8287 6.11039
internal_count=236 183 149 53 33
is_linear=0
shrinkage=0.01


Tree=270
num_leaves=7
num_cat=0
split_feature=33 38 12 24 37 16
split_gain=3.66742 4.14036 4.16501 3.0523 3.01052 1.06844
threshold=0.12913939237620933 0.71331914678082387 4.1650400522212303 -0.013103958429604308 0.72264528102937597 -0.0011881060572600161
decision_type=2 2 2 2 2 2
left_child=4 2 -2 -3 5 -1
right_child=1 3 -4 -5 -6 -7
leaf_value=0.012519848437725186 -0.0076486146003235181 -0.0029123562724228981 0.0034629404149191666 0.0079745565935222824 -0.0029301021335950638 0.0034685367349776498
leaf_weight=3.7095382958650589 12.400880817323928 3.9746484160423279 4.1113735884428015 5.6645553112030012 2.693886898458004 3.5679768174886686
leaf_count=17 109 23 28 37 16 22
internal_value=0.000222119 -0.00169187 -0.00475057 0.00333179 0.00533935 0.00865918
internal_weight=36.1229 26.1515 16.5123 9.6392 9.9714 7.27752
internal_count=252 197 137 60 55 39
is_linear=0
shrinkage=0.01


Tree=271
num_leaves=5
num_cat=0
split_feature=36 36 22 20
split_gain=2.79384 4.49384 3.27787 3.11912
threshold=0.5910007599271857 0.66286611390019867 -0.20706218929354955 -12.180870398160094
decision_type=2 2 2 2
left_child=-1 2 -2 -3
right_child=1 3 -4 -5
leaf_value=-0.010093153829541717 0.013402127819911309 0.0044074132607386449 0.00082322037386557126 -0.0042871930221448709
leaf_weight=2.4931490272283545 3.4825591742992401 5.0215003639459637 5.5082975104451197 16.317371781915426
leaf_count=20 19 29 32 133
internal_value=-0.000498256 0.000316295 0.00618628 -0.002116
internal_weight=32.8229 30.3297 8.99086 21.3389
internal_count=233 213 51 162
is_linear=0
shrinkage=0.01


Tree=272
num_leaves=6
num_cat=0
split_feature=32 26 11 0 0
split_gain=3.3044 4.88176 4.75612 4.00829 2.78319
threshold=0.21364729536066626 23.20635714285709 59.625022014819358 -0.047513445200959771 0.0825053947346953
decision_type=2 2 2 2 2
left_child=3 2 -2 -1 -5
right_child=1 -3 -4 4 -6
leaf_value=0.0078033357623254465 -0.0030760399010881169 0.013128127963730205 0.0073533474592810226 -0.0088453375672435074 0.0036929869037798748
leaf_weight=2.1197298616170874 11.708788998425012 3.5685661956667891 6.5199552923440924 8.1092276833951455 1.8084533810615528
leaf_count=10 82 18 40 71 10
internal_value=0.000535613 0.00289615 0.000605005 -0.00354321 -0.00632198
internal_weight=33.8347 21.7973 18.2287 12.0374 9.91768
internal_count=231 140 122 91 81
is_linear=0
shrinkage=0.01


Tree=273
num_leaves=6
num_cat=0
split_feature=8 10 8 2 14
split_gain=4.43194 3.50733 2.79365 3.48112 2.36838
threshold=-0.037467090867781133 10.501821428571313 0.059115885910409956 7.5255000000000312 -0.43046116113561944
decision_type=2 2 2 2 2
left_child=1 -1 4 -4 -2
right_child=2 -3 3 -5 -6
leaf_value=0 0.0030854563178756749 0.013702712853379123 0.004906676079373444 -0.0074567638185458404 -0.0065690098066968359
leaf_weight=4.1299378648400298 2.6587750762701026 3.3738049939274788 8.5735757090151292 2.6929901875555506 12.682238705456259
leaf_count=25 13 17 60 20 102
internal_value=0 0.0065917 -0.00196709 0.00166184 -0.00474082
internal_weight=34.1113 7.50374 26.6076 11.2666 15.341
internal_count=237 42 195 80 115
is_linear=0
shrinkage=0.01


Tree=274
num_leaves=7
num_cat=0
split_feature=4 2 17 8 25 39
split_gain=2.99146 4.25613 3.36851 3.82106 1.95143 1.65849
threshold=-1.74618851571131 6.7541785714286435 0.56737259358766834 0.035823735323923335 -0.038774896779115588 0.67915477081908648
decision_type=2 2 2 2 2 2
left_child=1 4 3 -2 -1 -4
right_child=2 -3 5 -5 -6 -7
leaf_value=-0.011431737725830688 0.0018875742541380415 0.0049587182377860478 0.00097485006028297716 0.012320302793639442 -0.00052453952139025332 -0.0097383538537350097
leaf_weight=4.3565340414643288 11.162544272840028 4.0254762470722198 2.8133787326514712 5.3678267002105704 3.2038158327341062 2.0943543016910553
leaf_count=31 77 23 26 31 23 16
internal_value=0.00112719 -0.00282869 0.00336661 0.0055534 -0.00726051 -0.00351055
internal_weight=33.0239 11.5858 21.4381 16.5304 7.56035 4.90773
internal_count=227 77 150 108 54 42
is_linear=0
shrinkage=0.01


Tree=275
num_leaves=6
num_cat=0
split_feature=1 28 5 38 26
split_gain=2.25945 5.05578 3.17535 3.34893 2.0059
threshold=-0.35627872247758324 -11.094772580515835 1.0000000180025095e-35 0.7423047844822882 19.724750000000089
decision_type=2 2 2 2 2
left_child=1 -1 3 -2 -3
right_child=2 4 -4 -5 -6
leaf_value=-0.0049222816118513202 -0.0049270328962678009 0.012454110605411715 0.006978435734634577 0.0059137699191561541 0.00055356671450382949
leaf_weight=3.9536692574620247 18.272106520831592 4.527021683752535 3.1394146233797064 2.9490062221884719 2.564750961959362
leaf_count=26 138 26 17 22 16
internal_value=-4.27222e-05 0.00359301 -0.00179598 -0.00326616 0.00861797
internal_weight=35.406 11.0454 24.3605 21.2211 7.09177
internal_count=245 68 177 160 42
is_linear=0
shrinkage=0.01


Tree=276
num_leaves=5
num_cat=0
split_feature=35 14 39 33
split_gain=5.91442 3.00663 2.54316 0.710914
threshold=0.51933934918449076 -0.39467734717860997 0.66093402162548776 0.36844246217233573
decision_type=2 2 2 2
left_child=1 3 -3 -1
right_child=-2 2 -4 -5
leaf_value=0.010790670188183553 -0.010367259167164784 0.0058301112588690094 -0.0024230742361939631 0.0025624309594729599
leaf_weight=3.090023070573813 4.8136228285729876 4.5132916085422066 15.817555010318754 3.0405775830149651
leaf_count=14 49 33 112 16
internal_value=-0.000470803 0.00135077 -0.000435853 0.00733067
internal_weight=31.2751 26.4614 20.3308 6.1306
internal_count=224 175 145 30
is_linear=0
shrinkage=0.01


Tree=277
num_leaves=7
num_cat=0
split_feature=34 13 28 32 28 25
split_gain=4.14843 6.93987 3.43609 2.70651 2.33454 1.26681
threshold=0.31504841311069937 -1.5048966378896742 -0.91010016773861924 0.21742174740844017 -3.7673090532612146 0.49544832704472147
decision_type=2 2 2 2 2 2
left_child=1 4 -2 -3 -1 -4
right_child=2 3 5 -5 -6 -7
leaf_value=0.0031378951442885051 -0.010862715384582219 -0.0076894368212389978 0.0050635034800184265 0.0010812154878366254 0.015671444645913645 -0.0052578604425943913
leaf_weight=3.9339994192123413 6.1530241593718529 5.8780745789408702 2.4690955281257612 7.2754728943109512 3.0459339916706112 1.7289830297231672
leaf_count=23 57 42 19 42 16 15
internal_value=-0.00118039 0.00139018 -0.00626641 -0.00277363 0.00930248 0.000300843
internal_weight=30.4846 20.1335 10.3511 13.1535 6.97993 4.19808
internal_count=214 123 91 84 39 34
is_linear=0
shrinkage=0.01


Tree=278
num_leaves=6
num_cat=0
split_feature=39 28 0 13 33
split_gain=1.79787 2.4441 4.61994 3.19961 2.04227
threshold=0.62668172102467301 -13.848666980659344 -0.039386877306045384 -1.9011711147605062 0.20218491708358863
decision_type=2 2 2 2 2
left_child=4 3 -3 -2 -1
right_child=1 2 -4 -5 -6
leaf_value=0.0023251665070961095 0.0035039897748584186 0.01519964485726269 0.00046895651027013526 -0.0085932770066975538 -0.0086353255438989304
leaf_weight=2.031011462211608 3.1760667711496353 2.2553167194128063 14.922603383660315 5.0828755646944064 4.7497518062591553
leaf_count=14 20 10 97 36 47
internal_value=-0.000623786 0.000540167 0.0027451 -0.00374771 -0.0051105
internal_weight=32.2176 25.4369 17.1779 8.25894 6.78076
internal_count=224 163 107 56 61
is_linear=0
shrinkage=0.01


Tree=279
num_leaves=6
num_cat=0
split_feature=17 4 4 37 37
split_gain=3.17344 3.34209 3.48502 3.06303 2.2927
threshold=0.54503451136509462 0.093050453442174344 3.3834554756222137 0.70733965856536141 0.70923053111883771
decision_type=2 2 2 2 2
left_child=1 3 -3 -1 -2
right_child=4 2 -4 -5 -6
leaf_value=0.0019896058904385421 -0.0086819818079871078 0.0096788072101831827 -0.0035254769766102502 -0.0086658692404511465 0.0026962716969736195
leaf_weight=10.019800364971166 4.8604448176920405 8.277536600828169 2.1776361912488928 3.3095303475856772 2.1793136820197105
leaf_count=62 46 51 16 25 13
internal_value=0.000752471 0.00255509 0.006721 -0.000641806 -0.00492087
internal_weight=30.8243 23.7845 10.4552 13.3293 7.03976
internal_count=213 154 67 87 59
is_linear=0
shrinkage=0.01


Tree=280
num_leaves=8
num_cat=0
split_feature=21 27 3 21 10 30 19
split_gain=2.9507 5.31037 4.91668 2.56452 2.35949 0.763135 0.710912
threshold=-1.2863062683628563 57.027559413708495 57.598495426242756 -1.8022851859631424 8.5203571428572964 1.0000000180025095e-35 55.209739357862837
decision_type=2 2 2 2 2 2 2
left_child=3 2 -2 6 -3 -5 -1
right_child=1 4 -4 5 -6 -7 -8
leaf_value=-0.00086047291255856586 0.0025173482727017527 0.0019795445735732546 0.015112377743330812 -0.010304597148057407 -0.010444882724910712 -0.0020853713399230753 0.0060659943635410609
leaf_weight=2.4874602034687996 12.671192497015005 2.1971380785107604 4.1461173743009558 3.4772529825568181 3.1376014351844788 2.9229926615953445 2.2182900011539459
leaf_count=17 75 14 29 30 27 22 13
internal_value=0.00101661 0.00315705 0.00594979 -0.00304812 -0.00513993 -0.00711081 0.00217298
internal_weight=33.258 22.152 16.8173 11.106 5.33474 6.40025 4.70575
internal_count=227 145 104 82 41 52 30
is_linear=0
shrinkage=0.01


Tree=281
num_leaves=6
num_cat=0
split_feature=17 36 36 26 9
split_gain=4.26215 2.92432 6.04767 1.24628 1.89506
threshold=0.54503451136509462 0.59932315074639919 0.66286611390019867 20.098714285714291 0.67590105754828234
decision_type=2 2 2 2 2
left_child=1 -1 -3 -2 -5
right_child=3 2 -4 4 -6
leaf_value=-0.0077073322025917636 -0.010685195894905845 0.010287077420191734 -0.00064733148313199059 -0.0089186632700789387 0.0039590905027800227
leaf_weight=2.7047721222043064 4.0168953053653231 6.9233293533325222 15.796510644257067 1.8056944459676745 2.0090546570718288
leaf_count=20 34 37 112 18 13
internal_value=-0.000507706 0.00142775 0.00268843 -0.00685779 -0.0018563
internal_weight=33.2563 25.4246 22.7198 7.83164 3.81475
internal_count=234 169 149 65 31
is_linear=0
shrinkage=0.01


Tree=282
num_leaves=5
num_cat=0
split_feature=28 32 32 30
split_gain=2.49983 2.5362 7.48475 3.85881
threshold=-32.58239900942089 0.30575168236281874 0.21364729536066626 0.077987061455600998
decision_type=2 2 2 2
left_child=-1 2 -2 -3
right_child=1 3 -4 -5
leaf_value=0.0088282149177483435 -0.0034550159581641818 -0.008399101378200562 0.010379753599257207 0.0030320650649061
leaf_weight=2.2415543422102919 11.595031149685388 8.8886691778898221 5.4820568040013304 3.8500149026513091
leaf_count=12 93 72 33 23
internal_value=-0.000594526 -0.00145023 0.000973627 -0.0048006
internal_weight=32.0573 29.8158 17.0771 12.7387
internal_count=233 221 126 95
is_linear=0
shrinkage=0.01


Tree=283
num_leaves=7
num_cat=0
split_feature=21 11 38 5 2 10
split_gain=3.10177 3.7162 2.25954 2.96216 2.88315 0.854803
threshold=-1.2760624892284917 58.819135704782916 0.67979998435064781 -1.8913840974885121 6.1568928571427941 10.339178571428617
decision_type=2 2 2 2 2 2
left_child=1 5 4 -4 -2 -1
right_child=2 -3 3 -5 -6 -7
leaf_value=-0.010519726436312823 0.014392787438356171 0.0032425783937366833 0.0049447889651111077 -0.0043386787315355417 0.0019111521319660461 -0.00068661965032618068
leaf_weight=4.479877617210148 3.1198697611689585 4.3926536664366722 6.828854486346243 6.2661420851945877 5.2695858478546143 1.6977690681815145
leaf_count=41 18 28 41 45 36 12
internal_value=0.000933083 -0.00335211 0.00315032 0.000355528 0.00711964 -0.00828306
internal_weight=32.0548 10.5703 21.4845 13.095 8.38946 6.17765
internal_count=221 81 140 86 54 53
is_linear=0
shrinkage=0.01


Tree=284
num_leaves=5
num_cat=0
split_feature=34 32 36 5
split_gain=5.12692 3.50531 4.52276 2.80095
threshold=0.56813719495470483 0.21364729536066626 0.59932315074639919 -2.1998622062227597
decision_type=2 2 2 2
left_child=1 3 -3 -1
right_child=-2 2 -4 -5
leaf_value=-0.010124515478548798 -0.008776900428528852 -0.0054623689393339782 0.0068865301487786865 0.00044828626551420155
leaf_weight=3.0554583817720404 5.0926034413278094 3.2547645941376713 15.074460774660109 8.5805365517735499
leaf_count=25 51 23 86 62
internal_value=0.000145301 0.00179969 0.0045337 -0.00234512
internal_weight=35.0578 29.9652 18.3292 11.636
internal_count=247 196 109 87
is_linear=0
shrinkage=0.01


Tree=285
num_leaves=4
num_cat=0
split_feature=14 38 28
split_gain=3.67741 3.03335 5.47468
threshold=-0.45817211576129957 0.7423047844822882 15.13291670441504
decision_type=2 2 2
left_child=-1 2 -2
right_child=1 -3 -4
leaf_value=0.0085472039782833603 -0.0040278876997620139 0.0073472635291422887 0.012597285728971981
leaf_weight=4.1673546656966236 22.154286723583944 3.2017709389328948 1.8364244028925885
leaf_count=20 172 22 9
internal_value=7.52256e-05 -0.00122949 -0.00253308
internal_weight=31.3598 27.1925 23.9907
internal_count=223 203 181
is_linear=0
shrinkage=0.01


Tree=286
num_leaves=4
num_cat=0
split_feature=14 13 13
split_gain=4.0915 3.05632 3.62735
threshold=-0.49591733088430134 -2.5722192642945534 0.84652045699387723
decision_type=2 2 2
left_child=-1 -2 -3
right_child=1 2 -4
leaf_value=0.0092625328963865539 0.0064193031017099455 -0.0050679636905919855 0.0051930308733066834
leaf_weight=3.1679569631814983 3.1933809518814114 21.28865019232035 3.6623251400887957
leaf_count=15 22 168 21
internal_value=-0.000894806 -0.00219407 -0.00343884
internal_weight=31.3123 28.1444 24.951
internal_count=226 211 189
is_linear=0
shrinkage=0.01


Tree=287
num_leaves=8
num_cat=0
split_feature=18 5 17 0 19 5 18
split_gain=2.77933 4.22275 3.24356 2.48533 2.42953 1.74169 1.41544
threshold=13.013607142857188 -2.2186882406435133 0.49121587729897331 1.0000000180025095e-35 36.040406067662907 -2.6760054953509953 16.71453571428567
decision_type=2 2 2 2 2 2 2
left_child=1 3 -3 -1 6 -6 -2
right_child=4 2 -4 -5 5 -7 -8
leaf_value=-0.010211217856465834 0.0044955708150078138 0.010444643759017895 -0.0022640021912593003 0.0018183372338632391 0.00086080643376128545 -0.0082974978633872706 -0.0037547162272659118
leaf_weight=2.870050683617591 4.3505843281745937 6.2884549871087057 2.4210693500936031 3.1019141748547554 2.1215592026710501 8.9199653342366201 3.3233159705996513
leaf_count=25 21 33 23 23 16 77 19
internal_value=-0.000850117 0.00230079 0.00673216 -0.00385593 -0.00342436 -0.00638522 0.000664983
internal_weight=33.3969 14.6815 8.70952 5.97196 18.7154 11.0415 7.6739
internal_count=237 104 56 48 133 93 40
is_linear=0
shrinkage=0.01


Tree=288
num_leaves=5
num_cat=0
split_feature=21 20 33 30
split_gain=3.29162 6.10958 2.75598 2.51743
threshold=-1.2863062683628563 4.1916064668293993 0.79730947259655005 -0.32727412280104656
decision_type=2 2 2 2
left_child=1 -1 3 -2
right_child=2 -3 -4 -5
leaf_value=-0.0098850064561402957 0.0084716791500317173 0.006120277938907852 0.010877193456463119 -0.00090170711129778812
leaf_weight=6.8882847763597983 3.1357949748635354 3.1643023043870926 2.8739921599626532 15.927782144397495
leaf_count=62 19 19 18 107
internal_value=0 -0.0046224 0.00220341 0.000644212
internal_weight=31.9902 10.0526 21.9376 19.0636
internal_count=225 81 144 126
is_linear=0
shrinkage=0.01


Tree=289
num_leaves=7
num_cat=0
split_feature=21 32 13 10 21 34
split_gain=2.25125 3.08435 5.0322 4.09317 2.19166 2.17031
threshold=-1.2863062683628563 0.16784969638995717 1.0000000180025095e-35 8.0337500000000244 -1.536999666124973 0.33050353698501339
decision_type=2 2 2 2 2 2
left_child=4 2 -2 -3 5 -1
right_child=1 3 -4 -5 -6 -7
leaf_value=0.0045764248359821723 -0.008992221197739356 0.013830030112417973 0.0077003723611437239 0.0020482454261671348 -0.0098941569067171314 -0.0064938556446253546
leaf_weight=4.221604086458683 4.4505666010081795 3.836785905063155 2.5345378294587135 12.826701972633598 2.7874299436807615 2.6009112447500229
leaf_count=26 38 20 14 82 25 24
internal_value=0.00102849 0.00272281 -0.00259312 0.00507552 -0.00289536 0
internal_weight=33.2585 23.6486 6.9851 16.6635 9.60995 6.82252
internal_count=229 154 52 102 75 50
is_linear=0
shrinkage=0.01


Tree=290
num_leaves=5
num_cat=0
split_feature=26 26 10 3
split_gain=1.96388 2.80496 3.44767 2.1912
threshold=16.333035714285874 18.880785714285725 9.0378214285714051 35.668485991938375
decision_type=2 2 2 2
left_child=-1 3 -3 -2
right_child=1 2 -4 -5
leaf_value=0.0064909447087217569 0.001543322793089785 0.007883393729758003 -0.0010477853788657841 -0.0083861176525488364
leaf_weight=4.1762221008539191 2.770916514098646 5.6230889186263111 14.851887866854666 6.2798060476779938
leaf_count=26 17 38 101 52
internal_value=0.000277438 -0.000590816 0.00138716 -0.00518031
internal_weight=33.7019 29.5257 20.475 9.05072
internal_count=234 208 139 69
is_linear=0
shrinkage=0.01


Tree=291
num_leaves=4
num_cat=0
split_feature=6 26 14
split_gain=2.74916 3.30062 3.25851
threshold=0.25683641643628979 16.333035714285874 -0.45817211576129957
decision_type=2 2 2
left_child=1 -1 -3
right_child=-2 2 -4
leaf_value=0.010513342414455427 -0.0092698113006777199 0.009530554235595113 -0.00059211604315154436
leaf_weight=3.7029735967516926 1.9873085431754578 3.3274126052856472 23.882262781262398
leaf_count=20 19 16 177
internal_value=0.00117874 0.00199718 0.000663496
internal_weight=32.9 30.9126 27.2097
internal_count=232 213 193
is_linear=0
shrinkage=0.01


Tree=292
num_leaves=5
num_cat=0
split_feature=37 11 18 12
split_gain=2.76384 4.65618 3.84645 3.53314
threshold=0.57555151450228703 57.501495706451529 12.930178571428479 -10.016703043401774
decision_type=2 2 2 2
left_child=-1 3 -3 -2
right_child=1 2 -4 -5
leaf_value=0.0078326289311829826 0.0024278938837600885 0.009176357750565271 -0.00226639483815909 -0.0070970862824505663
leaf_weight=3.7484366483986369 5.0594444200396564 6.0540920421481115 4.8747025392949581 12.374994054436685
leaf_count=28 27 33 37 99
internal_value=4.15295e-05 -0.000989556 0.00397011 -0.00422587
internal_weight=32.1117 28.3632 10.9288 17.4344
internal_count=224 196 70 126
is_linear=0
shrinkage=0.01


Tree=293
num_leaves=4
num_cat=0
split_feature=28 14 9
split_gain=2.53406 3.51825 2.71759
threshold=7.9889443668989779 -0.39467734717860997 0.34116654796003804
decision_type=2 2 2
left_child=1 -1 -3
right_child=-2 2 -4
leaf_value=0.0044950907636621216 0.0055470388136907136 -0.0070613340739041639 -4.505533529879162e-06
leaf_weight=5.3767478093504932 4.1814369335770598 13.416900146752598 10.015325244516132
leaf_count=26 25 104 82
internal_value=-0.00133762 -0.00245246 -0.00416759
internal_weight=32.9904 28.809 23.4322
internal_count=237 212 186
is_linear=0
shrinkage=0.01


Tree=294
num_leaves=7
num_cat=0
split_feature=11 25 30 20 2 13
split_gain=3.23616 3.30331 2.86329 2.63906 3.50343 2.61932
threshold=55.231916634388405 -0.21300170429624019 -0.21121254206771028 -6.4958409046589614 5.4236428571427959 -1.5635071846956905
decision_type=2 2 2 2 2 2
left_child=3 -2 -3 4 -1 -5
right_child=1 2 -4 5 -6 -7
leaf_value=-0.0078183682822136873 0.012615968451185686 0.0094672113468005133 -0.0017677464809050174 -3.3350665877169509e-05 0.0046706744666239405 -0.010796557654235078
leaf_weight=2.7048090398311606 3.2604142650961885 2.777396894991397 7.8341349028050873 4.7843587696552259 8.1360288783907873 4.7532911524176633
leaf_count=19 16 22 60 38 45 42
internal_value=0.000487834 0.00421067 0.00116897 -0.00197396 0.00124849 -0.00576639
internal_weight=34.2504 13.8719 10.6115 20.3785 10.8408 9.53765
internal_count=242 98 82 144 64 80
is_linear=0
shrinkage=0.01


Tree=295
num_leaves=7
num_cat=0
split_feature=33 14 5 28 33 5
split_gain=4.11127 3.31268 3.2059 2.1001 2.09619 0.849201
threshold=0.13443286839586263 -0.40179133132982386 -1.3290915908269467 4.1150604334866339 0.097934985100194633 -1.9985754409885077
decision_type=2 2 2 2 2 2
left_child=2 5 4 -3 -1 -2
right_child=1 3 -4 -5 -6 -7
leaf_value=-0.0055057751955938684 0.0075993753214616076 -0.0059796046346493386 0.010813182229125121 0.0017545209759792244 0.0062102924055215452 0
leaf_weight=3.1252342984080315 2.7129985615611076 16.830862004309896 4.5346320122480375 3.8061368167400351 2.4429010078310966 3.0604904294014004
leaf_count=22 13 146 23 27 13 17
internal_value=-0.000421528 -0.00254474 0.00485 -0.00445295 0 0.0038298
internal_weight=36.5133 26.4105 10.1028 20.637 5.56814 5.77349
internal_count=261 203 58 173 35 30
is_linear=0
shrinkage=0.01


Tree=296
num_leaves=5
num_cat=0
split_feature=5 0 30 30
split_gain=2.06078 2.31012 2.63021 2.16888
threshold=0.10277288772963945 -0.0099895031989421287 0.088272699362416926 -0.11762299190866522
decision_type=2 2 2 2
left_child=1 2 -1 -3
right_child=-2 3 -4 -5
leaf_value=-0.00075365131602079724 0.0058504506411703331 0.00011573976605473423 0.010841267530890852 -0.0063040717881730438
leaf_weight=7.2876365184783953 3.5220344215631476 7.8472652323544052 2.2418421059846878 12.634506195783613
leaf_count=51 19 55 12 100
internal_value=-0.000957581 -0.00187253 0.00201825 -0.00378202
internal_weight=33.5333 30.0113 9.52948 20.4818
internal_count=237 218 63 155
is_linear=0
shrinkage=0.01


Tree=297
num_leaves=6
num_cat=0
split_feature=39 1 28 14 13
split_gain=2.59505 2.92358 3.34018 2.54921 2.09258
threshold=0.67862249744663983 0.52546271479951756 -13.848666980659344 -0.40179133132982386 -1.8530933309827116
decision_type=2 2 2 2 2
left_child=3 2 -2 -1 -5
right_child=1 -3 -4 4 -6
leaf_value=0.0076354897782667866 -0.0013318696924029209 -0.003568216072715711 0.0091415395450704113 0.0020207393778477072 -0.006279261604284765
leaf_weight=1.8708642199635495 4.0093375220894822 4.0092923045158377 8.8120333701372147 3.7278577089309666 9.7794643677771091
leaf_count=10 28 26 48 32 86
internal_value=0.000664598 0.00339637 0.00575843 -0.0022054 -0.00384958
internal_weight=32.2088 16.8307 12.8214 15.3782 13.5073
internal_count=230 102 76 128 118
is_linear=0
shrinkage=0.01


Tree=298
num_leaves=8
num_cat=0
split_feature=32 32 1 2 18 9 28
split_gain=3.37508 5.19013 3.98732 3.19267 1.94286 1.59458 1.13575
threshold=0.21364729536066626 0.322598949133024 -0.35627872247758324 4.8449285714285528 11.067964285714199 0.11260775375558919 -3.5380962940294007
decision_type=2 2 2 2 2 2 2
left_child=2 5 6 -3 -4 -2 -1
right_child=1 3 4 -5 -6 -7 -8
leaf_value=-0.00036434327635749444 0.013317611053045915 -0.00818969045230113 0.00051959105484771385 0.0021397058883044573 -0.0099237982176959231 0.0027498726185690718 0.0084671316804531532
leaf_weight=2.5664413273334503 4.3859572783112553 3.7818570025265208 1.8761733770370463 10.608840208500622 6.714349303394556 3.1294687539339066 2.1500555425882331
leaf_count=15 21 32 17 66 56 21 15
internal_value=0.000421569 0.00287078 -0.00343776 -0.000550514 -0.00747743 0.00944752 0.00352847
internal_weight=35.2131 21.9061 13.307 14.3907 8.59052 7.51543 4.7165
internal_count=243 140 103 98 73 42 30
is_linear=0
shrinkage=0.01


Tree=299
num_leaves=6
num_cat=0
split_feature=33 4 4 29 2
split_gain=2.82449 4.10534 3.57214 3.22622 0.646989
threshold=0.12913939237620933 -1.74618851571131 3.3395558640436325 -1.0405175559710933 5.6133571428569811
decision_type=2 2 2 2 2
left_child=3 4 -3 -1 -2
right_child=1 2 -4 -5 -6
leaf_value=-0.0018486425134368546 -0.0031005031098618957 0.003003293937547967 -0.0095580806170470576 0.0098428262571072477 -0.010776956035823047
leaf_weight=3.3883576020598412 3.3510707169771221 16.420841004699472 2.2791634760797015 5.5807847306132299 3.5154340676963329
leaf_count=22 27 118 21 28 28
internal_value=0.000522221 -0.00111624 0.0012403 0.00529338 -0.0075963
internal_weight=34.5357 25.5665 18.7 8.96914 6.8665
internal_count=244 194 139 50 55
is_linear=0
shrinkage=0.01


Tree=300
num_leaves=5
num_cat=0
split_feature=13 33 36 24
split_gain=3.03309 2.9738 3.70562 3.5561
threshold=0.62934558487937486 0.29238511576151027 0.62572673966517856 0.1953286728019141
decision_type=2 2 2 2
left_child=1 3 -3 -1
right_child=-2 2 -4 -5
leaf_value=-0.0060632158949438433 0.0077872983558269675 -0.0071086299227661066 0.0054718980024394664 0.005688860914871338
leaf_weight=14.068572700023656 3.9656377844512454 2.6975780911743632 9.4140460453927499 2.7173841111361972
leaf_count=105 21 23 66 18
internal_value=-2.68638e-05 -0.0012367 0.00240465 -0.0039772
internal_weight=32.8632 28.8976 12.1116 16.786
internal_count=233 212 89 123
is_linear=0
shrinkage=0.01


Tree=301
num_leaves=6
num_cat=0
split_feature=14 6 6 34 16
split_gain=4.04307 2.6739 2.31094 0.905227 0.663336
threshold=-0.40179133132982386 -0.26121949476020317 -0.2195194079718932 0.20984474054967672 -0.0047123456341706454
decision_type=2 2 2 2 2
left_child=3 4 -3 -1 -2
right_child=1 2 -4 -5 -6
leaf_value=0.0020542728348334096 -0.0006946330040899229 0.0088140941891490937 -0.00082784336232487202 0.01111904863914215 -0.010233173250486541
leaf_weight=2.7125882357358924 1.585241377353668 2.5214903876185444 19.667587481439114 3.3858522772789001 3.1911514624953297
leaf_count=13 12 17 151 17 27
internal_value=0.000493815 -0.00112583 0.000281863 0.00768497 -0.00768954
internal_weight=33.0639 26.9655 22.1891 6.09844 4.77639
internal_count=237 207 168 30 39
is_linear=0
shrinkage=0.01


Tree=302
num_leaves=7
num_cat=0
split_feature=32 11 18 13 19 19
split_gain=4.8404 3.39198 4.15597 3.15446 2.98028 2.12467
threshold=0.21364729536066626 55.891954229300957 11.428357142857132 0.84652045699387723 69.589467114556683 73.93433167763699
decision_type=2 2 2 2 2 2
left_child=3 2 -2 5 -3 -1
right_child=1 4 -4 -5 -6 -7
leaf_value=-0.0099047306054343229 -0.010651756774303314 0.011075463114479663 0.0022057218499100424 0.0049272461029201834 -0.00042530868848581643 0.0010015386641481089
leaf_weight=8.1349480226635915 2.9604773595929172 5.8949016481637937 10.364538088440893 1.9996168538928021 2.9993878602981567 1.7933273315429676
leaf_count=76 22 35 71 12 20 11
internal_value=-0.000293702 0.002398 -0.000675728 -0.00540719 0.00709224 -0.00776762
internal_weight=34.1472 22.2193 13.325 11.9279 8.89429 9.92828
internal_count=247 148 93 99 55 87
is_linear=0
shrinkage=0.01


Tree=303
num_leaves=6
num_cat=0
split_feature=33 22 11 25 9
split_gain=2.31246 2.93051 1.91938 2.21421 0.808519
threshold=0.13443286839586263 0.16802237339484224 39.708850052524653 -0.64109283835801878 -0.30951232089760256
decision_type=2 2 2 2 2
left_child=1 -1 4 -4 -2
right_child=2 -3 3 -5 -6
leaf_value=0.0089159316012705284 -0.0010634678888283937 -0.0014578328581595561 0.010192584740363249 -0.00067351497034130888 -0.01000471674599315
leaf_weight=6.0058239102363569 2.5387707501649857 4.156835600733757 1.7767171710729623 17.715923592448235 2.6231558583676842
leaf_count=29 18 27 10 139 23
internal_value=0.000583583 0.00456146 -0.00101108 0.00035534 -0.0062733
internal_weight=34.8172 10.1627 24.6546 19.4926 5.16193
internal_count=246 56 190 149 41
is_linear=0
shrinkage=0.01


Tree=304
num_leaves=5
num_cat=0
split_feature=29 21 22 22
split_gain=2.56938 3.18795 3.43877 2.40333
threshold=-1.6190150586372063 -1.2863062683628563 -0.027567739889120268 -0.21247197324578418
decision_type=2 2 2 2
left_child=-1 3 -3 -2
right_child=1 2 -4 -5
leaf_value=0.0089878992087260006 0.00054571003164622474 0.0049012581337884555 -0.0027374187627066922 -0.010548441496519385
leaf_weight=2.7521530948579302 2.6788705065846443 11.806054882705215 10.904289450496432 4.5445378459990051
leaf_count=18 21 72 79 42
internal_value=0.000200685 -0.00062224 0.00115879 -0.00631053
internal_weight=32.6859 29.9338 22.7103 7.22341
internal_count=232 214 151 63
is_linear=0
shrinkage=0.01


Tree=305
num_leaves=7
num_cat=0
split_feature=38 33 14 3 22 22
split_gain=4.7762 4.06198 4.75311 2.36816 2.34021 2.3678
threshold=0.71331914678082387 0.12913939237620933 -0.44249141336449599 45.473138281314874 -0.20198127215056424 0.10423406547605525
decision_type=2 2 2 2 2 2
left_child=1 3 -3 -1 -2 -6
right_child=4 2 -4 -5 5 -7
leaf_value=-0.0015366757695631731 0.014031376507649906 0.0074433137372609216 -0.0064758636682650961 0.0094435209134839659 -0.0024253763463213105 0.0088644599776198495
leaf_weight=2.8303150832653072 3.1400614827871323 2.6094952151179305 13.261542350053785 4.2889233231544495 3.2788858860731107 3.2517208456993103
leaf_count=17 15 13 121 22 25 17
internal_value=0.00131767 -0.00110094 -0.00396798 0.00492305 0.00712818 0.00304569
internal_weight=32.6609 22.9903 15.871 7.11924 9.67067 6.53061
internal_count=230 173 134 39 57 42
is_linear=0
shrinkage=0.01


Tree=306
num_leaves=5
num_cat=0
split_feature=19 14 19 0
split_gain=4.45393 2.74322 2.94463 1.04137
threshold=77.085228782257431 -0.39467734717860997 44.386379535696285 0.0014877774315836337
decision_type=2 2 2 2
left_child=1 3 -3 -1
right_child=-2 2 -4 -5
leaf_value=0.0087067837383245222 0.013765711161126445 0.00098276499789215618 -0.0056403649414907839 4.2600832463880272e-05
leaf_weight=3.2216220274567631 1.9735815078020085 13.024312980473043 12.554577961564062 3.0878079384565353
leaf_count=15 9 83 118 17
internal_value=0.000195948 -0.000702227 -0.0022184 0.00496356
internal_weight=33.8619 31.8883 25.5789 6.30943
internal_count=242 233 201 32
is_linear=0
shrinkage=0.01


Tree=307
num_leaves=5
num_cat=0
split_feature=28 36 26 8
split_gain=2.2671 2.48187 3.13426 1.66592
threshold=7.9889443668989779 0.71288823783442679 23.20635714285709 -0.041116266199945038
decision_type=2 2 2 2
left_child=1 2 -1 -3
right_child=-2 3 -4 -5
leaf_value=-0.0023101190851637829 0.0051825155086741206 0 0.007013274922032635 -0.010559566031013854
leaf_weight=17.638886291533716 4.6126623265445224 1.9853738024830816 4.1845525205135337 4.5366882085800162
leaf_count=129 28 12 24 43
internal_value=-0.000990884 -0.00210905 -0.000361136 -0.00739151
internal_weight=32.9582 28.3455 21.8234 6.52206
internal_count=236 208 153 55
is_linear=0
shrinkage=0.01


Tree=308
num_leaves=8
num_cat=0
split_feature=11 20 24 19 6 19 11
split_gain=2.68257 4.38989 4.87891 3.51755 3.54515 2.13882 1.41575
threshold=57.501495706451529 -4.4176785381155232 -0.048538494978469009 71.032587585136881 -0.036518691148746431 62.145906815703562 75.735335832918409
decision_type=2 2 2 2 2 2 2
left_child=1 2 -1 4 -2 -3 -5
right_child=3 5 -4 6 -6 -7 -8
leaf_value=-0.0021084610701235617 0.014886737253729156 -0.008429834625399809 0.0099589676901120812 -0.0062256655997684597 0 0.0023535904283164717 0.0041690198985264394
leaf_weight=6.8507169261574727 4.5296103954315186 6.6907346881926077 5.7625627517700195 2.4051279351115227 2.7297395095229131 1.9933270439505575 2.0955040007829666
leaf_count=40 25 62 34 20 24 12 10
internal_value=0.00175289 -0.000288615 0.00335313 0.0055311 0.0097309 -0.00573607 -0.00101118
internal_weight=33.0573 21.2973 12.6133 11.76 7.25935 8.68406 4.50063
internal_count=227 148 74 79 49 74 30
is_linear=0
shrinkage=0.01


Tree=309
num_leaves=7
num_cat=0
split_feature=6 34 37 11 4 12
split_gain=2.76866 3.29583 2.49207 2.15376 3.81877 0.58483
threshold=-0.068695618174670223 0.46703297941198352 0.65923078240356736 41.947777401297053 0.29495240813275819 -5.7701368940543025
decision_type=2 2 2 2 2 2
left_child=1 2 -1 5 -5 -2
right_child=3 -3 -4 4 -6 -7
leaf_value=0.012077265893088376 -0.010798286163221661 -0.0053680689320560358 0.0026799555669547305 0.0088439606576245344 -0.0041408330760033989 -0.0016766726869820437
leaf_weight=3.9660038873553303 2.6628778129816055 3.0597625933587542 11.781530458480118 3.1887238137423974 6.0919032730162144 1.8682850673794735
leaf_count=21 18 27 74 22 54 15
internal_value=0.00093019 0.00344707 0.00535282 -0.0023557 0.000249079 -0.00778891
internal_weight=32.6191 18.8073 15.7475 13.8118 9.28063 4.53116
internal_count=231 122 95 109 76 33
is_linear=0
shrinkage=0.01


Tree=310
num_leaves=6
num_cat=0
split_feature=6 10 21 38 21
split_gain=3.15637 2.89937 2.77158 3.48175 2.07585
threshold=0.073102624661387963 9.5264285714284682 -0.71498544719838553 0.74196518477203866 -1.0000000180025095e-35
decision_type=2 2 2 2 2
left_child=2 -2 3 -1 -4
right_child=1 -3 4 -5 -6
leaf_value=-0.0018356074353230579 0.0041802938542948699 -0.0094610173974705968 0.011028964785465858 0.010474759942362711 0.001479801087329475
leaf_weight=14.020719189196827 1.8997473455965508 4.3253443539142609 5.2144524753093719 2.4335743486881247 5.0032263733446616
leaf_count=104 15 34 31 12 35
internal_value=0.00115817 -0.00499072 0.00270699 2.06703e-05 0.00671882
internal_weight=32.8971 6.22509 26.672 16.4543 10.2177
internal_count=231 49 182 116 66
is_linear=0
shrinkage=0.01


Tree=311
num_leaves=6
num_cat=0
split_feature=36 4 4 20 29
split_gain=3.52991 2.06102 4.58576 3.49847 0.579378
threshold=0.60884461388312416 -0.2499727960603195 2.8299663886050443 -6.4958409046589614 -0.78708436778075341
decision_type=2 2 2 2 2
left_child=4 3 -3 -2 -1
right_child=1 2 -4 -5 -6
leaf_value=-0.01002185056721498 0.0040728981597329562 0.0094294200678194402 -0.001086415312201248 -0.0065033975700606109 -0.0010576646174733017
leaf_weight=2.4320569820702076 6.6916599199175835 9.0226036719977838 6.8146733045577994 5.2969957031309622 1.8444233164191235
leaf_count=20 38 62 52 45 13
internal_value=0.00112972 0.00249784 0.00484451 -0.000482003 -0.00691543
internal_weight=32.1024 27.8259 15.8373 11.9887 4.27648
internal_count=230 197 114 83 33
is_linear=0
shrinkage=0.01


Tree=312
num_leaves=7
num_cat=0
split_feature=33 13 30 21 5 4
split_gain=3.92814 3.33998 4.41878 2.38283 4.26443 0.879658
threshold=0.12913939237620933 -1.6088269616329878 -0.070720142220576862 -1.2760624892284917 -1.5874295421014546 -1.202501997684976
decision_type=2 2 2 2 2 2
left_child=1 -1 -3 5 -5 -2
right_child=3 2 -4 4 -6 -7
leaf_value=0.013213064188849764 -0.002177845838459062 0.0089576014217017472 -0.0068638419473447546 0.0040757722072019718 -0.006709310132146179 -0.010477009442582548
leaf_weight=2.7709546238183975 3.0029014907777309 2.9838492348790169 3.4924085065722483 8.1152889318764228 6.1408441290259317 4.3628542646765736
leaf_count=14 23 14 23 61 50 41
internal_value=-0.000673717 0.00460466 0.000204378 -0.00305452 -0.000475045 -0.00757211
internal_weight=30.8691 9.24721 6.47626 21.6219 14.2561 7.36576
internal_count=226 51 37 175 111 64
is_linear=0
shrinkage=0.01


Tree=313
num_leaves=6
num_cat=0
split_feature=14 29 39 29 9
split_gain=2.75765 3.34113 2.82066 1.98915 0.591172
threshold=-0.39467734717860997 -1.1325296888873464 0.65916245579542398 -1.6490208237822401 0.12483123135708529
decision_type=2 2 2 2 2
left_child=4 3 -3 -2 -1
right_child=1 2 -4 -5 -6
leaf_value=0.009178680906247275 0.0011025510581757218 0.0055728754188471962 -0.0024691492456480916 -0.0095008227554479602 0.0017923425724166388
leaf_weight=2.8190153986215618 1.9241806827485559 7.2341393828392055 9.7611054480075818 6.1012623719871062 3.2368093356490135
leaf_count=13 16 54 68 54 18
internal_value=-8.06068e-06 -0.00154895 0.000875642 -0.00677021 0.00581634
internal_weight=31.0765 25.0207 16.9952 8.02544 6.05582
internal_count=223 192 122 70 31
is_linear=0
shrinkage=0.01


Tree=314
num_leaves=6
num_cat=0
split_feature=33 30 25 2 33
split_gain=4.56509 5.11333 3.0344 2.66599 2.59646
threshold=0.13443286839586263 -0.15341346757203683 0.71969496516243725 5.4509285714285154 0.29238511576151027
decision_type=2 2 2 2 2
left_child=1 -1 4 -3 -2
right_child=2 3 -4 -5 -6
leaf_value=0.016199272756111795 -0.0076672687470406729 0.0084207770187486371 0.0083178546463626556 -0.0039103534368753893 -0.00020608488152592042
leaf_weight=3.0171040147542953 8.107719071209436 2.5387234538793582 2.111036952584981 4.1579284518957138 11.817824486643074
leaf_count=13 67 14 17 27 89
internal_value=0.000352569 0.00601241 -0.0021 0.000639189 -0.00340963
internal_weight=31.7503 9.71376 22.0366 6.69665 19.9255
internal_count=227 54 173 41 156
is_linear=0
shrinkage=0.01


Tree=315
num_leaves=5
num_cat=0
split_feature=26 27 33 4
split_gain=3.61247 5.3738 2.67778 1.28519
threshold=16.333035714285874 23.295761866169283 0.13443286839586263 0.74724751469784689
decision_type=2 2 2 2
left_child=3 -2 -3 -1
right_child=1 2 -4 -5
leaf_value=0.0013204107785493714 0.0081255292654233719 0.0019992413951225524 -0.0054922987833370372 0.012480908113544862
leaf_weight=2.4172883220016983 4.716661952435973 6.1478320285677936 15.674850858747957 2.6169764325022697
leaf_count=15 23 39 136 15
internal_value=0.000310903 -0.00112092 -0.0032929 0.00787258
internal_weight=31.5736 26.5393 21.8227 5.03426
internal_count=228 198 175 30
is_linear=0
shrinkage=0.01


Tree=316
num_leaves=7
num_cat=0
split_feature=17 17 33 13 0 33
split_gain=2.61935 3.912 4.63729 3.17739 1.49079 0.174889
threshold=0.56737259358766834 0.081717886558741362 0.29723684065845585 0.62934558487937486 0.078634499112069947 0.62662405093840612
decision_type=2 2 2 2 2 2
left_child=1 3 -3 -1 5 -2
right_child=4 2 -4 -5 -6 -7
leaf_value=-0.0037099748926094737 -0.0100961348460367 -0.0014227143840899754 0.011643905504522606 0.008084609473541747 0.00084020598830085013 -0.0022219153470407977
leaf_weight=14.705473620444542 3.6081711687147608 4.4263090267777425 5.6759778559207916 2.3288840055465689 1.8336080908775327 1.3060791827738283
leaf_count=105 37 34 33 12 11 13
internal_value=-0.000374153 0.000963788 0.00585059 -0.00187007 -0.00585048 -0.00863518
internal_weight=33.8845 27.1366 10.1023 17.0344 6.74786 4.91425
internal_count=245 184 67 117 61 50
is_linear=0
shrinkage=0.01


Tree=317
num_leaves=6
num_cat=0
split_feature=14 36 10 39 30
split_gain=3.334 3.74564 3.64659 2.82784 1.89235
threshold=-0.39467734717860997 0.66592843918941436 8.5203571428572964 0.65440689666808605 0.062899284201615516
decision_type=2 2 2 2 2
left_child=4 3 -3 -2 -1
right_child=1 2 -4 -5 -6
leaf_value=-2.1873355471244215e-05 0.0085109896460008379 4.131029797467437e-05 -0.0091665221975915229 -0.0023916185620667108 0.0098118814454754826
leaf_weight=3.4783002734184256 3.6851128190755862 6.2722753062844303 10.935577034950255 5.2503722161054611 3.252472996711731
leaf_count=19 27 50 96 35 15
internal_value=-0.00136561 -0.00302824 -0.00575283 0.00201861 0.00466148
internal_weight=32.8741 26.1433 17.2079 8.93549 6.73077
internal_count=242 208 146 62 34
is_linear=0
shrinkage=0.01


Tree=318
num_leaves=5
num_cat=0
split_feature=14 32 0 0
split_gain=4.43467 3.81293 3.60608 2.41179
threshold=-0.39467734717860997 0.45739840039002905 0.0029814340062688832 0.03554740318181495
decision_type=2 2 2 2
left_child=-1 2 -2 -3
right_child=1 3 -4 -5
leaf_value=0.0079557540265664268 0.0049258754990090135 -0.010960010578207066 -0.0034110139598243013 0.00016614954511662543
leaf_weight=5.7701430395245543 10.24445584788919 5.2806953974068156 9.7446392476558668 2.4484845101833344
leaf_count=29 70 45 84 15
internal_value=0.000155764 -0.00146439 0.000772744 -0.00731181
internal_weight=33.4884 27.7183 19.9891 7.72918
internal_count=243 214 154 60
is_linear=0
shrinkage=0.01


Tree=319
num_leaves=7
num_cat=0
split_feature=13 12 18 29 36 12
split_gain=2.92096 3.76952 3.31825 3.91043 3.22072 1.98185
threshold=-1.3030996004084507 -5.3247844148577306 12.858285714285723 -0.86276659093441432 0.73146960905071812 -1.4332148904809399
decision_type=2 2 2 2 2 2
left_child=2 -2 5 -4 -3 -1
right_child=1 4 3 -5 -6 -7
leaf_value=-0.0095358239507693631 0.0043959626415012989 -0.0086584795030010906 0.012435183545470709 0 0.0045706672124392897 0.0018859455591841965
leaf_weight=2.151236679404974 4.6527057215571395 8.6025445982813817 5.3359539285302153 4.8885365799069396 1.9011722728610028 3.2731669545173672
leaf_count=19 26 71 34 34 17 23
internal_value=0.000360859 -0.00266878 0.00341556 0.00675664 -0.00601845 -0.00255673
internal_weight=30.8053 15.1564 15.6489 10.2245 10.5037 5.4244
internal_count=224 114 110 68 88 42
is_linear=0
shrinkage=0.01


Tree=320
num_leaves=7
num_cat=0
split_feature=17 28 0 28 19 0
split_gain=2.43854 2.52535 2.79065 2.5514 1.90726 0.627553
threshold=0.56405482158345566 -13.33816555615749 -0.0043392784516444825 -32.58239900942089 44.181512953986548 0.085942449289711301
decision_type=2 2 2 2 2 2
left_child=1 3 -3 -1 -2 -6
right_child=4 2 -4 -5 5 -7
leaf_value=0.0045025132027164804 0.0021230569242359472 0.0084882651933649699 0 -0.0066369036721109732 -0.010000843570237465 -0.0011865767082790901
leaf_weight=2.7197474092245102 2.3420441672205907 7.1006235927343342 8.7852558083832282 5.4987326413393021 3.8927334062755108 1.8015702739357946
leaf_count=14 15 43 63 40 43 12
internal_value=0 0.00160828 0.00396261 -0.002687 -0.00465616 -0.00774478
internal_weight=32.1407 24.1044 15.8859 8.21848 8.03635 5.6943
internal_count=230 160 106 54 70 55
is_linear=0
shrinkage=0.01


Tree=321
num_leaves=6
num_cat=0
split_feature=38 21 21 14 21
split_gain=2.54487 4.35493 3.84426 4.53598 3.30733
threshold=0.74196518477203866 -1.0495079881730167 -0.28620051061240559 -0.35987328483192621 -1.0000000180025095e-35
decision_type=2 2 2 2 2
left_child=2 -2 3 -1 -4
right_child=1 -3 4 -5 -6
leaf_value=0.0049517347980620654 0.016569435660645237 -0.0018058211496959648 0.011516445078656361 -0.0056403164345206393 -8.7012885494046956e-05
leaf_weight=4.9570403695106533 2.1788383275270462 2.224232852458953 3.7559552118182182 15.752661317586897 5.3776357062160987
leaf_count=28 10 20 20 134 37
internal_value=0.000469519 0.00733874 -0.000540567 -0.00297532 0.0046871
internal_weight=34.2464 4.40307 29.8433 20.7097 9.13359
internal_count=249 30 219 162 57
is_linear=0
shrinkage=0.01


Tree=322
num_leaves=7
num_cat=0
split_feature=17 17 14 13 3 37
split_gain=2.69974 4.62535 3.57028 1.45838 1.32784 0.423122
threshold=0.56405482158345566 0.081717886558741362 0.093306634680172182 -1.8407735328765367 52.025537510772018 0.57555151450228703
decision_type=2 2 2 2 2 2
left_child=1 2 -1 -3 -2 -6
right_child=4 3 -4 -5 5 -7
leaf_value=-0.005102702987458704 0 0.012802627365655168 0.0060841029214510813 0.0031563884249175408 -0.0013229400423631105 -0.010575832014698057
leaf_weight=12.238506052643066 2.1147440932691088 2.442717470228672 3.2826104238629332 6.4787617996335012 1.2723517045378683 3.7722361572086811
leaf_count=87 17 13 18 46 15 33
internal_value=-0.000866055 0.000659878 -0.00253985 0.00634501 -0.00616086 -0.00882152
internal_weight=31.6019 24.4426 15.5211 8.92148 7.15933 5.04459
internal_count=229 164 105 59 65 48
is_linear=0
shrinkage=0.01


Tree=323
num_leaves=5
num_cat=0
split_feature=0 30 37 2
split_gain=2.40405 2.34722 2.54124 2.02065
threshold=0.0825053947346953 0.16071832634972075 0.56006429927599799 4.9143214285713528
decision_type=2 2 2 2
left_child=1 2 -1 -3
right_child=-2 3 -4 -5
leaf_value=0.0044722293015555621 0.0060753672086998733 -0.0028871875213900694 -0.0048940241764203144 0.0081468629453124667
leaf_weight=2.9082377254962983 3.6779688671231261 2.4687490910291663 20.339427284896374 3.3677094206213951
leaf_count=26 19 18 159 18
internal_value=-0.00110724 -0.00213637 -0.00359534 0.0032407
internal_weight=32.7621 29.0841 23.2477 5.83646
internal_count=240 221 185 36
is_linear=0
shrinkage=0.01


Tree=324
num_leaves=7
num_cat=0
split_feature=32 13 36 11 21 36
split_gain=1.95403 3.72047 2.81391 3.01712 1.9267 0.510855
threshold=0.16784969638995717 0.74947326155192762 0.69653942198694363 56.613173206289709 -0.86052151676149047 0.72483983974806454
decision_type=2 2 2 2 2 2
left_child=1 5 3 -2 -4 -1
right_child=2 -3 4 -5 -6 -7
leaf_value=-0.010829939800383806 -0.005058128974482462 0.0055342558522906348 0.01059017265614769 0.0032005804775973434 0 -0.0030154221784761751
leaf_weight=4.2699760384857637 10.082473918795591 2.1543648093938828 3.6327357366681099 7.1651861295104018 3.1839373707771292 2.424714345484972
leaf_count=37 74 12 22 47 22 21
internal_value=-0.000864236 -0.00482297 0.000550864 -0.00151718 0.00590787 -0.00853629
internal_weight=32.9134 8.84906 24.0643 17.2477 6.81667 6.69469
internal_count=235 70 165 121 44 58
is_linear=0
shrinkage=0.01


Tree=325
num_leaves=6
num_cat=0
split_feature=0 28 20 17 14
split_gain=3.63231 4.1292 4.36054 3.14351 1.43434
threshold=-0.0099895031989421287 7.2160671891383581 -9.438871868799195 -0.50919894860507287 -0.097463632848503845
decision_type=2 2 2 2 2
left_child=3 2 -2 -1 -5
right_child=1 -3 -4 4 -6
leaf_value=-0.0017351614066879659 0.0035224967699142057 0.008467983975658044 -0.0064243253966507546 0.014545757646172844 0.0041587597083634562
leaf_weight=3.0338150709867477 6.279579438269141 3.4752422608435145 12.22813154011965 3.3470685482025146 3.7651871144771558
leaf_count=20 39 21 104 19 28
internal_value=0.0012591 -0.000957663 -0.00294072 0.00614306 0.00970764
internal_weight=32.129 21.983 18.5077 10.1461 7.11226
internal_count=231 164 143 67 47
is_linear=0
shrinkage=0.01


Tree=326
num_leaves=5
num_cat=0
split_feature=14 0 18 35
split_gain=3.573 4.57099 2.78288 2.19167
threshold=-0.39467734717860997 0.0825053947346953 12.858285714285723 0.30262793410112232
decision_type=2 2 2 2
left_child=3 2 -2 -1
right_child=1 -3 -4 -5
leaf_value=0.011674649979868054 5.5870287795490158e-06 0.0073562800675081117 -0.0069253101612305988 0
leaf_weight=3.3400542587041846 10.124896820634609 4.1688761785626403 11.666752595454453 3.0017829462885857
leaf_count=15 80 22 100 17
internal_value=-3.22368e-05 -0.00174943 -0.00365818 0.00645754
internal_weight=32.3024 25.9605 21.7916 6.34184
internal_count=234 202 180 32
is_linear=0
shrinkage=0.01


Tree=327
num_leaves=7
num_cat=0
split_feature=20 24 20 25 20 5
split_gain=2.76111 3.21016 4.92053 2.48162 2.87005 2.1496
threshold=3.1861589256345728 -0.048538494978469009 -3.442925663588539 -0.32419626920978234 5.1091320402179017 -1.0837813487142152
decision_type=2 2 2 2 2 2
left_child=1 5 -3 -2 -5 -1
right_child=3 2 -4 4 -6 -7
leaf_value=-0.010928929267777276 0.011395110044407108 0.0053550192414336716 -0.0064232660041544298 0.0085168955110674713 -0.0034180470395374415 0.00044211706869253572
leaf_weight=4.4034360200166702 3.4363403618335724 9.5945178195834142 5.1576398238539705 2.9668785035610181 4.7589399293065071 2.034062087535859
leaf_count=35 19 64 47 23 35 10
internal_value=0.000632916 -0.00141659 0.00105828 0.00463333 0.00106307 -0.00717946
internal_weight=32.3518 21.1897 14.7522 11.1622 7.72582 6.4375
internal_count=233 156 111 77 58 45
is_linear=0
shrinkage=0.01


Tree=328
num_leaves=5
num_cat=0
split_feature=36 6 24 22
split_gain=3.27869 2.15313 2.79409 1.20559
threshold=0.59932315074639919 0.098124356254504566 0.18927111325879534 -0.097255609747025365
decision_type=2 2 2 2
left_child=-1 2 -2 -3
right_child=1 3 -4 -5
leaf_value=-0.0081162946833069367 0.0014379254255538496 9.1553031501377962e-06 0.011147049250590832 -0.0093273200825145283
leaf_weight=3.4365574717521694 18.325069747865207 2.4321599155664444 3.4597904272377482 2.0081493481993666
leaf_count=26 127 18 23 18
internal_value=0.000562758 0.0018544 0.00320093 -0.00411446
internal_weight=29.6617 26.2252 21.7849 4.44031
internal_count=212 186 150 36
is_linear=0
shrinkage=0.01


Tree=329
num_leaves=8
num_cat=0
split_feature=14 30 22 0 30 5 30
split_gain=3.20688 4.03104 2.59675 2.10037 1.64478 1.93457 1.5566
threshold=-0.063477567324187092 -0.25276344032019921 -0.29640138538414157 0.0053608471638195683 0.077987061455600998 -2.2186882406435133 0.011148343836713741
decision_type=2 2 2 2 2 2 2
left_child=4 3 -3 -2 6 -6 -1
right_child=1 2 -4 -5 5 -7 -8
leaf_value=0.0019154052493830407 0.0088662978883950246 0.0028413281581281123 -0.010119787276297972 -0.0034226513339855103 0 0.010000267668703149 -0.0065011829765481309
leaf_weight=10.582758393138649 2.7131632268428794 1.5149314999580372 7.3840140253305426 2.0619807057082653 3.3766930028796196 4.5522116869688025 2.4401448369026175
leaf_count=70 18 9 64 21 21 24 23
internal_value=0 -0.0037192 -0.0076752 0.00327702 0.00244835 0.00595476 7.73637e-05
internal_weight=34.6259 13.6741 8.89895 4.77514 20.9518 7.9289 13.0229
internal_count=250 112 73 39 138 45 93
is_linear=0
shrinkage=0.01


Tree=330
num_leaves=5
num_cat=0
split_feature=1 1 28 38
split_gain=2.37223 3.28019 4.6528 2.59258
threshold=0.88801921539663498 -0.35627872247758324 -6.6512072373766378 0.7423047844822882
decision_type=2 2 2 2
left_child=1 2 -1 -3
right_child=-2 3 -4 -5
leaf_value=-0.0040360194412051601 0.010541471567003092 -0.003839533333713614 0.010336496505125185 0.0053430810617603065
leaf_weight=3.1819408386945724 1.9750026836991299 17.415719132870439 5.6167278066277557 3.2907513827085486
leaf_count=24 11 140 33 20
internal_value=0.000700202 0 0.00495732 -0.00222952
internal_weight=31.4801 29.5051 8.79867 20.7065
internal_count=228 217 57 160
is_linear=0
shrinkage=0.01


Tree=331
num_leaves=5
num_cat=0
split_feature=14 17 33 3
split_gain=3.76863 3.81898 4.22192 3.31642
threshold=-0.45817211576129957 -0.29981766157482798 0.14390149828553547 62.741356889879761
decision_type=2 2 2 2
left_child=-1 2 -2 -3
right_child=1 3 -4 -5
leaf_value=0.0086659042726333155 0.011557544329755462 -0.0065212192313891986 -0.00093576970575006248 0.0018635561779736481
leaf_weight=4.6024187654256812 4.0718891769647616 12.367999758571388 6.3211505301296711 6.8518296815454951
leaf_count=23 19 110 43 56
internal_value=0.000507988 -0.000767246 0.00395888 -0.0034469
internal_weight=34.2153 29.6129 10.393 19.2198
internal_count=251 228 62 166
is_linear=0
shrinkage=0.01


Tree=332
num_leaves=4
num_cat=0
split_feature=0 14 33
split_gain=2.71212 2.5587 3.4307
threshold=0.05854137388601998 -0.39467734717860997 0.095515171447111441
decision_type=2 2 2
left_child=1 -1 -3
right_child=-2 2 -4
leaf_value=0.0050582442811125151 0.0068519518036846347 0.0049686243606180082 -0.0045179950022045737
leaf_weight=5.4291721805930164 5.2653779834508887 4.4495018236339119 16.935949925333261
leaf_count=27 29 27 150
internal_value=0.000458302 -0.000785329 -0.00241053
internal_weight=32.08 26.8146 21.3855
internal_count=233 204 177
is_linear=0
shrinkage=0.01


Tree=333
num_leaves=6
num_cat=0
split_feature=33 26 33 5 17
split_gain=2.32929 2.80763 3.52444 2.63662 2.09085
threshold=0.13443286839586263 14.969249999999974 0.81725932507602017 -1.8422091534525544 -0.28755609224761913
decision_type=2 2 2 2 2
left_child=3 -2 -3 -1 -5
right_child=1 2 -4 4 -6
leaf_value=-0.00059583492622323131 0.0095652470880543024 -0.0035085632505932303 0.0065560682743884555 0.014792339138460422 0.0025644750306585778
leaf_weight=3.8889961168169975 2.3277215436100986 16.601800765842203 4.0016055218875399 3.2169526517391205 3.363155856728552
leaf_count=27 15 134 27 14 19
internal_value=0.00163077 -8.45681e-05 -0.00139209 0.0054714 0.00921759
internal_weight=33.4002 22.9311 20.6034 10.4691 6.58011
internal_count=236 176 161 60 33
is_linear=0
shrinkage=0.01


Tree=334
num_leaves=6
num_cat=0
split_feature=28 28 11 6 20
split_gain=2.8445 3.4763 2.91758 4.06941 3.71614
threshold=-13.848666980659344 -26.490054117674386 57.819412298911381 -0.036518691148746431 -6.4958409046589614
decision_type=2 2 2 2 2
left_child=1 -1 4 -4 -2
right_child=2 -3 3 -5 -6
leaf_value=0.0026609231290373788 0.0065546965721507092 -0.0088175962704273771 0.011713683091622658 -0.0010490650179751345 -0.0044514154313328811
leaf_weight=4.0636257082223892 4.309347800910472 5.8540134690701944 5.6470656767487526 3.7704027071595174 8.691410209983589
leaf_count=24 24 49 30 27 74
internal_value=0.000334845 -0.00397864 0.00235847 0.0065235 -0.000587307
internal_weight=32.3359 9.91764 22.4182 9.41747 13.0008
internal_count=228 73 155 57 98
is_linear=0
shrinkage=0.01


Tree=335
num_leaves=6
num_cat=0
split_feature=37 21 10 24 37
split_gain=2.71499 3.38945 2.00614 1.67379 1.24545
threshold=0.65923078240356736 -0.12400596737597713 14.720178571428702 0.017882723799464834 0.63196518426608661
decision_type=2 2 2 2 2
left_child=3 2 -2 -1 -5
right_child=1 -3 -4 4 -6
leaf_value=0.0081665665620081207 -0.0056721602796189043 0.0049776344911162942 0.003439556913252052 -0.0024672214415923182 0.0065560082557187659
leaf_weight=4.9207036271691305 14.361689880490305 4.8042188286781338 2.3957994878292075 4.393277682363987 1.9371253028511999
leaf_count=27 115 29 14 41 11
internal_value=0 -0.0020348 -0.00421464 0.00395828 0.00016398
internal_weight=32.8128 21.5617 16.7575 11.2511 6.3304
internal_count=237 158 129 79 52
is_linear=0
shrinkage=0.01


Tree=336
num_leaves=7
num_cat=0
split_feature=33 33 30 37 21 30
split_gain=2.71113 4.25216 3.97473 2.93224 1.64323 1.55085
threshold=0.12913939237620933 0.29723684065845585 -0.29126581404094709 0.72600821320561615 -0.66520011945186808 -0.11443959534126208
decision_type=2 2 2 2 2 2
left_child=3 4 -3 5 -2 -1
right_child=1 2 -4 -5 -6 -7
leaf_value=0.013495035587960598 -0.0090692156852178636 -0.0067504402173124206 0.0057371467173205903 -0.0029087251499661216 -0.00024674133529391224 0.0030830451494479466
leaf_weight=3.6014403030276299 5.4296934083104134 2.8845439366996279 11.108860336244105 2.4528133049607277 4.1377833560109156 3.6032231189310533
leaf_count=16 51 29 71 15 34 22
internal_value=0.00130004 -0.000465263 0.00293543 0.00569187 -0.00557983 0.00888566
internal_weight=33.2184 23.5609 13.9934 9.65748 9.56748 7.20466
internal_count=238 185 100 53 85 38
is_linear=0
shrinkage=0.01


Tree=337
num_leaves=5
num_cat=0
split_feature=26 29 32 1
split_gain=4.03151 2.5865 2.77844 2.24741
threshold=16.333035714285874 -0.59683118215779041 0.012980555323963723 0.22822933726560576
decision_type=2 2 2 2
left_child=-1 3 -3 -2
right_child=1 2 -4 -5
leaf_value=0.0071381619110515125 -0.0023978651701488706 0.0093145944552327341 -0.0020241032496764503 -0.010654890003546375
leaf_weight=4.3242601230740574 10.73629480972887 2.5987678766250557 7.8098020926117897 5.3356199748814097
leaf_count=26 81 19 56 52
internal_value=-0.00137972 -0.00290976 0.000801766 -0.00540624
internal_weight=30.8047 26.4805 10.4086 16.0719
internal_count=234 208 75 133
is_linear=0
shrinkage=0.01


Tree=338
num_leaves=7
num_cat=0
split_feature=1 32 29 29 11 38
split_gain=2.77473 4.38235 4.32904 5.50354 3.81521 1.26435
threshold=-0.35627872247758324 0.46040726394378745 -1.0531373306108105 -0.86276659093441432 45.936258342041718 0.72400443836660089
decision_type=2 2 2 2 2 2
left_child=1 4 5 -4 -1 -2
right_child=2 -3 3 -5 -6 -7
leaf_value=8.1102240326281496e-05 -0.010883960843204268 -0.0043122871641208226 0.012667549611372397 -0.0023768595195336026 0.016596288445768718 -0.00078711774969932903
leaf_weight=2.8923601061105746 5.477504841983321 3.5114484205842018 2.7935116514563587 10.76397112011909 2.9586406946182251 2.2116148620843887
leaf_count=18 53 25 19 84 17 14
internal_value=-0.00045505 0.00392283 -0.00250477 0.000785836 0.00915953 -0.00836877
internal_weight=30.6091 9.36245 21.2466 13.5575 5.851 7.68912
internal_count=230 60 170 103 35 67
is_linear=0
shrinkage=0.01


Tree=339
num_leaves=6
num_cat=0
split_feature=30 2 21 21 30
split_gain=3.77373 3.63641 1.83617 3.01626 1.42343
threshold=0.11809301747987204 4.9143214285713528 -1.0000000180025095e-35 -0.66520011945186808 -0.059651586158633287
decision_type=2 2 2 2 2
left_child=2 -2 3 -1 -4
right_child=1 -3 4 -5 -6
leaf_value=-0.0011579301614954654 -0.0010193372882785971 0.012387208441865591 0 0.0076155579991966363 -0.010262541641226806
leaf_weight=15.009134463965895 2.7815605849027625 5.0112907961010933 2.2130631916224957 4.8786647394299498 2.6339813619852093
leaf_count=120 19 26 16 30 22
internal_value=0.00155581 0.00749438 -0.000302663 0.000976407 -0.00569038
internal_weight=32.5277 7.79285 24.7348 19.8878 4.84704
internal_count=233 45 188 150 38
is_linear=0
shrinkage=0.01


Tree=340
num_leaves=5
num_cat=0
split_feature=28 4 19 1
split_gain=2.61212 2.574 3.27454 3.13487
threshold=-31.77902709514046 0.093050453442174344 71.571733301160506 0.40839186973761032
decision_type=2 2 2 2
left_child=-1 3 -3 -2
right_child=1 2 -4 -5
leaf_value=0.0094576760350417715 0.00069708798910856587 0.0064080843175187332 -0.0032003548536459893 -0.009289408692843195
leaf_weight=3.5829752534627906 8.8993726670742053 10.846211083233355 4.668893475085496 4.2849381975829592
leaf_count=19 61 81 34 32
internal_value=0.00172084 0.000598117 0.00338434 -0.00253469
internal_weight=32.2824 28.6994 15.5151 13.1843
internal_count=227 208 115 93
is_linear=0
shrinkage=0.01


Tree=341
num_leaves=7
num_cat=0
split_feature=13 19 13 27 6 6
split_gain=6.43542 5.1005 4.02941 2.93133 2.84122 1.3109
threshold=-1.3030996004084507 76.789312233961724 -1.9468597735972999 40.102903895989549 0.051371788645528972 -0.16968731827748637
decision_type=2 2 2 2 2 2
left_child=2 5 4 -4 -1 -2
right_child=1 -3 3 -5 -6 -7
leaf_value=-0.0058551514321842002 -0.0025395299335209489 0.0087236069507537744 0.00045027551367774496 0.012405436550475433 0.0070673811323683023 -0.0099508613613155071
leaf_weight=4.9734048582613495 4.8727685064077368 1.9195470511913288 3.6913136914372462 5.7233851663768291 2.1361690647900105 8.1440804712474328
leaf_count=42 37 9 25 36 15 71
internal_value=-0.000344425 -0.00510618 0.00385518 0.00808259 -0.00157354 -0.00744638
internal_weight=31.4607 14.9364 16.5243 9.4147 7.10957 13.0168
internal_count=235 117 118 61 57 108
is_linear=0
shrinkage=0.01


Tree=342
num_leaves=6
num_cat=0
split_feature=6 6 0 36 6
split_gain=2.80658 3.16276 3.11394 3.04329 1.99526
threshold=-0.062726433801640932 -0.091195250673235945 0.013479654311609626 0.70683281439457324 0.04726598919179658
decision_type=2 2 2 2 2
left_child=1 2 -1 4 -2
right_child=3 -3 -4 -5 -6
leaf_value=-0.0025268927189271203 -0.0046568041829778478 0.013062889789002679 0.005866962650029328 -0.0089349149714407789 0.0046751320387965097
leaf_weight=8.8741563484072703 3.5423142947256547 2.518389210104945 7.9660830162465563 4.7223423793911925 5.1837924122810364
leaf_count=67 29 13 50 44 38
internal_value=0.000694756 0.0031605 0.00136023 -0.00270064 0.000636437
internal_weight=32.8071 19.3586 16.8402 13.4484 8.72611
internal_count=241 130 117 111 67
is_linear=0
shrinkage=0.01


Tree=343
num_leaves=5
num_cat=0
split_feature=38 18 21 14
split_gain=2.54596 3.83138 3.99933 2.91772
threshold=0.7423047844822882 13.704749999999942 -0.97810198718455277 -0.30094436059333973
decision_type=2 2 2 2
left_child=1 2 -1 -3
right_child=-2 3 -4 -5
leaf_value=-0.0032449110929702015 0.0072484385335673217 0.00032328395996246201 0.0063555297019046346 -0.0093591909240035073
leaf_weight=8.0565712712705153 3.4781931042671195 4.4608277454972267 8.4619928896427172 7.6163116656243783
leaf_count=64 23 28 51 68
internal_value=-0.000389029 -0.00145282 0.00157985 -0.00570012
internal_weight=32.0739 28.5957 16.5186 12.0771
internal_count=234 211 115 96
is_linear=0
shrinkage=0.01


Tree=344
num_leaves=8
num_cat=0
split_feature=11 32 3 3 36 32 39
split_gain=4.14505 3.77679 2.87097 2.7217 3.1351 2.90373 1.38583
threshold=55.891954229300957 0.22495848882967676 74.521865191028965 37.033134561147101 0.70545138868534096 0.21742174740844017 0.66093402162548776
decision_type=2 2 2 2 2 2 2
left_child=3 2 -2 5 -5 -1 -3
right_child=1 6 -4 4 -6 -7 -8
leaf_value=-0.0019168793623797094 -0.0071389277738436443 0.014839109123832902 0.0078637459952247395 -0.0070438244699704972 0.0043726394172395903 0.0091729239153265588 0.0050525174058145541
leaf_weight=4.8465981148183364 2.8764037936925879 3.5386362597346288 1.7846433967351911 9.4486039653420431 2.7375919520854941 3.8140093237161636 4.5499464571475983
leaf_count=38 27 19 12 78 20 19 30
internal_value=0.00146535 0.0059146 -0.000863328 -0.00120647 -0.00427553 0.00288731 0.00995
internal_weight=33.5964 12.7496 4.66105 20.8468 12.1862 8.66061 8.08858
internal_count=243 88 39 155 98 57 49
is_linear=0
shrinkage=0.01


Tree=345
num_leaves=5
num_cat=0
split_feature=14 22 0 24
split_gain=2.06745 2.11005 1.86314 4.06882
threshold=-0.39467734717860997 -0.21247197324578418 0.05854137388601998 0.10060655038446956
decision_type=2 2 2 2
left_child=1 -1 3 -2
right_child=2 -3 -4 -5
leaf_value=-0.00084580187299056241 -1.171002609457467e-05 0.0097837557730457887 0.0040660029491065338 -0.010409875800464503
leaf_weight=2.9415466785430908 15.20707262307406 3.5410761535167721 4.5218764357268801 4.879073552787303
leaf_count=17 112 17 26 52
internal_value=0 0.00484156 -0.00138467 -0.00275163
internal_weight=31.0906 6.48262 24.608 20.0861
internal_count=224 34 190 164
is_linear=0
shrinkage=0.01


Tree=346
num_leaves=5
num_cat=0
split_feature=30 30 22 33
split_gain=1.70178 2.10803 4.69521 3.60124
threshold=0.27997672431420112 -0.18437831581697603 -0.35372777400929462 0.22910045460663017
decision_type=2 2 2 2
left_child=1 3 -3 -1
right_child=-2 2 -4 -5
leaf_value=0.0097755021262219532 0.0063027364676386021 0.010636459223011693 -0.0043727733089351326 -0.0015529867068835019
leaf_weight=4.2762868516147154 3.8615595847368231 2.0215116664767292 17.03745760768652 6.4938101917505264
leaf_count=24 23 11 131 57
internal_value=0.000273426 -0.000495711 -0.00253733 0.00290736
internal_weight=33.6906 29.8291 19.059 10.7701
internal_count=246 223 142 81
is_linear=0
shrinkage=0.01


Tree=347
num_leaves=5
num_cat=0
split_feature=0 12 12 38
split_gain=2.58482 3.55256 3.20185 2.51756
threshold=-0.022587772319039398 6.3658524808765842 0.59705500535255862 0.71578472531357262
decision_type=2 2 2 2
left_child=2 3 -1 -2
right_child=1 -3 -4 -5
leaf_value=0 -0.0012132599264852635 -0.0090688984141804301 0.014525292224160821 0.0059530338776040623
leaf_weight=3.6466055810451534 14.649459850043064 3.8237409815192214 2.5200204104185104 6.8267637193202964
leaf_count=26 118 29 14 42
internal_value=0.000851362 -0.000512091 0.00651876 0.00102351
internal_weight=31.4666 25.3 6.16663 21.4762
internal_count=229 189 40 160
is_linear=0
shrinkage=0.01


Tree=348
num_leaves=5
num_cat=0
split_feature=34 37 19 5
split_gain=1.5827 2.34943 1.99735 1.15843
threshold=0.56813719495470483 0.55054149552439891 24.687644714732823 -2.0348523355354922
decision_type=2 2 2 2
left_child=1 -1 -3 -2
right_child=3 2 -4 -5
leaf_value=0.010832595184160985 0 -0.0069722765177629119 0.0011697517598818804 -0.009320719369394723
leaf_weight=1.8932495638728202 2.3974804021418095 3.2053561136126545 21.135623309761286 2.59717983752489
leaf_count=14 23 19 143 31
internal_value=-1.35415e-05 0.000919289 0 -0.0050654
internal_weight=31.2289 26.2342 24.341 4.99466
internal_count=230 176 162 54
is_linear=0
shrinkage=0.01


Tree=349
num_leaves=6
num_cat=0
split_feature=28 0 0 11 37
split_gain=3.35178 4.48667 4.24734 3.698 0.483945
threshold=-13.848666980659344 0.03554740318181495 -0.044994271126327735 63.453934917159735 0.70548541492602257
decision_type=2 2 2 2 2
left_child=1 4 -2 -4 -1
right_child=2 -3 3 -5 -6
leaf_value=-0.01098014522200084 0.012462711454314459 0.004668057265664138 -0.0027292071472883139 0.0068301867061766556 -0.0025681236470212932
leaf_weight=5.3446542695164663 2.8964449167251614 2.8858504146337509 13.812940422445537 5.373527117073535 1.8097046092152593
leaf_count=49 14 18 111 32 12
internal_value=-0.000322452 -0.00507972 0.00179023 0 -0.0093096
internal_weight=32.1231 10.0402 22.0829 19.1865 7.15436
internal_count=236 79 157 143 61
is_linear=0
shrinkage=0.01


Tree=350
num_leaves=6
num_cat=0
split_feature=36 36 6 37 19
split_gain=2.63029 5.16931 3.78096 1.53067 0.778273
threshold=0.59932315074639919 0.66286611390019867 -0.22250218503957406 0.68332677844511458 42.574561982101159
decision_type=2 2 2 2 2
left_child=4 3 -3 -2 -1
right_child=1 2 -4 -5 -6
leaf_value=0 0.013486820578211487 0.0067718958767582224 -0.0030421672495665954 0.0034025569914511188 -0.0096844120344540489
leaf_weight=1.5835698172450094 3.7255030795931843 4.8802141509950223 15.523826602846379 3.926707349717617 2.3572607152163982
leaf_count=10 20 38 124 24 23
internal_value=0.0008872 0.00203179 -0.00053414 0.0088872 -0.00635725
internal_weight=31.9971 28.0563 20.404 7.65221 3.94083
internal_count=239 206 162 44 33
is_linear=0
shrinkage=0.01


Tree=351
num_leaves=5
num_cat=0
split_feature=32 0 27 1
split_gain=2.57342 2.07258 3.03785 2.84059
threshold=0.0030293345120800184 -0.022587772319039398 34.693892478693002 -0.53931303739483638
decision_type=2 2 2 2
left_child=-1 3 -3 -2
right_child=1 2 -4 -5
leaf_value=0.0090814256756658902 -0.0039559618861500926 0.0024631545583057345 -0.0054091797848345689 0.0092257679417577822
leaf_weight=2.1746497005224255 2.4280199706554413 6.5248814448714247 15.34589361771941 3.4237028658390107
leaf_count=13 18 38 132 21
internal_value=-0.000588973 -0.00150803 -0.00296881 0.00350505
internal_weight=29.8971 27.7225 21.8708 5.85172
internal_count=222 209 170 39
is_linear=0
shrinkage=0.01


Tree=352
num_leaves=5
num_cat=0
split_feature=26 26 33 21
split_gain=2.00132 2.60318 1.90194 1.66963
threshold=16.333035714285874 18.538928571428546 0.46907684210689365 -1.7472991120687358
decision_type=2 2 2 2
left_child=-1 3 -3 -2
right_child=1 2 -4 -5
leaf_value=0.0058751321252957078 0 0.002127853298265227 -0.005101083237634918 -0.010453108073931931
leaf_weight=4.6006891280412701 2.0091726779937744 16.717912320047621 4.2638170123100272 3.8425014503300217
leaf_count=28 15 120 35 37
internal_value=0 -0.00106843 0.000513643 -0.00681461
internal_weight=31.4341 26.8334 20.9817 5.85167
internal_count=235 207 155 52
is_linear=0
shrinkage=0.01


Tree=353
num_leaves=7
num_cat=0
split_feature=33 2 32 16 5 32
split_gain=3.75106 3.39256 3.1417 2.6592 2.25462 0.573623
threshold=0.13443286839586263 6.1344642857142331 0.45739840039002905 -0.0011881060572600161 -1.3290915908269467 0.49304106430624167
decision_type=2 2 2 2 2 2
left_child=3 2 -2 -1 -5 -3
right_child=1 5 -4 4 -6 -7
leaf_value=0.0096321841740946278 0.0031421974243743466 -0.010678345402880977 -0.0056475690775758137 -0.0057719481713070474 0.0066331381788634052 -0.0023226278720524184
leaf_weight=4.4037392884492874 9.3731214702129417 5.0715742483735076 6.6453295573592177 3.2050008922815323 2.1827504560351354 2.0083302408456802
leaf_count=21 74 49 54 24 13 13
internal_value=-0.000904049 -0.0031434 -0.000418506 0.00411684 -0.000309834 -0.00876989
internal_weight=32.8898 23.0984 16.0185 9.79149 5.38775 7.0799
internal_count=248 190 128 58 37 62
is_linear=0
shrinkage=0.01


Tree=354
num_leaves=8
num_cat=0
split_feature=4 21 2 11 22 2 9
split_gain=2.88584 2.40477 3.12543 2.9559 2.16025 1.27356 0.848179
threshold=-1.74618851571131 -1.2863062683628563 6.1568928571427941 58.819135704782916 0.10423406547605525 8.3471428571429325 -0.077551459985623655
decision_type=2 2 2 2 2 2 2
left_child=4 3 -3 -2 5 -1 -6
right_child=1 2 -4 -5 6 -7 -8
leaf_value=-0.0095087571710234936 -0.0081782524163776533 0.0084138974997124225 -0.00074398384266006969 0.0032337304793568365 0.0053925312971768854 0 -0.0025528600833566819
leaf_weight=5.1149765215814096 3.6731718555092794 9.0692026466131228 5.4908628463745108 4.7515718638896942 2.4276424497365952 1.9741126447916029 2.0250701680779457
leaf_count=46 33 61 43 31 14 12 16
internal_value=0.000327386 0.00242068 0.00488041 -0.00162276 -0.0036281 -0.00700176 0.00142515
internal_weight=34.5266 22.9848 14.5601 8.42474 11.5418 7.08909 4.45271
internal_count=256 168 104 64 88 58 30
is_linear=0
shrinkage=0.01


Tree=355
num_leaves=4
num_cat=0
split_feature=16 14 10
split_gain=2.29712 2.21372 2.40633
threshold=0.29634771050075281 -0.39467734717860997 13.299571428571559
decision_type=2 2 2
left_child=1 -1 -3
right_child=-2 2 -4
leaf_value=0.0057057020272740155 -0.0096636378168942182 8.7181873191072929e-06 -0.008727770872061856
leaf_weight=5.3346472606062951 2.3449598774313918 19.660310670733455 3.3570706211030474
leaf_count=27 22 150 26
internal_value=-0.000746988 1.41547e-05 -0.00127562
internal_weight=30.697 28.352 23.0174
internal_count=225 203 176
is_linear=0
shrinkage=0.01


Tree=356
num_leaves=5
num_cat=0
split_feature=34 14 30 13
split_gain=3.35777 2.18772 2.62122 1.52904
threshold=0.57617527066779439 -0.49591733088430134 -0.18437831581697603 -1.8530933309827116
decision_type=2 2 2 2
left_child=1 -1 -3 -2
right_child=3 2 -4 -5
leaf_value=0.010621670905742073 0.00066103968286122263 0.0063586379477897628 -0.0007373770880854119 -0.010101024706843705
leaf_weight=2.4677351117134121 1.4811907708644865 6.6640050783753422 19.109784688800573 3.4254821650683871
leaf_count=11 17 39 141 38
internal_value=0.000685044 0.00208003 0.0010727 -0.00661723
internal_weight=33.1482 28.2415 25.7738 4.90667
internal_count=246 191 180 55
is_linear=0
shrinkage=0.01


Tree=357
num_leaves=8
num_cat=0
split_feature=21 4 4 5 0 4 29
split_gain=3.76162 3.77577 3.88155 3.39926 2.00367 1.16353 1.1023
threshold=-1.2863062683628563 -4.4673071818151575 2.8299663886050443 -1.3290915908269467 -0.014785647401920843 2.1666847947954015 -1.2240268816394937
decision_type=2 2 2 2 2 2 2
left_child=4 3 -3 -2 6 -6 -1
right_child=1 2 -4 -5 5 -7 -8
leaf_value=0.00583703785249284 -0.0091568981409746193 0.0085168867761707175 -0.001996780300783884 0.005217463503736708 -0.010597121142447 0 -0.0034017339028068055
leaf_weight=2.1264927536249161 3.6426566019654274 12.613603577017786 4.3026022017002097 2.3857896849513081 3.9107000082731229 1.655144467949867 2.2881967946887016
leaf_count=12 28 80 35 13 37 13 20
internal_value=0.00103335 0.00329985 0.00573839 -0.00317448 -0.00392688 -0.00779591 0.000712491
internal_weight=32.9252 22.9447 16.9162 6.02845 9.98053 5.56584 4.41469
internal_count=238 156 115 41 82 50 32
is_linear=0
shrinkage=0.01


Tree=358
num_leaves=4
num_cat=0
split_feature=14 13 13
split_gain=2.79319 2.85629 2.72756
threshold=-0.49591733088430134 0.62934558487937486 -1.3030996004084507
decision_type=2 2 2
left_child=-1 2 -2
right_child=1 -3 -4
leaf_value=0.0087773544223682404 4.5255312327675705e-05 0.0052057433163891845 -0.0064435324646060568
leaf_weight=2.5453390330076244 12.911316696554428 4.7212550193071356 11.586247339844702
leaf_count=12 99 27 101
internal_value=-0.000588745 -0.00155332 -0.00298382
internal_weight=31.7642 29.2188 24.4976
internal_count=239 227 200
is_linear=0
shrinkage=0.01


Tree=359
num_leaves=7
num_cat=0
split_feature=32 1 17 30 33 19
split_gain=2.7354 2.90304 3.60825 3.26494 2.72945 1.39305
threshold=0.45739840039002905 -0.35627872247758324 -0.50919894860507287 -0.18437831581697603 0.83109845508010227 44.303751829818374
decision_type=2 2 2 2 2 2
left_child=1 2 -1 -3 5 -2
right_child=4 3 -4 -5 -6 -7
leaf_value=-0.00032268359803481355 -0.01081374913645166 0.0066522346554031709 0.012580977586298822 -0.0029227140474783436 0.0043185829643113743 -0.0012581659152559716
leaf_weight=3.0866051763296127 3.5205749869346601 5.0926952585577938 5.1502459645271301 10.079489506781103 2.9250878654420376 3.5900249034166336
leaf_count=19 26 40 30 85 17 28
internal_value=0.00108854 0.00299522 0.00766988 0.000228616 -0.00312328 -0.00650542
internal_weight=33.4447 23.409 8.23685 15.1722 10.0357 7.1106
internal_count=245 174 49 125 71 54
is_linear=0
shrinkage=0.01


Tree=360
num_leaves=7
num_cat=0
split_feature=37 14 14 22 18 18
split_gain=2.83459 2.14168 3.09997 1.98216 2.09848 1.91543
threshold=0.65923078240356736 -0.39467734717860997 0.058909961371728763 -0.14350541225769614 13.257785714285776 14.782035714285682
decision_type=2 2 2 2 2 2
left_child=3 -2 -3 4 -1 -5
right_child=1 2 -4 5 -6 -7
leaf_value=0.00073844555871633221 0.0049844493000882539 -0.0047664562936473908 0.0056749129021859924 0.0051285085021052701 0.013662586755927682 -0.0062418561580008013
leaf_weight=2.4597513936460018 4.1972210109233847 14.017947502434259 3.125295363366603 3.3708667382597906 3.4642842225730419 2.1486743241548538
leaf_count=19 21 119 20 25 20 19
internal_value=0.00104637 -0.0010347 -0.00268342 0.00502484 0.00891187 0.000264935
internal_weight=32.784 21.3405 17.1432 11.4436 5.92404 5.51954
internal_count=243 160 139 83 39 44
is_linear=0
shrinkage=0.01


Tree=361
num_leaves=7
num_cat=0
split_feature=13 35 32 26 13 11
split_gain=2.92138 3.34814 3.69621 3.23008 2.89556 2.51978
threshold=-1.3030996004084507 0.19559548638844335 0.39284312133422511 23.20635714285709 -1.9468597735972999 61.667525497604309
decision_type=2 2 2 2 2 2
left_child=3 2 -2 4 -1 -3
right_child=1 5 -4 -5 -6 -7
leaf_value=-0.0039105842350567899 0.0066427155617215621 -0.010793014962756222 -0.0073592601483833077 0.011968844885073462 0.0050997472907642824 0
leaf_weight=5.8126581385731706 5.6483195163309592 5.1456359699368459 2.3800471276044846 3.3692441880702964 7.9568399973213682 3.2296019159257412
leaf_count=51 34 52 17 19 52 26
internal_value=0.000659373 -0.00226332 0.00213605 0.0035622 0.00115169 -0.00663906
internal_weight=33.5423 16.4036 8.02837 17.1387 13.7695 8.37524
internal_count=251 129 51 122 103 78
is_linear=0
shrinkage=0.01


Tree=362
num_leaves=5
num_cat=0
split_feature=29 4 24 8
split_gain=2.29812 2.85751 2.93861 1.4703
threshold=-1.3720757433658528 3.428923751253024 0.18927111325879534 -0.037467090867781133
decision_type=2 2 2 2
left_child=3 2 -2 -1
right_child=1 -3 -4 -5
leaf_value=0.00030786075374661972 0.00059518597190349228 -0.0078166820939790677 0.0098100050030294067 -0.010195737591866864
leaf_weight=1.6352140903472898 18.122689824551351 2.6811530776321879 4.1707033216953269 2.9452199712395695
leaf_count=11 131 23 29 28
internal_value=0 0.0012471 0.00251501 -0.00624773
internal_weight=29.555 24.9745 22.2934 4.58043
internal_count=222 183 160 39
is_linear=0
shrinkage=0.01


Tree=363
num_leaves=5
num_cat=0
split_feature=38 5 5 24
split_gain=3.14366 1.96979 5.33185 2.60399
threshold=0.74697001031349264 -2.2441318883617085 -2.0719091550358546 0.18927111325879534
decision_type=2 2 2 2
left_child=1 3 -3 -1
right_child=-2 2 -4 -5
leaf_value=-0.0066934948494906709 0.010764795917185613 0.013995653035733692 -0.00056065900475129747 0.0056439904832473872
leaf_weight=7.667173486202957 2.4747484847903243 2.5860149450600174 18.004196394234896 1.7586133107542989
leaf_count=67 17 14 129 11
internal_value=0.000557761 -0.000316011 0.00134653 -0.0040829
internal_weight=32.4907 30.016 20.5902 9.42579
internal_count=238 221 143 78
is_linear=0
shrinkage=0.01


Tree=364
num_leaves=7
num_cat=0
split_feature=33 38 35 17 6 21
split_gain=2.4718 3.04182 3.12075 2.72764 1.48995 1.28529
threshold=0.13443286839586263 0.71578472531357262 0.15475926587571345 -0.31492756933873428 -0.056172741619387324 -1.1648496000023394
decision_type=2 2 2 2 2 2
left_child=3 5 -3 -1 -5 -2
right_child=1 2 -4 4 -6 -7
leaf_value=0.0098474567149519944 -0.0084966333999159371 -0.0035961347479269309 0.0081481596819249057 0.0030209020695503457 -0.0069768305547866782 -0.0017611067655808163
leaf_weight=3.7081917226314545 6.8821243755519408 4.1992030590772611 4.0486366897821426 3.3534902185201645 2.1305844783782977 6.5040170066058636
leaf_count=18 69 25 29 18 18 56
internal_value=-0.000649075 -0.00254185 0.00201848 0.00353441 -0.000677885 -0.00548047
internal_weight=30.8262 21.634 8.24784 9.19227 5.48407 13.3861
internal_count=233 179 54 54 36 125
is_linear=0
shrinkage=0.01


Tree=365
num_leaves=6
num_cat=0
split_feature=17 11 16 2 37
split_gain=3.74239 4.07898 3.59367 3.36654 2.66975
threshold=0.56737259358766834 41.947777401297053 0.033901037105002536 6.4767857142856959 0.70923053111883771
decision_type=2 2 2 2 2
left_child=1 3 -3 -1 -2
right_child=4 2 -4 -5 -6
leaf_value=-0.0069292745061076081 -0.010313595469872207 0.0015739132369697051 0.011188683439338079 0.0046571410960771229 0.0021127851240766316
leaf_weight=6.1281709671020526 4.166120830923318 10.556882470846178 6.5939573757350436 3.6538157612085342 2.3025564625859261
leaf_count=51 44 74 40 20 15
internal_value=0.000876219 0.00257384 0.00551389 -0.00239329 -0.00569729
internal_weight=33.4015 26.9328 17.1508 9.78199 6.46868
internal_count=244 185 114 71 59
is_linear=0
shrinkage=0.01


Tree=366
num_leaves=7
num_cat=0
split_feature=37 38 16 11 11 27
split_gain=2.1283 2.75912 2.57469 2.0169 2.01189 1.29522
threshold=0.65337459485141947 0.69318558437694966 0.13731976655566078 41.947777401297053 53.928204740261471 52.803407186391745
decision_type=2 2 2 2 2 2
left_child=2 5 4 -3 -1 -2
right_child=1 3 -4 -5 -6 -7
leaf_value=0.0019588691395717246 -0.0018344256945460901 -0.003102326943717283 -0.003521802696389572 0.0048678283409245172 0.01364788219539703 -0.010483932927792277
leaf_weight=3.894287124276163 5.0527680255472678 4.8469226807355863 2.4942390397191048 7.4044506549835205 2.856546439230442 3.2868137843906879
leaf_count=24 44 32 23 45 19 31
internal_value=0.000383886 -0.00133487 0.00434313 0.00155652 0.00755886 -0.00572055
internal_weight=29.836 20.591 9.24507 12.2514 6.75083 8.33958
internal_count=218 152 66 77 43 75
is_linear=0
shrinkage=0.01


Tree=367
num_leaves=5
num_cat=0
split_feature=36 38 11 36
split_gain=2.90801 2.61848 3.04119 1.35503
threshold=0.5910007599271857 0.61285156363245552 55.231916634388405 0.69653942198694363
decision_type=2 2 2 2
left_child=-1 3 -3 -2
right_child=1 2 -4 -5
leaf_value=-0.0098323638654814281 -0.010306696227412086 -0.00050141752132625494 0.0063603793762090077 0
leaf_weight=2.3452002145350006 2.3821911141276386 14.230098415166141 10.789746336638926 2.0652144774794579
leaf_count=21 24 102 72 19
internal_value=0.000143463 0.00109568 0.00241903 -0.00561019
internal_weight=31.8125 29.4673 25.0198 4.44741
internal_count=238 217 174 43
is_linear=0
shrinkage=0.01


Tree=368
num_leaves=7
num_cat=0
split_feature=19 12 19 13 4 39
split_gain=2.39867 3.85038 3.3292 2.38043 1.95954 1.90466
threshold=51.732448932491138 -2.2496487434764272 41.372192185545636 -1.2196327410973924 2.9948957528044962 0.70571512942380521
decision_type=2 2 2 2 2 2
left_child=1 2 -1 4 -2 -5
right_child=3 -3 -4 5 -6 -7
leaf_value=-0.00097983190674341128 0.011904451295988119 -0.010151708636471253 0.010652947707606022 -0.003445801821849461 0 0.0068325870187940273
leaf_weight=12.143330968916414 4.7572599872946739 3.3914665766060379 2.7151628211140624 4.5909696295857412 2.086904838681221 2.5367367416620255
leaf_count=77 31 38 16 42 14 14
internal_value=0.0013522 -0.000945915 0.0011827 0.00445091 0.00853758 7.12116e-05
internal_weight=32.2218 18.25 14.8585 13.9719 6.84416 7.12771
internal_count=232 131 93 101 45 56
is_linear=0
shrinkage=0.01


Tree=369
num_leaves=4
num_cat=0
split_feature=37 19 6
split_gain=2.83793 2.20425 2.44796
threshold=0.56006429927599799 76.789312233961724 -0.062726433801640932
decision_type=2 2 2
left_child=-1 2 -2
right_child=1 -3 -4
leaf_value=0.010337989209088291 0.0010187797723645901 0.0078003555887829713 -0.0052143047246431826
leaf_weight=2.3432448655366924 14.728403367102151 2.5233914554119101 10.147981647402046
leaf_count=18 108 13 80
internal_value=0.000405451 -0.000474548 -0.00147632
internal_weight=29.743 27.3998 24.8764
internal_count=219 201 188
is_linear=0
shrinkage=0.01


Tree=370
num_leaves=8
num_cat=0
split_feature=6 29 29 6 28 17 25
split_gain=3.81919 3.94679 3.36865 3.07623 1.88378 3.78792 1.52679
threshold=-0.062726433801640932 -0.49839375929261615 -1.5875883370961621 -0.2280287836841047 -10.144533482215136 0.081717886558741362 -0.23770370481206607
decision_type=2 2 2 2 2 2 2
left_child=1 2 -1 -3 5 -2 -6
right_child=4 3 -4 -5 6 -7 -8
leaf_value=0.0086384965505318188 -0.0072707823539281055 0.00026891156917480569 -0.0031804396558084455 0.015035419609161082 0 0.0085170472010418496 -0.0096115137491406908
leaf_weight=2.9865029156208065 2.652098648250103 2.6073017381131649 8.7570751942694169 3.7798979729414013 1.9634764343500135 2.7900107204914093 5.2052925787866098
leaf_count=17 19 16 70 18 14 23 52
internal_value=0.00048341 0.0034567 0 0.00958918 -0.00361741 0.000496978 -0.00690309
internal_weight=30.7417 18.1308 11.7436 6.3872 12.6109 5.44211 7.16877
internal_count=229 121 87 34 108 42 66
is_linear=0
shrinkage=0.01


Tree=371
num_leaves=7
num_cat=0
split_feature=3 4 39 39 3 5
split_gain=2.49957 2.53899 3.54952 2.33828 1.93326 2.08075
threshold=37.033134561147101 -0.2499727960603195 0.70056791006023222 0.66093402162548776 32.654756890291857 -1.2063428331021819
decision_type=2 2 2 2 2 2
left_child=4 2 -2 -3 5 -1
right_child=1 3 -4 -5 -6 -7
leaf_value=-0.0063036466663520157 -0.010725595496229782 0.0053967557830563728 0.0031929768119282288 -0.0016818842956395814 0.0098660178052013252 0.0071159494938786462
leaf_weight=2.0386647433042526 4.6625129580497768 7.4843897968530682 2.4384975023567677 10.827136673033236 4.3063460923731327 1.9739520363509635
leaf_count=18 45 63 15 78 21 12
internal_value=0.000755167 -0.000746175 -0.00574002 0.00114423 0.00543981 0
internal_weight=33.7315 25.4125 7.10101 18.3115 8.31896 4.01262
internal_count=252 201 60 141 51 30
is_linear=0
shrinkage=0.01


Tree=372
num_leaves=6
num_cat=0
split_feature=11 0 32 12 37
split_gain=4.07209 6.4822 3.76787 2.65114 3.37594
threshold=53.928204740261471 -0.0087943227311300248 0.22947468150908965 -5.3247844148577306 0.7066774330397102
decision_type=2 2 2 2 2
left_child=3 -2 -3 4 -1
right_child=1 2 -4 -5 -6
leaf_value=0.0033729916046294868 0.014181055895207646 -0.0085163993603281675 0.0034092431997948475 -0.0088484595165223244 -0.0088173856819885928
leaf_weight=6.5178751200437564 3.5883613377809533 3.7953413091599906 7.0389518588781357 6.6619889028370407 3.0739237666130066
leaf_count=41 20 38 46 68 20
internal_value=-0.000680248 0.00307579 -0.000705684 -0.00412929 -0.000480454
internal_weight=30.6764 14.4227 10.8343 16.2538 9.5918
internal_count=233 104 84 129 61
is_linear=0
shrinkage=0.01


Tree=373
num_leaves=7
num_cat=0
split_feature=32 33 32 39 3 8
split_gain=2.66686 2.77624 2.46075 2.20801 1.95202 1.67657
threshold=0.21364729536066626 0.25345003583485298 0.45739840039002905 0.68629459203436838 57.977965760021014 -0.022963658693362525
decision_type=2 2 2 2 2 2
left_child=1 5 4 -4 -2 -1
right_child=2 -3 3 -5 -6 -7
leaf_value=0.0059457780213132538 0.0084480268148338349 -0.010455155619872186 -0.0064964735103209261 0.0023409694628768875 -0.00055651288837708132 -0.0039303143207721266
leaf_weight=2.4712027013301849 6.5873201489448565 4.0523389875888824 4.5381555221974832 6.1467385925352573 3.0375730693340302 4.2113797776401061
leaf_count=14 39 41 36 39 23 36
internal_value=-0.000216018 -0.00423733 0.00184318 -0.00130537 0.0054738 0
internal_weight=31.0447 10.7349 20.3098 10.6849 9.62489 6.68258
internal_count=228 91 137 75 62 50
is_linear=0
shrinkage=0.01


Tree=374
num_leaves=7
num_cat=0
split_feature=8 36 11 28 37 13
split_gain=3.09676 2.52043 4.72132 2.20743 1.81808 1.80309
threshold=-0.028500019560694204 0.66286611390019867 62.099908159032118 -13.33816555615749 0.7078444790835986 -1.8106757807065603
decision_type=2 2 2 2 2 2
left_child=3 2 -2 -1 -5 -3
right_child=1 5 -4 4 -6 -7
leaf_value=-0.0016475841465051211 -0.0027359322576406319 0.00090874336970254521 0.01209017347089225 0.01205329309400568 0.00084328498157792162 -0.0063788736396135446
leaf_weight=3.1787117421627045 5.8938751965761202 4.0650581754744044 2.9089367464184761 3.9175967797636968 2.9019530825316906 11.330010484904049
leaf_count=20 44 31 16 19 20 103
internal_value=0 -0.00189278 0.00218071 0.00464201 0.00780051 -0.00434657
internal_weight=34.1961 24.1979 8.80281 9.99826 6.81955 15.3951
internal_count=253 194 60 59 39 134
is_linear=0
shrinkage=0.01


Tree=375
num_leaves=7
num_cat=0
split_feature=28 1 0 4 0 6
split_gain=2.21018 4.19157 2.70998 2.57395 1.81263 1.34808
threshold=-13.848666980659344 0.35544076687212928 0.05854137388601998 3.428923751253024 0.036854683412831719 -0.12899260907326129
decision_type=2 2 2 2 2 2
left_child=2 3 5 -2 -3 -1
right_child=1 4 -4 -5 -6 -7
leaf_value=-0.010581410090424834 0.0068528477132634201 -0.0097975840874282866 0.006191847272399297 -0.0038726468097895423 0 -0.0016652490248337311
leaf_weight=3.3883642368018627 13.782548084855081 2.6529262028634539 1.9610600769519804 2.2055014148354521 4.8930060118436813 4.6085785850882512
leaf_count=30 92 26 11 16 32 38
internal_value=0.000570672 0.00228607 -0.00323669 0.00520643 -0.00360907 -0.00593015
internal_weight=33.492 23.534 9.958 15.988 7.54593 7.99694
internal_count=245 166 79 108 58 68
is_linear=0
shrinkage=0.01


Tree=376
num_leaves=7
num_cat=0
split_feature=11 4 36 18 20 0
split_gain=2.4016 5.65751 3.64713 2.95182 2.61863 2.11877
threshold=55.891954229300957 2.8299663886050443 0.63571719464998233 12.374142857142846 -6.4043763865302017 -0.0087943227311300248
decision_type=2 2 2 2 2 2
left_child=2 5 -1 -3 -4 -2
right_child=1 3 4 -5 -6 -7
leaf_value=-0.010870950281924578 0.018069621464316891 0.0045779324197692825 0.0038513649727229611 -0.0083494652880827091 -0.0043941455166399282 0.004811035271528652
leaf_weight=3.217381861060864 2.2521544545888901 2.7688180953264236 8.9492155537009257 3.5964712202548981 6.2369188182055906 4.0482150204479677
leaf_count=27 13 21 56 31 57 29
internal_value=0.000548689 0.00389886 -0.00167559 -0.0024732 0.000316279 0.0104594
internal_weight=31.0692 12.6657 18.4035 6.36529 15.1861 6.30037
internal_count=234 94 140 52 113 42
is_linear=0
shrinkage=0.01


Tree=377
num_leaves=8
num_cat=0
split_feature=13 30 13 3 33 33 32
split_gain=5.9655 3.74982 2.95452 2.84107 2.45274 2.37984 2.22115
threshold=-1.3030996004084507 -0.18437831581697603 -1.9468597735972999 54.29099829626211 0.57849604915946362 0.31034617995176533 0.34759501374371843
decision_type=2 2 2 2 2 2 2
left_child=2 5 6 -4 -3 -2 -1
right_child=1 4 3 -5 -6 -7 -8
leaf_value=0.0073827075990394019 0.010875987562107687 -0.0076164961055694607 0.015316201616582162 0.0019291725143636149 0.0030048663156990178 -0.0015391750904305262 -0.0032482897929774729
leaf_weight=3.4187951385974875 2.7812726907432106 8.4692431688308698 5.182206619530918 2.8876028954982758 2.3967986330389968 2.4867736250162125 3.6246347203850746
leaf_count=24 17 71 28 22 16 21 31
internal_value=0.00245211 -0.00167121 0.00693056 0.0110057 -0.00507677 0.00488907 0.00173031
internal_weight=31.2473 16.1341 15.1132 8.06981 10.866 5.26805 7.04343
internal_count=230 125 105 50 87 38 55
is_linear=0
shrinkage=0.01


Tree=378
num_leaves=8
num_cat=0
split_feature=22 21 36 2 36 0 27
split_gain=2.03464 3.53529 2.6816 2.39756 2.30543 2.63171 0.77787
threshold=-0.027567739889120268 -1.2760624892284917 0.67786813078992436 6.1568928571427941 0.69653942198694363 0.0014877774315836337 52.639744254208146
decision_type=2 2 2 2 2 2 2
left_child=1 2 -1 -3 6 -6 -2
right_child=4 3 -4 -5 5 -7 -8
leaf_value=0.0022219287804061878 -0.010699931505975735 0.0097859109433637553 -0.0096524754039997839 0.00040024776255119808 0.0078624652266839571 -0.0037583858664696846 -0.0019300711710845315
leaf_weight=4.0721758343279388 2.7844320200383645 6.9514843076467532 2.8793430402874947 5.1427061520516872 3.1698195822536945 3.9626227952539921 2.7447843737900257
leaf_count=30 23 42 31 37 20 34 22
internal_value=0.000704458 0.00279995 -0.00261654 0.00606258 -0.00228513 0.00124599 -0.00701293
internal_weight=31.7074 19.0457 6.95152 12.0942 12.6617 7.13244 5.52922
internal_count=239 140 61 79 99 54 45
is_linear=0
shrinkage=0.01


Tree=379
num_leaves=5
num_cat=0
split_feature=29 18 5 18
split_gain=2.49248 1.7092 4.73389 2.25347
threshold=-1.5875883370961621 13.013607142857188 -2.2186882406435133 14.579214285714153
decision_type=2 2 2 2
left_child=-1 2 -2 -3
right_child=1 3 -4 -5
leaf_value=0.0088389042179820142 -0.0048985688042264986 -0.0084798591450997926 0.0076628040114810961 0
leaf_weight=3.3839165754616287 4.407728273421526 3.8148451447486869 7.547593720257284 11.436123315244911
leaf_count=22 41 33 49 81
internal_value=0.00111731 0 0.00286189 -0.00212985
internal_weight=30.5902 27.2063 11.9553 15.251
internal_count=226 204 90 114
is_linear=0
shrinkage=0.01


Tree=380
num_leaves=6
num_cat=0
split_feature=17 28 30 14 2
split_gain=2.42438 3.35307 3.28119 3.4231 2.80636
threshold=0.56405482158345566 -19.560792590878915 0.10460026513912923 0.093306634680172182 5.2019642857143422
decision_type=2 2 2 2 2
left_child=2 -2 3 -1 -4
right_child=1 -3 4 -5 -6
leaf_value=-0.0025933850050665953 0.0057220962356172656 -0.010340702885224665 0 0.0075939733834011307 0.013891313856760694
leaf_weight=13.706477865576753 1.5085716992616651 3.7465499080717555 2.5651974380016318 4.0048757046461096 3.3447719514369965
leaf_count=106 16 37 17 25 16
internal_value=0.000551997 -0.00530958 0.00198988 -9.06694e-05 0.00825024
internal_weight=28.8764 5.25512 23.6213 17.7114 5.90997
internal_count=217 53 164 131 33
is_linear=0
shrinkage=0.01


Tree=381
num_leaves=6
num_cat=0
split_feature=30 9 30 21 17
split_gain=1.65612 2.83531 2.36935 3.19921 0.566201
threshold=0.11809301747987204 0.043962687574975477 0.0076102528636075228 -1.2760624892284917 -0.42108575000470128
decision_type=2 2 2 2 2
left_child=2 -2 3 -1 -4
right_child=1 -3 4 -5 -6
leaf_value=-0.0058631816573071769 0.010427801216912896 -0.002505794224873405 -0.00052079736866721864 0.0032177495957823698 -0.0098699799208167554
leaf_weight=4.9820268899202409 3.5675951391458502 2.4889061450958252 1.4731201604008672 13.862351242452862 2.7765592895448199
leaf_count=50 19 19 10 101 27
internal_value=0.000361775 0.00493071 -0.000798818 0.000658231 -0.00731678
internal_weight=29.1506 6.0565 23.0941 18.8444 4.24968
internal_count=226 38 188 151 37
is_linear=0
shrinkage=0.01


Tree=382
num_leaves=6
num_cat=0
split_feature=8 33 36 29 28
split_gain=2.933 2.56929 2.66468 1.4096 1.13996
threshold=-0.060695744817887587 0.12913939237620933 0.6992649607202357 -0.84916297968438992 -8.8362930356602174
decision_type=2 2 2 2 2
left_child=3 4 -3 -1 -2
right_child=1 2 -4 -5 -6
leaf_value=0.0083393567734132718 0.0066318511075367827 -0.0021271659371196105 -0.010678037138390429 -0.00028327618956540992 -0.0013875590826503024
leaf_weight=3.2662464678287506 2.5696780160069466 10.802446819841864 6.0878595486283293 3.1125355362892178 3.7148631215095547
leaf_count=19 13 90 63 18 25
internal_value=-0.00172819 -0.0034235 -0.00545811 0.00400874 0.0017405
internal_weight=29.5536 23.1748 16.8903 6.37878 6.28454
internal_count=228 191 153 37 38
is_linear=0
shrinkage=0.01


Tree=383
num_leaves=5
num_cat=0
split_feature=8 32 6 11
split_gain=2.41196 2.21332 3.80267 3.49503
threshold=0.13223879986325418 0.322598949133024 -0.062726433801640932 57.819412298911381
decision_type=2 2 2 2
left_child=1 2 -1 -3
right_child=-2 3 -4 -5
leaf_value=0.0076769374216003492 -0.0079729394277278862 -0.006841935227989402 -0.001544583551132435 0.0041397089710141595
leaf_weight=8.7009433358907753 3.1923525370657435 6.9722713418304902 8.1479701064527053 4.3340442106127739
leaf_count=58 27 57 66 29
internal_value=-7.47623e-05 0.000825095 0.00315187 -0.00246183
internal_weight=31.3476 28.1552 16.8489 11.3063
internal_count=237 210 124 86
is_linear=0
shrinkage=0.01


Tree=384
num_leaves=5
num_cat=0
split_feature=14 0 0 33
split_gain=2.3102 1.7787 3.95939 1.75146
threshold=-0.45817211576129957 0.05854137388601998 0.0021955731136547919 0.11254519027677536
decision_type=2 2 2 2
left_child=-1 2 -2 -3
right_child=1 3 -4 -5
leaf_value=0.0072337927730361344 0.0014691602380115033 -0.0006482069274676949 -0.0073078678246719601 0.0098063231052611406
leaf_weight=4.6636666879057911 14.534488219767814 2.5111167058348647 7.404038328677415 2.8685940802097321
leaf_count=24 103 14 74 18
internal_value=0.000949459 -0.000117885 -0.00146169 0.00479779
internal_weight=31.9819 27.3182 21.9385 5.37971
internal_count=233 209 177 32
is_linear=0
shrinkage=0.01


Tree=385
num_leaves=6
num_cat=0
split_feature=6 6 26 2 24
split_gain=2.07309 3.97366 2.55556 2.77714 1.51061
threshold=-0.062726433801640932 -0.10851019931814292 18.880785714285725 7.6013571428571343 -0.047670824972252758
decision_type=2 2 2 2 2
left_child=1 4 -2 -4 -1
right_child=2 -3 3 -5 -6
leaf_value=-0.003440212253529001 -0.0083026105255304336 0.012921910966902024 0.0044249374296799491 -0.007187620747041738 0.0031614933941172762
leaf_weight=4.4252591654658309 3.7025815136730662 3.3817540630698231 7.0752535462379438 2.4976150095462799 11.389667831361292
leaf_count=34 33 18 56 23 80
internal_value=0.00139055 0.00350194 -0.00152518 0.00106624 0.00116047
internal_weight=32.4721 19.1967 13.2755 9.57287 15.8149
internal_count=244 132 112 79 114
is_linear=0
shrinkage=0.01


Tree=386
num_leaves=4
num_cat=0
split_feature=22 5 24
split_gain=2.51639 2.46468 2.76699
threshold=-0.28962501569398152 -2.8979827167093117 0.20062889342955351
decision_type=2 2 2
left_child=-1 -2 -3
right_child=1 2 -4
leaf_value=0.0075083271794845908 -0.0095835756380478372 0.0018629895823860853 -0.0081303794899737457
leaf_weight=4.4327846914529827 2.3344987407326725 21.914794541895393 2.8359809443354598
leaf_count=29 21 160 23
internal_value=0.000759839 -0.000341742 0.000554443
internal_weight=31.5181 27.0853 24.7508
internal_count=233 204 183
is_linear=0
shrinkage=0.01


Tree=387
num_leaves=7
num_cat=0
split_feature=8 27 32 6 5 2
split_gain=2.43983 3.18306 2.91544 1.94478 1.92095 1.87865
threshold=-0.037467090867781133 51.112118713282214 0.17678386196428172 -0.16429147683948825 -1.9985754409885077 7.4276428571430584
decision_type=2 2 2 2 2 2
left_child=4 2 -2 -3 -1 -6
right_child=1 3 -4 -5 5 -7
leaf_value=0.011301598000867569 -0.0065761131469512192 0.00042664131831940389 0.0043249868119758774 -0.0088439187677215071 -0.0031795722877279238 0.0072105210714396321
leaf_weight=2.6532988846302032 2.8617432229220894 2.7575445510447025 9.7401333227753621 6.5031161643564683 3.661027882248165 2.6810353919863701
leaf_count=15 32 22 65 62 25 13
internal_value=0.000194082 -0.00154451 0.00159911 -0.00594747 0.00454823 0.0010389
internal_weight=30.8579 21.8625 12.6019 9.26066 8.99536 6.34206
internal_count=234 181 97 84 53 38
is_linear=0
shrinkage=0.01


Tree=388
num_leaves=5
num_cat=0
split_feature=26 36 30 30
split_gain=3.67567 2.70481 3.44326 3.34454
threshold=16.333035714285874 0.69653942198694363 -0.15341346757203683 0.062899284201615516
decision_type=2 2 2 2
left_child=-1 3 -3 -2
right_child=1 2 -4 -5
leaf_value=0.0095820512337745131 -0.0057975326013983541 0.0095722559842810612 -0.0010298866868880692 0.0039225100367127948
leaf_weight=4.0745991617441204 11.582791760563856 4.8198497779667377 6.7933176159858686 4.5470893345773211
leaf_count=25 96 32 56 27
internal_value=0.0010506 -0.000220194 0.00333272 -0.00291409
internal_weight=31.8176 27.743 11.6132 16.1299
internal_count=236 211 88 123
is_linear=0
shrinkage=0.01


Tree=389
num_leaves=6
num_cat=0
split_feature=36 36 22 9 9
split_gain=2.35999 3.50693 3.86551 2.67761 0.756322
threshold=0.62489170925540372 0.66286611390019867 -0.21456800200515677 -0.3724007118770476 0.29927617381909027
decision_type=2 2 2 2 2
left_child=4 2 -2 -3 -1
right_child=1 3 -4 -5 -6
leaf_value=-0.010495626164208431 0.01484674410622008 0.0037818907059490366 -0.00021006770710204877 -0.0039283164411524664 -0.00058473702005796429
leaf_weight=2.5015382990241077 2.91810442507267 6.2170969098806461 3.0717412084341076 13.430805630981915 1.7465587258338926
leaf_count=19 15 40 22 118 14
internal_value=-0.000491042 0.000608306 0.00716553 -0.00136816 -0.00716796
internal_weight=29.8858 25.6377 5.98985 19.6479 4.2481
internal_count=228 195 37 158 33
is_linear=0
shrinkage=0.01


Tree=390
num_leaves=7
num_cat=0
split_feature=18 11 32 17 1 27
split_gain=2.39907 2.86868 2.49846 2.43819 1.49828 1.0239
threshold=13.426392857142838 57.501495706451529 0.27587037860284069 -0.44013635388237177 -0.35627872247758324 62.75586797048819
decision_type=2 2 2 2 2 2
left_child=1 2 -1 -2 -5 -3
right_child=3 5 -4 4 -6 -7
leaf_value=0.0037347015718087661 0.0029972549570801274 0.0029238936985850851 -0.0061509393488985735 0 -0.0078473404042121719 0.01197023194468814
leaf_weight=4.6176303029060417 3.9291173890233031 4.068676456809043 4.8303285241127014 2.7663683146238318 8.0948124341666681 2.6398204416036606
leaf_count=35 24 33 38 20 73 12
internal_value=-0.000338066 0.00223459 -0.00114798 -0.00326944 -0.00573529 0.00712904
internal_weight=30.9468 16.1565 9.44796 14.7903 10.8612 6.7085
internal_count=235 118 73 117 93 45
is_linear=0
shrinkage=0.01


Tree=391
num_leaves=8
num_cat=0
split_feature=21 18 18 4 39 12 11
split_gain=1.58701 5.01701 3.19546 2.76986 1.67626 1.49668 0.542863
threshold=-0.66520011945186808 12.7797142857143 15.07146428571423 0.43427099481141346 0.65916245579542398 5.2092284338427826 55.231916634388405
decision_type=2 2 2 2 2 2 2
left_child=2 6 5 -4 -3 -1 -2
right_child=1 4 3 -5 -6 -7 -8
leaf_value=-0.0083014550414650806 0.0038827711405311463 0.0012157061172268912 0.0071699731595591537 -0.005692944526845497 -0.0082374512911980325 -0.00022569080164941684 0.012889168511385366
leaf_weight=7.8690296709537559 2.4666358008980733 3.0260199122130871 4.4129167050123206 2.1746983826160431 3.4196527451276779 3.9437613561749458 2.5135420560836792
leaf_count=75 15 22 24 20 26 26 17
internal_value=-0.000884943 0.00191111 -0.00273093 0.00257029 -0.00364634 -0.0058428 0.00928121
internal_weight=29.8263 11.4259 18.4004 6.58762 6.44567 11.8128 4.98018
internal_count=225 80 145 44 48 101 32
is_linear=0
shrinkage=0.01


Tree=392
num_leaves=7
num_cat=0
split_feature=28 1 11 9 14 14
split_gain=4.00055 2.91454 2.84154 2.60503 1.90965 0.652734
threshold=-13.33816555615749 -0.35627872247758324 60.167543073722591 0.72395670968347681 -0.47200900017876951 -0.30653339153197418
decision_type=2 2 2 2 2 2
left_child=3 2 -2 5 -3 -1
right_child=1 4 -4 -5 -6 -7
leaf_value=-0.0029155646063532036 0.0014664213829995757 0.0063862491124524355 0.015655900738388587 0.0036892123588395092 -0.002877322207517994 -0.010664953199754293
leaf_weight=2.7186839506030074 4.3812177702784583 2.3928586170077351 2.1499998420476913 1.7693048641085614 11.149704426527016 5.4197689145803478
leaf_count=16 30 12 11 12 94 53
internal_value=-0.000947566 0.00154485 0.00691262 -0.00609028 -0.000993113 -0.00850893
internal_weight=29.9815 20.0738 6.53122 9.90776 13.5426 8.13845
internal_count=228 147 41 81 106 69
is_linear=0
shrinkage=0.01


Tree=393
num_leaves=7
num_cat=0
split_feature=21 27 2 9 9 11
split_gain=2.2971 2.18384 1.60537 2.35843 1.90262 1.32055
threshold=-1.2863062683628563 59.357625143052651 7.6013571428571343 0.01557963677266553 0.28493750800124223 44.093803126511496
decision_type=2 2 2 2 2 2
left_child=1 5 3 -2 -4 -1
right_child=2 -3 4 -5 -6 -7
leaf_value=0 -0.00062008984827141296 0.0023495928566234711 0.0017277666330352121 0.0065212816139426436 -0.0096205827825288654 -0.010364515672114058
leaf_weight=2.2244783565402013 7.3785329945385518 3.1796019971370697 3.2522660344839087 10.133331287652252 2.0405419878661633 4.1178485862910748
leaf_count=19 52 22 20 73 20 43
internal_value=0.000164725 -0.00382033 0.00194322 0.00344025 -0.00257114 -0.00718101
internal_weight=32.3266 9.52193 22.8047 17.5119 5.29281 6.34233
internal_count=249 84 165 125 40 62
is_linear=0
shrinkage=0.01


Tree=394
num_leaves=6
num_cat=0
split_feature=30 2 30 19 0
split_gain=2.95389 4.25967 4.02047 1.81125 1.2816
threshold=0.10460026513912923 4.9143214285713528 0.0076102528636075228 51.732448932491138 0.0035471627349674502
decision_type=2 2 2 2 2
left_child=2 -2 3 -1 -3
right_child=1 4 -4 -5 -6
leaf_value=-0.0020814578451796755 -0.0028192791524823324 0.015483267083380554 -0.010407132415435019 0.0039914559353223947 0.0040870442472348088
leaf_weight=11.734607454389339 3.6101487353444082 2.6800499260425568 3.900509499013423 7.8973952978849402 2.8424195870757103
leaf_count=91 27 12 37 63 18
internal_value=0.000300775 0.00508452 -0.00151244 0.000284468 0.0104739
internal_weight=32.6651 9.13262 23.5325 19.632 5.52247
internal_count=248 57 191 154 30
is_linear=0
shrinkage=0.01


Tree=395
num_leaves=6
num_cat=0
split_feature=17 11 24 12 10
split_gain=3.71924 3.88223 2.58061 2.20363 1.28969
threshold=0.56737259358766834 45.794587912760484 0.15305668297438424 -2.3999597074152912 6.463392857142968
decision_type=2 2 2 2 2
left_child=1 3 -3 -1 -2
right_child=4 2 -4 -5 -6
leaf_value=-2.4709265171900412e-05 0 0.0020773364297396266 0.012743260793218388 -0.010080982061652225 -0.010329983695741103
leaf_weight=8.6618929952383024 1.4492950476706017 9.6288186497986299 3.0483732260763636 2.8109632618725362 4.1085505858063698
leaf_count=53 15 70 16 29 44
internal_value=-0.000433625 0.0012152 0.0050315 -0.00285258 -0.00763487
internal_weight=29.7079 24.15 12.6772 11.4729 5.55785
internal_count=227 168 86 82 59
is_linear=0
shrinkage=0.01


Tree=396
num_leaves=7
num_cat=0
split_feature=13 21 21 1 24 30
split_gain=2.13874 2.93088 3.225 2.54087 2.61224 1.78317
threshold=-1.5048966378896742 -0.56906578718883483 1.0000000180025095e-35 -0.42117688586229579 -0.016505769668351166 -0.16735536724185152
decision_type=2 2 2 2 2 2
left_child=3 5 -3 -1 -5 -2
right_child=1 2 -4 4 -6 -7
leaf_value=0.010084449650283669 0 0.0073841387491119514 -0.0037413710248867011 -0.0071631361146407358 0.0043752856051984847 -0.0095835662283076366
leaf_weight=3.7800139412283889 3.3555312827229518 4.9657081216573697 4.6532435230910778 2.7057202272117129 5.295115269720557 5.0752401649951935
leaf_count=22 27 32 33 24 37 46
internal_value=0.000330968 -0.00175056 0.00185007 0.00364995 0.000114428 -0.00601013
internal_weight=29.8306 18.0497 9.61895 11.7808 8.00084 8.43077
internal_count=221 138 65 83 61 73
is_linear=0
shrinkage=0.01


Tree=397
num_leaves=7
num_cat=0
split_feature=1 32 1 13 29 13
split_gain=3.07043 2.58288 3.02515 2.48612 3.37751 1.57043
threshold=-0.35627872247758324 0.45739840039002905 -0.573331019121186 -1.3251243410968134 -1.0531373306108105 0.23565506523759952
decision_type=2 2 2 2 2 2
left_child=1 2 -1 4 -2 -5
right_child=3 -3 -4 5 -6 -7
leaf_value=0.00066727992778924908 -0.0056765104169684355 -0.0020886194693588967 0.015163396983537882 -0.0081566975197088793 0.0059297643711204084 0
leaf_weight=3.2347011044621468 3.7993653155863285 3.3347696177661419 2.895002134144308 7.3415075801312906 5.93803394213319 3.7836287431418896
leaf_count=20 36 24 15 67 40 26
internal_value=-0.000144471 0.00442564 0.00821278 -0.0023456 0.00116763 -0.00554556
internal_weight=30.327 9.46447 6.1297 20.8625 9.7374 11.1251
internal_count=228 59 35 169 76 93
is_linear=0
shrinkage=0.01


Tree=398
num_leaves=6
num_cat=0
split_feature=6 3 39 35 3
split_gain=3.31203 2.36122 2.51958 1.7712 1.47315
threshold=0.098124356254504566 62.741356889879761 0.64859431983354365 0.48951278635120737 43.930171064702073
decision_type=2 2 2 2 2
left_child=1 2 -1 -3 -2
right_child=4 3 -4 -5 -6
leaf_value=-0.0060570094000291091 0 0.0029995142762394905 0.0024309795420527319 0.01507795949898473 -0.010236044239188393
leaf_weight=4.2618774473667242 1.7980850189924229 4.5501367188990107 14.330041509121655 1.8923455663025377 3.1694042049348354
leaf_count=39 14 36 96 14 32
internal_value=0.000719156 0.00227115 0.000314102 0.00735696 -0.00640654
internal_weight=30.0019 25.0344 18.5919 6.44248 4.96749
internal_count=231 185 135 50 46
is_linear=0
shrinkage=0.01


Tree=399
num_leaves=6
num_cat=0
split_feature=4 13 30 13 6
split_gain=3.69889 2.32362 3.01989 2.72918 1.60828
threshold=2.8299663886050443 -1.3030996004084507 -0.18437831581697603 -1.9468597735972999 -0.13061609118860737
decision_type=2 2 2 2 2
left_child=1 3 -3 -1 -2
right_child=4 2 -4 -5 -6
leaf_value=-2.9155432426427099e-05 0 0.0038497660397605296 -0.005862299598564086 0.0088277759181563352 -0.010343657303394805
leaf_weight=6.0001560971140888 1.8164490573108194 5.420292042195797 6.6976151838898659 6.7414439991116533 4.0366299282759419
leaf_count=49 13 38 53 45 39
internal_value=-6.87364e-06 0.00162866 -0.00136902 0.00459887 -0.00701916
internal_weight=30.7126 24.8595 12.1179 12.7416 5.85308
internal_count=237 185 91 94 52
is_linear=0
shrinkage=0.01


Tree=400
num_leaves=7
num_cat=0
split_feature=21 18 21 20 21 17
split_gain=1.86873 3.08815 4.67169 2.57467 2.32492 1.97771
threshold=-1.2863062683628563 12.930178571428479 -0.86052151676149047 4.1916064668293993 -0.71498544719838553 0.30896688273458001
decision_type=2 2 2 2 2 2
left_child=3 4 -3 5 -2 -1
right_child=1 2 -4 -5 -6 -7
leaf_value=-0.0092786413099321379 -0.00065474134441598176 0.0065514924536200711 -0.0050692511024985169 0.0056097081876093245 0.010104460664002769 0.00014613236565374515
leaf_weight=4.5362321250140649 2.2947151698172092 5.597771242260932 8.0359762310981733 2.6194489523768425 6.7129003554582614 3.3611693941056728
leaf_count=43 18 37 61 17 39 27
internal_value=0.00112329 0.00276988 -0.000116118 -0.00221519 0.00721589 -0.00516489
internal_weight=33.1582 22.6414 13.6337 10.5169 9.00762 7.8974
internal_count=242 155 98 87 57 70
is_linear=0
shrinkage=0.01


Tree=401
num_leaves=8
num_cat=0
split_feature=0 29 32 29 2 29 13
split_gain=2.87109 3.71918 2.34761 4.40859 1.779 1.74999 0.984652
threshold=0.0014877774315836337 -0.49839375929261615 0.322598949133024 -0.55475638318610521 7.5255000000000312 -0.92102063079998731 -0.83615379892718156
decision_type=2 2 2 2 2 2 2
left_child=2 6 3 -1 -3 -4 -2
right_child=1 4 5 -5 -6 -7 -8
leaf_value=0.011545140268035665 -0.0090341488248090115 0.0067905591973239868 -0.0069107999365773708 -0.0015907377453390343 -0.0028051829985842221 0.0045620748811695758 -0.0011070350485567302
leaf_weight=6.464650757610797 5.3444978371262541 4.5649156421422949 2.5646213553845882 3.6096764877438572 2.6291891299188137 2.0351914204657069 3.1697885990142813
leaf_count=37 51 32 23 28 16 14 24
internal_value=0.000870862 -0.00199994 0.00405606 0.00673582 0.00304487 -0.00145791 -0.00644799
internal_weight=30.3825 15.7084 14.6741 10.0743 7.1941 4.59981 8.51429
internal_count=225 123 102 65 48 37 75
is_linear=0
shrinkage=0.01


Tree=402
num_leaves=5
num_cat=0
split_feature=38 0 9 38
split_gain=1.79454 2.1106 2.44783 1.02407
threshold=0.74196518477203866 0.056706726558671296 0.12483123135708529 0.67907672583570855
decision_type=2 2 2 2
left_child=1 2 -1 -3
right_child=-2 3 -4 -5
leaf_value=0.00064185284705959135 0.006520048237131656 0 -0.0062284326349175516 0.0087749662459768816
leaf_weight=12.544051781296739 3.9431960880756369 2.5929055958986273 7.996729200705885 2.7711793556809425
leaf_count=88 27 19 78 14
internal_value=0.00045746 -0.000453134 -0.00198801 0.00486527
internal_weight=29.8481 25.9049 20.5408 5.36408
internal_count=226 199 166 33
is_linear=0
shrinkage=0.01


Tree=403
num_leaves=6
num_cat=0
split_feature=33 17 28 5 12
split_gain=3.25064 2.38671 3.04139 2.21792 2.15942
threshold=0.13443286839586263 0.081717886558741362 7.4963463914173198 -1.8422091534525544 0.70951905557285511
decision_type=2 2 2 2 2
left_child=3 2 -2 -1 -3
right_child=1 4 -4 -5 -6
leaf_value=-0.00014225046580525341 -0.0074744854635073119 0.004639238827719239 0.0047049477632660191 0.010103166542856349 -0.0040703573530780504
leaf_weight=2.8303138166666031 7.9289292842149752 8.7945362441241723 2.2894685566425323 5.1342443153262165 3.6609069220721713
leaf_count=20 66 67 15 26 36
internal_value=0.000943924 -0.000925151 -0.00449914 0.00634732 0.00188699
internal_weight=30.6384 22.6738 10.2184 7.96456 12.4554
internal_count=230 184 81 46 103
is_linear=0
shrinkage=0.01


Tree=404
num_leaves=7
num_cat=0
split_feature=29 22 22 8 31 20
split_gain=2.40294 1.98273 3.68207 3.06658 1.61701 2.41992
threshold=-1.1325296888873464 -0.068413843634082275 0.10423406547605525 0.035823735323923335 0.44782801942863332 -6.5626945619560493
decision_type=2 2 2 2 2 2
left_child=4 3 -3 -2 5 -1
right_child=1 2 -4 -5 -6 -7
leaf_value=0 -0.00076076880026971843 -0.007426331332492566 0.0045019786462699119 0.009616010483583539 0.0022222278026256073 -0.010888370419347444
leaf_weight=2.913684107363224 5.1206526607275027 5.1514005698263627 4.4711320176720619 5.2316501624882221 2.1518975421786308 4.7745836712420004
leaf_count=18 38 54 27 33 15 49
internal_value=-0.000534156 0.00138419 -0.00171371 0.00441863 -0.00455124 -0.00670971
internal_weight=29.815 19.9748 9.62253 10.3523 9.84017 7.68827
internal_count=234 152 81 71 82 67
is_linear=0
shrinkage=0.01


Tree=405
num_leaves=7
num_cat=0
split_feature=11 9 14 21 13 39
split_gain=2.01288 2.81633 2.78867 2.11608 1.74627 1.5421
threshold=63.453934917159735 0.4401296468965849 -0.3132365842509382 -0.70631938570407338 -1.8530933309827116 0.65820204278086403
decision_type=2 2 2 2 2 2
left_child=2 -2 4 -4 -1 -3
right_child=1 5 3 -5 -6 -7
leaf_value=-0.0029845037086388827 0.010574147929550262 0.0044220339022539978 -0.0064655018603296454 0.00063567128271169995 0.0073548930246648079 -0.0067030695509745202
leaf_weight=1.8540762551128862 3.9556412547826749 2.2963481582701206 8.7519579157233256 6.8655263595283023 4.9183780997991589 2.0232804194092751
leaf_count=14 23 18 81 51 26 17
internal_value=0.000610009 0.00477044 -0.000882275 -0.003265 0.00423499 -0.000452844
internal_weight=30.6652 8.27527 22.3899 15.6175 6.77245 4.31963
internal_count=230 58 172 132 40 35
is_linear=0
shrinkage=0.01


Tree=406
num_leaves=5
num_cat=0
split_feature=14 26 25 35
split_gain=3.30018 2.34809 2.88184 1.97645
threshold=-0.40179133132982386 18.929678571428607 0.71969496516243725 0.27725803549558947
decision_type=2 2 2 2
left_child=-1 3 -3 -2
right_child=1 2 -4 -5
leaf_value=0.0072596574412086383 -0.0094267696091473747 -9.5290427670844625e-05 0.012225079997964175 -0.00015507663887166337
leaf_weight=5.8974625691771534 4.3571223206818122 12.53445405513048 1.8761206082999695 5.4648559726774693
leaf_count=29 40 99 12 49
internal_value=0.00070904 -0.000872937 0.00158935 -0.00462317
internal_weight=30.13 24.2326 14.4106 9.82198
internal_count=229 200 111 89
is_linear=0
shrinkage=0.01


Tree=407
num_leaves=7
num_cat=0
split_feature=32 11 1 29 28 11
split_gain=2.90273 3.78137 3.44679 2.96108 2.91947 0.81929
threshold=0.38245997504035195 61.667525497604309 0.04780508124154903 -0.11860220839949943 -13.33816555615749 34.83475562003796
decision_type=2 2 2 2 2 2
left_child=2 5 4 -4 -1 -2
right_child=1 -3 3 -5 -6 -7
leaf_value=-0.001160325702801845 -0.00081200293638168772 0.0034286495171676969 -0.0076015222609860742 0.0052879698211304154 0.008612627173220316 -0.011102059588136893
leaf_weight=4.1225702315568951 1.4901529587805251 3.329909935593605 4.900271262973547 2.2766038551926604 8.321573022753002 4.7408122345805168
leaf_count=32 12 22 48 14 53 41
internal_value=-5.94779e-05 -0.00456058 0.00206906 -0.00319719 0.00526695 -0.00909774
internal_weight=29.1819 9.56088 19.621 7.17688 12.4441 6.23097
internal_count=222 75 147 62 85 53
is_linear=0
shrinkage=0.01


Tree=408
num_leaves=5
num_cat=0
split_feature=32 2 0 0
split_gain=3.57177 2.60578 3.42643 2.6256
threshold=0.78795380596100528 6.9589285714285856 0.05854137388601998 -0.022587772319039398
decision_type=2 2 2 2
left_child=1 2 -1 -3
right_child=-2 3 -4 -5
leaf_value=0.0012332009833964381 -0.0092375565448836305 0.0041988932756697522 0.012782082609686021 -0.008949945485449225
leaf_weight=18.00561716593803 3.3066690154373637 1.9196403995156286 2.8380202613770953 3.889324538409709
leaf_count=143 25 11 16 35
internal_value=3.94569e-05 0.00135463 0.00305931 -0.00428455
internal_weight=29.9593 26.6526 20.8436 5.80896
internal_count=230 205 159 46
is_linear=0
shrinkage=0.01


Tree=409
num_leaves=8
num_cat=0
split_feature=6 13 37 13 11 32 13
split_gain=4.19025 2.60326 2.53371 2.79191 1.96565 1.74388 0.815849
threshold=-0.062726433801640932 -1.3251243410968134 0.68089960440013397 -1.5387663678099159 45.936258342041718 0.28496222265612392 0.84652045699387723
decision_type=2 2 2 2 2 2 2
left_child=2 4 5 -4 -2 -1 -3
right_child=1 6 3 -5 -6 -7 -8
leaf_value=0.014021782539200865 -0.0047101831979420149 -0.010276958400266911 0.0078619963805392663 -0.0027437287639607557 0.0058114661598176777 0.0032220920444089997 -0.00096207336647290078
leaf_weight=3.2673813030123773 2.7987496219575405 4.0950704496353847 3.4570576325058964 6.7727869786322072 3.6671347953379154 4.0613649412989616 1.9257885888218877
leaf_count=19 22 44 27 49 27 29 12
internal_value=0.00109921 -0.00319473 0.00426719 0.000772297 0.000954671 0.00866116 -0.00780105
internal_weight=30.0453 12.4867 17.5586 10.2298 6.46588 7.32875 6.02086
internal_count=229 105 124 76 49 48 56
is_linear=0
shrinkage=0.01


Tree=410
num_leaves=8
num_cat=0
split_feature=6 8 4 35 12 13 0
split_gain=2.86415 3.46991 3.07979 3.4698 2.87004 2.20247 0.762176
threshold=-0.068695618174670223 -0.0083681209358902348 1.3009489890823718 0.3820423193441484 -7.6493411137957983 -1.6088269616329878 0.05854137388601998
decision_type=2 2 2 2 2 2 2
left_child=2 5 4 -4 -1 -2 -3
right_child=1 6 3 -5 -6 -7 -8
leaf_value=0.004189074133637497 -0.0030008836302366617 -0.010407237515520093 0.00053870679315715531 0.01518455108514016 -0.0061702135703323446 0.0096924289292822235 -0.00095126223841874875
leaf_weight=4.5736156329512623 2.9409489929676056 5.3827153798192722 4.0567885041236869 2.8058840557932854 5.412642132490876 1.9378942549228666 1.652821112424135
leaf_count=24 22 61 30 16 52 11 13
internal_value=-0.000425206 -0.0041782 0.00213869 0.00719124 -0.00124752 0.00192416 -0.00858819
internal_weight=28.7633 11.9144 16.8489 6.86267 9.98626 4.87884 7.03554
internal_count=229 107 122 46 76 33 74
is_linear=0
shrinkage=0.01


Tree=411
num_leaves=6
num_cat=0
split_feature=29 0 29 36 5
split_gain=2.15639 2.67282 2.62289 2.715 1.89813
threshold=-0.91177489534257805 0.078634499112069947 -1.0531373306108105 0.68700834292743951 -0.79494792141454573
decision_type=2 2 2 2 2
left_child=2 4 3 -1 -2
right_child=1 -3 -4 -5 -6
leaf_value=-0.0052077302242959532 -0.0085441408432297382 0.0046839274339664809 0.0088994689648330266 0.004409661790821388 0.00020778031991258388
leaf_weight=6.3746095523238164 8.4257890395820123 2.3431868180632582 3.2088010981678989 4.8179391659796238 2.8320875540375701
leaf_count=55 73 12 23 36 24
internal_value=-0.00128921 -0.00413804 0.0012948 -0.000886765 -0.00622118
internal_weight=28.0024 13.6011 14.4013 11.1925 11.2579
internal_count=223 109 114 91 97
is_linear=0
shrinkage=0.01


Tree=412
num_leaves=8
num_cat=0
split_feature=4 39 4 18 26 19 21
split_gain=2.49393 5.18458 3.23309 2.36215 2.20176 1.16904 0.635907
threshold=-0.2499727960603195 0.69959512615680675 2.8299663886050443 12.254464285714286 20.010535714285783 29.994887328150359 0.77319714099868408
decision_type=2 2 2 2 2 2 2
left_child=1 6 4 -4 -2 -3 -1
right_child=2 5 3 -5 -6 -7 -8
leaf_value=-0.010933937531609329 0.0026282406939498581 0.0079755353380186206 0.003166482862200377 -0.0074488971307926409 0.013560569444783777 -0.00022444978049977223 -0.0019744147910704022
leaf_weight=5.4112446717917937 8.2368928007781523 2.4553633332252502 3.2990375161170951 4.30114371702075 2.4869997687637797 3.4910985827445984 1.7806716635823248
leaf_count=56 63 12 24 39 18 23 11
internal_value=-0.000191319 -0.00352944 0.00211303 -0.00264262 0.00564504 0.00306167 -0.00915046
internal_weight=31.4625 13.1384 18.3241 7.60018 10.7239 5.94646 7.19192
internal_count=246 102 144 63 81 35 67
is_linear=0
shrinkage=0.01


Tree=413
num_leaves=6
num_cat=0
split_feature=34 29 25 14 13
split_gain=2.44135 2.57076 2.43266 2.13455 1.37074
threshold=0.57617527066779439 -1.152632507307332 -0.14210856078086018 -0.20556883982738478 -1.8530933309827116
decision_type=2 2 2 2 2
left_child=1 2 -1 -3 -2
right_child=4 3 -4 -5 -6
leaf_value=0.0023675572539578436 0.00085897105641974977 -0.00046470331371286977 -0.0071887531958756039 0.0064309974976771355 -0.0098021015083605348
leaf_weight=5.0418337062001228 1.376524284482002 6.1084022782743004 4.7038290277123469 12.323191989213226 2.8132894914597264
leaf_count=29 14 40 43 82 34
internal_value=0.000728588 0.00185683 -0.00212273 0.00406808 -0.00603069
internal_weight=32.3671 28.1773 9.74566 18.4316 4.18981
internal_count=242 194 72 122 48
is_linear=0
shrinkage=0.01


Tree=414
num_leaves=5
num_cat=0
split_feature=28 14 29 3
split_gain=2.69445 2.3146 2.14621 1.44582
threshold=7.4963463914173198 -0.39467734717860997 -1.5875883370961621 51.652301157775987
decision_type=2 2 2 2
left_child=1 3 -3 -1
right_child=-2 2 -4 -5
leaf_value=0.0069445134778950588 0.0069681741882550441 0.0049791100545791495 -0.0043282971001527316 -0.0018453690890999905
leaf_weight=4.317283518612391 4.3090676665306082 2.4278390891850057 17.666089218109843 2.4814800024032593
leaf_count=21 25 19 159 16
internal_value=-3.59232e-05 -0.00129625 -0.00304896 0.00351215
internal_weight=31.2018 26.8927 20.0939 6.79876
internal_count=240 215 178 37
is_linear=0
shrinkage=0.01


Tree=415
num_leaves=5
num_cat=0
split_feature=2 30 30 2
split_gain=4.06215 1.62969 3.39933 0.832207
threshold=3.7874285714284341 0.16071832634972075 0.016512036779648201 5.2019642857143422
decision_type=2 2 2 2
left_child=-1 2 -2 -3
right_child=1 3 -4 -5
leaf_value=-0.010095995942458627 0.0021056563016504264 0 -0.007452282037161557 0.0083685260138566461
leaf_weight=3.0588957145810118 18.624751355499036 2.0938815400004378 4.3191239349544039 4.1491145193576813
leaf_count=31 142 15 36 22
internal_value=0.000251001 0.00149492 0.000147394 0.00590775
internal_weight=32.2458 29.1869 22.9439 6.243
internal_count=246 215 178 37
is_linear=0
shrinkage=0.01


Tree=416
num_leaves=7
num_cat=0
split_feature=32 32 28 14 2 28
split_gain=2.35935 3.89165 3.50903 2.61392 1.27285 0.474892
threshold=0.21364729536066626 0.27587037860284069 -26.490054117674386 -0.006374503274492494 6.9589285714285856 5.1889554811318712
decision_type=2 2 2 2 2 2
left_child=3 -2 -3 5 -5 -1
right_child=1 2 -4 4 -6 -7
leaf_value=-0.00937377375818489 0.010967574752313145 0.011492520627238823 -0.001642122205687122 0.0053749670780019465 -0.0033967444998571727 -0.0013615936662375175
leaf_weight=4.2656418345868587 4.0292414799332645 2.071243621408942 13.788758303970093 3.4749995321035403 2.4227845445275307 1.7789370268583296
leaf_count=37 24 11 103 32 22 13
internal_value=0.000404938 0.00255569 0.000130947 -0.00298848 0.00145889 -0.00750688
internal_weight=31.8316 19.8892 15.86 11.9424 5.89778 6.04458
internal_count=242 138 114 104 54 50
is_linear=0
shrinkage=0.01


Tree=417
num_leaves=6
num_cat=0
split_feature=17 17 22 9 4
split_gain=3.36154 3.64745 3.75998 2.50069 0.792115
threshold=0.56737259358766834 0.081717886558741362 -0.16055576402747701 0.01557963677266553 -2.9079887687025798
decision_type=2 2 2 2 2
left_child=1 3 -3 -1 -2
right_child=4 2 -4 -5 -6
leaf_value=-0.00053476857965598372 -0.00041562038487777771 0.012233781003989603 0 -0.01036010598338229 -0.010249260316705757
leaf_weight=12.476382233202463 1.5644483268260954 3.8115519471466541 5.7684519663453084 3.1653441153466693 4.2893404886126509
leaf_count=86 11 23 47 28 47
internal_value=-0.00146343 7.42981e-05 0.00492206 -0.00280608 -0.00809457
internal_weight=31.0755 25.2217 9.58 15.6417 5.85379
internal_count=242 184 70 114 58
is_linear=0
shrinkage=0.01


Tree=418
num_leaves=7
num_cat=0
split_feature=4 21 27 4 5 4
split_gain=2.35587 3.1341 4.28089 3.68825 2.99075 1.44903
threshold=-1.74618851571131 -1.2863062683628563 62.75586797048819 2.9708904316194098 -2.1649603049795894 -5.939916759300103
decision_type=2 2 2 2 2 2
left_child=4 2 -2 -3 -1 -6
right_child=1 3 -4 -5 5 -7
leaf_value=-0.010071308991058956 -0.0071611767469861301 0.0099733656446407155 0.0078411491763344162 -0.00089378751995510322 0.0054038713855711134 -0.0030700678709956186
leaf_weight=3.3118880018591881 5.0298330392688539 8.3051617108285409 2.591209389269352 4.331292249262332 3.5326481387019157 3.7504708431661147
leaf_count=36 49 52 14 39 18 29
internal_value=0.00109413 0.00312225 -0.001704 0.00615957 -0.00257921 0.000827617
internal_weight=30.8525 20.2575 7.62104 12.6365 10.595 7.28312
internal_count=237 154 63 91 83 47
is_linear=0
shrinkage=0.01


Tree=419
num_leaves=5
num_cat=0
split_feature=0 13 37 32
split_gain=2.46571 2.88652 2.23706 2.20287
threshold=0.085942449289711301 -1.3030996004084507 0.69736177005919453 0.07778948350223093
decision_type=2 2 2 2
left_child=1 2 -1 -3
right_child=-2 3 -4 -5
leaf_value=-6.1624329393202443e-05 0.009001026584518625 0.0034483283751253094 0.0074829212420716449 -0.0062143296436600838
leaf_weight=9.6940623447299021 3.0538308024406424 2.6589234769344339 5.7707252353429803 8.9575248733162862
leaf_count=74 16 22 42 78
internal_value=0.000909242 -1.88118e-05 0.0027156 -0.00380365
internal_weight=30.1351 27.0812 15.4648 11.6164
internal_count=232 216 116 100
is_linear=0
shrinkage=0.01


Tree=420
num_leaves=7
num_cat=0
split_feature=21 2 27 20 34 25
split_gain=2.24139 4.42515 2.69004 1.67856 1.49829 1.20068
threshold=-1.2863062683628563 6.1568928571427941 67.90476617866149 -7.9391348327908409 0.13870853994991086 0.69030342623140328
decision_type=2 2 2 2 2 2
left_child=4 2 -2 -3 -1 -6
right_child=1 3 -4 -5 5 -7
leaf_value=0.0014010664136198095 0.0079175777253155475 0.00017944152525887895 -0.0034357488144068186 -0.0079758396697984721 -0.0092150139766952362 0
leaf_weight=2.7524929493665713 10.207860726863148 5.1799735352396965 2.147944249212741 3.8898390904068929 4.56560068577528 1.4810565821826456
leaf_count=16 66 30 17 40 48 13
internal_value=4.90964e-05 0.00185735 0.00575122 -0.00324811 -0.00405021 -0.00679574
internal_weight=30.2248 21.4256 12.3558 9.06981 8.79915 6.04666
internal_count=230 153 83 70 77 61
is_linear=0
shrinkage=0.01


Tree=421
num_leaves=7
num_cat=0
split_feature=4 5 17 26 26 5
split_gain=2.12566 2.85486 2.37665 2.25588 2.30565 1.62568
threshold=0.093050453442174344 -1.3290915908269467 -0.31492756933873428 17.468035714285673 19.004392857142879 -2.1052440768006417
decision_type=2 2 2 2 2 2
left_child=1 5 -3 -2 -5 -1
right_child=3 2 -4 4 -6 -7
leaf_value=-0.0025023153746890677 0.0094367021029654347 0.009684157916370539 -0.00335025050305566 -0.0061736854710776196 0.0024526037199368296 -0.011333492501367616
leaf_weight=5.6301545277237883 2.6358441933989551 2.1396791636943817 2.7405191250145462 4.175308618694543 9.6882348209619504 4.2811611518263808
leaf_count=52 17 10 20 38 78 35
internal_value=-0.000909984 -0.00366563 0.00220836 0.00146272 -7.99211e-05 -0.00673367
internal_weight=31.2909 14.7915 4.8802 16.4994 13.8635 9.91132
internal_count=250 117 30 133 116 87
is_linear=0
shrinkage=0.01


Tree=422
num_leaves=7
num_cat=0
split_feature=11 2 2 30 3 18
split_gain=2.37184 2.56881 3.30701 2.48343 1.87961 0.867104
threshold=42.84286328437674 6.1568928571427941 4.5307500000001584 -0.20078060696698516 56.968184972170796 15.07146428571423
decision_type=2 2 2 2 2 2
left_child=3 2 -2 -1 -3 -5
right_child=1 4 -4 5 -6 -7
leaf_value=0.0020679556197594718 -0.0011820333424852501 0.0023127403073995188 0.0084997306314397135 -0.010789649489117752 -0.0081738490724388504 -0.0017253816179474673
leaf_weight=3.6650138534605503 5.4707406684756297 2.713301006704568 7.9806079715490341 3.7050637714564818 3.2032072804868221 2.4200341403484344
leaf_count=22 45 23 55 34 31 16
internal_value=0 0.00202849 0.00447678 -0.00393522 -0.00316346 -0.0077674
internal_weight=29.158 19.3679 13.4513 9.79011 5.91651 6.1251
internal_count=226 154 100 72 54 50
is_linear=0
shrinkage=0.01


Tree=423
num_leaves=5
num_cat=0
split_feature=36 38 6 8
split_gain=2.84836 2.00754 2.0726 0.699588
threshold=0.60884461388312416 0.74196518477203866 -0.062726433801640932 0.0091636532043210626
decision_type=2 2 2 2
left_child=3 2 -2 -1
right_child=1 -3 -4 -5
leaf_value=-0.010030135352375315 0.0032270039522767592 0.0090081570200622324 -0.0024506288205309507 -0.00052883711334521721
leaf_weight=2.4048839174211016 14.546945009380583 3.160918526351451 10.764080569148064 1.806679632514715
leaf_count=20 101 21 88 16
internal_value=0.000598155 0.0018064 0.000733949 -0.00670376
internal_weight=32.6835 28.4719 25.311 4.21156
internal_count=246 210 189 36
is_linear=0
shrinkage=0.01


Tree=424
num_leaves=7
num_cat=0
split_feature=21 18 37 13 21 39
split_gain=2.72387 4.00132 2.64565 2.235 1.70108 1.43217
threshold=-0.71498544719838553 12.7797142857143 0.56733545529509555 -1.8407735328765367 -1.0000000180025095e-35 0.65440689666808605
decision_type=2 2 2 2 2 2
left_child=2 4 -1 -4 -2 -3
right_child=1 5 3 -5 -6 -7
leaf_value=0.0058420987990408721 0.012957854713759421 0.00098168900374475689 -0.0010048933017395966 -0.0094114791359307306 0.00091681784072516592 -0.0068826037906399434
leaf_weight=1.7289446257054866 2.8314608857035637 3.9831065125763399 6.0851582437753704 8.2102488670498079 2.5775684192776671 4.0889248885214329
leaf_count=10 15 30 49 79 18 33
internal_value=-0.00179311 0.00139414 -0.00457336 -0.00606427 0.00791995 -0.00286699
internal_weight=29.5054 13.4811 16.0244 14.2954 5.40903 8.07203
internal_count=234 96 138 128 33 63
is_linear=0
shrinkage=0.01


Tree=425
num_leaves=7
num_cat=0
split_feature=4 5 12 5 10 30
split_gain=2.49388 2.98837 3.66391 2.36515 1.54322 1.42519
threshold=-0.2499727960603195 -1.2884402645278512 7.2688801456893097 -2.311976274715239 6.463392857142968 0.16905352082626526
decision_type=2 2 2 2 2 2
left_child=3 2 -2 -1 -3 -5
right_child=1 4 -4 5 -6 -7
leaf_value=-0.01009575075036066 0.008068756758555555 0.002164734768798813 -0.0048444968386477296 -0.002320175717011558 -0.0093984431682123011 0.0063952218579258358
leaf_weight=3.0439418219029895 10.085650265216829 1.5616420432925218 2.3638450205326071 7.9039017371833342 2.1954090297222137 2.1110306233167648
leaf_count=31 70 14 18 55 24 11
internal_value=0.000341489 0.00299707 0.00540369 -0.00279777 -0.0042945 -0.00015661
internal_weight=29.2654 16.2065 12.4495 13.0589 3.75705 10.0149
internal_count=223 126 88 97 38 66
is_linear=0
shrinkage=0.01


Tree=426
num_leaves=6
num_cat=0
split_feature=32 7 32 14 14
split_gain=2.53145 4.28506 3.39304 2.48988 2.05307
threshold=0.22495848882967676 1.0000000180025095e-35 0.46040726394378745 -0.23613986126907116 -0.17477566987967172
decision_type=2 2 2 2 2
left_child=3 2 -2 -1 -5
right_child=1 -3 -4 4 -6
leaf_value=-0.010288587740877493 0.0098188749981483608 -0.0076366102485137949 0.0006322962565898123 0.0091577966921657771 -0.0020648423576413557
leaf_weight=2.7058266550302497 8.1305501833558136 2.6414484456181517 8.7322846204042417 1.7199734933674324 8.1205906458199006
leaf_count=23 51 24 62 12 75
internal_value=0.00105755 0.00333397 0.00527242 -0.00232084 0
internal_weight=32.0507 19.5043 16.8628 12.5464 9.84056
internal_count=247 137 113 110 87
is_linear=0
shrinkage=0.01


Tree=427
num_leaves=7
num_cat=0
split_feature=11 15 35 30 30 13
split_gain=2.36319 3.04137 2.92776 1.90535 1.29907 0.801051
threshold=41.947777401297053 0.23560642566811188 0.21765120472826119 -0.11443959534126208 0.088272699362416926 -0.94020543405066603
decision_type=2 2 2 2 2 2
left_child=3 2 -2 -1 -5 -3
right_child=1 5 -4 4 -6 -7
leaf_value=0.0020231739566988305 0.0086539348554627079 -0.0094981679867810736 0.00020854629738777924 -0.010463836901217067 -0.00072103845176877594 0
leaf_weight=3.0245409235358238 6.9526148587465348 2.0641139820218091 10.669732585549353 3.916322313249113 2.7969155758619308 1.7427919358015049
leaf_count=18 42 19 90 39 18 13
internal_value=1.23878e-06 0.00191745 0.00374121 -0.00394766 -0.00689438 -0.00569446
internal_weight=31.167 21.4293 17.6223 9.73778 6.71324 3.80691
internal_count=239 164 132 75 57 32
is_linear=0
shrinkage=0.01


Tree=428
num_leaves=5
num_cat=0
split_feature=26 14 5 39
split_gain=2.55388 2.51642 2.56306 2.19463
threshold=16.333035714285874 -0.3132365842509382 -2.7935611131339599 0.68642396096174041
decision_type=2 2 2 2
left_child=-1 3 -3 -2
right_child=1 2 -4 -5
leaf_value=0.0084538232396097479 -0.00010296085182338244 0.0052215298421444921 -0.0042069208299684345 0.010245055823016746
leaf_weight=3.3529285900294807 4.1270807795226636 3.097378619015223 15.36858068034052 3.151821069419384
leaf_count=20 30 23 134 16
internal_value=0.000599111 -0.000432664 -0.00246068 0.00434209
internal_weight=29.0978 25.7449 18.466 7.2789
internal_count=223 203 157 46
is_linear=0
shrinkage=0.01


Tree=429
num_leaves=7
num_cat=0
split_feature=26 32 26 0 29 34
split_gain=1.86162 3.70991 3.21708 2.6168 1.22583 0.924404
threshold=19.096535714285832 0.16784969638995717 16.333035714285874 -0.00030113290097449468 -0.30203682965020789 0.051705649721039172
decision_type=2 2 2 2 2 2
left_child=2 5 -1 -3 -4 -2
right_child=1 3 4 -5 -6 -7
leaf_value=0.0032425650800521127 0.00038075007654905704 -0.00018163114699959847 -0.0086772595986410166 0.0086627751891339682 0 -0.007577857768768014
leaf_weight=4.5293226055800941 1.5710579901933694 5.2373285405337837 6.5871761851012698 7.2083397954702333 1.6174700707197178 3.58603360876441
leaf_count=28 11 36 65 44 10 39
internal_value=-0.000165512 0.00186015 -0.00309749 0.00486732 -0.00682357 -0.0048992
internal_weight=30.3367 17.6028 12.734 12.4457 8.20465 5.15709
internal_count=233 130 103 80 75 50
is_linear=0
shrinkage=0.01


Tree=430
num_leaves=7
num_cat=0
split_feature=32 0 18 32 30 33
split_gain=2.43243 3.21485 2.55429 2.00184 3.62994 2.33248
threshold=0.17678386196428172 -0.026462296674932242 11.428357142857132 0.45739840039002905 -0.16249301924821771 0.21992006677812917
decision_type=2 2 2 2 2 2
left_child=1 -1 -3 5 -5 -2
right_child=3 2 -4 4 -6 -7
leaf_value=0.0062105996773114151 0.001904599858952707 0.0029075429595635566 -0.0095697024435740779 -0.0095397838833762225 0.0042580284012602174 0.011550092780249537
leaf_weight=2.8991375900804996 5.8773994445800799 1.9346650131046788 4.8303580768406391 2.3196710608899593 6.6062943413853628 5.2972320131957531
leaf_count=16 41 18 50 23 44 37
internal_value=0.00206554 -0.00187974 -0.00574642 0.00406018 0.000261881 0.00683369
internal_weight=29.7648 9.66416 6.76502 20.1006 8.92597 11.1746
internal_count=229 84 68 145 67 78
is_linear=0
shrinkage=0.01


Tree=431
num_leaves=7
num_cat=0
split_feature=30 32 30 25 34 33
split_gain=2.07403 3.75613 2.75401 1.90371 1.87667 1.5143
threshold=-0.18437831581697603 0.45739840039002905 0.11809301747987204 0.50790526370008837 0.096298636345889269 0.25022807947175185
decision_type=2 2 2 2 2 2
left_child=1 3 4 -1 -2 -4
right_child=2 -3 5 -5 -6 -7
leaf_value=0.011082010552976427 -0.0089079843386348674 -0.0059409921570245106 0.00010210286380375787 0 -0.00088768095494068085 0.010471189647032171
leaf_weight=5.3211449868977088 3.9153267145156923 2.1599234584718943 3.9679744988679877 2.1955564245581627 12.113459922373293 2.3071937933564186
leaf_count=31 32 20 26 23 103 13
internal_value=0.000776545 0.00460079 -0.000833176 0.00799759 -0.00309694 0.0045225
internal_weight=31.9806 9.67662 22.304 7.5167 16.0288 6.27517
internal_count=248 74 174 54 135 39
is_linear=0
shrinkage=0.01


Tree=432
num_leaves=7
num_cat=0
split_feature=33 17 28 8 3 29
split_gain=2.66352 2.87371 2.41877 1.95092 1.13422 0.63339
threshold=0.13443286839586263 -0.31492756933873428 -13.848666980659344 -0.060695744817887587 57.598495426242756 -0.71925937188230649
decision_type=2 2 2 2 2 2
left_child=1 -1 4 -4 -2 -3
right_child=2 5 3 -5 -6 -7
leaf_value=0.010507373173898656 -0.009113772590020764 -0.003877410105918216 0.0076823794287148566 -0.00097821270049676802 -0.00021146145215849614 0.0028635103367010651
leaf_weight=4.2924382537603378 4.4848311021924046 2.4175297282636166 2.9333981275558498 12.056040093302721 2.7436936236917973 2.4520792141556758
leaf_count=20 38 18 17 103 26 13
internal_value=0.000318812 0.00481905 -0.00148762 0.000703319 -0.0061435 -0.000126967
internal_weight=31.38 9.16205 22.218 14.9894 7.22852 4.86961
internal_count=235 51 184 120 64 31
is_linear=0
shrinkage=0.01


Tree=433
num_leaves=6
num_cat=0
split_feature=32 26 32 0 22
split_gain=4.97707 3.51599 4.29866 2.43481 1.39949
threshold=0.21742174740844017 23.298178571428579 0.27587037860284069 -0.04167153864843496 -0.30526143815640189
decision_type=2 2 2 2 2
left_child=3 2 -2 -1 -5
right_child=1 -3 -4 4 -6
leaf_value=0.0050926024068576169 0.010580269895099756 0.014408363561809199 -0.0012648495656449273 0.00055434129680921498 -0.0090125193522301115
leaf_weight=1.4631591737270344 3.6136003956198754 2.1478276848793021 13.096454724669455 1.3755911737680424 7.685912378132346
leaf_count=8 21 10 101 12 80
internal_value=0 0.00311786 0.00132054 -0.00536416 -0.00737535
internal_weight=29.3825 18.8579 16.7101 10.5247 9.0615
internal_count=232 132 122 100 92
is_linear=0
shrinkage=0.01


Tree=434
num_leaves=5
num_cat=0
split_feature=14 26 38 5
split_gain=2.29167 2.63785 2.83372 1.38985
threshold=-0.39467734717860997 16.333035714285874 0.7423047844822882 -1.6893469783245063
decision_type=2 2 2 2
left_child=3 -2 -3 -1
right_child=1 2 -4 -5
leaf_value=0.010465253811343229 0.0069854038297468063 -0.0033596507876488325 0.0070013166934163934 0.00042286322102299797
leaf_weight=3.2811616882681847 3.693459156900647 18.200374420732263 2.6974219828844062 3.0008635148406055
leaf_count=16 24 164 20 18
internal_value=0.000949551 -0.000372539 -0.00184778 0.00620988
internal_weight=30.8733 24.5913 20.8978 6.28203
internal_count=242 208 184 34
is_linear=0
shrinkage=0.01


Tree=435
num_leaves=5
num_cat=0
split_feature=17 11 21 27
split_gain=2.7921 3.14589 2.2135 1.36513
threshold=0.56737259358766834 63.453934917159735 -0.20842388808468229 46.033113481477166
decision_type=2 2 2 2
left_child=1 2 -1 -2
right_child=3 -3 -4 -5
leaf_value=-0.0017881985893251663 0 0.0095089613556787172 0.0057133067394561548 -0.0098532859041774532
leaf_weight=13.944714695215231 2.2064019739627829 4.3032968193292609 5.1040582023561027 3.0115722957998514
leaf_count=109 22 27 32 34
internal_value=0.000527364 0.00207911 0.000175859 -0.00579021
internal_weight=28.57 23.3521 19.0488 5.21797
internal_count=224 168 141 56
is_linear=0
shrinkage=0.01


Tree=436
num_leaves=4
num_cat=0
split_feature=25 14 17
split_gain=1.98599 2.47276 2.09057
threshold=0.71969496516243725 -0.45817211576129957 -0.29981766157482798
decision_type=2 2 2
left_child=1 -1 -3
right_child=-2 2 -4
leaf_value=0.0056377383061916066 0.005926115372662728 0.00046322434459884169 -0.0053696054006899105
leaf_weight=3.6131280362606111 3.6822820436209431 9.9290790483355593 13.531163200736039
leaf_count=18 29 63 129
internal_value=-0.000575382 -0.00158798 -0.00284212
internal_weight=30.7557 27.0734 23.4602
internal_count=239 210 192
is_linear=0
shrinkage=0.01


Tree=437
num_leaves=6
num_cat=0
split_feature=1 34 37 39 28
split_gain=4.47418 1.96344 1.59968 1.86133 1.7631
threshold=0.49801882148733501 0.16795728936958235 0.65923078240356736 0.72339747619890782 -18.362413156969975
decision_type=2 2 2 2 2
left_child=2 -2 4 -4 -1
right_child=1 -3 3 -5 -6
leaf_value=-7.1056610609637728e-05 0 -0.010461578493431274 -0.0010860358594638113 0.0075298698584681349 0.0091978930678746525
leaf_weight=2.4803964532911777 2.7819704189896575 4.0719764828681946 11.684547601267694 2.8190043531358233 5.676511783152824
leaf_count=22 17 40 95 16 38
internal_value=0.000547274 -0.00628005 0.00275447 0.000572163 0.00624031
internal_weight=29.5144 6.85395 22.6605 14.5036 8.15691
internal_count=228 57 171 111 60
is_linear=0
shrinkage=0.01


Tree=438
num_leaves=8
num_cat=0
split_feature=6 32 13 10 30 30 34
split_gain=2.68727 6.74518 2.60007 2.61016 2.15631 2.15444 0.769921
threshold=-0.062726433801640932 0.27291512531775453 -1.3251243410968134 11.564214285714183 0.20789540549124264 -0.089835568203355948 0.50634952362581587
decision_type=2 2 2 2 2 2 2
left_child=1 5 3 -2 -3 -1 -4
right_child=2 4 6 -5 -6 -7 -8
leaf_value=0.017089714159681694 -0.0024968093465481465 -0.0041918947738844902 -0.010425819014257598 0.010862934666178695 0.0058603278805394897 0.0042790251813252739 -0.00083884835498339934
leaf_weight=3.1144664101302624 4.3331795074045658 7.8528470918536168 3.4982446879148466 1.7731967419385908 2.4915341250598431 3.4466296322643819 1.76896046847105
leaf_count=17 34 65 33 11 14 27 22
internal_value=0.000846252 0.00340401 -0.002774 0.00139749 -0.00148591 0.0111329 -0.00778404
internal_weight=28.2791 16.9055 11.3736 6.10638 10.3444 6.5611 5.26721
internal_count=223 123 100 45 79 44 55
is_linear=0
shrinkage=0.01


Tree=439
num_leaves=4
num_cat=0
split_feature=28 13 13
split_gain=2.05111 1.63445 2.79961
threshold=7.9889443668989779 0.88818929098990662 -1.3374312583081045
decision_type=2 2 2
left_child=1 2 -1
right_child=-2 -3 -4
leaf_value=0.00053080692092292818 0.0055418266756568227 0.0048102991606048954 -0.0061567006506768251
leaf_weight=12.335681084543472 4.2185005433857432 2.9243265241384497 11.380474803969266
leaf_count=97 28 18 102
internal_value=-0.000598715 -0.00169619 -0.00263182
internal_weight=30.859 26.6405 23.7162
internal_count=245 217 199
is_linear=0
shrinkage=0.01


Tree=440
num_leaves=5
num_cat=0
split_feature=30 0 34 2
split_gain=2.67222 3.22659 2.79921 2.76924
threshold=0.077987061455600998 0.0825053947346953 0.21348120429135278 4.9777857142856403
decision_type=2 2 2 2
left_child=1 2 -1 -2
right_child=3 -3 -4 -5
leaf_value=-0.0091844512119142307 -0.002271331210498849 0.0071527972051208021 -0.00047072046954540537 0.0089999339319948354
leaf_weight=5.3556658886373141 2.9188088811933977 3.1298152804374686 12.264920940622686 5.5909066200256348
leaf_count=44 22 18 120 29
internal_value=0.000283517 -0.00158315 -0.00334022 0.0049612
internal_weight=29.2601 20.7504 17.6206 8.50972
internal_count=233 182 164 51
is_linear=0
shrinkage=0.01


Tree=441
num_leaves=6
num_cat=0
split_feature=17 10 10 16 37
split_gain=3.74699 3.5988 2.52942 1.08939 0.755202
threshold=0.65935719515514057 12.402857142857233 9.4830357142856716 -0.043091959959169777 0.70923053111883771
decision_type=2 2 2 2 2
left_child=1 2 -1 -3 -2
right_child=4 3 -4 -5 -6
leaf_value=0.00056786570810965162 -0.0099471317979577152 -0.00017192477613173492 0.0082731603202310169 -0.0099548034362991651 -0.00023622424724635365
leaf_weight=11.840964302420625 3.6744851078838101 2.6950065977871418 7.0090281479060641 2.4709546603262416 1.5691869892179964
leaf_count=89 45 18 45 23 11
internal_value=-9.17569e-05 0.00153249 0.0036221 -0.00550667 -0.00757193
internal_weight=29.2596 24.016 18.85 5.16596 5.24367
internal_count=231 175 134 41 56
is_linear=0
shrinkage=0.01


Tree=442
num_leaves=6
num_cat=0
split_feature=4 5 37 27 13
split_gain=1.7754 2.7392 4.16421 1.6925 1.76571
threshold=-1.74618851571131 -2.8432610488531593 0.69425841194140359 26.497108981787573 -1.3518693382546021
decision_type=2 2 2 2 2
left_child=3 -2 -3 -1 -5
right_child=1 2 -4 4 -6
leaf_value=0.0027969463864522589 0.010562393392253405 -0.0031481240650240217 0.0070523213764227535 0 -0.010611587216845925
leaf_weight=3.0898379012942332 3.2898614071309593 9.927991524338724 6.2006002813577643 2.8612506948411465 3.1077945977449417
leaf_count=18 20 93 37 25 29
internal_value=0.000868949 0.00261495 0.000708846 -0.0026239 -0.00574856
internal_weight=28.4773 19.4185 16.1286 9.05888 5.96905
internal_count=222 150 130 72 54
is_linear=0
shrinkage=0.01


Tree=443
num_leaves=5
num_cat=0
split_feature=36 36 28 34
split_gain=2.634 1.94025 2.56607 0.711608
threshold=0.59932315074639919 0.6389734611120822 -30.387214419153675 0.31793832064239297
decision_type=2 2 2 2
left_child=3 -2 -3 -1
right_child=1 2 -4 -5
leaf_value=-0.010128190336579874 0.0074220457425038886 0.0078130178466595639 -0.00089114496776799244 -8.0950304579346244e-05
leaf_weight=2.2957411147654052 4.5569554567337063 3.6883370950818088 21.225715093314648 1.5494704972952602
leaf_count=17 28 20 172 18
internal_value=0.000523173 0.00161321 0.000395748 -0.0068609
internal_weight=33.3162 29.471 24.9141 3.84521
internal_count=255 220 192 35
is_linear=0
shrinkage=0.01


Tree=444
num_leaves=6
num_cat=0
split_feature=21 16 20 21 30
split_gain=1.92744 2.17431 2.27146 1.74099 1.33534
threshold=-1.2863062683628563 0.29634771050075281 4.395647418361933 -1.536999666124973 -0.16249301924821771
decision_type=2 2 2 2 2
left_child=3 2 -2 4 -1
right_child=1 -3 -4 -5 -6
leaf_value=-0.0066552904851117888 0.0055733373132336814 -0.005819711890548215 -0.0020724242188973597 -0.0095022943452389517 0.0023989337272517916
leaf_weight=1.9598022252321241 15.227843031287199 2.3022236786782733 4.5606247149407855 2.4147173129022139 5.5108380801975727
leaf_count=19 98 22 36 28 39
internal_value=0.000880795 0.00256019 0.00370703 -0.00264064 0
internal_weight=31.976 22.0907 19.7885 9.88536 7.47064
internal_count=242 156 134 86 58
is_linear=0
shrinkage=0.01


Tree=445
num_leaves=6
num_cat=0
split_feature=36 1 16 8 8
split_gain=2.90522 3.82192 3.84636 1.85849 0.750425
threshold=0.62489170925540372 0.49801882148733501 -0.026964378644049828 0.06694673828073168 0.0091636532043210626
decision_type=2 2 2 2 2
left_child=4 2 -2 -3 -1
right_child=1 3 -4 -5 -6
leaf_value=-0.010227765283433006 0.0098682907501670102 -0.010025105666621294 0.00061609097200615093 0.00033614588239456149 0
leaf_weight=2.1645498126745255 7.7458594217896541 2.7221429347991934 11.426570121198889 3.1969391815364361 1.5625254325568674
leaf_count=18 43 26 98 21 14
internal_value=0.00104305 0.00234337 0.00455123 -0.00436106 -0.00673681
internal_weight=28.8186 25.0915 19.1724 5.91908 3.72708
internal_count=220 188 141 47 32
is_linear=0
shrinkage=0.01


Tree=446
num_leaves=4
num_cat=0
split_feature=36 36 13
split_gain=2.68945 1.73448 2.71476
threshold=0.59932315074639919 0.6389734611120822 0.62934558487937486
decision_type=2 2 2
left_child=-1 -2 -3
right_child=1 2 -4
leaf_value=-0.0080296212889976494 0.0069982301380399634 -0.0011140351212957701 0.0087096056141672627
leaf_weight=2.9534588716924217 4.5453317500650909 18.57541707158089 2.9889871701598159
leaf_count=29 28 156 18
internal_value=0.000456442 0.0015724 0.000256943
internal_weight=29.0632 26.1097 21.5644
internal_count=231 202 174
is_linear=0
shrinkage=0.01


Tree=447
num_leaves=5
num_cat=0
split_feature=10 18 27 19
split_gain=3.71916 3.2246 3.07263 3.66314
threshold=7.521392857142799 10.312357142857213 19.421005974539053 52.543464321051978
decision_type=2 2 2 2
left_child=1 -1 -2 -4
right_child=2 -3 3 -5
leaf_value=0 0.0083388207447621394 0.015127505605451706 -0.006469808781875184 0.0015506761197172014
leaf_weight=2.6503318175673511 2.4338208884000805 2.4897304847836494 12.010035399347545 9.8266416527330858
leaf_count=25 12 13 105 78
internal_value=7.78982e-05 0.00762087 -0.00151172 -0.00279809
internal_weight=29.4106 5.14006 24.2705 21.8367
internal_count=233 38 195 183
is_linear=0
shrinkage=0.01


Tree=448
num_leaves=4
num_cat=0
split_feature=14 14 13
split_gain=1.99667 2.19456 2.15617
threshold=-0.40179133132982386 0.26167263653327583 0.88818929098990662
decision_type=2 2 2
left_child=-1 2 -2
right_child=1 -3 -4
leaf_value=0.006115416855819871 -0.002942992305469815 0.008430702593101776 0.0060249507008681849
leaf_weight=4.743174314498904 20.206113658845432 1.9999272897839535 2.6835071928799143
leaf_count=24 179 11 16
internal_value=0.000329314 -0.00075364 -0.00174103
internal_weight=29.6327 24.8895 22.8896
internal_count=230 206 195
is_linear=0
shrinkage=0.01


Tree=449
num_leaves=5
num_cat=0
split_feature=19 32 3 13
split_gain=3.63528 2.708 3.55696 2.92493
threshold=77.085228782257431 0.21742174740844017 36.53225240060263 1.0000000180025095e-35
decision_type=2 2 2 2
left_child=1 3 -3 -1
right_child=-2 2 -4 -5
leaf_value=-0.007973459905177737 0.012404260486049642 0.011889020226863565 -0.00043335143945759499 0.0037142067524616757
leaf_weight=7.9868295900523716 1.8745648935437191 2.391497720032933 16.123461009934545 2.4225209578871727
leaf_count=79 9 12 128 18
internal_value=-3.43061e-06 -0.000995081 0.00121617 -0.00503884
internal_weight=30.7989 28.9243 18.515 10.4094
internal_count=246 237 140 97
is_linear=0
shrinkage=0.01


Tree=450
num_leaves=5
num_cat=0
split_feature=13 18 21 18
split_gain=3.22265 2.3358 5.67744 2.0047
threshold=-2.6986810255801608 13.013607142857188 -0.97810198718455277 15.07146428571423
decision_type=2 2 2 2
left_child=-1 2 -2 -3
right_child=1 3 -4 -5
leaf_value=-0.010563584765901395 -0.0034481301582809797 -0.0066965484654091748 0.010342187913236489 0.0006458467247271811
leaf_weight=2.6401769965887096 5.1520511172711849 5.5435591153800479 6.0208303369581717 8.9747140966355783
leaf_count=21 46 57 40 67
internal_value=-0.00061571 0.000439773 0.00388497 -0.00210157
internal_weight=28.3313 25.6912 11.1729 14.5183
internal_count=231 210 86 124
is_linear=0
shrinkage=0.01


Tree=451
num_leaves=8
num_cat=0
split_feature=11 6 37 35 5 5 37
split_gain=3.1747 1.78046 2.61492 1.77165 1.68565 3.73672 1.20148
threshold=55.891954229300957 -0.0099346591171705426 0.67074748133267448 0.18168482119159993 -2.1649603049795894 -1.7111594189454933 0.71222574960884477
decision_type=2 2 2 2 2 2 2
left_child=4 2 -2 -3 6 -6 -1
right_child=1 3 -4 -5 5 -7 -8
leaf_value=-0.010475354423924142 0.014021561674640517 0.0072627026183042899 0.001671151459109636 -0.0050216702594066591 0.0061037046134208616 -0.0050363058192940072 0
leaf_weight=3.788940733298662 2.5908006131649 1.3303593099117268 5.5985177643597126 3.5440519899129868 4.4115170575678375 7.8415707387030116 1.373936779797077
leaf_count=40 14 10 38 37 28 62 12
internal_value=-0.000249602 0.00336194 0.00617139 -0.00105572 -0.00308257 -0.000816192 -0.00775508
internal_weight=30.4797 13.0637 8.18932 4.87441 17.416 12.2531 5.16288
internal_count=241 99 52 47 142 90 52
is_linear=0
shrinkage=0.01


Tree=452
num_leaves=6
num_cat=0
split_feature=4 21 27 27 2
split_gain=2.00602 3.50298 4.7286 2.3549 1.58593
threshold=-3.074228956714705 -1.2760624892284917 60.204246818149429 57.027559413708495 6.4767857142856959
decision_type=2 2 2 2 2
left_child=4 2 -2 -3 -1
right_child=1 3 -4 -5 -6
leaf_value=-0.0088659616138493397 -0.0081237402525882428 0.0075833168522688489 0.0068643047069698107 -0.00047165477300835297 0
leaf_weight=3.3110654763877418 5.8866091109812295 9.831750892102713 2.7948718853294849 4.9074081294238576 3.7554104290902615
leaf_count=28 62 65 16 40 24
internal_value=0.000356838 0.00182802 -0.00300777 0.00481252 -0.00412353
internal_weight=30.4871 23.4206 8.68148 14.7392 7.06648
internal_count=235 183 78 105 52
is_linear=0
shrinkage=0.01


Tree=453
num_leaves=6
num_cat=0
split_feature=30 13 20 30 5
split_gain=2.2069 2.94745 2.78593 3.32423 0.654214
threshold=0.10460026513912923 -1.1231288875564431 8.1912354089990931 -0.089835568203355948 -2.488647961269304
decision_type=2 2 2 2 2
left_child=2 4 3 -1 -2
right_child=1 -3 -4 -5 -6
leaf_value=-6.4235592438989845e-05 0.001310325868279908 -0.0046747256215335549 0.004959013628843041 -0.0087944368929890188 0.010246309534762195
leaf_weight=11.362864565104251 1.8383287414908407 2.2527429014444342 4.2231506034731856 7.297454401850703 3.8579531647264957
leaf_count=90 13 17 26 76 21
internal_value=-0.000310349 0.00405772 -0.00194682 -0.00366895 0.00790583
internal_weight=30.8325 7.94902 22.8835 18.6603 5.69628
internal_count=243 51 192 166 34
is_linear=0
shrinkage=0.01


Tree=454
num_leaves=6
num_cat=0
split_feature=30 4 15 0 3
split_gain=2.21988 2.20454 2.69444 1.69627 1.42549
threshold=0.16071832634972075 0.093050453442174344 0.23560642566811188 0.0021955731136547919 48.462792367350268
decision_type=2 2 2 2 2
left_child=1 4 -3 -2 -1
right_child=3 2 -4 -5 -6
leaf_value=-0.00072422523666723746 0.010703065305556633 0.0055110091849258679 -0.0050411787246568045 0 -0.0094784901500134383
leaf_weight=7.4785246253013664 3.7528989054262629 9.4970021061599237 2.769619518890976 2.3467167764902115 2.5139721371233463
leaf_count=58 21 77 23 18 29
internal_value=0.00159238 9.36459e-06 0.00290586 0.00678548 -0.00333307
internal_weight=28.3587 22.2591 12.2666 6.09962 9.9925
internal_count=226 187 100 39 87
is_linear=0
shrinkage=0.01


Tree=455
num_leaves=4
num_cat=0
split_feature=0 9 30
split_gain=1.88475 2.20163 2.15061
threshold=0.085942449289711301 0.66308769457910799 0.11809301747987204
decision_type=2 2 2
left_child=1 2 -1
right_child=-2 -3 -4
leaf_value=-0.0022134254287372581 0.0062803732183183024 -0.0096402769083458149 0.0049572394688035216
leaf_weight=16.991341527551423 3.0968957021832457 2.7252100482583037 5.1581477373838416
leaf_count=142 17 31 33
internal_value=-0.000602932 -0.00160398 -0.00041051
internal_weight=27.9716 24.8747 22.1495
internal_count=223 206 175
is_linear=0
shrinkage=0.01


Tree=456
num_leaves=4
num_cat=0
split_feature=5 5 22
split_gain=1.62551 4.75826 2.20665
threshold=-3.0961858471394019 -2.8432610488531593 0.22460576682811076
decision_type=2 2 2
left_child=-1 -2 -3
right_child=1 2 -4
leaf_value=-0.0086330683688915881 0.013260487591463125 -0.0012993037913467274 0.0077897746701360206
leaf_weight=1.5312658287584806 2.5747385248541859 23.756054405122999 2.6892097890377036
leaf_count=15 16 194 15
internal_value=0.000399988 0.00102829 -0.000223249
internal_weight=30.5513 29.02 26.4453
internal_count=240 225 209
is_linear=0
shrinkage=0.01


Tree=457
num_leaves=4
num_cat=0
split_feature=26 0 25
split_gain=1.99495 2.56252 2.56122
threshold=16.333035714285874 -0.04167153864843496 0.71969496516243725
decision_type=2 2 2
left_child=-1 -2 -3
right_child=1 2 -4
leaf_value=0.0050977053828465879 0.0052570206174716626 -0.0048195158597643282 0.0041186638397696105
leaf_weight=4.5469105951488045 3.789756312966353 17.953596834093332 3.4079074505716553
leaf_count=29 23 157 29
internal_value=-0.000683169 -0.0018546 -0.00326394
internal_weight=29.6982 25.1513 21.3615
internal_count=238 209 186
is_linear=0
shrinkage=0.01


Tree=458
num_leaves=7
num_cat=0
split_feature=26 9 36 3 1 36
split_gain=2.74102 2.43583 2.39102 2.1051 1.7586 1.72676
threshold=19.004392857142879 -0.50921816899407979 0.6389734611120822 54.29099829626211 -0.4325343550531055 0.59932315074639919
decision_type=2 2 2 2 2 2
left_child=2 -2 5 -3 -4 -1
right_child=1 3 4 -5 -6 -7
leaf_value=-0.0027772544812782697 -0.0051192202431393774 0.008258032106583298 0.00063702588949691346 0.00047158934789451247 -0.0095966852415355665 0.0088203305805676264
leaf_weight=2.3944172654300946 2.6285624392330691 7.5745504051446879 1.8551789224147794 7.3227956853806973 5.2440243735909462 1.94928652793169
leaf_count=21 22 45 12 63 53 10
internal_value=0.000483661 0.00300861 -0.00319129 0.00464707 -0.00673469 0.0022302
internal_weight=28.9688 17.5259 11.4429 14.8973 7.0992 4.3437
internal_count=226 130 96 108 65 31
is_linear=0
shrinkage=0.01


Tree=459
num_leaves=5
num_cat=0
split_feature=38 2 2 26
split_gain=2.06463 3.77613 2.2928 1.74863
threshold=0.74196518477203866 5.2019642857143422 6.1568928571427941 14.969249999999974
decision_type=2 2 2 2
left_child=1 3 -3 -1
right_child=-2 2 -4 -5
leaf_value=0 0.0061710339550728414 0.0049925231178309503 -0.0020487126623703025 -0.0098410559116796133
leaf_weight=1.9766603037715018 3.5526079908013335 7.577703624963763 10.521031670272349 5.9924675412476063
leaf_count=16 24 49 85 61
internal_value=-0.000568469 -0.00162256 0.000823993 -0.00724912
internal_weight=29.6205 26.0679 18.0987 7.96913
internal_count=235 211 134 77
is_linear=0
shrinkage=0.01


Tree=460
num_leaves=7
num_cat=0
split_feature=11 12 5 8 39 5
split_gain=2.19627 1.85918 1.71404 1.52073 1.33755 1.01272
threshold=63.453934917159735 6.3658524808765842 -2.311976274715239 -0.028500019560694204 0.62351489149338424 -1.7730648047480073
decision_type=2 2 2 2 2 2
left_child=2 5 3 -1 -4 -2
right_child=1 -3 4 -5 -6 -7
leaf_value=0.00096439181041346484 0.013433052627171645 -0.00081849398574789141 -0.0068600284066414538 -0.0090052704924065349 0.0011947134119743854 0.0017110868355942205
leaf_weight=1.6630774289369581 2.0723382458090787 2.9950154349207878 2.1208321712911138 4.5417914800345942 13.593492519110439 1.8650627806782711
leaf_count=11 13 23 24 48 88 17
internal_value=-0.000166073 0.00454556 -0.0017875 -0.00610442 0 0.00886684
internal_weight=28.8516 6.93242 21.9192 6.20487 15.7143 3.9374
internal_count=224 53 171 59 112 30
is_linear=0
shrinkage=0.01


Tree=461
num_leaves=7
num_cat=0
split_feature=12 16 12 18 18 0
split_gain=1.52415 2.02888 2.83775 1.37894 2.33454 0.422663
threshold=0.24546522517539418 -0.036201090639298626 2.8860723960769978 11.757785714285744 13.426392857142838 0.0046983481094627659
decision_type=2 2 2 2 2 2
left_child=3 -2 -3 5 -5 -1
right_child=1 2 -4 4 -6 -7
leaf_value=-0.0014574956148186732 0.0079523183079932263 0.0077623115775483174 -0.0044479134600666388 0.0055856942625751669 -0.0031568599626337207 -0.0097044395384711119
leaf_weight=1.8881679773330748 4.3976408168673515 2.5592948123812658 5.3404347188770771 4.319344885647296 8.6656666472554189 2.1808786354959011
leaf_count=15 26 24 45 31 69 21
internal_value=2.35341e-05 0.00273579 -0.000108958 -0.00183046 -3.77196e-05 -0.00669821
internal_weight=29.3514 12.2974 7.89973 17.0541 12.985 4.06905
internal_count=231 95 69 136 100 36
is_linear=0
shrinkage=0.01


Tree=462
num_leaves=7
num_cat=0
split_feature=33 33 39 13 13 34
split_gain=2.797 2.6225 2.57168 2.25734 3.84444 1.48167
threshold=0.12913939237620933 0.73421915409084793 0.67862249744663983 0.74947326155192762 -1.5635071846956905 0.90597051082844338
decision_type=2 2 2 2 2 2
left_child=3 5 -3 4 -1 -2
right_child=1 2 -4 -5 -6 -7
leaf_value=0.0092689767737964036 -0.0046499250339224717 -0.0028687354163027517 0.0098193379352158189 0.012182615343844932 -0.0054084078626505999 0.004285611262815979
leaf_weight=2.9740750193595886 15.504128463566309 2.4635965041816226 3.1130989342927933 2.6401868015527725 3.522686533629896 1.6337139643728722
leaf_count=16 136 25 17 13 25 17
internal_value=0.000182801 -0.00163438 0.00401354 0.00482061 0.00112887 -0.00362435
internal_weight=31.8515 22.7145 5.5767 9.13695 6.49676 17.1378
internal_count=249 195 42 54 41 153
is_linear=0
shrinkage=0.01


Tree=463
num_leaves=6
num_cat=0
split_feature=17 1 0 2 0
split_gain=2.60512 2.3658 3.50853 2.5737 0.977815
threshold=0.56405482158345566 0.35544076687212928 0.0825053947346953 4.0309642857142931 0.067972230817238313
decision_type=2 2 2 2 2
left_child=1 3 -3 -1 -2
right_child=4 2 -4 -5 -6
leaf_value=0.010468172465898422 -0.0099285945380167134 -0.0081370713246865164 0.0068199919227189629 0.00050289480779356895 0
leaf_weight=3.082904480397711 3.4826041497290126 5.4445249661803237 1.7618932723999021 13.431685876101254 1.4167775511741636
leaf_count=17 42 52 8 105 10
internal_value=-0.000836185 0.000484447 -0.00408737 0.00263571 -0.00727389
internal_weight=28.6204 23.721 7.20642 16.5146 4.89938
internal_count=234 182 60 122 52
is_linear=0
shrinkage=0.01


Tree=464
num_leaves=5
num_cat=0
split_feature=14 14 34 36
split_gain=2.62356 3.62487 1.75767 1.6008
threshold=0.24643481431289041 -0.10730219686805835 0.10821772006274594 0.69653942198694363
decision_type=2 2 2 2
left_child=1 3 -3 -1
right_child=-2 2 -4 -5
leaf_value=0 0.011231075051637887 0 -0.0080264086117481544 0.0063111573173441253
leaf_weight=11.635386575013408 1.7564920336008061 3.9983206391334516 6.7107399292290211 6.0290411375463
leaf_count=87 10 30 72 39
internal_value=0.000283971 -0.000434387 -0.005006 0.00226314
internal_weight=30.13 28.3735 10.7091 17.6644
internal_count=238 228 102 126
is_linear=0
shrinkage=0.01


Tree=465
num_leaves=4
num_cat=0
split_feature=29 31 34
split_gain=2.35896 2.68921 2.71826
threshold=0.75489131248384822 1.2742296756023743 0.57617527066779439
decision_type=2 2 2
left_child=1 2 -1
right_child=-2 -3 -4
leaf_value=0.0034472468991512363 -0.0098910767328413002 -0.0093137141014126672 -0.0054404037263277704
leaf_weight=21.558416768908511 1.812131781131028 1.9395690634846676 3.6607546322047702
leaf_count=154 14 16 44
internal_value=0.000206803 0.00105411 0.00202997
internal_weight=28.9709 27.1587 25.2192
internal_count=228 214 198
is_linear=0
shrinkage=0.01


Tree=466
num_leaves=6
num_cat=0
split_feature=0 1 20 25 9
split_gain=1.95683 3.49956 3.14259 2.74232 2.54834
threshold=0.03554740318181495 -0.0224064171123141 -2.4033924280388415 0.47561710863304402 -0.46029785164188508
decision_type=2 2 2 2 2
left_child=1 3 -2 -1 -3
right_child=2 4 -4 -5 -6
leaf_value=0.0030204934076191081 0.0099682391339677764 0.0031796115662704552 -0.0027768667319188413 -0.0089183977881312493 -0.01058943137074265
leaf_weight=12.103529635816814 4.0052038878202438 1.3504559174180029 2.9809155091643325 1.9362801667302854 5.3019196093082437
leaf_count=89 24 9 26 22 59
internal_value=-2.67334e-05 -0.00164597 0.0043651 0.00108235 -0.00749001
internal_weight=27.6783 20.6922 6.98612 14.0398 6.65238
internal_count=229 179 50 111 68
is_linear=0
shrinkage=0.01


Tree=467
num_leaves=4
num_cat=0
split_feature=19 15 26
split_gain=3.51408 1.67483 1.66845
threshold=76.789312233961724 0.23560642566811188 16.333035714285874
decision_type=2 2 2
left_child=1 2 -1
right_child=-2 -3 -4
leaf_value=0.0049186901864033952 0.0091491314184475817 -0.009805166086770933 -0.0027019101915193313
leaf_weight=2.9679125025868514 2.4962458163499823 2.6559195704758158 18.310594547539949
leaf_count=17 12 26 162
internal_value=-0.00133219 -0.0026076 -0.0014927
internal_weight=26.4307 23.9344 21.2785
internal_count=217 205 179
is_linear=0
shrinkage=0.01


Tree=468
num_leaves=5
num_cat=0
split_feature=34 0 16 8
split_gain=2.29568 2.06083 3.41645 0.787321
threshold=0.57617527066779439 0.0825053947346953 -0.026964378644049828 0.071224293777674155
decision_type=2 2 2 2
left_child=1 2 -1 -2
right_child=3 -3 -4 -5
leaf_value=0.0049399921124237637 -0.0091543220759108933 0.0095840180455193918 -0.0031990730572785957 0
leaf_weight=9.4342096708715033 2.526729315519332 2.7301898002624503 10.510281171649694 1.5851888600736854
leaf_count=56 34 14 93 17
internal_value=0.000521674 0.00185184 0.000568255 -0.0059872
internal_weight=26.7866 22.6747 19.9445 4.11192
internal_count=214 163 149 51
is_linear=0
shrinkage=0.01


Tree=469
num_leaves=7
num_cat=0
split_feature=5 36 13 16 4 5
split_gain=2.45085 2.43492 4.07449 1.98258 1.71174 1.97583
threshold=-2.2186882406435133 0.69653942198694363 -1.5048966378896742 -0.012933489956455713 -0.21861613903502072 -2.7080984857724668
decision_type=2 2 2 2 2 2
left_child=4 2 -2 -3 -1 -6
right_child=1 3 -4 -5 5 -7
leaf_value=-0.0085743071246162979 0.0055126551555114145 0.010930116361683635 -0.0062280834583809406 0.00092624647254911608 0.003912540974988275 -0.0067766989936317388
leaf_weight=3.9602704606950283 5.1395851522684115 4.1873141154646873 6.0761685222387314 4.5253607295453531 3.9900328069925308 2.5739084035158175
leaf_count=43 33 20 50 48 28 22
internal_value=0.000148671 0.00226372 -0.000670799 0.00615981 -0.00362332 -0.000100625
internal_weight=30.4526 19.9284 11.2158 8.71267 10.5242 6.56394
internal_count=244 151 83 68 93 50
is_linear=0
shrinkage=0.01


Tree=470
num_leaves=6
num_cat=0
split_feature=26 26 30 3 0
split_gain=1.50015 2.4807 2.08734 1.19004 0.889497
threshold=16.333035714285874 18.538928571428546 0.16071832634972075 54.29099829626211 -0.00053671040411086026
decision_type=2 2 2 2 2
left_child=3 4 -3 -1 -2
right_child=1 2 -4 -5 -6
leaf_value=0.00029636285362674193 -0.00031509171695287655 0.00051403405136910474 0.0094974814436904285 0.010826429032267515 -0.0093861947789780874
leaf_weight=2.4263372831046608 2.5352694075554609 16.958244826644663 2.8998553454875937 2.5240940302610397 2.6010137051343944
leaf_count=16 23 139 17 14 30
internal_value=0.00147205 0.000361307 0.00204691 0.00635811 -0.00554107
internal_weight=29.9448 24.9944 19.8581 4.95043 5.13628
internal_count=239 209 156 30 53
is_linear=0
shrinkage=0.01


Tree=471
num_leaves=5
num_cat=0
split_feature=18 6 0 10
split_gain=1.57552 1.85922 2.86097 1.89054
threshold=18.725928571428607 -0.062726433801640932 -0.022587772319039398 9.7177857142856503
decision_type=2 2 2 2
left_child=1 2 -1 -3
right_child=-2 3 -4 -5
leaf_value=0.012392825349724405 -0.0063477642269885197 0.0020915043409774174 0.001732540333771728 -0.0063466510131642362
leaf_weight=3.1003026887774494 2.1006866246461859 6.0638491213321668 12.84992837905884 4.069568544626236
leaf_count=17 15 53 98 39
internal_value=0.00123791 0.00198987 0.00411823 -0.00119061
internal_weight=28.1843 26.0836 15.9502 10.1334
internal_count=222 207 115 92
is_linear=0
shrinkage=0.01


Tree=472
num_leaves=7
num_cat=0
split_feature=36 4 20 19 36 4
split_gain=1.93575 2.39256 1.8472 2.92499 1.50779 0.785196
threshold=0.66286611390019867 0.093050453442174344 7.1100360528889732 35.487998337234693 0.63571719464998233 2.8299663886050443
decision_type=2 2 2 2 2 2
left_child=1 4 3 -2 -1 -3
right_child=2 5 -4 -5 -6 -7
leaf_value=-0.0072717384074564026 0.0016426959921434464 0.0095568994003729819 0.0039431398068942728 -0.0070687940686168802 0.0033841178309109276 0.00093806793469514149
leaf_weight=2.3313044086098689 5.9265462383627918 4.3938432820141315 3.7897348850965491 8.9255120642483217 2.1477443799376488 2.1687871217727661
leaf_count=19 36 30 25 100 12 13
internal_value=4.88686e-05 0.00337902 -0.0018403 -0.00349688 -0.00185198 0.00716554
internal_weight=29.6835 11.0417 18.6418 14.8521 4.47905 6.56263
internal_count=235 74 161 136 31 43
is_linear=0
shrinkage=0.01


Tree=473
num_leaves=8
num_cat=0
split_feature=13 18 21 20 2 2 1
split_gain=2.67873 3.1152 3.31976 1.69284 3.04417 2.47797 1.39925
threshold=-1.3374312583081045 12.7797142857143 -0.70631938570407338 -7.2223652199613744 6.5626071428572308 4.5307500000001584 -0.35627872247758324
decision_type=2 2 2 2 2 2 2
left_child=3 2 -2 4 -1 -5 -3
right_child=1 6 -4 5 -6 -7 -8
leaf_value=-0.0069732761161851054 -0.0059564932412526543 0.00091871050685877163 0.0085779169255266619 0.00013696454341534725 0.0087538194871925323 0.01085411330330638 -0.0075823736436890091
leaf_weight=2.6004251092672339 1.9267732463777063 2.1249175593256941 4.4814404956996432 3.8362612277269381 1.8320674970746038 6.142819881439209 6.1223077774047843
leaf_count=22 20 17 29 32 10 42 59
internal_value=0.00177813 -0.00111782 0.00383873 0.00482177 0 0.00705293 -0.00520269
internal_weight=29.067 14.6554 6.40821 14.4116 4.43249 9.97908 8.24723
internal_count=231 125 49 106 32 74 76
is_linear=0
shrinkage=0.01


Tree=474
num_leaves=4
num_cat=0
split_feature=14 14 33
split_gain=2.20518 2.15021 1.96434
threshold=0.24643481431289041 -0.39467734717860997 0.73421915409084793
decision_type=2 2 2
left_child=1 -1 -3
right_child=-2 2 -4
leaf_value=0.0047712293624620995 0.0096353600991661657 -0.0035907581939867168 0.0047690846953680425
leaf_weight=5.0165277048945489 1.8929984085261811 17.944770041853193 2.8702857159078112
leaf_count=28 12 159 25
internal_value=0 -0.000804652 -0.00229188
internal_weight=27.7246 25.8316 20.8151
internal_count=224 212 184
is_linear=0
shrinkage=0.01


Tree=475
num_leaves=5
num_cat=0
split_feature=0 25 36 38
split_gain=2.5408 3.08453 2.01107 1.15966
threshold=0.0825053947346953 0.46231442361278091 0.62489170925540372 0.64996033316656676
decision_type=2 2 2 2
left_child=1 2 -1 -3
right_child=-2 3 -4 -5
leaf_value=-0.0054737219897531613 0.0083386892484785674 0 0.0029654897501021175 -0.010238248253614619
leaf_weight=2.9928603135049441 3.6590771973133078 1.4959770441055287 16.296211469918489 3.3471750617027283
leaf_count=28 19 18 128 32
internal_value=0.000896869 -0.000238181 0.0014902 -0.00719617
internal_weight=27.7913 24.1322 19.2891 4.84315
internal_count=225 206 156 50
is_linear=0
shrinkage=0.01


Tree=476
num_leaves=7
num_cat=0
split_feature=39 34 32 18 14 6
split_gain=2.16143 3.08563 2.50587 1.80044 1.91338 1.45878
threshold=0.65916245579542398 0.28445367515261205 0.22495848882967676 13.013607142857188 -0.15441286969170251 -0.0075106755562403893
decision_type=2 2 2 2 2 2
left_child=3 2 -2 4 -1 -5
right_child=1 -3 -4 5 -6 -7
leaf_value=0.012703780198890575 -0.0044340499709303255 -0.0082489828246728788 0.0041409545525491762 0.0029920319159556169 0 -0.0064545788434520824
leaf_weight=2.8626586087048054 5.4736422449350375 5.3271142393350592 7.8569983020424843 5.1994258277118206 1.7483397573232666 2.0197707898914814
leaf_count=20 39 54 49 39 19 25
internal_value=2.68051e-05 -0.00201716 0.000453181 0.00338544 0.00806044 0
internal_weight=30.4879 18.6578 13.3306 11.8302 4.611 7.2192
internal_count=245 142 88 103 39 64
is_linear=0
shrinkage=0.01


Tree=477
num_leaves=6
num_cat=0
split_feature=6 6 2 33 39
split_gain=2.2278 2.86706 2.86357 2.03902 1.1895
threshold=-0.062726433801640932 -0.087513036715450257 6.1568928571427941 0.095515171447111441 0.68334923326115671
decision_type=2 2 2 2 2
left_child=1 3 4 -1 -2
right_child=2 -3 -4 -5 -6
leaf_value=0.0081450541603359117 -0.0034155684442734469 0.013350686208674363 -0.010017400304418982 -0.00046122463131413073 0.0041884084350079986
leaf_weight=3.0739870145917001 3.4144562073051912 2.0096766836941269 3.4038393348455429 13.035569693893192 4.1160320788621902
leaf_count=17 35 11 38 108 27
internal_value=0.000642944 0.00283217 -0.00278554 0.00117801 0.000486453
internal_weight=29.0536 18.1192 10.9343 16.1096 7.53049
internal_count=236 136 100 125 62
is_linear=0
shrinkage=0.01


Tree=478
num_leaves=5
num_cat=0
split_feature=28 1 1 32
split_gain=3.41939 2.10827 2.7518 2.59731
threshold=-31.77902709514046 -0.35627872247758324 -0.49827179850570708 0.21364729536066626
decision_type=2 2 2 2
left_child=-1 2 -2 -3
right_child=1 3 -4 -5
leaf_value=0.010830070943861458 -0.0011847625773298645 -0.0070682359799165212 0.0096944899228589062 0.00043234103410367641
leaf_weight=2.7865078635513809 4.4638426676392555 6.5672909002751103 3.9004012346267753 12.66574853658676
leaf_count=16 36 74 23 99
internal_value=0.000833333 -0.000209959 0.00381761 -0.00209563
internal_weight=30.3838 27.5973 8.36424 19.233
internal_count=248 232 59 173
is_linear=0
shrinkage=0.01


Tree=479
num_leaves=7
num_cat=0
split_feature=13 37 13 13 39 22
split_gain=2.85316 2.24818 2.28094 2.10267 2.19506 1.6308
threshold=-1.3030996004084507 0.69125989714567826 -1.7095414749303399 -1.009223350971199 0.70361816794765386 -0.094200615234679097
decision_type=2 2 2 2 2 2
left_child=1 2 -1 -2 -5 -3
right_child=3 5 -4 4 -6 -7
leaf_value=-0.0037111775875702455 -0.0098697497570475815 0 0.0068094374064663907 -0.0032250635380225226 0.0058798867958723177 0.010898064109244026
leaf_weight=5.5115362629294387 2.8375663459300986 2.2592088878154755 2.8929547928273704 8.8389594443142396 3.378588192164897 4.5969624519348136
leaf_count=45 29 18 20 77 20 32
internal_value=0.000460229 0.00352821 0 -0.00252756 -0.000466868 0.00764749
internal_weight=30.3158 15.2607 8.40449 15.0551 12.2175 6.85617
internal_count=241 115 65 126 97 50
is_linear=0
shrinkage=0.01


Tree=480
num_leaves=7
num_cat=0
split_feature=33 33 30 8 8 30
split_gain=1.56841 3.62336 2.6258 3.12011 2.78058 0.950287
threshold=0.21992006677812917 0.11786350834654195 -0.13191289142988746 0.0046983481094627659 -0.011180708877487644 -0.10496186057858004
decision_type=2 2 2 2 2 2
left_child=1 5 3 -2 -4 -1
right_child=2 -3 4 -5 -6 -7
leaf_value=0.0063235905292249872 -0.010634746613183943 -0.0093534815238880981 0.011401889051112812 0.0026776282198892097 6.248435679887325e-05 -0.0011511198018775649
leaf_weight=2.4176416397094727 2.7853294126689425 5.0104717463254929 3.6679600030183783 3.5146163925528526 5.5629881024360648 3.5142385326325911
leaf_count=13 23 52 19 32 50 25
internal_value=-0.000368494 -0.00328017 0.00157989 -0.00312087 0.00499516 0.00173216
internal_weight=26.4732 10.9424 15.5309 6.29995 9.23095 5.93188
internal_count=214 90 124 55 69 38
is_linear=0
shrinkage=0.01


Tree=481
num_leaves=7
num_cat=0
split_feature=21 38 0 22 5 0
split_gain=2.14561 3.87849 2.48181 2.24951 3.57203 2.56233
threshold=-1.0495079881730167 0.73842242599007857 -0.016557664657315316 0.0045101154467873765 -1.0376684389637185 0.051362882964463979
decision_type=2 2 2 2 2 2
left_child=1 2 -1 5 -5 -2
right_child=3 -3 -4 4 -6 -7
leaf_value=0.0014479231148586329 0.0029503747707767831 0.0081128326459725657 -0.0081835258144302703 -0.0080651605662603494 0.0074122530342833372 0.015907685429154154
leaf_weight=3.5080157220363608 8.0017096698284131 2.4945296943187705 7.3378606438636806 3.3624363094568253 2.1438374966382971 1.8782848715782154
leaf_count=25 64 13 76 32 11 10
internal_value=0.000599499 -0.00222276 -0.00493375 0.0031697 -0.00162304 0.00600635
internal_weight=28.7267 13.3404 10.8459 15.3863 5.50627 9.87999
internal_count=231 114 101 117 43 74
is_linear=0
shrinkage=0.01


Tree=482
num_leaves=5
num_cat=0
split_feature=33 39 13 34
split_gain=1.85851 1.64731 4.50307 2.76977
threshold=0.81725932507602017 0.65266595622577495 -1.5048966378896742 0.10821772006274594
decision_type=2 2 2 2
left_child=1 2 -1 -3
right_child=-2 3 -4 -5
leaf_value=0.013829267305098925 0.0059703381148348113 0.0012053718763332538 -0.0023471648645976523 -0.0066229781318932366
leaf_weight=2.1482563354074955 3.8501503169536582 7.7186457812786129 5.1455749254673782 9.2891336083412153
leaf_count=15 29 49 53 83
internal_value=-0.000140218 -0.00125062 0.00251203 -0.00299537
internal_weight=28.1518 24.3016 7.29383 17.0078
internal_count=229 200 68 132
is_linear=0
shrinkage=0.01


Tree=483
num_leaves=8
num_cat=0
split_feature=39 32 11 6 14 38 1
split_gain=1.63428 3.31544 3.64282 2.76748 2.52061 2.05779 2.01916
threshold=0.66093402162548776 0.27291512531775453 61.667525497604309 -0.062726433801640932 -0.30986827474609785 0.70578874604887443 0.38969008903463015
decision_type=2 2 2 2 2 2 2
left_child=1 3 -3 -1 5 -2 -6
right_child=4 2 -4 -5 6 -7 -8
leaf_value=0.013209475946222351 0.0078108310547226698 -0.0098391678370109547 0.0056382037442228514 0.00019567595839834316 -0.001188711861195895 -0.0024827608445116309 -0.01042593547165647
leaf_weight=3.7378645353019238 3.8874202296137836 2.8816620334982872 2.4909951314330101 3.3011497762054223 8.2713567540049535 3.0155981779098511 3.4758369252085677
leaf_count=24 21 33 15 38 68 17 32
internal_value=0.000363305 0.003184 -0.00239195 0.00763628 -0.00142901 0.00312027 -0.00427946
internal_weight=31.0619 12.4117 5.37266 7.03901 18.6502 6.90302 11.7472
internal_count=248 110 48 62 138 38 100
is_linear=0
shrinkage=0.01


Tree=484
num_leaves=4
num_cat=0
split_feature=25 26 26
split_gain=2.25694 2.7801 1.43639
threshold=0.71969496516243725 16.333035714285874 18.538928571428546
decision_type=2 2 2
left_child=1 -1 -3
right_child=-2 2 -4
leaf_value=0.0059017566653024444 0.0073721588375349392 -0.0076563794001436279 -0.00092551687167308802
leaf_weight=4.5501709468662801 3.6012342274188986 4.0382742285728481 15.906108010560272
leaf_count=28 26 42 130
internal_value=0.000252522 -0.000790092 -0.00248042
internal_weight=28.0958 24.4946 19.9444
internal_count=226 200 172
is_linear=0
shrinkage=0.01


Tree=485
num_leaves=7
num_cat=0
split_feature=21 20 14 21 17 12
split_gain=2.8777 2.08034 1.87893 2.04677 1.87736 1.28938
threshold=-0.71498544719838553 1.6264472788961941 -0.39467734717860997 -1.1843849424810056 0.13821625459419037 4.9588195614219339
decision_type=2 2 2 2 2 2
left_child=2 4 -1 -4 -2 -3
right_child=1 5 3 -5 -6 -7
leaf_value=0.0031749345884055729 0.010902617198751489 -0.0085071108841989849 -0.0017050258452039036 -0.010903959546511854 0.0012189017535994603 0.0025027697932289744
leaf_weight=3.6107128337025669 4.1814933158457261 1.6153824143111699 9.2929711099714059 3.45115116611123 4.7365534156560898 1.7656205520033834
leaf_count=20 21 19 89 33 41 12
internal_value=0 0.00364111 -0.00269246 -0.00454294 0.00618342 -0.00247883
internal_weight=28.6539 12.299 16.3548 12.7441 8.91805 3.381
internal_count=235 93 142 122 62 31
is_linear=0
shrinkage=0.01


Tree=486
num_leaves=5
num_cat=0
split_feature=0 0 11 16
split_gain=1.8463 3.32234 2.98116 2.42411
threshold=0.05854137388601998 -0.0094040518957664489 58.819135704782916 -0.026964378644049828
decision_type=2 2 2 2
left_child=1 2 -1 -3
right_child=-2 3 -4 -5
leaf_value=0 0.0064023090089526929 0.0019590553476712277 0.011038922932159488 -0.0063224121568220982
leaf_weight=7.1123315729200893 4.3825353868305674 4.7687951736152199 3.3967500478029251 9.8719686977565235
leaf_count=54 27 34 20 104
internal_value=0.000609391 -0.00038505 0.00375442 -0.00350593
internal_weight=29.5324 25.1498 10.5091 14.6408
internal_count=239 212 74 138
is_linear=0
shrinkage=0.01


Tree=487
num_leaves=5
num_cat=0
split_feature=9 15 28 9
split_gain=2.58057 2.16564 1.68177 0.388419
threshold=-0.58425604467788028 0.23560642566811188 -31.77902709514046 -0.053034948762241914
decision_type=2 2 2 2
left_child=-1 2 -2 -3
right_child=1 3 -4 -5
leaf_value=-0.0079860589935575425 0.0094566405250577357 -0.00046416865200718825 0.0011369693342062565 -0.0088659166334281569
leaf_weight=3.2233385480940369 2.644741300493485 1.5368666946887972 20.511129904538393 1.8155409563332785
leaf_count=28 15 10 172 20
internal_value=0 0.00111533 0.00228126 -0.00591632
internal_weight=29.7316 26.5083 23.1559 3.35241
internal_count=245 217 187 30
is_linear=0
shrinkage=0.01


Tree=488
num_leaves=8
num_cat=0
split_feature=26 5 5 13 2 34 37
split_gain=2.7682 3.55887 1.80024 2.16458 1.66415 1.55734 0.86359
threshold=18.880785714285725 -2.6409599502950072 -1.8913840974885121 -1.5048966378896742 5.2019642857143422 0.20678487262482473 0.7066774330397102
decision_type=2 2 2 2 2 2 2
left_child=1 4 5 -4 -1 -2 -3
right_child=2 6 3 -5 -6 -7 -8
leaf_value=-0.0022586182622892112 -0.0064269475800525205 -0.010887145603763637 0.012115480689496718 0.0019221910494805689 0.0085476861768588874 0.0025700014226433545 -0.0016488411536359174
leaf_weight=2.7077251374721527 3.1365911774337318 4.5220604017376917 2.8476954512298134 8.6544493250548786 2.1678353026509285 3.7544199712574482 2.141923863440752
leaf_count=27 25 45 16 70 12 31 17
internal_value=0 -0.00373527 0.00244373 0.00485912 0.00237674 -0.00134431 -0.00840393
internal_weight=29.9327 11.5395 18.3932 11.5021 4.87556 6.89101 6.66398
internal_count=243 101 142 86 39 56 62
is_linear=0
shrinkage=0.01


Tree=489
num_leaves=7
num_cat=0
split_feature=33 30 30 25 39 24
split_gain=2.21932 5.06751 3.38935 2.38702 1.50603 0.135947
threshold=0.33150445179353932 -0.29126581404094709 -0.29126581404094709 -0.069476206469477705 0.65519718705884644 0.10060655038446956
decision_type=2 2 2 2 2 2
left_child=1 -1 5 -4 -3 -2
right_child=2 4 3 -5 -6 -7
leaf_value=0.0090860398331699416 -0.0079928629086724965 -0.00022316698589785341 0 0.010388832773341714 -0.0072625648491585594 -0.00050679655495679157
leaf_weight=3.0123207457363632 1.3691417016088956 5.7301676012575653 3.4390008673071852 5.7003637608140698 8.1428216919302923 1.0870218761265276
leaf_count=20 16 49 27 36 70 14
internal_value=0.000330661 -0.00189501 0.00370585 0.00658172 -0.00456236 -0.00582119
internal_weight=28.4808 16.8853 11.5955 9.13936 13.873 2.45616
internal_count=232 139 93 63 119 30
is_linear=0
shrinkage=0.01


Tree=490
num_leaves=7
num_cat=0
split_feature=17 17 2 12 20 10
split_gain=1.89804 4.51654 2.03007 3.50655 1.99925 1.17575
threshold=0.081717886558741362 0.56737259358766834 6.5626071428572308 1.6093598901993575 -7.5059579940748327 10.422535714285784
decision_type=2 2 2 2 2 2
left_child=2 5 3 -1 -3 -2
right_child=1 4 -4 -5 -6 -7
leaf_value=-0.0094401831383048116 0.011177541750326947 0.0051547086302497621 0.0040652198978897843 0.0029440256009791144 -0.0063722650807217516 0.0015477113734799746
leaf_weight=4.7520328275859374 6.037675151601432 1.8997331820428369 4.5782745294272891 3.6401116698980331 3.9275535233318797 2.3655792772769928
leaf_count=43 40 17 28 24 42 21
internal_value=0.00171281 0.00422318 -0.00092394 -0.0039222 -0.0022196 0.00884326
internal_weight=27.201 14.2305 12.9704 8.39214 5.82729 8.40325
internal_count=215 120 95 67 59 61
is_linear=0
shrinkage=0.01


Tree=491
num_leaves=6
num_cat=0
split_feature=37 36 28 36 35
split_gain=2.44884 2.78734 2.77626 2.85477 0.735555
threshold=0.60810671323271259 0.67378369614075373 -13.848666980659344 0.71048091984304962 0.48951278635120737
decision_type=2 2 2 2 2
left_child=1 -1 4 -4 -2
right_child=2 -3 3 -5 -6
leaf_value=0.01078363972986203 -0.010104868458691026 -0.0029324011541048507 -0.0033172841018614062 0.0061822974016187797 -0.00056042092426606218
leaf_weight=2.69349695183337 5.4168071635067507 2.4027601201087236 11.661878306418652 3.9412319995462903 1.5175893381237981
leaf_count=16 49 27 98 30 13
internal_value=-0.00178606 0.00414273 -0.00325108 -0.000720638 -0.00840239
internal_weight=27.6338 5.09626 22.5375 15.6031 6.9344
internal_count=233 43 190 128 62
is_linear=0
shrinkage=0.01


Tree=492
num_leaves=6
num_cat=0
split_feature=16 0 0 18 32
split_gain=1.66632 2.83081 2.83187 2.35486 1.50793
threshold=-0.012933489956455713 -0.012856065508069723 0.078634499112069947 15.592178571428546 0.45739840039002905
decision_type=2 2 2 2 2
left_child=3 -2 -3 4 -1
right_child=1 2 -4 -5 -6
leaf_value=0.0081297034620807923 0.0059742192963791732 -0.0062690898718605398 0.00421449573461941 -0.0044371372686214921 -1.5961883651963313e-05
leaf_weight=6.3234292641282099 3.2690912000834986 10.866038383916015 2.8814482018351564 2.6989091709256163 2.7263730280101299
leaf_count=38 24 114 18 19 23
internal_value=0.000110836 -0.00180579 -0.0038863 0.00302868 0.00554003
internal_weight=28.7653 17.0166 13.7475 11.7487 9.0498
internal_count=236 156 132 80 61
is_linear=0
shrinkage=0.01


Tree=493
num_leaves=7
num_cat=0
split_feature=17 22 34 13 17 18
split_gain=1.79801 3.21854 3.86517 2.93657 2.57391 1.86255
threshold=0.081717886558741362 -0.097255609747025365 0.26892178828452812 -1.8407735328765367 -0.17588434470639966 15.733928571428516
decision_type=2 2 2 2 2 2
left_child=4 2 -2 -3 5 -1
right_child=1 3 -4 -5 -6 -7
leaf_value=0.0025762581885189172 0.016104244417203907 0.0089958808706862587 0.00072048859857322249 -0.003950132196064278 -0.0098820241575690079 -0.0066736363336134573
leaf_weight=9.3358386009931547 3.0476708635687819 1.996051788330077 3.8173716962337494 6.8228836953639975 2.6970302984118488 2.4798564426600924
leaf_count=60 16 12 35 72 27 20
internal_value=0.000854284 0.00321553 0.00821743 -0.000601093 -0.00157595 0.000352655
internal_weight=30.1967 15.684 6.86504 8.81894 14.5127 11.8157
internal_count=242 135 51 84 107 80
is_linear=0
shrinkage=0.01


Tree=494
num_leaves=7
num_cat=0
split_feature=30 30 0 5 9 13
split_gain=1.33003 2.94188 2.35332 2.33598 1.84288 1.66157
threshold=-0.18437831581697603 0.10460026513912923 0.0010720782890612879 -1.066431854581124 0.043962687574975477 -0.88793836314844199
decision_type=2 2 2 2 2 2
left_child=3 2 -2 5 -3 -1
right_child=1 4 -4 -5 -6 -7
leaf_value=0.0023736633642841677 -0.008468861089537939 0.0079047625918406382 0 -0.0049492685515321426 -0.0010714955078050725 0.013014646921380301
leaf_weight=5.0825925674289465 5.4555184356868285 4.5939856544136983 7.5634155999869108 1.931738823652269 3.5344350524246693 2.3691960424184799
leaf_count=42 52 24 63 17 28 14
internal_value=0.000662642 -0.000654617 -0.00365022 0.00376615 0.00386516 0.00638757
internal_weight=30.5309 21.1474 13.0189 9.38353 8.12842 7.45179
internal_count=240 167 115 73 52 56
is_linear=0
shrinkage=0.01


Tree=495
num_leaves=7
num_cat=0
split_feature=33 35 34 39 16 8
split_gain=1.87063 1.99245 3.15217 2.22476 1.862 1.07165
threshold=0.13443286839586263 0.21920969169582977 0.18319983278310645 0.6348361370113611 -0.0086650311141750775 0.059115885910409956
decision_type=2 2 2 2 2 2
left_child=4 2 -2 -3 -1 -6
right_child=1 3 -4 -5 5 -7
leaf_value=0.0077395647154067859 -0.0049122413243301855 -5.459353256324729e-05 0.0055489246397808986 -0.010314685307211999 -0.0053935365146950808 0.0035101164605396006
leaf_weight=4.4221037104725838 4.970160227268936 4.5153237376362068 5.9384849928319454 4.4791249595582485 2.4352976493537444 2.1998812258243561
leaf_count=22 35 45 43 50 21 14
internal_value=-0.000350662 -0.00211995 0.000600303 -0.00554719 0.00326686 -0.000806061
internal_weight=28.9604 19.9031 10.9086 8.99445 9.05728 4.63518
internal_count=230 173 78 95 57 35
is_linear=0
shrinkage=0.01


Tree=496
num_leaves=7
num_cat=0
split_feature=21 34 2 39 20 21
split_gain=2.78873 3.09751 1.33455 2.68716 1.97163 0.935483
threshold=-1.2863062683628563 0.11158794746372051 6.1568928571427941 0.66093402162548776 -7.9391348327908409 -1.9663328135544025
decision_type=2 2 2 2 2 2
left_child=1 -1 3 -2 -4 -3
right_child=2 5 4 -5 -6 -7
leaf_value=0.004629510853662303 0.010858211095102219 -0.00099722947380535549 0.0047790126633159603 0.00062100475486198692 -0.004757828186783805 -0.010166690246834654
leaf_weight=2.7383057251572627 4.67313474789262 2.2916477881371975 4.027005672454834 6.309998482465744 4.0441573075950128 4.0563494544476271
leaf_count=16 36 18 23 45 43 49
internal_value=0.000889784 -0.00349533 0.00310599 0.00532691 0 -0.00735171
internal_weight=28.1406 9.0863 19.0543 10.9831 8.07116 6.348
internal_count=230 83 147 81 66 67
is_linear=0
shrinkage=0.01


Tree=497
num_leaves=5
num_cat=0
split_feature=32 2 6 20
split_gain=2.12485 1.79443 2.65511 1.97893
threshold=0.87592751872621133 4.7848571428570343 0.098124356254504566 8.7547404600350109
decision_type=2 2 2 2
left_child=1 3 -3 -1
right_child=-2 2 -4 -5
leaf_value=-0.0060859127465784889 -0.0095563553306297552 0.0042769404521661968 -0.0050019158323872139 0.0040502127272673064
leaf_weight=6.0569184646010452 1.9036999754607666 15.211568828672172 3.4051972739398471 2.2766100913286209
leaf_count=60 18 114 33 14
internal_value=-5.15264e-05 0.000644292 0.00242161 -0.00304068
internal_weight=28.854 26.9503 18.6168 8.33353
internal_count=239 221 147 74
is_linear=0
shrinkage=0.01


Tree=498
num_leaves=7
num_cat=0
split_feature=6 6 26 2 11 16
split_gain=2.01392 2.95957 2.81285 2.33787 2.16532 0.509145
threshold=-0.062726433801640932 -0.091195250673235945 16.333035714285874 6.1568928571427941 45.936258342041718 -0.17030693950343198
decision_type=2 2 2 2 2 2
left_child=1 2 -1 4 -2 -5
right_child=3 -3 -4 5 -6 -7
leaf_value=0.010537622249921495 -0.0053771879443083826 0.013542396749823245 -0.00053866088147396353 -0.00024885015912374148 0.0051110132775565439 -0.0099027639472681686
leaf_weight=2.3942496031522777 2.8626886419951898 2.0024906173348453 13.603029655292628 1.1868320629000662 4.6960358116775751 3.2401295434683561
leaf_count=13 25 10 105 7 40 38
internal_value=0.000699497 0.00284611 0.00115982 -0.00235222 0.000830724 -0.00791778
internal_weight=29.9855 17.9998 15.9973 11.9857 7.55872 4.42696
internal_count=238 128 118 110 65 45
is_linear=0
shrinkage=0.01


Tree=499
num_leaves=7
num_cat=0
split_feature=33 32 32 13 13 39
split_gain=1.85292 1.73863 2.58983 1.57544 2.31254 1.5268
threshold=0.13443286839586263 0.21742174740844017 0.27291512531775453 -1.5387663678099159 0.33601326517118391 0.57477556789275197
decision_type=2 2 2 2 2 2
left_child=3 5 -3 -1 -5 -2
right_child=1 2 -4 4 -6 -7
leaf_value=0.009042818985035242 0.0010020161962260891 0.0075314416597408364 -0.0026903321656669157 -0.0047242810923389233 0.0072970999929046548 -0.0093947670928888598
leaf_weight=2.5113661661744118 1.4158081412315393 2.8128325641155234 11.446454623714088 3.7741995751857775 2.3352878540754318 4.8850854225456715
leaf_count=14 16 18 99 28 12 52
internal_value=-0.000873313 -0.00254797 -0.000422943 0.00284782 0 -0.00681626
internal_weight=29.181 20.5602 14.2593 8.62085 6.10949 6.30089
internal_count=239 185 117 54 40 68
is_linear=0
shrinkage=0.01


end of trees

feature_importances:
M15_Macro1_Corr=138
M5_OU_Theta=130
M5_Ret_1=127
M15_Vol_ZScore=111
H1_Macro1_Corr=110
M15_OU_Theta=96
M5_Vol_ZScore=95
M30_Vol_ZScore=86
H1_MACD=78
M5_Hurst=78
M5_Macro1_Corr=75
M15_RSI_14=75
M30_OU_Theta=73
M15_Ret_1=72
M5_ATR_14=68
M30_Body_Ratio=68
H1_Hurst=64
M5_MACD=62
H1_ATR_14=59
M15_Hurst=57
M30_Hurst=56
H1_Vol_ZScore=55
M5_Body_Ratio=54
M30_RSI_14=53
M30_Macro1_Corr=52
M30_ATR_14=49
M30_MACD=48
H1_Body_Ratio=43
M30_Ret_1=42
M5_RSI_14=41
M15_Body_Ratio=41
M15_MACD=40
H1_RSI_14=35
H1_Ret_1=34
H1_OU_Theta=30
M15_ATR_14=28
M15_Price_ZScore=7
M5_Price_ZScore=2
H1_Price_ZScore=2
M30_Price_ZScore=1

parameters:
[boosting: gbdt]
[objective: binary]
[metric: auc]
[tree_learner: serial]
[device_type: cpu]
[data_sample_strategy: bagging]
[data: ]
[valid: ]
[num_iterations: 500]
[learning_rate: 0.01]
[num_leaves: 8]
[num_threads: 0]
[seed: 42]
[deterministic: 0]
[force_col_wise: 0]
[force_row_wise: 0]
[histogram_pool_size: -1]
[max_depth: 3]
[min_data_in_leaf: 15]
[min_sum_hessian_in_leaf: 0.001]
[bagging_fraction: 0.7]
[pos_bagging_fraction: 1]
[neg_bagging_fraction: 1]
[bagging_freq: 1]
[bagging_seed: 42]
[bagging_by_query: 0]
[feature_fraction: 0.5]
[feature_fraction_bynode: 1]
[feature_fraction_seed: 42]
[extra_trees: 0]
[extra_seed: 12879]
[early_stopping_round: 50]
[early_stopping_min_delta: 0]
[first_metric_only: 0]
[max_delta_step: 0]
[lambda_l1: 0.2]
[lambda_l2: 0.3]
[linear_lambda: 0]
[min_gain_to_split: 0.1]
[drop_rate: 0.1]
[max_drop: 50]
[skip_drop: 0.5]
[xgboost_dart_mode: 0]
[uniform_drop: 0]
[drop_seed: 17869]
[top_rate: 0.2]
[other_rate: 0.1]
[min_data_per_group: 100]
[max_cat_threshold: 32]
[cat_l2: 10]
[cat_smooth: 10]
[max_cat_to_onehot: 4]
[top_k: 20]
[monotone_constraints: ]
[monotone_constraints_method: basic]
[monotone_penalty: 0]
[feature_contri: ]
[forcedsplits_filename: ]
[refit_decay_rate: 0.9]
[cegb_tradeoff: 1]
[cegb_penalty_split: 0]
[cegb_penalty_feature_lazy: ]
[cegb_penalty_feature_coupled: ]
[path_smooth: 0]
[interaction_constraints: ]
[verbosity: -1]
[saved_feature_importance_type: 0]
[use_quantized_grad: 0]
[num_grad_quant_bins: 4]
[quant_train_renew_leaf: 0]
[stochastic_rounding: 1]
[linear_tree: 0]
[max_bin: 255]
[max_bin_by_feature: ]
[min_data_in_bin: 3]
[bin_construct_sample_cnt: 200000]
[data_random_seed: 175]
[is_enable_sparse: 1]
[enable_bundle: 1]
[use_missing: 1]
[zero_as_missing: 0]
[feature_pre_filter: 1]
[pre_partition: 0]
[two_round: 0]
[header: 0]
[label_column: ]
[weight_column: ]
[group_column: ]
[ignore_column: ]
[categorical_feature: ]
[forcedbins_filename: ]
[precise_float_parser: 0]
[parser_config_file: ]
[objective_seed: 16083]
[num_class: 1]
[is_unbalance: 0]
[scale_pos_weight: 1]
[sigmoid: 1]
[boost_from_average: 1]
[reg_sqrt: 0]
[alpha: 0.9]
[fair_c: 1]
[poisson_max_delta_step: 0.7]
[tweedie_variance_power: 1.5]
[lambdarank_truncation_level: 30]
[lambdarank_norm: 1]
[label_gain: ]
[lambdarank_position_bias_regularization: 0]
[eval_at: ]
[multi_error_top_k: 1]
[auc_mu_weights: ]
[num_machines: 1]
[local_listen_port: 12400]
[time_out: 120]
[machine_list_filename: ]
[machines: ]
[gpu_platform_id: -1]
[gpu_device_id: -1]
[gpu_use_dp: 0]
[num_gpu: 1]

end of parameters

pandas_categorical:null
