tree
version=v4
num_class=1
num_tree_per_iteration=1
label_index=0
max_feature_idx=39
objective=binary sigmoid:1
feature_names=M5_Ret_1 M5_Body_Ratio M5_ATR_14 M5_RSI_14 M5_MACD M5_Vol_ZScore M5_Macro1_Corr M5_Price_ZScore M15_Ret_1 M15_Body_Ratio M15_ATR_14 M15_RSI_14 M15_MACD M15_Vol_ZScore M15_Macro1_Corr M15_Price_ZScore M30_Ret_1 M30_Body_Ratio M30_ATR_14 M30_RSI_14 M30_MACD M30_Vol_ZScore M30_Macro1_Corr M30_Price_ZScore H1_Ret_1 H1_Body_Ratio H1_ATR_14 H1_RSI_14 H1_MACD H1_Vol_ZScore H1_Macro1_Corr H1_Price_ZScore M5_OU_Theta M15_OU_Theta M30_OU_Theta H1_OU_Theta M5_Hurst M15_Hurst M30_Hurst H1_Hurst
feature_infos=[-0.49800399709549287:0.3210062016071098] [-1:1] [0:14.967214285714103] [0:87.38121985065689] [-13.711541307937296:18.345629687341898] [-3.747481730889195:4.0158836763024954] [-0.5781771174117436:0.57585060740055538] [-2.535442616473107:3.3699576331518322] [-0.49952061403837605:0.60580800161537551] [-1:1] [0:18.408285714285608] [0:92.770739388733404] [-36.704705656045917:29.182389298028284] [-3.6818426090023513:3.9418839983593177] [-0.6881927377057242:0.57646680432449293] [-2.8309336399729039:3.069128243352806] [-0.77706617790644417:0.60823815434354556] [-1:1] [0:22.633857142857323] [0:90.282444590883046] [-35.323947817752014:31.92995783216611] [-3.1573006605111655:3.933826016937676] [-0.61756666627179724:0.46368290613766688] [-3.3593070605695052:2.7943430095422377] [-0.83088597495593908:0.91708410661326933] [-0.99622312608950614:0.97738886944344949] [0:28.807999999999993] [0:88.416652942546136] [-42.268537115252002:39.919328887327538] [-2.32668408786735:2.8316465866430898] [-0.59378423816318548:0.53528815738433322] [-3.1932514263754892:3.0043677155359934] [0:18.420680743952367] [0:5.641372447414911] [0:18.420680743952367] [0:3.3593686896245734] [0:0.83421400000000001] [0:0.87564600000000004] [0:0.91026899999999999] [0:0.84556299999999995]
tree_sizes=553 573 662 784 782 784 674 666 576 681 677 786 681 575 559 786 659 684 574 768 785 893 681 680 576 682 663 766 778 573 680 581 579 645 580 573 656 687 676 679 573 576 579 878 996 684 576 661 896 578 766 683 681 579 786 788 891 881 791 549 579 575 773 684 792 765 682 874 680 794 769 791 578 578 575 887 687 788 657 685 871 893 685 575 684 672 785 792 788 578 576 689 574 886 575 872 577 581 663 683 651 576 994 786 683 681 870 896 891 682 676 875 684 994 682 681 683 578 896 684 771 887 795 677 883 785 684 680 680 782 991 578 781 683 687 889 571 999 998 787 582 685 998 791 681 885 687 891 581 572 678 875 576 579 579 870 989 689 575 681 578 895 893 685 893 766 790 998 678 682 991 904 578 763 685 892 683 972 580 678 686 578 680 685 787 572 896 788 682 687 680 664 786 683 663 786 682 576 581 675 768 889 785 690 883 783 879 772 683 669 682 993 795 678 976 885 685 773 655 687 681 685 788 580 882 577 892 685 575 683 685 566 575 682 577 681 790 684 684 900 681 688 770 580 657 762 579 760 980 768 790 681 682 677 685 891 576 680 985 682 993 780 680 882 866 877 891 889 894 685 871 870 764 686 879 786 981 902 890 684 790 870 652 581 663 764 685 783 789 896 998 687 579 889 682 890 899 688 682 975 681 685 888 684 765 686 666 895 790 893 686 789 894 791 680 650 890 901 684 890 670 576 578 899 791 1000 782 678 583 897 661 895 765 679 763 689 680 573 679 680 892 761 788 579 787 662 681 678 676 577 893 690 577 892 890 674 665 762 881 789 771 971 683 577 994 883 767 658 662 892 684 567 673 581 763 882 784 685 678 758 871 898 564 784 680 578 683 784 782 682 572 866 795 766 886 685 788 978 680 685 685 576 677 898 664 789 578 995 687 778 895 980 577 664 891 567 788 897 664 670 894 665 883 791 770 682 683 785 675 657 689 786 890 574 686 772 792 789 780 688 682 797 779 795 577 886 873 655 889 662 873 686 895 684 579 580 767 686 789 681 861 679 897 793 682 890 660 870 858 643 684 685 684 677 870 682 892 891 894 673 897 684 783 877 895 664 964 786 790 678 881 852 777 886 886 946 662 691 665 666

Tree=0
num_leaves=4
num_cat=0
split_feature=10 13 10
split_gain=8.36343 9.18873 7.22868
threshold=14.720178571428702 0.88606895297609378 10.669678571428516
decision_type=2 2 2
left_child=1 2 -1
right_child=-2 -3 -4
leaf_value=-1.4668882576283915 -1.4551195586284449 -1.4564475616927983 -1.4741419526813475
leaf_weight=43.554684728384018 5.0255405455827704 5.7869860827922812 19.03613843023777
leaf_count=286 33 38 125
internal_value=-1.46692 -1.46791 -1.46909
internal_weight=73.4033 68.3778 62.5908
internal_count=482 449 411
is_linear=0
shrinkage=1


Tree=1
num_leaves=4
num_cat=0
split_feature=10 3 29
split_gain=8.96484 7.0577 6.85062
threshold=5.637428571428603 28.249267531077944 -1.0740689883072057
decision_type=2 2 2
left_child=-1 -2 -3
right_child=1 2 -4
leaf_value=-0.011007821542293506 0.0090825626958804702 -0.003919626631953518 0.0025341713371483626
leaf_weight=6.5485245287418357 8.5301414579153043 29.217498511075974 36.097742021083832
leaf_count=43 56 192 237
internal_value=-0.000201605 0.000783913 -0.000315072
internal_weight=80.3939 73.8454 65.3152
internal_count=528 485 429
is_linear=0
shrinkage=0.01


Tree=2
num_leaves=5
num_cat=0
split_feature=16 16 17 34
split_gain=19.213 6.80271 9.49226 3.09747
threshold=-0.18534937092367679 0.030322173686414388 0.63681629046828381 0.10917632439147132
decision_type=2 2 2 2
left_child=-1 3 -3 -2
right_child=1 2 -4 -5
leaf_value=0.013862277412855051 0 0.0067724821229257874 -0.0045744105679514655 -0.0062736102266009808
leaf_weight=8.4053881317377073 10.486632630228995 16.439227059483532 12.327431932091711 27.548276454210281
leaf_count=55 69 108 81 181
internal_value=2.05048e-05 -0.00176662 0.00181239 -0.00453976
internal_weight=75.207 66.8016 28.7667 38.0349
internal_count=494 439 189 250
is_linear=0
shrinkage=0.01


Tree=3
num_leaves=6
num_cat=0
split_feature=16 11 1 32 13
split_gain=12.0818 7.19197 7.29335 6.35283 2.32651
threshold=-0.17007244670005453 65.004256260773346 -0.19869390898293152 0.23111586896326666 -0.12618270687090868
decision_type=2 2 2 2 2
left_child=4 2 -2 -3 -1
right_child=1 3 -4 -5 -6
leaf_value=0.0034775921065584355 0.0011649275163893372 -0.0018573633741068524 -0.0061152867342778089 0.012896612106471972 0.014747543458840013
leaf_weight=4.7590918689966202 21.273781925439835 5.1653939932584745 34.945236921310425 5.1797046214342117 4.782729506492613
leaf_count=31 140 34 230 34 31
internal_value=-0.000306378 -0.00187383 -0.00332151 0.00550721 0.00987831
internal_weight=76.1059 66.5641 56.219 10.3451 9.54182
internal_count=500 438 370 68 62
is_linear=0
shrinkage=0.01


Tree=4
num_leaves=6
num_cat=0
split_feature=24 36 14 24 11
split_gain=13.8106 11.4103 10.0369 5.71374 0.402184
threshold=-0.16954728687949591 0.71362049740149802 -0.4334569273767766 -0.019858593607237213 35.840090226536596
decision_type=2 2 2 2 2
left_child=1 4 -2 -4 -1
right_child=2 -3 3 -5 -6
leaf_value=0.0097220821464332214 0.01202902099948122 -0.0026903047519787212 -0.007547618769658866 -0.00050877133505780278 0.019513373603979728
leaf_weight=4.6265710294246656 4.5616741329431525 4.5992836058139792 16.203025788068771 40.998305812478065 4.6211043745279312
leaf_count=30 30 30 107 270 30
internal_value=0.000614349 0.00948301 -0.00138596 -0.00260273 0.0156726
internal_weight=75.61 13.847 61.763 57.2013 9.24768
internal_count=497 90 407 377 60
is_linear=0
shrinkage=0.01


Tree=5
num_leaves=6
num_cat=0
split_feature=24 16 17 6 6
split_gain=8.78616 11.3225 12.95 7.02453 4.5727
threshold=-0.16954728687949591 1.0000000180025095e-35 0.65800118230430449 -0.089213176600485625 -0.053484921294182343
decision_type=2 2 2 2 2
left_child=3 4 -3 -1 -2
right_child=1 2 -4 -5 -6
leaf_value=0.016615675004414614 -0.0013599020784917258 0.0066407003163141323 -0.0065621752324066338 0.0015754131956751971 -0.01006466566243621
leaf_weight=5.127492904663085 13.156229093670847 24.995699271559715 9.8369399011135084 8.3393363803625089 12.682137057185171
leaf_count=33 87 164 65 54 84
internal_value=0.00073236 -0.000862638 0.00278713 0.0079066 -0.00585628
internal_weight=74.1378 60.671 34.8326 13.4668 25.8384
internal_count=487 400 229 87 171
is_linear=0
shrinkage=0.01


Tree=6
num_leaves=5
num_cat=0
split_feature=4 37 28 5
split_gain=13.905 9.40429 8.50815 4.10305
threshold=-5.9904138731812955 0.71922560258273827 -1.725693534500351 0.070590086049993603
decision_type=2 2 2 2
left_child=-1 3 -3 -2
right_child=1 2 -4 -5
leaf_value=0.013930060819206403 -0.003267258385681327 0.016839135591777101 -0.0010085885975334432 0.0059911254453770711
leaf_weight=6.4697697609663001 53.65147203207016 4.7507958561182022 4.7317012399435026 4.5867175310850135
leaf_count=42 353 31 31 30
internal_value=0.000452265 -0.000884035 0.00802827 -0.00244222
internal_weight=74.1905 67.7207 9.4825 58.2382
internal_count=487 445 62 383
is_linear=0
shrinkage=0.01


Tree=7
num_leaves=5
num_cat=0
split_feature=4 3 32 21
split_gain=6.47318 8.54471 6.2126 5.33284
threshold=-5.5287168841564371 62.743733491646161 0.17085559537024239 0.1293582909906951
decision_type=2 2 2 2
left_child=-1 3 -3 -2
right_child=1 2 -4 -5
leaf_value=0.0082939331092640577 -0.0043208743457658601 -0.0010221558662707549 0.011043933322124498 0.0048541338457735346
leaf_weight=7.8831112533807746 44.564555495977402 7.4153837263584128 8.2031284123659116 6.6526010930538169
leaf_count=51 294 49 54 43
internal_value=0 -0.00102431 0.00527505 -0.00303572
internal_weight=74.7188 66.8357 15.6185 51.2172
internal_count=491 440 103 337
is_linear=0
shrinkage=0.01


Tree=8
num_leaves=4
num_cat=0
split_feature=14 0 0
split_gain=11.0446 11.328 14.8343
threshold=-0.40598925157788207 0.060878139199248241 -0.0058568513315705043
decision_type=2 2 2
left_child=-1 2 -2
right_child=1 -3 -4
leaf_value=0.014186084536002093 0.0033700793933762524 0.010076123962844359 -0.0063030533825191486
leaf_weight=4.8996574431657782 27.093417719006538 8.1204989999532682 36.14803458750248
leaf_count=32 177 53 239
internal_value=0.000370741 -0.000628167 -0.00211797
internal_weight=76.2616 71.362 63.2415
internal_count=501 469 416
is_linear=0
shrinkage=0.01


Tree=9
num_leaves=5
num_cat=0
split_feature=16 14 17 33
split_gain=12.1152 7.77612 6.50954 2.67389
threshold=-0.17767020506037937 -0.41720038635074991 0.39092905754936569 0.28979250344942598
decision_type=2 2 2 2
left_child=3 -2 -3 -1
right_child=1 2 -4 -5
leaf_value=0.014991817325135267 0.0097752739505650495 -0.0053018221498158085 0.0013359772472711373 0.0031864323375304566
leaf_weight=4.7218908518552762 4.6160838007926932 40.942568406462669 21.731862217187881 4.8375626653432846
leaf_count=30 30 271 143 31
internal_value=-0.000422952 -0.00197681 -0.00296037 0.00977125
internal_weight=76.85 67.2905 62.6744 9.55945
internal_count=505 444 414 61
is_linear=0
shrinkage=0.01


Tree=10
num_leaves=5
num_cat=0
split_feature=0 1 26 1
split_gain=11.3127 10.5149 14.9331 11.0078
threshold=0.060878139199248241 -0.28271920237324449 19.5392857142857 -0.51145889003418699
decision_type=2 2 2 2
left_child=1 3 -3 -1
right_child=-2 2 -4 -5
leaf_value=-9.92400016522452e-05 0.012229432831582648 -0.0084355186182772397 0.0036987449277855323 0.012648540059253675
leaf_weight=16.586173251271251 8.1713116914033872 22.749195352196693 17.192313238978386 10.432976603507994
leaf_count=108 53 151 113 68
internal_value=0.00148028 4.31495e-05 -0.00315714 0.00485446
internal_weight=75.132 66.9607 39.9415 27.0191
internal_count=493 440 264 176
is_linear=0
shrinkage=0.01


Tree=11
num_leaves=6
num_cat=0
split_feature=16 27 25 8 33
split_gain=9.09996 3.43631 5.62229 5.12172 2.25672
threshold=-0.17404951636539281 60.805683226421273 0.26987205812757437 0.035529104364891671 0.31240737521056605
decision_type=2 2 2 2 2
left_child=4 3 -3 -2 -1
right_child=1 2 -4 -5 -6
leaf_value=0.012760453561620828 -0.0057595875810891907 0.0079097759145816352 -0.0037736553099641875 0.00073584227606659125 0.0022696378571038451
leaf_weight=4.7781869024038297 31.6308414041996 7.5765406340360624 7.6063399612903595 18.137000635266304 5.1664576083421707
leaf_count=30 210 50 50 119 33
internal_value=-0.000647792 -0.00206344 0.0019316 -0.00334899 0.00796704
internal_weight=74.8954 64.9507 15.1829 49.7678 9.94464
internal_count=492 429 100 329 63
is_linear=0
shrinkage=0.01


Tree=12
num_leaves=5
num_cat=0
split_feature=10 33 22 8
split_gain=15.4231 6.03098 9.5021 6.78034
threshold=14.720178571428702 0.19294592308978528 -0.084114755973222835 0.035529104364891671
decision_type=2 2 2 2
left_child=1 2 -1 -3
right_child=-2 3 -4 -5
leaf_value=0.013101430017172008 0.01474683301584645 -0.0073317777298104797 -0.0016582380099195773 0.00025609583643880046
leaf_weight=5.1189790964126614 5.14369012415409 29.690728962421417 18.215241089463234 18.036459609866142
leaf_count=33 33 197 120 118
internal_value=-0.00110548 -0.00238987 0.00166074 -0.00442913
internal_weight=76.2051 71.0614 23.3342 47.7272
internal_count=501 468 153 315
is_linear=0
shrinkage=0.01


Tree=13
num_leaves=4
num_cat=0
split_feature=14 21 18
split_gain=17.2256 5.90135 3.96192
threshold=-0.41720038635074991 0.89993773569011337 10.000678571428582
decision_type=2 2 2
left_child=-1 2 -2
right_child=1 -3 -4
leaf_value=0.014383006826765592 0.0020009968549741064 0.0068844992686697363 -0.0048766627788042402
leaf_weight=5.5962793827056876 8.8396487534046155 4.8480892628431311 57.343400225043297
leaf_count=36 59 31 378
internal_value=-0.00168413 -0.00308363 -0.00390495
internal_weight=76.6274 71.0311 66.183
internal_count=504 468 437
is_linear=0
shrinkage=0.01


Tree=14
num_leaves=4
num_cat=0
split_feature=13 28 0
split_gain=9.42291 6.19059 3.78682
threshold=0.88606895297609378 -32.173686793064455 -0.0048480896140985644
decision_type=2 2 2
left_child=1 -1 -3
right_child=-2 2 -4
leaf_value=0.0081195813477387309 0.0099684846112465791 0 -0.0047613105081033809
leaf_weight=5.0365845412015906 6.7816544473171225 27.458413511514664 39.3797407746315
leaf_count=33 43 180 262
internal_value=-0.000815495 -0.00193629 -0.00279327
internal_weight=78.6564 71.8747 66.8382
internal_count=518 475 442
is_linear=0
shrinkage=0.01


Tree=15
num_leaves=6
num_cat=0
split_feature=24 14 36 16 2
split_gain=13.0487 11.5594 8.17222 5.83733 3.38302
threshold=-0.16954728687949591 -0.41720038635074991 0.71362049740149802 0.030322173686414388 6.9142142857141868
decision_type=2 2 2 2 2
left_child=2 -2 4 -3 -1
right_child=1 3 -4 -5 -6
leaf_value=0.0063249839244837215 0.012572070780130638 -0.0057271189616138205 -0.0011612830612593569 0.00066212570231609911 0.020069978228790693
leaf_weight=5.0072969347238523 4.8342344909906378 30.165497437119484 4.7842959612607947 25.206213250756264 4.8166333734989166
leaf_count=32 31 203 31 166 30
internal_value=0.000622192 -0.00140912 0.00896212 -0.00278503 0.0140003
internal_weight=74.8142 60.2059 14.6082 55.3717 9.82393
internal_count=493 400 93 369 62
is_linear=0
shrinkage=0.01


Tree=16
num_leaves=5
num_cat=0
split_feature=30 16 14 27
split_gain=13.4146 12.4256 9.52477 8.1519
threshold=0.15991150267535167 -0.17767020506037937 -0.10454521628922814 49.144147303838672
decision_type=2 2 2 2
left_child=1 -1 -2 -3
right_child=2 3 -4 -5
leaf_value=0.010061010123575818 0.019503533555635468 -0.0060929046154879016 0 0.0013589084990860692
leaf_weight=8.5023049563169462 5.5613962560892105 30.173889070749283 4.6892213374376279 26.864470049738884
leaf_count=53 36 201 31 178
internal_value=0.000845172 -0.00080458 0.0112193 -0.00254973
internal_weight=75.7913 65.5407 10.2506 57.0384
internal_count=499 432 67 379
is_linear=0
shrinkage=0.01


Tree=17
num_leaves=5
num_cat=0
split_feature=16 17 32 25
split_gain=5.0682 10.3464 9.37929 6.70389
threshold=-0.17404951636539281 -0.72748165412058829 0.14241099541336247 -0.10518779668560374
decision_type=2 2 2 2
left_child=1 -1 -2 -4
right_child=2 -3 3 -5
leaf_value=-0.0033525576375679393 -0.0082416925482541176 0.01609157988690461 -0.0036469583476950052 0.0038426457202291047
leaf_weight=4.9054750055074692 14.240444764494894 4.8513396680355054 19.160811305046078 29.435145884752277
leaf_count=31 95 30 128 194
internal_value=-0.000139122 0.00633621 -0.00123402 0.000821412
internal_weight=72.5932 9.75681 62.8364 48.596
internal_count=478 61 417 322
is_linear=0
shrinkage=0.01


Tree=18
num_leaves=4
num_cat=0
split_feature=10 21 30
split_gain=17.1143 13.5343 7.93703
threshold=14.675285714285598 0.31316872829800085 0.08185598895901651
decision_type=2 2 2
left_child=1 2 -1
right_child=-2 -3 -4
leaf_value=-0.0042209244226285676 0.016877901195344432 0.010711777618130117 0.0050253997489807982
leaf_weight=50.40714219212532 5.4011790156364432 8.2861358970403654 10.644420489668844
leaf_count=336 34 53 70
internal_value=0.000502993 -0.000841306 -0.00253235
internal_weight=74.7389 69.3377 61.0516
internal_count=493 459 406
is_linear=0
shrinkage=0.01


Tree=19
num_leaves=6
num_cat=0
split_feature=30 30 33 2 0
split_gain=9.75212 13.6464 7.3384 6.36288 2.21715
threshold=0.088272699362416926 -0.15775795549167879 0.15178167502944442 5.2757857142857381 -0.011633666827978057
decision_type=2 2 2 2 2
left_child=1 2 -1 -2 -3
right_child=3 4 -4 -5 -6
leaf_value=0.012908509510654533 0.00068443749706860685 -0.0027415323455211625 0 0.015373634984363588 -0.0089697829248489552
leaf_weight=4.7708415240049353 7.4426616430282575 10.875977724790575 29.083843722939491 5.0116321295499802 20.613280832767487
leaf_count=31 49 71 192 32 138
internal_value=-0.000689118 -0.00228004 0.00205044 0.00719222 -0.00698888
internal_weight=77.7982 65.3439 33.8547 12.4543 31.4893
internal_count=513 432 223 81 209
is_linear=0
shrinkage=0.01


Tree=20
num_leaves=6
num_cat=0
split_feature=16 11 17 22 5
split_gain=9.58095 6.95862 13.4981 4.53187 3.77533
threshold=-0.17767020506037937 48.907056455510421 0.61096884877371083 0.14724190151951833 -1.3210119545281778
decision_type=2 2 2 2 2
left_child=4 3 -3 -2 -1
right_child=1 2 -4 -5 -6
leaf_value=0.0018484990578160403 -0.0059417162350489904 0.0056905679901288432 -0.0088207087771149245 0.0030138263465201739 0.014390817972745693
leaf_weight=5.2941942363977432 27.985700160264969 25.799137875437737 7.8880919963121405 6.2332538515329352 5.5510070174932462
leaf_count=33 188 170 52 41 34
internal_value=0.000346953 -0.00102758 0.00212559 -0.00420408 0.00888389
internal_weight=78.7514 67.9062 33.6872 34.219 10.8452
internal_count=518 451 222 229 67
is_linear=0
shrinkage=0.01


Tree=21
num_leaves=7
num_cat=0
split_feature=6 12 20 25 17 29
split_gain=8.33042 8.35216 6.78523 8.08128 5.98993 4.37159
threshold=-0.060351115524938818 -9.9374167538653619 3.2813774459636993 0.22734805612913248 0.65508085564989227 -0.70898404264696413
decision_type=2 2 2 2 2 2
left_child=1 -1 5 -4 -3 -2
right_child=2 4 3 -5 -6 -7
leaf_value=0.014451761397414369 -0.0026434932859904104 0.0026816610761836541 0.0088628699023223408 -0.0062282955444100119 -0.0087065351927134889 -0.011478249355232393
leaf_weight=4.8319726437330237 13.961471945047377 29.05342423915863 7.1974563747644407 5.9386187344789505 4.9212104678153983 10.979248806834223
leaf_count=31 93 191 47 39 33 73
internal_value=-0.00042337 0.00277584 -0.00375538 0.00184217 0.000842715 -0.00679975
internal_weight=76.8834 38.8066 38.0768 13.1361 33.9746 24.9407
internal_count=507 255 252 86 224 166
is_linear=0
shrinkage=0.01


Tree=22
num_leaves=5
num_cat=0
split_feature=10 33 16 8
split_gain=11.3561 8.93031 9.29885 7.51123
threshold=14.675285714285598 0.13443286839586263 -0.043091959959169777 0.030322173686414388
decision_type=2 2 2 2
left_child=1 2 -1 -3
right_child=-2 3 -4 -5
leaf_value=0.014298790257628152 0.012723051635229613 -0.0061622909002503837 -0.0008319013714416883 0.0014137532281318236
leaf_weight=5.9553863257169715 5.5770745724439612 35.538072139024734 9.917071655392645 19.42138808965683
leaf_count=37 35 238 66 128
internal_value=-0.000350492 -0.00150388 0.00492524 -0.00344239
internal_weight=76.409 70.8319 15.8725 54.9595
internal_count=504 469 103 366
is_linear=0
shrinkage=0.01


Tree=23
num_leaves=5
num_cat=0
split_feature=13 19 37 12
split_gain=10.0327 7.029 11.5664 4.80695
threshold=0.53072363916124254 41.206666612390002 0.60374978312776262 -9.3726092507804406
decision_type=2 2 2 2
left_child=1 3 -3 -1
right_child=-2 2 -4 -5
leaf_value=0.0003952197980305423 0.0090184027625286531 0.012930113941982629 -0.0016216916908182544 -0.008625266003540152
leaf_weight=7.578429818153384 8.9409973174333555 5.9601778686046591 34.158496186137199 18.704085066914558
leaf_count=49 56 39 227 126
internal_value=-0.000579881 -0.00197488 0.000598873 -0.00595342
internal_weight=75.3422 66.4012 40.1187 26.2825
internal_count=497 441 266 175
is_linear=0
shrinkage=0.01


Tree=24
num_leaves=4
num_cat=0
split_feature=14 16 16
split_gain=13.9174 4.68768 5.98716
threshold=-0.40598925157788207 0.19610210409813919 -0.1684399759467039
decision_type=2 2 2
left_child=-1 2 -2
right_child=1 -3 -4
leaf_value=0.014508739057344344 0.0041859734563834492 0.0056751320500241708 -0.0040487647526800171
leaf_weight=5.1861487776041022 9.8513738662004453 6.8941511809825888 51.94753210246563
leaf_count=33 61 45 349
internal_value=-0.00047803 -0.00174952 -0.00266485
internal_weight=73.8792 68.6931 61.7989
internal_count=488 455 410
is_linear=0
shrinkage=0.01


Tree=25
num_leaves=5
num_cat=0
split_feature=10 32 37 0
split_gain=18.7205 6.50715 8.82758 2.9929
threshold=14.720178571428702 0.33715401818213608 0.68961884098451598 -0.009656487223996946
decision_type=2 2 2 2
left_child=1 2 -1 -3
right_child=-2 3 -4 -5
leaf_value=-0.0021177206134542262 0.017770432196967226 -9.5458196814523412e-05 0.0069360105292203813 -0.0078531818844066355
leaf_weight=28.971827328205109 5.208438739180564 8.4541729390621203 16.283499225974083 15.241609692573546
leaf_count=193 32 56 107 102
internal_value=0.000334349 -0.001058 0.00111457 -0.00526854
internal_weight=74.1595 68.9511 45.2553 23.6958
internal_count=490 458 300 158
is_linear=0
shrinkage=0.01


Tree=26
num_leaves=5
num_cat=0
split_feature=0 16 16 17
split_gain=8.03795 10.8796 6.73478 6.18358
threshold=0.060878139199248241 -0.17007244670005453 0.030322173686414388 -0.74582321260949891
decision_type=2 2 2 2
left_child=1 3 -3 -1
right_child=-2 2 -4 -5
leaf_value=0 0.009772245684826656 -0.0051705230515297854 0.0016424058609139053 0.014912912878886058
leaf_weight=4.8345162570476532 7.7655604928731909 34.887500017881393 23.386607691645622 5.7861095964908582
leaf_count=30 50 236 154 35
internal_value=0.000429574 -0.000643089 -0.0023946 0.00837303
internal_weight=76.6603 68.8947 58.2741 10.6206
internal_count=505 455 390 65
is_linear=0
shrinkage=0.01


Tree=27
num_leaves=6
num_cat=0
split_feature=2 35 3 12 37
split_gain=5.70177 8.40202 5.09682 4.58634 2.45561
threshold=3.5304285714285344 0.52922162270087703 37.152759075312652 -0.60148782954365732 0.6623044845529934
decision_type=2 2 2 2 2
left_child=4 2 -2 -3 -1
right_child=1 3 -4 -5 -6
leaf_value=-0.00045811526236826051 0.0082559687581093381 0 0.00092049670567503916 -0.010115180298423154 -0.010789495088747261
leaf_weight=4.5735978931188566 12.724249243736265 7.8586650639772442 38.284394025802612 8.5051525384187681 6.1261304318904877
leaf_count=32 82 51 252 57 42
internal_value=-0.000219865 0.000833057 0.00287097 -0.00523833 -0.00685882
internal_weight=78.0722 67.3725 51.0086 16.3638 10.6997
internal_count=516 442 334 108 74
is_linear=0
shrinkage=0.01


Tree=28
num_leaves=6
num_cat=0
split_feature=4 22 2 22 2
split_gain=8.87803 7.71249 9.34735 6.95945 4.401
threshold=-5.5287168841564371 -0.18997919628063106 4.3251785714285891 -0.36283852070303563 7.1556071428570123
decision_type=2 2 2 2 2
left_child=4 3 -3 -2 -1
right_child=1 2 -4 -5 -6
leaf_value=0.0015089409854754088 0.0048132285318657738 -0.0051631556781971512 0.0050147446549558185 -0.00777508459674329 0.015655762530955689
leaf_weight=4.7767137438058835 4.9534547775983837 12.187670946121214 29.627617031335831 19.411787047982216 4.9198964834213257
leaf_count=31 33 83 193 130 30
internal_value=0.00069159 -0.000599774 0.0019514 -0.0050499 0.00939674
internal_weight=75.8771 66.1805 41.8153 24.3652 9.69661
internal_count=500 439 276 163 61
is_linear=0
shrinkage=0.01


Tree=29
num_leaves=4
num_cat=0
split_feature=10 21 0
split_gain=10.0207 10.6908 10.6194
threshold=14.675285714285598 1.0607889680355387 0.060878139199248241
decision_type=2 2 2
left_child=1 2 -1
right_child=-2 -3 -4
leaf_value=-0.0038912215078038886 0.011936306108189772 0.012209521165807643 0.0084416481057062644
leaf_weight=58.051634132862091 5.7423113584518424 4.8754509091377249 7.3288999497890464
leaf_count=389 35 30 47
internal_value=-0.000164798 -0.00127363 -0.00240964
internal_weight=75.9983 70.256 65.3805
internal_count=501 466 436
is_linear=0
shrinkage=0.01


Tree=30
num_leaves=5
num_cat=0
split_feature=8 6 14 8
split_gain=9.81226 10.1565 8.29769 5.97294
threshold=-0.16924143959391746 -0.1443615775154265 0.059933236131710567 -0.023512049327393283
decision_type=2 2 2 2
left_child=-1 2 -2 -3
right_child=1 3 -4 -5
leaf_value=0.012819178127263279 0.0010120337211860313 -0.0096099897426649584 0.014505574032697333 -0.0010842661449463945
leaf_weight=5.5307186543941489 17.787090569734577 10.748447537422178 5.9519096463918677 35.126556068658829
leaf_count=34 118 73 39 233
internal_value=0.000564197 -0.000451127 0.00474837 -0.0032286
internal_weight=75.1447 69.614 23.739 45.875
internal_count=497 463 157 306
is_linear=0
shrinkage=0.01


Tree=31
num_leaves=4
num_cat=0
split_feature=10 16 25
split_gain=8.99615 10.0871 5.52856
threshold=14.720178571428702 -0.17404951636539281 -0.30672529902317652
decision_type=2 2 2
left_child=1 -1 -3
right_child=-2 2 -4
leaf_value=0.0077620554757678907 0.0099762288409857691 -0.0085675092815370377 -0.0016241745175423713
leaf_weight=8.4976712167263013 6.2752357870340338 15.770798191428183 45.585460305213928
leaf_count=52 38 107 306
internal_value=-0.000963332 -0.00205263 -0.00351219
internal_weight=76.1292 69.8539 61.3563
internal_count=503 465 413
is_linear=0
shrinkage=0.01


Tree=32
num_leaves=4
num_cat=0
split_feature=14 16 16
split_gain=16.2291 5.41333 7.30968
threshold=-0.41720038635074991 -0.17007244670005453 0.031558739630848702
decision_type=2 2 2
left_child=-1 -2 -3
right_child=1 2 -4
leaf_value=0.016358315891491459 0.0056738585237255581 -0.005666753419642746 0.0012443769475566208
leaf_weight=5.1492774635553351 8.9789989441633207 31.717982187867165 27.782260745763779
leaf_count=32 55 218 183
internal_value=2.45195e-05 -0.00126988 -0.00240628
internal_weight=73.6285 68.4792 59.5002
internal_count=488 456 401
is_linear=0
shrinkage=0.01


Tree=33
num_leaves=5
num_cat=0
split_feature=16 19 17 18
split_gain=8.98335 10.5165 8.56581 6.36238
threshold=-0.17404951636539281 64.31355306205019 0.42168966157478033 12.402999999999958
decision_type=2 2 2 2
left_child=-1 2 -2 -3
right_child=1 3 -4 -5
leaf_value=0.0089541200745301471 -0.0058204367961385275 0.015193248526151846 0.0021866770797605928 0
leaf_weight=9.3472788333892805 37.064096212387085 5.062267139554022 19.731777414679527 5.01584592461586
leaf_count=56 253 33 130 33
internal_value=0 -0.00127088 -0.00299147 0.00782513
internal_weight=76.2213 66.874 56.7959 10.0781
internal_count=505 449 383 66
is_linear=0
shrinkage=0.01


Tree=34
num_leaves=4
num_cat=0
split_feature=14 16 16
split_gain=12.3802 9.41966 6.31504
threshold=-0.41720038635074991 -0.18534937092367679 0.034456536945478171
decision_type=2 2 2
left_child=-1 -2 -3
right_child=1 2 -4
leaf_value=0.013147675046182939 0.0074938457737455666 -0.0056822578696380209 0.00065763739822488534
leaf_weight=5.8465533703565589 9.5548983067274076 34.835374638438225 26.740734159946442
leaf_count=36 57 239 176
internal_value=-0.00019461 -0.00141727 -0.00289758
internal_weight=76.9776 71.131 61.5761
internal_count=508 472 415
is_linear=0
shrinkage=0.01


Tree=35
num_leaves=4
num_cat=0
split_feature=10 13 30
split_gain=14.4429 10.3881 7.15328
threshold=14.720178571428702 0.88606895297609378 0.12091502701189717
decision_type=2 2 2
left_child=1 2 -1
right_child=-2 -3 -4
leaf_value=-0.0042267257264643624 0.013385380596998271 0.010012054968536551 0.0041755739929725914
leaf_weight=51.879993081092834 6.8981998562812796 6.7122401744127265 11.796196758747099
leaf_count=350 41 41 77
internal_value=5.37995e-05 -0.0012956 -0.00260302
internal_weight=77.2866 70.3884 63.6762
internal_count=509 468 427
is_linear=0
shrinkage=0.01


Tree=36
num_leaves=5
num_cat=0
split_feature=30 16 27 6
split_gain=9.77626 4.83144 4.26062 3.47849
threshold=0.25434061924306489 -0.1684399759467039 60.329868682556729 -0.045654363961594328
decision_type=2 2 2 2
left_child=1 3 -3 -1
right_child=-2 2 -4 -5
leaf_value=0.010718163991265347 0.012370745629175086 -0.0034391004867785147 0.0027680709447695279 0
leaf_weight=5.1595756411552429 5.6690176129341117 44.952965945005417 13.67327359318733 5.7124453932046872
leaf_count=30 36 304 91 35
internal_value=0.000275744 -0.000749312 -0.00192951 0.005156
internal_weight=75.1673 69.4983 58.6262 10.872
internal_count=496 460 395 65
is_linear=0
shrinkage=0.01


Tree=37
num_leaves=5
num_cat=0
split_feature=5 35 35 8
split_gain=5.01759 5.02617 5.05877 2.45378
threshold=0.070590086049993603 0.51933934918449076 0.27876874852532291 -0.017158411664917165
decision_type=2 2 2 2
left_child=1 2 -1 -3
right_child=-2 3 -4 -5
leaf_value=-0.0012523685940339679 0.0079512232671029928 -0.0097314115246772623 0.0059004670892241909 -0.0019545485758497849
leaf_weight=32.933230921626091 6.5011187493801108 7.2133019119501141 13.360406264662741 12.005104586482046
leaf_count=219 41 49 87 80
internal_value=-5.41081e-05 -0.000948176 0.000788828 -0.00519835
internal_weight=72.0132 65.512 46.2936 19.2184
internal_count=476 435 306 129
is_linear=0
shrinkage=0.01


Tree=38
num_leaves=5
num_cat=0
split_feature=21 18 10 10
split_gain=9.4629 7.17523 9.28526 8.39062
threshold=0.94782158288913299 11.269071428571451 14.675285714285598 6.8393928571428475
decision_type=2 2 2 2
left_child=1 3 -3 -1
right_child=-2 2 -4 -5
leaf_value=-0.0020437435387128779 0.013578887531273644 -0.0031086204311226531 0.010139537019968265 0.012643600712975494
leaf_weight=6.3810019046068183 4.9596244394779196 50.700560063123703 5.3369425982236853 8.0177463442087156
leaf_count=45 30 338 32 52
internal_value=0.000893176 -4.71865e-05 -0.00171531 0.00608319
internal_weight=75.3959 70.4363 56.0375 14.3987
internal_count=497 467 370 97
is_linear=0
shrinkage=0.01


Tree=39
num_leaves=5
num_cat=0
split_feature=14 2 3 1
split_gain=11.0558 6.20323 6.64988 4.53142
threshold=-0.41720038635074991 5.2757857142857381 38.156696682372932 -0.28271920237324449
decision_type=2 2 2 2
left_child=-1 3 -3 -2
right_child=1 2 -4 -5
leaf_value=0.013161272524079701 0.0021218182156490422 0.0083647033679258593 -0.00040414051550480886 -0.0055230025656320594
leaf_weight=6.2208330780267707 10.149536639451979 12.54684668779373 23.789140805602074 24.977153405547142
leaf_count=38 68 78 157 172
internal_value=0.000890949 -0.00021952 0.00261475 -0.00323112
internal_weight=77.6835 71.4627 36.336 35.1267
internal_count=513 475 235 240
is_linear=0
shrinkage=0.01


Tree=40
num_leaves=4
num_cat=0
split_feature=14 16 4
split_gain=8.58685 10.1969 7.57929
threshold=-0.4334569273767766 -0.19327909308935973 2.2658803647173049
decision_type=2 2 2
left_child=-1 -2 -3
right_child=1 2 -4
leaf_value=0.012509430945039127 0.0086962932438333727 -0.0041411764777563934 0.0039490714109370519
leaf_weight=4.79465627670288 9.4101813137531263 47.777053654193878 14.448887467384337
leaf_count=29 55 325 95
internal_value=0.000188811 -0.00067522 -0.00219829
internal_weight=76.4308 71.6361 62.2259
internal_count=504 475 420
is_linear=0
shrinkage=0.01


Tree=41
num_leaves=4
num_cat=0
split_feature=14 12 5
split_gain=9.15526 7.41145 4.87087
threshold=-0.45817211576129957 -10.035614820601493 0.094317486786810081
decision_type=2 2 2
left_child=-1 -2 -3
right_child=1 2 -4
leaf_value=0.012443534594777551 0.0087265128222997895 -0.0031601789221371735 0.0061488236540431498
leaf_weight=4.8074695914983741 6.238174393773078 57.749932140111923 5.5655142217874518
leaf_count=29 39 389 35
internal_value=-0.000172853 -0.0011703 -0.00225313
internal_weight=74.3611 69.5536 63.3154
internal_count=492 463 424
is_linear=0
shrinkage=0.01


Tree=42
num_leaves=4
num_cat=0
split_feature=0 16 28
split_gain=9.09655 6.86041 6.36993
threshold=0.060878139199248241 -0.18534937092367679 0.2590109773705081
decision_type=2 2 2
left_child=1 -1 -3
right_child=-2 2 -4
leaf_value=0.0055259812120805798 0.0089393934195471109 -0.0011557717936403597 -0.0084422997106582878
leaf_weight=8.9661912173032743 7.5920816063880912 38.214520737528801 17.999923661351204
leaf_count=53 48 258 123
internal_value=-0.00100008 -0.00226272 -0.00359568
internal_weight=72.7727 65.1806 56.2144
internal_count=482 434 381
is_linear=0
shrinkage=0.01


Tree=43
num_leaves=7
num_cat=0
split_feature=6 5 21 5 19 13
split_gain=8.47269 13.2959 6.36275 4.73678 3.39538 2.88179
threshold=-0.060351115524938818 -1.335808269375679 0.1293582909906951 -1.9248414547373873 41.534909204116857 -1.5482964180814156
decision_type=2 2 2 2 2 2
left_child=1 3 5 -1 -3 -2
right_child=2 4 -4 -5 -6 -7
leaf_value=0.0029466349288826649 -0.000390148076025167 0.0055033102026952451 0.0056493369553552763 -0.0054962473632348165 0.018524463039820121 -0.0072238766970392655
leaf_weight=18.744116604328156 10.433264777064325 5.2272887378931028 6.2393267899751654 9.6489787697792071 5.4050909876823425 19.387157961726189
leaf_count=125 71 33 38 64 34 132
internal_value=0.000423053 0.00366426 -0.00300481 0 0.0129269 -0.00497777
internal_weight=75.0852 39.0255 36.0597 28.3931 10.6324 29.8204
internal_count=497 256 241 189 67 203
is_linear=0
shrinkage=0.01


Tree=44
num_leaves=8
num_cat=0
split_feature=1 0 1 18 36 24 2
split_gain=9.58019 9.31029 8.59495 8.39035 4.19191 3.66978 3.40819
threshold=-0.25744772294597013 0.036045183698154078 -0.51145889003418699 13.183392857142833 0.70182557227358999 -0.19035846858960762 5.9915000000000562
decision_type=2 2 2 2 2 2 2
left_child=2 4 5 -3 -2 -1 -4
right_child=1 3 6 -5 -6 -7 -8
leaf_value=0.0062403349682830893 -0.0083813161494961895 0.011166816067488618 0.016565288922032736 -0.0027323645222057939 -0.00069795357526625007 -0.0038278323175148701 0.0036032555745279765
leaf_weight=4.9576048403978339 23.206189259886742 6.8227400779724148 5.4716620296239835 9.7600771039724332 11.552682295441626 10.094621554017069 4.6808807998895645
leaf_count=30 161 43 35 63 78 68 30
internal_value=-0.000509701 -0.00301618 0.0044386 0.00297009 -0.00595882 -0.000224865 0.0113203
internal_weight=76.5465 51.3417 25.2048 16.5828 34.7589 15.0522 10.1525
internal_count=508 345 163 106 239 98 65
is_linear=0
shrinkage=0.01


Tree=45
num_leaves=5
num_cat=0
split_feature=14 16 16 14
split_gain=9.02156 6.88152 9.94478 2.45613
threshold=-0.40598925157788207 -0.18209973764386173 0.031558739630848702 -0.06109456669178611
decision_type=2 2 2 2
left_child=-1 3 -3 -2
right_child=1 2 -4 -5
leaf_value=0.01076802795927502 0.010678993112942911 -0.0058618921109834052 0.0021870285295336944 0.00049142592330830674
leaf_weight=6.9021423012018195 5.5760728269815445 32.938793644309044 27.315541863441467 5.0358804613351804
leaf_count=42 32 230 180 30
internal_value=0.000231665 -0.000820757 -0.00217567 0.00635413
internal_weight=77.7684 70.8663 60.2543 10.612
internal_count=514 472 410 62
is_linear=0
shrinkage=0.01


Tree=46
num_leaves=4
num_cat=0
split_feature=21 14 22
split_gain=9.88353 8.83074 7.55095
threshold=1.0607889680355387 -0.41720038635074991 -0.35933621748817834
decision_type=2 2 2
left_child=1 -1 -3
right_child=-2 2 -4
leaf_value=0.0099083498592772139 0.011734751279243144 0.0084877870710792676 -0.0041990460777379121
leaf_weight=4.9632291346788397 4.9323425143957129 4.4723620712757102 61.472912669181824
leaf_count=30 29 30 414
internal_value=-0.00119391 -0.0022111 -0.00323609
internal_weight=75.8408 70.9085 65.9453
internal_count=503 474 444
is_linear=0
shrinkage=0.01


Tree=47
num_leaves=5
num_cat=0
split_feature=14 1 34 13
split_gain=12.5369 8.08294 7.73052 4.57346
threshold=-0.40598925157788207 -0.15459087774089719 0.1036558711340073 -1.6644511756709466
decision_type=2 2 2 2
left_child=-1 2 -2 -3
right_child=1 3 -4 -5
leaf_value=0.012673776754601181 0.012938853943350608 0.00085140553810038897 0 -0.0062785601358136449
leaf_weight=6.7129949629306784 5.5235099196434048 12.009229719638823 21.69216100871563 27.839345559477806
leaf_count=40 35 82 144 188
internal_value=0.000106405 -0.00119164 0.00291414 -0.00407152
internal_weight=73.7772 67.0642 27.2157 39.8486
internal_count=489 449 179 270
is_linear=0
shrinkage=0.01


Tree=48
num_leaves=7
num_cat=0
split_feature=0 8 6 18 32 16
split_gain=7.69446 8.75742 9.22865 5.41499 5.78778 2.61866
threshold=-0.0058568513315705043 0.035529104364891671 0.11366163502141714 11.269071428571451 0.322598949133024 -0.036242565175118112
decision_type=2 2 2 2 2 2
left_child=3 5 -3 -1 -5 -2
right_child=1 2 -4 4 -6 -7
leaf_value=0.013885260169183178 -0.00088035453444487222 0.0066870383602329999 -0.0085476995976050112 0.0059410487325926419 -0.0037499924721827883 -0.0080117292972065133
leaf_weight=4.9414601475000408 9.0636036396026629 15.917504012584688 4.6457972079515448 17.060408622026447 8.6912190169095975 16.381265327334404
leaf_count=32 61 103 31 109 57 115
internal_value=0.000797249 -0.00173879 0.00298148 0.00466181 0.0025469 -0.00565304
internal_weight=76.7013 46.0082 20.5633 30.6931 25.7516 25.4449
internal_count=508 310 134 198 166 176
is_linear=0
shrinkage=0.01


Tree=49
num_leaves=4
num_cat=0
split_feature=14 8 0
split_gain=8.99884 8.25556 4.43978
threshold=-0.45817211576129957 -0.18727274870711816 0.060878139199248241
decision_type=2 2 2
left_child=-1 -2 -3
right_child=1 2 -4
leaf_value=0.011190185044102968 0.0097736546484907399 -0.0038915529001395562 0.0038579124624183001
leaf_weight=5.0665474236011496 4.9530371874570838 59.365452513098717 7.6463198065757743
leaf_count=30 29 403 48
internal_value=-0.000992566 -0.00196296 -0.00294085
internal_weight=77.0314 71.9648 67.0118
internal_count=510 480 451
is_linear=0
shrinkage=0.01


Tree=50
num_leaves=6
num_cat=0
split_feature=30 9 30 30 34
split_gain=10.1226 10.7171 4.33367 7.13999 4.8136
threshold=0.08185598895901651 -0.05265376585838543 -0.11655598993003231 -0.35540253381201486 0.46985027978925614
decision_type=2 2 2 2 2
left_child=2 -2 3 -1 -4
right_child=1 -3 4 -5 -6
leaf_value=-0.0064868861212875372 0.01753025565369204 0 -0.007065697726863605 0.0031826909689694704 0.0035695639624301291
leaf_weight=9.7726503312587685 5.8981339782476425 7.3721094280481321 18.680709362030033 28.681096285581592 4.7198268473148337
leaf_count=66 36 48 127 189 31
internal_value=0.00026881 0.00805972 -0.00140577 0.000596525 -0.00476527
internal_weight=75.1245 13.2702 61.8543 38.4537 23.4005
internal_count=497 84 413 255 158
is_linear=0
shrinkage=0.01


Tree=51
num_leaves=5
num_cat=0
split_feature=16 17 30 19
split_gain=6.67263 7.93809 6.41796 4.36584
threshold=-0.17007244670005453 -0.74582321260949891 0.16963912762699854 65.524538002278987
decision_type=2 2 2 2
left_child=1 -1 3 -2
right_child=2 -3 -4 -5
leaf_value=-0.0016090705150655583 -0.0039412625458785664 0.013786916600016588 0.0064375248052567328 0.0035219835479466501
leaf_weight=5.7703844159841537 47.930344253778458 6.3485080450773221 8.1709908694028837 8.5280274450778943
leaf_count=35 329 36 53 56
internal_value=-0.000167384 0.00644512 -0.00149334 -0.00274025
internal_weight=76.7483 12.1189 64.6294 56.4584
internal_count=509 71 438 385
is_linear=0
shrinkage=0.01


Tree=52
num_leaves=5
num_cat=0
split_feature=14 33 13 18
split_gain=6.36009 4.94191 7.5672 5.03196
threshold=-0.44698309231371891 0.34693897167578691 -1.7507308217417259 17.36917857142846
decision_type=2 2 2 2
left_child=-1 2 -2 -3
right_child=1 3 -4 -5
leaf_value=0.010173359163122323 0.0091560261704073005 -0.0055024677762644768 -0.00080800850085342908 0.0049324940932720281
leaf_weight=5.297874003648757 9.4428383708000165 26.101739019155506 30.688035324215889 4.8867138624191275
leaf_count=31 63 177 204 32
internal_value=6.52035e-05 -0.00071166 0.00154653 -0.00370946
internal_weight=76.4172 71.1193 40.1309 30.9885
internal_count=507 476 267 209
is_linear=0
shrinkage=0.01


Tree=53
num_leaves=4
num_cat=0
split_feature=14 10 11
split_gain=6.85635 5.65618 4.34095
threshold=-0.40598925157788207 6.8393928571428475 26.704107501159516
decision_type=2 2 2
left_child=-1 -2 -3
right_child=1 2 -4
leaf_value=0.0087612400490522189 -0.0090040740699528984 0.0077364001263715955 -0.0015221066565023684
leaf_weight=6.1402403265237799 9.0616629719734174 5.0263661146163932 54.391859069466591
leaf_count=36 65 30 366
internal_value=-0.000874789 -0.00183954 -0.000630811
internal_weight=74.6201 68.4799 59.4182
internal_count=497 461 396
is_linear=0
shrinkage=0.01


Tree=54
num_leaves=6
num_cat=0
split_feature=24 6 6 25 29
split_gain=7.36833 9.92141 5.98189 5.67235 4.4424
threshold=-0.16954728687949591 -0.095354744849507969 0.12426949007753869 0.54779139876525973 -0.71925937188230649
decision_type=2 2 2 2 2
left_child=1 -1 3 -2 -3
right_child=2 4 -4 -5 -6
leaf_value=0.0173265037215499 -0.0012040759126507531 0.0069293028635746259 -0.0076219917270004102 0.0069060378336423568 -0.0055208890664810483
leaf_weight=5.2246999144554129 37.530429676175117 5.2783531993627539 10.308751344680784 10.566841065883635 5.0878092348575583
leaf_count=30 256 32 71 69 32
internal_value=0.000719917 0.00673546 -0.000878479 0.000568684 0.000569685
internal_weight=73.9969 15.5909 58.406 48.0973 10.3662
internal_count=490 94 396 325 64
is_linear=0
shrinkage=0.01


Tree=55
num_leaves=6
num_cat=0
split_feature=16 16 17 1 1
split_gain=11.4178 6.34295 9.29959 8.51325 5.37802
threshold=-0.17007244670005453 0.031558739630848702 0.63681629046828381 -0.12040955437547361 -0.45814838516430761
decision_type=2 2 2 2 2
left_child=4 3 -3 -2 -1
right_child=1 2 -4 -5 -6
leaf_value=0.0019920716123276185 0.0019399137573065809 0.0074167495970098932 -0.0036614446750659934 -0.0079114992498496971 0.016870994633890499
leaf_weight=5.1185418963432312 15.260806694626806 17.81955094635487 12.115015581250189 18.528287500143051 5.6406359970569593
leaf_count=30 104 115 80 132 32
internal_value=0.00116701 -0.000424849 0.00284815 -0.00341122 0.0104618
internal_weight=74.4828 63.7237 29.9346 33.7891 10.7592
internal_count=493 431 195 236 62
is_linear=0
shrinkage=0.01


Tree=56
num_leaves=7
num_cat=0
split_feature=12 17 5 12 24 9
split_gain=5.89198 5.66261 8.47245 5.31111 4.3785 3.55629
threshold=1.5751908585007188 0.53168795275033676 -1.5911651762621031 -4.9537976397400589 0.049558329344151109 -0.17440716018734284
decision_type=2 2 2 2 2 2
left_child=3 2 -2 4 -1 -5
right_child=1 -3 -4 5 -6 -7
leaf_value=0.0041399149587046276 0.0011515929134432248 -0.0035426585143507072 0.017270540225659728 -0.0087338258856095377 -0.0052003231384350462 -0.0018821856391119691
leaf_weight=16.559055231511596 9.3425080925226212 6.2355585545301428 4.9889389425516137 13.435575366020201 6.4425341486930838 20.686003223061562
leaf_count=107 61 41 32 91 43 141
internal_value=-0.000572931 0.00390515 0.00735812 -0.0022572 0.00134117 -0.00475388
internal_weight=77.6902 20.567 14.3314 57.1232 23.0016 34.1216
internal_count=516 134 93 382 150 232
is_linear=0
shrinkage=0.01


Tree=57
num_leaves=7
num_cat=0
split_feature=5 1 1 24 6 6
split_gain=6.99117 7.36577 8.82706 6.89833 4.50292 3.35617
threshold=-1.335808269375679 -0.40636066819831046 -0.51718428732633126 -0.18620888405466049 -0.056991743760736367 -0.28076165698650413
decision_type=2 2 2 2 2 2
left_child=1 2 -1 -2 -5 -3
right_child=3 5 -4 4 -6 -7
leaf_value=-0.0028718880721488242 0.012139875343316137 0.00035063324092384922 0.012955399555346596 0.0055030285314933295 -0.0039805645294882413 -0.0073087864359424317
leaf_weight=9.9780576229095441 5.6039749234914806 6.0895879417657843 4.7079637199640265 8.0770088583231008 11.526053845882412 29.845796391367912
leaf_count=66 32 41 29 53 79 203
internal_value=-0.00134511 -0.00350344 0.00226389 0.00285644 0 -0.00594149
internal_weight=75.8284 50.6214 14.686 25.207 19.6031 35.9354
internal_count=503 339 95 164 132 244
is_linear=0
shrinkage=0.01


Tree=58
num_leaves=6
num_cat=0
split_feature=6 3 29 35 28
split_gain=6.73868 11.1827 8.07582 3.33991 4.25108
threshold=-0.060351115524938818 61.809179553748244 -0.74553313626758844 0.56301874813774011 -12.047803203624424
decision_type=2 2 2 2 2
left_child=1 2 -1 4 -2
right_child=3 -3 -4 -5 -6
leaf_value=-0.003780015473879671 -0.008393994035668307 0.013149454637451105 0.0065781112376233561 -0.0095381313892597113 0.00018358391133454648
leaf_weight=20.709503620862961 6.8668553084135082 7.4513919651508322 11.159772530198099 6.7901241779327384 23.825822822749615
leaf_count=141 45 48 70 47 161
internal_value=-0.000295228 0.00253847 -1.46117e-05 -0.00334114 -0.00174309
internal_weight=76.8035 39.3207 31.8693 37.4828 30.6927
internal_count=512 259 211 253 206
is_linear=0
shrinkage=0.01


Tree=59
num_leaves=4
num_cat=0
split_feature=10 10 13
split_gain=11.1638 7.03005 6.32083
threshold=14.675285714285598 12.688928571428603 0.88606895297609378
decision_type=2 2 2
left_child=1 2 -1
right_child=-2 -3 -4
leaf_value=0 0.01304654256346701 -0.0087644700489945236 0.011185847612068929
leaf_weight=54.723812416195869 6.5618220269680014 7.8486715480685225 5.0535282343626013
leaf_count=370 38 53 30
internal_value=0.00107758 -0.00012697 0.00102064
internal_weight=74.1878 67.626 59.7773
internal_count=491 453 400
is_linear=0
shrinkage=0.01


Tree=60
num_leaves=4
num_cat=0
split_feature=14 0 0
split_gain=11.8492 6.92197 5.75115
threshold=-0.40598925157788207 0.060878139199248241 -0.0097975248593709409
decision_type=2 2 2
left_child=-1 2 -2
right_child=1 -3 -4
leaf_value=0.012237939346616725 0.0012929612173873169 0.0077981557985459162 -0.0048977930633814686
leaf_weight=6.8136342465877524 24.494903668761253 7.0360498875379553 35.25850622355938
leaf_count=40 159 44 246
internal_value=0.000114041 -0.00115996 -0.00232054
internal_weight=73.6031 66.7895 59.7534
internal_count=489 449 405
is_linear=0
shrinkage=0.01


Tree=61
num_leaves=4
num_cat=0
split_feature=10 4 27
split_gain=7.01075 5.80857 5.63126
threshold=14.675285714285598 -5.9904138731812955 49.860997229172774
decision_type=2 2 2
left_child=1 -1 -3
right_child=-2 2 -4
leaf_value=0.0070301972312322124 0.0082303860922368285 -0.0057653813834780089 0.00010039349080222444
leaf_weight=5.7470788210630408 6.7497899383306494 33.485496073961258 29.642407990992069
leaf_count=35 39 230 199
internal_value=-0.00105519 -0.00206119 -0.00298475
internal_weight=75.6248 68.875 63.1279
internal_count=503 464 429
is_linear=0
shrinkage=0.01


Tree=62
num_leaves=6
num_cat=0
split_feature=30 38 30 29 20
split_gain=9.13876 8.21433 6.62718 5.7765 3.09641
threshold=0.08185598895901651 0.69455835161587809 -0.12681305290960052 -1.29400223540556 3.5479296055245872
decision_type=2 2 2 2 2
left_child=2 -2 3 -1 -4
right_child=1 -3 4 -5 -6
leaf_value=-0.0060635152173700814 -0.0032232998906150489 0.012437628684859382 -0.0083093848401034447 0.0024209581839736197 0.0001878061750947645
leaf_weight=10.767659053206438 4.821563482284545 8.0235812067985517 19.98114396631718 27.375755280256275 4.5359022617340079
leaf_count=74 31 50 139 179 30
internal_value=-0.00102907 0.00643381 -0.00264525 0 -0.00664507
internal_weight=75.5056 12.8451 62.6605 38.1434 24.517
internal_count=503 81 422 253 169
is_linear=0
shrinkage=0.01


Tree=63
num_leaves=5
num_cat=0
split_feature=30 27 30 30
split_gain=8.73975 9.97953 4.91326 10.6633
threshold=0.099013154560249242 55.578016270565136 -0.39069604439117661 -0.32248290596154999
decision_type=2 2 2 2
left_child=2 -2 -1 -4
right_child=1 -3 3 -5
leaf_value=-0.010572097335144984 0.014432787224655024 -0.0025186483592148905 0.0077444449939324724 -0.0029476110557701859
leaf_weight=5.2915873527526847 7.3847346007823926 5.5162762850522995 11.062022328376768 46.707134276628494
leaf_count=37 46 36 72 318
internal_value=-0.000159429 0.00713721 -0.00174378 -0.000799854
internal_weight=75.9618 12.901 63.0607 57.7692
internal_count=509 82 427 390
is_linear=0
shrinkage=0.01


Tree=64
num_leaves=6
num_cat=0
split_feature=16 32 9 5 34
split_gain=5.29291 11.0395 6.68067 2.99568 0.828302
threshold=-0.18209973764386173 0.15082403813016673 0.39337509597414871 -1.3210119545281778 0.0033300262094024496
decision_type=2 2 2 2 2
left_child=3 4 -3 -1 -2
right_child=1 2 -4 -5 -6
leaf_value=0.00038278074703837554 -0.0025421564310345482 -0.00089802724705345747 0.0064359273409627035 0.011436020711135116 -0.0090653104998351108
leaf_weight=5.0656732022762299 4.5893984586000469 34.718741983175278 18.314074769616127 5.7486303448677045 12.133131504058836
leaf_count=30 32 237 121 32 84
internal_value=0.000401966 -0.000583624 0.00161506 0.0067693 -0.00757504
internal_weight=80.5697 69.7553 53.0328 10.8143 16.7225
internal_count=536 474 358 62 116
is_linear=0
shrinkage=0.01


Tree=65
num_leaves=6
num_cat=0
split_feature=30 17 30 35 24
split_gain=12.5698 6.6812 5.80278 11.4725 3.59105
threshold=0.08185598895901651 0.45482195980022583 -0.18661246239517323 0.15874981276995501 -0.16954728687949591
decision_type=2 2 2 2 2
left_child=2 -2 3 -1 -4
right_child=1 -3 4 -5 -6
leaf_value=0.014747621809626178 0.013876603314747243 0 0.0018790788811382381 -0.0015670875430531875 -0.0062234642374019164
leaf_weight=4.7475833892822292 8.25757087767124 5.0476502478122702 5.8716714084148398 22.785284124314785 28.013965934514999
leaf_count=30 50 32 35 154 195
internal_value=-2.81481e-07 0.00858822 -0.0019636 0.00135196 -0.00472531
internal_weight=74.7237 13.3052 61.4185 27.5329 33.8856
internal_count=496 82 414 184 230
is_linear=0
shrinkage=0.01


Tree=66
num_leaves=5
num_cat=0
split_feature=17 25 24 0
split_gain=5.9347 9.46541 7.18355 1.84907
threshold=0.63681629046828381 0.54779139876525973 -0.18620888405466049 0.028515614421780692
decision_type=2 2 2 2
left_child=1 2 -1 -2
right_child=3 -3 -4 -5
leaf_value=0.0064189946635785054 -0.009563443580091209 0.013817581433947035 -0.0018489841579838358 -0.0015210848652198814
leaf_weight=13.167770057916639 6.7380431592464429 4.9784031063318244 44.898625999689102 6.8315008580684662
leaf_count=78 46 33 311 45
internal_value=-1.14397e-05 0.00125093 1.35232e-05 -0.00592574
internal_weight=76.6143 63.0448 58.0664 13.5695
internal_count=513 422 389 91
is_linear=0
shrinkage=0.01


Tree=67
num_leaves=7
num_cat=0
split_feature=6 12 12 14 26 39
split_gain=9.86194 7.76846 5.66844 3.5588 3.34506 1.51491
threshold=-0.060351115524938818 -8.7082873942576935 -1.6080718643452199 -0.17049696467121725 20.517642857142881 0.67915477081908648
decision_type=2 2 2 2 2 2
left_child=1 -1 -3 5 -5 -2
right_child=3 2 -4 4 -6 -7
leaf_value=0.012428760372593155 -0.0029307479417765821 -0.0038362268900065922 0.0046023929867944381 -0.0083813522444401052 0 0.0045327619614881163
leaf_weight=6.7825511991977683 4.6567715257406217 13.615235358476641 17.411115258932114 18.196424700319771 6.5662421882152548 4.9182290434837341
leaf_count=41 30 92 116 130 44 30
internal_value=-0.000358026 0.00310105 0.000802019 -0.00424274 -0.00622474 0.000639836
internal_weight=72.1466 37.8089 31.0264 34.3377 24.7627 9.575
internal_count=483 249 208 234 174 60
is_linear=0
shrinkage=0.01


Tree=68
num_leaves=5
num_cat=0
split_feature=10 10 21 34
split_gain=8.11726 5.46192 5.58948 4.38463
threshold=14.675285714285598 10.987357142857199 -1.1274011548012302 0.079868837065318096
decision_type=2 2 2 2
left_child=1 2 -1 -3
right_child=-2 3 -4 -5
leaf_value=-0.0031740297352990756 0.0096613113824748718 0.0017274051560263815 0.0034839032840669939 -0.0087827887501782959
leaf_weight=23.82887090742588 6.6945722103118888 4.660723730921748 25.53962866961956 14.00345269590616
leaf_count=164 38 30 169 97
internal_value=-0.000391588 -0.00148786 0.000210533 -0.0060251
internal_weight=74.7272 68.0327 49.3685 18.6642
internal_count=498 460 333 127
is_linear=0
shrinkage=0.01


Tree=69
num_leaves=6
num_cat=0
split_feature=17 36 11 6 17
split_gain=4.6697 6.56751 7.13437 2.65514 1.44513
threshold=0.63681629046828381 0.60268092668828721 50.926612859594364 -1.0000000180025095e-35 -0.29579577473707014
decision_type=2 2 2 2 2
left_child=1 4 -3 -2 -1
right_child=3 2 -4 -5 -6
leaf_value=-0.00073493887961394513 -0.00026668186176209398 -0.00016790577176362353 0.0070987997118379768 -0.009498893413557653 -0.0089814551462575453
leaf_weight=4.6443191319704056 6.8745329678058624 33.716053865849972 21.195702567696571 6.5758490860462171 5.8384905159473401
leaf_count=32 45 222 138 45 43
internal_value=4.25907e-05 0.00119219 0.00262162 -0.00517401 -0.00580085
internal_weight=78.8449 65.3946 54.9118 13.4504 10.4828
internal_count=525 435 360 90 75
is_linear=0
shrinkage=0.01


Tree=70
num_leaves=6
num_cat=0
split_feature=14 36 12 29 9
split_gain=9.30096 5.49692 5.6003 4.77913 3.00396
threshold=-0.15885515235411218 0.71236526179665205 -2.2458092326310175 1.0000000180025095e-35 -0.41720174196784438
decision_type=2 2 2 2 2
left_child=1 2 -1 4 -2
right_child=3 -3 -4 -5 -6
leaf_value=0.010568739307815723 -0.0083298463027372156 -0.0047845745912930152 0 0.004550229431768602 -0.0023037182810303736
leaf_weight=12.954226136207584 12.303342550992964 4.6326887160539618 8.685968890786171 6.6656639724969855 31.842127479612827
leaf_count=79 86 30 57 41 221
internal_value=-0.000369058 0.00436705 0.00652552 -0.00289511 -0.00412488
internal_weight=77.084 26.2729 21.6402 50.8111 44.1455
internal_count=514 166 136 348 307
is_linear=0
shrinkage=0.01


Tree=71
num_leaves=6
num_cat=0
split_feature=6 5 14 20 14
split_gain=10.7163 5.56832 6.40902 4.8776 3.62103
threshold=-0.060351115524938818 -1.0271417315338287 -0.34703356075349084 7.573754587937402 -0.040558525732438448
decision_type=2 2 2 2 2
left_child=1 2 -1 4 -2
right_child=3 -3 -4 -5 -6
leaf_value=0.0099710085708018779 -0.0019521089785568338 0.0097093731313247864 -0.0016708052218097577 0.0043514503991335983 -0.0089823262440665939
leaf_weight=5.3757187873125103 14.653348729014395 8.5574277937412244 23.07151722162962 4.5233145058155051 18.370006792247295
leaf_count=33 95 52 157 31 130
internal_value=-0.000893701 0.00285685 0.000559757 -0.00465793 -0.00602796
internal_weight=74.5513 37.0047 28.4472 37.5467 33.0234
internal_count=498 242 190 256 225
is_linear=0
shrinkage=0.01


Tree=72
num_leaves=4
num_cat=0
split_feature=10 14 16
split_gain=18.3891 6.75813 8.00457
threshold=14.675285714285598 -0.40598925157788207 -0.19327909308935973
decision_type=2 2 2
left_child=1 -1 -3
right_child=-2 2 -4
leaf_value=0.0085095463232915981 0.016071304420465369 0.0062547545146552346 -0.0040650137392827289
leaf_weight=5.2822531610727301 5.8050858229398719 8.0042932331562024 56.369609229266644
leaf_count=31 33 46 394
internal_value=-0.000242863 -0.00175008 -0.00269729
internal_weight=75.4612 69.6562 64.3739
internal_count=504 471 440
is_linear=0
shrinkage=0.01


Tree=73
num_leaves=4
num_cat=0
split_feature=14 21 8
split_gain=9.04197 8.08874 3.73661
threshold=-0.41720038635074991 0.89993773569011337 0.036045183698154078
decision_type=2 2 2
left_child=-1 2 -2
right_child=1 -3 -4
leaf_value=0.010250225533522733 -0.0043009847805612839 0.010054417425412463 0.00067359353455902031
leaf_weight=6.5219295620918265 43.55264975130558 4.8870295584201804 21.338234931230545
leaf_count=37 301 29 142
internal_value=-0.000515885 -0.00163062 -0.00262666
internal_weight=76.2998 69.7779 64.8909
internal_count=509 472 443
is_linear=0
shrinkage=0.01


Tree=74
num_leaves=4
num_cat=0
split_feature=4 0 30
split_gain=9.15553 9.3854 7.26209
threshold=-5.9904138731812955 0.060878139199248241 0.099013154560249242
decision_type=2 2 2
left_child=-1 2 -2
right_child=1 -3 -4
leaf_value=0.010016665735385007 -0.0048433824012857904 0.0084297418397408317 0.0037865827075319715
leaf_weight=6.6512475013732901 49.706479713320732 7.2676126658916465 11.311936423182486
leaf_count=40 345 45 71
internal_value=-0.000693711 -0.00184577 -0.00317697
internal_weight=74.9373 68.286 61.0184
internal_count=501 461 416
is_linear=0
shrinkage=0.01


Tree=75
num_leaves=7
num_cat=0
split_feature=5 6 30 30 9 9
split_gain=7.46727 14.1979 6.50748 5.98995 4.20547 2.8581
threshold=-1.335808269375679 -0.062726433801640932 0.15991150267535167 -0.18661246239517323 0.0092741312282639873 0.290003854280872
decision_type=2 2 2 2 2 2
left_child=2 4 3 -1 -2 -3
right_child=1 5 -4 -5 -6 -7
leaf_value=0.00074720166409028967 0.0051271929886556435 0.0016456771075182223 0.0061667142726093971 -0.0066690390232616867 0.018932423398028444 -0.007200253610633073
leaf_weight=19.078311257064339 5.2665439397096652 9.0786238163709623 8.2438968867063505 22.764833204448227 5.9229291528463364 5.1367977261543265
leaf_count=132 32 63 52 157 36 34
internal_value=0.000601916 0.00499306 -0.00159337 -0.00324787 0.0131886 -0.00148301
internal_weight=75.4919 25.4049 50.087 41.8431 11.1895 14.2154
internal_count=506 165 341 289 68 97
is_linear=0
shrinkage=0.01


Tree=76
num_leaves=5
num_cat=0
split_feature=30 30 30 22
split_gain=4.81285 8.55467 4.15393 1.05597
threshold=-0.35540253381201486 -0.32248290596154999 0.08185598895901651 -0.18817670962992247
decision_type=2 2 2 2
left_child=3 -2 -3 -1
right_child=1 2 -4 -5
leaf_value=-0.010266502144494077 0.011746668755385097 -0.0020399666488241553 0.0040931914961672144 -0.0020412423074721033
leaf_weight=4.6895304620265961 5.7848715186119071 44.489313282072544 13.995900541543959 4.2470196038484556
leaf_count=34 36 305 86 28
internal_value=-0.000292837 0.000638939 -0.000499145 -0.00699071
internal_weight=73.2066 64.2701 58.4852 8.93655
internal_count=489 427 391 62
is_linear=0
shrinkage=0.01


Tree=77
num_leaves=6
num_cat=0
split_feature=16 1 1 32 35
split_gain=10.9778 5.42277 11.1676 6.14976 2.35986
threshold=-0.18209973764386173 -0.32779056619663421 -0.67073579788730031 0.21364365513747022 0.31811695927680816
decision_type=2 2 2 2 2
left_child=4 2 -2 -3 -1
right_child=1 3 -4 -5 -6
leaf_value=0.013093481375110835 -0.007790318247560951 -0.007894699130149594 0.0080156474907857583 -6.3915095695583782e-05 0.0028886339026070636
leaf_weight=6.1031066477298719 6.1012703850865391 18.232701227068901 12.868898302316664 23.298210591077805 5.3909829258918762
leaf_count=34 42 129 84 161 31
internal_value=9.37831e-05 -0.00158482 0.00270847 -0.00362614 0.00887725
internal_weight=71.9952 60.5011 18.9702 41.5309 11.4941
internal_count=481 416 126 290 65
is_linear=0
shrinkage=0.01


Tree=78
num_leaves=5
num_cat=0
split_feature=10 17 17 24
split_gain=9.40488 6.49486 12.1167 1.36207
threshold=14.675285714285598 0.65800118230430449 0.47734746340759016 0.14332273034981483
decision_type=2 2 2 2
left_child=1 2 -1 -3
right_child=-2 3 -4 -5
leaf_value=0 0.013802578600034119 -0.0014771588375874659 0.013278745178132035 -0.0094292817647242295
leaf_weight=50.625257588922977 5.1942094415426245 4.9952131211757642 7.4109346866607657 6.248541995882988
leaf_count=346 29 34 48 42
internal_value=0.00143259 0.000369918 0.00176923 -0.00636519
internal_weight=74.4742 69.2799 58.0362 11.2438
internal_count=499 470 394 76
is_linear=0
shrinkage=0.01


Tree=79
num_leaves=5
num_cat=0
split_feature=13 9 33 0
split_gain=9.14696 4.81075 10.0958 6.70303
threshold=0.27035530193770096 0.30198676870813507 0.69007574090223833 -0.0099666191189784013
decision_type=2 2 2 2
left_child=1 3 -3 -1
right_child=-2 2 -4 -5
leaf_value=0.0014572028146783182 0.010076485748493043 -0.00013446292089773051 0.015506674988833886 -0.0061747413820841795
leaf_weight=21.248544380068779 8.750207453966139 19.219095006585125 4.6296780705451956 23.041363172233105
leaf_count=138 51 130 30 165
internal_value=0.000729208 -0.000492099 0.00303476 -0.00247086
internal_weight=76.8889 68.1387 23.8488 44.2899
internal_count=514 463 160 303
is_linear=0
shrinkage=0.01


Tree=80
num_leaves=7
num_cat=0
split_feature=38 16 34 13 12 29
split_gain=6.01965 7.33034 4.74345 3.84375 7.17494 1.47453
threshold=0.69484934203513704 -0.1684399759467039 0.95176118843814306 -1.311246455250288 -3.4902004424134243 -1.1759520596015085
decision_type=2 2 2 2 2 2
left_child=1 -1 -3 4 -2 -5
right_child=3 2 -4 5 -6 -7
leaf_value=0.0052323260343600329 0 -0.0069821380758139165 0.00089750068527969353 0.0033140780092055346 0.014654243914247009 -0.002714860003382058
leaf_weight=8.3930505663156492 7.2840046286582947 26.32351166754961 9.6455332413315755 6.1307776793837538 5.8669037967920321 9.6845630630850774
leaf_count=47 50 184 66 42 37 63
internal_value=-0.000462454 -0.00280077 -0.00480352 0.00300365 0.00689925 -0.000163941
internal_weight=73.3283 44.3621 35.969 28.9662 13.1509 15.8153
internal_count=489 297 250 192 87 105
is_linear=0
shrinkage=0.01


Tree=81
num_leaves=7
num_cat=0
split_feature=0 0 1 29 24 32
split_gain=4.94119 8.08341 7.62048 4.43991 2.4239 1.84362
threshold=-0.0097975248593709409 0.060878139199248241 -0.51145889003418699 -0.72732617370300556 -0.16954728687949591 0.26458430806715683
decision_type=2 2 2 2 2 2
left_child=2 4 5 -4 -2 -1
right_child=1 -3 3 -5 -6 -7
leaf_value=-0.0042704775384874265 0.0028497170479944902 0.0076860838403228051 0.014538685726656278 0.0014247589966042806 -0.0038410690343151596 0.0028014413657888437
leaf_weight=6.5805718749761599 5.5438354909420005 8.511554151773451 7.7609831094741821 4.7200914993882161 33.272544659674168 6.9175055772066116
leaf_count=41 35 52 50 30 237 45
internal_value=0.00109539 -0.000778539 0.00457279 0.0100563 -0.00278508 -0.000461329
internal_weight=73.3071 47.3279 25.9792 12.4811 38.8164 13.4981
internal_count=490 324 166 80 272 86
is_linear=0
shrinkage=0.01


Tree=82
num_leaves=5
num_cat=0
split_feature=21 6 5 29
split_gain=10.2761 5.44908 8.28176 4.00341
threshold=1.0607889680355387 -0.060351115524938818 -1.335808269375679 -0.69153156140441607
decision_type=2 2 2 2
left_child=1 2 -1 -3
right_child=-2 3 -4 -5
leaf_value=-0.00090903484813317662 0.012169652692787209 -0.00050255731476141446 0.0094983442093841894 -0.0078020051294069095
leaf_weight=26.624260529875755 6.3634159713983527 19.075648747384548 9.9720083177089673 13.130561307072638
leaf_count=179 36 132 60 93
internal_value=0.00047778 -0.000640291 0.00193577 -0.00364407
internal_weight=75.1659 68.8025 36.5963 32.2062
internal_count=500 464 239 225
is_linear=0
shrinkage=0.01


Tree=83
num_leaves=4
num_cat=0
split_feature=21 14 5
split_gain=8.35486 5.82217 4.74281
threshold=1.0607889680355387 -0.39341639552927604 -1.335808269375679
decision_type=2 2 2
left_child=1 -1 -3
right_child=-2 2 -4
leaf_value=0.0097812519880666887 0.013145820152594221 -0.0023173028720874867 0.0032817875867977718
leaf_weight=5.8286118060350409 5.3391640186309806 40.976516418159008 23.195230297744274
leaf_count=34 30 284 153
internal_value=0.00162595 0.000617739 -0.000237367
internal_weight=75.3395 70.0004 64.1717
internal_count=501 471 437
is_linear=0
shrinkage=0.01


Tree=84
num_leaves=5
num_cat=0
split_feature=0 0 37 35
split_gain=6.58999 7.24826 9.51912 6.82896
threshold=0.085420682223646002 -0.013455962608963213 0.63588886484146889 0.56301874813774011
decision_type=2 2 2 2
left_child=1 2 -1 -3
right_child=-2 3 -4 -5
leaf_value=0.013294171181837365 0.010627774895095195 -0.00074032678013075158 -0.0002431920132872728 -0.010147108694376109
leaf_weight=6.9529446065425899 5.1950793266296378 36.61795961856842 15.725166395306585 9.6197658777236921
leaf_count=44 31 248 101 70
internal_value=0.000261291 -0.000547871 0.00397508 -0.00284921
internal_weight=74.1109 68.9158 22.6781 46.2377
internal_count=494 463 145 318
is_linear=0
shrinkage=0.01


Tree=85
num_leaves=5
num_cat=0
split_feature=30 30 14 6
split_gain=7.3053 16.1496 7.65557 0.321309
threshold=-0.35540253381201486 -0.32248290596154999 -0.40598925157788207 -0.1190859902542369
decision_type=2 2 2 2
left_child=3 -2 -3 -1
right_child=1 2 -4 -5
leaf_value=-0.0039592185106547715 0.014708728863511836 0.010453705957350228 -0.0017224886649888952 -0.010527440706693673
leaf_weight=4.2646261155605316 7.2880756556987754 5.1639318168163291 55.228838905692101 4.907223738729952
leaf_count=30 45 29 376 34
internal_value=0 0.00114064 -0.000554798 -0.00814616
internal_weight=76.8527 67.6808 60.3928 9.17185
internal_count=514 450 405 64
is_linear=0
shrinkage=0.01


Tree=86
num_leaves=6
num_cat=0
split_feature=30 14 30 33 39
split_gain=8.28316 13.5245 10.4022 14.3169 4.80694
threshold=0.08185598895901651 -0.10756897636196526 -0.11655598993003231 0.13443286839586263 0.70546045461525819
decision_type=2 2 2 2 2
left_child=2 -2 3 -1 -4
right_child=1 -3 4 -5 -6
leaf_value=0.01736928771707618 0.014887397683356809 -0.0041373785292518886 -0.0082612917555359711 0.00021232512013933937 0.00096687026550680794
leaf_weight=5.22675897181034 9.3022714108228666 5.4206112325191489 17.45506186038256 34.921218663454056 7.2943421900272361
leaf_count=31 54 35 125 236 50
internal_value=0.00113116 0.00778003 -0.000379302 0.00270593 -0.00545739
internal_weight=79.6203 14.7229 64.8974 40.148 24.7494
internal_count=531 89 442 267 175
is_linear=0
shrinkage=0.01


Tree=87
num_leaves=6
num_cat=0
split_feature=24 24 6 0 38
split_gain=8.09895 9.13235 6.78016 6.14161 1.44556
threshold=-0.16954728687949591 -0.030979967357775827 -0.095354744849507969 -0.013455962608963213 0.69072500977961238
decision_type=2 2 2 2 2
left_child=2 4 -1 -3 -2
right_child=1 3 -4 -5 -6
leaf_value=0.013711134781312653 -0.010131752547408404 0.0075065169650714051 0.00060044893159367499 -0.00097777150610266921 -0.0026294790678672588
leaf_weight=7.0127149671316173 9.7711416184902173 10.680516406893728 9.4874169677495939 34.116899184882641 5.7103939950466147
leaf_count=38 72 69 58 235 40
internal_value=0.000461824 -0.00120626 0.00658847 0.00103934 -0.00772108
internal_weight=76.7791 60.279 16.5001 44.7974 15.4815
internal_count=512 416 96 304 112
is_linear=0
shrinkage=0.01


Tree=88
num_leaves=6
num_cat=0
split_feature=12 35 9 38 24
split_gain=6.13868 3.92978 6.00594 5.84554 2.90034
threshold=-8.7082873942576935 0.41015769108972822 0.61762736690108433 0.56164050003886912 -0.056720917530312366
decision_type=2 2 2 2 2
left_child=4 2 -2 -3 -1
right_child=1 3 -4 -5 -6
leaf_value=0.0019885774935182181 0.0030805999026312903 0.0020953307354967532 -0.0063545933458374823 -0.0076665650812303577 0.012945748067461698
leaf_weight=6.3781738132238388 34.013931088149548 9.3036535680294055 7.7711418867111197 14.767200998961924 4.7220701202750188
leaf_count=37 229 60 52 103 30
internal_value=0.000536305 -0.00059891 0.00120052 -0.00380553 0.00726548
internal_weight=76.9562 65.8559 41.7851 24.0709 11.1002
internal_count=511 444 281 163 67
is_linear=0
shrinkage=0.01


Tree=89
num_leaves=4
num_cat=0
split_feature=14 13 35
split_gain=7.75371 5.61751 5.48661
threshold=-0.40598925157788207 0.88606895297609378 0.136878275461639
decision_type=2 2 2
left_child=-1 2 -2
right_child=1 -3 -4
leaf_value=0.0098591274701668504 -0.0071370745286493788 0.0073249200905993782 -0.00045514548140735133
leaf_weight=6.186979040503501 16.876608148217201 6.0528585612773886 46.10463210940361
leaf_count=35 116 35 318
internal_value=-0.000373781 -0.00139832 -0.00233502
internal_weight=75.2211 69.0341 62.9812
internal_count=504 469 434
is_linear=0
shrinkage=0.01


Tree=90
num_leaves=4
num_cat=0
split_feature=10 13 13
split_gain=6.5169 4.54874 6.30283
threshold=14.675285714285598 0.53072363916124254 -1.3213197489883426
decision_type=2 2 2
left_child=1 2 -1
right_child=-2 -3 -4
leaf_value=0.0016866330514459114 0.0096370461975332153 0.0064513102334695796 -0.0046454102113148857
leaf_weight=31.315109685063359 6.6113102585077277 7.9092956483364096 29.863896325230602
leaf_count=215 36 46 208
internal_value=0.000503817 -0.000390028 -0.00136825
internal_weight=75.6996 69.0883 61.179
internal_count=505 469 423
is_linear=0
shrinkage=0.01


Tree=91
num_leaves=5
num_cat=0
split_feature=16 16 16 32
split_gain=8.38175 6.89942 8.09568 3.42362
threshold=-0.17404951636539281 0.030322173686414388 0.047322061513070654 0.33715401818213608
decision_type=2 2 2 2
left_child=-1 3 -3 -2
right_child=1 2 -4 -5
leaf_value=0.0074343605272142524 -0.0022768906312850973 0.012889927012247879 -0.00072431439625733423 -0.0091110356595611366
leaf_weight=10.717419773340223 21.772453472018242 4.7346110641956356 24.313176937401295 12.504614025354384
leaf_count=58 156 30 160 89
internal_value=-0.000486997 -0.00192239 0.00157376 -0.00495147
internal_weight=74.0423 63.3249 29.0478 34.2771
internal_count=493 435 190 245
is_linear=0
shrinkage=0.01


Tree=92
num_leaves=4
num_cat=0
split_feature=10 13 13
split_gain=6.95641 4.37599 4.65848
threshold=14.806678571428558 0.88606895297609378 -1.3213197489883426
decision_type=2 2 2
left_child=1 2 -1
right_child=-2 -3 -4
leaf_value=0.0013131899278734334 0.011177953777031055 0.006484907859568987 -0.0039335764606610157
leaf_weight=31.446719102561474 4.9507963955402365 7.3424643427133551 34.282151028513908
leaf_count=216 27 42 236
internal_value=0.00025369 -0.000516621 -0.0013871
internal_weight=78.0221 73.0713 65.7289
internal_count=521 494 452
is_linear=0
shrinkage=0.01


Tree=93
num_leaves=7
num_cat=0
split_feature=18 37 32 37 35 13
split_gain=5.98988 5.99277 5.70819 4.65107 4.0832 2.21927
threshold=11.269071428571451 0.69097220489724165 0.17496331149562952 0.54296214464999937 0.5357178662453318 -1.0289953795600395
decision_type=2 2 2 2 2 2
left_child=2 3 -1 -2 -3 -4
right_child=1 4 5 -5 -6 -7
leaf_value=-0.0012915395276151733 0.0038990776130612883 0.0041024327857274567 0.0034272157986085135 -0.0057710014800022849 -0.0060022261797993571 0.015004160594302268
leaf_weight=6.7096679136157027 5.1918476074933997 20.112791918218139 4.1867396757006636 30.049694307148457 4.3027262538671485 4.715630240738391
leaf_count=48 34 129 29 204 31 31
internal_value=-9.72267e-05 -0.00158541 0.005276 -0.00422784 0.00211657 0.0103504
internal_weight=75.2691 59.6571 15.612 35.2415 24.4155 8.90237
internal_count=506 398 108 238 160 60
is_linear=0
shrinkage=0.01


Tree=94
num_leaves=4
num_cat=0
split_feature=10 10 2
split_gain=8.86816 6.78008 7.62154
threshold=14.720178571428702 12.688928571428603 4.8479285714285467
decision_type=2 2 2
left_child=1 2 -1
right_child=-2 -3 -4
leaf_value=-0.0034385215692971844 0.011131249427474937 -0.0082960062284216634 0.0038321775798353308
leaf_weight=24.718247443437576 6.5892912298440924 9.3557952716946584 32.771605037152767
leaf_count=176 36 64 213
internal_value=0.000472553 -0.000608421 0.000651652
internal_weight=73.4349 66.8456 57.4899
internal_count=489 453 389
is_linear=0
shrinkage=0.01


Tree=95
num_leaves=7
num_cat=0
split_feature=11 36 21 38 21 19
split_gain=8.48595 7.61286 5.12644 5.55464 3.68627 1.81831
threshold=58.208493765440963 0.66717843868440496 -1.1952719823810529 0.55596998593583458 -1.7554144309483639 58.579166582382037
decision_type=2 2 2 2 2 2
left_child=2 -2 4 -4 -1 -3
right_child=1 5 3 -5 -6 -7
leaf_value=0 0.014226378417563029 0.0059162726852432113 0.0093421273540017918 -0.00077435102804973002 -0.0083853925821102022 -0.0015539482964120332
leaf_weight=8.0752820223569888 7.0774898529052761 4.5898784548044187 6.0529179349541655 29.343537978827953 12.860413484275339 7.7027540057897568
leaf_count=56 45 30 41 193 93 50
internal_value=0.000651694 0.00629924 -0.00127579 0.000978058 -0.00516032 0.00112303
internal_weight=75.7023 19.3701 56.3322 35.3965 20.9357 12.2926
internal_count=508 125 383 234 149 80
is_linear=0
shrinkage=0.01


Tree=96
num_leaves=4
num_cat=0
split_feature=0 9 30
split_gain=5.08651 6.70292 7.23051
threshold=0.060878139199248241 0.63564335334551514 0.26567571115164113
decision_type=2 2 2
left_child=1 2 -1
right_child=-2 -3 -4
leaf_value=-0.0012274298737499471 0.0069063193748054455 -0.0097972969730285488 0.011214839528593663
leaf_weight=54.33596158772707 7.8371626585721961 7.7594526186585417 4.5988091528415671
leaf_count=370 48 55 27
internal_value=-0.000406046 -0.00135496 -0.000119879
internal_weight=74.5314 66.6942 58.9348
internal_count=500 452 397
is_linear=0
shrinkage=0.01


Tree=97
num_leaves=4
num_cat=0
split_feature=16 10 25
split_gain=7.93642 4.87544 4.00181
threshold=-0.18209973764386173 14.675285714285598 -0.090531764880610363
decision_type=2 2 2
left_child=-1 2 -2
right_child=1 -3 -4
leaf_value=0.007986026697212904 -0.0056917560956418955 0.0077732955728742319 -0.00010257440353069482
leaf_weight=10.484631821513174 19.716738805174828 4.8993269652128211 38.144502907991409
leaf_count=58 142 27 262
internal_value=0.000103891 -0.00121817 -0.00209099
internal_weight=73.2452 62.7606 57.8612
internal_count=489 431 404
is_linear=0
shrinkage=0.01


Tree=98
num_leaves=5
num_cat=0
split_feature=10 10 11 8
split_gain=5.70109 8.09771 6.14143 3.04087
threshold=14.675285714285598 10.856464285714344 48.329223394175777 -0.052190334317986337
decision_type=2 2 2 2
left_child=1 2 -1 -3
right_child=-2 3 -4 -5
leaf_value=-0.0015539941312963498 0.0085650028278172058 0 0.0054359597585506318 -0.0084871889499642788
leaf_weight=25.336234055459499 7.3962025791406623 6.4376321211457279 23.283999130129814 13.006870493292807
leaf_count=172 40 42 156 92
internal_value=0.000503844 -0.000384432 0.00175365 -0.00579097
internal_weight=75.4609 68.0647 48.6202 19.4445
internal_count=502 462 328 134
is_linear=0
shrinkage=0.01


Tree=99
num_leaves=5
num_cat=0
split_feature=14 0 32 0
split_gain=7.0253 5.53037 4.14478 3.69144
threshold=-0.4334569273767766 -0.013455962608963213 0.48525911024565987 0.060878139199248241
decision_type=2 2 2 2
left_child=-1 2 -2 -3
right_child=1 3 -4 -5
leaf_value=0.0098746911290252901 0.0052393404272906988 -0.0041944169721829221 -0.0046995260690158814 0.0032111392072397609
leaf_weight=6.1458115279674521 18.19015666842461 38.341094240546227 4.6830044239759436 7.2892542928457251
leaf_count=34 116 272 32 45
internal_value=1.71445e-05 -0.000888896 0.00301912 -0.0029244
internal_weight=74.6493 68.5035 22.8732 45.6303
internal_count=499 465 148 317
is_linear=0
shrinkage=0.01


Tree=100
num_leaves=5
num_cat=0
split_feature=17 17 24 1
split_gain=4.89622 10.5273 7.35071 2.52367
threshold=0.63681629046828381 0.47103428238072748 -0.17404951636539281 0.63274871796240817
decision_type=2 2 2 2
left_child=1 2 -1 -2
right_child=3 -3 -4 -5
leaf_value=0.005882173309074026 -0.0085957271903266685 0.011804456648337167 -0.0022070412027537186 0
leaf_weight=14.961090683937071 7.4748903512954694 8.2525975853204709 40.583226889371872 5.5557086914777756
leaf_count=86 51 52 287 36
internal_value=0.000427775 0.00161115 0 -0.00498968
internal_weight=76.8275 63.7969 55.5443 13.0306
internal_count=512 425 373 87
is_linear=0
shrinkage=0.01


Tree=101
num_leaves=4
num_cat=0
split_feature=5 0 36
split_gain=7.42997 3.61037 4.01996
threshold=0.19248553452888281 0.060878139199248241 0.60268092668828721
decision_type=2 2 2
left_child=1 2 -1
right_child=-2 -3 -4
leaf_value=-0.0061179924067445001 0.012041015722850986 0.0069504451075665654 0.00077119096556441254
leaf_weight=9.4293989613652212 5.6288451254367819 7.2931329756975165 55.78007997572422
leaf_count=69 33 44 372
internal_value=0.00144494 0.000504372 -0.000218314
internal_weight=78.1315 72.5026 65.2095
internal_count=518 485 441
is_linear=0
shrinkage=0.01


Tree=102
num_leaves=8
num_cat=0
split_feature=37 1 22 37 0 22 10
split_gain=5.06864 7.90891 6.4582 5.35918 5.14381 4.67886 3.06024
threshold=0.69423132311716185 -0.14501564615075899 -0.05310955929337579 0.66260841629982747 0.039570037275694837 -0.18997919628063106 9.6346428571429072
decision_type=2 2 2 2 2 2 2
left_child=1 3 5 -1 -3 -2 -4
right_child=2 4 6 -5 -6 -7 -8
leaf_value=0.0065526663102757335 0.002425139729975771 -0.0083270179311334246 0.002902877836388791 -0.0039925903251318388 0.00057113417089012404 0.014334403897211433 -0.0059110947311194432
leaf_weight=13.087788142263891 8.4060194417834264 18.275137245655063 7.5757649242877942 6.6891664937138549 8.9180980026721937 6.256365172564986 6.8731371238827705
leaf_count=80 55 135 51 46 57 38 44
internal_value=0.000139425 -0.00184598 0.00342121 0.00282749 -0.00534289 0.00800974 -0.0011466
internal_weight=76.0815 46.9702 29.1113 19.777 27.1932 14.6624 14.4489
internal_count=506 318 188 126 192 93 95
is_linear=0
shrinkage=0.01


Tree=103
num_leaves=6
num_cat=0
split_feature=13 4 38 26 13
split_gain=6.97675 6.07474 6.43949 5.68879 1.05958
threshold=1.0000000180025095e-35 -3.8722435976501397 0.69484934203513704 20.093357142857229 -1.5617608952678135
decision_type=2 2 2 2 2
left_child=1 4 -3 -2 -1
right_child=3 2 -4 -5 -6
leaf_value=-0.0031000140609223985 0.011966374321066172 -0.002818303783354948 0.0043962049962469859 -0.00016995162288649599 -0.011044975020403787
leaf_weight=4.811608150601387 7.6043743044137937 29.4130599796772 20.553935453295708 6.4468627274036407 5.8018300756812078
leaf_count=32 43 209 137 38 38
internal_value=0.000119564 -0.00132311 0.000104094 0.00637742 -0.00801459
internal_weight=74.6317 60.5804 49.967 14.0512 10.6134
internal_count=497 416 346 81 70
is_linear=0
shrinkage=0.01


Tree=104
num_leaves=5
num_cat=0
split_feature=21 27 30 12
split_gain=5.75402 5.47317 3.96618 0.796784
threshold=1.0607889680355387 28.54390861400719 -0.3819314041129232 -9.4478332310845854
decision_type=2 2 2 2
left_child=1 3 -3 -1
right_child=-2 2 -4 -5
leaf_value=-0.0022058648973898982 0.010417224907122045 -0.0070880262432789099 0.0015630507008339268 -0.0092931748539889347
leaf_weight=4.2999847903847694 4.7069337815046302 5.3011557832360259 54.287340186536312 6.3309118598699552
leaf_count=28 26 38 365 47
internal_value=0.000247784 -0.000460303 0.000690925 -0.00692388
internal_weight=74.9263 70.2194 59.5885 10.6309
internal_count=504 478 403 75
is_linear=0
shrinkage=0.01


Tree=105
num_leaves=5
num_cat=0
split_feature=21 11 18 9
split_gain=7.06081 6.57416 8.07839 3.19367
threshold=1.0607889680355387 58.208493765440963 12.858285714285723 -0.55337844970470651
decision_type=2 2 2 2
left_child=1 3 -3 -1
right_child=-2 2 -4 -5
leaf_value=-0.0055139879101418513 0.011442024568448663 0.013204511147198821 -0.0005883891937532986 -9.0416322352198424e-05
leaf_weight=15.254025235772131 5.2934338897466651 6.9677902013063422 8.852595314383505 38.814406767487526
leaf_count=101 29 43 60 269
internal_value=0.000832058 -4.4981e-06 0.00552104 -0.00171202
internal_weight=75.1823 69.8888 15.8204 54.0684
internal_count=502 473 103 370
is_linear=0
shrinkage=0.01


Tree=106
num_leaves=7
num_cat=0
split_feature=30 37 11 4 4 30
split_gain=4.77479 8.12158 5.51025 10.8541 3.74164 2.25329
threshold=-0.18356938358876776 0.69097220489724165 57.793884386531538 0.5327486362380115 -1.9329786760044951 0.059176982492281642
decision_type=2 2 2 2 2 2
left_child=2 5 3 -1 -3 -2
right_child=1 4 -4 -5 -6 -7
leaf_value=0.0061963870152289633 -0.0080158377889485884 -0.0018067421958887033 0.012232128467811732 -0.0084120180049522594 0.005554691668698283 0
leaf_weight=14.041550606489187 16.297614715993408 12.468401946127416 5.2987672835588446 7.2580707594752303 13.45652364194393 4.8133018165826789
leaf_count=92 117 81 34 51 86 30
internal_value=0.000148632 -0.00171989 0.00353435 0.00100204 0.00193354 -0.00628618
internal_weight=73.6342 47.0358 26.5984 21.2996 25.9249 21.1109
internal_count=491 314 177 143 167 147
is_linear=0
shrinkage=0.01


Tree=107
num_leaves=7
num_cat=0
split_feature=37 18 37 27 35 38
split_gain=5.84877 8.01732 5.99331 8.05077 3.5846 2.37782
threshold=0.69423132311716185 15.268892857142875 0.66285122634329319 44.823094716730033 0.5357178662453318 0.69259207740772666
decision_type=2 2 2 2 2 2
left_child=2 4 3 -1 -2 -4
right_child=1 -3 5 -5 -6 -7
leaf_value=-0.0045456082213084217 0.0022582806157625179 0.010887881339238301 -0.0096167252562461523 0.0056505223727977161 -0.0069875380639582967 -0.00026577316508567486
leaf_weight=16.013674922287468 14.497518897056585 8.9178782850503904 11.482310466468332 14.045657776296137 5.2880498915910712 4.4296189397573462
leaf_count=111 92 55 83 92 39 30
internal_value=-0.000178913 0.00328609 -0.00241902 0.000135012 -0.000176264 -0.00728377
internal_weight=74.6747 28.7034 45.9713 30.0593 19.7856 15.9119
internal_count=502 186 316 203 131 113
is_linear=0
shrinkage=0.01


Tree=108
num_leaves=7
num_cat=0
split_feature=6 3 3 29 29 37
split_gain=5.73378 5.79442 10.423 3.636 5.41015 1.93285
threshold=-0.060351115524938818 62.743733491646161 43.173939587496015 -0.68716222310871544 -1.2464045486936337 0.63588886484146889
decision_type=2 2 2 2 2 2
left_child=1 2 -1 4 -2 -5
right_child=3 -3 -4 5 -6 -7
leaf_value=0.0069617195774672284 -0.0046059192464063623 0.011563905720398398 -0.0039578439921997607 -0.0015485570912852908 0.0054486805960502508 -0.0090508635322856645
leaf_weight=16.303673185408115 10.05221036821604 6.2794178277254096 17.470078103244305 7.7541808634996441 10.263155341148375 8.5570755004882795
leaf_count=100 72 40 120 54 67 59
internal_value=0.000434598 0.00306403 0.00125051 -0.00236256 0.000338325 -0.00581494
internal_weight=76.6798 40.0532 33.7738 36.6266 20.3154 16.3113
internal_count=512 260 220 252 139 113
is_linear=0
shrinkage=0.01


Tree=109
num_leaves=5
num_cat=0
split_feature=21 1 11 6
split_gain=11.7814 4.16639 5.32081 4.72764
threshold=1.0607889680355387 -0.029458371274938933 57.793884386531538 -0.1443615775154265
decision_type=2 2 2 2
left_child=1 2 -1 -3
right_child=-2 3 -4 -5
leaf_value=-0.0010054931849394475 0.012852725653529802 0.00053879488136857198 0.008647402383291659 -0.0067304877251496706
leaf_weight=25.582005366683006 5.7245776057243338 13.654562965035437 6.710366576910018 21.731190845370293
leaf_count=169 31 91 42 158
internal_value=-0.000268893 -0.00150891 0.00101016 -0.00387341
internal_weight=73.4027 67.6781 32.2924 35.3858
internal_count=491 460 211 249
is_linear=0
shrinkage=0.01


Tree=110
num_leaves=5
num_cat=0
split_feature=5 3 5 9
split_gain=4.29677 3.56504 7.32144 4.70496
threshold=0.19248553452888281 62.260487283415472 -1.90689488696441 0.40460308426514507
decision_type=2 2 2 2
left_child=1 3 -3 -1
right_child=-2 2 -4 -5
leaf_value=-0.0038923675387693831 0.0075874468271119513 0.01094647285889357 -0.0025457558264051746 0.0024685080852304623
leaf_weight=40.808164097368717 5.964980535209178 6.5019921436905852 8.5251001194119436 15.186575211584566
leaf_count=281 35 43 56 101
internal_value=-0.000172158 -0.000914304 0.00326342 -0.00210753
internal_weight=76.9868 71.0218 15.0271 55.9947
internal_count=516 481 99 382
is_linear=0
shrinkage=0.01


Tree=111
num_leaves=7
num_cat=0
split_feature=30 30 12 21 33 2
split_gain=7.11196 7.45329 12.0019 6.84783 5.82937 3.48915
threshold=0.08185598895901651 -0.18661246239517323 -4.4983022878827787 -1.9239038272656759 0.26291531035296556 5.220428571428525
decision_type=2 2 2 2 2 2
left_child=1 2 -1 -3 5 -2
right_child=4 3 -4 -5 -6 -7
leaf_value=0.0142415133926786 -0.0047146025847858005 0.006607204575870787 -0.0011704266886466833 -0.0066255711377381293 0.014205439202676303 0.0065462342223380748
leaf_weight=5.897276088595393 4.594719320535658 3.9011223167181006 22.568345196545121 27.960656486451633 5.1634466350078574 5.2556531578302383
leaf_count=37 30 27 151 197 31 30
internal_value=0 -0.00151875 0.00210964 -0.00483561 0.00606621 0.00102975
internal_weight=75.3412 60.3274 28.4656 31.8618 15.0138 9.85037
internal_count=503 412 188 224 91 60
is_linear=0
shrinkage=0.01


Tree=112
num_leaves=5
num_cat=0
split_feature=14 33 16 27
split_gain=12.7327 6.33694 8.31645 5.73659
threshold=-0.41720038635074991 0.13443286839586263 -0.02463069431721213 44.088280242196078
decision_type=2 2 2 2
left_child=-1 2 -2 -3
right_child=1 3 -4 -5
leaf_value=0.013806458926920952 0.014150149094029903 -0.0058505044471221235 -0.00032542670667774347 0.00075164584365477029
leaf_weight=6.6153210699558249 5.857338771224021 21.423885695636272 9.4842045083641988 31.062522359192371
leaf_count=36 34 151 66 211
internal_value=0.00107286 -0.000217097 0.00528409 -0.00191638
internal_weight=74.4433 67.828 15.3415 52.4864
internal_count=498 462 100 362
is_linear=0
shrinkage=0.01


Tree=113
num_leaves=8
num_cat=0
split_feature=8 16 24 27 30 6 6
split_gain=5.29577 9.01975 6.62793 6.63466 6.20944 2.38908 2.19677
threshold=0.035529104364891671 0.14554139075727252 -0.18620888405466049 61.4616901099158 -0.11600448719896059 -0.08497106281620849 -0.0062105371546743917
decision_type=2 2 2 2 2 2 2
left_child=2 4 5 -4 -2 -1 -3
right_child=1 6 3 -5 -6 -7 -8
leaf_value=0.010029758692154792 0.015559984634694315 0.0020407916787426972 -0.0051896148880601102 0.0045333448963917437 0.0016087942654354757 0.0011794664950379819 -0.0067186086069951235
leaf_weight=5.5482285320758811 8.1579212546348554 5.2017525732517242 28.236689664423466 8.5465816110372526 6.080594718456271 8.3200362175703031 4.7363847568631154
leaf_count=29 52 33 205 57 39 51 32
internal_value=0.00124393 0.00505574 -0.000548485 -0.00281952 0.0100623 0.00515478 -0.00196828
internal_weight=74.8282 24.1767 50.6515 36.7833 14.2385 13.8683 9.93814
internal_count=498 156 342 262 91 80 65
is_linear=0
shrinkage=0.01


Tree=114
num_leaves=5
num_cat=0
split_feature=14 24 5 3
split_gain=8.03956 7.0998 8.64207 4.4811
threshold=-0.45817211576129957 -0.16954728687949591 -1.335808269375679 61.809179553748244
decision_type=2 2 2 2
left_child=-1 2 -2 -3
right_child=1 3 -4 -5
leaf_value=0.0099439080700450197 -0.0031975770405592873 -0.0054412030723307346 0.010234763233673776 0.00077303996557513167
leaf_weight=5.6696394085884085 8.9464980438351649 39.987999208271503 8.8850809633731824 14.993942543864248
leaf_count=31 56 289 47 100
internal_value=-0.000951184 -0.00190248 0.00342841 -0.00370077
internal_weight=78.4832 72.8135 17.8316 54.9819
internal_count=523 492 103 389
is_linear=0
shrinkage=0.01


Tree=115
num_leaves=5
num_cat=0
split_feature=14 4 5 3
split_gain=5.75455 5.70162 8.45441 5.80368
threshold=-0.41720038635074991 -4.5344564004803933 -1.8091429139058182 58.789390506098037
decision_type=2 2 2 2
left_child=-1 2 -2 -3
right_child=1 3 -4 -5
leaf_value=0.0088314234899863862 -0.0023552617789642412 -0.0040279421635431144 0.014397167587840407 0.0024297611426808323
leaf_weight=6.8574757575988761 5.4008182883262634 38.375994890928268 5.3926589936017972 20.663808539509773
leaf_count=37 36 272 30 137
internal_value=0.000398355 -0.000443995 0.00601583 -0.00171595
internal_weight=76.6908 69.8333 10.7935 59.0398
internal_count=512 475 66 409
is_linear=0
shrinkage=0.01


Tree=116
num_leaves=5
num_cat=0
split_feature=39 4 11 3
split_gain=6.34376 5.48216 5.74211 4.28422
threshold=0.73144008786884307 -2.8589937314486629 58.127468806480884 37.211357650375341
decision_type=2 2 2 2
left_child=1 3 -3 -1
right_child=-2 2 -4 -5
leaf_value=0.0062757191454851455 0.0075860499821114175 -0.0060251841692919722 0.00090857976569401044 -0.0031552309833576338
leaf_weight=12.030058264732363 7.5540534108877173 32.067033924162388 17.595676101744175 6.9575952067971221
leaf_count=71 48 231 113 46
internal_value=-0.000750646 -0.00175959 -0.00352415 0.00267373
internal_weight=76.2044 68.6504 49.6627 18.9877
internal_count=509 461 344 117
is_linear=0
shrinkage=0.01


Tree=117
num_leaves=4
num_cat=0
split_feature=14 21 0
split_gain=9.69294 7.24987 5.71512
threshold=-0.40598925157788207 1.0607889680355387 0.060878139199248241
decision_type=2 2 2
left_child=-1 2 -2
right_child=1 -3 -4
leaf_value=0.0094544285741355264 -0.0038969122795660615 0.0091217359597782679 0.0049519420324903611
leaf_weight=7.9985740929841986 57.284784108400345 4.9747516661882392 7.6396173685789099
leaf_count=44 405 27 47
internal_value=-0.000581483 -0.0018315 -0.00277993
internal_weight=77.8977 69.8992 64.9244
internal_count=523 479 452
is_linear=0
shrinkage=0.01


Tree=118
num_leaves=7
num_cat=0
split_feature=6 12 12 29 29 30
split_gain=11.2754 8.06184 10.1232 3.22492 5.59775 2.34499
threshold=-0.060351115524938818 -8.7082873942576935 1.5751908585007188 -0.88789343116252184 -1.135090038752526 -0.13001864969305368
decision_type=2 2 2 2 2 2
left_child=1 -1 -3 4 -2 -5
right_child=3 2 -4 5 -6 -7
leaf_value=0.013949731582814087 -0.0038253210870125265 -0.0014872978869092449 0.010410274327785296 -0.0018476758481666647 0.0081968959327535784 -0.0094975203771732603
leaf_weight=6.6578563153743735 12.619330108165743 23.195243209600449 9.5966049134731275 8.7913715764880198 4.9783527553081504 10.069483950734137
leaf_count=39 90 157 60 57 33 72
internal_value=0.000535089 0.00424826 0.0020085 -0.00340467 -0.000125992 -0.00622655
internal_weight=75.9082 39.4497 32.7918 36.4585 17.5977 18.8609
internal_count=508 256 217 252 123 129
is_linear=0
shrinkage=0.01


Tree=119
num_leaves=5
num_cat=0
split_feature=13 13 20 8
split_gain=5.30308 5.63746 5.27951 3.2362
threshold=1.4086942209150572 -1.3213197489883426 -1.6803399951700155 0.060997723749034984
decision_type=2 2 2 2
left_child=1 2 -1 -3
right_child=-2 3 -4 -5
leaf_value=-0.0017972281272142943 0.0099636554032855908 -0.0054012700369790549 0.0059866192909239372 0.0011429925400499241
leaf_weight=16.63987373560667 4.3205973803997031 26.559107191860676 16.540915712714195 9.3120788186788541
leaf_count=116 23 183 111 61
internal_value=-0.000131232 -0.000873091 0.00202529 -0.00362755
internal_weight=73.3726 69.052 33.1808 35.8712
internal_count=494 471 227 244
is_linear=0
shrinkage=0.01


Tree=120
num_leaves=6
num_cat=0
split_feature=30 32 30 33 19
split_gain=10.647 11.2413 7.85043 12.4717 3.35953
threshold=0.08185598895901651 0.2085500815852909 -0.11655598993003231 0.14390149828553547 41.534909204116857
decision_type=2 2 2 2 2
left_child=2 -2 3 -1 -4
right_child=1 -3 4 -5 -6
leaf_value=0.014121499253241288 -0.0023194328214285846 0.014594539974841446 -0.010383226263894636 -0.00149996208418971 -0.0021920814862386394
leaf_weight=5.5167662799358359 6.2310793846845618 8.6049430668354017 11.093112923204901 32.582209281623363 11.422529608011244
leaf_count=33 39 49 83 221 81
internal_value=0 0.0074511 -0.00186805 0.000837942 -0.00649598
internal_weight=75.4506 14.836 60.6146 38.099 22.5156
internal_count=506 88 418 254 164
is_linear=0
shrinkage=0.01


Tree=121
num_leaves=7
num_cat=0
split_feature=39 18 20 11 34 10
split_gain=5.09884 8.85678 6.34459 4.42721 3.1966 3.00124
threshold=0.68221877912385409 12.632142857142918 -6.4958409046589614 50.926612859594364 0.26484785061212113 6.8393928571428475
decision_type=2 2 2 2 2 2
left_child=2 5 -1 -4 -3 -2
right_child=1 4 3 -5 -6 -7
leaf_value=0.0057893766846937077 0.0030337367749242901 0.0026876005504775291 -0.0075813186416783728 -0.0004093212778175722 -0.0049182427367138503 0.015501814908403135
leaf_weight=7.7109849825501433 4.2808066830039042 12.892183668911459 16.604286909103394 19.359195485711098 8.8008584156632406 5.601678691804409
leaf_count=48 30 86 120 128 60 34
internal_value=0.000119794 0.00319059 -0.00204338 -0.00386145 -0.000304196 0.0107961
internal_weight=75.25 31.5755 43.6745 35.9635 21.693 9.88249
internal_count=506 210 296 248 146 64
is_linear=0
shrinkage=0.01


Tree=122
num_leaves=6
num_cat=0
split_feature=36 30 30 30 30
split_gain=4.7079 4.36739 7.24051 2.11281 1.04618
threshold=0.61083970415882949 -0.35540253381201486 -0.32435241308974294 -0.00018320382995206299 -0.40589448409390028
decision_type=2 2 2 2 2
left_child=3 4 -3 -1 -2
right_child=1 2 -4 -5 -6
leaf_value=-0.010249332140299628 -0.0082555127247425902 0.012662334354583674 0.0009863052315913503 -0.00076188582761483551 -0.00068645074484700245
leaf_weight=5.0525095835328102 4.4596611261367798 5.5622742921113959 51.399148896336555 5.5271702110767347 4.5821031406521779
leaf_count=39 33 35 335 41 31
internal_value=0.000168861 0.00121074 0.00227894 -0.00582161 -0.00497111
internal_weight=76.5829 66.0032 56.9614 10.5797 9.04176
internal_count=514 434 370 80 64
is_linear=0
shrinkage=0.01


Tree=123
num_leaves=5
num_cat=0
split_feature=30 27 4 32
split_gain=5.04797 6.34694 8.18924 6.13095
threshold=0.08185598895901651 64.083392562726843 -5.5287168841564371 0.21067963479754612
decision_type=2 2 2 2
left_child=1 2 -1 -2
right_child=3 -3 -4 -5
leaf_value=0.007144279350974829 -0.0023438899741845378 0.0069325683124459928 -0.0037769388619377786 0.010366092268426379
leaf_weight=7.5676707923412314 5.2211583852767935 8.9076182022690755 42.040860339999199 9.8452475965023023
leaf_count=45 32 57 299 57
internal_value=0.000756081 -0.000539133 -0.0019964 0.005835
internal_weight=73.5826 58.5161 49.6085 15.0664
internal_count=490 401 344 89
is_linear=0
shrinkage=0.01


Tree=124
num_leaves=7
num_cat=0
split_feature=0 6 38 12 8 32
split_gain=4.77167 8.7034 7.05143 5.32291 5.7342 2.7676
threshold=-0.011180708877487644 -0.1443615775154265 0.70957839755403829 1.5751908585007188 -0.021468717471006326 0.14965288912794009
decision_type=2 2 2 2 2 2
left_child=3 2 -2 4 -1 -3
right_child=1 5 -4 -5 -6 -7
leaf_value=-0.0031824880209373563 -0.00098186239609848909 -0.0094287698326788426 0.011213006208191536 0.011417832701808291 0.0071619262416592932 -0.0027387967200983628
leaf_weight=13.057449705898765 12.436887286603453 10.034907154738905 6.7444399818778029 5.8196212872862807 8.2452858090400696 21.559169359505177
leaf_count=84 83 72 42 35 52 151
internal_value=0 -0.00183747 0.00332954 0.00331771 0.000756174 -0.00507093
internal_weight=77.8978 50.7754 19.1813 27.1224 21.3027 31.5941
internal_count=519 348 125 171 136 223
is_linear=0
shrinkage=0.01


Tree=125
num_leaves=6
num_cat=0
split_feature=6 0 3 33 8
split_gain=7.58277 6.21887 6.51568 4.66538 3.28704
threshold=-0.062726433801640932 0.060878139199248241 43.880163336646696 0.72145671913532206 0.069649494905890341
decision_type=2 2 2 2 2
left_child=1 2 -1 4 -2
right_child=3 -3 -4 -5 -6
leaf_value=0.0057456078058343522 -0.0030173247018353989 0.01258640595811065 -0.0028506442668991224 0.0042946424217901354 -0.011013541279846089
leaf_weight=15.696332186460493 24.22749845683575 5.085889905691146 18.475705452263355 5.6522923037409774 7.0805777236819258
leaf_count=96 171 29 127 37 49
internal_value=-0.000252964 0.00274841 0.00103729 -0.00351513 -0.00506475
internal_weight=76.2183 39.2579 34.172 36.9604 31.3081
internal_count=509 252 223 257 220
is_linear=0
shrinkage=0.01


Tree=126
num_leaves=5
num_cat=0
split_feature=5 13 5 30
split_gain=5.85837 6.46823 5.34738 4.91439
threshold=0.19248553452888281 -1.3213197489883426 -2.2394856629494835 -0.16744910220235798
decision_type=2 2 2 2
left_child=1 2 -1 -3
right_child=-2 3 -4 -5
leaf_value=-0.00077772795468813375 0.0095350989020737409 0.0017135011262574551 0.0071599300394742495 -0.005341089624159163
leaf_weight=15.167165018618105 6.6695237904787055 15.017559707164763 16.951454520225525 24.855868138372898
leaf_count=106 38 96 112 171
internal_value=0.000913195 1.27985e-05 0.00336515 -0.00262149
internal_weight=78.6616 71.992 32.1186 39.8734
internal_count=523 485 218 267
is_linear=0
shrinkage=0.01


Tree=127
num_leaves=5
num_cat=0
split_feature=19 5 4 25
split_gain=3.96774 4.19667 3.72918 5.55887
threshold=65.524538002278987 -1.6446975429787112 -5.3449608716432513 0.42354142652625798
decision_type=2 2 2 2
left_child=2 -2 -1 -4
right_child=1 -3 3 -5
leaf_value=0.0042239397879007242 -0.0006776154691464938 0.010340183838961481 -0.0046118315131707431 0.002176290921797434
leaf_weight=9.4552897065877897 6.1126637011766434 6.1456336453556997 35.961459539830685 16.977154813706875
leaf_count=55 38 38 255 115
internal_value=-0.000237278 0.00479972 -0.00130487 -0.00237878
internal_weight=74.6522 12.2583 62.3939 52.9386
internal_count=501 76 425 370
is_linear=0
shrinkage=0.01


Tree=128
num_leaves=5
num_cat=0
split_feature=16 5 1 35
split_gain=6.89389 5.52621 4.78909 1.5959
threshold=-0.1684399759467039 0.070590086049993603 -0.14501564615075899 0.36726895495237738
decision_type=2 2 2 2
left_child=3 2 -2 -1
right_child=1 -3 -4 -5
leaf_value=0.010448473014257015 0.0016947058274836054 0.0088808693881279755 -0.004100174051629886 0.0021783559905042813
leaf_weight=6.7028104066848737 22.464494712650776 4.7329678013920775 35.272353164851665 5.5560768246650696
leaf_count=36 152 29 252 31
internal_value=0.000440911 -0.000877905 -0.00179877 0.0071676
internal_weight=74.7287 62.4698 57.7368 12.2589
internal_count=500 433 404 67
is_linear=0
shrinkage=0.01


Tree=129
num_leaves=6
num_cat=0
split_feature=17 8 29 34 5
split_gain=6.5494 6.6829 5.62054 5.01034 1.97365
threshold=0.63681629046828381 0.036045183698154078 -1.0935990415868457 0.10917632439147132 -1.8091429139058182
decision_type=2 2 2 2 2
left_child=1 3 -3 -1 -2
right_child=4 2 -4 -5 -6
leaf_value=0.0049178841527690448 -0.0014892325765042333 0.00070668352077194547 0.014255858692534261 -0.002394671246077373 -0.0097451496805892567
leaf_weight=12.671609029173849 6.8495605960488319 6.6143243238329887 6.2497196421027166 31.650353163480759 6.7595569714903814
leaf_count=82 47 44 37 221 45
internal_value=6.09701e-05 0.00159549 0.00780083 -0.000205548 -0.00600255
internal_weight=70.7951 57.186 12.864 44.322 13.6091
internal_count=476 384 81 303 92
is_linear=0
shrinkage=0.01


Tree=130
num_leaves=8
num_cat=0
split_feature=0 20 14 17 19 4 4
split_gain=5.45243 8.72744 3.929 3.39063 7.06143 3.59849 1.95401
threshold=-0.0060062434237635924 1.0460781715478336 -0.17435120578779298 0.42944287509846862 49.252822320747789 2.4594153829352767 1.4202772005860427
decision_type=2 2 2 2 2 2 2
left_child=1 2 -1 5 -5 -2 -3
right_child=3 6 -4 4 -6 -7 -8
leaf_value=0.0037305954222290167 -0.0065886222756961436 0.011878357018416316 -0.0055560077444535691 0.0079638840351641121 -0.0051762636833043623 0.0028166898783949625 0.0027286101250628965
leaf_weight=7.4351198002696064 19.154280677437786 8.9044609665870649 9.7254653498530406 7.5080203860998136 7.6981843113899231 4.3245577737689009 4.8909081667661658
leaf_count=44 142 54 68 50 51 29 30
internal_value=0.000108964 0.00324928 -0.00137085 -0.00233677 0.00116763 -0.00470854 0.00905323
internal_weight=69.641 30.956 17.1606 38.685 15.2062 23.4788 13.7954
internal_count=468 196 112 272 101 171 84
is_linear=0
shrinkage=0.01


Tree=131
num_leaves=4
num_cat=0
split_feature=10 13 32
split_gain=6.79506 5.3156 5.93019
threshold=14.675285714285598 0.53072363916124254 0.14965288912794009
decision_type=2 2 2
left_child=1 2 -1
right_child=-2 -3 -4
leaf_value=-0.0077557858014781177 0.0092151281923322243 0.0064820670381530643 -8.3902195671808885e-05
leaf_weight=12.698704726994036 7.1201331615447989 8.2309855818748456 46.14362633228302
leaf_count=90 38 46 319
internal_value=0.000234766 -0.000735275 -0.00184152
internal_weight=74.1934 67.0733 58.8423
internal_count=493 455 409
is_linear=0
shrinkage=0.01


Tree=132
num_leaves=6
num_cat=0
split_feature=33 12 10 10 3
split_gain=8.71195 6.5378 3.8373 4.37589 3.23707
threshold=0.13443286839586263 -2.8769262936425544 14.675285714285598 12.366678571428663 58.966997696776652
decision_type=2 2 2 2 2
left_child=1 -1 3 -2 -3
right_child=2 4 -4 -5 -6
leaf_value=0.013101046219979167 -0.0010608453349858281 -0.0055464007737460706 0.0064151128803496575 -0.0088856427291592981 0.0052412840282088933
leaf_weight=7.5046791434288052 42.435634940862656 4.0548964664340001 4.699537366628646 8.4950829520821554 6.3870648965239525
leaf_count=41 298 32 25 61 40
internal_value=0.000277872 0.00627233 -0.00164117 -0.00249802 0.000715939
internal_weight=73.5769 17.9466 55.6303 50.9307 10.442
internal_count=497 113 384 359 72
is_linear=0
shrinkage=0.01


Tree=133
num_leaves=5
num_cat=0
split_feature=14 6 3 35
split_gain=9.43379 5.16328 5.50739 4.10484
threshold=-0.44698309231371891 -0.060351115524938818 62.743733491646161 0.56301874813774011
decision_type=2 2 2 2
left_child=-1 2 -2 -3
right_child=1 3 -4 -5
leaf_value=0.014002602578659857 0.00098710562143787713 -0.00046860485882418415 0.011129642165930929 -0.0092110531904825797
leaf_weight=5.0347623974084845 29.207288816571236 25.811001904308796 6.3523170202970496 6.6073576956987372
leaf_count=26 192 183 39 51
internal_value=0.00143232 0.000362049 0.00301135 -0.00245443
internal_weight=73.0127 67.978 35.5596 32.4184
internal_count=491 465 231 234
is_linear=0
shrinkage=0.01


Tree=134
num_leaves=5
num_cat=0
split_feature=5 29 39 29
split_gain=4.4822 5.10101 4.81815 4.63957
threshold=0.070590086049993603 -0.64419397326389716 0.64949622523413097 -1.1261627957959208
decision_type=2 2 2 2
left_child=1 3 -3 -1
right_child=-2 2 -4 -5
leaf_value=-0.0021418319099205884 0.006389157990923512 0.00015399963231419109 -0.0090380605828031552 0.0044481078985150061
leaf_weight=27.062756679952145 7.3090117201209059 8.4863508492708224 13.617562860250471 16.814100489020348
leaf_count=188 42 59 90 112
internal_value=-0.000709289 -0.00158288 -0.00545089 0.000337568
internal_weight=73.2898 65.9808 22.1039 43.8769
internal_count=491 449 149 300
is_linear=0
shrinkage=0.01


Tree=135
num_leaves=7
num_cat=0
split_feature=1 1 37 29 37 13
split_gain=5.92393 11.065 4.24802 4.77319 2.92157 1.87823
threshold=-0.38899799130233453 -0.51145889003418699 0.69097220489724165 -1.2464045486936337 0.66731394724706039 -1.4893774031493292
decision_type=2 2 2 2 2 2
left_child=1 5 4 -4 -2 -1
right_child=2 -3 3 -5 -6 -7
leaf_value=0.002478453886197148 -0.0029378033082315671 0.014515085737588867 -0.006433930767528552 0.0036471041617084834 -0.0099790829914715683 -0.0041759081445391184
leaf_weight=6.9831469580531129 22.85916701704264 5.7933402061462393 6.1775429844856289 14.987908184528349 9.0198605135083181 8.600150503218174
leaf_count=45 160 34 43 96 67 53
internal_value=-0.00104386 0.00328632 -0.00285932 0.000485712 -0.00514605 -0.0010231
internal_weight=74.4211 21.3766 53.0445 21.1655 31.879 15.5833
internal_count=498 132 366 139 227 98
is_linear=0
shrinkage=0.01


Tree=136
num_leaves=4
num_cat=0
split_feature=10 21 6
split_gain=9.77077 8.717 5.4239
threshold=14.675285714285598 1.0607889680355387 0.22598980246320216
decision_type=2 2 2
left_child=1 2 -1
right_child=-2 -3 -4
leaf_value=-0.00030184901425830149 0.012979235111859642 0.011645530151627692 -0.010494430601070654
leaf_weight=56.950482286512852 5.6127353906631461 5.1623928099870673 5.3411478176712981
leaf_count=397 29 27 39
internal_value=0.000865055 -0.000186881 -0.00130019
internal_weight=73.0668 67.454 62.2916
internal_count=492 463 436
is_linear=0
shrinkage=0.01


Tree=137
num_leaves=8
num_cat=0
split_feature=0 10 22 2 37 6 39
split_gain=4.82962 5.39754 7.02201 4.63562 5.35977 3.26028 1.30809
threshold=-0.0048480896140985644 10.639500000000032 -0.25370479946996699 4.7593571428571337 0.69474544931115467 -0.1443615775154265 0.6349247366096471
decision_type=2 2 2 2 2 2 2
left_child=1 2 -1 6 -5 -3 -2
right_child=3 5 -4 4 -6 -7 -8
leaf_value=0.015876077429631506 -0.0013854373312947497 0.0034371088270490082 0.0020215166197459782 -0.0037147027798067524 0.0049738626461707756 -0.0054548962136831691 -0.0091735854532168145
leaf_weight=4.8801900222897521 4.2498043254017821 6.2843803316354743 14.124447934329512 16.75622292608023 11.541912771761416 9.3044749796390516 9.6200894117355329
leaf_count=32 36 36 92 115 73 62 71
internal_value=-0.000204615 0.00250235 0.00604881 -0.00249894 -4.19096e-05 -0.00168836 -0.00712727
internal_weight=76.7615 34.5935 19.0046 42.168 28.2981 15.5889 13.8699
internal_count=517 222 124 295 188 98 107
is_linear=0
shrinkage=0.01


Tree=138
num_leaves=8
num_cat=0
split_feature=18 26 26 0 1 14 20
split_gain=5.3318 7.28711 9.89492 4.72397 5.45519 2.93638 2.65177
threshold=14.200785714285891 19.966321428571458 22.277428571428675 -0.016279276743730493 -0.56497501510504333 -0.037184346754805121 -6.4043763865302017
decision_type=2 2 2 2 2 2 2
left_child=3 5 -3 4 -1 -2 -5
right_child=1 2 -4 6 -6 -7 -8
leaf_value=-0.0043409278450371735 0.0020215601188661139 0.012164073935980636 -0.00046950476749972397 0.00019352336996852012 0.0089071789777929941 -0.0073952062873731709 -0.0067609007997419968
leaf_weight=5.5828861594200134 4.4629847630858412 10.883062817156317 12.587162412703035 6.0170137733221081 5.602747827768324 8.0014253184199315 23.306927725672722
leaf_count=37 29 68 81 40 34 60 169
internal_value=-0.000640192 0.00209919 0.00539502 -0.00313932 0.00213535 -0.00384413 -0.005254
internal_weight=76.4442 35.9346 23.4702 40.5096 11.1856 12.4644 29.3239
internal_count=518 238 149 280 71 89 209
is_linear=0
shrinkage=0.01


Tree=139
num_leaves=6
num_cat=0
split_feature=16 38 11 37 9
split_gain=8.78723 6.3652 8.18031 5.88277 1.57772
threshold=-0.17007244670005453 0.69664705133769711 58.127468806480884 0.66173723041552179 -0.51816780307141463
decision_type=2 2 2 2 2
left_child=4 3 -3 -2 -1
right_child=1 2 -4 -5 -6
leaf_value=0.0040167658575483711 0.0014367922512806503 -0.00078611684620921273 0.010991359941703159 -0.0062711493609712158 0.012341608686068668
leaf_weight=7.1216380894184113 15.713087499141691 15.94281377643347 8.4447393566369993 23.445313014090061 5.7562107890844327
leaf_count=39 109 113 51 171 30
internal_value=0.000901478 -0.000600833 0.00331045 -0.00312342 0.00828429
internal_weight=76.4238 63.546 24.3876 39.1584 12.8778
internal_count=513 444 164 280 69
is_linear=0
shrinkage=0.01


Tree=140
num_leaves=4
num_cat=0
split_feature=17 14 10
split_gain=4.19382 6.56536 5.65672
threshold=0.76567901134872629 -0.40598925157788207 11.742535714285593
decision_type=2 2 2
left_child=1 -1 -3
right_child=-2 2 -4
leaf_value=0.0088448821056815261 -0.0081803825502043872 0.00078781714675763307 -0.0057073717332065668
leaf_weight=6.8559853583574286 6.5707734674215308 43.253479719161987 18.524750158190727
leaf_count=38 45 302 125
internal_value=-0.000843939 -4.40991e-05 -0.00114184
internal_weight=75.205 68.6342 61.7782
internal_count=510 465 427
is_linear=0
shrinkage=0.01


Tree=141
num_leaves=5
num_cat=0
split_feature=14 24 36 0
split_gain=7.21881 8.34156 5.65634 4.09163
threshold=-0.40598925157788207 -0.16954728687949591 0.71505695959393811 0.060878139199248241
decision_type=2 2 2 2
left_child=-1 2 -2 -3
right_child=1 3 -4 -5
leaf_value=0.0079481099874245779 0.0084015491731712043 -0.0047158191159048912 -0.0036994623131438803 0.0032548833200914352
leaf_weight=8.0812874734401685 10.992612831294538 47.13737165927887 5.0622514188289633 6.6273192316293708
leaf_count=44 59 348 33 41
internal_value=-0.000653911 -0.00174165 0.00440828 -0.00365709
internal_weight=77.9008 69.8196 16.0549 53.7647
internal_count=525 481 92 389
is_linear=0
shrinkage=0.01


Tree=142
num_leaves=8
num_cat=0
split_feature=6 29 36 17 39 3 3
split_gain=6.24278 7.74126 7.37489 3.96596 5.12062 3.68122 1.27297
threshold=-0.060351115524938818 -0.74553313626758844 0.68068909704431213 0.075147718083560786 0.65970241424661502 36.15962875777165 36.459746010933138
decision_type=2 2 2 2 2 2 2
left_child=1 5 -3 6 -5 -1 -2
right_child=3 2 -4 4 -6 -7 -8
leaf_value=0.0060715588674506273 -0.0022889998225803301 0.016907022295187563 0.0018093664420861732 -0.0055278293921391585 0.0053563480439477061 -0.0026416324619562056 -0.0083881986037173291
leaf_weight=6.0093031749129322 8.3122114241123217 5.9389798641204816 7.807490810751915 6.9030931144952801 9.6960659772157651 18.125970214605331 10.031565599143503
leaf_count=37 60 34 47 49 63 126 74
internal_value=0.000223561 0.0030539 0.00890714 -0.00275997 0.000625215 -0.000271211 -0.00591771
internal_weight=72.8247 37.8817 13.7465 34.9429 16.5992 24.1353 18.3438
internal_count=490 244 81 246 112 163 134
is_linear=0
shrinkage=0.01


Tree=143
num_leaves=6
num_cat=0
split_feature=30 30 4 9 37
split_gain=10.6222 6.25956 8.22879 5.6807 4.30858
threshold=0.099013154560249242 -0.11655598993003231 -1.0910013635425455 0.055600467048046255 0.69505536708335203
decision_type=2 2 2 2 2
left_child=1 2 -1 -2 -3
right_child=3 4 -4 -5 -6
leaf_value=0.0065836675537518496 0.014366108087023379 -0.0085857311964661811 -0.0025117171646782464 0.00091445358826576202 -8.4368944152649416e-05
leaf_weight=17.082138083875179 7.2040001377463323 13.657752156257631 21.91951871663332 6.2806696444749832 11.571665823459623
leaf_count=107 41 104 151 38 79
internal_value=0.000648814 -0.00102161 0.00142889 0.00857204 -0.00488053
internal_weight=77.7157 64.2311 39.0017 13.4847 25.2294
internal_count=520 441 258 79 183
is_linear=0
shrinkage=0.01


Tree=144
num_leaves=5
num_cat=0
split_feature=10 5 25 35
split_gain=3.96326 5.2916 3.22649 2.05319
threshold=5.9659642857141737 -0.6893253407304728 -0.68082433181677082 0.36726895495237738
decision_type=2 2 2 2
left_child=-1 2 -2 -3
right_child=1 3 -4 -5
leaf_value=-0.0071060604292613287 0.0063160523112838164 0.011815888590597321 -0.00098405661229925391 0.0024235319178998759
leaf_weight=5.6564849466085425 6.4129772409796706 5.2208016589283925 47.922623991966248 6.1905060410499573
leaf_count=47 39 30 331 37
internal_value=0.000501712 0.00125022 -1.80153e-05 0.00728812
internal_weight=71.4034 65.7469 54.3356 11.4113
internal_count=484 437 370 67
is_linear=0
shrinkage=0.01


Tree=145
num_leaves=7
num_cat=0
split_feature=37 37 32 32 8 14
split_gain=5.05723 5.73384 5.15388 4.72908 2.89927 0.397608
threshold=0.66285122634329319 0.65278433901978294 0.17085559537024239 0.32579608386972958 0.035529104364891671 -0.064344698662841579
decision_type=2 2 2 2 2 2
left_child=1 4 5 -4 -1 -2
right_child=2 -3 3 -5 -6 -7
leaf_value=-0.0024238253958154109 -0.004843000390370349 0.011522688302233393 0.0026634577589255666 -0.0051071269822538495 0.0045594599237001468 -0.01088641725650211
leaf_weight=17.280256614089019 5.819732666015625 4.5928123518824568 15.523956231772901 14.460065871477125 8.4216606914997083 6.9933804199099523
leaf_count=122 37 29 103 98 54 51
internal_value=-0.00121809 0.00182709 -0.00343917 -0.00100787 0 -0.00865181
internal_weight=73.0919 30.2947 42.7971 29.984 25.7019 12.8131
internal_count=494 205 289 201 176 88
is_linear=0
shrinkage=0.01


Tree=146
num_leaves=5
num_cat=0
split_feature=14 0 38 38
split_gain=5.82547 5.6844 6.62204 6.49798
threshold=-0.41720038635074991 -0.0058568513315705043 0.69455835161587809 0.65222003576307508
decision_type=2 2 2 2
left_child=-1 3 -3 -2
right_child=1 2 -4 -5
leaf_value=0.008782396662473475 0.0089355842091285078 -0.0061920405245771302 0.0020427008847409083 -0.0010391041955606104
leaf_weight=7.2191214412450782 10.788494981825353 23.119938269257545 15.599549256265162 14.213350281119345
leaf_count=38 70 171 106 94
internal_value=0.000559962 -0.000385985 -0.00281414 0.00323822
internal_weight=70.9405 63.7213 38.7195 25.0018
internal_count=479 441 277 164
is_linear=0
shrinkage=0.01


Tree=147
num_leaves=7
num_cat=0
split_feature=38 37 6 29 27 8
split_gain=5.38576 6.60056 5.99426 6.95741 5.80712 4.45446
threshold=0.69455835161587809 0.66173723041552179 0.054074980621979352 -0.95860728192587141 50.535108622255159 0.036563614990940872
decision_type=2 2 2 2 2 2
left_child=1 5 3 -2 -3 -1
right_child=2 4 -4 -5 -6 -7
leaf_value=-0.00011454890135773452 0.00055709306364948199 -0.00022302878662961489 -0.00443633945211963 0.011815359971798832 -0.0097452677358651416 0.009883592600552351
leaf_weight=13.045333959162237 11.420609906315807 15.016089245676996 5.7662732079625121 11.355676457285881 11.64925144612789 5.842893347144126
leaf_count=89 79 104 40 72 84 36
internal_value=0.000699787 -0.00138359 0.0040947 0.0064323 -0.00459623 0.00299867
internal_weight=74.0961 45.5536 28.5426 22.7763 26.6653 18.8882
internal_count=504 313 191 151 188 125
is_linear=0
shrinkage=0.01


Tree=148
num_leaves=4
num_cat=0
split_feature=8 30 30
split_gain=6.37252 5.05908 5.07888
threshold=-0.16924143959391746 0.18322094364732522 -0.11655598993003231
decision_type=2 2 2
left_child=-1 2 -2
right_child=1 -3 -4
leaf_value=0.0085356095600951417 0.00055424183991691642 0.0058620937256834036 -0.0052329308489845062
leaf_weight=7.7237225025892249 34.453767918050289 9.2269040644168836 25.407572686672211
leaf_count=42 234 55 187
internal_value=0.000181276 -0.000764205 -0.00187537
internal_weight=76.812 69.0882 59.8613
internal_count=518 476 421
is_linear=0
shrinkage=0.01


Tree=149
num_leaves=4
num_cat=0
split_feature=10 8 2
split_gain=6.41387 4.88905 4.45548
threshold=14.675285714285598 -0.16924143959391746 7.0236428571428347
decision_type=2 2 2
left_child=1 -1 -3
right_child=-2 2 -4
leaf_value=0.0075631978990411035 0.0093732710786979499 9.7415469867603093e-05 -0.0069051439236381511
leaf_weight=6.7399186789989463 7.348407343029975 49.119697868824005 10.4333548694849
leaf_count=37 37 348 71
internal_value=0.00081816 -0.000148305 -0.00112671
internal_weight=73.6414 66.293 59.5531
internal_count=493 456 419
is_linear=0
shrinkage=0.01


Tree=150
num_leaves=5
num_cat=0
split_feature=20 19 19 36
split_gain=5.92401 6.07212 4.6673 3.94447
threshold=7.846074296856842 36.535865267977925 41.534909204116857 0.64958924835965315
decision_type=2 2 2 2
left_child=1 3 -3 -1
right_child=-2 2 -4 -5
leaf_value=-0.0030117658977200641 0.00776698575929356 -0.0098495327161185597 -0.0013710695760838984 0.0060905418613473586
leaf_weight=5.9463799297809627 8.4563496261835081 7.7748989611864081 37.571466274559498 15.360172189772127
leaf_count=46 53 56 259 94
internal_value=9.3155e-05 -0.000886342 -0.00298175 0.00340182
internal_weight=75.1093 66.6529 45.3464 21.3066
internal_count=508 455 315 140
is_linear=0
shrinkage=0.01


Tree=151
num_leaves=7
num_cat=0
split_feature=6 21 10 8 2 37
split_gain=7.00334 5.7059 4.49407 4.11988 4.20174 2.17659
threshold=-0.1443615775154265 1.0607889680355387 10.232071428571448 0.035529104364891671 5.4201785714285515 0.6620773769612186
decision_type=2 2 2 2 2 2
left_child=3 2 -2 5 -5 -1
right_child=1 -3 -4 4 -6 -7
leaf_value=0.0048912629805442339 -0.0014573330356694102 0.0069644465253345276 -0.0081739950333579083 0.0010824796758039357 0.014038301365964765 -0.0028176294558974043
leaf_weight=5.1876713633537319 27.223356977105141 4.5049986392259589 16.910307861864567 5.6124863997101766 5.1977673918008804 9.7764346376061422
leaf_count=30 197 24 122 36 31 67
internal_value=-0.00075272 -0.00300897 -0.00416085 0.0033671 0.00792233 0
internal_weight=74.413 48.6387 44.1337 25.7744 10.8103 14.9641
internal_count=507 343 319 164 67 97
is_linear=0
shrinkage=0.01


Tree=152
num_leaves=4
num_cat=0
split_feature=14 12 18
split_gain=5.94744 5.25535 5.29303
threshold=-0.45817211576129957 -10.189516450040172 11.269071428571451
decision_type=2 2 2
left_child=-1 -2 -3
right_child=1 2 -4
leaf_value=0.0094406260370944912 0.0073810986838907409 0.0041020709401038196 -0.0030076316221157684
leaf_weight=6.1209924370050421 6.9886882901191703 12.581022344529627 48.319312438368797
leaf_count=32 41 93 332
internal_value=0.000370552 -0.000466398 -0.00146858
internal_weight=74.01 67.889 60.9003
internal_count=498 466 425
is_linear=0
shrinkage=0.01


Tree=153
num_leaves=4
num_cat=0
split_feature=21 6 13
split_gain=6.46168 5.44149 5.04004
threshold=1.0607889680355387 0.19948179723941445 0.74947326155192762
decision_type=2 2 2
left_child=1 2 -1
right_child=-2 -3 -4
leaf_value=-0.0012102501652996951 0.0097441126051270154 -0.0094882676349873924 0.0092454607425856757
leaf_weight=55.767830535769463 5.1588635146617881 6.8604384809732428 4.5006047040224066
leaf_count=387 27 50 25
internal_value=-0.000461101 -0.00135598 -0.000310445
internal_weight=72.2877 67.1289 60.2684
internal_count=489 462 412
is_linear=0
shrinkage=0.01


Tree=154
num_leaves=4
num_cat=0
split_feature=21 0 22
split_gain=5.24241 5.21787 6.21105
threshold=1.0607889680355387 0.060878139199248241 -0.35933621748817834
decision_type=2 2 2
left_child=1 2 -1
right_child=-2 -3 -4
leaf_value=0.0096471896460089863 0.0098238174872132197 0.0075114256125943116 -0.0017872414838361484
leaf_weight=4.6200773939490309 5.5684694498777381 7.9585320055484763 58.908732384443283
leaf_count=31 29 47 412
internal_value=0.000894424 9.37976e-05 -0.000839987
internal_weight=77.0558 71.4873 63.5288
internal_count=519 490 443
is_linear=0
shrinkage=0.01


Tree=155
num_leaves=7
num_cat=0
split_feature=5 16 9 25 29 27
split_gain=5.74782 10.7707 10.5782 5.52822 6.55879 3.75979
threshold=-1.335808269375679 0.14554139075727252 -0.41720174196784438 -0.10518779668560374 -0.70898404264696413 59.456086759417566
decision_type=2 2 2 2 2 2
left_child=3 2 -2 5 -5 -1
right_child=1 -3 -4 4 -6 -7
leaf_value=-0.0064380617749644643 0 -0.0064085540415484534 0.014485966798889095 -0.00099463690083231122 0.0094342835694182642 0.003381240968581261
leaf_weight=17.942199081182483 9.0052294358611142 5.7778409123420706 11.6251170784235 18.04943405836821 8.2115695998072606 4.1684672012925139
leaf_count=127 55 36 73 126 52 29
internal_value=0.00125919 0.00497993 0.00838759 -0.000740907 0.00226963 -0.00442034
internal_weight=74.7799 26.4082 20.6303 48.3717 26.261 22.1107
internal_count=498 164 128 334 178 156
is_linear=0
shrinkage=0.01


Tree=156
num_leaves=8
num_cat=0
split_feature=3 29 17 3 29 2 34
split_gain=5.9762 4.93392 4.5744 4.35472 3.44574 3.9715 3.47738
threshold=37.152759075312652 -1.0740689883072057 0.075147718083560786 62.743733491646161 -0.90317948655886504 6.8783928571427371 0.33873663532954751
decision_type=2 2 2 2 2 2 2
left_child=4 3 -3 -2 6 -6 -1
right_child=1 2 -4 -5 5 -7 -8
leaf_value=0.014328404605134118 -0.0075467491205838486 -0.0036719519418834004 0.0039167400672499766 0.0023602500020619729 -0.0045560701158919416 0.0070783128240540314 0.0016029198829891707
leaf_weight=5.1620783060789126 16.765460930764679 12.164371229708193 20.138443313539028 5.151241421699523 5.8796101659536344 4.8424386754631996 4.6445789411664009
leaf_count=33 121 86 127 35 44 25 31
internal_value=0.000245814 -0.00145519 0.000955176 -0.0050837 0.00480887 0.00051234 0.00896264
internal_weight=74.7482 54.2195 32.3028 21.9167 20.5287 10.722 9.80666
internal_count=502 369 213 156 133 69 64
is_linear=0
shrinkage=0.01


Tree=157
num_leaves=5
num_cat=0
split_feature=14 6 29 20
split_gain=7.69501 5.21522 6.43588 2.15828
threshold=-0.47162698353429328 -0.060351115524938818 -0.74553313626758844 4.8485511498970491
decision_type=2 2 2 2
left_child=-1 2 -2 -3
right_child=1 3 -4 -5
leaf_value=0.010600691843193084 -0.0025076135403696792 -0.0058880691035312861 0.0057789370449259992 0.00022616652807743627
leaf_weight=4.9262427985668173 22.801843471825123 26.185952611267567 15.003933817148207 6.1381355598568907
leaf_count=25 158 190 89 42
internal_value=-0.000806569 -0.00171971 0.000735248 -0.00464986
internal_weight=75.0561 70.1299 37.8058 32.3241
internal_count=504 479 247 232
is_linear=0
shrinkage=0.01


Tree=158
num_leaves=4
num_cat=0
split_feature=10 0 1
split_gain=4.89952 5.38 4.12699
threshold=14.720178571428702 0.060878139199248241 -0.25744772294597013
decision_type=2 2 2
left_child=1 2 -1
right_child=-2 -3 -4
leaf_value=0.0015891313751234567 0.0079317512511658667 0.0066417987571629833 -0.0037578509235790826
leaf_weight=23.451031565666199 7.4228147119283667 8.8051455020904523 34.087747000157833
leaf_count=150 38 51 254
internal_value=0.00048111 -0.000360711 -0.00153198
internal_weight=73.7667 66.3439 57.5388
internal_count=493 455 404
is_linear=0
shrinkage=0.01


Tree=159
num_leaves=5
num_cat=0
split_feature=10 10 0 4
split_gain=5.42998 5.36013 6.07646 2.46346
threshold=14.720178571428702 10.987357142857199 0.060878139199248241 -4.5344564004803933
decision_type=2 2 2 2
left_child=1 2 -1 -3
right_child=-2 3 -4 -5
leaf_value=5.0019547488079967e-05 0.0088445126338945468 0.00084322244848930518 0.010903514175546986 -0.0068057752167292006
leaf_weight=42.642461270093918 6.6510708034038535 4.8320726007223156 5.4622800946235648 14.24570745974779
leaf_count=303 34 31 31 103
internal_value=0.00054559 -0.000290948 0.00144364 -0.00474312
internal_weight=73.8336 67.1825 48.1047 19.0778
internal_count=502 468 334 134
is_linear=0
shrinkage=0.01


Tree=160
num_leaves=4
num_cat=0
split_feature=14 0 1
split_gain=5.94445 6.75057 9.69933
threshold=-0.40598925157788207 0.060878139199248241 -0.22307290963457391
decision_type=2 2 2
left_child=-1 2 -2
right_child=1 -3 -4
leaf_value=0.008181209303374553 0.002058606100679863 0.0066497795936339065 -0.0059412854019274723
leaf_weight=6.9740760475397101 25.932163737714291 8.8323162049055082 34.033880114555359
leaf_count=37 164 52 258
internal_value=-0.000243304 -0.00119345 -0.00244372
internal_weight=75.7724 68.7984 59.966
internal_count=511 474 422
is_linear=0
shrinkage=0.01


Tree=161
num_leaves=7
num_cat=0
split_feature=1 18 16 16 18 22
split_gain=6.07896 6.12623 4.95049 8.91746 4.14811 3.55913
threshold=-0.32779056619663421 11.833357142857041 0.030322173686414388 0.061994050859668977 14.57924999999994 0.093460813235705001
decision_type=2 2 2 2 2 2
left_child=1 -1 5 -4 -3 -2
right_child=2 4 3 -5 -6 -7
leaf_value=0.012107992622683852 -0.007462153360529483 -0.0044841526776758832 0.010451450481479186 -0.0028377859729618493 0.0045810598826682399 0.0011863358736285711
leaf_weight=5.9884918630123165 19.064917296171192 8.0570996254682559 6.5045672282576588 17.242561899125576 11.50910924375057 5.3775071427226058
leaf_count=36 148 52 40 117 69 35
internal_value=-0.000201493 0.00365407 -0.00232422 0.000818996 0.000679905 -0.00545351
internal_weight=73.7443 25.5547 48.1896 23.7471 19.5662 24.4424
internal_count=497 157 340 157 121 183
is_linear=0
shrinkage=0.01


Tree=162
num_leaves=7
num_cat=0
split_feature=35 32 29 18 19 19
split_gain=5.41997 4.37637 4.48697 3.74699 3.61451 4.02733
threshold=0.51933934918449076 0.2085500815852909 -1.1896852292378213 11.951821428571554 48.263127918614337 44.303751829818374
decision_type=2 2 2 2 2 2
left_child=1 3 -3 -1 5 -2
right_child=4 2 -4 -5 -6 -7
leaf_value=0.0034018924230190773 -0.0067195164847206499 -0.0013526340631056977 0.0063879130902168325 -0.0048154306444666067 -0.0089841290252986039 0.0055032280652410259
leaf_weight=7.8349328935146358 4.6606314256787318 10.281627073884012 21.429628483951092 14.898949794471262 9.3939896523952466 5.1062097027897835
leaf_count=56 33 70 137 97 72 33
internal_value=-0.000175568 0.00139599 0.00380305 -0.00184205 -0.00471565 -8.03263e-05
internal_weight=73.606 54.4451 31.7113 22.7339 19.1608 9.76684
internal_count=498 360 207 153 138 66
is_linear=0
shrinkage=0.01


Tree=163
num_leaves=5
num_cat=0
split_feature=14 28 17 17
split_gain=4.76122 4.82357 7.13691 4.97347
threshold=-0.40598925157788207 -7.109097501744599 0.61096884877371083 0.47734746340759016
decision_type=2 2 2 2
left_child=-1 3 -3 -2
right_child=1 2 -4 -5
leaf_value=0.0070520113652002636 -0.0077358209331431192 0.0025223341151075183 -0.0082449951275773425 0.0015230138621645671
leaf_weight=6.9091542214155188 17.379283063113693 35.58056279271841 6.8751597106456748 7.6532027646899214
leaf_count=37 129 242 48 52
internal_value=-0.00049995 -0.00136339 0.000633189 -0.00481322
internal_weight=74.3974 67.4882 42.4557 25.0325
internal_count=508 471 290 181
is_linear=0
shrinkage=0.01


Tree=164
num_leaves=7
num_cat=0
split_feature=18 2 21 29 29 29
split_gain=7.0134 6.73029 6.17203 3.71797 7.11555 3.98879
threshold=11.269071428571451 3.5480357142858217 -0.83756285835431232 -1.1527424268503361 -0.91296000430854929 -1.7229194683333731
decision_type=2 2 2 2 2 2
left_child=1 -1 -3 5 -5 -2
right_child=3 2 -4 4 -6 -7
leaf_value=-0.0042686950624868042 0.0011349207900704745 0.00096980727323598911 0.016064246942200038 0.008170712366237072 -0.0026162471101436819 -0.0080337747144288256
leaf_weight=4.7627032026648548 5.7249261215329197 5.7223482504487047 5.7250426337122891 7.2737873643636695 27.879199706017971 16.164962947368622
leaf_count=41 41 39 32 47 178 117
internal_value=-0.000650511 0.00500118 0.00912627 -0.00233821 -0.000216801 -0.00553007
internal_weight=73.253 16.2101 11.4474 57.0429 35.153 21.8899
internal_count=495 112 71 383 225 158
is_linear=0
shrinkage=0.01


Tree=165
num_leaves=6
num_cat=0
split_feature=36 13 26 33 18
split_gain=4.94256 4.28301 7.83578 5.40894 3.2506
threshold=0.61409609617729377 -0.81059546792859749 19.076500000000191 0.094072337575955026 12.49496428571427
decision_type=2 2 2 2 2
left_child=4 2 -2 -3 -1
right_child=1 3 -4 -5 -6
leaf_value=0 -0.0013101822391018809 0.0052503818296237119 0.007484106576692429 -0.0044922575585404174 -0.0095050753840485273
leaf_weight=6.4751479029655439 16.684723325073719 7.604941293597224 23.029726095497608 17.803448796272278 6.7282272502779961
leaf_count=50 118 42 153 116 49
internal_value=0.000518521 0.00169018 0.00374452 -0.00141536 -0.0048923
internal_weight=78.3262 65.1228 39.7144 25.4084 13.2034
internal_count=528 429 271 158 99
is_linear=0
shrinkage=0.01


Tree=166
num_leaves=6
num_cat=0
split_feature=6 36 28 13 36
split_gain=4.1946 5.5638 3.73744 3.48806 3.97311
threshold=-0.060351115524938818 0.71936519779296215 -3.3063350001216345 -0.24551054160478072 0.63652512579725296
decision_type=2 2 2 2 2
left_child=3 2 -2 4 -1
right_child=1 -3 -4 -5 -6
leaf_value=-0.0064763991356855868 0.0032717890909150561 -0.0099312088359194903 -0.0040159856636221743 0.0073280080468963562 0.0020933864486952008
leaf_weight=6.298274643719199 12.798680007457733 7.87597382813692 14.200605928897858 8.7237209230661374 25.477586038410664
leaf_count=45 84 56 105 49 166
internal_value=-0.000234151 -0.00279038 -0.000455537 0.0019011 0.000227811
internal_weight=75.3748 34.8753 26.9993 40.4996 31.7759
internal_count=505 245 189 260 211
is_linear=0
shrinkage=0.01


Tree=167
num_leaves=8
num_cat=0
split_feature=6 29 32 32 10 3 10
split_gain=4.17871 5.10591 6.9468 5.9279 3.83243 3.10821 1.94339
threshold=-0.060351115524938818 -0.74553313626758844 0.25608776359607005 0.23111586896326666 9.7226071428570542 44.019513026055101 13.021821428571263
decision_type=2 2 2 2 2 2 2
left_child=1 2 -1 -3 5 -2 -6
right_child=4 3 -4 -5 6 -7 -8
leaf_value=0.0057277868356359774 0.0040974823134816273 -0.0014070679444562367 -0.0051371137249027789 0.010539269242637301 -0.0094518088432774035 -0.0038109161158608636 -0.0013580332542542537
leaf_weight=8.4122940450906771 8.7331834435462969 6.1403644308447829 16.313833259046078 9.7363746985793096 9.8888405263423902 10.227860696613787 5.7537240684032431
leaf_count=55 63 35 118 57 69 75 41
internal_value=-0.00065414 0.00146495 -0.00128148 0.00583391 -0.00321153 -2.57804e-06 -0.00679484
internal_weight=75.2065 40.6029 24.7261 15.8767 34.6036 18.961 15.6426
internal_count=513 265 173 92 248 138 110
is_linear=0
shrinkage=0.01


Tree=168
num_leaves=5
num_cat=0
split_feature=36 32 9 9
split_gain=5.12322 5.01079 6.03686 3.68259
threshold=0.60268092668828721 0.58310737781426691 0.61178447055804419 0.22850242363884896
decision_type=2 2 2 2
left_child=3 2 -2 -1
right_child=1 -3 -4 -5
leaf_value=-0.0095461817754920082 0.0020225412255832015 0.0096310362621105372 -0.005804421110803008 0.0013689096352619533
leaf_weight=7.6697021722793561 49.918804243206978 6.2167580649256697 11.678844898939131 4.094142809510231
leaf_count=64 328 37 81 28
internal_value=0.000303101 0.00140486 0.00045546 -0.00560187
internal_weight=79.5783 67.8144 61.5976 11.7638
internal_count=538 446 409 92
is_linear=0
shrinkage=0.01


Tree=169
num_leaves=5
num_cat=0
split_feature=14 22 37 16
split_gain=6.59736 5.32392 5.79506 4.90743
threshold=-0.44698309231371891 0.10954903078151508 0.69841443091530186 -0.17767020506037937
decision_type=2 2 2 2
left_child=-1 3 -3 -2
right_child=1 2 -4 -5
leaf_value=0.0090438348360097967 0.0041610288982891945 0.011180840304813011 -0.0010487885514696021 -0.0041723974695963588
leaf_weight=6.2023634165525428 7.6168001145124427 5.812436379492282 8.85933820158243 44.531670674681664
leaf_count=32 42 35 57 327
internal_value=-0.000363675 -0.00134214 0.00380723 -0.00287028
internal_weight=73.0226 66.8202 14.6718 52.1485
internal_count=493 461 92 369
is_linear=0
shrinkage=0.01


Tree=170
num_leaves=8
num_cat=0
split_feature=6 11 18 36 38 32 32
split_gain=5.16078 5.37558 4.48369 4.59436 4.15431 3.46362 0.472638
threshold=-0.060351115524938818 42.624726557037867 12.979535714285705 0.63652512579725296 0.69664705133769711 0.09977739456397626 0.23847900419707826
decision_type=2 2 2 2 2 2 2
left_child=2 6 4 -4 -1 -3 -2
right_child=1 5 3 -5 -6 -7 -8
leaf_value=0.00028773466152158045 -0.0098492492412213146 -0.0067706268994367205 -0.0076972287883531531 0.0022336232094100151 0.011742185376650614 0.0023369877070517618 -0.0033132118849917552
leaf_weight=6.1298001632094365 7.6570880562067014 4.9472687691450146 5.4393253251910236 21.056385658681393 7.6489926427602768 17.215582452714443 4.0265834778547287
leaf_count=44 58 36 37 136 44 117 31
internal_value=8.31944e-05 -0.00273154 0.00252675 0 0.00704504 6.70557e-05 -0.00807135
internal_weight=74.121 33.8465 40.2745 26.4957 13.7788 22.1629 11.6837
internal_count=503 242 261 173 88 153 89
is_linear=0
shrinkage=0.01


Tree=171
num_leaves=7
num_cat=0
split_feature=6 39 3 1 6 6
split_gain=7.41164 5.14124 4.80164 3.68901 4.99838 1.52087
threshold=-0.062726433801640932 0.62581906158439093 37.152759075312652 -0.0096398629857384292 0.04269842589657781 -0.00023106422325571408
decision_type=2 2 2 2 2 2
left_child=1 -1 -3 4 -2 -5
right_child=3 2 -4 5 -6 -7
leaf_value=0.0087894211000026767 -0.0077052781492147285 0.006636244300651825 -0.0021589394192657496 -0.00074027158856230721 0.0032769876607351696 -0.0089733638242150016
leaf_weight=8.9429532811045629 5.9139191880822208 8.0860081166028994 21.659103602170944 3.8134462013840702 10.994587413966654 12.690419048070906
leaf_count=59 42 46 145 28 72 101
internal_value=-0.000567107 0.00235114 0.000202965 -0.00401945 -0.000502824 -0.00732513
internal_weight=72.1004 38.6881 29.7451 33.4124 16.9085 16.5039
internal_count=493 250 191 243 114 129
is_linear=0
shrinkage=0.01


Tree=172
num_leaves=4
num_cat=0
split_feature=10 10 12
split_gain=3.85513 4.34583 4.27876
threshold=14.675285714285598 13.209857142857119 -4.9537976397400589
decision_type=2 2 2
left_child=1 2 -1
right_child=-2 -3 -4
leaf_value=0.0045349062125863192 0.0067556142395081764 -0.0088009760539406821 -0.0014725840699677743
leaf_weight=15.767958812415598 7.3479805737733832 5.4631914794445029 42.901075452566147
leaf_count=101 37 42 305
internal_value=0.000102778 -0.000659423 0.000115972
internal_weight=71.4802 64.1322 58.669
internal_count=485 448 406
is_linear=0
shrinkage=0.01


Tree=173
num_leaves=6
num_cat=0
split_feature=17 18 10 10 33
split_gain=7.61112 4.96122 6.90885 5.14807 1.92809
threshold=0.62069458790415222 11.269071428571451 7.1008928571429166 14.720178571428702 0.20929218988588666
decision_type=2 2 2 2 2
left_child=1 2 -1 -3 -2
right_child=4 3 -4 -5 -6
leaf_value=0 -0.00077627153239510362 -0.0010986679120209457 0.013671623898445314 0.0082267663886500964 -0.0097812864528505072
leaf_weight=6.8388216122984868 4.5607400462031347 44.146988898515701 6.7375787347555161 6.3149132132530204 7.7260394394397736
leaf_count=54 30 303 41 31 56
internal_value=0.000171158 0.0016043 0.00685733 7.8735e-05 -0.00683438
internal_weight=76.3251 64.0383 13.5764 50.4619 12.2868
internal_count=515 429 95 334 86
is_linear=0
shrinkage=0.01


Tree=174
num_leaves=5
num_cat=0
split_feature=0 0 26 26
split_gain=5.62678 9.00176 10.4431 6.31533
threshold=0.060878139199248241 -0.0058568513315705043 19.701892857142905 19.189892857142862
decision_type=2 2 2 2
left_child=1 3 -3 -1
right_child=-2 2 -4 -5
leaf_value=0.0086439620889883859 0.0083013116883118923 -0.0083772425790146435 0.0025343206319727498 -0.00019193118665544355
leaf_weight=14.448141790926458 8.9909666478633863 18.852539271116257 15.129793621599672 16.18715026974678
leaf_count=91 52 147 107 105
internal_value=0.00111034 7.65352e-06 -0.00346583 0.00395077
internal_weight=73.6086 64.6176 33.9823 30.6353
internal_count=502 450 254 196
is_linear=0
shrinkage=0.01


Tree=175
num_leaves=7
num_cat=0
split_feature=5 8 26 37 13 38
split_gain=6.9951 6.95791 9.47967 3.78225 5.39217 2.70449
threshold=-1.4655830907066376 0.12638194688142321 18.938892857142918 0.69317245678337225 -1.6801700557287484 0.59618466606039866
decision_type=2 2 2 2 2 2
left_child=3 2 -2 5 -5 -1
right_child=1 -3 -4 4 -6 -7
leaf_value=-0.00023852093626450959 -0.0011678970824105116 -0.0070542735789938787 0.011040496000321911 0.0067784658035848957 -0.00361548769887504 -0.0074520561531738749
leaf_weight=8.3443206697702426 11.011121846735483 4.8080468028783789 13.129554547369478 7.4675544127821949 12.777634382247923 18.927669547498226
leaf_count=56 80 31 76 51 85 142
internal_value=-0.000614482 0.00317803 0.00543951 -0.00299649 0.000144741 -0.00539701
internal_weight=76.4659 28.9487 24.1407 47.5172 20.2452 27.272
internal_count=521 187 156 334 136 198
is_linear=0
shrinkage=0.01


Tree=176
num_leaves=5
num_cat=0
split_feature=30 27 4 30
split_gain=7.71451 6.04381 4.70323 7.22567
threshold=0.12091502701189717 55.578016270565136 -5.9904138731812955 0.011148343836713741
decision_type=2 2 2 2
left_child=2 -2 -1 -4
right_child=1 -3 3 -5
leaf_value=0.0077238854172107952 0.013049235308381509 -0.00017956076979528789 -2.1220041616712379e-05 -0.011030558758838219
leaf_weight=5.7152052298188201 7.9307463616132718 5.0866490975022316 49.547630712389946 6.3661171197891226
leaf_count=31 45 32 350 45
internal_value=0.000987647 0.00784261 -0.000463449 -0.00141453
internal_weight=74.6463 13.0174 61.629 55.9137
internal_count=503 77 426 395
is_linear=0
shrinkage=0.01


Tree=177
num_leaves=8
num_cat=0
split_feature=0 25 38 39 35 24 0
split_gain=7.44245 4.98672 4.32112 4.76103 4.23175 2.90128 2.40882
threshold=-0.0058568513315705043 -0.22434493062932312 0.69455835161587809 0.66628268451533978 0.49651493796515406 0.11947452491873796 -0.028377336430028162
decision_type=2 2 2 2 2 2 2
left_child=1 4 5 -4 -1 -2 -3
right_child=2 6 3 -5 -6 -7 -8
leaf_value=0.012039218338275742 -0.0070373902279942746 -0.005224261104795248 0.0087322893007427144 -0.0018352778128713138 0 0.00019506985511968592 0.0032368274653395801
leaf_weight=9.8681854903697985 16.966444417834285 4.8523472100496283 5.6917392238974598 12.480351381003855 4.5646864697337142 6.9341020286083213 8.5484339818358404
leaf_count=58 130 33 36 84 30 48 57
internal_value=0.000526591 0.00452811 -0.00207228 0.00145916 0.00850283 -0.00485514 0
internal_weight=69.9063 27.8337 42.0726 18.1721 14.4329 23.9005 13.4008
internal_count=476 178 298 120 88 178 90
is_linear=0
shrinkage=0.01


Tree=178
num_leaves=4
num_cat=0
split_feature=5 6 22
split_gain=5.83696 2.83245 3.73173
threshold=0.070590086049993603 0.15955041238143616 -0.32953440557153874
decision_type=2 2 2
left_child=1 2 -1
right_child=-2 -3 -4
leaf_value=0.0078637823432485075 0.0081345070243242171 -0.0064768960966922317 -0.0011166043179845308
leaf_weight=4.5408268421888343 7.0156606882810584 8.2442735880613309 52.684346310794353
leaf_count=29 39 61 359
internal_value=-0.00016778 -0.00115783 -0.000290097
internal_weight=72.4851 65.4694 57.2252
internal_count=488 449 388
is_linear=0
shrinkage=0.01


Tree=179
num_leaves=5
num_cat=0
split_feature=23 12 26 2
split_gain=3.77063 4.56483 5.98281 4.57191
threshold=-0.8335596058543514 1.5751908585007188 20.945749999999993 6.0167857142857244
decision_type=2 2 2 2
left_child=-1 3 -3 -2
right_child=1 2 -4 -5
leaf_value=0.008152501785102774 -0.0046938460064732809 0.0074154416662433531 -0.00337752791569716 0.0013461280248781777
leaf_weight=5.3560174480080596 26.417328141629696 13.914848707616331 7.1679265648126593 22.038013726472855
leaf_count=34 200 86 50 138
internal_value=0.000434096 -0.00017152 0.00361371 -0.00189983
internal_weight=74.8941 69.5381 21.0828 48.4553
internal_count=508 474 136 338
is_linear=0
shrinkage=0.01


Tree=180
num_leaves=5
num_cat=0
split_feature=22 6 29 37
split_gain=4.83258 4.7253 5.36154 5.14378
threshold=-0.35238579090325856 -0.062726433801640932 -0.49377922845939642 0.69474544931115467
decision_type=2 2 2 2
left_child=-1 2 -2 -3
right_child=1 3 -4 -5
leaf_value=0.0081906982434709671 -0.00091961866380597999 -0.0065743619382405971 0.0077895355193867231 0.001278045358918426
leaf_weight=5.4358615204691878 25.27606425434351 22.608757235109806 9.054502993822096 11.945589557290075
leaf_count=36 172 168 52 81
internal_value=-0.000410039 -0.00118611 0.00137009 -0.00379466
internal_weight=74.3208 68.8849 34.3306 34.5543
internal_count=509 473 224 249
is_linear=0
shrinkage=0.01


Tree=181
num_leaves=4
num_cat=0
split_feature=0 21 38
split_gain=3.79155 4.3901 4.28446
threshold=0.060878139199248241 -1.8022851859631424 0.55060942445411742
decision_type=2 2 2
left_child=1 -1 -3
right_child=-2 2 -4
leaf_value=0.0066390576527756437 0.0069995725271444435 0.0057096132423640313 -0.0021687382914330716
leaf_weight=8.0065544173121435 8.1089910268783552 7.3783066421747199 49.613295577466488
leaf_count=54 47 55 341
internal_value=0.000761261 -1.87033e-05 -0.00105582
internal_weight=73.1071 64.9982 56.9916
internal_count=497 450 396
is_linear=0
shrinkage=0.01


Tree=182
num_leaves=5
num_cat=0
split_feature=4 26 2 33
split_gain=5.17745 3.25982 7.0677 4.27693
threshold=-5.5287168841564371 18.560142857142804 7.0470357142856832 0.46907684210689365
decision_type=2 2 2 2
left_child=-1 3 -3 -2
right_child=1 2 -4 -5
leaf_value=0.0061176034965561054 -0.0069852120941005218 0.0032960845629827983 -0.0054686113979971977 0.002462263610247714
leaf_weight=10.349240131676195 16.450377225875858 26.868628926575184 13.303756557404993 5.821725293993949
leaf_count=59 122 183 87 42
internal_value=-0.000214792 -0.00135221 0.000288204 -0.00438415
internal_weight=72.7937 62.4445 40.1724 22.2721
internal_count=493 434 270 164
is_linear=0
shrinkage=0.01


Tree=183
num_leaves=5
num_cat=0
split_feature=0 0 0 19
split_gain=5.37064 4.83779 5.4861 3.86065
threshold=0.060878139199248241 -0.013455962608963213 -0.025079017465250663 38.03806956709068
decision_type=2 2 2 2
left_child=1 2 -1 -3
right_child=-2 3 -4 -5
leaf_value=-0.00027028548783854326 0.0073001248209605745 0.0014342738859927512 0.009632198400599791 -0.0050338625030590389
leaf_weight=18.247091673314575 8.9158449918031675 12.542623966932295 7.2245992124080649 27.597543619573116
leaf_count=112 51 88 46 204
internal_value=0.000204487 -0.000762264 0.00255424 -0.00294616
internal_weight=74.5277 65.6119 25.4717 40.1402
internal_count=501 450 158 292
is_linear=0
shrinkage=0.01


Tree=184
num_leaves=6
num_cat=0
split_feature=17 17 19 19 6
split_gain=3.49037 6.06073 9.32868 5.10817 2.41107
threshold=0.65800118230430449 0.42168966157478033 49.477251124748278 50.10509707020195 -0.0075106755562403893
decision_type=2 2 2 2 2
left_child=1 3 -3 -1 -2
right_child=4 2 -4 -5 -6
leaf_value=-0.0034152117042772412 -0.00089010105294522516 0.015673621686241732 -0.0022187888882958941 0.003223108533041696 -0.010467615644681042
leaf_weight=36.417709782719612 6.356763020157814 5.2778470367193204 5.1586971431970596 16.055526554584503 5.3498053923249227
leaf_count=253 42 34 33 107 40
internal_value=-0.000866042 3.60007e-05 0.00685814 -0.00131617 -0.0057622
internal_weight=74.6163 62.9098 10.4365 52.4732 11.7066
internal_count=509 427 67 360 82
is_linear=0
shrinkage=0.01


Tree=185
num_leaves=4
num_cat=0
split_feature=21 6 34
split_gain=5.05658 5.68429 4.46892
threshold=1.0607889680355387 0.22598980246320216 0.31842945880245993
decision_type=2 2 2
left_child=1 2 -1
right_child=-2 -3 -4
leaf_value=0.0026595107277082998 0.009779259959437148 -0.010323311035451331 -0.0026605410706480545
leaf_weight=36.018450088799 4.663036197423934 4.9123206660151473 27.095531933009624
leaf_count=237 24 37 190
internal_value=0.000209317 -0.000469468 0.000325434
internal_weight=72.6893 68.0263 63.114
internal_count=488 464 427
is_linear=0
shrinkage=0.01


Tree=186
num_leaves=7
num_cat=0
split_feature=10 38 0 19 6 21
split_gain=9.04938 6.45576 6.94621 4.21888 3.29256 0.735201
threshold=10.422535714285784 0.69455835161587809 -0.0058568513315705043 44.099491246329649 -0.1443615775154265 -0.40520404169581864
decision_type=2 2 2 2 2 2
left_child=1 2 -1 -3 -2 -6
right_child=4 3 -4 -5 5 -7
leaf_value=0.0057050765948324905 0.00040491864286875659 0.0027125730770208179 -0.0040261603682546863 0.013033817649163407 -0.0084213607666124776 -0.0028338939482752076
leaf_weight=12.800934553146364 9.8295914679765719 9.367334187030794 15.761243112385271 8.4202251434326154 10.192756898701193 6.5117583870887747
leaf_count=84 57 60 125 51 76 42
internal_value=0.000650108 0.00333925 0.000255056 0.00798523 -0.00391119 -0.00656329
internal_weight=72.8838 46.3497 28.5622 17.7876 26.5341 16.7045
internal_count=495 320 209 111 175 118
is_linear=0
shrinkage=0.01


Tree=187
num_leaves=6
num_cat=0
split_feature=6 24 2 35 32
split_gain=7.61056 5.72327 4.82149 4.30901 3.08614
threshold=-0.2197639019884447 -0.16954728687949591 4.9429642857143605 0.41015769108972822 0.32579608386972958
decision_type=2 2 2 2 2
left_child=4 3 -3 -2 -1
right_child=1 2 -4 -5 -6
leaf_value=0.009497213839748251 0.0085607714030034206 -0.0076300918668055183 -0.00071829722560845467 -0.0022387581641357848 0.00075239962617478721
leaf_weight=8.9640690907835978 7.3543201014399511 17.972539074718952 24.913349650800228 6.0266329050064087 8.6185607463121396
leaf_count=55 42 144 170 38 56
internal_value=-9.1876e-05 -0.00193025 -0.00373858 0.00357522 0.00551596
internal_weight=73.8495 56.2668 42.8859 13.381 17.5826
internal_count=505 394 314 80 111
is_linear=0
shrinkage=0.01


Tree=188
num_leaves=5
num_cat=0
split_feature=14 18 1 9
split_gain=6.21263 4.09429 7.76118 4.70218
threshold=-0.41720038635074991 11.269071428571451 -0.062884001048131979 0.43080720902201947
decision_type=2 2 2 2
left_child=-1 2 -2 -3
right_child=1 3 -4 -5
leaf_value=0.0089316718934545052 0.0119353708963827 -0.0043058332537296443 -0.0022422090956653396 0.0021602904213387222
leaf_weight=6.6671878397464743 6.0325507819652548 34.845875591039658 8.499257840216158 15.430933371186255
leaf_count=35 37 243 66 104
internal_value=5.59517e-05 -0.000872592 0.00364495 -0.00226044
internal_weight=71.4758 64.8086 14.5318 50.2768
internal_count=485 450 103 347
is_linear=0
shrinkage=0.01


Tree=189
num_leaves=5
num_cat=0
split_feature=30 28 30 30
split_gain=4.49327 2.68084 8.68986 3.28411
threshold=0.16904428732747154 -6.9965693153822022 -0.18356938358876776 -0.35540253381201486
decision_type=2 2 2 2
left_child=1 2 -1 -3
right_child=-2 3 -4 -5
leaf_value=0.0034190886650363682 0.0062527921154447745 -0.0057338193191519898 -0.0087305075837453092 0.0015650581263671538
leaf_weight=8.9685963615775126 8.4844756498932821 6.963463343679904 14.329850122332571 34.082661584019661
leaf_count=59 50 50 108 228
internal_value=-0.000321706 -0.00127641 -0.00395396 0.000200493
internal_weight=72.829 64.3446 23.2984 41.0461
internal_count=495 445 167 278
is_linear=0
shrinkage=0.01


Tree=190
num_leaves=5
num_cat=0
split_feature=10 9 6 10
split_gain=6.19649 4.96085 9.0598 3.56487
threshold=14.720178571428702 0.40460308426514507 0.025239534038358508 11.888428571428614
decision_type=2 2 2 2
left_child=1 3 -3 -1
right_child=-2 2 -4 -5
leaf_value=-0.0012907509316449359 0.0088078476082088207 0.0076977916902855057 -0.006320130428614513 -0.0082581149664772337
leaf_weight=35.099621802568436 6.5842168331146231 13.343331418931486 6.2574324905872336 9.4586175382137281
leaf_count=246 33 85 46 72
internal_value=-2.71987e-05 -0.00104138 0.00302751 -0.00291156
internal_weight=70.7432 64.159 19.6008 44.5582
internal_count=482 449 131 318
is_linear=0
shrinkage=0.01


Tree=191
num_leaves=5
num_cat=0
split_feature=0 36 4 0
split_gain=5.91148 5.19751 3.70375 3.45541
threshold=0.060878139199248241 0.64958924835965315 -5.5287168841564371 -0.01719571961621004
decision_type=2 2 2 2
left_child=1 3 -3 -1
right_child=-2 2 -4 -5
leaf_value=0 0.0063496146829692271 0.0062685079746877736 -0.001306089832666577 -0.010112846537271332
leaf_weight=5.6650087907910338 9.8913805857300741 7.2060224041342726 39.114625714719296 9.8790614902973157
leaf_count=38 57 41 276 79
internal_value=-0.000576116 -0.00177359 -9.29071e-06 -0.00667999
internal_weight=71.7561 61.8647 46.3206 15.5441
internal_count=491 434 317 117
is_linear=0
shrinkage=0.01


Tree=192
num_leaves=6
num_cat=0
split_feature=30 30 33 28 28
split_gain=7.04839 7.91369 12.449 2.82773 2.50404
threshold=0.15991150267535167 -0.11655598993003231 0.12975899649881331 -6.9965693153822022 -5.583149964500989
decision_type=2 2 2 2 2
left_child=1 2 -1 -3 -2
right_child=4 3 -4 -5 -6
leaf_value=0.014092103349649714 0.011395607660681218 -0.009396095229531342 -0.00065865609571464322 -0.0021505263120659415 0.0010892903027068875
leaf_weight=6.3586587831377974 6.4426949620246887 10.003791496157648 32.492150418460369 14.863038018345831 4.8087125122547132
leaf_count=33 36 75 224 106 30
internal_value=0.00033243 -0.000931376 0.00182772 -0.00531139 0.00747987
internal_weight=74.969 63.7176 38.8508 24.8668 11.2514
internal_count=504 438 257 181 66
is_linear=0
shrinkage=0.01


Tree=193
num_leaves=5
num_cat=0
split_feature=10 33 10 0
split_gain=7.15402 5.03221 4.34177 2.68907
threshold=14.675285714285598 0.13443286839586263 12.077178571428542 -0.0086094798064107886
decision_type=2 2 2 2
left_child=1 3 -3 -1
right_child=-2 2 -4 -5
leaf_value=0.0088989959080455379 0.0085057297505550158 -0.001323534260933719 -0.0089350814177714295 0.00017307462112637354
leaf_weight=5.4558404684066799 7.9466826468706122 42.992546424269676 9.067401245236395 10.560712382197378
leaf_count=31 39 303 70 71
internal_value=-0.000134454 -0.00124145 -0.00277872 0.0035065
internal_weight=76.0232 68.0765 52.0599 16.0166
internal_count=514 475 373 102
is_linear=0
shrinkage=0.01


Tree=194
num_leaves=5
num_cat=0
split_feature=30 30 19 14
split_gain=4.86122 3.25046 7.71751 5.52776
threshold=0.27769864663572769 -0.11655598993003231 29.272976542674673 -0.066945156037587231
decision_type=2 2 2 2
left_child=1 2 -1 -3
right_child=-2 3 -4 -5
leaf_value=0.012173507135855023 0.0092610699308843785 0.0011153147342939252 0 -0.0070299475101065021
leaf_weight=5.7787478044629088 5.7594081312417975 18.972596801817417 32.941928647458553 13.56145294010639
leaf_count=33 32 120 229 108
internal_value=0.000809347 2.46254e-05 0.0020117 -0.00224415
internal_weight=77.0141 71.2547 38.7207 32.534
internal_count=522 490 262 228
is_linear=0
shrinkage=0.01


Tree=195
num_leaves=6
num_cat=0
split_feature=6 8 8 20 11
split_gain=7.96309 5.88208 6.52845 3.17616 4.7692
threshold=-0.060351115524938818 0.07785703667708492 -0.01432168217403554 -14.609095188410263 58.127468806480884
decision_type=2 2 2 2 2
left_child=3 2 -2 -1 -5
right_child=1 -3 -4 4 -6
leaf_value=0.010217764687784125 -0.0058757335729107832 -0.010983537299022666 0.0039362791666894877 -0.00019827577091207783 0.0078606088589085604
leaf_weight=5.0618203207850447 13.299210034310818 7.5499312579631797 12.603867925703526 27.299288406968117 9.2131887972354871
leaf_count=28 98 55 93 182 55
internal_value=8.94022e-05 -0.00347294 -0.00100367 0.00303437 0.00183289
internal_weight=75.0273 33.453 25.9031 41.5743 36.5125
internal_count=511 246 191 265 237
is_linear=0
shrinkage=0.01


Tree=196
num_leaves=5
num_cat=0
split_feature=12 10 22 35
split_gain=3.93722 3.45775 4.81993 3.3443
threshold=-10.035614820601493 8.4786071428572374 -0.023753212016634353 0.136878275461639
decision_type=2 2 2 2
left_child=-1 2 -2 -3
right_child=1 3 -4 -5
leaf_value=0.0059596619774820326 0.005695423435342838 -0.0089579042589950503 -0.0030335125238614004 -0.0016804012997842059
leaf_weight=7.4186786934733382 12.668608441948892 7.8424093946814528 11.291022896766661 35.105949103832245
leaf_count=43 83 55 85 239
internal_value=-0.000643321 -0.00145873 0.00148132 -0.00316612
internal_weight=74.3267 66.908 23.9596 42.9484
internal_count=505 462 168 294
is_linear=0
shrinkage=0.01


Tree=197
num_leaves=4
num_cat=0
split_feature=0 21 0
split_gain=6.345 5.83432 5.11734
threshold=0.060878139199248241 1.0607889680355387 -0.013455962608963213
decision_type=2 2 2
left_child=1 2 -1
right_child=-2 -3 -4
leaf_value=0.0017666957349044613 0.0081753324852263318 0.0087540147972432602 -0.0040468229710826564
leaf_weight=24.219792783260345 8.491903603076933 5.299351602792739 36.884295165538788
leaf_count=153 48 27 281
internal_value=0.000260814 -0.000760016 -0.00169819
internal_weight=74.8953 66.4034 61.1041
internal_count=509 461 434
is_linear=0
shrinkage=0.01


Tree=198
num_leaves=4
num_cat=0
split_feature=30 20 30
split_gain=4.80133 4.75236 6.40342
threshold=0.15991150267535167 8.0888391096013965 -0.089457840379157841
decision_type=2 2 2
left_child=1 2 -1
right_child=-2 -3 -4
leaf_value=0.00082661926522401789 0.0075016163940218508 0.0063663906436878942 -0.0063516859755279355
leaf_weight=37.621010683476925 8.382448732852934 8.5111814066767675 17.609723381698132
leaf_count=259 49 54 129
internal_value=0.000598776 -0.000313612 -0.00144473
internal_weight=72.1244 63.7419 55.2307
internal_count=491 442 388
is_linear=0
shrinkage=0.01


Tree=199
num_leaves=5
num_cat=0
split_feature=21 36 9 30
split_gain=5.9421 3.7571 3.5952 3.52809
threshold=1.0607889680355387 0.61409609617729377 0.10812492105603579 -0.36612762882667194
decision_type=2 2 2 2
left_child=1 2 -1 -3
right_child=-2 3 -4 -5
leaf_value=-0.0092733184160910236 0.010286083936480351 -0.0053694646904804411 0.0018341741474873377 0.0020127688214924889
leaf_weight=6.9898204281926137 5.7928719222545615 6.693257324397563 3.8983722552657127 54.435687124729156
leaf_count=60 30 49 26 356
internal_value=0.000961433 0.000104262 -0.00512707 0.00111877
internal_weight=77.81 72.0171 10.8882 61.1289
internal_count=521 491 86 405
is_linear=0
shrinkage=0.01


Tree=200
num_leaves=6
num_cat=0
split_feature=0 0 0 5 27
split_gain=3.74781 6.90353 6.24296 5.54527 2.65532
threshold=-0.0060062434237635924 -0.053760210073476901 0.060878139199248241 -1.9882543486028239 37.111518896805038
decision_type=2 2 2 2 2
left_child=1 -1 4 -3 -2
right_child=2 3 -4 -5 -6
leaf_value=-0.0046643784271167546 0 -7.0383556084329876e-05 0.005570410348982242 0.0099066460677154355 -0.005936048113986815
leaf_weight=8.789122089743616 10.520794086158274 9.0223830714821833 7.6365876346826544 11.925225608050821 23.309246271848679
leaf_count=53 82 60 44 76 174
internal_value=-0.000221575 0.00241739 -0.00219178 0.00556808 -0.00408697
internal_weight=71.2034 29.7367 41.4666 20.9476 33.83
internal_count=489 189 300 136 256
is_linear=0
shrinkage=0.01


Tree=201
num_leaves=7
num_cat=0
split_feature=26 12 2 38 19 19
split_gain=4.98166 5.4825 4.99565 4.21649 3.44788 2.26019
threshold=20.517642857142881 1.1705167697746222 4.5486071428571391 0.59618466606039866 36.641773317692589 33.971142935625103
decision_type=2 2 2 2 2 2
left_child=1 5 -3 -2 -5 -1
right_child=3 2 -4 4 -6 -7
leaf_value=-0.00067357785274035887 0.009969110244839716 -0.0023838170235493039 0.0089741685301196663 0.0067228869641398062 -0.0020445538593686289 -0.0062049750962266401
leaf_weight=13.410690635442732 6.6392598375678089 7.239065006375311 6.8344989418983459 6.1159002408385303 12.888548299670218 21.156861998140812
leaf_count=92 42 48 41 37 89 156
internal_value=-0.000108328 -0.00202229 0.00304473 0.00337658 0.000723135 -0.00418479
internal_weight=74.2848 48.6411 14.0736 25.6437 19.0044 34.5676
internal_count=505 337 89 168 126 248
is_linear=0
shrinkage=0.01


Tree=202
num_leaves=6
num_cat=0
split_feature=38 4 26 22 30
split_gain=3.4606 6.89903 3.83997 4.6843 3.0625
threshold=0.69455835161587809 2.2658803647173049 23.155000000000012 -0.36856274341252576 0.08185598895901651
decision_type=2 2 2 2 2
left_child=2 4 3 -1 -2
right_child=1 -3 -4 -5 -6
leaf_value=0.0052883301850429366 -0.0025055010447776111 0.010105153737167265 0.0042860282296587563 -0.0047819573462677548 0.0061250133858442293
leaf_weight=4.6806301251053801 17.561769604682929 7.8292076289653769 7.1668636277317992 32.362518146634102 4.7587707042694083
leaf_count=30 124 47 44 236 27
internal_value=-0.000223961 0.00232055 -0.00203288 -0.00337612 -0.000440118
internal_weight=74.3598 30.1497 44.21 37.0431 22.3205
internal_count=508 198 310 266 151
is_linear=0
shrinkage=0.01


Tree=203
num_leaves=5
num_cat=0
split_feature=21 29 16 28
split_gain=5.15787 3.87841 6.47856 3.41349
threshold=1.0607889680355387 -0.88789343116252184 -0.17007244670005453 -0.53491168674690914
decision_type=2 2 2 2
left_child=1 2 -1 -3
right_child=-2 3 -4 -5
leaf_value=0.011228913888351195 0.0092022991645245682 -0.00045862822601403766 -0.00021642781917672411 -0.0073816424372478194
leaf_weight=5.2525560706853858 5.2267176359891883 19.270145639777187 31.947890356183052 11.925249166786669
leaf_count=28 27 122 236 90
internal_value=4.70222e-05 -0.000670774 0.00144752 -0.00327448
internal_weight=73.6226 68.3958 37.2004 31.1954
internal_count=503 476 264 212
is_linear=0
shrinkage=0.01


Tree=204
num_leaves=7
num_cat=0
split_feature=14 35 20 8 2 35
split_gain=6.02444 5.79344 5.43435 4.40191 3.8805 2.79652
threshold=-0.1174844741599539 0.51066415485979932 1.0948237746129055 0.081932204336816625 4.5241785714286911 0.08724475305939125
decision_type=2 2 2 2 2 2
left_child=1 3 5 -1 -4 -2
right_child=2 -3 4 -5 -6 -7
leaf_value=0.0068866905110772638 -0.00039934639450371883 -0.0050594555415555851 -0.0063230623058535933 -0.0028002086854765603 0.0028383516183563325 -0.0097887496218632981
leaf_weight=18.286228187382228 4.9921397268772152 7.8106495216488829 6.3302251398563412 5.4356305301189414 13.770935907959936 13.99116477370262
leaf_count=106 36 58 47 34 88 114
internal_value=-0.0011533 0.00202003 -0.00378243 0.00453119 0 -0.00754716
internal_weight=70.617 31.5325 39.0845 23.7219 20.1012 18.9833
internal_count=483 198 285 140 135 150
is_linear=0
shrinkage=0.01


Tree=205
num_leaves=6
num_cat=0
split_feature=17 17 28 30 27
split_gain=5.2255 6.78592 12.6387 5.0198 1.44907
threshold=0.65800118230430449 0.39092905754936569 -0.66378132279078261 0.08185598895901651 53.815874797152567
decision_type=2 2 2 2 2
left_child=1 3 -3 -1 -2
right_child=4 2 -4 -5 -6
leaf_value=-0.0014315051897451771 -0.0012319136480217724 0.016498718481778283 -0.0033768523268789554 0.0064208104887606907 -0.0091722740391774384
leaf_weight=41.934605702757835 5.7169222906231862 7.0721793100237846 4.9237422496080381 9.5671854019165021 5.42193803191185
leaf_count=301 40 43 33 53 37
internal_value=0.00052616 0.00167991 0.00829199 1.71942e-05 -0.00558271
internal_weight=74.6366 63.4977 11.9959 51.5018 11.1389
internal_count=507 430 76 354 77
is_linear=0
shrinkage=0.01


Tree=206
num_leaves=7
num_cat=0
split_feature=0 10 0 0 36 33
split_gain=5.8508 6.50252 6.40319 4.60651 8.40401 2.05029
threshold=-0.011180708877487644 9.0992142857142628 -0.06420649157602018 0.035225768725053563 0.68018132076654447 0.43054335881815953
decision_type=2 2 2 2 2 2
left_child=1 -1 -3 5 -5 -2
right_child=3 2 -4 4 -6 -7
leaf_value=0.011060105907543806 -0.0024647473846728814 0.0088023349426746712 -0.0040488244885833581 0.011441060846881105 -0.0030109343777336111 -0.0086231555109852562
leaf_weight=7.9852086454629925 22.128159068524841 5.3178050443530127 11.06956402212381 5.7175465747714069 10.505913309752939 8.2714658677577955
leaf_count=51 170 28 74 33 67 66
internal_value=0 0.0039487 8.0956e-05 -0.00204599 0.0020927 -0.0043499
internal_weight=70.9957 24.3726 16.3874 46.6231 16.2235 30.3996
internal_count=489 153 102 336 100 236
is_linear=0
shrinkage=0.01


Tree=207
num_leaves=6
num_cat=0
split_feature=2 38 27 4 27
split_gain=3.75634 4.0037 7.8533 5.38777 0.649601
threshold=3.5304285714285344 0.69455835161587809 43.24712914783494 -5.5287168841564371 50.642057030184795
decision_type=2 2 2 2 2
left_child=4 3 -3 -2 -1
right_child=1 2 -4 -5 -6
leaf_value=-0.0020138201826828271 0.0067939185972144579 -0.0010141790017851079 0.0094335223108267426 -0.0027524812471352443 -0.0097588126947901008
leaf_weight=3.5960755944252005 6.4853114634752265 14.9343174174428 12.488740496337412 35.223254829645157 3.5282919332385063
leaf_count=34 37 104 75 244 27
internal_value=0 0.000761241 0.00372009 -0.00113413 -0.00663138
internal_weight=76.256 69.1316 27.4231 41.7086 7.12437
internal_count=521 460 179 281 61
is_linear=0
shrinkage=0.01


Tree=208
num_leaves=5
num_cat=0
split_feature=14 1 1 11
split_gain=7.61594 4.67551 5.67432 4.34539
threshold=-0.40598925157788207 -0.15459087774089719 -0.47633094414388488 56.79027785818549
decision_type=2 2 2 2
left_child=-1 2 -2 -3
right_child=1 3 -4 -5
leaf_value=0.0095343291114683738 -0.0014418628358602529 -0.0057680272522037893 0.0072774124017644928 0.0012849501622872034
leaf_weight=7.6228844225406638 16.828218132257465 22.75924826413393 12.17795344442129 12.779358834028242
leaf_count=39 108 175 81 86
internal_value=0.000380188 -0.000719795 0.00217845 -0.00316596
internal_weight=72.1677 64.5448 29.0062 35.5386
internal_count=489 450 189 261
is_linear=0
shrinkage=0.01


Tree=209
num_leaves=5
num_cat=0
split_feature=20 12 38 24
split_gain=5.97965 4.54039 6.85563 6.20581
threshold=-14.609095188410263 1.1705167697746222 0.69664705133769711 -0.16954728687949591
decision_type=2 2 2 2
left_child=-1 3 -3 -2
right_child=1 2 -4 -5
leaf_value=0.0073052942640904686 0.0031799829691408817 -0.0023878164906681876 0.0087454103390007028 -0.0051455024062500168
leaf_weight=9.2930470481514913 11.40307357907295 11.306191183626654 9.5537938922643644 32.695876225829124
leaf_count=55 62 77 55 254
internal_value=0 -0.0010728 0.00265607 -0.00291392
internal_weight=74.252 64.9589 20.86 44.0989
internal_count=503 448 132 316
is_linear=0
shrinkage=0.01


Tree=210
num_leaves=5
num_cat=0
split_feature=25 0 29 0
split_gain=3.38826 4.90485 6.27956 4.38549
threshold=-0.73466575950883306 -0.0097975248593709409 1.0000000180025095e-35 -0.01949488998919777
decision_type=2 2 2 2
left_child=-1 3 -3 -2
right_child=1 2 -4 -5
leaf_value=-0.0068359356095011471 0.00069609940499582566 -0.0034907910282326398 0.0066903954117276234 0.010479164482623806
leaf_weight=7.5245952084660521 15.968836896121504 38.094995953142643 6.5564202517271033 6.4468307346105567
leaf_count=48 103 283 38 40
internal_value=-0.000693972 0 -0.00187185 0.00380792
internal_weight=74.5917 67.0671 44.6514 22.4157
internal_count=512 464 321 143
is_linear=0
shrinkage=0.01


Tree=211
num_leaves=8
num_cat=0
split_feature=16 16 21 12 32 21 27
split_gain=4.99275 7.4147 6.75953 5.937 5.0198 3.12544 2.57958
threshold=0.030322173686414388 0.08339908273512954 -0.3683893753098737 -5.3487445777222993 0.38343074556708051 -1.1129389241424104 62.974293027431195
decision_type=2 2 2 2 2 2 2
left_child=2 4 5 -4 -2 -1 -3
right_child=1 6 3 -5 -6 -7 -8
leaf_value=-0.001934400105116079 0.015150694216094125 -0.0023857812104030253 0.010652780468529103 -0.0013725819892537003 0.0014801143548388372 -0.0093259555663710494 0.0059334376661784325
leaf_weight=19.703167326748371 6.6847893446683901 14.316187165677549 6.4103991389274588 8.9979162588715536 5.3287592232227325 8.8079636171460169 4.4450567960739127
leaf_count=146 41 99 34 64 34 63 27
internal_value=0.000574065 0.00366029 -0.0015378 0.00361938 0.00962811 -0.00444266 -0.000156116
internal_weight=74.6942 30.7748 43.9194 15.4083 12.0135 28.5111 18.7612
internal_count=508 201 307 98 75 209 126
is_linear=0
shrinkage=0.01


Tree=212
num_leaves=6
num_cat=0
split_feature=16 29 32 38 0
split_gain=4.73184 5.51443 5.4437 5.39118 2.22372
threshold=-0.17007244670005453 -0.84659376931034058 0.15082403813016673 0.69484934203513704 -0.0083195431120601966
decision_type=2 2 2 2 2
left_child=1 -1 4 -4 -2
right_child=2 -3 3 -5 -6
leaf_value=0.012506393829820342 -7.9525111005156058e-05 -0.00071193548292155129 -0.0022106327708768751 0.0044989152273026984 -0.0096495568182550888
leaf_weight=5.7467200979590416 4.3055522888898841 5.471721835434435 27.240333028137684 20.324501968920231 8.0507676005363447
leaf_count=31 30 30 198 132 66
internal_value=0.000200213 0.00604794 -0.000885936 0.000610924 -0.00668102
internal_weight=71.1396 11.2184 59.9212 47.5648 12.3563
internal_count=487 61 426 330 96
is_linear=0
shrinkage=0.01


Tree=213
num_leaves=5
num_cat=0
split_feature=10 18 5 25
split_gain=5.69702 5.09673 4.52922 4.4843
threshold=14.675285714285598 11.269071428571451 -2.1691802031464182 0.73856866347310779
decision_type=2 2 2 2
left_child=1 2 -1 -3
right_child=-2 3 -4 -5
leaf_value=-0.0039463212665049735 0.0080081737974466213 -0.0035789866578896791 0.0075253858057423521 0.00565601185815279
leaf_weight=4.2623674720525733 7.2478952556848517 46.798507429659367 10.459606170654295 5.2366947010159484
leaf_count=32 36 333 71 37
internal_value=-6.85321e-05 -0.00104305 0.00398644 -0.00254751
internal_weight=74.0051 66.7572 14.722 52.0352
internal_count=509 473 103 370
is_linear=0
shrinkage=0.01


Tree=214
num_leaves=8
num_cat=0
split_feature=30 8 3 30 30 34 37
split_gain=4.12978 9.62428 6.89359 5.14615 3.88467 5.57629 2.10592
threshold=-0.18356938358876776 -0.0089207046077355804 36.15962875777165 -0.3532838444644128 0.10371209741232452 0.51892216281052683 0.70030232392620906
decision_type=2 2 2 2 2 2 2
left_child=1 2 -1 -3 5 -2 -6
right_child=4 3 -4 -5 6 -7 -8
leaf_value=0.0036619664915896219 -0.0054974574292509081 0 -0.010630809651877309 0.01209030133717295 0.0074117453194340304 0.0056718814449423687 -0.00076430101132324529
leaf_weight=6.0136372298002261 28.340677738189697 4.9395614489912978 6.193953163921833 10.110959097743033 4.9998310804367048 4.6156546995043746 5.8635410070419312
leaf_count=35 207 36 47 66 30 32 35
internal_value=-0.00011164 0.00286923 -0.00348685 0.00816396 -0.00204503 -0.00378209 0.00289524
internal_weight=71.0778 27.2581 12.2076 15.0505 43.8197 32.9563 10.8634
internal_count=488 184 82 102 304 239 65
is_linear=0
shrinkage=0.01


Tree=215
num_leaves=7
num_cat=0
split_feature=30 30 33 19 36 34
split_gain=5.0993 5.42302 10.4898 5.34321 5.86898 3.0723
threshold=0.08185598895901651 -0.11655598993003231 0.12975899649881331 39.251950621797661 0.66111300414571306 0.46985027978925614
decision_type=2 2 2 2 2 2
left_child=1 2 -1 -2 -5 -3
right_child=3 5 -4 4 -6 -7
leaf_value=0.01235953614192626 0.012618104499137566 -0.0069835305122600477 -0.0012548382606800477 0.0080406766466417905 -0.006110253866362006 0.0021309121482153454
leaf_weight=6.3999151960015288 5.6733429357409504 16.760649122297767 29.90410303324461 5.1905232742428762 5.4617332220077515 3.8684603422880164
leaf_count=33 31 132 212 29 35 28
internal_value=0.000313453 -0.00106391 0.00119899 0.005184 0.000567415 -0.00512239
internal_weight=73.2587 56.9331 36.304 16.3256 10.6523 20.6291
internal_count=500 405 245 95 64 160
is_linear=0
shrinkage=0.01


Tree=216
num_leaves=5
num_cat=0
split_feature=14 33 14 20
split_gain=5.8269 3.27883 5.80376 4.71318
threshold=-0.40598925157788207 0.1187762338817155 0.12318959805106096 -1.7997249925169851
decision_type=2 2 2 2
left_child=-1 3 -3 -2
right_child=1 2 -4 -5
leaf_value=0.0081012080790458015 0.0084270927607348299 -0.00077690630901827717 -0.0093933537807447259 -0.0022239574486205469
leaf_weight=6.8985456079244605 7.1714022308588019 43.546523705124855 9.3485921993851644 8.0437987968325597
leaf_count=36 38 315 67 56
internal_value=-0.000280068 -0.00122554 -0.00242965 0.00271371
internal_weight=75.0089 68.1103 52.8951 15.2152
internal_count=512 476 382 94
is_linear=0
shrinkage=0.01


Tree=217
num_leaves=6
num_cat=0
split_feature=6 22 2 32 5
split_gain=4.03325 5.38976 4.6475 2.02016 2.34545
threshold=-0.2197639019884447 -0.36856274341252576 4.6039642857142891 0.63767164009990362 -1.7390728386985723
decision_type=2 2 2 2 2
left_child=3 -2 -3 4 -1
right_child=1 2 -4 -5 -6
leaf_value=0.0020478175292829677 0.007866736919426803 -0.007235743748634344 -0.00036001483383217889 -0.0012294773775763015 0.010900760180310717
leaf_weight=9.1125748157501221 5.0174622535705558 14.029356166720389 33.788106478750706 4.6169283017516127 5.2981425970792779
leaf_count=58 33 113 225 30 29
internal_value=0 -0.00138878 -0.0024934 0.00392253 0.00576022
internal_weight=71.8626 52.8349 47.8175 19.0276 14.4107
internal_count=488 371 338 117 87
is_linear=0
shrinkage=0.01


Tree=218
num_leaves=5
num_cat=0
split_feature=5 10 10 19
split_gain=4.00405 5.13687 4.5756 1.73536
threshold=0.19248553452888281 7.1345357142858061 8.0142142857143259 53.654177468651717
decision_type=2 2 2 2
left_child=1 3 -3 -1
right_child=-2 2 -4 -5
leaf_value=-0.0098933857607821241 0.0091788565261560501 0.0082967959045963362 0.00044585845460495994 0
leaf_weight=4.9291184321045858 5.6641868725419036 8.6447944939136487 45.321466214954853 3.4844821244478226
leaf_count=46 30 56 308 27
internal_value=0.00145022 0.000633331 0.00182319 -0.00633623
internal_weight=68.044 62.3799 53.9663 8.4136
internal_count=467 437 364 73
is_linear=0
shrinkage=0.01


Tree=219
num_leaves=5
num_cat=0
split_feature=30 14 20 30
split_gain=5.30588 7.84677 6.20454 5.17544
threshold=0.10371209741232452 -0.10454521628922814 8.0888391096013965 -0.089457840379157841
decision_type=2 2 2 2
left_child=2 -2 3 -1
right_child=1 -3 -4 -5
leaf_value=-0.0012776078993412543 0.0093086455295898676 -0.0053063621194120317 0.0061708021077619794 -0.0081048076301737677
leaf_weight=37.427031263709068 10.007946461439131 4.9674682393670073 6.9661862403154364 16.355771385133266
leaf_count=261 54 33 43 127
internal_value=-0.000920885 0.00425206 -0.00226936 -0.00346461
internal_weight=75.7244 14.9754 60.749 53.7828
internal_count=518 87 431 388
is_linear=0
shrinkage=0.01


Tree=220
num_leaves=5
num_cat=0
split_feature=14 8 32 6
split_gain=6.99782 3.75844 5.76605 5.3074
threshold=-0.40598925157788207 0.035529104364891671 0.33075543156322001 0.025239534038358508
decision_type=2 2 2 2
left_child=-1 2 -2 -3
right_child=1 3 -4 -5
leaf_value=0.0095948407013777357 0.00019832689501065361 0.0060740288784241784 -0.0078799379976593805 -0.0044920362885600461
leaf_weight=7.6048140078783026 30.516783632338047 15.949966944754125 11.553190395236014 5.9460480734705916
leaf_count=39 212 99 92 44
internal_value=0.000831115 -0.00023059 -0.00201614 0.00303454
internal_weight=71.5708 63.966 42.07 21.896
internal_count=486 447 304 143
is_linear=0
shrinkage=0.01


Tree=221
num_leaves=5
num_cat=0
split_feature=14 27 8 21
split_gain=6.59815 4.46311 9.2781 2.44953
threshold=-0.40598925157788207 60.329868682556729 0.00082260475335858656 -1.1863735583030961
decision_type=2 2 2 2
left_child=-1 3 -3 -2
right_child=1 2 -4 -5
leaf_value=0.0066994087168054028 -0.0072493140104224682 0.010010859739501395 -0.0063410242155119171 -0.0023824865341939149
leaf_weight=7.4140242338180533 18.269030794501301 6.7500182986259443 6.0081674829125404 31.249650441110138
leaf_count=39 142 45 42 216
internal_value=-0.00181471 -0.00292138 0.00213532 -0.00429251
internal_weight=69.6909 62.2769 12.7582 49.5187
internal_count=484 445 87 358
is_linear=0
shrinkage=0.01


Tree=222
num_leaves=6
num_cat=0
split_feature=32 32 17 22 34
split_gain=3.6745 5.00796 5.06511 3.34534 3.69321
threshold=0.2085500815852909 0.24313948707431332 0.021237032983855781 0.19209050094024582 0.56750909779889469
decision_type=2 2 2 2 2
left_child=3 -2 -3 4 -1
right_child=1 2 -4 -5 -6
leaf_value=-0.0061121878961154586 0.010586393940109479 -0.0021429623073033859 0.0051498173746121582 0.0050445682974350359 0.0014935096555871183
leaf_weight=15.307190552353864 6.9010949134826651 18.596158601343632 17.948087945580482 5.6138697266578665 9.5521245375275594
leaf_count=115 45 134 116 33 64
internal_value=0.00113777 0.00301358 0.00137894 -0.00144518 -0.00309959
internal_weight=73.9185 43.4453 36.5442 30.4732 24.8593
internal_count=507 295 250 212 179
is_linear=0
shrinkage=0.01


Tree=223
num_leaves=4
num_cat=0
split_feature=16 13 10
split_gain=3.84404 3.29744 5.46237
threshold=0.29154291716206809 0.53072363916124254 5.9659642857141737
decision_type=2 2 2
left_child=1 2 -1
right_child=-2 -3 -4
leaf_value=-0.010012601907664525 -0.0087109042792597995 0.0060757188468272307 0.00033193670763718492
leaf_weight=5.0547175407409659 4.6334824115037909 8.0647025182843191 58.358978562057018
leaf_count=48 31 42 399
internal_value=-0.000336244 0.000221692 -0.000517569
internal_weight=76.1119 71.4784 63.4137
internal_count=520 489 447
is_linear=0
shrinkage=0.01


Tree=224
num_leaves=7
num_cat=0
split_feature=4 4 8 9 0 37
split_gain=3.31655 4.99736 3.22894 5.13405 4.5293 2.97489
threshold=2.2658803647173049 2.8130100612829669 0.035529104364891671 0.61178447055804419 -0.0017520942779131769 0.69841443091530186
decision_type=2 2 2 2 2 2
left_child=2 -2 4 -4 -1 -3
right_child=1 5 3 -5 -6 -7
leaf_value=-0.00058883699597419561 0.011865059921029875 -0.0054025519781321623 0.0064752762806077604 -0.0039822847271191791 -0.0081204168955378159 0.0045350570350163183
leaf_weight=23.557168677449226 4.4733909368515006 5.2373080253601056 9.9216701760888117 7.7699590325355521 12.473180577158926 5.8223844021558762
leaf_count=154 28 37 61 55 106 33
internal_value=-0.000405385 0.00353556 -0.00162229 0.00173431 -0.00335374 0
internal_weight=69.2551 15.5331 53.722 17.6916 36.0303 11.0597
internal_count=474 98 376 116 260 70
is_linear=0
shrinkage=0.01


Tree=225
num_leaves=4
num_cat=0
split_feature=3 30 30
split_gain=5.1608 4.81918 8.71558
threshold=71.131911976138625 -0.3819314041129232 -0.32248290596154999
decision_type=2 2 2
left_child=1 -1 -3
right_child=-2 2 -4
leaf_value=-0.0088578982897977304 -0.0094773858182716549 0.0093120810239193681 -0.0010865336881854301
leaf_weight=5.6154085695743552 6.4491462111473075 8.944550156593321 53.408811442553997
leaf_count=45 47 54 370
internal_value=-0.0012501 -0.000362136 0.000419622
internal_weight=74.4179 67.9688 62.3534
internal_count=516 469 424
is_linear=0
shrinkage=0.01


Tree=226
num_leaves=7
num_cat=0
split_feature=6 28 34 39 36 34
split_gain=3.9175 4.71432 4.97269 3.58416 3.44751 2.8672
threshold=-0.060351115524938818 -0.67945796988215068 0.27501494249377473 0.72641518245631664 0.7088220101547672 0.11737348633193871
decision_type=2 2 2 2 2 2
left_child=1 2 -1 5 -3 -2
right_child=3 4 -4 -5 -6 -7
leaf_value=0.009798278108016702 -0.0086796075404740897 -0.0055657035661792554 0.00071121878862899848 0.0042035441395394772 0.0041596304250646563 -0.0013204555652187428
leaf_weight=11.663423903286459 7.9574143514037159 9.174140661954878 13.642058737576006 6.3456972837448111 5.0876789838075629 18.264909960329533
leaf_count=70 65 61 90 46 33 131
internal_value=0.000402406 0.00253668 0.00512444 -0.00209898 -0.00186974 -0.00378654
internal_weight=72.1353 39.5673 25.3055 32.568 14.2618 26.2223
internal_count=496 254 160 242 94 196
is_linear=0
shrinkage=0.01


Tree=227
num_leaves=5
num_cat=0
split_feature=14 2 18 13
split_gain=7.39856 4.70687 6.64893 5.29376
threshold=-0.47162698353429328 4.9248928571428561 11.310000000000011 -2.2512141128176659
decision_type=2 2 2 2
left_child=-1 3 -3 -2
right_child=1 2 -4 -5
leaf_value=0.010891502234570997 0.0041624611144008665 0.0098891542059384632 -0.00097252001158785767 -0.0070947819620699251
leaf_weight=4.7883971184492102 4.5363692641258266 6.0439520180225363 38.767716772854328 19.932729214429855
leaf_count=24 32 34 263 162
internal_value=-0.000454316 -0.00135391 0.000519193 -0.00484607
internal_weight=74.0692 69.2808 44.8117 24.4691
internal_count=515 491 297 194
is_linear=0
shrinkage=0.01


Tree=228
num_leaves=4
num_cat=0
split_feature=8 1 39
split_gain=5.39687 6.67743 4.16305
threshold=-0.17866681967334 -0.67073579788730031 0.73861909328856157
decision_type=2 2 2
left_child=-1 -2 -3
right_child=1 2 -4
leaf_value=0.007353557598317525 -0.011053543771826395 -0.0014443809541908701 0.0081791558960910334
leaf_weight=6.5973365679383269 6.4918268099427214 56.090128809213638 4.3350035101175299
leaf_count=35 45 398 28
internal_value=-0.000868552 -0.00177219 -0.000643272
internal_weight=73.5143 66.917 60.4251
internal_count=506 471 426
is_linear=0
shrinkage=0.01


Tree=229
num_leaves=5
num_cat=0
split_feature=14 24 5 24
split_gain=5.97804 4.61379 4.77448 4.67244
threshold=-0.47162698353429328 -0.16954728687949591 -1.335808269375679 -0.019858593607237213
decision_type=2 2 2 2
left_child=-1 2 -2 -3
right_child=1 3 -4 -5
leaf_value=0.010790311414974196 -0.0003702248552743187 -0.0063338130339142956 0.010063359635164956 0.00037986919899396721
leaf_weight=5.1355735510587683 8.2155410721898061 13.653326518833635 7.7139074206352225 35.939960315823555
leaf_count=25 53 111 38 258
internal_value=0.00090559 9.5526e-06 0.00465218 -0.00145333
internal_weight=70.6583 65.5227 15.9294 49.5933
internal_count=485 460 91 369
is_linear=0
shrinkage=0.01


Tree=230
num_leaves=5
num_cat=0
split_feature=30 37 30 2
split_gain=3.97991 5.19846 5.65372 3.39139
threshold=0.08185598895901651 0.73375131807498606 -0.18356938358876776 4.8203214285714315
decision_type=2 2 2 2
left_child=1 2 -1 -2
right_child=3 -3 -4 -5
leaf_value=0.0014660256343356885 -0.00077039890143893396 0.0087010604892183065 -0.0048036332139397746 0.0088029451495206072
leaf_weight=26.461462929844853 5.2899668738245955 4.6057728528976432 29.272936552762989 8.4091346114873868
leaf_count=181 34 27 225 46
internal_value=0.000199889 -0.000872227 -0.00178702 0.00499792
internal_weight=74.0393 60.3402 55.7344 13.6991
internal_count=513 433 406 80
is_linear=0
shrinkage=0.01


Tree=231
num_leaves=4
num_cat=0
split_feature=30 9 27
split_gain=4.88349 3.93124 4.4419
threshold=0.27769864663572769 0.69416934621842663 60.805683226421273
decision_type=2 2 2
left_child=1 2 -1
right_child=-2 -3 -4
leaf_value=-0.00056930316258360311 0.0098518441171220571 -0.0068781716272024278 0.0057757111349427039
leaf_weight=47.198213361203671 4.9482166767120352 6.892840437591075 13.652322329580782
leaf_count=334 25 51 88
internal_value=0.000743401 0 0.000840824
internal_weight=72.6916 67.7434 60.8505
internal_count=498 473 422
is_linear=0
shrinkage=0.01


Tree=232
num_leaves=4
num_cat=0
split_feature=34 34 30
split_gain=3.86819 3.40434 4.2439
threshold=1.2358439313068759 0.95176118843814306 0.08185598895901651
decision_type=2 2 2
left_child=1 2 -1
right_child=-2 -3 -4
leaf_value=-0.0008857956567661227 -0.0070934786714934627 0.0087051069556209459 0.0049892847712970515
leaf_weight=48.355734169483185 5.4787433519959441 5.1875882074236861 15.764634646475313
leaf_count=347 43 33 90
internal_value=0.000557518 0.00125177 0.000539655
internal_weight=74.7867 69.308 64.1204
internal_count=513 470 437
is_linear=0
shrinkage=0.01


Tree=233
num_leaves=5
num_cat=0
split_feature=30 17 17 28
split_gain=4.86148 2.48134 5.18369 3.18217
threshold=0.27769864663572769 0.62069458790415222 0.42168966157478033 -8.518084290533805
decision_type=2 2 2 2
left_child=1 2 -1 -3
right_child=-2 3 -4 -5
leaf_value=-0.0014919507381412284 0.0076674227342070113 0.00075944706737084882 0.0068849969138318687 -0.0094446636793290486
leaf_weight=46.93981846421957 6.5086356699466696 4.3280750811100006 8.229994483292101 6.6713605895638448
leaf_count=334 35 31 51 49
internal_value=-0.000204954 -0.001076 -0.000137811 -0.00531021
internal_weight=72.6779 66.1692 55.1698 10.9994
internal_count=500 465 385 80
is_linear=0
shrinkage=0.01


Tree=234
num_leaves=4
num_cat=0
split_feature=21 39 28
split_gain=8.47414 4.65062 3.00888
threshold=1.0607889680355387 0.73861909328856157 5.4713315396629705
decision_type=2 2 2
left_child=1 2 -1
right_child=-2 -3 -4
leaf_value=-0.00089613762098269764 0.011342883370774855 0.0082323484810638489 -0.0071972654845632389
leaf_weight=53.103918462991714 5.4332123994827262 4.327042654156684 8.7685113549232465
leaf_count=374 28 28 60
internal_value=-6.52519e-05 -0.00112454 -0.00188776
internal_weight=71.6327 66.1995 61.8724
internal_count=490 462 434
is_linear=0
shrinkage=0.01


Tree=235
num_leaves=5
num_cat=0
split_feature=21 32 0 33
split_gain=4.42783 5.16605 4.70602 1.9983
threshold=1.1643760166273087 0.14241099541336247 0.060878139199248241 0.028830876329391325
decision_type=2 2 2 2
left_child=1 3 -3 -1
right_child=-2 2 -4 -5
leaf_value=0.00038708761671407189 0.008362975703754329 2.1774831955351939e-05 0.0092887642739245702 -0.0065942944014208138
leaf_weight=4.4974832311272648 5.764830455183982 45.127531826496124 5.8460110127925864 14.437823399901388
leaf_count=37 29 320 33 101
internal_value=0.0002857 -0.00039242 0.00122277 -0.00481443
internal_weight=75.6737 69.9088 50.9735 18.9353
internal_count=520 491 353 138
is_linear=0
shrinkage=0.01


Tree=236
num_leaves=6
num_cat=0
split_feature=30 20 30 22 34
split_gain=4.20074 4.35819 5.49712 2.99587 0.324202
threshold=0.08185598895901651 8.0888391096013965 -0.089457840379157841 0.15742539696246943 0.16610213961741205
decision_type=2 2 2 2 2
left_child=1 2 -1 4 -2
right_child=3 -3 -4 -5 -6
leaf_value=0.00059029199173651805 0.010419085496323897 0.0067823758526996351 -0.0066504073524477772 -0.00058418870317507191 0.0044938022429166979
leaf_weight=34.529383383691311 5.7143142223358172 6.749244585633277 14.156251087784765 5.081713654100894 5.6873606592416763
leaf_count=243 30 42 113 31 32
internal_value=0.000892953 -0.000386617 -0.00150029 0.00525758 0.00802847
internal_weight=71.9183 55.4349 48.6856 16.4834 11.4017
internal_count=491 398 356 93 62
is_linear=0
shrinkage=0.01


Tree=237
num_leaves=5
num_cat=0
split_feature=34 28 28 0
split_gain=3.03963 2.97367 8.32425 3.64979
threshold=0.010306994693973242 -7.109097501744599 -0.67945796988215068 0.05854137388601998
decision_type=2 2 2 2
left_child=-1 3 -3 -2
right_child=1 2 -4 -5
leaf_value=0.0061218313492987413 -0.0049337970588009877 0.0064109400065383753 -0.0026496745568525067 0.0045908638866880005
leaf_weight=7.2475442960858336 21.073541320860389 17.017341874539852 23.143280200660229 4.2129961550235739
leaf_count=47 157 108 166 25
internal_value=0.0001678 -0.000487468 0.00114744 -0.0031723
internal_weight=72.6947 65.4472 40.1606 25.2865
internal_count=503 456 274 182
is_linear=0
shrinkage=0.01


Tree=238
num_leaves=5
num_cat=0
split_feature=21 11 32 6
split_gain=5.65629 5.57766 5.65032 3.51563
threshold=1.0607889680355387 59.588098918313499 0.22464968968544441 0.088782383994773548
decision_type=2 2 2 2
left_child=1 3 -3 -1
right_child=-2 2 -4 -5
leaf_value=-0.0015825206301298301 0.0086116467464614332 -0.0029203076144762329 0.0085950205277887833 -0.0082519759409061307
leaf_weight=41.052565485239029 5.6516925096511832 6.7187370881438246 9.2401954531669599 10.035025976598261
leaf_count=291 28 46 55 79
internal_value=-0.000506571 -0.00137766 0.00362334 -0.00301802
internal_weight=72.6982 67.0465 15.9589 51.0876
internal_count=499 471 101 370
is_linear=0
shrinkage=0.01


Tree=239
num_leaves=7
num_cat=0
split_feature=8 14 14 10 8 14
split_gain=5.19077 3.53981 4.96103 4.75967 3.24432 2.40148
threshold=-0.023512049327393283 0.024801805880738482 -0.40598925157788207 10.856464285714344 -0.18727274870711816 0.095848631311574214
decision_type=2 2 2 2 2 2
left_child=4 2 -2 -3 -1 -6
right_child=1 3 -4 -5 5 -7
leaf_value=0.0034830336139261759 0.0091704937470671235 0.0099377031844610914 -0.0010762087315807061 -0.0013362371324664077 -0.0072635523155853542 0.00069974700366376441
leaf_weight=4.8800484910607365 5.1655559390783301 11.149222306907175 26.738031409680847 4.7184116765856734 13.088718727231027 4.2291492968797675
leaf_count=28 26 75 195 33 98 30
internal_value=0.000777381 0.00266071 0.000606172 0.00646358 -0.00311281 -0.00518542
internal_weight=69.9691 47.7712 31.9036 15.8676 22.1979 17.3179
internal_count=485 329 221 108 156 128
is_linear=0
shrinkage=0.01


Tree=240
num_leaves=5
num_cat=0
split_feature=14 5 3 8
split_gain=5.17691 7.30012 6.78937 4.40831
threshold=-0.40598925157788207 -1.335808269375679 40.462481989633453 0.079927253034570253
decision_type=2 2 2 2
left_child=-1 3 -3 -2
right_child=1 2 -4 -5
leaf_value=0.0078587462887276145 -0.0047641437970231586 0.0089277421904280074 -0.0012477560586307062 0.0031867317866564383
leaf_weight=7.6989568918943396 33.344406314194202 11.987213000655176 12.668017603456972 7.9353155791759482
leaf_count=39 251 74 89 54
internal_value=0.000338943 -0.000546495 0.00365936 -0.00314407
internal_weight=73.6339 65.935 24.6552 41.2797
internal_count=507 468 163 305
is_linear=0
shrinkage=0.01


Tree=241
num_leaves=5
num_cat=0
split_feature=22 16 25 16
split_gain=3.25512 3.3348 6.18675 4.70471
threshold=-0.36283852070303563 0.030322173686414388 -0.43052348070860808 0.061994050859668977
decision_type=2 2 2 2
left_child=-1 2 -2 -3
right_child=1 3 -4 -5
leaf_value=0.006218148500094404 0.00095616143287784964 0.0086752301656937373 -0.006608795068054776 -0.00075018699701583514
leaf_weight=6.025491088628768 19.885308295488358 6.4285683110356358 21.484225779771805 20.413505874574184
leaf_count=40 124 39 175 135
internal_value=-0.000465676 -0.00114071 -0.00293286 0.0015148
internal_weight=74.2371 68.2116 41.3695 26.8421
internal_count=513 473 299 174
is_linear=0
shrinkage=0.01


Tree=242
num_leaves=6
num_cat=0
split_feature=30 32 30 34 28
split_gain=6.15335 4.05998 4.0546 7.61196 4.98849
threshold=0.08185598895901651 0.22888306906758429 -0.18661246239517323 0.33235001264318759 -6.9965693153822022
decision_type=2 2 2 2 2
left_child=2 -2 3 -1 -4
right_child=1 -3 4 -5 -6
leaf_value=0.011887411683997973 0 0.010115752933275308 -0.0076190177316331435 -0.00055146374807940634 0.00022049285753151398
leaf_weight=5.8108850494027129 5.5827057957649222 9.9085440114140493 13.010875903069971 20.406578004360199 18.503153972327716
leaf_count=33 34 54 103 144 135
internal_value=0.000914296 0.00641995 -0.000553973 0.00226409 -0.00299086
internal_weight=73.2227 15.4912 57.7315 26.2175 31.514
internal_count=503 88 415 177 238
is_linear=0
shrinkage=0.01


Tree=243
num_leaves=4
num_cat=0
split_feature=39 30 30
split_gain=4.96466 5.86341 5.84843
threshold=0.73144008786884307 -0.34909956485959442 -0.32048342839846816
decision_type=2 2 2
left_child=1 -1 -3
right_child=-2 2 -4
leaf_value=-0.010622671698936697 0.0063270624884252296 0.00823577905237554 -0.0017149896830430703
leaf_weight=6.0344698801636687 8.3891367465257627 6.1271301209926596 51.191646367311478
leaf_count=47 54 36 358
internal_value=-0.000612417 -0.00162066 -0.000537387
internal_weight=71.7424 63.3532 57.3188
internal_count=495 441 394
is_linear=0
shrinkage=0.01


Tree=244
num_leaves=5
num_cat=0
split_feature=9 9 32 26
split_gain=4.5663 5.12717 6.17884 5.5449
threshold=0.7357396279177425 0.38877328945087325 0.32579608386972958 19.701892857142905
decision_type=2 2 2 2
left_child=1 2 -1 -3
right_child=-2 3 -4 -5
leaf_value=0.0026861674222093579 -0.0068081067577471892 0 -0.0045904513916154742 0.011410619057882211
leaf_weight=30.324612155556679 6.5897446870803824 7.8680114895105389 18.267426908016205 8.9897687062621099
leaf_count=206 47 54 132 55
internal_value=0.000745966 0.00159788 -7.14764e-06 0.00626409
internal_weight=72.0396 65.4498 48.592 16.8578
internal_count=494 447 338 109
is_linear=0
shrinkage=0.01


Tree=245
num_leaves=6
num_cat=0
split_feature=9 32 32 34 32
split_gain=5.16004 5.04708 4.9355 4.17891 2.14353
threshold=0.61178447055804419 0.33075543156322001 0.21765237284259265 0.10917632439147132 0.322598949133024
decision_type=2 2 2 2 2
left_child=1 2 -1 -3 -2
right_child=4 3 -4 -5 -6
leaf_value=0.0010629484545220157 -0.0086389456741328158 0.0036335424936089046 0.0089194577035186795 -0.0055836961711961198 0
leaf_weight=27.512539260089397 7.6811306700110418 6.6318032369017628 11.566219240427015 13.985756799578665 4.9548416882753372
leaf_count=187 57 40 78 103 35
internal_value=0.000141231 0.00141918 0.00354736 -0.002461 -0.00549206
internal_weight=72.3323 59.6963 39.0788 20.6176 12.636
internal_count=500 408 265 143 92
is_linear=0
shrinkage=0.01


Tree=246
num_leaves=4
num_cat=0
split_feature=21 21 28
split_gain=4.88414 2.95071 3.41078
threshold=1.0607889680355387 0.20059987337647295 -6.9965693153822022
decision_type=2 2 2
left_child=1 2 -1
right_child=-2 -3 -4
leaf_value=-0.0017816002196319844 0.0097489291200102465 -0.0060115919060805172 0.0028861278614340266
leaf_weight=26.267245315015316 5.3087541311979285 6.3971647769212714 35.919512614607811
leaf_count=188 26 40 255
internal_value=0.000935429 0.000144171 0.000868171
internal_weight=73.8927 68.5839 62.1868
internal_count=509 483 443
is_linear=0
shrinkage=0.01


Tree=247
num_leaves=6
num_cat=0
split_feature=17 9 14 1 38
split_gain=4.08731 9.03486 6.24572 2.93488 1.94601
threshold=0.63681629046828381 0.43080720902201947 -0.41720038635074991 0.63274871796240817 0.69664705133769711
decision_type=2 2 2 2 2
left_child=1 2 -1 -2 -3
right_child=3 4 -4 -5 -6
leaf_value=0.0092092946426204723 -0.009442062976874695 0.0039102412678799449 -0.0016582773970838754 0 0.014141922155522447
leaf_weight=5.447071596980094 6.1965344026684743 5.1688876897096616 45.71487071365118 6.3626416698098183 5.0660928189754486
leaf_count=27 45 35 327 43 29
internal_value=0.000215625 0.001325 -0.000365235 -0.00482103 0.00967696
internal_weight=73.9561 61.3969 51.1619 12.5592 10.235
internal_count=506 418 354 88 64
is_linear=0
shrinkage=0.01


Tree=248
num_leaves=8
num_cat=0
split_feature=26 18 19 26 30 18 10
split_gain=5.44927 7.52801 7.47059 5.58184 2.8359 2.76021 1.42863
threshold=20.839428571428538 10.036392857142966 50.714074826199912 14.813999999999917 0.08185598895901651 18.046464285714269 11.6683928571428
decision_type=2 2 2 2 2 2 2
left_child=1 3 5 -1 -3 -2 -4
right_child=2 4 6 -5 -6 -7 -8
leaf_value=-0.0014247526088484036 0.012121252259561765 -0.0046799998604148173 -0.00611831277926947 0.013022409536952053 0.0012679740023624412 0.0022894742170900743 0.0013165014927811823
leaf_weight=4.1626559272408468 9.617427200078966 28.400219187140465 4.4837441146373731 5.3212562426924706 9.860831603407858 5.5423171371221533 4.0205350518226624
leaf_count=38 56 213 35 31 57 35 27
internal_value=0.000861877 -0.00103538 0.00475619 0.00662703 -0.00307308 0.00890625 -0.00239229
internal_weight=71.409 47.745 23.664 9.48391 38.2611 15.1597 8.50428
internal_count=492 339 153 69 270 91 62
is_linear=0
shrinkage=0.01


Tree=249
num_leaves=6
num_cat=0
split_feature=10 24 29 34 12
split_gain=4.33057 3.47617 4.80912 3.64924 2.74115
threshold=7.3659642857143623 0.045115174870961269 -1.5846607030606654 0.95176118843814306 1.1705167697746222
decision_type=2 2 2 2 2
left_child=4 2 -2 -3 -1
right_child=1 3 -4 -5 -6
leaf_value=-0.010301156667265769 0.011320329184107483 -0.0043929646575844271 0.0010927805370516319 0.0048080242415137059 0
leaf_weight=5.8218409866094571 5.0477048829197875 17.868239074945453 33.853888876736164 4.9124350473284712 3.6580358371138573
leaf_count=51 34 123 220 34 23
internal_value=-0.000156946 0.000782783 0.00262282 -0.00221935 -0.00630492
internal_weight=71.1621 61.6823 38.9016 22.7807 9.47988
internal_count=485 411 254 157 74
is_linear=0
shrinkage=0.01


Tree=250
num_leaves=6
num_cat=0
split_feature=30 30 1 20 30
split_gain=4.75203 6.85982 5.99619 4.92288 4.03607
threshold=0.099013154560249242 -0.11655598993003231 -0.089741296834141684 1.0460781715478336 -0.35540253381201486
decision_type=2 2 2 2 2
left_child=1 4 -2 -3 -1
right_child=2 3 -4 -5 -6
leaf_value=-0.0039675215321447717 0.012554781201229631 -0.0087205487051653218 -0.00026789522324635796 0.000618040351727143 0.0034935117723576808
leaf_weight=8.8714919388294167 6.0163733214139938 14.30318418890238 7.2402854934334737 8.104318864643572 28.73559565842152
leaf_count=66 32 118 45 58 187
internal_value=0.000242876 -0.000922435 0.00557825 -0.00527225 0.00162577
internal_weight=73.2712 60.0146 13.2567 22.4075 37.6071
internal_count=506 429 77 176 253
is_linear=0
shrinkage=0.01


Tree=251
num_leaves=5
num_cat=0
split_feature=12 28 17 1
split_gain=5.23315 4.0682 5.28014 3.02594
threshold=-10.035614820601493 -13.380911416670186 0.69226827955232684 0.42675742377412951
decision_type=2 2 2 2
left_child=-1 3 -3 -2
right_child=1 2 -4 -5
leaf_value=0.0088219577676369124 -0.0082692845760126456 0.0020493440577720261 -0.007602186078265202 0.0012503264728935556
leaf_weight=6.2635179460048667 9.3758131563663465 46.160787552595139 5.885317049920558 4.1117788255214682
leaf_count=35 69 326 44 28
internal_value=0.000426703 -0.000390983 0.000838914 -0.00521174
internal_weight=71.7972 65.5337 52.0461 13.4876
internal_count=502 467 370 97
is_linear=0
shrinkage=0.01


Tree=252
num_leaves=5
num_cat=0
split_feature=8 8 32 34
split_gain=4.23692 6.1808 5.44953 3.3535
threshold=0.13308864827495334 0.035529104364891671 0.32579608386972958 0.11569810792006187
decision_type=2 2 2 2
left_child=1 2 -1 -3
right_child=-2 3 -4 -5
leaf_value=0.0016459272720736814 -0.0064056772201201489 -0.00037438972146196058 -0.005519876536178402 0.0086104335547124884
leaf_weight=31.990493804216385 7.5564785301685324 4.9656395837664631 15.102869793772696 13.502777613699434
leaf_count=219 52 31 113 86
internal_value=0.000383975 0.0012545 -0.000622963 0.00609032
internal_weight=73.1183 65.5618 47.0934 18.4684
internal_count=501 449 332 117
is_linear=0
shrinkage=0.01


Tree=253
num_leaves=5
num_cat=0
split_feature=37 4 4 0
split_gain=3.3298 4.14184 5.50226 3.03023
threshold=0.54296214464999937 2.2658803647173049 3.3784386044526404 0.0047555930209372292
decision_type=2 2 2 2
left_child=-1 3 -3 -2
right_child=1 2 -4 -5
leaf_value=0.0089190499450228448 0.0016102308425287627 0.012308771162375278 0.00021463447251270974 -0.0033571433341775805
leaf_weight=5.5485093891620627 29.484994038939476 6.2837082371115676 9.6686085611581785 20.042827919125557
leaf_count=41 201 39 61 146
internal_value=0.0017468 0.0010306 0.00539022 -0.000353452
internal_weight=71.0286 65.4801 15.9523 49.5278
internal_count=488 447 100 347
is_linear=0
shrinkage=0.01


Tree=254
num_leaves=5
num_cat=0
split_feature=14 2 30 29
split_gain=6.73814 5.16783 4.02733 2.48305
threshold=-0.47162698353429328 4.3372857142856649 -0.36612762882667194 -1.135090038752526
decision_type=2 2 2 2
left_child=-1 3 -3 -2
right_child=1 2 -4 -5
leaf_value=0.0096842302189095262 -0.0097931903820319376 -0.0074176452772638461 0.0013431509550894749 -0.0014449272574724823
leaf_weight=5.7383797764778128 8.1948833912611025 5.3625769093632689 47.138682335615158 8.0403327718377096
leaf_count=28 65 39 310 68
internal_value=-0.000221107 -0.00115534 0.00033017 -0.00600475
internal_weight=74.4749 68.7365 52.5013 16.2352
internal_count=510 482 349 133
is_linear=0
shrinkage=0.01


Tree=255
num_leaves=7
num_cat=0
split_feature=3 17 29 36 34 19
split_gain=5.49434 5.73667 3.82055 2.84577 2.72604 0.576615
threshold=62.260487283415472 0.65800118230430449 -1.5937740907799602 0.71936519779296215 0.46757841561964525 57.441726545978206
decision_type=2 2 2 2 2 2
left_child=2 5 4 -4 -1 -2
right_child=1 -3 3 -5 -6 -7
leaf_value=0.0089774640256364956 0.012211927543027121 -0.0026512544342846573 -0.0016640177082277387 -0.0085510611150612145 -0.0012893332291350874 0.0047461901308331125
leaf_weight=4.7114093452692014 5.2895461693406087 5.562770687043666 40.214740067720413 7.1448201760649672 4.0595651492476463 4.6928844228386879
leaf_count=31 36 39 278 52 32 29
internal_value=-0.000179298 0.00494067 -0.00168134 -0.00284418 0.00408872 0.00938217
internal_weight=71.6757 15.5452 56.1305 47.3596 8.77097 9.98243
internal_count=497 104 393 330 63 65
is_linear=0
shrinkage=0.01


Tree=256
num_leaves=4
num_cat=0
split_feature=10 21 22
split_gain=4.95384 4.49397 4.32149
threshold=14.675285714285598 1.0607889680355387 -0.36856274341252576
decision_type=2 2 2
left_child=1 2 -1
right_child=-2 -3 -4
leaf_value=0.0067238959964190893 0.0076464010790406817 0.0076612585377904829 -0.0022675884548357833
leaf_weight=5.2926461622118941 7.7406860440969458 5.4690559059381476 55.87105868011713
leaf_count=34 38 27 411
internal_value=0.00030538 -0.000553332 -0.00139267
internal_weight=74.3734 66.6328 61.1637
internal_count=510 472 445
is_linear=0
shrinkage=0.01


Tree=257
num_leaves=5
num_cat=0
split_feature=17 17 5 28
split_gain=6.05032 6.71352 7.13772 1.40047
threshold=0.63681629046828381 0.48230571745668283 0.070590086049993603 -3.3063350001216345
decision_type=2 2 2 2
left_child=1 2 -1 -2
right_child=3 -3 -4 -5
leaf_value=-0.0016308278085335199 -0.002780305462750216 0.010037068013939457 0.010051490488235873 -0.010678746386453671
leaf_weight=48.105586558580399 6.7138937339186668 6.5156182572245589 5.3417736738920203 5.309734031558035
leaf_count=344 47 39 28 38
internal_value=-0.000444635 0.00082476 -0.000325295 -0.00679496
internal_weight=71.9866 59.963 53.4474 12.0236
internal_count=496 411 372 85
is_linear=0
shrinkage=0.01


Tree=258
num_leaves=8
num_cat=0
split_feature=6 5 24 10 13 13 13
split_gain=5.11887 6.68618 5.51366 3.63115 3.39841 2.98821 1.169
threshold=-0.062726433801640932 -1.335808269375679 0.14332273034981483 9.9568928571428472 -1.2597762744756309 -1.9519733442939786 -0.49333469703351374
decision_type=2 2 2 2 2 2 2
left_child=1 2 -1 -3 5 -2 -6
right_child=4 3 -4 -5 6 -7 -8
leaf_value=-0.0030273588786448526 -0.0049723975104705859 0.0015397498224354411 0.0082816169200997207 0.013375558523306153 -0.010370496944399734 0.0039803635279555376 -0.0039159756950648082
leaf_weight=22.367177270352844 6.0323225334286681 5.7531701475381833 4.7555050104856482 5.803840272128582 5.7213013097643843 8.1668195426464063 12.093993514776232
leaf_count=157 43 34 28 31 48 60 88
internal_value=-0.000569953 0.00181836 -0.0008219 0.00804061 -0.00353135 0 -0.00637914
internal_weight=70.6941 38.6797 27.1227 11.557 32.0144 14.1991 17.8153
internal_count=489 250 185 65 239 103 136
is_linear=0
shrinkage=0.01


Tree=259
num_leaves=5
num_cat=0
split_feature=5 28 28 28
split_gain=4.05081 3.4359 4.33501 4.30583
threshold=-3.0985422080937228 -6.9965693153822022 -28.764203292325416 -0.67945796988215068
decision_type=2 2 2 2
left_child=-1 2 -2 -3
right_child=1 3 -4 -5
leaf_value=-0.0079621190212279831 0.0056789783602885233 0.0073365868953210161 -0.0033498779708640053 0.00064525156214951791
leaf_weight=4.1323779225349417 6.4628838524222401 16.551838509738445 20.766069300472736 24.88033802062273
leaf_count=32 41 104 147 180
internal_value=0.000994614 0.00163072 -0.0010349 0.00344554
internal_weight=72.7935 68.6611 27.229 41.4322
internal_count=504 472 188 284
is_linear=0
shrinkage=0.01


Tree=260
num_leaves=8
num_cat=0
split_feature=6 5 2 9 34 34 0
split_gain=6.20676 5.84713 3.68045 2.87247 3.33486 2.70349 1.11778
threshold=-0.060351115524938818 -1.6034323198328237 6.0167857142857244 -0.35710508487595849 0.63625264766079515 0.28996054454459114 -0.04012975571389444
decision_type=2 2 2 2 2 2 2
left_child=1 5 -3 6 -5 -1 -2
right_child=3 2 -4 4 -6 -7 -8
leaf_value=0.0015176925505761153 -0.0028702744963635634 0.00069734433968528936 0.010861545122308481 -0.0044340926002345727 0.0040196677805531093 -0.0052623920522183679 -0.010835239198087323
leaf_weight=10.789973683655264 4.4039654582738876 7.7239793241024 7.5804931446909904 15.733924984931948 5.7728489562869063 10.91957977414131 7.5127708837389928
leaf_count=70 31 48 40 121 40 82 61
internal_value=-0.00132683 0.00142725 0.00610597 -0.00444128 -0.00198884 -0.00179921 -0.00836742
internal_weight=70.4375 37.014 15.3045 33.4235 21.5068 21.7096 11.9167
internal_count=493 240 88 253 161 152 92
is_linear=0
shrinkage=0.01


Tree=261
num_leaves=6
num_cat=0
split_feature=5 24 26 26 26
split_gain=4.0786 7.22174 7.57144 5.43369 3.5386
threshold=-1.335808269375679 0.1457683537859738 17.400642857142788 16.357642857143027 23.276071428571516
decision_type=2 2 2 2 2
left_child=3 2 -2 -1 -5
right_child=1 -3 -4 4 -6
leaf_value=0.0063889692319593506 -0.0035618066832388186 -0.0054063898994962858 0.0096748861531871008 -0.0039865711921790257 0.0037524715935476367
leaf_weight=7.0798563659191123 5.1730969920754495 6.2975176125764838 15.957949057221411 35.919642679393291 6.251238875091075
leaf_count=49 43 42 89 262 41
internal_value=0.000360771 0.00344709 0.00628829 -0.00131512 -0.00273853
internal_weight=76.6793 27.4286 21.131 49.2507 42.1709
internal_count=526 174 132 352 303
is_linear=0
shrinkage=0.01


Tree=262
num_leaves=5
num_cat=0
split_feature=5 1 1 25
split_gain=3.6927 3.62562 10.1654 1.30966
threshold=0.19248553452888281 -0.59762014227250582 -0.25744772294597013 -0.43912981102258425
decision_type=2 2 2 2
left_child=1 3 -3 -1
right_child=-2 2 -4 -5
leaf_value=-0.0025620497878843553 0.00651978164708972 0.0065867749127086466 -0.0030838232027523517 -0.010560780679148432
leaf_weight=6.0067731961607933 5.4582599326968184 14.16981118917465 40.978562593460083 5.017620384693144
leaf_count=38 30 86 305 36
internal_value=-0.000934138 -0.00163825 -0.000508295 -0.00676314
internal_weight=71.631 66.1728 55.1484 11.0244
internal_count=495 465 391 74
is_linear=0
shrinkage=0.01


Tree=263
num_leaves=7
num_cat=0
split_feature=33 30 28 18 1 9
split_gain=3.01794 7.85565 4.38785 4.34248 6.49522 3.9599
threshold=0.12913939237620933 -0.086964715338600562 -2.5329183109306537 11.269071428571451 -0.062884001048131979 0.30198676870813507
decision_type=2 2 2 2 2 2
left_child=1 -1 -3 4 -2 -5
right_child=3 2 -4 5 -6 -7
leaf_value=0.012470617820319271 0.01257100840210815 0.0052922071756750146 -0.0061312588255604096 -0.0048071948789236828 -0.0028655856196401659 0.00098232412814064319
leaf_weight=5.9723090976476696 4.7733159735798836 5.4533362537622461 7.0100249350070927 27.822524890303612 4.8406829386949521 18.764151945710182
leaf_count=31 31 32 52 203 39 129
internal_value=0 0.00349468 -0.000890172 -0.00111536 0.00474458 -0.00242591
internal_weight=74.6363 18.4357 12.4634 56.2007 9.614 46.5867
internal_count=517 115 84 402 70 332
is_linear=0
shrinkage=0.01


Tree=264
num_leaves=7
num_cat=0
split_feature=36 8 1 25 5 16
split_gain=3.59899 4.23849 6.12263 2.78338 1.94324 0.36664
threshold=0.71752450237261478 -0.021468717471006326 -0.28271920237324449 -0.66648009302648914 -1.7390728386985723 -0.0071557988176832099
decision_type=2 2 2 2 2 2
left_child=1 3 -3 -1 5 -2
right_child=4 2 -4 -5 -6 -7
leaf_value=0.0023968325735930249 -0.0032639268941282887 0.010257213167786312 0.00071230416481097582 -0.0055424882207100387 0 -0.010065978399608311
leaf_weight=5.8393228352069881 3.8995848372578612 8.4996382966637594 30.221600636839867 12.03154720366001 6.2671501114964476 4.1844517365097991
leaf_count=33 29 49 218 88 42 32
internal_value=0 0.0011023 0.00298803 -0.00279038 -0.00442297 -0.00751552
internal_weight=70.9433 56.5921 38.7212 17.8709 14.3512 8.08404
internal_count=491 388 267 121 103 61
is_linear=0
shrinkage=0.01


Tree=265
num_leaves=7
num_cat=0
split_feature=33 21 4 20 3 24
split_gain=3.05115 3.64928 4.29021 3.58498 5.04077 2.90658
threshold=0.12913939237620933 -0.29184253667348492 0.23219112110291465 -6.4043763865302017 58.966997696776652 -0.17404951636539281
decision_type=2 2 2 2 2 2
left_child=3 5 -3 -1 -5 -2
right_child=1 2 -4 4 -6 -7
leaf_value=0.0095576091640316215 0.0030662690299203006 -0.0020940920086083997 0.0084284438542667223 -0.006215699784643325 0.00684304656381281 -0.0041413554460367954
leaf_weight=5.4788566306233433 5.7632806599140158 7.5491510108113271 6.5538304150104523 5.7879635989665967 5.076712392270565 35.365236967802048
leaf_count=29 35 49 41 44 29 268
internal_value=-0.000340027 -0.00150236 0.00271158 0.00333785 0 -0.0030346
internal_weight=71.575 55.2315 14.103 16.3435 10.8647 41.1285
internal_count=495 393 90 102 73 303
is_linear=0
shrinkage=0.01


Tree=266
num_leaves=7
num_cat=0
split_feature=13 39 21 20 22 20
split_gain=4.12502 5.28007 4.83336 4.04785 3.97714 2.74147
threshold=-1.2292585530007891 0.70364660589811134 -0.71368344430098773 -8.60087628706742 -0.11234253080027991 4.27907611628416
decision_type=2 2 2 2 2 2
left_child=2 3 5 -2 -3 -1
right_child=1 4 -4 -5 -6 -7
leaf_value=-0.00077738763483744893 0.002286897396600482 0.0088374027463635867 0.0099601730867751627 -0.0067302857157574792 -0.0027681620576734218 0.007243335140479589
leaf_weight=21.507327727973465 5.7649380788207081 5.9650014862418175 6.9357551261782637 19.483242556452751 4.5617913454771024 4.6900136396288863
leaf_count=154 34 37 46 139 33 31
internal_value=0.000252168 -0.00204118 0.00281111 -0.00455044 0.00363859 0.000654926
internal_weight=68.9081 35.775 33.1331 25.2482 10.5268 26.1973
internal_count=474 243 231 173 70 185
is_linear=0
shrinkage=0.01


Tree=267
num_leaves=7
num_cat=0
split_feature=32 32 2 32 19 2
split_gain=2.76314 3.94123 6.59756 4.38207 3.91108 1.61885
threshold=0.14241099541336247 0.27515789052461709 4.8479285714285467 0.2085500815852909 30.007990376472709 5.0525714285715511
decision_type=2 2 2 2 2 2
left_child=4 3 -3 -2 -1 -6
right_child=1 2 -4 -5 5 -7
leaf_value=0.0033673028497560073 0.00030587571205042551 -0.0069769813341491816 0.0025807291715896686 0.0097339909080283275 -0.0012831756052890939 -0.009820930054141452
leaf_weight=5.0212174803018597 11.945605151355268 11.075548194348814 18.275896281003952 8.8670938163995725 4.8366431295871717 6.4806241989135742
leaf_count=37 79 86 122 59 36 45
internal_value=8.75588e-05 0.00129636 -0.000981758 0.00459754 -0.00337397 -0.0066347
internal_weight=66.5026 50.1641 29.3514 20.8127 16.3385 11.3173
internal_count=464 346 208 138 118 81
is_linear=0
shrinkage=0.01


Tree=268
num_leaves=7
num_cat=0
split_feature=8 3 22 1 26 35
split_gain=4.99489 6.33959 4.36647 5.81019 4.41905 1.09064
threshold=-0.019850648915124974 33.055126125821275 -0.05310955929337579 -0.32779056619663421 19.966321428571458 0.2917961363322879
decision_type=2 2 2 2 2 2
left_child=1 -1 3 -2 -4 -3
right_child=2 5 4 -5 -6 -7
leaf_value=0.0029066365249209554 0.012903499576824223 -0.0042734355686098171 -0.0048915772734227578 0.0016337660557404991 0.0041296227133609262 -0.010863300418817815
leaf_weight=8.1782421395182627 5.7388540431857136 9.0500650033354741 14.274180218577387 21.204872705042362 7.8339588940143576 6.8184128776192656
leaf_count=50 34 66 109 150 50 53
internal_value=-0.000149166 -0.00387381 0.00163689 0.00433482 -0.00154161 -0.00753361
internal_weight=73.0986 24.0467 49.0519 26.9437 22.1081 15.8685
internal_count=512 169 343 184 159 119
is_linear=0
shrinkage=0.01


Tree=269
num_leaves=5
num_cat=0
split_feature=14 37 37 21
split_gain=4.8833 3.61612 4.92792 2.89552
threshold=-0.45817211576129957 0.69097220489724165 0.66285122634329319 -0.9956607778525115
decision_type=2 2 2 2
left_child=-1 2 -2 -3
right_child=1 3 -4 -5
leaf_value=0.0083070262108197353 -0.00065818775841851686 -0.0019958590733838762 -0.0086009020038540461 0.0045957779075671895
leaf_weight=5.3592006415128699 26.544397622346878 11.01959700137377 11.238109946250914 14.240660168230532
leaf_count=27 192 80 90 90
internal_value=-0.000367664 -0.00121187 -0.00318053 0.00162084
internal_weight=68.402 63.0428 37.7825 25.2603
internal_count=479 452 282 170
is_linear=0
shrinkage=0.01


Tree=270
num_leaves=7
num_cat=0
split_feature=11 17 12 16 24 11
split_gain=4.54643 5.81658 4.01983 3.46043 3.88204 0.871032
threshold=57.793884386531538 0.65800118230430449 7.2688801456893097 -0.17007244670005453 -0.019858593607237213 38.396224402375758
decision_type=2 2 2 2 2 2
left_child=3 2 -2 5 -5 -1
right_child=1 -3 -4 4 -6 -7
leaf_value=0.0060893512643381475 0.01101669362889963 -0.004771868669948616 4.4308441404355954e-05 -0.0063051959847229624 0 5.8100935209285945e-05
leaf_weight=5.8494492024183256 9.8687916621565837 4.617237612605094 5.7531446889042845 16.038439631462097 26.194454409182072 5.5496504455804825
leaf_count=29 59 32 35 125 197 31
internal_value=0.000333872 0.00434386 0.00728863 -0.00115011 -0.00251032 0.00353098
internal_weight=73.8712 20.2392 15.6219 53.632 42.2329 11.3991
internal_count=508 126 94 382 322 60
is_linear=0
shrinkage=0.01


Tree=271
num_leaves=7
num_cat=0
split_feature=1 1 30 1 20 34
split_gain=4.37289 12.5176 3.84958 2.59972 2.44556 1.89228
threshold=-0.32779056619663421 -0.51145889003418699 -0.31793490133549801 0.65592533144709553 1.2089716762284299 0.94031474912203594
decision_type=2 2 2 2 2 2
left_child=1 4 5 -4 -1 -2
right_child=2 -3 3 -5 -6 -7
leaf_value=-0.0059398834507767154 0.0062930698495598063 0.011375495950435245 -0.0063775696748014357 0 0.002347568037459519 -0.0021642442956128416
leaf_weight=10.864510565996172 4.7959028631448728 8.4155594259500486 26.658577434718609 7.6664225012063971 4.2413987293839446 4.2142827436327934
leaf_count=72 32 48 211 50 27 30
internal_value=-0.00148966 0.00187523 -0.00338505 -0.00492488 -0.00342006 0.00211611
internal_weight=66.8567 23.5215 43.3352 34.325 15.1059 9.01019
internal_count=470 147 323 261 99 62
is_linear=0
shrinkage=0.01


Tree=272
num_leaves=6
num_cat=0
split_feature=26 10 9 33 3
split_gain=4.27981 5.55093 9.96491 5.98189 1.69489
threshold=23.155000000000012 7.9810714285715028 -0.41720174196784438 0.12913939237620933 59.906155985152346
decision_type=2 2 2 2 2
left_child=1 2 -1 -3 -2
right_child=4 3 -4 -5 -6
leaf_value=-0.0069032623623697413 0.0083007031666451243 0.0021243754263339746 0.0074630246229169753 -0.0059882353599309181 0
leaf_weight=6.7315835058689144 5.9736314937472326 11.705437295138834 13.514170274138449 31.745598442852497 4.5130875706672668
leaf_count=52 36 67 97 235 29
internal_value=-0.000687926 -0.00170567 0.00249047 -0.00373519 0.00501715
internal_weight=74.1835 63.6968 20.2458 43.451 10.4867
internal_count=516 451 149 302 65
is_linear=0
shrinkage=0.01


Tree=273
num_leaves=5
num_cat=0
split_feature=4 37 20 9
split_gain=4.44283 5.35747 3.87531 2.86575
threshold=-5.5287168841564371 0.69474544931115467 -1.6803399951700155 -0.57981761077696004
decision_type=2 2 2 2
left_child=-1 2 -2 -3
right_child=1 3 -4 -5
leaf_value=0.0062326504672682087 -0.0065077641129122656 -0.0028858698146012707 -3.2099516629550994e-05 0.0049102937381299136
leaf_weight=10.464319124817846 16.807186007499695 5.3979023993015316 21.87777653336525 18.340519830584526
leaf_count=59 133 36 159 117
internal_value=0.000333561 -0.000649321 -0.00296924 0.00299078
internal_weight=72.8877 62.4234 38.685 23.7384
internal_count=504 445 292 153
is_linear=0
shrinkage=0.01


Tree=274
num_leaves=7
num_cat=0
split_feature=5 13 35 13 19 5
split_gain=3.46715 4.95001 5.59505 3.1835 2.38549 1.98944
threshold=-1.335808269375679 -1.2292585530007891 0.13926901442991668 -1.3213197489883426 34.96194506883996 -2.0773891133924089
decision_type=2 2 2 2 2 2
left_child=3 -2 -3 4 -1 -5
right_child=1 2 -4 5 -6 -7
leaf_value=0.0058103994860259382 0.0096861340978846074 0.0080661927749671337 -0.0033016238797846506 -0.00091187098270553257 -0.0012906506161202325 -0.0076764291859594503
leaf_weight=5.5116057693958309 6.4932231530547169 5.5491954982280758 14.72135768085718 8.8239003568887728 21.205415807664394 11.4545975998044
leaf_count=37 39 38 97 65 159 80
internal_value=-0.000364655 0.00243092 0 -0.00202872 0.00014387 -0.00497008
internal_weight=73.7593 26.7638 20.2706 46.9955 26.717 20.2785
internal_count=515 174 135 341 196 145
is_linear=0
shrinkage=0.01


Tree=275
num_leaves=6
num_cat=0
split_feature=5 8 36 8 5
split_gain=5.81059 5.22813 4.74083 2.44571 1.06013
threshold=-2.5031864750757307 0.12993553347878034 0.64958924835965315 0.040486521100656855 -3.0506472888715952
decision_type=2 2 2 2 2
left_child=3 2 -2 4 -1
right_child=1 -3 -4 -5 -6
leaf_value=-0.0020452905492537405 -0.0018307502473114484 -0.0058233242378475745 0.0051198762244923394 0.00051625213795317452 -0.0096550920065807955
leaf_weight=4.3636773973703393 12.604039728641508 6.782742664217948 34.325694166123867 5.065000779926776 7.1158898025751123
leaf_count=34 101 47 219 34 54
internal_value=0.000315113 0.00195348 0.00319026 -0.00472918 -0.00721894
internal_weight=70.257 53.7125 46.9297 16.5446 11.4796
internal_count=489 367 320 122 88
is_linear=0
shrinkage=0.01


Tree=276
num_leaves=8
num_cat=0
split_feature=18 18 26 11 1 27 26
split_gain=4.51683 5.46429 5.70835 2.45369 2.07053 1.69377 1.31454
threshold=12.979535714285705 14.200785714285891 19.966321428571458 41.494599042147691 0.63274871796240817 42.160851040269257 17.860464285714254
decision_type=2 2 2 2 2 2 2
left_child=3 6 -3 5 -5 -1 -2
right_child=1 2 -4 4 -6 -7 -8
leaf_value=0.0024504953158734238 -0.0023334928050909474 -0.0059490886721146139 0.0029752075922608503 0.0026271287663179729 0.010847426029397174 -0.0048714855665836151 -0.010761634942811904
leaf_weight=6.6467174589633959 4.3147684261202794 10.298639029264452 20.812315374612808 13.14166919142008 4.5641783922910681 4.9572410807013512 6.9559021294116974
leaf_count=48 29 82 133 90 27 39 55
internal_value=-0.000105367 -0.00222255 0 0.00284134 0.00515064 -0.000501644 -0.00802613
internal_weight=71.6914 42.3816 31.111 29.3098 17.7058 11.604 11.2707
internal_count=503 299 215 204 117 87 84
is_linear=0
shrinkage=0.01


Tree=277
num_leaves=7
num_cat=0
split_feature=14 14 14 35 28 13
split_gain=2.63424 8.93184 3.89916 4.65704 3.63837 2.09276
threshold=0.059933236131710567 0.14511143873895796 -0.045851621627661064 0.23835978871487393 -5.9824542761634794 -1.0159903963471371
decision_type=2 2 2 2 2 2
left_child=2 -2 3 -1 -4 -3
right_child=1 5 4 -5 -6 -7
leaf_value=0.0048275034231803175 0.010415312911452606 -0.0080064774721139778 -0.010610782030106122 -0.0019386865605732267 -0.00043019984393897207 0.00098155211621257766
leaf_weight=16.764918632805347 9.0079237744212168 4.2529790326952934 6.2118539959192267 23.657159321010113 8.8404056727886182 4.3898297250270826
leaf_count=103 58 35 51 159 72 25
internal_value=0.000285909 0.00362371 -0.000745395 0.000818954 -0.00503054 -0.00330916
internal_weight=73.1251 17.6507 55.4743 40.4221 15.0523 8.64281
internal_count=503 118 385 262 123 60
is_linear=0
shrinkage=0.01


Tree=278
num_leaves=7
num_cat=0
split_feature=21 26 26 38 2 11
split_gain=4.40571 5.53388 5.15283 3.56736 3.39303 1.82118
threshold=-1.1274011548012302 19.791035714285631 16.674642857142938 0.73592197630483447 6.9982500000000991 32.504850781536526
decision_type=2 2 2 2 2 2
left_child=1 2 -1 5 -3 -2
right_child=3 4 -4 -5 -6 -7
leaf_value=0.0027500191808041935 0.00015603682665531361 0.0058841559276417319 -0.0091763518042528702 -0.004023015625742794 -0.0038076211728868942 0.0055135373128454559
leaf_weight=4.3364593088626924 9.8740365132689458 9.5681607723236066 12.116209819912909 5.4513710364699355 4.8345410302281371 26.473534137010574
leaf_count=31 66 71 92 41 32 172
internal_value=0.000859227 -0.00193076 -0.00586754 0.00298816 0.00241102 0.00416142
internal_weight=72.6543 30.8554 16.4527 41.7989 14.4027 36.3476
internal_count=505 226 123 279 103 238
is_linear=0
shrinkage=0.01


Tree=279
num_leaves=5
num_cat=0
split_feature=4 17 20 6
split_gain=5.04732 5.74062 9.11046 1.29325
threshold=-5.5287168841564371 0.63681629046828381 2.892378637815455 -1.0000000180025095e-35
decision_type=2 2 2 2
left_child=-1 2 -2 -3
right_child=1 3 -4 -5
leaf_value=0.0072579517203572152 -0.0014805873567749499 -0.0024611572281651108 0.0074384207454262262 -0.010254955715910671
leaf_weight=10.337080523371695 35.424649134278297 6.3966979756951332 16.122375927865505 4.9645534157752973
leaf_count=56 262 43 103 40
internal_value=0.000950528 -8.76536e-05 0.00129603 -0.00640848
internal_weight=73.2454 62.9083 51.547 11.3613
internal_count=504 448 365 83
is_linear=0
shrinkage=0.01


Tree=280
num_leaves=6
num_cat=0
split_feature=30 30 1 22 27
split_gain=3.81286 5.00039 6.45153 5.37562 4.30608
threshold=0.15991150267535167 -0.11655598993003231 -0.51145889003418699 -0.24130884038589911 53.815874797152567
decision_type=2 2 2 2 2
left_child=1 2 -1 -3 -2
right_child=4 3 -4 -5 -6
leaf_value=-0.0059984441743916386 0.011190830194589827 0.0031293201086537714 0.0037834203699434348 -0.0070900142147713764 -0.00029566183559919532
leaf_weight=7.9908116012811652 5.9095856398344022 6.4534810855984714 30.252911306917667 17.180792532861233 5.6093352437019348
leaf_count=54 32 47 205 138 33
internal_value=0.00038898 -0.000563947 0.00161109 -0.00416824 0.00556808
internal_weight=73.3969 61.878 38.2437 23.6343 11.5189
internal_count=509 444 259 185 65
is_linear=0
shrinkage=0.01


Tree=281
num_leaves=7
num_cat=0
split_feature=38 5 19 22 12 37
split_gain=3.62196 4.72732 4.58197 3.77668 3.71305 3.10036
threshold=0.70957839755403829 -2.5031864750757307 31.594656626079793 0.049051329274227222 -5.1342168923551972 0.65496073198614413
decision_type=2 2 2 2 2 2
left_child=1 5 -2 -4 -3 -1
right_child=2 4 3 -5 -6 -7
leaf_value=0 -0.0019936470312987213 0.0060625348726012322 0.013254328548871708 0.00072295651280893992 -0.0012086376278109443 -0.01064450085555693
leaf_weight=4.7169399932026845 6.8861617818474796 8.5167306661605817 5.6686801686882955 4.9265216514468193 30.384909547865391 7.0888409987092018
leaf_count=31 51 48 35 32 215 60
internal_value=4.42504e-05 -0.00126778 0.00394628 0.00799308 0.000363832 -0.0066843
internal_weight=68.1888 50.7074 17.4814 10.5952 38.9016 11.8058
internal_count=472 354 118 67 263 91
is_linear=0
shrinkage=0.01


Tree=282
num_leaves=5
num_cat=0
split_feature=1 0 31 29
split_gain=4.97483 5.93016 3.97458 2.81038
threshold=-0.51145889003418699 -0.020807601632095024 0.15287601640883483 -0.59438670113068681
decision_type=2 2 2 2
left_child=3 -2 -3 -1
right_child=1 2 -4 -5
leaf_value=-0.0088123598330709652 0.010901645309978119 -0.00098762545678022519 0.0068164332719365932 0
leaf_weight=8.0410204231739026 5.4407905787229529 39.627366557717323 7.2596010938286772 7.3649421334266654
leaf_count=60 33 290 48 42
internal_value=0 0.001477 0.000216557 -0.00490215
internal_weight=67.7337 52.3278 46.887 15.406
internal_count=473 371 338 102
is_linear=0
shrinkage=0.01


Tree=283
num_leaves=4
num_cat=0
split_feature=5 37 1
split_gain=4.84874 3.31565 2.81099
threshold=0.070590086049993603 0.54680684903575094 -0.5057971236685731
decision_type=2 2 2
left_child=1 -1 -3
right_child=-2 2 -4
leaf_value=0.0064305404901877665 0.0072614102906334048 -0.0058665265133865784 -0.00048348133098013708
leaf_weight=4.8783432841300955 7.5075014680623999 12.341874219477175 46.671194672584534
leaf_count=40 41 83 332
internal_value=-3.35496e-05 -0.000987056 -0.00169952
internal_weight=71.3989 63.8914 59.0131
internal_count=496 455 415
is_linear=0
shrinkage=0.01


Tree=284
num_leaves=5
num_cat=0
split_feature=36 1 32 22
split_gain=4.10871 5.13956 3.76173 2.7318
threshold=0.60268092668828721 -0.67073579788730031 0.13729129954053085 -0.16990600462482552
decision_type=2 2 2 2
left_child=3 -2 -3 -1
right_child=1 2 -4 -5
leaf_value=0 -0.0067030349110956738 -0.0021563996933127915 0.0036422108192016877 -0.010353205743283687
leaf_weight=3.9512874260544777 7.1180792301893225 14.47144743055105 39.383868299424648 5.4072747230529767
leaf_count=32 45 100 267 48
internal_value=-9.29788e-06 0.000909609 0.00202337 -0.00604301
internal_weight=70.332 60.9734 53.8553 9.35856
internal_count=492 412 367 80
is_linear=0
shrinkage=0.01


Tree=285
num_leaves=6
num_cat=0
split_feature=24 5 24 32 18
split_gain=6.53188 5.99528 4.78818 4.82782 1.13002
threshold=-0.17404951636539281 -1.335808269375679 -0.051150924202584443 0.09977739456397626 13.916357142857157
decision_type=2 2 2 2 2
left_child=1 -1 4 -4 -2
right_child=2 -3 3 -5 -6
leaf_value=0 -0.0026763093382909885 0.011597308986917442 -0.0074822367697672731 0.0017368505477142668 -0.010449302277378151
leaf_weight=7.8882476985454586 5.575431786477564 8.5152284651994687 6.1135456934571257 38.5195167735219 5.0442450195550919
leaf_count=51 43 40 54 268 41
internal_value=0.000552782 0.00602201 -0.00105656 0.000338709 -0.00694204
internal_weight=71.6562 16.4035 55.2527 44.6331 10.6197
internal_count=497 91 406 322 84
is_linear=0
shrinkage=0.01


Tree=286
num_leaves=5
num_cat=0
split_feature=14 0 9 4
split_gain=2.66598 3.13878 7.53391 5.75762
threshold=-0.40598925157788207 -0.0058568513315705043 0.55576878706528998 0.5327486362380115
decision_type=2 2 2 2
left_child=-1 3 -3 -2
right_child=1 2 -4 -5
leaf_value=0.0056131746363256843 0.0049491078868648267 -0.0059570211853214195 0.0033577461721584962 -0.0044023497692677258
leaf_weight=7.2071548402309409 19.222912281751636 23.362979628145695 12.805207692086695 9.1439296156167966
leaf_count=38 121 188 88 62
internal_value=1.30078e-05 -0.000604626 -0.00257653 0.00180674
internal_weight=71.7422 64.535 36.1682 28.3668
internal_count=497 459 276 183
is_linear=0
shrinkage=0.01


Tree=287
num_leaves=6
num_cat=0
split_feature=2 18 36 0 35
split_gain=4.15923 6.56547 5.02994 2.6608 0.959658
threshold=3.5304285714285344 11.269071428571451 0.62572673966517856 0.0021955731136547919 0.27549674894189652
decision_type=2 2 2 2 2
left_child=4 3 -3 -2 -1
right_child=1 2 -4 -5 -6
leaf_value=-0.0095917986147461692 0.013122205088812027 -0.006596127028065119 0.0011486071468181935 0.0022945048413019866 -0.00091351023969684503
leaf_weight=4.1305764168500891 5.1904641166329366 9.6821226403117162 46.387851558625698 5.5521133840084076 3.0843741670250893
leaf_count=42 30 74 314 35 27
internal_value=0.00032956 0.00116251 -0.000182197 0.00814387 -0.00657035
internal_weight=74.0275 66.8126 56.07 10.7426 7.21495
internal_count=522 453 388 65 69
is_linear=0
shrinkage=0.01


Tree=288
num_leaves=6
num_cat=0
split_feature=37 30 30 22 0
split_gain=3.34853 4.38679 5.8501 5.28359 0.861646
threshold=0.7208734752067234 -0.18356938358876776 -0.35540253381201486 -0.32397573909751781 0.0042499567430768865
decision_type=2 2 2 2 2
left_child=1 2 -1 -3 -2
right_child=4 3 -4 -5 -6
leaf_value=-0.0049095024425543773 0.0013760918677310021 0.0057458695161054134 0.0051946220188836259 -0.0047122679771626911 0.0078029797240343739
leaf_weight=7.3991523608565357 5.6491829454898816 5.042478844523429 19.011212304234505 30.611485756933689 5.5989275202155113
leaf_count=56 33 35 120 232 31
internal_value=9.30035e-05 -0.00078618 0.00221374 -0.0030912 0.00502648
internal_weight=73.3124 62.0643 26.4104 35.654 11.2481
internal_count=507 443 176 267 64
is_linear=0
shrinkage=0.01


Tree=289
num_leaves=7
num_cat=0
split_feature=8 34 38 38 13 22
split_gain=3.71037 4.07918 3.27216 4.12714 3.06035 2.72674
threshold=-0.021468717471006326 0.10917632439147132 0.59011540740422985 0.70899192341068507 -1.2187397770137089 -0.17433878508659914
decision_type=2 2 2 2 2 2
left_child=1 -1 4 -4 -2 -3
right_child=2 5 3 -5 -6 -7
leaf_value=0.0033100222132040119 0.012310641389512303 -0.00021245634674721463 -0.0015436133251753342 0.0051716908974604589 0.0013228734078142995 -0.0084068067229345067
leaf_weight=7.8026303276419666 5.1530487760901451 7.9869273006916091 25.200822323560715 13.478245735168455 6.1147993430495244 9.8954399004578555
leaf_count=45 33 57 177 89 46 75
internal_value=0.000646885 -0.00235683 0.00225905 0.000755991 0.00691233 -0.00501543
internal_weight=75.6319 25.685 49.9469 38.6791 11.2678 17.8824
internal_count=522 177 345 266 79 132
is_linear=0
shrinkage=0.01


Tree=290
num_leaves=8
num_cat=0
split_feature=6 2 32 6 37 11 24
split_gain=4.31997 4.22902 3.3806 4.84326 3.07983 2.91308 2.30132
threshold=-0.060351115524938818 4.5486071428571391 0.22635126069378755 0.02176967081065612 0.66937088281079815 59.68092867183902 -0.25479157872471009
decision_type=2 2 2 2 2 2 2
left_child=1 4 6 -4 -1 -3 -2
right_child=2 5 3 -5 -6 -7 -8
leaf_value=0.0019153443424237938 0.00015887941420960426 0.0014411037986944164 -0.0068920406153411412 0.005322434311871415 -0.0088297657918631374 0.0090125308046884161 -0.0074875937911758964
leaf_weight=3.9265171810984594 4.1194621622562435 23.210314020514492 4.7030983790755254 7.9774356111884117 5.3837398588657379 6.6924921199679366 16.411188937723637
leaf_count=30 25 145 36 56 41 38 132
internal_value=-0.000714601 0.00147352 -0.00337068 0.000474991 -0.00412566 0.00335468 -0.00584338
internal_weight=72.4242 39.2131 33.2112 12.6805 9.31026 29.9028 20.5307
internal_count=503 254 249 92 71 183 157
is_linear=0
shrinkage=0.01


Tree=291
num_leaves=5
num_cat=0
split_feature=34 14 14 30
split_gain=6.15831 4.40576 5.38414 0.587181
threshold=0.0074717319674445105 0.14082426258709621 0.035014371598195128 -0.27947006316767314
decision_type=2 2 2 2
left_child=-1 2 -2 -3
right_child=1 3 -4 -5
leaf_value=0.00932093620659241 -0.0011981080177922493 -0.0029908738138580133 0.0062152920620958734 -0.010111303946715798
leaf_weight=6.5187766328454009 40.675428614020348 4.5907033383846283 12.260246336460112 3.9828484207391721
leaf_count=44 288 33 82 30
internal_value=0.000420916 -0.000541485 0.000504832 -0.00700421
internal_weight=68.028 61.5092 52.9357 8.57355
internal_count=477 433 370 63
is_linear=0
shrinkage=0.01


Tree=292
num_leaves=4
num_cat=0
split_feature=10 0 9
split_gain=5.96602 3.39202 4.34208
threshold=14.995357142857076 0.060878139199248241 0.61178447055804419
decision_type=2 2 2
left_child=1 2 -1
right_child=-2 -3 -4
leaf_value=-0.00064071869693605225 0.0096194148923871171 0.0045031506476987853 -0.0085442881312484155
leaf_weight=47.805613875389099 5.3612938374280921 9.095335125923155 7.8999975994229308
leaf_count=351 26 52 62
internal_value=-1.85181e-06 -0.000911366 -0.00188099
internal_weight=70.1622 64.8009 55.7056
internal_count=491 465 413
is_linear=0
shrinkage=0.01


Tree=293
num_leaves=7
num_cat=0
split_feature=18 6 18 26 18 29
split_gain=3.65138 5.1677 5.70853 3.81573 4.45474 2.64956
threshold=14.215857142857205 0.088782383994773548 12.930178571428479 19.705321428571427 18.026785714285751 -0.98411922903815607
decision_type=2 2 2 2 2 2
left_child=1 2 -1 5 -5 -2
right_child=3 -3 -4 4 -6 -7
leaf_value=0.0024137865325849247 -0.0081767097735925935 -0.00965691757629197 -0.0066521837687256629 0.0067218199963149884 -0.0025990140829490666 0.0021385275585820741
leaf_weight=20.200219430029396 4.7566474005579948 7.6114677116274825 9.863335579633711 17.300026230514053 6.3392471820116034 3.7510855644941312
leaf_count=136 41 61 72 113 41 28
internal_value=-0.000416973 -0.00254891 -0.000522613 0.00199045 0.00409595 -0.00342939
internal_weight=69.822 37.675 30.0636 32.147 23.6393 8.50773
internal_count=492 269 208 223 154 69
is_linear=0
shrinkage=0.01


Tree=294
num_leaves=5
num_cat=0
split_feature=36 30 32 36
split_gain=4.10713 5.43668 3.65666 3.4047
threshold=0.6218834598789712 -0.3532838444644128 0.14600848248242151 0.56582134398950579
decision_type=2 2 2 2
left_child=3 -2 -3 -1
right_child=1 2 -4 -5
leaf_value=0.00054094724921049042 -0.0061390358581947914 -0.0010836164730644797 0.0044478288121113201 -0.0096418311457993604
leaf_weight=5.249583348631857 7.5022808983921996 16.479501783847809 35.570339620113373 6.2991364523768425
leaf_count=49 58 108 236 47
internal_value=0.000341661 0.00144723 0.00264578 -0.00493379
internal_weight=71.1008 59.5521 52.0498 11.5487
internal_count=498 402 344 96
is_linear=0
shrinkage=0.01


Tree=295
num_leaves=7
num_cat=0
split_feature=11 4 4 26 14 5
split_gain=3.86791 5.44855 3.4153 3.17765 2.89023 0.901733
threshold=57.793884386531538 0.58096811657105729 1.7123806396139118 23.155000000000012 -1.0000000180025095e-35 -1.9248414547373873
decision_type=2 2 2 2 2 2
left_child=1 3 -2 -1 -4 -3
right_child=2 5 4 -5 -6 -7
leaf_value=-0.00060012254333306205 0.010728187493762278 -0.0034157930692295412 -0.0018790138096430944 0.0073203908183050925 0.0072324914152409134 -0.010514745281154947
leaf_weight=36.695248872041702 4.9944276809692409 6.2566151395440102 9.4454220309853554 5.3097935691475859 4.6791363358497593 5.1917191892862302
leaf_count=265 31 48 61 32 31 40
internal_value=0.000123135 -0.00121805 0.00396125 0.000404852 0.00107836 -0.00719148
internal_weight=72.5724 53.4534 19.119 42.005 14.1246 11.4483
internal_count=508 385 123 297 92 88
is_linear=0
shrinkage=0.01


Tree=296
num_leaves=7
num_cat=0
split_feature=0 37 6 0 0 21
split_gain=6.11716 5.52195 5.36011 5.0239 4.11432 3.15136
threshold=-0.0048480896140985644 0.66892308783745424 -0.30392713838176122 -0.011971011349877729 -0.049661726858869361 -0.092332387263405147
decision_type=2 2 2 2 2 2
left_child=1 4 -2 -3 -1 -4
right_child=2 3 5 -5 -6 -7
leaf_value=9.1863013272744013e-05 0.005055931510431713 -0.0038839897692933925 -0.0064606743370159989 0.0077166642094097116 0.01111496030169388 0.00044816462414293826
leaf_weight=5.9939806833863249 6.1625741720199576 13.794117569923399 23.883071929216385 4.4909930527210262 9.4474346563220006 7.8921039551496532
leaf_count=33 39 93 186 31 60 57
internal_value=-0.00019299 0.00283866 -0.00296803 -0.000745505 0.00716134 -0.00467139
internal_weight=71.6643 33.7265 37.9378 18.2851 15.4414 31.7752
internal_count=499 217 282 124 93 243
is_linear=0
shrinkage=0.01


Tree=297
num_leaves=5
num_cat=0
split_feature=33 26 14 24
split_gain=4.17699 3.46212 2.80028 2.37693
threshold=0.084208503350810246 16.357642857143027 0.035014371598195128 -1.0000000180025095e-35
decision_type=2 2 2 2
left_child=3 -2 -3 -1
right_child=1 2 -4 -5
leaf_value=0.0094110185243226861 0.0049064730240475033 -0.0036764696230781485 0.001125771582728361 0.00015717354858563209
leaf_weight=6.1920311972498894 7.7333265617489806 34.146256744861603 17.172323510050774 5.9441666156053525
leaf_count=32 57 241 121 42
internal_value=4.05558e-05 -0.00102573 -0.00201628 0.00530157
internal_weight=71.1881 59.0519 51.3186 12.1362
internal_count=493 419 362 74
is_linear=0
shrinkage=0.01


Tree=298
num_leaves=5
num_cat=0
split_feature=10 32 9 9
split_gain=3.94727 4.24118 3.67819 3.12454
threshold=14.675285714285598 0.32579608386972958 -0.57981761077696004 0.4175341469456752
decision_type=2 2 2 2
left_child=1 2 -1 -3
right_child=-2 3 -4 -5
leaf_value=-0.0038833632975398087 0.0069708114731856395 -0.0065601807694889921 0.0030261968303953051 0.00082735693285091241
leaf_weight=9.3812383189797384 7.3298761993646613 15.17740458250046 31.534255541861057 7.813757397234439
leaf_count=64 35 118 228 53
internal_value=0.000239515 -0.000534085 0.00134176 -0.00395758
internal_weight=71.2365 63.9067 40.9155 22.9912
internal_count=498 463 292 171
is_linear=0
shrinkage=0.01


Tree=299
num_leaves=8
num_cat=0
split_feature=1 1 4 32 9 2 33
split_gain=4.2871 5.37987 5.67016 4.17021 3.90024 3.58349 2.67979
threshold=-0.10730273306892145 -0.51145889003418699 1.6374733897700937 0.14965288912794009 0.43080720902201947 7.1556071428570123 0.068658187324226433
decision_type=2 2 2 2 2 2 2
left_child=1 5 -3 6 -5 -1 -2
right_child=3 2 -4 4 -6 -7 -8
leaf_value=-0.0043094920290360937 0 0.010669659377497753 -0.0011026640085322035 -0.0026042033296290353 0.0045470797228114295 0.0054255050766338535 -0.010733572222671135
leaf_weight=10.618094414472578 4.1203966587781888 11.997554562985899 5.3069619610905638 18.357919186353687 12.229990176856516 5.1010737642645827 6.3782085254788399
leaf_count=78 34 74 33 139 78 26 52
internal_value=0.000485752 0.00317438 0.00696124 -0.0016153 0.000185745 -0.000895526 -0.00690535
internal_weight=74.1102 33.0237 17.3045 41.0865 30.5879 15.7192 10.4986
internal_count=514 211 107 303 217 104 86
is_linear=0
shrinkage=0.01


Tree=300
num_leaves=5
num_cat=0
split_feature=5 9 17 14
split_gain=3.53813 4.58603 7.26283 4.24732
threshold=0.070590086049993603 0.4757876364850776 0.61096884877371083 0.1040399926987903
decision_type=2 2 2 2
left_child=1 3 -3 -1
right_child=-2 2 -4 -5
leaf_value=-0.0037765186783754608 0.0064987308669187775 0.0096643769024805891 -0.0025872520920800115 0.0035332978204295697
leaf_weight=35.97914582490921 7.7312298566102973 9.3314179703593272 8.6371358931064588 9.3355007618665677
leaf_count=264 41 60 63 62
internal_value=0.000305597 -0.000448989 0.00370221 -0.00218298
internal_weight=71.0144 63.2832 17.9686 45.3146
internal_count=490 449 123 326
is_linear=0
shrinkage=0.01


Tree=301
num_leaves=5
num_cat=0
split_feature=26 14 13 25
split_gain=4.61184 4.10316 3.95253 0.91201
threshold=23.155000000000012 -0.45817211576129957 1.0000000180025095e-35 -0.090531764880610363
decision_type=2 2 2 2
left_child=1 -1 -3 -2
right_child=3 2 -4 -5
leaf_value=0.0073854036006341531 0.001781693786957217 -0.0032296368952619376 0.0029212882770188013 0.0090998874143831815
leaf_weight=4.6325492262840262 4.6736520975828171 46.598657049238682 12.512304298579691 5.049459293484686
leaf_count=23 29 357 69 31
internal_value=-6.05084e-05 -0.00109261 -0.00186373 0.00613486
internal_weight=73.4666 63.7435 59.111 9.72311
internal_count=509 449 426 60
is_linear=0
shrinkage=0.01


Tree=302
num_leaves=7
num_cat=0
split_feature=18 19 38 27 19 37
split_gain=4.23132 6.06698 4.40591 4.32716 3.95939 2.34966
threshold=12.272285714285774 62.063054937637062 0.56164050003886912 50.535108622255159 38.680577680251218 0.71512138570635564
decision_type=2 2 2 2 2 2
left_child=1 4 3 -2 -1 -4
right_child=2 -3 5 -5 -6 -7
leaf_value=0.0048368552467242271 0.0097003420987988517 0.010793905394472983 -0.0048320372915574986 -0.0024367177533662757 -0.004792508148388286 0.000968980089288922
leaf_weight=7.3213476464152398 5.0502098277211172 6.4145687073469153 33.400555163621902 5.3058220520615578 8.8093713819980604 7.5815918967127791
leaf_count=51 27 35 250 37 70 49
internal_value=-0.000570495 0.00294423 -0.00218538 0.00337985 -0.000227562 -0.0036878
internal_weight=73.8835 22.5453 51.3382 10.356 16.1307 40.9821
internal_count=519 156 363 64 121 299
is_linear=0
shrinkage=0.01


Tree=303
num_leaves=5
num_cat=0
split_feature=10 1 1 17
split_gain=3.4148 4.30248 7.06252 3.59173
threshold=14.675285714285598 -0.28271920237324449 -0.51145889003418699 0.42168966157478033
decision_type=2 2 2 2
left_child=1 2 -1 -3
right_child=-2 3 -4 -5
leaf_value=-0.0026955668063605165 0.005444754209094166 -0.0056217705752512285 0.0077883254607097607 0.00022120121555426562
leaf_weight=13.096341893076898 8.5085399150848371 23.474104307591915 11.342174030840395 16.991669535636902
leaf_count=89 42 195 66 120
internal_value=-0.000274345 -0.00110584 0.00210842 -0.00312231
internal_weight=73.4128 64.9043 24.4385 40.4658
internal_count=512 470 155 315
is_linear=0
shrinkage=0.01


Tree=304
num_leaves=6
num_cat=0
split_feature=30 33 27 30 5
split_gain=3.55145 5.50898 4.97406 6.38544 5.69657
threshold=0.08185598895901651 0.25152146596704367 60.329868682556729 -0.089457840379157841 -1.5385474216741897
decision_type=2 2 2 2 2
left_child=2 -2 3 -1 -4
right_child=1 -3 4 -5 -6
leaf_value=3.5819526127766798e-05 0 0.01217179748143272 -0.0010709419310129251 -0.0085265656093483286 0.012025664578851621
leaf_weight=31.986776191741225 9.4266774877905828 5.6749572977423659 6.4372667893767357 11.127314813435079 5.5066634565591794
leaf_count=226 55 32 44 97 34
internal_value=0.000596946 0.00482979 -0.000543084 -0.00217768 0.00496666
internal_weight=70.1597 15.1016 55.058 43.1141 11.9439
internal_count=488 87 401 323 78
is_linear=0
shrinkage=0.01


Tree=305
num_leaves=5
num_cat=0
split_feature=12 24 8 24
split_gain=3.46247 3.61701 4.13759 1.6286
threshold=-9.4478332310845854 -0.16954728687949591 -0.021468717471006326 -0.2940565816023572
decision_type=2 2 2 2
left_child=-1 3 -3 -2
right_child=1 2 -4 -5
leaf_value=0.0051410294378231823 -0.00050962833542823795 -0.0079081806672562961 -0.00098771755816728902 0.0059144223094003499
leaf_weight=8.6618554070591909 5.976923979818821 11.29534539952874 38.266868032515049 7.6929411515593511
leaf_count=51 35 93 279 43
internal_value=-0.000543048 -0.00140298 -0.00268806 0.00297502
internal_weight=71.8939 63.2321 49.5622 13.6699
internal_count=501 450 372 78
is_linear=0
shrinkage=0.01


Tree=306
num_leaves=5
num_cat=0
split_feature=14 29 14 37
split_gain=5.26685 4.01761 3.89225 2.23488
threshold=-0.45817211576129957 -1.1261627957959208 -0.24396483314790082 0.68961884098451598
decision_type=2 2 2 2
left_child=-1 3 -3 -2
right_child=1 2 -4 -5
leaf_value=0.0090829147659177625 -0.0060804560136388302 -0.004817946864934231 0.0028061091557514536 0
leaf_weight=5.450746774673461 15.831808991730215 7.7650414481759062 31.839129783213139 9.6539306342601758
leaf_count=27 124 50 226 72
internal_value=3.60712e-05 -0.000739254 0.00119505 -0.00382572
internal_weight=70.5407 65.0899 39.6042 25.4857
internal_count=499 472 276 196
is_linear=0
shrinkage=0.01


Tree=307
num_leaves=7
num_cat=0
split_feature=1 1 26 22 32 29
split_gain=5.31004 7.08554 5.27444 4.13271 4.81428 2.02062
threshold=-0.10730273306892145 -0.67073579788730031 19.189892857142862 -0.28693723755656747 0.22129403290019869 -0.59438670113068681
decision_type=2 2 2 2 2 2
left_child=1 5 -3 -2 -5 -1
right_child=3 2 -4 4 -6 -7
leaf_value=-0.007431805045025437 -0.0093560348937435228 0.011663098035173163 0.0017854089273854133 -0.0046418368225640393 0.0028324987656727857 0.00090138646151153396
leaf_weight=5.5127701684832573 6.2321881912648669 9.8164048120379466 13.660372085869311 15.714768052101133 17.589608430862427 4.3690328896045667
leaf_count=41 49 58 86 120 124 24
internal_value=0.000249231 0.00319879 0.0061978 -0.00217337 -0.000622035 -0.00359252
internal_weight=72.8951 33.3586 23.4768 39.5366 33.3044 9.8818
internal_count=502 209 144 293 244 65
is_linear=0
shrinkage=0.01


Tree=308
num_leaves=6
num_cat=0
split_feature=24 6 0 0 17
split_gain=4.7629 3.85886 4.21694 2.89456 2.65118
threshold=-0.16954728687949591 -0.1443615775154265 -0.0097975248593709409 0.028515614421780692 -0.57948534617598113
decision_type=2 2 2 2 2
left_child=4 3 -3 -2 -1
right_child=1 2 -4 -5 -6
leaf_value=0.0074431064970691694 -0.0010949168983385761 0.0008160239273761272 -0.0065533262291676813 0.0062900954147888542 -7.1429853940506194e-05
leaf_weight=9.7806334123015422 14.897686034440996 10.82697633653879 21.431352138519287 7.2984798029065123 7.2073682099580756
leaf_count=54 108 79 181 44 42
internal_value=-0.000324105 -0.0018067 -0.00401364 0.0012863 0.00417254
internal_weight=71.4425 54.4545 32.2583 22.1962 16.988
internal_count=508 412 260 152 96
is_linear=0
shrinkage=0.01


Tree=309
num_leaves=7
num_cat=0
split_feature=6 38 10 21 12 10
split_gain=4.40198 4.39482 4.07018 4.50802 2.75555 2.0299
threshold=-0.2197639019884447 0.69072500977961238 9.746714285714333 -1.2743268204386127 -10.189516450040172 12.077178571428542
decision_type=2 2 2 2 2 2
left_child=1 5 3 -2 -4 -1
right_child=2 -3 4 -5 -6 -7
leaf_value=-0.0050563296301679352 -0.0045514196279763776 0.0085928832423358189 0.0015744528778733839 0.0041119263579427294 -0.0060864676453626946 0.0035355001542862752
leaf_weight=5.0403453782200831 8.6067290678620356 9.1639182269573194 5.0204809382557896 16.502047799527645 21.346708945930004 4.7364421486854553
leaf_count=39 69 54 29 117 158 26
internal_value=-0.000229486 0.00378281 -0.00178573 0.000994293 -0.00451396 -0.000632529
internal_weight=70.4167 18.9407 51.476 25.1088 26.3672 9.77679
internal_count=492 119 373 186 187 65
is_linear=0
shrinkage=0.01


Tree=310
num_leaves=5
num_cat=0
split_feature=14 1 21 1
split_gain=3.63316 3.98343 4.36219 3.97137
threshold=-0.45817211576129957 -0.14501564615075899 -0.29184253667348492 -0.51145889003418699
decision_type=2 2 2 2
left_child=-1 3 -3 -2
right_child=1 2 -4 -5
leaf_value=0.0075294454960773928 -0.0011360521540983177 -0.0051416837999131385 0.0019878154541218608 0.0059102097918517782
leaf_weight=5.8823885023593894 15.356275334954264 23.558766048401594 12.261197797954081 14.754999615252016
leaf_count=29 105 184 88 94
internal_value=0.000302389 -0.000349067 -0.00262488 0.00225886
internal_weight=71.8136 65.9312 35.82 30.1113
internal_count=500 471 272 199
is_linear=0
shrinkage=0.01


Tree=311
num_leaves=6
num_cat=0
split_feature=18 36 30 17 17
split_gain=4.9697 3.41575 3.42017 3.19056 5.84682
threshold=15.046928571428682 0.71705146779043594 -0.18356938358876776 0.66273572427943128 0.45482195980022583
decision_type=2 2 2 2 2
left_child=3 2 -2 4 -1
right_child=1 -3 -4 -5 -6
leaf_value=-0.0028198510636756229 0.0091148124522318699 -0.0037693852642688283 0.00067818435980667271 -0.0084972141697051261 0.0084755507369163579
leaf_weight=34.231977201998234 9.2438551560044324 5.285097010433673 11.331681095063686 7.2709475457668296 4.7061108425259581
leaf_count=257 56 40 80 54 29
internal_value=-0.000576199 0.00284634 0.00473713 -0.00256579 -0.00128846
internal_weight=72.0697 25.8606 20.5755 46.209 38.9381
internal_count=516 176 136 340 286
is_linear=0
shrinkage=0.01


Tree=312
num_leaves=7
num_cat=0
split_feature=13 29 6 13 5 37
split_gain=3.54192 7.44076 4.89148 5.61492 3.47036 2.9428
threshold=-1.3213197489883426 -0.49377922845939642 -0.056991743760736367 -0.19607430303167017 -2.0035346026225134 0.57222595004442256
decision_type=2 2 2 2 2 2
left_child=1 4 3 -2 -1 -4
right_child=2 -3 5 -5 -6 -7
leaf_value=-0.002297505379040248 -0.0022832833926406428 0.014492180782640021 0.00063880125356057156 0.0079390803898695544 0.0048269932888537585 -0.0076599708674432825
leaf_weight=15.570279300212864 13.620012015104296 4.1335043758153907 5.0475061647594002 7.9792814403772345 11.180320762097836 14.02884044498205
leaf_count=122 92 23 43 41 80 105
internal_value=0.000193448 0.00275964 -0.001692 0.00145153 0.000603997 -0.00535068
internal_weight=71.5597 30.8841 40.6756 21.5993 26.7506 19.0763
internal_count=506 225 281 133 202 148
is_linear=0
shrinkage=0.01


Tree=313
num_leaves=6
num_cat=0
split_feature=32 0 22 9 24
split_gain=3.43033 8.72758 6.22708 4.99757 8.01036
threshold=0.28049462470638059 0.060878139199248241 0.10954903078151508 0.61178447055804419 -0.029399596367496301
decision_type=2 2 2 2 2
left_child=3 2 -2 4 -1
right_child=1 -3 -4 -5 -6
leaf_value=7.2897829618539628e-05 -0.0068068056063046792 0.0097097789064578069 0.0049891626901908299 -0.0047272481359905711 0.0099918530182009184
leaf_weight=21.349120996892452 20.62050677463413 4.7479924708604804 4.9871568977832785 7.2113578766584387 13.320582613348959
leaf_count=135 161 26 31 53 95
internal_value=0.000560961 -0.00192607 -0.00434305 0.00243582 0.00405707
internal_weight=72.2367 30.3557 25.6077 41.8811 34.6697
internal_count=501 218 192 283 230
is_linear=0
shrinkage=0.01


Tree=314
num_leaves=5
num_cat=0
split_feature=14 5 8 3
split_gain=6.03602 3.40906 6.75403 5.34538
threshold=-0.45817211576129957 -1.9458006629118236 0.12638194688142321 62.260487283415472
decision_type=2 2 2 2
left_child=-1 3 -3 -2
right_child=1 2 -4 -5
leaf_value=0.010872101296186994 -0.0050827071985840534 0.0035135811593833824 -0.0086184058570295628 0.0048616579029216768
leaf_weight=5.3000150322914115 20.387229967862371 37.178035378456116 4.6360402703285208 6.5734399557113639
leaf_count=25 164 255 33 44
internal_value=0.00106475 0.000192643 0.00201163 -0.00250449
internal_weight=74.0748 68.7747 41.8141 26.9607
internal_count=521 496 288 208
is_linear=0
shrinkage=0.01


Tree=315
num_leaves=5
num_cat=0
split_feature=24 30 38 27
split_gain=2.89234 3.68192 2.73653 2.40198
threshold=0.30463998083401783 0.099013154560249242 0.69664705133769711 28.54390861400719
decision_type=2 2 2 2
left_child=1 3 -3 -1
right_child=-2 2 -4 -5
leaf_value=-0.0047009387004219852 -0.006347281408832243 0 0.0099482889599558939 0.00058016587264968103
leaf_weight=10.18918729200959 5.9931068494915953 5.2718348950147611 6.1624016687273979 41.380301780998707
leaf_count=76 42 33 33 298
internal_value=0 0.00065973 0.00568507 -0.00044079
internal_weight=68.9968 63.0037 11.4342 51.5695
internal_count=482 440 66 374
is_linear=0
shrinkage=0.01


Tree=316
num_leaves=7
num_cat=0
split_feature=11 17 21 38 13 0
split_gain=4.04169 5.87904 4.59626 3.22264 4.32714 3.07518
threshold=57.793884386531538 0.62069458790415222 -0.83756285835431232 0.59618466606039866 0.74947326155192762 -0.001383653156626082
decision_type=2 2 2 2 2 2
left_child=3 2 -2 5 -5 -1
right_child=1 -3 -4 4 -6 -7
leaf_value=0.0074900142166843351 0.0016851260888179045 -0.0048337258932726612 0.01359392599713488 -0.0040530386496962665 0.0048241244096877195 -0.0020589264307919464
leaf_weight=6.6074205562472343 8.0673519149422646 4.7998563870787612 6.0626925230026254 35.051220312714577 5.7722631543874732 5.3907777145504934
leaf_count=37 53 34 34 266 29 46
internal_value=7.34307e-05 0.00401607 0.00728978 -0.00130765 -0.00268207 0.00304892
internal_weight=71.7516 18.9299 14.13 52.8217 40.8235 11.9982
internal_count=499 121 87 378 295 83
is_linear=0
shrinkage=0.01


Tree=317
num_leaves=7
num_cat=0
split_feature=13 35 14 6 13 14
split_gain=4.10975 3.70642 5.08107 2.91032 3.29505 2.25177
threshold=-1.3213197489883426 0.52922162270087703 -0.037184346754805121 -0.22250218503957406 -0.19607430303167017 0.039947576129619966
decision_type=2 2 2 2 2 2
left_child=1 2 -1 -2 -5 -3
right_child=3 5 -4 4 -6 -7
leaf_value=0.0082909358128902631 0.002205780082412301 -0.0077977845393212789 -0.0011082180772437485 -0.0069668554661403972 -9.8458089657313418e-05 0.0018486770647589458
leaf_weight=13.744082853198053 9.2865657061338407 4.2161179408431035 8.6162270531058329 15.959247257560492 13.737553775310516 3.8862980082631111
leaf_count=83 58 36 69 123 94 29
internal_value=-0.000216687 0.00246514 0.00459285 -0.00239301 -0.00394317 -0.00298363
internal_weight=69.4461 30.4627 22.3603 38.9834 29.6968 8.10242
internal_count=492 217 152 275 217 65
is_linear=0
shrinkage=0.01


Tree=318
num_leaves=5
num_cat=0
split_feature=14 17 8 25
split_gain=5.98529 4.15321 3.25292 0.34235
threshold=-0.47162698353429328 0.65508085564989227 0.10842564539106772 0.74890185412013655
decision_type=2 2 2 2
left_child=-1 2 -2 -3
right_child=1 3 -4 -5
leaf_value=0.007942145718600864 -0.0016607778907980475 -0.010438353792490222 0.0065914453437664602 -0.0038780411473929963
leaf_weight=6.1096422374248496 52.812143329530954 4.9640449583530408 4.6574996560811988 4.3128096386790276
leaf_count=30 379 38 27 35
internal_value=-0.00105989 -0.00198143 -0.000889159 -0.00804961
internal_weight=72.8561 66.7465 57.4696 9.27685
internal_count=509 479 406 73
is_linear=0
shrinkage=0.01


Tree=319
num_leaves=7
num_cat=0
split_feature=32 32 9 18 18 20
split_gain=4.48146 5.24682 3.33858 2.9228 2.84544 2.49568
threshold=0.33075543156322001 0.2085500815852909 0.4175341469456752 16.146642857142918 12.599750000000022 2.7005975513538947
decision_type=2 2 2 2 2 2
left_child=1 3 5 -1 -3 -2
right_child=2 4 -4 -5 -6 -7
leaf_value=0.00099316383888428477 -0.0083088049070944737 0.011843007771861707 0.0018382779273447044 -0.0064635410585945951 0.0026312719932185739 3.8837163420997073e-05
leaf_weight=25.089299865067009 11.598049908876421 5.9155165255069759 7.1003179028630248 6.0368645191192618 10.297949731349943 4.0816851109266272
leaf_count=172 91 36 47 43 76 26
internal_value=0.000101721 0.00189287 -0.00345235 -0.000437515 0.00642544 -0.00601632
internal_weight=70.1197 47.3396 22.7801 31.1262 16.2135 15.6797
internal_count=491 327 164 215 112 117
is_linear=0
shrinkage=0.01


Tree=320
num_leaves=5
num_cat=0
split_feature=14 19 32 11
split_gain=6.94746 4.14902 3.27249 3.27088
threshold=-0.41720038635074991 36.535865267977925 0.46720004798513898 57.793884386531538
decision_type=2 2 2 2
left_child=-1 2 -2 -3
right_child=1 3 -4 -5
leaf_value=0.0097439299871613632 0.0060542203638803424 -0.0036864265428766373 -0.0034683142628271686 0.0016957775434049424
leaf_weight=7.6678873002529135 14.817753069102766 29.257451020181179 3.9277872033417216 16.932557500898838
leaf_count=38 97 225 31 113
internal_value=0.00105098 0 0.0038648 -0.00165211
internal_weight=72.6034 64.9355 18.7455 46.19
internal_count=504 466 128 338
is_linear=0
shrinkage=0.01


Tree=321
num_leaves=4
num_cat=0
split_feature=28 39 4
split_gain=3.65586 2.9404 2.23354
threshold=-26.497019043108136 0.73861909328856157 2.8130100612829669
decision_type=2 2 2
left_child=-1 2 -2
right_child=1 -3 -4
leaf_value=0.006453693022687325 -0.00035674298713282102 0.0068626600708587048 -0.005468101475621435
leaf_weight=7.5352029874920836 49.700256232172251 4.1646239757537833 10.284490592777727
leaf_count=48 364 28 69
internal_value=5.52637e-05 -0.000694014 -0.00132065
internal_weight=71.6846 64.1494 59.9847
internal_count=509 461 433
is_linear=0
shrinkage=0.01


Tree=322
num_leaves=4
num_cat=0
split_feature=36 30 30
split_gain=3.85985 3.46281 5.71272
threshold=0.72794718198455421 -0.36612762882667194 -0.18356938358876776
decision_type=2 2 2
left_child=1 -1 -3
right_child=-2 2 -4
leaf_value=-0.0055783260397386193 -0.0058424906879599508 0.0073113247140580194 0.00039312194525796578
leaf_weight=5.3082889914512625 7.024768002331256 16.586604282259941 43.29948852956295
leaf_count=43 52 109 299
internal_value=0.000863326 0.00167052 0.0024036
internal_weight=72.2191 65.1944 59.8861
internal_count=503 451 408
is_linear=0
shrinkage=0.01


Tree=323
num_leaves=7
num_cat=0
split_feature=33 30 30 17 30 19
split_gain=4.52106 5.30333 4.71357 3.33867 5.9501 4.12882
threshold=0.13903454332843299 -0.11655598993003231 0.015497748124869664 0.021237032983855781 -0.19189198864186172 41.206666612390002
decision_type=2 2 2 2 2 2
left_child=1 -1 -3 5 -5 -2
right_child=3 2 -4 4 -6 -7
leaf_value=0.012756632687642513 -0.0095536720273377024 -0.0065323840736982441 0.0058689795169933725 0.0069552559217477931 -0.0022339426156603079 -0.00055206586575562487
leaf_weight=5.4134750664234188 7.3778973035514381 4.500792019069193 7.2066353857517242 11.270417265594007 16.493473790585995 16.916534401476383
leaf_count=28 64 38 42 77 115 128
internal_value=0.000588768 0.00499401 0.000783375 -0.000836672 0.00144721 -0.00354426
internal_weight=69.1792 17.1209 11.7074 52.0583 27.7639 24.2944
internal_count=492 108 80 384 192 192
is_linear=0
shrinkage=0.01


Tree=324
num_leaves=6
num_cat=0
split_feature=16 29 16 17 36
split_gain=2.3132 4.88244 3.27709 5.45468 2.24654
threshold=-0.17007244670005453 -0.83598161309014862 0.030322173686414388 0.65800118230430449 0.7051576852351843
decision_type=2 2 2 2 2
left_child=1 -1 4 -4 -2
right_child=2 -3 3 -5 -6
leaf_value=0.010826888057477902 -0.0049357194409880194 -0.0015055815027358312 0.0048724220835981054 -0.0035279233126929471 0.00039565067004916811
leaf_weight=5.3106153607368469 19.787792086601261 6.1566710174083692 19.407264940440658 11.820219941437243 11.231633946299551
leaf_count=29 166 34 121 86 81
internal_value=0.000106817 0.00416876 -0.00062093 0.00159268 -0.00293448
internal_weight=73.7142 11.4673 62.2469 31.2275 31.0194
internal_count=517 63 454 207 247
is_linear=0
shrinkage=0.01


Tree=325
num_leaves=8
num_cat=0
split_feature=0 38 8 39 38 21 38
split_gain=5.18319 4.2916 6.81502 4.26985 4.2003 3.11437 2.1608
threshold=-0.0028897080723712548 0.6827772635609014 -0.015106575747566591 0.67371912432623959 0.69455835161587809 -0.50702874722620395 0.70407190243276785
decision_type=2 2 2 2 2 2 2
left_child=1 2 -1 4 -2 -5 -3
right_child=3 6 -4 5 -6 -7 -8
leaf_value=0.00084220945188738061 -0.0026117643232151616 -0.0059249924792496838 0.01288859610607263 -0.0088412077875858024 0.0068548059662354981 0.00014501165838833198 0.0016353474493729506
leaf_weight=12.176856741309164 12.571559242904188 5.2681504413485518 7.8952771872282055 11.590066045522692 6.7024274915456763 4.6955475993454447 9.6837440580129606
leaf_count=78 102 37 45 90 44 32 66
internal_value=0.000189237 0.00293766 0.00592451 -0.0024378 0.000618561 -0.00614439 -0.000939839
internal_weight=70.5836 35.024 20.0721 35.5596 19.274 16.2856 14.9519
internal_count=494 226 123 268 146 122 103
is_linear=0
shrinkage=0.01


Tree=326
num_leaves=6
num_cat=0
split_feature=6 14 8 9 35
split_gain=2.99835 5.83576 6.12992 3.20752 4.61782
threshold=-0.060351115524938818 0.059933236131710567 0.073175147991651521 0.64166372442009445 0.51933934918449076
decision_type=2 2 2 2 2
left_child=1 2 -1 4 -2
right_child=3 -3 -4 -5 -6
leaf_value=-0.0023866094026551358 0.0016390187073708972 0.0089731279543029136 0.0078467816394841312 -0.0086923328071201039 -0.0077459123965722167
leaf_weight=24.87413822114468 21.748629268258814 8.8002191036939603 7.108380325138568 5.4687013998627654 6.3024221360683432
leaf_count=172 159 53 41 45 52
internal_value=0.000153581 0.00200072 0 -0.00200198 -0.000463207
internal_weight=74.3025 40.7827 31.9825 33.5198 28.0511
internal_count=522 266 213 256 211
is_linear=0
shrinkage=0.01


Tree=327
num_leaves=5
num_cat=0
split_feature=20 6 8 26
split_gain=4.06014 2.50917 3.24637 2.20669
threshold=7.846074296856842 -0.2197639019884447 0.01155924967984071 21.469785714285702
decision_type=2 2 2 2
left_child=1 2 -1 -3
right_child=-2 3 -4 -5
leaf_value=-0.001773943541351893 0.0058238451292041372 -0.0011056873471849101 0.0072604509528064048 -0.0063410844126853038
leaf_weight=8.0540583133697492 8.6408808603882772 35.257855217903852 6.4817851781845084 10.976723469793795
leaf_count=55 54 263 40 81
internal_value=-0.000337003 -0.00130235 0.0021626 -0.00246738
internal_weight=69.4113 60.7704 14.5358 46.2346
internal_count=493 439 95 344
is_linear=0
shrinkage=0.01


Tree=328
num_leaves=4
num_cat=0
split_feature=14 34 24
split_gain=5.70632 2.97229 3.99598
threshold=-0.45817211576129957 0.0074717319674445105 -0.17981506757586604
decision_type=2 2 2
left_child=-1 -2 -3
right_child=1 2 -4
leaf_value=0.0094448717379099472 0.0046255558573640504 0.0028838379684157558 -0.0032050064985866327
leaf_weight=5.2692635953426352 7.705227702856063 13.247404500842093 44.581789065152407
leaf_count=25 53 75 347
internal_value=-4.76616e-05 -0.000922071 -0.00174599
internal_weight=70.8037 65.5344 57.8292
internal_count=500 475 422
is_linear=0
shrinkage=0.01


Tree=329
num_leaves=7
num_cat=0
split_feature=36 4 36 12 30 5
split_gain=3.83527 6.15113 3.81111 3.25818 2.73378 1.86437
threshold=0.67471369513083324 0.58096811657105729 0.71936519779296215 2.8263870234868596 -0.17421537823862934 -0.026626828455509691
decision_type=2 2 2 2 2 2
left_child=3 2 -2 5 -3 -1
right_child=1 4 -4 -5 -6 -7
leaf_value=-0.0058434988692385075 0.006903034916800263 -0.0060197633022975178 -0.0016245291488965741 0.0034778063067395643 0.0014791308434191656 0.00062248717852286816
leaf_weight=16.229537956416614 23.845237940549854 8.8165425583720225 5.7896772623062125 6.5104253515601149 8.8598532974719983 4.8701906725764266
leaf_count=126 150 64 42 37 62 42
internal_value=0.000604126 0.00235508 0.00513817 -0.00227801 -0.00215879 -0.00423228
internal_weight=74.9215 47.3113 29.6349 27.6102 17.6764 21.0997
internal_count=523 318 192 205 126 168
is_linear=0
shrinkage=0.01


Tree=330
num_leaves=5
num_cat=0
split_feature=17 17 10 19
split_gain=3.27497 8.21354 4.46895 3.16448
threshold=0.62069458790415222 0.47734746340759016 10.639500000000032 53.654177468651717
decision_type=2 2 2 2
left_child=1 2 -1 -2
right_child=3 -3 -4 -5
leaf_value=0.0020836226908103402 0 0.010978353182509327 -0.0038315051043020412 -0.010408588070806621
leaf_weight=31.330425873398781 7.4614610821008664 6.9067876338958731 20.713639348745346 4.7656122595071793
leaf_count=223 55 40 144 35
internal_value=9.06519e-05 0.00111616 -0.000227572 -0.00446756
internal_weight=71.1779 58.9509 52.0441 12.2271
internal_count=497 407 367 90
is_linear=0
shrinkage=0.01


Tree=331
num_leaves=7
num_cat=0
split_feature=26 26 18 14 14 0
split_gain=3.71157 5.06629 5.00146 5.40716 3.40626 1.38154
threshold=18.70042857142861 16.769714285714247 11.951821428571554 0.12125115635344096 -0.040558525732438448 -0.013455962608963213
decision_type=2 2 2 2 2 2
left_child=1 4 -2 -4 -1 -3
right_child=2 5 3 -5 -6 -7
leaf_value=0.005996724794091756 0.0097372818096122561 -0.0016322537333948747 0.0014315759129188421 -0.0089184879479082373 -0.0041832555139927445 -0.010162941311590132
leaf_weight=6.0240962281823158 5.3045729845762244 3.7894201278686515 29.859686844050884 5.5348146036267272 5.9434121847152728 8.9537036120891553
leaf_count=40 29 25 204 44 57 73
internal_value=-0.000678937 -0.00372502 0.00112045 -0.000205024 0.000735413 -0.00801011
internal_weight=65.4097 24.7106 40.6991 35.3945 11.9675 12.7431
internal_count=472 195 277 248 97 98
is_linear=0
shrinkage=0.01


Tree=332
num_leaves=6
num_cat=0
split_feature=35 30 34 30 36
split_gain=4.31494 3.62686 4.13346 3.84109 2.06653
threshold=0.68705257258207431 -0.18356938358876776 0.38148571366442546 0.08185598895901651 0.6941756358677692
decision_type=2 2 2 2 2
left_child=1 2 -1 -3 -2
right_child=4 3 -4 -5 -6
leaf_value=0.01165647520941049 -0.0090121320754242579 -0.0019867174641892992 0.0016104490707506717 0.004292712243479011 0
leaf_weight=6.5882885754108456 5.3224592730402929 26.983551882207394 12.244831666350363 14.518579088151453 3.7389519140124321
leaf_count=38 45 212 85 84 27
internal_value=0.000895088 0.00190708 0.00549054 0.000163525 -0.00527685
internal_weight=69.3967 60.3353 18.8331 41.5021 9.06141
internal_count=491 419 123 296 72
is_linear=0
shrinkage=0.01


Tree=333
num_leaves=5
num_cat=0
split_feature=25 5 26 26
split_gain=3.09544 3.15006 4.27897 3.75019
threshold=0.73856866347310779 -1.335808269375679 18.938892857142918 17.692678571428655
decision_type=2 2 2 2
left_child=1 3 -3 -1
right_child=-2 2 -4 -5
leaf_value=0.0035571188989408685 0.0070258573651013371 -0.0022671778316890358 0.0062812891606646359 -0.0033147135239230603
leaf_weight=9.5779686048626882 6.2594659179449073 8.8154391422867793 14.019021384418009 33.15563166514039
leaf_count=68 44 67 78 243
internal_value=0.000578745 -3.98351e-05 0.00287465 -0.0016818
internal_weight=71.8275 65.5681 22.8345 42.7336
internal_count=500 456 145 311
is_linear=0
shrinkage=0.01


Tree=334
num_leaves=6
num_cat=0
split_feature=30 30 30 2 2
split_gain=4.85636 7.17329 4.44149 3.58672 3.21849
threshold=0.08185598895901651 -0.18356938358876776 -0.35540253381201486 4.8291428571428705 4.8203214285714315
decision_type=2 2 2 2 2
left_child=1 2 -1 -3 -2
right_child=4 3 -4 -5 -6
leaf_value=-0.0028703192287135538 0 0.00044844859664978893 0.0057851101524192105 -0.0066488763664864937 0.0088736257964602411
leaf_weight=7.7338583096861866 5.588143214583396 10.143058281391864 18.483170352876183 18.332929834723473 10.1114005446434
leaf_count=60 35 90 121 138 53
internal_value=0.000803538 -0.000566358 0.00311359 -0.00405318 0.00563127
internal_weight=70.3926 54.693 26.217 28.476 15.6995
internal_count=497 409 181 228 88
is_linear=0
shrinkage=0.01


Tree=335
num_leaves=5
num_cat=0
split_feature=8 28 4 32
split_gain=5.38811 3.69884 3.76436 3.41042
threshold=0.14600333843189564 -0.70608609631608477 -3.5757793508096252 0.35621214762861175
decision_type=2 2 2 2
left_child=1 3 -3 -1
right_child=-2 2 -4 -5
leaf_value=0.0044022488483507587 -0.0091838690039220527 -0.0092619925928494815 -7.8529418546616083e-06 -0.0013587291334798671
leaf_weight=28.149650767445564 5.6449796855449668 5.6470577344298389 17.773531928658485 14.698242291808127
leaf_count=190 41 40 135 105
internal_value=-0.000193881 0.000590025 -0.00251154 0.00236396
internal_weight=71.9135 66.2685 23.4206 42.8479
internal_count=511 470 175 295
is_linear=0
shrinkage=0.01


Tree=336
num_leaves=5
num_cat=0
split_feature=14 2 18 17
split_gain=4.94645 2.37156 6.55422 3.22163
threshold=-0.47162698353429328 4.9248928571428561 12.954499999999957 0.2942484327628464
decision_type=2 2 2 2
left_child=-1 3 -3 -2
right_child=1 2 -4 -5
leaf_value=0.0093712309127442668 -0.00028489432482095979 0.006903101531393111 -0.0016852434664558625 -0.0078464510288053999
leaf_weight=4.814042627811431 17.256325438618664 12.0055940374732 29.476849019527435 8.6013202071189863
leaf_count=23 147 70 204 65
internal_value=4.317e-05 -0.000643611 0.000781496 -0.00301513
internal_weight=72.1541 67.3401 41.4824 25.8576
internal_count=509 486 274 212
is_linear=0
shrinkage=0.01


Tree=337
num_leaves=4
num_cat=0
split_feature=35 20 3
split_gain=3.55876 4.95272 4.19887
threshold=0.054990263777486247 7.846074296856842 61.809179553748244
decision_type=2 2 2
left_child=-1 2 -2
right_child=1 -3 -4
leaf_value=-0.0049263910323390911 -0.00062475128964961267 0.0090561917598810746 0.0058935196702611381
leaf_weight=7.9413391500711432 43.744582645595074 8.0252101346850377 12.051914937794207
leaf_count=55 318 48 82
internal_value=0.00109259 0.00192064 0.00076973
internal_weight=71.763 63.8217 55.7965
internal_count=503 448 400
is_linear=0
shrinkage=0.01


Tree=338
num_leaves=5
num_cat=0
split_feature=34 2 1 1
split_gain=3.12952 2.90267 5.994 2.45113
threshold=1.2358439313068759 5.2757857142857381 -0.28271920237324449 -0.5057971236685731
decision_type=2 2 2 2
left_child=1 2 -1 -3
right_child=-2 3 -4 -5
leaf_value=0.0051885047866816704 -0.006413402714302234 -0.00080072214077685602 -0.0044631747448629416 0.0046248679616627741
leaf_weight=9.3496680632233637 4.8408412188291541 10.081005752086638 17.568813167512417 29.88060600310564
leaf_count=59 40 60 146 193
internal_value=0.000861823 0.00147662 -0.000967932 0.00318904
internal_weight=71.7209 66.8801 26.9185 39.9616
internal_count=498 458 205 253
is_linear=0
shrinkage=0.01


Tree=339
num_leaves=5
num_cat=0
split_feature=10 18 30 3
split_gain=3.06419 4.06764 3.11187 2.09196
threshold=7.2882142857142442 11.295285714285685 -0.36612762882667194 55.613277458407929
decision_type=2 2 2 2
left_child=3 -2 -3 -1
right_child=1 2 -4 -5
leaf_value=-0.0084651044083083361 0.0077608869465239008 -0.0068352127360170878 0.0010507239420339831 7.6959133788759171e-05
leaf_weight=5.442420616745947 7.9142888635396949 5.0195942372083655 50.436881065368652 4.2272971197962761
leaf_count=54 45 41 345 30
internal_value=0.000423657 0.00126968 0.000228624 -0.00461561
internal_weight=73.0405 63.3708 55.4565 9.66972
internal_count=515 431 386 84
is_linear=0
shrinkage=0.01


Tree=340
num_leaves=7
num_cat=0
split_feature=39 25 24 27 29 20
split_gain=2.82588 4.48281 3.06385 2.80349 3.34373 0.868042
threshold=0.68596895465898133 -0.6369133059256461 -0.049262392528867792 41.513468705029922 -1.1261627957959208 -6.7524609572219552
decision_type=2 2 2 2 2 2
left_child=3 -2 -3 5 -5 -1
right_child=1 2 -4 4 -6 -7
leaf_value=-0.0016868444683838188 0.010214526303359801 -0.0048358518903601402 0.0027071063550989571 -0.003625782459212243 0.0028123499077506663 -0.008845568007276948
leaf_weight=4.71024489402771 5.786831207573413 6.6744357906281975 20.008606445044279 13.298257820308203 18.848772652447227 4.9312795177102071
leaf_count=33 34 48 140 104 121 40
internal_value=0.000355758 0.00257937 0.00065572 -0.00131113 4.24552e-05 -0.00589967
internal_weight=74.2584 32.4699 26.683 41.7886 32.147 9.64152
internal_count=520 222 188 298 225 73
is_linear=0
shrinkage=0.01


Tree=341
num_leaves=6
num_cat=0
split_feature=6 5 18 3 5
split_gain=3.92534 5.75851 5.14724 3.62994 3.49599
threshold=-0.28076165698650413 -2.1998622062227597 11.833357142857041 62.260487283415472 -2.0274857616287738
decision_type=2 2 2 2 2
left_child=4 3 -3 -2 -1
right_child=1 2 -4 -5 -6
leaf_value=0.011024564746394348 -0.007891551966203612 0.0063775873960392002 -0.0011628282289934152 0.0024527299910996284 0
leaf_weight=5.1989228576421738 14.193203125149013 12.390285089612005 28.736925341188908 3.6315930709242812 6.4461853727698308
leaf_count=30 121 82 195 24 41
internal_value=9.76242e-05 -0.000918507 0.0010861 -0.00561089 0.00531472
internal_weight=70.5971 58.952 41.1272 17.8248 11.6451
internal_count=493 422 277 145 71
is_linear=0
shrinkage=0.01


Tree=342
num_leaves=6
num_cat=0
split_feature=21 26 22 0 26
split_gain=3.72749 5.51332 4.0098 3.79336 2.14832
threshold=-0.29184253667348492 16.357642857143027 -0.037827954002305049 -0.006260168095053629 20.093357142857229
decision_type=2 2 2 2 2
left_child=1 -1 -3 -2 -5
right_child=3 2 -4 4 -6
leaf_value=0.0063514393869603513 -0.0011466477854577611 -0.00064366571605790316 -0.0070626916647018876 0.010647456257885709 0.0008886299820363195
leaf_weight=6.5198053345084181 9.4075749367475527 27.373407997190952 15.816751696169375 6.5385314896702749 4.5301231071352959
leaf_count=46 55 201 116 44 30
internal_value=-0.00024819 -0.0017645 -0.00311698 0.00324424 0.00712376
internal_weight=70.1862 49.71 43.1902 20.4762 11.0687
internal_count=492 363 317 129 74
is_linear=0
shrinkage=0.01


Tree=343
num_leaves=4
num_cat=0
split_feature=14 13 24
split_gain=4.05515 3.32307 4.07668
threshold=-0.47162698353429328 1.4814642039684442 0.17264993295835315
decision_type=2 2 2
left_child=-1 2 -2
right_child=1 -3 -4
leaf_value=0.008422520776936445 -0.0021416569524079845 0.0077263920879613581 0.0042309807823426183
leaf_weight=5.4550409764051428 49.343685161322355 4.3800055086612693 11.887198768556116
leaf_count=26 376 23 79
internal_value=0.000510344 -0.000160839 -0.000831643
internal_weight=71.0659 65.6109 61.2309
internal_count=504 478 455
is_linear=0
shrinkage=0.01


Tree=344
num_leaves=6
num_cat=0
split_feature=32 32 0 16 1
split_gain=3.92889 6.90082 5.5751 3.16933 3.97518
threshold=0.22635126069378755 0.27340466476392133 0.046754217453783643 -0.17404951636539281 -0.35720508401354378
decision_type=2 2 2 2 2
left_child=3 -2 -3 -1 -5
right_child=1 2 -4 4 -6
leaf_value=0.0026451864057797847 0.011831342063243364 -0.001954506959122926 0.0078379286240751536 0.0014906479137201049 -0.0065804809949647249
leaf_weight=8.1928572505712491 5.6728704944252959 25.081174954771996 7.0011323168873778 7.8240461349487331 19.201951708644629
leaf_count=42 38 188 40 50 157
internal_value=-4.65167e-05 0.00213901 0.00017785 -0.00247057 -0.00415026
internal_weight=72.974 37.7552 32.0823 35.2189 27.026
internal_count=515 266 228 249 207
is_linear=0
shrinkage=0.01


Tree=345
num_leaves=5
num_cat=0
split_feature=14 14 37 24
split_gain=3.90213 5.36164 4.40735 2.23674
threshold=0.14389147438870606 0.095848631311574214 0.54296214464999937 -0.14502710433351571
decision_type=2 2 2 2
left_child=1 2 -1 -2
right_child=3 -3 -4 -5
leaf_value=0.0093393165629550752 0 0.010754750708277661 -6.8347320150824093e-05 -0.0088790231239151522
leaf_weight=4.9711943864822379 4.7508931830525398 5.697865165770053 48.99465910717845 5.2339107319712621
leaf_count=39 29 35 344 41
internal_value=0.000890084 0.00190099 0.000820962 -0.00466702
internal_weight=69.6485 59.6637 53.9659 9.9848
internal_count=488 418 383 70
is_linear=0
shrinkage=0.01


Tree=346
num_leaves=5
num_cat=0
split_feature=1 1 26 26
split_gain=2.33415 6.29051 7.13065 3.98556
threshold=-0.67073579788730031 -0.34350821048615082 19.189892857142862 19.701892857142905
decision_type=2 2 2 2
left_child=-1 2 -2 -3
right_child=1 3 -4 -5
leaf_value=-0.0045158593009292855 0.013756081634567482 -0.0037291415540200235 0.00011878003832311288 0.001970969519950782
leaf_weight=8.6837710589170438 6.630451224744319 24.511256456375122 9.2991672903299314 22.961989767849445
leaf_count=58 35 197 58 159
internal_value=0.000148109 0.000864177 0.00622358 -0.000917754
internal_weight=72.0866 63.4029 15.9296 47.4732
internal_count=507 449 93 356
is_linear=0
shrinkage=0.01


Tree=347
num_leaves=5
num_cat=0
split_feature=30 5 22 25
split_gain=3.92284 5.1352 4.28058 3.42808
threshold=0.099013154560249242 -2.5637133654077524 0.18281129210170563 0.74890185412013655
decision_type=2 2 2 2
left_child=2 -2 3 -1
right_child=1 -3 -4 -5
leaf_value=-0.0027913072230762665 -0.0025870131744820009 0.009118588171806493 0.006868394875002657 0.0062779832034063465
leaf_weight=47.487399686127901 5.2762576192617408 9.213447228074072 5.5068051144480696 3.9183450937271109
leaf_count=356 34 50 35 29
internal_value=0.000120685 0.00471188 -0.00102682 -0.0019884
internal_weight=71.4023 14.4897 56.9125 51.4057
internal_count=504 84 420 385
is_linear=0
shrinkage=0.01


Tree=348
num_leaves=5
num_cat=0
split_feature=6 20 27 2
split_gain=1.99805 3.74051 2.79061 1.77834
threshold=-0.2197639019884447 7.1444267826364021 26.037901458644722 5.4201785714285515
decision_type=2 2 2 2
left_child=3 2 -2 -1
right_child=1 -3 -4 -5
leaf_value=-0.0010571313056928003 0.0015658989607943024 0.0043959527564724583 -0.0042252243655280285 0.0052673202710458947
leaf_weight=7.3561186119914046 9.6766260676085931 7.5443166941404334 35.31902814656496 8.3974831625819188
leaf_count=53 68 46 268 49
internal_value=-0.000806536 -0.0017731 -0.00291034 0.00218788
internal_weight=68.2936 52.54 44.9957 15.7536
internal_count=484 382 336 102
is_linear=0
shrinkage=0.01


Tree=349
num_leaves=4
num_cat=0
split_feature=37 34 34
split_gain=3.72587 2.93876 3.21777
threshold=0.72481040873420866 1.1380093070642321 0.85893462496380901
decision_type=2 2 2
left_child=1 2 -1
right_child=-2 -3 -4
leaf_value=0.00082018606634653339 -0.0058744339102784439 -0.0051527822137365292 0.008376238073025781
leaf_weight=50.431830003857613 8.5395306944847089 6.2607126832008353 6.0997719168663016
leaf_count=366 54 48 38
internal_value=8.51465e-05 0.000983032 0.00175438
internal_weight=71.3318 62.7923 56.5316
internal_count=506 452 404
is_linear=0
shrinkage=0.01


Tree=350
num_leaves=7
num_cat=0
split_feature=1 1 24 6 37 9
split_gain=4.69688 5.48944 4.2984 3.37391 2.98847 2.33559
threshold=-0.42142283036021938 -0.51145889003418699 -0.19035846858960762 -0.1443615775154265 0.69423132311716185 0.49953640357103973
decision_type=2 2 2 2 2 2
left_child=1 2 -1 4 -2 -5
right_child=3 -3 -4 5 -6 -7
leaf_value=0.0057596244073419454 -0.0029581036674802726 0.010368469831424407 -0.0043147219826843329 -0.0027262540177180562 0.0046637471702915198 -0.0090743070355569482
leaf_weight=6.4023210480809256 10.635263316333296 6.1011324226856223 10.339795909821987 22.83310237899423 8.9038021489977819 9.0079275369644147
leaf_count=33 79 31 77 180 54 71
internal_value=-0.00103775 0.0026315 -0.000232914 -0.00273654 0.000395113 -0.00472743
internal_weight=74.2233 22.8432 16.7421 51.3801 19.5391 31.841
internal_count=525 141 110 384 133 251
is_linear=0
shrinkage=0.01


Tree=351
num_leaves=5
num_cat=0
split_feature=34 32 38 32
split_gain=3.11472 4.71891 6.02321 0.907745
threshold=0.0074717319674445105 0.14965288912794009 0.59179496429141698 0.06232777716961279
decision_type=2 2 2 2
left_child=-1 3 -3 -2
right_child=1 2 -4 -5
leaf_value=0.0059513255769886629 -0.0020106338931870967 0.0071684237956373287 -0.0013018758470973036 -0.0082263819833980657
leaf_weight=6.5789121463894835 5.8528804592788211 10.024028465151785 40.203532665967941 8.3108062371611577
leaf_count=43 42 65 291 61
internal_value=-0.000289292 -0.00101408 0.000383416 -0.00601857
internal_weight=70.9702 64.3912 50.2276 14.1637
internal_count=502 459 356 103
is_linear=0
shrinkage=0.01


Tree=352
num_leaves=4
num_cat=0
split_feature=21 6 21
split_gain=5.33108 4.15944 4.16135
threshold=1.0607889680355387 0.22598980246320216 0.49776593041403422
decision_type=2 2 2
left_child=1 2 -1
right_child=-2 -3 -4
leaf_value=0.00097091844443332204 0.010146347543254353 -0.0097881300225123088 -0.0088592000767014917
leaf_weight=58.561049841344357 4.639625370502471 3.9252474084496489 4.1285564973950377
leaf_count=425 23 34 27
internal_value=0.000308994 -0.000401949 0.000211081
internal_weight=71.2545 66.6149 62.6896
internal_count=509 486 452
is_linear=0
shrinkage=0.01


Tree=353
num_leaves=7
num_cat=0
split_feature=32 32 22 35 32 10
split_gain=2.72449 5.53327 5.38238 4.14039 2.64347 2.55695
threshold=0.35621214762861175 0.2149855906178651 0.10954903078151508 0.42685701985441843 0.18146732212986891 9.746714285714333
decision_type=2 2 2 2 2 2
left_child=1 4 5 -3 -1 -2
right_child=2 3 -4 -5 -6 -7
leaf_value=0.00012572045335581199 -0.0090828484807391439 0.0091751904969776948 0.0061025505432830401 -0.001683087786540191 -0.0080804947780953196 -0.0011816454492110514
leaf_weight=24.477897580713037 8.6815819665789657 11.65073551982641 4.714245840907096 4.1426977887749663 4.0332845002412787 9.5348908193409425
leaf_count=171 72 78 28 32 30 70
internal_value=1.10414e-05 0.00149941 -0.00270723 0.00617864 -0.00105101 -0.00524953
internal_weight=67.2353 44.3046 22.9307 15.7934 28.5112 18.2165
internal_count=481 311 170 110 201 142
is_linear=0
shrinkage=0.01


Tree=354
num_leaves=7
num_cat=0
split_feature=13 21 25 34 25 20
split_gain=3.20349 3.65695 3.56831 3.45911 6.68512 4.14334
threshold=-1.3213197489883426 1.0607889680355387 -0.71175568220023699 0.28279565345147456 0.32267963341795325 -0.11025029434085808
decision_type=2 2 2 2 2 2
left_child=3 2 -2 5 -5 -1
right_child=1 -3 -4 4 -6 -7
leaf_value=0.0010003085297723032 -0.01130958781420912 0.0054233456670521605 -0.0018022967862651471 -0.0072474004402377527 0.0053928994197937844 0.013052322636406859
leaf_weight=7.697431705892086 4.3395351022481909 5.0499875321984282 31.70440886542201 7.639790713787078 8.0041174069046956 4.8056654706597346
leaf_count=54 28 25 231 67 56 28
internal_value=-0.000177153 -0.00198768 -0.0031681 0.00235001 -0.000627511 0.00618708
internal_weight=69.2409 41.0939 36.0439 28.147 15.6439 12.5031
internal_count=489 284 259 205 123 82
is_linear=0
shrinkage=0.01


Tree=355
num_leaves=5
num_cat=0
split_feature=16 25 14 28
split_gain=7.28014 5.35585 3.65882 1.13788
threshold=-0.17767020506037937 -0.3377113032091375 -0.35987328483192621 -6.6483954540567529
decision_type=2 2 2 2
left_child=-1 3 -3 -2
right_child=1 2 -4 -5
leaf_value=0.006895032149309816 -0.010805343798868888 0.006661386567175469 -0.0012739514074077052 -0.0037160181321485831
leaf_weight=11.061073087155817 5.6360919028520575 6.3673501312732688 37.178050931543112 8.00256150215864
leaf_count=59 46 36 289 58
internal_value=-0.000297304 -0.00178823 0 -0.00713634
internal_weight=68.2451 57.1841 43.5454 13.6387
internal_count=488 429 325 104
is_linear=0
shrinkage=0.01


Tree=356
num_leaves=5
num_cat=0
split_feature=16 32 3 0
split_gain=5.45949 5.42595 5.59212 2.6622
threshold=-0.18209973764386173 0.14241099541336247 62.260487283415472 -0.0036407702330356309
decision_type=2 2 2 2
left_child=-1 3 -3 -2
right_child=1 2 -4 -5
leaf_value=0.0072724131356596113 0 -0.00062774001098232237 0.0074744765529302553 -0.0096519716874723938
leaf_weight=10.346869654953478 4.9398045688867569 38.145492732524872 10.275790773332117 7.6608910597860795
leaf_count=54 37 276 63 68
internal_value=0.000719582 -0.000392825 0.00108918 -0.00614101
internal_weight=71.3688 61.022 48.4213 12.6007
internal_count=498 444 339 105
is_linear=0
shrinkage=0.01


Tree=357
num_leaves=6
num_cat=0
split_feature=33 28 26 17 28
split_gain=3.80846 6.9818 4.8497 4.71679 3.82255
threshold=0.094072337575955026 -2.2285285492548605 24.177571428571394 0.61096884877371083 -3.8227710443829888
decision_type=2 2 2 2 2
left_child=4 2 -2 -3 -1
right_child=1 3 -4 -5 -6
leaf_value=0.010623918185086508 -0.0059030983922447079 0.0048547641476985931 0.00469548148104582 -0.0057575285602275176 0
leaf_weight=6.9342948943376541 21.443480178713802 25.683575302362446 4.6596548929810515 4.3100562542676917 6.127730228006838
leaf_count=36 172 172 30 36 46
internal_value=0.00104547 -5.09996e-05 -0.00384569 0.00316201 0.00580387
internal_weight=69.1588 56.0968 26.1031 29.9936 13.062
internal_count=492 410 202 208 82
is_linear=0
shrinkage=0.01


Tree=358
num_leaves=7
num_cat=0
split_feature=21 3 26 2 21 9
split_gain=4.27314 5.3214 3.2665 5.80099 4.21787 2.91241
threshold=-0.84645728730975922 57.772458275738884 19.713107142857133 7.0470357142856832 -1.4556076907327136 0.2942484327628464
decision_type=2 2 2 2 2 2
left_child=2 5 4 -4 -1 -2
right_child=1 -3 3 -5 -6 -7
leaf_value=-0.00061091243649005452 0.0020482938626093907 0.0088598926995532221 0.0043062133855643432 -0.0085318348368387305 -0.0099680985942774466 -0.0054008626495141753
leaf_weight=10.938168816268446 17.838702425360683 8.6057645007967931 12.075655728578569 4.3440385833382598 9.4244948551058751 6.8467887714505187
leaf_count=80 122 53 88 30 81 46
internal_value=-0.000205898 0.00232487 -0.00257739 0.00058068 -0.00522062 0
internal_weight=70.0736 33.2913 36.7824 16.4197 20.3627 24.6855
internal_count=500 221 279 118 161 168
is_linear=0
shrinkage=0.01


Tree=359
num_leaves=6
num_cat=0
split_feature=33 0 1 13 13
split_gain=2.61885 2.97115 3.45094 1.53866 2.69731
threshold=0.13903454332843299 0.060878139199248241 0.48679040402867951 -1.4784514928507184 0.74947326155192762
decision_type=2 2 2 2 2
left_child=3 2 -2 -1 -5
right_child=1 -3 -4 4 -6
leaf_value=0.0082565877899221356 -0.00024436213568016825 0.0060497617884991721 -0.0078373908232911536 -0.0012168224503444857 0.007850840322959008
leaf_weight=5.0970313251018551 39.062087677419186 5.2814292684197417 6.7915372401475897 9.4524598866701108 4.1712312400341025
leaf_count=30 283 31 60 68 19
internal_value=0.000510793 -0.000616593 -0.00150612 0.00368223 0.00152671
internal_weight=69.8558 51.1351 45.8536 18.7207 13.6237
internal_count=491 374 343 117 87
is_linear=0
shrinkage=0.01


Tree=360
num_leaves=6
num_cat=0
split_feature=33 12 26 3 21
split_gain=3.44701 3.8517 6.77311 2.29014 1.84239
threshold=0.72145671913532206 1.5751908585007188 21.207892857142856 33.055126125821275 -0.68365628377910403
decision_type=2 2 2 2 2
left_child=1 3 -3 -1 -2
right_child=4 2 -4 -5 -6
leaf_value=0.0014290452373694723 0.0096613092680905982 0.0076946558483453192 -0.0054919037072280784 -0.0034173490753993236 0.00031414855409820502
leaf_weight=13.679330978542565 5.7750925719738007 12.649134375154974 4.8542987331748 27.116800159215927 4.2769181802868825
leaf_count=87 39 77 34 209 30
internal_value=0.000911899 0 0.00381998 -0.00172203 0.00617193
internal_weight=68.3516 58.2996 17.5034 40.7961 10.052
internal_count=476 407 111 296 69
is_linear=0
shrinkage=0.01


Tree=361
num_leaves=8
num_cat=0
split_feature=17 34 32 3 29 19 22
split_gain=3.48442 5.53321 4.39973 2.73544 4.657 3.18482 0.355099
threshold=-0.15595197545678882 0.11569810792006187 0.16997249996973324 33.055126125821275 -0.99026649906410869 54.371335347589252 -0.023753212016634353
decision_type=2 2 2 2 2 2 2
left_child=3 6 -3 4 -1 -5 -2
right_child=1 2 -4 5 -6 -7 -8
leaf_value=0.012864650764597852 -0.0038231907818848864 -0.0065493357935164998 0.0024242408018282412 -0.0025303958941653697 0 0.0065199940011513935 -0.0097313312230392964
leaf_weight=4.9226873219013214 4.8760089762508869 6.7109143659472492 21.822935096919537 14.086256310343744 6.7408829592168349 4.7949019521474829 6.9287802502512914
leaf_count=31 34 55 150 108 35 31 56
internal_value=-0.000222379 -0.00217823 0.000133963 0.00225745 0.0059578 0 -0.00778928
internal_weight=70.8834 40.3386 28.5338 30.5447 11.6636 18.8812 11.8048
internal_count=500 295 205 205 66 139 90
is_linear=0
shrinkage=0.01


Tree=362
num_leaves=5
num_cat=0
split_feature=8 1 1 37
split_gain=3.65786 2.39876 4.88883 3.2717
threshold=0.14600333843189564 -0.15459087774089719 -0.51145889003418699 0.63391653316349006
decision_type=2 2 2 2
left_child=1 2 -1 -3
right_child=-2 3 -4 -5
leaf_value=-0.00087473129839131579 -0.0070097155722943253 -0.0061403986766871759 0.0067154271557829572 0.0007308149474012102
leaf_weight=16.734088651835918 6.1758906319737426 8.7995474413037282 15.383922711014746 24.868976648896933
leaf_count=111 42 76 95 184
internal_value=3.2173e-06 0.000754742 0.00271605 -0.00104081
internal_weight=71.9624 65.7865 32.118 33.6685
internal_count=508 466 206 260
is_linear=0
shrinkage=0.01


Tree=363
num_leaves=4
num_cat=0
split_feature=8 14 5
split_gain=3.77362 3.69935 3.31415
threshold=0.13606190611780569 -0.41720038635074991 -1.9458006629118236
decision_type=2 2 2
left_child=1 -1 -3
right_child=-2 2 -4
leaf_value=0.0084401593115832844 -0.0068755923197131074 -0.0027221872335748132 0.0020596509121128563
leaf_weight=5.4148052036762229 6.4026709198951712 23.701742000877857 35.453497435897589
leaf_count=26 46 191 242
internal_value=0.000106781 0.000892759 8.66643e-05
internal_weight=70.9727 64.57 59.1552
internal_count=505 459 433
is_linear=0
shrinkage=0.01


Tree=364
num_leaves=8
num_cat=0
split_feature=6 2 10 8 28 39 17
split_gain=4.02747 4.17881 4.48539 3.61969 2.605 5.48872 0.67313
threshold=-0.060351115524938818 5.2757857142857381 9.1635357142856737 0.035529104364891671 -12.047803203624424 0.68415335918180242 -0.25001673924510698
decision_type=2 2 2 2 2 2 2
left_child=1 2 -1 -3 6 -6 -2
right_child=4 3 -4 -5 5 -7 -8
leaf_value=0.0015102604089094998 -0.01059555797260503 0.0014947994378220319 -0.0089010577862690416 0.010259865270396948 -0.0048176722245665332 0.0050220156907016412 -0.0027582399408664087
leaf_weight=11.430175907909872 4.5090934038162231 15.942440375685694 5.6246610134840003 7.054130144417285 14.828549459576609 8.3323552235960943 3.6459050998091715
leaf_count=79 33 95 47 40 119 60 28
internal_value=-0.000353666 0.00169129 -0.00190821 0.00447225 -0.00304883 -0.00111964 -0.00780006
internal_weight=71.3673 40.0514 17.0548 22.9966 31.3159 23.1609 8.155
internal_count=501 261 126 135 240 179 61
is_linear=0
shrinkage=0.01


Tree=365
num_leaves=7
num_cat=0
split_feature=14 26 26 14 26 16
split_gain=3.90259 4.35396 3.32097 4.67386 2.5043 2.4793
threshold=-0.03565821986393259 16.769714285714247 19.99935714285721 0.13207764588923601 18.560142857142804 -0.025434653177224414
decision_type=2 2 2 2 2 2
left_child=1 -1 5 -4 -3 -2
right_child=2 4 3 -5 -6 -7
leaf_value=0.0082750998998449583 -0.00099342106422387684 -0.005615998286934972 0.0044697609880259264 -0.0074198559486704585 0.0011229961693345191 -0.0097549132203667219
leaf_weight=6.7550644576549521 6.214713603258132 6.4779671728611019 8.6129056438803655 4.6825429275631896 24.985603138804436 9.370377581566574
leaf_count=45 52 46 54 32 161 87
internal_value=-0.000757525 0.00127764 -0.00352874 0 -0.00023677 -0.00658717
internal_weight=67.0992 38.2186 28.8805 13.2954 31.4636 15.5851
internal_count=477 252 225 86 207 139
is_linear=0
shrinkage=0.01


Tree=366
num_leaves=6
num_cat=0
split_feature=16 16 10 19 10
split_gain=3.48747 5.09066 4.20236 2.65602 2.23515
threshold=-0.17007244670005453 0.030322173686414388 9.0992142857142628 54.371335347589252 11.164571428571566
decision_type=2 2 2 2 2
left_child=4 3 -3 -2 -1
right_child=1 2 -4 -5 -6
leaf_value=0.0083647348333976031 -0.005845769083819289 0.0071665058697856533 -0.00081025301554542338 0.00051707570216470277 0
leaf_weight=6.541535407304762 21.735293403267864 9.2424100041389483 18.65065498650074 8.024186857044695 5.8388438820838928
leaf_count=34 192 58 128 59 31
internal_value=-9.06097e-05 -0.00117403 0.00180686 -0.00405079 0.00457142
internal_weight=70.0329 57.6525 27.8931 29.7595 12.3804
internal_count=502 437 186 251 65
is_linear=0
shrinkage=0.01


Tree=367
num_leaves=5
num_cat=0
split_feature=36 26 26 5
split_gain=3.61182 2.79348 3.56043 1.43672
threshold=0.61083970415882949 23.276071428571516 21.469785714285702 -1.3250460404746083
decision_type=2 2 2 2
left_child=3 2 -2 -1
right_child=1 -3 -4 -5
leaf_value=-0.0084612856049049029 0.0018187876180429778 0.0069039832735260679 -0.0049268437435981156 0
leaf_weight=4.9717271253466606 42.652197796851397 7.8203032463788977 8.9489408507943136 4.215464845299719
leaf_count=44 292 48 61 36
internal_value=0.000540502 0.00149153 0.00055529 -0.00506041
internal_weight=68.6086 59.4214 51.6011 9.18719
internal_count=481 401 353 80
is_linear=0
shrinkage=0.01


Tree=368
num_leaves=5
num_cat=0
split_feature=0 1 10 10
split_gain=4.83817 5.54038 3.32598 2.50464
threshold=0.060878139199248241 0.41173172619809645 7.2882142857142442 10.075499999999986
decision_type=2 2 2 2
left_child=1 2 -1 -3
right_child=-2 3 -4 -5
leaf_value=-0.0055058294439127731 0.0071865095918176485 -0.0097871007623765993 0.0018107091229803884 0
leaf_weight=6.6039521954953662 8.4788543432950956 7.8636443428695184 44.265845816582441 4.0331777706742287
leaf_count=59 46 63 302 31
internal_value=0.000290591 -0.000642962 0.000758126 -0.00666484
internal_weight=71.2455 62.7666 50.8698 11.8968
internal_count=501 455 361 94
is_linear=0
shrinkage=0.01


Tree=369
num_leaves=7
num_cat=0
split_feature=2 33 18 16 2 33
split_gain=3.37267 6.22915 5.09183 5.55245 4.61464 0.702592
threshold=7.0236428571428347 0.1187762338817155 15.046928571428682 -0.019327407604845959 4.5143928571429965 0.7096832091361478
decision_type=2 2 2 2 2 2
left_child=2 -2 4 -4 -1 -3
right_child=1 5 3 -5 -6 -7
leaf_value=-0.0043843395695166883 0.0047216751517052463 -0.0087287319275456965 -0.0014411162696789932 0.010909685354706525 0.0026426095147064166 -0.0021250966643185003
leaf_weight=15.169736742973326 6.0771248787641552 8.8443776294589025 4.8779544606804857 9.7171634808182681 22.535240814089775 4.0799638777971259
leaf_count=131 32 61 38 70 146 27
internal_value=0.000412875 -0.00308912 0.00175923 0.00667208 -0.000126379 -0.00702436
internal_weight=71.3016 19.0015 52.3001 14.5951 37.705 12.9243
internal_count=505 120 385 108 277 88
is_linear=0
shrinkage=0.01


Tree=370
num_leaves=5
num_cat=0
split_feature=9 1 10 9
split_gain=3.58989 2.38413 5.50802 2.94105
threshold=-0.74257057116941916 -0.029458371274938933 9.701071428571467 -0.08660915645639114
decision_type=2 2 2 2
left_child=-1 2 -2 -3
right_child=1 3 -4 -5
leaf_value=-0.007011388990373184 0.0073085963811336356 -0.0074670765781455371 -0.0010351786846040292 8.8713102407299345e-05
leaf_weight=6.3536371588706961 13.488630197942259 5.5986816957592955 16.791406519711018 28.499175734817982
leaf_count=47 85 52 106 210
internal_value=-9.38163e-05 0.000591432 0.00264254 -0.00115518
internal_weight=70.7315 64.3779 30.28 34.0979
internal_count=500 453 191 262
is_linear=0
shrinkage=0.01


Tree=371
num_leaves=4
num_cat=0
split_feature=14 12 11
split_gain=3.42138 3.39217 5.32503
threshold=-0.45817211576129957 -10.189516450040172 49.139526098708643
decision_type=2 2 2
left_child=-1 -2 -3
right_child=1 2 -4
leaf_value=0.0072861914156431146 0.00570545743809007 -0.0046452497041335906 0.0013986386813765747
leaf_weight=5.3433140814304343 6.6444014832377425 27.976341523230076 28.436863370239735
leaf_count=26 38 220 198
internal_value=0 -0.000708734 -0.0015604
internal_weight=68.4009 63.0576 56.4132
internal_count=482 456 418
is_linear=0
shrinkage=0.01


Tree=372
num_leaves=5
num_cat=0
split_feature=22 26 24 0
split_gain=3.97373 3.42344 5.68419 5.07237
threshold=-0.36283852070303563 19.966321428571458 0.13925887504943821 0.060878139199248241
decision_type=2 2 2 2
left_child=-1 3 -3 -2
right_child=1 2 -4 -5
leaf_value=0.0084015579747349339 -0.0034675503758164403 0.0052216849158195945 -0.0043569533757291728 0.0074586092026938501
leaf_weight=5.6683180630207053 32.237672932446003 21.509920999407772 7.8696708157658568 4.27004450559616
leaf_count=36 250 140 55 23
internal_value=0.000726445 0 0.00252556 -0.00202503
internal_weight=71.5556 65.8873 29.3796 36.5077
internal_count=504 468 195 273
is_linear=0
shrinkage=0.01


Tree=373
num_leaves=4
num_cat=0
split_feature=14 25 37
split_gain=3.71254 2.85724 3.28092
threshold=-0.45817211576129957 0.72298763105599451 0.55005674451839004
decision_type=2 2 2
left_child=-1 2 -2
right_child=1 -3 -4
leaf_value=0.0079031920804709371 0.0042973920035422192 0.0052920922190752111 -0.0024462325424476111
leaf_weight=4.7989994287490836 7.6230956614017478 6.2608766816556445 52.223507806658745
leaf_count=23 59 43 377
internal_value=-0.000103739 -0.000784997 -0.00150905
internal_weight=70.9065 66.1075 59.8466
internal_count=502 479 436
is_linear=0
shrinkage=0.01


Tree=374
num_leaves=6
num_cat=0
split_feature=17 9 28 36 17
split_gain=6.69503 9.22591 5.07601 2.52612 2.50609
threshold=0.61096884877371083 0.38877328945087325 -13.380911416670186 0.7051576852351843 0.81846916332718367
decision_type=2 2 2 2 2
left_child=1 2 -1 -3 -2
right_child=4 3 -4 -5 -6
leaf_value=-0.00764168452528796 -0.0099389817908479578 0.011548028065854936 0.00032669924347281858 0.0019706995113973448 0
leaf_weight=9.4142022281885129 8.6658413857221586 7.8522029519081098 38.057016421109438 5.7597391679883003 4.2261984571814528
leaf_count=69 68 46 277 38 31
internal_value=-0.000564246 0.000789548 -0.00125418 0.00792149 -0.0069926
internal_weight=73.9752 61.0832 47.4712 13.6119 12.892
internal_count=529 430 346 84 99
is_linear=0
shrinkage=0.01


Tree=375
num_leaves=7
num_cat=0
split_feature=13 13 37 27 19 17
split_gain=3.21965 3.79998 3.71721 2.81127 2.66397 3.45976
threshold=-1.3213197489883426 -1.9519733442939786 0.6829004556248045 44.96049636176668 25.323536910358857 0.63681629046828381
decision_type=2 2 2 2 2 2
left_child=1 2 -1 -3 -2 -6
right_child=4 3 -4 -5 5 -7
leaf_value=-0.0055253047027942958 -0.0071355521037317262 0.0013693719692843254 0.0043705717225437594 0.010387496342244316 0.0014050625956500676 -0.0065124150693214831
leaf_weight=6.9677710756659526 5.5282513424754134 7.3280642405152312 7.1139645427465439 8.4486777633428556 31.218735925853252 6.1811235137283793
leaf_count=56 41 54 49 56 210 47
internal_value=0.000733166 0.00325081 -0.00034182 0.00655376 -0.000966156 0
internal_weight=72.7866 29.8585 14.0817 15.7767 42.9281 37.3999
internal_count=513 215 105 110 298 257
is_linear=0
shrinkage=0.01


Tree=376
num_leaves=6
num_cat=0
split_feature=17 11 11 4 18
split_gain=4.69066 6.01694 6.32011 4.00827 1.08327
threshold=0.65800118230430449 57.793884386531538 66.394902329698581 -2.8589937314486629 14.801892857142841
decision_type=2 2 2 2 2
left_child=1 3 -3 -1 -2
right_child=4 2 -4 -5 -6
leaf_value=0.0029749260442946505 -0.0091051528323634664 0.011965797467557899 -0.00022857452990950625 -0.0032550649199233096 -0.0010416106605088339
leaf_weight=16.314029704779383 5.4374320060014707 8.511601619422434 7.1228081285953513 25.524452287703756 3.8128298446536064
leaf_count=98 41 50 46 207 28
internal_value=5.71874e-05 0.00117982 0.00638936 -0.00074851 -0.00631301
internal_weight=66.7232 57.4729 15.6344 41.8385 9.25026
internal_count=470 401 96 305 69
is_linear=0
shrinkage=0.01


Tree=377
num_leaves=5
num_cat=0
split_feature=30 30 33 26
split_gain=3.03642 3.52998 6.24969 3.98805
threshold=0.15991150267535167 -0.11655598993003231 0.13903454332843299 16.357642857143027
decision_type=2 2 2 2
left_child=1 2 -1 -3
right_child=-2 3 -4 -5
leaf_value=0.010103199677215464 0.0056412364817186112 0.0037147384228070281 -0.00017990927945551471 -0.0055994912565138699
leaf_weight=6.6056276559829703 9.811428450047968 5.3537152260541943 31.975530810654163 17.734612345695496
leaf_count=33 56 49 232 139
internal_value=0.000607892 -0.000183572 0.00161067 -0.00327957
internal_weight=71.4809 61.6695 38.5812 23.0883
internal_count=509 453 265 188
is_linear=0
shrinkage=0.01


Tree=378
num_leaves=5
num_cat=0
split_feature=14 3 3 3
split_gain=4.89685 3.6532 6.05092 5.44986
threshold=-0.47162698353429328 62.260487283415472 43.880163336646696 71.374749998908968
decision_type=2 2 2 2
left_child=-1 2 -2 -3
right_child=1 3 -4 -5
leaf_value=0.008756762982412734 0.0011570111832467751 0.0080106034415610185 -0.0057439099612097248 -0.0039553164942389522
leaf_weight=5.5915441066026679 26.786075666546822 9.6483460664749128 22.558297783136368 5.3241421207785598
leaf_count=26 190 63 176 40
internal_value=0.000152336 -0.000611206 -0.0019636 0.00357137
internal_weight=69.9084 64.3169 49.3444 14.9725
internal_count=495 469 366 103
is_linear=0
shrinkage=0.01


Tree=379
num_leaves=6
num_cat=0
split_feature=11 5 9 17 2
split_gain=6.18299 4.39439 5.2733 3.75768 4.89663
threshold=58.127468806480884 -2.5031864750757307 -0.56974423008109332 0.65800118230430449 4.8479285714285467
decision_type=2 2 2 2 2
left_child=1 -1 -3 4 -2
right_child=3 2 -4 -5 -6
leaf_value=-0.007877587808617385 0 -0.006862825665931058 0.0017503964864344058 -0.0024710707272764918 0.011454718356365618
leaf_weight=8.7115872316062433 5.5380190089345005 8.6659950092434865 30.908501487225294 4.42895184457302 9.5934619382023794
leaf_count=73 38 59 222 31 53
internal_value=0.00022758 -0.0016499 -0.000122953 0.00493741 0.00730746
internal_weight=67.8465 48.2861 39.5745 19.5604 15.1315
internal_count=476 354 281 122 91
is_linear=0
shrinkage=0.01


Tree=380
num_leaves=7
num_cat=0
split_feature=33 2 32 32 32 14
split_gain=2.96413 4.0298 3.26638 4.80201 4.27119 1.81262
threshold=0.34693897167578691 7.9508214285715777 0.33075543156322001 0.54065712347753536 0.14241099541336247 -0.10082033775334265
decision_type=2 2 2 2 2 2
left_child=2 5 4 -4 -1 -2
right_child=1 -3 3 -5 -6 -7
leaf_value=0 0.0028492228966693367 -0.0091739592611318789 -0.0078918326861786535 0.0039470143153379914 0.0080967447997950838 -0.0025111167222463854
leaf_weight=12.651466332376005 12.226914141327148 5.1586032435297957 5.8596459403634054 6.6630917862057686 14.603281274437903 11.89055724814534
leaf_count=95 89 36 45 41 94 90
internal_value=0.000766665 -0.00157053 0.00255946 -0.00145257 0.00450391 8.72421e-05
internal_weight=69.0536 29.2761 39.7775 12.5227 27.2547 24.1175
internal_count=490 215 275 86 189 179
is_linear=0
shrinkage=0.01


Tree=381
num_leaves=7
num_cat=0
split_feature=30 30 9 14 17 30
split_gain=4.32584 7.39554 6.87776 5.1483 6.68494 3.90664
threshold=-0.18356938358876776 -0.35540253381201486 -0.21078500638005776 -0.064344698662841579 0.23112564394777133 -0.11655598993003231
decision_type=2 2 2 2 2 2
left_child=1 -1 -3 4 -2 -5
right_child=3 2 -4 5 -6 -7
leaf_value=-0.0052638023009540062 0.0047897547975290803 -0.00079349569737007116 0.011074881601368231 0.0021067956169446597 -0.0050049510692519476 -0.0087209468420014497
leaf_weight=6.3484418168664005 17.481103189289573 7.0851234942674699 12.254790969192976 3.7358003035187712 10.72743000090122 12.236196238547562
leaf_count=51 111 47 77 26 71 115
internal_value=0.000298069 0.00355846 0.0066653 -0.00154912 0.00093813 -0.00601917
internal_weight=69.8689 25.6884 19.3399 44.1805 28.2085 15.972
internal_count=498 175 124 323 182 141
is_linear=0
shrinkage=0.01


Tree=382
num_leaves=4
num_cat=0
split_feature=8 1 36
split_gain=3.53629 3.88295 4.4564
threshold=0.13308864827495334 0.63688050411214903 0.61083970415882949
decision_type=2 2 2
left_child=1 2 -1
right_child=-2 -3 -4
leaf_value=-0.004581004773337405 -0.006266062689663475 -0.0058811142187025437 0.0029769237722932634
leaf_weight=8.5798519775271398 7.4130793884396544 6.9624423310160628 47.819872174412012
leaf_count=79 53 52 325
internal_value=0 0.000819926 0.00174429
internal_weight=70.7752 63.3622 56.3997
internal_count=509 456 404
is_linear=0
shrinkage=0.01


Tree=383
num_leaves=6
num_cat=0
split_feature=29 29 26 37 10
split_gain=3.09091 7.46417 3.12705 2.77197 2.10627
threshold=-0.88789343116252184 -1.135090038752526 20.029928571428695 0.71136351528830621 9.1957142857142724
decision_type=2 2 2 2 2
left_child=1 2 -1 4 -2
right_child=3 -3 -4 -5 -6
leaf_value=-0.0024016455038252502 0.0001412942566166902 0.01015329406977806 0.0046359833186554004 0.0025892911634731999 -0.0057745076114542613
leaf_weight=19.111858494579796 8.2033535465598124 8.9220108017325384 8.7881420254707319 9.3987249769270402 15.083134926855562
leaf_count=150 68 59 62 57 102
internal_value=0.000449937 0.00245494 -3.66571e-05 -0.00172138 -0.00360521
internal_weight=69.5072 36.822 27.9 32.6852 23.2865
internal_count=498 271 212 227 170
is_linear=0
shrinkage=0.01


Tree=384
num_leaves=5
num_cat=0
split_feature=36 26 26 33
split_gain=4.58569 2.76714 3.57358 1.8531
threshold=0.61409609617729377 16.357642857143027 18.234571428571439 0.39691617624237813
decision_type=2 2 2 2
left_child=3 -2 -3 -1
right_child=1 2 -4 -5
leaf_value=-0.00085235893674013425 0.0079855519370604835 -0.0046197632650373148 0.0022589585833579827 -0.0098542269495892967
leaf_weight=6.2607020847499353 6.3986238278448573 8.3548673354089242 45.413401246070862 4.2328966706991196
leaf_count=57 44 64 296 39
internal_value=0.000836093 0.00194337 0.0011021 -0.00503944
internal_weight=70.6605 60.1669 53.7683 10.4936
internal_count=500 404 360 96
is_linear=0
shrinkage=0.01


Tree=385
num_leaves=4
num_cat=0
split_feature=14 14 27
split_gain=2.50916 3.16151 3.69443
threshold=-0.40598925157788207 -0.27186017753813763 39.207838333509507
decision_type=2 2 2
left_child=-1 -2 -3
right_child=1 2 -4
leaf_value=0.0056308325104765288 -0.0064522228413282827 -0.00311737132837542 0.0023395146914313128
leaf_weight=7.3769042864441863 7.0041210018098345 18.090145196765661 35.985875748097897
leaf_count=38 52 145 248
internal_value=0.000294997 -0.000341204 0.000447208
internal_weight=68.457 61.0801 54.076
internal_count=483 445 393
is_linear=0
shrinkage=0.01


Tree=386
num_leaves=5
num_cat=0
split_feature=30 30 22 32
split_gain=3.9489 4.43527 6.36083 2.65013
threshold=0.08185598895901651 0.032339166490852486 0.18281129210170563 0.2149855906178651
decision_type=2 2 2 2
left_child=1 2 -1 -2
right_child=3 -3 -4 -5
leaf_value=-0.0010948040352369689 -0.00058168503269649598 -0.010182276931063019 0.0095818982620853727 0.007616622403255233
leaf_weight=47.654367666691542 4.9782550260424605 4.0183200389146796 5.8038292080163947 10.746925853192804
leaf_count=368 32 31 32 59
internal_value=0.000517671 -0.000661022 8.67904e-05 0.00489837
internal_weight=73.2017 57.4765 53.4582 15.7252
internal_count=522 431 400 91
is_linear=0
shrinkage=0.01


Tree=387
num_leaves=6
num_cat=0
split_feature=17 17 18 18 9
split_gain=3.29155 6.41364 3.93207 2.78559 1.28363
threshold=0.65800118230430449 0.42168966157478033 15.570785714285845 14.220785714285807 0.7357396279177425
decision_type=2 2 2 2 2
left_child=1 2 -1 -3 -2
right_child=4 3 -4 -5 -6
leaf_value=0.00059044974570774159 -0.0016186959218138144 0.00094604596615577546 -0.005882647625513676 0.01139283641695606 -0.0098311285631875207
leaf_weight=36.923392802476883 5.7642628327012044 5.3046757057309133 11.795319043099878 6.3666510954499245 3.8785189539194107
leaf_count=266 42 34 88 37 32
internal_value=-0.000236712 0.000599273 -0.000959643 0.00712512 -0.00553948
internal_weight=70.0328 60.39 48.7187 11.6713 9.64278
internal_count=499 425 354 71 74
is_linear=0
shrinkage=0.01


Tree=388
num_leaves=6
num_cat=0
split_feature=17 27 27 5 21
split_gain=4.13779 4.32407 5.27795 4.31715 1.44387
threshold=0.65800118230430449 60.329868682556729 55.038378377051991 -1.6722051932579134 -1.1274011548012302
decision_type=2 2 2 2 2
left_child=1 2 -1 -3 -2
right_child=4 3 -4 -5 -6
leaf_value=0.0022118580947419701 -0.0083661408656325251 4.9002071679899012e-05 -0.0070993767474931474 0.012543284308470211 -0.00016825323051828392
leaf_weight=39.324315678328276 4.647221639752388 5.2949406579136848 6.6165794730186454 6.6996477171778661 5.0783153325319272
leaf_count=281 37 37 48 38 39
internal_value=0.0011906 0.00224442 0.000744225 0.00749054 -0.00459643
internal_weight=67.661 57.9355 45.9409 11.9946 9.72554
internal_count=480 404 329 75 76
is_linear=0
shrinkage=0.01


Tree=389
num_leaves=5
num_cat=0
split_feature=10 13 2 5
split_gain=2.79667 4.04202 3.29478 3.00286
threshold=14.675285714285598 -1.3213197489883426 6.1627499999999609 0.19248553452888281
decision_type=2 2 2 2
left_child=1 2 -1 -3
right_child=-2 3 -4 -5
leaf_value=0.0039433631128885701 0.0056547325457484707 -0.0044943419311260311 -0.0039204471276257195 0.0032517890153870356
leaf_weight=20.400209814310077 6.7699740529060355 28.810465950518847 6.3669133186340323 5.1960958316922179
leaf_count=148 34 224 48 27
internal_value=-0.00015583 -0.000892928 0.00192524 -0.00319385
internal_weight=67.5437 60.7737 26.7671 34.0066
internal_count=481 447 196 251
is_linear=0
shrinkage=0.01


Tree=390
num_leaves=4
num_cat=0
split_feature=10 21 10
split_gain=2.87804 2.64786 3.26595
threshold=15.014785714285642 1.0607889680355387 7.8199642857143461
decision_type=2 2 2
left_child=1 2 -1
right_child=-2 -3 -4
leaf_value=0.002315982613385894 0.007076767995936966 0.0053605537332472872 -0.0030570853916748499
leaf_weight=14.152321528643368 4.1751464009284964 5.2328443005681029 43.774854686111212
leaf_count=113 21 25 324
internal_value=-0.00042163 -0.00101612 -0.00168445
internal_weight=67.3352 63.16 57.9272
internal_count=483 462 437
is_linear=0
shrinkage=0.01


Tree=391
num_leaves=7
num_cat=0
split_feature=37 2 37 13 21 32
split_gain=6.25507 6.4651 4.17186 3.92431 3.79822 2.28002
threshold=0.69423132311716185 4.5486071428571391 0.66285122634329319 -1.2597762744756309 -1.1804244797593622 0.26253817143242253
decision_type=2 2 2 2 2 2
left_child=2 -2 3 -1 -3 -4
right_child=1 4 5 -5 -6 -7
leaf_value=0.005039982025864565 -0.0034139545936651894 0 -0.010493794744604584 -0.002686368970648187 0.010098492966753232 -0.0012960229085261848
leaf_weight=10.178316816687582 7.1630256250500706 5.8776370808482215 6.6421702988445741 16.437367442995313 13.492327615618702 5.9373072870075703
leaf_count=72 57 40 58 125 72 49
internal_value=0.00051502 0.00425708 -0.00196429 0.000196141 0.00725934 -0.00659746
internal_weight=65.7282 26.533 39.1952 26.6157 19.37 12.5795
internal_count=473 169 304 197 112 107
is_linear=0
shrinkage=0.01


Tree=392
num_leaves=6
num_cat=0
split_feature=33 11 28 33 16
split_gain=3.39031 6.12691 6.10304 3.45597 0.756017
threshold=0.13443286839586263 39.742664709901526 -4.1902296237694818 0.72145671913532206 0.00085076370686664664
decision_type=2 2 2 2 2
left_child=2 -2 -1 -3 -4
right_child=1 3 4 -5 -6
leaf_value=0.0095340268053489812 -0.0084153294363230446 -0.0013333201086575726 0.00041361929235405676 0.0050594230305495208 -0.0047064001991356076
leaf_weight=8.5510698333382624 9.4984806925058347 33.284680869430304 4.9405189454555494 10.721637241542338 4.2097507864236832
leaf_count=42 76 251 38 74 29
internal_value=-4.23091e-05 -0.00134083 0.00364685 0.000196134 -0.00175287
internal_weight=71.2061 53.5048 17.7013 44.0063 9.15027
internal_count=510 401 109 325 67
is_linear=0
shrinkage=0.01


Tree=393
num_leaves=6
num_cat=0
split_feature=6 26 2 21 26
split_gain=3.82389 5.0585 3.69964 2.73055 0.318641
threshold=0.060966070748723185 16.769714285714247 4.6865357142857782 -0.59134886474915371 20.839428571428538
decision_type=2 2 2 2 2
left_child=1 -1 -3 4 -2
right_child=3 2 -4 -5 -6
leaf_value=0.0085282885999704745 -0.010170318006163888 -0.0055685661994468215 0.001374814208263008 0 -0.0037134706722258271
leaf_weight=7.2054829411208621 5.0254086479544657 9.6075832061469537 30.780421189963818 7.2543453723192206 4.1779213324189186
leaf_count=58 45 75 203 47 32
internal_value=-0.000302053 0.00109026 -0.000251418 -0.00441879 -0.00789074
internal_weight=64.0512 47.5935 40.388 16.4577 9.20333
internal_count=460 336 278 124 77
is_linear=0
shrinkage=0.01


Tree=394
num_leaves=7
num_cat=0
split_feature=11 2 2 6 13 11
split_gain=4.28056 3.23379 3.64242 2.58717 3.78214 2.66223
threshold=57.793884386531538 4.3251785714285891 6.1489999999998561 -0.22531039107073117 -1.2624453781198073 45.495751426104285
decision_type=2 2 2 2 2 2
left_child=3 -2 -3 5 -5 -1
right_child=1 2 -4 4 -6 -7
leaf_value=0.0061918653331512058 -0.001978276565476925 0.010266925588018248 6.4261750318553681e-05 0.00048841504528417622 -0.0055514808069178625 -0.0025586132286684522
leaf_weight=7.4659711867570859 5.7216169312596348 8.9916041567921621 6.5085289925336829 18.646641332656142 20.55444768816233 5.2006930932402611
leaf_count=45 39 52 43 142 158 38
internal_value=0.000173916 0.00394038 0.0063062 -0.00133276 -0.00263297 0.00241051
internal_weight=73.0895 21.2218 15.5001 51.8678 39.2011 12.6667
internal_count=517 134 95 383 300 83
is_linear=0
shrinkage=0.01


Tree=395
num_leaves=5
num_cat=0
split_feature=21 6 8 21
split_gain=5.79064 4.66958 5.32065 3.48095
threshold=1.0607889680355387 -0.1443615775154265 0.00091874901993214974 -0.66520011945186808
decision_type=2 2 2 2
left_child=1 2 -1 -3
right_child=-2 3 -4 -5
leaf_value=-0.0023960991712279919 0.0089732607656055671 -0.0056934493649090047 0.0066952953812196014 0.00023301546106546878
leaf_weight=11.44050256162882 5.9078984409570685 22.425680607557297 12.834342844784258 15.746885262429712
leaf_count=81 28 186 78 119
internal_value=-3.7382e-05 -0.00100201 0.00232763 -0.0031997
internal_weight=68.3553 62.4474 24.2748 38.1726
internal_count=492 464 159 305
is_linear=0
shrinkage=0.01


Tree=396
num_leaves=6
num_cat=0
split_feature=30 1 30 1 2
split_gain=4.13779 4.9097 4.71902 3.59508 3.30434
threshold=0.08185598895901651 -0.15459087774089719 -0.19386464369620768 -0.47633094414388488 6.9982500000000991
decision_type=2 2 2 2 2
left_child=2 -2 3 -1 -4
right_child=1 -3 4 -5 -6
leaf_value=-0.004235503881280113 0.010062462893017019 -0.00079927316362084265 -0.0015896106166065744 0.0038299664299271874 -0.0088324060267937765
leaf_weight=6.8949584439396885 7.2391016408801079 7.8648160099983198 20.737687252461917 19.486919224262234 9.7519723996520025
leaf_count=46 37 49 172 134 71
internal_value=-0.000150295 0.00436997 -0.0014307 0.00157087 -0.00410812
internal_weight=71.9755 15.1039 56.8715 26.3819 30.4897
internal_count=509 86 423 180 243
is_linear=0
shrinkage=0.01


Tree=397
num_leaves=8
num_cat=0
split_feature=29 6 37 19 8 8 22
split_gain=3.0035 4.2461 3.61174 3.64476 3.3641 2.76335 0.460438
threshold=-1.1261627957959208 0.11054094821121395 0.65614808268130276 37.359787916831138 -0.014604469587192285 -0.0018423057601660794 -0.1324243139644862
decision_type=2 2 2 2 2 2 2
left_child=2 4 6 -4 -2 -3 -1
right_child=1 5 3 -5 -6 -7 -8
leaf_value=-0.010136290466609119 0 0.00085114213603780064 0.0068375651226087394 -0.0025244244079342774 0.0062756123141466539 -0.0097488442937239631 -0.0029216179629010242
leaf_weight=4.2271337173879147 13.861021049320696 4.5503296554088593 5.5148772224783924 12.749320611357687 20.587214857339859 3.7835867404937726 3.6184989139437702
leaf_count=37 93 30 34 103 135 32 27
internal_value=0.0005141 0.00217047 -0.00207698 0.000249422 0.00375996 -0.00390104 -0.00754266
internal_weight=68.892 42.7822 26.1098 18.2642 34.4482 8.33392 7.84563
internal_count=491 290 201 137 228 62 64
is_linear=0
shrinkage=0.01


Tree=398
num_leaves=5
num_cat=0
split_feature=14 3 24 3
split_gain=2.45761 2.78663 3.45565 2.56968
threshold=-0.4771716781761185 63.111208738400293 -0.16954728687949591 71.374749998908968
decision_type=2 2 2 2
left_child=-1 2 -2 -3
right_child=1 3 -4 -5
leaf_value=0.0071217124069204605 0.002553755771617715 0.0078627457790569934 -0.0030615373577146687 -0.00076423419335819797
leaf_weight=4.3875325769186011 14.904537364840506 6.7536741346120817 34.897361114621162 5.350539319217205
leaf_count=21 86 41 290 40
internal_value=0.000274567 -0.000215817 -0.00131269 0.00393223
internal_weight=66.2936 61.9061 49.8019 12.1042
internal_count=478 457 376 81
is_linear=0
shrinkage=0.01


Tree=399
num_leaves=5
num_cat=0
split_feature=30 13 30 19
split_gain=3.07466 3.95119 3.7358 3.54319
threshold=-0.36612762882667194 -1.3213197489883426 -0.32248290596154999 54.587726029675167
decision_type=2 2 2 2
left_child=-1 3 -3 -2
right_child=1 2 -4 -5
leaf_value=-0.0061274993863758564 0.0013443825622270567 0.0062895872521439335 -0.0022033823801063603 0.0093387256282451928
leaf_weight=5.7221920639276496 18.060051351785663 5.5570065453648558 32.335379809141159 8.4790254607796651
leaf_count=48 132 31 235 50
internal_value=0.000515545 0.00119436 -0.000814037 0.00413492
internal_weight=70.1537 64.4315 37.8924 26.5391
internal_count=496 448 266 182
is_linear=0
shrinkage=0.01


Tree=400
num_leaves=5
num_cat=0
split_feature=14 14 14 14
split_gain=5.64523 4.06474 5.06286 1.69895
threshold=0.14511143873895796 0.059933236131710567 -0.10082033775334265 0.25060349069767551
decision_type=2 2 2 2
left_child=1 2 -1 -2
right_child=3 -3 -4 -5
leaf_value=0.0034719486943139057 -0.0094908665012448361 0.0086452578528811181 -0.002976193074346903 -0.00021392552409037985
leaf_weight=32.760286521166563 5.1732812002301198 8.1398320719599706 18.348050191998482 4.1254312098026276
leaf_count=211 38 53 149 30
internal_value=0.00106076 0.00224402 0.00109251 -0.00590219
internal_weight=68.5469 59.2482 51.1083 9.29871
internal_count=481 413 360 68
is_linear=0
shrinkage=0.01


Tree=401
num_leaves=4
num_cat=0
split_feature=21 0 12
split_gain=2.87868 2.88651 3.46757
threshold=1.0607889680355387 0.060878139199248241 -10.035614820601493
decision_type=2 2 2
left_child=1 2 -1
right_child=-2 -3 -4
leaf_value=0.0051906102262641741 0.0063607687996730666 0.0049578251961225417 -0.00229949435929773
leaf_weight=6.3452156707644454 6.0760271102190009 7.5639884024858466 51.429270055145025
leaf_count=38 30 44 394
internal_value=1.29072e-05 -0.000575657 -0.00138792
internal_weight=71.4145 65.3385 57.7745
internal_count=506 476 432
is_linear=0
shrinkage=0.01


Tree=402
num_leaves=5
num_cat=0
split_feature=34 3 11 11
split_gain=3.73817 3.54516 5.55014 3.69258
threshold=1.2358439313068759 37.152759075312652 41.986204482168617 58.208493765440963
decision_type=2 2 2 2
left_child=1 2 -1 -3
right_child=-2 3 -4 -5
leaf_value=0.00026115570915744956 -0.0078502196899508225 -0.0026305084478254323 0.010717483842389882 0.0032132049199351397
leaf_weight=13.706879053264858 4.3395769372582427 27.854983706027269 8.2150852009654027 16.808270961046219
leaf_count=94 39 223 45 106
internal_value=0.000562119 0.00120952 0.004465 -0.000353673
internal_weight=70.9248 66.5852 21.922 44.6633
internal_count=507 468 139 329
is_linear=0
shrinkage=0.01


Tree=403
num_leaves=7
num_cat=0
split_feature=33 9 12 6 0 0
split_gain=3.33882 3.97187 4.81312 3.95661 7.49146 2.85149
threshold=0.34693897167578691 0.39337509597414871 -0.76593102060269291 -0.22991824428808863 -0.0052259902910070455 -0.012665168726904969
decision_type=2 2 2 2 2 2
left_child=3 5 -3 -1 -5 -2
right_child=1 2 -4 4 -6 -7
leaf_value=0.0085321741321370565 -0.00035390827320492721 0.0090223201129367523 -0.0043722000952771947 0.0060067526751812414 -0.0032711429124904364 -0.0085908803801499189
leaf_weight=8.458287261426447 9.3032573238015193 5.5104784667491913 4.0977723672986013 15.42501889169216 18.400783538818359 8.7039107866585272
leaf_count=51 60 38 29 96 146 81
internal_value=0.000793345 -0.00182864 0.00307927 0.00257722 0.000898172 -0.00462195
internal_weight=69.8995 27.6154 9.60825 42.2841 33.8258 18.0072
internal_count=501 208 67 293 242 141
is_linear=0
shrinkage=0.01


Tree=404
num_leaves=5
num_cat=0
split_feature=17 20 5 8
split_gain=3.49666 3.34516 3.28511 2.62382
threshold=0.62069458790415222 -2.5987153333130659 -2.9192982578798845 0.030322173686414388
decision_type=2 2 2 2
left_child=2 -2 -1 -4
right_child=1 -3 3 -5
leaf_value=-0.0062769585962594923 0.00037245189706472777 -0.0095752877859851242 0 0.0049974297710088074
leaf_weight=5.6598232090473166 5.1430760286748409 6.8983486518263799 38.312499657273293 14.163346566259859
leaf_count=46 38 54 279 83
internal_value=-0.000427876 -0.00524179 0.000554245 0.00139995
internal_weight=70.1771 12.0414 58.1357 52.4758
internal_count=500 92 408 362
is_linear=0
shrinkage=0.01


Tree=405
num_leaves=6
num_cat=0
split_feature=9 37 9 14 37
split_gain=2.22311 2.44397 2.42478 4.60957 3.29307
threshold=-0.56974423008109332 0.63623896664730406 0.61178447055804419 0.059933236131710567 0.69423132311716185
decision_type=2 2 2 2 2
left_child=1 -1 3 -2 -4
right_child=2 -3 4 -5 -6
leaf_value=0.0011294709265069081 -0.00056334689838969179 -0.0069098820571947116 -0.007401683833036821 0.006432238473698941 0.0024670938316526938
leaf_weight=4.9269410520791999 31.652961865067482 9.612780459225176 7.8123556077480298 12.515463963150976 4.7771341502666473
leaf_count=31 229 69 64 81 33
internal_value=-0.000607952 -0.00403921 0.000246238 0.00140156 -0.00347655
internal_weight=71.2976 14.5397 56.7579 44.1684 12.5895
internal_count=507 100 407 310 97
is_linear=0
shrinkage=0.01


Tree=406
num_leaves=4
num_cat=0
split_feature=14 26 10
split_gain=3.8709 3.1129 3.95289
threshold=-0.45817211576129957 24.046428571428546 12.148892857142853
decision_type=2 2 2
left_child=-1 2 -2
right_child=1 -3 -4
leaf_value=0.0081052095411400307 0.00052700909975851573 0.0072839253417120321 -0.0056291101805075409
leaf_weight=5.7956455498933783 47.773796174675226 4.7340720593929282 12.620725080370901
leaf_count=28 349 28 90
internal_value=0.000612325 -6.54088e-05 -0.000745835
internal_weight=70.9242 65.1286 60.3945
internal_count=495 467 439
is_linear=0
shrinkage=0.01


Tree=407
num_leaves=8
num_cat=0
split_feature=1 14 4 32 1 26 16
split_gain=3.71341 5.19788 4.20329 3.90485 6.48705 1.8403 1.28373
threshold=-0.35720508401354378 -0.10756897636196526 1.509272071036776 0.322598949133024 -0.6128743780689716 19.705321428571427 -0.015572891651195702
decision_type=2 2 2 2 2 2 2
left_child=3 2 -2 4 -1 -3 -5
right_child=1 5 -4 6 -6 -7 -8
leaf_value=-0.00024543409824566811 0.0048168388156650931 -0.0076580658011055425 -0.0050614982381432519 -0.0053933067854362825 0.012362111219824466 -0.0013165871892384688 0.0015080039971899788
leaf_weight=7.4026917442679405 13.559755854308607 12.868626508861782 5.5160062685608855 4.7646071761846542 7.4694358780980128 9.3125093653798086 4.1963006854057294
leaf_count=45 87 119 39 36 40 72 26
internal_value=-8.77484e-05 -0.00194036 0.00175082 0.00296995 0.00608761 -0.00521565 -0.0019355
internal_weight=65.0899 41.2569 19.0758 23.833 14.8721 22.1811 8.96091
internal_count=464 317 126 147 85 191 62
is_linear=0
shrinkage=0.01


Tree=408
num_leaves=5
num_cat=0
split_feature=14 37 2 37
split_gain=3.96703 3.03803 6.06445 4.13037
threshold=-0.4771716781761185 0.66285122634329319 8.2103928571429758 0.69097220489724165
decision_type=2 2 2 2
left_child=-1 2 -2 -3
right_child=1 3 -4 -5
leaf_value=0.0085118563963573583 0.0033586634932975868 -0.0078113158248003332 -0.0087748575453940169 -0.00065002027893911764
leaf_weight=4.0455241799354544 24.309131819754842 11.620593529194592 4.3703163489699355 27.608023356646299
leaf_count=19 176 101 33 194
internal_value=-0.000464691 -0.00110162 0.00128821 -0.00291852
internal_weight=71.9536 67.9081 28.6794 39.2286
internal_count=523 504 209 295
is_linear=0
shrinkage=0.01


Tree=409
num_leaves=6
num_cat=0
split_feature=3 10 33 6 32
split_gain=3.60224 3.3623 3.16958 2.98798 2.93107
threshold=37.031800627031849 8.4996071428571636 0.26045342442246405 0.19948179723941445 0.28049462470638059
decision_type=2 2 2 2 2
left_child=1 -1 -3 4 -2
right_child=3 2 -4 -5 -6
leaf_value=-0.0016887052892771617 0.0024495081395014694 0.010281942879092055 0.00042315758712931794 -0.0084851427914827953 -0.0025984007713203685
leaf_weight=7.1181139312684563 19.349812738597393 8.088503569364546 6.40351229161024 4.7169251665472975 26.31923358514905
leaf_count=57 133 42 39 39 200
internal_value=0.000138378 0.00354421 0.0062852 -0.00128387 -0.000391276
internal_weight=71.9961 21.6101 14.492 50.386 45.669
internal_count=510 138 81 372 333
is_linear=0
shrinkage=0.01


Tree=410
num_leaves=7
num_cat=0
split_feature=12 28 28 36 34 12
split_gain=3.50291 3.1289 6.65688 3.83817 3.06039 2.44065
threshold=-5.1342168923551972 -2.0947770802295049 -0.67945796988215068 0.64397487528156983 0.18342409520531619 -9.4478332310845854
decision_type=2 2 2 2 2 2
left_child=4 3 -3 -2 5 -1
right_child=1 2 -4 -5 -6 -7
leaf_value=0.0045680052779157728 0.0024896421132668107 0.0077340300702118904 -0.0023977845953183745 -0.0074304821010429739 0.008800982952432413 -0.0030694185695551175
leaf_weight=8.0122392475605011 4.7050290703773525 8.8625040724873561 20.187789779156446 12.629370119422672 6.9781404957175246 7.436234027147294
leaf_count=46 35 54 160 98 43 58
internal_value=0.000267567 -0.00125401 0.000670214 -0.00457537 0.00350419 0.000722598
internal_weight=68.8113 46.3847 29.0503 17.3344 22.4266 15.4485
internal_count=494 347 214 133 147 104
is_linear=0
shrinkage=0.01


Tree=411
num_leaves=8
num_cat=0
split_feature=32 37 24 29 32 37 28
split_gain=4.02365 4.66648 4.33302 4.68763 2.77202 2.16454 1.79315
threshold=0.22635126069378755 0.66395886378251123 -0.016882755456880269 -1.1759520596015085 0.58310737781426691 0.71604529333618228 -0.4629407971710861
decision_type=2 2 2 2 2 2 2
left_child=1 6 3 -2 -4 -3 -1
right_child=2 5 4 -5 -6 -7 -8
leaf_value=0.0033947402956707026 -0.010149206574572078 -0.0087950512975579157 0.0021376069439733077 0.0016637665959297427 0.010158191181647212 0 -0.0031752111622601054
leaf_weight=10.551639370620252 4.415332965552806 11.358855959028004 15.659568004310133 9.3771110996603948 6.5699908062815657 4.5541146993637076 5.8576948642730704
leaf_count=61 41 92 114 64 41 28 47
internal_value=-0.000160001 -0.00273969 0.00207841 -0.00213074 0.00481141 -0.00653466 0.000847486
internal_weight=68.3443 32.3223 36.022 13.7924 22.2296 15.913 16.4093
internal_count=488 228 260 105 155 120 108
is_linear=0
shrinkage=0.01


Tree=412
num_leaves=4
num_cat=0
split_feature=10 10 17
split_gain=4.23795 4.6656 5.11491
threshold=14.675285714285598 12.688928571428603 0.60218484545658557
decision_type=2 2 2
left_child=1 2 -1
right_child=-2 -3 -4
leaf_value=0.0015042006023810984 0.0064239627858846404 -0.0082951778304011063 -0.0058127595339613264
leaf_weight=42.473239868879318 7.7808107584714881 7.5300828926265231 11.767740376293657
leaf_count=301 37 65 90
internal_value=-0.000243882 -0.00117679 -6.70257e-05
internal_weight=69.5519 61.7711 54.241
internal_count=493 456 391
is_linear=0
shrinkage=0.01


Tree=413
num_leaves=5
num_cat=0
split_feature=28 28 28 25
split_gain=4.22374 2.68937 3.28441 2.56125
threshold=-32.173686793064455 -13.852780395267017 -0.80481950873172525 0.32267963341795325
decision_type=2 2 2 2
left_child=-1 3 -3 -2
right_child=1 2 -4 -5
leaf_value=0.0068725863493462446 -0.0098225193809499574 0.0017391074285398182 -0.0031553216546729768 0
leaf_weight=5.8799763694405547 6.4880473688244802 27.431349486112591 25.872629772871736 4.6429939195513725
leaf_count=38 51 191 194 31
internal_value=-0.000812341 -0.00160734 -0.000588033 -0.00599554
internal_weight=70.315 64.435 53.304 11.131
internal_count=505 467 385 82
is_linear=0
shrinkage=0.01


Tree=414
num_leaves=7
num_cat=0
split_feature=18 9 8 3 8 8
split_gain=4.42094 4.08775 4.36993 4.30757 3.50615 1.70201
threshold=11.269071428571451 0.39337509597414871 0.15472847091128258 37.031800627031849 -0.014604469587192285 0.036045183698154078
decision_type=2 2 2 2 2 2
left_child=4 3 -3 -2 -1 -6
right_child=1 2 -4 -5 5 -7
leaf_value=0.010354364817285943 0.00078925787182301322 0.0054313656669587283 -0.0051192368515760355 -0.0057576852675178241 -0.0029071684333930137 0.0052656120783563277
leaf_weight=5.6524708978831759 14.955816693603991 12.944368444383146 4.8416384756565085 25.649973921477795 5.4720564410090429 3.8410364240407944
leaf_count=36 94 88 37 202 48 23
internal_value=-0.000236769 -0.00152294 0.00233382 -0.00329308 0.00447455 0.000254399
internal_weight=73.3574 58.3918 17.786 40.6058 14.9656 9.31309
internal_count=528 421 125 296 107 71
is_linear=0
shrinkage=0.01


Tree=415
num_leaves=4
num_cat=0
split_feature=30 24 22
split_gain=5.5282 3.49081 3.30238
threshold=-0.36612762882667194 0.30463998083401783 -0.33849659515889663
decision_type=2 2 2
left_child=-1 2 -2
right_child=1 -3 -4
leaf_value=-0.0090481618461838598 0.008653594035947107 -0.0066773363450960167 0.00075666646813953595
leaf_weight=5.6380526162683955 5.6088087745010844 4.9305983558297148 51.954551808536053
leaf_count=47 39 38 364
internal_value=0 0.000893607 0.00164568
internal_weight=68.132 62.494 57.5634
internal_count=488 441 403
is_linear=0
shrinkage=0.01


Tree=416
num_leaves=6
num_cat=0
split_feature=37 2 28 23 29
split_gain=6.10023 3.41969 4.1406 1.9633 2.66926
threshold=0.66285122634329319 8.3441785714285945 -5.1287292069309833 -0.60458543988628943 -0.30774944970162843
decision_type=2 2 2 2 2
left_child=1 2 -1 -2 -5
right_child=3 -3 -4 4 -6
leaf_value=-0.00035714138097133293 0.0024185274583117451 -0.0044228571067166005 0.00781774619297727 -0.0053462283611883229 0.00066302245777135466
leaf_weight=8.8773970976471936 5.3886676020920268 4.0542749315500251 15.683296382427216 24.405749715864658 9.1785385869443399
leaf_count=70 37 29 101 189 57
internal_value=-9.49932e-05 0.00333248 0.00479507 -0.00269787 -0.00363026
internal_weight=67.5879 28.615 24.5607 38.973 33.5843
internal_count=483 200 171 283 246
is_linear=0
shrinkage=0.01


Tree=417
num_leaves=7
num_cat=0
split_feature=12 17 33 29 24 12
split_gain=3.01641 4.66018 3.9431 2.97609 2.88477 1.52308
threshold=1.1705167697746222 0.58705766955031946 0.31419069603733663 -0.042515168683569866 -0.16954728687949591 -5.3487445777222993
decision_type=2 2 2 2 2 2
left_child=3 2 -2 4 -1 -5
right_child=1 -3 -4 5 -6 -7
leaf_value=0.0038645626588243221 0.0074869256319188351 -0.0054468218363717359 -0.002556034305431974 -0.0016824234675412305 -0.0023501242716854761 -0.010754642902066163
leaf_weight=9.2506796568632108 13.260061927139764 5.2809112071990958 4.6337561234831801 4.5228603035211563 29.427688118070364 4.9467288032174093
leaf_count=50 74 41 38 24 239 44
internal_value=-0.000658134 0.00221379 0.00472433 -0.00211067 -0.000756838 -0.00702418
internal_weight=71.3227 23.1747 17.8938 48.148 38.6784 9.46959
internal_count=510 153 112 357 289 68
is_linear=0
shrinkage=0.01


Tree=418
num_leaves=5
num_cat=0
split_feature=0 0 32 27
split_gain=3.84683 6.28138 2.74534 2.03071
threshold=0.060878139199248241 -0.0058568513315705043 0.3393419355776745 35.371292727899473
decision_type=2 2 2 2
left_child=1 2 -1 -3
right_child=-2 3 -4 -5
leaf_value=0.0036925830560641001 0.0058490192527276396 0 -0.0026755643324419469 -0.0064380972293840459
leaf_weight=21.541997902095321 8.0667591318488103 7.4007248431444195 8.8127454742789251 19.718539148569107
leaf_count=130 46 67 66 167
internal_value=-0.000345946 -0.00131013 0.00173312 -0.0047948
internal_weight=65.5408 57.474 30.3547 27.1193
internal_count=476 430 196 234
is_linear=0
shrinkage=0.01


Tree=419
num_leaves=5
num_cat=0
split_feature=34 13 3 18
split_gain=4.95601 2.76798 5.66302 2.59369
threshold=0.0074717319674445105 -1.0911014664236227 37.152759075312652 11.207499999999984
decision_type=2 2 2 2
left_child=-1 2 -2 -3
right_child=1 3 -4 -5
leaf_value=0.0071674681411931056 0.0074228105318198245 0.00079209755901086696 -0.002205224765250991 -0.0058521885144039269
leaf_weight=6.0657876506447783 7.4940477609634391 6.8234573379159 25.377969615161419 21.665211301296949
leaf_count=40 51 47 198 155
internal_value=-0.00100966 -0.0019179 0 -0.00417108
internal_weight=67.4265 61.3607 32.872 28.4887
internal_count=491 451 249 202
is_linear=0
shrinkage=0.01


Tree=420
num_leaves=7
num_cat=0
split_feature=8 34 2 34 39 8
split_gain=2.84026 5.69763 8.33244 3.88282 3.66663 1.56845
threshold=-0.01432168217403554 0.088765348504161054 7.0979642857141707 0.07112138433815017 0.63874160049435891 0.040486521100656855
decision_type=2 2 2 2 2 2
left_child=3 5 -3 -1 -5 -2
right_child=1 2 -4 4 -6 -7
leaf_value=0.0051046483699913603 -9.0022705804627728e-05 0.0060938622230698805 -0.0063656299055991098 -0.010627129119323526 -0.001361819382485723 -0.0087947929532018344
leaf_weight=4.9183278679847744 4.7947518005967122 27.752058688551188 5.9751145914196959 5.969191953539851 16.067896395921707 4.4958196505904198
leaf_count=25 41 189 44 51 120 30
internal_value=0.000154376 0.00178162 0.00373814 -0.0023184 -0.00418472 -0.00484281
internal_weight=69.9732 43.0177 33.7272 26.9554 22.0371 9.29057
internal_count=500 304 233 196 171 71
is_linear=0
shrinkage=0.01


Tree=421
num_leaves=5
num_cat=0
split_feature=21 6 0 0
split_gain=4.40192 3.34685 3.55831 3.15001
threshold=1.0607889680355387 0.088782383994773548 -0.049661726858869361 -1.0000000180025095e-35
decision_type=2 2 2 2
left_child=1 2 -1 -3
right_child=-2 3 -4 -5
leaf_value=-0.0055810242655854308 0.0090288191218952339 0 0.0022783570190805418 -0.010065437702975048
leaf_weight=5.9623229429125777 5.5662518516182891 7.0513975620269775 44.476015213876963 5.1354902163147909
leaf_count=39 26 51 328 48
internal_value=0.000890826 5.41944e-05 0.00124474 -0.00449157
internal_weight=68.1915 62.6252 50.4383 12.1869
internal_count=492 466 367 99
is_linear=0
shrinkage=0.01


Tree=422
num_leaves=7
num_cat=0
split_feature=35 30 18 4 30 9
split_gain=3.12587 4.79852 4.26262 6.64741 4.88754 2.46847
threshold=0.15874981276995501 -0.18356938358876776 14.200785714285891 -1.8424536892080139 0.16963912762699854 -0.18228286234954194
decision_type=2 2 2 2 2 2
left_child=1 -1 4 -4 -2 -3
right_child=2 5 3 -5 -6 -7
leaf_value=0.0098164175341570199 -0.0067409095148080328 0.0048243931347776844 0.01047569719711792 -0.0016126886669092938 0.001787210741829338 -0.0031703786990731572
leaf_weight=6.5127984359860447 20.017389692366127 5.6900928877294072 5.8285719752311733 14.889040403068064 9.0132610797882062 9.724970862269398
leaf_count=36 162 38 30 114 51 79
internal_value=-0.000104442 0.00295556 -0.00152891 0.00181352 -0.00400613 0
internal_weight=71.6761 21.9279 49.7483 20.7176 29.0307 15.4151
internal_count=510 153 357 144 213 117
is_linear=0
shrinkage=0.01


Tree=423
num_leaves=6
num_cat=0
split_feature=18 36 0 20 12
split_gain=3.36941 4.83734 4.60238 3.79685 3.67011
threshold=11.269071428571451 0.61083970415882949 -0.0044552139835642478 -14.609095188410263 2.0315197906134022
decision_type=2 2 2 2 2
left_child=2 -2 -1 -3 -4
right_child=1 3 4 -5 -6
leaf_value=0.012136679444052102 -0.0089155234019047021 0.0066287921281895749 -0.0038430922209944096 -0.00072279474216645342 0.0079816577326103973
leaf_weight=4.9584367088973513 5.6520714424550524 7.8819808512926093 6.3830879889428598 41.003301396965981 3.6887291148304939
leaf_count=32 50 47 55 294 21
internal_value=0.000584337 -0.000532091 0.00471518 0.000456898 0.000376535
internal_weight=69.5676 54.5374 15.0303 48.8853 10.0718
internal_count=499 391 108 341 76
is_linear=0
shrinkage=0.01


Tree=424
num_leaves=6
num_cat=0
split_feature=38 14 30 30 18
split_gain=3.79965 4.48808 3.90671 2.99764 2.56396
threshold=0.56164050003886912 -0.064344698662841579 -0.12681305290960052 0.08185598895901651 14.754321428571368
decision_type=2 2 2 2 2
left_child=4 3 -3 -2 -1
right_child=1 2 -4 -5 -6
leaf_value=2.8183149796899027e-05 -0.00028933055093119104 0 -0.0080085507314320032 0.0059624155184832333 0.01086316025174505
leaf_weight=4.7382569313049299 21.944335497915745 13.553453270345928 11.45353854075074 10.629289053380488 4.7256200164556503
leaf_count=46 152 101 100 57 26
internal_value=0.000279036 -0.000655418 -0.00383937 0.0017193 0.00601316
internal_weight=67.0445 57.5806 25.007 32.5736 9.46388
internal_count=482 410 201 209 72
is_linear=0
shrinkage=0.01


Tree=425
num_leaves=5
num_cat=0
split_feature=22 1 0 1
split_gain=2.94049 3.01329 3.75417 2.13923
threshold=0.22220195469262619 -0.34350821048615082 0.035225768725053563 -0.51145889003418699
decision_type=2 2 2 2
left_child=1 3 -3 -1
right_child=-2 2 -4 -5
leaf_value=0.0011435599633877027 -0.0058443421021014911 -0.0027931431322198168 0.0035837109713426109 0.0076234427282017786
leaf_weight=14.2539509087801 6.2511638179421416 26.261869989335537 13.405526928603647 9.0807425901293737
leaf_count=95 42 228 84 50
internal_value=0.000366116 0.00107074 -0.000545625 0.00389811
internal_weight=69.2533 63.0021 39.6674 23.3347
internal_count=499 457 312 145
is_linear=0
shrinkage=0.01


Tree=426
num_leaves=5
num_cat=0
split_feature=0 36 18 4
split_gain=4.83274 3.32141 4.59262 3.44329
threshold=0.060878139199248241 0.67610836189609025 10.036392857142966 0.69894187925729068
decision_type=2 2 2 2
left_child=1 2 -1 -3
right_child=-2 3 -4 -5
leaf_value=0.0040610623472783674 0.0068279919704795286 0.0031549315853636253 -0.006125101969106192 -0.0029689071099015074
leaf_weight=5.1058623418211964 9.5491786748170835 26.701361898332834 17.570209264755249 13.001121103763579
leaf_count=46 52 184 134 99
internal_value=0.000364977 -0.000623126 -0.00366396 0.00106299
internal_weight=71.9277 62.3786 22.6761 39.7025
internal_count=515 463 180 283
is_linear=0
shrinkage=0.01


Tree=427
num_leaves=6
num_cat=0
split_feature=33 27 27 26 33
split_gain=3.8424 3.87964 3.17463 2.87604 2.83049
threshold=0.72145671913532206 39.207838333509507 37.111518896805038 16.357642857143027 0.21016576869870682
decision_type=2 2 2 2 2
left_child=1 4 -2 -3 -1
right_child=2 3 -4 -5 -6
leaf_value=-0.00026611484082489844 0.011063439070544911 0.006417970343551592 0.00019973586898936718 -0.00037835558758272768 -0.008388448184234067
leaf_weight=9.0587075650692004 4.8412898518145067 6.9297198876738539 6.6459349989891052 34.608430370688438 9.3785708434879762
leaf_count=67 32 51 47 236 81
internal_value=9.04774e-05 -0.000893079 0.005299 0.000746947 -0.00466855
internal_weight=71.4627 59.9754 11.4872 41.5382 18.4373
internal_count=514 435 79 287 148
is_linear=0
shrinkage=0.01


Tree=428
num_leaves=5
num_cat=0
split_feature=21 32 3 10
split_gain=2.82996 2.89182 3.43242 1.83452
threshold=1.0607889680355387 0.13729129954053085 62.260487283415472 8.7804642857142898
decision_type=2 2 2 2
left_child=1 3 -3 -1
right_child=-2 2 -4 -5
leaf_value=-1.8764554321115761e-06 0.0064498949816126786 -0.00077064113692775806 0.0057916314806005951 -0.0075737191412165762
leaf_weight=6.4581935927271825 5.7110503315925589 38.081500560045242 9.4312522672116739 7.9455630332231522
leaf_count=53 27 289 57 59
internal_value=0 -0.000627906 0.000516231 -0.00449399
internal_weight=67.6276 61.9165 47.5128 14.4038
internal_count=485 458 346 112
is_linear=0
shrinkage=0.01


Tree=429
num_leaves=5
num_cat=0
split_feature=21 26 0 12
split_gain=2.94252 3.31221 3.77233 2.71673
threshold=1.0607889680355387 16.357642857143027 0.085420682223646002 -2.2458092326310175
decision_type=2 2 2 2
left_child=1 3 -3 -1
right_child=-2 2 -4 -5
leaf_value=0.010614600728689869 0.007182918204312291 -0.0014674586907066085 0.0075295948250552183 0
leaf_weight=4.6606544852256775 6.3056041449308387 53.335097942501307 4.5454470738768569 4.9632102735340577
leaf_count=29 30 389 25 48
internal_value=0.000899943 0.000220436 -0.000651084 0.00553161
internal_weight=73.81 67.5044 57.8805 9.62386
internal_count=521 491 414 77
is_linear=0
shrinkage=0.01


Tree=430
num_leaves=5
num_cat=0
split_feature=16 0 0 35
split_gain=2.96697 3.05457 3.96739 1.8616
threshold=-0.22963330879808877 -0.030277394908720768 -0.0097975248593709409 0.29701921047289209
decision_type=2 2 2 2
left_child=-1 3 -3 -2
right_child=1 2 -4 -5
leaf_value=0.0065598897736860971 -0.00021957840401677303 0.0052982984168102824 -0.0010758880144317148 -0.0094087194669218843
leaf_weight=5.9477478563785544 4.7843654453754407 12.173544846475123 41.006699562072754 5.1906826794147491
leaf_count=30 36 76 318 38
internal_value=5.87016e-05 -0.000553147 0.000363107 -0.00550855
internal_weight=69.103 63.1553 53.1802 9.97505
internal_count=498 468 394 74
is_linear=0
shrinkage=0.01


Tree=431
num_leaves=6
num_cat=0
split_feature=30 9 25 33 9
split_gain=4.08221 4.03902 4.38409 3.90059 3.8508
threshold=0.08185598895901651 -0.17440716018734284 -0.49249747345806805 0.25152146596704367 0.61178447055804419
decision_type=2 2 2 2 2
left_child=1 2 -1 -2 -3
right_child=3 4 -4 -5 -6
leaf_value=0.00010529817343507718 0.00034465451435685383 0.0034659489059993762 -0.0085066507528082595 0.010602781985966569 -0.0037671154918028095
leaf_weight=10.980426326394083 9.4365931227803213 24.461059808731079 10.788159202784298 6.426868110895156 9.6662483625113946
leaf_count=75 56 175 95 34 75
internal_value=0.000460418 -0.000773092 -0.0041231 0.00488092 0.0013058
internal_weight=71.7594 55.8959 21.7686 15.8635 34.1273
internal_count=510 420 170 90 250
is_linear=0
shrinkage=0.01


Tree=432
num_leaves=7
num_cat=0
split_feature=32 39 29 8 10 32
split_gain=3.24407 4.03052 4.64735 3.06739 3.74255 1.95959
threshold=0.35621214762861175 0.68642396096174041 -0.64419397326389716 0.13308864827495334 7.2882142857142442 0.61837947320265296
decision_type=2 2 2 2 2 2
left_child=3 2 -2 4 -1 -3
right_child=1 5 -4 -5 -6 -7
leaf_value=-0.0048538844653103191 -0.010985619747619952 0.0056270476203232412 0.0015182414519732499 -0.0063477596493673174 0.0031569500232456337 -0.0030806985502722772
leaf_weight=6.1894218809902659 8.8538426272571069 4.692147094756363 3.6233495920896557 4.4176727980375281 37.1744146309793 4.2870856001973152
leaf_count=61 76 34 24 34 237 30
internal_value=-0.000383984 -0.00359934 -0.00720476 0.00102007 0.00190286 0.0012099
internal_weight=69.2379 21.4564 12.4772 47.7815 43.3638 8.97923
internal_count=496 164 100 332 298 64
is_linear=0
shrinkage=0.01


Tree=433
num_leaves=4
num_cat=0
split_feature=12 12 9
split_gain=3.29843 3.03675 2.91188
threshold=7.2688801456893097 3.738473633829472 -0.08660915645639114
decision_type=2 2 2
left_child=1 2 -1
right_child=-2 -3 -4
leaf_value=-0.0033109575103002177 -0.0070517746258249416 0.0063339728793467076 0.0012643110571080706
leaf_weight=22.5942800976336 6.4069932699203482 6.7207202576100817 33.525689125061035
leaf_count=176 44 41 239
internal_value=-0.000479096 0.000194041 -0.00053771
internal_weight=69.2477 62.8407 56.12
internal_count=500 456 415
is_linear=0
shrinkage=0.01


Tree=434
num_leaves=5
num_cat=0
split_feature=21 6 26 39
split_gain=2.77651 3.89134 3.72602 2.75848
threshold=1.0607889680355387 0.098323025068315209 16.357642857143027 0.69600650040571221
decision_type=2 2 2 2
left_child=1 2 -1 -3
right_child=-2 3 -4 -5
leaf_value=0.0071210131406284636 0.0065903526834106638 -0.010358608252826491 -0.00034554263220660131 -0.00031080892893327891
leaf_weight=7.2044835798442355 5.6074776947498313 5.5941400825977308 46.219579458236694 6.1900582313537598
leaf_count=58 27 50 326 51
internal_value=0.000108874 -0.000448741 0.000662415 -0.00555235
internal_weight=70.8157 65.2083 53.4241 11.7842
internal_count=512 485 384 101
is_linear=0
shrinkage=0.01


Tree=435
num_leaves=6
num_cat=0
split_feature=6 3 8 26 19
split_gain=5.1364 7.64418 3.22765 2.99385 2.556
threshold=0.060966070748723185 62.743733491646161 0.0041047123450522029 23.155000000000012 50.10509707020195
decision_type=2 2 2 2 2
left_child=1 3 4 -1 -2
right_child=2 -3 -4 -5 -6
leaf_value=-0.000896541900633648 -0.0051605635171999269 0.0095436194829545823 -0.009386185295749085 0.0077279942936403804 0.0051200372930698713
leaf_weight=38.670560788363218 4.6542177982628328 9.9198067635297758 6.9799955412745467 3.9857972562313071 4.0150677561759949
leaf_count=282 38 59 61 23 26
internal_value=0.000324492 0.00186507 -0.00456305 0 -5.24962e-05
internal_weight=68.2254 52.5762 15.6493 42.6564 8.66929
internal_count=489 364 125 305 64
is_linear=0
shrinkage=0.01


Tree=436
num_leaves=6
num_cat=0
split_feature=2 36 32 34 22
split_gain=2.88326 3.31436 4.46531 3.24557 0.831187
threshold=3.5304285714285344 0.72102178438702913 0.35621214762861175 0.14156393048466057 -0.00022461610394371783
decision_type=2 2 2 2 2
left_child=4 2 -2 -3 -1
right_child=1 3 -4 -5 -6
leaf_value=-0.00010278188336454968 0.0050232645943196364 0.0024909362998624804 -0.00081275672047625839 -0.0078612490857926341 -0.0086950679093857706
leaf_weight=2.7798638045787811 32.15066872164607 4.6755260415375215 20.388646498322487 6.0752759277820587 3.0060101486742488
leaf_count=26 207 30 157 46 36
internal_value=0.00098332 0.00164975 0.00271564 -0.00318182 -0.00538065
internal_weight=69.076 63.2901 52.5393 10.7508 5.78587
internal_count=502 440 364 76 62
is_linear=0
shrinkage=0.01


Tree=437
num_leaves=6
num_cat=0
split_feature=27 8 33 38 13
split_gain=5.53765 3.47349 2.83552 4.28969 2.99105
threshold=62.870117226179239 0.015591540341922684 0.41966637559070213 0.7073120109508928 -1.3213197489883426
decision_type=2 2 2 2 2
left_child=2 -2 4 -4 -1
right_child=1 -3 3 -5 -6
leaf_value=0.0038752434260365645 0.010803776933557281 2.7439631378353404e-05 -0.0070506689815641567 0.0036796717558615212 -0.0015334466252743049
leaf_weight=17.483024895191189 7.3341142013668996 5.7631893530488014 12.418979797512295 4.4636456817388526 22.377737395465378
leaf_count=123 43 38 98 35 163
internal_value=0.000705052 0.00645789 -0.000615199 -0.00401682 0.000783107
internal_weight=69.8407 13.0973 56.7434 16.8826 39.8608
internal_count=500 81 419 133 286
is_linear=0
shrinkage=0.01


Tree=438
num_leaves=6
num_cat=0
split_feature=11 1 1 0 32
split_gain=4.39397 3.5312 2.90496 4.03917 2.00928
threshold=57.793884386531538 0.6927298516178807 -0.32779056619663421 0.060878139199248241 0.63767164009990362
decision_type=2 2 2 2 2
left_child=1 4 -2 -4 -1
right_child=2 -3 3 -5 -6
leaf_value=0.00052963767736738539 0.0096375582655489726 -0.009704847643242448 -0.002032373006962308 0.0086991782499866912 -0.0062477185765135827
leaf_weight=39.84220402315259 6.6935643330216434 3.8076874390244475 9.6618090867996198 4.6956989020109168 4.3790354169905177
leaf_count=294 36 34 71 25 38
internal_value=0.000574196 -0.0010493 0.00435589 0.00145016 -0.00013676
internal_weight=69.08 48.0289 21.0511 14.3575 44.2212
internal_count=498 366 132 96 332
is_linear=0
shrinkage=0.01


Tree=439
num_leaves=5
num_cat=0
split_feature=9 32 16 32
split_gain=5.25021 3.50462 5.71957 4.57847
threshold=-0.74257057116941916 0.14241099541336247 -0.088034384153280312 0.35621214762861175
decision_type=2 2 2 2
left_child=-1 2 -2 -3
right_child=1 3 -4 -5
leaf_value=-0.0084865436772725185 0.002550357596848029 0.0045697492089959817 -0.0083102577661508595 -0.0016270459101672585
leaf_weight=7.0672828555107108 8.1167588755488413 25.900401290506124 9.9651511050760728 20.458486221730709
leaf_count=55 45 180 89 157
internal_value=-0.000592566 0.000285653 -0.00333616 0.00178286
internal_weight=71.5081 64.4408 18.0819 46.3589
internal_count=526 471 134 337
is_linear=0
shrinkage=0.01


Tree=440
num_leaves=5
num_cat=0
split_feature=14 14 30 14
split_gain=4.03764 5.25327 6.45045 0.775987
threshold=0.14389147438870606 0.07703462271155273 0.099013154560249242 0.2448119401522332
decision_type=2 2 2 2
left_child=1 2 -1 -2
right_child=3 -3 -4 -5
leaf_value=-0.00063351738923915339 -0.0076178839564093395 0.010406514627999746 0.0071650265578258919 -0.00076671765955180075
leaf_weight=44.540727008134127 4.4449604786932451 6.567306336015462 13.196220986545084 4.3352296873927116
leaf_count=340 34 41 73 32
internal_value=0.00130148 0.00220889 0.0011436 -0.00478195
internal_weight=73.0844 64.3043 57.7369 8.78019
internal_count=520 454 413 66
is_linear=0
shrinkage=0.01


Tree=441
num_leaves=6
num_cat=0
split_feature=16 9 24 1 24
split_gain=2.68776 3.37202 2.88177 6.34225 3.67519
threshold=-0.17007244670005453 -0.52335765986406646 -0.051150924202584443 -0.15459087774089719 -0.010203456565627557
decision_type=2 2 2 2 2
left_child=1 -1 3 -2 -4
right_child=2 -3 4 -5 -6
leaf_value=-0.00050209525475996446 0.0020698945057129403 0.0091417508038256472 0.0063222273713997058 -0.010609991395538886 -0.00095961866965078662
leaf_weight=6.5743622109293938 6.6960788480937481 6.2347559034824354 8.0649704262614232 7.7255188487470132 34.555956028401852
leaf_count=38 44 29 65 73 259
internal_value=4.47358e-05 0.00413367 -0.000849254 -0.00464947 0.000406052
internal_weight=69.8516 12.8091 57.0425 14.4216 42.6209
internal_count=508 67 441 117 324
is_linear=0
shrinkage=0.01


Tree=442
num_leaves=6
num_cat=0
split_feature=14 27 3 3 10
split_gain=3.3958 4.17539 6.41832 4.54984 0.785559
threshold=0.14389147438870606 60.329868682556729 63.111208738400293 62.743733491646161 9.6620357142857589
decision_type=2 2 2 2 2
left_child=1 3 -3 -1 -2
right_child=4 2 -4 -5 -6
leaf_value=-0.0012546025607916265 -0.0013570802375546746 0.01454690632364905 -0.0010026733653091045 0.0069267013337761208 -0.0085335029153925119
leaf_weight=41.199893116950989 4.5295701660215837 4.93628181517124 4.4212567880749702 7.6152628771960726 3.9196107089519501
leaf_count=307 34 32 28 53 29
internal_value=0.000365031 0.00127899 0.00721749 1.81528e-05 -0.00531225
internal_weight=66.6219 58.1727 9.35754 48.8152 8.44918
internal_count=483 420 60 360 63
is_linear=0
shrinkage=0.01


Tree=443
num_leaves=6
num_cat=0
split_feature=38 16 24 24 18
split_gain=2.32719 3.75532 3.30416 5.25859 2.42878
threshold=0.69484934203513704 -0.18209973764386173 -0.047898589214176467 0.045115174870961269 14.57924999999994
decision_type=2 2 2 2 2
left_child=1 -1 -2 -4 -3
right_child=2 4 3 -5 -6
leaf_value=0.0035153848926993115 -0.0039675164312134269 -0.0063691503514085417 0.0094846469508332622 -0.00059110708585865754 -0.00075343598514339297
leaf_weight=7.702665075659751 7.6914030574262169 18.114090614020824 8.0269884541630763 11.783602871000765 15.700411867350338
leaf_count=41 53 157 57 80 114
internal_value=-0.000917896 -0.00242583 0.00125402 0.00347674 -0.00389812
internal_weight=69.0192 41.5172 27.502 19.8106 33.8145
internal_count=502 312 190 137 271
is_linear=0
shrinkage=0.01


Tree=444
num_leaves=4
num_cat=0
split_feature=37 7 14
split_gain=2.85208 2.82152 4.02219
threshold=0.55116271547844609 1.0000000180025095e-35 0.088350874563830659
decision_type=2 2 2
left_child=-1 2 -2
right_child=1 -3 -4
leaf_value=0.0053055566614772978 -0.00342193738802194 0.0042260098903298708 0.0029650573566420229
leaf_weight=7.0510398000478736 43.629648454487324 7.6653816774487487 11.790964331477879
leaf_count=53 310 53 82
internal_value=-0.000438807 -0.0011647 -0.00199507
internal_weight=70.137 63.086 55.4206
internal_count=498 445 392
is_linear=0
shrinkage=0.01


Tree=445
num_leaves=7
num_cat=0
split_feature=11 36 36 1 22 38
split_gain=4.47452 4.15778 3.59994 3.45794 1.86158 1.62548
threshold=60.225877696627443 0.64899117428105457 0.65287024800548266 0.45572486121579098 -0.023753212016634353 0.62760793634105971
decision_type=2 2 2 2 2 2
left_child=1 5 -2 -3 -4 -1
right_child=2 3 4 -5 -6 -7
leaf_value=-0.00030002540115834394 0.0097729165104654455 0.0010436039864005608 0.004214201874394312 -0.0059331390003209928 -0.0038690987478108099 -0.0095272738832349706
leaf_weight=3.3900083266198626 5.9803527519106892 32.529710993170738 5.2718905583024034 8.4711451753973943 5.0879908204078648 8.080283544957636
leaf_count=30 33 220 31 66 38 76
internal_value=-0.000514137 -0.001976 0.00392129 -0.000379682 0 -0.00717725
internal_weight=68.8114 52.4711 16.3402 41.0009 10.3599 11.4703
internal_count=494 392 102 286 69 106
is_linear=0
shrinkage=0.01


Tree=446
num_leaves=7
num_cat=0
split_feature=26 18 36 32 12 3
split_gain=3.00401 4.73259 3.62286 3.46307 3.37394 3.21875
threshold=20.839428571428538 12.979535714285705 0.71705146779043594 0.22129403290019869 -0.83335735268565247 62.260487283415472
decision_type=2 2 2 2 2 2
left_child=1 3 4 -1 -2 -3
right_child=2 5 -4 -5 -6 -7
leaf_value=-0.0031679750569515615 0.0084986786134679769 -0.0068129372846118877 -0.0042024430585629784 0.0042471516522296629 0 0.0025419921979455786
leaf_weight=9.9799974411726016 9.8437373340129888 18.771630205214027 5.3282979130744925 14.585532922297714 8.4195583648979664 3.7420418411493293
leaf_count=80 55 148 39 99 61 29
internal_value=-0.000329598 -0.00182103 0.00249819 0.00111189 0.00467287 -0.00510623
internal_weight=70.6708 47.0792 23.5916 24.5655 18.2633 22.5137
internal_count=511 356 155 179 116 177
is_linear=0
shrinkage=0.01


Tree=447
num_leaves=5
num_cat=0
split_feature=36 26 33 5
split_gain=3.71523 4.81443 3.25861 1.67835
threshold=0.72758160085125412 23.155000000000012 0.13443286839586263 -1.505349789145433
decision_type=2 2 2 2
left_child=1 2 -1 -2
right_child=3 -3 -4 -5
leaf_value=0.0052848475642655445 -0.0085020919624776755 0.0093131384831286156 -0.00028504881689587011 0
leaf_weight=12.908438861370085 4.6644214354455471 7.57154407352209 44.50999553501606 3.5384735092520696
leaf_count=83 36 44 333 26
internal_value=0.00119299 0.00203394 0.000950155 -0.00485904
internal_weight=73.1929 64.99 57.4184 8.20289
internal_count=522 460 416 62
is_linear=0
shrinkage=0.01


Tree=448
num_leaves=7
num_cat=0
split_feature=4 17 14 14 17 27
split_gain=3.05453 5.39073 3.38128 5.8383 1.7837 0.904777
threshold=2.2658803647173049 0.59795803433051919 0.12318959805106096 0.080369829462995757 0.032087430134322033 52.780387647808574
decision_type=2 2 2 2 2 2
left_child=2 4 3 -1 -2 -4
right_child=1 -3 5 -5 -6 -7
leaf_value=-0.00013820100317109025 0.0028756185741230116 -0.0038222174111902014 -0.0015078663017569994 0.011552562724469306 0.012551678303875933 -0.0095541378858163654
leaf_weight=42.725552070885897 4.6803454756736738 4.1539878994226447 4.0876719802618018 4.1915244907140723 5.75727928429842 3.6087909638881683
leaf_count=317 31 32 29 24 30 32
internal_value=0.00102861 0.00501255 -1.72051e-05 0.000953777 0.00881691 -0.00599936
internal_weight=69.2052 14.5916 54.6135 46.9171 10.4376 7.69646
internal_count=495 93 402 341 61 61
is_linear=0
shrinkage=0.01


Tree=449
num_leaves=5
num_cat=0
split_feature=17 17 20 10
split_gain=3.63378 6.28567 3.81574 2.74409
threshold=0.62069458790415222 0.47103428238072748 0.12672581417882614 10.639500000000032
decision_type=2 2 2 2
left_child=1 2 -1 -2
right_child=3 -3 -4 -5
leaf_value=-0.0032906182645267104 -0.0093348503233881604 0.0084774354233762596 0.0020857026764751966 0
leaf_weight=28.196470752358437 6.8872262388467771 7.955196037888526 23.407516103237867 4.4557793214917183
leaf_count=215 58 46 164 31
internal_value=-0.00050448 0.000451442 -0.000797735 -0.00558424
internal_weight=70.9022 59.5592 51.604 11.343
internal_count=514 425 379 89
is_linear=0
shrinkage=0.01


Tree=450
num_leaves=7
num_cat=0
split_feature=18 18 18 0 39 0
split_gain=2.29823 4.93215 4.93144 4.43586 4.15351 2.94448
threshold=11.269071428571451 14.200785714285891 12.954499999999957 -0.0044552139835642478 0.66628268451533978 0.013541479234632397
decision_type=2 2 2 2 2 2
left_child=3 2 -2 -1 -3 -5
right_child=1 4 -4 5 -6 -7
leaf_value=0.01053106355757547 0 0.0052629562402581754 -0.0094068458747053347 -0.0059869976153007487 -0.0015328393578523717 0.0049616395328301657
leaf_weight=5.5580187141895285 12.011372033506634 17.168483428657055 9.4870198071002942 4.4252049252390844 16.992813985794783 4.3187585324048996
leaf_count=33 84 107 77 43 132 25
internal_value=0.000407291 -0.000472238 -0.00421374 0.0039332 0.00182263 -0.000278911
internal_weight=69.9617 55.6597 21.4984 14.302 34.1613 8.74396
internal_count=501 400 161 101 239 68
is_linear=0
shrinkage=0.01


Tree=451
num_leaves=5
num_cat=0
split_feature=14 14 14 33
split_gain=4.97847 3.0688 5.22446 1.0645
threshold=-0.45817211576129957 0.16352254688879775 0.035014371598195128 0.18484367262403542
decision_type=2 2 2 2
left_child=-1 2 -2 -3
right_child=1 3 -4 -5
leaf_value=0.0080194290065801251 -0.0020186492160304726 -0.0018369081328384609 0.0049787553302554901 -0.010335807184903329
leaf_weight=6.1109348535537711 40.689407877624035 4.1851718574762327 13.860223628580568 3.9110580496490002
leaf_count=29 314 27 95 33
internal_value=-0.000185297 -0.00109032 -0.000157148 -0.00665386
internal_weight=68.7568 62.6459 54.5496 8.09623
internal_count=498 469 409 60
is_linear=0
shrinkage=0.01


Tree=452
num_leaves=7
num_cat=0
split_feature=21 21 39 39 20 18
split_gain=3.56028 4.68815 3.11287 2.55754 3.95718 2.44258
threshold=-1.2863062683628563 -1.4556076907327136 0.65668576405263945 0.66493815580807147 -6.4043763865302017 12.599750000000022
decision_type=2 2 2 2 2 2
left_child=1 2 -1 4 -2 -5
right_child=3 -3 -4 5 -6 -7
leaf_value=-0.0067787360459487939 0.011094007957562286 -0.010432640973182557 0.0023841477810369388 0.0029311143941357282 0.0014496263600031387 -0.0033171301901671665
leaf_weight=4.7210139743983808 5.5323229655623463 5.8191047050058833 12.111577548086641 10.354960896074774 18.590705636888742 13.813783541321753
leaf_count=41 28 50 87 66 135 105
internal_value=0.000107561 -0.00307748 -0.000134083 0.00167925 0.00396365 -0.000513344
internal_weight=70.9435 22.6517 16.8326 48.2918 24.123 24.1687
internal_count=512 178 128 334 163 171
is_linear=0
shrinkage=0.01


Tree=453
num_leaves=5
num_cat=0
split_feature=16 22 13 4
split_gain=2.94808 3.31791 2.79326 2.62814
threshold=-0.22050632893544381 -0.18817670962992247 -1.099459298764162 -2.3926703025917955
decision_type=2 2 2 2
left_child=-1 3 -3 -2
right_child=1 2 -4 -5
leaf_value=0.0057293421666363403 0.0014934959036275925 0.0034291778916893802 -0.0017418630139364145 -0.006032797784531984
leaf_weight=7.7358629554510108 5.5564630553126362 21.668756693601608 18.524947069585323 15.07528845220804
leaf_count=43 38 154 133 127
internal_value=7.45797e-05 -0.00063653 0.000980047 -0.0038765
internal_weight=68.5613 60.8255 40.1937 20.6318
internal_count=495 452 287 165
is_linear=0
shrinkage=0.01


Tree=454
num_leaves=4
num_cat=0
split_feature=0 9 38
split_gain=3.96591 3.8325 1.87245
threshold=0.060878139199248241 0.64166372442009445 0.7353113267302126
decision_type=2 2 2
left_child=1 2 -1
right_child=-2 -3 -4
leaf_value=-0.00084645708265407326 0.0059549823740256526 -0.0086873524508581743 0.0048816103003211922
leaf_weight=48.798784207552671 8.9198073595762235 5.3949890099465838 5.9168984517455092
leaf_count=350 50 50 45
internal_value=-3.62656e-05 -0.00101659 -0.000134102
internal_weight=69.0305 60.1107 54.7157
internal_count=495 445 395
is_linear=0
shrinkage=0.01


Tree=455
num_leaves=4
num_cat=0
split_feature=1 0 9
split_gain=4.49608 3.22317 3.13233
threshold=-0.67073579788730031 0.085420682223646002 0.65734224953952858
decision_type=2 2 2
left_child=-1 2 -2
right_child=1 -3 -4
leaf_value=-0.0077758335043844684 0.00052072320929571168 0.0074471111235286146 -0.0071022223690856015
leaf_weight=6.864250771701335 51.099702674895525 5.5043300613760939 5.4881056025624266
leaf_count=49 366 31 49
internal_value=-0.000362932 0.000464199 -0.000221758
internal_weight=68.9564 62.0921 56.5878
internal_count=495 446 415
is_linear=0
shrinkage=0.01


Tree=456
num_leaves=6
num_cat=0
split_feature=30 30 4 27 38
split_gain=3.36786 4.66521 5.63941 4.13561 1.93607
threshold=0.08185598895901651 -0.11655598993003231 -2.8589937314486629 58.778671206439327 0.69455835161587809
decision_type=2 2 2 2 2
left_child=1 2 -1 -3 -2
right_child=4 3 -4 -5 -6
leaf_value=0.007978673685447097 0 -0.0068462655698215812 -0.00058918410945846039 0.0047630062147406031 0.0073127753577202706
leaf_weight=9.7494266182184202 5.636303983628749 14.520337734371425 28.419556688517332 3.1597508639097205 10.181265234947203
leaf_count=55 35 133 209 26 55
internal_value=0.000801347 -0.000313473 0.00159657 -0.00453253 0.00481042
internal_weight=71.6666 55.8491 38.169 17.6801 15.8176
internal_count=513 423 264 159 90
is_linear=0
shrinkage=0.01


Tree=457
num_leaves=5
num_cat=0
split_feature=14 33 6 6
split_gain=2.94733 3.50024 3.93944 2.75256
threshold=-0.41720038635074991 0.72145671913532206 -0.041550787140389685 -0.062726433801640932
decision_type=2 2 2 2
left_child=-1 3 -3 -2
right_child=1 2 -4 -5
leaf_value=0.005682847246128774 0.00018819425298201498 -0.00097210951752810248 0.011622125193750521 -0.004133467855458579
leaf_weight=7.4422944933176032 31.337944097816941 4.5004999600350857 4.017806086689232 25.33631702139974
leaf_count=36 209 37 26 210
internal_value=-2.76414e-05 -0.000763502 0.00495054 -0.00171059
internal_weight=72.6349 65.1926 8.51831 56.6743
internal_count=518 482 63 419
is_linear=0
shrinkage=0.01


Tree=458
num_leaves=6
num_cat=0
split_feature=3 36 39 14 32
split_gain=3.79039 6.09097 4.33329 2.97221 2.7661
threshold=37.152759075312652 0.71362049740149802 0.73861909328856157 -0.045851621627661064 0.15082403813016673
decision_type=2 2 2 2 2
left_child=1 3 4 -1 -2
right_child=2 -3 -4 -5 -6
leaf_value=0.011090907235165988 -0.0084347838288264948 -0.0045120330350166557 0.0067037477338840979 0.0020504269924171339 -0.0015099539355538864
leaf_weight=7.3082061335444495 6.8664162904024115 6.5198286250233641 4.8430235311388961 9.2414904311299324 37.780891582369804
leaf_count=39 54 48 31 65 282
internal_value=-8.51031e-05 0.00317786 -0.00168269 0.00642676 -0.00272301
internal_weight=72.5599 23.0695 49.4903 16.5497 44.6473
internal_count=519 152 367 104 336
is_linear=0
shrinkage=0.01


Tree=459
num_leaves=5
num_cat=0
split_feature=14 3 32 16
split_gain=2.69171 2.91885 4.79287 4.23403
threshold=-0.45817211576129957 62.743733491646161 0.18645704148294359 -0.17007244670005453
decision_type=2 2 2 2
left_child=-1 3 -3 -2
right_child=1 2 -4 -5
leaf_value=0.0062617946531900014 0.0029665302033949907 -0.0010724806624944141 0.010092603626202654 -0.0036629983905437469
leaf_weight=5.3727136701345435 11.967570140957831 9.7138939611613733 5.3939642161130896 37.782866630703211
leaf_count=26 62 73 30 323
internal_value=-0.000168804 -0.00079123 0.0029172 -0.0019949
internal_weight=70.231 64.8583 15.1079 49.7504
internal_count=514 488 103 385
is_linear=0
shrinkage=0.01


Tree=460
num_leaves=7
num_cat=0
split_feature=8 19 12 32 33 26
split_gain=2.1766 4.20352 4.91442 3.25107 3.282 1.32523
threshold=-0.021468717471006326 58.082093937830955 -5.1342168923551972 0.15082403813016673 0.1417778378039169 20.058571428571543
decision_type=2 2 2 2 2 2
left_child=1 2 -1 5 -5 -2
right_child=3 -3 -4 4 -6 -7
leaf_value=0.0014757794554854957 0 0.0058735770840429484 -0.0086061694631984504 0.0099011392872707504 0.00189410962191426 -0.0064846827991538779
leaf_weight=8.0194275602698362 7.336679529398678 4.9721057564020148 9.8688925467431545 6.5272911339998236 26.182679433375597 4.1236805766820908
leaf_count=57 61 28 87 37 188 30
internal_value=0.000760902 -0.00164906 -0.004006 0.00207984 0.00370726 -0.0022751
internal_weight=67.0308 22.8604 17.8883 44.1703 32.71 11.4604
internal_count=488 172 144 316 225 91
is_linear=0
shrinkage=0.01


Tree=461
num_leaves=5
num_cat=0
split_feature=21 18 3 13
split_gain=4.15963 3.31016 4.15887 3.61796
threshold=1.0607889680355387 10.036392857142966 46.910039440450852 -1.3213197489883426
decision_type=2 2 2 2
left_child=1 2 -1 -3
right_child=-2 3 -4 -5
leaf_value=-0.0017371380578155276 0.0070695955801383424 0.00051787726925528455 0.010860500480788375 -0.004503974840923056
leaf_weight=4.7232696749269945 6.3783458620309821 26.248327482491728 4.3556551784276962 28.59815634414554
leaf_count=40 30 198 26 213
internal_value=-0.000267169 -0.00109497 0.00424487 -0.00206346
internal_weight=70.3038 63.9254 9.07892 54.8465
internal_count=507 477 66 411
is_linear=0
shrinkage=0.01


Tree=462
num_leaves=7
num_cat=0
split_feature=18 32 28 21 21 18
split_gain=3.23417 4.18389 3.8063 2.74083 5.17938 2.64715
threshold=12.954499999999957 0.46534022745481962 -0.67945796988215068 -1.1274011548012302 -1.0000000180025095e-35 10.036392857142966
decision_type=2 2 2 2 2 2
left_child=3 2 -2 5 -5 -1
right_child=1 -3 -4 4 -6 -7
leaf_value=0.0045468844068559519 0.0015438685282447727 -0.0086337181420892417 -0.0054891768584085102 0.010156662020164868 -0.0008694232425144801 -0.0046682689854406177
leaf_weight=4.1969976387918022 23.643410637974739 7.8361064344644538 10.63795769959688 8.1356682777404767 7.3692190498113623 8.0725327245891076
leaf_count=29 167 69 78 48 54 64
internal_value=-0.000477752 -0.00224874 -0.00059986 0.00209397 0.00486526 -0.00122653
internal_weight=69.8919 42.1175 34.2814 27.7744 15.5049 12.2695
internal_count=509 314 245 195 102 93
is_linear=0
shrinkage=0.01


Tree=463
num_leaves=6
num_cat=0
split_feature=30 30 33 24 19
split_gain=3.91881 5.9904 4.94611 6.7833 3.2319
threshold=-0.11655598993003231 0.27769864663572769 0.19294592308978528 -0.016882755456880269 50.860792359306664
decision_type=2 2 2 2 2
left_child=2 4 -1 -4 -2
right_child=1 -3 3 -5 -6
leaf_value=0.0078713893821597963 -0.0075972135545818199 0.0065174541888320574 -0.0061626366026628363 0.0037145860125558879 -0.00034629975820135787
leaf_weight=9.5957318693399412 15.984670840203764 5.0239686220884314 11.198406960815193 16.547583777457476 11.326094441115854
leaf_count=52 136 27 91 117 83
internal_value=-0.000279746 -0.00284244 0.00186828 -0.000204217 -0.00475834
internal_weight=69.6765 32.3347 37.3417 27.746 27.3108
internal_count=506 246 260 208 219
is_linear=0
shrinkage=0.01


Tree=464
num_leaves=5
num_cat=0
split_feature=9 17 28 8
split_gain=3.22144 3.52296 5.96955 3.51185
threshold=0.69416934621842663 0.39092905754936569 -0.4629407971710861 0.015591540341922684
decision_type=2 2 2 2
left_child=1 3 -3 -1
right_child=-2 2 -4 -5
leaf_value=0.00088923229530326264 -0.0059392057678808096 0.0094880904048004703 -0.0028836970360943456 -0.0059861863410593658
leaf_weight=35.917697925120592 7.1678495854139319 9.9833992198109609 5.4255674928426734 8.7423557415604574
leaf_count=272 59 61 39 63
internal_value=0.000116573 0.000931784 0.00498963 -0.0004416
internal_weight=67.2369 60.069 15.409 44.6601
internal_count=494 435 100 335
is_linear=0
shrinkage=0.01


Tree=465
num_leaves=7
num_cat=0
split_feature=33 33 8 8 16 2
split_gain=2.62263 3.11796 3.10264 2.78922 1.04234 3.10863
threshold=0.12913939237620933 0.72145671913532206 -0.052190334317986337 0.069649494905890341 0.034456536945478171 6.3318571428571895
decision_type=2 2 2 2 2 2
left_child=4 2 -2 -3 5 -1
right_child=1 3 -4 -5 -6 -7
leaf_value=-0.0038801952554993052 0.0015362142534800921 -0.0012514912098728428 -0.0046896466219072423 0.0082384958159068666 0.005705960767243428 0.0063396082474634335
leaf_weight=6.1502822116017359 9.7476897500455362 6.2807778716087324 29.664695721119642 4.7327927500009537 6.6202609464526168 4.792451947927475
leaf_count=48 72 49 237 29 38 24
internal_value=-0.000536134 -0.00172986 -0.00307471 0.00274669 0.00267816 0.000414908
internal_weight=67.989 50.426 39.4124 11.0136 17.563 10.9427
internal_count=497 387 309 78 110 72
is_linear=0
shrinkage=0.01


Tree=466
num_leaves=5
num_cat=0
split_feature=1 1 9 2
split_gain=2.95806 6.65641 3.57302 2.76321
threshold=-0.67073579788730031 -0.15459087774089719 -0.08660915645639114 7.3679642857144447
decision_type=2 2 2 2
left_child=-1 3 -3 -2
right_child=1 2 -4 -5
leaf_value=-0.0044507214965705134 0.0080586059347432827 -0.0065832007509356982 0.0008080606778148085 0
leaf_weight=7.9429926276206961 16.922918371856216 7.5343066975474349 32.959710914641619 5.083954155445098
leaf_count=55 105 67 246 30
internal_value=0.00101913 0.00179169 -0.000557495 0.00616399
internal_weight=70.4439 62.5009 40.494 22.0069
internal_count=503 448 313 135
is_linear=0
shrinkage=0.01


Tree=467
num_leaves=7
num_cat=0
split_feature=1 1 36 32 26 26
split_gain=3.58044 6.45908 2.90412 2.71935 2.91891 2.48762
threshold=-0.35038688057110595 -0.51145889003418699 0.69988222518192 0.22129403290019869 19.99935714285721 23.20635714285709
decision_type=2 2 2 2 2 2
left_child=1 2 -1 4 -2 -5
right_child=3 -3 -4 5 -6 -7
leaf_value=0.0018304189128442536 -0.0077514198701018697 0.0089196211755554027 -0.0066120604339585621 -0.0010159397782834928 0 0.0073429033806026211
leaf_weight=10.796967372298246 11.643365330994131 9.8353527784347516 5.6726932600140563 21.867378715425733 9.1673090532422048 3.7043691128492346
leaf_count=71 100 54 39 170 65 23
internal_value=-0.000182876 0.00268798 -0.0010098 -0.00188633 -0.00453219 0.000197469
internal_weight=72.6874 26.305 16.4697 46.3824 20.8107 25.5717
internal_count=522 164 110 358 165 193
is_linear=0
shrinkage=0.01


Tree=468
num_leaves=7
num_cat=0
split_feature=30 19 8 16 16 38
split_gain=2.56248 4.69858 5.35248 3.67643 5.39598 2.62696
threshold=-0.18356938358876776 36.535865267977925 -0.01432168217403554 0.061994050859668977 0.030322173686414388 0.71064894833280656
decision_type=2 2 2 2 2 2
left_child=1 -1 -3 4 -2 -5
right_child=3 2 -4 5 -6 -7
leaf_value=0.010944159882007502 -0.0018693542349858823 -0.0058194289262075071 0.0037583309104698959 -0.0099129526925708002 0.0098728521399511476 0
leaf_weight=4.2214025333523777 24.995895706117157 9.0840866677463108 14.415070310235018 7.6845703572034818 4.1218146756291381 4.6586127057671547
leaf_count=21 197 70 101 59 24 32
internal_value=-0.00043737 0.00184099 0 -0.00203595 0 -0.00649371
internal_weight=69.1815 27.7206 23.4992 41.4609 29.1177 12.3432
internal_count=504 192 171 312 221 91
is_linear=0
shrinkage=0.01


Tree=469
num_leaves=5
num_cat=0
split_feature=16 11 13 10
split_gain=5.72309 4.27008 2.13874 1.27448
threshold=-0.19327909308935973 63.453934917159735 -1.6801700557287484 9.6620357142857589
decision_type=2 2 2 2
left_child=-1 2 -2 -3
right_child=1 3 -4 -5
leaf_value=0.0063737147370791867 0 0.0065076335096473604 -0.0045698745339734746 0
leaf_weight=9.5379325598478299 14.311907239258284 6.0373298749327642 31.821282055228952 4.7217276468873024
leaf_count=52 114 38 252 33
internal_value=-0.000532603 -0.00178815 -0.00314454 0.00364275
internal_weight=66.4302 56.8922 46.1332 10.7591
internal_count=489 437 366 71
is_linear=0
shrinkage=0.01


Tree=470
num_leaves=5
num_cat=0
split_feature=30 30 21 17
split_gain=2.84441 3.93645 2.65711 1.61578
threshold=-0.3819314041129232 -0.18356938358876776 -1.4496099691637745 0.39092905754936569
decision_type=2 2 2 2
left_child=-1 3 -3 -2
right_child=1 2 -4 -5
leaf_value=-0.0058885729647556017 0.0024086883519723865 0.0038240425786295411 -0.0018864606551958197 0.0085620508791225212
leaf_weight=5.331881593912839 15.512244604527952 10.233059030026196 32.034479234367609 7.3313723802566519
leaf_count=45 104 71 240 48
internal_value=0.000718158 0.00134565 -0.000405245 0.00465314
internal_weight=70.443 65.1112 42.2675 22.8436
internal_count=508 463 311 152
is_linear=0
shrinkage=0.01


Tree=471
num_leaves=5
num_cat=0
split_feature=10 12 26 30
split_gain=4.41588 3.68883 3.61213 3.51825
threshold=14.675285714285598 -4.9537976397400589 21.123607142857185 -0.17842498516811137
decision_type=2 2 2 2
left_child=1 3 -3 -1
right_child=-2 2 -4 -5
leaf_value=0.0084135590552901623 0.0058030672472659832 -0.0019762215863439623 -0.0096000410423401142 -0.00073942997883137988
leaf_weight=4.94969289377332 7.9472522139549246 32.814383570104837 7.8742365129292002 16.177802264690399
leaf_count=28 39 256 68 120
internal_value=-0.000906452 -0.00185683 -0.00362308 0.00141113
internal_weight=69.7634 61.8161 40.6886 21.1275
internal_count=511 472 324 148
is_linear=0
shrinkage=0.01


Tree=472
num_leaves=5
num_cat=0
split_feature=22 18 2 18
split_gain=3.07161 2.78943 4.47481 3.41238
threshold=-0.35933621748817834 11.997107142857237 4.8010714285713751 15.107892857142913
decision_type=2 2 2 2
left_child=-1 2 -2 -3
right_child=1 3 -4 -5
leaf_value=0.0063622040407207928 -0.0025879852911870052 -0.0052314956221822372 0.006747326679240803 0.00019988608379251845
leaf_weight=5.7639874890446654 9.2484637945890444 21.055168241262436 9.8181148990988714 22.716754581779242
leaf_count=39 80 165 54 162
internal_value=-0.000258768 -0.000958884 0.00211538 -0.00237453
internal_weight=68.6025 62.8385 19.0666 43.7719
internal_count=500 461 134 327
is_linear=0
shrinkage=0.01


Tree=473
num_leaves=5
num_cat=0
split_feature=37 37 1 18
split_gain=3.10917 5.20555 3.52632 3.27935
threshold=0.54296214464999937 0.69097220489724165 -0.57780992688175781 10.35910714285709
decision_type=2 2 2 2
left_child=-1 3 -3 -2
right_child=1 2 -4 -5
leaf_value=0.0066756899112436477 0.0035875046024020614 -0.0042768570957904782 0.0042813814569295531 -0.004355996946159674
leaf_weight=6.364022370427846 5.4665810465812674 5.210006661713126 24.4045633636415 29.69197029992938
leaf_count=48 36 37 160 231
internal_value=0.000250096 -0.000381565 0.00263012 -0.0030038
internal_weight=71.1371 64.7731 29.6146 35.1586
internal_count=512 464 197 267
is_linear=0
shrinkage=0.01


Tree=474
num_leaves=7
num_cat=0
split_feature=10 6 21 3 10 16
split_gain=2.98648 4.6903 2.97729 2.86449 3.10256 0.31505
threshold=10.669678571428516 0.15955041238143616 -1.0467369688062116 51.832162962704736 14.675285714285598 0.042808559046326029
decision_type=2 2 2 2 2 2
left_child=1 2 -1 4 -2 -5
right_child=3 -3 -4 5 -6 -7
leaf_value=0 -0.0033557675502662223 -0.0068394544815953834 0.0054177337399463456 -0.010069306461198286 0.0056842588432609214 -0.0033239787783182102
leaf_weight=20.403005491942167 10.909400511533027 5.2964167818427077 19.701544735580683 4.1527070850133887 5.1449053138494483 3.7450184300541878
leaf_count=156 89 50 137 34 24 27
internal_value=-4.54191e-06 0.00145624 0.00269643 -0.00286929 -0.000193315 -0.00761633
internal_weight=69.353 45.401 40.1046 23.952 16.0543 7.89773
internal_count=517 343 293 174 113 61
is_linear=0
shrinkage=0.01


Tree=475
num_leaves=5
num_cat=0
split_feature=29 22 19 26
split_gain=3.84574 4.28831 3.25137 3.22682
threshold=-1.5875883370961621 -0.33849659515889663 36.535865267977925 19.905749999999866
decision_type=2 2 2 2
left_child=3 -2 -3 -1
right_child=1 2 -4 -5
leaf_value=0.00016382799221478848 0.006713245488957402 0.00069851096044437188 -0.0043677207129075094 0.011379233584099244
leaf_weight=8.0328257679939252 4.7011836916208258 17.587153170257807 36.782710567116737 3.7252802774310103
leaf_count=59 32 125 279 27
internal_value=-0.000754407 -0.00183461 -0.00268283 0.00428112
internal_weight=70.8292 59.071 54.3699 11.7581
internal_count=522 436 404 86
is_linear=0
shrinkage=0.01


Tree=476
num_leaves=7
num_cat=0
split_feature=37 5 39 37 18 18
split_gain=5.19006 4.00693 3.43032 3.39933 2.93864 1.54196
threshold=0.69317245678337225 -2.6409599502950072 0.70546045461525819 0.66285122634329319 15.158571428571546 12.033392857142873
decision_type=2 2 2 2 2 2
left_child=3 -2 -3 4 -1 -5
right_child=1 2 -4 5 -6 -7
leaf_value=0.0015459618733148059 -0.0048863157583158455 0.0019958130726571493 0.010716951496545278 -0.0011490418387856483 -0.0051472994007219245 -0.010314575282816239
leaf_weight=17.97170298546553 4.7647512257099178 17.983938902616504 6.3390680998563758 3.7391633652150613 9.4467348083853704 6.6117731221020222
leaf_count=129 37 116 37 28 73 63
internal_value=-0.000243611 0.00285453 0.00455966 -0.00271413 -0.000703559 -0.00748561
internal_weight=66.8571 29.0878 24.323 37.7694 27.4184 10.3509
internal_count=483 190 153 293 202 91
is_linear=0
shrinkage=0.01


Tree=477
num_leaves=7
num_cat=0
split_feature=35 2 3 28 0 9
split_gain=3.2147 3.45161 3.05185 2.83903 2.66705 1.69786
threshold=0.52922162270087703 6.9982500000000991 37.211357650375341 -0.66378132279078261 0.035225768725053563 -0.049573859640888292
decision_type=2 2 2 2 2 2
left_child=1 4 -3 5 -1 -2
right_child=3 2 -4 -5 -6 -7
leaf_value=0.00076399027456769397 -0.0048474987754201443 0.0026160056181495301 -0.006053117751536885 -0.010073237282525354 0.0072880109189846698 0.0028819213734753639
leaf_weight=28.725893545895815 5.1676466427743426 5.3355404436588314 11.053325079381464 5.3546076752245417 8.114425376057623 4.8477560840547076
leaf_count=220 42 28 78 52 46 38
internal_value=-0.000500649 0.000622427 -0.00305928 -0.00447618 0.00235966 -0.000861793
internal_weight=68.5992 53.2292 16.3889 15.37 36.8403 10.0154
internal_count=504 372 106 132 266 80
is_linear=0
shrinkage=0.01


Tree=478
num_leaves=7
num_cat=0
split_feature=32 25 33 9 17 1
split_gain=3.92536 3.96591 2.42899 2.1603 6.83352 4.55026
threshold=0.14600848248242151 -0.61392487253249695 0.094072337575955026 0.39337509597414871 0.60218484545658557 0.41173172619809645
decision_type=2 2 2 2 2 2
left_child=1 -1 -3 5 -5 -2
right_child=3 2 -4 4 -6 -7
leaf_value=0.0028897749001769958 0.0019665769970680612 -0.00056811957383518473 -0.0098613362664047577 0.009886851607026223 -0.0022682529293449002 -0.0083676921866245434
leaf_weight=6.3630661740899113 31.434058137238026 5.5747497305273992 7.4609246626496315 10.518023315817119 7.1280397027730933 4.3767123483121386
leaf_count=40 226 42 64 61 54 37
internal_value=0.000620285 -0.003122 -0.00627649 0.00205025 0.00488432 0.000523094
internal_weight=72.8556 19.3987 13.0357 53.4568 17.6461 35.8108
internal_count=524 146 106 378 115 263
is_linear=0
shrinkage=0.01


Tree=479
num_leaves=5
num_cat=0
split_feature=6 18 0 18
split_gain=1.50691 4.19923 2.67538 2.38641
threshold=0.088782383994773548 15.107892857142913 0.060878139199248241 11.269071428571451
decision_type=2 2 2 2
left_child=2 -2 3 -1
right_child=1 -3 -4 -5
leaf_value=0.0041087480984459144 -0.0080870642566675602 0.0024848111459083153 0.0059880005645440619 -0.0012891548851143653
leaf_weight=9.7895116060972196 7.1197155117988569 6.4572470895946026 7.7615936771035186 38.953632973134518
leaf_count=74 67 43 39 286
internal_value=0 -0.00293626 0.000717232 -0.000113413
internal_weight=70.0817 13.577 56.5047 48.7431
internal_count=509 110 399 360
is_linear=0
shrinkage=0.01


Tree=480
num_leaves=7
num_cat=0
split_feature=13 30 28 35 12 8
split_gain=2.82396 3.7325 4.69811 4.59243 3.10036 2.21753
threshold=-1.3213197489883426 -0.16744910220235798 -6.7534516035448169 0.15874981276995501 2.8263870234868596 -0.019327407604845959
decision_type=2 2 2 2 2 2
left_child=4 3 -3 -2 5 -1
right_child=1 2 -4 -5 -6 -7
leaf_value=-0.0037354258531759788 0.0090757161862195165 -0.010252097087687173 -0.00050247130756641374 -0.001736011771193878 0.0078558312654861025 0.0027418656787100743
leaf_weight=7.6166262440383496 5.2634241878986385 8.0807807743549365 13.460533525794743 11.101138286292551 7.2366691492497912 14.229479718953369
leaf_count=67 29 67 100 78 43 105
internal_value=3.00331e-05 -0.00171376 -0.00444555 0.00172951 0.00239481 0.000316261
internal_weight=66.9887 37.9059 21.5413 16.3646 29.0828 21.8461
internal_count=489 274 167 107 215 172
is_linear=0
shrinkage=0.01


Tree=481
num_leaves=5
num_cat=0
split_feature=0 0 26 38
split_gain=2.87889 4.00133 3.26 2.20556
threshold=0.060878139199248241 -0.0036407702330356309 19.701892857142905 0.59618466606039866
decision_type=2 2 2 2
left_child=1 3 -3 -1
right_child=-2 2 -4 -5
leaf_value=0.0058366373810866583 0.0055628987063781324 -0.0063012900789679869 0.00043284713197488245 0.00016249913885380048
leaf_weight=9.5665696375071985 9.0621355772018415 14.774169374257328 12.004080731421707 25.270436093211174
leaf_count=57 51 138 96 172
internal_value=0.000439763 -0.000304145 -0.00321995 0.00186611
internal_weight=70.6774 61.6153 26.7783 34.837
internal_count=514 463 234 229
is_linear=0
shrinkage=0.01


Tree=482
num_leaves=6
num_cat=0
split_feature=8 11 4 4 28
split_gain=4.43407 4.52968 2.93692 2.56329 3.30969
threshold=0.030322173686414388 44.093803126511496 0.33239796581028719 -5.9904138731812955 2.368325244628068
decision_type=2 2 2 2 2
left_child=3 -2 -3 -1 -5
right_child=1 2 -4 4 -6
leaf_value=0.002425151450945151 -0.0041751923192438044 0.010207276907904848 0.0015238981813146179 -0.0059952362614710177 0.00040978337586962551
leaf_weight=6.2471953183412543 7.2222460657358196 6.2364936582744148 12.268853541463612 25.790594510734081 10.333859048783777
leaf_count=35 51 38 82 220 75
internal_value=-0.00104721 0.00213431 0.00479969 -0.00305134 -0.00410051
internal_weight=68.0992 25.7276 18.5053 42.3716 36.1245
internal_count=501 171 120 330 295
is_linear=0
shrinkage=0.01


Tree=483
num_leaves=7
num_cat=0
split_feature=37 27 12 32 27 13
split_gain=4.87276 4.64029 3.83896 3.7221 2.5005 2.01675
threshold=0.69423132311716185 62.870117226179239 1.1705167697746222 0.058038310979093739 42.088369574651423 -1.3048169377820462
decision_type=2 2 2 2 2 2
left_child=1 3 4 -1 -2 -4
right_child=2 -3 5 -5 -6 -7
leaf_value=0.0024132971567731461 0.0030441377820867995 0.004212462482305241 0.012084122057569646 -0.0058067517295063431 -0.0048243027641126828 0.0024513097350423278
leaf_weight=6.0757179446518412 9.515814237296583 7.5886214822530738 4.9736216813325882 25.972055394202471 6.2558773681521407 5.768491216003893
leaf_count=46 60 50 29 218 55 35
internal_value=-0.000185557 -0.00243606 0.00305055 -0.00414306 0 0.00751726
internal_weight=66.1502 39.6364 26.5138 32.0478 15.7717 10.7421
internal_count=493 314 179 264 115 64
is_linear=0
shrinkage=0.01


Tree=484
num_leaves=7
num_cat=0
split_feature=26 11 38 17 17 25
split_gain=4.64475 3.59847 6.25982 2.09412 3.8293 2.72234
threshold=19.966321428571458 40.262214600516579 0.67327645264933489 -0.52765479724350917 -0.74582321260949891 0.072962577078281785
decision_type=2 2 2 2 2 2
left_child=3 -2 -3 4 -1 -5
right_child=1 2 -4 5 -6 -7
leaf_value=-0.0043324730196108779 -0.0022567299875081246 0.0012594489389130337 0.012667214260749798 -0.0071295264482946208 0.0071784734190327723 -0.00058582895693851057
leaf_weight=4.8514141738414764 7.9718609936535385 15.270523309707643 7.1369004175066939 11.507664404809477 5.4866077527403814 16.123939644545317
leaf_count=37 56 104 43 97 34 123
internal_value=0.000231286 0.00315686 0.00522103 -0.00204208 0.00154916 -0.00349599
internal_weight=68.3489 30.3793 22.4074 37.9696 10.338 27.6316
internal_count=494 203 147 291 71 220
is_linear=0
shrinkage=0.01


Tree=485
num_leaves=5
num_cat=0
split_feature=14 14 25 14
split_gain=3.90404 5.27087 2.22389 1.91853
threshold=0.16400974362987705 0.088350874563830659 -0.61392487253249695 0.28102860012180036
decision_type=2 2 2 2
left_child=1 2 -1 -2
right_child=3 -3 -4 -5
leaf_value=0.0049414145948816239 -0.0099178203106087444 0.009160457491468257 -0.00050594057918038515 0
leaf_weight=8.4973998218774778 4.1041819229722014 7.6440621688961974 41.538699477910995 3.7555501982569695
leaf_count=52 36 48 320 27
internal_value=0.000728057 0.00168088 0.000399532 -0.0055879
internal_weight=65.5399 57.6802 50.0361 7.85973
internal_count=483 420 372 63
is_linear=0
shrinkage=0.01


Tree=486
num_leaves=8
num_cat=0
split_feature=20 38 10 38 21 21 10
split_gain=2.98498 5.12633 4.68137 3.76895 3.6436 2.96611 2.53716
threshold=-6.4043763865302017 0.69484934203513704 12.148892857142853 0.65364165905224325 -1.2743268204386127 -1.1883230288627835 14.675285714285598
decision_type=2 2 2 2 2 2 2
left_child=2 3 4 -2 -1 -3 -4
right_child=1 5 6 -5 -6 -7 -8
leaf_value=0 -0.0019086345558750181 0.0078837319064467542 -0.0054561083138305712 -0.010924798883029668 0.010101293994649617 -0.00089533114190426609 0.0033166436757017543
leaf_weight=4.9606608152389517 18.604346744716171 6.0948557183146477 7.3822547234594804 6.4221454188227645 8.9614332504570502 7.8042306900024396 4.8167064785957336
leaf_count=41 149 37 63 52 60 55 24
internal_value=0 -0.00178892 0.00254427 -0.0045085 0.00645565 0.00288609 -0.00176178
internal_weight=65.0466 38.9256 26.1211 25.0265 13.9221 13.8991 12.199
internal_count=481 293 188 201 101 92 87
is_linear=0
shrinkage=0.01


Tree=487
num_leaves=6
num_cat=0
split_feature=12 30 30 12 9
split_gain=5.02072 4.67331 5.55505 4.58732 3.93042
threshold=-4.9537976397400589 -0.18356938358876776 -0.0027583018476014108 -3.6417547760511293 0.70720935695740594
decision_type=2 2 2 2 2
left_child=1 -1 -3 -2 -5
right_child=3 2 -4 4 -6
leaf_value=0.012144864873491113 -0.010301028538316255 -0.0028813300553379023 0.0082043109008029264 0.00076889911802993085 -0.0085408198992195112
leaf_weight=5.291991729289296 4.647570837289094 10.577383209019903 6.953649036586282 39.027070134878159 4.599889561533927
leaf_count=30 43 82 40 282 40
internal_value=0.000424417 0.00426949 0.00145496 -0.00135706 -0.000230356
internal_weight=71.0976 22.823 17.531 48.2745 43.627
internal_count=517 152 122 365 322
is_linear=0
shrinkage=0.01


Tree=488
num_leaves=6
num_cat=0
split_feature=17 16 16 27 5
split_gain=5.29459 5.54471 4.36256 2.13425 1.74996
threshold=0.63681629046828381 0.031558739630848702 -0.19327909308935973 52.639744254208146 -1.8091429139058182
decision_type=2 2 2 2 2
left_child=1 2 -1 -3 -2
right_child=4 3 -4 -5 -6
leaf_value=0.0045344358218771912 -0.0014622905325729152 0.0020636596190180705 -0.0028393005484146439 0.0096862141930362088 -0.01064065672048552
leaf_weight=10.045865222811694 4.9830526076257229 9.9291722439229506 31.381067462265495 7.4281950294971457 5.1171001046895963
leaf_count=55 39 62 263 42 40
internal_value=-0.000132182 0.000988728 -0.000946895 0.00567365 -0.00667797
internal_weight=68.8845 58.7843 41.4269 17.3574 10.1002
internal_count=501 422 318 104 79
is_linear=0
shrinkage=0.01


Tree=489
num_leaves=5
num_cat=0
split_feature=10 10 38 5
split_gain=3.51048 5.8104 3.08958 3.5497
threshold=12.148892857142853 14.675285714285598 0.7382567330193931 -2.2186882406435133
decision_type=2 2 2 2
left_child=2 -2 3 -1
right_child=1 -3 -4 -5
leaf_value=-0.0035413931244524023 -0.0086577808057246679 0.0024581664525556912 0.0085196960249184911 0.0023458672040083694
leaf_weight=13.964763704687355 9.8274863399565238 7.7234801128506652 5.0695782825350753 33.514772363007069
leaf_count=116 85 37 32 234
internal_value=9.66204e-05 -0.00366731 0.00143301 0.000532909
internal_weight=70.1001 17.551 52.5491 47.4795
internal_count=504 122 382 350
is_linear=0
shrinkage=0.01


Tree=490
num_leaves=7
num_cat=0
split_feature=0 4 20 39 9 10
split_gain=3.979 4.15431 4.40352 2.6268 2.32138 1.67431
threshold=0.0062866346174843771 2.8130100612829669 1.0460781715478336 0.65566517402765478 0.50752697685700121 8.5203571428572964
decision_type=2 2 2 2 2 2
left_child=1 2 -1 4 -2 -5
right_child=3 -3 -4 5 -6 -7
leaf_value=0.00035571571817734099 -0.0034549538933627789 -0.0054970843227102459 0.0076256500305340027 -0.00065131820454885194 0.0050090813195746891 -0.0084143008660627662
leaf_weight=22.669369522482157 6.4238293208181876 5.7150022014975539 13.656937535852192 5.3364413715898982 5.4883080758154392 8.9150103628635389
leaf_count=175 53 37 91 38 35 75
internal_value=0 0.00192832 0.00323675 -0.00299838 0.000247694 -0.00583143
internal_weight=68.2049 42.0413 36.3263 26.1636 11.9121 14.2515
internal_count=504 303 266 201 88 113
is_linear=0
shrinkage=0.01


Tree=491
num_leaves=7
num_cat=0
split_feature=14 37 37 5 22 35
split_gain=3.92308 4.4203 5.11371 2.80972 4.30322 3.31959
threshold=-0.062499464789390079 0.60677793366426147 0.68041784541143824 -1.505349789145433 0.10144131162143426 0.34922388372154933
decision_type=2 2 2 2 2 2
left_child=1 -1 -3 5 -5 -2
right_child=3 2 -4 4 -6 -7
leaf_value=0.0090902736522789143 -0.0091949201098894904 -0.0066482983592790383 0.0024362576966412679 -0.0033084152027976982 0.0078749710268555227 0
leaf_weight=6.0272174291312686 10.491741996258499 7.9281689785420921 22.893294960260391 11.226903356611727 4.3691923096776 6.2422410137951365
leaf_count=38 96 63 149 87 26 49
internal_value=-0.000554297 0.00161434 0 -0.00310435 0 -0.0058874
internal_weight=69.1788 36.8487 30.8215 32.3301 15.5961 16.734
internal_count=508 250 212 258 113 145
is_linear=0
shrinkage=0.01


Tree=492
num_leaves=6
num_cat=0
split_feature=1 0 18 1 39
split_gain=2.95532 4.82155 4.18419 2.72206 3.55464
threshold=-0.22307290963457391 0.060878139199248241 14.215857142857205 -0.48259860498820922 0.70455645766079011
decision_type=2 2 2 2 2
left_child=3 2 -2 4 -1
right_child=1 -3 -4 -5 -6
leaf_value=-0.003136849747240174 -0.0067431307237602904 0.0043830886223005933 0.00036418782497888498 0.0066002451737500476 0.006634028923060589
leaf_weight=10.749262142926456 17.041633151471618 9.6590601876378042 14.17175033316016 10.393349848687647 5.0617309734225264
leaf_count=77 155 54 118 60 33
internal_value=0.000119775 -0.00150859 -0.00346675 0.00275267 0
internal_weight=67.0768 40.8724 31.2134 26.2043 15.811
internal_count=497 327 273 170 110
is_linear=0
shrinkage=0.01


Tree=493
num_leaves=7
num_cat=0
split_feature=13 21 18 27 3 3
split_gain=4.02336 4.04795 3.4183 3.77445 3.30834 2.15057
threshold=-1.2597762744756309 -0.71368344430098773 11.207499999999984 30.827078578005722 47.937143922371369 43.058555463353109
decision_type=2 2 2 2 2 2
left_child=1 4 5 -4 -1 -2
right_child=2 -3 3 -5 -6 -7
leaf_value=0.0046764881418576544 -0.001257442745814131 0.0091270604993952224 0.0027800989515440471 -0.0060305846066263007 -0.0025712024721490779 0.0079966438412591122
leaf_weight=10.919943585991865 4.3493885807692987 7.2035579569637767 5.5203494019806412 20.039971418678761 13.187414988875387 4.0541096031665802
leaf_count=80 37 49 37 156 104 25
internal_value=0.00017806 0.00278279 -0.0021417 -0.00399576 0.000618194 0.00306843
internal_weight=65.2747 31.3109 33.9638 25.5603 24.1074 8.4035
internal_count=488 233 255 193 184 62
is_linear=0
shrinkage=0.01


Tree=494
num_leaves=7
num_cat=0
split_feature=3 5 8 14 25 5
split_gain=4.0402 3.894 3.03256 2.94214 2.70803 1.93995
threshold=43.880163336646696 -1.3234723191702737 -0.049444167550712723 -0.093713156711718412 0.74890185412013655 0.19248553452888281
decision_type=2 2 2 2 2 2
left_child=1 3 -3 -1 5 -2
right_child=4 2 -4 -5 -6 -7
leaf_value=0.002503751300010606 -0.0045700254059091276 0.0010272960478593621 0.010763015195778316 -0.0058649427755779063 0.0040960041091085584 0.0022333458924460961
leaf_weight=8.8637201711535436 29.511074434965849 7.4665097817778587 6.564241658896206 6.8421962298452881 4.4163757003843775 3.9305412992835036
leaf_count=60 237 41 45 62 34 24
internal_value=-0.000448193 0.00223568 0.0060022 -0.00102537 -0.00263619 -0.00366089
internal_weight=67.5947 29.7367 14.0308 15.7059 37.858 33.4416
internal_count=503 208 86 122 295 261
is_linear=0
shrinkage=0.01


Tree=495
num_leaves=8
num_cat=0
split_feature=6 3 9 4 18 18 3
split_gain=3.13482 5.02929 2.98598 2.41137 6.212 4.41767 2.21143
threshold=-0.1443615775154265 37.152759075312652 0.61178447055804419 0.77737177341168728 15.555821428571369 13.982392857142942 32.284947398087191
decision_type=2 2 2 2 2 2 2
left_child=3 6 -3 4 -1 -5 -2
right_child=1 2 -4 5 -6 -7 -8
leaf_value=-0.0035752786333094551 0 -0.0016390154741335605 -0.0094571802640693002 0.012304416088919473 0.0090493664459819611 0 0.0076445513969421036
leaf_weight=11.196603439748293 7.6938442327082139 21.703945685178045 6.5397624224424353 5.7163484096527082 5.3024137467145911 4.8001035898923874 6.3038579113781452
leaf_count=85 60 173 56 30 28 36 38
internal_value=0.000422503 -0.00122571 -0.00368668 0.00308412 0.000452353 0.00673278 0.00348886
internal_weight=69.2569 42.2414 28.2437 27.0155 16.499 10.5165 13.9977
internal_count=506 327 229 179 113 66 98
is_linear=0
shrinkage=0.01


Tree=496
num_leaves=5
num_cat=0
split_feature=36 36 8 18
split_gain=2.36964 2.7164 3.59952 1.43252
threshold=0.60268092668828721 0.63718316684530263 0.12638194688142321 12.49496428571427
decision_type=2 2 2 2
left_child=3 -2 -3 -1
right_child=1 2 -4 -5
leaf_value=0 0.0061652773917745046 0.00040839206024379724 -0.0075908618745505179 -0.0085715837845507011
leaf_weight=4.1197353228926641 6.4129740558564654 47.129899114370346 5.8205784633755675 4.8234643153846264
leaf_count=42 42 324 47 45
internal_value=-0.000454717 0.000235426 -0.000477582 -0.00512337
internal_weight=68.3067 59.3635 52.9505 8.9432
internal_count=500 413 371 87
is_linear=0
shrinkage=0.01


Tree=497
num_leaves=5
num_cat=0
split_feature=31 26 14 24
split_gain=3.80069 2.54687 3.88015 2.48298
threshold=-1.0000000180025095e-35 16.357642857143027 -0.00017818676775924785 -0.014366308187889499
decision_type=2 2 2 2
left_child=-1 2 -2 -3
right_child=1 3 -4 -5
leaf_value=-0.0065198944525940838 0.012949423896661023 -0.0013813349825702525 -0.00015531732119897207 0.002864010214861764
leaf_weight=5.650761801749467 4.1487948931753635 25.246314715594053 3.5238928832113734 27.975878588855267
leaf_count=48 26 177 35 198
internal_value=0.000886901 0.00167058 0.00692235 0.000800245
internal_weight=66.5456 60.8949 7.67269 53.2222
internal_count=484 436 61 375
is_linear=0
shrinkage=0.01


Tree=498
num_leaves=5
num_cat=0
split_feature=30 1 6 6
split_gain=3.34889 2.47454 3.86868 2.69711
threshold=-0.36612762882667194 -0.15459087774089719 0.079890333590929993 -0.10231841012024763
decision_type=2 2 2 2
left_child=-1 3 -3 -2
right_child=1 2 -4 -5
leaf_value=-0.0061928319503529831 0 0.0012015486828336069 -0.0074360304008566263 0.0062222228750341627
leaf_weight=5.7013348229229441 13.554668843746187 26.155451614409685 5.8868733793497077 16.183354698121548
leaf_count=48 81 202 54 103
internal_value=0.000732367 0.00146421 -0.000383045 0.00352723
internal_weight=67.4817 61.7803 32.0423 29.738
internal_count=488 440 256 184
is_linear=0
shrinkage=0.01


Tree=499
num_leaves=5
num_cat=0
split_feature=14 16 14 29
split_gain=2.80597 3.01406 3.73028 2.59162
threshold=-0.47162698353429328 -0.17007244670005453 0.14511143873895796 -0.84659376931034058
decision_type=2 2 2 2
left_child=-1 3 -3 -2
right_child=1 2 -4 -5
leaf_value=0.0079537274579530356 0.0095116000861851634 0.00027440492110299359 -0.0077870636414222177 0
leaf_weight=4.8752784579992285 5.4578597173094749 41.366217188537121 6.0606202371418467 6.5544411763548833
leaf_count=24 29 330 53 36
internal_value=0.00100792 0.000326569 -0.000763657 0.00472926
internal_weight=64.3144 59.4391 47.4268 12.0123
internal_count=472 448 383 65
is_linear=0
shrinkage=0.01


end of trees

feature_importances:
H1_Macro1_Corr=141
M15_Macro1_Corr=134
M5_Ret_1=111
M15_ATR_14=99
M5_OU_Theta=87
M5_Body_Ratio=86
M5_Macro1_Corr=86
M30_Ret_1=80
M30_Body_Ratio=78
M30_Vol_ZScore=75
M5_Vol_ZScore=71
M15_Ret_1=71
M30_ATR_14=71
H1_ATR_14=70
M15_Body_Ratio=65
M15_Hurst=65
M15_Vol_ZScore=62
M5_RSI_14=59
M5_ATR_14=56
H1_Ret_1=54
M15_OU_Theta=54
H1_Vol_ZScore=52
M15_MACD=50
M5_Hurst=50
M5_MACD=47
M30_Hurst=47
M30_Macro1_Corr=45
H1_MACD=45
M30_OU_Theta=43
H1_RSI_14=42
M30_RSI_14=41
M15_RSI_14=39
M30_MACD=35
H1_OU_Theta=34
H1_Body_Ratio=31
H1_Hurst=28
M30_Price_ZScore=2
H1_Price_ZScore=2
M5_Price_ZScore=1

parameters:
[boosting: gbdt]
[objective: binary]
[metric: auc]
[tree_learner: serial]
[device_type: cpu]
[data_sample_strategy: bagging]
[data: ]
[valid: ]
[num_iterations: 500]
[learning_rate: 0.01]
[num_leaves: 10]
[num_threads: 0]
[seed: 42]
[deterministic: 0]
[force_col_wise: 0]
[force_row_wise: 0]
[histogram_pool_size: -1]
[max_depth: 3]
[min_data_in_leaf: 30]
[min_sum_hessian_in_leaf: 0.001]
[bagging_fraction: 0.7]
[pos_bagging_fraction: 1]
[neg_bagging_fraction: 1]
[bagging_freq: 1]
[bagging_seed: 42]
[bagging_by_query: 0]
[feature_fraction: 0.4]
[feature_fraction_bynode: 1]
[feature_fraction_seed: 42]
[extra_trees: 0]
[extra_seed: 12879]
[early_stopping_round: 50]
[early_stopping_min_delta: 0]
[first_metric_only: 0]
[max_delta_step: 0]
[lambda_l1: 0.3]
[lambda_l2: 0.5]
[linear_lambda: 0]
[min_gain_to_split: 0.3]
[drop_rate: 0.1]
[max_drop: 50]
[skip_drop: 0.5]
[xgboost_dart_mode: 0]
[uniform_drop: 0]
[drop_seed: 17869]
[top_rate: 0.2]
[other_rate: 0.1]
[min_data_per_group: 100]
[max_cat_threshold: 32]
[cat_l2: 10]
[cat_smooth: 10]
[max_cat_to_onehot: 4]
[top_k: 20]
[monotone_constraints: ]
[monotone_constraints_method: basic]
[monotone_penalty: 0]
[feature_contri: ]
[forcedsplits_filename: ]
[refit_decay_rate: 0.9]
[cegb_tradeoff: 1]
[cegb_penalty_split: 0]
[cegb_penalty_feature_lazy: ]
[cegb_penalty_feature_coupled: ]
[path_smooth: 0]
[interaction_constraints: ]
[verbosity: -1]
[saved_feature_importance_type: 0]
[use_quantized_grad: 0]
[num_grad_quant_bins: 4]
[quant_train_renew_leaf: 0]
[stochastic_rounding: 1]
[linear_tree: 0]
[max_bin: 255]
[max_bin_by_feature: ]
[min_data_in_bin: 3]
[bin_construct_sample_cnt: 200000]
[data_random_seed: 175]
[is_enable_sparse: 1]
[enable_bundle: 1]
[use_missing: 1]
[zero_as_missing: 0]
[feature_pre_filter: 1]
[pre_partition: 0]
[two_round: 0]
[header: 0]
[label_column: ]
[weight_column: ]
[group_column: ]
[ignore_column: ]
[categorical_feature: ]
[forcedbins_filename: ]
[precise_float_parser: 0]
[parser_config_file: ]
[objective_seed: 16083]
[num_class: 1]
[is_unbalance: 0]
[scale_pos_weight: 1]
[sigmoid: 1]
[boost_from_average: 1]
[reg_sqrt: 0]
[alpha: 0.9]
[fair_c: 1]
[poisson_max_delta_step: 0.7]
[tweedie_variance_power: 1.5]
[lambdarank_truncation_level: 30]
[lambdarank_norm: 1]
[label_gain: ]
[lambdarank_position_bias_regularization: 0]
[eval_at: ]
[multi_error_top_k: 1]
[auc_mu_weights: ]
[num_machines: 1]
[local_listen_port: 12400]
[time_out: 120]
[machine_list_filename: ]
[machines: ]
[gpu_platform_id: -1]
[gpu_device_id: -1]
[gpu_use_dp: 0]
[num_gpu: 1]

end of parameters

pandas_categorical:null
