tree
version=v4
num_class=3
num_tree_per_iteration=3
label_index=0
max_feature_idx=36
objective=multiclass num_class:3
feature_names=Column_0 Column_1 Column_2 Column_3 Column_4 Column_5 Column_6 Column_7 Column_8 Column_9 Column_10 Column_11 Column_12 Column_13 Column_14 Column_15 Column_16 Column_17 Column_18 Column_19 Column_20 Column_21 Column_22 Column_23 Column_24 Column_25 Column_26 Column_27 Column_28 Column_29 Column_30 Column_31 Column_32 Column_33 Column_34 Column_35 Column_36
feature_infos=[-13.986119270324707:12.311240196228027] [-0.92213797569274902:0.86255699396133423] [2334.031494140625:4728.697265625] [15.833520889282227:69.849876403808594] [-5873.50048828125:1539.5223388671875] none [0.02222600020468235:0.22283299267292023] [15.128155708312988:58.266666412353516] [-15.919281005859375:8.39447021484375] [0.26976498961448669:0.55751800537109375] [-26.852569580078125:18.72735595703125] [-1:1] none [-1.2582850456237793:0.98352199792861938] [-0.98352199792861938:1.2582850456237793] [-1:1] [-0.97492802143096924:0.97492802143096924] [-0.90096902847290039:1] [0:0.96774202585220337] [0:1] [-13.986119270324707:12.311240196228027] [0:0.98439997434616089] [-20.144699096679688:10.364812850952148] [-34.253673553466797:16.88249397277832] none [7.1071350248530507e-05:0.019905319437384605] [0.98096048831939697:1.0152201652526855] [0.018428988754749298:0.038969609886407852] [-1:1] [0.0080000003799796104:5.9549999237060547] [-0.24416214227676392:0.5319100022315979] [-0.15586920082569122:0.23008787631988525] [-0.12596997618675232:0.11683930456638336] [0:18.420680999755859] [0.41025948524475098:0.76311242580413818] [12.019372940063477:21.328010559082031] [-0.036423657089471817:0.039510279893875122]
tree_sizes=3236 2803 3106 3104 3209 3314 3090 2802 3096 2862 3126 2177 3210 3431 3005 3233 3107 2435 3398 3417 3246 3233 3206 3104 3390 3223 2480 3232 3219 2472 3015 3134 3209 3186 3115 3437 3107 3120 2374 3194 3252 2908 3128 3312 2909 3194 2814 3222 3398 3187 2072 2977 2986 3211 3346 3041 2746 3102 3436 2349 3342 3014 2377 3030 2465 3342 3109 3325 2914 3239 3026 2985 2267 3206 2569 3246 3001 2579 3126 3246 2448 3330 2697 2607 3104 3132 2379 3107 3356 2792 3409 3112 3024 2900 3431 2484 2688 3146 2356 2917 3350 2914

Tree=0
num_leaves=30
num_cat=0
split_feature=0 9 0 27 13 10 0 10 27 0 32 27 0 28 35 27 25 32 25 10 35 25 34 27 36 16 26 9 36
split_gain=224.135 36.8815 32.6242 33.5682 28.8273 16.8371 15.5567 16.614 15.7432 12.5041 11.5546 11.3178 11.4354 8.68987 8.09667 7.60213 7.54423 7.24444 7.07476 6.22481 6.22265 6.01903 5.67321 5.70711 3.92215 0.484633 0.370506 0.414136 0.156467
threshold=0.30329549312591558 0.40329450368881231 -1.0804669857025144 0.026672904379665855 0.28334850072860723 -13.37386894226074 4.5194206237792978 6.5029668807983407 0.019750763662159446 -1.8972054719924925 -1.0000000180025095e-35 0.026829344220459465 -0.73244249820709217 0.72395557165145885 13.358062744140627 0.027024132199585441 0.002862373949028552 0.015427603852003815 0.0023986618034541611 -1.2148234844207761 13.883799552917482 0.0012616789317689838 0.67446953058242809 0.025240996852517131 0.00082471009227447223 0.87837952375411998 0.99919012188911449 0.4505975097417832 -0.0015346452710218725
decision_type=2 2 2 2 2 2 2 2 2 2 2 2 2 2 2 2 2 2 2 2 2 2 2 2 2 2 2 2 2
left_child=1 2 3 16 6 24 7 8 -2 26 22 19 -13 17 -7 -5 -1 -12 28 -11 -20 -9 25 -24 -4 -6 27 -3 -8
right_child=4 9 5 15 10 14 18 21 -10 11 13 12 -14 -15 -16 -17 -18 -19 20 -21 -22 -23 23 -25 -26 -27 -28 -29 -30
leaf_value=-1.1184812069027887 -1.0980737370106326 -1.1250322837782012 -1.1233485093098476 -1.0827915714095699 -1.0785904756314146 -1.0759444387537556 -1.0708078667263869 -1.0774963291465427 -1.0786317082930537 -1.1212288875665131 -1.1132724093799808 -1.1033653069646148 -1.0473138380187954 -1.0749029335811653 -1.0948809124424526 -1.1036358800387656 -1.1044059520870122 -1.0880080471103242 -1.0679206928089844 -1.109933698798921 -1.097361980175168 -1.1062266991214398 -1.0835558746717449 -1.1228555368566477 -1.1007004125839417 -1.0517292937024818 -1.1275978857468967 -1.1146263404127308 -1.0493539626662516
leaf_weight=187.58218172192574 43.703498840332031 18.717051863670349 21.080344706773758 37.759635955095291 4.0976966321468371 22.578968405723572 5.0286283195018795 7.5048035979270926 312.42476600408554 75.557726442813873 53.629935324192047 11.096720248460768 3.9819571971893302 7.1182857453823081 196.22959470748901 25.570938885211945 44.906653165817261 11.783625096082686 23.956462919712067 123.09866228699684 9.7264332473278028 34.591751039028168 14.546811580657961 3.6690222322940818 11.594464898109434 4.2393598258495331 67.32063090801239 17.23102542757988 18.227391839027405
leaf_count=601 134 62 71 101 11 60 13 20 844 256 178 35 8 19 576 80 136 33 60 395 31 114 40 13 36 9 228 55 40
internal_value=-1.09898 -1.10854 -1.10379 -1.11054 -1.08411 -1.09588 -1.08092 -1.0831 -1.08099 -1.11669 -1.09868 -1.1124 -1.08797 -1.10497 -1.09284 -1.09132 -1.11582 -1.10854 -1.06612 -1.11432 -1.07602 -1.10071 -1.08203 -1.09239 -1.11574 -1.06203 -1.12536 -1.12058 -1.05293
internal_weight=1418.56 864.307 547.303 295.819 554.248 251.483 455.164 398.225 356.128 317.004 99.0847 213.735 15.0787 72.5318 218.809 63.3306 232.489 65.4136 56.9389 198.656 33.6829 42.0966 26.5529 18.2158 32.6748 8.33706 103.269 35.9481 23.256
internal_count=4259 2700 1661 918 1559 743 1256 1112 978 1039 303 694 43 230 636 181 737 211 144 651 91 134 73 53 107 20 345 117 53
is_linear=0
shrinkage=1


Tree=1
num_leaves=26
num_cat=0
split_feature=1 1 1 13 29 2 35 0 3 35 29 33 21 35 35 26 35 30 8 35 9 29 35 26 26
split_gain=235.664 46.9818 38.4284 14.558 12.7066 17.7699 10.5613 13.2278 9.81537 8.74115 8.46126 8.41447 8.03384 8.49945 7.99174 7.01925 6.58777 5.25426 4.99451 7.69173 4.26573 4.04643 2.00424 1.17099 1.03018
threshold=-0.25575350224971766 0.63102951645851146 -0.69541749358177174 -0.11044700071215628 0.29950000345706945 3064.6264648437505 20.316899299621586 -0.20288850367069242 43.549821853637702 12.835838317871096 0.17150000482797625 0.083941992372274413 0.14840000122785571 14.014027118682863 12.507444858551027 0.99946019053459179 13.011673927307131 0.00095200026407837879 -0.61881399154663075 13.72173595428467 0.34642449021339422 0.48350000381469732 20.970647811889652 0.99842724204063427 1.0001036524772646
decision_type=2 2 2 2 2 2 2 2 2 2 2 2 2 2 2 2 2 2 2 2 2 2 2 2 2
left_child=2 3 9 10 5 8 11 -8 -4 14 15 -5 17 -14 -1 -2 -7 -6 22 -20 23 -12 -11 -3 -25
right_child=1 20 4 6 12 16 7 -9 -10 18 21 -13 13 -15 -16 -17 -18 -19 19 -21 -22 -23 -24 24 -26
leaf_value=-1.0625160058850234 -1.1078185346272151 -1.1012720645539458 -1.0745285597086129 -1.0982953511632725 -1.0946334684688566 -1.0936889769090097 -1.0713654287612417 -1.1012509941157478 -1.0964763675468152 -1.0558154214678475 -1.093262520216296 -1.1090843439951761 -1.0979904317230613 -1.082719985913271 -1.1132748587308086 -1.0623195496279154 -1.0718423747720915 -1.1194541190143186 -1.1067306459375166 -1.0685471810135103 -1.1269690258057574 -1.1077249471765582 -1.0873224064358948 -1.120833579396227 -1.1138226471187669
leaf_weight=3.9747496843337995 3.4412281811237326 5.677061438560485 23.720584243535995 75.204843431711197 14.173831641674044 15.436414539813994 14.7897991836071 102.04407921433449 80.838254809379578 48.541959166526794 66.06597051024437 414.72192943096161 64.042072057723999 69.716227203607559 6.7325957119464874 11.829255044460295 110.87699541449547 14.77663481235504 4.5695175230503073 57.972355931997299 67.006399601697922 22.845396310091019 3.1542169749736777 58.461920976638794 57.940736025571823
leaf_count=12 11 18 79 221 48 44 49 307 256 154 199 1206 200 229 17 38 349 48 17 179 183 67 11 158 159
internal_value=-1.09798 -1.10725 -1.08187 -1.10369 -1.08654 -1.082 -1.10548 -1.09744 -1.09132 -1.06735 -1.0934 -1.10741 -1.09307 -1.08993 -1.09447 -1.07311 -1.07441 -1.10714 -1.06492 -1.07152 -1.12054 -1.09711 -1.05744 -1.11683 -1.1175
internal_weight=1418.56 900.029 518.526 710.943 393.581 230.872 606.761 116.834 104.559 124.945 104.182 489.927 162.709 133.758 10.7073 15.2705 126.313 28.9505 114.238 62.5419 189.086 88.9114 51.6962 122.08 116.403
internal_count=4259 2616 1643 2098 1253 728 1783 356 335 390 315 1427 525 429 29 49 393 96 361 196 518 266 165 335 317
is_linear=0
shrinkage=1


Tree=2
num_leaves=29
num_cat=0
split_feature=9 17 1 29 17 9 7 7 33 0 8 0 27 34 27 30 6 29 29 2 27 27 35 33 27 26 29 27
split_gain=33.2258 16.6648 16.1988 16.7155 10.288 11.6768 9.80698 9.35275 8.88207 8.0072 7.2109 5.68508 5.68348 5.55772 4.91267 4.24133 4.03117 3.83859 3.49532 3.35239 8.1827 3.96798 3.14774 3.05366 2.56833 1.73091 0.51913 0.333788
threshold=0.34812349081039434 0.81174498796463024 -0.47741100192070002 0.25550000369548803 1.0000000180025095e-35 0.4505975097417832 53.926776885986335 22.169844627380375 0.49841429293155676 4.5194206237792978 2.4334089756011967 -0.73244249820709217 0.02051569148898125 0.68539175391197216 0.026049758307635788 0.046549275517463691 0.067668996751308455 0.38650000095367437 0.22850000113248828 3775.824340820313 0.026541286148130897 0.019943543709814552 13.283384323120119 0.91572123765945446 0.019777086563408378 0.999406397342682 0.26749999821186071 0.026358468458056453
decision_type=2 2 2 2 2 2 2 2 2 2 2 2 2 2 2 2 2 2 2 2 2 2 2 2 2 2 2 2
left_child=2 4 19 7 5 6 -2 12 -7 10 -5 23 -4 14 18 17 -9 -15 -3 21 27 24 -13 -6 -1 -11 -23 -21
right_child=1 13 3 9 11 8 -8 16 -10 25 -12 22 -14 15 -16 -17 -18 -19 -20 20 -22 26 -24 -25 -26 -27 -28 -29
leaf_value=-1.1130426629451373 -1.0970781485191703 -1.0839128510207188 -1.1052895990013749 -1.0898039330082954 -1.0942971074905046 -1.0786143272459832 -1.0769735336272324 -1.1149521672915155 -1.0989559452593312 -1.0986123184098029 -1.1021170500792072 -1.1258433334057991 -1.09295823029038 -1.0963112293846076 -1.0986123184098029 -1.1122729623900571 -1.1054973745800727 -1.0713102289610299 -1.0569448389823362 -1.1043136192556919 -1.0620732340118888 -1.1262855911701164 -1.1060584465518253 -1.1221600134801626 -1.0923607047419961 -1.1210349194656597 -1.1171698786712978 -1.1233251658938177
leaf_weight=17.408465296030048 483.81750303506851 8.444760471582418 86.945319771766663 132.17505344748497 55.033141613006592 65.414761036634445 22.495856285095215 101.31498247385025 26.087399363517761 4.8232352137565639 61.610584199428558 8.1674400866031629 53.597517669200897 12.595294505357748 4.6474508345127097 5.222300946712493 76.706938594579697 10.924620628356932 16.715765863656998 3.3478898108005506 3.0717709064483643 29.728095054626465 76.573310613632202 3.219602406024932 6.6949518024921408 11.839156866073607 25.892525047063828 4.0393072664737701
leaf_count=53 1494 28 246 407 177 218 73 267 80 14 171 21 158 40 14 13 218 39 62 11 11 84 215 10 23 27 73 12
internal_value=-1.09887 -1.09483 -1.10409 -1.10205 -1.09607 -1.09434 -1.09615 -1.10639 -1.08448 -1.09553 -1.09376 -1.10326 -1.10052 -1.07947 -1.07032 -1.08959 -1.11096 -1.084 -1.06518 -1.11583 -1.09894 -1.11792 -1.10822 -1.09618 -1.10692 -1.11507 -1.12241 -1.11676
internal_weight=1418.56 799.359 619.196 529.013 740.809 597.816 506.313 318.565 91.5022 210.448 193.786 142.993 140.543 58.5502 29.808 28.7422 178.022 23.5199 25.1605 90.183 10.459 79.724 84.7408 58.2527 24.1034 16.6624 55.6206 7.3872
internal_count=4259 2484 1775 1508 2288 1865 1567 889 298 619 578 423 404 196 104 92 485 79 90 267 34 233 236 187 76 41 157 23
is_linear=0
shrinkage=1


Tree=3
num_leaves=28
num_cat=0
split_feature=0 1 27 13 22 35 8 10 18 29 2 27 31 36 35 23 35 18 22 30 25 34 25 13 35 25 33
split_gain=237.799 40.9909 35.402 21.7941 15.4659 22.1124 17.3512 14.9804 18.7951 13.4068 12.6297 12.3875 11.8539 11.2846 10.1001 7.60543 7.36515 8.61091 7.3255 6.87866 6.62436 6.52294 6.31773 4.50204 3.81518 3.7335 2.50532
threshold=0.30329549312591558 -0.45222748816013331 0.026694961823523048 0.37764449417591101 -0.093178998678922639 20.643591880798343 -7.1709880828857413 -13.689263820648192 0.25403249263763433 0.15249999612569812 2590.5112304687505 0.026672904379665855 0.017439223825931553 0.004654710181057454 12.564751625061037 -3.2482085227966304 12.474588394165041 0.76209700107574474 4.199775457382203 0.058464512228965766 0.0010718263802118602 0.73336955904960643 0.0025053648278117184 0.083609998226165785 14.102583885192873 0.0061466584447771319 0.18888977915048602
decision_type=2 2 2 2 2 2 2 2 2 2 2 2 2 2 2 2 2 2 2 2 2 2 2 2 2 2 2
left_child=1 2 18 4 6 22 13 14 15 -8 -7 -10 20 -2 -3 -9 -4 -18 23 -16 24 -20 -6 -1 -5 -22 -14
right_child=3 7 16 12 5 10 9 8 11 -11 -12 -13 26 -15 19 -17 17 -19 21 -21 25 -23 -24 -25 -26 -27 -28
leaf_value=-0.020079835021803428 0.034560910839980169 0.026266459256091817 -0.02563688591122755 0.034199077428863446 0.031469869793246244 0.011969997260510887 0.023900794840013694 0.0003244380722644798 -0.008707828533218399 0.0045356861355284155 -0.027449634078031249 0.014670333680512815 0.0063116481331421982 -0.0069493665710422701 -0.019353734253506297 0.014249555065977321 0.015543073106975397 -0.025164131232220381 -0.01309461952253402 0.022980875409679219 -0.0076260921417339589 0.026050917136003476 0.018185921794332403 -0.028878478010938645 0 0.019935191210660924 0.042787279221906054
leaf_weight=183.20859578251839 40.353452652692795 4.3901479542255393 5.1305149495601645 5.8804614245891553 131.48768743872643 37.903210937976837 40.129461467266083 77.736671358346939 235.14713725447655 166.27038091421127 8.4674519896507245 21.617113649845123 3.3630191981792432 6.304852068424224 83.471999377012253 66.348450243473053 37.897872239351273 4.7201803028583518 41.285346269607544 3.0042874515056601 66.814832091331482 3.6181985437870017 51.382937461137772 91.107564061880112 4.7094858586788177 4.1023481190204611 6.3204178214073181
leaf_count=597 99 11 18 14 324 107 103 235 744 491 31 60 10 21 283 180 102 15 134 8 215 9 139 308 14 11 14
internal_value=-2.65422e-05 -0.010021 -0.0176099 0.0149181 0.0174603 0.0231552 0.0122305 -0.00432688 -0.00180034 0.00839292 0.00436378 -0.00667994 0.00135219 0.0287466 -0.0153031 0.00682604 0.00628227 0.0105863 -0.0212161 -0.0176558 -0.00234402 -0.00949002 0.0278462 -0.0230821 0.01906 -0.00577733 0.0319351
internal_weight=1432.17 858.684 366.968 573.49 482.299 229.241 253.058 491.716 400.849 206.4 46.3707 256.764 91.1906 46.6583 90.8664 144.085 47.7486 42.6181 319.22 86.4763 81.5071 44.9035 182.871 274.316 10.5899 70.9172 9.68344
internal_count=4297 2704 1183 1593 1315 601 714 1521 1219 594 138 804 278 120 302 415 135 117 1048 291 254 143 463 905 28 226 24
is_linear=0
shrinkage=0.03


Tree=4
num_leaves=29
num_cat=0
split_feature=20 20 27 20 20 29 25 27 6 20 2 3 27 2 10 25 27 27 16 27 4 29 27 27 32 34 14 26
split_gain=204.19 59.8749 24.1866 18.7842 17.9966 18.226 13.6404 12.7117 10.0538 8.43351 6.83829 6.60329 9.96742 6.54869 6.36938 6.34046 5.32836 16.8195 9.18331 4.86718 4.69618 4.26461 3.50436 1.9714 1.51777 2.35471 0.963123 0.511263
threshold=0.026813500560820106 -2.5905750989913936 0.026781643740832809 2.4500415325164799 -1.0804669857025144 0.25749999284744268 0.00040257575165014719 0.020369840785861019 0.051688499748706825 -4.9033493995666495 3775.824340820313 54.423530578613288 0.019647951237857345 2966.522827148438 -4.4671795368194571 0.0021702012745663528 0.020410035736858848 0.02025958709418774 -1.0000000180025095e-35 0.019647951237857345 161.87341308593753 1.0074999928474428 0.026931623928248886 0.02045493666082621 -0.0075263658072799436 0.69308516383171093 0.075823999941349043 1.0036411285400393
decision_type=2 2 2 2 2 2 2 2 2 2 2 2 2 2 2 2 2 2 2 2 2 2 2 2 2 2 2 2
left_child=1 7 4 14 5 -3 -6 11 15 23 22 -1 -13 -11 16 26 17 -2 -18 -16 -21 -17 -4 -9 25 -10 -5 -26
right_child=3 2 10 8 6 -7 -8 9 24 13 -12 12 -14 -15 19 21 18 -19 -20 20 -22 -23 -24 -25 27 -27 -28 -29
leaf_value=0.048947398686303024 -0.00743562546688218 0.023003994061036991 0.0055442487280662148 -0.0021048272357522043 0.031066153281971629 0.0068382707252173137 0.0018402210430183621 0.005537465604509571 0.0046154838587518779 -0.0080200298260875141 -0.028362404421084193 0.03985832724945354 -0.017837698856363497 0.019033427722740037 0.022574632536090173 0.01016801289223979 -0.015066961071103632 0.021673963633396798 0 -0.014774539972914332 -0.0044618912668444762 -0.023886097421394956 -0.011015283261662675 0.03668062545087767 -0.027421854387365035 -0.024843714971108852 -0.023036407733490447 -0.013067953694577814
leaf_weight=31.310509830713272 67.560356080532074 118.10860249400139 16.786059379577637 3.4828756749630001 14.741573333740233 139.18790888786316 277.86664092540741 2.8836027681827536 3.8819098472595197 8.3206861615180951 15.085208207368849 6.5952547788619977 3.7200914919376373 69.554789483547211 2.929300755262374 17.033296495676044 89.220010578632355 23.715754598379135 59.878842443227768 214.89943927526474 52.706196188926697 3.5022801756858817 31.41361266374588 31.514791965484619 100.45045894384384 4.2846716344356537 15.945121765136717 6.1980799138545981
leaf_count=97 195 368 45 10 48 450 856 10 13 21 42 21 14 224 9 54 251 71 174 619 158 9 94 102 267 13 43 19
internal_value=0.000177792 0.010731 0.00650119 -0.0119683 0.00853272 0.0143241 0.00339381 0.02745 -0.0211617 0.0218552 -0.0109389 0.0418881 0.0183562 0.0159953 -0.00914765 -0.00774869 -0.00550819 0.000106564 -0.00899448 -0.012332 -0.0127891 0.00350263 -0.00506573 0.0344445 -0.0256985 -0.0103437 -0.0198826 -0.0267365
internal_weight=1432.78 767.089 613.19 665.689 549.905 257.297 292.608 153.9 154.779 112.274 63.2849 41.6259 10.3153 77.8755 510.91 39.9636 240.375 91.2761 149.099 270.535 267.606 20.5356 48.1997 34.3984 114.815 8.16658 19.428 106.649
internal_count=4297 2392 1903 1905 1722 818 904 489 428 357 181 132 35 245 1477 116 691 266 425 786 777 63 139 112 312 26 53 286
is_linear=0
shrinkage=0.03


Tree=5
num_leaves=30
num_cat=0
split_feature=9 7 9 2 35 10 35 25 25 13 0 35 0 2 23 35 35 35 7 4 33 30 36 35 33 35 33 25 30
split_gain=24.0117 16.7202 14.9754 14.3866 11.3475 10.5218 8.74495 8.45733 8.43324 7.81244 8.01162 7.06231 9.23489 6.10892 7.35417 10.2883 6.68004 5.47501 5.92043 5.48258 5.36567 5.25168 4.85357 4.07066 3.4456 2.10389 1.9923 1.721 0.345389
threshold=0.34812349081039434 22.169844627380375 0.48862600326538091 3548.035278320313 18.583546638488773 -18.277259826660153 13.164422035217287 0.00096424558432772766 0.002902676817029715 -0.096115000545978532 -1.5613420009613035 13.613983631134035 -1.8333045244216917 3009.5832519531255 -4.6397244930267325 20.376460075378422 21.099008560180668 19.9091329574585 26.960545539855961 -1895.090393066406 0.7883039414882661 0.013394630048424007 0.0054786559194326409 19.326834678649906 0.19403173029422763 19.643437385559086 0.36643598973751074 0.0055042426101863393 0.0047812119591981181
decision_type=2 2 2 2 2 2 2 2 2 2 2 2 2 2 2 2 2 2 2 2 2 2 2 2 2 2 2 2 2
left_child=1 13 4 9 5 6 -2 28 -7 10 -3 27 26 14 15 -1 -16 18 -6 -19 -14 -9 -11 24 -15 -25 -13 -4 -5
right_child=2 3 11 7 17 8 -8 21 -10 22 -12 12 20 23 16 -17 -18 19 -20 -21 -22 -23 -24 25 -26 -27 -28 -29 -30
leaf_value=0.025731890407726672 0.04599500757866349 -0.02298023492224344 -0.018404095172051643 -0.026930852526197521 0.0066172472567877644 -0.0034103044060999513 0.0055813482228830496 0.0082706018463682401 0.0050979208105820344 -0.017555642918598031 -0.0041779539943476397 0.010011535706758308 0.02988106579954761 0.0080996698600405218 -0.0034142273986607023 -0.018395922903503916 0.028799423460201218 -0.015597461515983306 0.034711090725814617 0.0075142104121993089 0.0014128055281862335 -0.0075525289725633443 0.014006803941076694 -0.012691940450525028 0.038307734622293615 0.015694615179091032 -0.0073649875528304263 0.0047924251228485754 -0.0090892818940827066
leaf_weight=19.537773936986927 7.1644602715969112 23.674785852432251 5.5122272968292219 7.690173923969267 15.467433959245684 391.34625753760338 15.150419324636458 74.119038611650467 142.14368540048599 135.78303578495979 148.99442422389984 12.919064104557039 42.338531821966171 7.5228233635425594 138.97521370649338 5.5953041911125174 5.5079815685749045 9.1971227526664716 13.515245288610457 139.57432773709297 7.7612963616847983 24.286922305822372 3.8583864867687216 4.8630960583686811 8.3826759159564954 3.6798618733882904 9.7428015768527967 4.313258171081543 4.000340610742569
leaf_count=68 27 70 12 18 47 1169 47 238 443 357 428 44 146 22 391 14 19 23 49 448 24 68 12 14 30 13 32 12 12
internal_value=-0.000144998 -0.00461779 0.00322324 -0.007969 0.00184071 -0.000255708 0.0196748 0.00127913 -0.00112386 -0.0112548 -0.00686683 0.0153099 0.0185587 0.00263202 0.000536735 0.0153895 -0.00202902 0.00842865 0.0203898 0.00597768 0.0257063 0.00425597 -0.0165725 0.0165057 0.0252511 0 0.00215472 -0.00761053 -0.0221872
internal_weight=1432.62 616.472 816.146 422.407 733.559 555.805 22.3149 110.096 533.49 312.311 172.669 82.5872 72.7617 194.065 169.616 25.1331 144.483 177.754 28.9827 148.771 50.0998 98.406 139.641 24.4485 15.9055 8.54296 22.6619 9.82549 11.6905
internal_count=4297 1774 2523 1203 2253 1686 74 336 1612 867 498 270 246 571 492 82 410 567 96 471 170 306 369 79 52 27 76 24 30
is_linear=0
shrinkage=0.03


Tree=6
num_leaves=28
num_cat=0
split_feature=20 1 27 14 22 35 7 7 27 18 35 10 27 27 2 31 27 20 25 29 32 26 25 34 34 27 33
split_gain=197.572 43.969 23.6869 20.3439 23.3281 24.0245 17.7228 19.7599 15.3298 17.2504 14.3183 12.8631 9.1951 8.82156 8.77607 8.52667 7.322 7.01912 9.08176 4.35047 4.1807 5.35645 3.66085 3.28746 2.80616 0.96328 0.126527
threshold=0.30329549312591558 -0.50438550114631642 0.026781643740832809 -0.30557900667190546 -0.093178998678922639 20.616698265075687 23.942666053771976 57.42767524719239 0.0198379484936595 0.4919355064630509 12.658586978912355 -13.689263820648192 0.027147546410560611 0.02104188967496157 2651.373413085938 0.013948959298431875 0.027514189481735233 -3.1728779077529903 0.002835816354490817 0.49250000715255743 0.019412187859416011 0.99989795684814464 0.0040770699270069608 0.7065238654613496 0.69576141238212597 0.02775436453521252 1.3836151361465456
decision_type=2 2 2 2 2 2 2 2 2 2 2 2 2 2 2 2 2 2 2 2 2 2 2 2 2 2 2
left_child=1 10 6 15 8 16 13 -8 22 -10 25 23 -13 -3 -7 20 -6 26 -19 -17 21 -2 -5 -4 -22 -1 -12
right_child=3 2 11 4 5 14 7 -9 9 -11 17 12 -14 -15 -16 19 -18 18 -20 -21 24 -23 -24 -25 -26 -27 -28
leaf_value=0.028675858840525204 0.0025663215986868803 -0.0018579646677654306 0 -0.021043020043338082 0.025519381768119232 0.01060485321741899 -0.012805280731984611 0.014704303766803208 0.0042194733130112632 0.021101680956814802 -0.026926086160200577 0.031134904614385013 0.0033161065209028422 0.017655423371553406 -0.019481967209784245 0.034212905294125871 0.047693875996036972 -0.019329942657734769 0.0007333466225639165 -0.0024337960062759973 -0.0024999785458426705 -0.014187561241571072 0.012651205839921499 -0.026171432012951405 0.029415914061010292 0.0038724481069542811 -0.010655004198590261
leaf_weight=4.1697051823139182 31.416559398174286 177.01109477877617 11.745017647743227 16.794430285692219 174.05535075068474 41.20418444275856 319.72743846476078 24.651324480772018 126.96856558322906 97.616563379764557 104.97976920008659 28.690851479768753 18.309133738279343 23.101343363523483 10.413969457149504 8.5729009211063367 16.123689144849777 121.27232007682323 23.298087447881699 3.5583792626857749 3.5985880196094495 35.168587476015091 2.7867749333381644 5.9029321372508994 4.8639817237854004 3.6614915430545807 3.1786639392375937
leaf_count=10 96 536 36 56 439 116 1039 66 374 259 358 69 55 62 37 20 34 404 70 11 11 117 8 21 12 10 10
internal_value=-4.04742e-05 -0.00905691 -0.00461844 0.0136215 0.0160135 0.0226418 -0.00666963 -0.0107915 0.00937983 0.0116279 -0.01937 0.0124379 0.0206364 0.000388223 0.00423348 0.000170291 0.0275667 -0.0206325 -0.0160432 0.0230802 -0.00354216 -0.00618829 -0.0156039 -0.00886725 0.0154576 0.0190876 -0.026582
internal_weight=1442.84 869.699 609.139 573.143 485.964 241.797 544.491 344.379 244.166 224.585 260.56 64.6479 47 200.112 51.6182 87.179 190.179 252.729 144.57 12.1313 75.0477 66.5851 19.5812 17.6479 8.46257 7.8312 108.158
internal_count=4336 2746 1884 1590 1323 626 1703 1105 697 633 862 181 124 598 153 267 473 842 474 31 236 213 64 57 23 20 368
is_linear=0
shrinkage=0.03


Tree=7
num_leaves=25
num_cat=0
split_feature=1 1 20 1 27 23 29 27 35 3 4 27 35 26 29 7 32 35 35 29 28 34 35 30
split_gain=186.624 55.7164 22.7584 21.428 19.5307 11.5014 11.4217 10.0182 17.4855 16.5913 8.59577 7.5762 10.6047 6.30702 4.79932 4.29362 5.54464 2.29115 5.35381 5.7434 1.92123 3.15389 0.795811 0.718172
threshold=-0.45222748816013331 0.64156350493431102 -4.5034699440002433 0.020139000378549102 0.026736826635897163 2.8623635768890385 0.4030000120401383 0.020556859672069553 15.721282482147219 44.623849868774421 -3846.886840820312 0.027442594990134243 12.507444858551027 0.99952691793441784 0.2715000063180924 25.388464927673343 -0.0056532500311732284 16.027423858642582 15.614952087402346 0.21249999850988391 0.63315945863723766 0.67272269725799572 14.370203018188478 -0.0026893095346167679
decision_type=2 2 2 2 2 2 2 2 2 2 2 2 2 2 2 2 2 2 2 2 2 2 2 2
left_child=2 3 17 7 5 6 -4 9 -9 -2 -6 12 -5 -12 -7 20 -17 18 22 -20 23 -22 -1 -3
right_child=1 15 4 11 10 14 -8 8 -10 -11 13 -13 -14 -15 -16 16 -18 -19 19 -21 21 -23 -24 -25
leaf_value=0.050908953756228011 0.023305540685728588 -0.0098762830697519469 0.027124086252495874 0.021107216633128638 -0.027404912855922434 0.014592834273492032 0.010123000757790726 0.0013589520409475948 -0.01879016586547699 0.0015678875047002746 0.024624775005458684 -0.02678000290376948 -0.0079528734354072771 -0.0048129566702595763 0.0016085938638984618 0.0071354399321945077 -0.028098716258863288 0.043857580157925451 0.031415871638722059 -0.008772774131427909 0.011490945310742903 -0.016727245837095978 0.027268324883194202 -0.020317882748973719
leaf_weight=6.6479041874408749 41.289764583110809 12.486994475126265 126.86926463246346 10.973473906517027 10.403056263923643 69.61931449174881 53.233835786581039 194.25047659873962 47.726268142461777 134.39930355548859 8.5901109874248522 18.512188971042633 435.00714719295502 22.121607929468155 43.221442848443985 3.5942437350749961 91.078529447317123 25.474189937114716 5.6385003328323346 5.8276908099651337 5.2820151746273032 8.1425058543682081 8.049416631460188 55.68756440281868
leaf_count=20 125 37 400 34 27 220 174 593 143 406 27 42 1284 61 141 11 251 78 18 21 16 23 26 158
internal_value=-0.000167956 -0.00668468 0.0176775 -0.00358982 0.0147253 0.0174456 0.0221908 0.00132224 -0.00260859 0.00677931 -0.00441747 -0.00802272 -0.00719485 0.00339504 0.00972792 -0.0220681 -0.026636 0.0362793 0.0278791 0.0107248 -0.0165288 -0.00496423 0.0398768 -0.0186223
internal_weight=1444.13 1058.43 385.696 882.159 334.059 292.944 180.103 417.666 241.977 175.689 41.1148 464.493 445.981 30.7117 112.841 176.272 94.6728 51.6377 26.1635 11.4662 81.5991 13.4245 14.6973 68.1746
internal_count=4336 3123 1213 2627 1050 935 574 1267 736 531 115 1360 1318 88 361 496 262 163 85 39 234 39 46 195
is_linear=0
shrinkage=0.03


Tree=8
num_leaves=28
num_cat=0
split_feature=9 29 35 29 29 1 22 30 23 16 9 35 36 28 0 30 9 35 22 30 22 34 35 27 29 2 29
split_gain=29.4135 16.5391 10.8089 13.205 12.0942 9.02403 11.0686 7.9892 7.51975 7.35754 6.65061 6.49116 6.06227 7.48545 5.99924 5.34892 4.91622 4.86164 4.82821 4.70341 4.59055 3.62434 1.89812 0.930164 0.756426 0.611893 0.461795
threshold=0.34812349081039434 0.25550000369548803 17.167963981628422 0.62149998545646679 1.2839999794960024 -0.55208301544189442 2.7336785793304448 0.020915859378874305 5.2898626327514657 0.87837952375411998 0.4796034991741181 13.223714828491213 -0.0027684745145961638 -0.78611078858375538 -2.3612949848175044 -0.015553291887044905 0.45433600246906286 21.05076885223389 -13.462041854858397 0.092605028301477446 -4.6969361305236808 0.63650822639465343 18.583546638488773 0.019855170510709289 0.23449999839067462 3535.3725585937505 0.47849999368190771
decision_type=2 2 2 2 2 2 2 2 2 2 2 2 2 2 2 2 2 2 2 2 2 2 2 2 2 2 2
left_child=1 11 3 7 8 23 9 10 -5 -7 -2 24 20 25 -13 -16 -15 -8 -6 -9 22 -22 -4 -3 -1 -14 -25
right_child=2 5 12 4 18 6 17 19 -10 -11 -12 14 13 16 15 -17 -18 -19 -20 -21 21 -23 -24 26 -26 -27 -28
leaf_value=-0.025482761479953951 6.0043831583754413e-05 0 -0.0077820642508166522 0.01978077179839673 -0.024172280371884833 0.0093684206953099976 -0.010842764602917948 -0.0097774111530670154 -0.0090556008866477418 -0.0073223263917383012 0.013925070865716335 -0.0275785732193191 0.034172553710306641 0.0046930052702137629 -0.018141175503430855 -0.0053503580153502336 0.021537951493349645 0.015910437025479746 0.0017597016339496419 0.018816299889899395 0.00790912135013082 0.041479871927934606 0.020947324713822296 -0.011932962114118413 -0.0079815405678284098 0.0090680546555129381 -0.024596495143275991
leaf_weight=22.449811071157459 316.13735684752464 3.2263806760311153 4.679679840803149 75.600963652133942 7.6509013175964347 149.88317969441414 55.631265103816986 93.429533809423447 8.3711217343807203 27.233355700969696 34.204582929611206 12.785977095365523 9.6799901723861677 190.00282126665115 33.27324852347374 293.8371299803257 17.025694519281387 6.16463279724121 28.669053822755814 4.8232989907264701 5.1308658421039608 11.547157764434813 2.7877975404262543 12.699802607297899 4.9013382196426383 2.6122176945209494 9.0552583336830121
leaf_count=60 962 11 13 253 24 464 144 266 23 77 113 39 35 594 87 840 59 20 85 16 16 42 10 37 13 8 25
internal_value=0.000214718 -0.00463509 0.00399428 0.00170773 0.0105165 0.00106328 0.0028996 -0.000643399 0.016763 0.006738 0.00145728 -0.00875013 0.00928574 0.00761801 -0.00755561 -0.0067046 0.00617023 -0.00792317 -0.00371258 -0.00819443 0.0236072 0.0322068 0.00245523 -0.0158576 -0.0228693 0.0301041 -0.0180426
internal_weight=1443.49 631.141 812.353 568.887 120.292 263.894 238.912 448.595 83.9721 177.117 350.342 367.248 243.466 219.321 339.896 327.11 207.029 61.7959 36.32 98.2528 24.1455 16.678 7.46748 24.9814 27.3511 12.2922 21.7551
internal_count=4336 1817 2519 1742 385 778 705 1357 276 541 1075 1039 777 696 966 927 653 164 109 282 81 58 23 73 73 43 62
is_linear=0
shrinkage=0.03


Tree=9
num_leaves=26
num_cat=0
split_feature=20 20 27 7 22 13 27 6 7 27 35 2 3 35 3 35 33 6 2 26 29 33 18 34 34
split_gain=206.969 33.7844 22.3107 22.4748 17.0443 19.0812 15.7029 20.9928 15.338 14.6135 13.7917 13.0034 11.9748 11.7525 9.20252 9.40233 7.73692 7.57577 3.69515 3.19388 1.78575 0.992449 0.514549 1.47717 0.382108
threshold=0.30329549312591558 -3.1728779077529903 0.026781643740832809 23.942666053771976 3.5967270135879521 0.37764449417591101 0.019815457053482536 0.057730501517653472 57.42767524719239 0.018900832161307338 12.658586978912355 3437.2875976562505 43.677684783935554 13.265242576599123 65.956329345703139 12.406020641326906 0.94142967462539684 0.045710500329732902 3313.137084960938 0.99878549575805675 0.52050000429153453 0.16357098519802096 0.8819124996662141 0.72097364068031322 0.74103575944900524
decision_type=2 2 2 2 2 2 2 2 2 2 2 2 2 2 2 2 2 2 2 2 2 2 2 2 2
left_child=1 10 3 12 5 6 17 -8 -5 20 -1 19 -3 -13 15 -11 18 -2 -7 -4 -6 -16 24 -24 -12
right_child=4 2 11 8 9 16 7 -9 -10 14 22 13 -14 -15 21 -17 -18 -19 -20 -21 -22 -23 23 -25 -26
leaf_value=0.018375961276854095 0.0078956824191875608 -0.0075273605611349305 0.012015230685184264 -0.013188238557172988 -0.025583815342117278 0.00060841832391049348 0.023443222968223092 0.0079654878923308761 0.011399378705587524 0.047700189085621202 -0.027386254702972571 0.031940552056094806 0.0069497137055577456 -0.0057296047736253557 0.024688395952223201 0.018182749541092717 0.027212590154494086 -0.02244855077862104 -0.014190343501467606 -0.010067563217654932 0.0012994376791250954 0.046236174056669098 -0.021941576122228995 0 -0.0079869351475798933
leaf_weight=6.0609161853790274 13.657421618700029 98.711968243122101 7.0966967940330532 444.8306171298027 5.2287737727165213 25.985373258590698 155.36919119954109 166.10708898305893 23.304052799940109 10.905385464429854 101.61898119747639 26.719135224819183 106.24900490045547 9.5589970350265485 6.831701964139941 116.67237758636475 5.834111660718917 14.516967594623564 32.507766008377075 23.102265387773514 2.5776340663433075 18.646298766136169 8.9708799719810468 2.7694170475006095 2.7618890553712836
leaf_count=15 39 308 20 1454 19 78 395 476 63 22 352 63 305 31 17 309 15 50 109 74 8 39 31 9 9
internal_value=0.000186434 -0.00910551 -0.0066646 -0.00831018 0.0141276 0.0108424 0.013608 0.0154986 -0.0119342 0.0224665 -0.0237197 0.00980065 0 0.0218271 0.0245371 0.0209525 -0.00404012 -0.00754425 -0.00751405 -0.00447381 -0.0160797 0.0413912 -0.0260635 -0.0162448 -0.0269993
internal_weight=1436.59 861.755 739.573 673.096 574.84 413.978 349.651 321.476 468.135 160.862 122.182 66.4771 204.961 36.2781 153.056 127.578 64.3273 28.1744 58.4931 30.199 7.80641 25.478 116.121 11.7403 104.381
internal_count=4310 2734 2318 2130 1576 1162 960 871 1517 414 416 188 613 94 387 331 202 89 187 94 27 56 401 40 361
is_linear=0
shrinkage=0.03


Tree=10
num_leaves=28
num_cat=0
split_feature=1 1 1 27 35 27 3 27 23 35 35 2 27 22 27 35 0 35 25 9 36 34 36 36 35 29 25
split_gain=197.04 36.5856 31.3071 28.0719 16.2929 14.9071 16.4067 11.8393 10.2279 9.35077 8.61455 7.71788 6.06239 5.90794 6.44351 7.9823 6.22191 5.27264 4.35154 3.60371 2.29713 1.87179 1.84615 1.26889 0.627747 0.619318 0.227833
threshold=-0.21412599831819532 0.64156350493431102 -0.69541749358177174 0.026736826635897163 13.223714828491213 0.020421429537236694 47.632505416870124 0.019815457053482536 -2.1146094799041744 19.718921661376957 19.491973876953129 3775.824340820313 0.027514189481735233 -2.769135475158691 0.020385479554533962 20.376460075378422 -3.6104980707168575 20.316899299621586 0.0013162500690668824 0.33568349480628973 0.0013942287769168618 0.72411984205245983 -0.0019179607043042777 -0.0015651028952561317 20.948091506958011 0.082499999552965178 0.0024379567475989465
decision_type=2 2 2 2 2 2 2 2 2 2 2 2 2 2 2 2 2 2 2 2 2 2 2 2 2 2 2
left_child=2 5 13 4 20 6 8 -8 -2 -6 12 18 -7 21 15 -15 -16 -12 -5 22 -4 24 -3 -24 -1 -21 -23
right_child=1 19 3 11 9 10 7 -9 -10 -11 17 -13 -14 14 16 -17 -18 -19 -20 25 -22 26 23 -25 -26 -27 -28
leaf_value=0.039473985049641544 0.019778042330495633 -0.027401679307364764 0.043192754619916431 0.021073164219295077 0.014511331545397518 -0.0065717826551092724 0.0019926069488251604 -0.015001823419275508 0.0010970987119649654 0.0037000931298449523 -0.02203164751193468 -0.026061023044260268 -0.025834211187340514 0.043300815407346621 0.018578058629751978 0.015864682826245848 -0.0099009498114027792 0.0053560448873368159 -0.005332477456264105 -0.0063856313366456021 0.015295021011168862 0.021750365502083924 0.0052671829023000312 -0.014370011797809059 0.01583382226040048 -0.026169577739498424 0.0040515126526990842
leaf_weight=39.490400791168213 43.150143668055534 12.459044620394705 17.575943440198902 5.838642179965972 259.4057605266571 352.49747811257839 69.562424793839455 75.904491811990738 69.639822334051132 103.58756029605865 60.20892046391964 15.576701536774634 15.317135125398634 19.312291383743286 23.093756169080734 23.117944896221161 8.9359081983566266 6.2956805527210227 45.238650053739548 3.0662640035152426 5.3002787828445426 3.4303983747959128 2.178760200738906 61.156907841563225 3.334771752357482 90.444536447525024 2.9421547055244446
leaf_count=120 135 33 54 17 819 1051 218 207 211 324 173 44 35 58 71 72 22 20 134 8 16 11 7 176 11 254 9
internal_value=9.20623e-05 -0.00897938 0.0136732 0.0099661 0.0130786 -0.00589676 -0.000152016 -0.00683442 0.00837907 0.0114602 -0.00928792 -0.00788189 -0.00743236 0.0270722 0.0211644 0.0289209 0.010326 -0.019284 -0.00196453 -0.0214819 0.0375794 0.0355295 -0.0160824 -0.0135175 0.0380448 -0.025654 0.0157778
internal_weight=1438.06 861.882 576.181 452.524 385.87 692.576 258.257 145.467 112.79 362.993 434.319 66.654 367.815 123.658 74.4599 42.4302 32.0297 66.5046 51.0773 169.306 22.8762 49.1977 75.7947 63.3357 42.8252 93.5108 6.37255
internal_count=4310 2528 1782 1408 1213 2050 771 425 346 1143 1279 195 1086 374 223 130 93 193 151 478 70 151 216 183 131 262 20
is_linear=0
shrinkage=0.03


Tree=11
num_leaves=19
num_cat=0
split_feature=1 25 7 23 1 27 10 27 28 27 28 29 21 27 36 36 0 29
split_gain=23.1238 16.424 10.9953 10.0801 14.0858 18.1878 13.8731 16.8018 8.23102 7.28667 4.89697 4.32772 1.80809 1.05711 1.78082 0.393903 0.436092 2.13235
threshold=-0.77992299199104298 0.0010848081437870862 15.23994827270508 -4.7838590145111075 0.328626498579979 0.026651846244931224 -14.707084655761717 0.026459041051566604 -0.77633023262023915 0.026931623928248886 0.53812780976295482 0.34149999916553503 0.16405000537633899 0.019825693219900135 -0.0006145315128378569 0.0040063527412712583 -4.9033493995666495 1.3489999771118166
decision_type=2 2 2 2 2 2 2 2 2 2 2 2 2 2 2 2 2 2
left_child=13 2 -2 4 9 -6 11 -8 12 -3 -10 -5 -4 14 -1 16 17 -15
right_child=1 3 8 6 5 -7 7 -9 10 -11 -12 -13 -14 15 -16 -17 -18 -19
leaf_value=0.0051953853974338778 0.037839172243223168 0.0017234341053552172 0.019208032411721174 0.0053538625077885118 0.032061711057094718 0.0012489329630009506 0.0011474253675365939 -0.014398456371669021 -0.0086794272213915925 0.016527420483726674 0.00098564313285287673 0.047316401897951055 -0.0036325208015454053 0.0028887743575684226 -0.02257997571609725 -0.010107635144396788 -0.026656899780924139 -0.025268462680229892
leaf_weight=3.6970670074224472 4.7014140784740439 275.08342772722244 13.232842922210695 4.1585550010204297 38.453554719686508 32.13675457239151 586.70153456926346 69.486415237188339 268.13304659724236 33.449311703443527 55.138623505830765 6.6862380802631378 3.049823284149169 3.2110730707645363 3.113159477710723 5.4651418924331656 27.299149572849277 5.0680771768093109
leaf_count=13 17 850 44 14 132 89 1757 183 769 107 168 25 9 11 10 18 78 16
internal_value=-0.000284523 0.000418234 -0.0052531 0.0022947 0.00619752 0.018268 5.99847e-05 -0.000494796 -0.00593098 0.00338166 -0.00700414 0.0329639 0.0144129 -0.0206828 -0.00694639 -0.0226344 -0.0241424 -0.01378
internal_weight=1438.27 1390.41 344.256 1046.16 379.123 70.5903 667.033 656.188 339.554 308.533 323.272 10.8448 16.2827 47.8537 6.81023 41.0434 35.5783 8.27915
internal_count=4310 4164 1007 3157 1178 221 1979 1940 990 957 937 39 53 146 23 123 105 27
is_linear=0
shrinkage=0.03


Tree=12
num_leaves=29
num_cat=0
split_feature=0 1 27 9 23 25 29 13 27 7 27 7 10 9 3 27 27 27 16 27 27 26 28 26 34 25 25 7
split_gain=201.486 39.6472 22.2626 21.0863 19.2929 17.6056 16.6416 15.599 13.8994 21.6549 13.856 11.6628 11.1189 9.04179 10.073 8.62614 9.02417 8.38723 7.02733 7.44381 7.00794 3.87595 3.83093 3.12193 2.81711 2.47152 1.537 0.646928
threshold=0.30329549312591558 -0.50438550114631642 0.026781643740832809 0.40329450368881231 8.2609491348266619 0.00067955450504086923 0.51250001788139354 -0.13855250179767606 0.025842599570751194 57.859636306762702 0.018900832161307338 27.90232086181641 -13.689263820648192 0.3621129989624024 60.506528854370124 0.024219088256359104 0.024717390537261966 0.027024132199585441 0.60785751044750225 0.020377944223582748 0.018900832161307338 0.99993252754211437 0.60954764485359203 0.99979084730148327 0.69166857004165661 0.0029251228552311663 0.0026294977869838481 39.893541336059577
decision_type=2 2 2 2 2 2 2 2 2 2 2 2 2 2 2 2 2 2 2 2 2 2 2 2 2 2 2 2
left_child=1 13 3 7 5 22 -5 -3 11 -10 26 -7 21 18 27 -12 -17 -14 19 -1 -16 -4 23 -2 -24 -20 -6 -15
right_child=4 2 12 6 10 8 -8 -9 9 -11 15 -13 17 14 20 16 -18 -19 25 -21 -22 -23 24 -25 -26 -27 -28 -29
leaf_value=-0.012940162055908909 0.0096378351510698571 -0.01492933375300645 0.0060384421249064322 -0.020617966266994539 -0.024387441346553899 0.0091982053904884585 0 0.00052016065632227992 0.024528824581753195 -0.0065545309269311944 0.043000999504876909 -0.0043417780832901995 0.030474295458949148 -0.027074390787154613 -0.013887280852907122 0.0019810534643056672 0.028914669137404689 0.0046417203453389209 -0.027781120586927735 0.0081365069657758499 0.022745116143318804 -0.019312009468466389 0.020570337672319295 0.033576357945847894 -0.012634584808718942 -0.0069015860405413189 0.001440430592773993 -0.015648384065253384
leaf_weight=39.74921427667141 7.3711259067058554 72.720032528042793 9.6535535901784915 131.2603811621666 4.1129563301801673 230.92175805568695 47.256056487560272 293.97473286092281 94.75247922539711 24.821923285722733 29.489994794130325 74.726739227771759 26.473232597112656 126.03828929364681 18.551384761929516 15.796202898025511 46.211740642786026 21.440249413251877 23.136990159749988 23.168618619441986 5.6409017443656913 10.458581194281576 4.8217110335826856 41.774612188339233 3.2890145480632782 8.6383253633975965 2.5698623657226562 11.184907555580137
leaf_count=127 20 241 29 451 15 651 149 877 241 77 62 231 61 448 62 47 108 64 81 63 15 36 12 97 10 28 8 39
internal_value=0.000306396 -0.00882504 -0.00465794 -0.00668899 0.013989 0.0114671 -0.01514 -0.00253531 0.00931006 0.018001 0.0261699 0.00585679 0.0114192 -0.0187393 -0.0231151 0.0292456 0.0222682 0.019268 -0.0111036 -0.0050341 -0.00469363 -0.00685618 0.0271119 0.0303004 0.00610829 -0.0225786 -0.0137935 -0.0262686
internal_weight=1450.01 869.345 613.237 545.211 580.66 482.479 178.516 366.695 425.223 119.574 98.1808 305.648 68.0256 256.109 161.415 91.4979 62.0079 47.9135 94.6931 62.9178 24.1923 20.1121 57.2565 49.1457 8.11073 31.7753 6.68282 137.223
internal_count=4350 2771 1908 1718 1579 1339 600 1118 1200 318 240 882 190 863 564 217 155 125 299 190 77 65 139 117 22 109 23 487
is_linear=0
shrinkage=0.03


Tree=13
num_leaves=31
num_cat=0
split_feature=1 1 1 20 13 25 23 6 18 25 36 35 26 2 2 36 7 28 35 35 30 30 34 35 25 34 36 25 34 25
split_gain=173.9 44.5604 31.9702 17.5021 10.8564 16.745 9.65753 12.1376 9.42991 11.9107 7.85293 5.99249 5.31659 4.3105 6.74208 3.65217 3.2732 3.16059 2.2965 4.19503 2.14572 5.04267 1.88301 1.53696 1.46979 1.46916 0.814477 0.376133 0.265878 0.263624
threshold=-0.025349999777972695 -0.46698449552059168 0.64156350493431102 -4.5034699440002433 -0.38691450655460352 0.0012396695674397054 2.8623635768890385 0.21923550218343738 0.050115000456571586 0.0012317819055169823 0.0012986652436666193 14.816081047058107 1.0024613142013552 3795.4301757812505 3440.8505859375005 0.0036816201172769074 25.388464927673343 0.27109436690807348 16.027423858642582 14.667095661163332 -0.016243268735706803 -0.027894004248082634 0.73561701178550731 20.459188461303714 0.002040313789620996 0.62295645475387584 -0.00053628903697244812 0.0061466584447771319 0.74103575944900524 0.0075827110558748254
decision_type=2 2 2 2 2 2 2 2 2 2 2 2 2 2 2 2 2 2 2 2 2 2 2 2 2 2 2 2 2 2
left_child=1 3 4 18 5 26 7 -5 23 11 -8 -10 -11 14 -6 -15 20 -7 19 -1 21 -4 -20 24 -3 -22 -2 28 -18 -29
right_child=2 8 16 6 13 17 10 -9 9 12 -12 -13 -14 15 -16 -17 27 -19 22 -21 25 -23 -24 -25 -26 -27 -28 29 -30 -31
leaf_value=0.040079498547363007 0.041763890171792689 -0.024050037037640526 -0.02002634378451076 0.019756238221135827 -0.009209980498598792 -0.013492097339806644 0.0025702443686913129 -0.0099299428748994435 0.026308564319748578 0.0018154477745140169 0.023525095966433981 0.0083671615712341118 -0.014783077458679255 -0.019599836521777114 0.00051066387186573408 0.002410539945952252 -0.026806843787775522 0.0052618675153683304 0.044565605603767412 0.013031282274746718 -0.007519736293333682 0.024009506858321872 0.015126798922062918 0 -0.005395751548521557 -0.020563516525780791 0.020428691817588853 -0.0043689153754000931 -0.011491635466831716 -0.021319133453147988
leaf_weight=9.9928441941738146 7.2211922109127045 13.570223480463033 5.2291394770145416 211.33616238832474 332.98552784323692 18.593332052230839 83.904127925634384 12.458830386400221 23.496968269348145 246.98459254205227 19.88840925693512 67.766464114189148 18.130950182676315 46.686004221439362 77.326490372419357 6.9746236503124228 91.191942855715752 12.808807820081709 22.175339281558994 14.522964209318159 12.630763426423071 3.413350582122801 3.9603907465934745 4.6312564313411704 7.6440039277076712 56.82104204595089 7.622828543186186 4.0475125312805167 4.2198165357112876 2.6472343504428864
leaf_count=30 23 45 16 652 958 55 265 36 72 753 65 205 55 130 244 22 253 42 66 48 39 10 11 11 22 163 24 14 13 8
internal_value=-4.25963e-05 0.00984441 -0.0109449 0.0171419 -0.00706973 0.00662784 0.0145144 0.018045 0.00258652 0.00388197 0.00676538 0.0132027 0.000620719 -0.00846007 -0.00735775 -0.016577 -0.0218173 -0.00559774 0.0336515 0.0249969 -0.0166327 -0.00128806 0.0408103 -0.0146694 -0.0180219 -0.0183907 0.0324169 -0.0255946 -0.0262868 -0.0133381
internal_weight=1450.88 760.464 690.42 378.239 510.219 46.2462 327.588 223.795 382.224 356.379 103.793 91.2634 265.116 463.973 410.312 53.6606 180.201 31.4021 50.6515 24.5158 78.0943 8.64249 26.1357 25.8455 21.2142 69.4518 14.844 102.107 95.4118 6.69475
internal_count=4350 2336 2014 1173 1498 144 1018 688 1163 1085 330 277 808 1354 1202 152 516 97 155 78 228 26 77 78 67 202 47 288 266 22
is_linear=0
shrinkage=0.03


Tree=14
num_leaves=27
num_cat=0
split_feature=9 29 7 1 22 21 9 4 35 27 35 27 29 30 29 25 28 9 35 27 27 30 26 3 29 27
split_gain=24.8114 15.3988 11.0056 10.0989 10.5444 9.50729 10.9311 9.84191 8.50659 8.25676 16.9799 8.40945 8.14422 9.02168 6.6357 6.1075 6.02394 6.57459 5.42098 3.2956 3.29239 2.41197 1.62781 1.55167 1.46435 2.10026
threshold=0.34812349081039434 0.25550000369548803 22.169844627380375 -0.55208301544189442 2.7336785793304448 1.0000000180025095e-35 0.4505975097417832 -5656.5095214843741 13.164422035217287 0.02051569148898125 20.076535224914554 0.019855170510709289 0.37250000238418585 -0.017184123396873471 0.37049999833107 0.009615755174309017 -0.86211636662483204 0.31150050461292272 14.271101951599123 0.02091917954385281 0.024588667787611488 0.015947616659104828 0.99959594011306774 45.723354339599616 0.47849999368190771 0.027326895855367187
decision_type=2 2 2 2 2 2 2 2 2 2 2 2 2 2 2 2 2 2 2 2 2 2 2 2 2 2
left_child=1 2 9 24 8 18 12 22 -5 11 -11 -1 13 -7 -9 -14 23 -18 -2 21 -6 -20 -8 -4 25 -3
right_child=5 3 16 4 20 6 7 14 -10 10 -12 -13 15 -15 -16 -17 17 -19 19 -21 -22 -23 -24 -25 -26 -27
leaf_value=0.010329697498461193 -0.012482438251295398 -0.01569297297214017 0 -0.0085905547730240738 -0.0031118390319537993 -0.011316365050934973 -0.023258998176189146 0.020794479755683732 0.009476643416095297 -0.00034040133719420924 0.043205468360709272 -0.012928155016660422 0.0060001053542249041 0.00018790359500901475 0.0066479712003258955 -0.022791515061346457 -0.0062407788634121757 -0.017261314306786308 0.01105374889658357 0.040562664462306483 -0.018853347042542261 0.031417662218580562 -0.0019868547786858108 0.030753364097644748 -0.025055449765733654 0.0073203506520937113
leaf_weight=16.893994122743607 4.7841977477073661 11.570456355810167 3.0675629973411551 26.940667122602463 44.615705728530884 74.985526382923126 6.8025223016738874 52.000168532133102 147.77483949065208 48.720990657806396 9.0630303323268873 65.900380313396454 221.65318912267685 319.92742335796356 77.274461030960083 6.2333405911922446 78.651232838630676 146.55267158150673 32.624474823474884 5.7877492606639853 17.038080960512161 7.0682251751422873 7.8697614073753357 2.6661014258861542 11.20377993583679 4.1107610315084449
leaf_count=52 11 35 10 73 124 213 15 179 460 137 33 182 685 984 238 17 238 395 107 21 39 25 21 10 33 13
internal_value=-0.000257254 -0.00471038 -0.00864163 0.000809316 0.00283436 0.00319232 0.00234442 0.00978406 0.0066228 -0.0019375 0.00664711 -0.00804088 0.000603991 -0.0019853 0.0124659 0.00512499 -0.0126707 -0.0134747 0.0157987 0.0190727 -0.00772349 0.0152497 -0.0128839 0.0160104 -0.0163926 -0.00906415
internal_weight=1451.78 634.77 371.516 263.254 236.369 817.011 766.746 143.947 174.716 140.578 57.784 82.7944 622.799 394.913 129.275 227.887 230.938 225.204 50.2646 45.4804 61.6538 39.6927 14.6723 5.73366 26.885 15.6812
internal_count=4350 1834 1057 777 696 2516 2352 453 533 404 170 234 1899 1197 417 702 653 633 164 153 163 132 36 20 81 48
is_linear=0
shrinkage=0.03


Tree=15
num_leaves=29
num_cat=0
split_feature=0 1 27 9 13 29 22 35 18 27 13 29 27 35 31 27 30 31 10 22 9 27 29 18 1 29 34 34
split_gain=184.918 41.6972 23.3808 19.5778 18.2978 16.4254 15.4084 21.7336 15.8216 16.2281 14.5038 12.8391 11.6423 10.0257 8.2662 8.11641 7.55411 7.41132 7.05211 5.49068 6.52527 5.32777 4.86844 5.40508 4.46844 4.42844 3.09247 2.64924
threshold=0.30329549312591558 -0.45222748816013331 0.026651846244931224 0.40329450368881231 0.37764449417591101 0.47249999642372137 -0.093178998678922639 20.583883285522464 0.4919355064630509 0.019799064844846729 -0.13855250179767606 0.41650000214576727 0.02045493666082621 12.658586978912355 0.028634588234126571 0.027147546410560611 0.015020303428173067 0.017439223825931553 -7.5881705284118643 4.199775457382203 0.3621129989624024 0.027514189481735233 1.3489999771118166 0.64400899410247814 -0.16258350014686582 0.38449999690055853 0.73177468776702892 0.73336955904960643
decision_type=2 2 2 2 2 2 2 2 2 2 2 2 2 2 2 2 2 2 2 2 2 2 2 2 2 2 2 2
left_child=1 2 19 10 6 13 8 26 12 -10 14 -12 -2 -5 -3 16 -4 22 -9 20 -1 -17 23 -6 -7 -19 -8 -21
right_child=4 3 15 5 17 24 7 18 9 -11 11 -13 -14 -15 -16 21 -18 25 -20 27 -22 -23 -24 -25 -26 -27 -28 -29
leaf_value=-0.015051007678293989 -0.017072771974292217 -0.017551873203249604 0.003695606431807867 0.018327140326109714 0.0023632931013574973 -0.0076075852739667261 0.026778139826031371 0.0094462221405250662 -0.018653817590682239 0.020877844072581427 0.0068155033199823068 -0.0092342904304266431 0.0068039744856834387 -0.019341504094479038 0.033953352077702822 -0.027203434115909815 0.039734004959036208 0.035500365890905584 -0.016613682787455609 -0.01161468610148845 -0.025188024319356551 0.0034094073144064125 0.026539383573599657 -0.01368905733663329 0.012571410140816117 -0.0022912750687911682 0.012487503362947053 0.01213067849947597
leaf_weight=104.67181161046028 21.702552914619446 43.649018883705139 23.210893854498867 6.113061696290969 43.624525845050812 15.118530094623564 176.72967645525932 41.751461029052734 9.5428833365440351 115.42869767546654 232.76605814695358 54.680133283138275 103.73500767350197 111.76456215977669 2.4280236363410941 9.7838389873504656 6.5970476269721976 7.6274231970310193 11.356539905071257 39.526888161897659 156.84759502112865 9.0834982991218549 4.3509561568498603 31.685948401689529 25.037992894649506 3.5126743912696838 18.858521580696106 3.9567846059799185
leaf_count=343 74 147 66 17 130 50 420 117 31 297 672 173 297 387 6 34 15 17 40 132 559 26 11 106 73 11 50 11
internal_value=0.000393561 -0.00859448 -0.016448 -0.00291459 0.0132835 -0.0115996 0.0155361 0.0208621 0.0101796 0.0177252 0.00118493 0.0037204 0.0025501 -0.0172428 -0.0143092 0.00267489 0.0124924 0.000785941 0.00360274 -0.0195286 -0.0212015 -0.0122929 -0.00236491 -0.00431756 0.00475273 0.0232242 0.0254815 -0.00913602
internal_weight=1435.14 845.236 353.678 491.557 589.907 158.034 499.105 248.696 250.409 124.972 333.523 287.446 125.438 117.878 46.077 48.6753 29.8079 90.8015 53.108 305.003 261.519 18.8673 79.6614 75.3105 40.1565 11.1401 195.588 43.4837
internal_count=4312 2711 1186 1525 1601 527 1326 627 699 328 998 845 371 404 153 141 81 275 157 1045 902 60 247 236 123 28 470 143
is_linear=0
shrinkage=0.03


Tree=16
num_leaves=28
num_cat=0
split_feature=1 1 1 27 27 23 21 27 22 35 35 35 17 26 36 2 36 36 35 7 36 34 1 36 34 35 26
split_gain=175.435 37.6066 34.1588 28.8449 17.1724 13.1382 12.1249 16.8429 10.7961 10.7511 9.89901 8.39167 8.05204 7.75246 7.03968 5.25778 4.22041 2.79597 2.47056 2.41088 2.18733 1.17216 1.83075 1.59551 1.0882 2.33157 0.346956
threshold=-0.15377149730920789 0.64156350493431102 -0.62559351325035084 0.026736826635897163 0.020415175706148151 -2.1146094799041744 0.28904999792575842 0.020556859672069553 -2.769135475158691 15.721282482147219 14.816081047058107 21.018792152404789 1.0000000180025095e-35 1.0011295080184939 -0.0012285116827115414 3775.824340820313 -0.00082113186363130797 -0.0052077914588153354 12.658586978912355 27.480632781982425 0.002243667840957642 0.60357081890106212 0.69822099804878246 0.0031408871291205291 0.71395766735076915 16.027423858642582 0.99651321768760692
decision_type=2 2 2 2 2 2 2 2 2 2 2 2 2 2 2 2 2 2 2 2 2 2 2 2 2 2 2
left_child=2 4 8 6 5 12 7 -4 24 10 -6 -7 -2 16 -8 18 -10 -11 -5 21 -15 22 -3 -23 26 -26 -1
right_child=1 19 3 15 9 11 14 -9 13 17 -12 -13 -14 20 -16 -17 -18 -19 -20 -21 -22 23 -24 -25 25 -27 -28
leaf_value=0.016424811244161838 0.029142684237860841 0.0049514039571583171 0.011386258734275982 -0.012396031427844564 -0.0085298132547462716 -0.0051367072353973838 0.0073053528914519134 -0.0071231520339469657 0.011221270766541509 0 0.012181955197802217 0.023093191015910248 0.0041570644307584118 -0.011658372119836991 0.020379209276957196 -0.025701119286571126 0.02453234212572868 -0.018776520902247955 0.00025647912821571668 -0.026704294679458278 0.011406691083767366 -0.021362384701353997 -0.019117005900945564 -0.008451186655746951 0.0020543247336760719 0.030066365442697029 0.03630971638356293
leaf_weight=3.7779022455215445 18.090615898370743 4.7974050492048246 127.53153747320175 25.872488856315613 249.84350872039795 187.3733443915844 59.600378274917603 66.584194764494896 39.015964984893799 6.6457171142101279 21.871458694338799 9.3972417712211591 34.309586510062218 9.6509656906127912 114.65153416991234 16.20586921274662 64.011823415756226 114.17327208817005 26.459979996085167 71.30485725402832 5.0797987878322592 80.72629339993 4.8857803344726562 13.410695582628248 4.7737230360507956 9.3459552228450757 46.160872459411621
leaf_count=12 58 17 395 77 722 557 190 208 118 22 70 28 102 31 362 46 195 335 77 202 17 236 14 40 16 27 138
internal_value=-0.00055111 -0.00968212 0.0114871 0.00689598 -0.00629006 -9.21427e-05 0.0102332 0.00498906 0.022421 -0.0101963 -0.00681026 -0.00368778 0.0131471 0.0167459 0.0159927 -0.0108542 0.019657 -0.0176778 -0.00588652 -0.022007 -0.00300029 -0.018582 -0.0066512 -0.0196725 0.0325035 0.0216055 0.0351616
internal_weight=1435.55 816.83 618.723 436.906 641.705 249.171 368.368 194.116 181.817 392.534 271.715 196.771 52.4002 117.759 174.252 68.5383 103.028 120.819 52.3325 175.125 14.7308 103.82 9.68319 94.137 64.0585 14.1197 49.9388
internal_count=4312 2403 1909 1355 1894 745 1155 603 554 1149 792 585 160 361 552 200 313 357 154 509 48 307 31 276 193 43 150
is_linear=0
shrinkage=0.03


Tree=17
num_leaves=22
num_cat=0
split_feature=1 29 9 7 23 27 33 4 9 10 7 13 23 34 36 29 34 36 34 35 29
split_gain=19.0503 17.3762 16.5179 10.1851 8.43169 12.5926 8.69654 7.92873 8.26165 7.67771 6.72547 5.11561 4.42529 2.34029 1.92467 1.08563 0.482745 1.56339 1.5371 0.864498 0.00234303
threshold=-0.77992299199104298 0.26950000226497656 0.34812349081039434 22.169844627380375 7.1809556484222421 0.024717390537261966 1.3836151361465456 -5687.9118652343741 0.45433600246906286 -2.2961579561233516 32.69050598144532 0.22697050124406817 -13.804506301879881 0.5438583791255952 -0.0017837957129813729 0.20750000327825549 0.6704678237438203 0.0040063527412712583 0.64926794171333324 14.762268066406252 0.96549999713897716
decision_type=2 2 2 2 2 2 2 2 2 2 2 2 2 2 2 2 2 2 2 2 2
left_child=15 2 3 11 6 10 9 -4 -9 -3 -6 -2 -5 -8 -7 -1 18 20 19 -17 -18
right_child=1 4 7 12 5 14 13 8 -10 -11 -12 -13 -14 -15 -16 16 17 -19 -20 -21 -22
leaf_value=-0.026807877351561732 0.0030828938501699112 0.003643090781555643 -0.024730406149352364 -0.0031441188121880846 0 -0.0069921107773330176 0 0.0016097816030264988 0.019660781029428812 0.011040248300788664 0.034242753691878902 -0.0095628299258129559 -0.013392572051253012 -0.023765330176508691 -0.026075247691300422 -0.024613632728699087 -0.023777670885637297 0 0.0024065729631530808 -0.002461460796352107 -0.011174707900182384
leaf_weight=13.103981614112852 97.837586581707001 410.35318219661713 8.9962157011032087 52.561733454465866 44.796797543764114 8.7193010896444338 6.3113940358161953 304.87098252773285 24.371208012104034 186.63254481554031 5.3272938430309287 40.081124186515808 168.35204821825027 10.562571972608565 19.810734361410141 4.7032912969589216 12.999112010002142 2.8993585854768744 5.5682112425565711 3.9108671396970749 4.6649619936943045
leaf_count=41 290 1255 23 158 129 23 20 943 84 578 19 106 464 26 45 14 37 10 19 13 15
internal_value=0.000151196 0.000801227 -0.00253362 -0.00701885 0.00417041 -0.00499483 0.00536252 0.00220147 0.00300104 0.00597799 0.00392518 -0.00054838 -0.0110074 -0.0154399 -0.020774 -0.018353 -0.0145739 -0.0180571 -0.00846767 -0.0162307 -0.021344
internal_weight=1437.43 1389.58 697.071 358.832 692.514 78.6541 613.86 338.238 329.242 596.986 50.1241 137.919 220.914 16.874 28.53 47.8498 34.7458 20.5634 14.1824 8.61416 17.6641
internal_count=4312 4163 2068 1018 2095 216 1879 1050 1027 1833 148 396 622 46 68 149 108 62 46 27 52
is_linear=0
shrinkage=0.03


Tree=18
num_leaves=31
num_cat=0
split_feature=1 27 0 9 29 14 22 35 18 0 0 29 7 29 2 17 27 7 33 31 26 28 29 2 33 27 33 33 18 14
split_gain=166.393 32.9822 29.2667 14.9838 19.9494 13.4068 13.2913 21.6761 17.6678 12.6636 10.3246 10.123 9.11737 9.95491 8.95306 8.63075 8.59368 7.71114 6.26682 5.47493 5.40995 5.19805 4.53723 4.16593 4.16365 3.7267 1.96649 0.677412 0.829256 0.267495
threshold=-0.18859449774026868 0.026781643740832809 0.35418500006198889 0.40686200559139257 0.51250001788139354 -0.30557900667190546 -0.093178998678922639 20.583883285522464 0.4919355064630509 -3.1728779077529903 0.071775499731302275 0.59550002217292797 23.942666053771976 0.17449999600648883 4224.8249511718759 1.0000000180025095e-35 0.027111343108117584 57.42767524719239 0.14263887703418734 0.017439223825931553 0.99912029504776012 -0.37812425196170801 0.38449999690055853 3313.137084960938 0.60493806004524242 0.026931623928248886 0.21760097891092303 0.018976898863911632 0.15207350254058841 0.14276149868965152
decision_type=2 2 2 2 2 2 2 2 2 2 2 2 2 2 2 2 2 2 2 2 2 2 2 2 2 2 2 2 2 2
left_child=1 9 3 10 20 19 8 -8 -7 27 11 -2 13 -11 15 25 26 -14 -12 23 -5 -6 -21 -4 -17 -3 -16 28 -1 -29
right_child=2 14 5 4 21 6 7 -9 -10 12 18 -13 17 -15 16 24 -18 -19 -20 22 -22 -23 -24 -25 -26 -27 -28 29 -30 -31
leaf_value=-0.020904539890875717 0.012152822186442046 0.0053958823138950413 0.004749892130540217 0 -0.0054632419443976701 0.0015577016145744919 0.024093240857110683 0.0024731810358914188 0.018049432746649906 0.010435377048613572 -0.020525844809532623 -0.01481030761846952 -0.015863794121920651 -0.01199081676042809 0.012286971929117088 0.0020431809632457201 -0.0085623924006033997 0.012733448363814818 0.00073000165812332719 0.037402694585949282 -0.021973521873830369 0.022874259943737256 -0.0023297038098747838 -0.0090189950683679538 0.026114501940188533 -0.027226811603130945 0.044612273862355653 -0.027053524360554269 0 -0.019456284147244009
leaf_weight=2.8105579763650885 132.70034468173981 3.4687234610319129 46.900904357433319 12.335804283618925 7.917417615652087 127.7213052213192 190.94521591067314 54.750750988721848 109.57727617025375 28.619608104228973 16.413852989673615 13.120574861764906 298.71323159337044 44.707843467593193 3.7159595787525204 39.777577251195908 4.6770054101943961 8.0297725796699506 44.7498789280653 6.0567021667957288 53.818494185805321 16.564536824822426 3.5152502357959747 33.186440035700798 7.5248626470565787 11.792748272418974 8.9442710280418378 75.390036463737488 3.0865634977817535 22.543993785977364
leaf_count=10 367 10 138 39 26 377 457 161 282 80 55 42 1014 147 10 114 16 21 138 13 189 45 11 109 18 43 18 279 10 78
internal_value=0.000228513 -0.0124547 0.00845806 0.000791968 -0.00931347 0.0124224 0.0144009 0.0193268 0.00923287 -0.0154059 0.00527218 0.00962292 -0.0127893 -0.0031046 0.0052908 0 0.0240398 -0.0150664 -0.00494843 0.00164393 -0.0179005 0.0134238 0.0225263 -0.000864511 0.00629381 -0.0193052 0.0366355 -0.0247901 -0.0104635 -0.0255038
internal_weight=1434.08 563.803 870.275 297.621 90.6363 572.654 482.995 245.696 237.299 483.902 206.985 145.821 380.07 73.3275 79.9011 62.5639 17.3372 306.743 61.1637 89.6593 66.1543 24.482 9.57195 80.0873 47.3024 15.2615 12.6602 103.831 5.89712 97.934
internal_count=4317 1868 2449 901 299 1548 1277 618 659 1639 602 409 1262 227 229 185 44 1035 193 271 228 71 24 247 132 53 28 377 20 357
is_linear=0
shrinkage=0.03


Tree=19
num_leaves=31
num_cat=0
split_feature=1 1 27 1 27 35 3 35 23 0 33 23 35 35 27 35 27 27 27 13 0 35 31 35 35 34 27 33 32 34
split_gain=152.73 29.8634 27.8782 27.0992 17.525 16.4657 11.3268 11.2792 10.1743 8.82099 8.51894 8.02594 7.41701 5.94627 5.8522 5.606 5.14186 7.92888 6.59573 4.96426 3.70352 3.51976 2.84307 1.96753 5.14864 1.82457 1.70822 1.4272 1.34115 2.87434
threshold=-0.15377149730920789 -0.69541749358177174 0.026736826635897163 0.64156350493431102 0.020410035736858848 13.223714828491213 45.40954780578614 19.491973876953129 -6.1057615280151358 0.5263429880142213 0.21997243165969851 -0.79582402110099781 13.067562103271486 13.509655952453615 0.027514189481735233 20.316899299621586 0.020377944223582748 0.021102692000567917 0.019356613047420982 0.68629449605941784 2.7174900770187382 12.658586978912355 0.00086596989422105264 19.308928489685062 20.236121177673343 0.70893129706382763 0.02775436453521252 0.46904051303863531 -0.010675145778805016 0.69308516383171093
decision_type=2 2 2 2 2 2 2 2 2 2 2 2 2 2 2 2 2 2 2 2 2 2 2 2 2 2 2 2 2 2
left_child=1 10 5 4 6 19 11 14 -7 -8 16 -2 21 26 -6 -9 18 -18 -1 -3 23 -4 -15 25 -25 -5 -12 -14 29 -22
right_child=3 2 12 20 7 8 9 15 -10 -11 13 -13 27 22 -16 -17 17 -19 -20 -21 28 -23 -24 24 -26 -27 -28 -29 -30 -31
leaf_value=-0.003419446085360689 0.021892228679263517 0.022381382151285698 -0.010582182057318141 -0.024213105701133601 -0.0068229982767873823 0.014952199196046361 0.0020030440752449893 -0.024970648334604235 0.0047052636309830075 -0.011698905863513773 0 0.00044213007096442178 -0.027628392699604386 0.034604492611380495 -0.026854306745794615 9.5273008530783306e-05 -0.016042069599150915 0.0162519971735565 0.032521704134473292 0.051242328682898831 0.0084666618161499067 0.0050561245526296291 0.0038398356792048983 0.025981993355507094 -0.012548249494580407 -0.0058546407937063033 0.02394734997732274 -0.0042665988575067166 -0.025319689485858783 -0.024322616604422899
leaf_weight=5.4438679516315487 31.013973549008369 30.851368844509125 26.594728395342827 25.398374184966087 322.01394574344158 136.51227539777756 99.961958050727844 55.728872612118721 253.17763383686543 71.577773556113243 8.1011714041233045 33.080492347478867 18.329911723732952 64.398417234420776 13.638319969177244 8.5323278903961164 10.144506305456163 18.142993211746216 17.736016511917114 7.6603716909885398 3.508446127176283 23.551447510719299 3.6528769433498374 2.7785684466361991 40.471356868743896 8.2115540504455549 3.76133969426155 4.0109112560749045 82.430753514170647 4.8152879476547241
leaf_count=16 99 99 78 79 957 432 289 158 788 211 25 107 53 192 32 27 24 56 53 23 11 69 12 8 120 24 10 11 239 15
internal_value=-0.000324393 0.0106961 0.0073156 -0.00900974 -0.00614992 0.0102381 0.000303881 -0.00997069 0.00833249 -0.00367939 0.0234343 0.0110498 -0.00977709 0.0296663 -0.00770242 -0.0215285 0.0133924 0.00428054 0.0238068 0.028936 -0.0197493 -0.00308245 0.0331244 -0.0144263 -0.00959853 -0.0201432 0.0085625 -0.0240134 -0.024055 -0.00978538
internal_weight=1435.23 632.07 500.689 803.162 635.548 428.202 235.634 399.913 389.69 171.54 131.381 64.0945 72.487 79.9138 335.652 64.2612 51.4674 28.2875 23.1799 38.5117 167.614 50.1462 68.0513 76.8599 43.2499 33.6099 11.8625 22.3408 90.7545 8.32373
internal_count=4317 1941 1553 2376 1880 1342 706 1174 1220 500 388 206 211 239 989 185 149 80 69 122 496 147 204 231 128 103 35 64 265 26
is_linear=0
shrinkage=0.03


Tree=20
num_leaves=29
num_cat=0
split_feature=9 7 29 4 19 27 27 8 29 35 29 9 35 7 27 35 25 36 6 27 30 30 35 29 23 29 9 26
split_gain=21.6782 14.3563 12.6607 9.33607 9.83327 8.60473 12.3009 20.429 8.99707 8.40422 9.64573 9.20204 9.68993 8.31134 8.70564 7.90039 7.65654 7.52174 7.38749 6.05618 5.60501 7.23112 4.60042 4.43174 6.72683 3.83147 3.11775 0.413395
threshold=0.34812349081039434 22.169844627380375 0.25249999761581426 -1585.8619995117185 1.0000000180025095e-35 0.02104188967496157 0.020586381666362289 -1.2510275244712827 0.20549999922513965 17.167963981628422 0.37250000238418585 0.4796034991741181 16.027423858642582 48.380487442016609 0.026406133547425274 13.125956058502199 0.0016482431674376132 -0.0026792072458192702 0.067668996751308455 0.026909084990620617 -0.0057409969158470622 0.0075836216565221557 20.344471931457523 0.36249999701976782 3.1615639925003056 0.25749999284744268 0.33198650181293493 0.99898621439933788
decision_type=2 2 2 2 2 2 2 2 2 2 2 2 2 2 2 2 2 2 2 2 2 2 2 2 2 2 2 2
left_child=1 5 18 4 -4 6 8 -8 -1 10 11 12 -2 15 -15 -12 -13 23 22 -20 25 -22 -3 27 -25 -19 -5 -11
right_child=9 2 3 26 -6 -7 7 -9 -10 17 13 16 -14 14 -16 -17 -18 20 19 -21 21 -23 -24 24 -26 -27 -28 -29
leaf_value=-0.006417331051078644 -0.0022301939967342083 -0.019611460610703731 0.010858054095444635 -0.014864598578239562 -0.0076848077237990399 -0.022186781945295296 0.00067415861335468779 0.04457879716926097 0.0084399228026693328 0.016840576929155675 -0.024452576745316854 0.038346645223681364 -0.022685286746277514 0.038178735008492337 0.0089856289029497018 0.0039722496501585708 0.0024374590574494101 -0.0084581121734629873 -0.0069424216309951188 0.026847688472272146 0.014276636579913996 0.0012376110110459313 -0.0065235468082703203 -0.0012957151474410392 0.041504009468205157 0.0066180682620124885 -0.0036318454092987848 0.042839385410651
leaf_weight=83.045904994010925 253.92742204666138 104.33074101805687 70.353426218032837 41.543908536434174 39.451906085014343 11.341403931379316 23.829361855983734 15.914093136787413 64.878464803099632 3.0271086990833309 8.6386612355709058 7.9456325173378017 22.426175564527512 12.032579362392424 41.906624555587769 202.03425300121307 16.418351888656616 33.396253705024719 76.392490178346634 4.5148487687110892 95.014978259801865 66.734869629144669 35.267229437828064 10.597103744745253 4.0556401610374442 26.546083301305771 54.114570245146751 8.0872966945171338
leaf_count=232 760 286 224 119 111 27 70 57 200 10 22 29 61 44 128 619 53 98 220 16 312 206 112 30 15 78 148 30
internal_value=8.96368e-05 -0.00410303 -0.00721367 -0.00179648 0.00410957 0.0025114 0.00410681 0.0188136 4.47869e-05 0.00332512 0.00128514 -0.00236842 -0.00396061 0.0054678 0.0159541 0.00270893 0.0150458 0.00793723 -0.0122051 -0.00479297 0.00606744 0.00897285 -0.0164043 0.0232599 0.0109352 -0.00163305 -0.00865568 0.0375631
internal_weight=1437.77 624.978 425.969 205.464 109.805 199.009 187.668 39.7435 147.924 812.789 565.33 300.718 276.354 264.612 53.9392 210.673 24.364 247.459 220.505 80.9073 221.692 161.75 139.598 25.7671 14.6527 59.9423 95.6585 11.1144
internal_count=4317 1822 1236 602 335 586 559 127 432 2495 1716 903 821 813 172 641 82 779 634 236 694 518 398 85 45 176 267 40
is_linear=0
shrinkage=0.03


Tree=21
num_leaves=29
num_cat=0
split_feature=0 1 9 13 13 22 35 22 35 0 0 32 35 35 22 9 2 35 25 30 25 25 33 26 25 33 33 28
split_gain=155.008 37.1963 24.4119 15.6521 15.2653 17.598 20.2852 12.0306 11.5501 9.62398 8.37853 8.35914 7.89545 11.1008 7.52181 8.60043 7.39086 7.14931 7.12779 7.06786 6.41831 5.55395 5.34064 4.46061 3.90118 1.80678 1.55998 0.370915
threshold=0.30329549312591558 -0.50438550114631642 0.40329450368881231 0.10810850188136102 0.37764449417591101 -0.093178998678922639 20.616698265075687 -5.1134955883026114 12.658586978912355 -0.50731351971626271 0.071775499731302275 -0.0056745456531643859 12.658586978912355 12.474588394165041 4.199775457382203 0.3621129989624024 2590.5112304687505 14.816081047058107 0.0025053648278117184 -0.027894004248082634 0.0024379567475989465 0.0010718263802118602 0.14436727762222293 0.99996808171272289 0.0061466584447771319 0.18888977915048602 0.16074333339929583 0.22014603018760684
decision_type=2 2 2 2 2 2 2 2 2 2 2 2 2 2 2 2 2 2 2 2 2 2 2 2 2 2 2 2
left_child=1 12 3 9 5 7 20 17 26 -3 -5 25 13 -1 15 -14 -8 -2 -10 -9 -7 23 -16 -13 -23 -6 -4 -27
right_child=4 2 8 10 11 6 16 19 18 -11 -12 21 14 -15 22 -17 -18 -19 -20 -21 -22 24 -24 -25 -26 27 -28 -29
leaf_value=-0.024657282953424363 0.023829061835909982 -0.0099007348292955155 0.029595674821309863 0.010762665820184612 0.0031475368652672791 0.02734660437467042 0.0083676813451434105 -0.0097441165794591063 -0.019292151123656443 0.0021201698212298097 -0.0052748496428295854 0.03516762190255146 -0.013605420289827894 0.039351864912831228 0.015277044111361092 -0.026460126294246631 -0.019344259072817619 -0.0041753143613372937 -0.0067153860893628646 0.0067677106739027397 0.014940733306536084 -0.0087947908527352837 -0.011929993354761002 -0.00044335069110434158 0.019323117240090996 0.014379187717283673 0.0033856221710128389 0.03493177181452671
leaf_weight=3.9913446903228742 53.343118190765381 137.98332189023495 4.7734632790088636 130.92545342445374 4.9476536512374869 143.22251373529434 40.348003327846527 26.364413529634476 111.83608388900757 103.60527601838112 36.569783926010132 5.0197066962718946 87.936774834990501 4.6905495524406433 7.7457272410392752 117.01356008648872 10.406547129154204 8.8957522213458997 68.84904608130455 163.10360857844353 59.132194012403488 61.953913807868958 27.640318542718887 6.2689204514026642 4.1354868412017813 4.5281568467617017 5.0304088294506073 5.6931501924991608
leaf_count=13 132 452 11 359 14 328 113 83 394 302 117 11 291 10 22 434 38 27 229 459 150 200 95 19 11 12 15 13
internal_value=0.000192296 -0.00804084 -0.00396707 0.000145477 0.0119 0.0139524 0.019562 0.0082482 -0.0128233 -0.00471466 0.00720229 0.000593271 -0.0177858 0.00920436 -0.0188152 -0.021035 0.00237684 0.0196816 -0.0145813 0.00440312 0.0238115 -0.0033332 -0.00559391 0.0154483 -0.0067683 0.0206641 0.0178375 0.0277614
internal_weight=1445.95 848.591 599.573 409.084 597.363 504.816 253.109 251.707 190.489 241.589 167.495 92.547 249.018 8.68189 240.336 204.95 50.7546 62.2389 180.685 189.468 202.355 77.378 35.386 11.2886 66.0894 15.169 9.80387 10.2213
internal_count=4354 2744 1879 1230 1610 1330 629 701 649 754 476 280 865 23 842 725 151 159 623 542 478 241 117 30 211 39 26 25
is_linear=0
shrinkage=0.03


Tree=22
num_leaves=29
num_cat=0
split_feature=1 1 1 27 1 27 35 35 35 35 25 1 28 27 34 27 2 27 7 32 35 35 35 34 28 29 35 26
split_gain=153.077 34.8718 24.1812 15.583 14.5611 13.4966 13.7555 13.4787 9.75812 9.09098 7.31835 6.05111 7.73545 5.93345 5.20263 4.95526 4.76275 5.78945 4.1581 3.9695 2.90018 2.53547 2.39142 2.06618 3.97065 1.46425 1.18762 0.0556988
threshold=-0.25575350224971766 0.64156350493431102 -0.69541749358177174 0.020415175706148151 0.43567599356174475 0.026736826635897163 13.223714828491213 19.491973876953129 19.750007629394535 13.421221256256105 0.001714533369522542 -0.75638151168823231 0.097945012152194991 0.026598605327308181 0.74207592010498058 0.019356613047420982 3701.428100585938 0.027362042106688026 25.388464927673343 -0.015069640707224606 20.41665077209473 13.035574913024904 20.316899299621586 0.67181196808815014 0.19310469925403598 0.082499999552965178 13.400529861450197 1.0011073946952822
decision_type=2 2 2 2 2 2 2 2 2 2 2 2 2 2 2 2 2 2 2 2 2 2 2 2 2 2 2 2
left_child=2 3 9 4 10 6 21 13 -8 11 -2 12 -1 -5 15 -11 17 -7 23 -20 -6 -4 -9 24 -3 -25 -18 -21
right_child=1 18 5 7 20 16 8 22 -10 14 -12 -13 -14 -15 -16 -17 26 -19 19 27 -22 -23 -24 25 -26 -27 -28 -29
leaf_value=0.035401976859342127 0.010373033414300145 -0.01660535711961747 0.013378209363904959 -0.00410557212305066 -0.0048178145787252484 0.0065221160865355527 0.012127402378823789 -0.022387070569039529 0.0006317633625056618 0.010538704829686356 -0.0013873807749387808 -0.026268900046494598 -0.0057390556146564341 -0.013152947192059672 -0.0035110824039068051 0.030451124858192083 -0.026126339789293809 -0.025971370527836681 0.006674944015028242 -0.02737892005688897 -0.017493234962049013 0.039175732272058714 -0.001898537448314169 0 0.0057452585868879432 -0.019568339567623227 -0.005477898288828816 -0.020871669441310671
leaf_weight=6.8774363100528744 108.41262027621269 16.098939344286922 6.6598368287086513 315.90039683878422 39.894507065415382 25.69206324219704 248.65260100364685 61.593557268381119 93.009648501873016 15.175697475671766 82.291240274906158 4.0479781329631797 8.3585931658744794 84.156302139163017 4.3291408121585837 95.74369952082634 9.8756517320871335 5.5738315284252158 2.9183989018201819 62.843408063054085 31.206978783011436 16.95978781580925 6.7549411952495566 2.7751047611236563 11.447155386209486 44.623138636350632 5.3795510530471793 28.043833434581757
leaf_count=20 325 51 18 954 114 76 766 184 292 45 250 15 22 246 11 284 29 18 9 183 93 51 21 9 35 132 14 87
internal_value=-0.000168914 -0.00778499 0.0123421 -0.00492087 0.000909705 0.00868107 0.0106277 -0.00819644 0.00902978 0.023408 0.00526083 0.00368305 0.0127946 -0.0060453 0.0266006 0.0278671 -0.00636317 0.000128501 -0.0200742 -0.0244653 -0.0105902 0.0327031 -0.0205214 -0.014333 -0.00705951 -0.0182544 -0.0198211 -0.0255947
internal_weight=1445.3 898.961 546.336 730.211 261.805 411.803 365.282 468.405 341.662 134.533 190.704 19.284 15.236 400.057 115.249 110.919 46.5211 31.2659 168.75 93.8056 71.1015 23.6196 68.3485 74.9443 27.5461 47.3982 15.2552 90.8872
internal_count=4354 2693 1661 2187 782 1264 1127 1405 1058 397 575 57 42 1200 340 329 137 94 506 279 207 69 205 227 86 141 43 270
is_linear=0
shrinkage=0.03


Tree=23
num_leaves=28
num_cat=0
split_feature=9 10 9 21 2 7 27 3 7 29 27 33 17 33 6 30 34 4 2 27 34 3 10 29 7 3 10
split_gain=18.92 11.6487 12.9276 11.1636 9.69173 9.97939 9.32016 16.0579 10.9064 8.925 7.83731 7.68125 7.60192 6.73745 6.27805 6.06069 5.11879 4.45569 4.04402 4.02172 3.39701 2.44275 2.02993 1.96973 1.09639 0.671009 0.538554
threshold=0.4505975097417832 -8.439363479614256 0.34812349081039434 0.023399999365210537 3548.035278320313 22.169844627380375 0.026931623928248886 33.179733276367195 52.273168563842781 0.44050000607967382 0.020931574515998367 0.46388489007949835 0.81174498796463024 0.27960035204887396 0.047767000272870071 0.023458210751414302 0.6764948070049287 -5656.5095214843741 3701.428100585938 0.020998104475438598 0.68985873460769664 27.438449859619144 -1.2148234844207761 0.284500002861023 31.444667816162113 43.465270996093757 -14.707084655761717
decision_type=2 2 2 2 2 2 2 2 2 2 2 2 2 2 2 2 2 2 2 2 2 2 2 2 2 2 2
left_child=1 6 4 19 5 -3 7 9 23 -1 -6 13 -5 17 -9 16 21 -2 -10 -4 -19 -13 26 -8 -24 -17 -15
right_child=11 2 3 12 10 -7 8 14 18 -11 -12 15 -14 22 -16 25 -18 20 -20 -21 -22 -23 24 -25 -26 -27 -28
leaf_value=-0.021965785354715068 -0.011608680733298075 -0.0013318988750197485 0.014330715877438805 -0.0025446775008328417 0.001906311049667174 -0.011928205547714947 0.015789948257950676 0.0099237588652850948 0.0202676457597399 0.0036444474065582227 0.043624301672980502 -0.0026417225753196595 0.014206437210030049 0.026085919951942298 0.0010269992305847265 -0.024488311920942776 -0.01657786241056055 0.024165422769915946 0.051522139580052431 -0.012466432069287681 0.0076954344537071015 0.017515250667056725 0.017670912284053587 -0.0092709248887748626 0.041751787206976629 -0.0049711384924559518 0.009722979634192986
leaf_weight=36.016991302371025 7.2675484716892234 120.92905566096306 57.209210306406021 406.71470439434052 31.507160902023315 248.92250475287437 3.1507435739040366 111.29230362176895 15.144908457994463 17.407089203596115 4.2634553015232077 6.2283833026886013 25.328733295202255 4.4932376146316519 205.32224127650261 7.2338390350341779 6.2507766187191001 15.942823648452757 6.3301286101341239 4.7825058400630942 48.717796474695206 19.749268591403961 5.2793848216533652 10.617130041122435 10.330713987350462 4.0430503189563751 9.5046580433845538
leaf_count=101 19 345 187 1209 95 712 10 349 51 56 16 20 78 16 627 19 16 53 24 11 153 64 17 27 37 12 30
internal_value=-1.71887e-05 -0.00116722 -0.00307414 0.00016756 -0.00703994 -0.00849435 0.00304224 0.00160015 0.0176977 -0.0134979 0.00765959 0.0102362 -0.00152654 0.0147378 0.00419337 -0.00011339 0.00632426 0.00947047 0.0308527 0.0120362 0.0120487 0.0123839 0.0268652 -0.00255266 0.0349674 -0.0187633 0.0163147
internal_weight=1449.98 1304.94 899.657 494.035 405.622 369.852 405.282 370.039 35.2429 53.4241 35.7706 145.041 432.043 101.536 316.615 43.5053 32.2284 71.9282 21.475 61.9917 64.6606 25.9777 29.608 13.7679 15.6101 11.2769 13.9979
internal_count=4354 3898 2653 1485 1168 1057 1245 1133 112 157 111 456 1287 325 976 131 100 225 75 198 206 84 100 37 54 31 46
is_linear=0
shrinkage=0.03


Tree=24
num_leaves=31
num_cat=0
split_feature=1 27 0 0 13 22 27 9 27 31 17 25 7 25 29 27 27 0 2 4 27 27 26 9 29 29 0 34 29 29
split_gain=156.896 33.9909 30.3398 18.3326 17.0003 16.8397 13.9956 12.3573 12.2012 11.4565 10.9507 12.3054 10.6224 10.5763 10.5632 10.4496 8.47816 8.22435 7.93358 6.9281 6.72953 6.22189 5.90448 4.74219 4.75451 3.97736 3.92234 3.09823 2.8658 1.41643
threshold=-0.16258350014686582 0.026736826635897163 0.30329549312591558 0.10615099966526033 0.37764449417591101 -0.093178998678922639 0.020035569556057457 0.3621129989624024 0.019815457053482536 0.024231937713921074 1.0000000180025095e-35 0.00097680406179279111 24.139434814453129 0.002862373949028552 0.39049999415874487 0.018917583860456947 0.026781643740832809 2.2710504531860356 3701.428100585938 1518.5385742187502 0.025875748135149482 0.020655313506722454 0.99946019053459179 0.37418049573898321 0.95100000500679027 1.3489999771118166 -1.7968384623527525 0.69373688101768505 0.36849999427795416 0.7514999806880952
decision_type=2 2 2 2 2 2 2 2 2 2 2 2 2 2 2 2 2 2 2 2 2 2 2 2 2 2 2 2 2 2
left_child=1 7 3 6 5 8 12 10 -4 19 11 -1 -2 -12 18 -7 -8 20 22 -9 -6 28 -3 24 -16 -19 -11 -23 -5 -25
right_child=2 14 4 21 17 15 16 9 -10 26 13 -13 -14 -15 23 -17 -18 25 -20 -21 -22 27 -24 29 -26 -27 -28 -29 -30 -31
leaf_value=0.016272098778148884 0.0058999511362883205 -0.0094129261499660798 -0.01856118268044268 -0.025588520038105481 0.0025806239950934224 -0.011985578873174165 0.0065101423273367489 -0.021807550405260712 0.010199558415830775 -0.0030747049136502515 -0.018423295429194072 -0.0093828361450999081 -0.018866479083631468 0.0034393545621138077 -0.0044418094408890272 0.020833864205642538 0.045604499479345903 -0.019750173293427289 0.038435991936071098 0 0.041372841821947115 0.025364814570698661 0.015880639884776553 -0.0066444298246885339 0.027342877031946058 0.016144320404668861 0.033073807490215948 -0.011528331120305059 0 -0.026219683303408833
leaf_weight=25.879028901457787 25.519976675510406 11.296138569712637 13.378248006105421 32.48851977288723 60.650227010250092 8.3967178612947446 169.96397988498211 248.14362987875938 243.84403082728386 5.8053347617387772 111.49975204467773 45.959905609488487 37.184933707118034 23.239611148834229 17.266498252749447 242.31015667319298 4.7603132128715506 20.840703859925274 9.7514018863439542 14.029266893863676 3.8911852836608878 3.6514849364757529 25.677999138832092 8.2341197878122347 4.9801281690597525 2.532903552055358 3.9041951149702054 3.2488432079553604 4.6526916027069083 8.904313921928404
leaf_count=70 70 35 45 118 179 29 497 906 668 20 380 149 129 71 52 587 9 74 21 44 8 9 68 27 12 7 10 11 15 32
internal_value=0.00023595 -0.0120877 0.00817908 2.87637e-05 0.0120109 0.0141173 0.00336728 -0.015213 0.00863567 -0.0194505 -0.00955889 0 -0.00867758 -0.0145871 0.00516133 0.0196772 0.00775371 -6.82788e-05 0.0147952 -0.0206502 0.00535784 -0.017603 0.00789043 -0.00608459 0.00272247 -0.0152268 0.011487 0.00717316 -0.0224793 -0.01778
internal_weight=1441.89 564.571 877.315 281.471 595.844 507.929 237.429 478.461 257.222 271.882 206.578 71.8389 62.7049 134.739 86.1106 250.707 174.724 87.915 46.7255 262.173 64.5414 44.0415 36.9741 39.3851 22.2466 23.3736 9.70953 6.90033 37.1412 17.1384
internal_count=4352 1897 2455 858 1597 1329 705 1650 713 980 670 219 199 451 247 616 506 268 124 950 187 153 103 123 64 81 30 20 133 59
is_linear=0
shrinkage=0.03


Tree=25
num_leaves=29
num_cat=0
split_feature=1 1 1 0 13 25 29 2 28 31 22 35 15 35 35 26 26 34 36 29 31 32 34 21 34 28 29 25
split_gain=142.404 35.8781 30.5322 12.3249 11.1233 11.9833 10.6076 10.3226 8.57983 7.04487 6.76957 10.1094 6.96515 11.4201 6.76783 6.35037 5.76353 4.41149 3.93659 3.55909 2.89253 1.83171 4.37691 2.22233 3.96431 1.61336 0.426539 0.0115418
threshold=-0.025349999777972695 -0.45222748816013331 0.64156350493431102 -4.5034699440002433 -0.38691450655460352 0.0015822657151147725 0.30449999868869787 2476.3061523437505 -0.58028212189674366 -0.010442137252539395 -1.4090860486030576 20.164356231689457 1.0000000180025095e-35 19.542401313781742 15.739279747009279 0.99966919422149669 1.0000778436660769 0.69516408443450939 0.0054786559194326409 0.23849999904632571 -0.0012962306791450826 -0.010675145778805016 0.69277173280715953 0.11719999834895135 0.58595949411392223 0.75181958079338085 0.2034999951720238 0.00068880614708177756
decision_type=2 2 2 2 2 2 2 2 2 2 2 2 2 2 2 2 2 2 2 2 2 2 2 2 2 2 2 2
left_child=1 3 4 25 5 15 7 -5 -8 17 11 14 18 -14 -3 -2 -13 -6 -12 -11 -7 22 -4 24 -23 26 -1 -25
right_child=2 10 21 6 9 20 8 -9 -10 19 12 16 13 -15 -16 -17 -18 -19 -20 -21 -22 23 -24 27 -26 -27 -28 -29
leaf_value=0.039894040119467129 -0.0035727253182940366 -0.0012854572962324594 0.017810415510183468 0.0047454456068327351 -0.0052749441789451861 0.016883191368911334 0.021600810123368449 0.02101189045554162 0.003064353291272439 -0.0065394969386142806 0.0036228285599517172 0.032830214822349699 -0.020563365040948224 0.028497882940641914 -0.016342395093827018 0.03102993109435551 0 0.017246211848160421 -0.017027765264682668 -0.012177321569642371 -0.010429046252193958 0.0092610050582409738 -0.023913456247599683 -0.0078298456349825251 -0.018866884462690515 0.0087259604004487797 0.026973232028128461 -0.025210085127932699
leaf_weight=10.471080332994459 5.7704914212226894 72.232214704155922 3.3312420994043332 48.227490216493607 15.047654405236246 3.3754512965679195 27.395537599921227 150.25140258669853 126.48439231514931 225.11592294275761 193.37262739241123 9.1055488586425799 4.6961765289306667 21.490350991487503 43.810226663947105 17.41960272192955 8.7793956100940687 14.588310822844504 8.0637989789247495 204.29239957034588 24.674751609563828 4.2245831340551367 4.7310219407081604 2.1057177335023871 48.165814027190208 5.0516124367713919 34.107236176729202 105.82182441651821
leaf_count=30 19 218 11 150 48 10 84 448 398 647 592 28 11 64 137 53 24 43 26 622 74 13 15 6 145 15 102 319
internal_value=-0.00047311 0.00840535 -0.010474 0.0145696 -0.00678077 0.00633013 0.0125192 0.0171265 0.006482 -0.00826914 0.00151615 -0.00378977 0.00467894 0.0191418 -0.00709295 0.022146 0.0167626 0.00561466 0.00271147 -0.00925369 -0.00658905 -0.02156 -0.00558915 -0.0222873 -0.0163625 0.0286773 0.0306167 -0.0249917
internal_weight=1442.2 763.539 678.665 401.989 510.285 51.2403 352.359 198.479 153.88 459.044 361.55 133.927 227.623 26.1865 116.042 23.1901 17.8849 29.636 201.436 429.408 28.0502 168.38 8.06226 160.318 52.3904 49.6299 44.5783 107.928
internal_count=4352 2327 2025 1227 1516 156 1080 598 482 1360 1100 407 693 75 355 72 52 91 618 1269 84 509 26 483 158 147 132 325
is_linear=0
shrinkage=0.03


Tree=26
num_leaves=22
num_cat=0
split_feature=1 29 2 7 30 23 26 16 33 10 36 29 8 26 30 36 29 31 29 29 29
split_gain=15.084 11.7706 20.2736 10.6695 11.8443 8.8596 8.33259 7.97513 7.50976 6.57287 5.55828 4.56518 7.44462 3.53845 2.38314 1.81651 1.91488 1.28132 0.631255 0.894864 0.868357
threshold=-0.77992299199104298 0.40749999880790716 2987.780883789063 15.242184162139894 -0.016243268735706803 5.2898626327514657 0.99943286180496227 -0.60785751044750203 0.4796969741582871 4.7818539142608651 0.0014695080462843182 0.7514999806880952 5.6169016361236581 1.0003328919410708 -1.0000000180025095e-35 0.0030708331614732747 0.67050001025199901 0.00086596989422105264 0.26749999821186071 0.42849999666213995 0.37749999761581426
decision_type=2 2 2 2 2 2 2 2 2 2 2 2 2 2 2 2 2 2 2 2 2
left_child=15 3 11 8 9 7 -6 -4 13 -5 -7 12 -3 -2 -13 18 -17 -10 -1 20 -20
right_child=1 2 5 4 6 10 -8 -9 17 -11 -12 14 -14 -15 -16 16 -18 -19 19 -21 -22
leaf_value=-0.024867922566439382 0.043198288506485077 -0.0046354095474634462 -0.00040359582239357135 -0.01163327489792304 0.0060416996214669788 0.0064673833382004079 -0.0014260757218666877 0.014127249958036924 0.010295662334032351 0.004162375322386302 -0.014632420241164375 -0.024367787527547813 0.029652918667719016 0.0062428813114372497 -0.0071779859913892359 0.016200245329400311 -0.015798572239023711 -0.012521469656612008 -0.012634044670007522 -0.019483066280547235 0.0029496040873620614
leaf_weight=14.969138815999029 9.3064168989658373 63.470968782901764 39.481901243329048 131.83199042081833 167.87820707261562 24.491949707269669 666.76787258684635 199.48832666873932 3.0565455555915824 27.673369795084 19.567866653203964 14.472567826509474 5.7291764914989463 4.1141792833805075 19.33329564332962 2.7056920379400244 3.0339907705783844 4.7676544487476349 6.8857614696025866 14.698311626911162 4.0798211097717285
leaf_count=48 34 183 119 371 521 75 1991 629 10 85 52 36 20 13 53 10 10 12 21 46 13
internal_value=0.00023008 0.000795847 0.00525465 -0.000892203 -0.00135472 0.00941043 6.79115e-05 0.0116931 0.0198707 -0.00883212 -0.00276054 -0.00606757 -0.00147515 0.033147 -0.0150473 -0.0165021 0 -0.00244369 -0.01871 -0.0143676 -0.0061753
internal_weight=1447.81 1401.43 386.036 1015.4 994.151 283.03 834.646 238.97 21.2448 159.505 44.0598 103.006 69.2001 13.4206 33.8059 46.3727 5.73968 7.8242 40.633 25.6639 10.9656
internal_count=4352 4204 1167 3037 2968 875 2512 748 69 456 127 292 203 47 89 148 20 22 128 80 34
is_linear=0
shrinkage=0.03


Tree=27
num_leaves=29
num_cat=0
split_feature=20 1 13 27 22 35 18 20 27 13 31 27 26 35 27 9 26 25 20 29 26 31 33 33 27 33 1 27
split_gain=146.788 32.8097 22.839 19.949 15.5517 19.9582 15.1879 14.1332 12.9982 12.8549 11.8817 11.8645 10.4652 10.1475 9.62173 8.57544 8.26573 7.13088 7.00279 11.4309 6.76889 5.82145 4.43035 4.24989 3.79612 1.8089 0.709796 0.443815
threshold=0.30329549312591558 -0.40709899365901941 0.37764449417591101 0.026736826635897163 -0.093178998678922639 20.616698265075687 0.52592149376869213 0.10615099966526033 0.019815457053482536 -0.13855250179767606 0.013948959298431875 0.02045493666082621 1.0036411285400393 20.316899299621586 0.019159005954861644 0.37418049573898321 0.99996808171272289 0.00094507259200327109 -3.1728779077529903 0.95100000500679027 1.0008643269538882 0.028634588234126571 1.2414397597312929 0.34379796683788305 0.026909084990620617 0.14554556459188464 -0.48342001438140864 0.020611920394003395
decision_type=2 2 2 2 2 2 2 2 2 2 2 2 2 2 2 2 2 2 2 2 2 2 2 2 2 2 2 2
left_child=1 3 4 18 6 12 11 9 -8 21 17 -2 -6 -11 -7 16 -5 -4 26 -20 27 -3 -19 -22 -17 -12 -1 -9
right_child=2 7 10 15 5 14 8 20 -10 13 25 -13 -14 -15 -16 24 -18 22 19 -21 23 -23 -24 -25 -26 -27 -28 -29
leaf_value=-0.025382809993469098 -0.01836048692372769 -0.013298546247270457 0.02188116473476652 -0.0030332704267556502 0.025099149033742517 -0.02310127758397407 -0.016972571148375772 -0.027819671036504377 0.020783613932907043 0.0039274009530644539 0.0037326203410842948 0.0060438698320809305 -0.018698598166462927 -0.010500882439817822 0.0092535476112449062 0.0084085709991540275 0.025170280576569351 -0.011658781326990445 -0.015744311040090456 0.014700986104771876 -0.016163326886796 0.026980434876778477 0.022274479900651203 0.021501397478901028 -0.026132429570219762 0.033395831763504059 -0.013581435402750865 -0.013082871254634379
leaf_weight=84.013555645942688 20.392407700419426 76.578650772571564 6.4062275886535636 17.907887160778046 192.62956440448761 9.6130618602037412 8.337694048881529 26.044518560171127 95.513013035058975 291.22125849127769 3.502254366874693 122.52409902215004 4.4591914713382712 50.935840651392937 43.495169341564178 3.2090282142162314 17.810505002737045 64.729968369007111 212.19773098826408 11.024457871913908 4.7677894383668882 2.7755097448825827 3.0321533530950537 4.899046778678894 9.8175423592329008 7.7732587456703186 10.578306958079336 6.2498933076858512
leaf_count=317 70 261 16 51 440 35 28 98 236 864 10 345 14 167 119 9 43 214 737 33 17 7 8 14 36 17 38 21
internal_value=0.000311983 -0.00778092 0.011858 -0.0144865 0.0143218 0.0196219 0.00888288 -0.00244821 0.0175993 -0.00076319 -0.00236756 0.00244705 0.0240179 0.00174105 0.00306831 0.00320052 0.0109349 -0.00686648 -0.0172283 -0.014171 -0.0189544 -0.0116169 -0.00985649 0.0021582 -0.0169618 0.0254962 -0.024236 -0.0254851
internal_weight=1412.44 830.032 582.408 366.559 496.964 250.197 246.767 463.473 103.851 421.511 85.4439 142.917 197.089 342.157 53.1082 48.745 35.7184 74.1683 317.814 223.222 41.9612 79.3542 67.7621 9.66684 13.0266 11.2755 94.5919 32.2944
internal_count=4265 2713 1552 1264 1287 608 679 1449 264 1299 265 415 454 1031 154 139 94 238 1125 770 150 268 222 31 45 27 355 119
is_linear=0
shrinkage=0.03


Tree=28
num_leaves=29
num_cat=0
split_feature=20 20 29 20 13 3 6 20 25 28 13 35 7 25 13 21 35 29 22 18 32 33 25 4 25 26 30 35
split_gain=145.168 42.2954 12.3676 10.9728 9.95036 11.0573 9.06159 7.89698 8.4825 6.95695 6.38742 11.9703 8.57314 9.66705 5.88011 5.81943 7.02089 5.72356 5.46547 3.67235 3.39313 3.2016 3.11354 3.21243 2.34977 1.65986 0.417597 2.48763
threshold=0.026813500560820106 -2.5905750989913936 0.32350000739097601 2.7174900770187382 0.14191749691963199 44.623849868774421 0.051688499748706825 -4.5034699440002433 0.0014885542914271357 -0.21375074237585065 -0.72371649742126454 14.667095661163332 26.323872566223148 0.0010718263802118602 0.14538549631834033 1.0000000180025095e-35 20.206443786621097 0.37250000238418585 -2.0358949899673457 0.76209700107574474 -0.015745750628411766 0.1307705566287041 0.0022767916088923816 -2555.0878906249995 0.0037207073764875536 1.0036411285400393 -0.012876781634986399 16.027423858642582
decision_type=2 2 2 2 2 2 2 2 2 2 2 2 2 2 2 2 2 2 2 2 2 2 2 2 2 2 2 2
left_child=1 7 4 10 5 -3 22 26 18 -10 11 -2 21 -14 -6 16 -4 -13 -9 -17 -8 -12 23 -5 -24 -22 -1 -28
right_child=3 2 15 6 14 -7 20 8 9 -11 12 17 13 -15 -16 19 -18 -19 -20 -21 25 -23 24 -25 -26 -27 27 -29
leaf_value=0.039992084397893229 -0.023326731719498717 0.015844090551526073 -0.0023478239821052029 -0.025083728793165505 -0.025576776996012737 0.0036177556113904732 0 0.0051468342824327815 0.020860448364377945 0.0029326898886301639 -0.0071210573661740148 0.028681751847315268 0.0099030521618926476 -0.0080659957272862307 0.0022672317758352283 -0.0046435665487661463 0.033295164496143725 -0.010304349692852733 0.036488808980379296 0.004763061772013002 -0.025765627267431934 -0.015127375745995566 0.016110427780870445 0.0065769298247886797 -0.0083688634617429397 -0.0067362412204556152 0.017570027310073517 0.03572378860036067
leaf_weight=13.402593702077864 8.2005630880594271 164.81033025681973 9.4893926680088061 7.5524841398000717 6.72312307357788 115.79279260337353 4.8950246274471274 7.2981951534748069 37.453651368618011 43.223030835390091 64.572698965668678 13.374325945973398 31.821209639310837 153.29925522208214 118.95362098515034 161.74656546115875 8.9269129633903486 3.8010936230421057 25.440202444791794 47.231788143515587 87.705569952726364 216.6831628382206 8.5700725764036161 3.6293094456195849 4.8440505713224402 6.1425245702266684 16.864503920078278 20.388776630163193
leaf_count=38 23 495 29 19 18 352 17 23 113 132 194 40 93 477 353 504 26 10 73 144 261 645 28 11 16 21 52 58
internal_value=-0.000322188 0.00811316 0.00457186 -0.0112748 0.00770686 0.0108462 -0.0193401 0.0216802 0.0169742 0.0114436 -0.009216 0.00512693 -0.0100203 -0.00491037 0.000610927 -0.000994477 0.014877 0.0194971 0.0299552 -0.00246829 -0.0233933 -0.0133371 -0.00256731 -0.0141954 0.00664067 -0.0246578 0.0317718 0.0280855
internal_weight=1412.84 797.745 633.675 615.091 406.28 280.603 123.339 164.071 113.415 80.6767 491.752 25.376 466.376 185.12 125.677 227.395 18.4163 17.1754 32.7384 208.978 98.7431 281.256 24.5959 11.1818 13.4141 93.8481 50.6559 37.2533
internal_count=4265 2410 1921 1855 1218 847 373 489 341 245 1482 73 1409 570 371 703 55 50 96 648 299 839 74 30 44 282 148 110
is_linear=0
shrinkage=0.03


Tree=29
num_leaves=22
num_cat=0
split_feature=25 7 0 36 17 17 35 0 23 35 23 28 23 34 35 13 35 25 33 22 35
split_gain=13.6653 13.7224 11.1888 8.47228 8.19898 13.2103 8.36792 7.50732 6.8779 6.48276 5.42532 7.17469 3.68418 3.27407 2.20857 1.79081 4.38202 1.88868 3.34807 1.59708 0.126971
threshold=0.0010718263802118602 15.23994827270508 -4.1545875072479239 0.0054786559194326409 1.0000000180025095e-35 0.81174498796463024 20.616698265075687 1.0014564990997317 3.7330774068832402 14.690825939178469 -7.2664740085601798 -0.86211636662483204 11.951144695281984 0.72665143013000499 20.499042510986332 0.94964450597763073 16.521088600158695 0.0039054281078279023 0.18677093833684924 0.11657800246030094 14.762268066406252
decision_type=2 2 2 2 2 2 2 2 2 2 2 2 2 2 2 2 2 2 2 2 2
left_child=1 -1 15 4 6 -6 -4 10 13 -10 19 -12 14 -5 -9 17 -17 18 -2 -3 -19
right_child=2 7 3 8 5 -7 -8 12 9 -11 11 -13 -14 -15 -16 16 -18 20 -20 -21 -22
leaf_value=0.038022378589777063 0.0056717700776871749 -0.020354382434596842 0.0031066737470957706 0.020962293471954298 -0.0051359657766586273 0.0056085509945609244 0.017684693326659118 -0.019880183078289294 -0.023656968857828829 0.015192254735073426 0.026605082709588179 -0.0033230459650372595 0.010302135120882492 -0.0024211663063262723 0 0.028669008907029499 -0.015824380340945594 -0.026509249593888919 -0.015924894204420482 -0.0040058062310375101 -0.0094457166678646627
leaf_weight=5.9368203580379477 8.394624665379526 21.364428311586384 477.35750740766525 43.853532448410988 289.72436252236366 158.65697298943996 38.241126716136932 49.14018414914608 7.5192640125751478 6.7759290635585785 6.8836314976215354 240.21564443409443 3.7761580348014823 5.2534861266612998 5.3801649808883658 2.7402649223804465 4.6182738840579987 10.948281854391096 19.904316782951355 9.5152657926082593 3.100502371788024
leaf_count=21 29 64 1440 142 853 472 126 124 18 21 24 722 12 15 15 10 15 35 66 31 10
internal_value=3.90715e-06 -0.00520772 0.00166974 0.0023518 0.00163895 -0.00131202 0.00422143 -0.00605297 0.0129518 -0.00474301 -0.00394149 -0.00240092 -0.0158491 0.0182801 -0.0179011 -0.0121316 0.000369238 -0.0144928 -0.00921868 -0.0157476 -0.0238161
internal_weight=1419.3 342.212 1077.09 1027.38 963.98 448.381 515.599 336.275 63.4022 14.2952 277.979 247.099 58.2965 49.107 54.5203 49.7063 7.35854 42.3477 28.2989 30.8797 14.0488
internal_count=4265 1013 3252 3087 2891 1325 1566 992 196 39 841 746 151 157 139 165 25 140 95 95 45
is_linear=0
shrinkage=0.03


Tree=30
num_leaves=27
num_cat=0
split_feature=0 1 27 1 0 23 27 31 10 10 27 35 27 35 35 4 2 27 27 10 29 33 0 30 35 29
split_gain=134.283 31.4146 13.5634 15.3303 17.7479 11.7507 12.3786 10.9345 9.36133 12.3536 12.9242 9.11183 8.96505 8.64354 8.54053 7.93802 7.53781 6.39566 5.92246 10.3417 5.63352 3.01943 2.89104 2.57976 2.30824 2.17746
threshold=0.30329549312591558 -0.50438550114631642 0.026736826635897163 -0.15377149730920789 0.10615099966526033 8.2609491348266619 0.018917583860456947 0.024295011535286907 6.5029668807983407 1.154003977775574 0.027514189481735233 14.816081047058107 0.024717390537261966 20.109394073486332 12.658586978912355 1318.861267089844 3437.2875976562505 0.027111343108117584 0.020166013389825824 14.550179481506349 0.28749999403953558 0.32764051854610449 -3.1728779077529903 0.012952511664479973 15.696482181549074 0.41650000214576727
decision_type=2 2 2 2 2 2 2 2 2 2 2 2 2 2 2 2 2 2 2 2 2 2 2 2 2 2
left_child=1 14 3 7 -5 8 23 -3 9 10 -2 12 -8 -11 25 22 20 -18 24 -20 -4 -17 -16 -7 -10 -1
right_child=5 2 16 4 -6 6 11 -9 18 13 -12 -13 -14 -15 15 21 17 -19 19 -21 -22 -23 -24 -25 -26 -27
leaf_value=0.025650897922438187 0.0068162097798842389 -0.01217744641820147 0.013986516958410185 0.0026920212283762092 -0.018180289739981589 -0.025324946367646917 -0.0027722457948554124 0.021200952570624682 0.00029042833991131342 0.028062153719903837 0.040349451278412808 0.038865597563696605 0.023087882470099422 0.0062699549809632736 -0.024524234986844792 0.0037506299329836106 0.023790635805058424 -0.0056727010451226327 -0.0023352971022854514 0.025283608868347747 -0.012557513335902205 -0.013605178294830553 -0.016562816230869443 0.0049090849294389227 -0.023846302518764712 -0.0029530827100316672
leaf_weight=4.3446332812309256 311.56326021254063 253.34892858564854 10.75618949532509 220.39809799194336 43.417619064450264 5.2594156414270383 14.91998517513275 8.5189188867807371 4.1003227531909934 54.26632434129715 10.365411281585692 25.630651623010635 50.195322304964066 25.551864981651306 95.454143702983856 17.788898855447769 29.195850551128387 7.7304812073707572 56.564015492796898 14.900447219610212 18.965429827570915 16.411297902464867 104.48732556402683 3.5505969673395157 11.035335168242453 3.5851815938949585
leaf_count=10 858 853 30 657 155 20 43 24 13 121 20 50 113 66 364 57 69 26 174 38 62 57 373 11 40 10
internal_value=-0.000260735 -0.00800257 -0.00425417 -0.00588159 -0.000736894 0.0107093 0.0201618 -0.011019 0.00874524 0.0106718 0.00798472 0.0234891 0.0170494 0.0212804 -0.0171099 -0.0181663 0.00839626 0.0173887 -9.89846e-05 0.00343388 -0.00258102 -0.00439439 -0.0204603 -0.0125641 -0.0169317 0.0122429
internal_weight=1422.31 834.403 592.332 525.684 263.816 587.903 99.556 261.868 488.347 401.747 321.929 90.746 65.1153 79.8182 242.071 234.142 66.648 36.9263 86.6001 71.4645 29.7216 34.2002 199.941 8.81001 15.1357 7.92981
internal_count=4314 2747 1876 1689 812 1567 237 877 1330 1065 878 206 156 187 871 851 187 95 265 212 92 114 737 31 53 20
is_linear=0
shrinkage=0.03


Tree=31
num_leaves=28
num_cat=0
split_feature=1 1 20 27 35 27 23 29 10 35 3 27 21 35 27 21 35 35 28 6 35 27 20 32 27 31 34
split_gain=127.945 30.8524 22.6402 22.9556 12.6199 12.0592 11.3851 12.7047 10.3175 9.70204 9.59376 8.4969 9.87495 8.18912 7.1968 6.65239 6.05857 5.2098 5.14935 4.05523 7.17684 2.89335 2.37845 2.07183 1.90251 1.67974 0.867729
threshold=-0.15377149730920789 0.64156350493431102 -2.5905750989913936 0.026736826635897163 13.223714828491213 0.020410035736858848 -0.43647649884223932 0.15249999612569812 -17.18626499176025 19.491973876953129 43.549821853637702 0.020321485586464409 0.17970000207424167 17.474467277526859 0.020900700241327289 0.69530001282691967 21.018792152404789 20.316899299621586 -0.034656940028071397 0.052217500284314163 20.524551391601566 0.027362042106688026 3.4126900434494023 -0.0056532500311732284 0.019419435411691669 -0.0051738878246396771 0.64988771080970775
decision_type=2 2 2 2 2 2 2 2 2 2 2 2 2 2 2 2 2 2 2 2 2 2 2 2 2 2 2
left_child=2 5 11 4 8 6 7 -2 -4 14 -6 19 13 -13 -7 21 -8 -11 -14 20 -1 -5 23 -3 -25 -24 -17
right_child=1 22 3 15 10 9 16 -9 -10 17 -12 12 18 -15 -16 26 -18 -19 -20 -21 -22 -23 25 24 -26 -27 -28
leaf_value=-0.018409225244234249 0.036032895912218969 0.002600994950435627 -0.0019125451934918351 0.0036826342826283246 0.012248916472658579 0.0037015774414293741 -0.0060172898825973428 0.0041839439618029401 0.034677110866233186 -0.022688734610596069 0.0023899985380570941 -0.029565301760089504 0.025126711101346278 0.014875003132073523 -0.0078719978440084278 -0.0065255247795138046 0.018461980895497027 0.00061551554026744403 0.011780847798471158 0.038641861922318596 0.029319177183901313 -0.012114905116216127 -0.0053924231154390406 -0.0013843549934866215 -0.018195656116072347 -0.025321422342557857 -0.025484875528508606
leaf_weight=3.3551470339298239 12.86253961920738 4.3369092643260947 8.3992773592472059 26.945633947849274 206.93094250559807 57.64469601213932 142.76273596286774 80.291349545121193 29.06641685962677 51.177194014191628 160.46074022352695 7.0286845266818982 58.564839422702789 6.6863587498664856 265.14157862961292 4.4923486560583141 9.0828885138034803 9.4394802302122098 56.037780523300171 28.206822723150253 9.2831301093101484 15.958336576819418 5.6188478767871848 7.9543332010507575 75.134561225771904 64.673300012946129 18.108452364802361
leaf_count=12 40 13 30 78 631 179 428 242 85 155 493 18 176 17 791 14 26 30 171 80 28 49 18 28 230 199 53
internal_value=0.000512389 -0.00758499 0.0104781 0.0070501 0.00972662 -0.00458082 0.000584047 0.00884659 0.02632 -0.00790115 0.00797653 0.0199079 0.0158633 -0.00750548 -0.00577477 -0.00930434 -0.00443816 -0.0189371 0.0187586 0.0320509 0.0157451 -0.00205785 -0.0194455 -0.0156421 -0.0167118 -0.0239049 -0.0223287
internal_weight=1425.65 786.12 639.525 470.362 404.857 628.402 245 93.1539 37.4657 383.403 367.392 169.163 128.318 13.715 322.786 65.5048 151.846 60.6167 114.603 40.8451 12.6383 42.904 157.718 87.4258 83.0889 70.2921 22.6008
internal_count=4314 2379 1935 1433 1239 1891 736 282 115 1155 1124 502 382 35 970 194 454 185 347 120 40 127 488 271 258 217 67
is_linear=0
shrinkage=0.03


Tree=32
num_leaves=29
num_cat=0
split_feature=9 10 10 7 35 27 29 6 35 29 33 8 27 34 29 27 33 3 33 1 27 36 21 21 33 28 30 26
split_gain=17.9153 11.773 9.92835 8.15956 8.80726 7.74812 7.53845 7.64407 7.07464 6.77988 7.17895 6.74261 6.61311 6.3162 6.2887 5.9546 7.69304 7.54066 5.43958 4.88641 11.2517 4.29423 4.18246 3.20019 1.83409 1.02081 0.876854 0.695748
threshold=0.34812349081039434 -8.2832212448120099 4.7818539142608651 53.926776885986335 19.354804039001468 0.026829344220459465 0.25749999284744268 0.044652499258518226 20.096337318420414 0.15249999612569812 0.94142967462539684 -3.3788095712661739 0.019217216409742836 0.7065238654613496 0.62149998545646679 0.026860929094254974 0.20001138001680377 34.348869323730476 0.27649620175361639 0.66481450200080883 0.02051569148898125 0.0018413399811834099 0.11719999834895135 0.023399999365210537 0.19752699881792071 0.27109436690807348 0.0093138385564088839 1.0003976821899416
decision_type=2 2 2 2 2 2 2 2 2 2 2 2 2 2 2 2 2 2 2 2 2 2 2 2 2 2 2 2
left_child=1 12 3 4 14 25 19 21 -6 18 13 -9 -1 -11 -2 17 -17 -14 24 22 -21 -8 -3 -20 -4 -5 -12 -7
right_child=2 6 9 5 8 27 7 11 -10 10 26 -13 15 -15 -16 16 -18 -19 23 20 -22 -23 -24 -25 -26 -27 -28 -29
leaf_value=0.039635435756343824 -0.0030873809757712332 -0.0099996221545574811 -0.0036094917855276037 0.043805794710977307 0.022262665780327106 -0.011471773037850066 0.019322063842267107 0.0021387280710983897 0.0038099935716814134 0.019267301272052072 -0.0020892486755345057 -0.010925442462756502 -0.026703400969816479 0.0046528932543369672 0.0054340357077241009 -0.005245601713759358 0.037665322078224074 0.00066985285995910617 0.024093655209851197 -0.019228662456291495 0.010852665484949005 -0.0034114689655616258 -0.0206452815336109 0 -0.022697999597292587 0.020077775760094806 -0.024770175541104719 0.0044568890139581934
leaf_weight=3.5225782096385947 406.38973471522331 133.6702776402235 12.466872781515123 6.0193689763546008 23.529985070228577 4.356848031282424 19.674254670739177 60.566829770803452 94.649027436971664 79.63299036026001 4.2558106482028952 81.910928398370743 8.9922071695327741 43.204855114221573 95.38349860906601 5.930164396762847 8.0639524757862073 190.60897473990917 7.5780586600303677 18.761834561824799 26.023771420121193 10.720231026411055 48.696120887994766 14.757374763488768 8.4649537205696088 7.269810825586319 3.5110678672790527 3.62013179063797
leaf_count=13 1229 389 35 22 76 10 65 175 292 256 12 232 25 132 301 16 29 570 26 45 79 30 144 45 23 24 9 10
internal_value=-0.000244823 -0.00410476 0.0026674 0.000924911 0.000276088 0.0189851 -0.00715833 -0.00236047 0.00763816 0.00902081 0.0124253 -0.0053209 0.00148339 0.0142398 -0.00144581 0.000721056 0.0193067 -0.000582002 -0.00107463 -0.010757 -0.0016236 0.0110871 -0.0129402 0.00890093 -0.0120984 0.0326768 -0.014309 -0.00334479
internal_weight=1432.23 617.142 815.09 641.218 619.952 21.2662 400.024 172.872 118.179 173.872 130.605 142.478 217.118 122.838 501.773 213.595 13.9941 199.601 43.2673 227.152 44.7856 30.3945 182.366 22.3354 20.9318 13.2892 7.76688 7.97698
internal_count=4314 1812 2502 1964 1898 66 1159 502 368 538 409 407 653 388 1530 640 45 595 129 657 124 95 533 71 58 46 21 20
is_linear=0
shrinkage=0.03


Tree=33
num_leaves=29
num_cat=0
split_feature=1 0 9 1 13 29 35 13 32 35 35 13 32 9 35 25 35 3 29 29 35 29 9 0 33 35 34 28
split_gain=120.625 20.9215 18.2356 17.9889 16.7832 15.4341 10.5101 10.2028 8.95473 8.89213 8.67771 10.1774 8.06267 7.84001 10.2613 7.12423 6.44143 6.40241 6.27194 5.39438 5.21985 4.94569 4.02448 3.06198 3.0245 2.73344 2.20824 1.65978
threshold=-0.15377149730920789 0.30329549312591558 0.40686200559139257 -0.50438550114631642 0.37764449417591101 0.51250001788139354 13.358062744140627 -0.096115000545978532 -0.032640501856803887 13.679569721221926 13.335219860076906 0.18762549757957461 -0.00062949102721177031 0.40329450368881231 12.658586978912355 0.0010079165222123267 12.658586978912355 55.181695938110359 0.28949999809265142 0.58449998497962963 13.298251152038576 0.23449999839067462 0.3621129989624024 -0.25817649811506266 0.53535684943199169 13.849980831146242 0.70793986320495617 0.45965947210788732
decision_type=2 2 2 2 2 2 2 2 2 2 2 2 2 2 2 2 2 2 2 2 2 2 2 2 2 2 2 2
left_child=3 2 6 16 10 23 26 8 -5 -8 21 -12 18 20 -15 -14 27 22 -6 -10 -9 -3 -18 -4 -19 -7 -2 -1
right_child=1 4 5 7 12 25 9 13 19 -11 11 -13 15 14 -16 -17 17 24 -20 -21 -22 -23 -24 -25 -26 -27 -28 -29
leaf_value=-0.0038153102836473002 0.011649506520764821 0 -0.0075871926253116301 0.025715653320371089 0.035275011134200875 0.032363025006014567 -0.027744330249250302 0.0077973910712925195 -0.02289343702307187 0.004175066001323796 0.0079572109492985505 0.019025144574356657 0.019309694614025857 0.017126407689539738 -0.01431839556597022 -0.010358203943736483 -0.014061321909156144 -0.00061877693633564685 0 -0.001193496253354122 -0.0035094695011731688 0.026214774510207959 -0.023684055209667185 -0.024443725581351255 -0.024398741895528368 0.0038342654123074602 0.042811242375709935 0.021456008172835748
leaf_weight=3.7546663731336585 4.8624817132949811 6.6763143241405478 15.498940929770468 3.710351586341857 7.5135457217693356 3.9396191984415081 7.6888791918754569 54.180427327752113 57.117767378687859 168.78574486076832 352.88375425338745 97.522820323705673 7.5880123078823081 9.870731368660925 81.207272708415985 62.66328988969326 69.153573289513588 26.23751059174538 10.152012854814528 13.709665745496748 111.3099864423275 50.116212427616119 129.1966163367033 42.7143285125494 5.6576765924692145 13.135458916425703 6.8283258974552155 3.8590081632137299
leaf_count=11 13 17 53 10 16 10 27 151 211 492 953 234 19 26 285 206 239 87 30 47 346 113 504 161 21 41 14 9
internal_value=-0.000460283 0.00663094 -0.000374897 -0.0111732 0.0097452 -0.012835 0.00458372 -0.00659242 -0.0163618 0.00265905 0.0118439 0.0103921 -0.00225895 -0.00369292 -0.0107373 -0.00691268 -0.0174848 -0.0183967 0.0154332 -0.0188571 0.000150436 0.0230096 -0.0204182 -0.0202119 -0.00542624 0.0116621 0.031598 0.00841715
internal_weight=1427.53 858.57 263.454 568.965 595.116 75.2883 188.165 331.106 74.5378 176.475 507.199 450.407 87.9169 256.568 91.078 70.2513 237.859 230.245 17.6656 70.8274 165.49 56.7925 198.35 58.2133 31.8952 17.0751 11.6908 7.61367
internal_count=4346 2399 811 1947 1588 265 546 1076 268 519 1317 1187 271 808 311 225 871 851 46 258 497 130 743 214 108 51 27 20
is_linear=0
shrinkage=0.03


Tree=34
num_leaves=28
num_cat=0
split_feature=1 1 0 27 27 35 23 6 35 27 27 35 27 35 27 7 27 31 34 27 29 29 34 34 27 35 29
split_gain=119.904 29.0433 17.3102 16.364 15.685 12.1393 11.8616 10.7389 8.44937 13.6744 12.2147 8.12502 7.05682 5.30993 4.41244 3.88473 3.7306 3.09421 1.36173 1.84161 1.32053 6.90194 1.49224 1.19447 1.16666 0.32223 0.12283
threshold=-0.21412599831819532 0.64156350493431102 -4.5034699440002433 0.020410035736858848 0.026736826635897163 19.491973876953129 -2.1146094799041744 0.074816998094320311 19.750007629394535 0.020528296940028671 0.0203108498826623 15.614952087402346 0.019777086563408378 20.316899299621586 0.027514189481735233 25.388464927673343 0.027326895855367187 0.011286881286650898 0.5920597016811372 0.019380469806492332 1.1654999852180483 0.74199998378753673 0.69373688101768505 0.73561701178550731 0.020567856729030613 13.400529861450197 0.84749999642372142
decision_type=2 2 2 2 2 2 2 2 2 2 2 2 2 2 2 2 2 2 2 2 2 2 2 2 2 2 2
left_child=2 3 20 6 8 14 12 16 9 -4 -10 -8 -2 -7 -5 18 -6 26 24 -20 21 23 -23 -1 -3 -9 -17
right_child=1 15 4 5 7 13 11 25 10 -11 -12 -13 -14 -15 -16 17 -18 -19 19 -21 -22 22 -24 -25 -26 -27 -28
leaf_value=0.030605081042311834 0.050723911166582585 0.012250306972090267 0.02496955671436546 -0.00481400459786804 0.0098623740749548341 -0.022248989581696507 -0.026714542997346536 -0.026416751395206824 0.0094444221637325649 0.010224464725545801 -0.011548271369086106 -0.00023158603655798861 0.010205598174351399 0.0011740533115626665 -0.023311249289440773 -0.025252053662206692 -0.00522254693190277 0.0021594140829450446 0.00058382213898118215 -0.015675707089495595 0.038875009803492767 -0.018525734003963727 0.0074899197208454261 0.006083444528458778 -0.012223917537628371 -0.0091318344106786128 -0.016822815586377275
leaf_weight=32.387923270463943 3.8767409920692435 3.1880571842193595 75.92847865819931 343.19047886133194 30.285548359155655 62.171454161405563 10.63464969396591 14.130036726593973 117.53687825798988 243.19297426939011 30.846731871366501 176.48837251961231 56.856327071785927 9.2219671607017499 11.867981493473051 69.942030027508736 27.124903306365013 3.5020988732576361 5.7567387223243704 61.62681320309639 10.340152472257612 2.8955035805702201 3.8170351088047028 3.1838214397430411 2.8229667395353317 3.6910987496376029 13.497295349836348
leaf_count=94 12 11 224 1054 85 192 33 45 364 738 90 532 168 29 30 213 81 12 21 190 29 10 12 9 9 11 48
internal_value=0.000328553 -0.00700022 0.0106152 -0.00424697 0.00898025 -0.00781072 0.00185184 -0.00362338 0.0110294 0.0137945 0.00499578 -0.00185183 0.013332 -0.0191111 -0.00548951 -0.0184741 0.00259618 -0.0229369 -0.0129464 -0.01416 0.0270646 0.0235455 -0.00299062 0.0287745 0 -0.0236749 -0.0241041
internal_weight=1430.01 834.644 595.361 674.308 542.737 426.452 247.856 75.2316 467.505 319.121 148.384 187.123 60.7331 71.3934 355.058 160.336 57.4105 86.9414 73.3946 67.3836 52.6244 42.2843 6.71254 35.5717 6.01102 17.8211 83.4393
internal_count=4346 2554 1792 2050 1638 1305 745 222 1416 962 454 565 180 221 1084 504 166 273 231 211 154 125 22 103 20 56 261
is_linear=0
shrinkage=0.03


Tree=35
num_leaves=31
num_cat=0
split_feature=9 29 7 10 27 23 23 33 29 27 9 28 23 34 2 10 27 16 27 29 29 33 1 33 16 3 29 16 25 4
split_gain=15.0522 10.7627 10.2762 8.42579 8.37618 11.7283 7.17753 6.35283 7.92604 10.6281 7.00768 5.24231 5.25614 5.15828 4.98385 6.16635 6.8765 5.39892 4.86164 5.49881 4.50594 5.55833 4.51847 3.50642 5.31725 4.05774 3.2154 2.95924 3.11998 2.00921
threshold=0.34812349081039434 0.25249999761581426 22.169844627380375 4.7818539142608651 0.020510667935013775 -4.6397244930267325 3.5213859081268315 0.067337680608034148 0.62149998545646679 0.020556859672069553 0.35851150751113897 -0.80287396907806385 -13.804506301879881 0.70097157359123241 3548.035278320313 -12.466910839080809 0.020484949462115768 -0.60785751044750203 0.025301927700638775 0.15650000423192981 0.4030000120401383 0.15446387231349948 -0.36555400490760798 0.7883039414882661 -0.60785751044750203 48.080152511596687 0.13749999552965167 -1.0000000180025095e-35 0.006354665383696557 633.39199829101574
decision_type=2 2 2 2 2 2 2 2 2 2 2 2 2 2 2 2 2 2 2 2 2 2 2 2 2 2 2 2 2 2
left_child=1 2 4 7 6 -6 -1 27 10 -10 -9 26 -13 23 15 16 -3 -17 19 -15 22 -22 -16 24 -5 -25 -4 28 -2 -29
right_child=3 14 11 13 5 -7 -8 8 9 -11 -12 12 -14 18 20 17 -18 -19 -20 -21 21 -23 -24 25 -26 -27 -28 29 -30 -31
leaf_value=-0.011856709562380892 -0.0027411482701948688 -0.0011995902209914083 -0.0087102857787380583 0 0.042868680656579401 0.002647755359723075 0.0097754556527926174 0.019032589100227617 -0.0098747700785121791 0.01575124444838881 3.3447004147970094e-05 -0.0032404448726877266 -0.014802716253041743 -0.0068590487697584059 -0.020069691645977893 -0.011379432735838238 0.039136695447281079 0.0002399244447323006 -0.012136020488259907 0.013528312508989577 0.0022813245679220032 0.030109664401606766 0.0066166072995106412 -0.012399483615528867 0.018510805813704151 0.018542750549298059 0.027726238533081461 -0.013751334305260141 0.028563749156664556 0.0049077151901646791
leaf_weight=60.751533418893814 22.969840735197071 7.389685392379759 3.0305698513984671 17.343042820692062 7.0819214284420005 52.339301362633705 16.959949672222137 17.675544589757919 17.504157066345215 70.482134565711021 477.57386989891529 49.239423856139183 152.56650936603546 17.085458606481552 6.6321067512035361 46.98723666369915 6.4826655387878418 142.75791305303574 15.826356917619703 34.216446697711945 12.907684415578844 14.376118898391722 27.491387218236923 9.4629551172256452 73.357517719268799 5.6663300991058341 4.4989693313837051 41.971732407808304 2.7428939044475547 4.8951964080333701
leaf_count=171 71 21 10 52 26 151 51 59 50 233 1453 152 438 49 20 130 23 422 43 111 40 49 83 25 234 19 17 117 10 16
internal_value=0.000123757 -0.00343857 -0.00691924 0.00276348 -0.000462319 0.00790926 -0.00698827 0.00119138 0.0022462 0.0105245 0.000748196 -0.011095 -0.0120411 0.00865204 0.0010823 -0.00114244 0.0177295 -0.00261245 0.00196513 0.00656415 0.00855426 0.0175463 0.000955098 0.0127797 0.0150006 -1.24624e-05 0.0123108 -0.00711922 0.000736089 -0.0115812
internal_weight=1440.27 611.493 346.468 828.773 137.133 59.4212 77.7115 655.815 583.236 87.9863 495.249 209.335 201.806 172.958 265.025 203.618 13.8724 189.745 67.1283 51.3019 61.4073 27.2838 34.1235 105.83 90.7006 15.1293 7.52954 72.5797 25.7127 46.8669
internal_count=4346 1804 1016 2542 399 177 222 2009 1795 283 1512 617 590 533 788 596 44 552 203 160 192 89 103 330 286 44 27 214 81 133
is_linear=0
shrinkage=0.03


Tree=36
num_leaves=28
num_cat=0
split_feature=20 9 23 10 27 20 6 27 35 27 20 29 20 23 27 7 35 2 35 27 21 27 33 29 36 33 33
split_gain=110.807 23.9103 19.1033 15.767 16.8306 13.4783 10.7399 15.2571 14.6332 16.7773 9.3912 12.9449 9.62315 8.1296 8.02152 10.0231 8.01975 7.38241 7.15183 10.0333 5.71317 5.63186 5.25901 3.53865 2.89611 0.444058 0.480849
threshold=0.30329549312591558 0.40329450368881231 -2.2434965372085567 -13.689263820648192 0.020567856729030613 -0.20288850367069242 0.057730501517653472 0.020947109907865528 14.943450927734377 0.024219088256359104 -2.5411490201950069 0.47849999368190771 -1.7968384623527525 4.7416555881500253 0.027442594990134243 48.380487442016609 20.164356231689457 3071.247192382813 16.027423858642582 0.02045493666082621 0.054700000211596496 0.026014086790382866 0.12572375684976581 0.2465000003576279 -0.0014129416085779665 1.3836151361465456 0.075189597904682173
decision_type=2 2 2 2 2 2 2 2 2 2 2 2 2 2 2 2 2 2 2 2 2 2 2 2 2 2 2
left_child=1 2 3 21 -5 13 14 18 9 -9 25 20 -13 -4 15 16 -2 -7 23 -20 -12 -1 -17 -8 -10 26 -3
right_child=6 10 5 4 -6 17 7 8 24 -11 11 12 -14 -15 -16 22 -18 -19 19 -21 -22 -23 -24 -25 -26 -27 -28
leaf_value=0 0.02006564637447578 -0.013376811165294494 -0.021497004300964299 -0.0062171730886065382 0.0096329315607595403 0.0083133577068257476 0.0012193662669064721 0.042844516542711861 0.00057037996136281713 0.010135091893252009 -0.003564581032691624 -0.013656514212464324 0.010827616630172111 -0.0065854268086394776 0.034086102855623829 0.014111926317647145 0.0089309224617205741 -0.012628586045236709 -0.0070284671564022402 0.020852296573321487 -0.017949737879301333 -0.020037503497935417 -0.012701216904450658 -0.017852778746443913 -0.02385283675293302 -0.0053332262965570254 -0.026110941962193671
leaf_weight=18.623581737279892 129.28526248037815 7.8944871425628653 82.285579741001129 88.602046847343445 183.34697809815407 43.118919312953949 10.685293614864348 15.085946589708326 5.706385105848315 188.89000190794468 32.992380112409592 23.269345119595528 36.127055421471596 59.156739726662636 17.516595482826233 9.1857075840234774 115.52431121468544 22.618642836809158 28.914573028683662 18.482899039983749 131.40326970815659 35.848609700798988 19.254426166415215 32.359744876623154 11.608145251870154 2.6231569349765769 52.822086408734322
leaf_count=59 313 30 311 273 513 118 32 31 18 503 111 85 106 203 35 23 301 77 92 47 481 129 58 105 42 9 214
internal_value=0.000335518 -0.00682842 -0.0030452 0.00145417 0.00443394 -0.0101639 0.0101068 0.00617194 0.0104197 0.0126971 -0.0138103 -0.0108075 0.00105144 -0.015369 0.0142767 0.012914 0.0148768 0.000930951 -0.0041224 0.00376007 -0.0151369 -0.0131634 -0.00363582 -0.0129521 -0.0155083 -0.024111 -0.024725
internal_weight=1423.23 820.733 533.601 326.421 271.949 207.18 602.499 311.733 221.29 203.976 287.132 223.792 59.3964 141.442 290.766 273.25 244.81 65.7376 90.4425 47.3975 164.396 54.4722 28.4401 43.045 17.3145 63.3397 60.7166
internal_count=4319 2719 1683 974 786 709 1600 870 594 534 1036 783 191 514 730 695 614 195 276 139 592 188 81 137 60 253 244
is_linear=0
shrinkage=0.03


Tree=37
num_leaves=28
num_cat=0
split_feature=20 1 1 27 35 3 10 35 13 35 35 31 2 22 27 35 25 9 34 28 30 36 36 25 25 27 25
split_gain=107.741 27.5 20.3018 17.7194 15.0435 14.0169 8.76783 8.66244 8.02088 8.48955 7.30611 5.57442 4.7145 4.70888 10.1782 4.11927 4.07191 3.62676 3.56115 3.37032 2.70843 2.02134 1.97526 1.40672 1.21842 1.03177 0.160372
threshold=-0.026183499954640862 -0.69541749358177174 0.64156350493431102 0.026736826635897163 13.240373611450197 31.198238372802738 -17.18626499176025 12.658586978912355 -0.38691450655460352 14.667095661163332 17.167963981628422 -0.012931150384247301 3775.824340820313 -2.0358949899673457 0.026133027859032158 20.316899299621586 0.0043285603169351825 0.33198650181293493 0.67346277832984935 0.73238420486450206 -0.0066829605493694535 0.0011371450964361431 0.0021914812969043855 0.00065908988472074281 0.00046278245281428104 0.02775436453521252 0.0025053648278117184
decision_type=2 2 2 2 2 2 2 2 2 2 2 2 2 2 2 2 2 2 2 2 2 2 2 2 2 2 2
left_child=1 7 8 4 6 -6 -3 25 9 26 -11 16 22 19 -15 -13 -10 18 20 -9 -4 -20 -5 24 -19 -1 -2
right_child=2 3 17 12 5 -7 -8 13 11 10 -12 15 -14 14 -16 -17 -18 23 21 -21 -22 -23 -24 -25 -26 -27 -28
leaf_value=-0.019096004068642917 -0.025312132142240418 5.1627456066338543e-05 0.017955808422797259 -0.0016968291588838201 0.018817647982510032 0.0033435795284529161 0.032073208884352333 0.030635092221034776 0.010257796976942507 0.04067087022246104 0.0050703658217406749 -0.0096733577834642072 -0.024251093067368744 0.018788551591271307 -0.026993885477986118 -0.0009855264469022431 -0.022603625874511368 -0.017197176778048419 -0.021895992066355289 0.005682749840704375 -0.0077708826364131459 -0.0041145683294834985 -0.015778781037252151 -0.024217965108029985 0.0016859299258093975 0 -0.0084360608589123358
leaf_weight=3.9422176182270032 5.6223857104778272 11.01542282104492 3.9932549446821239 41.673473998904228 59.243304371833801 478.62801444530487 30.301860392093658 52.549482434988022 23.291759878396991 5.7597162425518027 37.551850154995918 351.68854875862598 15.142197862267492 62.90336948633194 4.106346756219863 59.95017908513546 3.351972520351409 7.3075946122407895 29.690450936555862 6.6499475240707389 18.06215213239193 9.0802399367094022 11.725436359643934 80.920731350779533 3.626571848988533 4.3229163289070129 3.4969565719366074
leaf_count=9 16 39 13 126 185 1452 87 150 76 17 116 1056 45 178 15 182 10 21 93 20 56 29 33 262 12 11 10
internal_value=-0.000144433 0.00732693 -0.00924032 0.00473742 0.00645474 0.00508057 0.023854 0.0196695 -0.00622866 0.00472003 0.0104202 -0.00756283 -0.00958565 0.0216379 0.0156705 -0.00843265 0.00545181 -0.018809 -0.0126053 0.028054 -0.00241912 -0.0180661 -0.00507364 -0.0227292 -0.0103472 -0.0088808 -0.0205512
internal_weight=1425.6 782.204 643.394 647.73 579.189 537.871 41.3173 134.474 490.713 52.4309 43.3116 438.282 68.5411 126.209 67.0097 411.639 26.6437 152.681 60.8261 59.1994 22.0554 38.7707 53.3989 91.8549 10.9342 8.26513 9.11934
internal_count=4319 2350 1969 1967 1763 1637 126 383 1483 159 133 1324 204 363 193 1238 86 486 191 170 69 122 159 295 33 20 26
is_linear=0
shrinkage=0.03


Tree=38
num_leaves=21
num_cat=0
split_feature=1 29 21 36 26 29 30 3 3 27 27 16 27 16 36 2 29 27 26 26
split_gain=16.9795 9.17069 8.2404 7.26257 6.23628 5.96415 9.32898 5.40451 8.79803 7.68852 6.88413 5.82868 3.88889 3.54 3.32204 1.69051 0.70394 0.874821 1.31564 2.94588
threshold=-0.77992299199104298 0.32350000739097601 0.38279999792575842 0.0043361925054341563 0.99941602349281322 0.15249999612569812 -0.0080547309480607492 41.605363845825202 40.614082336425788 0.020773387514054779 0.026885607279837135 1.0000000180025095e-35 0.021102692000567917 0.87837952375411998 0.0013942287769168618 3472.261596679688 0.2034999951720238 0.019943543709814552 1.0001917481422427 1.0021987557411196
decision_type=2 2 2 2 2 2 2 2 2 2 2 2 2 2 2 2 2 2 2 2
left_child=16 2 3 4 -2 14 -7 8 9 -3 11 -9 -10 -5 -4 -12 -1 -18 -19 -20
right_child=1 7 5 13 -6 6 -8 10 12 -11 15 -13 -14 -15 -16 -17 17 18 19 -21
leaf_value=-0.025189718789162298 0.0062597237384944176 -0.015089942731478422 -0.021994005320495301 0.032364606854319168 -0.0017068318385881018 -0.016584735739968198 -0.00050874393503142726 0.0070406688281622583 0.011524984337572885 0.0067367710800121652 -0.018042537455324529 -0.0013213727785805816 0.041935489057410326 -0.0025666275449665833 0.001382415058648149 0 -5.209150752180306e-05 -0.021759487927942838 0.0034511243416573108 -0.024139572020550133
leaf_weight=12.494278311729429 107.27080799639225 14.978311419486998 29.255632877349854 8.7446125447750074 490.11469686031342 42.31173637509346 140.166090503335 128.80399438738823 9.4477427899837512 197.91215112805367 19.490853458642963 175.20664848387241 8.3235639929771406 2.9056611955165854 5.7642838209867469 6.9048059880733481 4.5644671916961661 17.912384778261188 7.7189694941043836 5.1304178535938263
leaf_count=43 331 43 82 31 1462 119 424 388 31 609 47 518 30 8 18 21 17 56 26 15
internal_value=-0.000182957 0.000419328 -0.0015824 0.000194699 -0.000257209 -0.00658892 -0.00432066 0.00338296 0.00690754 0.00512718 0.000888485 0.00219767 0.0270188 0.0231647 -0.0179276 -0.0136159 -0.0176691 -0.0144436 -0.0162561 -0.00738245
internal_weight=1435.42 1387.6 826.534 609.036 597.386 217.498 182.478 561.068 230.662 212.89 330.406 304.011 17.7713 11.6503 35.0199 26.3957 47.8205 35.3262 30.7618 12.8494
internal_count=4319 4162 2475 1832 1793 643 543 1687 713 652 974 906 61 39 100 68 157 114 97 41
is_linear=0
shrinkage=0.03


Tree=39
num_leaves=29
num_cat=0
split_feature=0 1 27 9 14 25 0 16 25 27 14 14 15 22 9 18 25 2 2 26 33 35 36 26 26 7 28 33
split_gain=113.264 30.2172 14.2122 14.3157 12.6485 11.6721 12.7669 13.7409 9.56947 12.9951 7.63624 7.49436 7.24189 6.93909 11.6682 9.774 6.83119 6.49337 6.36441 7.81026 6.18268 5.34544 5.28864 3.74588 3.73013 3.3688 2.22021 0.481113
threshold=0.35418500006198889 -0.50438550114631642 0.026736826635897163 0.40329450368881231 0.13321150094270709 0.000934370851609856 2.7174900770187382 -0.60785751044750203 0.0023701689206063752 0.026150202378630642 0.16007299721241 -0.10393299907445906 1.0000000180025095e-35 4.199775457382203 0.3621129989624024 0.33870999515056616 0.0024148148950189356 3437.2875976562505 2590.5112304687505 1.0003421902656557 0.12572375684976581 13.283384323120119 -0.00034809124190360302 1.0000154972076418 0.99982237815856945 25.576539993286136 -0.19492561370134351 1.3836151361465456
decision_type=2 2 2 2 2 2 2 2 2 2 2 2 2 2 2 2 2 2 2 2 2 2 2 2 2 2 2 2
left_child=1 13 3 4 -3 10 7 11 25 -10 18 -7 -9 14 15 -1 -5 23 19 -2 26 -19 -22 -4 -20 -8 -15 -16
right_child=5 2 17 16 -6 6 8 12 9 -11 -12 -13 -14 20 27 -17 -18 21 24 -21 22 -23 -24 -25 -26 -27 -28 -29
leaf_value=0.0011300100599352359 0.016209673879314719 0.0011661604944313414 0.0065554292299744117 -0.017713202893113716 -0.011638535804761402 -0.00078964234815314738 0 0.0053241740723419988 -0.0015083234290405819 0.021990769049215143 -0.013643416408410745 0.018751331520806859 -0.0053159562618875474 0 -0.025800194800077093 -0.018608069996109335 -0.0049820163498844796 0.023337096314181641 0.01335469129849778 -0.020924971566733952 0.0039464288818855022 -0.00166016842077293 -0.021251295901098019 -0.013843372304239267 0.030713970346983411 0.025907385240553679 0.033822126264329663 -0.0065555460407858103
leaf_weight=37.189411923289299 27.752819150686264 272.8816883713007 21.500942140817642 99.433801382780075 92.180777460336685 22.10331866145134 5.5670795440673819 127.84149813652039 49.570962831377983 35.584980577230453 5.4630011916160575 72.500269055366516 103.62544764578342 3.0907934606075287 104.14025738835335 53.728571265935898 65.742937594652176 29.095385283231735 18.639591127634048 5.5835663080215445 12.31019386649132 9.4394818991422635 16.405631318688393 12.239940464496611 49.258771032094955 59.607067286968231 3.8968811780214301 2.8680032044649115
leaf_count=113 69 816 63 365 311 65 17 354 143 83 16 171 318 10 427 198 225 68 46 18 41 29 61 41 105 133 10 11
internal_value=-0.00018805 -0.00726995 -0.00369311 -0.00540573 -0.00205399 0.00994928 0.007893 0.00450681 0.0151388 0.00827746 0.0189669 0.014111 0.000520704 -0.0164284 -0.0186332 -0.0104739 -0.0127306 0.00869838 0.0208735 0.00950665 -0.00386838 0.0170404 -0.0102586 -0.000675745 0.0262125 0.0238355 0.0201215 -0.025401
internal_weight=1419.24 836.145 602.515 530.239 365.062 583.098 476.401 326.071 150.33 85.1559 106.698 94.6036 231.467 233.63 197.926 90.918 165.177 72.2757 101.235 33.3364 35.7035 38.5349 28.7158 33.7409 67.8984 65.1741 6.98767 107.008
internal_count=4327 2789 1918 1717 1127 1538 1284 908 376 226 254 236 672 871 749 311 590 201 238 87 122 97 102 104 151 150 20 438
is_linear=0
shrinkage=0.03


Tree=40
num_leaves=29
num_cat=0
split_feature=1 1 1 27 27 21 27 25 1 31 32 25 23 21 26 27 23 27 29 0 7 32 34 27 26 36 27 26
split_gain=110.436 25.7537 23.2713 23.0358 12.6736 11.1776 14.6306 10.6261 8.22677 7.56397 6.89531 6.45101 5.01269 4.25148 4.12586 3.90765 8.97798 6.53072 5.20448 2.95643 2.84975 3.47804 2.80433 2.71171 2.18616 1.67254 1.45582 0.117646
threshold=-0.15377149730920789 0.64156350493431102 -0.69541749358177174 0.026736826635897163 0.020410035736858848 0.30470000207424169 0.020563698373734954 0.0022767916088923816 0.43567599356174475 -0.036335112527012818 -0.02153108827769756 0.001714533369522542 4.341144561767579 0.69530001282691967 1.0003614425659182 0.020321485586464409 0.81759399175643932 0.019943543709814552 1.3184999823570254 -2.7149544954299922 25.388464927673343 -0.0056532500311732284 0.67224836349487316 0.026931623928248886 1.0004799962043764 0.0011371450964361431 0.026860929094254974 1.0011073946952822
decision_type=2 2 2 2 2 2 2 2 2 2 2 2 2 2 2 2 2 2 2 2 2 2 2 2 2 2 2 2
left_child=2 4 15 5 8 6 -4 -7 11 12 -11 -2 -6 23 -10 17 18 19 -17 -1 22 -22 24 -5 -3 -24 -15 -23
right_child=1 20 3 13 9 7 -8 -9 14 10 -12 -13 -14 26 -16 16 -18 -19 -20 -21 21 27 25 -25 -26 -27 -28 -29
leaf_value=0.029564478875562676 0.0093658175968679008 -0.010967303173636518 0.0096865391979505146 0.0051311195280399442 -0.0033538452976965699 0.02133168745750615 -0.0054281997670680799 0.0068546842627040302 -0.013589259017987505 0.0097319535141361345 -0.009772809005139849 -0.0024137084971793624 0.040689591749798561 -0.0086610465907781854 0.0020907245683362934 0.012661293071113595 -0.028139424249639843 0.036419234150013018 0.036346693244469853 0.010999342896756213 0.0059974996298992151 -0.025442672869248083 -0.021693876706811336 -0.0097026557039419318 0.0064688584359136152 -0.0059162072428338864 -0.026126205539499254 -0.018695456162503791
leaf_weight=12.284528136253355 94.084706246852875 21.772435516119007 166.555708989501 16.669489979743958 3.8340771943330756 94.491814732551575 86.778758868575096 93.813321709632874 43.849291726946831 16.245897442102432 356.44923023879528 73.005029171705246 4.1478350460529327 9.6056260168552416 21.337283670902252 51.325831919908524 3.6238799989223471 29.002354741096497 10.613933235406874 29.866516262292862 3.0418869853019705 56.874154210090637 34.749110653996468 28.561235308647156 8.042432487010954 9.9188115596771222 14.718763083219526 25.040676966309547
leaf_count=35 285 68 500 48 13 282 268 294 131 50 1091 222 13 25 65 146 11 82 30 90 9 184 111 88 25 31 47 83
internal_value=-3.0963e-05 -0.00769675 0.00909263 0.00611545 -0.00487473 0.00865394 0.00447309 0.0142042 0.000611854 -0.00824248 -0.00888657 0.00417355 0.0195219 -0.00982093 -0.00834293 0.0200961 0.0142907 0.0251828 0.0171227 0.0169041 -0.0184404 -0.0224208 -0.013661 -0.00404263 -0.00593797 -0.0184939 -0.0199052 -0.0236152
internal_weight=1420.3 772.393 647.912 511.195 612.953 441.64 253.334 188.305 232.276 380.677 372.695 167.09 7.98191 69.5551 65.1866 136.717 65.5636 71.1534 61.9398 42.151 159.44 84.9567 74.4828 45.2307 29.8149 44.6679 24.3244 81.9148
internal_count=4327 2381 1946 1552 1870 1344 768 576 703 1167 1141 507 26 208 196 394 187 207 176 125 511 276 235 136 93 142 72 267
is_linear=0
shrinkage=0.03


Tree=41
num_leaves=26
num_cat=0
split_feature=9 10 27 3 2 35 21 9 8 8 27 36 27 8 27 3 30 1 35 35 35 33 4 30 30
split_gain=15.0246 11.2997 8.20871 8.14196 7.39428 11.4766 7.20895 6.76331 7.97221 6.62756 6.54019 6.05481 6.54264 6.00584 15.0399 7.07706 5.47113 5.3322 4.4564 4.44188 4.31356 2.87339 2.40658 0.719615 0.216334
threshold=0.34812349081039434 -8.2832212448120099 0.026931623928248886 34.348869323730476 3548.035278320313 20.041867256164554 0.023399999365210537 0.48862600326538091 0.24390248954296115 1.1035475134849551 0.020623361691832546 0.00064393595675937842 0.026306525804102424 -3.3788095712661739 0.020216431468725208 42.743061065673835 0.013394630048424007 0.61931049823760997 21.099008560180668 14.271101951599123 21.006360054016117 0.39798784255981451 -5535.3884277343741 0.058464512228965766 -0.0037136069731786843
decision_type=2 2 2 2 2 2 2 2 2 2 2 2 2 2 2 2 2 2 2 2 2 2 2 2 2
left_child=1 2 3 -1 13 16 19 8 17 -10 -7 22 -13 14 -3 -15 -6 -8 -5 -2 21 -21 -9 24 -4
right_child=6 4 23 18 5 10 7 11 9 -11 -12 12 -14 15 -16 -17 -18 -19 -20 20 -22 -23 -24 -25 -26
leaf_value=-0.02306672696330074 -0.012635021839280537 0.038975520933465881 0.016332906005217432 0.0013017699424335545 0.045436339703096809 0.010007137279013006 -0.0029597233061958422 0.02108430260274834 0.02044643628000023 0.0034797928776973725 -0.019416882104426367 0.024847136346149247 -0.0072299099747522794 -0.01614232399671657 -0.0045669807754878181 -0.0060528475902265292 -0.001042438595653972 0.0087556002982779931 0.024150983338750435 0.012144403695977338 -0.013263332436843495 0.028555838117135166 -9.3012013115494147e-05 0.0078393910466705661 0.041818383082395466
leaf_weight=11.580516055226324 4.7994955480098715 7.4002595990896216 3.0477052628993988 194.86811879277229 7.4344432353973371 13.475151896476747 340.02693146467209 4.9078101813793173 22.342739343643188 269.76877488195896 12.460994496941565 30.858028262853622 6.2671428322792044 99.202959686517715 73.321087867021561 183.98424662649632 2.6473684310913086 38.195160925388336 7.5853199660778037 33.622078269720078 3.6277155280113211 16.570764929056168 37.765203773975372 2.6631839275360107 4.040563762187956
leaf_count=31 11 26 10 583 27 46 1023 17 77 835 32 104 15 308 210 519 7 111 25 106 11 56 114 8 15
internal_value=0.000223296 -0.00326706 0.00209802 0.000796773 -0.00629053 0.00647408 0.00292655 0.00211576 0.00111423 0.004841 -0.00388903 0.0103575 0.0191689 -0.00758576 -0.000248983 -0.00964123 0.0329085 -0.00174288 0.0022596 0.0130439 0.0155947 0.0179683 0.0023501 0.0283492 0.0338448
internal_weight=1432.46 623.712 223.785 214.034 399.927 36.018 808.752 750.132 670.334 292.112 25.9361 79.7982 37.1252 363.909 80.7213 283.187 10.0818 378.222 202.453 58.6201 53.8206 50.1928 42.673 9.75145 7.08827
internal_count=4327 1847 672 639 1175 112 2480 2296 2046 912 78 250 119 1063 236 827 34 1134 608 184 173 162 131 33 25
is_linear=0
shrinkage=0.03


Tree=42
num_leaves=28
num_cat=0
split_feature=20 1 27 22 25 27 27 7 27 20 27 10 7 35 27 1 35 35 25 13 27 8 35 34 25 25 25
split_gain=131.182 28.7387 18.8337 10.3307 13.0026 16.2507 12.9103 12.8602 10.9674 8.70115 10.0842 11.7447 9.30285 6.4348 5.86967 5.08687 7.38192 6.87311 4.92031 12.7064 7.72562 3.89329 3.75746 3.0236 2.90417 2.14392 0.0865817
threshold=0.30329549312591558 -0.45222748816013331 0.026672904379665855 4.0816555023193368 0.00059596524806693207 0.025842599570751194 0.021857148967683319 48.380487442016609 0.018900832161307338 0.10615099966526033 0.019889384508132938 -13.37386894226074 24.139434814453129 21.06804180145264 0.020655313506722454 -0.50438550114631642 12.716018676757814 12.658586978912355 0.0025693222414702181 -0.24212800711393354 0.019866458140313629 0.97328248620033275 14.816081047058107 0.69239336252212536 0.00028575707983691251 0.0029729539528489117 0.00224636122584343
decision_type=2 2 2 2 2 2 2 2 2 2 2 2 2 2 2 2 2 2 2 2 2 2 2 2 2 2 2
left_child=1 2 18 4 21 6 -6 -7 26 10 12 -12 -3 22 25 17 -17 -4 20 -20 -1 24 -10 -16 -2 -11 -5
right_child=3 9 15 8 5 7 -8 -9 13 14 11 -13 -14 -15 23 16 -18 -19 19 -21 -22 -23 -24 -25 -26 -27 -28
leaf_value=-0.011029840067142492 0.034470348475329517 0.0001307697915716017 0.013677863094812797 -0.023624067525439458 0.0064105585642536388 0.029279048517908569 -0.0083750590308551542 0.0091600137222837014 0.017608755706757968 -0.023370181534684117 -0.0096165508167427045 0.0026963060544467976 -0.025452867022908551 -0.01073020497054138 0.025920433892619877 -0.023802797376898225 0.015879382075397012 -0.022703575972991979 0.015259377620699843 -0.016194165964121706 -0.024357928832261639 0.039485797249417552 0.030150108596745186 -0.010810155029017676 0.011865827953250589 0.0017301717554552784 -0.005923566366472891
leaf_weight=61.1568603515625 7.3986782729625693 21.571628302335739 6.5742416381835964 3.6722132414579383 234.60371948778629 42.517755538225174 67.789299502968788 94.199319511651993 77.130639553070068 31.847283750772476 90.253173321485519 300.02513480186462 28.61432372033596 5.043673872947692 3.6009792089462271 4.377145484089854 26.786107063293457 12.463520184159277 13.039537623524664 72.385947346687317 134.68403191864491 11.756833165884016 37.495930224657059 3.1522522866725922 24.989955306053162 2.5817095190286627 2.4912045896053314
leaf_count=223 15 61 16 14 640 94 210 246 185 120 311 899 110 16 9 17 68 45 39 278 528 23 79 11 62 8 9
internal_value=0.000109182 -0.00776824 -0.0145675 0.0106378 0.00859295 0.00698616 0.00305791 0.0155663 0.0183545 -0.00306005 -0.00179511 -0.000136714 -0.0143858 0.0204133 -0.0161894 0.00218219 0.00973358 -0.00965094 -0.0175876 -0.0112274 -0.0202804 0.0241167 0.0219025 0.00797131 0.0177487 -0.0212325 -0.0188016
internal_weight=1422.2 813.114 331.467 609.089 483.256 439.11 302.393 136.717 125.834 481.646 440.464 390.278 50.186 119.67 41.1822 50.201 31.1633 19.0378 281.266 85.4255 195.841 44.1455 114.627 6.75323 32.3886 34.429 6.16342
internal_count=4336 2743 1214 1593 1290 1190 850 340 303 1529 1381 1210 171 280 148 146 85 61 1068 317 751 100 264 20 77 128 23
is_linear=0
shrinkage=0.03


Tree=43
num_leaves=30
num_cat=0
split_feature=0 1 1 0 29 28 36 13 35 35 3 36 33 31 33 28 26 28 0 35 28 32 29 35 29 29 29 25 25
split_gain=101.324 27.6994 20.8051 11.0454 9.73478 8.64619 8.13512 7.27727 9.67251 7.47043 6.10018 4.76644 4.11391 4.36772 4.08234 7.9299 4.07065 3.88198 3.17027 3.00473 3.75996 2.1418 1.94168 1.60705 0.992901 0.614458 4.90336 0.304002 0.0406709
threshold=0.026813500560820106 -0.45222748816013331 0.64156350493431102 -4.5034699440002433 0.29749999940395361 -0.58028212189674366 0.0020415483741089706 -0.38691450655460352 14.667095661163332 17.167963981628422 45.826007843017585 -0.00093385801301337768 0.31535267829895025 -0.012931150384247301 0.13835977762937549 0.54195773601531994 1.0019552111625674 0.27109436690807348 0.085505001246929183 21.06804180145264 0.57214689254760753 -0.015745750628411766 0.082499999552965178 20.336944580078129 0.57949998974800121 1.1654999852180483 0.64750000834465038 0.0015194910811260345 0.0028830971568822865
decision_type=2 2 2 2 2 2 2 2 2 2 2 2 2 2 2 2 2 2 2 2 2 2 2 2 2 2 2 2 2
left_child=1 3 7 25 10 -6 11 8 28 -10 -5 17 13 -9 15 -8 -13 -3 -14 21 27 24 -23 -16 -4 26 -1 -21 -2
right_child=2 6 19 4 5 -7 14 12 9 -11 -12 16 18 -15 23 -17 -18 -19 -20 20 -22 22 -24 -25 -26 -27 -28 -29 -30
leaf_value=0.027461221400108517 -0.024643440865263058 -0.0037995360837393111 0.0064775804122098228 0.01978039293438728 0.018552541104793843 0.0012848645181422803 0.016159628988873641 0.010934606603527162 0.045230888020253421 0.0066956959857949585 0.0087157949176652188 0.0070484014332188307 0.00098825161879980317 -0.0054917463390787282 -0.014625925683382663 -0.02240582287452033 -0.015199857506871308 0.0085669950567060834 -0.011772389588791126 -0.022122577421272861 0.018707063131233721 0 -0.021291001221375123 0 -0.01407867279222564 0.035552741101587862 1.4387496194023538e-05 -0.0034609192027741961 -0.0094065857442508661
leaf_weight=34.612148344516754 5.2514290511608106 104.08711865544319 3.829923376441001 109.21357843279839 32.79788926243782 127.69135309755802 13.897814005613329 14.835139706730841 5.3471682071685818 25.249451503157616 84.724405556917191 196.23944666981697 18.036766484379768 213.97548469901085 42.917389869689941 6.6176317334175101 6.9889632016420355 28.528660088777542 168.0742769241333 3.8270089626312238 3.937479555606842 4.4333342015743247 134.50741636753082 7.3269123136997214 3.259478971362114 9.3290526866912824 7.8230311572551718 2.8561136275529861 3.7124059945344925
leaf_count=99 14 313 13 318 97 396 42 46 16 79 254 598 54 666 128 22 22 87 503 14 12 14 428 21 9 26 24 11 10
internal_value=-2.00066e-05 0.00691114 -0.00925113 0.0124498 0.0104879 0.00491628 0.00134747 -0.00596032 0.00615379 0.0143386 0.0150278 0.00331557 -0.00714302 -0.00436596 -0.00782505 0.00305427 0.00620369 -0.00104942 -0.0104881 -0.018692 -0.00218762 -0.0198193 -0.0206485 -0.0124309 -0.00209253 0.0254819 0.02267 -0.0161963 -0.0201144
internal_weight=1423.93 812.795 611.133 406.191 354.427 160.489 406.604 454.482 39.5605 30.5966 193.938 335.844 414.922 228.811 70.7597 20.5154 203.228 132.616 186.111 156.651 10.6206 146.03 138.941 50.2443 7.0894 51.7642 42.4352 6.68312 8.96384
internal_count=4336 2447 1889 1214 1065 493 1233 1388 119 95 572 1020 1269 712 213 64 620 400 557 501 37 464 442 149 22 149 123 25 24
is_linear=0
shrinkage=0.03


Tree=44
num_leaves=26
num_cat=0
split_feature=9 33 16 17 6 6 26 34 28 30 3 23 8 28 25 3 8 25 20 28 28 26 21 14 7
split_gain=15.3896 10.1877 8.98845 7.44454 6.99971 8.46574 7.21969 8.9873 6.91243 6.3977 7.86289 5.5731 4.79264 4.28354 4.05865 3.97921 3.92502 3.87492 3.72415 3.62916 2.70398 2.65218 1.85114 1.62235 1.45196
threshold=0.36348350346088415 0.97367084026336681 -0.87837952375411976 0.81174498796463024 0.046361999586224563 0.060955001041293151 1.0015826225280764 0.63988035917282116 -0.72156020998954762 -0.01905770972371101 62.820865631103523 -4.7838590145111075 -3.3788095712661739 0.83123388886451732 0.0031686638249084358 34.348869323730476 -2.1366945505142207 0.00068880614708177756 -4.1545875072479239 -0.83721411228179921 0.68235754966735851 1.0010802745819094 0.11719999834895135 0.017547499854117635 29.358255386352543
decision_type=2 2 2 2 2 2 2 2 2 2 2 2 2 2 2 2 2 2 2 2 2 2 2 2 2
left_child=4 3 -3 9 6 12 8 -8 19 18 -11 -10 14 16 -6 20 -5 -17 -2 -1 -7 23 -14 -4 -23
right_child=1 2 21 13 5 15 7 -9 11 10 -12 -13 22 -15 -16 17 -18 -19 -20 -21 -22 24 -24 -25 -26
leaf_value=0.0039462261462419306 -0.022788718810143421 0.026362571370110333 -0.012347015909444734 0.023565170912541053 -0.0074950381143037929 -0.01809419922165189 -0.0041608335374196332 0.044114536530989901 0.0080500379832743937 0.0035371378386443303 0.02063650736054886 -0.0042910969935462525 -0.0088219058371870902 -0.01458323077329555 0.010275977215148878 -0.016661494717019738 0.006479411483942446 0.0001563460223447402 -0.0017146927317265319 0.030257325745804208 0.0045027197922501141 0.014140077083621205 -0.016250743362824987 -0.028338917531330603 -0.012002359649041476
leaf_weight=11.846089273691179 7.7584905922412863 4.4729808270931235 17.761340707540516 30.654548257589337 39.657320201396942 20.114917933940891 5.7172655165195447 7.0291106253862381 39.748478069901466 471.24356359243393 25.35273166000843 174.24302431941032 66.110927656292915 3.635157883167266 15.498514384031294 12.452561914920805 23.508055329322818 238.59902589023113 110.9672275185585 8.7903390228748304 5.2104351222515097 3.284315049648284 77.325055778026581 13.189904838800429 3.3187757730484009
leaf_count=37 26 16 48 100 105 61 15 26 127 1455 84 503 193 9 48 34 72 716 333 30 16 11 227 35 9
internal_value=-8.19441e-05 0.00303021 -0.0111611 0.00393726 -0.00317551 -0.00530772 0.000884553 0.0224419 -0.000293526 0.00294533 0.0044481 -0.00194338 -0.0100352 0.0142272 -0.00229231 -0.00186626 0.0164412 -0.000673527 -0.00325712 0.0160302 -0.0130995 -0.0161546 -0.0129318 -0.0197903 0
internal_weight=1437.49 715.147 42.0273 673.12 722.343 474.969 247.374 12.7464 234.628 615.322 496.596 213.992 198.592 57.7978 55.1558 276.377 54.1626 251.052 118.726 20.6364 25.3254 37.5543 143.436 30.9512 6.60309
internal_count=4336 2198 119 2079 2138 1400 738 41 697 1898 1539 630 573 181 153 827 172 750 359 67 77 103 420 83 20
is_linear=0
shrinkage=0.03


Tree=45
num_leaves=29
num_cat=0
split_feature=20 1 20 10 27 13 7 27 22 10 3 23 34 32 25 27 27 8 36 29 30 29 35 36 3 28 30 27
split_gain=93.262 21.8262 15.8938 13.107 13.1012 11.8223 10.7964 13.4306 12.0376 8.38756 7.1119 9.31021 6.27795 5.17232 5.866 5.02209 4.67338 6.52316 4.15547 3.8292 3.50236 3.4513 2.48058 2.3411 1.60637 1.71027 1.36197 1.05143
threshold=0.30329549312591558 -0.50438550114631642 0.10615099966526033 -13.689263820648192 0.026672904379665855 0.37764449417591101 57.859636306762702 0.026150202378630642 0.88248950242996227 -1.8586509823799131 39.479618072509773 4.7416555881500253 0.70347753167152416 -0.00062949102721177031 0.0010292651131749155 0.027147546410560611 0.026715072803199295 -1.6284599900245664 -0.00042735351598821575 1.3489999771118166 -0.033279942348599427 0.49850000441074377 13.961220741271974 0.00089296681107953202 51.716829299926765 0.171320416033268 0.034790366888046272 0.020611920394003395
decision_type=2 2 2 2 2 2 2 2 2 2 2 2 2 2 2 2 2 2 2 2 2 2 2 2 2 2 2 2
left_child=1 9 3 19 -5 6 7 8 -2 24 12 -12 -11 20 23 -16 -8 -18 -9 -3 -7 27 -22 -15 26 -26 -1 -4
right_child=5 2 21 4 -6 13 16 18 -10 10 11 -13 -14 14 15 -17 17 -19 -20 -21 22 -23 -24 -25 25 -27 -28 -29
leaf_value=-0.024683808314540957 0.0040772085373179685 -0.012897247815881292 -0.027073593743352421 -0.0022571293796837732 0.012733383295015674 -0.013165368183305099 -0.028215050539700384 0.013775693027402747 0.014314798046079985 -0.0085925530681541882 -0.023012460658378649 -0.0047348814711379947 0.020954551763160818 0 -0.011152944594546001 0.017808979233692249 -0.012361905882814187 0.024384191835535435 0.02893314743682876 0.015765768259539431 0 0.0035303991480241958 0.025458056864424469 0.030382916219557167 0.00093088538821558891 -0.022159225508153531 -0.012012509101021761 -0.011458859466511102
leaf_weight=74.928511768579483 218.42744834721088 105.05978205800056 30.486520200967789 371.86414168775082 60.563256278634071 3.3691797852516201 7.1046613454818752 32.86331170797348 202.40146720409393 13.7250844091177 46.913344815373421 57.265530779957771 11.101235181093214 4.1946908831596357 58.104846239089966 5.2653450369834891 12.744689941406254 5.9697401225566837 44.520404636859894 3.6802661269903174 5.3502925336360958 3.7630284726619712 11.209910869598387 4.6308375298976898 5.9876135140657407 4.0387817919254303 13.505989685654638 8.2403103560209257
leaf_count=311 603 376 121 1170 158 11 24 78 496 43 193 199 29 12 193 14 40 14 94 11 15 12 26 10 21 16 53 28
internal_value=-0.000318744 -0.00700678 -0.0039073 -0.0024913 -0.000124576 0.00846949 0.0102125 0.0112014 0.00903358 -0.0148943 -0.00967329 -0.0131221 0.0044171 -0.00134937 -0.00517708 -0.00848505 -0.00837932 0 0.0227414 -0.0117771 0.0118636 -0.0214939 0.0177199 0.0167916 -0.0215605 -0.00812592 -0.0229282 -0.0241689
internal_weight=1427.28 811.123 583.657 541.167 432.427 616.157 524.032 498.213 420.829 227.466 129.005 104.179 24.8263 92.1251 72.1957 63.3702 25.8191 18.7144 77.3837 108.74 19.9294 42.4899 16.5602 8.82553 98.4609 10.0264 88.4345 38.7268
internal_count=4371 2741 1876 1715 1328 1630 1349 1271 1099 865 464 392 72 281 229 207 78 54 172 387 52 161 41 22 401 37 364 149
is_linear=0
shrinkage=0.03


Tree=46
num_leaves=25
num_cat=0
split_feature=1 1 27 6 29 0 35 27 35 3 27 35 2 0 27 25 29 35 6 26 34 34 33 25
split_gain=93.2712 28.0507 15.7874 10.049 9.26335 12.3382 9.62652 8.54125 10.8073 9.69707 11.5614 7.97212 7.09401 5.66511 5.37417 4.3264 3.61357 3.07274 2.46181 3.10162 2.39899 2.05517 0.28346 0.492421
threshold=-0.15377149730920789 0.64156350493431102 0.026736826635897163 0.038402499631047256 0.25249999761581426 -2.2767890691757198 17.167963981628422 0.020421429537236694 19.491973876953129 47.632505416870124 0.0198379484936595 16.770792961120609 4224.8249511718759 -4.5034699440002433 0.027514189481735233 0.001182804524432868 0.19749999791383746 20.316899299621586 0.051688499748706825 1.000045955181122 0.71895402669906627 0.58595949411392223 6.2468455833464289e-05 0.0061466584447771319
decision_type=2 2 2 2 2 2 2 2 2 2 2 2 2 2 2 2 2 2 2 2 2 2 2 2
left_child=2 7 3 16 5 -5 -6 9 14 11 -11 -2 13 -4 -9 -15 -1 -10 19 21 -21 -3 -20 -24
right_child=1 18 12 4 6 -7 -8 8 17 10 -12 -13 -14 15 -16 -17 -18 -19 22 20 -22 -23 23 -25
leaf_value=-0.024881280032366775 0.043341604087172067 0.0030644978166146485 0.033004410113880327 0.026249811123328706 0.010372085725010699 0.011138546364273645 -0.0022021358553045494 -0.0039845376301045838 -0.02210207163711421 0.0030366492008080011 -0.013766747036958089 0.0049460281433946719 -0.023331149646175289 0.02839017149178218 -0.023183793317074694 -0.0037034552896888554 0.0057007400881962994 0.0021594239273165935 -0.009716771746275131 0.00065519741796281664 -0.022488043815388731 -0.022242394013385493 -0.022134445714972514 -0.0086696300506083398
leaf_weight=9.2321586310863477 4.709317058324813 2.4769251495599773 3.9808560609817496 66.988231271505356 210.10009481012821 197.09189608693123 72.383519649505615 304.72272576391697 46.306475192308426 76.414400041103363 69.256191849708557 105.6343674659729 13.023621991276739 3.4742962419986716 13.504334703087805 65.924090549349785 4.518255963921546 4.3879947364330283 5.9972902089357367 19.280386805534366 4.3846644312143317 22.562722146511078 95.588818922638893 5.7121595144271842
leaf_count=25 15 8 11 193 646 581 220 952 146 237 198 324 42 10 35 189 16 15 20 64 14 71 317 22
internal_value=5.49829e-05 -0.00691473 0.00848396 0.0103274 0.0109773 0.0150481 0.00712007 -0.00404812 -0.00696714 0.000128531 -0.00491038 0.00685401 -0.00335779 0.000199248 -0.00486261 -0.0017764 -0.0143533 -0.0198257 -0.018291 -0.012026 -0.00363693 -0.0193757 -0.0209824 -0.0215099
internal_weight=1427.66 780.939 646.717 560.314 546.564 264.08 282.484 624.936 368.922 256.014 145.671 110.344 86.4029 73.3792 318.227 69.3984 13.7504 50.6945 156.003 48.7047 23.6651 25.0396 107.298 101.301
internal_count=4371 2438 1933 1681 1640 774 866 1922 1148 774 435 339 252 210 987 199 41 161 516 157 78 79 359 339
is_linear=0
shrinkage=0.03


Tree=47
num_leaves=29
num_cat=0
split_feature=9 29 3 23 23 6 27 6 27 28 28 13 25 31 27 27 33 30 34 34 29 33 28 25 27 33 34 29
split_gain=14.6882 9.86221 11.9407 12.1115 8.35885 6.9283 10.1615 7.24384 7.28885 6.77913 6.51877 6.48401 5.6068 5.3789 4.14285 5.54429 4.05662 2.79875 4.52664 2.68089 2.2395 1.95328 1.93177 1.86606 1.52483 1.40595 1.36998 0.903687
threshold=0.48862600326538091 0.25550000369548803 42.230503082275398 -2.1146094799041744 3.8652054071426396 0.047767000272870071 0.027147546410560611 0.059656500816345222 0.020193516276776794 0.41770663857460028 -0.48344019055366511 0.22697050124406817 0.0027167581720277671 -0.012093783821910618 0.020867367275059227 0.02101766970008612 0.5200273096561433 0.022110220976173881 0.67887625098228466 0.7093321979045869 1.0565000176429751 0.44123166799545294 0.27711878716945654 0.002356833429075778 0.021857148967683319 0.1669816002249718 0.71600058674812328 0.52050000429153453
decision_type=2 2 2 2 2 2 2 2 2 2 2 2 2 2 2 2 2 2 2 2 2 2 2 2 2 2 2 2
left_child=1 2 14 11 -5 6 9 13 -9 -3 12 -4 24 -7 16 -16 -1 19 27 20 -12 25 -20 -21 -2 -14 -8 -19
right_child=10 5 3 4 -6 7 26 8 -10 -11 17 -13 21 -15 15 -17 -18 18 22 23 -22 -23 -24 -25 -26 -27 -28 -29
leaf_value=-0.021686164481680682 0.032354803075535565 0.0063975628017353767 0.0082892910126590672 -0.0096389140391083747 0.00017454638746210066 -0.022603567439482601 -0.018684374417842237 0.016559371175348205 0.0014906704120954304 0.022185498078621128 0.029897396521429875 -0.0097265614360972016 -0.014960406176381386 -0.0029428921523545113 0.01559545427165453 -0.0081460461279544549 -0.0023393704786135085 0.00283647869463263 0.00058886325190402901 -0.006084886634180762 0.0054181230057306125 -0.02731862610230253 0.029725505208355749 0.015746846446215879 0.0019660101950217659 0.0089428752463149869 0 -0.014575824522156321
leaf_weight=38.593743830919266 3.1345795989036587 104.71610537171364 144.22700247168541 134.45077553391457 181.28653757274151 13.320702031254767 12.760551393032076 31.511557966470718 323.70792612433434 33.035205617547035 25.701231598854068 19.665873184800148 3.9075839519500715 165.54784660041332 8.8004851937293989 129.96600130200386 14.626564040780066 3.0366318821907061 3.8937762677669507 4.0978974103927603 5.2241328656673423 5.4097642302513123 6.2986367344856262 10.74666455388069 3.815741240978241 3.6175791323184967 3.6631838381290427 6.1144115626811981
leaf_count=121 11 325 455 380 549 37 31 99 983 108 88 53 10 484 30 389 50 10 12 13 15 14 22 34 12 11 10 15
internal_value=0.000254309 -0.000497458 -0.00308789 -0.000534249 -0.0039845 0.00201767 0.00761192 0.000380331 0.00287411 0.0103154 0.0123195 0.00604977 -0.00228018 -0.00451617 -0.00940281 -0.00652516 -0.0166079 0.0168988 0.00641528 0.0210176 0.0262006 -0.0141841 0.0199843 0.00913169 0.0181309 -0.00250665 -0.0141664 -0.00801767
internal_weight=1444.88 1359.88 671.617 479.63 315.737 688.263 154.175 534.088 355.219 137.751 84.9986 163.893 19.8852 178.869 191.987 138.766 53.2203 65.1134 19.3435 45.7699 30.9254 12.9349 10.1924 14.8446 6.95032 7.52516 16.4237 9.15104
internal_count=4371 4104 2027 1437 929 2077 474 1603 1082 433 267 508 58 521 590 419 171 209 59 150 103 35 34 47 23 21 41 25
is_linear=0
shrinkage=0.03


Tree=48
num_leaves=31
num_cat=0
split_feature=1 27 0 9 21 29 27 1 8 25 0 27 3 18 0 22 27 1 26 1 29 29 9 26 27 28 8 25 7 26
split_gain=105.647 34.4962 19.2587 17.7539 14.695 13.244 12.3175 9.23205 8.6349 8.54126 8.27855 7.68351 14.3612 13.3325 7.30957 6.48057 6.12424 8.74469 5.59344 5.46732 4.84353 4.82454 5.26905 4.06053 3.18431 2.38142 2.31041 3.30729 2.35799 1.00634
threshold=-0.15377149730920789 0.026672904379665855 0.30329549312591558 0.40686200559139257 0.28904999792575842 0.52050000429153453 0.020333440974354747 -0.67226150631904591 0.04936449974775315 0.0037207073764875536 -2.2767890691757198 0.020446146838366989 52.431823730468757 0.86190497875213634 0.071775499731302275 -2.769135475158691 0.025801359675824646 0.11490450054407121 1.0000355839729311 -0.16258350014686582 0.37749999761581426 0.50650000572204601 0.38290399312973028 0.99912029504776012 0.028179036453366283 0.35320518910884863 6.9072718620300302 0.0025693222414702181 57.42767524719239 1.0015074014663699
decision_type=2 2 2 2 2 2 2 2 2 2 2 2 2 2 2 2 2 2 2 2 2 2 2 2 2 2 2 2 2 2
left_child=1 4 3 9 6 23 10 -8 11 14 -1 12 -4 -13 -2 21 17 -10 -7 20 -17 24 -23 -5 -3 -18 28 -28 -6 -11
right_child=2 15 8 5 26 18 7 -9 16 29 -12 13 -14 -15 -16 19 25 -19 -20 -21 -22 22 -24 -25 -26 -27 27 -29 -30 -31
leaf_value=-0.025649313293450892 0.010364869660055656 0.020058292601867603 -0.013723856824724039 -0.0013302961448881691 -0.022120587094168302 -0.0091020558310438739 0.025831229273134783 -0.0041760821823804382 -0.020197197385083139 -0.026551445204028232 -0.0097563827446676878 0.011520392431464915 0.010448459199962139 -0.011648119789686988 -0.0033239085305378996 0.0011565504189536523 0.03192889060670441 0.01350398192013892 0.023693615754978803 0.02473742319183821 -0.01954910956482794 0.009465322323780485 -0.024252657341030617 -0.0230568323401159 -0.0033763057910659866 0.012445122290262801 -0.024308356106123877 0 0 -0.0038204650446233097
leaf_weight=43.993928700685501 133.65487711131573 38.773332372307777 40.43984355032444 10.447766929864882 150.36159759759903 7.2647866606712368 9.5291022509336454 110.2165359556675 6.5352151542901984 7.0514233559370023 101.34709444642067 254.54071134328842 47.532174348831177 23.720196485519409 46.083041727542877 24.754628479480743 23.803202033042908 203.52663154900074 10.543825238943098 5.0377200543880454 15.872803226113318 12.64498755335808 5.5777720212936392 45.787202209234238 5.1301081478595725 10.921800196170805 8.0310635864734667 13.287763491272925 4.537136882543563 3.8624087125062943
leaf_count=179 365 94 132 36 601 24 27 366 23 25 363 652 121 82 148 77 48 509 29 11 55 34 22 179 15 26 31 47 13 12
internal_value=0.00063459 -0.00966976 0.00710778 0.000311789 -0.0133891 -0.0120709 -0.00883778 -0.00161584 0.0100344 0.00518694 -0.0147002 0.00705434 -0.000576344 0.00949577 0.00680578 0.00546572 0.0144329 0.0123673 0.00994027 -0.00294327 -0.00685347 0.0117645 -0.000746716 -0.0192262 0.0171101 0.0263199 -0.0201403 -0.00972707 -0.0214797 -0.0198152
internal_weight=1424.81 549.096 875.715 264.695 441.304 74.0436 265.087 119.746 611.02 190.652 145.341 366.233 87.972 278.261 179.738 107.791 244.787 210.062 17.8086 45.6652 40.6274 62.1262 18.2228 56.235 43.9034 34.725 176.218 21.3188 154.899 10.9138
internal_count=4346 1935 2411 818 1627 268 935 393 1593 550 542 987 253 734 513 308 606 532 53 143 132 165 56 215 109 74 692 78 614 37
is_linear=0
shrinkage=0.03


Tree=49
num_leaves=29
num_cat=0
split_feature=0 1 1 1 18 25 21 29 35 9 23 35 17 35 36 1 30 7 22 35 35 35 31 33 29 36 28 29
split_gain=98.7003 33.4032 13.2521 8.30347 8.23126 7.04838 7.08316 5.92647 9.77302 5.20408 7.10089 5.20042 4.86172 6.86909 5.09269 4.75069 4.59878 2.96152 2.55213 4.38426 3.43531 2.49001 1.92867 1.91554 1.41121 2.27388 0.0692246 0.0243279
threshold=0.048949500545859344 -0.69541749358177174 0.64156350493431102 -0.45222748816013331 0.37212000787258154 0.0012008753838017585 0.054700000211596496 0.30449999868869787 15.665073394775392 0.29624800384044653 -3.7724920511245723 20.041867256164554 1.0000000180025095e-35 20.109394073486332 0.0036816201172769074 0.28519800305366522 0.0072820396162569532 25.388464927673343 -2.769135475158691 20.696608543396 20.376460075378422 20.970647811889652 0.013876786455512049 0.18257120251655581 0.37749999761581426 0.0011371450964361431 0.55468699336051952 0.84749999642372142
decision_type=2 2 2 2 2 2 2 2 2 2 2 2 2 2 2 2 2 2 2 2 2 2 2 2 2 2 2 2
left_child=1 18 4 7 5 6 -2 8 -3 11 -11 -5 14 -14 -6 -7 -9 24 21 20 -20 23 27 -1 25 -4 -26 -19
right_child=2 3 17 9 12 15 -8 16 -10 10 -12 -13 13 -15 -16 -17 -18 22 19 -21 -22 -23 -24 -25 26 -27 -28 -29
leaf_value=0.016151174824842709 -0.0045611019454898016 0.019013054407213646 -0.012735425885536835 0.015735624016872576 -0.017366808691312817 -0.015504314982552548 0.013883242621085656 0.0069699223013212769 0.0033441842575602718 -0.0049890200866794061 0.0032164285530770038 -0.017866483487637124 -0.0091006333599372748 0.014701650375834634 0.0025133892633387961 -0.0032778209794575124 -0.0049720939333243244 -0.023679225780462509 0.016218190240811732 0.035751459948963789 0 0 0 0.031218779748825219 -0.024979276944390894 0.0025777722504126566 -0.010773798431756658 -0.016044397002740476
leaf_weight=16.03249254822731 36.866123273968697 76.705251842737198 48.216140419244766 32.410407558083534 110.44138436019421 40.980402365326881 36.254690021276474 78.6851467192173 70.351623982191086 163.25747612118721 224.95926685631275 4.079301804304122 91.722596064209938 11.66444183886051 11.952740848064421 102.60599006712437 44.556911930441856 64.736301064491272 56.354031324386597 9.0163009464740735 13.725404858589171 3.167066127061843 2.8825119137763968 34.884580194950104 9.7197984009981138 9.3138736039400083 4.3454515635967246 13.650862336158751
leaf_count=46 112 220 163 96 340 125 113 242 213 505 660 16 280 37 37 314 142 217 157 26 42 10 9 99 32 29 13 51
internal_value=-0.000599032 0.0060905 -0.00991713 0.00343056 -0.00723741 -0.00299366 0.00449389 0.00753967 0.0116148 0.000788403 -0.000213049 0.0115451 -0.0112552 -0.00627072 -0.0153498 -0.00687149 0.00257703 -0.0175664 0.0198395 0.0158832 0.0129643 0.025262 -0.0216884 0.0268526 -0.0126445 -0.0101003 -0.0217289 -0.0225739
internal_weight=1423.54 828.185 595.353 695.005 442.488 216.707 73.1208 270.299 147.057 424.706 388.217 36.4897 225.781 103.387 122.394 143.586 123.242 152.865 133.18 79.0957 70.0794 54.0841 81.2697 50.9171 71.5953 57.53 14.0652 78.3872
internal_count=4346 2474 1872 2094 1358 664 225 817 433 1277 1165 112 694 317 377 439 384 514 380 225 199 155 277 145 237 192 45 268
is_linear=0
shrinkage=0.03


Tree=50
num_leaves=18
num_cat=0
split_feature=1 23 27 7 29 27 7 33 10 33 1 26 26 27 27 28 27
split_gain=13.8542 8.58155 8.8707 10.3332 16.0342 6.56426 8.48388 11.0603 6.95858 5.29434 2.65851 1.91658 1.00059 2.47565 4.36312 1.75807 1.10142
threshold=-0.77506297826766957 -4.2393336296081534 0.0203108498826623 45.37945747375489 0.44949999451637274 0.026508779264986519 27.712655067443851 0.12572375684976581 -11.161098003387449 0.46904051303863531 -0.50076301395893086 0.99875706434249889 1.0001917481422427 0.020394305698573593 0.020839642733335498 0.45965947210788732 0.01992830075323582
decision_type=2 2 2 2 2 2 2 2 2 2 2 2 2 2 2 2 2
left_child=12 2 -2 9 -5 6 8 -8 -3 -4 -7 -12 16 -14 -15 -16 -1
right_child=1 5 3 4 -6 10 7 -9 -10 -11 11 -13 13 14 15 -17 -18
leaf_value=-0.001350114227866921 -0.027169209298411365 0.0062676484563998899 0.011974343263618603 -0.0042933100425012255 0.012385401809589846 0.0068840398231002128 -0.0083094684041000733 0.0084011716727771853 -0.0033793031536645843 0.0012227374195816097 0.00061168139561430443 -0.016146373911642149 -0.023428985205972083 0.025411888395711464 0.0040569745926963326 -0.017899992619356181 -0.020848088488305452
leaf_weight=4.0671353042125729 7.6301895081996909 75.297217026352882 158.81027236580849 188.98807434737682 70.900464028120041 5.4054459482431403 44.706925556063652 162.28379732370377 568.62515358626842 58.38968251645565 5.9746124595403662 40.736037358641624 6.90129026770592 3.4422407150268581 3.9673255234956732 8.6638185232877714 27.235964626073837
leaf_count=16 22 229 498 555 221 19 126 513 1674 173 19 109 26 13 14 28 91
internal_value=-2.94228e-05 0.000548244 0.00377056 0.00431215 0.000237308 -0.00117256 -0.0005253 0.00473722 -0.00223328 0.00913479 -0.0114641 -0.0138285 -0.0148334 -0.00895149 -0.00167308 -0.0104262 -0.0186588
internal_weight=1442.03 1387.75 484.719 477.088 259.889 903.029 850.913 206.991 643.922 217.2 52.1161 46.7106 54.2778 22.9747 16.0734 12.6311 31.3031
internal_count=4346 4158 1469 1447 776 2689 2542 639 1903 671 147 128 188 81 55 42 107
is_linear=0
shrinkage=0.03


Tree=51
num_leaves=27
num_cat=0
split_feature=0 1 27 9 29 13 27 35 1 27 13 35 23 6 35 31 9 34 27 32 27 34 29 0 34 29
split_gain=98.0677 26.9087 18.8966 11.409 13.8655 8.78805 8.72094 7.89958 9.66391 10.065 7.80728 7.87975 7.32201 7.2095 6.2076 5.94379 5.87343 4.45743 4.4118 4.24656 4.64734 3.22278 3.20678 3.06583 1.92315 1.87929
threshold=0.30329549312591558 -0.45222748816013331 0.026672904379665855 0.40329450368881231 0.51250001788139354 0.37764449417591101 0.026909084990620617 21.05076885223389 0.71137097477912914 0.019799064844846729 -0.13855250179767606 13.298251152038576 2.8623635768890385 0.056751500815153129 12.507444858551027 0.013948959298431875 0.38430349528789526 0.74616000056266796 0.020497629418969158 0.036862842738628394 0.020166013389825824 0.61705863475799572 0.38449999690055853 -0.25817649811506266 0.73069077730178844 0.19250000268220904
decision_type=2 2 2 2 2 2 2 2 2 2 2 2 2 2 2 2 2 2 2 2 2 2 2 2 2 2
left_child=1 2 12 10 6 7 -5 8 9 -2 21 -12 17 -14 -4 19 -16 -1 -10 20 -7 -3 -17 -6 25 -9
right_child=5 3 14 4 23 15 -8 24 18 -11 11 -13 13 -15 16 22 -18 -19 -20 -21 -22 -23 -24 -25 -26 -27
leaf_value=-0.021508670652173895 -0.0095412817404364643 0.0051161462890118858 -0.025591362425920389 -0.017341775664150096 0 -0.021295634416373558 0.014778590678281243 0 0.027143848583570478 0.01020529618607462 0.017496273794337873 0.00045216316830080098 -0.025214999765145327 -0.0057312508755187064 0.010761782542427305 0.029585734713817185 -0.021731391787526141 0.011799711473849471 0.010096819632579314 0.026661056723676645 -0.001242426748756716 -0.015185170591188195 -0.0023483971655588374 0.018967419616821479 0.0080808050960215032 -0.023684859892131812
leaf_weight=172.12983310222626 23.774383708834648 7.6859381645917884 5.5343383550643912 103.70614409446716 26.995169177651405 12.387875467538832 7.5291873812675467 3.925786852836608 44.03032523393631 409.48040771484375 26.566453337669373 263.18982529640198 22.474677979946136 76.928749069571495 39.686977133154869 8.0013178586959821 5.0978323966264716 3.0448844432830802 23.886509865522385 3.4927442967891684 60.671909973025322 36.303914576768875 3.3977515399456015 10.735465973615645 3.0109981894493094 8.331498831510542
leaf_count=698 76 24 20 393 87 43 21 11 93 1040 67 786 98 273 106 17 21 10 58 8 188 130 10 30 8 28
internal_value=-0.00048216 -0.00732583 -0.014001 -0.00280457 -0.00969451 0.00864621 -0.0150307 0.0101379 0.0107965 0.00909123 0.000253704 0.00207332 -0.017098 -0.0103307 0.00272354 -1.85644e-05 0.00666526 -0.0208465 0.0213975 -0.00316675 -0.0048866 -0.0114182 0.019612 0.00579274 -0.0105688 -0.0159927
internal_weight=1412 807.609 324.897 482.712 148.966 604.392 111.235 516.44 501.172 433.255 333.746 289.756 274.578 99.4034 50.3191 87.9516 44.7848 175.175 67.9168 76.5525 73.0598 43.9899 11.3991 37.7306 15.2683 12.2573
internal_count=4344 2764 1226 1538 531 1580 414 1314 1267 1116 1007 853 1079 371 147 266 127 708 151 239 231 154 27 117 47 39
is_linear=0
shrinkage=0.03


Tree=52
num_leaves=27
num_cat=0
split_feature=0 1 1 27 23 27 29 18 35 27 27 35 29 13 31 29 7 32 35 35 29 34 36 6 33 26
split_gain=83.6085 22.0825 15.586 10.6457 9.98583 10.2389 10.2244 10.175 9.82252 7.20489 5.97732 12.1757 11.5048 5.96246 5.16093 6.57795 3.42167 5.32975 2.84773 2.732 3.71104 2.24147 2.5423 1.24327 1.00168 0.481293
threshold=0.048949500545859344 -0.45222748816013331 0.64156350493431102 0.026885607279837135 2.8623635768890385 0.026672904379665855 0.37049999833107 0.76209700107574474 12.922688007354738 0.020538094453513626 0.027514189481735233 12.507444858551027 0.43250000476837164 -0.10135399922728537 -1.0000000180025095e-35 0.2715000063180924 25.388464927673343 -0.0056532500311732284 14.943450927734377 12.406020641326906 0.38150000572204595 0.63365203142166149 0.00013594437768915671 0.042949000373482711 0.62995329499244701 1.0011073946952822
decision_type=2 2 2 2 2 2 2 2 2 2 2 2 2 2 2 2 2 2 2 2 2 2 2 2 2 2
left_child=1 4 10 8 5 6 -1 -7 -3 -10 11 12 -2 -13 18 -16 21 -18 -6 20 -5 24 -23 -21 -4 -19
right_child=2 3 16 19 14 7 -8 -9 9 -11 -12 13 -14 -15 15 -17 17 25 -20 23 -22 22 -24 -25 -26 -27
leaf_value=0.022214168597730097 0.04774033586030093 0.033904319494284595 0.007100858224653981 0.021249468061586233 0.031903934184616234 -0.0028614003042626225 0.00901340652496011 0.033851445407046848 0.0070395676933303957 -0.001214454508745423 -0.024850203249998107 0.0023345382868741088 -0.011512406543652791 -0.0069954350649939776 0.0076351772503304481 -0.0076217022256726353 0.014408608309749443 -0.024641402426767066 0 -0.0067242333620952058 -0.015457973600928104 -0.020027086871946192 -0.006311697696336248 -0.024852551730405119 -0.0083454140491961842 -0.016116210016876596
leaf_weight=150.62465500831604 7.1336948573589307 8.794335871934889 7.2152096480131132 3.6440178900957125 8.4053447842597944 44.507524788379669 87.14460676908493 7.4578647911548606 175.01735489070415 204.43739853799343 13.080188959836958 73.449919238686562 4.2043394297361374 338.56512130796909 72.567118793725967 38.118559002876282 3.0499624311923972 54.475696876645088 3.5461045503616324 6.8471507877111462 5.6466775387525558 29.326313391327858 25.813157692551613 15.809999033808706 6.858602300286293 20.105784833431244
leaf_count=441 24 27 25 12 25 126 267 21 516 623 35 223 12 1062 216 119 10 185 11 21 17 97 83 49 24 73
internal_value=0.000717847 0.00682397 -0.00798098 0.00195412 0.0117561 0.0148042 0.0174428 0.00250833 0.00334868 0.00257315 -0.00509566 -0.00443548 0.0254499 -0.00530955 0.00445083 0.00228933 -0.0164489 -0.0209342 0.0228505 -0.0145065 0 -0.0111749 -0.0138825 -0.0200262 0 -0.0225857
internal_weight=1415.85 832.569 583.278 420.197 412.372 289.735 237.769 51.9654 388.249 379.455 436.433 423.353 11.338 412.015 122.637 110.686 146.845 77.6314 11.9514 31.9478 9.2907 69.2133 55.1395 22.6571 14.0738 74.5815
internal_count=4344 2491 1853 1265 1226 855 708 147 1166 1139 1356 1321 36 1285 371 335 497 268 36 99 29 229 180 70 49 258
is_linear=0
shrinkage=0.03


Tree=53
num_leaves=29
num_cat=0
split_feature=9 29 16 2 10 25 0 27 7 0 3 27 23 25 21 25 4 27 36 33 27 27 6 26 0 25 33 30
split_gain=14.6284 12.5322 8.21692 7.70345 7.13072 7.10063 6.50434 5.46757 8.95107 5.75983 5.2439 5.63792 5.06767 5.02032 6.81415 4.36348 4.7335 3.63597 3.41702 3.14547 2.34201 6.0946 2.30395 2.08665 1.95491 1.68721 1.66725 0.187145
threshold=0.3621129989624024 0.27349999547004705 0.60785751044750225 3440.8505859375005 4.5234875679016122 0.0025921928463503723 -4.1545875072479239 0.020773387514054779 27.90232086181641 1.6585984826087954 42.641874313354499 0.02051569148898125 8.4984245300292987 0.0003363619616720826 0.14840000122785571 0.0011420364025980236 606.66723632812511 0.024344349279999736 0.0017612585797905924 1.0688377022743227 0.025571790523827079 0.022941910661756996 0.070539500564336791 1.0008020997047427 1.0607710480690005 0.00046278245281428104 0.29846109449863439 -0.0093723982572555525
decision_type=2 2 2 2 2 2 2 2 2 2 2 2 2 2 2 2 2 2 2 2 2 2 2 2 2 2 2 2
left_child=1 4 6 5 10 12 20 9 -9 -5 18 -12 -3 26 -15 24 19 -18 -1 -17 21 -2 -7 25 27 -6 -8 -4
right_child=2 3 15 7 23 22 13 8 -10 -11 11 -13 -14 14 -16 16 17 -19 -20 -21 -22 -23 -24 -25 -26 -27 -28 -29
leaf_value=-0.011178392986499992 -0.012074742335826989 0.0075464509654590284 -0.010839593959255406 -0.013230272757427532 -0.002240070694503507 -0.0088875720524608532 -0.023439529485062616 0.039676105257362246 0.0082717061372841773 0.022710426923622982 -0.0057141592037065047 0.0046757102220347522 -0.014147765010013198 0.010905424191572432 0.0033917159553894698 -0.0019034895941666601 0.013150486250675438 -0.017594273424037746 0.0012832474777229406 -0.019695482307260204 -0.024105060450198574 0.01768351959322078 0.0051173968691637746 0 0.00066911478933682805 -0.021528044586447623 0 -0.026292678165847818
leaf_weight=132.37084904313087 21.529190629720691 71.49737648665905 4.6591377705335626 15.657803356647493 5.859020084142684 88.917725905776024 6.1711657047271711 9.5353950262069684 54.959546595811844 4.7469540834426871 129.69735965132713 72.305885821580887 10.492510184645651 168.28434205055237 322.4771212041378 164.00533255934715 28.660612598061565 3.2568528354167929 21.669318094849586 9.1579945087432844 6.0487097501754752 7.9874081909656516 10.807840079069136 5.7807723730802527 3.5158159136772147 40.072276249527931 5.4596002697944641 8.3924402594566345
leaf_count=396 73 227 13 45 17 251 18 34 168 16 379 216 26 534 979 487 94 7 68 26 21 29 33 19 11 114 18 25
internal_value=-0.000227727 -0.00344799 0.00261974 0.00158083 -0.0067561 -0.00186611 0.00462673 0.00903163 0.0133227 -0.00409532 -0.00519259 -0.00194836 0.00459214 0.00551622 0.005995 -0.00221032 -0.000948415 0.00951269 -0.00936866 -0.00295027 -0.00759086 -0.00356168 -0.00726202 -0.0171958 -0.0168181 -0.0193121 -0.0133584 -0.0220439
internal_weight=1433.98 674.371 759.606 266.615 407.755 181.715 537.958 84.8997 64.4949 20.4048 356.043 202.003 81.9899 502.392 490.761 221.648 205.081 31.9175 154.04 173.163 35.5653 29.5166 99.7256 51.7121 16.5674 45.9313 11.6308 13.0516
internal_count=4344 2009 2335 800 1209 537 1672 263 202 61 1059 595 253 1549 1513 663 614 101 464 513 123 102 284 150 49 131 36 38
is_linear=0
shrinkage=0.03


Tree=54
num_leaves=30
num_cat=0
split_feature=0 1 10 27 13 22 27 0 27 9 2 27 10 27 9 22 10 29 34 29 3 29 27 27 28 36 29 34 29
split_gain=87.1321 21.685 14.1319 14.3555 10.7081 11.801 14.8409 10.6845 9.76211 9.47832 7.76195 7.7425 7.47794 9.50455 6.97398 9.21157 7.72427 6.48872 6.45477 6.22645 5.63414 4.84661 3.69172 3.07268 2.97924 2.47714 1.6817 0.395885 0.310602
threshold=0.30329549312591558 -0.50438550114631642 -13.689263820648192 0.026781643740832809 0.37764449417591101 -0.093178998678922639 0.019799064844846729 0.59896200895309459 0.027111343108117584 0.40434749424457556 3313.137084960938 0.018900832161307338 -18.686863899230953 0.025772347114980224 0.3621129989624024 4.199775457382203 -1.8586509823799131 1.575999975204468 0.72062584757804882 0.68549999594688427 65.956329345703139 0.22850000113248828 0.025801359675824646 0.026762715540826324 0.20559728890657428 -0.002392001217231154 0.53049999475479137 0.52660003304481517 0.68549999594688427
decision_type=2 2 2 2 2 2 2 2 2 2 2 2 2 2 2 2 2 2 2 2 2 2 2 2 2 2 2 2 2
left_child=1 14 12 9 5 6 28 -8 -5 -4 19 26 13 -3 16 27 25 22 -18 21 -13 -6 -12 -14 -17 -1 -7 -16 -2
right_child=4 2 3 8 10 11 7 -9 -10 -11 17 20 23 -15 15 24 18 -19 -20 -21 -22 -23 -24 -25 -26 -27 -28 -29 -30
leaf_value=-0.00093730777508561946 -0.027968827218385915 -0.01343699493485595 -0.00044922347878707157 0.024763249963038362 -0.0013637243766393889 -0.024578628236275765 0.027190151807571217 0.0050021138224053173 -0.0015470384998098291 -0.010603857400298627 -0.024993217397539017 0.013762150258856683 -0.021554990818128974 0.018286874390622831 -0.0067418417934239742 0.0023484771192559565 -0.0080703915753559813 0.029209046941632854 0.013788205578249394 -0.025282853924649861 0.029006506595227834 0.017039836815861145 -0.0041870562470173464 -0.0066077425322695928 -0.016957790911661132 -0.025233269661589154 0.0019881962497493317 -0.024372112813157744 -0.0076439613153964601
leaf_weight=5.4934177249670055 10.52303972840309 22.165045395493507 303.74589185416698 29.105271607637405 21.18782152235508 4.7462979406118384 21.315947413444519 218.56881439685822 21.050069004297256 114.2885873913765 17.757883563637733 227.67838484048843 61.072707965970039 13.035662338137625 3.070527732372283 19.081333771348003 41.777931109070778 2.5819614827632895 16.443339496850967 4.6135088801383963 25.720598608255386 29.087202697992325 15.732403680682181 18.592899799346924 10.407891586422918 22.698703929781914 2.5342632830142975 94.306575402617455 2.6367479562759391
leaf_count=19 37 77 927 64 63 18 46 592 62 417 67 543 243 38 13 64 143 6 49 16 52 76 49 62 40 95 8 419 9
internal_value=-0.000252677 -0.00677649 -0.00375538 -0.00141478 0.00832245 0.0100026 0.00531547 0.00706362 0.0136369 -0.00325631 -0.00107114 0.0144991 -0.0131701 -0.00134522 -0.0149653 -0.0194926 -0.00814119 -0.0118743 -0.0016788 0.00590918 0.015399 0.00916957 -0.0156895 -0.0182417 -0.00433447 -0.0209116 -0.0146409 -0.0239454 -0.0249842
internal_weight=1401.02 796.336 583.056 468.19 604.685 513.724 253.045 239.885 50.1553 418.034 90.9608 260.68 114.866 35.2007 213.28 126.866 86.4134 36.0722 58.2213 54.8885 253.399 50.275 33.4903 79.6656 29.4892 28.1921 7.28056 97.3771 13.1598
internal_count=4314 2732 1890 1470 1582 1305 684 638 126 1344 277 621 420 115 842 536 306 122 192 155 595 139 116 305 104 114 26 432 46
is_linear=0
shrinkage=0.03


Tree=55
num_leaves=27
num_cat=0
split_feature=0 1 1 27 26 27 4 32 32 33 27 18 27 33 23 27 27 34 36 16 34 10 36 34 31 30
split_gain=85.1791 19.7586 16.642 11.8691 8.48847 8.54723 6.55223 5.33074 6.36171 4.08527 4.07025 5.93952 5.928 3.96947 3.87094 9.08909 5.57249 3.5916 3.14799 2.6494 2.42005 1.53944 2.22297 0.940459 0.872524 0.546977
threshold=0.026813500560820106 -0.62559351325035084 0.64156350493431102 0.026781643740832809 1.0019552111625674 0.02302536275237799 -4708.7429199218741 -0.0050152495969086877 -0.015069640707224606 0.080274954438209548 0.027514189481735233 1.0000000180025095e-35 0.02728238329291344 0.082074869424104704 5.440160036087037 0.020385479554533962 0.01971840858459473 0.66395968198776256 0.001873023924417794 -0.60785751044750203 0.58595949411392223 -9.69305372238159 0.00043941658805124467 0.64926794171333324 -0.024955779314041134 -1.0000000180025095e-35
decision_type=2 2 2 2 2 2 2 2 2 2 2 2 2 2 2 2 2 2 2 2 2 2 2 2 2 2
left_child=1 7 10 4 5 -3 -5 8 17 -6 11 12 -2 -13 15 -9 -16 -1 -8 20 -4 22 -21 -22 -23 -10
right_child=2 3 19 6 9 -7 18 14 25 -11 -12 13 -14 -15 16 -17 -18 -19 -20 21 23 24 -24 -25 -26 -27
leaf_value=0.034166044771896477 0.0011761605886072347 0.0034408667999178779 0.010181145387872631 -0.025310853281198611 0.011324005553962586 0.011451185173085909 0.0014550186285848192 0.029715617761965171 -0.0062893452659373754 -0.013870785929529216 -0.02231442152079971 0.001582201174103127 0.040472403487122353 -0.0068389324226439353 0.01461681625304182 0.012746489431255203 -0.0091402339611069382 -0.0041894133247037252 -0.016548912433877353 -0.019601045855476999 -0.021280505187750664 -0.0043382557415183919 0.003605453186548107 -0.0078090770234579389 -0.021526397776789868 -0.028474525091710255
leaf_weight=4.1872960329055786 15.048382237553598 333.57564477622509 4.2283303141593924 14.933839261531828 6.4733396768569937 191.66257266700268 37.051091194152832 48.729219645261765 3.3352937996387482 28.008445888757706 12.328434824943541 56.401195913553238 4.2122664153575888 360.94736704230309 34.83939990401268 78.089375436306 10.99735191464424 3.2633912265300751 10.666448563337324 6.8240123838186246 8.3570189923048037 4.396242067217826 6.2067916840314865 20.779324248433113 93.673665434122086 4.1768575608730298
leaf_count=12 45 999 15 47 21 578 111 138 11 88 34 174 13 1127 102 220 37 10 32 23 26 15 20 71 331 14
internal_value=0.000302305 0.0066329 -0.00832205 0.00403411 0.00543096 0.00638911 -0.00824683 0.0151722 -0.00141713 -0.00878939 -0.00543154 -0.00490926 0.0110322 -0.00567882 0.0166618 0.0194285 0.00868557 0.0170275 -0.00251268 -0.0171927 -0.00905114 -0.0195056 -0.00815748 -0.0122705 -0.0208731 -0.0207551
internal_weight=1403.39 809.99 593.403 622.371 559.72 525.238 62.6514 187.618 14.9628 34.4818 448.938 436.609 19.2606 417.349 172.655 126.819 45.8368 7.45069 47.7175 144.465 33.3647 111.101 13.0308 29.1363 98.0699 7.51215
internal_count=4314 2420 1894 1876 1686 1577 190 544 47 109 1393 1359 58 1301 497 358 139 22 143 501 112 389 43 97 346 25
is_linear=0
shrinkage=0.03


Tree=56
num_leaves=25
num_cat=0
split_feature=9 1 29 28 33 0 30 30 34 25 29 0 0 35 28 36 28 30 33 30 0 36 7 3
split_gain=14.791 10.1764 7.86716 7.55306 6.59252 6.45354 5.2955 5.17154 7.68394 3.86585 6.61617 3.81696 3.18286 3.08444 2.06412 2.15665 1.62981 1.42483 3.93506 1.31465 1.09954 0.78817 0.381963 0.278902
threshold=0.4796034991741181 -0.77992299199104298 0.26950000226497656 -0.91283753514289845 1.4874336719512942 -1.425040006637573 -0.040174150839447968 0.022564771585166458 0.67554396390914928 0.0059670784976333388 0.64750000834465038 2.2710504531860356 1.1460400223731997 16.053575515747074 -0.27422446012496943 0.0024233113508671526 0.28305935859680181 0.0017770929844118657 0.16357098519802096 0.023458210751414302 -1.8333045244216917 0.0038118166849017148 26.576339721679691 31.627449989318851
decision_type=2 2 2 2 2 2 2 2 2 2 2 2 2 2 2 2 2 2 2 2 2 2 2 2
left_child=1 17 3 12 6 -5 -4 9 16 10 13 -12 -3 -2 -10 -16 -9 21 -19 -20 -11 23 -6 -1
right_child=7 2 4 5 22 -7 -8 8 14 20 11 -13 -14 -15 15 -17 -18 18 19 -21 -22 -23 -24 -25
leaf_value=-0.0078071487840967423 0.010778113443509396 0.028603347011061549 -0.0048587798300007692 -0.0090778969293433733 -0.0076282722826712269 -0.0015735688290371133 0.0036001254676188274 -0.025557892755598326 -0.0010560087418696824 0.013740831489912416 -0.012436983506529015 0.013658273714418119 -0.003622428736990705 0.028655571219155365 0.0083177207586722715 0.040985121158200355 0 0.015201845236493393 0 -0.024012627856741922 0.045041635293387297 -0.00026275455159000259 -0.026242410694017122 -0.022404006900075501
leaf_weight=4.1465162336826387 21.917850762605667 9.2894882857799512 75.000979170203209 128.84570308029652 3.6791482567787153 535.26651415228844 524.94118602573872 7.6152033507823962 3.9684922397136679 3.2238738536834717 11.608464479446413 8.0405344069004041 3.0485012531280509 18.728037416934967 5.9179429411888105 3.328570544719696 3.790907621383667 4.4873616844415656 3.6063922941684705 6.7062705606222153 4.9501660764217359 2.8077517449855796 6.5984726548194885 22.106705963611603
leaf_count=15 71 32 221 414 11 1585 1581 21 11 11 33 24 8 63 19 12 10 17 13 23 18 10 16 75
internal_value=-4.30237e-05 -0.000859871 -0.000365487 -0.00259856 0.00209532 -0.00304877 0.00252449 0.0114782 0 0.0156929 0.0126272 -0.00123797 0.0201089 0.0194822 0.0149893 0.0225001 -0.0179451 -0.0149923 -0.00617293 -0.016579 0.0352377 -0.0189989 -0.0210771 -0.0206239
internal_weight=1423.62 1330.53 1286.67 676.45 610.22 664.112 599.942 93.09 24.6211 68.4689 60.2949 19.649 12.338 40.6459 13.215 9.24651 11.4061 43.861 14.8 10.3127 8.17404 29.061 10.2776 26.2532
internal_count=4314 4021 3868 2039 1829 1999 1802 293 73 220 191 57 40 134 42 31 31 153 53 36 29 100 27 90
is_linear=0
shrinkage=0.03


Tree=57
num_leaves=28
num_cat=0
split_feature=0 0 9 30 35 13 27 6 27 2 27 35 28 28 27 3 10 31 28 10 27 36 33 34 33 35 36
split_gain=87.0599 20.5686 12.6742 11.6667 11.2806 10.9754 8.85527 7.98085 12.2224 13.715 7.79981 7.52257 7.21814 6.12748 5.68323 8.33865 5.5024 5.06149 2.83073 2.69855 2.55995 2.07892 1.84071 0.563162 0.40344 0.242223 0.213253
threshold=0.30329549312591558 -3.1728779077529903 0.40329450368881231 0.023963679559528831 12.658586978912355 0.14191749691963199 0.026885607279837135 0.057730501517653472 0.020947109907865528 2987.780883789063 0.025842599570751194 21.05076885223389 0.62030485272407543 -0.61076530814170826 0.027514189481735233 47.632505416870124 0.76617249846458446 0.013806493487209083 -0.27899484336376185 -15.651906967163084 0.02045493666082621 0.0010283745941706004 0.29846109449863439 0.74274864792823803 1.4874336719512942 14.762268066406252 -0.0014129416085779665
decision_type=2 2 2 2 2 2 2 2 2 2 2 2 2 2 2 2 2 2 2 2 2 2 2 2 2 2 2
left_child=1 4 3 5 22 -3 16 11 13 25 -11 14 -5 20 15 -2 -4 -15 -13 -8 -9 -20 -1 24 -6 -10 -16
right_child=7 2 6 12 23 -7 19 8 9 10 -12 18 -14 17 26 -17 -18 -19 21 -21 -22 -23 -24 -25 -26 -27 -28
leaf_value=-0.00053977553228275871 0.0050014727480722438 -0.0069812655523274064 -0.01679433720261525 0.0034809935872680002 -0.023720476707365434 0.0039799173319066631 0.0025149327759015861 0 0.044188093480439103 0.0020355813577268124 0.013918121164263953 0.0099423671392875907 0.027172833425173765 -0.011556238694829133 0.01612913337696021 0.01609267077318623 -0.0067880093251432546 0.0085310090332729929 -0.024233502224167942 0.033247611003862067 0.026617435350720919 0.00025503052972380394 0.024003156987932813 -0.0026905923814626734 -0.005544054518970682 0.022048801052967019 0.034233719039110801
leaf_weight=4.656257823109625 103.6222872287035 296.72327044606209 115.65313997864723 43.155100211501122 84.796917408704758 112.14516372978687 9.3985978662967664 5.6865171343088132 8.3296903669834119 132.86201904714108 81.322211503982544 4.9205980598926571 16.027382433414459 61.828667730093002 4.5157725512981441 160.90816642343998 95.067315325140953 12.876112297177313 7.6871075332164747 3.5536151528358451 6.4910182356834412 3.8824306428432465 4.4242838323116302 2.3619966655969611 2.7952501177787772 4.5549718439579001 11.7281596660614
leaf_count=13 276 997 455 133 374 317 29 17 16 367 205 13 41 196 10 377 342 35 26 7 15 11 10 9 11 11 22
internal_value=-0.000246598 -0.00682358 -0.00496715 -0.00213129 -0.0196096 -0.00395164 -0.0108432 0.00824626 0.00484969 0.00852007 0.00661102 0.0117891 0.0102217 -0.00463382 0.0129581 0.0117996 -0.0123493 -0.00794063 -0.00738023 0.0125383 0.0144554 -0.0156 0.0111074 -0.0228542 -0.0232774 0.0381499 0.0303701
internal_weight=1401.97 790.758 691.724 468.051 99.0347 408.868 223.673 611.216 313.951 227.069 214.184 297.265 59.1825 86.8823 280.774 264.53 210.72 74.7048 16.4901 12.9522 12.1775 11.5695 9.08054 89.9542 87.5922 12.8847 16.2439
internal_count=4335 2738 2321 1488 417 1314 833 1597 862 599 572 735 174 263 685 653 797 231 50 36 32 37 23 394 385 27 32
is_linear=0
shrinkage=0.03


Tree=58
num_leaves=31
num_cat=0
split_feature=1 1 1 27 35 27 3 27 35 27 35 35 16 27 21 35 23 27 35 35 35 35 7 32 33 36 36 35 26 26
split_gain=90.4886 24.1463 14.2372 13.9674 14.3927 10.7064 11.5128 10.1399 9.79679 7.80755 7.00454 6.52604 5.96786 5.32824 11.9923 5.14736 5.046 4.06485 3.97933 3.44999 7.47491 2.52832 2.14963 2.96843 1.5336 1.60516 1.37328 0.929586 0.216958 0.121178
threshold=-0.21412599831819532 0.64156350493431102 -0.69541749358177174 0.026736826635897163 19.750007629394535 0.020410035736858848 47.632505416870124 0.0198379484936595 19.491973876953129 0.019866458140313629 21.099008560180668 20.316899299621586 1.0000000180025095e-35 0.020321485586464409 0.38279999792575842 12.987105846405031 -3.0115330219268794 0.027362042106688026 12.658586978912355 20.376460075378422 20.696608543396 17.474467277526859 25.388464927673343 -0.0056532500311732284 0.7883039414882661 0.00041729288932401692 -0.0013469228870235381 20.257592201232914 0.99930840730667125 1.0013273954391482
decision_type=2 2 2 2 2 2 2 2 2 2 2 2 2 2 2 2 2 2 2 2 2 2 2 2 2 2 2 2 2 2
left_child=2 5 13 4 9 6 16 -8 12 -4 -6 -10 -7 19 21 17 -2 -5 -16 28 -21 -15 24 -24 25 -3 -17 -26 -1 -25
right_child=1 22 3 15 10 8 7 -9 11 -11 -12 -13 -14 14 18 26 -18 -19 -20 20 -22 -23 23 29 27 -27 -28 -29 -30 -31
leaf_value=0.020295416329069688 0.028625083285978729 -0.018619296980186183 -0.013851381720939438 0.0085351639191397835 -0.0024165238408153243 -0.0079169972748409402 0.0025978776420656591 -0.013926149312547981 -0.021223105557550876 0.012552353456917553 0.039795223818971222 0.0051212756425219278 0.0001985225401037623 -0.030120720621787007 -8.8386497149793545e-05 -0.007653400774106419 0.0059807964050586672 -0.011345180816447907 0.020601682294791906 0.0027150438839573902 0.030186100062428882 -0.00031816290641084708 0.003404389987502132 -0.024336030543605669 0.010597096301633455 -0.0078363118216432832 -0.024141712293896816 -0.011080600566581287 0.034506390996965119 -0.017137453098681105
leaf_weight=7.8966178297996548 9.6966015547513944 39.780310645699501 9.7265344858169538 21.197832673788071 107.46150794625282 227.38240003585815 71.222499281167984 61.099740192294121 58.743222460150719 287.48754623532295 3.1473652422428122 9.0571516305208188 123.64669544994831 5.517648905515669 9.2460126876831037 10.606198936700823 94.866255581378937 15.642110392451285 43.822796612977982 19.133246302604675 17.811642825603485 5.580746203660965 3.3981053084135047 54.112812966108322 3.4423372149467459 24.941432446241379 13.727458551526068 2.7082580924034119 22.105179518461227 19.837666347622871
leaf_count=23 28 135 26 61 328 711 225 177 190 861 9 29 382 14 23 33 289 50 129 58 51 13 11 195 13 81 44 10 62 74
internal_value=-0.0001338 -0.00671851 0.00867065 0.00618558 0.00820068 -0.00422142 0.000841349 -0.00498803 -0.00710391 0.0116362 -0.000960714 -0.0175604 -0.00503656 0.0174341 0.0108567 -0.00706001 0.0082926 0 0.0168617 0.0234778 0.0164258 -0.0165704 -0.0176536 -0.021379 -0.0133403 -0.0146938 -0.0176162 0 0.0314551 -0.0226539
internal_weight=1404.05 803.935 600.11 468.997 407.823 655.715 236.885 132.322 418.829 297.214 110.609 67.8004 351.029 131.114 64.1672 61.1736 104.563 36.8399 53.0688 66.9467 36.9449 11.0984 148.221 77.3486 70.8723 64.7217 24.3337 6.1506 30.0018 73.9505
internal_count=4335 2550 1785 1412 1224 2031 719 402 1312 887 337 219 1093 373 179 188 317 111 152 194 109 27 519 280 239 216 77 23 85 269
is_linear=0
shrinkage=0.03


Tree=59
num_leaves=21
num_cat=0
split_feature=1 25 35 7 9 9 25 30 35 33 35 34 8 26 26 36 25 25 26 25
split_gain=11.6542 10.662 7.85544 7.67753 7.54127 6.70504 6.0847 5.62696 5.29229 5.96647 5.26064 4.48608 4.10213 1.09774 1.53526 2.45349 0.585537 1.53329 1.00809 0.374893
threshold=-0.77992299199104298 0.0010718263802118602 20.616698265075687 15.23994827270508 0.44116349518299108 0.48862600326538091 0.0017639719881117346 -0.011804874520748852 20.73076152801514 0.49841429293155676 20.499042510986332 0.72749131917953502 2.719154000282288 0.99923664331436168 0.9974106252193452 -0.0023488148581236597 0.0020046916324645285 0.0039762675296515235 1.0004605650901797 0.0029729539528489117
decision_type=2 2 2 2 2 2 2 2 2 2 2 2 2 2 2 2 2 2 2 2
left_child=13 3 5 -2 7 10 -7 -5 9 -4 -3 -6 -10 14 -1 -16 -15 18 -18 -17
right_child=1 2 8 4 11 6 -8 -9 12 -11 -12 -13 -14 16 15 19 17 -19 -20 -21
leaf_value=-0.019126633712666968 0.029403964432578165 0.0011742708846742415 0.034394277291061898 -0.017385617028505038 0.011676703043255274 0.030966848145831873 0.0064214974571583485 -0.0044664813580744265 0.021188326339936888 0 -0.015778316039983812 -0.020067785035012015 0.0016616805908053788 -0.024376028190299315 0.018125524322008774 -0.00077908559380052231 -0.01467323852115798 -0.023639713012074983 0.0059026575014154269 -0.019671456500247909
leaf_weight=5.4356398135423651 5.5998757481575003 877.82172760367393 14.842240974307062 34.858207583427429 34.153195112943649 10.390881955623625 71.442651003599167 257.96755111217499 12.61150787770748 5.7213292419910422 16.235160231590271 3.8882141709327689 42.275741428136826 13.690913885831835 3.6655246168375006 3.0511631667613974 3.0044141113758069 5.4591908156871796 4.488931342959404 2.53610560297966
leaf_count=19 19 2637 53 96 113 36 216 771 45 19 44 12 127 50 14 12 10 18 16 8
internal_value=0.000379659 0.00085576 0.00234854 -0.0037785 -0.00441079 0.00161367 0.00981661 -0.00606208 0.0116617 0.0246315 0.000847721 0.00798033 0.0064616 -0.0152105 -0.0072106 0 -0.0190751 -0.0121053 -0.00162299 -0.0117444
internal_weight=1429.14 1387.81 1051.34 336.467 330.867 975.89 81.8335 292.826 75.4508 20.5636 894.057 38.0414 54.8872 41.3319 14.6884 9.25279 26.6435 12.9525 7.49335 5.58727
internal_count=4335 4188 3177 1011 992 2933 252 867 244 72 2681 125 172 147 53 34 94 44 26 20
is_linear=0
shrinkage=0.03


Tree=60
num_leaves=30
num_cat=0
split_feature=0 9 8 0 27 35 35 10 27 27 28 27 13 35 35 4 25 25 0 30 27 27 28 26 28 36 2 0 28
split_gain=76.5517 17.5959 13.3637 13.1745 14.9307 12.4718 12.2284 10.3002 10.1753 8.25487 7.52862 7.32827 15.8766 10.1911 20.5835 11.3342 7.59685 6.60803 8.02918 6.36027 5.93921 5.35585 4.58669 7.38262 6.15006 3.70653 2.80635 1.03436 0.890684
threshold=0.35418500006198889 0.40329450368881231 0.04936449974775315 -1.0804669857025144 0.026672904379665855 20.583883285522464 12.658586978912355 -13.37386894226074 0.02051569148898125 0.025801359675824646 -0.28948077559471125 0.026736826635897163 0.16834650188684466 19.290435791015629 20.164356231689457 -5667.8798828124991 0.0057902198750525722 0.0016591496532782914 -1.7968384623527525 0.031723525375127799 0.019762643612921241 0.027172715403139595 -0.22875583916902539 1.0010200142860415 -0.61076530814170826 0.00082471009227447223 2535.1237792968755 1.3883990049362185 -0.04058199189603328
decision_type=2 2 2 2 2 2 2 2 2 2 2 2 2 2 2 2 2 2 2 2 2 2 2 2 2 2 2 2 2
left_child=1 3 11 4 10 8 28 25 27 -10 -1 13 16 15 -15 -2 -13 26 -19 -6 -9 -14 24 -24 -7 -5 -8 -4 -3
right_child=2 6 5 7 19 22 17 20 9 -11 -12 12 21 14 -16 -17 -18 18 -20 -21 -22 -23 23 -25 -26 -27 -28 -29 -30
leaf_value=-0.020233257123447437 0.021219477448591588 0.027847963349051149 0.018735268321574235 -0.022187443431095036 -0.00049571503104722358 -0.01362097099643215 -0.010702250170614585 -0.010084699069866197 0.0072183774438072936 0.024463784673613792 -0.0076979214921064467 0.026971431009575227 -0.017863889800475034 0.022640869326333076 -0.0072868491812154461 -0.003723314021776402 -0.011602392151600631 -0.016061015397517267 -0.0021641663967663836 0.02229420562011375 0.0051951880435766543 0.018167064144795728 -0.016253902596428095 0.020780137963264472 0.022674840776627871 -0.00010536505239437199 -0.022769899766074939 0.030746122829294491 0.00428422036638828
leaf_weight=70.165142849087715 17.387321084737778 5.5660117566585541 17.479258418083191 20.046061873435978 57.444593623280525 5.512785196304324 28.260057717561722 24.830143511295319 96.324768796563148 34.929954200983047 123.46735922992229 40.910617798566818 14.939910948276522 51.334613978862762 33.497673392295837 190.13362787663937 4.5410174429416648 83.464719250798225 70.837555155158043 12.933147192001341 213.30576647818089 4.2239342629909506 22.181422963738445 5.5243010073900214 12.359412446618078 11.5067001581192 78.662585809826851 39.663423746824265 3.505892947316168
leaf_count=274 40 13 38 76 165 18 108 74 250 74 456 87 48 114 95 560 14 353 245 33 611 11 69 13 29 39 326 78 10
internal_value=-0.00041828 -0.00644791 0.00776849 -0.00326121 -0.00802358 0.0133515 -0.0126891 0.0013738 0.0167519 0.0119515 -0.012327 0.00407038 0.0131984 0.0020031 0.0107444 -0.00154422 0.0228374 -0.0139088 -0.00976694 0.00369308 0.00354647 -0.00920455 -0.000538016 -0.00831306 0.0109233 -0.0145426 -0.0197288 0.0274227 0.0203813
internal_weight=1394.94 803.996 590.944 533.699 264.01 233.975 270.297 269.689 188.397 131.255 193.633 356.969 64.6155 292.353 84.8323 207.521 45.4516 261.225 154.302 70.3777 238.136 19.1638 45.5779 27.7057 17.8722 31.5528 106.923 57.1427 9.0719
internal_count=4321 2783 1538 1728 928 569 1055 800 440 324 730 969 160 809 209 600 101 1032 598 198 685 59 129 82 47 115 434 116 23
is_linear=0
shrinkage=0.03


Tree=61
num_leaves=27
num_cat=0
split_feature=1 1 1 8 35 27 35 13 25 29 0 0 0 27 27 35 26 35 26 25 0 0 32 34 29 31
split_gain=72.1421 21.9255 14.7169 7.44802 9.57904 7.77555 8.23174 7.17774 12.767 7.16469 9.15463 7.9613 7.56729 4.75436 4.61891 8.29005 4.23419 4.10926 3.97473 2.67511 2.59087 1.7445 2.57987 1.91221 0.982474 0.705598
threshold=-0.025349999777972695 0.64156350493431102 -0.45222748816013331 -2.0110045671463008 20.206443786621097 0.026885607279837135 12.922688007354738 -0.34893700480461115 0.0016482431674376132 0.25949999690055853 -3.5131604671478267 -1.1697199940681455 -2.4305539131164546 0.027362042106688026 0.027442594990134243 12.507444858551027 0.99838441610336315 15.721282482147219 0.99939042329788219 0.00040257575165014719 2.0717550516128544 3.4126900434494023 -0.015069640707224606 0.67224836349487316 0.74199998378753673 -0.0069113697391003362
decision_type=2 2 2 2 2 2 2 2 2 2 2 2 2 2 2 2 2 2 2 2 2 2 2 2 2 2
left_child=2 7 9 4 17 6 -5 8 18 11 16 13 -12 -1 15 -9 -11 -4 -2 -13 -10 22 -3 -24 -7 -23
right_child=1 21 3 5 -6 24 -8 14 20 10 12 19 -14 -15 -16 -17 -18 -19 -20 -21 -22 25 23 -25 -26 -27
leaf_value=0.018491769225996386 -0.0038011247163335896 0.012184612589366987 -0.0011335840625523248 0.03296244047442675 0.033283821811282858 -0.021177789148543489 0.0046346700131706083 0.022200003775044171 -0.013412513569821025 0.025662342999291387 -0.0081580001472449544 0.013451363560709561 0.006756470076519804 -0.010649493603909207 -0.022567646054655187 -0.0057275443944142549 0.0099231705928590781 -0.013835088183692185 0.024070589335255962 -0.0047901258402379748 0.0040873635210860928 -0.0066640079252661168 -0.0085534543690547107 -0.019020943179587493 0 -0.022489966846875497
leaf_weight=146.88972502946854 4.8153724968433407 2.5267972201108924 49.817459002137184 9.2552350461482984 4.9861963093280783 10.524252936244009 244.47902272641659 9.203206852078436 22.116845905780792 21.139503866434097 47.081923142075539 10.057472020387648 84.538622811436653 4.5129464566707602 13.901590034365652 386.88982844352722 73.451175212860107 44.997468367218971 24.963222444057465 22.020241945981979 10.187105759978293 4.9197116047143927 31.285672202706337 47.931714057922363 3.2921817749738684 60.97693158686161
leaf_count=423 14 8 155 28 14 33 733 29 69 61 145 29 256 11 38 1219 216 142 76 72 30 17 109 161 10 223
internal_value=0.000212168 -0.00741238 0.00630543 0.00191099 -0.00502386 0.00453593 0.00576615 -0.00422227 0.00517786 0.0102167 0.00654815 0.0146605 0.00134262 0.0175317 -0.00567216 -0.00502879 0.0136517 -0.00729687 0.019278 0.00077162 -0.00764136 -0.0175032 -0.0140583 -0.0150794 -0.0168404 -0.0215031
internal_weight=1396.76 619.718 777.043 367.352 99.8011 267.551 253.734 472.077 62.0825 409.692 226.211 183.48 131.621 151.403 409.995 396.093 94.5907 94.8149 29.7786 32.0777 32.304 147.641 81.7442 79.2174 13.8164 65.8966
internal_count=4321 1993 2328 1115 311 804 761 1475 189 1213 678 535 401 434 1286 1248 277 297 90 101 99 518 278 270 43 240
is_linear=0
shrinkage=0.03


Tree=62
num_leaves=21
num_cat=0
split_feature=1 25 7 16 0 33 33 36 7 28 14 31 33 33 27 36 26 34 26 36
split_gain=13.2623 8.45333 6.86376 6.35144 9.00161 12.342 6.10401 6.94579 6.49131 5.89813 5.17023 4.29845 3.40274 2.92535 0.814502 1.38901 0.828745 1.64609 2.7743 1.0658
threshold=-0.77992299199104298 0.001290756859816611 15.23994827270508 0.60785751044750225 2.0717550516128544 0.66886833310127269 0.15446387231349948 0.0052560428157448777 53.926776885986335 -0.89750921726226796 -0.23035350441932675 0.003467286354862154 0.31535267829895025 0.35546272993087774 0.019825693219900135 -0.00044691782386507834 1.0001917481422427 0.70224529504776012 1.0021987557411196 -0.0046793844085186711
decision_type=2 2 2 2 2 2 2 2 2 2 2 2 2 2 2 2 2 2 2 2
left_child=14 2 11 6 5 -5 7 -3 -8 12 -11 -2 -4 -6 15 -1 19 18 -18 -16
right_child=1 3 9 4 13 -7 8 -9 -10 10 -12 -13 -14 -15 16 -17 17 -19 -20 -21
leaf_value=0.0092086201349623718 0.039636253244325355 -0.0022466842883461461 0.045797332972358239 0.0041271865894254656 -0.015326923361665615 -0.014636231400058174 0.0047054040548948368 0.015088131676556538 0.016149525210854953 -0.011385024759448945 -0.0022240023439192781 -0.00096544437081959062 0 -1.2469364250216442e-06 -0.0058398089198262934 -0.018311608153712213 0.010772556947196045 -0.020668830229057703 -0.021589452750248494 -0.025190843919343914
leaf_weight=2.8807640075683594 5.0320869386196119 177.33643090724945 2.9019372761249533 215.73470503091812 44.87188845872879 36.347147852182388 371.68514280021191 23.043731555342674 51.456725746393204 66.223691076040268 360.36504964530468 3.3116014897823334 2.856336921453476 16.457645103335381 4.9156017303466824 2.4789748191833487 5.7107244879007357 7.3169643729925147 3.3203022181987762 17.814699649810791
leaf_count=12 18 524 11 665 119 103 1130 73 163 194 1095 9 9 50 18 10 22 24 11 61
internal_value=0.000195584 0.000724737 -0.00269039 0.00234123 -0.00111909 0.00136248 0.00409448 -0.000175783 0.00613574 -0.00324032 -0.0036789 0.0233603 0.0255103 -0.0113931 -0.015834 -0.00246046 -0.0173865 -0.010514 -0.000689627 -0.0216092
internal_weight=1422.06 1377.62 440.691 936.933 313.411 252.082 623.522 200.38 423.142 432.347 426.589 8.34369 5.75827 61.3295 44.438 5.35974 39.0783 16.348 9.03103 22.7303
internal_count=4321 4163 1336 2827 937 768 1890 597 1293 1309 1289 27 20 169 158 22 136 57 33 79
is_linear=0
shrinkage=0.03


Tree=63
num_leaves=27
num_cat=0
split_feature=1 20 27 9 27 3 13 27 22 27 25 31 10 9 2 27 27 30 34 30 31 27 25 22 25 30
split_gain=83.8204 22.1763 12.252 9.78688 12.2048 13.44 9.56264 7.40243 8.7219 8.99379 6.86944 6.19725 5.0779 4.58026 6.59296 8.62637 4.3155 10.9955 5.36732 4.32304 3.74749 3.04654 2.69431 1.80382 0.121929 0.0530111
threshold=-0.40709899365901941 0.30329549312591558 0.026651846244931224 0.40329450368881231 0.01989843882620335 51.16491889953614 -0.13855250179767606 0.018917583860456947 4.0816555023193368 0.019676237367093567 0.0036165039055049424 0.028634588234126571 -9.3951220512390119 0.3621129989624024 3085.7189941406255 0.020645194686949257 0.027172715403139595 0.015020303428173067 0.69959792494773876 -0.00094227172667160619 0.052884431555867202 0.027620895765721801 0.002862373949028552 4.199775457382203 0.0026294977869838481 0.041791725903749473
decision_type=2 2 2 2 2 2 2 2 2 2 2 2 2 2 2 2 2 2 2 2 2 2 2 2 2 2
left_child=2 3 13 6 -5 -6 11 24 9 -9 -8 -2 -10 14 15 -1 17 18 -4 21 23 -18 -16 -15 -3 -21
right_child=1 7 16 4 5 -7 10 8 12 -11 -12 -13 -14 20 22 -17 19 -19 -20 25 -22 -23 -24 -25 -26 -27
leaf_value=-0.0076587137245615325 -0.014919443820158355 -0.025114474288254262 0.0063914928706866551 -0.026157066450176809 -0.0078622980222676324 0.022433528244264932 0.0048707630899875176 -0.020521491860478965 0.0037856356474718776 0.0066290780830227875 -0.011413292718072562 0.027577644725727258 0.018948854905371765 -0.021709436706098192 -0.025279054370318816 0.036839275438661827 -0.012254503697850775 0.03564134578246899 -0.022300475076881255 -0.025853230642961335 0.010154673520414353 0.023859728876034863 -0.0044507930773181551 -0.013400784855887445 -0.0068562227336795489 -0.0089395936425473443
leaf_weight=59.978224754333496 39.952062904834747 5.0239757001399985 15.781435608863832 26.708376944065094 91.203612342476845 14.806316643953322 264.05293467640877 10.614794000983236 28.268562525510788 470.57683806121349 24.815039813518524 2.7514381408691397 85.754411786794662 131.62888815999031 28.644775673747063 3.6499311774969092 3.4709469527006176 8.10167348384857 8.4989389479160291 8.4591645896434766 3.1455081254243842 3.6719530373811722 8.5945490598678571 40.876271814107895 2.573854386806488 2.804522991180419
leaf_count=214 147 19 42 109 330 45 762 33 74 1244 81 7 195 583 121 9 12 18 30 32 10 9 32 157 9 9
internal_value=-0.000455264 0.0036125 -0.0137299 -0.00129849 -0.00817694 -0.00346096 0.00143581 0.00740783 0.00780079 0.00599079 0.00342348 -0.0116855 0.0153011 -0.0162135 -0.0108174 -0.00469848 -6.38489e-06 0.00638516 -0.00353578 -0.0115983 -0.0192216 0.00547955 -0.0208332 -0.0198371 -0.0208459 -0.022966
internal_weight=1394.41 1067.1 327.307 464.29 132.718 106.01 331.571 602.812 595.215 481.192 288.868 42.7035 114.023 276.518 100.867 63.6282 50.7886 32.382 24.2804 18.4066 175.651 7.1429 37.2393 172.505 7.59783 11.2637
internal_count=4333 3055 1278 1481 484 375 997 1574 1546 1277 843 154 269 1126 376 223 152 90 72 62 750 21 153 740 28 41
is_linear=0
shrinkage=0.03


Tree=64
num_leaves=22
num_cat=0
split_feature=1 1 35 8 1 13 7 35 29 2 3 34 32 34 28 25 20 2 1 29 36
split_gain=76.8478 22.9605 9.06207 6.71572 6.46869 5.72013 5.46271 4.70729 4.41754 6.29705 5.33051 4.38106 3.51375 3.48814 3.25707 3.10367 5.21043 4.60634 2.41681 2.32446 1.41776
threshold=-0.45222748816013331 0.64156350493431102 21.018792152404789 5.6169016361236581 -0.69541749358177174 -0.38691450655460352 25.388464927673343 12.564751625061037 0.4030000120401383 3727.412231445313 44.70622634887696 0.74207592010498058 -0.0056532500311732284 0.67181196808815014 0.19310469925403598 0.0015596493030898275 -3.1728779077529903 2476.3061523437505 -0.02879649959504604 0.54350000619888317 -0.00091171264648437489
decision_type=2 2 2 2 2 2 2 2 2 2 2 2 2 2 2 2 2 2 2 2 2
left_child=4 2 3 5 11 -2 13 -6 10 -10 -9 15 -8 14 -3 17 -17 -1 -4 -5 -15
right_child=1 6 18 19 7 -7 12 8 9 -11 -12 -13 -14 20 -16 16 -18 -19 -20 -21 -22
leaf_value=0.005262386725245277 0.0049120751615839972 -0.010387521518847592 0.0067120883135866147 -0.023544363893062883 -0.024161919081685055 -0.0034360188570080529 0.0071282180171509564 0.015153277145864291 0.0071660389113325012 -0.012987406060193244 0.0046503968356118091 -0.011685835225446032 -0.023027935145329921 -0.024217249996816702 0.010778439483903415 0.017666304134314394 -0.00034135488018893675 0.027083222749958814 0.039163163280439055 0 -0.010360557437068289
leaf_weight=12.345950216054915 80.794825434684753 13.42636387050152 4.9824084341526031 18.405030444264415 3.3776516318321219 739.38904400169849 2.9699591845273963 117.05829726159573 60.210885792970657 17.442760422825813 74.689569741487503 4.114149570465087 69.701839238405228 11.336023718118666 11.800999492406843 50.46931591629982 18.810946255922318 46.658081412315369 5.0041846632957441 3.7833412140607825 30.136825576424599
leaf_count=34 245 46 14 58 13 2284 10 343 186 59 227 10 263 39 39 147 53 133 16 12 102
internal_value=-6.63436e-05 -0.00457033 -0.00270716 -0.00306 0.0109277 -0.00260021 -0.0158502 0.00819451 0.00867754 0.00246984 0.0111317 0.016439 -0.0216322 -0.00930243 -0.000119516 0.0174528 0.0126805 0.0227513 0.0249232 -0.0192274 -0.0146059
internal_weight=1396.91 991.731 852.359 842.372 405.178 820.184 139.372 272.779 269.402 77.6536 191.748 132.398 72.6718 66.7002 25.2274 128.284 69.2803 59.004 9.98659 22.1884 41.4728
internal_count=4333 3128 2629 2599 1205 2529 499 828 815 245 570 377 273 226 85 367 200 167 30 70 141
is_linear=0
shrinkage=0.03


Tree=65
num_leaves=30
num_cat=0
split_feature=9 10 25 35 35 35 29 4 29 35 28 29 25 3 27 35 23 9 27 36 36 7 21 28 30 2 36 1 36
split_gain=13.5775 10.9023 9.15747 10.9035 9.09692 7.23933 11.1307 7.0776 6.87012 7.53024 5.88418 5.66715 6.22481 5.62224 6.05024 5.38312 5.15504 5.08611 4.78063 4.51415 4.27455 4.22058 3.89246 5.7867 3.44274 2.86189 2.47203 0.647666 0.300905
threshold=0.34812349081039434 -8.2832212448120099 0.0010499758063815536 13.669373512268068 13.755481243133547 17.082513809204105 0.62149998545646679 -3819.761596679687 1.3489999771118166 14.288186073303224 -0.87540781497955311 0.25749999284744268 0.0020967472810298209 44.458461761474616 0.02728238329291344 15.786283969879152 -21.689655303955075 0.45433600246906286 0.020369840785861019 -0.0031857005087658759 -0.0033102183369919653 19.134311676025394 0.11719999834895135 -0.72156020998954762 -0.0066829605493694535 3548.035278320313 0.0028136977925896649 0.328626498579979 -0.00037996064929757262
decision_type=2 2 2 2 2 2 2 2 2 2 2 2 2 2 2 2 2 2 2 2 2 2 2 2 2 2 2 2 2
left_child=1 2 7 16 -5 6 13 27 9 -8 28 22 21 14 -2 -15 -4 20 -9 -10 -12 -13 23 -3 -19 -14 -24 -1 -7
right_child=5 11 3 4 -6 10 8 18 19 -11 17 12 25 15 -16 -17 -18 24 -20 -21 -22 -23 26 -25 -26 -27 -28 -29 -30
leaf_value=-0.013004724147008323 0.0014807645854895768 0.014600419786896154 0.045639250998192188 -0.018876241286170232 0.0050324147453107808 0.039263352749471771 0.02092391162989958 -0.005659546704721471 -0.018256947863032863 0.0036415225684576524 0.019073538390723305 0.025062107207145166 -0.007122472795290837 -0.0028468965067846214 0.030274827280619549 -0.019008903061534927 0.014390607526068399 0.0010202422085155219 0.016995392700285758 0.0050717592110422639 0.0035880782448837281 0.00256765824118496 -0.017333138486771118 -0.0080282953204439227 0.027346218994785544 0.0053879265381605555 0.005228553692060124 -0.026216536333269896 0.015622495203777698
leaf_weight=14.478799983859064 192.57020007073879 10.190749049186705 5.6244706958532324 16.33949613571167 93.514379948377609 4.7372214496135712 50.216035217046738 27.739093855023384 10.932149380445482 44.15962815284729 17.350373685359955 9.5142139196395856 105.56301607191563 214.40393550693989 6.3609990775585166 20.196496993303299 37.919604986906052 7.2101532816886929 11.357890918850897 20.253146380186081 209.78187474608421 35.495107129216194 55.866768449544907 150.3515090495348 15.865159779787062 18.264993667602539 3.872427135705947 10.431097805500029 3.5400438606739026
leaf_count=41 590 34 21 43 288 17 160 79 32 139 55 32 302 644 21 54 121 22 39 61 648 113 176 444 54 54 12 26 11
internal_value=0.000517171 -0.00287481 0.00247351 0.00647605 0.00132531 0.00304475 0.00110388 -0.00695525 0.00895873 0.0129939 0.00719778 -0.00588542 -0.00167669 -0.00115803 0.0025202 -0.00431402 0.0191035 0.00629167 0.000826049 -0.00298123 0.00484983 0.00774348 -0.00905938 -0.00649513 0.0196982 -0.00519052 -0.01569 -0.0192984 0.0316438
internal_weight=1424.1 606.524 217.405 153.398 109.854 817.577 559.093 64.0069 125.561 94.3757 258.485 389.119 168.837 433.532 198.931 234.6 43.5441 250.208 39.097 31.1853 227.132 45.0093 220.281 160.542 23.0753 123.828 59.7392 24.9099 8.27727
internal_count=4333 1825 658 473 331 2508 1701 185 392 299 807 1167 501 1309 611 698 142 779 118 93 703 145 666 478 76 356 188 67 28
is_linear=0
shrinkage=0.03


Tree=66
num_leaves=28
num_cat=0
split_feature=0 0 27 22 7 7 27 35 27 7 35 35 8 27 7 13 35 27 10 36 0 32 27 28 25 33 33
split_gain=63.7315 21.979 15.7714 12.2502 12.1018 14.73 11.1109 10.3705 9.31339 14.4922 8.80866 11.947 8.69887 7.84081 8.73571 7.5775 9.31828 7.23533 6.32709 5.92103 5.82209 5.0542 4.69611 3.96328 3.38908 0.593093 0.550993
threshold=0.30329549312591558 -3.1728779077529903 0.026781643740832809 -0.11067499592900275 23.942666053771976 57.42767524719239 0.02104188967496157 12.658586978912355 0.025842599570751194 57.859636306762702 19.290435791015629 20.164356231689457 -0.77883797883987416 0.02707244269549847 52.273168563842781 0.42311500012874609 20.643591880798343 0.019159005954861644 -17.18626499176025 -0.00080154283205047239 3.4126900434494023 -0.025706220418214795 0.026715072803199295 -0.23782109469175336 0.0027167581720277671 0.018976898863911632 1.4874336719512942
decision_type=2 2 2 2 2 2 2 2 2 2 2 2 2 2 2 2 2 2 2 2 2 2 2 2 2 2 2
left_child=1 7 4 8 6 -6 -3 -1 10 20 12 -12 -2 18 -15 16 21 -18 -4 24 -10 -5 -11 -21 -17 -9 -27
right_child=3 2 13 15 5 -7 -8 25 9 22 11 -13 -14 14 -16 19 17 -19 -20 23 -22 -23 -24 -25 -26 26 -28
leaf_value=0.013113469700250865 -0.0029363524122915821 -0.0018954911391453927 -0.013312035794952298 -0.012843152852481773 -0.0097413895779525188 0.012966524338522103 0.019764388400116951 -0.0090774499881459084 0.032705423455948027 -0.028299616764842793 0.017793789514093366 -0.023016008275898479 -0.031226395478371343 0.022800265318518111 -0.010289982188761369 -0.0017040804425977481 -0.022410760558604925 0.0068032564849370538 0.023883752919279789 0.023549698634436369 0.011801040376380214 0.016527559226023839 0 0.0025422060700040954 -0.027112128229522591 -0.023226558908940216 -0.0031901200133048003
leaf_weight=7.6272837966680518 127.71965955197811 177.1536203622818 4.0647410899400702 4.7093596160411826 392.30066326260567 26.755587339401245 23.687813848257065 6.2296680659055701 18.164666652679443 6.8652342259883907 34.903236359357834 7.2768162488937369 10.246073544025419 9.5746835023164731 24.37062594294548 15.158780053257944 8.8428283184766752 40.351387649774551 31.789046078920364 10.913670331239699 43.620790541172028 217.90591418743134 19.669214367866516 32.582460030913353 7.0479944050312033 80.920220777392387 2.4945679306983939
leaf_count=19 380 550 15 13 1460 68 62 26 38 23 80 23 34 24 78 45 33 105 71 27 107 498 56 92 26 376 10
internal_value=-9.35427e-05 -0.00572933 -0.00382281 0.00720937 -0.00535575 -0.00825638 0.000657175 -0.0190666 0.00237726 0.0103411 -0.00149515 0.0103553 -0.00520749 0.00960474 -0.000499715 0.0110171 0.0132289 0.00119818 0.0192942 0.0017003 0.0183045 0.0158385 -0.00786448 0.00822552 -0.0105839 -0.021962 -0.0227572
internal_weight=1392.95 786.969 689.697 605.978 619.898 419.056 200.841 97.2717 268.466 88.3199 180.146 42.1801 137.966 69.7991 33.9453 337.512 271.809 49.1942 35.8538 65.7029 61.7855 222.615 26.5344 43.4961 22.2068 89.6445 83.4148
internal_count=4339 2759 2328 1580 2140 1528 612 431 741 224 517 103 414 188 102 839 649 138 86 190 145 511 79 119 71 412 386
is_linear=0
shrinkage=0.03


Tree=67
num_leaves=30
num_cat=0
split_feature=1 0 1 27 35 10 27 21 22 31 27 21 27 28 35 27 0 35 27 35 27 35 27 26 28 34 27 36 36
split_gain=62.6397 14.9636 14.5713 11.3329 9.86319 7.65209 7.01332 8.83637 6.84536 9.91943 7.24266 6.24355 5.79962 5.3436 4.96496 8.55538 4.84127 4.21474 3.92341 3.61103 9.76513 2.48741 4.84291 2.93943 1.78903 0.930409 0.288037 0.0635437 0.411804
threshold=-0.025349999777972695 -2.5905750989913936 0.64156350493431102 0.026736826635897163 13.223714828491213 -17.18626499176025 0.020369840785861019 0.17970000207424167 -0.11067499592900275 -0.01739463675767183 0.0198379484936595 0.69530001282691967 0.020522944629192356 -0.6372387409210204 13.695339679718019 0.02574058156460524 0.35418500006198889 17.474467277526859 0.025240996852517131 19.249008178710941 0.019647951237857345 14.271101951599123 0.025051615200936798 1.0001036524772646 0.097945012152194991 0.65757098793983471 0.020276108756661419 0.0050883868243545302 0.0079340697266161459
decision_type=2 2 2 2 2 2 2 2 2 2 2 2 2 2 2 2 2 2 2 2 2 2 2 2 2 2 2 2 2
left_child=1 6 8 4 5 -3 19 17 9 18 -11 24 -6 -9 15 -10 -16 -8 -2 26 -21 27 23 -23 -5 -13 -1 -4 -29
right_child=2 3 21 11 12 -7 7 13 14 10 -12 25 -14 -15 16 -17 -18 -19 -20 20 -22 22 -24 -25 -26 -27 -28 28 -30
leaf_value=0.033752499773376 0.0066853722736261592 -0.002370851688995874 -0.022988970835280478 -0.0061961640730800495 0.0067060419365152424 0.026783023437625654 -0.030230305788636558 0.027816855897688949 0.025467071771754758 0.03188022913108611 -0.0033650265592109481 -0.0075180001149908679 0.00019012775910270783 0.0089816423906394355 -0.0036959675157224479 -0.0057768764199714736 -0.014648321991114169 0.0050825655927340578 0.046842303974266968 0.028627872563422987 -0.01230289619171715 -0.019595853315985984 0.019227978410071685 -0.0080655553612583013 0.0059839852507039513 -0.024026437281613952 0.01964119720365964 0 -0.01852882289847901
leaf_weight=19.54901418089867 5.3174093812704069 10.268078267574309 40.209469765424728 26.267862811684608 252.42140735685825 29.341002374887466 6.5490959286689741 16.236754506826401 8.7852502167224866 4.8315507620573035 233.60559982061386 6.5590459853410747 244.97549094259739 99.915526241064072 57.277611136436462 51.16386216878891 114.76836855709553 4.4685281813144684 4.5354607701301575 12.472787708044054 8.0650897026061994 45.511161223053932 3.4517651796340934 43.685843944549561 17.350660964846611 17.917351588606834 8.5218383967876417 2.5734722465276709 2.8638785481452942
leaf_count=55 15 36 152 76 749 83 15 47 32 15 737 21 739 300 180 158 357 11 15 36 27 161 13 155 53 56 24 10 11
internal_value=-0.000152717 0.00548823 -0.00728692 0.00322467 0.00469851 0.0190656 0.013198 0.00931008 -0.0047798 -0.00127029 -0.00254795 -0.00821654 0.00351835 0.0117997 -0.00848629 -0.000876566 -0.0110755 -0.0155278 0.0274092 0.022988 0.0122164 -0.0158804 -0.0126897 -0.0141255 -0.00113422 -0.020202 0.0302023 -0.021954 -0.011493
internal_weight=1399.46 780.88 618.581 605.101 537.006 39.6091 175.779 127.17 480.285 248.29 238.437 68.0949 497.397 116.152 231.995 59.9491 172.046 11.0176 9.85287 48.6087 20.5379 138.296 92.6488 89.197 43.6185 24.4764 28.0709 45.6468 5.43735
internal_count=4339 2328 2011 1813 1607 119 515 373 1509 782 752 206 1488 347 727 190 537 26 30 142 63 502 329 316 129 77 79 173 21
is_linear=0
shrinkage=0.03


Tree=68
num_leaves=26
num_cat=0
split_feature=9 7 35 1 18 35 35 7 25 10 35 8 35 22 35 17 35 35 35 35 25 13 26 35 33
split_gain=14.4251 7.22686 8.06162 14.3724 6.6399 5.80941 9.83551 5.72589 7.48826 9.35305 8.89906 5.98024 5.02428 4.69149 3.89216 15.2451 7.05149 11.8925 4.7911 3.62885 3.54714 3.28231 3.05601 2.78867 2.11713
threshold=0.34812349081039434 53.926776885986335 13.883799552917482 0.64156350493431102 0.18605949729681018 13.164422035217287 13.537568569183351 22.169844627380375 0.001182804524432868 -5.3872895240783683 13.453671932220461 -5.5936529636383048 13.385510444641115 9.9628973007202166 19.290435791015629 1.0000000180025095e-35 20.041867256164554 20.316899299621586 14.775015830993654 17.167963981628422 0.0033337728818878536 -0.11044700071215628 0.99991613626480114 19.842620849609379 0.43742653727531439
decision_type=2 2 2 2 2 2 2 2 2 2 2 2 2 2 2 2 2 2 2 2 2 2 2 2 2
left_child=7 2 13 4 -4 -3 12 14 21 10 -10 -11 -7 20 15 -1 23 -18 -17 -5 -2 22 -9 -16 -23
right_child=1 5 3 19 -6 6 -8 8 9 11 -12 -13 -14 -15 16 18 17 -19 -20 -21 -22 24 -24 -25 -26
leaf_value=0.042169604823501877 -0.0051280881642465758 0.043140465178920541 -0.0034795264274593801 0.04416136806461806 0.0046209255559226566 0.011137355329930406 0.044703779874635731 0.0051071336656088248 0.018306929685959875 0.0050723625781746856 -0.00080374745472882203 -0.011084171090905787 -0.023620543365961789 -0.022523742497663233 -0.0067532677771984613 -0.025028240007323514 0.021623042501716112 -0.0033768369418090264 0.0038566507356101684 0.015508581588999266 0.0038132517868473088 -0.018597509287043436 -0.011327982589900944 -0.024550069883043233 -0.0067383215440005185
leaf_weight=8.9566454589366895 111.41552846133709 6.180114001035693 110.41282473504543 8.3671314716339129 485.18273122608662 8.2499371469020861 4.6771118342876425 16.529488056898117 26.023461371660233 23.93291087448597 122.30435658991337 115.43960745632648 5.9053480923175803 10.224079161882399 36.642420321702957 5.2417652308940879 22.46790686249733 65.605012908577919 49.574729844927788 11.425354719161986 60.585696280002594 55.057994410395622 23.294011428952217 10.945066854357718 22.607005178928375
leaf_count=32 334 22 346 30 1500 26 17 60 85 68 372 348 12 23 102 13 73 183 153 34 181 156 73 27 69
internal_value=0.000247344 0.00283815 0.00232096 0.00396811 0.00310249 0.0186094 0.00918613 -0.00326217 -0.00531149 -0.00265545 0.0025389 -0.00823723 -0.0030601 -0.00318798 0.000859274 0.00697332 -0.00196386 0.00298523 0.000730604 0.0288545 -0.00192449 -0.0117004 -0.00430435 -0.0112464 -0.0153258
internal_weight=1427.25 822.626 797.613 615.388 595.596 25.0125 18.8324 604.622 405.189 287.7 148.328 139.373 14.1553 182.225 199.434 63.7731 135.66 88.0729 54.8165 19.7925 172.001 117.488 39.8235 47.5875 77.665
internal_count=4339 2525 2448 1910 1846 77 55 1814 1231 873 457 416 38 538 583 198 385 256 166 64 515 358 133 129 225
is_linear=0
shrinkage=0.03


Tree=69
num_leaves=29
num_cat=0
split_feature=1 27 0 0 21 22 27 13 27 7 27 23 27 35 0 35 36 33 7 36 36 33 3 36 28 35 30 33
split_gain=70.4258 20.8261 12.9907 10.4673 9.92998 9.8303 11.7755 10.3223 9.69034 9.1205 8.30043 8.838 6.41231 22.3876 8.56892 5.50518 4.34558 4.0592 3.78666 3.67451 5.53619 3.31734 2.98266 2.89436 2.25182 1.57629 1.13308 0.936828
threshold=-0.16258350014686582 0.026736826635897163 0.30329549312591558 0.10615099966526033 0.30470000207424169 4.0816555023193368 0.018917583860456947 0.37764449417591101 0.020633687265217308 57.859636306762702 0.026829344220459465 -1.2846549749374387 0.020321485586464409 20.376460075378422 -2.2767890691757198 21.06804180145264 -0.0040747972670942536 0.083941992372274413 57.42767524719239 -0.0024985886411741372 -0.0011020253296010194 0.94142967462539684 51.716829299926765 0.00092397115076892089 -0.21375074237585065 18.583546638488773 0.012952511664479973 0.32764051854610449
decision_type=2 2 2 2 2 2 2 2 2 2 2 2 2 2 2 2 2 2 2 2 2 2 2 2 2 2 2 2
left_child=1 4 3 10 12 7 26 9 25 -4 11 -2 14 -14 -1 -8 17 -3 22 24 -21 -9 -6 -10 -18 -5 -7 -20
right_child=2 16 5 8 18 6 15 21 23 -11 -12 -13 13 -15 -16 -17 19 -19 27 20 -22 -23 -24 -25 -26 -27 -28 -29
leaf_value=-0.024493319638215768 0.0054895272965323422 0.0054361192264414443 0.0084999701348945807 -0.0036579026588528583 -0.019982824497125587 -0.025236645599634174 0.018770458258070461 -0.0067303978190329924 -0.00078868132499041908 -0.010360168415311798 0.038441891314746783 -0.0068890565989033819 -0.0062397560630802216 0.04900898809538308 -0.0076196018438385756 -0.011325790771713877 0.007540749315937169 -0.02675237479063149 0.011577998828386076 -0.014401301392969187 0.0083027942496434436 0.015193704420202597 -0.0012028747668583431 0.030956970680471714 0.034057883471388814 -0.026606519473446059 -0.00036062985603350824 -0.007184171156037116
leaf_weight=39.321334898471832 144.00897377729416 5.8964611738920194 375.29358483850956 4.2683888673782375 141.14181078970432 5.5039861947298032 114.23065188527107 68.54196535050869 6.5575252771377546 23.750648885965347 4.9901812672615042 80.224207103252411 117.28087614476681 6.4739678502082816 95.698687881231308 5.0472235083580008 7.5948732048273087 6.7125280499458313 3.9387024939060193 11.419907882809637 47.515010610222816 6.139008864760398 9.1974462270736677 3.2650818824768066 6.2960094511508924 24.461406484246254 3.3426898270845413 4.416971892118454
leaf_count=179 419 17 953 17 611 21 256 217 21 73 9 271 410 15 357 16 21 25 10 36 132 16 35 8 14 100 11 13
internal_value=-0.000151155 -0.00908847 0.0050092 -0.000456112 -0.0118537 0.00745414 0.0148557 0.00541976 -0.0148413 0.00734335 0.00195115 0.0010153 -0.00813997 -0.00309152 -0.0126723 0.0173798 0.00430926 -0.01138 -0.0178084 0.0072075 0.00366782 -0.0047194 -0.0189014 0.0098802 0.0209507 -0.0236258 -0.0173223 0.000798011
internal_weight=1372.53 502.905 869.626 267.776 417.47 601.85 128.125 473.725 38.5524 399.044 229.223 224.233 258.775 123.755 135.02 119.278 85.4348 12.609 158.695 72.8258 58.9349 74.681 150.339 9.82261 13.8909 28.7298 8.84668 8.35567
internal_count=4283 1875 2408 845 1630 1563 304 1259 146 1026 699 690 961 425 536 272 245 42 669 203 168 233 646 29 35 117 32 23
is_linear=0
shrinkage=0.03


Tree=70
num_leaves=27
num_cat=0
split_feature=1 1 27 27 35 6 29 21 16 1 35 3 27 27 27 2 29 35 9 36 36 28 29 28 27 25
split_gain=66.2304 16.9334 15.0462 8.76691 8.98405 8.27259 7.04604 10.4944 8.34529 6.77783 6.57905 6.28679 8.39505 8.28765 3.77276 3.65327 3.61291 3.48108 2.59521 2.98766 2.48205 2.31771 1.5281 1.2119 0.987651 0.479052
threshold=-0.15377149730920789 0.64156350493431102 0.026736826635897163 0.020410035736858848 19.491973876953129 0.038402499631047256 0.25049999356269842 0.16405000537633899 -0.87837952375411976 -0.50438550114631642 12.835838317871096 47.632505416870124 0.0198379484936595 0.01991822570562363 0.027514189481735233 3460.3056640625005 0.19749999791383746 20.316899299621586 0.34642449021339422 0.0011371450964361431 0.0016156462952494623 -1.0000000180025095e-35 0.23249999433755877 0.66134408116340648 0.026860929094254974 0.0061466584447771319
decision_type=2 2 2 2 2 2 2 2 2 2 2 2 2 2 2 2 2 2 2 2 2 2 2 2 2 2
left_child=2 3 5 11 14 16 8 -8 -7 10 21 13 -13 -2 -5 22 -1 -6 19 23 -21 -4 -11 -3 -17 -20
right_child=1 18 9 4 17 6 7 -9 -10 15 -12 12 -14 -15 -16 24 -18 -19 25 20 -22 -23 -24 -25 -26 -27
leaf_value=-0.027194482347654172 0.043281358884582143 -0.017326694497347611 0.011822654524049918 -0.0041557195385823302 -0.02102548423234642 0.0037837488631038379 -0.0030610293584569848 0.0096363648151789622 0.016208163820616642 0.0063247619867180223 0.030770799620255702 0.0027639162686877577 -0.012126775339876559 0.0038738942569252321 -0.021415250122686306 -0.0087281806221389483 0.0039374588855980355 0 -0.022866317516946337 0.018498871239163318 -0.0071565312058787037 -0.01401475787521069 -0.0068289613558051281 -0.0030437308042968862 -0.024762604275669904 -0.0065248372008103444
leaf_weight=7.5923685878515226 4.6290209889411917 56.595040917396545 4.5231764018535623 291.19261983036995 48.244013756513596 68.56699737906456 80.449303716421127 204.36589401960373 190.23236687481403 9.0430616885423643 7.9810482859611502 74.938446149230003 60.717320516705513 100.68851351737976 11.724050775170324 8.5516326278448123 4.7737205177545547 8.0298570692539197 43.241857752203941 3.4559150338172939 20.202215582132339 7.1935957670211801 36.241853967308998 7.9008138328790656 13.274606004357336 3.8347629606723777
leaf_count=21 14 201 12 922 159 203 241 622 555 26 23 234 180 308 34 23 17 26 166 13 67 17 110 27 46 16
internal_value=-5.79978e-05 -0.00621104 0.00696686 -0.00402281 -0.00699066 0.00878526 0.00935121 0.00601922 0.0129648 -0.00455988 0.0105225 0.000369074 -0.00385487 0.00588735 -0.00488758 -0.00916492 -0.014791 -0.0180101 -0.0158057 -0.0123944 -0.00273101 -0.00322807 -0.0039653 -0.0157524 -0.0192195 -0.0218069
internal_weight=1378.18 735.394 642.79 600.164 359.191 555.981 543.615 284.815 258.799 86.809 19.6978 240.973 135.656 105.318 302.917 67.1112 12.3661 56.2739 135.231 88.154 23.6581 11.7168 45.2849 64.4959 21.8262 47.0766
internal_count=4283 2367 1916 1877 1141 1659 1621 863 758 257 52 736 414 322 956 205 38 185 490 308 80 29 136 228 69 182
is_linear=0
shrinkage=0.03


Tree=71
num_leaves=27
num_cat=0
split_feature=9 27 6 9 7 30 30 4 27 10 27 6 4 34 4 17 36 25 17 27 26 36 30 34 10 27
split_gain=11.819 11.4331 13.2559 7.25753 6.03165 5.49303 8.62795 5.59852 5.47489 5.15876 4.9615 10.23 6.14461 4.07166 3.93163 3.46232 3.65062 4.02305 3.05046 3.25698 2.70266 2.64797 2.4904 1.41033 1.32842 1.22813
threshold=0.36348350346088415 0.020522944629192356 0.032694499939680106 0.26992599666118627 22.169844627380375 -0.017493607476353642 0.014536132570356132 -5687.9118652343741 0.027219780720770363 -17.18626499176025 0.020106017589569095 0.026070000603795055 -826.35321044921864 0.70444723963737499 1017.9869384765626 0.81174498796463024 0.0038118166849017148 0.0026146929012611513 0.81174498796463024 0.019159005954861644 0.99882721900939953 0.0062880145851522693 -0.0037752247881144281 0.71997928619384777 -5.5320188999176017 0.023275034502148632
decision_type=2 2 2 2 2 2 2 2 2 2 2 2 2 2 2 2 2 2 2 2 2 2 2 2 2 2
left_child=1 4 -3 -4 10 15 7 20 -5 23 11 -1 -12 -9 -11 16 17 -2 19 -6 -7 -18 -20 -8 -17 -26
right_child=5 2 3 8 18 6 9 13 -10 14 12 -13 -14 -15 -16 24 21 -19 22 -21 -22 -23 -24 -25 25 -27
leaf_value=0.048597545351915433 -0.0058066871006854379 0.038558437914256186 0.033592538834397674 0.00053284876398400609 -0.00026747076406735557 -0.020778086102036349 0.031500401173357916 0.010496144871543661 -0.010697484609004503 -0.0031492088318799643 0.00050343102632327086 0 -0.016440957162853532 0.0035420151988257362 0.013619024831437553 -0.00048615498171770461 -0.022292345189583486 0.0058422882932546005 -0.01384198738838637 -0.01634465545071688 0 0 0.0024787406746045585 0.002107929656241785 0.007548243969441047 0.032257469424639959
leaf_weight=3.6684517115354529 70.977772429585457 7.6075785905122748 5.144197314977645 361.87158045172691 14.281129941344259 7.5356084704399136 4.9000981748104087 218.77530556917191 43.173340201377869 171.46593843400478 36.399597868323326 62.572786182165146 38.105993792414665 124.00313419103622 12.943497002124785 4.7270998060703286 14.203278183937075 41.606816470623016 12.646913230419157 90.537392050027847 17.683385893702507 7.7937629520893088 21.276120901107788 3.0883739590644836 7.4815959632396662 3.1230595409870148
leaf_count=14 211 27 18 1083 47 20 17 700 126 508 109 182 108 384 41 13 38 131 37 288 52 23 64 9 22 11
internal_value=0.000210569 -0.00255616 0.000566853 -0.00016193 -0.00724946 0.00293912 0.00430819 0.00699935 -0.000653702 -0.000797313 -0.00277411 0.00309117 -0.00809464 0.00801547 -0.00188995 -0.00211609 -0.00371527 -0.0014153 -0.0116986 -0.0142513 -0.00634925 -0.0147938 -0.00345705 0.0219909 0.011027 0.0167603
internal_weight=1407.59 697.285 417.797 410.189 279.488 710.309 560.395 367.997 405.045 192.398 140.747 66.2412 74.5056 342.778 184.409 149.913 134.582 112.585 138.742 104.819 25.219 21.997 33.923 7.98847 15.3318 10.6047
internal_count=4283 2103 1254 1227 849 2180 1731 1156 1209 575 413 196 217 1084 549 449 403 342 436 335 72 61 101 26 46 33
is_linear=0
shrinkage=0.03


Tree=72
num_leaves=20
num_cat=0
split_feature=1 27 27 22 9 29 25 35 31 35 3 35 30 22 29 35 29 0 3
split_gain=59.0957 15.6662 15.328 19.4238 9.97842 8.35741 8.25972 7.62941 6.8598 6.4278 6.1555 8.50161 6.13137 6.91171 5.4425 4.85602 4.72577 3.82805 2.06012
threshold=-0.28113849461078638 0.026672904379665855 0.018917583860456947 4.5416688919067392 0.37050449848175054 0.26449999213218695 0.00053346456843428325 21.06804180145264 0.052884431555867202 17.287709236145023 44.680541992187507 20.719787597656254 0.04501305706799031 -2.769135475158691 0.42849999666213995 12.617658138275148 0.47849999368190771 -3.1728779077529903 36.975145339965827
decision_type=2 2 2 2 2 2 2 2 2 2 2 2 2 2 2 2 2 2 2
left_child=1 6 -2 4 5 -4 10 16 17 -6 18 -12 13 14 -3 -15 -5 -8 -1
right_child=2 12 3 7 9 -7 8 -9 -10 -11 11 -13 -14 15 -16 -17 -18 -19 -20
leaf_value=0.0058690894948446523 -0.026092029730165792 0.018794676529275595 0.0088576497240169336 0.020832577215657698 0.0018979730892106908 0.00081121880903480209 -0.020282663145453544 -0.018468435012629122 0.017811834741163959 -0.0068123477843406886 0.029136089806824486 -0.015116337567113879 0.030899642258352181 0.0017048718624083903 -0.0062759113396271089 -0.020783876548940195 0.0061730964188336079 -0.012112035247755677 -0.022531638535796612
leaf_weight=2.4023181647062319 14.306330695748327 21.596136033535004 295.54030558466911 88.429684191942215 227.36798214912415 195.69452910125256 75.081788823008537 4.9657787978649131 5.4984230846166602 113.57756689190865 11.432896167039873 5.1337415724992743 6.0330465137958518 16.451302900910378 11.048899263143538 16.131363704800606 28.617606177926064 230.1028308570385 7.159694492816925
leaf_count=8 59 50 759 201 678 549 362 17 17 391 33 19 14 49 36 60 73 894 32
internal_value=7.73311e-05 -0.00948509 0.00411851 0.00459432 0.00293718 0.00567456 -0.0121913 0.0157651 -0.0135587 -0.000983023 0.00367893 0.0148545 0.00317603 0.000259334 0.0100712 -0.00930289 0.0173665 -0.0141815 -0.0145648
internal_weight=1376.57 408.072 968.5 954.193 832.18 491.235 336.812 122.013 310.683 340.946 26.1287 16.5666 71.2607 65.2277 32.645 32.5827 117.047 305.185 9.56201
internal_count=4301 1574 2727 2668 2377 1308 1365 291 1273 1069 92 52 209 195 86 109 274 1256 40
is_linear=0
shrinkage=0.03


Tree=73
num_leaves=29
num_cat=0
split_feature=1 1 27 0 27 35 3 25 27 35 1 27 17 23 36 35 35 4 9 34 28 25 35 13 36 34 35 32
split_gain=64.4681 16.5214 13.6508 9.3133 8.50157 10.2753 8.91624 8.28823 8.09326 6.89558 9.1134 7.79655 5.59214 5.17057 4.82374 4.50775 6.63966 4.2973 3.40543 2.57929 1.99769 1.96562 2.78292 1.65517 1.5588 1.28589 1.26219 1.08293
threshold=-0.15377149730920789 0.64156350493431102 0.026736826635897163 -2.5905750989913936 0.020421429537236694 17.349204063415531 45.40954780578614 0.0013428155798465016 0.020900700241327289 13.223714828491213 -0.69541749358177174 0.020333440974354747 -0.5617450177669524 -6.1057615280151358 -0.00093385801301337768 12.835838317871096 12.448565483093263 -4708.7429199218741 0.33198650181293493 0.55969020724296581 -0.35555624961853022 0.00065908988472074281 19.308928489685062 0.68629449605941784 -0.0019179607043042777 0.67224836349487316 13.164422035217287 -0.015069640707224606
decision_type=2 2 2 2 2 2 2 2 2 2 2 2 2 2 2 2 2 2 2 2 2 2 2 2 2 2 2 2
left_child=2 4 9 15 6 8 7 -2 -6 12 11 -11 26 -12 -8 16 -4 -5 24 -7 -19 22 -20 -14 -3 -26 -1 -23
right_child=1 18 3 17 5 19 14 -9 -10 10 13 -13 23 -15 -16 -17 -18 20 21 -21 -22 27 -24 -25 25 -27 -28 -29
leaf_value=-0.0012564153353103425 0.017953365634917586 -0.0229267307170321 0.033455032376353312 -0.024546552293170012 0.0097671660748399561 0.0011583516340385473 -0.010613976681408378 -0.0018729783741872183 -0.006205994050184363 0.020754119554705595 0.0098712901412496036 0.0041282740800695512 0.020487390199840499 0.002669433853064894 0 0.0336166589423606 -0.014442067696484829 0.003339935817087141 -0.016209738419981239 -0.018256460460546974 -0.0092620703972500339 0 0.014754085283549375 0.039402770644823996 -0.00056352116639632151 -0.011126960858524253 0.015949973650463814 -0.022265069400926839
leaf_weight=9.9999504536390287 40.191703662276268 6.9513740688562384 3.4559490978717822 13.905389517545698 31.471951052546501 5.7191698104143134 58.000709742307663 34.003778278827667 244.31407970190048 73.06513711810112 139.91763344407082 41.516963183879852 18.663903653621677 264.43876440823078 115.46139238774776 6.4108373820781699 7.0174824893474579 14.664263904094694 7.6984425038099271 72.492595434188843 36.879652664065361 2.1559081226587287 3.123112678527832 9.5406558215618116 19.192443326115608 28.417348802089691 4.9800479710102072 68.714358523488045
leaf_count=31 125 25 10 48 97 18 171 112 774 212 418 115 55 791 347 18 18 45 26 239 108 7 10 27 65 100 16 273
internal_value=-0.000243452 -0.00630224 0.00667947 -0.00463665 -0.00413847 -0.0071183 9.03416e-05 0.00879475 -0.00433623 0.00835558 0.00735521 0.0148523 0.019949 0.0051928 -0.00359566 0.0147316 0.00134675 -0.00984344 -0.015741 -0.0167241 -0.00550622 -0.0197335 -0.00622166 0.0277743 -0.00947483 -0.00710582 0.00421281 -0.0216126
internal_weight=1382.36 737.908 644.457 82.3336 601.655 353.998 247.658 74.1955 275.786 562.123 518.938 114.582 43.1846 404.356 173.462 16.8843 10.4734 65.4493 136.253 78.2118 51.5439 81.6918 10.8216 28.2046 54.5612 47.6098 14.98 70.8703
internal_count=4301 2389 1912 247 1883 1128 755 237 871 1665 1536 327 129 1209 518 46 28 201 506 257 153 316 36 82 190 165 47 280
is_linear=0
shrinkage=0.03


Tree=74
num_leaves=23
num_cat=0
split_feature=25 7 9 35 9 27 10 35 33 35 35 8 36 3 3 8 27 35 18 16 33 35
split_gain=10.657 11.6466 6.63584 7.78119 6.09691 6.07419 8.57025 6.89856 5.34043 6.20672 4.82651 3.99248 5.27514 3.09563 7.11275 3.90391 2.62107 8.78664 3.75097 2.39727 1.87232 1.81702
threshold=0.0010718263802118602 15.23994827270508 0.48862600326538091 20.616698265075687 0.44116349518299108 0.020385479554533962 16.126057624816898 18.819044113159183 0.49841429293155676 20.769491195678714 16.770792961120609 -5.2978971004486075 0.00066984872682951402 42.641874313354499 44.954353332519538 0.24390248954296115 0.025674450211226944 13.849980831146242 0.7799539864063264 1.0000000180025095e-35 0.70816370844841015 18.397686004638675
decision_type=2 2 2 2 2 2 2 2 2 2 2 2 2 2 2 2 2 2 2 2 2 2
left_child=1 -1 3 5 13 6 -2 -7 9 -5 16 -6 -13 15 -15 -3 18 -18 -4 -10 21 -12
right_child=2 4 10 8 11 7 -8 -9 19 -11 20 12 -14 14 -16 -17 17 -19 -20 -21 -22 -23
leaf_value=0.035085870874883164 -0.0059762685525722543 -0.015280546236034493 -0.010777735417196024 0.029159855893562434 -0.015670632811709499 0.00024049391680506783 0.019349261548949712 0.0086505441467430288 0.0032040486600859808 0.0074890167300707255 0.038429169637158242 0.0045272033501714253 0.038804609362533549 0.0036251588622555741 -0.0083530773555995867 0.00081171245322689614 0 0.040645374515149831 0.0073645049637455296 -0.019380278295452715 0.00049052567580836913 0.010434834744423516
leaf_weight=6.0092099905014029 192.99225822091103 63.002350851893425 13.825774312019346 17.944236636161804 5.8599131405353537 611.55218313634396 12.19974249601364 102.50634123384953 11.967329382896425 39.953631430864334 8.0483981072902662 28.465257793664932 4.4537740945816031 61.777358651161194 150.48311017453671 15.866184294223784 12.440103083848955 7.0647839307785025 34.361273616552353 5.6166866123676291 3.1414807438850394 4.7820061147212973
leaf_count=21 587 190 38 63 19 1846 40 308 39 124 28 91 16 194 436 54 32 25 110 16 9 15
internal_value=0.000156325 -0.00449857 0.00161607 0.000921209 -0.00529884 0.000148545 -0.0043834 0.0014656 0.0101497 0.0145517 0.00971617 0.00569509 0.00994526 -0.00680136 -0.00482424 -0.0119451 0.00594409 0.0151464 0.00191707 -0.00384855 0.0244909 0.0294533
internal_weight=1414.31 335.917 1078.4 994.732 329.908 919.251 205.192 714.059 75.4819 57.8979 83.6638 38.7789 32.919 291.129 212.26 78.8685 67.6919 19.5049 48.187 17.584 15.9719 12.8304
internal_count=4301 1021 3280 3023 1000 2781 627 2154 242 187 257 126 107 874 630 244 205 57 148 55 52 43
is_linear=0
shrinkage=0.03


Tree=75
num_leaves=29
num_cat=0
split_feature=20 27 20 27 3 9 13 25 22 20 27 27 31 35 13 31 18 33 30 27 27 20 27 27 27 25 28 25
split_gain=69.362 18.1705 18.0782 11.1532 16.7403 9.79536 8.86053 7.55387 8.88265 10.0132 16.9796 9.16882 7.3743 6.49894 5.39323 5.27476 4.99732 4.79291 4.20354 6.12458 4.63109 3.90738 2.95881 4.07865 2.83332 2.33845 1.67276 0.115714
threshold=0.30329549312591558 0.026672904379665855 -0.50731351971626271 0.020533004775643352 45.40954780578614 0.3621129989624024 0.10255200043320657 0.00071639756788499664 4.0816555023193368 1.1460400223731997 0.020193516276776794 0.018900832161307338 0.024295011535286907 21.099008560180668 0.49586300551891332 0.013806493487209083 0.20391699671745303 0.29076088964939123 0.035441627725958831 0.027514189481735233 0.027172715403139595 0.48740349709987646 0.020497629418969158 0.020567856729030613 0.020369840785861019 0.0018092372920364144 -0.25183296203613276 0.0026294977869838481
decision_type=2 2 2 2 2 2 2 2 2 2 2 2 2 2 2 2 2 2 2 2 2 2 2 2 2 2 2 2
left_child=1 2 5 4 -4 16 -5 21 9 15 -11 27 -7 -13 18 -9 -1 26 19 -3 -20 -2 24 -24 -23 -19 -16 -10
right_child=7 14 3 6 -6 12 -8 8 11 10 -12 13 -14 -15 17 -17 -18 25 20 -21 -22 22 23 -25 -26 -27 -28 -29
leaf_value=0.00040614023222536203 0.034357190568319089 -0.0089035733189010875 -0.019010270178875289 0.014701724823390626 2.8551735936956366e-05 -0.018624290495749877 -0.0024732750365511719 -0.0053709961268415558 -0.023582085202103174 -0.022213990146124567 0.0084487019373577308 0.01603773032932081 0.0094779599155639573 -0.017903781934639897 0.0062274225176399724 0.014477887568602667 -0.010688485039907379 -0.016666383004351679 0.035798814425436302 0.009222371579204509 -0.0015527543614973118 0.013015379551153569 -0.01481667871229009 0.01226656204549452 0.03499964710193168 0.009901748136054685 0.03236941057197372 -0.0058090664247674138
leaf_weight=48.611458271741867 9.5141883194446546 44.823977932333946 68.285118579864502 45.640551224350929 102.65782471001148 193.25545386970043 63.348165184259415 119.13829481601715 4.5237510651350012 16.674429923295975 270.32396554946899 115.16006118059158 8.0612559467554075 4.6621918678283683 4.1612578034400931 12.726894617080687 129.68310658633709 3.7625329196453086 5.4540239423513395 25.854916125535965 5.0460420548915863 28.986439257860184 6.6126424968242672 15.47730693221092 7.4744661450386038 9.0515368282794935 11.633611023426058 2.4981631636619568
leaf_count=155 18 151 261 122 330 853 199 348 18 56 698 264 27 16 10 32 492 11 12 70 16 68 18 37 14 23 24 9
internal_value=-0.000706947 -0.00671162 -0.00859668 -0.00276448 -0.00755749 -0.0128645 0.00467109 0.00680427 0.00559336 0.00344932 0.00660038 0.0125614 -0.0174337 0.0145734 0.00451877 -0.00333985 -0.00762056 0.0156076 0.000429056 -0.00212831 0.0177758 0.0162698 0.0129123 0.00361227 0.0181781 0.00109177 0.0264369 -0.019262
internal_weight=1383.1 769.331 659.543 279.932 170.943 379.611 108.989 613.773 545.708 418.864 286.998 126.844 201.317 119.822 109.788 131.865 178.295 28.6089 81.179 70.6789 10.5001 68.065 58.5509 22.0899 36.4609 12.8141 15.7949 7.02191
internal_count=4352 2756 2439 912 591 1527 321 1596 1441 1134 754 307 880 280 317 380 647 68 249 221 28 155 137 55 82 34 34 27
is_linear=0
shrinkage=0.03


Tree=76
num_leaves=27
num_cat=0
split_feature=1 1 1 27 35 27 29 22 26 29 21 27 35 29 14 9 32 27 36 35 35 35 29 35 30 30
split_gain=61.5397 16.2615 11.8316 10.056 6.85322 11.603 9.62267 5.27389 5.66448 4.39869 3.8449 3.56571 10.0282 4.26636 3.1826 3.0014 2.8151 2.41933 2.362 1.25674 1.46854 1.19031 1.00866 0.643483 0.634005 0.425879
threshold=0.012303000316023828 -0.62559351325035084 0.64156350493431102 0.026829344220459465 19.718921661376957 0.020333440974354747 0.48749999701976782 -2.769135475158691 1.000304162502289 0.24849999696016314 0.69530001282691967 0.027514189481735233 12.507444858551027 0.44550000131130224 1.0048269927501681 0.34642449021339422 0.00062787265051156293 0.027362042106688026 -0.00011043115227948873 20.970647811889652 16.027423858642582 13.566808223724367 0.17249999940395358 13.335219860076906 -0.031836474314332001 -0.074296601116657243
decision_type=2 2 2 2 2 2 2 2 2 2 2 2 2 2 2 2 2 2 2 2 2 2 2 2 2 2
left_child=1 7 11 4 6 -6 -3 19 9 -9 17 12 13 -2 -14 18 -10 -5 22 20 -1 -20 -4 -12 25 -17
right_child=2 3 15 10 5 -7 -8 8 16 -11 23 -13 14 -15 -16 24 -18 -19 21 -21 -22 -23 -24 -25 -26 -27
leaf_value=0.014553328171805338 0.036596196744384087 0.0089545665950391835 -0.007782990320266284 0.0036484905149425494 0.0037933241017407467 -0.014521964966664995 -0.0021878128517598917 0.021053901324392242 -0.0024011331733968105 0.0069914423639513869 -0.024369769785278189 -0.021225890385020509 -0.0057798452501735941 -0.0037108154188750151 0.0045715970931542371 -0.017700786560013886 0.023175682185930021 -0.010773585200473555 -0.020664492297621073 0 0.025434708597922445 -0.0051515914989742123 -0.021176261126136978 -0.0037707623548570036 -0.023196296142715119 -5.6095528134960817e-05
leaf_weight=28.41886430978775 7.0535464286804181 314.3618591427803 10.45116153359413 19.440592706203461 124.71575017273426 40.862933620810509 87.837135687470436 40.017601668834686 37.559353351593018 46.34123095870018 12.837540209293364 11.420204445719717 389.24568612873554 2.7598020881414413 27.356538981199265 2.5736940801143646 3.8085296154022208 20.322393864393234 5.1701013892889014 3.2407473325729361 36.044006317853928 47.243453294038773 24.84033240377903 2.9617085605859748 39.65634997189045 3.9151500463485709
leaf_count=85 22 925 41 56 378 132 271 114 113 134 44 34 1257 9 79 9 11 63 19 10 103 164 90 11 161 17
internal_value=0.000293042 0.00557168 -0.00724958 0.00318004 0.0043843 -0.000702602 0.00649911 0.0131265 0.0093429 0.0136951 -0.00889484 -0.00482279 -0.00433806 0.0247577 -0.00507387 -0.0150733 0 -0.00354119 -0.0114729 0.0200117 0.0209251 -0.00703269 -0.0176256 -0.0212946 -0.021527 -0.00910801
internal_weight=1390.46 818.77 571.686 623.34 567.778 165.579 402.199 195.43 127.727 86.3588 55.5622 437.836 426.416 9.81335 416.602 133.85 41.3679 39.763 87.705 67.7036 64.4629 52.4136 35.2915 15.7992 46.1452 6.48884
internal_count=4352 2450 1902 1880 1706 510 1196 570 372 248 174 1401 1367 31 1336 501 124 119 314 198 188 183 131 55 187 26
is_linear=0
shrinkage=0.03


Tree=77
num_leaves=23
num_cat=0
split_feature=1 29 35 33 25 25 10 36 2 28 34 34 35 26 3 18 29 25 26 34 34 34
split_gain=13.1148 6.97621 7.65808 7.19058 6.6005 6.3628 5.99739 5.92762 7.90526 6.03797 3.89233 3.85382 3.41498 3.33026 2.8154 2.48859 0.94241 2.17504 1.60055 1.22055 0.686687 0.251706
threshold=-0.77992299199104298 0.331499993801117 14.045768737792971 0.018976898863911632 0.0020746804075315599 0.0023986618034541611 -5.5320188999176017 -0.0030707246623933311 2619.864135742188 -0.91283753514289845 0.72831857204437267 0.72304704785346996 13.639041423797609 1.0034185051918032 32.832838058471687 0.61002299189567577 0.26749999821186071 0.0025693222414702181 1.0001917481422427 0.66857036948204052 0.64926794171333324 0.69033643603324901
decision_type=2 2 2 2 2 2 2 2 2 2 2 2 2 2 2 2 2 2 2 2 2 2
left_child=16 2 6 13 11 -6 12 8 -4 -9 -8 -5 -2 14 -3 -15 -1 18 21 20 -19 -18
right_child=1 3 7 4 5 -7 10 9 -10 -11 -12 -13 -14 15 -16 -17 17 19 -20 -21 -22 -23
leaf_value=-0.023457027808402579 0.0013335095566888544 0.012047627346589786 0.03372688726485977 0.016148664865918386 -0.0064099271828255465 0.0047372192523122405 -0.016398388746830399 0.019843056640953455 0.0034823682810087124 -0.00038718409247507425 0.010841421931029372 -0.0002769372242656353 -0.0078569721874492925 0.028590750379966934 -0.011178202231164726 -0.0023891876603536568 -0.013066076567197209 -0.012970049907973321 0.0184732084925062 -0.022133355352626397 0.0023959968804136574 0
leaf_weight=12.865582227706907 83.880354911088943 4.4298778474330893 10.497577548027037 62.231315687298775 52.096078053116798 345.52365933358669 52.893848583102226 13.080827027559279 29.99005888402462 589.609520226717 4.4298399984836569 14.804758876562117 61.93262106180191 3.4749267250299445 47.68616558611393 4.3666259050369263 2.9477057158947009 4.4997769743204135 2.662722259759903 14.150256201624869 3.5952483266592026 2.5673089772462845
leaf_count=51 258 14 37 199 149 1039 154 42 93 1804 16 45 185 12 134 12 11 16 11 48 13 9
internal_value=0.000394132 0.000912519 -0.000773534 0.00359666 0.00484439 0.0032479 -0.00584932 0.000818881 0.0118595 5.3058e-05 -0.0140622 0.0128945 -0.00252205 -0.00609059 -0.00893722 0.0111513 -0.0157587 -0.0118855 0.000317873 -0.0166757 -0.00535602 -0.00775845
internal_weight=1424.22 1380.93 846.315 534.613 474.656 397.62 203.137 643.178 40.4876 602.69 57.3237 77.0361 145.813 59.9576 52.116 7.84155 43.2886 30.423 8.17774 22.2453 8.09503 5.51501
internal_count=4352 4193 2589 1604 1432 1188 613 1976 130 1846 170 244 443 172 148 24 159 108 31 77 29 20
is_linear=0
shrinkage=0.03


Tree=78
num_leaves=28
num_cat=0
split_feature=1 0 10 27 27 3 35 8 27 4 35 3 27 25 13 29 2 35 26 27 25 2 33 36 10 33 25
split_gain=61.4319 17.6555 14.142 12.8707 8.35249 10.9028 7.66935 7.22577 8.05552 7.90634 8.58431 6.94087 6.45493 5.3863 9.92703 5.81621 5.30446 5.26357 6.51459 5.11052 3.71997 3.55331 3.40322 3.28606 3.06773 0.929257 0.153244
threshold=-0.45222748816013331 0.35418500006198889 -13.689263820648192 0.026651846244931224 0.019825693219900135 64.303617477417006 12.507444858551027 -0.76088449358940113 0.018900832161307338 -5667.8798828124991 19.290435791015629 50.123327255249031 0.025842599570751194 0.0025693222414702181 -0.24212800711393354 0.31749999523162847 2966.522827148438 12.507444858551027 0.99935472011566173 0.025386693887412552 0.0032240703003481035 4281.6384277343759 0.26078289747238165 0.0010761562734842303 -18.686863899230953 1.4874336719512942 0.0026294977869838481
decision_type=2 2 2 2 2 2 2 2 2 2 2 2 2 2 2 2 2 2 2 2 2 2 2 2 2 2 2
left_child=3 2 6 13 5 -4 -2 9 26 19 -11 -6 -10 16 20 -16 22 -5 21 -3 -15 -19 -1 -20 -8 -18 -9
right_child=1 7 4 17 11 -7 24 8 12 10 -12 -13 -14 14 15 -17 25 18 23 -21 -22 -23 -24 -25 -26 -27 -28
leaf_value=-0.0062461615237109748 0.028652611643482033 -0.001661986515885305 -0.020290284895949307 -0.025048492039139881 0.0014560560466484011 0.010202614919029776 -0.0066064815105119365 -0.023650899737933998 0.0093373167882413819 -0.00031613764611996105 0.010846083110471916 0.013574743995691849 0.022155292432935791 -0.0017762466145258848 0.016099944987034813 -0.015968299049690347 -0.024805008354203708 -0.022003687527552499 0.0038274363551880292 0.033996005956596402 0.028326514046738825 0.010532670303983471 -0.017988768527222206 0.024048131195109824 -0.019414399627222908 -6.3643143470748262e-05 -0.0053364847072385289
leaf_weight=43.386237606406212 3.3601078987121573 4.3885250389575985 31.488605469465256 5.2480952441692343 314.26614993810654 14.93335124850273 32.338940247893333 4.7239468246698371 217.74673646688461 218.95729883015156 85.203776299953461 49.237957015633583 44.094121307134628 5.7625739276409131 4.9370461106300345 54.090571627020836 69.158295795321465 9.1745657175779325 18.704786017537121 11.872709333896635 7.540398433804512 3.6083911657333365 54.9387546479702 13.126762092113493 44.511435568332672 2.1422134488821021 2.437183752655983
leaf_count=173 8 12 118 19 963 40 114 19 539 623 207 153 94 21 18 244 322 33 55 24 22 9 241 33 183 9 9
internal_value=0.000229314 0.00353773 -0.000652862 -0.0119642 0.00158591 -0.0102851 -0.0121449 0.00703527 0.0106775 0.00393762 0.00279383 0.00313869 0.0115683 -0.0148233 -0.00766917 -0.0130222 -0.0177894 0.00173975 0.00533308 0.0240733 0.0150426 -0.012091 -0.0129562 0.0126874 -0.0142187 -0.0241926 -0.0193477
internal_weight=1371.38 1079.56 490.137 291.819 409.926 46.422 80.2105 589.424 269.002 320.422 304.161 363.504 261.841 241.956 72.3306 59.0276 169.626 49.8626 44.6145 16.2612 13.303 12.783 98.325 31.8315 76.8504 71.3005 7.16113
internal_count=4305 3106 1579 1199 1274 158 305 1527 661 866 830 1116 633 1050 305 262 745 149 130 36 43 42 414 88 297 331 28
is_linear=0
shrinkage=0.03


Tree=79
num_leaves=29
num_cat=0
split_feature=1 1 29 0 0 28 27 3 31 9 13 34 10 10 27 29 4 7 32 29 2 34 34 27 27 25 25 27
split_gain=63.5611 19.7921 6.67959 7.95051 6.60308 6.51515 6.28623 8.76756 6.27099 6.08248 5.38734 5.95141 3.46524 4.73105 3.38444 3.17655 3.15872 3.11125 4.49015 2.80354 1.79125 1.65564 4.22323 1.58213 1.11197 0.762783 0.214591 0.13693
threshold=-0.45222748816013331 0.64156350493431102 0.27850000560283666 -3.8562813997268672 0.026813500560820106 -0.58690825104713429 0.019866458140313629 62.820865631103523 -0.017315723933279511 0.29776550829410559 -0.10135399922728537 0.72259026765823375 -14.176932811737059 -1.7180104851722715 0.026781643740832809 1.1654999852180483 -1295.4189453124998 25.388464927673343 -0.015069640707224606 0.64750000834465038 3502.0922851562505 0.67224836349487316 0.65917336940765392 0.026282686740159992 0.025051615200936798 0.0016482431674376132 0.0061466584447771319 0.025205727666616443
decision_type=2 2 2 2 2 2 2 2 2 2 2 2 2 2 2 2 2 2 2 2 2 2 2 2 2 2 2 2
left_child=2 4 12 15 6 16 7 -2 -7 -8 11 -6 25 23 -12 19 -5 21 -19 -4 -15 22 -3 -14 -23 -1 -20 -17
right_child=1 17 3 5 10 8 9 -9 -10 -11 14 -13 13 20 -16 27 -18 18 26 -21 -22 24 -24 -25 -26 -27 -28 -29
leaf_value=-0.015316202792977672 0.024215585132905705 -0.010372511915894394 0.015960191235041749 0.022512289331118946 -0.0023053242767099012 0.029796451989145083 0.0077767745988972471 -0.0010076089551989496 -0.0023894759380481178 -0.0030950227177894622 -0.0078295473491678362 0.01877005865178474 0.022036990769841239 0.0092807406628081599 0.0023525342136491633 0.014044903766454427 0.0021004585877381328 0.016686428996373036 -0.022511305647673775 -0.00043547028370407968 0.02259066334408882 -0.016510931991221087 0.017949372154004991 0.00058757989590015221 -0.0011342051644476435 0.0019131969189072886 -0.0094894351566481433 0.032512411442500909
leaf_weight=3.5006688535213462 21.234959870576859 20.73295480012894 28.611483752727509 17.827508836984638 56.81991720199585 5.1939094662666312 53.62395977973938 27.300877660512924 118.15200807154179 310.45198729634285 326.50428795814514 14.646786659955977 63.550427347421646 113.12043362855911 30.61058697104454 3.7217508256435385 12.719132602214811 2.2399678230285636 58.205253124237061 12.271114706993101 11.055645167827604 33.051997140049934 5.4673698693513861 4.1919058561325064 6.4021989703178397 3.4810293912887573 4.7363795340061179 9.4753648340702039
leaf_count=10 65 73 82 52 177 15 160 81 360 932 1050 44 183 329 101 11 37 7 234 37 32 120 19 13 23 11 20 27
internal_value=-0.000347444 -0.00452074 0.0095939 0.00573785 -0.00281471 0.00217305 -8.2741e-05 0.00997867 -0.00084668 -0.00146058 -0.00542074 0.00198932 0.0135562 0.0143269 -0.00692954 0.0156043 0.0144737 -0.0153685 -0.0201807 0.0108757 0.0106238 -0.0103384 -0.0038999 0.0208556 -0.0142864 -0.00596904 -0.0217558 0.0286642
internal_weight=1378.9 972.029 406.872 207.972 841.193 153.893 412.612 48.5358 123.346 364.076 428.582 71.4667 198.9 191.918 357.115 54.0797 30.5466 130.836 65.1816 40.8826 124.176 65.6545 26.2003 67.7423 39.4542 6.9817 62.9416 13.1971
internal_count=4305 3106 1199 621 2610 464 1238 146 375 1092 1372 221 578 557 1151 157 89 496 261 119 361 235 92 196 143 21 254 38
is_linear=0
shrinkage=0.03


Tree=80
num_leaves=22
num_cat=0
split_feature=1 9 9 27 29 2 23 8 11 27 30 9 33 22 29 29 35 27 33 30 33
split_gain=10.9635 8.24243 6.65586 10.2768 5.49437 9.14962 7.52838 7.44287 6.82265 6.65384 4.9992 4.8395 5.25704 3.99267 3.9103 1.95501 1.15943 1.67292 0.967935 2.40163 0.951301
threshold=-0.77992299199104298 0.40329450368881231 0.4086225032806397 0.01971840858459473 0.42249999940395361 3226.7993164062505 -4.6397244930267325 -3.3788095712661739 1.0000000180025095e-35 0.020556859672069553 -0.0095743793062865717 0.4796034991741181 0.4796969741582871 -4.0031731128692618 0.34149999916553503 0.2424999997019768 19.249008178710941 0.019676237367093567 0.18257120251655581 0.0027674649609252815 0.14436727762222293
decision_type=2 2 2 2 2 2 2 2 2 2 2 2 2 2 2 2 2 2 2 2 2
left_child=16 4 3 15 5 6 -2 8 -6 -9 -7 13 -13 -4 -5 -3 18 -18 19 20 -1
right_child=1 2 11 14 7 10 -8 9 -10 -11 -12 12 -14 -15 -16 -17 17 -19 -20 -21 -22
leaf_value=-0.023117852938533058 0.0089870589343210416 -0.025380415983664802 -0.0059612029730594374 0.013074582157459441 0.023761803894079281 -0.013985735940764594 -0.0012245551857712283 -0.0085938956293905768 0.0022167393293224817 0.0042808375383935433 -0.0041958968394194655 0.012958539978537747 -0.0022585493163622193 0.0026985849771117162 0.03334100724480444 0 -0.017123802045377362 0.015419535419202272 -0.020389718230880018 0.0062308737287396455 0
leaf_weight=6.9399558007717115 77.056450724601746 4.9912519752979261 63.978590577840805 29.320308372378349 26.173095703125 61.406466662883759 397.29232075810432 53.19042432308197 28.495442524552345 109.90203791856766 220.3144947886467 67.070744693279266 27.767459839582443 184.47618132829666 14.399852156639097 4.2351934313774109 2.2662307769060126 2.4209920763969421 23.897963136434555 5.1694397926330558 2.8807598203420639
leaf_count=24 237 13 196 95 82 170 1194 153 84 329 661 210 83 571 49 13 10 11 90 19 11
internal_value=0.000110083 0.000589965 0.00423892 0.0141294 -0.000886924 -0.00210349 0.000423052 0.00329092 0.0128167 1.34681e-05 -0.00638267 0.00266899 0.00842028 0.000424993 0.0202547 -0.0135195 -0.0146094 0 -0.0162889 -0.00872295 -0.0173869
internal_weight=1413.65 1370.07 396.24 52.9466 973.831 756.07 474.349 217.761 54.6685 163.092 281.721 343.293 94.8382 248.455 43.7202 9.22645 43.5753 4.68722 38.8881 14.9902 9.82072
internal_count=4305 4140 1230 170 2910 2262 1431 648 166 482 831 1060 293 767 144 26 165 21 144 54 35
is_linear=0
shrinkage=0.03


Tree=81
num_leaves=30
num_cat=0
split_feature=1 1 0 16 35 14 3 35 35 25 16 31 9 22 18 18 14 4 25 25 26 25 35 35 2 33 35 33 25
split_gain=49.2145 13.0376 10.2897 9.33199 9.29409 9.5012 7.99453 8.76767 9.90625 8.60151 8.22371 7.67832 6.88717 8.58219 7.41496 6.04357 5.76839 4.84774 4.46141 4.31412 4.14303 4.10877 3.83718 9.38769 3.17734 3.13449 2.46077 1.31681 0.227011
threshold=-0.15377149730920789 -0.50438550114631642 1.2829099893569949 0.87837952375411998 20.643591880798343 -0.28334850072860712 45.40954780578614 13.358062744140627 13.613983631134035 0.00059596524806693207 -0.87837952375411976 0.028634588234126571 0.3621129989624024 4.199775457382203 0.33870999515056616 0.54205048084259044 0.13855250179767611 462.76046752929693 0.0029251228552311663 0.0061466584447771319 0.99953663349151622 0.00051669584354385744 20.376460075378422 20.206443786621097 2590.5112304687505 0.24024377018213275 21.06804180145264 0.97367084026336681 0.0027371890610083942
decision_type=2 2 2 2 2 2 2 2 2 2 2 2 2 2 2 2 2 2 2 2 2 2 2 2 2 2 2 2 2
left_child=1 12 6 11 5 19 7 25 -9 17 -11 16 14 27 20 -7 -3 -8 -16 -4 -1 -15 23 -5 26 -2 -6 -14 -26
right_child=2 3 4 22 24 15 9 8 -10 10 -12 -13 13 21 18 -17 -18 -19 -20 -21 -22 -23 -24 -25 28 -27 -28 -29 -30
leaf_value=-0.012052313565481865 0.027465870182269043 -0.0038877911829483104 -0.014289438445142941 0.010371757085845319 0.0089250490320465573 0.0073248338644734167 0.036099942439180563 -0.029585145104067057 -0.0023451082867285908 -0.013789434616687749 0.0053936494106596915 0.025867981173545759 -0.023661413769908241 0.015452100271962116 -0.019477155754413677 0.015747345665698506 -0.014509442427965332 0.0074507839068220149 0.001891535473388827 0.020726450156312082 0.010751096409556675 -0.0099687986979205712 0.027495497318522466 -0.025607393167766647 -0.026473156590854467 7.7272060755315111e-06 -0.01740946115187186 -0.0050612401865603417 -0.00670902852405758
leaf_weight=9.2886693030595762 10.745754659175875 186.13341170549393 19.864272177219394 38.954871416091919 8.6323772966861743 197.56135356426239 11.661618232727053 12.384314537048338 204.54936836659908 21.587389171123505 206.43176904320717 6.1337710469961158 82.081957802176476 6.9332522153854397 34.035851523280144 134.32999263703823 62.790773004293442 11.738624542951582 10.694682866334913 3.1124610751867285 24.582635954022408 22.710811793804169 7.3902017772197715 7.2435592710971823 7.0032153874635679 6.6049742102622977 4.4069471657276145 5.2052620351314536 2.4870185554027557
leaf_count=32 24 629 72 109 21 500 22 42 647 65 573 17 420 22 153 309 259 29 40 8 75 92 18 28 27 19 15 24 9
internal_value=0.000198335 -0.00723753 0.00455408 -0.00334933 0.00827279 0.00947429 0.00164056 -0.00231752 -0.00400604 0.0053619 0.00351194 -0.00576113 -0.0133049 -0.0179544 -0.0062046 0.0107794 -0.00662689 0.0225613 -0.0142047 -0.00882237 0.00415142 -0.00356702 0.00791052 0.004324 -0.0100564 0.0178104 0 -0.0226899 -0.0227896
internal_weight=1367.28 504.18 863.101 308.647 377.398 354.868 485.704 234.284 216.934 251.419 228.019 255.058 195.533 116.931 78.6018 331.891 248.924 23.4002 44.7305 22.9767 33.8713 29.6441 53.5886 46.1984 22.5296 17.3507 13.0393 87.2872 9.49023
internal_count=4300 1918 2382 1060 961 889 1421 732 689 689 638 905 858 558 300 809 888 51 193 80 107 114 155 137 72 43 36 444 36
is_linear=0
shrinkage=0.03


Tree=82
num_leaves=24
num_cat=0
split_feature=1 1 1 33 27 35 2 13 35 7 35 8 28 32 25 36 22 35 35 28 34 29 29
split_gain=42.621 19.5732 13.7072 9.38713 7.32049 10.6583 6.22596 6.15462 9.71567 8.83558 5.3386 5.6356 3.28978 3.62278 3.99339 2.99255 2.72997 2.71778 5.46176 2.42655 2.00096 2.14729 1.6368
threshold=-0.05223449878394603 0.64156350493431102 -0.62559351325035084 1.0392588973045351 0.026781643740832809 13.695339679718019 3460.3056640625005 -0.38691450655460352 14.667095661163332 24.55662822723389 21.02624607086182 5.6169016361236581 1.0000000180025095e-35 0.0056351081002503642 0.0039762675296515235 0.0019980287179350857 1.6958950161933901 14.271101951599123 14.324720382690431 0.32509556412696844 0.7445664405822755 0.24849999696016314 0.10750000178813936
decision_type=2 2 2 2 2 2 2 2 2 2 2 2 2 2 2 2 2 2 2 2 2 2 2
left_child=2 7 12 4 5 -4 -6 8 19 -10 11 -9 20 14 -14 16 -5 -3 -19 -2 21 -1 -20
right_child=1 17 3 15 6 -7 -8 10 9 -11 -12 -13 13 -15 -16 -17 -18 18 22 -21 -22 -23 -24
leaf_value=0.021515425253127871 -0.0030856153086083896 -0.023206891742636879 0.012573882939606661 0.014736534341923837 -0.0011335566109085392 0.00020664689877228202 -0.021368926889139737 -0.0044453653361542804 0.044407004813625868 0.0061227629122588669 0.022998647223675738 -0.019919046726244203 0.0022458928251627673 0.02819294884579282 0.022612542678245241 -0.0031045699340193347 0.038927445942184509 0.027201422185427135 -0.0009654104350379514 -0.025863810238162175 -0.0059993465233820114 0.011679712168781374 -0.016058183583918851
leaf_weight=40.886149853467941 10.389861449599268 42.808542028069496 75.512593865394592 18.855479553341873 38.147492453455925 367.82851548492908 21.83901809155941 420.42961022257805 5.7590422332286826 51.70683254301548 5.4989018440246573 22.308334916830063 70.80567678809166 6.324578344821929 9.6743100583553296 4.2142232209444037 6.7379967868328086 2.3238230794668189 8.5781902074813825 8.2869078963994962 3.0383714139461508 57.903888761997223 72.332557663321495
leaf_count=118 33 172 227 54 117 1101 73 1340 17 156 17 73 210 18 28 12 20 10 32 24 8 169 271
internal_value=-0.000534232 -0.0061073 0.00447623 0.00199213 0.000995812 0.00234518 -0.00876509 -0.00352616 0.00427609 0.0104647 -0.00487488 -0.00526694 0.0114257 0.00687956 0.00492976 0.0182249 0.0220741 -0.0167182 -0.0131548 -0.0140725 0.0151605 0.0159289 -0.0145843
internal_weight=1372.19 650.423 721.768 533.135 503.328 443.341 59.9865 524.379 76.1426 57.4659 448.237 442.738 188.633 86.8046 80.48 29.8077 25.5935 126.043 83.2346 18.6768 101.828 98.79 80.9107
internal_count=4300 2145 2155 1604 1518 1328 190 1660 230 173 1430 1413 551 256 238 86 74 485 313 57 295 287 303
is_linear=0
shrinkage=0.03


Tree=83
num_leaves=23
num_cat=0
split_feature=1 9 6 35 27 27 35 8 8 28 30 36 25 29 33 36 27 36 34 29 35 36
split_gain=7.94606 6.05647 6.18113 9.39411 9.22921 8.72707 12.7416 12.3414 8.09013 4.78644 4.21464 4.40324 3.66896 6.07126 3.1969 1.53454 1.12541 1.84792 0.850869 0.804241 2.68043 0.382743
threshold=-0.77992299199104298 0.40329450368881231 0.044652499258518226 19.980956077575687 0.018949537537992004 0.020522944629192356 20.616698265075687 -0.69576099514961232 -3.3788095712661739 0.31281299889087683 0.030188727192580703 -0.0021867416799068447 0.006354665383696557 1.0565000176429751 0.4796969741582871 0.0040063527412712583 0.019815457053482536 -0.00053628903697244812 0.67346277832984935 0.74199998378753673 14.479326248168947 -0.0023488148581236597
decision_type=2 2 2 2 2 2 2 2 2 2 2 2 2 2 2 2 2 2 2 2 2 2
left_child=15 2 5 8 -5 6 -2 -7 -4 10 11 -3 13 -11 -12 16 17 -1 -14 21 -21 -18
right_child=1 9 3 4 -6 7 -8 -9 -10 12 14 -13 18 -15 -16 -17 19 -19 -20 20 -22 -23
leaf_value=0.015758035636691838 -0.01197032243658106 0.010112053953551249 0.0050633193995507572 0.007083925940634569 -0.014662084023474612 0.0052524928486178783 0.0083432446252769549 0.037050835362123773 -0.0023175350056533371 0.0087118422125146873 -0.0014204281079346279 0.00043526535952511714 0.011789774974937618 -0.017710113639975416 -0.020825779625168878 0.0019481583964035152 -0.0076876721517760947 -0.017728799327060465 0.041375902998617889 -0.021998463565365112 0.0085395425445307718 -0.023065056464134273
leaf_weight=2.4022111594676971 47.367232590913773 56.934666737914085 179.34354899823666 21.35307614505291 82.266940325498581 40.778355449438095 65.723254978656769 15.126039519906042 517.88290636241436 125.19556340575218 24.69404324889183 169.39267657697201 3.3038944005966178 7.6801570653915396 11.430278480052946 4.4148114472627631 4.4286932349205044 2.498498171567916 3.3235109746456146 4.8047287166118604 4.1300085633993149 16.909663140773777
leaf_count=11 130 178 537 70 228 121 210 53 1561 395 74 522 10 18 31 17 16 11 12 18 15 62
internal_value=0.000320888 0.000711589 -0.000563918 -0.0016728 -0.0100819 0.00462729 -0.000100971 0.0142679 -0.000403833 0.00380839 0.00137473 0.00292615 0.00830136 0.00705652 -0.0080068 -0.0128329 -0.0149418 0 0.0297511 -0.0170799 -0.00722413 -0.0205347
internal_weight=1411.38 1371.8 969.841 800.846 103.62 168.995 113.09 55.9044 697.226 401.955 262.452 226.327 139.503 132.876 36.1243 39.5886 35.1738 4.90071 6.62741 30.2731 8.93474 21.3384
internal_count=4300 4150 2910 2396 298 514 340 174 2098 1240 805 700 435 413 105 150 133 22 22 111 33 78
is_linear=0
shrinkage=0.03


Tree=84
num_leaves=28
num_cat=0
split_feature=0 0 27 27 10 31 0 28 22 27 35 4 13 35 35 18 35 35 29 34 36 29 2 25 27 2 25
split_gain=52.8793 15.5331 10.4057 8.10291 7.96062 7.31372 8.45683 7.96879 7.1125 9.19077 15.2483 12.7324 12.4527 11.2596 8.40384 6.97571 6.81788 5.8942 3.95594 3.3555 3.34521 2.99026 5.3493 3.10666 2.91586 1.71188 0.399021
threshold=0.30329549312591558 -2.5905750989913936 0.026781643740832809 0.027111343108117584 -17.18626499176025 0.024295011535286907 -0.50731351971626271 0.32509556412696844 4.0816555023193368 0.026622274890542034 19.290435791015629 -5667.8798828124991 0.16834650188684466 20.164356231689457 20.925253868103031 0.59389400482177745 12.658586978912355 12.507444858551027 0.54350000619888317 0.74207592010498058 -0.00049408851191401471 0.17150000482797625 3044.8154296875005 0.0054102842696011075 0.019159005954861644 2531.6887207031255 0.0018212440190836789
decision_type=2 2 2 2 2 2 2 2 2 2 2 2 2 2 2 2 2 2 2 2 2 2 2 2 2 2 2
left_child=1 16 5 4 -4 6 -3 -7 9 10 11 -2 20 -12 21 -5 17 -1 -14 25 -11 22 -10 -23 -16 -18 -26
right_child=8 2 3 15 -6 7 -8 -9 14 12 13 -13 18 -15 24 -17 19 -19 -20 -21 -22 23 -24 -25 26 -27 -28
leaf_value=-0.015600793495304643 0.021949718558489893 -0.0094993982090738061 -0.012239574045417395 -0.013743386180528493 0.022598551079146191 -0.0065626631595220933 -0.0021445037690233089 0.037519608211612369 0.017336878068260547 0.010188601740546905 0.018404904612121346 -0.0048984051524394506 -0.014636539952415265 0.0025836491257492729 -0.024717650190736913 0.016982138751773408 -0.0058769226245653974 0.030821790199796931 0.015681596137484804 0.0063998679916680724 0.025450037330060939 0.017497532896175099 -0.024463754552372152 -0.0059393940222848629 0.0074157344167800291 -0.021536415338560731 -0.0044932382714681562
leaf_weight=4.1770880967378599 16.644894778728485 294.78891307115555 6.5678076148033133 21.533563897013668 30.951748818159103 6.5600805282592756 276.80457551777363 6.8807098865509033 5.942250192165373 24.487323075532913 68.982713669538498 206.30821199715137 15.145609244704248 101.3067724108696 5.6970662772655478 8.872731000185011 9.0549471974372846 4.4691168069839478 4.4500687271356574 3.748685047030448 38.807586401700974 101.87037475407124 4.3089467883110046 4.5335126072168341 4.8866765201091749 82.69040746986866 3.5303176939487457
leaf_count=13 37 1120 24 71 68 22 902 16 13 58 157 610 49 259 22 23 32 9 12 14 81 232 13 13 12 419 10
internal_value=-0.000576887 -0.00586978 -0.0041281 0.00689228 0.0161826 -0.00542779 -0.00595838 0.015895 0.00601048 0.00427109 0.0023217 -0.00280911 0.0133419 0.00908051 0.0122347 -0.00435661 -0.0166322 0.00778364 -0.00708474 -0.0189656 0.019813 0.0149065 0 0.0163917 -0.00898723 -0.0201287 0.00143961
internal_weight=1364 757.1 652.96 67.9259 37.5196 585.034 571.593 13.4408 606.902 476.133 393.243 222.953 82.8906 170.289 130.769 30.4063 104.14 8.6462 19.5957 95.494 63.2949 116.655 10.2512 106.404 14.1141 91.7454 8.41699
internal_count=4311 2733 2246 186 92 2060 2022 38 1578 1263 1063 647 200 416 315 94 487 22 61 465 139 271 26 245 44 451 22
is_linear=0
shrinkage=0.03


Tree=85
num_leaves=28
num_cat=0
split_feature=1 1 1 27 23 27 23 36 22 27 35 33 29 7 35 35 23 27 30 29 32 30 36 33 35 30 35
split_gain=47.7348 12.033 11.2485 10.6269 8.18655 7.99741 6.68215 6.50946 6.08791 13.105 5.97189 4.6388 6.18373 4.57905 4.22972 3.93334 6.20083 7.09695 3.58367 3.23163 3.16288 2.21335 3.2556 2.00511 1.3854 1.1024 0.0388793
threshold=0.012303000316023828 -0.69541749358177174 0.64156350493431102 0.026736826635897163 -11.940068721771238 0.02057580836117268 -2.9426640272140498 0.0060038084629923114 4.028307557106019 0.019647951237857345 20.993874549865726 0.024625624530017379 0.45450000464916235 25.388464927673343 13.011673927307131 20.696608543396 6.7223155498504648 0.020321485586464409 -1.0000000180025095e-35 0.68549999594688427 -0.0056532500311732284 0.0038104129489511256 0.0011371450964361431 0.51421490311622631 20.970647811889652 0.011923981364816429 13.164422035217287
decision_type=2 2 2 2 2 2 2 2 2 2 2 2 2 2 2 2 2 2 2 2 2 2 2 2 2 2 2
left_child=1 15 6 4 7 -6 11 -3 9 -8 -10 12 -2 21 23 16 17 -1 -18 -13 -15 22 -4 -5 -17 -16 -22
right_child=2 3 13 14 5 -7 8 -9 10 -11 -12 19 -14 20 25 24 18 -19 -20 -21 26 -23 -24 -25 -26 -27 -28
leaf_value=0.025840746820820208 0.036371711201810937 0.012847631001193177 -0.0092013342328459442 -0.0054418343922995006 0.0061726315194503521 -0.0016799462834030873 0.038004950759401634 -0.011412644850381381 -0.013396807090250181 -0.0004978949509063732 0.025277304616737467 -0.011939413432758016 -0.01379505950407685 0.0068750251884113307 -0.02473595803961481 0.030896418101883615 0.016892045513089347 0.0079144901285397549 -0.013919414750865094 0.0031421906176841651 -0.0064354297244313251 -0.02099587194919432 0.0084453735081442341 0.0103152697213782 0.0048366253564812037 -0.0081347244330512592 -0.021806805707178033
leaf_weight=31.59903809428215 4.0868755131959906 134.05453757941723 41.234947174787521 36.657368555665016 276.10578505694866 199.14688797295094 7.7326069176197043 9.9760751128196699 48.000930175185204 227.93157951533794 3.2764281481504431 124.7901036888361 3.556243896484375 3.0515244454145423 12.547859713435175 14.819675594568254 3.9947625994682339 60.117716521024704 12.025090575218199 13.01593343913555 2.355477347970008 9.9019221067428571 11.217565238475798 8.2916528880596143 3.2966732978820792 8.7114967405796033 58.316368088126183
leaf_count=93 14 398 152 112 818 609 25 31 151 720 11 414 13 10 42 42 12 168 36 46 9 35 36 25 10 30 249
internal_value=0.000501868 0.00515299 -0.00623776 0.00356409 0.00479545 0.00286491 -0.00390098 0.0110713 -0.00120426 0.000805139 -0.0105316 -0.00913705 0.0125107 -0.0141337 -0.00776814 0.0136878 0.0112698 0.0142948 -0.00541265 -0.0104437 -0.0198768 -0.00800986 -0.00521331 -0.00225563 0.026895 -0.0186901 -0.0214146
internal_weight=1369.81 811.345 558.469 685.492 619.283 475.253 432.391 144.031 286.942 235.664 51.2774 145.449 7.64312 126.078 66.2084 125.853 107.737 91.7168 16.0199 137.806 63.7234 62.3544 52.4525 44.949 18.1163 21.2594 60.6718
internal_count=4311 2426 1885 2065 1856 1427 1394 429 907 745 162 487 27 491 209 361 309 261 48 460 268 223 188 137 52 72 258
is_linear=0
shrinkage=0.03


Tree=86
num_leaves=21
num_cat=0
split_feature=25 35 35 9 1 35 10 7 3 36 30 10 25 25 28 26 9 35 32 29
split_gain=8.58874 8.23855 13.6153 7.49294 7.36565 5.02668 10.2241 5.38473 7.34699 4.03137 3.87628 3.59049 2.45828 2.89113 2.32983 1.73364 0.823374 0.970156 0.458481 0.0536202
threshold=0.0010405936045572164 14.225685119628908 14.718336105346681 0.44116349518299108 -0.77506297826766957 13.125956058502199 -18.277259826660153 31.444667816162113 34.495037078857429 -0.0039991538506001225 -0.017184123396873471 -8.439363479614256 0.0039762675296515235 0.0032588909380137925 -0.54297950863838185 1.000993072986603 0.29192200303077703 13.143885612487795 -0.0018799348035827277 0.12350000068545343
decision_type=2 2 2 2 2 2 2 2 2 2 2 2 2 2 2 2 2 2 2 2
left_child=1 16 18 11 12 6 -6 10 -9 -8 -7 -4 13 15 -5 -2 19 -18 -3 -1
right_child=4 2 3 14 5 7 9 8 -10 -11 -12 -13 -14 -15 -16 -17 17 -19 -20 -21
leaf_value=0 -0.013602812790557389 0.012084411058863206 0.0014674056993648 0.024594135629952545 0.038187027035737335 -0.0035509967744285303 0.0087471134770720094 0.00082959969493905084 0.010080813705181171 -0.0088854550082617233 0.0021086581150638766 -0.0076466209130038659 -0.022784227919926032 0.018808976675574164 0.004655395956473146 0.0050043643034590676 -0.0024511748327100901 -0.021164509776007891 0.037650529605009898 -0.0075571047093816752
leaf_weight=3.4242784380912772 19.418208733201034 2.7103127837181091 47.362449914216995 6.9402667582035056 4.2827008068561545 137.32796566188335 12.55322705209255 150.11890168488026 164.06911826133728 87.011147305369377 507.69127568602562 180.62972041964531 11.845872864127157 3.0742048025131217 25.827038288116455 4.7250614166259757 4.0989445000886908 28.773572742938995 6.6254112720489484 2.7224780321121216
leaf_count=12 73 9 143 24 15 408 39 451 511 256 1540 549 43 12 84 18 15 77 24 8
internal_value=6.40678e-05 -0.00434428 -0.00242863 -0.00375966 0.00131006 0.00178962 -0.00443483 0.00247484 0.00569753 -0.00653977 0.000887929 -0.00571484 -0.0113706 -0.00575696 0.00945522 -0.00956835 -0.0171783 -0.0191725 0.0321349 -0.00451969
internal_weight=1411.23 309.114 270.095 260.759 1102.12 1063.05 103.847 959.207 314.188 99.5644 645.019 227.992 39.0633 27.2175 32.7673 24.1433 39.0193 32.8725 9.33572 6.14676
internal_count=4311 945 833 800 3366 3220 310 2910 962 295 1948 692 146 103 108 91 112 92 33 20
is_linear=0
shrinkage=0.03


Tree=87
num_leaves=28
num_cat=0
split_feature=0 0 14 9 9 6 7 3 25 29 22 25 33 17 34 28 36 28 25 25 36 33 33 33 21 36 29
split_gain=47.7375 15.9998 12.1969 11.7047 11.3385 10.5506 6.14652 5.72047 4.61363 5.35624 3.99797 6.33349 4.98553 3.3325 5.54398 4.90146 3.02346 2.80206 3.20725 2.53978 1.94829 1.40396 1.03506 0.858625 0.785796 0.271168 0.139235
threshold=0.30329549312591558 -3.1728779077529903 -0.13647849857807157 0.33416999876499182 0.30367501080036169 0.056751500815153129 57.859636306762702 32.353176116943366 0.00061301715322770189 0.12750000506639483 4.0816555023193368 0.00059596524806693207 0.84484592080116283 1.0000000180025095e-35 0.72097364068031322 0.37458507716655737 -0.00080154283205047239 -0.23782109469175336 0.0021924095926806335 0.0013758290442638101 0.0010761562734842303 0.75830069184303295 0.34705454111099249 1.2093840241432192 0.17970000207424167 0.0054786559194326409 0.55950000882148754
decision_type=2 2 2 2 2 2 2 2 2 2 2 2 2 2 2 2 2 2 2 2 2 2 2 2 2 2 2
left_child=1 13 8 4 -4 -5 7 21 22 -10 11 -9 -12 23 20 -16 17 18 -8 -18 -15 25 -3 24 -1 -2 -21
right_child=6 2 3 5 -6 -7 16 10 9 -11 12 -13 -14 14 15 -17 19 -19 -20 26 -22 -23 -24 -25 -26 -27 -28
leaf_value=-0.0082335448891755446 -0.023803277557098535 -0.020576937117955104 -0.0081459557125448112 -0.016811676007046885 0.0082421289435195676 -0.0047244574285488618 -0.025653802531259564 0.017429792693562367 0.024229519102807691 0.0024037873701404935 0.014017198193935307 0.0052068017103305362 -0.01031533946889048 -0.021272887646714096 -0.0089316367591789729 0.037697293913163274 0 0.01858732366346235 0.013111090216317085 -0.02789035607587571 -0.00037833026059228979 0.0027234587677720575 -0.001633622531192741 0 -0.022816257534561596 -0.0042976263738806614 -0.0088438508385005558
leaf_weight=6.5316958278417578 5.7154931724071485 8.2957492619752866 69.727412894368172 111.19475415349007 82.075826019048691 163.84117968380451 3.8682098090648651 42.707574725151062 10.266346722841261 218.7625732421875 121.46590268611908 406.43768063187599 7.2986235022544852 14.277323514223104 3.3199303746223441 3.5113773047924042 5.1758768260478965 5.7131325900554675 2.6787555515766144 7.2814683020114881 6.7727480530738822 2.4824361801147452 5.3927074670791617 1.9329813718795765 50.561537683010101 2.4003470242023468 2.6715034544467926
leaf_count=34 24 31 260 478 239 584 13 95 27 675 288 1067 21 63 14 9 13 14 7 26 25 8 19 9 270 9 9
internal_value=0.000524498 -0.0045158 -0.00292119 -0.00597808 0.000653507 -0.00966552 0.00672839 0.00738331 0.00241886 0.003472 0.00779744 0.00640715 0.0125338 -0.0166111 -0.00736427 0.014745 -0.00690113 0.00353455 -0.00871073 -0.0157764 -0.0151326 -0.0137221 -0.0140689 -0.0207292 -0.0213902 -0.0196631 -0.0243066
internal_weight=1372.36 756.464 669.557 426.839 151.803 275.036 615.897 588.508 242.717 229.029 577.91 449.145 128.765 86.9076 27.8814 6.83131 27.3889 12.2601 6.54697 15.1288 21.0501 10.5983 13.6885 59.0262 57.0932 8.11584 9.95297
internal_count=4331 2737 2313 1561 499 1062 1594 1512 752 702 1471 1162 309 424 111 23 82 34 20 48 88 41 50 313 304 33 35
is_linear=0
shrinkage=0.03


Tree=88
num_leaves=30
num_cat=0
split_feature=1 1 0 27 27 3 29 6 30 13 27 33 2 36 27 16 34 34 0 32 34 34 26 36 34 29 29 2 34
split_gain=50.9474 16.6698 9.60068 12.3809 7.4837 7.35064 5.32913 7.05249 5.12637 4.41174 7.50207 6.82744 3.66091 3.59815 2.69802 2.42475 3.17319 1.95484 2.50338 1.92708 2.0068 1.76391 1.65772 1.58535 1.31442 0.968358 0.600348 0.159894 0.0245202
threshold=-0.15377149730920789 0.64156350493431102 -4.1545875072479239 0.026781643740832809 0.020415175706148151 42.985136032104499 0.30650000274181372 0.038402499631047256 0.00095200026407837879 0.10255200043320657 0.0255920859053731 0.11589411646127702 3460.3056640625005 -0.00096497946651652444 0.026931623928248886 -0.60785751044750203 0.60357081890106212 0.72304704785346996 -5.8640666007995597 -0.0075263658072799436 0.68539175391197216 0.68985873460769664 1.0005794763565066 -0.00069928247830830504 0.64500537514686596 0.11050000041723253 0.20150000602006915 3775.824340820313 0.71253320574760448
decision_type=2 2 2 2 2 2 2 2 2 2 2 2 2 2 2 2 2 2 2 2 2 2 2 2 2 2 2 2 2
left_child=2 4 17 6 5 23 7 -4 -8 10 -6 -11 14 -7 -5 16 -3 21 -19 20 -17 24 -20 -2 -1 -21 -18 -14 -23
right_child=1 15 3 12 9 13 8 -9 -10 11 -12 -13 27 -15 -16 19 26 18 22 25 -22 28 -24 -25 -26 -27 -28 -29 -30
leaf_value=0.019668890323383658 0.0039398965827941593 0.015034154781453797 -0.015153139033192325 0.0084587163107127054 0.0034158674666388408 -0.0064452624354817377 0.0054376292716755634 0.0086552414480833995 -0.0042978478746245 0.0011797866509795853 -0.0093496707606635608 -0.012808727308049299 -0.011428514598465543 0.0014262522559232097 -0.0087982672128414548 0.012921985746277075 -0.0077563740047205555 0.024254057135880882 0.0065661729330102336 -0.0032032081973809422 -0.015795773616792463 0.030190524488362073 -0.017637647263270637 0.035539908658735429 0.0066980769865899225 -0.020720094040308109 -0.01841195656671394 -0.023800149750943789 0.015688950399112445
leaf_weight=18.305505931377411 2.9529496729373932 3.7683926224708548 10.901437416672705 10.769493669271467 78.079345092177391 76.933706372976303 121.39309147000313 314.59891274571419 79.765017285943031 37.797492727637291 85.702305018901825 155.17560338973999 6.6882489323616054 157.27594731748104 26.564107805490494 3.210452899336814 20.094094365835193 3.4970925152301779 4.8756356537342054 4.4219093024730673 4.4892243295907974 12.727838665246965 3.9561132192611694 5.58879706263542 16.92835408449173 82.550085335969925 10.627390533685682 11.726497352123259 5.2678016126155844
leaf_count=54 10 15 32 30 245 238 370 914 242 129 262 516 21 483 84 11 73 10 14 15 18 37 10 17 50 337 35 43 16
internal_value=-0.000860328 -0.00630623 0.00525011 0.00399617 -0.00417233 -7.01032e-05 0.00543163 0.00780824 0.00153152 -0.00693446 -0.00321732 -0.0100263 -0.00933246 -0.00112928 -0.00353632 -0.0160871 -0.00858651 0.016139 0.0041818 -0.0186656 -0.00266623 0.0186763 -0.00367541 0.0264329 0.0138698 -0.0199558 -0.0119665 -0.0202035 0.026971
internal_weight=1376.63 728.668 647.965 582.407 599.506 242.751 526.658 325.5 201.158 356.755 163.782 192.973 55.7483 234.21 37.3336 129.162 34.4899 65.5583 12.3288 94.6717 7.69968 53.2295 8.83175 8.54175 35.2339 86.972 30.7215 18.4147 17.9956
internal_count=4331 2404 1927 1736 1900 748 1558 946 612 1152 507 645 178 721 114 504 123 191 34 381 29 157 24 27 104 352 108 64 53
is_linear=0
shrinkage=0.03


Tree=89
num_leaves=25
num_cat=0
split_feature=9 36 25 7 25 29 28 6 30 30 16 35 30 10 34 6 2 28 28 14 29 29 35 9
split_gain=10.5735 7.93193 5.38304 7.87893 5.2613 5.68665 5.2061 7.5104 5.06266 6.4882 4.93299 4.76566 4.26968 3.77133 2.98652 2.22459 2.61926 2.19158 1.87572 1.50725 0.860142 0.775013 0.684366 0.495647
threshold=0.40329450368881231 0.0057005411945283422 0.0010718263802118602 15.628077507019045 0.0004151807952439413 1.2839999794960024 0.58336198329925548 0.04484550096094609 0.02641995903104544 -0.0045381321106106034 0.87837952375411998 20.616698265075687 -0.011804874520748852 13.105844974517824 0.70317378640174877 0.055904000997543342 4560.7861328125009 0.38587230443954473 -0.15082200616598126 0.3627960085868836 0.14350000023841861 0.085500001907348647 17.974303245544437 0.38339398801326757
decision_type=2 2 2 2 2 2 2 2 2 2 2 2 2 2 2 2 2 2 2 2 2 2 2 2
left_child=1 2 3 20 18 8 11 -8 9 -6 14 -4 -5 -10 19 -7 -17 -16 -2 -3 -1 22 -20 -12
right_child=4 10 6 12 5 15 7 -9 13 -11 23 -13 -14 -15 17 16 -18 -19 21 -21 -22 -23 -24 -25
leaf_value=0.037938527277274155 -0.022292156691442223 0.030965940557183304 -1.6294766243664584e-05 -0.017814880583538976 0.001649824826256713 0.011825458522306634 0.010534179201953771 -0.0093033351246230699 0.00071231571164662361 0.010971974064157522 0 0.010999665504476754 -0.0049990803850167385 -0.023614230509951817 -0.0051809362636936413 -0.016195929705474642 0.0044992228021883286 0.018795199538381401 -0.0041927787085250714 0.0034695196553619703 0.0083715704908876483 -0.01273264409979678 0.01313960379720377 -0.014313020105212411
leaf_weight=3.1148426830768576 7.5359140932559994 13.21416680514813 556.74704803526402 26.644011333584785 105.90124268829823 3.8848587870597866 19.694876551628113 104.79748398065567 52.848810821771622 196.92511408030987 3.7509576380252829 37.126314237713814 224.57299295067787 5.8608618378639212 6.4920398294925672 19.307692885398868 6.5288545787334433 5.6719827353954315 3.0688889622688276 3.1031822562217704 2.9370178878307343 3.3586854338645935 3.2466219365596771 4.0479494035243988
leaf_count=11 21 46 1689 73 328 12 61 299 164 625 11 118 687 13 18 60 18 18 10 9 9 10 11 10
internal_value=0.000320733 -0.00131708 -0.0018398 -0.00556239 0.00439681 0.00513112 -0.000491169 -0.00606342 0.00618303 0.00774969 0.0123291 0.000665906 -0.00642676 -0.00174305 0.0181479 -0.00725733 -0.0106384 0.00558893 -0.0114626 0.0265305 0.026697 -0.00146112 0.00370707 -0.0076496
internal_weight=1420.38 1011.91 975.635 257.269 408.468 391.257 718.366 124.492 361.536 302.826 36.2803 593.873 251.217 58.7097 28.4814 29.7214 25.8365 12.164 17.2101 16.3173 6.05186 9.6742 6.31551 7.79891
internal_count=4331 3059 2947 780 1272 1220 2167 360 1130 953 112 1807 760 177 91 90 78 36 52 55 20 31 21 21
is_linear=0
shrinkage=0.03


Tree=90
num_leaves=31
num_cat=0
split_feature=1 27 21 25 27 7 7 13 27 0 27 1 0 27 16 1 33 25 27 14 25 35 34 35 35 27 28 35 28 28
split_gain=39.4392 15.4153 11.4198 10.9362 10.5187 15.1544 14.6144 10.7704 9.82225 8.09169 7.4439 6.60206 6.58361 7.67084 5.31309 5.26974 4.45594 4.16072 4.09837 3.96365 3.84038 3.27495 2.92253 2.56173 6.55747 2.48049 2.44629 2.09616 1.70652 0.786996
threshold=-0.15377149730920789 0.026672904379665855 0.30470000207424169 0.002862373949028552 0.025842599570751194 28.366590499877933 48.380487442016609 0.16834650188684466 0.020276108756661419 1.1460400223731997 0.026715072803199295 -0.35574650764465326 4.5194206237792978 0.019815457053482536 0.60785751044750225 0.64707750082016002 0.97367084026336681 0.0024148148950189356 0.027024132199585441 -0.34870199859142298 0.0011917567462660374 12.255163192749025 0.70971989631652843 13.592733383178713 13.849980831146242 0.026221309788525108 0.79995459318161022 13.164422035217287 0.34048289060592657 0.74553725123405468
decision_type=2 2 2 2 2 2 2 2 2 2 2 2 2 2 2 2 2 2 2 2 2 2 2 2 2 2 2 2 2 2
left_child=1 2 3 11 5 12 15 10 -5 26 -8 -1 13 -2 17 22 -11 20 -9 -19 -3 -16 -6 29 -25 -17 -7 -23 -14 -4
right_child=4 14 23 8 6 9 7 18 -10 16 -12 -13 28 -15 21 25 -18 19 -20 -21 -22 27 -24 24 -26 -27 -28 -29 -30 -31
leaf_value=-0.012354276378854612 -0.0059301478429201505 -0.014026237280635253 -0.02504607107011218 -0.013550777528830495 0.036234666723261227 -0.023671456984173694 0.00046134974421303446 -0.025126188306437425 0.017971198305037992 -0.0053326383909811795 0.016993531958818732 -0.0010633292608568463 0.026888230657719163 0.0043828883539787384 -0.014133242646704042 -0.0049415731528691673 0.021671087023519005 0.0030273489205158862 0 -0.019490323450380254 0.0099595027869933406 0.021289584013330098 0.012769566213817137 0 -0.01822331287740566 0.016069172561016032 0.0044054288110918867 0.0060686671442781535 0.0035581827376683457 -0.0018331591760935902
leaf_weight=148.52745139598846 74.246195256710052 7.0270862728357306 35.840133041143417 12.215596824884413 23.14614894986153 29.587959811091427 54.920452177524567 13.010419547557833 27.891858413815498 69.175861939787865 45.576142847537994 70.613240137696266 13.096566349267961 467.43373338878155 3.3819934427738181 5.5462539792060879 5.3866824656724921 10.298571467399599 10.361143693327902 17.604041889309883 26.407890900969505 18.775273233652115 8.6194521188735944 24.080205872654915 77.738591834902763 21.406711935997009 2.3389640450477591 18.777008876204491 4.9694228470325461 2.3265396505594245
leaf_count=627 223 25 162 52 46 122 151 45 89 208 100 232 26 1286 11 15 13 30 32 68 74 43 21 92 381 49 8 51 12 10
internal_value=-0.000578765 -0.00725058 -0.00991551 -0.0061129 0.00335446 0.00158682 0.00973325 0.00376802 0.00810022 -0.00873641 0.00809497 -0.0087677 0.00357288 0.00294855 0.00306244 0.022027 -0.00313053 -0.0024055 -0.0142405 -0.0109554 0.00452078 0.0114032 0.030443 -0.0168469 -0.0140091 0.0114066 -0.0213008 0.014095 0.0212242 -0.0239058
internal_weight=1350.33 501.505 399.234 259.248 848.822 666.235 182.587 123.868 40.1075 106.489 100.497 219.141 559.746 541.68 102.272 58.7186 74.5625 61.3376 23.3716 27.9026 33.435 40.9343 31.7656 139.985 101.819 26.953 31.9269 37.5523 18.066 38.1667
internal_count=4304 1947 1645 1000 2357 1898 459 328 141 351 251 859 1547 1509 302 131 221 197 77 98 99 105 67 645 473 64 130 94 38 172
is_linear=0
shrinkage=0.03


Tree=91
num_leaves=28
num_cat=0
split_feature=1 1 27 1 27 35 3 29 35 29 3 20 34 36 35 16 16 34 32 26 29 2 29 27 35 26 26
split_gain=42.4174 13.6059 8.2537 10.0819 8.10199 8.71437 7.9447 7.12821 6.49801 7.64499 8.04352 7.57332 6.16258 5.98856 4.78998 4.76286 3.30317 3.42364 2.21699 1.58035 1.54905 1.40132 3.70065 0.392509 0.389694 0.353017 0.071781
threshold=-0.15377149730920789 0.64156350493431102 0.026931623928248886 -0.55208301544189442 0.020410035736858848 19.491973876953129 45.40954780578614 0.50650000572204601 12.922688007354738 0.29449999332427984 44.680541992187507 -3.5131604671478267 0.68013030290603649 -0.0030026470776647325 20.316899299621586 1.0000000180025095e-35 -0.60785751044750203 0.60535719990730297 -0.010675145778805016 1.000045955181122 0.20150000602006915 3437.2875976562505 0.81549999117851268 0.026528350077569488 15.704575061798097 1.0007735490798952 1.0004951953887942
decision_type=2 2 2 2 2 2 2 2 2 2 2 2 2 2 2 2 2 2 2 2 2 2 2 2 2 2 2
left_child=2 4 8 7 6 15 13 25 23 10 -10 -11 -8 -2 -7 -6 17 -3 24 -20 -19 22 -5 -1 -18 -4 -25
right_child=1 16 3 21 5 14 12 -9 9 11 -12 -13 -14 -15 -16 -17 18 20 19 -21 -22 -23 -24 26 -26 -27 -28
leaf_value=0.038767472604440162 -0.017343526731858756 0.017983570782626898 0 -0.01439211426264058 -0.0066516884189041156 -0.020859292403457044 -0.0095150098696392058 0.033024983789551224 0.012610518306856611 0.01024503281859962 0.0030473092460920228 -0.0012992957075940519 0.0022959568049377528 0.01263699940155368 0.0017120343934563685 0.0012817735924850174 0.0080289052019697806 -0.0036566634948608269 -0.023107990871836948 -0.013521275317337296 -0.019885021415122266 -0.024226652371464173 0.016232024623995617 0.0075488552320530306 -0.0069575492528428729 -0.012270571499232004 0.024182495879645636
leaf_weight=4.6509452164173108 5.9646096229553214 4.112193480134013 3.7114144861698133 23.13100536167622 203.28103092312813 46.666440889239311 65.924263551831245 7.9618051648139954 207.45580008625984 70.527767360210419 133.08673766255379 179.03893300890923 96.715972483158112 61.449496880173683 9.3449213802814466 99.502492889761925 2.9650110304355612 17.653390690684322 42.07012015581131 40.789147913455963 8.6867691427469236 10.427891567349432 3.4900068938732138 3.2502370774745941 2.1319150626659393 3.6174130439758301 3.1988227963447571
leaf_count=13 20 16 10 73 662 162 199 23 598 210 391 549 302 191 30 312 11 65 177 172 29 39 11 10 9 10 10
internal_value=-5.94326e-05 -0.00515572 0.00544163 -0.00585305 -0.0032636 -0.00608222 0.00109698 0.0140468 0.00644392 0.00598182 0.00890948 0.00194111 -0.0024508 0.00974373 -0.0169524 -0.00401706 -0.0144363 -0.00536684 -0.0174265 -0.0186061 -0.00961469 -0.0143834 -0.00982022 0.0289177 9.08653e-05 -0.00621328 0.0182409
internal_weight=1360.81 707.258 653.549 52.3395 588.849 358.795 230.054 15.2906 601.209 590.109 340.543 249.567 162.64 67.4141 56.0114 302.784 118.409 30.4524 87.9562 82.8593 26.3402 37.0489 26.621 11.1 5.09693 7.32883 6.44906
internal_count=4304 2357 1947 166 1878 1166 712 43 1781 1748 989 759 501 211 192 974 479 110 369 349 94 123 84 33 20 20 20
is_linear=0
shrinkage=0.03


Tree=92
num_leaves=27
num_cat=0
split_feature=29 9 31 4 17 33 33 0 7 35 26 34 26 10 26 31 35 35 29 33 28 7 9 28 9 8
split_gain=11.4197 10.0031 6.93109 7.27549 6.91227 7.95506 7.56502 8.79502 5.99088 5.77706 4.8639 5.27964 4.83012 4.27449 5.04741 4.23133 4.17571 10.4609 5.07743 3.95816 3.93014 3.71035 3.06219 2.5033 2.00549 0.126139
threshold=0.27349999547004705 0.34812349081039434 0.018982863985002044 -5687.9118652343741 0.81174498796463024 0.97367084026336681 0.10177331790328027 1.6765595078468325 22.169844627380375 21.018792152404789 0.99921303987503063 0.72885686159133922 0.9986553192138673 6.8693680763244638 1.0014368295669558 0.026075542904436592 20.076535224914554 20.316899299621586 0.13949999958276751 0.047178583219647414 0.51915386319160473 30.587066650390629 0.31720149517059332 -0.38797438144683832 0.38223150372505194 -1.0000000180025095e-35
decision_type=2 2 2 2 2 2 2 2 2 2 2 2 2 2 2 2 2 2 2 2 2 2 2 2 2 2
left_child=1 8 3 -3 5 6 15 -8 16 -5 11 23 21 19 -15 -2 18 -18 -1 -12 24 -10 -14 -6 -7 -4
right_child=4 2 25 9 10 20 7 -9 12 -11 13 -13 22 14 -16 -17 17 -19 -20 -21 -22 -23 -24 -25 -26 -27
leaf_value=0.004986082621845204 -0.004220599435058793 -0.023433067822079212 -0.010106089961540405 0.0035571440611616829 0.00041381163242378466 -0.0058180134954941704 0.0069204686864737571 -0.0049050840273781732 0.025538828559974167 -0.026612155861384112 -0.0066227448056529721 0.03106602364082801 -0.0056646261650690217 0.035900228887037158 0.00074361453386686865 0.028266344766913025 0.023991348789027554 -0.0024982163520314159 -0.011481755773756088 0.013036284660520774 0.0096350719275360517 -0.010585127631045344 -0.013224698559324694 -0.021872752363629146 -0.023838910476049843 -0.025579397266139361
leaf_weight=24.874928012490273 131.01051950454712 9.0652121007442457 4.1878634691238403 331.70035289227962 33.530835062265396 11.3486934453249 331.51242150366306 66.943254321813583 5.9348255991935712 5.2555035650730124 10.09266948699951 4.2719309926033011 98.91988542675972 13.79235750436783 5.6928497254848471 3.1558407545089713 17.93924380838871 47.349987626075745 46.939441591501236 54.595922261476517 5.3028565794229499 3.4573624730110168 108.86146135628223 4.6256121993064871 16.04951274394989 6.9503499269485456
leaf_count=75 387 24 12 1037 99 33 1041 185 21 16 28 15 317 47 16 11 59 138 134 174 17 12 333 11 44 18
internal_value=0.000620943 -0.00203937 0.00148304 0.00226935 0.00336876 0.0019257 0.00282515 0.00490748 -0.00561289 0.00302119 0.00970883 0.00116976 -0.00871029 0.0138744 0.0263547 -0.0032875 -0.000627337 0.00477043 -0.00565816 0.00980376 -0.0122751 0.0114685 -0.00969097 -0.00230308 -0.0169351 -0.021219
internal_weight=1403.36 711.436 357.159 346.021 691.925 565.323 532.622 398.456 354.277 336.956 126.602 42.4284 217.174 84.1738 19.4852 134.166 137.104 65.2892 71.8144 64.6886 32.7011 9.39219 207.781 38.1564 27.3982 11.1382
internal_count=4304 2196 1107 1077 2108 1718 1624 1226 1089 1053 390 125 683 265 63 398 406 197 209 202 94 33 650 110 77 30
is_linear=0
shrinkage=0.03


Tree=93
num_leaves=26
num_cat=0
split_feature=1 0 35 13 32 9 35 3 9 29 2 16 9 36 36 29 13 35 28 29 29 0 35 22 36
split_gain=41.473 14.8724 11.8356 10.2946 8.56331 7.48187 7.41341 6.35769 6.16269 10.2981 5.86987 5.11497 6.56027 6.62817 5.0912 5.63525 4.97713 4.85849 4.30728 3.52528 3.22485 11.9382 2.38792 2.31044 0.903324
threshold=-0.45222748816013331 1.1816384792327883 13.265242576599123 0.37764449417591101 -0.00062949102721177031 0.38430349528789526 20.643591880798343 65.956329345703139 0.40329450368881231 0.47249999642372137 2590.5112304687505 -0.60785751044750203 0.44413100183010107 -0.00032586626184638584 0.0060038084629923114 0.17150000482797625 -0.13855250179767606 12.474588394165041 -0.27899484336376185 1.1869999766349795 0.70750001072883617 -1.8600155115127561 12.32064723968506 5.7846450805664071 0.0052560428157448777
decision_type=2 2 2 2 2 2 2 2 2 2 2 2 2 2 2 2 2 2 2 2 2 2 2 2 2
left_child=2 4 5 6 14 17 7 -3 16 -10 -8 12 13 -4 15 -2 -6 -1 -19 22 23 -22 -5 -13 -14
right_child=1 3 11 19 8 -7 10 -9 9 -11 -12 20 24 -15 -16 -17 -18 18 -20 -21 21 -23 -24 -25 -26
leaf_value=-0.023589459145350718 -0.022905863448428425 0.0082658652618725764 0.0076552476560792435 0.0004222597484583654 -0.0073126687900031146 -0.022171164344984031 0.0029929569177061847 0.023579138231370006 -0.011331357313229103 0.0055406364104049364 -0.026788343765103678 -0.02127004511180336 -0.023299525016870902 -0.011514281424124998 -0.024070237294074315 0.014192786446902316 0.0017179614600052093 -0.0035969236957972208 0.015524220360980664 0.016456779793054575 -0.015723490360996708 0.040128395005184198 -0.023340042922471695 -0.0074759964801110494 0
leaf_weight=3.8589719235897055 3.3029368519783011 317.10698822140694 29.62597419321537 4.1161215603351655 62.949865341186523 9.4625280052423459 16.246784180402759 27.017343431711197 110.66143600642681 44.880861058831215 8.4633986204862577 95.944708004593849 20.357256159186367 34.163178935647011 3.1186229139566413 60.683496877551079 402.6793067753315 14.740096136927599 30.941893905401233 2.5054927617311469 21.108613401651386 3.5525242537260047 14.31191501021385 15.536153465509413 1.9505139738321293
leaf_count=14 12 783 104 12 215 50 43 57 431 146 33 476 106 134 11 160 1152 45 81 7 104 10 56 66 9
internal_value=-0.000154759 0.00251587 -0.0104099 0.00719464 -0.000123928 0.00138793 0.0083749 0.0095267 -0.00123942 -0.00640321 -0.00717933 -0.0135787 -0.00759952 -0.00248098 0.0100015 0.0119755 0.00047124 0.00624424 0.00918742 -0.0128911 -0.0172525 -0.00668259 -0.017686 -0.01947 -0.0214662
internal_weight=1359.29 1078.04 281.242 389.768 688.277 59.0035 368.835 344.124 621.171 155.542 24.7102 222.239 86.0969 63.7892 67.1051 63.9864 465.629 49.541 45.682 20.9335 136.142 24.6611 18.428 111.481 22.3078
internal_count=4317 3118 1199 991 2127 190 916 840 1944 577 76 1009 353 238 183 172 1367 140 126 75 656 114 68 542 115
is_linear=0
shrinkage=0.03


Tree=94
num_leaves=31
num_cat=0
split_feature=0 0 27 35 3 27 27 35 27 29 7 36 36 10 27 7 27 25 3 33 22 28 27 0 30 25 35 25 29 36
split_gain=34.0336 10.5806 9.89352 26.934 11.9018 11.8036 10.8782 6.64204 11.0441 9.10626 6.42963 5.85609 5.72847 5.64956 5.21208 12.3718 5.15675 8.04921 8.3922 5.93905 5.36216 4.85232 4.68415 3.58307 3.04701 2.88557 2.61198 1.62105 1.51111 0.231194
threshold=-0.49811351299285883 1.2829099893569949 0.020528296940028671 17.167963981628422 44.680541992187507 0.026736826635897163 0.0203108498826623 12.507444858551027 0.027514189481735233 0.27850000560283666 20.757843017578129 0.0020415483741089706 -0.0016772535163909195 -6.7698559761047354 0.026554035022854808 55.904884338378913 0.020522944629192356 0.001714533369522542 45.40954780578614 0.0062645880971103915 -2.9368635416030879 0.7083016335964204 0.02057580836117268 -1.0804669857025144 0.0019070141133852305 0.0032240703003481035 20.164356231689457 0.0019361223676241936 0.26950000226497656 -0.0022905287332832809
decision_type=2 2 2 2 2 2 2 2 2 2 2 2 2 2 2 2 2 2 2 2 2 2 2 2 2 2 2 2 2 2
left_child=2 16 4 5 11 12 10 8 9 -3 -6 24 -4 -7 15 -9 17 18 -2 27 -21 -13 23 -5 -1 -19 -24 -18 -8 -16
right_child=1 7 3 22 6 13 28 14 -10 -11 -12 21 -14 -15 29 -17 19 25 -20 20 -22 -23 26 -25 -26 -27 -28 -29 -30 -31
leaf_value=0.024936845577484747 0.012646458671006911 0.058256160491453379 0.0017770135019796983 0.013464158660918287 0.026633292517088031 -0.011830863164500233 -0.028841557414249219 -0.0099644259874648276 -0.01895789383705155 0.0036029855331363892 0.0039390788690885983 0.010519859359567082 0.011296728066904887 0.0033421669876804363 -0.011980548664463502 0.030128538610606062 0 -0.0092662952245716051 -0.00027372995204778979 0.0012049393315654868 -0.010110074810103566 -0.028884605789460033 -0.024650908738521951 -0.01405790231417839 0.0098954295760799674 0.0026136842466899816 -0.00033216157612837768 0.025310091333342475 -0.00058750448652805426 -0.023430330497253442
leaf_weight=61.220226943492889 70.870219185948372 4.2343211174011248 83.050400078296661 6.7397517859935787 12.862652331590651 42.467685326933861 8.7503725290298444 202.73636116087437 7.8901734650135031 7.6340959966182709 83.742566764354706 10.307500079274176 200.08901815116405 43.760205820202827 7.4879226535558692 6.592773661017417 3.9685202836990339 70.09867237508297 119.98338057100773 51.711058035492897 125.56591393053532 3.3007589578628531 35.833958208560944 9.5384384989738447 19.04259717464447 23.197956815361977 5.3271712958812705 6.1071888953447342 2.9306665956974021 27.038843482732773
leaf_count=177 225 14 250 20 37 141 24 740 24 24 249 29 593 124 30 23 13 218 362 166 414 10 110 31 57 71 15 21 9 96
internal_value=7.8991e-05 -0.00429617 0.00520622 0.00258317 0.0106797 0.00557781 0.00376811 -0.00911094 0.00720931 0.0253962 0.007175 0.0184951 0.00854419 -0.00405198 -0.0104822 -0.00859003 -0.00157839 0.000942741 0.00449744 -0.00544233 -0.00676479 0 -0.0164007 -0.00206472 0.021563 -0.00621823 -0.0217613 0.0161946 -0.0228068 -0.0214106
internal_weight=1364.08 735.117 628.964 426.807 202.157 369.367 108.286 263.614 19.7586 11.8684 96.6052 93.8711 283.139 86.2279 243.856 209.329 471.503 284.15 190.854 187.353 177.277 13.6083 57.4393 16.2782 80.2628 93.2966 41.1611 10.0757 11.681 34.5268
internal_count=4317 2441 1876 1284 592 1108 319 951 62 38 286 273 843 265 889 763 1490 876 587 614 580 39 176 51 234 289 125 34 33 126
is_linear=0
shrinkage=0.03


Tree=95
num_leaves=22
num_cat=0
split_feature=9 1 36 31 14 35 25 26 36 21 27 11 33 28 33 34 34 36 1 36 26
split_gain=6.2732 5.24814 5.18877 5.16868 5.35063 5.11027 5.33054 4.91275 4.66394 5.13436 3.97438 3.54206 3.46571 3.30777 3.09224 3.70227 2.61807 1.53766 0.931322 1.61763 0.401612
threshold=0.48862600326538091 -0.77992299199104298 -0.0030026470776647325 -0.0043093604035675517 -0.30557900667190546 16.770792961120609 0.0017639719881117346 1.0020047426223757 0.0054786559194326409 0.085950002074241652 0.020035569556057457 1.0000000180025095e-35 0.31335787475109106 0.79093575477600109 0.7883039414882661 0.6979392170906068 0.713578760623932 0.0030708331614732747 -0.80875051021575917 -0.0006145315128378569 1.0001917481422427
decision_type=2 2 2 2 2 2 2 2 2 2 2 2 2 2 2 2 2 2 2 2 2
left_child=1 17 3 4 -3 6 16 11 9 -4 -10 -8 -9 -5 15 -7 -2 18 19 -1 -20
right_child=5 2 8 13 -6 14 7 12 10 -11 -12 -13 -14 -15 -16 -17 -18 -19 20 -21 -22
leaf_value=0.00041718832402678455 0.0414875010198167 0.019205510939232957 0.0011654770882007352 0.0074605380867758366 -0.020793928770555914 0.038043539375798692 0.0038346071547280263 0.030173630557564571 0.03007432748863921 -0.0030501000862559616 0.0044557215008204486 -0.011744636038645891 0 -0.01633290906431006 -0.00050570123371495321 0.0046497284857463508 0.0046858691932979805 0.0039048817913643645 -0.021899524443835357 -0.018409435174630614 -0.0080832477805649131
leaf_weight=9.2521222829818708 4.1888648271560651 3.3091714084148416 441.28367254137993 144.51819759607315 12.050716549158093 9.8134776651859301 26.562809497117996 7.1411965191364271 5.9970363825559607 624.07167984545231 46.378360390663147 24.145050823688507 5.7093397974967957 4.7719238102436057 3.818629562854766 5.3586808145046225 3.9854270815849304 4.1513343602418891 12.799807235598566 5.8002358525991431 6.0724099576473227
leaf_count=39 15 11 1349 446 32 34 76 24 20 1880 140 70 16 12 11 17 13 16 49 24 23
internal_value=6.63394e-05 -0.000452701 -0.000117595 0.00483794 -0.0112751 0.00768057 0.00379648 0.000635085 -0.000857467 -0.00129578 0.00781594 -0.00345009 0.0169547 0.00658794 0.0214162 0.027348 0.0258865 -0.0113578 -0.0135165 -0.00661734 -0.0182419
internal_weight=1411.18 1320.46 1282.38 164.65 15.3599 90.7235 71.7327 63.5584 1117.73 1065.36 52.3754 50.7079 12.8505 149.29 18.9908 15.1722 8.17429 38.0759 33.9246 15.0524 18.8722
internal_count=4317 4041 3890 501 43 276 214 186 3389 3229 160 146 40 458 62 51 28 151 135 63 72
is_linear=0
shrinkage=0.03


Tree=96
num_leaves=24
num_cat=0
split_feature=1 27 0 35 27 22 27 4 29 35 31 22 35 9 29 35 27 31 32 28 28 30 27
split_gain=41.7767 14.4003 9.18693 9.06875 8.53231 10.8069 9.83348 9.68281 8.45272 8.17005 6.47734 6.16315 7.96239 5.81416 7.15137 5.33073 4.08201 2.81905 1.13211 0.948208 0.811966 0.493226 0.378573
threshold=-0.16258350014686582 0.026672904379665855 -3.1728779077529903 13.592733383178713 0.018883452750742439 4.0816555023193368 0.019799064844846729 462.76046752929693 0.39249999821186071 21.099008560180668 0.052884431555867202 -2.4313384294509883 12.448565483093263 0.37418049573898321 0.95100000500679027 15.665073394775392 0.027024132199585441 -0.019149004481732842 -0.030678336508572098 0.9001792073249818 0.79093575477600109 0.018700662069022659 0.027514189481735233
decision_type=2 2 2 2 2 2 2 2 2 2 2 2 2 2 2 2 2 2 2 2 2 2 2
left_child=1 2 18 20 21 6 15 -8 11 17 -5 12 -3 14 -10 -6 -13 -7 -1 -20 -4 -2 -15
right_child=4 8 3 10 5 9 7 -9 13 -11 -12 16 -14 22 -16 -17 -18 -19 19 -21 -22 -23 -24
leaf_value=0.00090442834670396933 -0.024308884729290742 -0.012066076760482561 -0.024588873381215549 -0.0066604002199569757 0.0098330760578647595 -0.0031761758244673627 0.0026278328623656373 0.020508118748722038 -0.007418438668488913 -0.02600585919162568 0.028321724810984591 -0.022987108293871052 0.01987941572846887 -0.02371997350707309 0.028211082512698101 -0.016047017409796249 0.013250624693646643 0.014003727757392863 -0.021404881923042858 0 -0.00063212876761791566 -0.0027201829047762472 -0.0043506394623683631
leaf_weight=1.3759729117155064 9.4708429872989637 7.7279144525527945 28.673033684492115 287.53465300798416 8.0796128213405591 8.1272734403610212 657.89030565321445 28.16203635931015 20.160887941718105 4.4299333393573752 4.2670073062181464 7.078632637858389 41.092587903141975 13.434606820344923 6.1912589669227591 36.27336959540844 3.6924105137586594 129.6320513188839 62.5511125177145 1.7114860713481892 2.1727130115032187 2.2933481037616721 2.5270548462867728
leaf_count=6 41 24 133 1115 22 22 1856 66 61 16 11 31 99 53 14 117 10 305 346 8 9 9 11
internal_value=-0.000257833 -0.00728459 -0.00992109 -0.0077718 0.00362877 0.0039846 0.00249171 0.00338932 0.00267268 0.0115547 -0.0060705 0.00998308 0.0145691 -0.00740887 0.000986742 -0.0110748 -0.00972925 0.0129173 -0.0202113 -0.0208059 -0.0232255 -0.0211166 -0.0214254
internal_weight=1374.55 490.191 388.286 322.647 884.359 872.595 730.405 686.052 101.905 142.189 291.802 59.5915 48.8205 42.3138 26.3521 44.353 10.771 137.759 65.6386 64.2626 30.8457 11.7642 15.9617
internal_count=4385 1931 1628 1268 2454 2404 2061 1922 303 343 1126 164 123 139 75 139 41 327 360 354 142 50 64
is_linear=0
shrinkage=0.03


Tree=97
num_leaves=28
num_cat=0
split_feature=1 0 27 1 27 3 27 23 27 23 27 0 16 27 33 0 27 26 28 27 34 33 30 30 14 33 33
split_gain=37.5446 11.2648 11.7114 10.5875 7.42273 9.02307 6.92424 6.7473 19.2495 5.63796 13.0067 5.56565 5.47253 5.32525 4.89518 4.56267 4.43098 2.03149 2.9336 2.29583 1.16403 2.39766 1.04555 3.10436 1.03616 0.728229 0.530033
threshold=-0.15377149730920789 -4.5034699440002433 0.026736826635897163 0.64156350493431102 0.020421429537236694 47.632505416870124 0.019815457053482536 5.0384466648101816 0.025386693887412552 2.8623635768890385 0.020528296940028671 -0.083535503596067415 1.0000000180025095e-35 0.027326895855367187 0.26956777274608618 3.4126900434494023 0.025708126835525039 1.0000778436660769 0.27109436690807348 0.025051615200936798 0.72363984584808361 0.12572375684976581 0.020915859378874305 0.0017770929844118657 -0.11645750328898428 0.8635602891445161 6.2468455833464289e-05
decision_type=2 2 2 2 2 2 2 2 2 2 2 2 2 2 2 2 2 2 2 2 2 2 2 2 2 2 2
left_child=1 20 9 4 5 11 -7 14 -9 10 -3 -2 13 -4 -6 17 -11 19 -19 -5 22 -22 23 -1 -14 26 -17
right_child=3 2 12 15 7 6 -8 8 -10 16 -12 -13 24 -15 -16 25 -18 18 -20 -21 21 -23 -24 -25 -26 -27 -28
leaf_value=0.020182620731292202 0.039810352362858591 0.014860971046561951 0.007862584316033842 -0.015856828826849623 -0.0037508144134775932 0.0018625803753098637 -0.011688891422017266 0.052352440372873336 -0.0033207233199379457 0.0011898722757749977 0.0032436410842050195 0.0053582614145087325 -0.0099781754741503931 -0.012612850386072868 -0.011421089839002616 -0.0046642034464385081 -0.027476336036938543 0.014738701101358416 -0.0067303566044094824 0.0033792796447138229 0.020424424248057862 -0.009857353384709229 0.030322930845657299 -0.0067691485464457697 -0.022249527607892592 -0.0013864246319584789 -0.021597006884856065
leaf_weight=27.890094310045246 4.0197270810604087 132.7803068459034 29.293787628412247 30.222688049077988 152.48630326986313 68.804644197225571 64.479286894202232 6.0454511642456046 36.638100564479828 131.2801499068737 257.57997912168503 109.94998572766781 20.657613754272461 18.049111813306808 157.51539352536201 3.489845097064971 4.5360455811023703 6.751686990261077 25.250489816069603 5.7392167598009101 4.4306811988353711 3.6440330147743225 10.524806737899778 3.6547746658325186 14.57226851582527 2.9529494494199744 46.727403059601784
leaf_count=84 12 384 84 120 499 217 197 21 117 395 771 334 64 51 525 14 12 25 95 22 13 11 31 12 56 13 206
internal_value=-0.000270692 0.00489705 0.00374405 -0.0050054 -0.00334569 0.000606657 -0.00464518 -0.00613895 0.00487095 0.00540222 0.00723224 0.0068206 -0.00668289 0 -0.00768927 -0.0131038 6.91735e-05 -0.00764649 -0.00176694 -0.0125358 0.0185415 0.00593106 0.0206524 0.0167222 -0.0155462 -0.0197757 -0.0206553
internal_weight=1379.97 658.894 608.749 721.073 599.939 247.254 133.284 352.685 42.6836 526.176 390.36 113.97 82.5728 47.3429 310.002 121.134 135.816 67.9641 32.0022 35.9619 50.1444 8.07471 42.0697 31.5449 35.2299 53.1702 50.2172
internal_count=4385 1968 1817 2417 1922 760 414 1162 138 1562 1155 346 255 135 1024 495 407 262 120 142 151 24 127 96 120 233 220
is_linear=0
shrinkage=0.03


Tree=98
num_leaves=21
num_cat=0
split_feature=25 1 28 33 33 6 7 36 26 17 35 34 30 33 36 25 30 30 30 7
split_gain=8.78604 7.49922 6.26453 6.09569 6.34522 5.91408 5.582 4.59166 4.44142 4.47032 4.15309 5.22073 4.18704 3.02422 2.59615 2.55095 2.27685 0.803352 1.67508 0.553872
threshold=0.0010405936045572164 -0.77506297826766957 -0.91283753514289845 1.0120487213134768 0.15446387231349948 0.042949000373482711 15.23994827270508 -0.0030026470776647325 1.0010802745819094 0.81174498796463024 20.616698265075687 0.72225913405418407 -0.011804874520748852 0.17346472293138507 0.0010000203619711103 0.0036681464407593016 0.0009160403278656305 0.014536132570356132 -0.0027753966860473152 38.790811538696296
decision_type=2 2 2 2 2 2 2 2 2 2 2 2 2 2 2 2 2 2 2 2
left_child=2 13 -1 4 7 -6 -4 -3 9 -5 12 -12 -8 15 -10 16 -2 18 -15 -17
right_child=1 3 6 8 5 -7 10 -9 14 -11 11 -13 -14 17 -16 19 -18 -19 -20 -21
leaf_value=0.02767525646918444 -0.0037724334272478698 0.0058731752946643446 0.023934872290405289 -0.015128064491300951 0.012582176362538548 0.0034788285876588055 -0.017759994057448235 -0.0025875069117621365 -0.00563095397262664 0.01000239668294987 0.0051882570929259134 -0.016931646357952558 -0.0053553983255188444 -0.017206931322853999 0.020766789515898491 0 0.025532079521690679 -0.023962232130276803 0 -0.020101684853295772
leaf_weight=4.9939687550067893 3.5621830672025663 74.332836762070656 5.5157313942909232 40.127308949828148 72.563715502619743 615.37421232461929 28.455418407917023 249.17491237819195 5.2272791266441327 6.7466652393341056 56.923666134476662 10.957754552364348 209.65040585398674 12.619402304291727 6.6530913263559341 2.7781013399362564 4.3860625773668289 9.5511598587036115 6.6600647270679501 3.4654062837362289
leaf_count=17 13 227 18 116 233 1869 80 738 16 21 185 33 647 49 21 10 18 35 26 13
internal_value=0.000515456 0.00177507 -0.00388245 0.00227744 0.00283048 0.00446056 -0.00446076 -0.000609643 -0.00703462 -0.0112536 -0.0050402 0.00138824 -0.00690967 -0.0103974 0.00866668 0.000350506 0.0118873 -0.0159107 -0.010962 -0.0127942
internal_weight=1429.72 1113.22 316.497 1070.2 1011.45 687.938 311.503 323.508 58.7543 46.874 305.987 67.8814 238.106 43.0224 11.8804 14.1918 7.94825 28.8306 19.2795 6.24351
internal_count=4385 3405 980 3241 3067 2102 963 965 174 137 945 218 727 164 37 54 31 110 75 23
is_linear=0
shrinkage=0.03


Tree=99
num_leaves=26
num_cat=0
split_feature=1 0 29 8 27 22 27 3 27 2 27 15 27 32 27 0 14 17 29 36 7 22 34 36 26
split_gain=35.2423 8.70822 9.6612 13.1889 8.58872 16.8301 12.5441 7.41928 12.0784 16.5111 9.27787 9.44075 7.06169 6.86375 6.76739 6.68847 6.20759 5.27803 3.64678 3.20894 3.15201 2.29123 2.06039 1.69055 0.491483
threshold=-0.26879200339317316 1.1816384792327883 0.21049999445676806 2.5797339677810673 0.020900700241327289 -0.52897149324417103 0.021857148967683319 44.954353332519538 0.020216431468725208 2596.573608398438 0.019799064844846729 -1.0000000180025095e-35 0.020276108756661419 -0.027283932082355019 0.026829344220459465 -3.1728779077529903 0.42134200036525732 -0.5617450177669524 0.092500001192092909 0.00072904556873254489 57.42767524719239 -5.1134955883026114 0.74207592010498058 -7.5852141890209155e-05 0.99878549575805675
decision_type=2 2 2 2 2 2 2 2 2 2 2 2 2 2 2 2 2 2 2 2 2 2 2 2 2
left_child=13 7 3 21 5 -4 -6 8 18 -10 11 -9 -12 23 15 22 -17 24 -2 -5 -19 -3 -15 -1 -16
right_child=1 2 4 19 6 -7 -8 10 9 -11 12 -13 -14 14 17 16 -18 20 -20 -21 -22 -23 -24 -25 -26
leaf_value=0.027932385218691808 0.0021142897218907695 0.036404431057889361 -0.022402693628861034 -0.017823129079449742 0.030628845159139655 0.0040833235305103395 0.0045569407784475033 0.0009026776415150202 0.040581435269845194 -0.0022399119314100101 0.012886830758544689 -0.023188970173050338 0.0021387628485639671 -0.019444083330239191 -0.0017217369864170019 -0.0062860562180350899 -0.022375484170665896 0.012816944320696277 -0.022539419339155854 0.0062227036367887107 -0.003584196185471514 0.017440855765063226 0.0042924971845777074 0 -0.02345506122649834
leaf_weight=5.1440659463405609 5.5672867596149436 7.5151797831058493 29.748192250728607 11.335768386721613 18.170896679162979 73.963575422763824 170.7929855287075 49.489244386553764 7.910398304462432 217.45004212856293 92.080045312643051 19.891351521015167 142.44308853149414 66.376361101865768 2.2877801060676557 249.33862082660198 23.907985061407089 25.507276892662048 32.869793966412544 7.5809819996356955 16.274500772356987 73.291384071111679 2.6450759768486014 3.1725081950426084 6.1797198206186295
leaf_count=15 18 14 96 33 39 199 445 148 19 680 241 72 388 374 10 984 113 65 131 18 48 164 11 11 27
internal_value=-0.000377922 0.00273457 0.00616944 0.0142393 0.00336951 -0.00349847 0.00718575 0.000341189 -0.00331895 -0.000610478 0.0035481 -0.00599208 0.00641547 -0.00784969 -0.00844429 -0.00995568 -0.00776499 0.00166973 -0.0187561 -0.00781103 0.00624881 0.0195282 -0.0183807 0.0180803 -0.0190101
internal_weight=1360.93 960.1 392.399 99.7233 292.676 103.712 188.964 567.701 263.798 225.36 303.904 69.3806 234.523 400.834 392.517 342.268 273.247 50.2493 38.4371 18.9168 41.7818 80.8066 69.0214 8.31657 8.4675
internal_count=4363 2705 1008 229 779 295 484 1697 848 699 849 220 629 1658 1632 1482 1097 150 149 51 113 178 385 26 37
is_linear=0
shrinkage=0.03


Tree=100
num_leaves=30
num_cat=0
split_feature=0 1 1 36 27 35 14 35 28 27 25 30 4 27 26 7 32 36 8 30 2 10 36 35 34 34 26 25 34
split_gain=36.267 13.7077 8.31213 7.77887 5.83554 6.85149 5.27155 8.54994 5.10953 4.74218 4.69841 4.45233 4.76505 4.68652 4.25913 3.43188 3.7823 2.84798 2.73801 2.7164 2.6828 2.21875 1.7696 2.1959 0.923464 0.673949 0.277617 0.0471021 0.0110703
threshold=0.026813500560820106 0.64156350493431102 -0.77021548151969899 0.0057005411945283422 0.026931623928248886 12.922688007354738 0.67164948582649242 14.667095661163332 -0.52390956878662098 0.020333440974354747 0.0053180586546659478 -0.045203767716884606 -705.14718627929676 0.019647951237857345 1.0005134940147402 25.388464927673343 -0.015069640707224606 -0.00024517484416719521 2.8281774520874028 -0.016243268735706803 3437.2875976562505 -5.6461083889007559 -0.0010463458602316675 19.249008178710941 0.65308567881584179 0.62295645475387584 1.0011710524559023 0.0028830971568822865 0.74207592010498058
decision_type=2 2 2 2 2 2 2 2 2 2 2 2 2 2 2 2 2 2 2 2 2 2 2 2 2 2 2 2 2
left_child=2 6 9 4 5 -4 11 27 -9 22 14 12 -2 -13 -11 17 -17 25 21 -19 -6 -5 23 -1 -12 -3 -24 -8 -18
right_child=1 15 3 18 20 -7 7 8 -10 10 24 13 -14 -15 -16 16 28 19 -20 -21 -22 -23 26 -25 -26 -27 -28 -29 -30
leaf_value=0.025376611058553645 0.017666486848587862 -0.00049620960960172593 0.026956262426310083 -0.025170899057863058 -0.0031313838960450938 0.003813460043501667 -0.023492852530460295 -0.012962157818329373 0.019907237930159236 0.0089744922913203365 0.0058085040467423677 0.010153255986523084 -0.0082212352848732243 -0.0060407875822497681 -0.011463237834774292 0.01113986341130265 -0.02224659076713343 0.013980112460084579 0.0050902732687020703 -0.0076995196059292392 -0.023397676544660483 -0.0052419247381374143 0.029567697569284582 -0.00043631743218972702 0.029244446020397916 -0.020652128020532096 0.010645787049318961 -0.0083918871266864346 -0.0073436926500363856
leaf_weight=4.2422100603580493 15.67345440387726 2.6606235504150417 11.380459547042845 12.532198786735538 25.321251899003983 664.59338288009167 4.6219142079353315 4.3793149888515499 25.625690102577209 25.779120624065399 3.4866218566894522 16.018165960907936 9.6555905640125257 349.27228312194347 13.428622514009474 2.6513043642044059 54.364530801773071 5.3565255999565116 5.7372618913650504 36.022350057959557 7.8780767768621436 10.942484810948372 18.072983324527744 6.1572444140911102 8.0610664784908277 18.133556678891182 3.1738173067569724 3.6053018718957901 2.5100494623184195
leaf_count=13 55 11 34 40 81 1975 14 14 77 70 10 54 30 1155 38 9 247 19 19 134 31 33 54 20 24 70 10 10 12
internal_value=1.2873e-05 -0.0059344 0.00401421 0.00298478 0.00362234 0.00423602 -0.00337692 0.00710169 0.014681 0.0130565 0.00699818 -0.0044333 0.00748137 -0.00529316 0.00169173 -0.0148223 -0.0201171 -0.00948925 -0.0119906 -0.00454477 -0.00848337 -0.0165597 0.022233 0.00994881 0.0234501 -0.018568 0.0274648 -0.0187665 -0.0218155
internal_weight=1371.34 550.551 820.787 738.385 709.173 675.974 428.852 38.2322 30.005 82.4017 50.7554 390.619 25.329 365.29 39.2077 121.699 59.5259 62.1731 29.2119 41.3789 33.1993 23.4747 31.6463 10.3995 11.5477 20.7942 21.2468 8.22722 56.8746
internal_count=4363 1911 2452 2213 2121 2009 1409 115 91 239 142 1294 85 1209 108 502 268 234 92 153 112 73 97 33 34 81 64 24 259
is_linear=0
shrinkage=0.03


Tree=101
num_leaves=26
num_cat=0
split_feature=29 30 30 16 25 9 1 13 26 36 25 25 6 28 29 0 25 36 9 0 30 25 3 30 35
split_gain=7.95384 7.44441 9.79417 8.98349 9.29889 6.0522 4.69429 4.74675 4.37937 3.99039 3.9834 5.97039 5.93267 3.40075 7.69855 3.2172 2.65078 2.44236 2.01211 3.44763 1.90082 1.87174 2.9564 1.58732 1.02334
threshold=0.32549999654293066 -0.0046117897145450107 0.017576421611011032 -0.60785751044750203 0.0020545818842947487 0.43659199774265295 -0.77992299199104298 -1.0048269927501676 0.99944332242012035 -0.0030707246623933311 0.0020746804075315599 0.0023986618034541611 0.047022001817822463 -0.78611078858375538 0.28249999880790716 0.83457097411155712 0.00089401131845079373 -0.0020564864389598365 0.35276649892330175 -0.34117349982261652 0.03066319786012173 0.0039762675296515235 35.623548507690437 0.018126384355127815 14.762268066406252
decision_type=2 2 2 2 2 2 2 2 2 2 2 2 2 2 2 2 2 2 2 2 2 2 2 2 2
left_child=1 9 3 8 -5 15 21 20 -3 18 12 -12 -9 14 -11 -4 -7 -15 -1 -20 -8 22 23 -2 -23
right_child=6 2 5 4 -6 16 7 10 -10 13 11 -13 -14 17 -16 -17 -18 -19 19 -21 -22 24 -24 -25 -26
leaf_value=-0.0032442880413469512 0.024584474940104292 0.0072712663089664325 -0.013602436590879544 0.0042490675535612876 0.023258799371946744 -0.010736897444597529 -0.023210811820073257 0.023717273526196889 -0.0026807167092060651 0.022549340410668379 -0.0062804526140470898 0.0041823421143959314 0.0053858298113576919 -0.021269152646799599 -0.025216625566535072 -0.0029654996412768805 0.015389067790031422 -0.0077445310818936835 -0.0033060336162498388 0.034338533985640449 0.00081027436572340614 -0.021466330840840143 -0.017379427351414522 -0.0014267294482545865 0
leaf_weight=5.8268213570117933 3.5604727268219012 45.825101241469383 72.241574302315712 173.72509962320328 26.751239076256752 3.8536528050899532 7.6314371228218061 21.052441045641899 271.40641905367374 8.7024698257446271 55.019800662994385 392.64688371121883 70.802789211273193 13.813992410898207 3.936181128025054 43.80412919819355 13.423885196447371 155.69516821205616 3.0695179104804993 4.458114817738533 3.5216735750436783 10.114880889654158 4.8898589462041855 3.058706670999527 2.7934862226247779
leaf_count=17 14 151 216 541 89 12 20 70 854 29 159 1177 216 35 10 126 44 468 10 16 10 40 18 11 10
internal_value=0.000343047 -0.0014991 3.03098e-05 0.00191248 0.00688203 -0.00719095 0.00306926 0.00365455 -0.00120562 -0.00662509 0.00407349 0.00287077 0.00979035 -0.00781537 0.0065946 -0.00969445 0.00891748 -0.00895896 0.00865624 0.0186174 -0.0151443 -0.00957784 0 0.0120445 -0.0172079
internal_weight=1421.63 846.533 651.031 517.708 200.476 133.323 575.092 550.675 317.232 195.502 539.522 447.667 91.8552 182.148 12.6387 116.046 17.2775 169.509 13.3545 7.52763 11.1531 24.4174 11.509 6.61918 12.9084
internal_count=4363 2618 2033 1635 630 398 1745 1652 1005 585 1622 1336 286 542 39 342 56 503 43 26 30 93 43 25 50
is_linear=0
shrinkage=0.03


end of trees

feature_importances:
Column_27=364
Column_35=304
Column_29=183
Column_1=150
Column_25=145
Column_36=113
Column_0=112
Column_33=108
Column_34=103
Column_9=94
Column_28=86
Column_26=84
Column_7=79
Column_30=79
Column_3=62
Column_2=58
Column_10=58
Column_13=54
Column_22=51
Column_23=48
Column_31=40
Column_20=37
Column_32=37
Column_6=32
Column_8=31
Column_21=30
Column_16=28
Column_4=27
Column_18=23
Column_14=19
Column_17=18
Column_15=3
Column_11=2
Column_19=1

parameters:
[boosting: gbdt]
[objective: multiclass]
[metric: multi_logloss]
[tree_learner: serial]
[device_type: cpu]
[data_sample_strategy: bagging]
[data: ]
[valid: ]
[num_iterations: 500]
[learning_rate: 0.03]
[num_leaves: 31]
[num_threads: 6]
[seed: 42]
[deterministic: 0]
[force_col_wise: 0]
[force_row_wise: 0]
[histogram_pool_size: -1]
[max_depth: 5]
[min_data_in_leaf: 10]
[min_sum_hessian_in_leaf: 0.001]
[bagging_fraction: 0.8]
[pos_bagging_fraction: 1]
[neg_bagging_fraction: 1]
[bagging_freq: 1]
[bagging_seed: 400]
[bagging_by_query: 0]
[feature_fraction: 0.8]
[feature_fraction_bynode: 1]
[feature_fraction_seed: 30056]
[extra_trees: 0]
[extra_seed: 12879]
[early_stopping_round: 50]
[early_stopping_min_delta: 0]
[first_metric_only: 0]
[max_delta_step: 0]
[lambda_l1: 0.3]
[lambda_l2: 0.5]
[linear_lambda: 0]
[min_gain_to_split: 0]
[drop_rate: 0.1]
[max_drop: 50]
[skip_drop: 0.5]
[xgboost_dart_mode: 0]
[uniform_drop: 0]
[drop_seed: 17869]
[top_rate: 0.2]
[other_rate: 0.1]
[min_data_per_group: 100]
[max_cat_threshold: 32]
[cat_l2: 10]
[cat_smooth: 10]
[max_cat_to_onehot: 4]
[top_k: 20]
[monotone_constraints: ]
[monotone_constraints_method: basic]
[monotone_penalty: 0]
[feature_contri: ]
[forcedsplits_filename: ]
[refit_decay_rate: 0.9]
[cegb_tradeoff: 1]
[cegb_penalty_split: 0]
[cegb_penalty_feature_lazy: ]
[cegb_penalty_feature_coupled: ]
[path_smooth: 0]
[interaction_constraints: ]
[verbosity: -1]
[saved_feature_importance_type: 0]
[use_quantized_grad: 0]
[num_grad_quant_bins: 4]
[quant_train_renew_leaf: 0]
[stochastic_rounding: 1]
[linear_tree: 0]
[max_bin: 255]
[max_bin_by_feature: ]
[min_data_in_bin: 3]
[bin_construct_sample_cnt: 200000]
[data_random_seed: 175]
[is_enable_sparse: 1]
[enable_bundle: 1]
[use_missing: 1]
[zero_as_missing: 0]
[feature_pre_filter: 1]
[pre_partition: 0]
[two_round: 0]
[header: 0]
[label_column: ]
[weight_column: ]
[group_column: ]
[ignore_column: ]
[categorical_feature: ]
[forcedbins_filename: ]
[precise_float_parser: 0]
[parser_config_file: ]
[objective_seed: 16083]
[num_class: 3]
[is_unbalance: 0]
[scale_pos_weight: 1]
[sigmoid: 1]
[boost_from_average: 1]
[reg_sqrt: 0]
[alpha: 0.9]
[fair_c: 1]
[poisson_max_delta_step: 0.7]
[tweedie_variance_power: 1.5]
[lambdarank_truncation_level: 30]
[lambdarank_norm: 1]
[label_gain: ]
[lambdarank_position_bias_regularization: 0]
[eval_at: ]
[multi_error_top_k: 1]
[auc_mu_weights: ]
[num_machines: 1]
[local_listen_port: 12400]
[time_out: 120]
[machine_list_filename: ]
[machines: ]
[gpu_platform_id: -1]
[gpu_device_id: -1]
[gpu_use_dp: 0]
[num_gpu: 1]

end of parameters

pandas_categorical:null
