tree
version=v4
num_class=3
num_tree_per_iteration=3
label_index=0
max_feature_idx=34
objective=multiclass num_class:3
feature_names=Column_0 Column_1 Column_2 Column_3 Column_4 Column_5 Column_6 Column_7 Column_8 Column_9 Column_10 Column_11 Column_12 Column_13 Column_14 Column_15 Column_16 Column_17 Column_18 Column_19 Column_20 Column_21 Column_22 Column_23 Column_24 Column_25 Column_26 Column_27 Column_28 Column_29 Column_30 Column_31 Column_32 Column_33 Column_34
feature_infos=[-13.986119270324707:12.311240196228027] [-0.92213797569274902:0.86255699396133423] [2334.031494140625:4728.697265625] [15.833520889282227:69.849876403808594] [-5873.50048828125:1539.5223388671875] none [0.02222600020468235:0.22283299267292023] [15.128155708312988:58.266666412353516] [-15.919281005859375:8.39447021484375] [0.26976498961448669:0.55751800537109375] [-26.852569580078125:18.72735595703125] [-1:1] none none none [-1:1] [-0.97492802143096924:0.97492802143096924] [-0.90096902847290039:1] [0:0.96774202585220337] [0:1] [-13.986119270324707:12.311240196228027] [0:0.98439997434616089] [-20.144699096679688:10.364812850952148] [-34.253673553466797:16.88249397277832] none [7.1071350248530507e-05:0.019905319437384605] [0.98096048831939697:1.0152201652526855] [0.018428988754749298:0.038969609886407852] [-1:1] [0.0080000003799796104:5.9549999237060547] none none none [0:18.420680999755859] [0.41025948524475098:0.76311242580413818]
tree_sizes=3112 3230 3213 3299 2772 2354 3313 3012 3398 3092 3348 2923 3236 3414 3214 3225 3132 2369 3218 3441 3103 3419 3027 3113 3422 3222 3015 3209 3340 2576 3109 2935 3226 3441 2787 3298 3321 2903 3209 3423 3021 2596 2737 3316 2885 3147 3217 2377 3298 3368 3323 2987 3117 3316 2914 3111 2151 3437 3353 2257 2814 2914 3420 3217 3002 2736 2979 3130 3017 2674 3188 2591 2776 3204 2471 2498 3008 2594 3097 3421 3120 3434 3034 2898 3220 2931 3132 3086 3228 2893 3441 3220 3014 2980 3455 3250 3120 3245 3008 2928 3140 2788 2481 2887 2559 2880 3251 3113 2886 2885 2773

Tree=0
num_leaves=29
num_cat=0
split_feature=0 1 27 6 27 8 7 27 7 7 23 0 27 0 27 0 27 4 18 29 29 27 27 1 25 1 25 34
split_gain=224.135 44.4135 27.8695 19.4839 23.0326 23.8087 16.4844 15.0007 15.4001 16.0331 14.6443 13.9002 18.5643 13.5369 12.5522 11.3937 10.0185 9.8599 6.94428 6.31559 9.13364 6.28475 7.84725 5.92441 3.81211 3.80451 2.64209 2.10078
threshold=0.30329549312591558 -0.28113849461078638 0.026672904379665855 0.057730501517653472 0.025842599570751194 2.5797339677810673 57.859636306762702 0.026781643740832809 27.001542091369632 56.16339302062989 8.2609491348266619 4.6206336021423349 0.020216431468725208 0.13107949867844584 0.018900832161307338 -3.1728779077529903 0.026715072803199295 -5535.3884277343741 0.45794950425624853 0.16550000011920932 0.39049999415874487 0.027111343108117584 0.027863015420734886 0.70726749300956737 0.0023986618034541611 0.64156350493431102 0.003853904665447772 0.74207592010498058
decision_type=2 2 2 2 2 2 2 2 2 2 2 2 2 2 2 2 2 2 2 2 2 2 2 2 2 2 2 2
left_child=1 2 15 10 5 17 23 8 13 -10 11 12 -2 -3 -7 27 -8 -5 -17 -4 -21 -9 -23 -6 -12 -26 -13 -1
right_child=3 7 19 4 6 14 16 21 9 -11 24 26 -14 -15 -16 18 -18 -19 -20 20 -22 22 -24 -25 25 -27 -28 -29
leaf_value=-1.1267014108127393 -1.0904797468903027 -1.0954149767071648 -1.1250543717212222 -1.0721507059688435 -1.0591250654835491 -1.1147417816422622 -1.1253058968041798 -1.0596621555327568 -1.1187246632857208 -1.0921864514470618 -1.0529312243934037 -1.120950896686693 -1.0721485171297638 -1.1159076437557138 -1.0754965664114386 -1.1102082553548742 -1.0836927064413411 -1.1034691731675295 -1.1195676129355592 -1.0852226663285818 -1.107411418194669 -1.1235570510989983 -1.0786860015316424 -1.0847235474140478 -1.0950447665983754 -1.0645337247098103 -1.0922378671224131 -1.0997963454682409
leaf_weight=105.83266997337341 86.590441942214966 210.18983590602875 6.2455319762229911 9.1271527707576734 36.977786391973495 7.6896132826805106 6.7586815953254726 9.3325457572937029 78.947772800922394 26.72063934803009 23.256020158529282 8.4797095954418165 124.16635674238205 33.123401612043381 61.180093914270401 171.19021168351173 17.58446130156517 137.64402964711189 135.88082724809647 38.870864689350128 28.100779443979263 4.2475572824478176 12.181863099336622 12.905746161937712 6.351418316364291 12.177350461483 3.3596099615097037 3.4420560002326956
leaf_count=354 250 618 20 23 89 26 24 22 264 78 53 29 324 111 163 535 49 433 446 106 87 16 33 38 18 30 10 10
internal_value=-1.09898 -1.10854 -1.11449 -1.08411 -1.08956 -1.09459 -1.07518 -1.10073 -1.10239 -1.11193 -1.07819 -1.0814 -1.0796 -1.09827 -1.08009 -1.11749 -1.09591 -1.10138 -1.11441 -1.09754 -1.09466 -1.07892 -1.09121 -1.06537 -1.06173 -1.07415 -1.11215 -1.12595
internal_weight=1418.56 864.307 489.563 554.248 289.868 215.641 74.2267 374.744 348.982 105.668 264.381 222.596 210.757 243.313 68.8697 416.346 24.3431 146.771 307.071 73.2172 66.9716 25.762 16.4294 49.8835 41.7848 18.5288 11.8393 109.275
internal_count=4259 2700 1558 1559 845 645 200 1142 1071 342 714 613 574 729 189 1345 73 456 981 213 193 71 49 127 101 48 39 364
is_linear=0
shrinkage=1


Tree=1
num_leaves=30
num_cat=0
split_feature=1 1 1 27 3 27 21 27 25 27 27 6 3 7 3 27 33 21 23 27 27 27 6 25 28 23 25 25 27
split_gain=235.664 46.9818 38.4284 19.058 23.1725 15.9868 22.3066 16.9119 13.4038 11.8344 10.8503 13.7423 7.6952 7.48507 7.02285 8.3308 6.9705 6.30482 6.21455 4.92541 4.92425 3.40474 2.81631 3.74916 1.52819 1.48206 1.63971 1.19629 0.404932
threshold=-0.25575350224971766 0.63102951645851146 -0.69541749358177174 0.020410035736858848 45.40954780578614 0.026736826635897163 0.30470000207424169 0.02057580836117268 0.0025433632545173173 0.019815457053482536 0.020333440974354747 0.071784999221563353 54.423530578613288 27.037940025329593 38.33845520019532 0.02728238329291344 0.067337680608034148 0.023399999365210537 -0.21916400268673894 0.019647951237857345 0.020446146838366989 0.027147546410560611 0.051688499748706825 0.0026513996999710803 0.20559728890657428 11.951144695281984 0.0012981653562746944 0.0037677767686545853 0.026860929094254974
decision_type=2 2 2 2 2 2 2 2 2 2 2 2 2 2 2 2 2 2 2 2 2 2 2 2 2 2 2 2 2
left_child=2 3 10 4 13 6 7 -4 -8 -6 12 18 -1 -2 28 -16 21 -18 -12 -14 -13 -5 23 24 -3 -24 -27 -25 -7
right_child=1 22 5 16 9 14 8 -9 -10 -11 11 20 19 -15 15 -17 17 -19 -20 -21 -22 -23 25 27 -26 26 -28 -29 -30
leaf_value=-1.0505639666611719 -1.0734924960666716 -1.1218867132301453 -1.0851819163681233 -1.0952099649203542 -1.0936041734348798 -1.1092268363162889 -1.0679730045930182 -1.1038774508980909 -1.0865197137241196 -1.108575621174595 -1.0849630831945587 -1.0986122652319208 -1.0680625443490699 -1.0935741082835035 -1.0870011683829439 -1.1249716892768962 -1.1175613806361775 -1.1071240447523172 -1.1229991980706444 -1.1027986133202683 -1.0546333508892085 -1.1229991980706444 -1.1257813263253318 -1.0870047447554858 -1.1104804128101144 -1.1012728207583302 -1.1200134217818909 -1.1073799822314665 -1.1259743661236601
leaf_weight=41.529559761285782 37.459199666976929 37.53573814034462 137.07989177107811 49.994498640298843 77.475787848234177 5.2223011553287497 87.04534649848938 62.558902621269226 63.663540244102478 119.28385496139526 32.166010499000549 2.7676991224288967 20.176992416381839 32.751087367534637 23.320528477430347 6.0923600494861594 64.601940155029297 325.60039627552032 3.7757363915443412 3.7973096370697013 20.732087165117264 3.7757363915443412 89.86268824338913 4.5191635191440565 23.196965128183365 6.7371083498001125 22.509898155927658 4.7245565056800842 8.5981439054012281
leaf_count=133 120 99 437 147 241 13 282 198 210 328 94 10 62 106 69 19 188 958 10 14 67 10 250 13 67 20 57 12 25
internal_value=-1.09798 -1.10725 -1.08187 -1.10369 -1.09739 -1.08654 -1.08441 -1.09108 -1.07568 -1.10264 -1.06735 -1.07727 -1.05872 -1.08263 -1.10355 -1.09548 -1.1075 -1.1089 -1.08949 -1.07391 -1.05954 -1.09753 -1.12054 -1.11511 -1.11781 -1.12357 -1.11612 -1.09826 -1.12087
internal_weight=1418.56 900.029 518.526 710.943 266.97 393.581 350.348 199.639 150.709 196.76 124.945 59.4415 65.5039 70.2103 43.2333 29.4129 443.973 390.202 35.9417 23.9743 23.4998 53.7702 189.086 69.9764 60.7327 119.11 29.247 9.24372 13.8204
internal_count=4259 2616 1643 2098 795 1253 1127 635 492 569 390 181 209 226 126 88 1303 1146 104 76 77 157 518 191 166 327 77 25 38
is_linear=0
shrinkage=1


Tree=2
num_leaves=30
num_cat=0
split_feature=9 17 1 29 23 17 9 7 7 27 29 0 27 34 27 6 29 2 27 27 29 25 27 27 10 26 2 29 27
split_gain=33.2258 16.6648 16.1988 16.7155 12.3177 10.288 11.6768 9.80698 9.35275 7.70385 7.38197 5.68508 5.68348 5.55772 4.91267 4.03117 3.49532 3.35239 8.1827 3.96798 2.93517 4.01317 2.56833 2.39526 2.36638 1.80315 1.5593 0.51913 0.333788
threshold=0.34812349081039434 0.81174498796463024 -0.47741100192070002 0.25550000369548803 8.2609491348266619 1.0000000180025095e-35 0.4505975097417832 53.926776885986335 22.169844627380375 0.026672904379665855 0.37049999833107 -0.73244249820709217 0.02051569148898125 0.68539175391197216 0.026049758307635788 0.067668996751308455 0.22850000113248828 3775.824340820313 0.026541286148130897 0.019943543709814552 0.37250000238418585 0.0055042426101863393 0.019777086563408378 0.02302536275237799 -5.3872895240783683 0.99880599975585949 3313.137084960938 0.26749999821186071 0.026358468458056453
decision_type=2 2 2 2 2 2 2 2 2 2 2 2 2 2 2 2 2 2 2 2 2 2 2 2 2 2 2 2 2
left_child=2 5 17 8 9 6 7 -2 12 -5 -8 23 -4 14 16 -10 -3 19 28 22 26 -22 -1 -7 -6 -13 -15 -21 -19
right_child=1 13 3 4 24 11 10 -9 15 -11 -12 25 -14 20 -16 -17 -18 18 -20 27 21 -23 -24 -25 -26 -27 -28 -29 -30
leaf_value=-1.1130426629451373 -1.0970781485191703 -1.0839128510207188 -1.1052895990013749 -1.0884970544082122 -1.101542996484123 -1.0834737347257928 -1.074932755937887 -1.0769735336272324 -1.1149521672915155 -1.1033648912705138 -1.0924333317759269 -1.117983537633944 -1.09295823029038 -1.0919982389281604 -1.0986123184098029 -1.1054973745800727 -1.0569448389823362 -1.1043136192556919 -1.0620732340118888 -1.1262855911701164 -1.0713102289610299 -1.1035890258721892 -1.0923607047419961 -1.0988837697725706 -1.1171071151205374 -1.1058966312631773 -1.1120153309476182 -1.1171698786712978 -1.1233251658938177
leaf_weight=17.408465296030048 483.81750303506851 8.444760471582418 86.945319771766663 131.31770494580269 17.502842515707016 10.410643190145491 40.610478788614273 22.495856285095215 101.31498247385025 39.906025737524033 50.891681611537933 14.835477918386458 53.597517669200897 8.5218659639358538 4.6474508345127097 76.706938594579697 16.715765863656998 3.3478898108005506 3.0717709064483643 29.728095054626465 10.924620628356932 4.1622540950775138 6.6949518024921408 47.842100828886032 21.721456527709961 69.905272781848907 5.1334753930568686 25.892525047063828 4.0393072664737701
leaf_count=53 1494 28 246 411 48 36 143 73 267 108 155 38 158 26 14 218 62 11 11 84 39 11 23 151 52 198 16 73 12
internal_value=-1.09887 -1.09483 -1.10409 -1.10205 -1.09553 -1.09607 -1.09434 -1.09615 -1.10639 -1.09202 -1.08448 -1.10326 -1.10052 -1.07947 -1.07032 -1.11096 -1.06518 -1.11583 -1.09894 -1.11792 -1.08959 -1.08067 -1.10692 -1.09618 -1.11051 -1.10822 -1.0991 -1.12241 -1.11676
internal_weight=1418.56 799.359 619.196 529.013 210.448 740.809 597.816 506.313 318.565 171.224 91.5022 142.993 140.543 58.5502 29.808 178.022 25.1605 90.183 10.459 79.724 28.7422 15.0869 24.1034 58.2527 39.2243 84.7408 13.6553 55.6206 7.3872
internal_count=4259 2484 1775 1508 619 2288 1865 1567 889 519 298 423 404 196 104 485 90 267 34 233 92 50 76 187 100 236 42 157 23
is_linear=0
shrinkage=1


Tree=3
num_leaves=30
num_cat=0
split_feature=0 1 27 9 10 29 25 22 27 27 6 2 27 9 22 8 9 26 34 4 27 27 27 27 29 34 33 26 28
split_gain=237.562 41.0231 35.4927 20.438 19.1922 17.2393 14.1365 17.4749 21.6055 14.7052 13.5024 12.8326 12.2239 10.8528 7.42516 7.39493 6.93293 6.62017 6.51543 6.01266 4.18952 4.10769 7.94188 5.59563 2.86047 2.71613 1.54715 0.92001 0.48055
threshold=0.30329549312591558 -0.45222748816013331 0.026694961823523048 0.40329450368881231 -13.689263820648192 0.47249999642372137 0.00065908988472074281 4.0816555023193368 0.027147546410560611 0.018900832161307338 0.044652499258518226 3795.4301757812505 0.027024132199585441 0.37418049573898321 4.199775457382203 2.5797339677810673 0.3621129989624024 0.99935472011566173 0.73336955904960643 -2327.455932617187 0.026909084990620617 0.020497629418969158 0.020567856729030613 0.020369840785861019 0.22350000590085986 0.60357081890106212 0.52972337603569042 1.0002018809318545 0.42631281912326818
decision_type=2 2 2 2 2 2 2 2 2 2 2 2 2 2 2 2 2 2 2 2 2 2 2 2 2 2 2 2 2
left_child=1 2 14 4 25 12 21 8 11 -9 -6 -8 -5 17 16 -11 -1 -4 -16 -7 -15 23 28 26 -10 -3 -2 -24 -23
right_child=6 3 13 5 10 19 7 9 24 15 -12 -13 -14 20 18 -17 -18 -19 -20 -21 -22 22 27 -25 -26 -27 -28 -29 -30
leaf_value=-0.01657466779384795 0.018389038845809894 0.00014344155529005977 -0.0090676086351665838 -0.020861604163557573 -0.011766917874919815 -0.0092864316410890442 0.0054598401421389964 -0.01946845302056539 0.0055749468102785854 0.046920203673349911 0.0059777350597410338 0.020562222008379587 0.018272033295379287 0.0053737524530344059 -0.013020346766956296 0.022916268962726933 -0.026919699967801729 0.022228892975045822 0.0261221286664662 0.013074275453726136 -0.027365324114634451 -0.01417843243547161 0.034589423119146902 0.055214708988791411 0.033798414721677668 -0.020470976909314799 0.042337268256756835 0.011322699907412737 0
leaf_weight=103.23774048686028 14.371634185314184 5.6829907000064841 7.0443653464317313 116.93755584955215 45.493778169155121 18.177873373031616 305.71038708090782 6.0790046453475943 4.6395968198776236 14.592395842075346 233.34500181674957 61.282659500837326 7.0320508480072013 4.7459339797496787 41.216645836830139 92.179508566856384 171.19809523224831 27.014654159545898 3.6147610247135153 24.607937902212143 8.9188285768032056 3.7605805993080166 12.025549173355101 11.085469275712965 36.614134967327118 40.414103865623474 4.525102585554122 3.9558026492595664 2.7620461285114288
leaf_count=326 39 17 22 397 150 61 899 21 12 31 673 166 19 13 134 244 579 69 9 69 31 12 29 22 89 135 10 11 8
internal_value=-3.12214e-05 -0.0100212 -0.0176127 -0.00432454 3.37814e-05 -0.0128456 0.0149042 0.0133536 0.0104033 0.0238545 0.00303452 0.00803076 -0.018505 0.00631746 -0.0212222 0.0264842 -0.023098 0.0154579 -0.00941243 0.00336871 -0.015571 0.0298578 0.0186549 0.0375272 0.0309446 -0.0177622 0.0255313 0.0298946 -0.00777022
internal_weight=1432.27 858.682 366.991 491.691 324.936 166.755 573.584 521.098 408.247 112.851 278.839 366.993 123.97 47.7238 319.267 106.772 274.436 34.059 44.8314 42.7858 13.6648 52.4862 22.504 29.9822 41.2537 46.0971 18.8967 15.9814 6.52263
internal_count=4297 2704 1183 1521 975 546 1593 1462 1166 296 823 1065 416 135 1048 275 905 91 143 130 44 131 60 71 101 152 49 40 20
is_linear=0
shrinkage=0.03


Tree=4
num_leaves=25
num_cat=0
split_feature=1 1 0 27 23 27 21 9 27 9 2 29 0 0 25 27 0 3 9 0 34 2 29 33
split_gain=222.381 59.2322 23.7324 18.2681 23.9183 13.2488 14.2828 12.9938 10.7925 9.80193 7.86501 7.55901 9.4209 6.66086 5.75725 5.23939 8.8515 6.03883 4.19153 2.90065 3.31958 1.85297 1.82186 0.231521
threshold=-0.45222748816013331 0.64156350493431102 0.026813500560820106 0.026672904379665855 2.8623635768890385 0.020385479554533962 0.17970000207424167 0.38430349528789526 0.026885607279837135 0.29776550829410559 3775.824340820313 0.25749999284744268 -2.2767890691757198 -0.45647050440311426 0.002835816354490817 0.019647951237857345 1.5749279856681826 52.084484100341804 0.40543550252914434 2.7174900770187382 0.5920597016811372 3460.3056640625005 0.64049997925758373 0.8635602891445161
decision_type=2 2 2 2 2 2 2 2 2 2 2 2 2 2 2 2 2 2 2 2 2 2 2 2
left_child=3 2 8 4 5 13 -7 10 9 -2 14 12 -6 -1 -5 16 -4 -17 -13 20 -3 -10 -22 -21
right_child=1 19 15 7 11 6 -8 -9 21 -11 -12 18 -14 -15 -16 17 -18 -19 -20 23 22 -23 -24 -25
leaf_value=0.045150547986709588 0.016463867207979131 0.0023419628175770338 0.033020986713182238 -0.0034801385102239536 0.039545114342267221 -0.0020725756413745616 0.026697133572890375 0.046959078139842077 -0.0094453474167348374 0.001426435212136116 -0.027232592021702005 0.011675289113348118 0.011463590929248429 0.018052807028137299 0.023283993059291429 -0.0067891944164096994 -0.0091460761354287563 -0.015131410550374168 -0.0068723548229228642 -0.026892364919739262 -0.020527659108737859 -0.027226201697356289 0 -0.014738803291843851
leaf_weight=51.625338405370712 44.320089638233185 6.0072120130062094 6.9467261433601388 25.383168637752533 13.680124640464781 16.868809998035431 131.72171634435654 4.8245160281658164 21.917366266250614 318.52373158931732 8.7799523770809156 19.064944982528687 55.955173075199127 12.240706980228422 9.375000447034834 366.61588859558105 10.363354474306107 103.2142730653286 24.126208871603012 93.664190709590912 68.189881920814514 8.5902689695358259 3.7709611952304831 6.9459111988544455
leaf_count=162 138 19 22 69 44 50 430 15 63 981 25 64 175 42 28 1073 31 283 79 253 193 27 10 21
internal_value=0.000179899 -0.00683475 -0.00362146 0.020069 0.0226272 0.0285806 0.0233747 0.00262306 0.00184015 0.0033081 -0.00256289 0.0112606 0.0173512 0.0402773 0.00371127 -0.00804737 0.00772266 -0.00865512 0.00114866 -0.0225735 -0.017617 -0.0151006 -0.019412 -0.0262194
internal_weight=1432.72 1059.07 880.492 373.646 325.283 212.457 148.591 48.3626 393.351 362.844 43.5381 112.826 69.6353 63.866 34.7582 487.14 17.3101 469.83 43.1912 178.578 77.9681 30.5076 71.9608 100.61
internal_count=4297 3114 2618 1183 1046 684 480 137 1209 1119 122 362 219 204 97 1409 53 1356 143 496 222 90 203 274
is_linear=0
shrinkage=0.03


Tree=5
num_leaves=21
num_cat=0
split_feature=1 29 8 6 27 26 7 25 27 4 0 2 27 27 25 29 25 27 33 25
split_gain=21.6956 17.9572 9.01081 8.99126 15.6485 7.29423 7.53449 7.27691 6.99464 7.84689 6.59298 5.87837 3.80684 3.59029 4.7715 1.42369 1.93434 1.11404 3.78709 0.145586
threshold=-0.77992299199104298 0.25550000369548803 -9.8857326507568342 0.047767000272870071 0.026860929094254974 0.99852842092514049 15.23994827270508 0.0011686901561915877 0.026885607279837135 -2734.567504882812 2.0717550516128544 2557.029418945313 0.027442594990134243 0.025357859209179882 0.0020279489690437917 0.26749999821186071 0.0039054281078279023 0.024871427565813068 0.30651180446147924 0.0022257905220612888
decision_type=2 2 2 2 2 2 2 2 2 2 2 2 2 2 2 2 2 2 2 2
left_child=15 5 8 4 -4 13 7 -7 9 -3 -5 -8 -10 14 -2 -1 17 19 -19 -17
right_child=1 2 3 10 -6 6 11 -9 12 -11 -12 -13 -14 -15 -16 16 -18 18 -20 -21
leaf_value=-0.027156635062037041 7.8780381907806813e-05 0.031393889748356191 0.013708977599223545 0.0029230779879824988 -0.010648169319668922 0.039574672356276208 0.0015014130374301706 -0.0089151920926628572 -0.021769279109269211 0 -0.0049480288663044398 -0.0054133552083178707 0.012700908886925023 -0.0045323313702394456 0.047379647143460032 -0.0044575800032840042 -0.023188986722305648 0.01710599116852024 -0.019598296354107564 -0.01973133362895035
leaf_weight=18.328260183334351 3.5601029992103559 25.901554852724072 128.16737422347069 395.25051826238632 28.296910434961319 6.5690093338489515 139.41054117679596 3.9169628620147705 5.2339144647121412 9.4059247076511401 125.35514172911644 499.90874430537224 5.0644644796848297 3.1874068379402152 4.9630998373031616 3.1824407875537934 13.500276327133177 5.05542343854904 4.1415429413318634 4.1575377285480499
leaf_count=54 11 90 414 1218 74 24 428 10 11 31 338 1460 15 10 19 10 40 18 11 11
internal_value=-0.000142423 0.000544607 0.00381804 0.00292566 0.00922671 -0.00301806 -0.00345907 0.021061 0.0166959 0.0230099 0.00100762 -0.00389145 -0.00418113 0.0198554 0.0297189 -0.0197934 -0.0146347 -0.00664729 0 -0.0149636
internal_weight=1432.56 1384.19 722.676 677.07 156.464 661.516 649.805 10.486 45.6059 35.3075 520.606 639.319 10.2984 11.7106 8.5232 48.3655 30.0372 16.5369 9.19697 7.33998
internal_count=4297 4153 2191 2044 488 1962 1922 34 147 121 1556 1888 26 40 30 144 90 50 29 21
is_linear=0
shrinkage=0.03


Tree=6
num_leaves=30
num_cat=0
split_feature=20 1 9 6 10 8 2 29 23 10 25 3 7 3 10 20 6 29 29 29 3 25 6 2 33 26 26 29 33
split_gain=197.885 44.2214 28.357 18.3638 14.7029 14.6774 16.8101 13.5283 12.863 12.6806 11.0783 9.92652 9.57619 7.65668 9.34472 7.22104 13.4582 7.08632 6.63443 5.62543 5.59318 4.3383 3.45578 3.31006 3.24769 1.81395 0.653786 0.269588 0.160357
threshold=0.30329549312591558 -0.50438550114631642 0.40329450368881231 0.057730501517653472 -13.689263820648192 2.5797339677810673 3996.561157226563 0.51250001788139354 -1.5700654983520506 -5.3872895240783683 0.00062437599990516912 33.179733276367195 57.676219940185554 65.956329345703139 11.897071838378908 -3.1728779077529903 0.056751500815153129 1.0565000176429751 0.47249999642372137 0.41949999332427984 37.37483215332032 0.0012396695674397054 0.047389501705765731 3024.0363769531255 0.13835977762937549 1.0000355839729311 1.0005794763565066 0.34950000047683721 1.3836151361465456
decision_type=2 2 2 2 2 2 2 2 2 2 2 2 2 2 2 2 2 2 2 2 2 2 2 2 2 2 2 2 2
left_child=1 12 4 9 21 6 20 22 -6 10 -2 -9 15 14 -11 28 -17 -12 23 -8 -5 -3 -4 -7 -20 -14 -15 -27 -1
right_child=3 2 7 5 8 18 19 11 -10 13 17 -13 25 26 -16 16 -18 -19 24 -21 -22 -23 -24 -25 -26 27 -28 -29 -30
leaf_value=-0.027240171078859923 0.041183292859540643 -0.026019807551507308 -0.011565521355525629 -0.013095519363657765 0.0054080902261513953 0.0080095768575567175 0.0264890454701333 -0.018602184952839277 -0.0078549620100769081 0.024407389278752845 0.0024552753084188324 0.0083633851443808711 -0.0073857607339432602 0.050048101268033732 0.0034984714440140928 -0.026807564255397803 -0.0080318229394125626 0.038812271246373937 -0.011108202965718052 0.0058372443059332276 0.0022091359436365006 -0.007927358252471867 -0.022218573804134171 0.027602540266817403 0.014791140123259125 0.020996600883435818 0.026522161443737754 0.0043215069690570804 -0.010574008593525214
leaf_weight=100.86687496304512 8.3090978562831861 18.646075516939163 47.368112355470657 24.62896928191185 268.54903823137283 11.397903859615324 34.127374827861786 18.316984176635742 86.25745040178299 146.15321326255798 68.10551118850708 34.711313903331757 4.4929294884204847 11.136578172445299 23.538450717926025 61.008535206317902 83.681227505207062 4.7824023365974417 7.7078816294670132 20.528192788362503 147.94086855649948 39.859633207321167 95.337506011128426 50.350566208362579 8.5371747612953168 3.969195544719696 5.8091218769550315 3.5728266835212708 3.1718357950448981
leaf_count=345 18 64 151 82 778 33 87 63 270 375 200 102 13 22 69 212 262 11 25 61 444 127 329 125 24 10 14 10 10
internal_value=-4.08105e-05 -0.00906303 -0.00461015 0.0136338 -0.000129425 0.00852822 0.00460134 -0.0140014 0.00215185 0.0193918 0.00923235 -0.000869657 -0.0194001 0.0237272 0.0215787 -0.0206722 -0.0160757 0.00521159 0.0197519 0.0190188 0 -0.0140177 -0.0187981 0.0242239 0.00200031 0.00594833 0.0434904 0.0149762 -0.0268712
internal_weight=1442.86 869.81 609.046 573.053 413.312 305.219 227.225 195.734 354.806 267.834 81.197 53.0283 260.763 186.637 169.692 248.728 144.69 72.8879 77.9935 54.6556 172.57 58.5057 142.706 61.7485 16.2451 12.035 16.9457 7.54202 104.039
internal_count=4336 2746 1884 1590 1239 881 674 645 1048 709 229 165 862 480 444 829 474 211 207 148 526 191 480 158 49 33 36 20 355
is_linear=0
shrinkage=0.03


Tree=7
num_leaves=27
num_cat=0
split_feature=1 1 0 27 27 1 3 27 29 2 25 0 27 21 25 9 34 28 25 27 25 33 28 28 33 25
split_gain=186.615 38.7874 36.6845 35.9579 18.8801 14.491 14.1712 11.1352 9.97181 9.87752 8.22719 7.03356 6.04883 7.2648 4.5441 3.95159 1.91501 3.48789 1.2334 0.875685 0.821671 0.678535 3.67687 2.45569 0.575661 0.0993614
threshold=-0.15377149730920789 0.64156350493431102 -4.5034699440002433 0.026736826635897163 0.020415175706148151 -0.45222748816013331 47.632505416870124 0.0198379484936595 0.2715000063180924 3775.824340820313 0.0012200960773043337 -1.6819939613342283 0.027514189481735233 0.49999998509883886 0.0013065286912024023 0.33568349480628973 0.67388740181922924 0.66134408116340648 0.00065908988472074281 0.025051615200936798 0.00040257575165014719 0.18257120251655581 0.37458507716655737 -0.55527368187904347 0.45976626873016363 0.0061466584447771319
decision_type=2 2 2 2 2 2 2 2 2 2 2 2 2 2 2 2 2 2 2 2 2 2 2 2 2 2
left_child=2 4 21 5 6 8 10 -8 -4 14 -2 -7 13 -6 -5 16 17 -3 20 -18 -17 22 23 -1 -23 -20
right_child=1 15 3 9 12 11 7 -9 -10 -11 -12 -13 -14 -15 -16 18 19 -19 25 -21 -22 24 -24 -25 -26 -27
leaf_value=0.0050360352769548275 0.019751120489179104 -0.014275496713246523 0.022878759818030305 0.023616225078366124 -0.012652425585711885 -0.0031797895262337069 0.0019150499010639141 -0.014995519987422032 0.011550822830931996 -0.02682870871758011 0.0019678246282182426 0.0099516121580860255 -0.028158736711849264 -0.0042394751249099014 -0.0047156853460464665 -0.020909231173653633 -0.022092276877360807 0.012610869139060489 -0.028585563129745493 -0.0078167429698133561 -0.0013592769976725721 0.04654287459969695 0 0.040919894530059467 0.031301810635042636 -0.015145752467508473
leaf_weight=2.9068684577941903 39.67903858423233 25.753440350294117 148.89488834142685 5.0054118037223807 231.23798114061356 47.705214411020279 77.711825042963028 62.028842061758041 144.33617812395096 18.926030382514 59.524351507425308 143.97125038504601 15.994752407073973 161.4218156337738 60.075933963060379 5.7062554657459241 45.995571613311768 4.447893798351287 77.068142905831337 7.2697074711322776 4.4736148416996002 18.235694229602814 3.6732111275196067 10.873060911893845 15.869366735219954 5.3057472407817832
leaf_count=10 123 77 472 15 671 153 240 170 463 53 184 444 35 482 172 14 129 13 213 20 13 56 12 34 51 17
internal_value=-0.000167495 -0.0095317 0.0122458 0.0100078 -0.00610888 0.0131526 0.000554724 -0.00555383 0.0173626 -0.00800895 0.00923437 0.00663681 -0.0100231 -0.00922656 -0.002236 -0.0220207 -0.0167842 -0.00988177 -0.0265308 -0.0204021 -0.0136264 0.0364347 0.0275339 0.0344218 0.0402659 -0.0279251
internal_weight=1444.09 823.619 620.473 568.915 647.599 484.908 238.944 139.741 293.231 84.0074 99.2034 191.676 408.655 392.66 65.0813 176.02 83.4666 30.2013 92.5538 53.2653 10.1799 51.5582 17.4531 13.7799 34.1051 82.3739
internal_count=4336 2401 1935 1772 1905 1532 717 410 935 240 307 597 1188 1153 187 496 239 90 257 149 27 163 56 44 107 230
is_linear=0
shrinkage=0.03


Tree=8
num_leaves=31
num_cat=0
split_feature=9 29 10 1 22 10 16 21 29 10 29 2 29 10 28 10 27 28 23 10 33 29 2 23 26 10 29 29 27 29
split_gain=30.062 16.361 11.7572 9.14443 11.0905 7.57157 7.36675 7.3445 17.6069 8.18219 7.3343 12.0319 6.89442 6.46624 5.3414 4.57426 4.36087 4.35862 6.22014 4.59401 3.66673 3.28507 3.2771 2.64809 1.28146 2.64717 1.21551 1.13399 0.928011 0.467621
threshold=0.34812349081039434 0.25550000369548803 4.7818539142608651 -0.55208301544189442 2.7336785793304448 -14.707084655761717 0.87837952375411998 0.38279999792575842 0.42249999940395361 -2.2961579561233516 0.15149999409914019 2585.3728027343755 0.6525000035762788 4.5234875679016122 -0.70729649066925038 -3.0074909925460811 0.020020776428282264 -0.72156020998954762 -6.1057615280151358 -8.2832212448120099 0.27649620175361639 0.11050000041723253 3280.9916992187505 0.2886665035039187 1.0008020997047427 6.232595920562745 0.12350000068545343 0.331499993801117 0.019855170510709289 0.47849999368190771
decision_type=2 2 2 2 2 2 2 2 2 2 2 2 2 2 2 2 2 2 2 2 2 2 2 2 2 2 2 2 2 2
left_child=1 13 5 28 6 14 -5 9 -9 -7 20 12 -12 17 27 -6 -13 18 -1 -19 21 -4 -16 -22 26 -26 -15 -2 -3 -30
right_child=2 3 10 4 15 7 -8 8 -10 -11 11 16 -14 24 22 -17 -18 19 -20 -21 23 -23 -24 -25 25 -27 -28 -29 29 -31
leaf_value=-0.018721612590228458 0.0010706418575620697 0 -0.021042803624461506 0.009300149138285833 -0.0014838975279569792 -0.00063991518065337205 -0.0073915202235078905 -0.0096036216578672083 0.006275465930476537 0.00901787736223221 0.034177108465652709 0.025415591856592232 -0.0099413494002732021 -0.0083380136982672479 0.029656856179318552 -0.018607559936108908 0.0059399240716642553 -0.0035002285629780415 0.015958354745894344 -0.011224331392282872 -0.012815060116590823 0.002974652671031901 0.010558883407862756 0.013427495868661016 -0.023465034014157591 0.010278607580577076 -0.024039533261962648 -0.018333063396866019 -0.01206204345363992 -0.024775410984810214
leaf_weight=5.9569586217403439 3.4071449935436231 3.2378094494342831 9.9129638969898242 150.03425171971321 39.219627022743225 159.8230285346508 27.2702716588974 146.27479365468025 108.83965858817101 152.37459421157837 31.170049548149109 12.125884532928465 2.9867283403873435 8.1624945402145368 10.001909852027891 22.6634122133255 77.271989405155182 121.60337182879448 15.283123463392256 176.71220824122429 3.513931721448901 8.7747122645378095 62.166042387485504 17.735274076461792 3.3774119019508353 3.7110094130039215 32.660698413848877 5.436989426612854 12.73796194791794 9.1064520478248578
leaf_count=17 11 11 27 464 112 480 77 421 345 491 110 43 8 22 36 52 234 354 50 490 9 27 203 59 9 12 85 15 37 25
internal_value=0.000214581 -0.00468444 0.00403851 0.000977862 0.00282773 0.0022041 0.00666871 0.000957357 -0.00279488 0.00405187 0.011229 0.0148288 0.0299719 -0.00877683 0.010765 -0.00799824 0.00880837 -0.00716904 0.0056112 -0.00811697 0 -0.00951282 0.0135154 0.00847917 -0.0191296 -0.00509991 -0.0212567 -0.0102374 -0.0160214 -0.0182006
internal_weight=1443.55 631.737 811.816 264.27 239.188 648.324 177.305 567.312 255.114 312.198 163.492 123.555 34.1568 367.467 81.0121 61.883 89.3979 319.556 21.2401 298.316 39.9369 18.6877 72.168 21.2492 47.9116 7.08842 40.8232 8.84413 25.0822 21.8444
internal_count=4336 1817 2519 778 705 2002 541 1737 766 971 517 395 118 1039 265 164 277 911 67 844 122 54 239 68 128 21 107 26 73 62
is_linear=0
shrinkage=0.03


Tree=9
num_leaves=28
num_cat=0
split_feature=0 0 27 7 22 25 7 27 4 23 3 18 27 3 27 27 9 10 33 28 28 28 25 33 18 34 34
split_gain=206.965 33.731 22.8795 22.9573 16.0866 16.5049 15.7157 14.5955 14.1042 17.5098 11.5814 11.0996 9.73186 8.60087 9.00132 8.24472 8.73875 7.9405 4.10728 3.84863 3.34376 2.36527 1.79315 1.0121 0.58388 1.46858 0.328274
threshold=0.30329549312591558 -3.1728779077529903 0.026781643740832809 23.942666053771976 3.5967270135879521 0.0010499758063815536 57.42767524719239 0.018900832161307338 -5379.9472656249991 -4.6397244930267325 43.677684783935554 0.55990800261497509 0.027514189481735233 65.956329345703139 0.027514189481735233 0.0198379484936595 0.38543249666690832 -13.689263820648192 0.17346472293138507 -0.56854695081710804 0.28983417153358465 0.49901650846004492 0.0029729539528489117 0.16357098519802096 0.8819124996662141 0.72097364068031322 0.74103575944900524
decision_type=2 2 2 2 2 2 2 2 2 2 2 2 2 2 2 2 2 2 2 2 2 2 2 2 2 2 2
left_child=1 12 3 10 5 15 -5 22 19 -10 -3 18 24 14 -9 20 -17 -13 -4 -7 -2 -14 -6 -15 26 -26 -1
right_child=4 2 11 6 7 8 -8 13 9 -11 -12 17 21 23 -16 16 -18 -19 -20 -21 -22 -23 -24 -25 25 -27 -28
leaf_value=-0.027364179090022027 0.011650335172967322 -0.0073512432484927016 0.011130743896075447 -0.013257705745470558 -0.025726106338040674 0.042348078834300189 0.011676830516045398 0.018158250596881927 -0.011501506875846369 0.0085178984870637967 0.0068956189069140379 -0.0010977251271028421 -0.0066765054751498432 0.024011795513058098 0.047725571201895682 0.028588106059764178 -0.004357788413110345 0.027733186395464751 -0.013646314942615067 0.01821940790296956 -0.01812927492732256 0.023035291902111652 0.0011803059001941293 0.045349473712199724 -0.021646387957034573 0.00029014470503260374 -0.0084619142511758432
leaf_weight=99.48068505525589 8.1556143164634687 98.373208343982697 8.3291606605052966 445.4540228843689 5.2528067529201499 8.7501392960548383 23.215566098690033 117.45883184671402 46.537348598241806 232.01269894838333 106.33720472455025 11.16005617380142 4.4194286167621595 6.8807300627231625 10.353571176528929 74.123659312725067 7.3737755119800559 29.599659949541092 17.187750250101089 31.534495294094086 5.0817352533340445 3.8114500641822815 2.5834034085273743 18.78483447432518 8.881781190633772 2.7509382516145697 2.7960798740386954
leaf_count=345 22 308 24 1454 19 19 63 310 156 660 305 34 13 17 21 180 22 74 56 86 17 9 8 39 31 9 9
internal_value=0.000182162 -0.00910953 -0.00667112 -0.00833462 0.0141226 0.0109223 -0.0119923 0.0222128 0.00759045 0.00512639 4.22807e-06 0.0100314 -0.0237153 0.0242808 0.0208002 0.0219425 0.0254891 0.0197035 -0.00515424 0.0241359 0 0.00658249 -0.0162373 0.0405411 -0.0260024 -0.0159188 -0.0269787
internal_weight=1436.68 861.797 739.657 673.38 574.884 413.569 468.67 161.314 318.835 278.55 204.71 66.2766 122.14 153.478 127.812 94.7348 81.4974 40.7597 25.5169 40.2846 13.2373 8.23088 7.83621 25.6656 113.909 11.6327 102.277
internal_count=4310 2734 2318 2130 1576 1162 1517 414 921 816 613 188 416 387 331 241 202 108 80 105 39 22 27 56 394 40 354
is_linear=0
shrinkage=0.03


Tree=10
num_leaves=30
num_cat=0
split_feature=1 1 1 27 27 3 3 29 27 23 2 33 2 27 33 2 25 23 25 28 27 7 27 34 27 8 27 34 25
split_gain=197.046 36.1823 31.9034 27.7581 14.8893 15.7878 13.2274 15.9573 11.192 10.2297 7.69816 6.41839 5.54484 6.02649 5.96805 5.41209 4.67035 4.20908 4.19497 3.94596 3.53475 3.37366 3.19104 1.81787 2.56523 1.77111 0.823448 0.301006 0.27838
threshold=-0.21412599831819532 0.64156350493431102 -0.69541749358177174 0.026736826635897163 0.020421429537236694 47.632505416870124 44.680541992187507 0.30449999868869787 0.019815457053482536 -2.1146094799041744 3775.824340820313 0.23133935034275058 3754.2946777343755 0.027514189481735233 0.050931576639413841 2531.6887207031255 0.00062437599990516912 2.2352614998817448 0.0013162500690668824 -0.079763658344745622 0.026150202378630642 25.388464927673343 0.020377944223582748 0.63365203142166149 0.020567856729030613 2.719154000282288 0.025051615200936798 0.74103575944900524 0.0061466584447771319
decision_type=2 2 2 2 2 2 2 2 2 2 2 2 2 2 2 2 2 2 2 2 2 2 2 2 2 2 2 2 2
left_child=2 4 11 6 5 9 7 -4 -7 -2 18 15 13 -6 -14 16 -1 -8 -5 25 -21 23 -17 24 -3 -13 -25 28 -23
right_child=1 21 3 10 12 8 17 -9 -10 -11 -12 19 14 -15 -16 22 -18 -19 -20 20 -22 27 -24 26 -26 -27 -28 -29 -30
leaf_value=-0.025122737542840969 0.019550540825131631 0.0019189824708330493 0.024240636805999669 0.020624759252148576 -0.006801776228762161 0.0017960407569652917 -0.0054001784818775017 0.0087306577592169594 -0.014734138821098563 0.00090034666244299347 -0.026003594825401766 0.044398730965072804 0.0074427966969925477 -0.025981824123768184 -0.019589147292629373 0.036100846043934209 0.01258468288963843 0.0079601576148057244 -0.0052412223937641344 0.028927579639388457 0.0017851146663364482 -0.026610110367738967 0.016101507074576006 -0.020130825046991284 -0.021252068686266584 0.020703349362284986 -0.0061100544542239364 -0.0098472465044674631 -0.014310237152186853
leaf_weight=3.6452917456626883 43.268603295087814 10.745638325810434 133.8727331161499 5.8728796541690818 343.3958455324173 69.793648272752762 24.834345787763596 113.23516839742661 75.429003000259399 69.861312061548233 15.544542402029036 29.741296231746674 7.454464614391326 15.401575505733488 68.278664976358414 13.74818369746208 9.6120670139789564 114.20317381620407 45.158337742090225 30.816501379013062 5.9224549233913413 84.951298996806145 23.636293828487396 49.786573708057404 6.0106232464313498 6.3562467694282523 6.7527944594621649 3.7659937143325797 7.0137898772954932
leaf_count=10 135 32 416 17 1028 218 77 365 207 211 44 91 23 35 193 43 25 355 134 95 17 235 72 140 19 21 20 11 21
internal_value=8.89174e-05 -0.00898253 0.0136701 0.00993207 -0.00591998 -0.000179441 0.0130236 0.0172016 -0.00674911 0.0081673 -0.0078282 0.0272073 -0.00930823 -0.00768515 -0.016779 0.0182848 0.00102607 0.00549849 -0.00191857 0.0331213 0.0248765 -0.0214291 0.0240732 -0.0160228 -0.00624608 0.0408121 -0.0186823 -0.0253702 -0.0258518
internal_weight=1438.11 861.91 576.2 452.721 692.883 258.353 386.145 247.108 145.223 113.13 66.5758 123.478 434.531 358.797 75.7331 50.6418 13.2574 139.038 51.0312 72.8365 36.739 169.027 37.3845 73.2956 16.7563 36.0975 56.5394 95.7311 91.9651
internal_count=4310 2528 1782 1408 2050 771 1213 781 425 346 195 374 1279 1063 216 150 35 432 151 224 112 478 115 211 51 112 160 267 256
is_linear=0
shrinkage=0.03


Tree=11
num_leaves=26
num_cat=0
split_feature=9 10 9 8 27 21 27 10 17 27 3 29 29 25 27 3 28 25 7 25 25 25 27 25 33
split_gain=23.734 13.7824 13.1505 8.80868 14.6673 10.2601 13.7515 8.79664 9.92689 8.2565 10.2121 6.99882 6.96194 6.8762 6.67216 5.11336 4.44874 4.4667 3.93666 3.61337 3.53336 3.18773 3.14184 2.43146 1.46302
threshold=0.34812349081039434 -8.2832212448120099 0.48862600326538091 -3.3788095712661739 0.020216431468725208 0.11719999834895135 0.020773387514054779 -18.277259826660153 0.81174498796463024 0.026931623928248886 34.348869323730476 0.21849999576807025 0.3445000052452088 0.0017639719881117346 0.026541286148130897 62.820865631103523 -0.52390956878662098 0.0023384505184367303 25.442680358886722 0.0023129570763558154 0.0029251228552311663 0.001182804524432868 0.026133027859032158 0.0022936487803235654 0.3353842049837113
decision_type=2 2 2 2 2 2 2 2 2 2 2 2 2 2 2 2 2 2 2 2 2 2 2 2 2
left_child=1 9 7 4 -3 6 -5 14 15 10 -1 -12 -6 21 23 -9 20 -18 -7 24 -15 -4 -10 -2 -11
right_child=2 3 13 5 12 18 -8 8 22 19 11 -13 -14 16 -16 -17 17 -19 -20 -21 -22 -23 -24 -25 -26
leaf_value=-0.025954188710380584 -0.0045847518006550195 0.0422398851082132 0.0091180023668117251 -0.007498965094923548 -0.010523152468604807 -0.00019526782773668049 0.043992081287419063 -0.00028899029597611887 0.021590219316195914 -0.00074184564816291026 -0.0036968477313456464 0.0076797823847370534 0.0052963299968589068 0.014579839348046913 0.050006105006958873 0.011079210471636574 -0.0035344521337912983 0.018735477537192746 -0.019671338379841505 0.050143884629486789 -0.013362992334839372 0.044629413317314119 4.7183198213716882e-05 0.017087648488551474 0.024386339489184148
leaf_weight=12.198806971311567 5.7256003022193971 6.2889407575130454 4.3556843996047965 189.60904380679131 54.565716654062271 11.343500494956968 4.2487484812736502 634.01293715834618 26.659590274095535 3.4880157113075239 98.682316273450851 94.125575482845306 44.682337373495102 5.7951423227787044 4.7417465746402732 37.173835784196854 9.0145482420921308 42.483204454183578 99.808828696608543 3.6166523993015289 10.542137533426283 8.8297884762287122 8.9462991654872877 14.197719424962996 3.0204564034938812
leaf_count=32 18 23 15 539 153 32 16 1923 89 10 286 293 132 19 18 117 28 138 268 14 29 33 28 46 11
internal_value=-0.000277145 -0.00467257 0.00309743 -0.00789602 -0.000333848 -0.0104783 -0.00621387 0.00180828 0.00117328 0.00144122 6.06047e-05 0.00181597 -0.00332001 0.0145432 0.0192619 0.00033502 0.0103447 0.0146676 -0.0177741 0.0272296 -0.00277799 0.0343179 0.0165022 0.010459 0.0105433
internal_weight=1438.16 625.679 812.478 410.547 105.537 305.01 193.858 731.458 706.793 215.132 205.007 192.808 99.2481 81.0205 24.6651 671.187 67.835 51.4978 111.152 10.1251 16.3373 13.1855 35.6059 19.9233 6.50847
internal_count=4310 1809 2501 1163 308 855 555 2239 2157 646 611 579 285 262 82 2040 214 166 300 35 48 48 117 64 21
is_linear=0
shrinkage=0.03


Tree=12
num_leaves=29
num_cat=0
split_feature=0 1 27 9 23 29 29 27 7 27 1 10 21 27 9 4 9 33 27 27 27 16 27 26 33 34 34 7
split_gain=200.618 39.6519 22.5084 20.5266 19.2112 15.7098 14.2789 14.151 18.5291 13.848 12.7074 11.5815 9.92745 9.01777 8.89114 10.0731 7.94996 8.08724 7.47855 9.35083 6.93554 6.89566 7.38728 3.84386 3.17691 2.26689 1.55421 0.609926
threshold=0.30329549312591558 -0.50438550114631642 0.026781643740832809 0.40329450368881231 8.2609491348266619 0.51250001788139354 0.17449999600648883 0.025772347114980224 48.380487442016609 0.018900832161307338 -0.15377149730920789 -13.689263820648192 0.49999998509883886 0.027024132199585441 0.3621129989624024 1318.861267089844 0.38543249666690832 1.0688377022743227 0.024219088256359104 0.024717390537261966 0.018900832161307338 0.60785751044750225 0.020377944223582748 0.99993252754211437 0.42860609292984014 0.7377029061317445 0.70054140686988842 39.893541336059577
decision_type=2 2 2 2 2 2 2 2 2 2 2 2 2 2 2 2 2 2 2 2 2 2 2 2 2 2 2 2
left_child=1 14 3 10 6 -5 16 12 -9 26 -3 23 -8 -13 21 27 17 -2 -11 -20 -17 22 -1 -4 -18 -23 -6 -16
right_child=4 2 11 5 9 -7 7 8 -10 18 -12 13 -14 -15 15 20 24 -19 19 -21 -22 25 -24 -25 -26 -27 -28 -29
leaf_value=-0.013033516314856568 0.024442208323205556 -0.0082023671285376652 0.0057304623349238287 -0.020415398618821086 -0.024469111221551227 -9.9202454650641465e-05 0.0070139809395873996 0.031239620963418615 0.0067971801425218336 0.041989227587601471 0.0029236443678766983 0.031256383630272742 -0.0090354998994843019 0.0044844525951152452 -0.027035486058145469 -0.013823772599336082 -0.024789195548658063 -0.015837969388392253 0.0019504730031613246 0.029361352133154488 0.022598670510501531 -0.024968235514512774 0.0079317676868745114 -0.019450610293020552 0.0099110291455737527 0.00072342620716224384 0.0015185209402881321 -0.015767530995956618
leaf_weight=39.833193778991699 104.32058230042458 183.09253418445587 9.7005015164613742 130.45562855899334 4.1241583824157706 47.606449067592621 208.27897730469704 48.377734005451202 68.821722775697708 29.72467252612114 184.0559718310833 26.264391511678696 40.713139683008194 21.490654349327087 125.84991750121117 18.521047905087475 4.0616104304790479 4.0853386223316184 15.802882909774778 46.012962967157364 5.6527072340250006 29.077079713344578 23.238464653491974 10.49841697514057 4.0970463156700134 2.6673339605331412 2.5651081800460815 11.221871405839918
leaf_count=127 260 575 29 451 15 149 597 117 198 62 543 61 129 64 448 62 14 13 47 108 15 101 63 36 11 8 8 39
internal_value=0.000292934 -0.00882134 -0.00465384 -0.00669513 0.0139403 -0.0150496 0.0114246 0.00845153 0.0170529 0.0260924 -0.00260389 0.0115216 0.00434078 0.0195663 -0.0187372 -0.0230835 0.0206118 0.0227758 0.0291675 0.0225702 -0.00465676 -0.0111691 -0.00516575 -0.00707633 -0.00675823 -0.0225526 -0.0138393 -0.0262391
internal_weight=1450.21 869.226 613.165 545.211 580.986 178.062 482.756 366.192 117.199 98.2298 367.149 67.954 248.992 47.755 256.062 161.246 116.565 108.406 91.5405 61.8158 24.1738 94.8161 63.0717 20.1989 8.15866 31.7444 6.68927 137.072
internal_count=4350 2771 1908 1718 1579 600 1339 1041 315 240 1118 190 726 125 863 564 298 273 217 155 77 299 190 65 25 109 23 487
is_linear=0
shrinkage=0.03


Tree=13
num_leaves=31
num_cat=0
split_feature=1 0 1 27 18 27 0 21 18 25 27 27 0 27 2 2 16 27 27 27 7 25 27 34 34 34 34 25 25 34
split_gain=174.996 44.2714 31.4753 24.1625 16.7466 13.4044 11.2643 10.0186 8.06061 11.7154 17.5472 6.87581 6.75264 8.84922 6.21995 6.06715 4.04444 9.30945 3.90202 3.85304 3.27076 3.15242 2.97063 0.999069 3.3516 0.700615 0.443858 0.338187 0.956471 0.250012
threshold=-0.025349999777972695 -2.5905750989913936 0.64156350493431102 0.026781643740832809 0.033986000344157226 0.020377944223582748 -4.9033493995666495 0.56250000000000011 0.37212000787258154 0.0011420364025980236 0.020415175706148151 0.027442594990134243 -2.7149544954299922 0.019647951237857345 3775.824340820313 2966.522827148438 -1.0000000180025095e-35 0.0198379484936595 0.02045493666082621 0.020321485586464409 25.388464927673343 0.0027928316267207269 0.027362042106688026 0.67224836349487316 0.66241091489791881 0.69660863280296337 0.72749131917953502 0.0061466584447771319 0.0072034804616123447 0.74103575944900524
decision_type=2 2 2 2 2 2 2 2 2 2 2 2 2 2 2 2 2 2 2 2 2 2 2 2 2 2 2 2 2 2
left_child=1 5 8 4 19 12 18 -6 9 10 -2 -11 26 -14 22 -8 17 -10 -7 -3 23 -18 -5 24 -4 -25 -1 29 -29 -22
right_child=2 3 20 14 7 6 15 -9 16 11 -12 -13 13 -15 -16 -17 21 -19 -20 -21 27 -23 -24 25 -26 -27 -28 28 -30 -31
leaf_value=0.047182106419903898 0.023451269235327088 0.0098682991175407971 -0.01517376059568626 2.4211073290299057e-05 0.0065350848667836362 0 -0.01052164266295276 0.015672851080246322 0.02943358720103962 -0.0060922651545710187 -0.0041791892764043237 -0.027473143596374344 0.037696587568165317 -0.011211959964444705 -0.027440801096367092 0.014499639726351288 -0.0035264732233031954 -0.016519376710281169 0.034820364210767597 -0.019899114382947787 -0.026748288488026548 -0.014433361708186074 -0.01436863487104275 -0.027234524628548872 0.012539033712428775 -0.016210008904732606 0.023060626180287279 0 -0.023020788529926534 -0.011568943862415408
leaf_weight=29.437224954366684 30.795839816331863 3.9798288345336941 28.068383604288105 31.662514552474022 345.86740899085999 2.8912879824638358 9.1955006718635541 161.90353621542454 3.5237744450569144 165.62863931059837 59.606589525938034 14.689690619707106 7.1279478371143323 5.1994678974151611 15.243242129683493 68.303316950798035 81.5748081356287 119.36854159832001 33.471319198608398 22.000111520290375 90.970510274171829 35.651428714394569 19.948338598012924 13.084775149822233 3.809056729078292 33.028669655323029 3.8203638494014731 3.1118785738944998 3.6189736425876617 4.2294859290122977
leaf_count=87 97 11 83 91 1061 10 22 511 10 498 172 34 22 19 43 217 238 335 104 67 253 114 59 37 11 97 12 10 12 13
internal_value=-3.96389e-05 0.00988387 -0.0109708 0.00612256 0.00826268 0.0239323 0.0181365 0.00947893 -0.0071315 -0.00352362 0.00521142 -0.00795499 0.03786 0.0167333 -0.0107646 0.011367 -0.011146 -0.0150149 0.0319702 -0.014899 -0.0217718 -0.00696719 -0.00545061 -0.0165871 -0.0114419 -0.0197899 0.0450604 -0.0255506 -0.0135217 -0.0262319
internal_weight=1450.81 760.051 690.761 600.605 533.751 159.446 113.861 507.771 510.839 270.721 90.4024 180.318 45.585 12.3274 66.8541 77.4988 240.119 122.892 36.3626 25.9799 179.922 117.226 51.6109 77.9909 31.8774 46.1134 33.2576 101.931 6.73085 95.2
internal_count=4350 2336 2014 1843 1650 493 353 1572 1498 801 269 532 140 41 193 239 697 345 114 78 516 352 150 228 94 134 99 288 22 266
is_linear=0
shrinkage=0.03


Tree=14
num_leaves=29
num_cat=0
split_feature=9 10 10 29 8 10 27 27 3 29 10 21 21 26 3 27 23 27 34 33 29 26 16 34 27 25 6 25
split_gain=24.9606 15.9703 12.1014 10.0921 9.83769 12.7308 9.00022 8.37215 7.80397 7.96462 7.36382 7.45595 6.77226 7.89805 6.62658 6.32191 5.93474 5.699 5.37874 5.34188 6.03553 4.86699 4.88158 4.82553 4.20226 4.03808 3.03052 2.01588
threshold=0.34812349081039434 -8.2832212448120099 4.7818539142608651 0.25749999284744268 -3.3788095712661739 -5.3872895240783683 0.020333440974354747 0.026931623928248886 34.348869323730476 0.21450000256299975 -13.945889472961424 1.0000000180025095e-35 0.11719999834895135 0.99862205982208263 41.413154602050788 0.025130680762231353 5.3267550468444833 0.020998104475438598 0.7065238654613496 0.94142967462539684 0.15249999612569812 1.0003208518028261 1.0000000180025095e-35 0.53912782669067394 0.02091917954385281 0.0059670784976333388 0.067668996751308455 0.0023129570763558154
decision_type=2 2 2 2 2 2 2 2 2 2 2 2 2 2 2 2 2 2 2 2 2 2 2 2 2 2 2 2
left_child=1 7 10 12 6 -6 -5 8 -1 -10 14 17 13 -3 25 -16 -13 -12 19 20 -4 24 -23 -21 -20 -2 -14 -9
right_child=2 3 18 4 5 -7 -8 27 9 -11 11 16 26 -15 15 -17 -18 -19 21 23 -22 22 -24 -25 -26 -27 -28 -29
leaf_value=-0.023323638913572652 0.0015174871921467292 0.034156684143447899 0.0036989070306289226 0.037693201265372712 0.0084319282575656008 -0.015023080362161632 0.0020927684330709962 0.01360545755355025 -0.0040595176831394967 0.0077859554940276077 0.021674555708402959 -0.002353115416874003 -0.022695372961955906 -0.0097509400061965672 0 0.033166399504081324 0.0060149234960398638 -0.014662251100337533 0.0041937637856417336 0.024126696902542395 0.020184913584446879 0.027198755546556101 -4.3989269252303737e-05 -0.017214512959997763 -0.01644824364583411 0.023546031804052757 -0.004694601188684022 0.047510425765905646
leaf_weight=11.180252254009245 64.212588101625443 3.2079575657844535 28.969683945178986 6.6993732154369345 27.800747394561768 75.374262586236 64.868526011705399 5.4628327488899213 100.27661347389221 102.16243502497673 21.829751998186115 427.98309335112572 60.760362476110458 161.93524298071861 7.080385327339175 15.866465866565703 91.978071749210358 4.0274461805820456 19.78691628575325 2.9733049571514121 78.88699859380722 10.830000013113024 11.03451147675514 8.3398831486701948 14.755354970693586 8.1928649842739087 11.633967936038969 3.4275417625904083
leaf_count=30 201 12 89 24 88 204 187 18 291 317 73 1293 166 452 22 57 284 9 63 10 256 37 33 22 39 28 32 13
internal_value=-0.000246849 -0.00471294 0.00321402 -0.00820921 -0.00265955 -0.00860608 0.00578855 0.00172872 0.000466071 0.0018785 0.00128382 -4.65237e-05 -0.0122398 -0.00874316 0.0089534 0.0229166 -0.00085121 0.0155026 0.0101879 0.0138051 0.0158774 0.0023338 0.0133539 -0.00502615 -0.00447589 0.00427791 -0.0199781 0.0294691
internal_weight=1451.54 634.79 816.747 412.28 174.743 103.175 71.5679 222.51 213.619 202.439 641.171 545.818 237.538 165.143 95.3523 22.9469 519.961 25.8572 175.577 119.17 107.857 56.4068 21.8645 11.3132 34.5423 72.4055 72.3943 8.89037
internal_count=4350 1834 2516 1165 503 292 211 669 638 608 1967 1659 662 464 308 79 1577 82 549 377 345 172 70 32 102 229 198 31
is_linear=0
shrinkage=0.03


Tree=15
num_leaves=29
num_cat=0
split_feature=0 1 27 9 29 23 29 27 10 29 27 18 27 27 1 8 27 22 9 27 0 1 27 27 27 34 26 29
split_gain=184.735 41.6289 23.4649 19.2309 15.5449 13.6595 16.4629 14.5668 13.2195 12.6176 11.3734 11.0145 8.96935 8.45189 7.26533 7.00645 5.66753 5.53025 6.34174 5.20895 4.86192 4.33991 4.11935 3.96005 10.2993 2.64746 2.14013 1.69228
threshold=0.30329549312591558 -0.45222748816013331 0.026651846244931224 0.40329450368881231 0.47249999642372137 8.2609491348266619 0.15249999612569812 0.018900832161307338 -13.689263820648192 0.41650000214576727 0.027172715403139595 0.91589850187301647 0.027024132199585441 0.027147546410560611 -0.50438550114631642 3.2385694980621342 0.019991379231214527 4.199775457382203 0.3621129989624024 0.027514189481735233 1.1816384792327883 -0.16258350014686582 0.026077516376972202 0.024219088256359104 0.024717390537261966 0.73336955904960643 1.0019552111625674 0.53049999475479137
decision_type=2 2 2 2 2 2 2 2 2 2 2 2 2 2 2 2 2 2 2 2 2 2 2 2 2 2 2 2
left_child=1 2 17 8 12 6 15 27 22 -10 11 -8 -5 14 -4 20 -17 18 -1 -15 -2 -6 -3 -9 -25 -19 -12 -7
right_child=5 3 13 4 21 7 10 23 9 -11 26 -13 -14 19 -16 16 -18 25 -20 -21 -22 -23 -24 24 -26 -27 -28 -29
leaf_value=-0.015142306246800323 0.019011976697533496 -0.0071315001033096384 -0.017179184304403097 -0.019112317047998456 -0.0078765435618196773 -0.025078482380031259 0.0087877446183245566 0.037795336696834464 0.006743627379746704 -0.0086756152688579422 0.03122861952302455 -0.0089003711657549799 0.015664675904324736 -0.027242781336414959 0.019791171490142045 0.018596394880052228 -0.01976129220769287 -0.01157416458354214 -0.025146090508133719 0.0029427511888639236 0.035778350930488402 0.011951402215301955 -0.027310002723608319 0.00094859111646367642 0.029002973634099174 0.012172709553566455 0.0052677218879791854 0.0013495079583469923
leaf_weight=104.90363880991936 42.246714502573013 30.969239234924316 5.253390401601794 110.81228791177273 15.206454694271086 4.8609847128391257 342.59851780533791 24.947184562683105 229.3287255614996 59.408827871084213 22.359663188457493 34.00758495926857 6.4492761492729178 9.7988264262676257 24.449975490570068 7.7163186669349653 5.4205353558063507 39.487173050642014 156.58280386030674 9.1559421420097333 32.10998272895813 25.275731831789017 14.028533071279524 16.249180227518082 50.332762122154236 3.9539548754692069 4.5213488936424246 2.5738493204116821
leaf_count=343 108 100 18 386 50 18 969 53 661 187 51 109 18 34 63 19 17 132 559 26 72 73 50 48 116 11 13 8
internal_value=0.000394277 -0.00859091 -0.0164392 -0.00291536 -0.0115343 0.0132767 0.0111713 0.0235229 0.00114272 0.00353043 0.00855784 0.00715696 -0.0170648 0.00272177 0.0127784 0.0230043 0.001965 -0.0195257 -0.0212037 -0.0124984 0.0265632 0.00427853 -0.0138512 0.026839 0.0223486 -0.00909402 0.0273667 -0.0152867
internal_weight=1435.01 845.065 353.586 491.479 157.744 589.945 490.981 98.964 333.735 288.738 403.487 376.606 117.262 48.6581 29.7034 87.4936 13.1369 304.928 261.486 18.9548 74.3567 40.4822 44.9978 91.5291 66.5819 43.4411 26.881 7.43483
internal_count=4312 2711 1186 1525 527 1601 1358 243 998 848 1142 1078 404 141 81 216 36 1045 902 60 180 123 150 217 164 143 64 26
is_linear=0
shrinkage=0.03


Tree=16
num_leaves=28
num_cat=0
split_feature=1 1 1 27 27 23 22 27 27 3 29 29 0 0 25 7 7 27 4 4 29 27 7 28 34 29 25
split_gain=174.918 37.3509 34.5068 27.7799 17.0933 12.9776 10.9321 9.43151 15.8339 8.16441 7.62827 7.35923 6.38033 5.99304 5.76848 5.30091 5.11253 9.20295 9.18659 3.92911 2.86491 4.87674 2.46875 2.38899 1.07089 2.10568 0.943714
threshold=-0.15377149730920789 0.64156350493431102 -0.62559351325035084 0.026736826635897163 0.020415175706148151 -2.1146094799041744 -2.769135475158691 0.022941910661756996 0.020556859672069553 51.716829299926765 0.14950000494718554 0.24450000375509265 -3.1728779077529903 0.026813500560820106 0.0011420364025980236 31.444667816162113 47.468580245971687 0.025801359675824646 -971.15264892578114 -4708.7429199218741 0.38650000095367437 0.025439766235649589 27.480632781982425 0.73238420486450206 0.60357081890106212 0.15949999541044238 0.003853904665447772
decision_type=2 2 2 2 2 2 2 2 2 2 2 2 2 2 2 2 2 2 2 2 2 2 2 2 2 2 2
left_child=2 4 6 7 5 10 20 8 -4 -9 -2 15 -13 -7 -5 -8 18 -18 -6 -16 23 -22 24 -1 25 -3 -26
right_child=1 22 3 14 16 13 11 9 -10 -11 -12 12 -14 -15 19 -17 17 -19 -20 -21 21 -23 -24 -25 26 -27 -28
leaf_value=0.041363425337576386 0.03989136373448457 0.0061375874519268092 0.011360686694461631 0.029575358204657187 -0.018377511710527178 0.0039782768703562283 0.033458133128363529 0.017619511622765347 -0.0070860806890473893 -0.00040399487761147098 0.0077960626694653723 0.016405487579676553 -0.0030164904622328346 -0.0072273337648846763 -0.025463572286289624 0.012991124093630584 0.019306583524723853 -0.0077313717636401137 -0.0071729892572063459 -0.0079069158601461891 0.013503238223595651 0.042316561130834381 -0.026707122618375958 0.010449729525555078 -0.020494150671152397 -0.019709192084558784 -0.0063383952829447407
leaf_weight=33.203509509563446 7.7404849529266349 4.5828006118535978 127.59802708029747 2.4861463904380789 127.97203759849072 61.279953986406326 30.430275350809097 154.88707295060158 61.189142286777496 25.311252057552338 44.732253640890121 42.517351508140564 22.262690246105194 135.46642003953457 16.052163675427437 22.530974715948105 12.028884589672087 107.42543211579323 145.14883179962635 49.634847894310951 18.620656877756122 8.4742448031902295 71.31000804901123 3.7056812942028037 86.789224401116371 5.1731437742710114 7.0313029736280432
leaf_count=99 24 15 395 7 375 191 92 488 193 79 136 133 67 394 46 69 41 310 423 147 57 25 202 12 255 16 21
internal_value=-0.000556234 -0.00967583 0.0114612 0.00685007 -0.00629742 -0.000114285 0.0224539 0.0101129 0.0053313 0.015044 0.0130323 0.0167465 0.00962097 -0.00369029 -0.0106238 0.0251223 -0.0101946 -0.00486453 -0.0124798 -0.0124932 0.0326024 0.0234445 -0.0219693 0.0386814 -0.0185082 -0.00698297 -0.0195679
internal_weight=1435.58 816.681 618.904 437.159 641.794 249.219 181.745 368.985 188.787 180.198 52.4727 117.741 64.78 196.746 68.1732 52.9613 392.575 119.454 273.121 65.687 64.0041 27.0949 174.886 36.9092 103.576 9.75594 93.8205
internal_count=4312 2403 1909 1355 1894 745 554 1155 588 567 160 361 200 585 200 161 1149 351 798 193 193 82 509 111 307 31 276
is_linear=0
shrinkage=0.03


Tree=17
num_leaves=21
num_cat=0
split_feature=1 9 25 3 27 27 28 9 3 25 6 4 27 27 27 25 25 34 25 27
split_gain=19.3812 14.5007 12.8782 7.9324 10.2135 7.77127 7.34287 5.93994 7.29133 6.12993 5.64391 4.98749 4.96086 7.14334 2.21803 0.783111 2.07417 0.738613 0.859296 0.719557
threshold=-0.77992299199104298 0.40329450368881231 0.0017329840338788929 41.605363845825202 0.020773387514054779 0.026385592296719555 -0.94923275709152211 0.48862600326538091 38.90239334106446 0.002902676817029715 0.04484550096094609 -2873.922729492187 0.026181073859333995 0.025674450211226944 0.027362042106688026 0.0017420154181309047 0.0025693222414702181 0.68985873460769664 0.0037677767686545853 0.025277750566601757
decision_type=2 2 2 2 2 2 2 2 2 2 2 2 2 2 2 2 2 2 2 2
left_child=15 2 6 4 -4 -5 -2 8 9 -3 -8 -10 13 -9 -14 -1 19 18 -18 -17
right_child=1 7 3 5 -6 -7 10 12 11 -11 -12 -13 14 -15 -16 16 17 -19 -20 -21
leaf_value=-0.024659357096120878 0.033917674880124829 -0.011557732314508636 -0.0099016433063360658 0.0018028022017039958 0.01171831309462436 -0.011241292131402984 0.00052221046187731163 0.012761591360109804 0.025969811040333191 0.0057068950868625328 -0.0065141738715992032 0.0053130295986416488 -0.012391883772296296 0.046482222827560787 0.010403428578465579 -0.0083225180112560995 0 -0.025174277424915726 -0.016464920503136728 0.009479157466202693
leaf_weight=17.295713201165199 3.9312356114387503 43.760769963264465 22.533290654420853 279.77270536124706 123.27394592761993 47.657170638442039 136.40921646356583 62.285173892974854 10.891276478767393 30.631759524345398 386.28734941780567 221.22690346837044 8.5936628282070142 6.1625775694847098 5.8937691748142234 4.0050882846117046 3.9183400869369533 11.006532728672026 8.5618070811033231 3.2344826757907867
leaf_count=54 14 133 65 828 390 127 401 203 38 96 1110 698 20 23 17 13 13 31 27 11
internal_value=0.000155658 0.000812497 -0.00109313 0.0024851 0.00829319 -8.2556e-05 -0.00432496 0.00572321 0.00374248 -0.00433806 -0.00466193 0.0063747 0.0128694 0.0162432 -0.00248011 -0.0184742 -0.0143653 -0.0186137 -0.0113876 0
internal_weight=1437.33 1389.31 999.865 473.237 145.807 327.43 526.628 389.446 306.511 74.3925 522.697 232.118 82.9352 68.4478 14.4874 48.022 30.7263 23.4867 12.4801 7.23957
internal_count=4312 4163 2935 1410 455 955 1525 1228 965 229 1511 736 263 226 37 149 95 71 40 24
is_linear=0
shrinkage=0.03


Tree=18
num_leaves=29
num_cat=0
split_feature=1 27 0 9 29 25 0 27 9 1 0 29 2 27 17 18 16 33 26 28 10 33 25 27 28 33 34 33
split_gain=165.774 32.508 29.4772 14.3427 18.8514 13.5634 12.712 11.8815 20.3059 12.2853 10.4168 10.4085 9.14228 8.95515 8.4848 6.69567 8.45566 6.39495 5.38501 5.30118 5.299 4.16954 4.07918 3.67361 2.68389 1.92435 1.83437 0.922056
threshold=-0.18859449774026868 0.026781643740832809 0.35418500006198889 0.40686200559139257 0.51250001788139354 0.00062437599990516912 -3.1728779077529903 0.025842599570751194 0.3291774988174439 0.71689897775650036 0.071775499731302275 0.59550002217292797 4224.8249511718759 0.027111343108117584 1.0000000180025095e-35 0.54205048084259044 0.87837952375411998 0.14263887703418734 0.99912029504776012 -0.37812425196170801 -4.4671795368194571 0.60493806004524242 0.0024148148950189356 0.026931623928248886 0.12824830412864688 0.21760097891092303 0.74207592010498058 0.062086986377835281
decision_type=2 2 2 2 2 2 2 2 2 2 2 2 2 2 2 2 2 2 2 2 2 2 2 2 2 2 2 2
left_child=1 6 3 10 18 20 26 9 -9 -7 11 -2 14 25 23 16 -8 -12 -5 -6 -4 -16 -17 -3 -22 -14 27 -1
right_child=2 12 5 4 19 7 15 8 -10 -11 17 -13 13 -15 21 22 -18 -19 -20 -21 24 -23 -24 -25 -26 -27 -28 -29
leaf_value=-0.013924216572301232 0.012051163820265382 0.0051401643967191211 0.045767890600413683 0 -0.0061669821977394504 0.0059904911397227626 -0.011879674332157926 -0.0060469992082155723 0.023543285842644281 0.021541267391705345 -0.02080551360196169 -0.015185996206069223 0.012685170068645371 -0.0090008365384707644 0.0018000595923701507 -0.022456904340571557 0.0043052710978908112 0.00060554686473511131 -0.021699273873357662 0.022307338678699915 0.02845085320991193 0.025826670911281293 -0.011022760466061182 -0.027191732762951774 0.0093158803909340251 0.044986340710692282 -0.00059386943623261656 -0.026713090916509814
leaf_weight=10.554650619626043 132.89382353425026 3.4837544858455649 12.220197975635527 12.265006765723227 8.0296063572168368 330.84883789718151 213.20799581706524 24.514569520950317 119.08396697044373 53.550264179706573 16.531381204724312 13.240880876779554 3.6979166865348843 4.7183907032012931 39.93677730858326 83.074546530842781 32.47115170955658 44.833060219883919 53.32392729818821 16.693625211715698 18.84115070104599 7.5523894727230063 50.946734935045242 11.791702836751936 13.713843911886213 8.9163067638874036 3.5121704787015906 89.722098708152771
leaf_count=36 367 10 24 39 26 943 703 76 293 132 55 42 10 16 114 292 96 138 189 45 44 18 171 43 36 18 11 330
internal_value=0.000220275 -0.0124436 0.00843122 0.000740993 -0.00917212 0.0124099 -0.0153788 0.0110169 0.0184258 0.00820541 0.00511053 0.00947853 0.00514765 0.0241068 -9.4848e-05 -0.0127558 -0.00969957 -0.00513858 -0.0176108 0.0127637 0.0283348 0.00603793 -0.0182344 -0.0193183 0.0209253 0.0370481 -0.0247814 -0.0255321
internal_weight=1434.17 563.587 870.584 297.811 90.3122 572.773 483.489 527.998 143.599 384.399 207.499 146.135 80.0972 17.3326 62.7646 379.7 245.679 61.3644 65.5889 24.7232 44.7752 47.4892 134.021 15.2755 32.555 12.6142 103.789 100.277
internal_count=4317 1868 2449 901 299 1548 1639 1444 369 1075 602 409 229 44 185 1262 799 193 228 71 104 132 463 53 80 28 377 366
is_linear=0
shrinkage=0.03


Tree=19
num_leaves=31
num_cat=0
split_feature=20 20 27 20 27 21 18 20 2 27 3 25 28 6 3 27 27 25 27 21 28 34 27 27 34 34 27 27 27 25
split_gain=144.975 33.22 20.9243 18.5879 11.9642 12.7653 10.7349 9.35571 7.86175 7.56449 14.701 9.09571 6.47113 6.06125 5.43132 7.60277 4.47942 4.9032 4.31107 4.20913 4.06826 3.82033 3.75577 3.71182 2.30335 0.615179 0.543679 5.86542 0.280742 0.0400877
threshold=-0.064502000808715806 -2.5905750989913936 0.026781643740832809 2.7174900770187382 0.020369840785861019 0.30470000207424169 0.033986000344157226 -0.42081500589847559 3460.3056640625005 0.020410035736858848 45.40954780578614 0.0016066835378296675 0.31885655224323278 0.051688499748706825 54.423530578613288 0.019647951237857345 0.027362042106688026 0.0037207073764875536 0.021102692000567917 0.039049999788403518 0.73887479305267345 0.70846629142761242 0.019676237367093567 0.027219780720770363 0.69436606764793407 0.62684333324432384 0.020421429537236694 0.019825693219900135 0.020321485586464409 0.0011210519005544486
decision_type=2 2 2 2 2 2 2 2 2 2 2 2 2 2 2 2 2 2 2 2 2 2 2 2 2 2 2 2 2 2
left_child=1 4 6 9 14 18 24 -8 23 10 11 -2 -7 16 28 -16 17 -5 -6 20 -11 -21 -12 -4 -3 -10 27 -15 -1 -28
right_child=3 2 8 13 5 12 7 -9 25 19 22 -13 -14 26 15 -17 -18 -19 -20 21 -22 -23 -24 -25 -26 -27 29 -29 -30 -31
leaf_value=0.041760718002602421 0.017489618708194338 -0.018692102541125476 0.0069092549332993572 0.012148591583548272 0.0022175995788347807 0.02508932291382281 0.010518651948358871 0.0002020474333191214 -0.005676678410193957 -0.018398163093810461 -0.0001266558866496898 -0.0060398345562214144 0.0079009153059218899 -0.025136725266129162 0.031424046819592183 -0.01836114470143026 -0.02580817985478788 -0.018420565923049022 -0.027528231332302356 -0.01101718761278161 0.003292807317323019 -0.0033142240790793999 -0.011727875877373855 -0.010973045126334964 0 -0.026107847007961895 -0.0072439276537603105 0.0099283099922201218 0.022269665428494172 -0.025696775775622162
leaf_weight=30.25261777639389 39.82979142665863 14.809926703572275 19.329775020480156 12.168814182281499 15.185977369546892 68.332061111927032 391.06211557984352 101.41178032755852 3.0099627822637585 78.3006312251091 35.983154937624931 22.304650738835335 30.939866155385971 18.193829059600834 6.8599570393562299 3.7650108337402344 7.6129661053419104 7.0015693902969351 5.3983507752418509 184.35865841805935 7.71646624803543 90.834906816482544 96.924679100513458 21.042138367891312 10.897815451025961 20.963694170117378 1.953752115368842 4.8536039739847174 4.8477927744388571 79.019366905093193
leaf_count=88 126 42 56 39 40 212 1208 306 8 228 111 73 97 51 21 14 19 19 20 546 25 263 278 63 37 60 5 16 14 232
internal_value=-0.000327048 0.00880124 0.00540044 -0.0102787 0.020659 0.0154273 0.00741548 0.00841484 -0.0106201 -0.00784665 -0.00301003 0.00891868 0.0198889 -0.0204836 0.0338627 0.0129411 -0.00709795 0.000341889 -0.00562436 -0.0104256 -0.0163405 -0.00851789 -0.0086667 -0.00221115 -0.0111807 -0.0240788 -0.0237936 -0.0173161 0.0396722 -0.0254092
internal_weight=1435.17 748.109 582.527 687.057 165.582 119.856 518.182 492.474 64.3456 556.253 195.042 62.1344 99.2719 130.804 45.7254 10.625 26.7833 19.1704 20.5843 361.211 86.0171 275.194 132.908 40.3719 25.7077 23.9737 104.021 23.0474 35.1004 80.9731
internal_count=4317 2286 1780 2031 506 369 1593 1514 187 1650 588 199 309 381 137 35 77 58 60 1062 253 809 389 119 79 68 304 67 102 237
is_linear=0
shrinkage=0.03


Tree=20
num_leaves=28
num_cat=0
split_feature=9 7 2 25 2 16 10 4 29 4 33 4 6 29 23 34 29 29 25 34 28 28 25 33 29 29 26
split_gain=22.2388 14.9715 18.9816 12.6113 7.78116 7.09265 7.75491 6.8921 7.85094 6.73613 6.60101 6.59724 5.87915 5.83523 5.75855 5.72896 5.97855 5.4399 4.11111 3.96699 3.96213 3.29887 4.84621 2.72046 2.34285 1.62048 1.79438
threshold=0.34812349081039434 22.169844627380375 3548.035278320313 0.0025921928463503723 3009.5832519531255 1.0000000180025095e-35 -15.318406105041502 121.55520248413087 0.25550000369548803 -1076.9996337890623 0.12219429016113283 -5687.9118652343741 0.067668996751308455 0.34149999916553503 -4.6397244930267325 0.69904839992523204 0.11749999970197679 0.25949999690055853 0.00087119167437776934 0.7344861924648286 -0.51034387946128834 -0.45622704923152918 0.0013240206171758475 0.15446387231349948 0.14350000023841861 0.284500002861023 0.99882721900939953
decision_type=2 2 2 2 2 2 2 2 2 2 2 2 2 2 2 2 2 2 2 2 2 2 2 2 2 2 2
left_child=1 4 12 18 14 11 13 9 -9 -8 -5 25 17 -7 23 20 -17 -3 -4 -16 -13 -6 -23 -1 -14 -2 -27
right_child=5 2 3 10 21 6 7 8 -10 -11 -12 15 24 -15 19 16 -18 -19 -20 -21 -22 22 -24 -25 -26 26 -28
leaf_value=0 -0.025123391512841042 -0.017586749825895986 -0.023355423704118177 0.00022249532353943043 -0.00062086844396563889 -0.00013235364681378481 0.0018322252665287468 -0.0029823976665826978 0.012534613626391276 -0.0074302665211485146 0.030128801790152236 0.0025622549912800901 -0.012125058777544363 0.040820593166982444 -0.0031716983573667145 -0.011310271503196764 0.0050141232877313289 -0.008378808480394101 -0.00053148476183882459 0.018044066846727484 0.01221881647731049 0 0.03326451156652474 0.020359109897193597 0.00020485539980011615 -0.019430969622486624 0.0031920435935187423
leaf_weight=8.5657563507556933 5.1652911603450802 129.31126274168491 7.4519760906696311 11.003114730119707 5.6985266804695156 4.6687719225883466 141.58703468739986 49.697089165449142 68.033540457487106 137.99970960617065 19.044385701417923 52.33350133895874 18.120384693145752 6.9163218140602112 140.33909702301025 23.059591263532639 133.26677450537682 116.70154766738415 76.141130268573761 7.8222295790910712 177.05832657217979 5.9613080024719265 13.677148163318632 16.601748794317245 49.037723809480667 4.1414402425289145 8.1274963617324811
leaf_count=26 11 365 18 35 16 15 434 152 219 402 65 157 51 25 398 67 414 330 231 25 566 19 47 55 141 10 23
internal_value=0.000100491 -0.00414285 -0.00731232 0.00311855 0.00262249 0.00338049 0.000570671 -0.000126743 0.00592345 -0.00271257 0.0196549 0.00620386 -0.011125 0.0242493 0.000279458 0.00703795 0.00252035 -0.0132811 -0.00279994 -0.00193414 0.0100653 0.0179871 0.0237149 0.0134454 -0.00305396 -0.0114295 -0.00420147
internal_weight=1437.53 625.477 426.812 113.641 198.666 812.055 408.902 397.317 117.731 279.587 30.0475 403.152 313.171 11.5851 173.329 385.718 156.326 246.013 83.5931 148.161 229.392 25.337 19.6385 25.1675 67.1581 17.4342 12.2689
internal_count=4317 1822 1236 349 586 2495 1247 1207 371 836 100 1248 887 40 504 1204 481 695 249 423 723 82 66 81 192 44 33
is_linear=0
shrinkage=0.03


Tree=21
num_leaves=31
num_cat=0
split_feature=0 1 9 27 22 10 27 9 10 27 27 27 29 27 0 0 9 22 10 27 33 29 29 29 29 27 27 25 33 33
split_gain=154.62 37.4097 23.793 15.4119 14.5555 14.2588 13.6161 17.45 13.038 12.3059 11.7269 9.91049 8.76287 8.39152 13.1203 6.47483 6.39038 12.3872 5.77466 6.78897 5.27814 4.80858 4.30891 4.0595 2.97094 2.41263 2.74083 2.28893 1.00541 0.938439
threshold=0.30329549312591558 -0.50438550114631642 0.40329450368881231 0.026885607279837135 -0.093178998678922639 -0.47342298924922938 0.025842599570751194 0.3291774988174439 -13.689263820648192 0.027514189481735233 0.025277750566601757 0.026672904379665855 0.51250001788139354 0.019799064844846729 0.59896200895309459 -0.73244249820709217 0.3621129989624024 4.199775457382203 -1.8586509823799131 0.020385479554533962 0.14436727762222293 0.20850000530481341 0.82850000262260448 0.17449999600648883 0.64750000834465038 0.025842599570751194 0.020522944629192356 0.0032240703003481035 0.20194277912378314 0.97367084026336681
decision_type=2 2 2 2 2 2 2 2 2 2 2 2 2 2 2 2 2 2 2 2 2 2 2 2 2 2 2 2 2 2
left_child=1 16 8 12 6 9 13 21 23 10 -6 -10 -4 27 -15 -5 18 29 24 -20 -19 -8 -9 -3 -1 26 -7 -2 -11 -18
right_child=4 2 3 15 5 25 7 22 11 28 -12 -13 -14 14 -16 -17 17 20 19 -21 -22 -23 -24 -25 -26 -27 -28 -29 -30 -31
leaf_value=-0.025729682003315504 -0.028074327421274397 -0.027118784650886744 -0.018931764431825784 0.0018674733352327323 0.01430731577892352 0.029865287876007268 0.013279016676766819 0.029009178233952059 2.1790550835876294e-05 0.017096037217295169 -0.0014525702887917711 0.013582851652550163 -0.0030548124237808295 0.026975184967437886 0.0010828745788727325 0.046190712483854229 -0.027172105874661939 0.014907870609899636 -0.012449739609898307 0.0083576440040746582 -0.012062221791965495 -0.014618521928525674 0.0068531225745195393 -0.0080540631451624205 0 0.039340538486048141 0.017969091249182337 0.0002227473966589012 0.04301061158642483 -0.01093051581797122
leaf_weight=27.080387592315677 9.3569358587264997 14.015829607844351 133.2051013559103 9.4941532611846906 143.58794079720974 38.506299436092377 7.7711956202983883 49.922510206699371 293.89361247420311 4.1216911971569052 58.738239914178848 57.908169209957123 42.987274914979935 19.409977704286575 161.51787869632244 4.182404398918151 110.69102820754051 7.7913511395454398 45.503487348556519 19.421719923615456 27.7366673797369 15.573216199874876 11.138227790594099 43.590594872832298 4.6829067766666403 12.639549583196638 51.448530793190002 2.6328262388706198 11.322361290454863 6.1950554847717276
leaf_count=98 32 51 473 29 384 85 20 118 880 10 171 156 139 45 475 8 413 22 148 53 95 53 31 143 15 26 130 8 22 21
internal_value=0.000188137 -0.00803761 -0.00395008 -0.0127131 0.0118761 0.0162507 0.0067699 0.0167992 0.000102473 0.0117834 0.00969532 0.00229566 -0.0151287 0.00230326 0.0039769 0.0172078 -0.0178075 -0.0217146 -0.0114759 -0.00607156 -0.00577302 -0.00487046 0.0252023 -0.0130409 -0.0219784 0.0255428 0.0232978 -0.0213798 0.037412 -0.0264382
internal_weight=1446.07 848.38 599.277 189.869 597.687 320.365 277.323 84.4051 409.408 217.77 202.326 351.802 176.192 192.918 180.928 13.6766 249.103 152.414 96.6885 64.9252 35.528 23.3444 61.0607 57.6064 31.7633 102.594 89.9548 11.9898 15.4441 116.886
internal_count=4354 2744 1879 649 1610 828 782 222 1230 587 555 1036 612 560 520 37 865 551 314 201 117 73 149 194 113 241 215 40 32 434
is_linear=0
shrinkage=0.03


Tree=22
num_leaves=27
num_cat=0
split_feature=1 1 1 27 1 27 3 29 21 3 33 27 25 26 3 27 27 2 27 16 29 27 27 34 27 34
split_gain=153.44 34.517 24.4816 15.5051 14.5534 13.1159 14.04 12.3797 7.41756 7.03252 6.22728 5.70434 9.24941 7.23134 6.76885 5.27564 4.89028 4.70635 5.59076 3.30406 3.28035 1.887 2.60119 1.78496 1.00129 0.35735
threshold=-0.25575350224971766 0.64156350493431102 -0.69541749358177174 0.020410035736858848 0.43567599356174475 0.026736826635897163 44.680541992187507 0.41650000214576727 0.023399999365210537 42.985136032104499 0.3093856424093247 0.020333440974354747 0.0056229250039905318 1.0005134940147402 54.423530578613288 0.019724946469068531 0.026598605327308181 3701.428100585938 0.027362042106688026 0.87837952375411998 0.082499999552965178 0.025179612450301651 0.025051615200936798 0.67510789632797252 0.026860929094254974 0.72030979394912731
decision_type=2 2 2 2 2 2 2 2 2 2 2 2 2 2 2 2 2 2 2 2 2 2 2 2 2 2
left_child=2 3 11 4 9 6 7 -4 19 -2 -8 14 13 -13 25 -16 -10 18 -7 -5 -3 22 -22 -6 -19 -1
right_child=1 20 5 8 23 17 10 -9 16 -11 -12 12 -14 -15 15 -17 -18 24 -20 -21 21 -23 -24 -25 -26 -27
leaf_value=0.038315087349681073 0.027767520427742623 0.0042652506909103471 0.019157693822215872 -0.019421801445203883 -0.016465313531423709 0.0065089814182236957 0.0081401814043814361 0.003481371240355152 -0.0047247937071721834 0.0037424356634890646 -0.0050707220932989247 0.018931869363475805 0.043837207010108507 -0.0040528709517231899 0.021291994657634174 -0.016438560726372425 -0.012987974742019721 -0.0064250275083446969 -0.025573904791855482 -0.0002283106243786747 -0.019318640773644688 -0.025798909118048982 -0.0011307527010205132 -0.0061521203639052441 -0.025798512707338156 0.022174413695482096
leaf_weight=39.827399462461472 11.405304640531538 4.1012388467788687 171.48216173052788 64.480172395706177 28.961893856525421 25.695464521646503 75.939697742462158 63.954853683710098 313.34983250498772 176.38038904964924 54.139867007732391 34.031736373901367 8.972670763731001 18.033837199211121 23.400004416704181 3.2248868644237509 83.843484163284302 5.6095187067985526 5.4996490180492392 10.320214137434958 100.27935791015625 55.334808483719826 8.8199931681156141 41.956367820501328 9.5351144373416883 6.869745433330535
leaf_count=116 34 13 520 192 80 76 232 204 941 532 171 98 26 54 70 12 246 14 18 36 307 160 26 126 29 21
internal_value=-0.000179479 -0.00780219 0.0123489 -0.00495568 0.000915296 0.00866791 0.0105824 0.0149539 -0.00819022 0.00531928 0.00257444 0.0234918 0.0161508 0.0108367 0.0293302 0.0161714 -0.00650583 -0.00619289 0.000254656 -0.0169123 -0.0200391 -0.0207109 -0.0179422 -0.0105757 -0.0196326 0.0363913
internal_weight=1445.45 899.233 546.217 730.698 258.704 411.856 365.517 235.437 471.994 187.786 130.08 134.36 61.0382 52.0656 73.322 26.6249 397.193 46.3397 31.1951 74.8004 168.535 164.434 109.099 70.9183 15.1446 46.6971
internal_count=4354 2693 1661 2187 772 1264 1127 724 1415 566 403 397 178 152 219 82 1187 137 94 228 506 493 333 206 43 137
is_linear=0
shrinkage=0.03


Tree=23
num_leaves=28
num_cat=0
split_feature=9 1 29 33 17 17 33 7 27 27 6 28 27 34 33 27 26 0 28 29 0 29 29 29 27 7 7
split_gain=19.2371 14.3338 12.2543 8.19365 8.10886 6.80154 6.7837 6.67292 7.89895 6.43159 6.13623 4.61749 3.26202 3.19101 3.07226 4.23872 2.94203 2.72547 2.12357 2.05153 1.79382 1.56318 1.81217 1.66415 0.934329 0.40173 0.291395
threshold=0.4505975097417832 -0.77992299199104298 0.331499993801117 0.46388489007949835 -0.5617450177669524 0.81174498796463024 0.27960035204887396 15.23994827270508 0.020998104475438598 0.025940185412764553 0.046361999586224563 -0.45042221248149866 0.018821570090949539 0.61977124214172374 0.97367084026336681 0.026014086790382866 0.99946019053459179 1.4623594880104067 0.32509556412696844 0.49850000441074377 -1.8333045244216917 0.2034999951720238 1.0805000066757204 0.67050001025199901 0.02302536275237799 31.444667816162113 34.053321838378913
decision_type=2 2 2 2 2 2 2 2 2 2 2 2 2 2 2 2 2 2 2 2 2 2 2 2 2 2 2
left_child=1 21 7 6 9 -6 11 8 -3 -4 -9 17 -13 14 15 -5 26 -2 -18 -16 24 -1 23 -23 -8 -22 -15
right_child=3 2 4 13 5 -7 20 10 -10 -11 -12 12 -14 16 19 -17 18 -19 -20 -21 25 22 -24 -25 -26 -27 -28
leaf_value=-0.026326987291223354 0.0037781270987538133 0.032478125938039511 0.0047181848804965275 0.026757666064857948 -0.0020796139677539743 0.0077236231074277453 0.025268567457260208 0.00076099425940427375 -0.014730334628552876 0.018745064772488204 -0.0048652877615771714 -0.0054695415182572944 0.016645602173915131 -0.007736451090954828 0.005004512310027247 -0.010556790837723054 0.015083131879502143 -0.021178849459870332 -0.0081333446508717096 -0.023858552264136756 0.018348932601024329 -0.011678778989208865 -0.025999792444575818 0.0072953150353762567 0.0045891705053309924 0.03733954513657195 -0.026041961009327142
leaf_weight=13.886592924594877 12.454401671886446 9.4758515954017621 89.092860490083694 9.6213521957397479 217.81125390529633 89.158418893814087 4.1822333037853259 251.52490057051182 4.0339251160621634 45.799437493085861 549.75020149350166 5.9373837709426871 48.321060001850128 3.4990854263305682 4.7958694398403159 3.0419884026050559 5.2071705758571616 4.9747793078422538 8.7670622766017896 2.9974947273731232 5.2350581586360958 22.689645513892177 7.5744880735874167 4.0974335223436347 6.2607331573963165 13.820280790328978 5.7055252492427826
leaf_count=45 39 33 275 34 636 267 15 760 9 147 1617 17 157 10 16 7 17 12 25 8 17 71 24 14 20 48 14
internal_value=-2.50662e-06 -0.00116135 -0.000534575 0.0103452 0.00347699 0.000746365 0.0150141 -0.0027219 0.017717 0.00959879 -0.00308857 0.0097169 0.0140334 -0.00032498 0.00799218 0.0170498 -0.00805922 -0.00323529 0.000118127 -0.00578076 0.027211 -0.0171284 -0.0128285 -0.00836612 0.0144695 0.0331851 -0.0207677
internal_weight=1449.72 1304.9 1256.65 144.821 441.862 306.97 101.186 814.785 13.5098 134.892 801.275 71.6876 54.2584 43.6355 20.4567 12.6633 23.1788 17.4292 13.9742 7.79336 29.4983 48.2482 34.3616 26.7871 10.443 19.0553 9.20461
internal_count=4354 3898 3744 456 1325 903 325 2419 42 422 2377 225 174 131 65 41 66 51 42 24 100 154 109 85 35 65 24
is_linear=0
shrinkage=0.03


Tree=24
num_leaves=31
num_cat=0
split_feature=1 27 20 20 22 25 27 27 9 27 17 25 7 25 27 3 27 25 33 22 27 27 3 26 25 17 34 1 34 26
split_gain=156.599 33.6255 30.1906 17.4775 14.6401 15.0913 14.2108 13.3342 12.4567 12.3441 11.1839 12.8425 10.6928 10.6822 8.66311 7.68553 13.7703 7.11342 7.58356 7.37044 6.16169 5.36736 4.58945 4.31989 3.73585 3.33026 3.11425 2.82667 2.19695 2.03619
threshold=-0.16258350014686582 0.026736826635897163 0.30329549312591558 0.10615099966526033 4.0816555023193368 0.00071639756788499664 0.027362042106688026 0.020035569556057457 0.3621129989624024 0.018917583860456947 1.0000000180025095e-35 0.00097680406179279111 24.139434814453129 0.002862373949028552 0.026781643740832809 58.983057022094734 0.024344349279999736 0.0032240703003481035 0.083941992372274413 -3.4661380052566524 0.020655313506722454 0.02707244269549847 65.956329345703139 0.99985381960868847 0.002835816354490817 1.0000000180025095e-35 0.69373688101768505 -0.46698449552059168 0.7248690426349641 1.0011073946952822
decision_type=2 2 2 2 2 2 2 2 2 2 2 2 2 2 2 2 2 2 2 2 2 2 2 2 2 2 2 2 2 2
left_child=1 8 3 7 5 23 -7 12 10 24 11 -1 -2 -12 -9 27 -17 19 -19 21 29 -3 -11 -4 -6 -21 -22 -10 -20 -5
right_child=2 17 4 20 9 6 -8 14 15 22 13 -13 -14 -15 -16 16 -18 18 28 25 26 -23 -24 -25 -26 -27 -28 -29 -30 -31
leaf_value=0.016863559855255176 0.0061307770508572104 0.036162174131644256 0.0071348060335390227 -0.024228598247785789 -0.026126771452917127 0.0058483923953685634 0.029323953067792258 0.0062816932050341031 -0.023652209647801552 0.020106030864795333 -0.018450764293741855 -0.0094083189656138603 -0.018762675220626624 0.0035447868481843278 0.045802509235978936 -0.012052402403247276 0.050949963130929983 0.018510947616030188 -0.020905824137588326 -0.014887863968331938 0.025637534379087445 0.0061604424460464059 0.035418332639374342 0.026996768328077399 0.01257233425420278 0.0069630150280373046 -0.011394863753743569 -0.015569016195304668 0.001851205787839283 0
leaf_weight=25.678419038653374 25.433855682611465 13.336886525154116 14.353744953870772 33.847523912787437 5.6939807385206205 382.71928650140762 24.528902173042297 170.53196094930172 169.07681748270988 88.467923372983932 111.55484317243099 45.973497644066811 37.053805604577065 23.179650202393532 4.752768099308013 32.764250919222832 2.9177344143390647 6.9689803719520595 17.06039381027222 7.5183410644531241 3.6382702291011801 10.516669541597365 26.379146248102188 51.369660437107086 2.7854301929473877 27.015351220965385 3.2384141683578491 67.094884768128395 3.8834151625633231 2.9067689925432196
leaf_count=70 70 29 38 123 21 1083 55 497 628 220 380 149 129 71 9 110 6 18 58 27 9 30 54 118 8 74 11 236 11 10
internal_value=0.000222879 -0.0120906 0.00815555 2.29681e-05 0.0119751 0.00952212 0.00731864 0.00326662 -0.0152032 0.0212336 -0.00952375 0 -0.00851937 -0.014601 0.00753171 -0.0194564 -0.00601904 0.00504275 -0.00713559 0.0110288 -0.0172865 0.0237025 0.0238394 0.0228815 -0.0124199 0.00180437 0.00738764 -0.0214316 -0.0163217 -0.0221818
internal_weight=1442.24 564.54 877.701 281.403 596.298 472.972 407.248 237.772 478.24 123.326 206.386 71.6519 62.4877 134.734 175.285 271.854 35.682 86.3 27.9128 58.3872 43.631 23.8536 114.847 65.7234 8.47941 34.5337 6.87668 236.172 20.9438 36.7543
internal_count=4352 1897 2455 858 1597 1294 1138 705 1650 303 670 219 199 451 506 980 116 247 87 160 153 59 274 156 29 101 20 864 69 133
is_linear=0
shrinkage=0.03


Tree=25
num_leaves=29
num_cat=0
split_feature=0 0 27 0 27 27 0 27 11 0 21 9 10 25 2 8 28 0 27 22 27 27 29 27 3 0 33 27
split_gain=141.981 31.4215 19.9519 17.5161 14.4033 11.4801 10.5956 12.5585 12.1594 9.99569 9.38665 7.25257 6.89055 6.81332 6.06623 6.44214 5.49387 4.92166 8.30083 4.88968 4.13648 3.7011 2.23249 2.20566 1.95233 0.846687 0.407675 0.153749
threshold=0.026813500560820106 -2.5905750989913936 0.026736826635897163 1.2829099893569949 0.019647951237857345 0.020321485586464409 -1.1697199940681455 0.020538094453513626 1.0000000180025095e-35 -4.9033493995666495 0.69530001282691967 0.40686200559139257 -0.47342298924922938 0.0013428155798465016 3795.4301757812505 -1.4344330430030821 -0.72156020998954762 -2.7149544954299922 0.019647951237857345 -0.11067499592900275 0.027362042106688026 0.020484949462115768 0.33849999308586126 0.025842599570751194 32.353176116943366 1.8121165037155154 0.48369781672954565 0.02680077496916056
decision_type=2 2 2 2 2 2 2 2 2 2 2 2 2 2 2 2 2 2 2 2 2 2 2 2 2 2 2 2
left_child=1 5 6 4 22 17 8 -8 -3 21 20 19 14 -13 15 -5 -11 -1 -19 -6 -4 -7 -2 -16 26 -26 -14 -12
right_child=3 2 10 12 11 9 7 -9 -10 16 27 13 24 -15 23 -17 -18 18 -20 -21 -22 -23 -24 -25 25 -27 -28 -29
leaf_value=0.039708128470748998 0.046318679412679781 0.0020521976640555778 0.0052872294049204358 -0.0014900223535286978 -0.0039865914697436982 -0.0010430585361323745 0.0077875915842396601 -0.004505299052300852 0.016009900379616367 0.030289615682482569 -0.011818969573933304 0.018094076968304503 -0.011148964658995082 -0.0074500332167223102 -0.013142812210708746 -0.014853539223246651 0.0060219312464478468 0.032866401981929493 -0.014645155235916472 -0.012336805967133352 -0.012752530720637896 0.03090567920916288 0.0088737679637576269 -0.027114615811479864 -0.017027058519812878 -0.02396030011397287 0 -0.026959692656127864
leaf_weight=30.467247247695923 4.4928807020187369 87.070653051137924 27.465560674667358 66.195054739713669 118.13170118629932 2.9843054711818686 190.77176874876022 121.44618767499924 167.26834774017334 9.3252979516983014 4.2283965647220638 18.491550832986832 7.3715565949678403 17.602884232997894 25.099815130233765 66.759784653782845 77.86255070567131 8.3532226085662824 4.6082004010677329 147.67285656929016 18.569337174296379 32.661047607660294 3.3868632316589355 26.474481910467148 41.828838542103767 91.609686672687531 3.9137689918279648 20.166931658983231
leaf_count=87 14 272 81 195 358 10 582 372 507 27 11 59 28 55 72 192 239 25 17 439 56 98 11 77 120 276 13 59
internal_value=-0.000484 0.00790293 0.00484469 -0.0110382 -0.00585729 0.0195161 0.00672738 0.00297758 0.0112803 0.0145924 -0.0101139 -0.00694827 -0.0158691 0.00545896 -0.0118537 -0.00829811 0.00887806 0.0329128 0.0153894 -0.00867396 -0.00185499 0.0280044 0.032788 -0.0206792 -0.0208685 -0.0219258 -0.00720336 -0.024987
internal_weight=1442.28 803.249 636.987 639.032 309.779 166.262 566.557 312.218 254.339 122.833 70.4302 301.899 329.253 36.0944 184.529 132.955 87.1878 43.4287 12.9614 265.805 46.0349 35.6454 7.87974 51.5743 144.724 133.439 11.2853 24.3953
internal_count=4352 2443 1940 1909 936 503 1733 954 779 374 207 911 973 114 536 387 266 129 42 797 137 108 25 149 437 396 41 70
is_linear=0
shrinkage=0.03


Tree=26
num_leaves=27
num_cat=0
split_feature=9 10 17 2 7 27 29 33 9 27 6 21 29 27 3 27 27 27 8 26 27 27 26 33 25 26
split_gain=19.8526 12.053 11.3952 10.5633 9.83161 21.1995 9.70194 7.94218 7.87259 7.83555 7.33656 6.69912 5.00981 4.82391 9.26711 5.84309 4.79346 4.54768 4.23287 3.47256 3.34748 3.21211 2.52031 2.46879 2.37589 1.88943
threshold=0.34812349081039434 -8.2832212448120099 0.81174498796463024 3548.035278320313 22.169844627380375 0.020106017589569095 0.35649999976158148 1.0120487213134768 0.4796034991741181 0.026133027859032158 0.047767000272870071 1.0000000180025095e-35 0.15650000423192981 0.026972455903887752 34.348869323730476 0.020346667617559436 0.020736346021294597 0.020867367275059227 -3.3788095712661739 0.99914276599884044 0.026306525804102424 0.026972455903887752 1.0010802745819094 0.3353842049837113 0.0027928316267207269 1.00013142824173
decision_type=2 2 2 2 2 2 2 2 2 2 2 2 2 2 2 2 2 2 2 2 2 2 2 2 2 2
left_child=1 13 7 4 5 -3 17 8 11 12 -9 -2 25 14 -1 -16 -8 -5 -6 -14 -10 -11 -12 -15 -23 -4
right_child=2 3 9 6 18 -7 16 10 20 21 22 -13 19 23 15 -17 -18 -19 -20 -21 -22 24 -24 -25 -26 -27
leaf_value=-0.02488360133133866 0.014415156495349104 0.04332382364780351 0.013156457131450083 -0.0099138394417177169 -0.00067774480654749891 -0.0049825789641881344 0.009182201201569453 0.019797246463754036 0.014616215392222734 -0.02550457141066826 -0.018782643057422058 0.0011407720488126613 0.010071474242563902 0.006950242954156193 -0.0046303457771397702 0.0062132882351020203 0.046476791974234946 0.017951049909945598 -0.013450064889025944 0.029953049288916934 -0.0020357434864212939 -0.0083302044042665949 0.0016932271913742973 0.044812495754183862 0.02410520139866696 -0.015168024820220354
leaf_weight=11.222061604261397 35.988353312015533 8.288877457380293 3.3392091393470755 20.817009955644611 27.963424950838089 114.54467503726482 7.8131247162818891 5.576535075902938 66.42476823925972 4.3417219519615156 30.613669127225876 606.89683233201504 13.610702544450758 4.5221727490425101 66.239215448498726 131.78800961375237 6.1603493690490723 6.3918927907943717 212.92890267074108 30.834650754928589 11.736735582351683 3.8490216135978699 5.5021417140960684 2.9350313544273376 3.0320602655410767 4.0529859662055969
leaf_count=29 114 30 11 60 77 321 25 19 218 10 85 1857 44 13 191 403 23 20 607 105 30 11 17 11 11 10
internal_value=0.000253986 -0.00378714 0.00330726 -0.00684522 -0.00848752 -0.00148744 0.00737165 0.00227481 0.0030229 0.0155374 -0.0103321 0.00190848 0.0204659 0.00188792 0.000968922 0.00253828 0.0272833 -0.00283724 -0.0120092 0.0242446 0.0120043 -0.00636138 -0.0154369 0.0248627 0.00540744 -0.00120998
internal_weight=1447.41 621.615 825.799 404.908 363.726 122.834 41.1824 762.739 721.047 63.0604 41.6923 642.885 51.8375 216.706 209.249 198.027 13.9735 27.2089 240.892 44.4454 78.1615 11.2228 36.1158 7.4572 6.88108 7.3922
internal_count=4352 1810 2542 1163 1035 351 128 2340 2219 202 121 1971 170 647 623 594 48 80 684 149 248 32 102 24 22 21
is_linear=0
shrinkage=0.03


Tree=27
num_leaves=29
num_cat=0
split_feature=0 1 27 6 27 2 0 8 10 23 27 4 3 6 6 26 6 4 26 10 27 33 33 29 29 26 27 33
split_gain=146.586 32.9759 20.7477 14.2943 13.0595 16.4661 12.838 10.3736 10.1806 11.9136 8.06211 17.4197 12.0277 7.37229 13.1245 6.73705 6.57185 6.27309 8.72433 6.10764 6.06459 5.40527 4.22132 3.20868 3.14154 1.38506 0.440105 0.381859
threshold=0.30329549312591558 -0.45222748816013331 0.026736826635897163 0.057730501517653472 0.020947109907865528 2987.780883789063 0.10615099966526033 2.5797339677810673 -13.689263820648192 -1.2846549749374387 0.027514189481735233 -1895.090393066406 44.051786422729499 0.056751500815153129 0.062523500993847861 1.0008643269538882 0.066185001283884062 -5252.2158203124991 0.99946019053459179 -18.686863899230953 0.02045493666082621 0.12572375684976581 0.34379796683788305 0.44550000131130224 0.64750000834465038 1.0014045834541323 0.020611920394003395 0.18427035957574847
decision_type=2 2 2 2 2 2 2 2 2 2 2 2 2 2 2 2 2 2 2 2 2 2 2 2 2 2 2 2
left_child=1 2 13 10 16 -6 8 -7 19 -10 11 21 -13 24 -15 26 20 23 -19 -3 -5 -2 -17 -4 -1 -18 -8 -12
right_child=3 6 17 4 5 7 15 -9 9 -11 27 12 -14 14 -16 22 25 18 -20 -21 -22 -23 -24 -25 -26 -27 -28 -29
leaf_value=-0.026862288740032762 0.011127843840457695 -0.0016398575391672232 0.039666046712074944 -0.0044383092753801819 0.045774163477236104 0.0044285183093227135 -0.027499492129789627 0.019534332495461642 0.0050035813081531827 -0.0062732460321055722 0.021716067433947352 -0.00034339418075005491 0.020194993603829058 -0.0057301051064720726 -0.021272084839142946 -0.015836426010398117 -0.020091121506642825 -0.021381431785665352 0.0077971213102630268 -0.018621743865279955 0.015432030733087757 -0.016317271965347126 0.021789856686547423 0.0010458964757878633 -0.0060421859549151802 0 -0.012818102435828387 0.042444275037225691
leaf_weight=83.84321902692318 8.9553473293781298 36.753174737095833 5.1213219761848432 41.455433070659637 11.273699849843977 141.19195376336575 25.664485290646557 58.777087479829788 233.07498896121979 131.13301195204258 5.2677690386772182 28.103787124156952 216.91016897559166 89.690129861235619 113.79179352521896 4.7214911431074125 18.41593033075333 13.388192996382712 26.602641463279724 42.401559203863144 19.925912141799927 18.576522260904312 4.8795587122440338 3.7552127242088318 8.6753293424844724 2.6457850039005271 6.2113135159015647 11.221199989318846
leaf_count=313 23 119 10 129 24 404 98 144 675 424 12 82 533 296 414 17 61 44 74 153 54 57 14 11 30 8 21 21
internal_value=0.000309499 -0.00778163 -0.014872 0.0118423 0.00710844 0.0110623 -0.00270955 0.00895113 -0.00118516 0.000915651 0.0166007 0.0152565 0.0178066 -0.0178621 -0.0144965 -0.0185818 -0.00291951 0.00305463 -0.00189245 -0.0109095 0.00193923 -0.00702983 0.00252747 0.0252147 -0.0250497 -0.0172136 -0.0251588 0.037186
internal_weight=1412.43 829.707 344.868 582.721 293.686 211.243 484.84 199.969 443.363 364.208 289.035 272.546 245.014 296 203.482 41.4768 82.4431 48.8674 39.9908 79.1547 61.3813 27.5319 9.60105 8.87653 92.5185 21.0617 31.8758 16.489
internal_count=4265 2713 1192 1552 824 572 1521 548 1371 1099 728 695 615 1053 710 150 252 139 118 272 183 80 31 21 343 69 119 33
is_linear=0
shrinkage=0.03


Tree=28
num_leaves=30
num_cat=0
split_feature=1 0 0 1 29 27 4 27 27 27 0 0 28 27 4 27 21 27 29 27 7 3 33 27 27 27 26 27 27
split_gain=149.192 41.827 17.7355 16.8904 12.7168 10.7474 10.9665 10.081 12.7243 9.90147 8.54823 8.02847 9.70816 7.27965 7.12405 7.09591 4.88743 7.96165 5.42634 4.31233 4.08187 3.17329 1.60261 0.179265 6.55585 0.893202 0.100239 0.0331472 0.538526
threshold=-0.45222748816013331 0.048949500545859344 -4.5034699440002433 0.64156350493431102 0.30449999868869787 0.020556859672069553 -1259.1920776367185 0.02364732883870602 0.026885607279837135 0.020106017589569095 -2.2767890691757198 -3.5131604671478267 -0.62811258435249318 0.02728238329291344 -838.79943847656239 0.020062898285686973 0.039049999788403518 0.019647951237857345 0.16350000351667407 0.026672904379665855 25.388464927673343 44.623849868774421 0.2931343019008637 0.022941910661756996 0.025439766235649589 0.024717390537261966 1.0021987557411196 0.021432847715914253 0.020394305698573593
decision_type=2 2 2 2 2 2 2 2 2 2 2 2 2 2 2 2 2 2 2 2 2 2 2 2 2 2 2 2 2
left_child=2 5 23 16 9 6 15 14 -9 10 -4 12 -6 -11 -7 -2 17 -3 -18 -13 22 -8 -5 27 25 -25 -22 28 -1
right_child=1 3 4 20 11 7 21 8 -10 13 -12 19 -14 -15 -16 -17 18 -19 -20 -21 26 -23 -24 24 -26 -27 -28 -29 -30
leaf_value=0.03672560031832349 0.05083752346346735 0.03215035734073602 0.025184545413757784 -0.018426202427940252 0.044150844415688367 -0.018614053795920588 0.012946598222779137 0.0059072065256509012 -0.015757764816742903 0.024770954415892051 0.0030099214818159925 0.0042567684417351096 0.0090154421332918136 -0.01045564541857576 -0.001047362365019632 0.014415633348994861 0.0044432997123952803 -0.01434238065503356 -0.0076567728361302293 -0.010857202457310346 -0.02539170962138361 0.0007114402689666579 -0.0087606725886025302 -0.0092442367960887447 0.040545737874732118 0.010556674914645554 -0.016887990231335047 0.044321642272857661 0.021823306442164233
leaf_weight=13.799789398908617 5.9547549486160269 2.8275424540042868 21.631326973438263 41.291809991002083 8.5872859656810743 50.403732016682625 22.630281507968903 119.11742688715458 30.064647063612938 114.88098305463791 58.139254927635193 75.56166884303093 39.531233191490173 4.9016800820827475 37.132440283894539 28.380945444107056 36.748799532651901 130.89401206374168 269.07771156728268 21.268563747406006 74.273358061909676 120.86994081735611 35.068494096398354 2.9313551187515285 9.1696310043334943 4.1688136160373688 12.858805388212202 8.4470768868923169 12.055981218814848
leaf_count=39 18 9 66 124 25 153 66 365 94 341 175 235 123 14 114 82 110 382 822 65 226 360 108 10 26 13 40 24 36
internal_value=-0.000325718 -0.00640675 0.0153028 -0.0114475 0.0127884 0.00090909 0.00648936 -0.00325003 0.00144289 0.0177177 0.00925454 0.00590271 0.0158604 0.0232171 -0.0113128 0.0216296 -0.00833343 -0.0131761 -0.00616854 0.000805826 -0.0197137 0.0027417 -0.0141903 0.0319615 0.0244266 0.0011272 -0.024343 0.0348745 0.0306643
internal_weight=1412.67 1017.59 395.075 603.041 344.502 414.554 177.836 236.718 149.182 199.553 79.7706 144.949 48.1185 119.783 87.5362 34.3357 439.548 133.722 305.827 96.8302 163.492 143.5 76.3603 50.5726 16.2698 7.10017 87.1322 34.3028 25.8558
internal_count=4265 3073 1192 1821 1044 1252 526 726 459 596 241 448 148 355 267 100 1323 391 932 300 498 426 232 148 49 23 266 99 75
is_linear=0
shrinkage=0.03


Tree=29
num_leaves=23
num_cat=0
split_feature=1 9 25 10 27 3 27 2 27 3 3 6 25 2 0 26 26 34 27 26 26 25
split_gain=21.1576 14.0964 10.8035 9.29016 10.3311 7.70108 9.01605 7.64059 8.38435 6.44176 6.10662 5.80922 4.95687 8.59744 2.8515 2.51431 2.81754 2.36058 2.27838 1.23791 0.280967 1.1047
threshold=-0.77506297826766957 0.34812349081039434 0.0010292651131749155 4.7818539142608651 0.02728238329291344 37.873846054077156 0.026385592296719555 3078.000854492188 0.020510667935013775 38.90239334106446 34.495037078857429 0.047767000272870071 0.00089401131845079373 2585.3728027343755 -0.50731351971626271 1.0004605650901797 1.0021987557411196 0.71718704700469982 0.020394305698573593 1.000993072986603 0.99868988990783703 0.0036681464407593016
decision_type=2 2 2 2 2 2 2 2 2 2 2 2 2 2 2 2 2 2 2 2 2 2
left_child=15 2 7 4 11 10 -7 8 -2 -6 -4 -3 17 -14 -9 20 18 -5 -17 -20 21 -1
right_child=1 3 5 12 9 6 -8 14 -10 -11 -12 -13 13 -15 -16 16 -18 -19 19 -21 -22 -23
leaf_value=-0.0027276963882848664 -0.010384025012268471 0.0077526309403682849 -0.0038428170350693703 0.0038013778841724508 0.043783884140543156 -0.00034371867024301681 -0.014767252739197665 -0.0068583237176178301 0.0065703239139472888 0 0.011278517627792913 -0.00025543763795077067 0.024415315033769175 0.0072930734497916282 -0.022624538072331276 -0.018086666652346144 -0.024954956260139164 -0.014653871993035266 -0.0019945691016407785 0.016612386670970879 -0.024723202667610602 -0.022504909092172773
leaf_weight=5.7522529959678632 74.501312300562859 96.775467157363892 33.361671581864357 34.683963119983673 7.904668837785719 257.00672917068005 45.796904698014259 17.226736202836037 39.309124231338501 5.1552878022193909 77.463357597589493 492.30449098348618 38.288976460695267 92.979398965835571 39.348311170935631 4.293451830744746 5.6963953971862784 7.0480085909366599 5.5310032367706281 5.202129453420639 26.362506315112114 7.2311533987522125
leaf_count=19 204 313 99 107 29 752 120 57 116 14 247 1482 126 283 100 15 17 21 17 19 85 23
internal_value=9.85734e-06 0.000789022 -0.00272086 0.00344513 0.00166309 -7.72733e-05 -0.0025756 -0.00906679 -0.00444628 0.0275799 0.00664888 0.00105034 0.00957311 0.0124294 -0.0180837 -0.0173324 -0.00789859 0.000334817 -0.000257677 0.00656066 -0.0219137 -0.0148362
internal_weight=1419.22 1359.15 584.014 775.14 602.14 413.629 302.804 170.385 113.81 13.06 110.825 589.08 173 131.268 56.575 60.0689 20.723 41.732 15.0266 10.7331 39.3459 12.9834
internal_count=4265 4070 1695 2375 1838 1218 872 477 320 43 346 1795 537 409 157 195 68 128 51 36 127 42
is_linear=0
shrinkage=0.03


Tree=30
num_leaves=28
num_cat=0
split_feature=0 1 9 29 23 10 10 10 16 26 9 22 16 0 26 29 29 29 33 33 10 33 0 25 26 33 33
split_gain=133.829 31.8139 21.0124 14.2507 12.5287 12.109 10.1411 13.4531 9.56763 8.86058 7.38609 10.3616 7.66131 6.822 5.70974 4.96765 4.90092 4.69306 4.52921 4.11703 3.87032 3.5034 4.03181 2.61567 2.5195 2.41577 0.543659
threshold=0.30329549312591558 -0.50438550114631642 0.40329450368881231 0.47849999368190771 8.2609491348266619 -13.689263820648192 6.5029668807983407 1.154003977775574 -1.0000000180025095e-35 0.99943286180496227 0.3621129989624024 4.199775457382203 0.60785751044750225 -1.7968384623527525 0.99986091256141674 0.22749999910593036 0.21249999850988391 0.64049997925758373 0.94142967462539684 0.14027105271816256 9.3677377700805682 0.67760244011878978 2.2321540117263798 0.002902676817029715 1.0020672082901003 0.18122479319572452 0.97367084026336681
decision_type=2 2 2 2 2 2 2 2 2 2 2 2 2 2 2 2 2 2 2 2 2 2 2 2 2 2 2
left_child=1 10 5 14 6 15 7 8 -2 -7 12 26 16 -5 -4 -3 -1 -9 20 -13 -8 22 25 -24 -14 -6 -12
right_child=4 2 3 13 21 9 18 17 -10 -11 11 19 24 -15 -16 -17 -18 -19 -20 -21 -22 -23 23 -25 -26 -27 -28
leaf_value=-0.010880665095035807 0.012241484317870281 -0.022566886236036081 -0.010561982640891124 -0.013459050353381215 0.019146386565563549 -0.0060013875134576978 -0.013032275904873514 0.023687348091074811 0.0016708892451136267 0.004683100967948859 -0.026405587082040372 0.012961876694090237 -0.025084279613985752 0.0084573246610038112 -0.023477608407613187 -0.0039966950799111669 0.0058336347106946775 -0.0042481127518029151 0.025126961896859302 -0.011814635833363521 0.0014418410107659859 0 0.028131064431169486 0.014830663938934098 0.0027334215849388749 -0.0072072216986221304 -0.013407396138837766
leaf_weight=39.097588747739792 188.37361189723015 26.838622808456421 61.634049728512764 19.521495223045349 4.9763167202472669 95.472019538283348 22.070722326636314 74.375480592250824 134.14291128516197 252.71373629570007 106.98344561457634 7.1358830779790869 28.595815464854244 34.730697393417358 72.84252268075943 27.824965357780457 25.095177724957466 5.1040263175964347 5.2392167896032324 25.228064030408859 59.897671163082123 6.8460971713066092 56.590711653232574 24.580151587724686 2.5176511555910102 6.2981397807598114 7.6310749650001517
leaf_count=129 493 97 214 70 13 297 74 172 385 731 419 21 107 103 271 93 72 15 13 88 178 19 124 60 8 21 27
internal_value=-0.00025949 -0.00799446 -0.0042173 -0.0124647 0.0106827 -0.00032055 0.0086624 0.0106731 0.00788216 0.00172321 -0.0171523 -0.0214348 -0.0103765 0.000355915 -0.0176858 -0.0133993 -0.00421276 0.0217655 -0.000511415 -0.00596375 -0.0024017 0.0204532 0.0219789 0.0243291 -0.022541 0.00397946 -0.0256803
internal_weight=1422.36 833.863 591.578 188.729 588.495 402.849 489.204 401.996 322.517 348.186 242.285 146.978 95.3062 54.2522 134.477 54.6636 64.1928 79.4795 87.2076 32.3639 81.9684 99.2914 92.4453 81.1709 31.1135 11.2745 114.615
internal_count=4314 2747 1876 658 1567 1218 1330 1065 878 1028 871 555 316 173 485 190 201 187 265 109 252 237 218 184 115 34 446
is_linear=0
shrinkage=0.03


Tree=31
num_leaves=26
num_cat=0
split_feature=1 1 0 27 27 23 27 25 25 0 27 10 21 26 27 18 21 7 27 27 27 34 27 34 25
split_gain=128.35 30.3138 22.7088 21.185 12.1545 11.1684 9.81041 8.27894 8.16109 8.57489 7.83708 6.71406 6.34152 5.47806 5.39356 7.31469 5.29202 2.86945 2.54189 1.6734 2.17907 1.62766 1.06112 0.929476 0.0856318
threshold=-0.15377149730920789 0.64156350493431102 -2.5905750989913936 0.026736826635897163 0.020410035736858848 -0.43647649884223932 0.026306525804102424 0.0015400677220895889 0.0011554377852007749 -4.5034699440002433 0.020528296940028671 -18.277259826660153 0.69530001282691967 1.0011295080184939 0.027514189481735233 1.0000000180025095e-35 0.19529999792575839 27.480632781982425 0.027362042106688026 0.019419435411691669 0.01928155962377787 0.55559349060058605 0.025674450211226944 0.64988771080970775 0.00058377970708534132
decision_type=2 2 2 2 2 2 2 2 2 2 2 2 2 2 2 2 2 2 2 2 2 2 2 2 2
left_child=2 4 8 6 5 7 10 -2 24 22 -4 -8 18 -11 15 -6 -7 19 -5 20 -3 -21 -10 -14 -1
right_child=1 17 3 12 14 16 11 -9 9 13 -12 -13 23 -15 -16 -17 -18 -19 -20 21 -22 -23 -24 -25 -26
leaf_value=0.01850008392526702 0.018637922995199983 -0.016598711995562242 0.011722291231948781 0.0036050489875598616 0.010304401564512828 -0.0022930615632443517 -0.0072227701522187158 0.00052327742003047584 0.024106194606349753 0.014839681288336867 0.0024171602782455163 0.022656975938593157 -0.0055484671481669219 -0.0030016247372801194 -0.026180076639586575 -0.0082224246830398147 -0.019778211871737138 -0.025029433489875789 -0.011292548091221708 1.4059603486353619e-05 0.012816035164530065 -0.017844433635206505 0.040535537291823125 -0.024950556609372943 0.037144095502462893
leaf_weight=3.9434348940849331 41.478192761540413 4.0601237118244162 176.10715863108635 26.970785990357399 19.449299603700638 134.25156430900097 6.820196956396102 51.844565331935883 39.967766463756561 75.74395763874054 157.17302703857422 65.397337347269058 4.3724697381258038 18.251865267753601 14.024596363306044 350.62049190700054 17.486461788415909 58.362001091241837 15.643134236335753 3.7864028066396704 3.8727087378501892 87.263657331466675 7.5275951325893393 17.622321888804436 23.575711071491241
leaf_count=10 126 16 531 78 58 399 25 156 119 226 485 198 14 58 34 1063 55 177 49 13 12 270 21 53 68
internal_value=0.00050132 -0.00760441 0.0104885 0.00705486 -0.00463223 0.000554011 0.00960726 0.00872685 0.0199371 0.0167974 0.0073712 0.0196811 -0.00877702 0.0112825 -0.00796099 -0.00721186 -0.00442553 -0.0193796 -0.0017225 -0.0158488 -0.00126309 -0.0170074 0.0272928 -0.0217027 0.0351715
internal_weight=1425.62 786.5 639.117 470.106 629.155 245.061 405.498 93.3228 169.01 141.491 333.28 72.2175 64.6087 93.9958 384.094 370.07 151.738 157.345 42.6139 98.9829 7.93283 91.0501 47.4954 21.9948 27.5191
internal_count=4314 2379 1935 1433 1891 736 1239 282 502 424 1016 223 194 284 1155 1121 454 488 127 311 28 283 140 67 78
is_linear=0
shrinkage=0.03


Tree=32
num_leaves=29
num_cat=0
split_feature=9 10 2 7 27 10 7 27 27 27 16 26 29 33 34 29 27 7 33 34 29 1 1 22 33 29 33 34
split_gain=17.9152 11.4351 9.92332 11.1027 23.9216 9.43912 7.71525 7.53266 6.9009 6.60596 6.37129 7.29734 6.26383 7.02575 5.95203 5.90241 5.66088 14.8339 5.34666 5.19326 4.92455 3.44523 3.38303 2.48519 1.8345 1.29282 1.25595 0.525665
threshold=0.34812349081039434 -8.2832212448120099 3548.035278320313 22.169844627380375 0.020106017589569095 4.7818539142608651 53.926776885986335 0.026651846244931224 0.01928155962377787 0.020867367275059227 -0.87837952375411976 0.9994737207889558 0.15249999612569812 0.94142967462539684 0.7065238654613496 0.37450000643730169 0.020346667617559436 25.576539993286136 0.27649620175361639 0.5438583791255952 0.35150000452995306 0.47869049012660986 0.031178500503301624 -1.2714995145797727 0.19752699881792071 0.34149999916553503 0.24242707341909411 0.57309532165527355
decision_type=2 2 2 2 2 2 2 2 2 2 2 2 2 2 2 2 2 2 2 2 2 2 2 2 2 2 2 2
left_child=1 8 3 4 -3 6 10 25 -1 20 11 -2 18 14 -14 -12 22 -18 24 -5 -4 -11 -10 -20 -7 -8 -9 -15
right_child=5 2 9 19 -6 12 7 26 16 21 15 -13 13 27 -16 -17 17 -19 23 -21 -22 -23 -24 -25 -26 -27 -28 -29
leaf_value=0.036429267139945855 0.025521905558279639 0.043310097434248469 -0.0094704262128497384 0.013217254020483786 -0.0051492454330888593 -0.0033429398710492896 0.015246726796955228 -0.011538004115713037 -0.017602981863351946 0.04829395571987273 -0.0037778575938448864 0.0035081765607746442 0.018774610852758274 -0.0019209244761037188 0.0045911560722727346 0.0026386913100814244 0.024193134557783207 -0.00051659804772522682 0.018169125092824312 -0.013090994765189785 0.015362102250893798 0.0051792791593461085 -0.002037924308114942 -0.00092004783510608293 -0.022442946195722464 0.044126416972856859 0.0085966491044059783 -0.02116870096525535
leaf_weight=4.4565630853176108 16.210990324616432 9.4656572043895704 16.950986623764042 6.229024425148963 112.68881249427795 12.410789608955385 4.0944786965847033 4.3634177446365339 18.825754806399345 4.2458588033914557 294.08258080482483 81.391002982854843 80.063899099826813 3.4535515904426566 43.228911399841309 227.77345454692841 25.740491792559624 127.23042306303978 11.884268313646318 234.87427833676338 11.671849340200422 3.5797309875488281 41.110371083021164 10.413999319076536 8.4137558639049512 6.8730664849281311 6.0344041287899017 4.3093873560428619
leaf_count=16 58 34 49 21 319 35 14 10 54 16 881 261 256 10 132 698 83 381 40 672 38 10 119 31 23 25 17 11
internal_value=-0.000235048 -0.00409524 -0.00710765 -0.00861718 -0.00115955 0.00267734 0.00097563 0.0184976 0.00140652 0.00760637 0.00034234 0.00736768 0.00886587 0.0121235 0.0139129 -0.000960165 0.000547614 0.00364795 -0.000853705 -0.0123481 0.000436665 0.0311481 -0.00718096 0.00903445 -0.0118273 0.0352645 0 -0.0143294
internal_weight=1432.07 617.07 399.706 363.258 122.154 815.002 640.823 21.3654 217.364 36.4484 619.458 97.602 174.179 131.056 123.293 521.856 212.907 152.971 43.1228 241.103 28.6228 7.82559 59.9361 22.2983 20.8245 10.9675 10.3978 7.76294
internal_count=4314 1812 1159 1046 353 2502 1964 66 653 113 1898 319 538 409 388 1579 637 464 129 693 87 26 173 71 58 39 27 21
is_linear=0
shrinkage=0.03


Tree=33
num_leaves=31
num_cat=0
split_feature=1 0 1 7 3 17 25 18 25 1 16 3 22 2 10 33 2 25 3 25 1 33 33 25 7 25 26 28 28 1
split_gain=120.56 21.6581 18.0267 10.7079 10.8612 10.4442 10.3157 9.5788 8.39207 7.85981 6.90824 5.1852 5.13639 6.6445 4.89476 4.75422 4.55787 4.34262 3.88712 3.42411 3.25031 3.10725 2.98166 3.80705 2.78959 3.19633 3.04371 2.66511 4.05471 2.50314
threshold=-0.15377149730920789 1.2829099893569949 -0.50438550114631642 27.037940025329593 45.40954780578614 0.81174498796463024 0.0010848081437870862 0.2880184948444367 0.0029251228552311663 0.65285950899124157 0.87837952375411998 55.181695938110359 -0.093178998678922639 4189.8942871093759 -0.58128297328948964 0.14554556459188464 2585.3728027343755 0.0061466584447771319 68.203632354736342 0.0046672301832586536 -0.30239449441432947 0.24024377018213275 0.53535684943199169 0.00053346456843428325 57.676219940185554 0.0027371890610083942 1.0000355839729311 -0.13951478153467176 -0.52995532751083363 -0.33359099924564356
decision_type=2 2 2 2 2 2 2 2 2 2 2 2 2 2 2 2 2 2 2 2 2 2 2 2 2 2 2 2 2 2
left_child=2 3 11 4 8 12 -6 21 -2 17 14 24 13 -3 20 -11 -9 -7 -14 -16 -4 -5 23 -13 25 -1 -26 28 -12 -29
right_child=1 5 10 7 6 9 -8 16 -10 15 27 22 18 -15 19 -17 -18 -19 -20 -21 -22 -23 -24 -25 26 -27 -28 29 -30 -31
leaf_value=-0.022771758898311976 -0.004270565711991991 0.0039177967688381098 -0.014697000723896198 0.02477277720414028 0.018825726098749274 -0.01633730546646487 0.0047079219300846962 -0.022304581828589246 0.015938321198396464 -0.0033833817232337172 0.0051071462839914544 0.013831942638663983 0.02007713177024531 0.018695234385882668 -0.0046887116788290649 0.013248210280009595 -0.0059063615115760217 0.0175873794996671 0.0021896292487319723 0.015540322257178669 -0.0060744950463649822 -0.00063876826116830558 -0.024584366482228625 -0.0095100593987754202 -0.019236026478136718 -0.01348785731628166 0.0089468770473826644 0.0027640748658867703 -0.021202671064489337 0.022158054065546436
leaf_weight=137.59084329009056 130.84905654191971 69.530828922986984 110.18724676966667 10.026504427194597 66.928561121225357 20.933225169777874 161.16264909505844 20.270094498991966 20.943754360079765 20.543825089931488 13.531992837786676 9.1195416450500506 144.83943063020706 47.3730428814888 93.236979067325592 52.302449643611908 70.667498260736465 3.3670446872711173 13.20029094815254 7.5435374528169623 69.752598986029625 6.1821373403072348 5.7073911130428305 17.349701344966888 6.0806942880153638 55.679182112216949 6.3563826084136963 20.061329483985901 7.6880947053432456 9.0890330672264117
leaf_count=525 407 195 385 24 164 71 455 80 57 61 39 26 341 119 295 138 221 9 39 20 227 18 21 61 19 202 17 60 26 24
internal_value=-0.000484212 0.00660149 -0.0111954 0.00241056 0.0047855 0.0120523 0.00892198 -0.00590923 -0.00137996 0.00345316 -0.00660955 -0.0175132 0.0150461 0.0100368 -0.00845254 0.00844404 -0.00976195 -0.011014 0.0186515 -0.00301644 -0.0114305 0.0148128 -0.00579312 -0.0010269 -0.0192843 -0.0201853 -0.00434744 0.00346687 -0.00427927 0.00938631
internal_weight=1428.09 859.12 568.975 487.03 379.884 372.09 228.091 107.146 151.793 97.1465 331.091 237.884 274.944 116.904 280.72 72.8463 90.9376 24.3003 158.04 100.781 179.94 16.2086 32.1766 26.4692 205.707 193.27 12.4371 50.3705 21.2201 29.1504
internal_count=4346 2399 1947 1426 1083 973 619 343 464 279 1076 871 694 314 927 199 301 80 380 315 612 42 108 87 763 727 36 149 65 84
is_linear=0
shrinkage=0.03


Tree=34
num_leaves=25
num_cat=0
split_feature=1 1 0 27 3 27 2 27 29 18 21 21 23 2 7 29 28 27 27 29 29 34 34 34
split_gain=120.963 28.4453 17.3652 16.2143 17.0118 14.4356 10.1255 9.95058 7.50983 12.8062 10.0405 7.05293 6.7459 6.53672 4.01737 3.24397 2.9127 1.51487 2.21826 1.2685 7.03286 1.44688 1.21314 1.0864
threshold=-0.21412599831819532 0.64156350493431102 -4.5034699440002433 0.020410035736858848 47.632505416870124 0.026736826635897163 3701.428100585938 0.0198379484936595 0.25749999284744268 0.033986000344157226 0.16405000537633899 0.023399999365210537 -3.0115330219268794 3574.6159667968755 27.480632781982425 0.50650000572204601 0.73887479305267345 0.019380469806492332 0.01928155962377787 1.1654999852180483 0.74199998378753673 0.69373688101768505 0.73561701178550731 0.5920597016811372
decision_type=2 2 2 2 2 2 2 2 2 2 2 2 2 2 2 2 2 2 2 2 2 2 2 2
left_child=2 3 19 4 12 8 15 -6 9 -4 -10 16 -2 -13 17 -7 -5 18 -3 20 22 -22 -1 -19
right_child=1 14 5 11 7 6 -8 -9 10 -11 -12 13 -14 -15 -16 -17 -18 23 -20 -21 21 -23 -24 -25
leaf_value=0.030793861278618603 0.03342705071902443 -0.014706175597171363 -0.01706775918936599 -0.018080773902239347 0.0023693747829401238 -0.00086249913776054643 -0.023065692732238404 -0.013564680164786643 -0.0025437942328186427 0.016288623951739474 0.011070165867197519 -0.0037612199710035524 0.0080016998981685371 -0.013501717746149092 -0.024515097516094948 0.015849093621319248 0.0039653970690310247 -0.0021789811211154969 0.018849243070881753 0.038829206393015826 -0.018403627741771813 0.0071673278209396481 0.0060962754278462896 -0.016146351280380989
leaf_weight=32.339544653892517 10.342054277658461 3.5024106353521338 10.199721634387968 67.538917183876038 73.225598230957985 44.505384013056755 17.13875874876976 65.984752401709557 67.80746927857399 226.33503222465515 163.30064889788628 272.64528772234917 98.586455881595612 81.96960860490799 63.461500436067581 12.827764749526976 4.9697296768426886 7.12072730064392 2.68279629945755 10.339418590068815 2.8949200212955466 3.826661616563797 3.1767231822013846 83.177835091948509
leaf_count=94 30 13 31 209 228 128 55 186 208 674 503 834 301 247 195 39 15 24 9 29 10 12 9 263
internal_value=0.000326194 -0.00702855 0.0106678 -0.00430955 0.00175804 0.00902909 -0.00312696 -0.00514036 0.0109854 0.0147793 0.00704008 -0.00785351 0.0106396 -0.00605393 -0.0184025 0.00282564 -0.0164297 -0.0141834 0 0.0271508 0.0236606 -0.00311126 0.02895 -0.0151621
internal_weight=1429.9 835.208 594.692 675.262 248.139 542.115 74.4719 139.21 467.643 236.535 231.108 427.124 108.929 354.615 159.945 57.3331 72.5086 96.4838 6.18521 52.5773 42.2378 6.72158 35.5163 90.2986
internal_count=4346 2554 1792 2050 745 1638 222 414 1416 705 711 1305 331 1081 504 167 224 309 22 154 125 22 103 287
is_linear=0
shrinkage=0.03


Tree=35
num_leaves=30
num_cat=0
split_feature=9 7 2 10 26 33 33 6 9 33 34 2 25 6 0 28 23 33 16 3 23 25 34 25 33 16 25 7 4
split_gain=14.9056 8.91362 14.1985 8.05807 7.25978 7.01632 6.14502 5.77916 8.54973 8.13548 4.78671 4.6393 4.45339 3.88772 3.59517 3.55499 3.40231 3.33639 5.14402 4.33182 3.24871 3.33807 3.2618 3.03755 2.93211 2.80558 3.08894 2.30044 2.08484
threshold=0.34812349081039434 22.169844627380375 3548.035278320313 4.7818539142608651 0.99894118309021007 0.70816370844841015 0.067337680608034148 0.047767000272870071 0.4128789901733399 1.0120487213134768 0.70097157359123241 3009.5832519531255 0.0010499758063815536 0.056256501004099853 -1.5613420009613035 -0.49003125727176661 -4.7838590145111075 0.7883039414882661 -0.60785751044750203 48.080152511596687 -4.6397244930267325 0.0024530574446544056 0.57309532165527355 0.0013065286912024023 0.40916042029857641 -1.0000000180025095e-35 0.006354665383696557 24.139434814453129 633.39199829101574
decision_type=2 2 2 2 2 2 2 2 2 2 2 2 2 2 2 2 2 2 2 2 2 2 2 2 2 2 2 2 2
left_child=1 11 13 6 5 -4 25 8 -8 -9 17 20 -6 16 -15 -13 -3 18 -5 -19 21 -1 -22 -17 27 26 -2 -12 -27
right_child=3 2 4 10 12 -7 7 9 -10 -11 24 15 -14 14 -16 23 -18 19 -20 -21 22 -23 -24 -25 -26 28 -28 -29 -30
leaf_value=0.013781327562505113 -0.0027784399106300039 0.0021356726234850265 0.02679192924761379 0 -0.015885116245317923 -0.017468201069587675 0.018125325149448993 0.0019426757205707008 -2.5978532579905935e-05 -0.014445602429946898 -0.0084265372431098218 -0.0052188817478920129 0.002267217589970982 -0.016353210031013622 -0.0029361172106615757 9.679218753985614e-05 -0.013639888508177879 -0.012680678720506306 0.018098013414526742 0.01936534025762756 -0.017203959681627311 -0.014182094367889057 -0.00040595554829640817 0.027789573086300871 0.030515127514897163 -0.01352678099478345 0.028343379170963034 0.0041380213766008074 0.0056065995453864871
leaf_weight=23.72255036234856 22.990540444850925 12.167629003524778 17.25190377235413 17.372797846794128 13.878257691860197 3.3162904381752005 46.541003942489624 463.74911096692085 44.427040159702301 28.391193985939026 17.50630995631218 5.8154436051845577 77.320624887943268 21.923680186271667 107.8764304369688 5.724995136260989 155.29109494388103 9.5057885646820051 73.665967851877213 5.6056298017501822 10.876286476850508 3.8413212299346915 138.85111656785011 13.144903451204298 2.6233029663562766 41.794848561286926 2.7499583065509787 46.862065434455872 4.8425860106945029
leaf_count=76 71 41 59 52 39 9 154 1421 138 82 51 16 238 70 310 18 445 25 234 19 30 10 400 43 9 117 10 143 16
internal_value=0.000150094 -0.00339664 -0.00594552 0.00277666 0.00309957 0.0189833 0.00123736 0.00227379 0.0092105 0.000965278 0.00853203 0.00172263 -0.000468534 -0.00937613 -0.00532544 0.0137711 -0.0124371 0.0124984 0.0146561 0 0 0.00938038 -0.00173928 0.0200718 0.00206785 -0.00694739 0.00068016 0.000543476 -0.0113107
internal_weight=1439.63 611.003 409.026 828.628 111.767 20.5682 655.486 583.108 90.968 492.14 173.142 201.977 91.1989 297.259 129.8 24.6853 167.459 106.15 91.0388 15.1114 177.291 27.5639 149.727 18.8699 66.9917 72.3779 25.7405 64.3684 46.6374
internal_count=4346 1804 1211 2542 345 68 2009 1795 292 1503 533 593 277 866 380 77 486 330 286 44 516 86 430 61 203 214 81 194 133
is_linear=0
shrinkage=0.03


Tree=36
num_leaves=30
num_cat=0
split_feature=0 9 23 8 0 6 2 8 0 29 29 0 6 23 2 29 29 2 29 26 28 25 8 26 34 34 29 33 33
split_gain=110.031 23.2451 18.1921 18.0223 14.5725 10.125 11.3961 14.72 9.58108 11.8654 9.40831 9.16304 7.96849 7.65242 7.17718 7.14665 6.32983 6.22897 5.93432 5.3858 5.31554 5.02434 4.79675 4.18827 3.46795 2.95962 2.37485 0.432254 0.474267
threshold=0.30329549312591558 0.40329450368881231 -2.2434965372085567 0.5378520041704179 -0.20288850367069242 0.057730501517653472 3996.561157226563 2.5797339677810673 -2.5411490201950069 0.47849999368190771 0.13949999958276751 -1.7968384623527525 0.046361999586224563 4.7416555881500253 3071.247192382813 0.78949999809265148 0.33550000190734869 3472.261596679688 0.30650000274181372 0.99986091256141674 0.68856275081634533 0.0011554377852007749 -6.7774569988250724 1.0027925968170168 0.7248690426349641 0.58303722739219677 1.7964999675750735 1.3836151361465456 0.075189597904682173
decision_type=2 2 2 2 2 2 2 2 2 2 2 2 2 2 2 2 2 2 2 2 2 2 2 2 2 2 2 2 2
left_child=1 2 3 21 13 12 7 10 27 19 -7 -11 17 -4 -6 22 -9 25 -19 -10 -5 -1 -8 24 -14 -2 -17 28 -3
right_child=5 8 4 20 14 6 15 16 9 11 -12 -13 23 -15 -16 26 -18 18 -20 -21 -22 -23 -24 -25 -26 -27 -28 -29 -30
leaf_value=-0.00085786453150132034 -0.0022299169083835509 -0.013425415398262756 -0.021443785245769214 -0.010647347551523741 0.0088298425135183937 0.02390695112949847 0.033996372835208198 0.021196943960109349 -0.0085997916277842489 -0.013767872272842202 -0.0033916686853909927 0.010057311518442268 0.022736819927451923 -0.0069770787525738507 -0.01194365432262094 -0.010816023636562791 0.0030806798537427816 0.013826021116050972 -0.014123900587196559 -0.019933178284159882 0.0096317555836191067 0.0092616487834976235 0.013841386636443184 -0.0048011020156314334 0.005449461687214191 0.013481248579360438 0.017239324687593309 -0.0054681359794242265 -0.026113177254561113
leaf_weight=59.438423186540604 10.596757233142851 7.9176156073808661 81.948538228869438 101.15176467597485 42.818871378898621 11.673523694276808 20.901367843151089 46.364852845668793 74.156147643923759 23.340843811631203 162.66816012561321 36.558272063732147 108.53243824839592 59.711820587515831 22.221136972308159 8.8015730679035169 29.905765011906624 10.488514274358751 17.124304443597794 88.839849203824997 12.279170468449591 154.56952531635761 28.216532707214359 5.207134097814559 13.524726718664168 126.13916710019112 3.2304143309593192 2.6368911564350119 52.839849755167961
leaf_count=174 29 30 311 337 118 28 45 111 259 85 495 106 250 203 77 28 83 26 56 333 36 427 72 15 36 318 8 9 214
internal_value=0.000313949 -0.0068299 -0.00310572 0.00127019 -0.0100675 0.0100402 0.00621411 0.00331996 -0.0137293 -0.0106868 -0.0014492 0.000587242 0.0140822 -0.0154552 0.00155821 0.0178062 0.0142771 0.00956339 -0.00313012 -0.0148741 -0.00834045 0.00641366 0.0228556 0.019787 0.0209248 0.0121944 -0.00217812 -0.0241185 -0.0247298
internal_weight=1423.8 820.429 534.139 327.439 206.7 603.375 311.762 250.612 286.289 222.895 174.342 59.8991 291.613 141.66 65.04 61.1499 76.2706 164.349 27.6128 162.996 113.431 214.008 49.1179 127.264 122.057 136.736 12.032 63.3944 60.7575
internal_count=4319 2719 1683 974 709 1600 870 717 1036 783 523 191 730 514 195 153 194 429 82 592 373 601 117 301 286 347 36 253 244
is_linear=0
shrinkage=0.03


Tree=37
num_leaves=26
num_cat=0
split_feature=0 1 1 27 27 27 29 27 0 23 16 27 27 33 7 33 6 27 34 34 8 27 25 29 29
split_gain=108.13 27.4978 19.8913 16.7009 11.2336 16.7404 7.38648 6.08134 10.5643 6.78786 5.59293 5.16928 5.25895 5.20206 5.04976 4.97888 4.51322 3.82632 3.68817 4.98343 2.16088 2.03655 0.849065 0.216259 1.10968
threshold=-0.026183499954640862 -0.69541749358177174 0.64156350493431102 0.026736826635897163 0.021432847715914253 0.02057580836117268 0.16149999946355822 0.020321485586464409 -4.9033493995666495 6.7223155498504648 1.0000000180025095e-35 0.027442594990134243 0.02728238329291344 0.21997243165969851 25.388464927673343 0.083941992372274413 0.15368200093507769 0.01971840858459473 0.67346277832984935 0.66241091489791881 3.0846004486083989 0.020504789426922802 0.00067955450504086923 1.0565000176429751 1.3489999771118166
decision_type=2 2 2 2 2 2 2 2 2 2 2 2 2 2 2 2 2 2 2 2 2 2 2 2 2
left_child=1 7 11 4 5 -3 -6 9 21 -1 -10 12 15 -14 18 -2 20 -11 19 -4 -5 -9 -20 -16 -25
right_child=2 3 14 16 6 -7 -8 8 10 17 -12 -13 13 -15 23 -17 -18 -19 22 -21 -22 -23 -24 24 -26
leaf_value=0.032996463529530465 0.0015298933842417084 0.0068111171623612818 -0.0085435812322419719 -0.0089961137732023407 0.028905240922949927 -0.0083870855309037227 0.0096568844127461872 0.0068954068493520867 0.0070234052649712931 0.017057256483689668 -0.027851014441083299 -0.024050558835495971 -0.0027820782010873337 0.045448796694653341 -0.025053500361961203 -0.0073381463873756934 -0.023779763106383842 -0.015865812239693008 -0.0077280206599513292 0.028549063745474446 0.0035872514176146703 0.033279270711555245 -0.020319975605911349 0 -0.022527649770508845
leaf_weight=45.1274374127388 64.198740884661674 247.69133153557777 24.780100166797641 36.18147337436676 19.851241797208786 87.607455670833588 224.4657743871212 4.4840462207794216 36.488713622093201 22.91517344117165 4.1075391769409171 14.154823794960974 3.7688725590705863 3.067237064242363 70.991928413510323 406.13491754233837 14.763555616140364 2.9940724670886985 9.5174121558666211 3.1852753013372412 16.900830656290054 18.180481553077698 35.403445914387703 3.352665036916731 5.0762165486812592
leaf_count=129 197 747 77 103 59 265 692 14 99 66 12 35 11 10 225 1230 45 11 31 10 56 52 112 12 19
internal_value=-0.000143917 0.007345 -0.00925262 0.00475597 0.00641462 0.00280673 0.0113135 0.0196963 0.012492 0.025854 0.00297988 -0.00627698 -0.00570627 0.0192541 -0.0187409 -0.00610824 -0.00922563 0.0126835 -0.0126283 -0.00357527 -0.00482565 0.0287094 -0.0179647 -0.0241238 -0.0143208
internal_weight=1425.39 781.759 643.632 647.462 579.616 335.299 244.317 134.297 63.2608 71.0367 40.5963 491.325 477.17 6.83611 152.307 470.334 67.8459 25.9092 72.8862 27.9654 53.0823 22.6645 44.9209 79.4208 8.42888
internal_count=4319 2350 1969 1967 1763 1012 751 383 177 206 111 1483 1448 21 486 1427 204 77 230 87 159 66 143 256 31
is_linear=0
shrinkage=0.03


Tree=38
num_leaves=29
num_cat=0
split_feature=9 29 7 17 33 27 2 27 16 7 33 33 29 23 21 33 2 18 27 29 3 1 34 29 29 29 33 29
split_gain=17.5167 10.3038 10.2812 8.27956 8.55026 8.27549 15.4146 7.44132 6.44484 7.53361 6.61244 7.32566 5.40883 9.92841 6.00754 4.81675 4.62387 4.46641 5.97728 4.38067 3.83472 3.54776 3.84083 2.94916 2.63155 2.0865 2.04142 0.864394
threshold=0.34812349081039434 0.25249999761581426 22.169844627380375 -0.5617450177669524 0.17346472293138507 0.02051569148898125 2747.052368164063 0.019750763662159446 1.0000000180025095e-35 53.926776885986335 0.070535782724618926 1.0120487213134768 0.15149999409914019 5.3267550468444833 0.21094999462366107 0.34091995656490331 2547.336059570313 0.20391699671745303 0.026931623928248886 0.34149999916553503 53.473051071166999 -0.55208301544189442 0.61132675409317028 0.7514999806880952 0.62149998545646679 0.47849999368190771 0.70816370844841015 0.12150000035762788
decision_type=2 2 2 2 2 2 2 2 2 2 2 2 2 2 2 2 2 2 2 2 2 2 2 2 2 2 2 2
left_child=1 2 5 4 24 7 -7 -1 12 10 20 -12 14 16 15 -2 -14 -4 -19 -11 -10 25 -23 -6 -3 -5 -15 -16
right_child=8 3 17 21 23 6 -8 -9 9 19 11 -13 13 26 27 -17 -18 18 -20 -21 -22 22 -24 -25 -26 -27 -28 -29
leaf_value=0.013002325016385409 -0.0035795860903381112 -0.013147002537761915 -0.021666549175556826 -0.004128726322227964 0.03921246854842271 0.045915294366225268 0.0012252051924535885 -0.011163448991710056 -0.014150231225843829 0 0.0019957610021888667 -0.015535191183492938 0.019272195972869045 0.030632872034558119 -0.024083073667892741 0.011486127600350298 0.0046257353133853799 -0.010331527932632372 0.022951076213271991 0.039626161450366751 0.0071022971056779703 -0.01160448863700252 0.0013810837893008189 0.0043258401798534135 0.017957478690229435 -0.023176947581478091 0.0013513388296003217 -0.0082858156202777408
leaf_weight=13.124923318624495 43.586979955434799 7.4690524935722369 33.422386303544044 15.018916159868242 10.747573882341383 7.7936450839042655 45.898840889334679 65.529463887214661 43.815247222781181 4.6873174607753736 329.08467918634415 22.390785664319992 21.034780532121658 18.318710178136829 7.9892832636833218 32.559968799352646 271.59055678546429 179.04455029964447 4.3718968629837027 6.2278731167316437 8.3015844821929914 22.452671647071838 191.30233907699585 3.6281489431858054 2.9122173488140106 9.1407045722007734 3.2093955576419821 10.249460756778715
leaf_count=41 133 21 100 49 39 29 131 183 125 15 1010 66 67 64 21 105 826 521 15 22 25 62 562 10 9 28 10 30
internal_value=-0.000162288 -0.00401074 -0.00738504 0.000446226 0.0168036 -0.000717425 0.00824198 -0.00696059 0.00268845 3.01997e-05 -0.000627084 0.000832898 0.00536019 0.00725282 -0.000849424 0.0027779 0.00574035 -0.0114022 -0.00942903 0.0240848 -0.0105586 -0.00124982 0 0.0314541 -0.00317007 -0.0120243 0.0268059 -0.0161439
internal_weight=1434.9 611.857 349.186 262.672 24.757 132.347 53.6925 78.6544 823.047 414.507 403.592 351.475 408.539 314.153 94.3857 76.1469 292.625 216.839 183.416 10.9152 52.1168 237.915 213.755 14.3757 10.3813 24.1596 21.5281 18.2387
internal_count=4319 1800 1020 780 79 384 160 224 2519 1263 1226 1076 1256 967 289 238 893 636 536 37 150 701 624 49 30 77 74 51
is_linear=0
shrinkage=0.03


Tree=39
num_leaves=31
num_cat=0
split_feature=0 1 27 0 27 25 27 23 27 4 17 6 0 33 27 17 10 0 0 26 27 8 29 34 28 34 34 27 25 33
split_gain=113.413 30.2975 14.6469 12.0224 13.2019 10.4576 11.3819 11.5128 12.0792 8.61934 7.37149 6.97638 15.8062 7.43591 6.84039 7.62527 7.55765 4.91138 10.5878 5.2911 4.15294 4.0833 3.52919 2.9948 2.78816 2.15954 1.50142 1.44902 1.15718 0.711303
threshold=0.35418500006198889 -0.50438550114631642 0.026736826635897163 -0.50731351971626271 0.020533004775643352 0.001290756859816611 0.027024132199585441 8.8054957389831561 0.018949537537992004 -5535.3884277343741 1.0000000180025095e-35 0.056751500815153129 -3.1728779077529903 0.12219429016113283 0.027172715403139595 1.0000000180025095e-35 -17.18626499176025 1.1816384792327883 0.76120948791503917 1.0002676844596865 0.027514189481735233 2.5797339677810673 0.17249999940395358 0.73494809865951549 -0.27899484336376185 0.62684333324432384 0.72831857204437267 0.027620895765721801 0.004467892926186324 1.2414397597312929
decision_type=2 2 2 2 2 2 2 2 2 2 2 2 2 2 2 2 2 2 2 2 2 2 2 2 2 2 2 2 2 2
left_child=1 11 3 10 -5 17 7 9 -9 -7 -3 28 20 -14 16 -16 -4 18 19 -2 -13 23 -23 -19 -20 27 -27 -8 29 -1
right_child=5 2 14 4 -6 6 25 8 -10 -11 -12 12 13 -15 15 -17 -18 21 24 -21 -22 22 -24 -25 -26 26 -28 -29 -30 -31
leaf_value=-0.026215538090976303 0.020484251044813835 -0.0044807691789968971 -0.0077428317364205551 -0.0065566171301097848 0.006593035131681386 0.0194272474961125 -0.0063591085278632623 -0.0168253571919438 0.021995177502170397 0.0011402990558352902 -0.015055209606409723 -0.024958571316978696 0.013024802369609853 -0.0084002323704043917 -0.026800320253249754 0.0073312546287557833 0.021880289208811823 0.025598010691771558 0.0097775672718104795 -0.0031014157186873303 -0.00081693651413108752 -0.0060623646763226912 0.018366972459587724 0 -0.012540420345564324 0.026168885283671638 0.004171947101664744 0.017300269931265582 -0.0068601173345114418 -0.0035709976624846589
leaf_weight=63.986517488956451 54.036137193441391 112.41990150511265 8.99405889213085 168.78293780982494 114.81947262585163 25.077781349420547 3.8663936555385581 7.6573182344436637 54.667191863059998 268.40836475789547 134.33738248050213 69.532576844096184 17.881507009267807 66.98961877822876 7.9843954592943218 18.305620193481445 36.833082929253578 69.829570442438126 6.1403575241565731 9.2485610544681531 7.9515328407287589 8.348246246576311 11.7342112660408 4.1830181479454032 17.458187699317932 34.58899250626564 4.3486039638519278 3.8872460722923279 4.9851461797952643 2.3938024491071692
leaf_count=259 127 368 30 541 336 61 12 26 124 774 472 281 52 229 31 51 89 157 16 26 23 23 28 12 54 78 11 9 18 9
internal_value=-0.000210927 -0.00729846 -0.00371616 -0.00545265 -0.00119893 0.0099285 0.00717939 0.00530072 0.0169864 0.00276388 -0.0102928 -0.0164667 -0.0128417 -0.00373092 0.00887989 -0.00300544 0.0158514 0.0159564 0.0105011 0.016899 -0.0226177 0.0208163 0.0078739 0.0241309 -0.00627742 0.0210972 0.0240245 0.00474144 -0.0244417 -0.0255663
internal_weight=1419.68 836.198 602.477 530.36 283.602 583.48 402.502 355.811 62.3245 293.486 246.757 233.721 162.355 84.8711 72.1172 26.29 45.8271 180.978 86.8832 63.2847 77.4841 94.095 20.0825 74.0126 23.5985 46.6912 38.9376 7.75364 71.3655 66.3803
internal_count=4327 2789 1918 1717 877 1538 1095 985 150 835 840 871 585 281 201 82 119 443 223 153 304 220 51 169 70 110 89 21 286 268
is_linear=0
shrinkage=0.03


Tree=40
num_leaves=27
num_cat=0
split_feature=0 0 27 0 25 0 27 6 21 27 22 27 28 34 27 9 27 33 27 2 0 27 25 28 34 26
split_gain=109.941 26.6155 16.6461 10.818 10.2078 9.86946 8.89361 8.41549 8.30991 7.4619 6.42566 9.86444 5.86252 5.60812 5.17945 4.96992 4.55183 4.51192 4.43105 4.04706 2.97551 6.05407 2.61204 1.57487 0.877303 0.989518
threshold=0.026813500560820106 -2.5905750989913936 0.026736826635897163 -1.1697199940681455 0.001894498826004565 2.7174900770187382 0.020321485586464409 0.051688499748706825 0.30470000207424169 0.020538094453513626 0.66025149822235119 0.019647951237857345 -0.6372387409210204 0.71499019861221325 0.021102692000567917 0.40686200559139257 0.018594800494611267 0.24242707341909411 0.027326895855367187 3775.824340820313 -2.7149544954299922 0.01971840858459473 0.0013162500690668824 -0.32207381725311274 0.74103575944900524 1.0036411285400393
decision_type=2 2 2 2 2 2 2 2 2 2 2 2 2 2 2 2 2 2 2 2 2 2 2 2 2 2
left_child=1 6 3 4 -3 10 20 18 14 -5 11 -2 -10 -13 -8 16 -12 -17 23 22 -1 -22 -4 -7 25 -9
right_child=5 2 19 9 -6 7 8 24 12 -11 15 13 -14 -15 -16 17 -18 -19 -20 -21 21 -23 -24 -25 -26 -27
leaf_value=0.034431851763718338 0.035992018178961999 0.016238894034843968 0.012654389277760291 0.0059683597060321619 0.0042298444703738648 0.021321781474956173 0.0047574962189031256 -0.02298748965435465 0.035062852457231931 -0.003457379277980488 0.016888201570535843 -0.0076475888507023006 0.013872798003322171 0.0030930519373887594 -0.028143670898067016 0.032918386872823557 -0.013077118804363156 -0.0049006075499397998 -0.020750448410018541 -0.023549645514994198 0.027035259060895413 -0.017008951179378014 -0.0077826450690313713 0.00040165006029349679 -0.0048113095265902026 -0.007985721200472546
leaf_weight=32.306032419204712 4.7818501293659201 136.17325738072395 5.5988341569900504 190.61847099661827 124.90902496874332 4.2096485048532548 19.187196671962742 85.929679647088051 14.464103221893309 123.38196118175983 3.9915429800748816 196.21831572055817 86.140628278255463 54.608119547367096 4.9552458524703971 3.6070503592491132 213.20527227222919 7.9749709665775299 7.1911651939153662 14.416657552123068 9.4138383865356428 3.2632210850715628 48.867990165948868 13.523430943489073 4.469668596982955 6.8540824949741355
leaf_count=91 15 403 16 570 381 14 52 272 42 380 14 614 261 168 18 11 647 27 19 46 28 12 146 41 15 24
internal_value=-3.63935e-05 0.007162 0.00435077 0.00603083 0.0105469 -0.00970568 0.017731 -0.0173787 0.0133796 0.00223643 -0.00773581 -0.00439605 0.0171667 -0.0052719 -0.00206428 -0.0114103 -0.0124476 0.00700752 -0.00139806 -0.00948812 0.0293205 0.0147996 -0.00542212 0.00630999 -0.0213541 -0.0220245
internal_weight=1420.26 813.696 643.966 575.083 261.082 606.565 169.73 122.178 124.747 314 484.387 255.608 100.605 250.826 24.1424 228.779 217.197 11.582 24.9242 68.8835 44.9831 12.6771 54.4668 17.7331 97.2534 92.7838
internal_count=4327 2446 1942 1734 784 1881 504 385 373 950 1496 797 303 782 70 699 661 38 74 208 131 40 162 55 311 296
is_linear=0
shrinkage=0.03


Tree=41
num_leaves=23
num_cat=0
split_feature=1 25 21 23 17 27 17 11 27 3 27 27 3 29 28 18 29 25 26 34 27 29
split_gain=14.3183 10.1602 8.28261 10.6501 7.73456 7.53776 7.07817 5.84979 5.57315 4.66203 9.00736 4.70255 3.92308 2.90211 3.49273 2.69981 0.915034 2.23913 2.99423 0.895094 0.798048 2.29538
threshold=-0.77992299199104298 0.0010718263802118602 0.19529999792575839 -5.9151499271392813 -0.5617450177669524 0.026672904379665855 0.81174498796463024 1.0000000180025095e-35 0.02057580836117268 43.575626373291023 0.025968221016228202 0.020839642733335498 41.605363845825202 0.14350000023841861 -0.55527368187904347 0.2379029989242554 0.2034999951720238 0.0025693222414702181 1.0004605650901797 0.71429720520973217 0.025674450211226944 0.96549999713897716
decision_type=2 2 2 2 2 2 2 2 2 2 2 2 2 2 2 2 2 2 2 2 2 2
left_child=16 2 3 8 9 6 -6 -5 -2 11 -11 -3 -7 15 -15 -4 -1 18 19 -18 21 -19
right_child=1 4 13 7 5 12 -8 -9 -10 10 -12 -13 -14 14 -16 -17 17 20 -20 -21 -22 -23
leaf_value=-0.024703408703697357 -0.0044716730661147376 0.00069194003308604285 -0.0031639151309600117 -0.0078155581073497144 -5.616075869886944e-05 -0.00051508811096268189 0.0072572079894801002 0.0013486603259790775 0.038494874222621593 0.0012258477387578381 0.039865263982927335 0.013038407811841336 -0.012787180362197281 0.020515450513816352 -0.0091534170352196038 -0.023224704718536854 -0.017419808284824031 -0.0199724356815996 0.018845499024833623 0 -0.025529884814380819 0.0063571469628711927
leaf_weight=11.11135497689247 3.2502549588680258 38.797084495425224 9.3248338550329191 106.20783697068691 468.63020600378513 45.484984993934631 158.10881659388542 148.61397880315781 8.4929084926843625 159.85486544668674 5.155658394098281 114.06857945024967 51.760508075356483 3.3167727142572394 37.010997205972672 27.417731925845146 6.4453843235969526 7.8625481575727481 3.5850790441036215 3.0445633083581924 10.314664810895918 3.6662446409463882
leaf_count=40 11 121 32 298 1426 130 477 461 30 483 19 352 141 11 108 70 22 24 14 10 34 13
internal_value=0.000251574 0.000807213 -0.00365258 -0.0011026 0.00228786 0.000560067 0.00177876 -0.00244349 0.0261706 0.00618771 0.00260428 0.00997605 -0.00717118 -0.0122923 -0.00627149 -0.018486 -0.0161087 -0.0128095 -0.00206718 -0.0114162 -0.0186467 -0.010935
internal_weight=1431.53 1385.5 343.635 266.565 1041.86 723.985 626.739 254.822 11.7432 317.876 165.011 152.866 97.2455 77.0703 40.3278 36.7426 46.0298 34.9185 13.075 9.48995 21.8435 11.5288
internal_count=4327 4170 1021 800 3149 2174 1903 759 41 975 502 473 271 221 119 102 157 117 46 32 71 37
is_linear=0
shrinkage=0.03


Tree=42
num_leaves=25
num_cat=0
split_feature=0 1 3 9 18 0 25 22 0 25 4 10 6 25 34 3 33 26 22 29 29 34 26 33
split_gain=130.937 28.6775 9.9573 8.47539 10.5333 8.40842 13.5389 12.3196 8.4032 8.26898 7.56835 9.19902 7.36838 6.6558 4.31264 3.88693 3.68801 3.65061 3.57601 3.16451 1.99552 1.89415 1.67739 1.53343
threshold=0.30329549312591558 -0.45222748816013331 32.353176116943366 0.38223150372505194 0.59389400482177745 1.1816384792327883 0.00059596524806693207 4.8415384292602548 0.10615099966526033 0.000934370851609856 593.43701171875011 -13.37386894226074 0.04484550096094609 0.002762749209068716 0.67388740181922924 60.506528854370124 0.11589411646127702 1.0011073946952822 0.88248950242996227 0.10050000250339509 0.36849999427795416 0.66064381599426281 0.99868988990783703 0.065260153263807311
decision_type=2 2 2 2 2 2 2 2 2 2 2 2 2 2 2 2 2 2 2 2 2 2 2 2
left_child=1 3 21 4 13 6 18 -8 10 19 11 -3 -11 -1 -6 23 -17 20 -4 -7 -10 -2 -12 -5
right_child=2 8 5 15 14 9 7 -9 17 12 22 -13 -14 -15 -16 16 -18 -19 -20 -21 -22 -23 -24 -25
leaf_value=-0.016618428127848795 0 -0.0092232897501792841 0.01534923761613009 -0.011129934666129876 0.020309858106902681 0.0030084928435025167 -0.00012705975259756302 0.020233753611850595 -0.021992808983980421 0.0026236797355481344 0 0.0016307625731614144 0.014362876724769881 -0.0014571405681746146 -0.0028822663087706506 0.013863028927153137 -0.01406822827816496 0.0071312480051566336 0.037456468740137375 0.029521237719811952 0 -0.025745892383862257 -0.018863307187161629 -0.023149646384740902
leaf_weight=115.75624921917915 4.8658678233623487 89.314636930823326 22.119682908058167 15.311724871397017 11.598371893167498 5.5291703939437857 158.3473120033741 31.474111258983612 31.467981919646263 61.242808967828751 4.6315092891454723 320.21404075622559 269.60914565622807 35.44742277264595 16.298088237643242 4.8606436252594021 17.261891141533852 4.6095107644796363 11.911057233810423 37.768077433109283 4.8708022534847251 6.8038293719291687 26.473477870225906 114.95811474323273
leaf_count=421 16 311 53 58 28 14 455 75 117 172 15 956 679 115 48 14 62 15 23 80 16 26 99 468
internal_value=9.01774e-05 -0.00778235 0.0106017 -0.0145739 -0.0100004 0.0111499 0.00645344 0.00324595 -0.00307848 0.0139234 -0.00183838 -0.000722823 0.0122243 -0.0131399 0.0066311 -0.0198398 -0.00736273 -0.0160226 0.0237779 0.026414 -0.0192608 -0.0160543 -0.0159973 -0.0218536
internal_weight=1422.75 813.074 609.671 331.493 179.1 598.001 223.852 189.821 481.582 374.149 440.634 409.529 330.852 151.204 27.8965 152.392 22.1225 40.9483 34.0307 43.2972 36.3388 11.6697 31.105 130.27
internal_count=4336 2743 1593 1214 612 1551 606 530 1529 945 1381 1267 851 536 76 602 76 148 76 94 133 42 114 526
is_linear=0
shrinkage=0.03


Tree=43
num_leaves=30
num_cat=0
split_feature=0 0 27 0 26 27 27 21 6 26 22 27 16 27 9 33 29 3 0 27 34 28 34 27 33 29 33 27 34
split_gain=101.383 25.8308 12.1162 12.028 7.29872 8.4712 7.28997 10.6417 6.72992 6.54909 6.50485 6.90198 6.94026 5.92345 5.65886 5.93579 4.41008 3.41048 3.02181 3.57301 2.84797 2.54454 2.43605 1.97019 1.64826 1.21479 1.02998 2.27454 0.558852
threshold=0.026813500560820106 -2.5905750989913936 0.026736826635897163 2.7174900770187382 1.0024613142013552 0.0231270045042038 0.020369840785861019 0.17970000207424167 0.051688499748706825 0.99792587757110607 0.66025149822235119 0.019676237367093567 1.0000000180025095e-35 0.026406133547425274 0.40686200559139257 0.31535267829895025 0.23249999433755877 32.832838058471687 -2.7149544954299922 0.01971840858459473 0.5920597016811372 0.88802888989448558 0.6704678237438203 0.027442594990134243 0.22383017838001254 0.63250002264976513 0.71784606575965892 0.020463976077735428 0.74103575944900524
decision_type=2 2 2 2 2 2 2 2 2 2 2 2 2 2 2 2 2 2 2 2 2 2 2 2 2 2 2 2 2
left_child=1 6 4 10 5 -3 18 24 13 -9 11 -2 -13 25 21 -16 22 -6 -1 -20 -18 -12 -4 -15 -8 -5 28 -28 -10
right_child=3 2 16 8 17 -7 7 9 26 -11 14 12 -14 23 15 -17 20 -19 19 -21 -22 -23 -24 -25 -26 -27 27 -29 -30
leaf_value=0.032066791131326065 0.032139882668709305 0.003650449934360419 -0.0065965852508168563 0.030404005202975107 0.0073160363807441868 0.011634768822738449 -0.02463836621004523 0.034607193226428169 -0.023505496233319406 0.012812516300349353 -0.012366731263833114 -0.0088550471251840641 0.00099290803540026066 -0.0031120759456997127 0.032706004701728499 -0.0094725247345178974 0.0068054792751208694 -0.018313264947779961 0.021724935034916289 -0.014400622233073783 -0.013522551136321346 0.0089729083562399472 0.020532120899374822 -0.024319979812756378 0 0.0022537956486993835 0.0098744812011021428 -0.018287605922656526 -0.0054847126095539022
leaf_weight=35.604858726263046 4.1598046123981467 375.16506378352642 4.2180655002593976 3.4876075983047512 5.6188273727893856 179.44147670269012 6.2138620615005475 14.8463978767395 78.346037432551384 97.708660304546356 215.97095942497253 144.85422019660473 112.80260996520519 10.505219534039499 4.9308266043663007 5.8669321238994598 6.1244424134492865 15.958057180047033 8.2816731631755811 2.7162956893444052 50.828112214803696 4.3190797567367545 6.4450182616710663 7.4314822852611533 3.3227125704288483 3.4137423634529114 2.7216146290302268 9.0262712985277158 3.2868632525205603
leaf_count=101 13 1130 12 12 17 548 13 43 251 295 657 451 347 30 15 20 19 50 25 10 155 13 19 20 10 12 9 29 10
internal_value=-1.2515e-05 0.00692267 0.00415918 -0.00924574 0.00557895 0.00625812 0.0173725 0.0132807 -0.017879 0.0159073 -0.00714088 -0.00383831 -0.00451516 -0.0034763 -0.0108274 0.00958683 -0.00775933 -0.0112169 0.0276466 0.0117816 -0.0111397 -0.0118882 0.00917962 -0.0128083 -0.016071 0.0187885 -0.0215751 -0.0108918 -0.0229273
internal_weight=1423.62 812.494 643.799 611.123 576.183 554.607 168.694 122.092 118.219 112.555 492.904 261.817 257.657 24.8381 231.088 10.7978 67.6156 21.5769 46.6028 10.998 56.9526 220.29 10.6631 17.9367 9.53657 6.90135 93.3808 11.7479 81.6329
internal_count=4336 2447 1950 1889 1745 1678 497 361 373 338 1516 811 798 74 705 35 205 67 136 35 174 670 31 50 23 24 299 38 261
is_linear=0
shrinkage=0.03


Tree=44
num_leaves=26
num_cat=0
split_feature=1 29 28 0 18 1 33 7 33 0 4 29 27 10 33 33 0 27 29 10 27 34 34 33 33
split_gain=14.6262 10.5352 10.2261 7.0171 11.4731 7.81797 7.59861 6.24751 6.1986 6.11381 5.60429 5.52748 5.37785 5.1788 3.2158 1.44598 1.19376 1.82489 1.44173 1.14835 0.824571 0.810609 1.36566 1.70032 0.897608
threshold=-0.77506297826766957 0.27349999547004705 -0.83721411228179921 2.0717550516128544 0.91589850187301647 0.43567599356174475 1.2414397597312929 15.23994827270508 0.10177331790328027 2.4500415325164799 -949.58779907226551 0.14950000494718554 0.027147546410560611 6.487462282180787 0.31535267829895025 0.18257120251655581 -3.1728779077529903 0.025439766235649589 0.54350000619888317 -6.3090646266937247 0.021141079254448417 0.66977727413177501 0.64500537514686596 0.45976626873016363 0.90104597806930553
decision_type=2 2 2 2 2 2 2 2 2 2 2 2 2 2 2 2 2 2 2 2 2 2 2 2 2
left_child=15 2 10 5 9 6 -3 11 -7 -5 19 -4 -6 -9 -12 16 17 20 -19 -2 -1 22 24 -24 -17
right_child=1 3 7 4 12 8 -8 13 -10 -11 14 -13 -14 -15 -16 21 -18 18 -20 -21 -22 -23 23 -25 -26
leaf_value=0 -0.013605521846247384 0.0044187430265593295 0.044698584723580487 -0.01810553512225745 0.024683500699774298 -0.0023856955570936739 -0.016595969830241569 -0.0042441603961182895 0.022542922077434201 -0.0022635929257707387 0.042371670071115329 2.2308506450514081e-05 -0.010520643213976166 0.0030555629132747323 0.012736989575411369 -0.02464920629057734 -0.021766931382051866 0.00069393731353850001 -0.02302466747531887 0.0063550789464937221 0.017919116183442454 -0.024012686722708617 -0.013225878626236519 0.014140021761325653 -0.0015134874607481196
leaf_weight=4.4109118133783358 3.8706058263778687 457.0572849214077 4.1020307242870313 27.715920001268387 17.831720501184467 10.958133131265638 15.382994845509527 567.80498920381069 35.957241505384445 107.87054862082005 6.9165233671665218 6.3372814655303955 4.2536506950855246 101.53697524964809 9.2963284552097303 7.5500216186046618 3.6886622905731192 2.9536076188087463 4.4796320497989655 5.4580583870410937 3.0376926213502884 18.471907839179039 4.409242019057273 2.8984355628490448 3.0124578028917313
leaf_count=15 11 1409 15 73 59 31 44 1692 117 290 26 18 11 306 29 26 11 10 15 18 11 62 15 11 11
internal_value=-7.06109e-05 0.000528723 -0.00202872 0.00320586 -0.00229302 0.00489319 0.00369864 -0.00274495 0.0165667 -0.00562268 0.0163748 0.0196408 0.0174219 -0.00312193 0.0268073 -0.0151891 -0.00726162 -0.0024905 -0.0130158 -0.00128201 0.00703889 -0.0188422 -0.0124995 -0.00100863 -0.019231
internal_weight=1437.26 1382.35 705.323 677.027 157.672 519.356 472.44 679.781 46.9154 135.586 25.5415 10.4393 22.0854 669.342 16.2129 54.9126 18.5705 14.8818 7.43324 9.32866 7.4486 36.3421 17.8702 7.30768 10.5625
internal_count=4336 4149 2115 2034 433 1601 1453 2031 148 363 84 33 70 1998 55 187 62 51 25 29 26 125 63 26 37
is_linear=0
shrinkage=0.03


Tree=45
num_leaves=29
num_cat=0
split_feature=0 9 1 22 29 27 27 0 1 8 27 29 0 27 29 4 8 27 29 7 8 29 26 29 33 1 33 33
split_gain=92.878 23.6814 17.18 9.87818 11.6464 16.9861 11.1274 8.68107 8.64147 8.2904 15.4214 7.62927 7.04969 7.8299 6.79703 6.42451 5.93892 5.65434 5.60901 4.85339 4.61299 2.12427 1.80327 1.73267 1.65073 1.24257 1.23186 0.59387
threshold=0.30329549312591558 0.40329450368881231 -0.50438550114631642 4.0816555023193368 0.15249999612569812 0.027147546410560611 0.018900832161307338 0.13107949867844584 -0.23170799762010572 -0.42512850463390345 0.020333440974354747 0.64049997925758373 -1.8333045244216917 0.026885607279837135 0.48749999701976782 -5535.3884277343741 3.5759680271148686 0.0198379484936595 0.81549999117851268 27.015613555908207 3.3555020093917851 0.36849999427795416 0.99993252754211437 0.53049999475479137 0.032798109576106078 -0.62559351325035084 0.065260153263807311 0.97367084026336681
decision_type=2 2 2 2 2 2 2 2 2 2 2 2 2 2 2 2 2 2 2 2 2 2 2 2 2 2 2 2
left_child=1 2 9 4 17 15 23 8 -4 10 -1 19 25 14 -14 -6 -13 -2 -7 -8 -19 -9 -15 -5 -11 27 -27 -3
right_child=3 12 7 6 5 18 11 21 -10 24 -12 16 13 22 -16 -17 -18 20 -20 -21 -22 -23 -24 -25 -26 26 -28 -29
leaf_value=-0.014833867265082283 -0.010116496943810902 -0.025407116629121387 -0.0038646717939188288 -0.025936895628844277 0.015857002034159535 0.026723897354562699 0.014206900949992966 -0.02281057293206696 0.0051500614593481412 -0.00039723022054736194 0.014521242011742711 0.016213665213313085 -0.015116847896533215 0.023421748620085666 -0.00012673381675553405 0.0005804945809242104 -0.019132951571439016 0.020202835884358825 0 0.027782852190255104 0 0 0 0.0001530333105863681 -0.023989650976060942 -0.00085776764976920985 -0.017984883842174094 -0.004213764874761142
leaf_weight=56.408738866448402 6.3426423072814933 47.072106465697289 181.64864666759968 5.4810836911201459 26.526681780815125 35.421590000391006 55.049468159675598 17.704987227916721 200.33768224716187 3.6774734556674948 21.747231960296631 8.1802361309528369 134.32204216718674 6.2115108966827375 35.646818399429321 319.31630511581898 7.8866079449653617 79.434141010046005 8.085387170314787 51.736920952796936 10.770773112773893 4.5751541703939429 4.6058912873268127 2.627717912197113 45.967377543449402 5.4178641736507407 43.090048938989639 2.5051153451204291
leaf_count=209 18 201 578 20 65 76 137 65 573 13 58 19 499 16 115 918 25 184 23 109 28 15 14 8 188 19 169 9
internal_value=-0.00032913 -0.00700673 -0.00326746 0.00843339 0.00641931 0.00406432 0.0157848 -0.000209076 0.000840244 -0.0128332 -0.00651088 0.0180762 -0.0140902 -0.0104256 -0.0120354 0.00179941 -0.000647204 0.0157537 0.0216389 0.020967 0.0177177 -0.018218 0.0134877 -0.016919 -0.0224429 -0.0206661 -0.0162839 -0.0245687
internal_weight=1427.8 810.939 532.067 616.86 485.898 389.35 130.962 404.266 381.986 127.801 78.156 122.853 278.871 180.786 169.969 345.843 16.0668 96.5476 43.507 106.786 90.2049 22.2801 10.8174 8.1088 49.6449 98.0851 48.5079 49.5772
internal_count=4371 2741 1699 1630 1312 1082 318 1231 1151 468 267 290 1042 644 614 983 44 230 99 246 212 80 30 28 201 398 188 210
is_linear=0
shrinkage=0.03


Tree=46
num_leaves=29
num_cat=0
split_feature=20 20 20 27 20 29 27 21 6 20 26 2 27 27 27 27 27 29 16 34 34 33 27 29 20 29 6 33
split_gain=91.6139 20.2071 12.6595 10.5696 9.19661 10.9406 8.81097 10.4902 7.09722 6.8725 6.38349 5.12458 3.93849 12.2461 4.41723 7.04524 4.18606 3.85103 3.73925 3.17653 3.17646 2.46511 2.44176 2.11834 5.2178 1.84916 4.51985 1.83301
threshold=0.026813500560820106 -2.5905750989913936 2.2321540117263798 0.026736826635897163 -1.1697199940681455 0.25749999284744268 0.020321485586464409 0.17970000207424167 0.051688499748706825 -0.87630999088287342 0.9998893439769746 3775.824340820313 0.019676237367093567 0.019450209103524688 0.01991822570562363 0.020415175706148151 0.018594800494611267 0.25249999761581426 -0.60785751044750203 0.6794569492340089 0.70252931118011486 0.2931343019008637 0.027362042106688026 0.77449998259544384 3.8205720186233525 0.25749999284744268 0.052217500284314163 0.028574548661708835
decision_type=2 2 2 2 2 2 2 2 2 2 2 2 2 2 2 2 2 2 2 2 2 2 2 2 2 2 2 2
left_child=1 6 12 4 5 -3 25 20 17 -6 -9 22 13 16 18 -16 -2 -4 -14 -15 -8 -19 -5 27 -25 -1 -27 -10
right_child=2 3 8 11 9 -7 7 10 23 -11 -12 -13 14 19 15 -17 -18 21 -20 -21 -22 -23 -24 24 -26 26 -28 -29
leaf_value=0.034569959561386615 0.011141887140112109 0.016571423712949503 -0.021556654415964275 0.0017791332648249799 -0.0095460805527608789 0.0041052272607700804 0.0016468875842302001 0.022019344293097636 0 0.0037427296783392456 0.0074279852652111818 -0.023048952008012231 -0.0079421790401103913 0.0020369745671330736 0.0010200692267998527 -0.0080614484868642301 -0.023143948661079248 -0.005068843026543768 -0.025978380568806594 0.040928585857486148 -0.026061701971396099 0.013088755657720932 -0.011520036901513913 0.0044801870408257803 -0.022519165404982694 -0.0014967067898538622 0.027807313750500596 -0.022693775283806287
leaf_weight=22.08001297712326 3.9192198216915157 116.04059994220734 8.6376831084489805 36.320202007889748 39.473854586482048 145.35828842222691 6.1211205720901471 55.268929243087769 3.2710880488157263 270.24221420288086 58.695626795291901 13.668873891234396 28.350746273994446 3.2939804047346097 102.29072289168835 288.73346565663815 9.6555632352828962 20.551220074296001 18.776490747928619 6.8882920444011688 7.0548840165138245 9.3251410871744138 17.709198787808418 10.482712790369987 14.031247794628143 5.8740954995155361 15.395158171653746 90.169861018657684
leaf_count=62 14 334 26 105 121 447 18 163 11 813 177 46 84 10 320 905 28 63 57 22 15 31 54 36 53 20 44 292
internal_value=3.64658e-05 0.00668393 -0.00864725 0.00420906 0.005547 0.00969468 0.0158651 0.011679 -0.0160491 0.00200738 0.0146482 -0.00690399 -0.00610581 0.0054961 -0.00676094 -0.0056645 -0.0125616 -0.00448773 -0.0155144 0.0298738 -0.0129416 0.00042446 -0.00248054 -0.0197132 -0.0107551 0.0276641 0.0194523 -0.0218978
internal_weight=1427.68 809.303 618.377 638.813 571.115 261.399 170.49 127.141 156.469 309.716 113.965 67.6983 461.908 23.7571 438.151 391.024 13.5748 38.514 47.1272 10.1823 13.176 29.8764 54.0294 117.955 24.514 43.3493 21.2693 93.4409
internal_count=4371 2419 1952 1920 1715 781 499 373 512 934 340 205 1440 74 1366 1225 42 120 141 32 33 94 159 392 89 126 64 303
is_linear=0
shrinkage=0.03


Tree=47
num_leaves=21
num_cat=0
split_feature=9 1 29 21 23 23 34 26 7 29 33 0 27 34 33 29 25 26 33 34
split_gain=14.8138 9.78871 10.4488 11.4356 8.21197 6.62346 6.54247 6.32591 5.74568 5.3542 3.49361 2.81052 4.80737 2.83585 2.48926 1.29267 2.09309 2.19458 1.13704 0.11881
threshold=0.48862600326538091 -0.77992299199104298 0.42249999940395361 0.38279999792575842 -4.6397244930267325 -5.5258288383483878 0.74616000056266796 0.99769240617752086 53.926776885986335 1.2839999794960024 1.2414397597312929 0.10615099966526033 0.025842599570751194 0.7197355628013612 0.48369781672954565 0.2034999951720238 0.0039054281078279023 1.0004605650901797 0.20518457889556888 0.65308567881584179
decision_type=2 2 2 2 2 2 2 2 2 2 2 2 2 2 2 2 2 2 2 2
left_child=1 15 3 4 -3 9 -7 14 -5 -4 11 12 -9 -13 18 -1 17 -17 -2 -18
right_child=7 2 5 8 -6 6 -8 10 -10 -11 -12 13 -14 -15 -16 16 19 -19 -20 -21
leaf_value=-0.024270573825000929 -0.0064346509925786678 0.0086938050854340251 0.014606483044855607 -0.0097853219450561978 -0.00067307815508384726 0.0010698576263071793 0.036013595564229915 0.0056627099037404108 -0.0013985765892606898 -0.0054031103443280982 -0.011985857055984353 0.028652911223508971 0.032309894746314953 0.0028475541658423706 -0.025354006317065612 -0.010527684441881466 -0.0080781376456113413 0.010000154556547534 0.015410046281683127 -0.024736758269161521
leaf_weight=10.553873389959334 4.3594637811183912 97.257811173796654 78.017159596085548 178.86412426829338 601.95299872756004 213.18193091452122 4.464165970683097 32.44775977730751 129.60089348256588 13.223519474267958 3.2054571211338034 24.691677570343021 7.5354129970073691 5.6006864607334128 4.0034771263599396 15.806859701871874 3.0436418056488019 5.7392293363809577 3.0797417759895325 7.7821402251720428
leaf_count=38 12 297 253 523 1815 630 16 103 387 37 9 82 25 16 10 52 11 20 10 25
internal_value=0.000283073 -0.00047182 -2.73775e-06 -0.00148952 0.000622242 0.00481306 0.00190875 0.012405 -0.00629874 0.0115947 0.0156658 0.01713 0.0112441 0.0242978 -0.00755996 -0.014486 -0.0107015 -0.00454866 0.00187614 -0.0214113
internal_weight=1444.41 1359.49 1316.56 1007.68 699.211 308.887 217.646 84.9237 308.465 91.2407 73.481 70.2755 39.9832 30.2924 11.4427 42.9257 32.3719 21.5461 7.43921 10.8258
internal_count=4371 4104 3958 3022 2112 936 646 267 910 290 235 226 128 98 32 146 108 72 22 36
is_linear=0
shrinkage=0.03


Tree=48
num_leaves=30
num_cat=0
split_feature=20 20 27 7 7 27 18 22 27 21 27 28 27 10 27 27 27 3 29 33 18 34 29 34 25 18 27 33 34
split_gain=105.404 23.1578 20.5403 21.9613 19.0408 10.0455 9.82375 8.20772 13.5905 13.0889 16.1162 9.48264 10.047 8.33626 10.1903 6.63236 4.9308 4.20353 3.55448 4.02856 3.42286 3.2221 1.89009 1.64146 1.05216 0.826864 1.09911 0.568284 0.0619582
threshold=0.30329549312591558 -3.1728779077529903 0.026781643740832809 23.942666053771976 57.42767524719239 0.02104188967496157 0.1359445005655289 -0.11067499592900275 0.020839642733335498 0.22659999877214435 0.025500410236418251 -0.35555624961853022 0.02060033101588488 1.154003977775574 0.027514189481735233 0.025277750566601757 0.027620895765721801 49.648326873779304 0.26150000095367437 0.2153233736753464 0.86881747841835033 0.70097157359123241 0.30650000274181372 0.71535435318946849 0.0025291513884440069 0.8819124996662141 0.023485860787332061 1.313779413700104 0.713578760623932
decision_type=2 2 2 2 2 2 2 2 2 2 2 2 2 2 2 2 2 2 2 2 2 2 2 2 2 2 2 2 2
left_child=1 16 3 5 -5 -3 28 8 11 22 -11 17 -13 14 15 -9 25 -2 20 -20 -15 -8 -10 -16 -18 27 -27 -1 -4
right_child=7 2 6 4 -6 -7 21 13 9 10 -12 12 -14 18 23 -17 24 -19 19 -21 -22 -23 -24 -25 -26 26 -28 -29 -30
leaf_value=-0.023124530436527603 0.0024765530166627084 -0.00050843476836730586 -0.023971986757140382 -0.011591875835552325 0.015747170232446085 0.020415433763590996 0.019845147335511647 0.011485158362636833 0.043207960802034588 -0.012968874461532628 0.012982549477457684 -0.0022638011356014768 -0.029753634815124056 0.034377663326430927 0.037945826470140505 0 0.01344785850585171 0.025605964775670686 0.023727690720900842 0.0049889068301538454 0.014653943685930435 0.0052186804884793332 0.020866948223520705 0.011152889254751844 -0.0066262856496807961 -0.016691015783204029 0.0032049974119890885 -0.0025522333426523159 -0.006998221981109623
leaf_weight=83.542386993765831 19.283910244703296 185.03492610156536 5.0491553843021384 407.95487461984158 23.595403373241425 22.648221552371979 40.051754951477051 176.23415161669254 10.8537475168705 25.787531793117523 113.70661543309689 64.401012510061264 14.496344387531279 27.383633762598038 13.126265525817873 59.452756434679031 3.6580824553966504 11.805311590433119 21.90777313709259 22.539136797189713 15.478097915649412 23.970578283071518 10.759573608636854 4.298830807209014 4.461491584777832 6.4703923165798169 2.6386158168315887 2.3639897853136054 2.6248023211956024
leaf_count=349 55 565 20 1455 61 60 99 454 22 82 293 187 48 55 24 168 9 27 48 57 36 67 27 10 14 26 10 9 9
internal_value=0.000625933 -0.00643595 -0.00448464 -0.0062027 -0.0100598 0.00177367 0.0106455 0.0100392 0.00606517 0.0116102 0.00809158 -0.00199149 -0.00758361 0.013164 0.0103013 0.00856925 -0.0197134 0.0118105 0.0212546 0.0145866 0.0277138 0.0145912 0.0332164 0.0323335 0.00162897 -0.0216304 -0.0101242 -0.0226806 -0.0200505
internal_weight=1425.58 814.065 710.93 639.233 431.55 207.683 71.6963 611.515 271.094 161.107 139.494 109.987 78.8974 340.421 253.112 235.687 103.135 31.0892 87.3086 44.4469 42.8617 64.0223 21.6133 17.4251 8.11957 95.0154 9.10901 85.9064 7.67396
internal_count=4346 2753 2336 2141 1516 625 195 1593 741 424 375 317 235 852 656 622 417 82 196 105 91 166 49 34 23 394 36 358 29
is_linear=0
shrinkage=0.03


Tree=49
num_leaves=30
num_cat=0
split_feature=0 1 1 27 1 27 18 6 27 25 27 25 29 27 2 33 27 4 29 25 7 27 27 34 28 28 27 34 25
split_gain=98.2547 33.1747 13.3738 11.5297 9.7084 12.8199 7.08641 7.19907 9.90552 7.77517 6.96342 5.17241 3.9747 5.26225 3.82786 3.24569 3.18771 9.90796 3.73702 3.72687 2.95186 2.93969 2.52633 2.11107 1.81674 0.976679 0.476162 0.337284 0.326029
threshold=0.048949500545859344 -0.69541749358177174 0.64156350493431102 0.026736826635897163 -0.45222748816013331 0.020106017589569095 0.37212000787258154 0.050851000472903259 0.020346667617559436 0.0012008753838017585 0.020538094453513626 0.0013162500690668824 0.17249999940395358 0.019855170510709289 3437.2875976562505 0.073307484388351454 0.020321485586464409 -523.11746215820301 0.25550000369548803 0.0039762675296515235 25.388464927673343 0.019943543709814552 0.019676237367093567 0.60357081890106212 -0.28948077559471125 0.072789706289768233 0.020225218497216705 0.74103575944900524 0.0061466584447771319
decision_type=2 2 2 2 2 2 2 2 2 2 2 2 2 2 2 2 2 2 2 2 2 2 2 2 2 2 2 2 2
left_child=1 16 6 4 5 -3 7 8 -2 -9 -6 -5 13 -8 -13 -14 21 19 -19 -18 23 22 -1 24 -4 -25 -23 28 -22
right_child=2 3 20 11 10 -7 12 9 -10 -11 -12 14 15 -15 -16 -17 17 18 -20 -21 27 26 -24 25 -26 -27 -28 -29 -30
leaf_value=0.023887102518379853 0.018143098664043223 -0.0027903998929656652 0.016601931202540051 0.016803939899997126 0.0061636824659725168 0.013312240360331795 0.0077526901147122428 0.013647912127064553 -0.012964157727988168 -0.0031073420957318924 -0.0019450884806144074 -0.002530881883672495 0.00030992643762292957 -0.02237178741956981 -0.01737007919545392 -0.010516389328560038 0.014132877134613329 0.013681190279434062 -0.020093971408237744 0.032412669509180772 -0.023069914240365259 0.037272704903237114 0.0063236242531074073 -0.018446957759243508 -0.010571148606040021 -0.0097012401857932782 0.022143880579207638 -0.0068566037771991767 -0.011211874791771647
leaf_weight=25.780787795782089 9.6781647950410825 57.278579771518707 3.547331228852272 6.2562248408794394 174.04160584509373 184.23326268792152 5.2139957398176184 33.581406474113464 83.830237582325935 91.099366411566734 207.28368845582008 31.849675238132477 27.970132723450661 42.27922460436821 34.14631924033165 148.53498417139053 37.549358457326889 3.6471968889236441 8.506538510322569 16.407302170991898 70.904960557818413 17.969940036535267 13.097140192985533 32.974206134676933 4.2229442596435538 30.929100543260574 9.960265249013899 3.6228672116994849 6.8335467875003806
leaf_count=74 31 174 13 17 509 559 16 105 244 284 634 100 88 125 101 465 109 10 21 46 240 50 41 107 14 103 29 13 24
internal_value=-0.000602947 0.00607215 -0.00990102 0.00342371 0.00474968 0.00945817 -0.00720674 -0.00328822 -0.00956943 0.00137009 0.00173551 -0.00783689 -0.0109677 -0.0188308 -0.0104169 -0.00875391 0.0197898 0.0145701 -0.00910708 0.0201033 -0.0175786 0.0246747 0.0183543 -0.0126657 0.000999552 -0.014462 0.0326785 -0.0216927 -0.0222209
internal_weight=1423.23 828.008 595.222 695.089 622.837 241.512 442.188 218.189 93.5084 124.681 381.325 72.2522 223.998 47.4932 65.996 176.505 132.919 66.1104 12.1537 53.9567 153.035 66.8081 38.8779 71.6736 7.77028 63.9033 27.9302 81.3614 77.7385
internal_count=4346 2474 1872 2094 1876 733 1358 664 275 389 1143 218 694 141 201 553 380 186 31 155 514 194 115 237 27 210 79 277 264
is_linear=0
shrinkage=0.03


Tree=50
num_leaves=30
num_cat=0
split_feature=9 29 7 2 17 7 17 9 27 29 27 6 28 6 8 27 1 29 28 28 27 21 28 34 27 28 1 9 27
split_gain=13.8216 9.76669 10.6748 9.33664 7.92546 7.73007 7.23909 8.23034 8.11635 7.43351 6.5569 5.68473 5.67015 5.24817 5.04244 17.9733 4.90862 4.32481 4.09297 4.08469 3.90185 3.46541 2.899 2.79102 2.68223 2.34501 3.38884 2.43414 0.827466
threshold=0.34812349081039434 0.25550000369548803 22.169844627380375 3548.035278320313 0.81174498796463024 24.55662822723389 1.0000000180025095e-35 0.45272450149059301 0.02728238329291344 0.39049999415874487 0.026133027859032158 0.074816998094320311 -0.30794489383697504 0.067668996751308455 -1.2510275244712827 0.020586381666362289 -0.16258350014686582 0.14350000023841861 -0.59602051973342884 0.57825520634651195 0.020153287798166278 0.11719999834895135 -0.6935761272907256 0.67181196808815014 0.022941910661756996 -0.48344019055366511 -0.34993450343608851 0.29776550829410559 0.027024132199585441
decision_type=2 2 2 2 2 2 2 2 2 2 2 2 2 2 2 2 2 2 2 2 2 2 2 2 2 2 2 2 2
left_child=1 2 14 5 6 12 7 8 -2 -9 18 -7 -3 21 20 -16 24 -15 22 -20 -1 -4 -6 -18 -8 26 -5 -27 -12
right_child=4 3 13 25 10 11 16 9 -10 -11 28 -13 -14 17 15 -17 23 -19 19 -21 -22 -23 -24 -25 -26 27 -28 -29 -30
leaf_value=0.017611524422109337 0.0011581387630378093 -0.0049590955838257405 -0.010666256559699518 0.00087486192788458427 0.012742062821834014 -0.0083923426480261125 0.016843525120442269 0.021173823343807685 0.028945897466686823 0.0031728200185659793 -0.019011667576125005 0.016246018957031174 0.011695094945038453 -0.014691068640192212 -0.0017578369955426028 0.033939462249640534 -0.00064826236794929856 0 0.025987054271105217 0.0029174838442186011 -0.011495006692046244 -0.021317138293635064 -0.020775199132640504 -0.012728848983039122 -0.00045062219873481151 -0.0022473219120198893 0.032460665278382726 0.012228654685506251 -0.00020752075015575622
leaf_weight=3.9589447677135459 521.17241695523262 28.426033318042755 90.262408301234245 5.3518025875091544 4.7824369370937347 118.59640829265118 8.8446609377861005 39.762145012617111 9.1771800816059095 45.649154931306839 3.59851226210594 8.3838034868240339 47.861160352826118 26.01142829656601 77.669966489076614 14.583828955888746 26.872418820858002 58.455784782767296 33.082621276378632 10.019793987274168 39.053191259503365 45.824566066265106 3.5762849450111371 57.407008156180382 52.966193556785583 14.094248086214064 9.3377495706081373 30.682736694812775 6.4984842836856842
leaf_count=14 1588 80 271 17 16 339 30 134 33 133 9 27 147 73 224 49 81 177 110 29 107 137 9 158 165 43 32 95 19
internal_value=-1.74669e-05 -0.0034109 -0.00664988 0.000945753 0.00252132 -0.00208095 0.00166679 0.00309968 0.00168274 0.0117322 0.0128534 -0.00663767 0.00538034 -0.0107118 0 0.00394083 -0.00430131 -0.00464033 0.017225 0.0209256 -0.00843754 -0.0143835 -0.000945564 -0.00900966 0.0019949 0.0113727 0.0219532 0.00749884 -0.00833933
internal_weight=1441.96 618.554 355.82 262.734 823.409 203.267 761.851 615.761 530.35 85.4113 61.5581 126.98 76.2872 220.554 135.266 92.2538 146.09 84.4672 51.4611 43.1024 43.0121 136.087 8.35872 84.2794 61.8109 59.4665 14.6896 44.777 10.097
internal_count=4346 1832 1052 780 2514 593 2322 1888 1621 267 192 366 227 658 394 273 434 250 164 139 121 408 25 239 195 187 49 138 28
is_linear=0
shrinkage=0.03


Tree=51
num_leaves=27
num_cat=0
split_feature=0 1 9 29 25 22 29 10 8 4 10 9 4 29 33 10 0 26 26 10 34 33 29 3 0 25
split_gain=98.2533 26.9564 11.22 12.8699 7.92872 9.32237 7.16015 9.21178 6.61135 6.54799 7.25039 8.97367 6.37089 5.89299 5.54906 5.38921 7.61223 5.51094 4.24223 4.40691 4.81618 4.1724 4.05197 4.04733 3.37806 1.28914
threshold=0.30329549312591558 -0.45222748816013331 0.40329450368881231 0.51250001788139354 0.00065908988472074281 4.5416688919067392 0.52650001645088207 -13.689263820648192 5.6169016361236581 -5751.7548828124991 -1.8586509823799131 0.3621129989624024 -1372.968811035156 0.43549999594688421 0.23528130352497104 6.5029668807983407 1.0607710480690005 0.99826905131340038 0.99976375699043285 -4.6811304092407218 0.71175256371498119 0.25171053409576422 0.26150000095367437 51.716829299926765 -0.25817649811506266 0.0033910003257915382
decision_type=2 2 2 2 2 2 2 2 2 2 2 2 2 2 2 2 2 2 2 2 2 2 2 2 2 2
left_child=1 9 6 21 18 15 7 -3 22 14 23 -12 -8 -10 25 16 -6 -17 -2 -20 -21 -4 -7 -11 -5 -1
right_child=4 2 3 24 5 8 12 -9 13 10 11 -13 -14 -15 -16 17 -18 -19 19 20 -22 -23 -24 -25 -26 -27
leaf_value=-0.024085597310296771 -0.0051654927643981921 -0.01138012190174985 -0.022122527923237323 -0.0002081014112670682 0.00056584514088616779 0.034415094745987855 -0.019409775857765901 0.004110277647559126 0.013955396682831245 -0.021219463443967544 -0.0033703984480412813 -0.01758256510603862 0.0037893279376209998 -0.0076826655364606918 0.022467435000456872 0.015409096723750071 0.01017780047215992 -0.0042928058566318933 0.038359069747329326 0.020803947493703977 -0.0080979067683624451 -0.0097116385397637353 0.015849414979713261 -0.0009609443335426806 0.019011009145430784 0
leaf_weight=3.75706999003887 4.8845187127590171 39.37823785841465 44.317277491092682 27.467722728848457 109.41387635469437 19.450911015272141 28.286947533488274 250.50177894532681 38.823259025812149 136.75544404983521 83.563665062189102 80.206767171621323 15.77834105491638 14.95134925842285 7.63009974360466 14.804493263363836 244.15157659351826 75.36276176571846 12.189539670944212 32.113056153059006 5.400885969400405 66.248725548386574 33.26532393693924 10.541336998343466 10.73156702518463 2.7025162577629089
leaf_count=14 14 141 169 87 307 37 97 722 97 561 268 319 47 45 18 39 623 233 23 71 15 245 76 38 30 8
internal_value=-0.000491521 -0.00734129 -0.00281493 -0.009654 0.00864159 0.00751958 0.000214694 0.00195905 0.0155232 -0.0140186 -0.0149324 -0.0104179 -0.0109517 0.00775803 0.00536011 0.00556324 0.00723372 -0.000891564 0.0196166 0.0222585 0.0163544 -0.0148444 0.0231278 -0.0198387 0.00513455 -0.0137164
internal_weight=1412.68 807.867 482.711 148.765 604.812 550.224 333.945 289.88 106.491 325.157 311.067 163.77 44.0653 53.7746 14.0897 443.733 353.565 90.1673 54.588 49.7035 37.5139 110.566 52.7162 147.297 38.1993 6.45959
internal_count=4344 2764 1538 531 1580 1457 1007 863 255 1226 1186 587 144 142 40 1202 930 272 123 109 86 414 113 599 117 22
is_linear=0
shrinkage=0.03


Tree=52
num_leaves=28
num_cat=0
split_feature=0 1 1 23 27 29 27 22 8 27 27 29 28 34 2 26 33 7 4 34 33 27 33 27 29 26 26
split_gain=83.5303 22.5789 15.7176 10.8968 9.70833 9.58086 8.23538 7.98621 7.01717 6.01868 5.60124 4.8667 6.15805 4.62364 4.72147 4.43546 3.7381 3.40075 3.35474 1.98177 2.45602 1.32758 1.76059 1.22243 1.21887 0.00891905 0.00105441
threshold=0.048949500545859344 -0.45222748816013331 0.64156350493431102 2.8623635768890385 0.026885607279837135 0.32350000739097601 0.02728238329291344 -10.681896209716795 -3.0733439922332759 0.027514189481735233 0.025842599570751194 0.30650000274181372 -0.77633023262023915 0.74386522173881542 3795.4301757812505 1.0031750798225405 0.13274666666984561 27.480632781982425 -1323.2735595703123 0.67388740181922924 0.46388489007949835 0.028179036453366283 0.30462311208248144 0.025051615200936798 0.45949999988079077 1.0013273954391482 1.0017514824867251
decision_type=2 2 2 2 2 2 2 2 2 2 2 2 2 2 2 2 2 2 2 2 2 2 2 2 2 2 2
left_child=1 3 9 5 8 6 -1 -7 10 13 -3 12 -5 14 -2 -10 -13 19 -15 20 -4 22 -6 -21 -23 -19 -27
right_child=2 4 17 11 21 7 -8 -9 15 -11 -12 16 -14 18 -16 -17 -18 25 -20 23 -22 24 -24 -25 -26 26 -28
leaf_value=0.021674261178631891 -0.0036545871918487851 -0.00171239871010436 0.0019010428193407568 -0.013371808290001971 -0.0084040702295710024 0.020193890541323496 -0.011568544642670053 0.004140052155406109 0.0058291262973434853 -0.024873263626686876 -0.028356737616500691 0.0098453300099526058 0.011195653278772734 0.037383345225394875 -0.013670271232453606 -0.024139492453291982 -0.010520424203326269 -0.024227354926283737 0 -0.017848341641567022 -0.01333522087118562 0.0099323941683744903 -0.026208000599610377 -0.001846650851050126 -0.013990121044409456 -0.0070286748936914832 -0.018585107209403401
leaf_weight=146.74415135383606 366.77816140651703 78.159640863537788 15.710712328553198 9.7055185139179212 13.692584052681928 40.388360440731049 6.3687642663717261 95.473873436450958 299.59129409492016 13.111677423119543 7.4503779113292685 10.604312509298323 75.189216643571854 3.4991634339094162 48.648640513420105 3.9170610606670371 27.319484025239944 41.373228192329407 4.1644470095634452 48.867902964353561 20.271136373281479 3.4173682332038871 11.136422500014303 6.2417392134666434 3.1366236954927444 3.790833204984664 10.807853087782858
leaf_count=425 1145 238 54 31 43 122 17 291 891 35 25 32 221 11 150 12 87 137 15 164 68 12 34 21 10 14 39
internal_value=0.000717794 0.00682262 -0.0079765 0.0118157 0.0019033 0.0150064 0.0201998 0.00903499 0.00322239 -0.00507636 -0.00428688 0.00420518 0.00821976 -0.00441296 -0.00486414 0.00537368 -0.00453748 -0.0164712 0.0177416 -0.0125422 -0.00650105 -0.0139639 -0.0171046 -0.0162307 -0.000420749 -0.0225385 -0.0165125
internal_weight=1415.56 832.295 583.265 411.794 420.501 288.975 153.113 135.862 389.118 436.202 85.61 122.819 84.8947 423.09 415.427 303.508 37.9238 147.063 7.66361 91.0915 35.9818 31.383 24.829 55.1096 6.55399 55.9719 14.5987
internal_count=4344 2491 1853 1226 1265 855 442 413 1166 1356 263 371 252 1321 1295 903 119 497 26 307 122 99 77 185 22 190 53
is_linear=0
shrinkage=0.03


Tree=53
num_leaves=30
num_cat=0
split_feature=9 29 16 7 10 28 25 21 18 22 33 10 27 0 25 22 27 16 27 34 28 9 21 26 27 27 25 25 26
split_gain=14.5727 12.0639 8.06647 7.96406 6.93637 6.93294 6.72384 7.22913 6.62865 6.59253 6.61734 7.99446 5.85131 13.453 5.21326 4.50623 4.34849 4.06286 4.01461 4.09657 3.43638 3.35472 3.02683 1.93745 1.91052 2.519 1.62512 0.767111 0.637691
threshold=0.3621129989624024 0.27349999547004705 1.0000000180025095e-35 53.926776885986335 4.5234875679016122 -0.72156020998954762 0.0013907312531955542 0.17970000207424167 0.22004599869251254 2.7336785793304448 0.032798109576106078 -5.3872895240783683 0.026434800587594513 3.8205720186233525 0.0003363619616720826 -4.3607215881347647 0.026972455903887752 -0.60785751044750203 0.019217216409742836 0.73177468776702892 0.10417322441935541 0.40380899608135229 0.039049999788403518 1.0008020997047427 0.026541286148130897 0.026385592296719555 0.00046278245281428104 0.0019361223676241936 0.99926963448524486
decision_type=2 2 2 2 2 2 2 2 2 2 2 2 2 2 2 2 2 2 2 2 2 2 2 2 2 2 2 2 2
left_child=1 4 12 6 5 8 21 -8 -1 10 15 -12 13 14 -2 -3 17 -14 27 -20 -18 -4 -7 26 25 -5 -6 -11 -15
right_child=2 9 3 24 23 22 7 -9 -10 18 11 -13 16 28 -16 -17 20 -19 19 -21 -22 -23 -24 -25 -26 -27 -28 -29 -30
leaf_value=-0.01114769723897473 -0.013058537356802562 0.014131848457409987 -0.017579385326776859 0.02739500909827311 -0.0022975986566373097 -0.0033946520610640316 0.0082079094047551471 -0.0023736609144452202 0.019835779844471393 0.0001571907227670891 0.014787922361669892 0.0014473311772995984 0 0.018049986790611608 0.0068477799454181873 -0.013423661386406292 -0.0036187358129798237 -0.022436262858670324 -0.014054205102978643 0.012846849162804859 0.015006044149799549 -0.0032340128275189202 -0.0092776409746707991 0 0.040490370848787996 -0.0045391222643565189 -0.021279743175980876 0.022485700531262105 0.048074624859667507
leaf_weight=8.6112070828676242 11.561925292015074 5.8734290301799765 29.753802239894867 3.781490355730055 5.8681571483612052 166.02828307449818 79.368581756949425 211.6874215900898 17.808967009186745 3.6277708411216727 63.070351988077164 116.26292107999325 15.532950758934021 2.8950500488281232 309.75970567762852 27.468306377530098 19.10910776257515 14.028804749250412 42.556374415755272 5.0358971655368796 15.168153077363966 32.63876286149025 163.32300643622875 5.8437103033065787 3.9410210251808167 3.56023770570755 39.692870363593102 3.1582000851631165 6.797675758600235
leaf_count=27 36 20 84 13 17 490 249 641 59 10 204 351 51 10 963 77 51 34 112 15 48 105 483 19 14 11 114 11 25
internal_value=-0.000218106 -0.00343274 0.00262384 -0.00057071 -0.00668367 -0.00514381 -0.00140168 0.000490105 0.00938343 0.00149354 0.00390618 0.00621725 0.00559445 0.00720389 0.00608436 -0.00816651 -0.002602 -0.0110295 -0.00772799 -0.0109166 0.00446144 -0.0103035 -0.00634891 -0.0170154 0.0236515 0.0114594 -0.0190818 0.0126141 0.0413151
internal_weight=1433.81 674.229 759.585 364.731 407.176 355.771 353.449 291.056 26.4202 267.053 212.675 179.333 394.853 331.014 321.322 33.3417 63.839 29.5618 54.3782 47.5923 34.2773 62.3926 329.351 51.4047 11.2827 7.34173 45.561 6.78597 9.69273
internal_count=4344 2009 2335 1117 1209 1059 1079 890 86 800 652 555 1218 1034 999 97 184 85 148 127 99 189 973 150 38 24 131 21 35
is_linear=0
shrinkage=0.03


Tree=54
num_leaves=26
num_cat=0
split_feature=0 1 9 10 9 22 29 22 27 27 0 22 0 6 9 22 10 27 29 29 33 29 25 26 33
split_gain=87.0005 22.2118 13.0452 9.2565 9.17252 9.16423 8.29087 7.33643 9.51527 9.3275 11.3007 8.7392 7.18235 6.85584 6.78436 9.01413 7.43421 5.76781 5.68764 4.3488 3.78881 2.40001 1.69572 0.901932 0.531647
threshold=0.30329549312591558 -0.50438550114631642 0.40329450368881231 -13.689263820648192 0.5546255111694337 -5.5921468734741202 0.52650001645088207 4.0816555023193368 0.018900832161307338 0.019799064844846729 0.35992850363254553 1.098989009857178 -0.64282497763633717 0.047389501705765731 0.3621129989624024 4.199775457382203 -1.8586509823799131 0.020385479554533962 0.19950000196695331 0.64049997925758373 0.14027105271816256 0.82850000262260448 0.0032588909380137925 1.0007735490798952 1.3836151361465456
decision_type=2 2 2 2 2 2 2 2 2 2 2 2 2 2 2 2 2 2 2 2 2 2 2 2 2
left_child=1 14 3 18 7 -5 13 9 22 11 -11 -2 -8 -4 16 24 21 -18 -3 -10 -17 -1 -9 -6 -16
right_child=4 2 6 5 23 -7 12 8 19 10 -12 -13 -14 -15 15 20 17 -19 -20 -21 -22 -23 -24 -25 -26
leaf_value=-0.023664882562901963 -0.025885377015702475 -0.026094875767915637 -0.0047275264920689335 -0.011117013282678735 -0.025221171167185422 0.0029668243542931151 -0.010067489001255581 -0.025686942438031646 0.019389014698022657 0.028699646380189334 0.0070967483902543435 0.0029709728525119366 0.01364343741188292 -0.0193483044652519 -0.024367373543887648 0.013273012431621581 -0.0090446398723143234 0.010396210451021329 -0.0049827802906394231 0.0016182328455775668 -0.010819701698139225 0.0036474474511669049 0.000664972192373274 -0.0037088681075492839 -0.0044279250652545163
leaf_weight=25.661130875349048 13.473789393901823 17.69949409365654 46.825346365571022 47.537664875388145 6.6505067646503431 303.89227117598057 25.119883090257645 4.9823530614376059 106.61202761530876 22.985729277133942 400.9518690854311 27.573420196771622 20.310391083359718 85.5655617415905 94.782765254378319 7.1593185216188457 38.118787989020348 20.588689103722572 35.968556135892868 15.391581535339354 22.531984239816666 2.4908691197633734 2.5671736299991608 4.038426473736763 2.5956475585699073
leaf_count=106 46 69 160 156 26 890 90 18 243 49 1060 77 58 341 422 21 137 55 126 41 83 8 8 14 10
internal_value=-0.000276309 -0.00679354 -0.00373238 -0.00073123 0.00828802 0.00102305 -0.0104977 0.00879852 0.0151686 0.00698997 0.00832168 -0.00648206 0.000370069 -0.014282 -0.0150645 -0.0195347 -0.0083476 -0.00204452 -0.0122882 0.0172363 -0.00458864 -0.0209127 -0.0161233 -0.0184268 -0.0239532
internal_weight=1402.08 796.848 582.919 405.098 605.227 351.43 177.821 594.538 129.553 464.985 423.938 41.0472 45.4303 132.391 213.929 127.07 86.8595 58.7075 53.6681 122.004 29.6913 28.152 7.54953 10.6889 97.3784
internal_count=4314 2732 1890 1241 1582 1046 649 1542 310 1232 1109 123 148 501 842 536 306 192 195 284 104 114 26 40 432
is_linear=0
shrinkage=0.03


Tree=55
num_leaves=28
num_cat=0
split_feature=0 1 1 26 27 21 2 22 26 27 18 29 33 33 17 17 7 34 29 33 28 33 34 27 27 25 29
split_gain=85.4605 19.7075 16.7362 11.6435 9.03769 10.1905 5.96419 5.30025 5.26273 4.10429 5.66217 6.67439 3.65455 3.26097 4.26384 2.81818 2.79188 2.35375 1.94518 1.31547 2.21653 1.6899 1.19837 3.07637 1.68726 0.374424 0.892256
threshold=0.026813500560820106 -0.62559351325035084 0.64156350493431102 1.0019552111625674 0.026736826635897163 0.64840000867843639 3775.824340820313 -2.769135475158691 1.000304162502289 0.027514189481735233 1.0000000180025095e-35 0.34950000047683721 0.082074869424104704 0.080274954438209548 1.0000000180025095e-35 -0.5617450177669524 25.388464927673343 0.68141931295394909 0.24849999696016314 0.20194277912378314 -0.54297950863838185 0.45976626873016363 0.58595949411392223 0.020567856729030613 0.019380469806492332 0.0023986618034541611 0.36450000107288366
decision_type=2 2 2 2 2 2 2 2 2 2 2 2 2 2 2 2 2 2 2 2 2 2 2 2 2 2 2
left_child=1 7 9 4 5 -3 -6 19 18 10 11 -2 -12 15 -15 -5 22 -10 -9 20 -1 -21 23 -4 -24 -18 -27
right_child=2 3 16 13 6 -7 -8 8 17 -11 12 -13 -14 14 -16 -17 25 -19 -20 21 -22 -23 24 -25 -26 26 -28
leaf_value=-0.00010379675711883591 0.027498133941689526 0.003945163790587276 0.018412418474238593 0.025542250317675593 -0.00078837308496282148 0.013606131637953137 -0.024457584561277848 0.020590132791509119 0.011883186838326997 -0.022349305211045559 0.0012790760314287488 -0.0064010257990999722 -0.006772726459583045 -0.023729534044125054 -0.0015485978398159937 -0.0082992114797229271 -0.024909419245252851 -0.0031651858848286314 0.010343422823445487 0.031952286320945683 0.019854149139277379 0.017496314634927023 0 -0.020680396033733412 -0.015220746589138514 -0.0015772767970291624 -0.019379949811502768
leaf_weight=5.6216433942317989 9.8524379134178179 385.92275923490524 3.3678433448076239 3.237033411860466 48.701876595616341 133.92574512958527 11.720297098159788 39.588129729032516 13.66477397084236 12.367077365517614 56.751300379633904 9.5895447134971601 360.1522591561079 20.221948117017746 14.095292583107947 4.4961694478988639 35.346075832843781 25.780648738145828 41.299804478883743 22.9668790102005 18.227171927690506 20.249786645174026 6.0924508124589911 2.9078460931777954 57.007390707731247 4.0253211110830298 35.954016774892807
leaf_count=17 31 1152 12 10 146 407 39 113 42 34 174 27 1127 65 43 14 122 76 119 65 52 60 23 10 187 14 133
internal_value=0.000311603 0.00665432 -0.00832628 0.00405977 0.00517734 0.00646205 -0.00569035 0.0151888 0.0111882 -0.00542472 -0.0048994 0.0105852 -0.00565489 -0.0110301 -0.0150306 0.00546421 -0.0172123 0.00190609 0.0155646 0.0220977 0.0148745 0.0256622 -0.0123894 0 -0.0136236 -0.0214245 -0.0178514
internal_weight=1403.13 809.72 593.414 622.321 580.271 519.849 60.4222 187.399 120.333 448.713 436.346 19.442 416.904 42.0504 34.3172 7.7332 144.701 39.4454 80.8879 67.0655 23.8488 43.2167 69.3755 6.27569 63.0998 75.3254 39.9793
internal_count=4314 2420 1894 1876 1744 1559 185 544 350 1393 1359 58 1301 132 108 24 501 118 232 194 69 125 232 22 210 269 147
is_linear=0
shrinkage=0.03


Tree=56
num_leaves=19
num_cat=0
split_feature=9 1 29 28 0 18 6 27 25 25 26 29 27 27 29 25 29 28
split_gain=14.8924 10.0724 7.65343 7.55926 6.54916 4.7857 6.08509 4.14647 3.83768 4.0066 3.25424 2.89905 3.18394 2.73856 0.917961 1.60743 2.04674 0.20233
threshold=0.4796034991741181 -0.77992299199104298 0.26950000226497656 -0.91283753514289845 -1.425040006637573 1.0000000180025095e-35 0.047767000272870071 0.020140452310442928 0.0017329840338788929 0.006354665383696557 1.0018508434295657 1.2839999794960024 0.026885607279837135 0.021432847715914253 0.2034999951720238 0.0034377558622509245 0.67050001025199901 0.30269110202789312
decision_type=2 2 2 2 2 2 2 2 2 2 2 2 2 2 2 2 2 2
left_child=1 14 3 7 -5 10 -7 -3 13 11 -4 12 -10 -2 -1 16 -16 -11
right_child=8 2 5 4 -6 6 -8 -9 9 17 -12 -13 -14 -15 15 -17 -18 -19
leaf_value=-0.023737775333047433 0.0061877633514250277 0.034610570882933886 -0.013341085724037782 -0.0090835369356745254 -0.0015247573899656685 0.0082103867507124211 0.0009510434770303094 0 0.01029554750419031 0.01415257919403907 0.015826546343862255 -0.01304308723926894 -0.01078674859268554 0.037737834154062559 -0.0094777736036458157 -0.019387381073048788 0.016080576554490349 0.033618020571593486
leaf_weight=10.316788271069525 4.9363198876380903 6.9698556661605817 26.077762246131901 128.8624139726162 534.89385515451431 136.76513454318047 444.46546080708504 5.3643699288368225 58.642425417900085 4.2357394397258741 3.2588425874710074 5.7170645594596854 6.418713927268981 7.8309600055217743 16.483597636222843 14.195965677499769 2.704917460680007 5.2297212481498718
leaf_count=39 16 24 74 414 1585 425 1319 16 187 14 11 15 15 28 56 48 10 18
internal_value=-2.86769e-05 -0.000848093 -0.00035705 -0.00256089 -0.00301151 0.00206867 0.00268025 0.0201602 0.0115373 0.00882829 -0.00958845 0.00610542 0.00801196 0.0269106 -0.0149342 -0.011638 -0.00510093 0.0269576
internal_weight=1423.37 1330.36 1286.66 676.09 663.756 610.567 581.231 12.3342 93.0109 80.2437 29.3366 70.7782 65.0611 12.7673 43.7013 33.3845 19.1885 9.46546
internal_count=4314 4021 3868 2039 1999 1829 1744 40 293 249 85 217 202 44 153 114 66 32
is_linear=0
shrinkage=0.03


Tree=57
num_leaves=31
num_cat=0
split_feature=1 27 0 27 29 9 29 29 1 4 22 27 27 27 27 4 27 26 27 27 22 26 29 26 33 33 27 34 9 27
split_gain=86.9458 21.0132 18.6761 11.4514 10.9184 10.6666 17.3077 9.91384 9.90882 8.02626 8.01685 13.4131 7.47573 10.1636 6.84972 6.70672 9.25594 7.36962 6.5451 6.31409 5.94282 4.73713 4.65323 3.49409 3.43921 3.3132 3.30293 3.2267 2.93127 2.55244
threshold=-0.2103139981627464 0.026672904379665855 1.1816384792327883 0.026622274890542034 0.39249999821186071 0.40686200559139257 0.34749999642372137 0.16749999672174457 -0.46698449552059168 -1895.090393066406 -2.4313384294509883 0.02707244269549847 0.020839642733335498 0.01989843882620335 0.02707244269549847 -575.71533203124989 0.0198379484936595 0.99868988990783703 0.020497629418969158 0.026829344220459465 4.199775457382203 1.0021987557411196 0.78949999809265148 0.9988611936569215 0.31927362084388738 0.87841466069221508 0.025130680762231353 0.7065238654613496 0.3621129989624024 0.027024132199585441
decision_type=2 2 2 2 2 2 2 2 2 2 2 2 2 2 2 2 2 2 2 2 2 2 2 2 2 2 2 2 2 2
left_child=1 8 5 7 10 15 23 18 20 -9 11 -3 13 -10 -12 17 -17 -2 -4 -8 28 25 -14 -7 27 -6 -22 -5 -1 -23
right_child=2 4 3 24 21 6 19 9 12 -11 14 -13 22 -15 -16 16 -18 -19 -20 -21 26 29 -24 -25 -26 -27 -28 -29 -30 -31
leaf_value=-0.014590231258631969 -0.01648273547841507 0.028874393478703492 0.031675427354540535 0.0042320129004649034 -0.017652242194812224 0.0019122975263649678 0.0022498949606749581 -0.0043764006836554108 -0.022596284354247723 0.0079713549229075299 -0.024834597439929527 -0.003537233171880246 -0.015713507797234239 0.0060984834967383874 0.019156887210467849 -0.0013863299924594557 0.013251361316963249 0.0020022114081738808 0.0096215035341092169 0.04082295707263206 -0.00059596351813621994 0.028557010279581355 0.0086838128541594176 -0.021448816632958119 0.028114375410780629 0.013666182013481232 -0.018598140045645459 0.02156556344177599 -0.022387063229549534 -0.0039369684607887369
leaf_weight=91.622829601168633 20.824111133813858 28.144695311784744 22.747712373733521 18.956269413232803 30.816164612770081 5.6587453484535208 42.179993167519569 59.67354479432106 13.417971968650816 211.10951334238052 8.8843858838081342 18.268452763557434 70.045672953128815 54.42585189640522 4.1694770455360404 58.057336628437042 110.61468508839607 213.87577320635319 30.093470185995102 3.7951910495758048 30.245908364653587 3.3630340397357932 7.0030468851327887 48.094432890415192 33.678747087717056 2.6720986217260352 13.431245207786558 23.967403173446655 118.96886070072651 3.8428984880447388
leaf_count=341 70 64 46 50 106 19 132 179 52 552 35 55 263 164 11 166 282 620 73 7 105 8 23 189 72 7 54 54 524 12
internal_value=-0.000247398 -0.0102938 0.00529853 0.0101344 0.00190613 0.0014274 -0.0073048 0.00759958 -0.0133762 0.005214 0.0101407 0.0160234 -0.0069735 0.000167827 -0.0099311 0.00361498 0.00817062 0.000292287 0.0194922 0.00603264 -0.0169686 -0.00988565 -0.0133383 -0.0188287 0.0206077 -0.0147242 -0.00648341 0.0142547 -0.0190801 0.0109291
internal_weight=1402.65 499.323 903.327 400.227 100.161 503.1 99.7284 323.624 399.161 270.783 59.467 46.4131 144.893 67.8438 13.0539 403.372 168.672 234.7 52.8412 45.9752 254.269 40.6942 77.0487 53.7532 76.6024 33.4883 43.6772 42.9237 210.592 7.20593
internal_count=4335 1824 2511 1026 298 1485 347 850 1526 731 165 119 502 216 46 1138 448 690 119 139 1024 133 286 208 176 113 159 104 865 20
is_linear=0
shrinkage=0.03


Tree=58
num_leaves=30
num_cat=0
split_feature=0 0 0 0 25 16 6 33 22 34 25 33 18 0 25 8 0 25 28 25 34 25 18 22 34 33 28 33 28
split_gain=87.222 20.375 10.2214 7.12253 7.53647 6.00307 5.54162 5.33224 4.73035 4.91277 4.42024 4.30232 4.29093 3.94638 5.01527 3.85914 3.18585 3.78799 2.98467 2.27323 1.94866 1.66993 1.65369 1.61142 1.17266 0.845975 0.71425 3.22467 0.536723
threshold=0.026813500560820106 -2.5905750989913936 2.7174900770187382 -1.2172889709472654 0.002356833429075778 0.87837952375411998 0.051688499748706825 0.70816370844841015 0.66025149822235119 0.72097364068031322 0.0003363619616720826 0.032798109576106078 0.11808750033378602 -4.5034699440002433 0.0014482866390608253 -3.4478715658187862 0.48740349709987646 0.001775563112460077 -0.65950530767440785 0.0019194062333554032 0.58303722739219677 0.0036681464407593016 0.57603701949119579 -2.0358949899673457 0.74103575944900524 0.72786888480186474 -0.54297950863838185 0.19752699881792071 0.75181958079338085
decision_type=2 2 2 2 2 2 2 2 2 2 2 2 2 2 2 2 2 2 2 2 2 2 2 2 2 2 2 2 2
left_child=1 13 8 4 5 -3 19 -6 9 11 22 -2 -11 26 23 -12 17 -10 -16 -4 -18 -21 -5 -15 25 -8 27 -1 -28
right_child=2 3 6 10 7 -7 24 -9 16 12 15 -13 -14 14 18 -17 20 -19 -20 21 -22 -23 -24 -25 -26 -27 28 -29 -30
leaf_value=-0.004396021422401768 0.010050023468255658 0.01258014448103734 -0.019290138928603786 0.028113229589566548 -0.00088457919224488334 -0.0043630868258066431 -0.02259795400761103 0.02172812981272414 -0.0099676164460332332 -0.01219552748111879 -0.0061695441788714514 -0.007198048576037187 0.0098366690567901552 0.0094490888135032088 0.020949341462368543 0.0017816088847407395 -0.00072943131837798489 0.0032640901866584789 0.0051585155239786164 0.0091983936647462294 -0.014183322959442054 -0.0084109513247841231 0.002531240177337718 0.026868946847340289 -0.0017579073285961208 -0.010494002126080633 0.026720736833790719 0.025156693132601306 0.0095835981961679348
leaf_weight=4.626226067543028 13.086621299386023 171.19883275032043 5.9311400204896954 6.6277285516262037 107.51733240485191 20.042219772934914 75.068129107356071 9.7358178943395597 55.002480506896973 9.5182444304227811 68.841928511857986 196.53913679718971 34.710019499063492 9.2672230303287488 13.28745001554489 263.23636451363564 12.096013262867926 28.390780180692673 67.656907081604004 10.385970771312715 125.54315823316574 8.0108516216278058 4.7337141036987305 22.846059679985046 3.9863431602716437 10.156813785433767 34.733893156051636 7.6592420041561127 4.3086195290088645
leaf_count=14 44 503 17 19 333 55 265 28 171 26 212 624 112 27 38 796 37 94 203 33 395 25 15 65 14 35 100 22 13
internal_value=-0.000160903 0.00617787 -0.00896771 0.00377344 0.00708176 0.0107508 -0.0170986 0.00100087 -0.00698885 -0.00412252 0.000769606 -0.00605709 0.00481064 0.0156186 0.0122141 9.94261e-05 -0.0102234 -0.00536307 0.00797387 -0.00384681 -0.013073 0.00103452 0.0187693 0.0223398 -0.0205705 -0.0213301 0.0227538 0.0135877 0.0252022
internal_weight=1404.75 816.32 588.426 651.934 308.494 191.241 113.539 117.253 474.886 253.854 343.44 209.626 44.2283 164.386 113.058 332.078 221.032 83.3933 80.9444 24.328 137.639 18.3968 11.3614 32.1133 89.2113 85.2249 51.328 12.2855 39.0425
internal_count=4335 2443 1892 1961 919 558 389 361 1503 806 1042 668 138 482 333 1008 697 265 241 75 432 58 34 92 314 300 149 36 113
is_linear=0
shrinkage=0.03


Tree=59
num_leaves=20
num_cat=0
split_feature=1 25 7 28 2 10 29 2 4 9 2 0 25 25 25 27 33 27 28
split_gain=11.4628 9.98427 7.23488 7.65945 6.53751 7.80156 7.39266 9.48262 7.16964 5.87295 4.45531 3.12948 2.39194 1.10483 2.89576 1.09509 1.80874 0.217339 0.155557
threshold=-0.77992299199104298 0.0010718263802118602 15.23994827270508 -0.77633023262023915 2547.336059570313 7.2548999786376962 0.40749999880790716 2596.573608398438 -5687.9118652343741 0.44116349518299108 2446.126586914063 -0.11218750104308127 0.0024379567475989465 0.0020046916324645285 0.0039054281078279023 0.024871427565813068 0.30651180446147924 0.025571790523827079 -0.56854695081710804
decision_type=2 2 2 2 2 2 2 2 2 2 2 2 2 2 2 2 2 2 2
left_child=13 2 -2 11 5 10 8 -8 -6 -5 -3 -4 -7 18 15 -15 -17 -16 -1
right_child=1 4 3 9 6 12 7 -9 -10 -11 -12 -13 -14 14 17 16 -18 -19 -20
leaf_value=-0.0087014052376481552 0.02845766362055703 -0.0053190541431729086 0.028843289149842109 -0.0067326526808444932 -0.015247638221234264 0.030322636076055984 -0.016452011748976932 0.0060078304740169945 0.0002929504556966146 0.006233018955437113 0.011595104591962006 0.001028498980920411 0.0035155811035253708 -0.01184808546802269 -0.009011547400727616 0.017161819904254753 -0.0088938862683379978 -0.024157084799951087 -0.024298603145152052
leaf_weight=3.5131181329488781 5.6504424512386313 23.390952169895172 7.7246516346931458 279.92680196464062 27.492906019091606 18.00137743353844 17.088970005512238 357.8470651358366 571.4489563703537 34.300572901964188 32.028061926364899 7.8710130304098112 4.68704530596733 3.9855851680040386 4.5316753536462775 5.2380332797765714 3.2138011902570724 8.0690037906169874 12.551131695508955
leaf_count=14 19 69 27 829 74 60 45 1083 1734 112 98 24 14 13 15 20 10 29 46
internal_value=0.000407432 0.00087851 -0.0036141 -0.00423303 0.00232077 0.0106648 0.00163719 0.00493963 -0.00041751 -0.00528109 0.0043114 0.0158326 0.0253681 -0.0150975 -0.0101044 0 0.00630541 -0.019949 -0.0217966
internal_weight=1428.56 1387.46 335.473 329.823 1051.99 78.1074 973.878 374.936 598.942 314.227 55.419 15.5957 22.6884 41.1023 25.0381 12.4374 8.45183 12.6007 16.0642
internal_count=4335 4188 1011 992 3177 241 2936 1128 1808 941 167 51 74 147 87 43 30 44 60
is_linear=0
shrinkage=0.03


Tree=60
num_leaves=25
num_cat=0
split_feature=0 27 0 23 7 27 7 6 27 27 27 3 27 27 0 0 27 27 2 27 2 17 18 34
split_gain=76.794 15.7575 20.1373 12.693 10.2281 8.74581 14.4723 12.835 12.6087 12.0086 8.45553 7.40484 7.02789 6.85295 6.65075 5.81478 5.73461 7.84987 5.40438 9.39556 5.37839 5.27573 5.09551 1.846
threshold=0.35418500006198889 0.026781643740832809 -1.0804669857025144 8.2609491348266619 24.139434814453129 0.025842599570751194 48.380487442016609 0.057730501517653472 0.020216431468725208 0.027514189481735233 0.018900832161307338 41.413154602050788 0.027362042106688026 0.02104188967496157 -0.73244249820709217 -3.1728779077529903 0.024344349279999736 0.024717390537261966 4224.8249511718759 0.027147546410560611 3313.137084960938 1.0000000180025095e-35 0.37212000787258154 0.74207592010498058
decision_type=2 2 2 2 2 2 2 2 2 2 2 2 2 2 2 2 2 2 2 2 2 2 2 2
left_child=1 2 15 5 13 7 12 8 -2 -8 -5 -6 -7 -4 18 23 -12 -18 21 -20 -9 -3 -17 -1
right_child=3 14 4 10 11 6 9 20 -10 -11 16 -13 -14 -15 -16 22 17 -19 19 -21 -22 -23 -24 -25
leaf_value=-0.021106531454707207 -0.0005896150911837946 -0.015799101005282368 5.9717391296249388e-05 -0.017669422491726955 0.00016793829092219838 0.029464540755460254 -0.00029902053245888096 0.00080454822195356163 0.015560260469549078 0.033222547238480046 0.030116997588011729 -0.011565281098013516 -0.006030471225973064 0.019261464030909541 0.037101088515128069 -0.0027737153240401987 -0.0057485595708464043 0.019141166373092534 0.029332447646504091 -0.024131244034649665 -0.010759915126106311 0.0042484699951847796 -0.013194812426468829 3.5491837135184316e-05
leaf_weight=80.807787463068962 71.395811766386032 15.226028725504873 154.70027339458466 5.2446613609790793 71.34528449177742 42.719248980283737 66.92010772228241 135.72044661641121 106.73901262879372 10.634181618690489 31.706088185310364 140.77137911319733 5.0442412793636313 18.389927804470062 5.2521570622920981 57.308297008275986 13.572094976902006 53.330821990966797 13.5073558986187 3.1598125100135794 48.272509396076202 46.494043469429016 194.02819962799549 3.0049268901348105
leaf_count=366 193 56 461 19 222 91 189 386 257 20 63 514 15 47 10 189 38 117 29 12 150 128 738 11
internal_value=-0.000406823 -0.00644703 -0.00788336 0.00778941 -0.00316733 0.0057216 0.0125638 0.00331493 0.00905353 0.0043655 0.0173347 -0.00758538 0.0255058 0.00220125 0.00578993 -0.0132642 0.019367 0.0139533 0.00335605 0.0182648 -0.00220167 -0.000639735 -0.0108646 -0.0202461
internal_weight=1395.29 803.995 720.356 591.299 385.207 487.446 125.318 362.128 178.135 77.5543 103.854 212.117 47.7635 173.09 83.6394 335.149 98.609 66.9029 78.3872 16.6672 183.993 61.7201 251.336 83.8127
internal_count=4321 2783 2548 1538 1244 1301 315 986 450 209 237 736 106 508 235 1304 218 155 225 41 536 184 927 377
is_linear=0
shrinkage=0.03


Tree=61
num_leaves=26
num_cat=0
split_feature=0 1 1 27 21 27 25 2 27 22 27 27 23 25 27 3 27 25 0 26 33 27 33 33 33
split_gain=72.325 22.4319 14.8515 10.2902 10.8016 17.5109 10.8533 7.09102 5.55532 5.80822 11.9732 4.76829 11.2319 5.30146 3.67386 3.47918 4.27851 1.95051 1.58639 1.21759 1.86041 1.27406 0.374161 0.423432 0.228929
threshold=-0.064502000808715806 0.64156350493431102 -0.69541749358177174 0.026829344220459465 0.28904999792575842 0.020556859672069553 0.0024148148950189356 3460.3056640625005 0.027442594990134243 4.028307557106019 0.019647951237857345 0.020321485586464409 -0.21916400268673894 0.0055042426101863393 0.027362042106688026 54.423530578613288 0.019647951237857345 0.0040770699270069608 3.4126900434494023 1.0002803802490237 0.7883039414882661 0.019702149555087093 0.011171157937496902 0.8635602891445161 0.42576767504215246
decision_type=2 2 2 2 2 2 2 2 2 2 2 2 2 2 2 2 2 2 2 2 2 2 2 2 2
left_child=2 8 11 4 5 -4 -6 14 9 10 -2 15 13 -13 -5 24 -17 -11 19 20 -3 -21 -20 -24 -1
right_child=1 18 3 7 6 -7 -8 -9 -10 17 -12 12 -14 -15 -16 16 -18 -19 22 21 -22 -23 23 -25 -26
leaf_value=0.029683046384648058 0.032076111162310739 -0.018783583335238448 0.0064535557322096633 0.0087853927679314141 0.016169128210282938 -0.0086762759021444813 0.003479061873859829 -0.023623938521201392 -0.022601051216714078 -0.015280437760496394 -0.0031504196344093877 0.008858743568579755 -0.02953915608596925 0.032103433062815739 -0.010767958174765085 0.017071655643894294 -0.014156728847351264 0.0041317617079449469 -0.0066401419723159999 0.0017779675752884862 0.00059893476158169937 -0.011865193143666469 -0.02285458417450718 -0.0068556368229797417 0.019610292086205964
leaf_weight=27.365636646747589 8.3361475318670255 48.655849143862724 233.33282399177551 18.211777687072754 132.67538461089134 96.777857095003128 115.9744738638401 17.374659582972527 13.950556874275206 44.231048479676247 413.04753533005714 52.521689385175705 5.4650078117847434 10.96479746699333 15.560856953263281 19.878386229276661 4.1805826127529135 4.2041473984718314 3.7287497818469992 6.713715165853503 3.885777309536933 23.14420360326767 58.121825039386749 3.7588706761598578 15.340291619300841
leaf_count=78 26 164 697 53 395 296 359 58 38 137 1295 145 14 31 50 56 15 15 14 23 14 77 211 15 45
internal_value=0.00019256 -0.00731095 0.00639679 0.00443011 0.00558056 0.00198434 0.0103053 -0.00834162 -0.00415077 -0.00356033 -0.00239502 0.015409 0.00952555 0.0132335 0 0.0212355 0.0111011 -0.0133866 -0.0175307 -0.014227 -0.0171883 -0.00852223 -0.0214047 -0.0220898 0.026542
internal_weight=1397.4 631.778 765.624 629.908 578.761 330.111 248.65 51.1473 483.769 469.819 421.384 135.716 68.9515 63.4865 33.7726 66.7649 24.059 48.4352 148.009 82.3995 52.5416 29.8579 65.6094 61.8807 42.7059
internal_count=4321 2029 2292 1908 1747 993 754 161 1511 1473 1321 384 190 176 103 194 71 152 518 278 178 100 240 226 123
is_linear=0
shrinkage=0.03


Tree=62
num_leaves=31
num_cat=0
split_feature=9 7 29 23 18 10 7 23 25 29 29 34 6 17 33 29 18 29 33 16 21 26 26 34 34 26 33 29 26 34
split_gain=15.3722 10.3893 11.5257 10.9018 8.66812 8.21086 6.58039 5.90726 7.94083 5.7617 5.47497 4.87396 4.26051 3.83851 3.59081 3.17373 3.0588 3.63365 2.93115 2.8244 2.81795 2.58164 2.79205 2.54256 2.50142 2.36208 1.96363 1.87014 1.43625 1.2239
threshold=0.34812349081039434 22.169844627380375 0.25550000369548803 -0.21916400268673894 0.2379029989242554 4.7818539142608651 53.926776885986335 5.3267550468444833 0.00094507259200327109 0.62149998545646679 0.48749999701976782 0.69864931702613842 0.067668996751308455 0.81174498796463024 0.87841466069221508 0.15650000423192981 0.90161299705505382 0.21450000256299975 0.7373483180999757 0.87837952375411998 0.10159999877214433 1.0003208518028261 1.0011295080184939 0.71429720520973217 0.6961524784564973 0.99941602349281322 0.34379796683788305 0.12350000068545343 1.0009298324584963 0.71575754880905162
decision_type=2 2 2 2 2 2 2 2 2 2 2 2 2 2 2 2 2 2 2 2 2 2 2 2 2 2 2 2 2 2
left_child=1 16 12 4 -4 6 7 9 -9 -2 18 14 25 -5 24 29 21 27 -8 -17 -16 26 -23 -14 -7 -3 -1 -18 -19 -13
right_child=5 2 3 13 -6 11 10 8 -10 -11 -12 15 23 -15 20 19 17 28 -20 -21 -22 22 -24 -25 -26 -27 -28 -29 -30 -31
leaf_value=0.004621269237040814 -0.0020661267756076742 -0.0047769627737227023 -0.0082869051940761447 -0.015737860817972127 0.009508703279261229 0.013208446681559991 0.0011234102974582063 -0.01537381269066827 0.0109899715621764 0.0060756634943160163 0.03857960950543423 0 -0.0014473180008525151 -0.0016150675401979994 0.015710993886151534 0.0086124805588326508 -0.0011618126004294049 0.019734966492314102 0.031131971572377511 -0.012110134739152284 -0.013770056146981664 0.014143649338636899 -3.3048055161388315e-05 -0.013073310088478641 0.036643885708166922 -0.016428676223777111 -0.0037211525458729178 -0.016734721648111836 -0.003131105646744803 -0.015686663344601851
leaf_weight=62.497568532824516 432.06137150526047 21.661487832665443 33.161594569683075 43.169048264622688 88.272812262177467 89.821906208992004 17.092467248439796 11.07058762013912 80.607867226004601 94.762376487255096 6.6585915088653556 8.3490338325500506 53.284791961312294 31.461213678121567 3.9928480088710767 47.737332373857498 13.930753946304323 5.6502842456102353 3.2451579272747031 5.9726543724536887 7.4068829715251923 36.067570209503174 17.089655175805092 25.991974994540215 4.5331641137599936 106.29606013000011 41.16509136557579 16.834157511591911 2.9361757040023804 9.1208847165107709
leaf_count=187 1310 72 98 126 280 279 48 31 254 303 23 24 162 85 13 149 39 19 11 16 20 116 47 74 16 322 119 44 8 26
internal_value=0.000203643 -0.00344151 -0.00619931 -0.000929531 0.00456117 0.002872 0.00128341 0.000629311 0.00764267 -0.000580183 0.0156579 0.0085969 -0.0111275 -0.0099544 0.012688 0.002347 0.00218371 -0.00514992 0.00697573 0.00605162 -0.00246149 0.00409169 0.00946038 -0.00542992 0.0146165 -0.0145525 0.00122008 -0.0101023 0.0111833 -0.00839323
internal_weight=1421.9 599.47 403.299 196.065 121.434 822.433 645.498 618.502 91.6785 526.824 26.9962 176.935 207.234 74.6303 105.755 71.1799 196.171 39.3514 20.3376 53.71 11.3997 156.82 53.1572 79.2768 94.3551 127.958 103.663 30.7649 8.58646 17.4699
internal_count=4321 1798 1219 589 378 2523 1980 1898 285 1613 82 543 630 211 328 215 579 110 59 165 33 469 163 236 295 394 306 83 27 50
is_linear=0
shrinkage=0.03


Tree=63
num_leaves=29
num_cat=0
split_feature=0 9 23 8 0 0 29 33 7 10 6 25 25 29 22 8 6 2 21 29 10 16 25 6 29 7 25 33
split_gain=72.7278 21.6366 14.7392 11.2131 8.97083 6.56181 10.3984 6.09642 5.94958 5.85117 5.56441 5.52722 5.29631 4.60521 5.88904 6.81401 5.76504 8.90778 7.25382 4.26025 3.44428 3.3076 6.54943 3.06204 1.51765 1.03647 2.10864 0.579532
threshold=0.30329549312591558 0.40329450368881231 -2.2434965372085567 0.5378520041704179 -0.20288850367069242 -1.8333045244216917 0.95100000500679027 0.18677093833684924 56.572429656982429 -1.8586509823799131 0.047389501705765731 0.004467892926186324 0.006354665383696557 0.15249999612569812 4.0816555023193368 5.6169016361236581 0.059656500816345222 4189.8942871093759 0.71095001697540294 0.43250000476837164 -12.797537326812742 -0.87837952375411976 0.00059596524806693207 0.063080500811338439 0.18249999731779101 39.893541336059577 0.002902676817029715 1.2093840241432192
decision_type=2 2 2 2 2 2 2 2 2 2 2 2 2 2 2 2 2 2 2 2 2 2 2 2 2 2 2 2
left_child=1 2 3 9 11 25 10 -6 -5 -1 -7 -4 -8 20 16 24 18 -18 -15 -17 -2 22 -22 -23 -16 27 -27 -3
right_child=13 5 4 8 7 6 12 -9 -10 -11 -12 -13 -14 14 15 19 17 -19 -20 -21 21 23 -24 -25 -26 26 -28 -29
leaf_value=0.0087478347830855716 0.034640813671914544 -0.022789179076532832 -0.015795423115542741 -0.0037105054432170744 0.010740669497676492 -0.0039565664648516441 0.0234197775508527 -0.0077091313962663393 -0.02282380167997879 -0.0010315833865507137 -0.016249047777661989 0.008154197487944867 -0.014419669676034825 0.0097233922455062377 0.0036012961590286834 0.0092363623579918164 -0.0027762004959497942 0.011957591764865728 -0.012743840337980821 -0.0094759113482053188 0.016649137577197354 0.018261987254281933 -0.012173849967033763 0 0.02101751032296293 -0.0034735402505872591 -0.024298486416721613 -0.0021412829345942206
leaf_weight=133.20200899243355 6.4799689948558798 66.488762497901917 119.70787924528122 93.048431098461151 25.829163864254951 51.977040365338326 11.429694995284079 40.90183961391449 17.447772309184074 90.891613870859146 105.43485715985298 8.5349974036216718 3.9184732735157004 178.23052744567394 6.5713889598846427 42.297912582755089 151.27986854314804 48.194789409637451 13.182130292057989 13.853620633482931 14.060442596673967 53.255936741828918 13.143644630908964 10.222468107938765 52.657481551170349 12.142839029431345 7.9107125252485266 2.3443645983934394
leaf_count=367 12 310 481 306 72 177 31 130 71 266 418 29 14 448 16 108 453 122 42 42 32 119 39 26 115 45 33 9
internal_value=-0.000454733 -0.00644194 -0.00292769 0.000870145 -0.00947667 -0.0135012 -0.0099405 -0.000407243 -0.00689887 0.0047478 -0.0122725 -0.0141061 0.0130411 0.00737955 0.00618704 0.0121762 0.00438288 0.000759602 0.00810006 0.00441795 0.0134375 0.011642 0.00243008 0.0153993 0.0192822 -0.0202266 -0.0125177 -0.0222363
internal_weight=1394.64 791.21 529.564 334.59 194.974 261.647 172.76 66.731 110.496 224.094 157.412 128.243 15.3482 603.43 506.268 115.38 390.887 199.475 191.413 56.1515 97.1625 90.6825 27.2041 63.4784 59.2289 88.8867 20.0536 68.8331
internal_count=4333 2759 1722 1010 712 1037 640 202 377 633 595 510 45 1574 1346 281 1065 575 490 150 228 216 71 145 131 397 78 319
is_linear=0
shrinkage=0.03


Tree=64
num_leaves=27
num_cat=0
split_feature=1 1 27 3 21 6 1 27 27 29 1 27 2 0 27 34 2 34 27 27 27 27 29 29 34 33
split_gain=77.3742 22.9488 9.58742 12.9639 10.9958 9.11472 6.5875 6.9977 7.65761 6.66745 6.03238 5.56494 4.61547 4.43025 4.14018 4.08064 3.21217 3.051 2.92776 2.45245 2.23437 6.64247 4.06369 1.2019 0.993057 0.352181
threshold=-0.45222748816013331 0.64156350493431102 0.020528296940028671 42.985136032104499 0.023399999365210537 0.04243499971926213 -0.69541749358177174 0.026736826635897163 0.020106017589569095 0.4030000120401383 -0.15377149730920789 0.0198379484936595 3183.9514160156255 3.4126900434494023 0.019356613047420982 0.74207592010498058 3775.824340820313 0.66977727413177501 0.027362042106688026 0.020567856729030613 0.019356613047420982 0.01893092226237059 0.24450000375509265 0.11050000041723253 0.74103575944900524 0.024625624530017379
decision_type=2 2 2 2 2 2 2 2 2 2 2 2 2 2 2 2 2 2 2 2 2 2 2 2 2 2
left_child=6 2 3 5 12 -2 15 8 14 -10 -6 -5 -4 17 -8 20 18 19 -9 -3 21 -1 -22 -19 25 -15
right_child=1 13 4 11 10 -7 7 16 9 -11 -12 -13 -14 24 -16 -17 -18 23 -20 -21 22 -23 -24 -25 -26 -27
leaf_value=0.026239260143470854 0.0034984185646845249 0.0041240854219140727 -0.02228628814543419 0.0061581950196560832 0.00067002069848438406 0.036029803778813992 0.0085267861269876493 0.0054572013806157647 0.016927056425058016 0.0046819178053671409 -0.0063930558387643444 -0.0030976072263620437 0 -0.0086426192432494022 -0.0072051715004483319 -0.010701368390427689 -0.022840445037416786 -0.0012935938549115081 -0.023102465971755443 -0.012987146269423145 0.026380638759743995 -0.013884554003970396 0.014006178661108107 -0.017242471257334548 -7.9496718716182759e-05 -0.023596615078495291
leaf_weight=6.5406929254531843 17.248154938220978 17.411961778998378 43.773476958274841 77.786926403641701 170.23748762905598 14.884667158126829 28.677800595760345 17.118657201528556 122.5855527818203 63.482353836297989 290.54564267396927 228.06199750304222 10.158344656229017 4.2492529898881903 30.498771578073502 4.0663775801658621 6.8809672743082038 6.2059410214424124 3.453885316848754 12.050358593463896 43.775583535432816 7.1403083205223083 70.421252995729446 41.644445776939392 2.6153698414564124 55.396883919835091
leaf_count=19 48 59 140 246 522 46 89 48 364 197 904 688 35 15 94 10 23 21 13 44 125 19 204 144 8 208
internal_value=-7.08254e-05 -0.00458597 -0.00272279 0.00118029 -0.00530183 0.0191647 0.0109711 0.00821637 0.00983736 0.0128213 -0.00376618 -0.000707981 -0.0181017 -0.015854 0.000275508 0.0165439 -0.00585903 -0.0107113 0 -0.00267412 0.0175187 0.00491223 0.0189225 -0.0153949 -0.0219604 -0.0227616
internal_weight=1396.91 992.271 852.697 337.982 514.715 32.1328 404.642 272.698 245.244 186.068 460.783 305.849 53.9318 139.574 59.1766 131.944 27.4535 77.3127 20.5725 29.4623 127.878 13.681 114.197 47.8504 62.2615 59.6461
internal_count=4333 3128 2629 1028 1601 94 1205 828 744 561 1426 934 175 499 183 377 84 268 61 103 367 38 329 165 231 223
is_linear=0
shrinkage=0.03


Tree=65
num_leaves=25
num_cat=0
split_feature=25 28 27 1 4 3 3 33 6 16 16 27 28 26 26 21 27 34 28 8 29 28 27 26
split_gain=11.3079 10.2489 7.93903 7.07165 7.59562 7.64288 9.84625 6.06422 5.55975 3.98266 3.96258 3.94018 2.90718 2.21179 3.38109 2.08863 2.0791 1.86203 1.35633 1.32925 1.68568 1.60867 0.923117 0.799782
threshold=0.0010499758063815536 -0.85072571039199818 0.021432847715914253 -0.69541749358177174 1017.9869384765626 44.954353332519538 44.623849868774421 0.3353842049837113 0.069126497954130187 0.87837952375411998 1.0000000180025095e-35 0.018682451918721203 -0.65211305022239674 1.0010331273078921 1.0022760629653933 0.023399999365210537 0.01971840858459473 0.72411984205245983 -0.25818315148353571 0.24390248954296115 0.1865000054240227 -0.33429397642612452 0.020166013389825824 0.99972242116928112
decision_type=2 2 2 2 2 2 2 2 2 2 2 2 2 2 2 2 2 2 2 2 2 2 2 2
left_child=1 22 8 9 5 6 -5 -7 10 13 -3 18 -13 17 -15 -10 23 -2 -6 21 -21 -4 -1 -11
right_child=3 2 19 4 11 7 -8 -9 15 16 -12 12 -14 14 -16 -17 -18 -19 -20 20 -22 -23 -24 -25
leaf_value=0.03577193647408651 -0.013953865390134684 -0.0015923463268271668 -0.0061915204246196431 0.0037305735888275081 0.012865430038635163 -0.0036627971228812865 0.028639710448966599 0.0041452913619531573 0.028698467817461226 0.011817413467669239 -0.0099543982660786987 0 0.027320288132630512 0.011359384616217818 -0.016786915233393863 0 0.030343230949958697 0 -0.0089946282577873307 -0.0032997650902411046 -0.022260167824252608 -0.024251211793008581 0.0086467828113419611 -0.0076746242632056705
leaf_weight=5.1170440614223462 47.801590800285339 185.55336992442608 7.8095193505287197 564.65303321182728 3.825849860906601 263.17070634663105 14.302418470382689 134.37737166881561 5.9631688296794874 2.9017893970012647 71.928286120295525 4.7867754101753262 20.484586268663406 10.065419644117354 5.4850754141807547 4.514967605471611 2.8697510659694672 9.7440054863691312 5.7381828427314741 16.58761061728001 6.1259954273700705 22.95502170920372 3.2126928418874741 3.6551766991615295
leaf_count=18 166 573 24 1719 13 755 49 406 20 10 210 14 69 37 18 16 10 33 17 53 16 64 11 12
internal_value=0.000521293 -0.00433564 -0.00522759 0.00199505 0.00269115 0.00218486 0.00438564 -0.000999041 -0.00306495 -0.00639217 -0.00397796 0.0163969 0.0224997 -0.00883546 0.000657033 0.0177102 0.0111376 -0.0115392 0 -0.0157683 -0.00917052 -0.020127 0.0274114 0
internal_weight=1423.63 329.768 321.438 1093.86 1011.34 976.504 578.955 397.548 267.96 82.5228 257.482 34.8354 25.2714 73.0961 15.5505 10.4781 9.42672 57.5456 9.56403 53.4781 22.7136 30.7645 8.32974 6.55697
internal_count=4333 1005 976 3328 3042 2929 1768 1161 819 286 783 113 83 254 55 36 32 199 30 157 69 88 29 22
is_linear=0
shrinkage=0.03


Tree=66
num_leaves=27
num_cat=0
split_feature=20 20 27 9 29 22 27 7 27 18 27 7 7 27 10 29 27 25 29 10 27 27 25 26 33 34
split_gain=63.2462 22.0296 16.6963 13.4993 13.1141 11.6959 9.79639 12.5788 8.99774 8.73309 7.78105 9.02311 6.995 13.3465 6.81233 6.75184 10.0836 7.83042 4.96688 4.66127 3.58297 2.95787 2.67976 1.71272 0.592416 0.530288
threshold=0.30329549312591558 -3.1728779077529903 0.026781643740832809 0.40329450368881231 0.95100000500679027 -0.11067499592900275 0.025842599570751194 57.859636306762702 0.027620895765721801 0.50806450843811046 0.02707244269549847 52.273168563842781 31.139095306396488 0.020839642733335498 -17.18626499176025 1.0074999928474428 0.018900832161307338 0.0023986618034541611 0.20850000530481341 -6.0935151576995841 0.020685245282948021 0.026385592296719555 0.0032240703003481035 1.0000355839729311 0.018976898863911632 0.74207592010498058
decision_type=2 2 2 2 2 2 2 2 2 2 2 2 2 2 2 2 2 2 2 2 2 2 2 2 2 2
left_child=1 8 3 9 -5 6 12 19 24 -3 14 -12 13 -2 -4 16 -7 -18 -9 -8 -17 -22 -14 -10 -1 -26
right_child=5 2 10 4 -6 15 7 18 23 -11 11 -13 22 -15 -16 20 17 -19 -20 -21 21 -23 -24 -25 25 -27
leaf_value=-0.0089697572805930836 -0.0029912425865476757 0 -0.01384721731080062 -0.01406442311318057 0.014202719082684077 -0.026603926157208156 0.030891885352233719 0.0084399065427624726 -0.0077946108171867007 -0.010480816483843284 0.023739338167059091 -0.010053483062827209 -0.020044997451009024 0.019996596833120918 0.024498493346698673 0.043179436017151858 0.01334773668118284 0.0023969583349029984 -0.017440229420337239 0.012055947660115484 0 0.029794612422428885 -0.0035958113782519497 0.017510684378719357 -0.023247047329272467 -0.0027535414622987639
leaf_weight=6.0864275693893424 113.29061463475227 328.83967879414558 4.1479329019784918 184.43972860276699 15.342354997992514 6.1372162252664557 18.29277640581131 10.599253743886949 2.8516322225332242 91.559825301170349 9.4747447520494443 24.231848582625389 20.796079590916634 27.825600147247314 31.625736311078072 8.271780341863634 229.65100704133511 82.124543383717537 15.350109726190565 43.591313391923904 6.4122311472892743 5.7651982307434082 18.467570602893829 6.0851607024669647 79.979448929429054 2.3156425654888144
leaf_count=25 324 1045 15 733 47 23 38 27 10 315 24 78 67 68 71 16 552 218 52 107 18 12 58 15 372 9
internal_value=-0.000117125 -0.0057329 -0.00382373 -0.00539699 -0.0118187 0.00715277 0.00242381 0.0106229 -0.0190819 -0.00231349 0.0100289 -8.32407e-05 -0.00153717 0.00153259 0.0196746 0.0108657 0.00971527 0.0105005 -0.00656927 0.017971 0.0276617 0.0151237 -0.012677 0.00849717 -0.0220039 -0.0227992
internal_weight=1393.56 786.98 689.662 620.182 199.782 606.575 268.213 87.8335 97.3183 420.4 69.4803 33.7066 180.38 141.116 35.7737 338.362 317.913 311.776 25.9494 61.8841 20.4492 12.1774 39.2637 8.93679 88.3815 82.2951
internal_count=4339 2759 2328 2140 780 1580 741 224 431 1360 188 102 517 392 86 839 793 770 79 145 46 30 125 25 406 381
is_linear=0
shrinkage=0.03


Tree=67
num_leaves=28
num_cat=0
split_feature=1 0 1 27 27 29 27 22 27 27 0 2 29 2 27 7 27 27 0 0 27 26 34 34 26 34 34
split_gain=62.3379 15.0497 14.619 10.2363 7.55503 15.8749 15.3018 6.73961 6.61159 6.29956 7.18086 5.60192 4.93524 4.80869 3.44268 3.31658 2.73138 5.71451 4.12801 2.49767 6.45474 2.27336 2.68018 1.93334 1.76327 1.73107 0.0470821
threshold=-0.025349999777972695 -2.5905750989913936 0.64156350493431102 0.026736826635897163 0.025277750566601757 0.55950000882148754 0.020556859672069553 -0.11067499592900275 0.0198379484936595 0.020369840785861019 -4.9033493995666495 3460.3056640625005 0.09549999982118608 2966.522827148438 0.020446146838366989 27.480632781982425 0.025500410236418251 0.027514189481735233 1.4933019876480105 -2.7149544954299922 0.019647951237857345 1.0001036524772646 0.68539175391197216 0.60535719990730297 1.0004951953887942 0.65757098793983471 0.73561701178550731
decision_type=2 2 2 2 2 2 2 2 2 2 2 2 2 2 2 2 2 2 2 2 2 2 2 2 2 2 2
left_child=1 9 7 4 6 -6 -3 8 -2 19 14 24 -10 -12 -11 21 18 -18 -9 26 -21 23 -23 -4 -5 -13 -1
right_child=2 3 15 11 5 -7 -8 16 12 10 13 25 -14 -15 -16 -17 17 -19 -20 20 -22 22 -24 -25 -26 -27 -28
leaf_value=0.028131340849823869 0.031613448412390333 0.0063842903005737897 0.0017797038795562522 -0.005047780131079223 0.015319043074069845 -0.0085422344292633689 -0.0064162045985780777 -0.0078237947348746024 -0.021149402980783574 -0.0070762919878387988 -0.013449271781523449 -0.0039075266223074908 -0.0010381409917214527 0.0072959186416186187 0.022843912084266164 -0.022128699382135367 0.00046105787499608114 -0.02167856532967425 -0.019558561770218637 0.024918385502421626 -0.016110569465002552 0.001890282952843692 -0.013005995537277949 -0.018557018546313257 0.0079995587596001227 -0.023872210183150774 0.012144147933464283
leaf_weight=31.202404916286469 4.850436031818389 266.92526625096798 3.6984326094388953 29.7392348498106 118.91750149428844 30.897142514586449 121.5569873303175 123.76200215518475 11.129109635949133 3.1061858832836142 10.83302980661392 6.7100032567977932 232.56083300709724 77.048768073320389 36.100444763898849 51.708705797791481 58.748993664979935 12.085468426346777 36.937752574682236 9.0139640569686872 4.7247257530689231 17.993717178702354 23.478566870093346 41.573589742183685 12.769126877188681 17.957493484020233 3.3619810938835135
leaf_count=89 15 791 14 86 353 98 365 390 32 10 26 22 735 232 105 196 187 34 116 26 17 63 84 145 40 58 10
internal_value=-0.000153996 0.00547328 -0.00727141 0.0032065 0.00459605 0.0103261 0.00235275 -0.00475826 -0.00127992 0.013216 0.0095224 -0.00774705 -0.00203489 0.00457525 0.0201875 -0.0158723 -0.00844249 -0.00331562 -0.0106292 0.0225525 0.0101062 -0.0119342 -0.00638294 -0.0166977 -0.00087178 -0.0189846 0.0270283
internal_weight=1399.39 780.864 618.528 605.473 538.297 149.815 388.482 480.075 248.54 175.392 127.088 67.1759 243.69 87.8818 39.2066 138.453 231.534 70.8345 160.7 48.3031 13.7387 86.7443 41.4723 45.272 42.5084 24.6675 34.5644
internal_count=4339 2328 2011 1813 1607 451 1156 1509 782 515 373 206 767 258 115 502 727 221 506 142 43 306 147 159 126 80 99
is_linear=0
shrinkage=0.03


Tree=68
num_leaves=27
num_cat=0
split_feature=9 7 9 33 21 7 25 10 8 6 34 33 33 26 2 26 34 4 25 25 33 25 26 26 26 33
split_gain=14.7952 6.60646 7.80159 7.91943 7.15525 5.63821 6.81137 8.80718 6.17872 5.19422 3.8548 3.79062 3.54735 3.53043 3.90224 7.94552 6.68239 3.02674 3.39277 2.80094 2.23057 0.990668 0.948397 3.1764 0.931319 0.628015
threshold=0.34812349081039434 53.926776885986335 0.4505975097417832 0.4796969741582871 0.023399999365210537 22.169844627380375 0.001182804524432868 -5.3872895240783683 -5.5936529636383048 0.042589498683810241 0.6132219433784486 0.039374308660626418 0.18122479319572452 0.99815294146537792 3009.5832519531255 0.9986553192138673 0.73494809865951549 1409.8919677734377 0.00048595687258057302 0.003199634607881308 0.43742653727531439 0.0033337728818878536 1.0006180405616762 0.9997125267982484 0.99750536680221569 0.24828012287616733
decision_type=2 2 2 2 2 2 2 2 2 2 2 2 2 2 2 2 2 2 2 2 2 2 2 2 2 2
left_child=5 2 4 12 10 13 17 11 -9 -6 -2 -8 -4 24 15 -15 -16 20 -19 -5 -7 22 23 -3 -1 -24
right_child=1 21 3 19 9 6 7 8 -10 -11 -12 -13 -14 14 16 -17 -18 18 -20 -21 -22 -23 25 -25 -26 -27
leaf_value=-0.0041073027783610234 0.028898838074435568 0.0061787895027727493 0.0062005744578848511 0.003553445546505734 0.02932202857974096 -0.015761342352033619 -0.010309617646672257 0.0053502861414603019 -0.011096923919341946 -0.00035898957397356566 0.0071854594069179004 0.00407110898110437 0.017632076974300061 0.045412983982033917 0.020897290656501682 -0.00080740438530233817 -0.018221965258464371 -0.013968465115791261 0.0192037897828898 -0.011958746594886447 -0.0055204814343999048 0.029650212280824789 0.011392523719963252 0.041724869949695841 -0.025897326371668163 -0.0040265172328282518
leaf_weight=4.8044716119766218 8.7196722924709302 8.1204098165035301 46.648717612028122 26.337480410933495 4.8538616001605979 75.953427046537399 18.126401230692863 23.858449354767799 115.61120639741421 578.84972414374352 53.461210072040558 130.79645973443985 61.673663511872292 2.9159416854381552 19.032397776842121 163.94569189846516 4.2669049501419059 4.4699143916368467 5.501669704914093 16.251727193593979 30.664662912487984 6.1281480491161338 3.8955917954444876 3.3083864450454703 4.6710928976535797 3.6746936142444611
leaf_count=13 30 23 142 81 17 227 51 68 348 1768 164 406 201 11 62 476 10 14 20 45 97 20 12 12 11 10
internal_value=0.000271791 0.00289726 0.00240038 0.00853723 0.000947083 -0.00328187 -0.00531683 -0.00279225 -0.00821001 -7.18832e-05 0.0105802 0.00223186 0.0128429 0.000804257 0.00175529 7.97909e-05 0.0131227 -0.0114461 0.0035174 -0.0022271 -0.0129395 0.0179482 0.0130486 0.0185407 -0.0165108 0.00300701
internal_weight=1426.54 821.923 796.796 150.912 645.884 604.619 404.982 288.393 139.47 583.704 62.1809 148.923 108.322 199.637 190.161 166.862 23.2993 116.59 9.97158 42.5892 106.618 25.1272 18.9991 11.4288 9.47556 7.57029
internal_count=4339 2525 2448 469 1979 1814 1231 873 416 1785 194 457 343 583 559 487 72 358 34 126 324 77 57 35 24 22
is_linear=0
shrinkage=0.03


Tree=69
num_leaves=24
num_cat=0
split_feature=1 27 27 22 27 21 7 6 29 26 33 3 0 29 27 28 26 3 3 26 7 29 33
split_gain=69.9227 22.1008 13.036 19.2388 11.5823 11.2029 10.9611 7.17942 6.25786 6.73837 6.10779 6.80072 6.59833 5.55892 4.54396 3.41769 3.32172 3.07231 2.75256 3.08424 2.01209 0.634321 0.045557
threshold=-0.16258350014686582 0.026672904379665855 0.018883452750742439 4.0816555023193368 0.026651846244931224 0.30470000207424169 58.051595687866218 0.036521499976515777 0.39249999821186071 1.0021987557411196 0.22949675470590594 36.975145339965827 -2.2767890691757198 0.16550000011920932 0.025674450211226944 -0.54297950863838185 0.99946019053459179 65.956329345703139 51.716829299926765 1.0002676844596865 57.42767524719239 0.43549999594688421 0.16074333339929583
decision_type=2 2 2 2 2 2 2 2 2 2 2 2 2 2 2 2 2 2 2 2 2 2 2
left_child=1 5 22 4 7 10 -6 -4 13 15 11 -1 -12 -3 17 -10 -15 -5 20 -20 -7 -16 -2
right_child=2 8 3 14 6 18 -8 -9 9 -11 12 -13 -14 16 21 -17 -18 -19 19 -21 -22 -23 -24
leaf_value=0.024027595311534724 -0.0090310058625298183 -0.016869551241941096 0.01046200606411667 0.010716206652857137 0.017878709680415498 -0.020682457092585028 -0.013076874749490142 0.00079071028724982725 0.0057360495307802756 0.018611674247964081 -0.024511986332684216 -0.0050170511746222158 -0.0088385438918756939 0.0015541423486713139 0.036767313207907812 -0.016737245003806665 0.018259100892697742 0.022918276168643111 0.011136996027647854 -0.021712810385303191 0 0.017201090042509803 -0.025502800904080237
leaf_weight=7.2177024185657492 2.8187646567821494 5.5649492591619483 78.999340265989304 96.896905705332756 75.507135599851608 130.73603866994381 11.194720625877379 551.51290363073349 7.008030802011489 7.7249767780303946 32.077479258179665 106.03821678459644 114.56281478703022 17.153750389814377 10.387055009603502 25.190472617745399 35.489748626947403 25.933514192700386 5.5013195276260358 3.8904744982719421 4.7391844391822806 6.0534774363040915 11.08792759478092
leaf_count=19 10 20 194 243 173 576 37 1619 21 20 148 382 412 48 19 87 93 55 19 16 14 13 45
internal_value=-0.000156763 -0.00906365 0.00498137 0.00546303 0.00345985 -0.0121625 0.0137265 0.00202406 0.00362381 -0.00533949 -0.00834727 -0.00298947 -0.0123999 0.00991789 0.0156653 -0.0115578 0.013051 0.0134479 -0.018893 -0.00197061 -0.0199884 0.0308145 -0.0232181
internal_weight=1373.29 502.895 870.392 856.485 717.214 404.763 86.7019 630.512 98.1319 39.9235 259.896 113.256 146.64 58.2084 139.271 32.1985 52.6435 122.83 144.867 9.39179 135.475 16.4405 13.9067
internal_count=4283 1875 2408 2353 2023 1586 210 1813 289 128 961 401 560 161 330 108 141 298 625 35 590 32 55
is_linear=0
shrinkage=0.03


Tree=70
num_leaves=29
num_cat=0
split_feature=1 1 27 27 6 23 27 1 3 27 27 4 27 27 29 27 29 21 9 26 34 26 26 34 27 26 34 26
split_gain=67.1676 16.8539 14.1993 9.00441 8.15416 7.4162 11.1387 6.57214 6.41323 8.31034 7.86345 4.73631 5.32449 5.27823 4.60361 4.0044 3.74701 3.49375 2.64766 2.12437 2.0035 1.49578 1.21456 3.77545 0.881359 0.497132 0.424078 0.343488
threshold=-0.15377149730920789 0.64156350493431102 0.026736826635897163 0.020410035736858848 0.038402499631047256 1.9714540243148806 0.020528296940028671 -0.50438550114631642 47.632505416870124 0.01991822570562363 0.0198379484936595 -971.15264892578114 0.025772347114980224 0.0231270045042038 0.53049999475479137 0.019785815849900249 0.19749999791383746 0.69530001282691967 0.34642449021339422 0.99953663349151622 0.66703647375106823 0.99838441610336315 1.0004391670227053 0.68013030290603649 0.019419435411691669 1.0021987557411196 0.71466615796089183 1.0026916861534121
decision_type=2 2 2 2 2 2 2 2 2 2 2 2 2 2 2 2 2 2 2 2 2 2 2 2 2 2 2 2
left_child=2 3 4 8 16 6 -6 14 9 -2 -10 13 -13 -5 19 -7 -1 20 22 -4 -9 -19 24 -24 -3 -20 -16 -27
right_child=1 18 7 11 5 15 -8 17 10 -11 -12 12 -14 -15 26 -17 -18 21 25 -21 -22 -23 23 -25 -26 27 -28 -29
leaf_value=-0.027252402883426848 0.043424042567200428 -0.00056403803180824364 0.014879221932463009 -0.014920264131656326 0.019442103366132245 0.0090986927369500464 0.0081733819661047591 -0.013795317188249969 0.0024807456124143691 0.0039383170929719012 -0.011937876124628096 -0.00025981874972964885 -0.019856115843210707 -0.0055431707758730681 0.033567196210991135 -0.00039869177361874248 0.0045670377188562683 0 -0.023482656322424269 -0.011444182594131859 0 -0.02209967768477528 0.0053056766612151023 -0.015879658473840513 -0.016081966251152612 0 0.011688925483363442 -0.014947541369979422
leaf_weight=7.6084652096033079 4.6233624517917624 4.8331835120916358 3.6309603750705737 99.709018871188164 115.35846546292305 70.036788940429688 269.96944661438465 12.336935669183729 75.280929386615753 100.65218187868595 60.316358983516693 117.62539239227772 13.60216276347637 129.20853877067566 4.980348736047743 88.13634267449379 4.7211277782917023 3.2893400192260769 40.157412990927696 7.3705403208732605 32.754741787910461 18.02671454846859 12.383084893226625 16.626223281025887 54.445655256509781 2.4340718686580649 3.7696689367294312 4.6297624111175537
leaf_count=21 14 17 10 322 332 210 817 38 234 308 180 374 35 410 14 262 17 11 154 18 98 58 41 58 192 9 10 19
internal_value=-6.99995e-05 -0.00625701 0.00701342 -0.00407473 0.00877447 0.00933571 0.0115911 -0.00422866 0.000380414 0.00595456 -0.00388711 -0.00707578 -0.00242702 -0.00969037 0.01058 0.00376531 -0.0146638 -0.00881384 -0.0158192 -0.00170468 -0.00374626 -0.0187896 -0.0123806 -0.0065947 -0.0149826 -0.0218626 0.0262559 -0.0105194
internal_weight=1378.52 736.527 641.99 601.018 555.831 543.501 385.328 86.1593 240.873 105.276 135.597 360.145 131.228 228.918 19.7515 158.173 12.3296 66.4077 135.509 11.0015 45.0917 21.3161 88.2881 29.0093 59.2788 47.2212 8.75002 7.06383
internal_count=4283 2367 1916 1877 1659 1621 1149 257 736 322 414 1141 409 732 52 472 38 205 490 28 136 69 308 99 209 182 24 28
is_linear=0
shrinkage=0.03


Tree=71
num_leaves=23
num_cat=0
split_feature=1 9 23 27 3 9 27 9 25 27 28 4 33 28 29 26 27 27 29 25 27 27
split_gain=14.0227 10.7042 7.54259 7.39522 7.94136 6.92115 13.8007 5.85922 5.17624 5.87463 4.65237 4.5359 3.75535 3.55086 1.46946 0.510315 0.479562 2.4228 0.953205 1.81298 0.289444 0.672944
threshold=-0.77992299199104298 0.40329450368881231 -4.7838590145111075 0.020346667617559436 42.230503082275398 0.4086225032806397 0.01971840858459473 0.44116349518299108 0.000934370851609856 0.025639385916292671 0.31281299889087683 -1323.2735595703123 0.20001138001680377 -0.33429397642612452 0.3275000005960465 1.0002101063728335 0.025179612450301651 0.025674450211226944 0.48749999701976782 0.0018809762550517919 0.019815457053482536 0.019676237367093567
decision_type=2 2 2 2 2 2 2 2 2 2 2 2 2 2 2 2 2 2 2 2 2 2
left_child=16 2 3 15 -5 6 14 12 11 -10 -9 -4 -7 -8 -3 -2 20 -18 19 -19 21 -1
right_child=1 5 8 4 -6 7 13 10 9 -11 -12 -13 -14 -15 -16 -17 17 18 -20 -21 -22 -23
leaf_value=-0.018526794602962193 -0.026195492351662342 -0.026223715561245146 -0.019540161442365169 0.0012162116253795934 0.013261870336308238 0.0054057345650696548 0.03951027192275814 0.0034808880547595135 0.00037330695070782638 -0.0073766903171248975 0.013815429862651553 -0.0051234862609027829 -0.0039372297477909936 0.017015428164283999 -0.00028353568246555858 -0.0063486061296688535 0.0062098258386075779 -0.017807034362230523 -0.024025227992093598 0.0094749951128818618 -0.023386649961261802 0
leaf_weight=2.7854552567005184 6.8380575776100141 5.2597114741802198 23.679593145847321 198.70624558627605 65.983998402953148 58.978374481201172 9.516500383615492 116.23501846194267 429.05865116417408 109.66683788597584 61.845036163926125 130.63407309353352 109.39244309067726 31.458035618066788 4.1060311496257782 3.5053888857364655 4.349565356969836 4.9401952326297787 8.9003509879112226 2.7971871644258499 16.139610290527344 2.5062493979930878
leaf_count=12 19 14 71 598 205 186 34 358 1296 313 195 381 333 102 13 10 16 16 32 10 58 11
internal_value=0.00022794 0.000764913 -0.0009285 0.00325669 0.00427233 0.00491505 0.0153065 0.00335932 -0.00260352 -0.00119302 0.00714898 -0.00744984 -0.000604885 0.0228703 -0.0163543 -0.0209023 -0.0166477 -0.0117448 -0.017008 -0.00687511 -0.0206614 -0.00949414
internal_weight=1407.28 1364.86 968.073 275.034 264.69 396.791 50.3403 346.451 693.039 538.725 178.08 154.314 168.371 40.9745 9.36574 10.3434 42.4186 20.9873 16.6377 7.73738 21.4313 5.2917
internal_count=4283 4128 2893 832 803 1235 163 1072 2061 1609 553 452 519 136 27 29 155 74 58 26 81 23
is_linear=0
shrinkage=0.03


Tree=72
num_leaves=25
num_cat=0
split_feature=1 27 27 22 9 25 27 7 3 27 22 25 0 27 29 34 3 27 34 8 33 3 27 33
split_gain=58.8731 16.7463 16.167 17.7153 11.2507 8.26816 8.08949 7.04878 6.34767 7.10418 5.4131 5.03204 6.09959 4.32459 4.31727 4.57818 4.11759 6.54913 3.2272 2.75299 2.38048 1.89128 1.44019 0.699464
threshold=-0.28113849461078638 0.026672904379665855 0.018917583860456947 4.5416688919067392 0.37050449848175054 0.00053346456843428325 0.019702149555087093 24.139434814453129 44.680541992187507 0.018900832161307338 -2.769135475158691 0.0015943654580041768 -3.1728779077529903 0.027514189481735233 0.42849999666213995 0.67388740181922924 65.956329345703139 0.019159005954861644 0.73022106289863598 2.8281774520874028 0.3353842049837113 36.975145339965827 0.02775436453521252 0.16357098519802096
decision_type=2 2 2 2 2 2 2 2 2 2 2 2 2 2 2 2 2 2 2 2 2 2 2 2
left_child=1 5 -2 4 6 8 -4 -6 21 -10 14 18 -13 19 20 -16 17 -5 -7 -12 -3 -1 -15 -18
right_child=2 10 3 16 7 11 -8 -9 9 -11 13 12 -14 22 15 -17 23 -19 -20 -21 -22 -23 -24 -25
leaf_value=0.0042849976455917116 -0.026775115287574328 0.030375952837569449 -0.020282514494794596 -0.018417398897457308 0.0064530898517840178 -0.02007656660907195 0.0065097344959610158 -0.0035735248610270528 -0.014129089902691244 0.027285415845442095 -0.024953075462523934 -0.018838056731122418 -0.0067912572919385291 0.020998811916533092 0.019842679135960509 -0.015868158858109101 0.013509620741231701 0.014114964095407552 -0.0022772244744999853 -0.0034469394631964491 0.0087390152117976672 -0.02250350454351141 0 0.030043449268733098
leaf_weight=2.4976266324520129 14.434870228171347 10.655033439397814 9.7310540378093702 5.2720849215984336 82.451097339391708 110.05687639117241 480.64383934438229 259.806899279356 4.6501792520284679 11.865360423922537 8.0947461426258105 55.379190295934677 134.05178433656693 5.7121812552213651 4.7765000462532026 7.6946657449007034 6.7240746617317226 91.734885364770889 11.407557278871534 18.159138932824135 11.341091156005858 7.1406737864017487 4.4814997315406799 18.552737534046173
leaf_count=8 59 22 31 20 231 458 1277 838 17 35 30 265 507 15 12 28 15 220 43 61 29 32 12 36
internal_value=8.94201e-05 -0.00945784 0.00411959 0.00460979 0.00302555 -0.0122489 0.00593961 -0.00112593 0.0036216 0.0150231 0.00367477 -0.0136166 -0.0104008 -0.00418314 0.0121825 -0.00125928 0.0152674 0.0121692 -0.0184949 -0.0107567 0.0200623 -0.014805 0.0116167 0.0263417
internal_weight=1377.32 407.964 969.352 954.917 832.633 337.049 490.375 342.258 26.1538 16.5155 70.9149 310.895 189.431 36.4476 34.4673 12.4712 122.284 97.007 121.464 26.2539 21.9961 9.6383 10.1937 25.2768
internal_count=4301 1574 2727 2668 2377 1365 1308 1069 92 52 209 1273 772 118 91 40 291 240 501 91 51 40 27 51
is_linear=0
shrinkage=0.03


Tree=73
num_leaves=29
num_cat=0
split_feature=1 1 27 1 27 29 18 34 1 27 21 27 27 25 23 7 21 23 21 27 29 1 28 34 27 29 29 29
split_gain=65.3595 16.4267 12.6858 8.9053 8.6806 6.14667 8.96721 5.76755 5.3319 8.10619 8.36219 6.78864 15.5452 8.7002 5.04953 4.98725 4.98429 4.52853 4.04499 2.91014 3.18663 2.65563 2.06596 1.93641 1.28158 0.419647 0.267137 1.65752
threshold=-0.15377149730920789 0.64156350493431102 0.026736826635897163 -0.55208301544189442 0.020421429537236694 0.16550000011920932 0.54205048084259044 0.74012207984924328 -0.69541749358177174 0.020333440974354747 0.38279999792575842 0.021432847715914253 0.02057580836117268 0.0026513996999710803 -3.0434554815292354 25.388464927673343 0.023399999365210537 6.7223155498504648 0.77340000867843639 0.027326895855367187 0.50650000572204601 0.44555449485778814 -0.35555624961853022 0.5920597016811372 0.019419435411691669 0.16950000077486041 0.84749999642372142 1.1459999680519106
decision_type=2 2 2 2 2 2 2 2 2 2 2 2 2 2 2 2 2 2 2 2 2 2 2 2 2 2 2 2
left_child=2 4 8 19 5 6 -2 16 9 17 -11 12 -10 -13 -7 23 -6 -1 22 -4 -21 -9 -5 25 -25 -3 -17 -28
right_child=1 15 3 18 7 14 -8 21 11 10 -12 13 -14 -15 -16 26 -18 -19 -20 20 -22 -23 -24 24 -26 -27 27 -29
leaf_value=0.026225426041914773 0.019436269640956145 0.012397331962089028 0.035103095958222183 0.0038154224847164772 -0.016549472282257432 0.025722933572060517 -0.0019623908442464796 0 0.0076528017558378202 -0.017766290040388759 0.011538949785922681 0.015434430080921602 -0.010387405772371749 0.0031017929778540424 -0.0037449797526269753 -0.022835034021326327 -0.0063773951942529116 0.0099035437435841239 -0.02403091460037355 -0.006589180482591943 0.02205796634162803 0.025190315585180516 -0.0090735496348582755 0.0021099100510856461 -0.012460598651934201 -0.00066555162742756619 0 -0.021999220326438682
leaf_weight=45.03585210442543 31.331922739744186 3.2482656985521308 4.2739257514476803 14.52651724219322 52.896655589342117 4.8378074914216986 37.813789084553719 8.2665964365005475 169.03838247060776 11.360596954822539 32.075900197029114 131.68882337212563 56.813041284680367 88.223748177289963 173.76465521752834 57.471644848585129 287.75348317623138 27.704994201660156 13.327340006828306 6.9595890343189222 5.6884425580501556 6.0517396181821814 36.692992493510246 4.7140015959739676 56.682128354907036 2.5411464720964432 4.4912366122007352 7.3566967695951462
leaf_count=131 98 12 12 45 175 17 110 26 495 26 96 389 176 271 530 220 907 81 48 19 15 20 108 18 196 9 19 32
internal_value=-0.000263868 -0.00635339 0.00671799 -0.00425152 -0.00419744 7.73164e-05 0.00767466 -0.00720222 0.00832668 0.0141218 0.00355451 0.00678202 0.0030621 0.010546 -0.00282695 -0.0157569 -0.00800525 0.0202418 -0.00941512 0.0146328 0.00595921 0.010921 -0.00524251 -0.00957484 -0.0111885 0.00563558 -0.0215082 -0.0136794
internal_weight=1382.63 739.222 643.41 81.4688 602.717 247.748 69.1457 354.968 561.941 116.177 43.4365 445.764 225.851 219.913 178.602 136.505 340.65 72.7408 64.5468 16.922 12.648 14.3183 51.2195 67.1855 61.3961 5.78941 69.3196 11.8479
internal_count=4301 2389 1912 247 1883 755 208 1128 1665 334 122 1331 671 660 547 506 1082 212 201 46 34 46 153 235 214 21 271 51
is_linear=0
shrinkage=0.03


Tree=74
num_leaves=22
num_cat=0
split_feature=25 7 28 2 2 27 0 27 27 10 27 7 28 0 4 27 25 16 33 34 33
split_gain=9.52648 10.7924 7.20619 6.58965 7.73242 6.10976 5.41989 4.82417 9.30243 7.65035 4.29751 6.85725 3.78737 4.02656 3.29076 2.57568 2.57104 2.25744 2.00607 1.41362 1.0973
threshold=0.0010718263802118602 15.23994827270508 -0.86211636662483204 3535.3725585937505 3621.7995605468755 0.01893092226237059 -0.42081500589847559 0.027024132199585441 0.026736826635897163 -6.7698559761047354 0.026598605327308181 31.892428398132328 -0.26415798068046564 1.0014564990997317 -2327.455932617187 0.018682451918721203 0.0013318670098669829 -0.87837952375411976 0.55553725361824047 0.6961524784564973 0.3093856424093247
decision_type=2 2 2 2 2 2 2 2 2 2 2 2 2 2 2 2 2 2 2 2 2
left_child=1 -1 20 5 16 6 15 8 -6 -9 11 -7 17 -14 -12 -2 -5 -4 -8 -18 -3
right_child=3 2 12 4 7 10 18 9 -10 -11 14 -13 13 -15 -16 -17 19 -19 -20 -21 -22
leaf_value=0.033664885481770802 -0.013531558807398477 0.034952303281401739 -0.0043580365687901287 0 0.0041136730494534023 -0.00061028803848028846 0.033856658528781697 0.039896302368775963 -0.01687522346671564 0.0027777807413840935 -0.0029368946206115489 0.0085545509627940417 -0.0013526972214326185 -0.011722402843188868 -0.015881529657716404 0.014867728478554268 0.02845040728835993 -0.013996014960408839 0.0023199935302740016 0.012478389900958068 0.008020656754305161
leaf_weight=6.0712625682353965 5.9974237680435181 3.4443403631448737 38.686625361442566 5.3322172611951819 210.73490759730339 582.16894033551216 10.041972875595091 7.7786414325237301 20.280938908457756 14.313753098249434 79.275232702493668 83.429459467530251 174.74085994064808 42.18705902993679 23.457953348755836 4.6084074079990387 16.525657743215564 64.757672742009163 3.0528452396392831 12.761287271976469 4.4349046051502228
leaf_count=21 17 12 113 16 649 1753 35 27 48 42 240 268 550 119 64 14 56 191 10 41 15
internal_value=0.000164543 -0.00424971 -0.00502849 0.00154098 0.00542582 0.00011582 0.0149661 0.00354367 0.00219971 0.0168391 -0.000339993 0.000530527 -0.00576107 -0.00343306 -0.00604244 -0.000267414 0.0186839 -0.0105164 0.0275221 0.0221193 0.0222508
internal_weight=1414.08 334.323 328.251 1079.76 287.727 792.032 23.7006 253.108 231.016 22.0924 768.332 665.598 320.372 216.928 102.733 10.6058 34.6192 103.444 13.0948 29.2869 7.87924
internal_count=4301 1021 1000 3280 879 2401 76 766 697 69 2325 2021 973 669 304 31 113 304 45 97 27
is_linear=0
shrinkage=0.03


Tree=75
num_leaves=22
num_cat=0
split_feature=0 27 1 27 3 27 9 29 26 0 2 27 3 29 25 17 25 23 33 34 25
split_gain=69.2506 19.6081 20.3719 7.18106 8.77255 8.83572 7.06019 13.1651 7.71286 6.85213 5.61434 14.4731 4.13605 6.63553 8.36536 4.78707 3.61142 2.88221 1.10815 0.618169 0.0675814
threshold=0.30329549312591558 0.026672904379665855 -0.45222748816013331 0.018900832161307338 65.956329345703139 0.019815457053482536 0.40329450368881231 0.48749999701976782 0.99880599975585949 0.35992850363254553 2531.6887207031255 0.020645194686949257 46.253377914428718 0.39249999821186071 0.0011096558300778272 -0.5617450177669524 0.0040770699270069608 2.8623635768890385 0.27649620175361639 0.70317378640174877 0.0026294977869838481
decision_type=2 2 2 2 2 2 2 2 2 2 2 2 2 2 2 2 2 2 2 2 2
left_child=1 2 10 20 5 16 8 -8 -4 -7 11 -1 13 14 -3 -15 -5 -12 19 -6 -2
right_child=3 12 6 4 18 9 7 -9 -10 -11 17 -13 -14 15 -16 -17 -18 -19 -20 -21 -22
leaf_value=-0.011505574334141271 -0.025079639202553853 -0.023936152131747122 -0.016286289434280572 -0.00706742525173416 0.0044320970518864659 0.023428377387655602 -0.016248759138518011 0.0053930029457791087 -0.00014320350349561367 0.0068179988272519983 -0.020238130195653379 0.04179004689697121 0.028582745585058415 -0.022182784543771438 0.013307475665614141 0.0002282770524831194 0.020848243960733912 -0.011690506385237489 0.031267598914440226 0.021788774300486532 -0.0074827294851880638
leaf_weight=45.816252008080482 5.0216874927282324 5.3918834030628195 29.398383483290672 52.228352218866348 5.3250975310802477 23.54812353849411 92.967757001519203 33.652142629027367 255.45926289260387 502.56197527050972 138.76805691421032 4.5497513860464087 5.9081646203994742 10.958014830946921 55.999695971608162 31.07069157063961 3.9149659872055045 59.657849445939064 13.57348784804344 5.7673397064208984 2.6054845750331879
leaf_count=181 19 20 103 153 13 51 377 108 781 1303 635 10 12 44 150 91 10 244 26 12 9
internal_value=-0.000716714 -0.00671703 -0.0086699 0.00678221 0.00716325 0.00638636 -0.00453214 -0.0104276 -0.00186639 0.00760009 -0.0154544 -0.00615078 0.00498084 0.00341488 0.00972409 -0.00559537 -0.00479508 -0.0177493 0.0246531 0.0147833 -0.021006
internal_weight=1384.14 769.598 660.269 614.547 606.919 582.253 411.478 126.62 284.858 526.11 248.792 50.366 109.328 103.42 61.3916 42.0287 56.1433 198.426 24.6659 11.0924 7.62717
internal_count=4352 2756 2439 1596 1568 1517 1369 485 884 1354 1070 191 317 305 170 135 163 879 51 25 28
is_linear=0
shrinkage=0.03


Tree=76
num_leaves=27
num_cat=0
split_feature=0 1 1 27 22 18 29 29 29 7 23 22 27 2 9 27 29 9 29 3 29 27 34 29 27 27
split_gain=61.565 14.1297 13.5557 10.5573 5.32153 5.11889 5.09821 4.41705 5.35995 4.44695 3.88233 4.12131 9.58475 3.1774 3.05536 2.64881 2.58063 2.38692 2.75763 2.30869 1.60888 1.20489 2.93583 1.25107 0.70756 4.27601
threshold=-0.14918699860572812 0.64156350493431102 -0.62559351325035084 0.026931623928248886 -2.769135475158691 0.033986000344157226 0.47849999368190771 0.24450000375509265 0.43250000476837164 27.712655067443851 -3.0115330219268794 4.028307557106019 0.019647951237857345 3437.2875976562505 0.34642449021339422 0.018867505714297298 0.44249999523162847 0.41801948845386511 0.68549999594688427 45.004032135009773 0.81549999117851268 0.020567856729030613 0.67224836349487316 0.77449998259544384 0.025571790523827079 0.022941910661756996
decision_type=2 2 2 2 2 2 2 2 2 2 2 2 2 2 2 2 2 2 2 2 2 2 2 2 2 2
left_child=2 10 4 5 24 16 -7 9 -9 -6 17 12 -12 20 21 -13 -4 19 -19 -2 -5 22 -3 -23 25 -1
right_child=1 14 3 13 7 6 -8 8 -10 -11 11 15 -14 -15 -16 -17 -18 18 -20 -21 -22 23 -24 -25 -26 -27
leaf_value=0.021634220382425857 -0.0045722698231841904 0.0013807672214608371 -0.01476282660561885 -0.0081443966871282344 0.024615652482660701 0.0073311398482960796 -4.8308128536725682e-05 -0.0021080609477630886 0.014297198590174762 0.0067641831955536306 0.03160503469907084 0.002706555277935467 -0.0017488499834095916 -0.024621439284648435 -0.021577199296208074 -0.012291103092717019 0.0064739416909531606 -0.020883216795077843 -0.00021947710842963998 -0.0181576889178659 0.010673541699720407 -0.016562042906608065 -0.013849373144110203 0.00099456636171158181 0.030988312415444478 0
leaf_weight=50.15865570306778 117.68829153478146 18.227674275636673 16.726324260234836 25.774094924330715 26.406208485364914 369.08011783659458 106.00442259013653 44.68182247877121 28.526333600282669 27.92234805226326 7.45275655388832 11.977805614471434 289.8449469357729 10.767650455236433 46.267265617847443 51.028380408883095 6.3239561021327964 23.038656964898113 8.9172399938106519 12.78112445771694 4.0249735862016669 40.930335953831673 25.765257596969604 2.8974276483058921 7.7066906094551078 9.6241426765918714
leaf_count=146 385 63 53 81 75 1087 328 133 84 80 23 42 900 40 187 163 20 73 32 41 13 147 93 11 22 30
internal_value=0.000277449 -0.00638499 0.00625406 0.00377049 0.013041 0.00498394 0.00566734 0.00924201 0.00421594 0.0157503 -0.0041247 -0.00234751 -0.000830841 -0.0107901 -0.0150816 -0.00929939 -0.00854051 -0.00799245 -0.0154865 -0.00603609 -0.00517142 -0.0114547 -0.00739216 -0.0152002 0.0199669 0.0181515
internal_weight=1390.54 656.817 733.728 538.702 195.026 498.135 475.085 127.537 73.2082 54.3286 522.729 360.304 297.298 40.5667 134.088 63.0062 23.0503 162.425 31.9559 130.469 29.7991 87.8207 43.9929 43.8278 67.4895 59.7828
internal_count=4352 2160 2192 1622 570 1488 1415 372 217 155 1659 1128 923 134 501 205 73 531 105 426 94 314 156 158 198 176
is_linear=0
shrinkage=0.03


Tree=77
num_leaves=23
num_cat=0
split_feature=1 29 27 23 27 3 7 16 29 10 4 27 27 22 18 28 29 29 26 27 27 29
split_gain=12.6875 7.09613 7.80488 6.8679 9.89956 6.42973 5.41406 5.3819 6.20758 3.92031 3.70966 4.59586 4.32687 3.65966 3.53152 2.64467 1.03871 1.00008 3.73707 1.44434 1.40044 0.211822
threshold=-0.77992299199104298 0.331499993801117 0.02104188967496157 -4.6397244930267325 0.020528296940028671 42.985136032104499 28.366590499877933 -0.60785751044750203 1.2839999794960024 -10.204450130462645 -2327.455932617187 0.02680077496916056 0.026762715540826324 -11.331801891326903 0.55990800261497509 0.53158414363861095 0.26749999821186071 0.47849999368190771 1.0001917481422427 0.025571790523827079 0.025179612450301651 0.37749999761581426
decision_type=2 2 2 2 2 2 2 2 2 2 2 2 2 2 2 2 2 2 2 2 2 2
left_child=16 2 3 4 -2 7 -5 9 -9 -3 12 -12 -7 15 -15 -4 -1 18 21 20 -19 -18
right_child=1 5 13 6 -6 10 -8 8 -10 -11 11 -13 -14 14 -16 -17 17 19 -20 -21 -22 -23
leaf_value=-0.023498624452768051 -0.0036968447749779606 0.006987116954632942 0.023116492334466308 -0.0014611232363131821 0.018051768636073457 0.042002396217791928 0.0072557341155011111 0.011252863917436065 -0.0045984630179655359 -0.0080161290454219842 0.00028910311445789436 -0.025216499000949851 0.00013577029930574825 -0.0028893465282033974 -0.0099514564403750151 -0.0055653322977515796 -0.021263892755278284 -0.014988989635311057 0.019445107376455429 -0.02394929212880216 0.0071216165505007889 -0.0053559037406918858
leaf_weight=12.837077960371969 29.627614706754684 29.529513999819756 6.7898578345775586 377.48138944804668 47.886448159813881 3.6029441356658918 76.727803334593773 178.77804690599442 24.240098625421524 32.035003393888474 254.44251278042793 6.0113910734653464 5.8224118947982788 208.49366816878319 95.633524894714355 3.8291063010692596 3.9509170502424258 5.4029461741447466 3.5794482678174973 9.7122629433870298 3.550156757235527 3.7959164530038834
leaf_count=51 89 94 23 1156 154 13 244 557 67 91 751 13 18 628 283 12 13 19 14 36 13 13
internal_value=0.000419481 0.000926859 -0.000773286 0.00143013 0.00965318 0.00363454 0 0.00695496 0.00930937 -0.000676474 0.000339161 -0.000312277 0.0183562 -0.0045206 -0.00515228 0.0121795 -0.0155542 -0.011529 -0.00324084 -0.015873 -0.0053565 -0.0153577
internal_weight=1423.76 1380.93 846.469 531.723 77.5141 534.462 454.209 264.583 203.018 61.5645 269.879 260.454 9.42536 314.746 304.127 10.619 42.8287 29.9916 11.3263 18.6654 8.9531 7.74683
internal_count=4352 4193 2589 1643 243 1604 1400 809 624 185 795 764 31 946 911 35 159 108 40 68 32 26
is_linear=0
shrinkage=0.03


Tree=78
num_leaves=28
num_cat=0
split_feature=1 0 27 10 34 27 3 27 27 4 10 3 25 29 33 2 8 26 25 8 33 2 33 27 25 33 25
split_gain=61.3081 17.9028 13.4645 13.4021 8.55301 8.10504 10.9488 8.04952 7.03984 9.8678 9.82996 6.86836 5.33944 5.71787 5.86922 5.44748 5.18758 4.99501 5.24747 4.75011 3.33178 3.03214 2.70076 2.37223 2.30405 0.91516 0.0930778
threshold=-0.45222748816013331 0.35418500006198889 0.026651846244931224 -13.689263820648192 0.58919614553451549 0.019825693219900135 64.303617477417006 0.02728238329291344 0.018900832161307338 462.76046752929693 6.5029668807983407 50.123327255249031 0.0025693222414702181 0.31749999523162847 0.44123166799545294 2966.522827148438 2.5240974426269536 1.0015522241592409 0.0020545818842947487 -4.9038183689117423 0.26078289747238165 4281.6384277343759 0.1307705566287041 0.027172715403139595 0.0016676777158863845 1.4874336719512942 0.0026294977869838481
decision_type=2 2 2 2 2 2 2 2 2 2 2 2 2 2 2 2 2 2 2 2 2 2 2 2 2 2 2
left_child=2 3 12 4 16 6 -5 -6 26 10 -10 -7 15 14 -14 20 -2 18 24 -15 -1 -20 -11 -19 -4 -17 -3
right_child=1 8 17 5 7 11 -8 -9 9 22 -12 -13 13 19 -16 25 -18 23 21 -21 -22 -23 -24 -25 -26 -27 -28
leaf_value=-0.0062799319058419846 -0.0037962526579874991 -0.02479497078185796 0 -0.020304689629888118 -0.017636530298480446 0.0013264484039913946 0.010289823147497596 0.025099852663432169 0.007943646101505086 0.0054020345845525496 -0.00295111417599267 0.013353851797416544 0.035908648033168775 -0.023581494620927571 -0.017706804414876057 -0.024899014018051283 0.042123452008504085 0.031693458219080713 -0.021026846277503272 -0.0052271297426798357 -0.017924740438617356 0.0033131690637938885 0.022462944123132923 0.0022582206944693961 0.02263195711417235 -0.00031362986047569444 -0.0068814292143716468
leaf_weight=43.34558579325676 4.2190736234188071 4.9630839973688117 12.694883510470392 31.344925135374069 68.366377264261246 315.27440619468689 14.913113325834273 3.6116592884063712 435.26116639375687 12.421685516834257 88.299291670322418 49.457989826798439 4.5817346423864356 18.133709356188774 2.2428329885005951 69.509507670998573 3.4075850695371628 5.9616024643182737 14.101258024573328 47.372092574834824 54.653472989797592 5.6922911852598181 46.570552885532379 5.2715274840593338 6.0018051862716666 2.1613141745328894 2.5322127640247345
leaf_count=173 16 19 37 118 271 963 40 9 1103 30 267 153 14 90 10 322 9 14 52 191 241 16 99 16 14 9 9
internal_value=0.000224751 0.00352646 -0.0119602 -0.000691697 -0.0119303 0.00147509 -0.0102443 -0.0152096 0.0070465 0.00743607 0.00608799 0.00299806 -0.0148812 -0.00775409 0.0170538 -0.0178349 0.0169425 0.00208343 -0.00290295 -0.0105846 -0.0129236 -0.0136744 0.0190974 0.0193319 0.00809074 -0.0242896 -0.0206775
internal_weight=1372.37 1080.64 291.724 490.595 79.6047 410.99 46.258 71.978 590.048 582.553 523.56 364.732 242 72.3304 6.82457 169.67 7.62666 49.7234 38.4902 65.5058 97.9991 19.7935 58.9922 11.2331 18.6967 71.6708 7.4953
internal_count=4305 3106 1199 1579 305 1274 158 280 1527 1499 1370 1116 1050 305 24 745 25 149 119 281 414 68 129 30 51 331 28
is_linear=0
shrinkage=0.03


Tree=79
num_leaves=31
num_cat=0
split_feature=1 1 26 1 26 6 8 27 27 27 2 25 7 27 21 27 25 25 27 1 3 18 33 33 33 6 8 33 27 33
split_gain=64.1082 20.0963 6.63777 6.30918 5.9577 5.7276 5.50788 5.31897 4.67097 6.3743 5.26494 3.37788 3.10707 2.38204 8.31651 3.738 2.9789 2.62353 2.56768 2.15574 3.42545 3.32318 1.28352 2.15695 0.841118 0.426269 0.0783749 0.508284 0.0323311 0.0259305
threshold=-0.45222748816013331 0.64156350493431102 1.0015074014663699 -0.69541749358177174 1.0020047426223757 0.036521499976515777 5.6169016361236581 0.020300792530179027 0.026574396528303627 0.020216431468725208 3775.824340820313 0.004902878776192666 25.388464927673343 0.020321485586464409 0.38279999792575842 0.019943543709814552 0.0046672301832586536 0.0016482431674376132 0.019676237367093567 -0.12477699667215346 46.253377914428718 0.47407850623130804 0.2931343019008637 0.46388489007949835 6.2468455833464289e-05 0.074180997908115401 2.9147279262542729 0.61201232671737682 0.020205070264637474 6.2468455833464289e-05
decision_type=2 2 2 2 2 2 2 2 2 2 2 2 2 2 2 2 2 2 2 2 2 2 2 2 2 2 2 2 2 2
left_child=3 2 5 13 8 7 -7 -2 9 -5 -10 25 22 15 17 18 -16 -15 -1 20 -4 -21 24 -24 -3 -6 29 -28 -17 -14
right_child=1 12 19 4 11 6 -8 -9 10 -11 -12 -13 26 14 16 28 -18 -19 -20 21 -22 -23 23 -25 -26 -27 27 -29 -30 -31
leaf_value=0.018605533065964283 -0.0013245236117314684 0 -0.0095576671099524765 0.0021144297259509059 -0.02712641606713884 -0.00072061612754814282 -0.015897972822745216 -0.022113717475377333 0.0049554972138818295 0.013196481893394781 -0.021261706455054312 0.0063535061372288586 -0.0068615227737247051 0.0072769155986301673 0.011466463914848252 0.032991497422167469 0.02870603879871585 -0.017469330788471512 0.0021815971906784591 -0.0068277827401641662 0.014060426718986718 -0.021815780785927268 0.0030611611264780782 -0.012293586158975743 -0.016008651419966238 -0.009677120893659975 -0.017222198993812186 0 0.021220900087390353 -0.022599455705835374
leaf_weight=25.716699421405792 22.797410070896149 3.3688699007034293 20.660830393433574 71.180841445922852 5.2731698602437991 687.3468060195446 21.818257302045822 23.165145948529243 23.659031271934509 149.52140206098557 9.0344475060701352 6.3472155034542075 2.319405883550643 5.1518396139144889 40.269564151763916 14.036183208227159 13.504651606082914 9.9105730354785901 14.931944936513899 31.87513829767704 6.8010604232549658 26.928609848022461 13.531134456396105 17.474378079175949 31.532916843891144 5.6110776364803314 18.247937530279163 2.6142347306013098 11.862985730171202 42.372006550431252
leaf_count=75 72 11 66 215 17 2121 73 71 67 443 32 19 10 13 115 40 39 24 48 102 20 85 48 61 115 17 68 10 35 173
internal_value=-0.000350554 -0.00453561 -0.00281353 0.00964846 0.00691956 -0.00189468 -0.00121112 -0.0121212 0.00810301 0.00967585 -0.00222931 -0.00971376 -0.0154369 0.0149916 0.0106403 0.0192455 0.0161863 -0.00846513 0.0128909 -0.0106957 -0.00323984 -0.0139692 -0.0104154 -0.00536471 -0.0145088 -0.0197416 -0.0202322 -0.0154561 0.028445 -0.0220668
internal_weight=1378.87 972.854 841.393 406.012 270.627 755.128 709.165 45.9626 253.396 220.702 32.6935 17.2315 131.461 135.384 68.8366 66.5478 53.7742 15.0624 40.6486 86.2656 27.4619 58.8037 65.9073 31.0055 34.9018 10.8842 65.5536 20.8622 25.8992 44.6914
internal_count=4305 3106 2610 1199 810 2337 2194 143 757 658 99 53 496 389 191 198 154 37 123 273 86 187 235 109 126 34 261 78 75 183
is_linear=0
shrinkage=0.03


Tree=80
num_leaves=28
num_cat=0
split_feature=10 10 17 21 27 25 6 6 23 33 27 27 25 10 27 27 34 21 29 27 0 34 29 34 27 29 29
split_gain=7.93877 10.1031 6.72239 8.70185 10.0667 9.89901 7.90717 6.39541 5.94927 5.74004 5.70216 9.32396 5.53263 4.35931 4.20986 5.32577 5.23066 3.77667 7.50349 3.68844 3.4414 2.37544 1.87985 1.70557 1.5552 1.54825 0.923743
threshold=-13.945889472961424 6.487462282180787 1.0000000180025095e-35 0.38279999792575842 0.020867367275059227 0.0026513996999710803 0.046361999586224563 0.061425499618053443 -4.4419050216674796 0.10177331790328027 0.020538094453513626 0.022941910661756996 0.0025433632545173173 -10.204450130462645 0.02045493666082621 0.018917583860456947 0.7065238654613496 0.11719999834895135 0.31350000202655798 0.025130680762231353 0.13107949867844584 0.68066522479057323 0.34149999916553503 0.64590132236480724 0.020346667617559436 0.34950000047683721 0.2715000063180924
decision_type=2 2 2 2 2 2 2 2 2 2 2 2 2 2 2 2 2 2 2 2 2 2 2 2 2 2 2
left_child=8 2 3 4 -2 -5 9 17 10 -4 -1 23 -13 -8 15 -9 -16 18 -3 20 21 -10 26 -12 -22 -19 -21
right_child=1 7 6 5 -6 -7 13 14 19 -11 11 12 -14 -15 16 -17 -18 25 -20 22 24 -23 -24 -25 -26 -27 -28
leaf_value=-0.021230837500891355 0.00078597437984020274 -0.00057315094290670229 -0.012788086956468867 -0.0093165856405459206 0.014222916970625712 0.0034949338470589169 0.00056160799324699332 0.0020010695438849565 0.0074522735404146893 0.0046812685855615651 0.0099788361101220014 -0.0031519194290249935 0.0099819681124488323 -0.0087355923899902887 0.012074794572363637 0.030508712359221826 -0.0045924677293875428 -0.0033567354582010544 0.024069584316407884 0.02268940736801273 0.0038181776218832214 -0.020855042305480263 0.036687935322039594 0.045273155650705124 0.029063777548681329 -0.019224621412615762 0
leaf_weight=7.4821498095989218 307.66929963231087 66.051246672868729 19.6457499563694 141.73517787456512 59.903487250208855 86.162469536066055 52.383523151278496 9.9265674054622668 5.0790882706642151 101.70242100954056 2.971104294061659 65.879640102386475 49.828684985637665 268.31946136057377 51.589656352996826 17.527506589889526 23.846451461315155 17.297878623008732 12.718068212270735 2.9229388535022727 5.0473466813564301 4.2550595998764038 9.5070839226245862 5.2292540669441223 5.8571180105209351 9.4176269024610502 3.4340245127677917
leaf_count=21 930 197 55 417 190 271 161 31 16 317 10 206 158 808 155 58 66 51 42 10 17 12 33 19 19 24 11
internal_value=0.000117399 -0.000701301 -0.00191877 0.00014776 0.0030166 -0.00443641 -0.00471987 0.00530761 0.00624482 0.00173832 0.00316707 0.00479207 0.00244523 -0.00719046 0.0106105 0.0207433 0.00669196 2.45705e-05 0.00341884 0.0170037 0.00758742 -0.00494095 0.0278678 0.0348283 0.0188472 -0.00953153 0.0116509
internal_weight=1413.39 1245.9 1037.52 595.47 367.573 227.898 442.051 208.375 167.493 121.348 131.391 123.909 115.708 320.703 102.89 27.4541 75.4361 105.485 78.7693 36.1027 20.2386 9.33415 15.864 8.20036 10.9045 26.7155 6.35696
internal_count=4305 3773 3149 1808 1120 688 1341 624 532 372 414 393 364 969 310 89 221 314 239 118 64 28 54 29 36 75 21
is_linear=0
shrinkage=0.03


Tree=81
num_leaves=31
num_cat=0
split_feature=1 27 27 7 7 9 27 27 0 27 29 3 27 29 4 27 1 2 1 29 27 26 34 27 29 9 27 26 29 7
split_gain=49.5401 20.5957 11.7167 17.8046 11.2586 10.238 13.2933 13.0247 9.28381 8.89791 11.2711 8.73466 18.9013 8.68314 7.49523 6.09471 5.26689 5.23846 6.09401 5.19065 4.93306 4.33389 5.33939 4.09101 3.73218 3.3653 2.34084 1.6831 1.60002 0.771781
threshold=-0.15377149730920789 0.026672904379665855 0.025842599570751194 48.380487442016609 28.366590499877933 0.33482100069522863 0.0203108498826623 0.020867367275059227 1.1460400223731997 0.027514189481735233 0.14950000494718554 45.40954780578614 0.020446146838366989 1.0254999995231631 -21.200443267822262 0.020166013389825824 0.30594450235366827 3437.2875976562505 -0.50438550114631642 0.10050000250339509 0.027514189481735233 1.0009298324584963 0.66324740648269664 0.027147546410560611 0.39249999821186071 0.4505975097417832 0.02775436453521252 1.0011073946952822 0.41650000214576727 25.442680358886722
decision_type=2 2 2 2 2 2 2 2 2 2 2 2 2 2 2 2 2 2 2 2 2 2 2 2 2 2 2 2 2 2
left_child=1 5 4 21 11 6 29 -8 13 10 -5 12 -2 -6 25 -13 -10 20 -19 -16 24 28 -23 -20 -3 -7 -22 -11 -4 -1
right_child=2 17 3 9 8 14 7 -9 16 27 -12 15 -14 -15 19 -17 -18 18 23 -21 26 22 -24 -25 -26 -27 -28 -29 -30 -31
leaf_value=-0.0068020978621109729 -0.016455166613842803 -0.0018249170759119966 0.037255945996153617 0.022794559354123337 -0.025191202214585349 -0.02087053742974437 0.011375817639473592 -0.010006907997069957 0.018438307147990718 0.032585992185876468 -0.0022681357303458885 0.0029739073132090624 0.0046757098208203719 0.02549177970935218 0.0082159229807413411 0.010854445613674409 -0.0036377117625167057 -0.015887329277593943 0.017917554555271407 -0.01023760109221054 0.024164378256612665 0.030510836277420076 -0.00064752098503722871 -0.0070024990487464103 -0.025275784325054142 -0.010213106653831501 0.0015592097610641832 0.0064638572314848746 0.021224784033540795 -0.024327961847350144
leaf_weight=4.7353535592556026 50.166260361671448 17.08994281291962 22.113031715154648 18.869856268167496 27.838683679699901 112.83682087063789 55.727767556905746 46.421753153204918 10.75819545984268 10.826679080724714 94.762359708547592 170.48620066046715 152.72435495257378 2.8300307393074027 14.943244680762289 193.20952229201794 69.937656745314598 6.0329012125730506 42.28982762992382 100.57535000145435 5.2868949621915844 7.6738862395286587 11.132501438260077 6.0459124743938437 9.9857995957136136 42.07831098139286 18.288275375962257 4.2949335575103751 16.178732916712761 22.503510892391205
leaf_count=15 181 57 42 41 116 519 163 171 25 20 269 467 433 7 52 480 209 26 100 403 13 16 30 20 39 188 50 10 36 102
internal_value=0.000172233 -0.00728267 0.00454129 0.01122 0.0026902 -0.0103924 -0.00334244 0.00156937 -0.00597729 0.00490929 0.00189657 0.00441347 -0.00053242 -0.0198916 -0.0137198 0.00719423 -0.000488323 0.00446415 0.0109181 -0.0077478 -0.00232656 0.0251281 0.0120613 0.0145764 -0.0111017 -0.0180758 0.00739897 0.0261871 0.0310755 -0.0217832
internal_weight=1368.64 504.842 863.803 185.852 677.951 399.822 129.388 102.15 111.365 128.754 113.632 566.586 202.891 30.6687 270.434 363.696 80.6959 105.02 54.3686 115.519 50.6509 57.0982 18.8064 48.3357 27.0757 154.915 23.5752 15.1216 38.2918 27.2389
internal_count=4300 1918 2382 464 1918 1613 451 334 357 340 310 1561 614 123 1162 947 234 305 146 455 159 124 46 120 96 707 63 30 78 117
is_linear=0
shrinkage=0.03


Tree=82
num_leaves=27
num_cat=0
split_feature=0 0 0 27 10 27 21 27 23 6 29 27 27 26 2 26 2 33 10 25 29 34 0 26 34 27
split_gain=43.1538 15.2231 10.3901 9.90377 7.34965 7.08508 6.81105 6.78395 10.6308 5.91883 8.04468 5.84452 5.72744 5.26691 4.76402 4.48739 4.35741 4.23507 4.53816 3.28801 2.87535 2.54569 2.11522 1.84553 1.75584 0.923589
threshold=-0.48284600675106043 1.2829099893569949 -2.7149544954299922 0.026736826635897163 -3.609885454177856 0.020321485586464409 0.17970000207424167 0.020528296940028671 -0.79582402110099781 0.038402499631047256 0.25749999284744268 0.020035569556057457 0.020333440974354747 1.0043671131134035 4189.8942871093759 0.99804183840751659 3775.824340820313 0.11589411646127702 -10.522053241729735 0.0013162500690668824 0.17850000411272052 0.72665143013000499 2.9657330513000493 0.99939042329788219 0.6979392170906068 0.02045493666082621
decision_type=2 2 2 2 2 2 2 2 2 2 2 2 2 2 2 2 2 2 2 2 2 2 2 2 2 2
left_child=2 7 5 9 13 -1 24 8 11 20 -11 -2 -10 14 -3 -8 19 18 -9 -5 -4 -19 23 -6 -7 -24
right_child=1 4 3 16 22 6 15 17 12 10 -12 -13 -14 -15 -16 -17 -18 21 -20 -21 -22 -23 25 -25 -26 -27
leaf_value=0.025714288461657034 0.038037830456967132 -0.0045599175356640063 -0.026687591345156771 0.020822458321461398 -0.0040063297194949396 0.00022761386167776185 0.026048731382856526 -0.018650191835087569 -0.0018244186353614637 0.0099019186223870976 0.0013030531495656422 0.0067878321851589972 -0.021853919830892223 0.025750234332189384 -0.019693875969598679 0.0085277868948661056 -0.022024839202942448 -0.0075301853425582509 0.0063896366570157679 -0.0056582681050026543 0.00016397278667518335 -0.021894190698105179 -0.013249505991458738 -0.01523791731568613 -0.020649401249874699 -0.023598920866175592
leaf_weight=27.988836944103241 5.4417550265789023 115.64115470647812 7.2169289737939817 4.0201386511325827 21.058359295129776 5.237065374851225 15.824419647455214 7.402031645178794 163.10841304063797 189.50140047073364 208.11346346139908 92.829911053180695 13.643774941563604 3.9240449368953696 22.778525903820992 98.09690460562706 14.401827722787855 132.4592699855566 35.094453513622284 48.950676411390305 5.4862495213747025 12.775444358587263 18.857487812638283 54.552638545632362 7.2688851952552795 40.455027997493744
leaf_count=83 16 377 19 12 73 15 46 22 508 548 630 284 36 14 81 290 52 432 118 151 20 41 74 189 16 153
internal_value=-0.000529179 -0.0054505 0.00521785 0.00299954 -0.0110105 0.0119903 0.00879186 -0.00209144 0.00088171 0.00476427 0.00543113 0.0087932 -0.00347859 -0.0061194 -0.00717709 0.0111434 -0.00757146 -0.00648565 0.00165272 -0.00330432 -0.0148422 -0.00892624 -0.0160624 -0.0122749 -0.0115422 -0.0205972
internal_weight=1372.13 740.022 632.107 477.691 277.267 154.416 126.427 462.755 275.024 410.318 397.615 98.2717 176.752 142.344 138.42 113.921 67.3726 187.731 42.4965 52.9708 12.7032 145.235 134.924 75.611 12.506 59.3125
internal_count=4300 2418 1882 1432 961 450 367 1457 844 1217 1178 300 544 472 458 336 215 613 140 163 39 473 489 262 31 227
is_linear=0
shrinkage=0.03


Tree=83
num_leaves=26
num_cat=0
split_feature=9 6 27 27 27 29 6 0 16 6 9 27 10 27 25 9 4 29 28 9 9 16 9 10 26
split_gain=7.07091 7.83471 9.76878 10.8429 9.07937 7.69629 7.64929 6.96738 5.43185 5.41118 6.93032 6.23694 5.44567 5.38711 4.70217 3.41404 3.28488 5.05072 4.91346 2.53984 1.98939 1.12469 1.64122 0.945628 0.750562
threshold=0.40329450368881231 0.044652499258518226 0.020522944629192356 0.020106017589569095 0.02060033101588488 1.2839999794960024 0.026070000603795055 0.16777849942445758 0.60785751044750225 0.064562499523162856 0.32481449842453008 0.0203108498826623 16.126057624816898 0.026931623928248886 0.0056229250039905318 0.41801948845386511 -5687.9118652343741 0.42450000345706945 0.31281299889087683 0.30659900605678564 0.3120150119066239 -1.0000000180025095e-35 0.50399351119995128 -10.204450130462645 0.99987271428108226
decision_type=2 2 2 2 2 2 2 2 2 2 2 2 2 2 2 2 2 2 2 2 2 2 2 2 2
left_child=1 2 3 6 19 14 -1 -6 -5 10 20 -11 -12 -13 16 -16 17 -2 -18 -4 -3 24 -23 -17 -7
right_child=5 9 4 8 7 21 -8 -9 -10 11 12 13 -14 -15 15 23 18 -19 -20 -21 -22 22 -24 -25 -26
leaf_value=0.047625251475671683 -0.015632998748098557 -0.0072592767069758974 0.0077285256928312151 -0.017305966947203193 0.035018540373103091 0.0069512765379051104 0.0051875402233912352 0.0021056462913519032 0.0026977859829425098 0.028860597877439033 -0.0034871040380067466 -0.00098695390309941778 0.010314347564512903 0.01340833729030327 -0.0011630717861138269 0.040797085220908573 0.0021622707608683197 0.011851880144565757 0.0098097540822155282 0.043918694106102905 -0.017215438075175629 -0.022955495147458253 0 0.017148370018775234 -0.0093996350673326411
leaf_weight=3.7037338912487021 17.058211237192157 44.387228593230247 3.1566679477691642 33.858069196343422 6.6189098060131064 3.2983315289020556 58.078793570399284 35.505090191960335 17.671274855732918 6.456900641322135 392.34613338112831 297.23019994795322 26.774445593357086 24.879050701856613 4.0329166650772086 4.6720099151134482 229.26805178821087 8.3713709115982038 115.91619855165482 10.074959531426428 38.847825840115547 11.374030560255049 4.4279547929763785 7.1679662466049185 5.6850493848323822
leaf_count=14 47 150 10 92 23 10 182 104 52 21 1176 890 81 73 12 17 712 26 369 37 116 35 13 23 15
internal_value=0.000341199 -0.00101419 0.00485503 -0.000127348 0.0151248 0.00365453 0.008238 0.00783849 -0.010313 -0.0022186 -0.00417777 0.000751293 -0.00257275 0.000116069 0.00471518 0.0205965 0.00398393 -0.00618387 0.00476688 0.036536 -0.0120886 -0.0122949 -0.0171235 0.0284843 -0.00239724
internal_weight=1410.86 999.589 168.667 113.312 55.3556 411.272 61.7825 42.124 51.5293 830.922 502.356 328.566 419.121 322.109 386.487 15.8729 370.614 25.4296 345.184 13.2316 83.2351 24.7854 15.802 11.84 8.98338
internal_count=4300 3021 514 340 174 1279 196 127 144 2507 1523 984 1257 963 1206 52 1154 73 1081 47 266 73 48 40 25
is_linear=0
shrinkage=0.03


Tree=84
num_leaves=29
num_cat=0
split_feature=0 0 27 7 7 27 7 22 33 22 27 21 18 29 9 27 26 33 29 23 7 26 2 34 27 26 2 21
split_gain=52.5357 15.484 10.7489 8.4591 11.8231 7.77487 7.01639 6.97426 6.57421 8.09225 11.182 8.63561 7.16686 7.16027 8.89188 6.45792 5.6565 5.4566 4.93954 4.3587 3.75647 3.60158 3.17945 2.96261 2.47221 1.48091 1.31364 0.65997
threshold=0.30329549312591558 -2.5905750989913936 0.026781643740832809 57.42767524719239 25.546238899230961 0.027111343108117584 52.273168563842781 1.6958950161933901 0.40639390051364904 1.0000000180025095e-35 0.020839642733335498 0.22659999877214435 0.83006951212883007 1.0074999928474428 0.38339398801326757 0.027514189481735233 1.0003614425659182 0.28794820606708532 0.19649999588727954 0.66427600383758556 54.460174560546882 1.000409007072449 2557.029418945313 0.74207592010498058 0.01971840858459473 1.0000355839729311 2531.6887207031255 0.28904999792575842
decision_type=2 2 2 2 2 2 2 2 2 2 2 2 2 2 2 2 2 2 2 2 2 2 2 2 2 2 2 2
left_child=1 15 3 4 -3 7 -7 -4 9 10 19 -12 16 14 -11 23 20 -5 22 -2 -10 -18 -14 26 -20 -17 -1 -15
right_child=8 2 5 17 -6 6 -8 -9 12 13 11 -13 18 27 -16 25 21 -19 24 -21 -22 -23 -24 -25 -26 -27 -28 -29
leaf_value=-0.0073629665607390102 -0.015083824860588979 -0.0016329738613941676 0.022534690010470579 0.023456589471504096 -0.01039824565613494 0.017448801972382872 -0.013467353476612475 -0.0088059022713795291 0.019268868158376782 0.0094080422964953683 0.028124483879724483 0.0024086437824360585 -0.0084183480740504836 0.037683152069507203 -0.0055642305535221481 -0.0088120096583840755 -0.019459221696163504 -0.0042029884085169845 0.002563143043919208 -0.0016270915819868363 0.0017529503003007522 0.0074212912307657928 0.016527353855884712 0.0042000296336285907 -0.019513133769491035 0.014411265588509293 -0.021446424295104568 0.018677523727921867
leaf_weight=9.3522585928440076 44.62481290102005 269.03691124916077 30.246603429317474 14.111778229475023 291.68350347876549 8.8328435719013232 21.335916563868523 7.3086199760437003 94.94178806245327 157.42457437515259 13.406667560338972 84.259443804621696 5.7514338791370418 5.6358671188354483 44.954191356897354 2.9319752454757673 4.2877399772405616 10.37332698702812 5.8074676692485836 45.143693178892136 13.876024231314657 50.610502973198891 14.385272920131682 3.9354062825441352 12.683902710676191 6.426816925406456 81.056855902075768 10.245971858501433
leaf_count=32 138 860 67 33 1137 23 71 25 217 379 30 231 17 11 130 10 13 30 15 129 37 131 32 14 44 16 415 24
internal_value=-0.000583108 -0.00586404 -0.0041281 -0.00544694 -0.00621386 0.00709249 -0.00398533 0.0161634 0.00597301 0.00372757 -0.000801598 0.00615562 0.0104104 0.00765115 0.00603239 -0.0166351 0.0131497 0.0115285 -0.000989185 -0.00846277 0.0171359 0.00500269 0.00893492 -0.0190102 -0.0122209 0.00614493 -0.0201371 0.0269156
internal_weight=1364.67 756.633 652.93 585.206 560.72 67.724 30.1688 37.5552 608.039 405.695 187.435 97.6661 202.344 218.261 202.379 103.703 163.716 24.4851 38.6281 89.7685 108.818 54.8982 20.1367 94.3445 18.4914 9.35879 90.4091 15.8818
internal_count=4311 2733 2246 2060 1997 186 94 92 1578 1072 528 261 506 544 509 487 398 63 108 267 254 144 49 461 59 26 447 35
is_linear=0
shrinkage=0.03


Tree=85
num_leaves=26
num_cat=0
split_feature=1 1 1 27 27 2 29 9 1 27 27 7 2 34 22 29 33 28 34 27 27 10 28 7 27
split_gain=47.7739 12.0719 11.5667 9.65263 4.75725 5.29506 5.57344 4.99839 4.7225 10.1818 6.93742 4.60813 3.95574 3.72818 3.12408 3.48195 2.60012 2.18042 1.7721 2.54307 1.61846 1.45652 1.36638 0.0698874 0.149033
threshold=0.012303000316023828 -0.69541749358177174 0.64156350493431102 0.026736826635897163 0.027442594990134243 3795.4301757812505 0.68549999594688427 0.3107724934816361 -0.45222748816013331 0.020106017589569095 0.020538094453513626 25.388464927673343 3460.3056640625005 0.61838737130165111 -2.769135475158691 0.25550000369548803 0.20329911261796954 -0.0064723168034106484 0.63365203142166149 0.020567856729030613 0.019380469806492332 -7.1170039176940909 -0.44359603524208063 27.480632781982425 0.020497629418969158
decision_type=2 2 2 2 2 2 2 2 2 2 2 2 2 2 2 2 2 2 2 2 2 2 2 2 2
left_child=1 13 4 8 5 7 -7 -2 9 -3 -10 18 17 21 16 -16 -15 -5 19 -4 -20 -1 -14 24 -13
right_child=2 3 11 12 -6 6 -8 -9 10 -11 -12 23 22 14 15 -17 -18 -19 20 -21 -22 -23 -24 -25 -26
leaf_value=0.0058152993254340073 -0.011052059250615778 -0.0026535773390433757 0.0094997509925088073 -0.0076547561027880589 -0.021694369323253217 -0.016488682604644089 0.017680266168989926 -0.00070052596010559552 0.0071079639029750143 0.011234561911894429 -0.0011776908620906245 -0.0036570041622708996 -0.0015416468894796061 0.0081065584031990694 0.014109738194095582 0.0001545764159260153 0.024961235498257798 0.0057328766923388785 0.0048857148788462043 -0.01612934621455234 -0.012635659004098739 0.030558045133175053 -0.021445195467449683 -0.021669504829590881 -0.016531923331414431
leaf_weight=3.8992539942264584 48.155423775315285 61.318619698286057 9.9866310358047468 24.474741011857986 12.751729860901831 40.804328992962837 4.1361334621906272 326.11801519989967 162.61988393962383 194.43759390711784 201.95019851624966 3.2158721536397961 5.0814782530069378 17.037599384784698 31.794141680002213 34.75088432431221 22.404286712408066 18.462639182806015 4.2632913887500754 4.6730516552925101 43.634499028325081 15.172939151525496 17.264755114912987 45.131717473268509 15.92448842525482
leaf_count=11 154 182 35 73 38 132 15 1055 480 579 615 14 18 49 89 102 66 59 17 17 154 44 59 190 64
internal_value=0.000497994 0.00515491 -0.00624048 0.00356792 -0.00386417 -0.00327517 -0.0129859 -0.00206938 0.00473244 0.00787102 0.00249822 -0.0142162 -0.00731243 0.0137347 0.0112878 0.00701187 0.0180985 -0.00169129 -0.00807539 0.000473786 -0.0108558 0.0262371 -0.0174459 -0.0199458 -0.0149751
internal_weight=1369.46 810.669 558.795 685.61 431.966 419.214 44.9405 374.273 620.326 255.756 364.57 126.83 65.2836 125.059 105.987 66.545 39.4419 42.9374 62.5575 14.6597 47.8978 19.0722 22.3462 64.2721 19.1404
internal_count=4311 2426 1885 2065 1394 1356 147 1209 1856 761 1095 491 209 361 306 191 115 132 223 52 171 55 77 268 78
is_linear=0
shrinkage=0.03


Tree=86
num_leaves=28
num_cat=0
split_feature=9 25 10 2 33 3 16 7 9 3 4 33 29 21 33 29 33 6 34 29 25 9 33 33 33 33 22
split_gain=8.42128 5.89548 7.82338 7.74146 5.35098 5.63539 5.33434 5.29977 5.17085 5.4498 5.7202 4.99442 4.24513 4.42422 3.84832 3.82197 2.99809 2.38291 2.31778 2.08723 1.84662 1.27875 1.40795 1.21861 1.69981 3.45027 0.226911
threshold=0.34812349081039434 0.0010499758063815536 -5.3872895240783683 3078.000854492188 0.039374308660626418 45.552083969116218 -0.60785751044750203 53.926776885986335 0.44116349518299108 25.400075912475589 -5656.5095214843741 0.34379796683788305 0.12150000035762788 0.38279999792575842 0.46388489007949835 0.20750000327825549 0.40016688406467443 0.064917501062154784 0.65856081247329723 1.8925000429153445 0.0012008753838017585 0.29192200303077703 0.33307555317878729 0.17532784491777423 0.31335787475109106 0.47331705689430242 2.2722034454345708
decision_type=2 2 2 2 2 2 2 2 2 2 2 2 2 2 2 2 2 2 2 2 2 2 2 2 2 2 2
left_child=1 3 4 11 18 -6 20 8 12 19 -11 15 16 -14 -8 -1 -2 -13 -3 -10 -4 22 -5 -9 -25 -26 -23
right_child=7 2 6 21 5 -7 14 23 9 10 -12 17 13 -15 -16 -17 -18 -19 -20 -21 -22 26 -24 24 25 -27 -28
leaf_value=0.00065868581277563813 -0.014541021957553928 0.0094018123745339011 0.0027572577692497784 -0.01599107955379106 0.0091313000032017325 -0.0016434998285916316 0.0015108032556323202 0.0024072450842894475 -0.00076057279056991676 -0.0088180003910042198 0.010548313286236835 -0.011454487414831781 0.0028884236744407023 -0.002626022223381735 -0.010443735748387513 0.031757216921305301 0.0013576867276994451 0.009757790167449305 -0.014203977662456006 -0.022450461678793592 -0.012844496502175074 -0.020853587058164601 0.0047342860051222757 0.032490924921532764 -0.0055147984032897831 0.023822216024702657 -0.0072381146474086418
leaf_weight=56.872949376702309 28.106250286102295 3.7536572366952923 6.3889685571193686 5.464118614792822 115.66618633270264 67.784193083643913 102.55623708665371 6.738081723451617 41.045246243476868 14.387661859393118 134.81503403186798 51.39968129992485 364.75015597045422 202.34005735814571 30.927306234836578 3.3532578647136679 15.354103952646254 4.4091159850358954 19.585339516401291 4.0716406255960456 67.13839490711689 36.029371485114098 4.5496260076761246 6.1850891411304501 5.4739471375942212 7.6430304348468781 4.0379572808742514
leaf_count=179 81 12 22 19 370 200 313 19 138 37 419 146 1122 606 89 12 47 15 54 15 202 105 16 21 14 25 13
internal_value=7.42628e-05 -0.00269218 -0.000748451 -0.00746329 0.00334906 0.00510748 -0.00488315 0.00201633 0.00156789 0.00582504 0.00859748 -0.00308425 0.000194576 0.000904411 -0.00122045 0.00278561 -0.00876788 -0.00954704 -0.00991231 -0.00313993 -0.0113578 -0.0173006 -0.0059414 0.0152474 0.0191013 0.0111655 -0.0198094
internal_weight=1410.83 579.916 413.8 166.116 206.789 183.45 207.011 830.91 804.87 194.32 149.203 116.035 610.551 567.09 133.484 60.2262 43.4604 55.8088 23.339 45.1169 73.5274 50.0811 10.0137 26.0401 19.3021 13.117 40.0673
internal_count=4311 1767 1262 505 636 570 626 2544 2465 609 456 352 1856 1728 402 191 128 161 66 153 224 153 35 79 60 39 118
is_linear=0
shrinkage=0.03


Tree=87
num_leaves=28
num_cat=0
split_feature=1 0 9 29 2 3 7 29 16 2 3 9 23 22 26 22 33 28 29 26 28 9 33 29 26 33 33
split_gain=57.7996 14.5005 9.06359 13.2797 5.57546 5.54298 5.74589 4.80401 6.00036 5.94828 4.53516 6.2339 5.57755 5.8592 4.50275 3.01624 2.78138 3.05823 2.6723 2.4025 2.17387 1.70695 3.75838 1.57144 1.12135 0.617436 0.213103
threshold=-0.45222748816013331 0.35418500006198889 0.40329450368881231 0.48749999701976782 3276.9328613281255 32.353176116943366 57.859636306762702 0.50650000572204601 1.0000000180025095e-35 3754.2946777343755 55.181695938110359 0.38430349528789526 -1.5700654983520506 1.6958950161933901 0.99908438324928295 4.0816555023193368 0.66886833310127269 0.31281299889087683 0.64750000834465038 0.99961522221565258 0.39275577664375311 0.4505975097417832 0.065260153263807311 1.1869999766349795 1.0005794763565066 1.0688377022743227 0.64053544402122509
decision_type=2 2 2 2 2 2 2 2 2 2 2 2 2 2 2 2 2 2 2 2 2 2 2 2 2 2 2
left_child=10 2 7 14 -5 23 15 8 -2 -9 11 12 13 -1 -4 -7 17 19 -14 -12 -8 25 -23 26 -19 -13 -3
right_child=1 5 3 4 -6 6 20 9 -10 -11 16 21 18 -15 -16 -17 -18 24 -20 -21 -22 22 -24 -25 -26 -27 -28
leaf_value=0.0011506565510459314 -0.00024213018356451316 -0.024030753309882948 0.0012015948303974325 0.023046579653408641 -0.00048651549224924064 0.006550025429881914 -0.01232495745783385 0 0.0081369963187984569 -0.023731020362387965 -0.0065575617660019198 -0.022606300175972326 -0.016566267575846956 -0.019021488183714831 -0.015165860488634072 0.011918147739644976 -0.021671091528351959 -0.021621347348841819 0.00065378902085579452 0.015795448061413857 0.004780154325725503 0.011346826244143305 -0.016464741481865084 0.003820234370311299 0 -0.0017721410161893921 -0.0051231501285876726
leaf_weight=60.070948332548141 157.99931053817272 5.8406469374895078 17.120584383606911 14.127454638481138 21.87737512588501 435.76914663612843 17.643096417188648 34.623105689883232 145.7059209048748 12.517948508262633 5.1236640661954977 62.471125885844231 69.163213014602661 15.785603210330008 84.075746804475784 129.44773522019386 4.3488794118165961 4.2581110298633567 8.0092012882232648 14.296763971447943 9.3180525600910169 4.3911044597625724 28.43819060921669 2.4385010153055182 3.2604044824838638 2.3608073443174353 2.4318411201238632
leaf_count=182 492 24 64 39 75 1122 56 107 407 45 21 322 317 69 346 309 18 18 32 47 26 16 137 8 13 10 9
internal_value=0.000504178 0.00364065 -0.000186107 -0.00672663 0.00868997 0.00675098 0.00715166 0.00235193 0.00375503 -0.0064431 -0.0115835 -0.0129271 -0.00898577 -0.00302633 -0.012316 0.00780481 -0.000501626 0.00292048 -0.0146705 0.00942972 -0.00610612 -0.0189339 -0.0123603 -0.0139296 -0.0123101 -0.0220048 -0.0201073
internal_weight=1372.91 1090.94 488.047 137.201 36.0048 602.889 592.178 350.846 303.705 47.1411 281.978 250.69 153.029 75.8566 101.196 565.217 31.2878 26.9389 77.1724 19.4204 26.9611 97.6612 32.8293 10.711 7.51852 64.8319 8.27249
internal_count=4331 3129 1575 524 114 1554 1513 1051 899 152 1202 1085 600 251 410 1431 117 99 349 68 82 485 153 41 31 332 33
is_linear=0
shrinkage=0.03


Tree=88
num_leaves=29
num_cat=0
split_feature=1 1 1 27 27 23 21 27 29 29 25 23 27 18 21 22 27 2 3 28 16 28 28 29 23 27 29 25
split_gain=51.7394 16.8921 9.74005 10.5823 7.44322 8.63917 5.49313 8.15835 6.58696 5.05919 4.60148 4.54149 20.3404 3.8234 3.27931 2.49586 2.70552 7.09868 3.7417 2.31513 2.18183 2.87909 1.53933 0.771524 0.690463 0.633215 2.58683 0.0928176
threshold=-0.15377149730920789 0.64156350493431102 -0.69541749358177174 0.026909084990620617 0.020415175706148151 -2.1146094799041744 0.17970000207424167 0.020556859672069553 0.30650000274181372 0.68549999594688427 0.0018809762550517919 4.7983551025390634 0.025386693887412552 0.93440848588943493 0.67969998717308056 -2.769135475158691 0.020385479554533962 3167.087768554688 54.423530578613288 0.11239024996757509 -0.60785751044750203 0.66865766048431408 -0.29584917426109308 0.11050000041723253 1.1962769925594332 0.025708126835525039 0.64750000834465038 0.0020545818842947487
decision_type=2 2 2 2 2 2 2 2 2 2 2 2 2 2 2 2 2 2 2 2 2 2 2 2 2 2 2 2
left_child=2 4 15 6 5 9 7 -4 -8 -2 -7 13 -13 -6 19 25 18 -18 -17 -5 21 22 -3 -22 -25 26 -1 -16
right_child=1 20 3 14 11 10 8 -9 -10 -11 -12 12 -14 -15 27 16 17 -19 -20 -21 23 -23 -24 24 -26 -27 -28 -29
leaf_value=0.019566117230568881 0.0065895408929065469 0 0.0045558871783553364 -0.012078540033605771 -0.0093406086543964054 -5.3235497885883767e-05 0.011804951431724206 -0.0092108103952036058 0.0026714340184294067 0.036085915812502686 -0.010316712412399818 0.052142970105064253 -0.0053809983395067271 0.0035280581594285942 -0.010434901422307654 0.023725437813512208 -0.020773721995067943 0.010056882827271808 0.0058466371392033355 0.0079170187977987225 -0.0032484860091930626 0.012733026930065559 -0.01620933526432838 -0.023786659746941548 -0.0164016175034533 0.028737110288830872 0.00084154298482575819 -0.024889136700175594
leaf_weight=34.704436808824539 52.709138467907906 8.1479081958532351 133.1594186425209 11.51526899635792 280.48430801928043 126.86635015904903 141.78511172533035 53.95420877635479 149.04453541338444 5.6213290691375724 57.664738267660141 5.7079671919345847 49.95286200940609 21.12339198589325 4.1231821477413204 19.591781616210938 8.3159843981266004 27.032420784235001 26.879938036203384 8.2722001522779447 4.4288547337055197 4.002686694264411 22.953783079981804 32.484327122569084 57.968449890613556 6.7778902053832999 9.5021571815013868 11.901394590735434
leaf_count=104 157 31 392 36 907 387 406 163 459 17 187 20 158 67 14 57 19 76 79 28 15 14 78 138 228 20 28 46
internal_value=-0.000874484 -0.00635104 0.00529603 0.00339317 -0.00419958 -0.0001082 0.00458892 0.000524321 0.00716771 0.00986763 -0.00332836 -0.00695159 0.000769488 -0.0084052 -0.0121607 0.0125494 0.00898342 0.00236411 0.013748 -0.00328662 -0.0161609 -0.00904947 -0.0122947 -0.0186365 -0.0192689 0.0179545 0.015797 -0.0221429
internal_weight=1376.68 730.116 646.56 513.755 600.13 242.862 477.943 187.114 290.83 58.3305 184.531 357.269 55.6608 301.608 35.812 132.805 81.8201 35.3484 46.4717 19.7875 129.986 35.1044 31.1017 94.8816 90.4528 50.9845 44.2066 16.0246
internal_count=4331 2404 1927 1544 1900 748 1420 555 865 174 574 1152 178 974 124 383 231 95 136 64 504 123 109 381 366 152 132 60
is_linear=0
shrinkage=0.03


Tree=89
num_leaves=26
num_cat=0
split_feature=9 25 7 33 27 25 2 9 27 33 33 10 29 3 27 34 34 28 22 10 25 33 29 26 26
split_gain=10.856 6.41198 7.36883 5.59226 5.10444 4.88976 5.45618 5.88337 9.86613 5.04416 4.52197 3.65711 4.651 3.27623 3.41431 3.18834 3.65692 3.35446 2.76643 2.73225 2.43501 1.80263 0.875181 0.611193 0.255465
threshold=0.40329450368881231 0.0010718263802118602 15.628077507019045 0.14027105271816256 0.027620895765721801 0.0004151807952439413 2547.336059570313 0.4086225032806397 0.01971840858459473 1.0120487213134768 0.50777783989906322 9.3677377700805682 0.64049997925758373 42.329292297363288 0.020510667935013775 0.65978986024856578 0.73223870992660534 -0.37812425196170801 0.11657800246030094 -9.0355954170227033 0.0035425260430201892 0.38970860838890081 0.14350000023841861 1.0000154972076418 1.0000778436660769
decision_type=2 2 2 2 2 2 2 2 2 2 2 2 2 2 2 2 2 2 2 2 2 2 2 2 2
left_child=1 2 22 11 10 21 15 8 -8 -9 -5 19 -13 18 -15 17 -17 -7 -4 -3 -6 24 -1 -23 -2
right_child=5 3 13 4 20 6 7 9 -10 -11 -12 12 -14 14 -16 16 -18 -19 -20 -21 -22 23 -24 -25 -26
leaf_value=0.036852064660529975 -0.021626173444298527 0 -0.014152385928811385 0.0041045805498628185 -0.018025573867960117 0.022767099121491739 -0.014927650061937515 0.0031492110292165249 0.019351864985197764 -0.013637004657278703 -0.0020719853535803093 1.2804595702333019e-05 0.037897921715559911 -0.0069234464959025757 0.0017120349859663182 0.02422487889540987 -0.0045201381333223678 -0.0054253675461118801 0.0017954898253723971 -0.007589864634028276 0.003726916409613196 -0.0062527170723319526 0.0076361915535881741 0.010841053601067952 -0.0050264349379055169
leaf_weight=3.1369062364101401 7.6860084533691424 63.098306745290756 61.035035416483879 371.17304733395576 16.349912673234943 4.9757190942764309 8.5095496475696546 276.47126947343349 41.81417253613472 16.45955902338028 147.09958790242672 13.501161172986032 3.4008281230926505 119.26715691387653 60.350734487175941 27.332050085067753 3.8880269825458518 11.195571005344389 10.358131065964697 134.47971774637699 5.3139781802892676 3.2946713566780081 2.9575161933898926 2.9449775218963623 3.114299088716507
leaf_count=11 22 188 192 1139 44 17 25 861 135 47 444 39 12 355 179 90 12 33 36 394 17 10 9 10 10
internal_value=0.000354209 -0.0013048 -0.00539183 7.87897e-05 0.00171838 0.00448903 0.00519483 0.00382927 0.0132884 0.0021537 0.00233385 -0.00400129 0.00902268 -0.00623191 -0.0039753 0.0147544 0.0203465 0.00313194 -0.011717 -0.00518084 -0.0123201 -0.0108654 0.0256929 0.000685522 -0.0180702
internal_weight=1419.21 1011.52 257.105 754.417 539.937 407.686 390.646 343.255 50.3237 292.931 518.273 214.48 16.902 251.011 179.618 47.3914 31.2201 16.1713 71.3932 197.578 21.6639 17.04 6.09442 6.23965 10.8003
internal_count=4331 3059 782 2277 1644 1272 1220 1068 160 908 1583 633 51 762 534 152 102 50 228 582 61 52 20 20 32
is_linear=0
shrinkage=0.03


Tree=90
num_leaves=31
num_cat=0
split_feature=1 27 27 7 7 2 25 27 27 0 29 25 16 29 4 0 27 1 33 25 29 2 29 25 34 29 29 27 25 33
split_gain=39.8182 15.9949 10.8303 14.7783 14.1542 10.4645 10.4916 9.09515 8.17384 8.09755 7.37832 5.97411 5.67567 5.62423 5.58672 5.58046 7.99764 4.99652 4.29425 3.4327 3.33539 3.08588 5.06805 4.56953 2.97138 2.70085 3.89663 2.63952 1.64431 1.40262
threshold=-0.15377149730920789 0.026672904379665855 0.025842599570751194 28.366590499877933 48.380487442016609 3085.7189941406255 0.002902676817029715 0.027514189481735233 0.019966344349086288 1.1460400223731997 0.14150000363588336 0.00053346456843428325 0.60785751044750225 0.39249999821186071 -2873.922729492187 4.5194206237792978 0.019815457053482536 0.64707750082016002 0.97367084026336681 0.0011917567462660374 0.7514999806880952 3654.2211914062505 0.3445000052452088 0.0026513996999710803 0.70971989631652843 0.95100000500679027 0.25550000369548803 0.026221309788525108 0.0030489969067275528 0.16357098519802096
decision_type=2 2 2 2 2 2 2 2 2 2 2 2 2 2 2 2 2 2 2 2 2 2 2 2 2 2 2 2 2 2
left_child=1 5 3 15 17 6 11 10 -8 20 -6 -1 13 19 -15 16 -2 24 -11 -3 -5 23 -23 -7 -4 26 -14 -19 -9 -17
right_child=2 12 4 9 7 21 8 28 -10 18 -12 -13 25 14 -16 29 -18 27 -20 -21 -22 22 -24 -25 -26 -27 -28 -29 -30 -31
leaf_value=0.003841751701274188 -0.0060817505600450142 -0.013614276272098415 0.035951918275680152 -0.024948953388423217 0.019902201016979898 -0.023532276078363747 -0.016973838979398578 0.030983106785957934 0.019147305318498439 -0.0052293082858258606 -0.0024564759468686916 -0.010471061308591254 0.026055663141230263 -0.023802768918875089 0.0074351814461414666 0.0036402319797027441 0.0044324228759283985 -0.0053516222784459238 0.021158594215459368 0.0086863550919708855 0.0026102797800735271 -0.0014477413380738925 -0.018376583801122177 -0.010320750212615089 0.012456052726329436 0.030453034605479625 0.0021160738395772246 0.016361457404674581 0.0069765680600267308 0.025165633128733503
leaf_weight=30.000169634819031 74.528606534004211 6.9718505144119254 23.191935256123546 27.595863536000255 14.966392338275908 68.5621138215065 6.706975311040881 11.269039034843447 23.348901808261871 69.647785797715187 92.392522066831589 162.38378778100014 7.8890211284160605 15.935017928481104 6.6734791547060004 4.9778737723827389 467.74614290893078 5.5496294200420406 5.4404758810997 31.903684437274933 3.8225755095481864 33.799599900841713 32.039779677987099 42.396529376506805 8.6797384768724424 5.90427142381668 26.893962413072586 21.366142868995667 5.1221629977226248 12.856020599603651
leaf_count=106 223 25 46 118 33 325 28 21 76 208 262 651 18 64 18 12 1286 15 13 90 12 125 143 191 21 13 74 49 12 26
internal_value=-0.00057937 -0.0072845 0.00337125 0.00157904 0.00984493 -0.0099981 -0.00558482 0.00396371 0.0106465 -0.00861452 0.000654809 -0.0081883 0.00322838 -0.00240573 -0.0142313 0.00353939 0.00296653 0.0219355 -0.00307101 0.00433635 -0.0213256 -0.0154685 -0.009898 -0.0186339 0.0301224 0.0118867 0.00809311 0.0115403 0.0244426 0.0199114
internal_weight=1350.56 501.409 849.153 666.615 182.538 399.238 222.44 123.75 30.0559 106.507 107.359 192.384 102.171 61.484 22.6085 560.109 542.275 58.7874 75.0883 38.8755 31.4184 176.798 65.8394 110.959 31.8717 40.6873 34.783 26.9158 16.3912 17.8339
internal_count=4304 1947 2357 1898 459 1645 861 328 104 351 295 757 302 197 82 1547 1509 131 221 115 130 784 268 516 67 105 92 64 33 38
is_linear=0
shrinkage=0.03


Tree=91
num_leaves=29
num_cat=0
split_feature=1 1 27 27 0 29 23 29 28 33 2 25 6 17 29 6 2 1 25 16 28 27 28 26 26 2 29 26
split_gain=43.0081 14.0213 7.95395 7.7705 10.0822 6.6759 6.37816 6.34641 7.12316 6.66729 6.11419 7.54746 7.24994 4.98951 4.71297 4.56504 3.67207 4.5495 3.81663 3.01486 2.44371 2.27327 1.87222 3.02085 2.55917 1.32561 3.44514 0.382356
threshold=-0.15377149730920789 0.64156350493431102 0.020410035736858848 0.026931623928248886 -2.5905750989913936 0.50650000572204601 -2.1146094799041744 0.29449999332427984 -0.72156020998954762 0.24242707341909411 2476.3061523437505 0.00040257575165014719 0.038402499631047256 0.81174498796463024 0.67649999260902416 0.058339500799775131 3574.6159667968755 0.52802452445030224 0.001894498826004565 -0.60785751044750203 0.072789706289768233 0.02051569148898125 0.63315945863723766 0.99991613626480114 1.0010200142860415 3437.2875976562505 0.81549999117851268 1.0007735490798952
decision_type=2 2 2 2 2 2 2 2 2 2 2 2 2 2 2 2 2 2 2 2 2 2 2 2 2 2 2 2
left_child=3 2 6 7 5 27 14 10 9 -9 11 -1 -12 -10 -2 -8 17 -4 -18 22 -21 -22 23 -3 -24 26 -6 -5
right_child=1 19 16 4 25 -7 15 8 13 -11 12 -13 -14 -15 -16 -17 18 -19 -20 20 21 -23 24 -25 -26 -27 -28 -29
leaf_value=0.015800055787750872 0.0069683948354042381 0.0019922471110795565 -0.0061558539571971689 0 -0.01417540852991224 0.032724094777414982 0.0015627360684816189 0.0013477973493694275 0.0020470322093077819 0.031026079201363101 -0.012241693248558826 -0.0067038158861496009 0.011964863682619325 -0.018456908878875251 0.037003968501135298 -0.0087410553823371179 -0.019870843595165458 0.0038369918273141773 -0.0058240425143902498 -0.022645367493746092 -0.003249606674507262 -0.017768289405881904 0.023411682973740973 -0.018450519497830657 -0.010995215210102695 -0.023938191958447683 0.015155608974717955 -0.011662114499380396
leaf_weight=19.174278914928436 43.942846968770027 10.045906409621244 234.57883980870247 3.7432520091533643 22.978309527039531 7.9457796216011047 126.5850198417902 13.982767701148989 217.96784910559654 14.256580442190169 10.855837658047674 41.507964879274368 271.66584359109402 10.683070108294485 5.0976758301258078 54.629101857542992 32.158337756991386 48.143581062555313 44.067315980792046 44.66810530424118 19.119386196136475 24.592802420258522 3.6234749704599372 14.520321339368818 2.8704823553562164 10.090480163693426 3.5511784106492987 3.5982012152671814
leaf_count=55 132 39 764 10 73 23 391 42 662 42 34 124 786 36 16 173 100 155 147 185 76 108 13 49 9 39 11 10
internal_value=-7.21182e-05 -0.00519294 -0.00326678 0.00547949 -0.00552302 0.0143463 0.0010511 0.00644998 0.00282514 0.0169231 0.00912894 0.000330832 0.0109829 0.00101159 0.0106142 -0.00150944 -0.00605922 -0.00441867 -0.0119583 -0.0145664 -0.0174444 -0.0117301 -0.0059456 -0.00985879 0.00721742 -0.0141415 -0.00970853 -0.00521496
internal_weight=1360.64 708.643 589.203 652.001 51.9072 15.2872 230.255 600.094 256.89 28.2393 343.204 60.6822 282.522 228.651 49.0405 181.214 358.948 282.722 76.2257 119.44 88.3803 43.7122 31.0602 24.5662 6.49396 36.62 26.5295 7.34145
internal_count=4304 2357 1878 1947 166 43 712 1781 782 84 999 179 820 698 148 564 1166 919 247 479 369 184 110 88 22 123 84 20
is_linear=0
shrinkage=0.03


Tree=92
num_leaves=27
num_cat=0
split_feature=29 9 17 33 26 17 4 27 7 29 4 4 27 27 4 28 26 34 33 28 27 27 33 2 0 9
split_gain=11.5304 9.28706 6.88163 7.524 6.80939 6.74248 7.87679 7.39398 5.52835 5.52961 5.30545 6.73339 4.81561 6.76772 4.29525 4.25465 4.12644 5.38997 3.96523 3.85421 3.79633 3.5251 3.45046 3.25884 3.19873 1.68164
threshold=0.26950000226497656 0.34812349081039434 0.81174498796463024 0.97367084026336681 1.000700116157532 1.0000000180025095e-35 -1397.6100463867185 0.020124733448028568 22.169844627380375 0.25550000369548803 -5667.8798828124991 -3198.515014648437 0.02104188967496157 0.02051569148898125 1231.4156494140627 -0.80287396907806385 0.99921303987503063 0.72885686159133922 0.4946486502885819 0.51915386319160473 0.02574058156460524 0.019953955896198753 0.11048680916428567 4442.7468261718759 1.6765595078468325 0.38223150372505194
decision_type=2 2 2 2 2 2 2 2 2 2 2 2 2 2 2 2 2 2 2 2 2 2 2 2 2 2
left_child=1 8 3 5 10 7 -7 -2 12 15 -3 -12 13 -1 18 -10 17 21 -6 25 22 -4 -18 -22 -11 -5
right_child=2 4 16 19 14 6 -8 -9 9 24 11 -13 -14 -15 -16 -17 20 -19 -20 -21 23 -23 -24 -25 -26 -27
leaf_value=-0.0047834772176759957 0.015431652088949893 -0.021856594447313062 0.021414504779301263 -0.0059241225808347895 -0.014641851375602729 0.0041042028166754256 -0.0083948953461828874 0.0033077366446170368 0.0098858204345304828 0.022367443381134017 0.037387467167022535 0.0033017638476678783 -0.023262327896157432 0.0093322719721716518 0.020622168943817451 -0.010632739780373912 0.0048445539352007403 0.031952764673508549 0.0025392699971421213 0.010026163475243389 0.0079736945173476733 -0.005530209306570469 0.022040419535183872 -0.020624920356570871 -0.0099411227003610107 -0.022529286437217647
leaf_weight=78.001338332891464 53.506501108407974 6.7462176978588095 4.4532870948314658 11.358505472540857 41.88253228366375 92.366612657904625 87.425029516220093 309.29703763127327 8.7069005817174894 7.510135278105734 4.8875883519649497 275.15670081973076 7.5418520271778098 49.404870569705963 3.8502053022384635 194.73329742252827 16.164034873247147 4.226039618253707 15.570580601692198 5.2622437924146643 23.974424675107006 33.476378887891769 43.412298932671547 3.6006832420825949 3.3979651927947998 16.587360709905624
leaf_count=233 172 18 14 33 123 284 260 939 32 26 17 860 19 148 13 609 49 15 47 17 77 96 140 8 9 46
internal_value=0.000634303 -0.0020922 0.00334328 0.00191516 0.00135448 0.00278065 -0.00193008 0.00513933 -0.00554976 -0.00854292 0.00331791 0.00399431 -0.000715077 0.000634969 -0.00763779 -0.00968837 0.00960145 0.00162196 -0.0098485 -0.0117908 0.0133272 -0.001895 0.0176039 0.00361799 0.0115195 -0.0163193
internal_weight=1402.5 697.39 705.11 575.803 348.094 542.595 179.792 362.804 349.296 214.348 286.791 280.044 134.948 127.406 61.3033 203.44 129.307 42.1557 57.4531 33.2081 87.1514 37.9297 59.5763 27.5751 10.9081 27.9459
internal_count=4304 2154 2150 1751 1078 1655 544 1111 1076 676 895 877 400 381 183 641 399 125 170 96 274 110 189 85 35 79
is_linear=0
shrinkage=0.03


Tree=93
num_leaves=27
num_cat=0
split_feature=1 27 0 7 27 10 26 3 0 27 25 27 3 26 25 22 25 26 25 29 33 1 7 27 1 28
split_gain=40.5733 20.1796 16.118 7.05441 13.3511 12.3978 6.90569 6.81652 6.69966 6.1109 6.09706 5.79388 6.70295 5.42238 5.19397 5.59807 4.64242 4.55767 5.12152 4.4018 3.7662 2.87991 2.87841 2.32211 2.12624 1.0985
threshold=-0.45222748816013331 0.026651846244931224 1.1816384792327883 27.368124961853031 0.025772347114980224 -18.686863899230953 1.0012690424919131 32.353176116943366 1.1460400223731997 0.0198379484936595 0.00051669584354385744 0.018900832161307338 65.956329345703139 0.99981430172920238 0.0025693222414702181 -2.0358949899673457 0.0020279489690437917 1.0015826225280764 0.0020545818842947487 0.11749999970197679 0.33786910772323614 -0.50438550114631642 23.942666053771976 0.023485860787332061 -0.50438550114631642 0.74553725123405468
decision_type=2 2 2 2 2 2 2 2 2 2 2 2 2 2 2 2 2 2 2 2 2 2 2 2 2 2
left_child=1 10 3 6 8 -6 9 23 -5 -2 13 -9 -13 20 22 -16 -8 18 21 -15 -1 -3 -12 -4 -20 -19
right_child=2 17 7 4 5 -7 16 11 -10 -11 14 12 -14 19 15 -17 -18 25 24 -21 -22 -23 -24 -25 -26 -27
leaf_value=0.042206668485866149 -0.0087999157883938642 -0.0012479558653410014 -0.024722897999276437 -0.022551036241544774 0.029294997806977148 -0.0026523789628315076 0.031366255001109941 -0.019134723077166876 0.00059686431981659639 0.0017994255677617019 -0.01001638271853943 0.007345027604916868 0.023319360294587275 -0.017048125066602211 -0.017348529392454223 0 0.0074088857080397592 0.034313881108819173 -0.023025857643043001 0.0243867989553424 0 0.020030283400107013 -0.021442272829619542 0.0057969449442872396 -0.0015796094638415364 0.0097054469495581452
leaf_weight=3.4106821268796947 55.722578421235085 8.2495891898870486 7.3894615620374662 44.859752118587494 11.380953207612036 136.24228538572788 8.8868398666381818 6.3041421771049491 13.937641322612761 374.34911322593689 29.912492737174034 348.0927392989397 25.713190972805023 12.092433556914328 32.438614755868912 34.069949939846992 44.44306355714798 5.0596932321786863 6.0946460813283911 2.2156332433223715 3.5384101271629333 13.665680482983587 110.21191899478436 2.3075743764638901 14.387590050697328 4.9677000343799591
leaf_count=9 170 26 30 188 34 435 21 23 40 1113 132 876 54 50 159 137 126 12 26 7 14 33 538 8 43 13
internal_value=-0.000172782 -0.0103378 0.00246171 -0.000282136 -0.0049291 -3.80755e-05 0.00168664 0.00733455 -0.0169534 0.000396587 -0.0142052 0.00799113 0.00849759 0.000679348 -0.0157778 -0.00852975 0.0118226 0.00627872 0.00164251 -0.00941728 0.0219131 0.0117698 -0.0191115 -0.0166494 -0.00878667 0.0240174
internal_weight=1359.94 280.315 1079.63 689.822 206.421 147.623 483.402 389.807 58.7974 430.072 227.89 380.11 373.806 21.2572 206.633 66.5086 53.3299 52.4249 42.3975 14.3081 6.94909 21.9153 140.124 9.69704 20.4822 10.0274
internal_count=4317 1199 3118 2127 697 469 1430 991 228 1283 1046 953 930 80 966 296 147 153 128 57 23 59 670 38 69 25
is_linear=0
shrinkage=0.03


Tree=94
num_leaves=31
num_cat=0
split_feature=1 1 27 21 27 2 29 21 27 25 23 18 23 27 10 28 33 10 25 9 29 28 1 0 34 25 4 26 27 33
split_gain=38.7516 14.4914 9.08577 6.5689 11.4938 9.04446 7.21771 6.88401 5.56179 6.47385 6.20294 5.65055 5.47441 17.9467 5.2862 6.74555 4.12541 3.4235 4.07968 5.74284 4.54419 2.88024 2.81676 2.49494 2.30013 2.95818 2.28975 3.30634 2.10043 0.952386
threshold=-0.15377149730920789 0.45293550193309789 0.026736826635897163 0.054700000211596496 0.020563698373734954 3078.000854492188 0.20750000327825549 0.16405000537633899 0.020522944629192356 0.0015822657151147725 -2.992816567420959 0.2880184948444367 5.0384466648101816 0.025386693887412552 -6.7698559761047354 0.4410036057233811 0.0062645880971103915 -4.4671795368194571 0.0025053648278117184 0.39175350964069372 0.57449999451637279 -0.65211305022239674 -0.50076301395893086 -1.0804669857025144 0.63365203142166149 0.0010405936045572164 -3198.515014648437 0.99993252754211437 0.019676237367093567 0.46904051303863531
decision_type=2 2 2 2 2 2 2 2 2 2 2 2 2 2 2 2 2 2 2 2 2 2 2 2 2 2 2 2 2 2
left_child=2 8 3 4 5 -1 21 -8 9 11 -11 -2 16 -14 26 22 -10 18 19 -3 -20 -5 -16 -6 25 -19 29 -28 -26 -4
right_child=1 17 14 6 23 -7 7 -9 12 10 -12 -13 13 -15 15 -17 -18 24 20 -21 -22 -23 -24 -25 28 -27 27 -29 -30 -31
leaf_value=-0.00034261246826129856 0.016459059051629643 -0.013442358537330716 -0.022455696197353582 0.002476639520961305 -0.0076547512535509593 0.018537194967851091 -0.0023759166447876929 0.0083462851280827512 0.010535981308377785 0.011725358850025654 -0.0073560252683815032 0.0021788068292108529 0.055648148919511052 -0.0041267395420693737 0.021293457341648732 -0.016491867639033059 -0.007743440462747558 0.01263116087669065 0.012914303928934667 0.020037677900631115 -0.0083551700751379292 0.016342438233747637 0.002752928596604053 -0.028033953653676457 -0.0012227061974062856 -0.010435219918592725 -0.01512660913153336 0.0072915674315490123 -0.016934776277001407 -0.0032948216640723105
leaf_weight=76.034766301512718 33.917300835251808 57.442498311400414 15.16371424496174 17.361115992069244 14.58803376555443 31.593448430299759 67.710575148463249 239.44282339513302 10.95601339638233 17.832517147064209 86.979964375495911 98.589020937681198 5.0721592307090786 22.645279213786125 12.57455569505691 10.677427962422369 193.6411130130291 5.5632595717906979 17.021102085709572 4.3665656596422187 17.871924847364426 110.43935525417328 20.451954483985904 10.821136862039564 9.687402203679083 23.537346556782722 11.539519846439363 10.647070690989493 105.12146440148354 4.3373792320489875
leaf_count=224 104 198 57 50 45 92 203 715 37 52 271 302 17 75 35 28 633 20 65 14 62 324 61 33 36 85 34 34 395 16
internal_value=7.38006e-05 -0.00476853 0.00535093 0.00672773 0.000814973 0.00517627 0.00851255 0.00595335 -0.00167448 0.00152563 -0.00398385 0.00594988 -0.00497844 0.00728506 -0.00368802 0.00343284 -0.00669741 -0.0107543 -0.00616856 -0.0107909 0.00180183 0.014546 0.0102928 -0.0170546 -0.0137413 -0.00558262 -0.0113188 -0.0040481 -0.0156981 -0.0188329
internal_weight=1363.63 710.245 653.383 567.991 133.037 107.628 434.954 307.153 469.633 237.319 104.812 132.506 232.315 27.7174 85.3916 43.7039 204.597 240.612 96.7021 61.8091 34.893 127.8 33.0265 25.4092 143.909 29.1006 41.6877 22.1866 114.809 19.5011
internal_count=4317 2366 1951 1686 394 316 1292 918 1491 729 323 406 762 92 265 124 670 875 339 212 127 374 96 78 536 105 141 68 431 73
is_linear=0
shrinkage=0.03


Tree=95
num_leaves=29
num_cat=0
split_feature=9 7 27 27 23 25 10 27 27 29 10 27 21 29 10 27 9 3 25 25 27 25 33 33 27 33 28 28
split_gain=6.08962 6.19152 8.28169 9.52358 11.8431 8.1491 6.97349 6.92205 6.641 4.42776 4.0276 5.80523 6.5903 5.22495 5.4091 4.69844 4.15556 4.54911 4.13742 4.02337 3.63432 3.37032 3.365 3.26655 3.16521 2.47542 2.05958 0.243396
threshold=0.34812349081039434 22.169844627380375 0.02104188967496157 0.020522944629192356 -4.6397244930267325 0.0011917567462660374 -5.3872895240783683 0.020205070264637474 0.026931623928248886 0.25949999690055853 -2.2961579561233516 0.025842599570751194 0.49999998509883886 0.37450000643730169 -7.1170039176940909 0.021558596752583984 0.50399351119995128 34.97826004028321 0.0040770699270069608 0.0023701689206063752 0.019159005954861644 0.004902878776192666 0.55553725361824047 0.3353842049837113 0.018917583860456947 0.4946486502885819 0.53158414363861095 -0.45622704923152918
decision_type=2 2 2 2 2 2 2 2 2 2 2 2 2 2 2 2 2 2 2 2 2 2 2 2 2 2 2 2
left_child=1 2 3 7 -5 20 8 -1 -7 -8 13 12 15 16 21 -12 17 -2 -16 -14 24 -15 23 -13 -3 -22 -18 -4
right_child=10 5 27 4 -6 6 9 -9 -10 -11 11 22 19 14 18 -17 26 -19 -20 -21 25 -23 -24 -25 -26 -27 -28 -29
leaf_value=0.0063907094600487296 -0.012417307636192899 -0.015881629077382754 -0.0098378370824175158 0.040524831737959649 0.0067110456739946558 0.0010077829337705191 -0.014520967598259198 -0.0078343800857905207 0.026343550242726631 -0.0027295647041626703 0.0054662129321595559 -0.0065640188854496715 0.0013775490896223979 0.0039678632103441721 0.0015022645538629222 -0.004503819012057624 0.019392098641688421 -0.0019300503706719098 -0.013990886454102314 0.025153144670693038 -0.015752238450607744 0.015280839838539935 -0.022065127006718938 0.018271472371440091 0.016731291878794456 -0.004101805239933266 -0.004348019387648343 -0.026330170776689817
leaf_weight=55.999542906880379 48.802018165588379 3.5062846243381482 4.2853374630212784 11.080216497182844 55.33021105825901 139.19021451473236 43.114343836903572 66.614553838968277 9.5714288353919965 92.230783089995384 264.72745966911316 23.368341282010082 10.154160261154173 100.08293905854225 46.461032539606094 49.280560553073883 9.8872440159320814 165.73773713409901 22.142679065465927 22.241229563951492 76.164376571774483 32.484900414943695 9.4202447235584241 5.3899278491735449 6.9477839767932892 24.329711616039276 3.7770828306674948 7.5115249156951887
leaf_count=169 150 12 11 39 164 427 138 193 31 281 818 66 31 309 140 142 33 498 71 72 240 105 23 19 25 80 12 18
internal_value=8.89057e-05 -0.00220771 0.00204754 0.00363139 0.0127479 -0.00439342 -0.00165612 -0.00126491 0.00278099 -0.0065916 0.00178157 0.0040104 0.0052501 -0.000196147 0.00330187 0.00386822 -0.00331963 -0.0043808 -0.00343315 0.0181086 -0.0112833 0.00685467 -0.00692752 -0.001369 0.0047457 -0.013055 0.0122726 -0.0217147
internal_weight=1409.83 595.876 200.821 189.025 66.4104 395.055 284.107 122.614 148.762 135.345 813.958 384.582 346.403 429.376 201.172 314.008 228.204 214.54 68.6037 32.3954 110.948 132.568 38.1785 28.7583 10.4541 100.494 13.6643 11.7969
internal_count=4317 1828 594 565 203 1234 877 362 458 419 2489 1171 1063 1318 625 960 693 648 211 103 357 414 108 85 37 320 45 29
is_linear=0
shrinkage=0.03


Tree=96
num_leaves=28
num_cat=0
split_feature=0 9 7 27 25 0 7 27 4 29 10 27 29 6 21 27 26 26 27 0 26 7 27 27 7 33 33
split_gain=39.2194 14.7292 9.19626 9.38929 8.62851 10.8778 8.41867 8.46877 7.81331 7.39122 6.77186 9.8396 4.76125 4.75078 4.57786 3.7992 3.63682 5.42463 2.99282 5.05997 2.19374 2.05764 1.46759 1.45066 1.34625 1.03025 0.279067
threshold=0.30329549312591558 0.40329450368881231 57.859636306762702 0.026150202378630642 0.0016591496532782914 -1.8333045244216917 48.380487442016609 0.025842599570751194 633.39199829101574 0.19250000268220904 -13.37386894226074 0.020533004775643352 1.0074999928474428 0.04484550096094609 0.054700000211596496 0.026909084990620617 1.0000960230827334 1.0006180405616762 0.026715072803199295 1.492280960083008 0.99986091256141674 39.893541336059577 0.02728238329291344 0.027111343108117584 24.697829246521 0.24606940895318988 0.18122479319572452
decision_type=2 2 2 2 2 2 2 2 2 2 2 2 2 2 2 2 2 2 2 2 2 2 2 2 2 2 2
left_child=1 8 3 6 14 21 7 -2 10 -8 15 -12 -7 25 20 -1 26 -18 -4 23 -3 -6 -15 -20 -16 -5 -10
right_child=2 4 18 13 5 12 9 -9 16 -11 11 -13 -14 22 24 -17 17 -19 19 -21 -22 -23 -24 -25 -26 -27 -28
leaf_value=-0.0060990601561660349 0.0044795435008122544 0.0040208428736855858 -0.02818366040867552 -0.016260534516318613 -0.01955251431639797 -0.0024902345439721764 0.014073735249557342 0.022927088910184964 -0.011864115257180285 -0.021981855680874636 -0.0049340193675229908 0.0047137387763201092 0.016778033137770734 0.021091610288423972 -0.011224867330440433 -0.026306137816353596 0.012821331421448937 -0.01888692372582633 -0.020269878342949684 0.016776725442462455 -0.013390499131576729 -0.0059578391429920266 0.01136287079304618 0.0017362048129560773 -0.024013463722722745 0.0035522325376198326 -0.024238040100034199
leaf_weight=65.389431908726692 457.34145158529282 9.890924423933031 7.0352073907852199 4.0177826285362235 43.694438308477402 76.448041617870331 6.313864171504977 23.412709265947342 7.3773566037416485 18.348221525549889 158.85459131002426 234.66818453371525 13.055619597434996 47.881065040826797 13.409654542803763 9.7412947714328748 8.8660188615322131 9.3586310446262342 10.462566033005716 5.8520772457122794 14.906382292509077 16.460192963480949 30.428256541490555 2.5205886065959922 57.903813898563385 3.4709987640380859 18.040008202195168
leaf_count=244 1203 37 24 13 235 284 14 50 32 60 541 701 38 104 57 39 35 43 35 14 59 69 69 8 283 9 85
internal_value=-0.000266736 -0.0048426 0.00533933 0.00611826 -0.0108803 -0.00624901 0.00452594 0.00541953 -0.00192076 -0.0122972 -0.000763097 0.000795037 0.000297965 0.0153133 -0.017929 -0.00899466 -0.013999 -0.00305022 -0.0118985 -0.00477876 -0.00614765 -0.0160607 0.0175216 -0.0154241 -0.0218289 -0.0063033 -0.021292
internal_weight=1375.15 758.065 617.085 591.214 245.769 149.658 505.416 480.754 512.296 24.6621 468.654 393.523 89.5037 85.7981 96.1108 75.1307 43.642 18.2246 25.8704 18.8352 24.7973 60.1546 78.3093 12.9832 71.3135 7.48878 25.4174
internal_count=4385 2782 1603 1522 1062 626 1327 1253 1720 74 1525 1242 322 195 436 283 195 78 81 57 96 304 173 43 340 22 117
is_linear=0
shrinkage=0.03


Tree=97
num_leaves=29
num_cat=0
split_feature=1 0 1 27 27 23 29 23 27 23 27 16 27 33 27 0 34 26 28 27 34 33 27 33 27 27 33 33
split_gain=37.9106 10.9984 10.8994 10.8504 7.40944 8.764 8.30494 6.23648 12.0556 6.15391 17.7692 5.22618 5.46188 4.6422 4.60915 4.22488 3.0947 2.36045 3.35489 2.28251 1.0753 2.34207 0.72954 0.713266 0.517719 4.90341 0.61258 0.426609
threshold=-0.15377149730920789 -4.5034699440002433 0.64156350493431102 0.026736826635897163 0.020421429537236694 -0.43647649884223932 0.15850000083446505 2.8623635768890385 0.020528296940028671 5.0384466648101816 0.025386693887412552 1.0000000180025095e-35 0.027326895855367187 0.26956777274608618 0.025708126835525039 3.4126900434494023 0.68141931295394909 1.0000778436660769 0.27109436690807348 0.025051615200936798 0.72363984584808361 0.12572375684976581 0.026829344220459465 0.8635602891445161 0.022941910661756996 0.025179612450301651 0.1307705566287041 0.0062645880971103915
decision_type=2 2 2 2 2 2 2 2 2 2 2 2 2 2 2 2 2 2 2 2 2 2 2 2 2 2 2 2
left_child=1 20 4 7 5 6 -2 8 -3 13 -11 12 -5 -6 -9 17 -7 19 -19 -4 24 -22 -13 27 26 -26 -1 -17
right_child=2 3 15 11 9 16 -8 14 -10 10 -12 22 -14 -15 -16 23 -18 18 -20 -21 21 -23 -24 -25 25 -27 -28 -29
leaf_value=0.0057629713943649135 0.0252784089318915 0.014634349955813801 -0.016389965443596024 0.0081268452752742398 -0.0038025207059544774 -0.0089214216417860259 0.0031167793764212666 0.00090565752637161777 0.0034391916999048583 0.049130769914575337 -0.0036194204044752874 -0.00407290130351307 -0.012630913160708053 -0.011276889829795791 -0.02814825894857087 -0.0059163170880560572 -0.00011503087322377893 0.016377807939814623 -0.0068722160611890811 0.002532925778352861 0.020406008619371661 -0.0095899531940227319 -0.017404043342920093 -0.001473002626855475 -0.017274825744294592 0.023234957007442818 0.02502520161884552 -0.021509239213292744
leaf_weight=3.2831043899059322 18.889493003487587 132.70254766941071 31.205372840166092 29.296753063797951 152.9643243253231 63.31749153137207 78.134684696793556 131.27474775910378 257.30904065072536 6.2567061781883231 36.88202753663063 6.8438644856214514 17.976568520069122 157.11413115262985 4.6012622714042655 3.8054778426885596 87.025809869170189 6.528038144111636 25.42255736887455 5.8881709426641455 4.4233222305774671 3.5989387631416321 27.643795236945152 2.9678674042224875 2.997780203819274 9.6135953664779645 25.93643507361412 46.263731017708778
leaf_count=10 58 384 120 84 499 198 234 395 771 21 117 22 51 525 12 15 270 25 95 22 13 11 98 13 10 29 78 205
internal_value=-0.000296617 0.00490712 -0.00504368 0.00376847 -0.00335639 0.000592299 0.00763116 0.00535867 0.00728528 -0.00614414 0.00430033 -0.00632072 0 -0.00763076 -0.000111815 -0.0132234 -0.00390081 -0.00801665 -0.00166535 -0.013153 0.0184318 0.00612006 -0.0151118 -0.0196954 0.0204802 0.0126276 0.0232971 -0.0205723
internal_weight=1380.17 657.502 722.666 607.649 600.585 247.367 97.0242 525.888 390.012 353.217 43.1387 81.761 47.2733 310.078 135.876 122.081 150.343 69.0441 31.9506 37.0935 49.8532 8.02226 34.4877 53.0371 41.8309 12.6114 29.2195 50.0692
internal_count=4385 1968 2417 1817 1922 760 292 1562 1155 1162 138 255 135 1024 407 495 468 262 120 142 151 24 120 233 127 39 88 220
is_linear=0
shrinkage=0.03


Tree=98
num_leaves=27
num_cat=0
split_feature=9 10 17 33 6 27 0 34 2 27 33 29 25 29 27 0 29 34 25 10 33 25 0 2 29 27
split_gain=8.22128 6.79365 5.54335 5.1931 5.39563 5.14249 4.96378 4.95502 4.89046 6.28303 4.74533 4.65971 4.01659 3.91602 5.34174 3.48301 3.24974 3.10363 2.90412 2.8635 4.01167 3.13921 2.56204 2.18129 1.97474 1.88113
threshold=0.34812349081039434 -8.2832212448120099 0.81174498796463024 1.0120487213134768 0.047767000272870071 0.026972455903887752 -1.4898205399513242 0.67720749974250805 3548.035278320313 0.020867367275059227 0.10884156078100206 0.60249999165534984 0.00058377970708534132 0.15650000423192981 0.026049758307635788 -1.6819939613342283 0.36450000107288366 0.70476427674293529 0.0061466584447771319 -5.8343186378478995 0.53535684943199169 0.0010292651131749155 4.6206336021423349 3593.852416992188 0.28249999880790716 0.020655313506722454
decision_type=2 2 2 2 2 2 2 2 2 2 2 2 2 2 2 2 2 2 2 2 2 2 2 2 2 2
left_child=1 5 3 7 25 6 15 10 19 16 -2 -9 -8 -4 18 -1 -10 -7 -15 21 -21 -3 -16 -11 -6 -5
right_child=2 8 13 4 24 17 12 11 9 23 -12 -13 -14 14 22 -17 -18 -19 -20 20 -22 -23 -24 -25 -26 -27
leaf_value=0 -0.0086820239973176179 -0.022568429615095968 -0.0084950513227729438 0.026478452378867472 -0.004702510713237274 0.040158380406796902 -0.015197268605274384 -0.00097328301389107126 -0.008943753842739894 0.0072127778586901035 0.0067433953945320842 0.0067821516210151925 0.0038418009040022782 0.021162895188919693 -0.021026325644533137 -0.022376938372739328 0.011538247845518579 0.0011573929750715844 -0.0032681224840100296 -0.0028616630856061012 -0.011697700474888811 -0.0050900254328192411 0.0059766695846536809 0.041506816852241182 -0.020448523857469737 -0.0011448706413119557
leaf_weight=11.222457468509674 18.435844719409943 18.035395070910454 7.3119065463542929 3.9822897315025321 15.098533064126967 4.5227494835853559 9.9211221635341627 373.63192437589169 17.888503938913349 4.026144474744795 246.84133860468864 84.990664228796959 177.78269039094448 39.665806323289871 4.1989962756633732 12.327211648225784 10.612692981958388 3.7267615795135498 4.0759510397911063 243.97877855598927 58.359216123819351 22.659725919365883 8.5684029459953308 4.4618925750255585 18.275384485721588 3.1684171855449677
leaf_count=37 55 54 19 14 47 16 26 1139 53 12 767 262 545 128 9 35 34 11 11 759 179 69 27 16 52 9
internal_value=0.000549941 -0.00211664 0.00249111 0.00176409 -0.00857526 0.00205424 0.00107361 0.00236084 -0.00454894 0.00563781 0.0056232 0.000450151 0.00274997 0.0109778 0.0137077 -0.011693 -0.000939315 0.0246411 0.0186717 -0.00568019 -0.00461347 -0.0132345 -0.00268355 0.0275476 -0.0137652 0.0137875
internal_weight=1427.77 599.525 828.245 764.424 40.5246 219.503 211.253 723.9 380.022 36.9892 265.277 458.623 187.704 63.8211 56.5092 23.5497 28.5012 8.24951 43.7418 343.033 302.338 40.6951 12.7674 8.48804 33.3739 7.15071
internal_count=4385 1846 2539 2345 122 670 643 2223 1176 115 822 1401 571 194 175 72 87 27 139 1061 938 123 36 28 99 23
is_linear=0
shrinkage=0.03


Tree=99
num_leaves=26
num_cat=0
split_feature=1 20 25 27 27 6 3 27 27 15 27 23 20 29 27 25 6 27 1 27 34 34 34 20 1
split_gain=34.728 9.38683 10.7695 7.99553 16.9336 12.1826 7.51613 13.244 9.57708 10.3555 10.2919 6.94356 6.67873 7.4485 7.04093 4.61562 4.09067 7.25337 6.81519 2.35645 1.86755 2.69624 1.81119 1.47215 1.42768
threshold=-0.26879200339317316 1.1816384792327883 0.000934370851609856 0.020900700241327289 0.021857148967683319 0.068330496549606337 45.40954780578614 0.020216431468725208 0.019799064844846729 -1.0000000180025095e-35 0.025277750566601757 -1.2846549749374387 -3.1728779077529903 1.7074999809265139 0.027514189481735233 0.00053346456843428325 0.055904000997543342 0.019866458140313629 -0.49166901409626002 0.02775436453521252 0.66454279422760021 0.62295645475387584 0.74207592010498058 1.6765595078468325 -0.48342001438140864
decision_type=2 2 2 2 2 2 2 2 2 2 2 2 2 2 2 2 2 2 2 2 2 2 2 2 2
left_child=12 6 20 5 -5 -4 7 15 9 -8 -10 -9 14 16 22 -2 18 -18 -14 -16 21 -3 24 -22 -1
right_child=1 2 3 4 -6 -7 8 11 10 -11 -12 -13 13 -15 19 -17 17 -19 -20 -21 23 -23 -24 -25 -26
leaf_value=-0.02091784008986744 0.0061003236944543425 0.020786903777498821 0.0020452240371309225 0.032981386521053868 0.005055846542606093 -0.025181234089016336 0.0015571240841678602 -0.002163235876781253 0.011659325951872291 -0.023626715160111098 -0.0025367489875432318 0.014944992036119703 -0.020607385282888396 0.033096420128749825 0.022419655668670303 -0.02314519469489347 0.0076047927620437761 -0.0065373709987840188 -0.0051895956294419508 -0.0044350488783083033 0.027351999020791416 -0.006281298857853934 0.0021463396991717831 0.010041830688248213 -0.0050335778457733021
leaf_weight=64.914958745241165 4.8919603973627082 6.3096548914909345 114.58204920589924 21.50189620256424 194.00654561817646 16.42902797460556 48.752615347504616 230.84708324074745 139.76703099906445 20.162852481007576 66.749828770756721 22.979748129844666 41.038518145680428 3.8251156061887732 4.545552730560301 34.284090176224709 40.416472673416138 154.04717107117176 75.466986671090126 5.7685452699661255 25.881398111581802 5.391264796257019 2.7985530346631995 8.5140617489814741 7.5991826504468909
leaf_count=362 16 13 311 45 501 52 148 716 362 72 187 61 213 10 11 135 148 575 270 19 52 14 11 20 39
internal_value=-0.000388867 0.00269704 0.0062622 0.00440068 0.00795362 -0.00138335 0.000215446 -0.00310983 0.0037847 -0.00579846 0.00703239 -0.00055265 -0.00781194 -0.00572882 -0.015288 -0.0192356 -0.00628765 -0.00354 -0.0107622 0.00705729 0.0198652 0.00783112 -0.0184933 0.0235303 -0.0194224
internal_weight=1361.47 961.051 392.616 346.52 215.508 131.011 568.435 293.003 275.432 68.9155 206.517 253.827 400.421 314.794 85.6268 39.1761 310.969 194.464 116.506 10.3141 46.0964 11.7009 75.3127 34.3955 72.5141
internal_count=4363 2705 1008 909 546 363 1697 928 769 220 549 777 1658 1216 442 151 1206 723 483 30 99 27 412 72 401
is_linear=0
shrinkage=0.03


Tree=100
num_leaves=28
num_cat=0
split_feature=1 1 23 27 23 27 3 7 27 27 26 26 1 25 27 1 29 29 7 2 25 29 28 28 27 25 1
split_gain=36.7251 14.773 6.50881 8.26872 6.02698 5.59655 12.4365 9.32489 10.0242 6.70153 5.58715 5.39697 5.08821 6.03451 4.10803 4.16326 3.90186 3.60723 3.50051 3.2232 2.81976 3.63518 1.69757 2.3041 1.34548 1.10203 0.274948
threshold=0.45293550193309789 -0.45222748816013331 2.8623635768890385 0.020377944223582748 -0.21916400268673894 0.020528296940028671 45.40954780578614 46.490381240844734 0.025875748135149482 0.0198379484936595 1.0010802745819094 1.0022760629653933 0.64156350493431102 0.0020183721790090208 0.025772347114980224 -0.46698449552059168 1.2839999794960024 0.82850000262260448 25.388464927673343 2476.3061523437505 0.0013162500690668824 0.20850000530481341 0.63315945863723766 0.73887479305267345 0.026419404894113544 0.00095749943284317862 0.76505199074745189
decision_type=2 2 2 2 2 2 2 2 2 2 2 2 2 2 2 2 2 2 2 2 2 2 2 2 2 2 2
left_child=1 2 3 19 -5 6 10 8 -7 -8 -3 -9 13 20 15 -4 17 -15 22 -1 21 -2 25 -24 -22 -14 -20
right_child=12 5 14 4 -6 7 9 11 -10 -11 -12 -13 18 16 -16 -17 -18 -19 26 -21 24 -23 23 -25 -26 -27 -28
leaf_value=0.0041803263447850068 -0.01166041707341031 0.013140399946436598 0.00036973362737987024 0.0071372808555618863 -0.024363711428124907 -0.0043913104615356472 0.0053610090702373124 0.0047527456588209189 -0.027325803887811664 -0.0066109243554907139 -0.0045083914008556799 -0.017601127754190822 -0.01696680251226669 0.00052853082555718277 -0.02689866352154964 0.02006624998463238 -0.022785583910425459 0.02340797636149685 -0.021587904964246535 0.021560290900922582 -0.020962041240211254 0.0095849597052922939 0.014931653548718378 -0.011896361819764677 -0.0052109285386973247 -0.0070951936784401605 -0.012194891411299681
leaf_weight=13.551325052976607 22.425051286816597 99.868802383542061 114.19198456406593 217.83906009793282 5.0069244503974906 238.89922322332859 65.728410139679909 143.28614695370197 18.258237391710281 113.00354516506195 18.135515764355659 9.8033863008022291 22.656957074999809 41.203974634408951 4.0245538353919974 10.168537527322767 4.7887514382600775 7.0047907382249823 49.516584441065788 55.616142362356186 27.790864408016205 9.7362789213657361 5.2034481763839704 5.2111928761005402 8.3805223107337934 29.141041845083237 10.716202870011328
leaf_count=42 65 308 334 644 12 785 203 452 54 327 56 35 81 142 11 30 15 25 225 168 93 33 19 19 27 115 43
internal_value=1.93007e-05 0.00230991 0.00676072 0.00923649 0.00633626 -0.000326898 0.00279427 -0.00260704 -0.00610446 -0.00215538 0.0103445 0.00321003 -0.0105202 -0.00600265 0.00104573 0.00212624 0.00144318 0.00424387 -0.0148808 0.0183388 -0.0118768 -0.00490492 -0.00948754 0.000753071 -0.0176789 -0.0117062 -0.0201791
internal_weight=1371.16 1127.38 420.399 292.013 222.846 706.983 296.736 410.247 257.157 178.732 118.004 153.09 243.776 121.33 128.385 124.361 52.9975 48.2088 122.445 69.1675 68.3327 32.1613 62.2126 10.4146 36.1714 51.798 60.2328
internal_count=4363 3461 1241 866 656 2220 894 1326 839 530 364 487 902 400 375 364 182 167 502 210 218 98 234 38 120 196 268
is_linear=0
shrinkage=0.03


Tree=101
num_leaves=25
num_cat=0
split_feature=29 28 9 1 25 25 25 2 1 9 25 10 1 2 10 10 0 25 3 26 34 34 25 34
split_gain=7.97806 5.91396 5.19644 4.81469 4.13455 3.87994 5.74686 8.51117 4.01756 5.01608 3.70199 7.00591 3.83128 3.46472 2.8951 5.027 2.81727 1.74251 2.94173 1.494 0.740907 0.571428 0.49289 0.270872
threshold=0.32549999654293066 -0.91283753514289845 0.44116349518299108 -0.77992299199104298 0.0019780686125159268 0.0020746804075315599 0.0023986618034541611 2987.780883789063 -0.51519802212715138 0.34202501177787786 0.0022767916088923816 2.2455394268035893 0.64156350493431102 2976.2802734375005 -14.707084655761717 -1.7180104851722715 0.5263429880142213 0.0039762675296515235 35.623548507690437 1.0006062388420107 0.66902658343315136 0.69033643603324901 0.0018659143825061621 0.60755327343940746
decision_type=2 2 2 2 2 2 2 2 2 2 2 2 2 2 2 2 2 2 2 2 2 2 2 2
left_child=1 4 10 17 16 8 13 -8 19 -10 12 -12 -3 -7 22 -16 -1 18 21 -5 23 -2 -4 -19
right_child=3 2 14 5 -6 6 7 -9 9 -11 11 -13 -14 -15 15 -17 -18 20 -20 -21 -22 -23 -24 -25
leaf_value=0.037449105399311608 0.020579899809620845 -0.0040718047946966349 0.032095231429943735 0.031377184061592726 -0.010027010858267443 0.005561666958361639 -0.0036976762247324705 0.0063169446810343068 0.017593281653454432 0.0013269395444701279 0.010153685858309667 -0.013853916274201777 0.0026098035961986368 -0.010909863994369573 -0.010432937441782796 0.0079577255316699291 0.0014437726387774485 -0.010998406167364265 -0.017671807937197314 0.0043955572635602062 -0.02306799358153977 0.00060637514393152721 0.0091758746817537946 0
leaf_weight=6.8696829080581647 2.9440247267484683 608.02572627365589 3.6105864048004142 9.0913644134998304 2.9493321180343619 14.69975286722183 100.83004994690418 299.87544877827168 25.078662410378456 55.745958521962166 46.150936141610146 13.58071184158325 86.412958756089211 41.229449838399887 16.933893844485283 54.037706404924393 3.4527151882648468 2.550131753087042 4.9553002119064331 3.5445123314857474 7.8914963454008102 3.7426006942987442 3.5934200584888458 2.3829905688762665
leaf_count=25 11 1889 13 32 8 46 294 907 80 166 147 38 252 115 52 172 10 10 18 12 30 14 12 10
internal_value=0.000347828 -0.0014982 -0.00182959 0.00307934 0.0179432 0.00367315 0.00250045 0.00377305 0.00926321 0.00656194 -0.00260162 0.00447615 -0.00322614 -0.00641027 0.00547311 0.00340148 0.0268605 -0.00971733 -0.000408068 0.0249491 -0.0171602 0.0114727 0.0231686 -0.0047999
internal_weight=1420.18 845.618 832.346 574.562 13.2717 550.095 456.635 400.705 93.4605 80.8246 754.17 59.7316 694.439 55.9292 78.1756 70.9716 10.3224 24.4665 11.6419 12.6359 12.8246 6.68663 7.20401 4.93312
internal_count=4363 2618 2575 1745 43 1652 1362 1201 290 246 2326 185 2141 161 249 224 35 93 43 44 50 25 25 20
is_linear=0
shrinkage=0.03


Tree=102
num_leaves=22
num_cat=0
split_feature=1 0 16 3 0 0 25 0 25 29 28 29 8 29 18 1 7 28 33 25 33
split_gain=39.9448 10.6846 7.3256 6.47555 5.51066 15.5165 8.65643 5.05987 4.97679 6.70131 6.10816 4.92022 4.54623 4.54006 3.72598 2.59013 2.28502 1.96805 0.943599 0.897264 0.767896
threshold=-0.15377149730920789 -3.1728779077529903 0.87837952375411998 32.353176116943366 0.30329549312591558 0.10615099966526033 0.00058377970708534132 -2.5905750989913936 0.00053346456843428325 0.21249999850988391 0.35320518910884863 0.42249999940395361 -7.1709880828857413 0.59049999713897716 0.25403249263763433 0.328626498579979 57.676219940185554 0.0093450369313359278 0.018976898863911632 0.0041792460251599559 1.5992910265922549
decision_type=2 2 2 2 2 2 2 2 2 2 2 2 2 2 2 2 2 2 2 2 2
left_child=1 16 8 -2 5 14 15 -4 10 -10 -3 -9 -8 -7 -5 -6 18 -18 19 -1 -20
right_child=3 2 7 4 6 13 12 11 9 -11 -12 -13 -14 -15 -16 -17 17 -19 20 -21 -22
leaf_value=0.006601137214026164 -0.020277331105315165 0.012103591536922084 -0.020528726455524431 0.0088749892368946617 0.035128360229464632 -0.019499908373298864 0.01344139289250757 0.01311267698544745 -0.013770702082396787 -0.0043132015570447992 -0.022044605231279792 -0.0079351223432460021 0.0040185199252462458 0.011709063295883559 0.00059861287023715338 0.014599457178203901 -0.016645986781568568 0.0061729625124794362 -0.020450938817659539 -0.016485499592254742 0
leaf_weight=2.4827689528465262 9.0575678795576078 23.745101734995846 5.5881902873516074 83.427065074443817 7.7138039469718924 36.903375029563904 51.567236483097076 40.973428800702095 101.56621573865414 214.57616935670376 5.2424625009298316 12.229693561792372 505.80872949957848 4.0174056440591803 123.86623860895634 36.714413791894913 5.5017253309488279 6.7395082116127014 61.052756577730179 2.1564575582742691 1.9471202343702305
leaf_count=11 37 83 31 226 14 151 122 113 417 800 23 41 1323 12 399 82 19 18 352 11 9
internal_value=0.000242853 -0.0066407 -0.00461522 0.00413151 0.00441395 0.000610465 0.00596595 0.00505695 -0.00629381 -0.00739696 0.00535353 0.00807804 0.0049177 -0.0161143 0.00398617 0.0187154 -0.0166783 -0.00362723 -0.0188642 -0.00293884 -0.0198628
internal_weight=1342.88 483.802 403.921 859.076 850.018 248.214 601.804 58.7913 345.13 316.142 28.9876 53.2031 557.376 40.9208 207.293 44.4282 79.8803 12.2412 67.6391 4.63923 62.9999
internal_count=4294 1928 1508 2366 2329 788 1541 185 1323 1217 106 154 1445 163 625 96 420 37 383 22 361
is_linear=0
shrinkage=0.03


Tree=103
num_leaves=26
num_cat=0
split_feature=0 1 0 27 18 27 21 26 34 9 4 27 18 25 2 15 26 25 27 34 27 29 27 34 33
split_gain=31.2557 10.6078 10.0324 8.0865 7.93808 6.27529 6.82423 5.1738 4.78214 4.47382 4.42473 3.52015 5.27677 3.02973 2.87217 2.76207 3.99994 2.94658 2.67837 3.36901 1.89026 1.63018 3.37736 1.46704 1.20615
threshold=0.026813500560820106 0.64156350493431102 -2.5905750989913936 0.026781643740832809 0.033986000344157226 0.020333440974354747 0.17970000207424167 0.99999788403511058 0.73293042182922374 0.34642449021339422 -5836.7419433593741 0.027514189481735233 1.0000000180025095e-35 0.0019065928645431998 3775.824340820313 -1.0000000180025095e-35 1.0013273954391482 0.0026513996999710803 0.020567856729030613 0.67224836349487316 0.026931623928248886 0.2465000003576279 0.019825693219900135 0.6979392170906068 0.1186395399272442
decision_type=2 2 2 2 2 2 2 2 2 2 2 2 2 2 2 2 2 2 2 2 2 2 2 2 2
left_child=2 8 5 4 13 21 23 -8 11 18 -6 12 -2 -4 20 17 -17 -10 19 -3 -5 -1 -23 -7 -20
right_child=1 9 3 14 10 6 7 -9 15 -11 -12 -13 -14 -15 -16 16 -18 -19 24 -21 -22 22 -24 -25 -26
leaf_value=0.027671398939227203 0.011118841839741527 0.0055066798688133281 -0.022197669120678491 0.0025820348238037656 0.029775646726587921 -0.000637833969756872 0.014824880275049397 0.0018257729340294677 -0.011707261954360209 -0.022385231126491194 0.002967962489658308 -0.02267349289094053 -0.0051528681073585063 0 -0.023008334310295513 0.018832153318882508 -0.014282465359432079 0.021302840448886654 -0.0035475310828051499 -0.011545021421270257 -0.0098812616769554124 0 0.023941541739591923 -0.025918241087278644 -0.017840644906611851
leaf_weight=18.002187728881836 18.083585277199745 17.867269888520241 14.927201837301256 15.118197709321974 5.1876052916049948 4.2749852538108808 57.979312300682068 55.771502256393433 10.118513137102125 39.845298498868942 555.48103304207325 9.474545091390608 361.75994980335236 9.6503601372241956 10.979193672537802 18.3336795270443 3.2761026918888083 2.5577056258916846 8.6810123026370984 22.506682455539703 30.628130316734314 8.8301094174385089 10.898828238248823 5.7233712077140808 32.258222565054893
leaf_count=55 56 65 47 43 16 12 173 168 34 188 1645 29 1193 32 43 57 9 10 35 87 98 29 33 12 125
internal_value=-0.000605456 -0.00615528 0.00314777 0.00144671 0.00250935 0.00982951 0.00640924 0.00856613 -0.00387791 -0.013995 0.00325835 -0.00483869 -0.00434094 -0.0139423 -0.00928564 0.00668576 0.0131954 -0.00380807 -0.00966186 -0.00380364 -0.00558441 0.0205812 0.0131427 -0.0165116 -0.0151064
internal_weight=1348.21 544.763 803.452 641.972 585.246 161.48 123.749 113.751 423.604 121.158 560.669 389.318 379.844 24.5776 56.7255 34.286 21.6098 12.6762 81.3132 40.374 45.7463 37.7311 19.7289 9.99836 40.9392
internal_count=4294 1888 2406 1924 1740 482 365 341 1388 500 1661 1278 1249 79 184 110 66 44 312 152 141 117 62 24 160
is_linear=0
shrinkage=0.03


Tree=104
num_leaves=23
num_cat=0
split_feature=25 7 6 28 10 9 25 33 16 23 23 28 33 10 27 28 28 34 26 27 33 9
split_gain=7.8639 13.1488 6.90379 6.3731 5.30693 5.04816 5.3041 4.25874 3.8339 6.12897 4.56253 3.76993 5.96826 3.89487 3.35745 5.82736 3.29738 6.45424 3.71651 1.5683 1.51525 1.37741
threshold=0.001182804524432868 15.23994827270508 0.042949000373482711 -0.8850196599960326 -12.018223285675047 0.48862600326538091 0.0017639719881117346 0.4796969741582871 1.0000000180025095e-35 -7.2664740085601798 -4.0547350645065299 0.59006589651107799 0.65912881493568432 -13.689263820648192 0.020484949462115768 0.11239024996757509 -0.38383504748344416 0.65685316920280468 1.0003871321678164 0.019750763662159446 0.16357098519802096 0.32762148976325994
decision_type=2 2 2 2 2 2 2 2 2 2 2 2 2 2 2 2 2 2 2 2 2 2
left_child=1 -1 4 21 14 11 20 -8 9 -5 -10 13 -13 -4 19 -16 17 -6 -18 -2 -7 -3
right_child=2 3 5 8 16 6 7 -9 10 -11 -12 12 -14 -15 15 -17 18 -19 -20 -21 -22 -23
leaf_value=0.036891802664205976 0.0005310426633802829 0.003000233115347019 0.0066624139899832922 -0.014208294983718766 0.00026089714541183644 0.0050254221777434101 0.0089356877846359806 -0.0074401784623877075 0 -0.00091666785068067794 -0.01403312815951914 -0.0065492442958099877 0.010906349111514847 0.00017260037124450583 -0.0077285095347419805 0.026432388394024862 0 0.036513876865137594 0.015888577340788836 -0.019690215566870218 0.034668360841148237 0.033164369331265958
leaf_weight=6.6267772912979117 4.1170617938041714 3.0879327058792105 96.964656725525856 36.092982888221741 7.413152843713763 3.1166357696056348 55.587455749511719 18.18096661567688 29.914740577340126 227.25916235148907 68.841434359550476 128.98561874032021 19.615165427327156 592.69931717216969 9.4519414305686968 7.4032014906406394 22.906338527798653 12.715439125895498 30.125664189457893 8.8197986185550672 7.4830920696258545 4.1912043392658234
leaf_count=23 12 10 310 115 23 10 169 51 93 703 207 373 64 1807 26 25 66 45 97 24 26 15
internal_value=0.000343303 -0.00335708 0.00170973 -0.00415237 0.00906813 0.000874427 0.00784895 0.00475559 -0.00474411 -0.0027959 -0.00980847 0.000157477 -0.00415591 0.00110225 -0.0013228 0.00708648 0.0134019 0.0239285 0.00905216 -0.0128049 0.0273823 0.0225405
internal_weight=1401.6 376.014 1025.59 369.387 102.953 922.633 84.3682 73.7684 362.108 263.352 98.7562 838.265 148.601 689.664 29.792 16.8551 73.1606 20.1286 53.032 12.9369 10.5997 7.27914
internal_count=4294 1166 3128 1143 318 2810 256 220 1118 818 300 2554 437 2117 87 51 231 68 163 36 36 25
is_linear=0
shrinkage=0.03


Tree=105
num_leaves=26
num_cat=0
split_feature=1 27 22 27 27 3 27 2 6 0 18 29 16 29 23 26 29 22 2 7 34 26 25 29 1
split_gain=31.9222 11.1967 10.8303 12.3412 10.4425 11.2577 8.21731 7.9141 8.38186 6.3819 5.59621 6.73145 5.94734 3.94366 7.98299 3.53792 5.44554 4.53846 3.47798 3.14341 2.12196 1.94427 1.6762 1.61335 1.38098
threshold=-0.28113849461078638 0.026672904379665855 4.0816555023193368 0.018883452750742439 0.020166013389825824 45.40954780578614 0.019855170510709289 2446.126586914063 0.04243499971926213 -3.1728779077529903 0.50806450843811046 0.26449999213218695 0.87837952375411998 0.42849999666213995 8.7317099571228045 1.0019001960754397 0.38150000572204595 -2.4313384294509883 2573.2421875000005 52.273168563842781 0.74207592010498058 0.99903252720832836 0.00048595687258057302 0.57949998974800121 -0.48342001438140864
decision_type=2 2 2 2 2 2 2 2 2 2 2 2 2 2 2 2 2 2 2 2 2 2 2 2 2
left_child=1 9 4 21 5 22 -7 -6 -9 20 12 -12 -11 18 -15 16 17 -3 -5 -18 24 -4 -2 -17 -1
right_child=2 15 3 13 7 6 -8 8 -10 10 11 -13 -14 14 -16 23 19 -19 -20 -21 -22 -23 -24 -25 -26
leaf_value=-0.02084415440770869 0 0.01222169406734664 0.0010301809015558481 0.0014922904262102247 0.03200382834257879 -0.0091691239306978343 0.0052504541601568876 0.01436467999841669 0.0017306619089581027 -0.006860215169840693 -0.024113665346028535 -0.0069137803989787854 0.0079693011505773542 -0.014900211788449526 0.013343112191044604 0.0026001006129641132 -0.0012133087662736918 -0.0097861486539951893 0.018064192517934598 -0.025320852292660914 0.0059601184645593202 -0.024700962526206786 -0.023484906994196322 0.027720316925574105 -0.0051750433378883647
leaf_weight=57.664297796785831 3.3339186608791378 31.192497774958611 2.6816637963056555 14.598073646426199 8.0301903188228589 65.64210444688797 75.901235103607178 51.360589981079102 578.60161025822163 121.14771568775177 33.637391075491905 58.231700211763382 29.483492910861969 12.508114516735075 27.883161678910255 4.946931526064871 12.034057825803758 10.629433810710905 87.019122451543808 8.852722764015196 2.3852297514677039 9.2411989867687208 28.283409744501114 6.339918926358223 7.7134533226490012
leaf_count=343 12 81 9 42 18 204 220 125 1647 489 167 256 88 37 65 14 41 39 196 34 9 41 114 15 40
internal_value=-9.46132e-05 -0.00740815 0.00281036 0.0101019 0.00141019 -0.00509385 -0.00138214 0.00319219 0.00278556 -0.00991273 -0.00754657 -0.0134053 -0.00388128 0.0126125 0.00430155 0.0029688 0 0.00636601 0.0157906 -0.012205 -0.0181313 -0.0183806 -0.0211499 0.0180512 -0.0191854
internal_weight=1349.34 384.259 965.084 153.931 811.153 173.161 141.543 637.992 629.962 310.263 242.5 91.8691 150.631 142.008 40.3913 73.9956 62.7087 41.8219 101.617 20.8868 67.763 11.9229 31.6173 11.2869 65.3778
internal_count=4346 1616 2730 390 2340 550 424 1790 1772 1392 1000 423 577 340 102 224 195 120 238 75 392 50 126 29 383
is_linear=0
shrinkage=0.03


Tree=106
num_leaves=29
num_cat=0
split_feature=1 1 23 27 16 25 29 34 9 27 6 27 0 27 23 6 23 22 29 25 27 9 27 29 25 34 27 25
split_gain=30.8718 18.3448 5.73741 7.55136 7.63704 6.41909 6.21988 7.4942 4.34144 3.87229 5.07595 6.84466 4.8663 3.69616 11.2101 7.55578 4.42072 4.15798 2.94054 2.73627 2.42615 1.96052 1.94092 1.83663 1.08318 1.00418 0.87423 0.853953
threshold=-0.45222748816013331 0.64156350493431102 2.8623635768890385 0.026554035022854808 0.60785751044750225 0.003492845688015223 0.37049999833107 0.72097364068031322 0.41536098718643194 0.019724946469068531 0.061381999403238303 0.019866458140313629 -1.5613420009613035 0.020193516276776794 -2.992816567420959 0.040160000324249275 5.0384466648101816 -4.4041938781738272 0.082499999552965178 0.0003363619616720826 0.0203108498826623 0.33198650181293493 0.019380469806492332 0.22350000590085986 0.0061466584447771319 0.7027987837791444 0.020062898285686973 0.0033910003257915382
decision_type=2 2 2 2 2 2 2 2 2 2 2 2 2 2 2 2 2 2 2 2 2 2 2 2 2 2 2 2
left_child=2 13 3 6 5 -5 8 -8 -1 12 25 -12 23 14 26 20 -16 -17 -3 -14 -15 22 -20 -4 -23 -11 -2 -6
right_child=1 18 9 4 27 -7 7 -9 -10 10 11 -13 19 15 16 17 -18 -19 21 -21 -22 24 -24 -25 -26 -27 -28 -29
leaf_value=0.018212855082831495 0.042104753396214292 0.0087525585118790328 0.032689356238541876 -0.0014703036822114309 -0.027092290518252564 0.023124193610690874 0.0083091474552587936 -0.015292291808591058 0.0063144620130641338 -0.022862251645971141 -0.019599699173683267 0.0078748587923227684 0.019041282934797947 -0.0012300981912051674 0.0019525971673295659 -0.0072753918407145466 -0.0088209122117312352 -0.0010960004673453492 0.0052568516897932935 -0.0012097279058041217 -0.020349801186366697 -0.020304939583333976 -0.012617255014109898 0.0070886086443973841 -0.0022924977450703688 -0.0043473804783650165 0.017829736600412087 -0.0062728896332066427
leaf_weight=99.578610688447952 4.5436919033527357 3.8403121531009665 6.7233006954193097 38.018721669912338 8.3570927828550321 11.993904173374174 70.858949601650238 13.905742347240446 42.805322766304016 12.431619107723238 10.421238988637922 31.502566635608673 6.3499522209167472 8.8375730812549573 153.8316458761692 126.60654389858246 43.461121693253517 452.16565665602684 5.1823949217796317 44.596027880907059 29.339372873306274 61.551307991147041 44.614350333809853 6.0918727517127991 4.4993303865194312 5.3164818584918967 6.5065957903862 4.2903242111206046
leaf_count=295 13 14 19 104 31 35 211 41 130 40 27 93 18 25 484 401 136 1445 21 134 96 279 165 19 22 16 17 15
internal_value=-0.000789462 -0.0037859 0.00603718 0.00834309 -0.00073988 0.00442023 0.0108843 0.00426478 0.0147334 0.000538682 -0.00485226 0.000682699 0.00572243 -0.00217697 0.00124428 -0.00334697 -0.000391469 -0.00246839 -0.01475 0.00129996 -0.0162296 -0.0156407 -0.0105444 0.0219188 -0.0192396 -0.0180804 0.029981 -0.0212215
internal_weight=1358.22 944.98 413.242 289.809 62.66 50.0126 227.149 84.7647 142.384 123.433 59.6719 41.9238 63.7612 825.292 208.343 616.949 197.293 578.772 119.688 50.946 38.1769 115.847 49.7967 12.8152 66.0506 17.7481 11.0503 12.6474
internal_count=4346 3118 1228 862 185 139 677 252 425 366 176 120 190 2617 650 1967 620 1846 501 152 121 487 186 38 301 56 30 46
is_linear=0
shrinkage=0.03


Tree=107
num_leaves=28
num_cat=0
split_feature=29 33 2 6 2 27 33 0 2 34 4 6 21 29 27 27 23 25 10 34 29 25 3 33 27 34 26
split_gain=5.54105 6.39067 5.51566 6.57689 4.88917 4.45919 4.27751 4.19853 4.90139 4.17547 4.10525 5.59928 4.57211 4.00763 3.87145 3.60821 2.64547 3.83731 3.41213 3.4968 2.26057 2.05391 1.32742 1.16058 0.65765 0.187371 0.847706
threshold=0.32549999654293066 0.045307796448469169 2604.827758789063 0.047767000272870071 2547.336059570313 0.027442594990134243 0.46904051303863531 -1.5613420009613035 2416.4538574218755 0.71803271770477306 -5667.8798828124991 0.07240650057792665 0.38279999792575842 0.35150000452995306 0.019785815849900249 0.020962457172572616 -4.7838590145111075 0.0056229250039905318 -9.8995137214660627 0.72062584757804882 1.3184999823570254 0.0051415166817605504 32.353176116943366 0.45976626873016363 0.024588667787611488 0.6869679093360902 0.99959594011306774
decision_type=2 2 2 2 2 2 2 2 2 2 2 2 2 2 2 2 2 2 2 2 2 2 2 2 2 2 2
left_child=4 16 13 5 7 -4 -5 23 14 -10 25 12 -12 -3 -9 -13 17 22 24 -20 -19 -15 -2 -1 -18 26 -6
right_child=1 2 3 6 10 -7 -8 8 9 -11 11 15 -14 21 -16 -17 18 20 19 -21 -22 -23 -24 -25 -26 -27 -28
leaf_value=-0.019090330939368478 -0.002506173612289748 0.022661194829212153 0.015230563690734535 0.0056306374035122895 -0.018217692785509325 -0.01329884358125818 -0.0019335037909969286 0.0047905661475347453 0.013178758919700741 -0.0038877378099638174 -0.0014279688756380525 0.020420016044532478 -0.0085193260540157439 -0.0092705317851774199 -0.010729439951260994 0.0023987977698309033 0.026890320531931099 0.024470252171120418 -0.0079985922614602047 0.012703159791178541 -0.0049453183108375065 0.0097428334333476661 -0.019404058843316502 0.0016073600420799191 0.0032422119682112877 -0.02099274956114602 0
leaf_weight=7.9663553386926633 6.9594517499208477 3.8367806524038306 74.570460543036461 273.13382317125797 4.052303925156596 4.5647445172071448 86.857487574219704 37.524538114666939 69.853941380977631 14.629911452531813 424.0499467253685 10.6181783080101 102.54224246740341 44.173472449183464 22.656180188059807 128.59209164977074 3.9644731283187857 3.3006354570388776 31.393476128578186 8.8330739587545377 4.9300821870565414 4.9126173853874198 21.512155577540398 2.2566634267568588 2.8687832951545715 8.5655520260333997 3.8451511561870575
leaf_count=37 21 13 239 835 10 12 260 124 218 44 1295 35 319 124 64 406 13 11 90 28 16 16 58 11 9 26 12
internal_value=0.000855609 0.00312237 0.0044355 0.00554752 -0.000693709 0.0133987 0.00378047 0.00409214 0.0054632 0.010112 -0.00179557 -0.00140836 -0.0028327 -0.0045886 -0.000944184 0.00390593 -0.00446512 -0.0104475 7.21206e-05 -0.0031317 0.00654574 -0.00710709 -0.0156988 -0.0138202 0.0190875 -0.0164216 -0.00943732
internal_weight=1412.96 575.812 492.049 439.127 837.153 79.1352 359.991 154.888 144.665 84.4839 682.265 665.802 526.592 52.9229 60.1807 139.21 83.7621 36.7023 47.0598 40.2266 8.23072 49.0861 28.4716 10.223 6.83326 16.463 7.89746
internal_count=4346 1745 1499 1346 2601 251 1095 498 450 262 2103 2055 1614 153 188 441 246 106 140 118 27 140 79 48 22 48 22
is_linear=0
shrinkage=0.03


Tree=108
num_leaves=26
num_cat=0
split_feature=1 27 0 0 7 27 7 27 4 7 4 29 25 25 33 25 26 25 21 1 4 33 26 33 26
split_gain=31.2972 10.4329 9.85092 11.4591 7.94767 13.3566 11.9608 7.80678 9.15654 7.82226 7.4627 7.40989 6.7466 6.84569 4.99689 4.58826 4.41392 7.75693 3.56251 3.51165 3.00317 1.85618 1.75851 0.831713 0.272298
threshold=-0.40709899365901941 0.026651846244931224 0.30329549312591558 0.10615099966526033 58.051595687866218 0.026622274890542034 48.380487442016609 0.019908737391233448 42.293294906616218 24.139434814453129 -949.58779907226551 0.49850000441074377 0.002902676817029715 0.00095749943284317862 0.11217429861426355 0.0025693222414702181 1.0019001960754397 0.002040313789620996 0.11719999834895135 -0.50438550114631642 -5252.2158203124991 0.29076088964939123 1.0010200142860415 1.3836151361465456 0.9994737207889558
decision_type=2 2 2 2 2 2 2 2 2 2 2 2 2 2 2 2 2 2 2 2 2 2 2 2 2
left_child=1 10 3 7 5 6 -4 9 -9 -2 15 22 13 -12 -14 23 17 19 -17 -3 -19 -7 -5 -1 -6
right_child=2 16 4 11 24 21 -8 8 -10 -11 12 -13 14 -15 -16 18 -18 20 -20 -21 -22 -23 -24 -25 -26
leaf_value=-0.023730505784272386 0.0042801780013876347 -0.004790081801076926 0.0048274381530040685 -0.024667500424944512 -0.01023582657379965 0.012122012833323162 -0.013309156536925066 0.00061078632012394741 0.018986184580720065 -0.019727423995744446 -0.00031421291386366884 0.016706311242735528 -0.0093996189565750798 -0.015246664436202611 0.018899776580430173 0.015324011657164757 0.024310801762087747 0.0023845518160716074 -0.01241491600238287 0.021157044393042418 -0.020519545135937511 0.022732033332684691 0 -0.00046661800866035669 -0.026603498383572729
leaf_weight=56.408279791474342 18.75179523229599 5.9527025967836407 485.356824696064 28.386691734194759 5.2680712491273862 41.155890852212906 34.385485216975212 325.23463869094849 26.015136942267418 31.221300467848778 46.778806194663048 4.4553849995136252 8.2103590369224566 71.814608842134476 14.220163971185682 3.9188214838504782 7.4587925076484671 6.8117996901273736 41.779937624931335 14.061649665236471 14.075060993432999 33.943917572498322 3.5669396072626105 2.2506927102804175 5.3548480868339539
leaf_count=307 51 20 1261 122 17 97 103 1024 78 135 188 13 32 338 51 14 17 19 211 34 56 73 14 10 19
internal_value=-4.89036e-05 -0.00869691 0.0023808 -0.00103094 0.00486048 0.00533824 0.00359861 0.000418192 0.00202239 -0.0105874 -0.0112128 -0.0170334 -0.00657188 -0.00945822 0.00816962 -0.0173371 0.00386858 0 -0.0097013 0.0130724 -0.0127479 0.0171552 -0.0222 -0.0230015 -0.0201207
internal_weight=1336.84 293.742 1043.1 437.632 605.465 594.842 519.742 401.223 351.25 49.9731 245.382 36.409 141.024 118.593 22.4305 104.358 48.36 40.9012 45.6988 20.0144 20.8869 75.0998 31.9536 58.659 10.6229
internal_count=4304 1297 3007 1437 1570 1534 1364 1288 1102 186 1151 149 609 526 83 542 146 129 225 54 75 170 136 317 36
is_linear=0
shrinkage=0.03


Tree=109
num_leaves=26
num_cat=0
split_feature=0 1 0 26 33 27 3 21 0 27 27 33 15 26 33 7 10 0 29 34 29 29 26 34 33
split_gain=33.1343 11.8949 11.8199 9.76834 7.49229 5.3044 18.1784 15.9617 4.42132 6.38363 4.18473 4.02917 3.86135 4.08975 2.55103 4.52862 2.18579 1.61039 1.42996 1.3848 0.586752 2.0902 1.51238 1.18253 0.0072163
threshold=0.026813500560820106 0.58978450298309337 -4.5034699440002433 1.0020047426223757 0.083941992372274413 0.020556859672069553 44.623849868774421 0.28904999792575842 2.0717550516128544 0.0255920859053731 0.020522944629192356 0.58837476372718822 1.0000000180025095e-35 1.0036411285400393 0.062086986377835281 56.16339302062989 -4.4671795368194571 -0.948767989873886 0.085500001907348647 0.7093321979045869 0.37749999761581426 1.1654999852180483 0.99775442481040966 0.60981246829032909 0.1486591845750809
decision_type=2 2 2 2 2 2 2 2 2 2 2 2 2 2 2 2 2 2 2 2 2 2 2 2 2
left_child=2 4 20 5 14 6 -4 -7 10 -10 -6 19 13 18 15 -2 -16 -13 -3 -5 23 22 -22 -1 -25
right_child=1 12 3 11 8 7 -8 -9 9 -11 -12 17 -14 -15 16 -17 -18 -19 -20 -21 21 -23 -24 24 -26
leaf_value=0.0048068063092947359 0 0.0027599164724652825 0.01684322045149023 -0.019325668416618206 -0.0024626609483348245 -0.0094480668215928213 0.0013798306601156202 0.0045427776117399647 0.012645995209726183 -0.02343400624594829 -0.0096758334121535301 0.018837426090464803 -0.022941662980275709 0.01895005754617838 0.0010305708804121264 0.032210275905944927 0.030003812109648326 -0.0061101925594506754 -0.012324788530807504 -0.0063659725276112595 -0.0097733479241239856 0.024127279882345525 0.010512486954417526 0.012427106139234723 0.027012557056454927
leaf_weight=4.6527126133441952 40.899936109781265 4.7720091044902793 101.07060897350311 23.567043676972389 149.86630091071129 96.139784291386604 214.52014894783497 302.77801279723644 23.897225409746174 4.7837912887334815 148.5073000639677 4.6814068555831909 30.928677067160606 3.4248070269823065 4.5605108737945557 3.891078293323516 6.5887694507837278 3.1606397926807395 110.56125988066196 15.403735697269438 3.5703259110450807 9.351308196783064 12.565576046705244 3.9373796284198788 16.182117313146591
leaf_count=15 130 18 293 76 485 290 633 914 81 15 503 14 152 13 16 13 22 11 423 47 11 29 38 12 50
internal_value=-0.000269277 -0.00608596 0.00353882 0.00258855 -0.00324389 0.00347007 0.00637939 0.00114082 -0.0049957 0.00602127 -0.00609311 -0.0105704 -0.0132629 -0.0105811 0.00679209 0.00325545 0.0194781 0.00794016 -0.0116137 -0.0145767 0.0175888 0.0129008 0.00532409 0.0217052 0.0249652
internal_weight=1344.26 532.682 811.581 761.321 382.995 714.509 315.591 398.918 327.055 28.681 298.374 46.8128 149.687 118.758 55.9403 44.791 11.1493 7.84205 115.333 38.9708 50.2594 25.4872 16.1359 24.7722 20.1195
internal_count=4304 1871 2433 2278 1265 2130 926 1204 1084 96 988 148 606 454 181 143 38 25 441 123 155 78 49 77 62
is_linear=0
shrinkage=0.03


Tree=110
num_leaves=25
num_cat=0
split_feature=1 9 29 33 9 27 27 8 6 27 26 33 22 25 25 26 27 26 29 27 25 29 29 27
split_gain=7.66703 6.52022 5.81296 5.68536 4.64162 9.63418 4.99061 4.31605 4.20449 6.06178 5.83738 4.14126 3.92304 3.69741 3.01052 2.45186 3.17905 4.39447 1.63422 1.61762 1.30082 0.440201 0.957618 0.444689
threshold=-0.77506297826766957 0.40329450368881231 0.2754999995231629 0.10884156078100206 0.4086225032806397 0.01971840858459473 0.026598605327308181 -3.3788095712661739 0.04484550096094609 0.02051569148898125 1.000912129878998 0.46388489007949835 -5.8946185111999503 0.0068904121872037658 0.00056799760204739879 1.0001917481422427 0.020394305698573593 1.0021987557411196 0.2424999997019768 0.01992830075323582 0.0020046916324645285 0.96549999713897716 1.3184999823570254 0.027326895855367187
decision_type=2 2 2 2 2 2 2 2 2 2 2 2 2 2 2 2 2 2 2 2 2 2 2 2
left_child=15 2 8 12 5 18 11 -5 9 -2 -10 -6 -4 -8 -7 19 -17 20 -3 -1 -18 23 -23 -21
right_child=1 4 3 7 6 14 13 -9 10 -11 -12 -13 -14 -15 -16 16 17 -19 -20 21 -22 22 -24 -25
leaf_value=0 -0.001806177063228602 -0.025504568375200154 0.018653456584141623 0.010160790824756068 0.005888157949141104 -0.0010409314793996195 -0.013264655157847426 0.0019845372196927286 -0.0028998508307476853 0.013142722892464652 -0.014208273371166875 -0.0016768164454666484 -0.0048355883413804214 0.015618308590304671 0.020943406323132525 -0.021129919083581472 0.0027507091936861548 -0.020897373666634411 0 -0.024486079408604797 0.025704872693204865 0.0017504200121516275 -0.01898191981019914 -0.0051725706217984951
leaf_weight=3.5062338262796429 94.690653949975967 4.8646135032176954 6.1577250361442557 79.405077219009399 229.04726594686508 5.5790659487247458 25.882410347461704 230.032011911273 344.64696672558784 32.062846675515175 47.0040602684021 88.369810730218887 115.21571733057499 3.9988791644573203 39.145909756422043 5.5686136484146145 5.7895562648773176 3.7337449491024008 4.6964077353477478 16.289142251014717 4.8285393714904785 2.7835798710584632 3.1404770016670227 2.8067566007375708
leaf_count=18 286 13 21 238 718 18 67 696 1067 98 131 268 333 12 128 26 21 13 15 63 20 10 14 10
internal_value=0.000311852 0.000740488 -0.000607296 0.00195459 0.00394539 0.0121103 0.00262768 0.0041247 -0.00275348 0.00194127 -0.00429637 0.00375441 -0.00349842 -0.00890972 0.0180209 -0.0113411 -0.00261666 0.00443016 -0.0141653 -0.0169734 0.0146851 -0.0196145 -0.00846126 -0.022311
internal_weight=1399.25 1350.8 949.215 430.811 401.584 54.286 347.298 309.437 518.405 126.754 391.651 317.417 121.373 29.8813 44.725 48.4466 19.9205 14.3518 9.56102 28.5262 10.6181 25.02 5.92406 19.0959
internal_count=4304 4109 2870 1288 1239 174 1065 934 1582 384 1198 986 354 79 146 195 80 54 28 115 41 97 24 73
is_linear=0
shrinkage=0.03


end of trees

feature_importances:
Column_27=596
Column_29=281
Column_25=213
Column_33=203
Column_0=166
Column_1=158
Column_34=147
Column_26=137
Column_9=107
Column_7=101
Column_28=94
Column_2=93
Column_10=91
Column_3=83
Column_6=69
Column_23=67
Column_21=59
Column_22=56
Column_4=49
Column_18=39
Column_16=38
Column_8=34
Column_17=27
Column_20=21
Column_15=3
Column_11=2

parameters:
[boosting: gbdt]
[objective: multiclass]
[metric: multi_logloss]
[tree_learner: serial]
[device_type: cpu]
[data_sample_strategy: bagging]
[data: ]
[valid: ]
[num_iterations: 500]
[learning_rate: 0.03]
[num_leaves: 31]
[num_threads: 6]
[seed: 42]
[deterministic: 0]
[force_col_wise: 0]
[force_row_wise: 0]
[histogram_pool_size: -1]
[max_depth: 5]
[min_data_in_leaf: 10]
[min_sum_hessian_in_leaf: 0.001]
[bagging_fraction: 0.8]
[pos_bagging_fraction: 1]
[neg_bagging_fraction: 1]
[bagging_freq: 1]
[bagging_seed: 400]
[bagging_by_query: 0]
[feature_fraction: 0.8]
[feature_fraction_bynode: 1]
[feature_fraction_seed: 30056]
[extra_trees: 0]
[extra_seed: 12879]
[early_stopping_round: 50]
[early_stopping_min_delta: 0]
[first_metric_only: 0]
[max_delta_step: 0]
[lambda_l1: 0.3]
[lambda_l2: 0.5]
[linear_lambda: 0]
[min_gain_to_split: 0]
[drop_rate: 0.1]
[max_drop: 50]
[skip_drop: 0.5]
[xgboost_dart_mode: 0]
[uniform_drop: 0]
[drop_seed: 17869]
[top_rate: 0.2]
[other_rate: 0.1]
[min_data_per_group: 100]
[max_cat_threshold: 32]
[cat_l2: 10]
[cat_smooth: 10]
[max_cat_to_onehot: 4]
[top_k: 20]
[monotone_constraints: ]
[monotone_constraints_method: basic]
[monotone_penalty: 0]
[feature_contri: ]
[forcedsplits_filename: ]
[refit_decay_rate: 0.9]
[cegb_tradeoff: 1]
[cegb_penalty_split: 0]
[cegb_penalty_feature_lazy: ]
[cegb_penalty_feature_coupled: ]
[path_smooth: 0]
[interaction_constraints: ]
[verbosity: -1]
[saved_feature_importance_type: 0]
[use_quantized_grad: 0]
[num_grad_quant_bins: 4]
[quant_train_renew_leaf: 0]
[stochastic_rounding: 1]
[linear_tree: 0]
[max_bin: 255]
[max_bin_by_feature: ]
[min_data_in_bin: 3]
[bin_construct_sample_cnt: 200000]
[data_random_seed: 175]
[is_enable_sparse: 1]
[enable_bundle: 1]
[use_missing: 1]
[zero_as_missing: 0]
[feature_pre_filter: 1]
[pre_partition: 0]
[two_round: 0]
[header: 0]
[label_column: ]
[weight_column: ]
[group_column: ]
[ignore_column: ]
[categorical_feature: ]
[forcedbins_filename: ]
[precise_float_parser: 0]
[parser_config_file: ]
[objective_seed: 16083]
[num_class: 3]
[is_unbalance: 0]
[scale_pos_weight: 1]
[sigmoid: 1]
[boost_from_average: 1]
[reg_sqrt: 0]
[alpha: 0.9]
[fair_c: 1]
[poisson_max_delta_step: 0.7]
[tweedie_variance_power: 1.5]
[lambdarank_truncation_level: 30]
[lambdarank_norm: 1]
[label_gain: ]
[lambdarank_position_bias_regularization: 0]
[eval_at: ]
[multi_error_top_k: 1]
[auc_mu_weights: ]
[num_machines: 1]
[local_listen_port: 12400]
[time_out: 120]
[machine_list_filename: ]
[machines: ]
[gpu_platform_id: -1]
[gpu_device_id: -1]
[gpu_use_dp: 0]
[num_gpu: 1]

end of parameters

pandas_categorical:null
