tree
version=v4
num_class=1
num_tree_per_iteration=1
label_index=0
max_feature_idx=36
objective=binary sigmoid:1
feature_names=Column_0 Column_1 Column_2 Column_3 Column_4 Column_5 Column_6 Column_7 Column_8 Column_9 Column_10 Column_11 Column_12 Column_13 Column_14 Column_15 Column_16 Column_17 Column_18 Column_19 Column_20 Column_21 Column_22 Column_23 Column_24 Column_25 Column_26 Column_27 Column_28 Column_29 Column_30 Column_31 Column_32 Column_33 Column_34 Column_35 Column_36
feature_infos=[-13.986119270324707:12.311240196228027] [-0.92213797569274902:0.86255699396133423] [2334.031494140625:4728.697265625] [15.833520889282227:69.849876403808594] [-5873.50048828125:1539.5223388671875] [-2.3284120559692383:3.3837859630584717] [0.02222600020468235:0.22283299267292023] [13.612317085266113:58.266666412353516] [-15.919281005859375:8.39447021484375] [0.26131001114845276:0.55751800537109375] [-26.852569580078125:18.72735595703125] [-1:1] [-10.059465408325195:6.5846962928771973] [-1.2582850456237793:0.98352199792861938] [-0.98352199792861938:1.2582850456237793] [-1:1] [-0.97492802143096924:0.97492802143096924] [-0.90096902847290039:1] [0:0.96774202585220337] [0:1] [-13.986119270324707:12.311240196228027] [0:0.98439997434616089] [-20.144699096679688:10.364812850952148] [-34.253673553466797:16.88249397277832] none [7.1071350248530507e-05:0.019397227093577385] [0.98572391271591187:1.0173139572143555] [0.018428988754749298:0.038969609886407852] [-1:1] [0.0080000003799796104:6.0980000495910645] [-0.39096963405609131:0.5319100022315979] [-0.21654918789863586:0.55989921092987061] [-0.25082975625991821:0.39616280794143677] [0:18.420680999755859] [0.33056366443634033:0.76311242580413818] [12.019372940063477:21.260335922241211] [-0.036423657089471817:0.039510279893875122]
tree_sizes=2894 2719 2933 3024 3474 3036 3351 2822 2939 3477 3459 2920 3058 2927 2610 2736 2624 2832 2961 3140 2959 2750 2742 3171 2634 2514 2832 2188 2703 2750 2621 2858 1974 3051 2840 2750 2532 1996 1889 2968 2590 2290 1339 1978 1544 1553 2313 1439 2080 1336 2421 2088 2089

Tree=0
num_leaves=26
num_cat=0
split_feature=0 1 8 1 9 1 13 0 3 3 16 35 2 16 35 35 35 35 34 36 33 30 3 35 35
split_gain=449.185 166.872 64.7161 60.8235 68.8432 52.8776 47.7394 39.021 35.8217 25.6011 24.5849 31.4206 24.1391 20.913 21.3843 19.9107 19.1974 15.8945 11.0668 10.5237 9.45277 8.96212 8.13649 3.18872 6.70431
threshold=0.048949500545859344 -0.77506297826766957 -2.3153095245361324 -0.45222748816013331 0.45433600246906286 0.64707750082016002 0.10255200043320657 -0.73244249820709217 55.826837539672859 41.605363845825202 -0.60785751044750203 13.367537975311281 3226.7993164062505 0.87837952375411998 15.225221157073976 14.312402725219728 14.072386264801027 14.286877632141115 0.66615694761276256 0.0014587041223421695 0.15419598668813708 0.00091154049732722353 51.298105239868171 15.886213779449465 14.404066085815431
decision_type=2 2 2 2 2 2 2 2 2 2 2 2 2 2 2 2 2 2 2 2 2 2 2 2 2
left_child=1 20 5 10 7 13 8 -5 9 -4 19 -12 15 14 -2 -8 -6 -10 -14 -3 21 -1 -7 24 -22
right_child=2 3 6 4 16 22 12 -9 17 -11 11 -13 18 -15 -16 -17 -18 -19 -20 -21 23 -23 -24 -25 -26
leaf_value=-0.1901419477557495 -0.11817354067456574 -0.16640785798635882 -0.10922202682077262 -0.12713710008048013 -0.058201781601335503 -0.058304708442384182 -0.070558001870778875 -0.14764505306311621 -0.074168286384820592 -0.14631868708622411 -0.11468168382015084 -0.14987285385718008 -0.10429139788441066 -0.13629906874212591 -0.086812466137903638 -0.10444214650149243 -0.10910019663559033 -0.11762693711284403 -0.13079020225596738 -0.14010625798234752 -0.20319129076745712 -0.14744261856901361 -0.093916574713162615 -0.21011054967419462 -0.16546139826730219
leaf_weight=28.125825867056847 95.578027725219727 283.00056646764278 55.753849506378174 419.64727798104286 24.89011138677597 95.329126611351967 54.260442823171616 512.98519568145275 27.379122525453568 235.9582559466362 70.190114110708237 524.68354803323746 58.74066287279129 45.051101610064507 136.64671151340008 251.63902612030506 74.421433046460152 86.368686512112617 115.73901794850826 46.544508293271065 32.108243688941002 25.13901250064373 29.868133664131165 67.70110297203064 29.868133664131165
leaf_count=113 384 1137 224 1686 100 383 218 2061 110 948 282 2108 236 181 549 1011 299 347 465 187 129 101 120 272 120
internal_value=-0.132792 -0.146835 -0.109489 -0.142526 -0.134164 -0.0928758 -0.117121 -0.138414 -0.12981 -0.139082 -0.151827 -0.145657 -0.106487 -0.105449 -0.0994422 -0.0980341 -0.0950243 -0.106248 -0.121591 -0.16279 -0.192253 -0.17143 -0.0659771 -0.200013 -0.186754
internal_weight=3427.62 2139.31 1288.31 1956.36 1031.94 402.473 885.839 932.632 405.46 291.712 924.419 594.874 480.379 277.276 232.225 305.899 99.3115 113.748 174.48 329.545 182.942 53.2648 125.197 129.677 61.9764
internal_count=13771 8595 5176 7860 4146 1617 3559 3747 1629 1172 3714 2390 1930 1114 933 1229 399 457 701 1324 735 214 503 521 249
is_linear=0
shrinkage=1


Tree=1
num_leaves=24
num_cat=0
split_feature=0 1 29 29 18 1 17 10 18 12 27 3 27 27 23 1 8 29 8 33 33 27 30
split_gain=406.214 152.595 158.32 115.378 43.1536 38.9017 38.6638 41.7747 37.4131 36.1092 43.1269 34.4549 33.8251 32.5009 26.2839 19.6161 12.4664 9.26843 9.16728 8.72786 8.01831 5.54134 0.281414
threshold=0.048949500545859344 -0.77506297826766957 0.34049999713897711 0.35549999773502355 1.0000000180025095e-35 -0.45222748816013331 -0.5617450177669524 -2.2961579561233516 0.050115000456571586 1.1792994141578677 0.026824845001101497 44.847845077514656 0.025849927216768268 0.019869999028742317 5.2898626327514657 0.58978450298309337 -2.1366945505142207 0.19549999386072162 0.04936449974775315 0.15035748481750491 0.10337979719042779 0.020514495670795444 0.017140311188995842
decision_type=2 2 2 2 2 2 2 2 2 2 2 2 2 2 2 2 2 2 2 2 2 2 2
left_child=1 17 5 4 -2 13 18 16 -7 10 -4 15 -11 -3 -13 -6 -8 -1 20 -19 -5 -9 -21
right_child=3 2 9 6 11 8 7 21 -10 12 -12 14 -14 -15 -16 -17 -18 19 -20 22 -22 -23 -24
leaf_value=-0.075891355316280648 -0.046677487497909315 -0.011223823318796657 0.012637396745502634 0.043008180310837321 0.019084783426582302 0.034522696155838958 -0.0038837243112105659 0.034597217222956222 -0.014604343760955991 -0.020514460715079133 0.065841000438949263 -0.0026450573515678449 0.019329392423547351 -0.037066587133329339 0.022829028454316912 0.049039794147019304 0.024656897618178714 -0.026426052991523064 0.034510378584422671 -0.048879938858023976 0.080249274319086059 0.058961334613166529 -0.068881937422983541
leaf_weight=53.714180916547775 29.094002589583397 177.65230025351048 439.53153066337109 29.191695988178253 256.77431857585907 39.356185168027878 57.997286841273308 49.114802673459053 617.78969952464104 150.68532465398312 40.086184188723564 343.36920729279518 79.740014851093292 410.0520347058773 141.10783903300762 70.61556088924408 104.81889761984348 41.202994346618652 28.14035589993 58.185643553733826 81.341186299920082 98.305833339691162 28.976642042398453
leaf_count=217 117 715 1767 117 1030 158 233 197 2483 606 161 1379 320 1650 566 283 421 166 113 235 326 394 117
internal_value=1.2579e-06 -0.0133665 -0.00925197 0.0221423 0.0111533 -0.0199893 0.0425653 0.0323261 -0.0115512 0.00956197 0.0173598 0.0133476 -0.00663556 -0.0293363 0.00481727 0.0258347 0.0145059 -0.0569075 0.0646159 -0.0478447 0.0714419 0.0514828 -0.0570376
internal_weight=3426.84 2136.97 1954.89 1289.87 840.961 1244.85 448.91 310.237 657.146 710.043 479.618 811.867 230.425 587.704 484.477 327.39 162.816 182.079 138.673 128.365 110.533 147.421 87.1623
internal_count=13771 8595 7860 5176 3375 5006 1801 1245 2641 2854 1928 3258 926 2365 1945 1313 654 735 556 518 443 591 352
is_linear=0
shrinkage=0.05


Tree=2
num_leaves=26
num_cat=0
split_feature=1 1 25 25 1 35 2 27 1 27 2 12 21 35 35 35 34 3 27 27 36 27 3 25 27
split_gain=367.4 139.741 115.455 83.5295 41.3089 42.8452 39.8247 38.0824 37.4252 37.0736 36.5472 36.0918 25.4703 24.1999 33.5468 23.3307 20.3168 12.6752 8.90092 11.0712 5.97121 4.45356 4.09562 3.12975 2.63171
threshold=0.020139000378549102 -0.77506297826766957 0.0018048438942059877 0.0016286221798509362 0.64156350493431102 15.225221157073976 2461.5639648437505 0.019657134078443054 -0.36555400490760798 0.020726042799651626 2910.2458496093755 0.40362510085105902 1.0000000180025095e-35 13.640928268432619 14.312402725219728 14.571320533752443 0.59884166717529308 44.730419158935554 0.020388902164995674 0.025599907152354721 -0.001002484932541847 0.019869999028742317 41.605363845825202 0.0018173518474213781 0.019827613607048992
decision_type=2 2 2 2 2 2 2 2 2 2 2 2 2 2 2 2 2 2 2 2 2 2 2 2 2
left_child=1 18 10 6 5 15 21 -7 16 -10 12 -12 -3 22 -15 -5 -4 -6 24 23 -19 -2 -8 -20 -1
right_child=3 2 8 4 17 7 13 -9 9 -11 11 -13 -14 14 -16 -17 -18 20 19 -21 -22 -23 -24 -25 -26
leaf_value=-0.047905969894112645 -0.047211139714924355 0.012826063218995416 -0.036859254634151642 0.019423945325222004 0.074097281914961871 -0.011418557088673327 -0.0055449150215004421 0.050833551412214899 -0.0046474800027557529 0.025163226428565263 -0.042312421850816628 -0.015625006002184014 -0.016240485705851727 0.042155390907796485 0.0084955212587146788 -0.018454770455922594 -0.0023939806617148812 0.061989549285018403 -0.04271524975421568 -0.062374337184033846 0.033297100101119685 -0.015760728523337129 -0.034639778866480668 -0.018192513659007249 -0.08048269340464137
leaf_weight=24.591338947415352 27.348005324602127 91.506601855158806 45.223058626055717 264.46950334310532 58.7453233897686 27.18290539085865 25.19598662853241 187.45712834596634 163.57671763002872 280.7633965164423 274.38434422016144 243.53298459947109 386.9412670135498 89.368454769253731 406.36413188278675 46.066878169775009 467.25184248387814 31.467235445976257 25.839696794748306 49.288606867194176 76.899979680776596 25.110441252589226 25.117662891745567 39.519329741597176 41.728699892759323
leaf_count=100 110 368 182 1061 235 109 101 751 658 1127 1106 981 1558 358 1630 185 1880 126 105 200 308 101 101 160 170
internal_value=4.01989e-06 -0.0127254 -0.00879534 0.0210452 0.0328526 0.025753 0.00730711 0.0428709 0.0036 0.0141948 -0.020692 -0.0298912 -0.0106302 0.0113508 0.0147287 0.0136906 -0.00558625 0.0545366 -0.0545282 -0.0442668 0.0426917 -0.033472 -0.0210299 -0.0290165 -0.0703057
internal_weight=3424.94 2134.15 1953.18 1290.79 692.289 525.176 598.505 214.64 956.815 444.34 996.365 517.917 478.448 546.046 495.733 310.536 512.475 167.113 180.968 114.648 108.367 52.4584 50.3136 65.359 66.32
internal_count=13771 8595 7860 5176 2775 2106 2401 860 3847 1785 4013 2087 1926 2190 1988 1246 2062 669 735 465 434 211 202 265 270
is_linear=0
shrinkage=0.05


Tree=3
num_leaves=27
num_cat=0
split_feature=0 29 29 0 0 18 26 8 17 3 27 4 0 9 23 14 3 18 27 27 8 0 8 25 27 35
split_gain=332.338 123.901 97.7956 85.2033 72.4331 37.9111 35.4439 33.972 33.4527 29.7311 23.8409 25.9653 23.6306 25.6543 22.3591 19.1616 18.3814 16.6462 16.3146 15.8727 14.1021 8.62882 7.59479 4.82491 4.13879 1.60616
threshold=0.048949500545859344 0.25550000369548803 0.35549999773502355 -3.5131604671478267 -1.2172889709472654 1.0000000180025095e-35 1.0019854307174685 -0.42512850463390345 -0.5617450177669524 44.847845077514656 0.020255189388990406 -3478.724731445312 -0.87630999088287342 0.44116349518299108 5.2898626327514657 0.27079498767852789 43.677684783935554 0.11808750033378602 0.019869999028742317 0.020286158658564094 -2.3153095245361324 -1.8704065084457395 0.04936449974775315 0.0032945302082225685 0.020351671613752845 14.254302978515627
decision_type=2 2 2 2 2 2 2 2 2 2 2 2 2 2 2 2 2 2 2 2 2 2 2 2 2 2
left_child=1 4 5 10 15 -2 7 -5 22 16 -3 -12 19 -14 -11 18 -7 23 -1 -6 -19 -8 25 -10 -17 -4
right_child=2 3 8 6 12 9 21 -9 17 14 11 -13 13 -15 -16 24 -18 20 -20 -21 -22 -23 -24 -25 -26 -27
leaf_value=-0.015584140857439102 -0.044434839960886097 -0.06201048593149016 0.075390736399920888 0.015208442448083377 -0.0053062213448898908 0.017362018834061382 0.011336789434887404 -0.0059139032218586823 0.017435757650379108 -0.0028713070851579389 -0.038800860512950314 -0.0047781027819068381 -0.022294787686455608 0.0056602876870044186 0.020609761076574487 -0.076276351947153473 0.047260742643966271 0.04874282478516781 -0.039637892516559199 0.046869671857441758 0.024167269783718016 0.043966997102690031 0.031787885048407447 -0.011987127385491923 -0.041481677993445959 0.053499088377612858
leaf_weight=95.619602918624878 28.960494384169579 37.049474194645882 54.427539333701134 324.70797924697399 30.340433210134506 263.40104126930237 32.089756429195404 453.60192772746086 26.400856867432594 343.3812665194273 95.761125043034554 134.90872359275818 324.91206146776676 107.94616040587425 141.33073887228966 38.85458517074585 64.473533242940903 104.43457186222076 336.27353338897228 24.931604027748108 154.76349650323391 69.033765211701393 28.216480895876884 25.165798202157021 24.97340552508831 56.225813701748848
leaf_count=386 117 151 218 1305 122 1055 129 1825 106 1379 389 544 1310 435 566 160 258 418 1361 100 620 277 113 101 101 225
internal_value=0 -0.0121262 0.0199985 -0.000944098 -0.0251258 0.00988217 0.00657332 0.00290184 0.0387829 0.0119346 -0.0255408 -0.0191575 -0.011355 -0.0153064 0.00401124 -0.0385656 0.0235225 0.0292745 -0.0344319 0.0188691 0.0344048 0.03413 0.0592722 0.00297854 -0.0644884 0.0655031
internal_weight=3422.19 2131 1291.18 1147.15 983.851 841.547 879.433 778.31 449.635 812.587 267.719 230.67 488.13 432.858 484.712 495.721 327.875 310.765 431.893 55.272 259.198 101.124 138.87 51.5667 63.828 110.653
internal_count=13771 8595 5176 4620 3975 3375 3536 3130 1801 3258 1084 933 1967 1745 1945 2008 1313 1245 1747 222 1038 406 556 207 261 443
is_linear=0
shrinkage=0.05


Tree=4
num_leaves=31
num_cat=0
split_feature=0 29 29 0 0 5 23 25 27 27 4 18 18 33 25 6 18 5 18 3 30 27 27 16 3 25 3 27 25 30
split_gain=300.845 114.228 89.826 68.6344 62.8606 38.7492 33.793 30.9239 30.5678 68.0811 28.4661 27.359 27.0848 25.2845 24.794 28.3608 22.6052 20.6875 20.2547 18.3457 18.0083 18.4676 17.8796 16.3967 13.9624 13.7831 12.3226 12.0796 10.5982 4.33898
threshold=0.048949500545859344 0.32350000739097601 0.27449999749660497 -3.5131604671478267 -1.425040006637573 -1.3247449994087217 1.0000000180025095e-35 0.0020247387001290922 0.020559453405439857 0.023030051030218605 593.43701171875011 0.15207350254058841 0.050115000456571586 0.066761117428541197 0.00086586838006041955 0.058339500799775131 0.61002299189567577 -0.92935699224472035 0.67799499630928051 51.298105239868171 -0.00091081977006979276 0.022959413938224319 0.020584233105182651 0.60785751044750225 36.040439605712898 0.0006520158494822682 45.004032135009773 0.025564363226294521 0.0021995864808559422 -0.042336273938417428
decision_type=2 2 2 2 2 2 2 2 2 2 2 2 2 2 2 2 2 2 2 2 2 2 2 2 2 2 2 2 2 2
left_child=1 4 5 20 7 22 11 17 10 -10 -5 28 -6 -13 15 -7 -16 -1 -14 23 29 -22 25 -8 -9 -2 -24 -21 -4 -3
right_child=2 3 6 8 12 14 19 24 9 -11 -12 13 18 -15 16 -17 -18 -19 -20 27 21 -23 26 -25 -26 -27 -28 -29 -30 -31
leaf_value=-0.011381064591777203 -0.013466060058759114 -0.055554432266345266 0.038541468003549496 -0.017590689405984655 0.029218523889675357 -0.0064700684955643073 0.020662798855047237 -0.031201405836431273 0.053049936995890695 0.0071077920635413076 0.027859236667253002 0.0153439968250804 -0.0086548323912173826 0.058782181070456845 0.013713570003004492 -0.061242152963783485 -0.013677229050462373 -0.042846540482314302 -0.0301191650319136 0.035968411487628658 -0.037385008268938084 0.0032374411495569052 0.060876480695651672 -0.015388144063074469 0.0061552828873168665 0.030675522322829482 0.024206493522168651 0.0017388905172771843 -0.0018312431929000791 -0.028991331665598103
leaf_weight=62.908051714301109 38.371476829051971 29.221384629607201 24.892138540744781 139.16195161640644 37.720206171274185 100.35356763005257 73.373890593647957 38.266409546136856 102.62555792927742 358.56526786088943 43.534816339612007 42.699922204017639 518.17206348478794 207.57244423031807 253.62513370811939 29.381798908114433 104.66213673353195 407.80647318065166 139.51504512131214 158.60494256019592 38.471741497516632 88.553617805242538 39.742155104875565 52.122478529810905 63.872063800692558 29.39052377641201 64.953520655632019 31.690688237547874 39.563193112611771 59.030776649713516
leaf_count=255 154 119 100 560 151 403 294 155 412 1439 175 171 2091 832 1017 118 420 1661 564 635 156 359 159 209 258 118 260 127 159 240
internal_value=0 -0.0115511 0.0190247 0.00251393 -0.0210761 0.00608874 0.0324974 -0.0333275 0.0106963 0.0175375 -0.00652188 0.0441242 -0.0109029 0.0515911 -0.00111716 -0.0196919 0.00565296 -0.0387285 -0.0133007 0.0206735 -0.0217865 -0.00937703 0.0263164 0.0056048 -0.0080749 0.00586675 0.0391002 0.0303974 0.0143006 -0.0389337
internal_weight=3418.43 2127.43 1291 859.165 1268.26 660.48 630.52 572.853 643.888 461.191 182.697 314.728 695.407 250.272 488.023 129.735 358.287 470.715 657.687 315.792 215.278 127.025 172.458 125.496 102.138 67.762 104.696 190.296 64.4553 88.2522
internal_count=13771 8595 5176 3460 5135 2649 2527 2329 2586 1851 735 1262 2806 1003 1958 521 1437 1916 2655 1265 874 515 691 503 413 272 419 762 259 359
is_linear=0
shrinkage=0.05


Tree=5
num_leaves=27
num_cat=0
split_feature=0 29 29 0 0 18 26 10 8 17 10 25 8 23 0 9 27 10 3 27 28 35 25 8 33 27
split_gain=272.238 104.357 82.8505 71.1543 61.146 34.4754 30.9956 29.5088 29.4183 29.0269 32.5076 26.3919 33.2126 28.9251 20.2895 22.6755 19.3073 18.8274 20.2369 13.7029 11.6798 8.18667 7.34588 6.50386 7.11897 4.1314
threshold=0.048949500545859344 0.25550000369548803 0.35549999773502355 -3.5131604671478267 -1.2172889709472654 1.0000000180025095e-35 1.0019854307174685 -7.1170039176940909 -0.42512850463390345 -0.5617450177669524 -3.0074909925460811 0.00086586838006041955 -1.2510275244712827 -0.43647649884223932 -0.87630999088287342 0.44116349518299108 0.022868443280458454 5.2584295272827157 36.975145339965827 0.020286158658564094 0.57464540004730236 14.072386264801027 0.0026562821585685019 0.04936449974775315 0.10337979719042779 0.020514495670795444
decision_type=2 2 2 2 2 2 2 2 2 2 2 2 2 2 2 2 2 2 2 2 2 2 2 2 2 2
left_child=1 4 5 7 17 -2 8 16 -5 23 20 12 -7 -13 19 -16 -3 18 -1 -6 -11 -8 -9 24 -4 -12
right_child=2 3 9 6 14 11 21 22 -10 10 25 13 -14 -15 15 -17 -18 -19 -20 -21 -22 -23 -24 -25 -26 -27
leaf_value=-0.046755145318222557 -0.043087656251116276 -0.04109580636031851 0.034493935195471483 0.014115446036732588 -0.0048166231437823644 -0.035582422281792585 0.046525208217289983 -0.026431548610327232 -0.00553906694856879 0.016311153052146428 0.028031533597170921 0.026849854016457494 0.0078323511878755619 0.0047672071347336885 -0.020595860153690606 0.0056921236113617914 -0.00019500215698768915 -0.0617849118629413 -0.023360880573504449 0.043636197966319831 -0.019157806450516488 0.01689352068330317 -0.055808731567708152 0.029120795701404648 0.068464633661111607 0.048636040649345125
leaf_weight=144.62800808250904 28.859208181500435 35.60863995552063 29.157942876219749 324.9517552703619 30.312543347477913 58.840434864163399 48.673139855265617 45.434438288211823 453.21646362543106 129.04070174694061 49.206752315163612 305.85233144462109 157.30689944326878 290.60610777139664 323.78052206337452 107.92735563218594 126.17696928977966 60.375008344650269 286.11908401548862 24.97772029042244 26.207416012883186 52.625275924801826 58.803921967744827 28.246335208415985 80.896260365843773 106.19430680572987
leaf_count=596 117 145 117 1305 122 237 195 187 1825 517 197 1225 631 1165 1310 435 510 249 1163 100 105 211 242 113 326 426
internal_value=0 -0.0110022 0.0180976 -0.000743989 -0.0229794 0.00878987 0.00610799 -0.0233103 0.0026707 0.0354044 0.026562 0.0107458 -0.00415821 0.0161594 -0.0103322 -0.0140048 -0.00965013 -0.0354074 -0.0314186 0.0176569 0.0100925 0.0318533 -0.0438369 0.0545331 0.0603299 0.0426144
internal_weight=3414.03 2123.61 1290.41 1145.49 978.12 841.465 879.467 266.024 778.168 448.95 310.649 812.606 216.147 596.458 486.998 431.708 161.786 491.122 430.747 55.2903 155.248 101.298 104.238 138.301 110.054 155.401
internal_count=13771 8595 5176 4620 3975 3375 3536 1084 3130 1801 1245 3258 868 2390 1967 1745 655 2008 1759 222 622 406 429 556 443 623
is_linear=0
shrinkage=0.05


Tree=6
num_leaves=30
num_cat=0
split_feature=0 25 25 0 0 2 9 23 18 12 7 35 25 8 33 9 23 13 35 18 35 10 35 10 25 35 27 27 34
split_gain=246.476 84.9535 60.0111 50.9401 49.1926 32.3821 28.9902 27.6897 34.4919 26.9139 23.4261 28.0292 24.6331 23.1485 23.4903 21.9799 20.3288 19.7924 20.147 19.6543 21.229 18.7295 16.0371 14.2707 12.1399 8.12572 5.62649 4.02161 1.57087
threshold=0.048949500545859344 0.0018048438942059877 0.0016286221798509362 -2.1030044555664058 -1.425040006637573 2461.5639648437505 0.45433600246906286 1.0000000180025095e-35 0.11808750033378602 1.1405327916145327 27.716380119323734 14.312402725219728 0.0012490759254433217 -9.2175531387329084 0.011790698859840633 0.45272450149059301 -3.7724920511245723 -0.38691450655460352 13.695339679718019 0.32200500369071966 14.750802040100099 5.2584295272827157 20.744045257568363 -8.5963964462280256 0.0036513165105134253 14.733870983123781 0.025599907152354721 0.019869999028742317 0.6952531933784486
decision_type=2 2 2 2 2 2 2 2 2 2 2 2 2 2 2 2 2 2 2 2 2 2 2 2 2 2 2 2 2
left_child=1 4 5 13 19 27 9 8 25 -5 11 -7 -12 24 -15 16 -6 28 -19 20 -1 -21 -17 -10 -3 -4 -8 -2 -9
right_child=2 3 7 6 15 10 26 17 23 -11 12 -13 -14 14 -16 22 -18 18 -20 21 -22 -23 -24 -25 -26 -27 -28 -29 -30
leaf_value=-0.0090847908218889811 -0.044361891325079415 -0.01420181347825712 0.023686660220423584 0.010408963945015327 0.00085747825370592048 0.044552199429279488 0.024668402389334008 0.028902573077818534 0.028325284031808475 -0.014742854324918595 -0.030141405448774135 0.0092771990470259646 0.011798329271459089 -0.050930950838603939 -0.0043928518393119356 0.044977234226554787 -0.020123280001557008 -0.0048472746833850113 0.02207641234126459 -0.019524122833944283 -0.056823116574152767 -0.053079272660125666 -0.00741261533810029 0.052881298680695188 -0.057922539928663613 -0.012157478925636163 0.058964426937181014 -0.014464819062628538 0.052549442815352655
leaf_weight=30.442474171519279 27.178280472755432 29.311751991510391 25.07187232375145 467.27074682712555 162.78206495940685 66.140730381011963 33.46977199614048 25.435255989432335 102.79884055256844 135.39946812391281 66.010913670063019 343.85905753076077 70.098026514053345 28.084486737847328 289.23003526031971 26.880313262343407 386.43444558978081 113.78144291043282 172.02710701525211 266.55502262711525 120.62785512208939 49.39789454638958 28.030105248093605 184.67404156923294 40.119395300745964 35.832710281014442 25.230219438672066 25.031106501817703 31.405563771724701
leaf_count=125 110 119 101 1878 658 265 134 102 412 546 265 1379 281 114 1173 108 1566 456 689 1087 502 206 113 745 165 144 101 101 126
internal_value=0 -0.0104841 0.0172224 -0.000348865 -0.0203729 0.00557989 0.00806421 0.0272434 0.0371922 0.0047116 0.00922283 0.0151806 -0.00861138 -0.0147292 -0.00883631 -0.0108705 -0.0139061 0.016942 0.011364 -0.0325449 -0.047513 -0.0251027 0.0187374 0.0443911 -0.0405194 0.00272304 0.0410313 -0.0312751 0.0434799
internal_weight=3408.61 2119.27 1289.34 1048.12 1071.15 598.318 661.37 691.027 348.377 602.67 546.109 410 136.109 386.746 317.315 604.127 549.217 342.649 285.809 467.023 151.07 315.953 54.9104 287.473 69.4311 60.9046 58.7 52.2094 56.8408
internal_count=13771 8595 5176 4230 4365 2401 2659 2775 1402 2424 2190 1644 546 1571 1287 2445 2224 1373 1145 1920 627 1293 221 1157 284 245 235 211 228
is_linear=0
shrinkage=0.05


Tree=7
num_leaves=25
num_cat=0
split_feature=1 29 1 29 8 12 20 18 18 21 2 30 2 13 29 21 20 5 1 29 29 29 2 32
split_gain=235.395 117.36 62.8892 66.4034 49.4722 51.5226 44.5998 30.9451 28.8547 26.8844 24.2775 21.8189 20.9282 20.5224 18.7391 16.9542 16.4751 12.3614 10.9332 11.2996 8.40027 5.44912 2.67157 2.63924
threshold=-0.45222748816013331 0.34250000119209295 -0.77992299199104298 0.37450000643730169 -4.1900434494018546 1.0796366333961489 -0.14918699860572812 1.0000000180025095e-35 0.050115000456571586 0.69530001282691967 2661.7351074218755 -0.010483429301530121 3775.824340820313 0.040633000433444984 0.24450000375509265 0.14840000122785571 -0.873500496149063 -1.5656774640083311 0.328626498579979 0.46449999511241918 0.24450000375509265 1.1545000076293948 3557.917114257813 0.0018963040784001353
decision_type=2 2 2 2 2 2 2 2 2 2 2 2 2 2 2 2 2 2 2 2 2 2 2 2
left_child=2 6 20 10 18 9 8 -8 -2 -6 14 -9 15 -7 -4 -5 -10 -12 19 -3 -1 23 -20 -22
right_child=1 4 3 12 5 13 7 11 16 -11 17 -13 -14 -15 -16 -17 -18 -19 22 -21 21 -23 -24 -25
leaf_value=-0.068781537146132776 0.027786224452191696 0.050218235049565033 -0.014570542969883055 0.036181763889216727 0.033851015567093974 0.0063336938273326968 -0.04419242233481889 -0.0082803986665738807 -0.0045536791656980678 0.0081529086811937216 0.00010102525749823813 0.011436686610559839 0.034387658425517123 -0.029820994793898409 0.029464523147347616 -0.0054627950882362233 -0.02429925227205057 -0.031775026763699421 0.044974786566972721 0.016379679794725512 -0.038974967505975074 -0.060143380634237936 0.066131770104288529 -0.015563573083188646
leaf_weight=48.087037205696106 39.484483048319817 42.863328605890274 163.80561774969101 25.399417072534561 293.48295313119888 97.63578237593174 27.234109669923782 167.86465340852737 187.68921871483326 159.42694203555584 32.009777873754501 801.7126946747303 48.352726370096207 62.693416938185692 26.259457215666771 223.44298975169659 247.35620069503784 433.95143955945969 76.497771590948105 64.597272336483002 34.514214128255844 24.658886715769768 46.899318531155586 27.100112706422806
leaf_count=207 158 172 665 102 1178 393 111 674 761 639 131 3221 194 252 106 902 1003 1781 309 259 144 104 192 113
internal_value=0 0.00901057 -0.0191682 -0.0145734 0.0238488 0.0163032 0.000470414 0.00648104 -0.0121089 0.0249027 -0.023437 0.00800272 0.00498445 -0.00793548 -0.00819111 -0.000917666 -0.0158632 -0.0295728 0.0435374 0.0306393 -0.0510006 -0.0396428 0.0540221 -0.0296481
internal_weight=3403.02 2315.44 1087.58 953.221 844.097 613.239 1471.34 996.811 474.53 452.91 656.026 969.577 297.195 160.329 190.065 248.842 435.045 465.961 230.858 107.461 134.36 86.2732 123.397 61.6143
internal_count=13771 9322 4449 3881 3394 2462 5928 4006 1922 1817 2683 3895 1198 645 771 1004 1764 1912 932 431 568 361 501 257
is_linear=0
shrinkage=0.05


Tree=8
num_leaves=26
num_cat=0
split_feature=1 25 1 10 1 25 12 17 6 27 2 21 27 27 27 30 12 33 10 9 25 12 32 32 27
split_gain=213.436 83.849 58.5118 49.2873 40.2282 35.4862 29.8333 43.8021 38.0384 20.2567 33.7874 22.2971 19.8924 22.375 19.0038 16.9425 15.7411 15.0621 12.866 11.5476 8.92688 6.51626 5.46905 6.39688 1.6232
threshold=-0.45222748816013331 0.001849984342698008 -0.77992299199104298 4.5234875679016122 0.69034299254417431 0.0022759651765227322 0.25192940980196005 1.0000000180025095e-35 0.04585899971425534 0.020521755330264572 2680.841674804688 0.38279999792575842 0.019869999028742317 0.01972565054893494 0.020584233105182651 1.0000000180025095e-35 0.50221209228038799 0.10755496472120286 -9.8995137214660627 0.37418049573898321 0.00079577180440537642 2.0493382215499882 0.020534548908472065 -0.018754397518932816 0.020701016299426559
decision_type=2 2 2 2 2 2 2 2 2 2 2 2 2 2 2 2 2 2 2 2 2 2 2 2 2
left_child=2 4 22 9 6 12 7 -2 -8 10 -3 -11 13 -4 20 18 -14 -5 -7 -17 -6 -19 23 -1 -25
right_child=1 3 5 17 14 15 8 -9 -10 11 -12 -13 16 -15 -16 19 -18 21 -20 -21 -22 -23 -24 24 -26
leaf_value=-0.027153022205647817 0.015711131447855249 0.019858621477753673 -0.014935051761936869 0.014866495233280652 -0.0062845588722808144 0.0019963943523253072 -0.048246943578468066 -0.012474953438793126 -0.006779120830477138 0.032736633928607276 -0.019232583494510562 0.011927837110000689 -0.035273744510182489 0.030726974297538168 0.063722783629255139 0.031666090533413481 -0.015723086439911986 0.041245554002283996 -0.023260386881849688 0.0016387897688696727 0.026962080718316545 0.069883318962089866 -0.024151673370452462 -0.069951414537830756 -0.04591052724530726
leaf_weight=23.884102627635002 351.14008770883083 107.49980539083481 148.63083378970623 49.28613618016243 29.212652370333672 103.00937905907631 60.755025029182434 223.91147795319557 484.96574905514717 179.18348561227322 109.61915500462055 471.01950557529926 242.93101967871189 30.611244767904282 26.376433983445168 48.310737878084183 191.46723127365112 133.19260139763355 95.018846705555916 90.832209274172783 56.430261805653572 30.863065466284752 24.575705379247665 47.995163753628731 36.271132960915565
leaf_count=102 1409 432 604 199 117 416 248 905 1961 720 442 1892 1008 125 106 194 783 538 384 367 226 127 104 209 153
internal_value=0 0.00857493 -0.018295 0.0187282 -0.000333233 -0.0138757 -0.00321431 0.00471361 -0.0115733 0.0133566 8.11909e-05 0.0177605 -0.0210174 -0.00682863 0.0279555 -0.000801303 -0.026791 0.0401925 -0.0101838 0.0124362 0.015623 0.0474701 -0.0492032 -0.0542632 -0.0610236
internal_weight=3396.99 2313.46 1083.54 1080.66 1232.79 950.812 1120.77 575.052 545.721 867.322 217.119 650.203 613.64 179.242 112.019 337.171 434.398 213.342 198.028 139.143 85.6429 164.056 132.726 108.15 84.2663
internal_count=13771 9322 4449 4350 4972 3881 4523 2314 2209 3486 874 2612 2520 729 449 1361 1791 864 800 561 343 665 568 464 362
is_linear=0
shrinkage=0.05


Tree=9
num_leaves=31
num_cat=0
split_feature=0 29 29 0 0 5 26 10 10 16 33 29 10 5 31 28 0 9 10 0 22 27 25 36 27 27 0 25 33 36
split_gain=188.715 79.2182 63.0565 49.8472 48.0099 30.6241 26.1398 24.656 24.365 22.4533 27.5247 29.5083 23.3013 19.0577 19.2084 18.4947 17.1778 18.6604 16.7627 16.2931 15.6935 15.4285 16.8273 12.683 11.9907 9.08419 6.94029 6.06577 5.78808 3.12375
threshold=0.048949500545859344 0.25249999761581426 0.27449999749660497 -3.5131604671478267 -1.2172889709472654 -1.3247449994087217 1.0019854307174685 -7.1170039176940909 -0.31705500185489649 0.60785751044750225 0.066761117428541197 0.72650000452995311 -4.6811304092407218 -1.1449970006942747 0.0042595968116074809 -0.64994037151336659 -0.87630999088287342 0.44116349518299108 5.2584295272827157 -2.4564279317855831 -0.14717249944806096 0.020921180024743084 0.00060140353161841642 -0.0015267280978150664 0.020701016299426559 0.01944361720234156 -1.8704065084457395 0.0026562821585685019 0.40755337476730352 3.2200288842432208e-05
decision_type=2 2 2 2 2 2 2 2 2 2 2 2 2 2 2 2 2 2 2 2 2 2 2 2 2 2 2 2 2 2
left_child=1 4 5 7 18 21 8 15 -5 10 11 -4 24 29 -15 -3 25 -18 19 -1 -12 22 -2 -14 -11 -6 -8 -9 -23 -7
right_child=2 3 9 6 16 13 26 27 -10 12 20 -13 23 14 -16 -17 17 -19 -20 -21 -22 28 -24 -25 -26 -27 -28 -29 -30 -31
leaf_value=-0.040384974565082547 -0.013166630016376295 -0.045348672824227457 -0.013473843808754202 -0.0033993985538660234 -0.0046398282018747551 -0.042382905634655521 0.0085129394687140491 -0.022764639002505568 0.015999477904591757 0.017518648988993604 0.047992199484517661 0.046812954827519362 0.050783706647034833 0.0082088761715254487 -0.01471343112220188 0.00016323701576183663 -0.018185089671396211 0.0057367348722386496 -0.057213623893696414 -0.019511482184095173 0.02551521899818919 0.025457863309315317 0.026526249388208641 0.014356663384261793 -0.023126266112736622 0.035229929887861451 0.037587303779653893 -0.049540577675148183 0.058122065124924294 -0.016028672631672989
leaf_weight=155.11631183326244 44.128316938877106 24.49895191192627 57.530534610152245 566.04100485146046 24.71632844209671 25.245460957288742 32.152647510170937 45.385174259543419 224.19596518576145 25.639375105500221 204.80393534898758 28.772220149636269 34.332077071070671 305.1479711830616 128.01511856913567 138.81597885489464 316.1226207613945 107.76726521551609 55.266241043806076 259.84974792599678 142.81929874420166 38.362381175160408 61.389437571167946 81.084155395627022 50.752909198403358 29.426474526524544 69.613249555230141 56.797975867986679 28.377722591161728 28.957866936922073
leaf_count=658 177 100 231 2281 100 102 129 191 904 103 835 116 138 1225 514 565 1288 435 238 1067 574 154 246 326 204 118 279 242 114 117
internal_value=0 -0.00921478 0.0150815 -0.000422415 -0.0199132 0.00425423 0.00523545 -0.0193657 0.00211808 0.0264294 0.0327315 0.0071168 0.0119299 -0.00215091 0.00137505 -0.00706957 -0.00867064 -0.0120815 -0.0312359 -0.0274944 0.038985 0.0222503 0.00989724 0.025958 -0.00925822 0.0173342 0.0288388 -0.0384092 0.040779 -0.0295526
internal_weight=3391.12 2105.77 1285.36 1157.5 948.265 659.624 892.003 265.498 790.237 625.735 433.926 86.3028 191.809 487.366 433.163 163.315 478.033 423.89 470.232 414.966 347.623 172.258 105.518 115.416 76.3923 54.1428 101.766 102.183 66.7401 54.2033
internal_count=13771 8595 5176 4691 3904 2649 3593 1098 3185 2527 1756 347 771 1958 1739 665 1941 1723 1963 1725 1409 691 423 464 307 218 408 433 268 219
is_linear=0
shrinkage=0.05


Tree=10
num_leaves=31
num_cat=0
split_feature=0 29 29 0 0 35 29 35 35 27 10 17 10 5 25 33 21 35 14 36 23 9 35 30 28 25 35 27 35 34
split_gain=171.055 74.4136 57.9286 45.006 35.5527 30.1982 38.484 33.9358 28.4943 59.8016 26.0895 23.0599 23.9463 20.5703 22.4231 29.3636 23.1612 18.7845 30.5919 17.9146 17.5305 14.4784 13.6019 11.7899 10.5453 8.26838 6.88333 8.91519 6.54072 4.6725
threshold=0.048949500545859344 0.34049999713897711 0.35549999773502355 -2.4564279317855831 -3.5131604671478267 20.101513862609867 0.68799999356269848 19.723684310913089 15.663753986358644 0.02053813170641661 -7.1170039176940909 -0.5617450177669524 -3.0074909925460811 0.44018250703811651 0.00086586838006041955 0.066761117428541197 1.0000000180025095e-35 18.523162841796879 -0.036984000355005257 0.0013403304037638011 1.1962769925594332 0.35276649892330175 14.819926738739015 -0.021725911647081372 0.55232203006744396 0.0026562821585685019 14.167280197143556 0.020275593735277656 13.680473327636721 0.69329974055290233
decision_type=2 2 2 2 2 2 2 2 2 2 2 2 2 2 2 2 2 2 2 2 2 2 2 2 2 2 2 2 2 2
left_child=1 3 13 21 10 7 -7 -6 19 -10 23 26 24 14 16 -16 -2 20 -19 -5 -15 -1 -23 -3 -13 -12 28 -28 -4 -14
right_child=2 4 11 8 5 6 -8 -9 9 -11 25 12 29 17 15 -17 -18 18 -20 -21 -22 22 -24 -25 -26 -27 27 -29 -30 -31
leaf_value=-0.0569498484364135 0.0088846253576716772 -0.029033032162079898 0.041620740313943243 -0.025392974016293552 0.010173141184805057 0.0056284842230648197 -0.064059580891432974 0.057448542945122499 -0.010771874948833471 0.033774112712832254 -0.010281710616128981 0.013167575832331286 0.025003277559093373 -0.041392124640149172 -0.01937992447684788 0.021215393967399153 -0.026793979668600861 0.051776145863711376 -0.0095074227145151777 -0.002217420542120479 0.0078613432036705958 -0.0044330490625940225 -0.035073310831271846 0.0078631810673702833 -0.019855310313370334 -0.047241755238914315 0.056492129912487823 0.017804538427020705 0.079351800660062574 0.044409052827485279
leaf_weight=57.713599219918251 132.08119013905525 25.732860177755356 40.939844310283661 377.82118202745914 467.26588872075081 58.23241700232029 27.640333116054535 39.65990224480629 473.20694407820702 87.504261389374733 23.43122898042202 127.45024228096008 78.135817959904671 54.935736581683159 48.145614251494408 408.26626682281494 66.762697279453278 25.141723215579987 79.338233932852745 108.60403619706631 25.184216141700745 49.110657766461372 152.99313512444496 96.679361462593079 27.668565586209297 55.159777566790581 24.295585110783577 43.968799948692322 25.911707937717438 75.069847702980042
leaf_count=259 531 105 169 1551 1877 234 111 159 1925 356 99 511 318 223 193 1638 269 101 319 444 101 203 642 392 111 238 100 180 107 305
internal_value=0 -0.0087851 0.0143684 -0.0161116 0.00327524 0.00944434 -0.0176361 0.0141027 -0.0114342 -0.00370695 -0.0147832 0.0289549 0.0211125 0.00660442 0.0107583 0.0168454 -0.00319236 -0.008044 0.00584126 -0.0202693 -0.025974 -0.0346936 -0.0277932 -0.00015461 0.00703587 -0.0368751 0.0462089 0.032932 0.0582708 0.0350262
internal_weight=3384.05 2100.76 1283.3 1306.95 793.802 592.799 85.8728 506.926 1047.14 560.711 201.003 443.44 308.324 839.856 655.256 456.412 198.844 184.6 104.48 486.425 80.12 259.817 202.104 122.412 155.119 78.591 135.116 68.2644 66.8516 153.206
internal_count=13771 8595 5176 5380 3215 2381 345 2036 4276 2281 834 1801 1245 3375 2631 1831 800 744 420 1995 324 1104 845 497 622 337 556 280 276 623
is_linear=0
shrinkage=0.05


Tree=11
num_leaves=26
num_cat=0
split_feature=1 29 1 29 35 1 12 3 1 5 4 35 15 35 35 33 12 36 33 29 20 29 36 34 36
split_gain=164.581 84.929 46.9588 49.9669 43.3965 38.1071 28.0982 30.2064 27.6005 24.8568 23.0842 25.9227 19.4922 19.0629 18.9996 16.8541 14.7002 9.8209 8.26955 8.15867 7.82923 5.41266 2.89478 1.71431 1.09922
threshold=-0.45222748816013331 0.34250000119209295 -0.77992299199104298 0.37450000643730169 13.232251167297365 0.64707750082016002 1.0796366333961489 45.40954780578614 0.69034299254417431 -1.3247449994087217 212.47824859619143 20.695599555969242 -1.0000000180025095e-35 20.315958976745609 12.923820495605471 0.047006892040371902 0.50221209228038799 0.0016005343059077861 0.11270746588706972 0.24450000375509265 -0.73244249820709217 1.1545000076293948 -0.00063513178611174215 0.69289687275886547 0.0011948760366067292
decision_type=2 2 2 2 2 2 2 2 2 2 2 2 2 2 2 2 2 2 2 2 2 2 2 2 2
left_child=2 4 19 10 20 6 14 -8 9 -6 16 -12 17 -10 -3 -14 -4 -5 -7 -1 23 22 -21 -2 -20
right_child=1 5 3 12 8 18 7 -9 13 -11 11 -13 15 -15 -16 -17 -18 -19 24 21 -22 -23 -24 -25 -26
leaf_value=-0.062342685087539866 -0.02837031301796147 -0.0060933557589913194 -0.036117243186800242 0.032038473750385515 0.015544167255527035 0.024572957758283887 0.017515623251046469 -0.019744414665285752 0.041013667276075 -0.003060909173718001 0.0052802847890834927 -0.02922712410473103 -0.032784345219731149 0.0021157501602496443 0.025516638170553087 0.002965842722398779 -0.016880307697572504 -0.0024082097066524476 0.065706754571253065 -0.011998508888686343 -0.051110433362145137 -0.053935221559938386 -0.035579921085092413 -0.0083430094701133963 0.042910116823440266
leaf_weight=44.699987396597862 24.632547751069069 51.652591094374657 216.73733489215374 71.8758415132761 214.99881520867348 34.4836415797472 119.18844167888165 96.656407937407494 72.041497722268105 1037.2474301159382 148.2681400924921 83.246971279382706 39.466553747653961 56.196904867887497 461.32139033079147 157.94090776145458 198.84123073518276 27.646659940481186 41.492259383201599 32.324316039681435 36.650320649147034 23.389156460762024 27.296719878911972 24.871121600270271 33.708444684743881
leaf_count=207 100 207 913 289 866 141 481 390 290 4196 610 341 160 225 1861 638 819 111 174 139 150 104 118 101 140
internal_value=0 0.00752595 -0.0161708 -0.0122493 0.000256478 0.0201983 0.0159551 0.000756401 0.00243176 0.000145126 -0.0200256 -0.00722893 0.00468464 0.0243388 0.022303 -0.00438847 -0.0270619 0.022512 0.0475134 -0.0444451 -0.03375 -0.0334499 -0.0237616 -0.0192173 0.0569942
internal_weight=3376.88 2305.14 1071.73 944.024 1466.64 838.503 728.819 215.845 1380.48 1252.25 647.094 231.515 296.93 128.238 512.974 197.407 415.579 99.5225 109.684 127.71 86.154 83.0102 59.621 49.5037 75.2007
internal_count=13771 9322 4449 3881 5928 3394 2939 871 5577 5062 2683 951 1198 515 2068 798 1732 400 455 568 351 361 257 201 314
is_linear=0
shrinkage=0.05


Tree=12
num_leaves=27
num_cat=0
split_feature=20 29 29 20 20 5 23 27 2 27 33 27 5 31 30 27 29 27 10 25 30 23 29 33 7 26
split_gain=143.594 63.3579 50.4249 39.7013 38.7706 25.565 23.7495 23.6299 32.9163 28.3176 20.8489 20.6152 16.8904 17.3226 16.6723 15.6084 29.9924 21.9414 14.9527 14.9358 20.7351 14.7861 14.1985 14.878 9.1959 1.16173
threshold=0.048949500545859344 0.25249999761581426 0.27449999749660497 -1.2172889709472654 -3.5131604671478267 -1.3247449994087217 1.0000000180025095e-35 0.026886996813118461 3437.2875976562505 0.022909326478838924 0.027682827785611156 0.020255189388990406 -1.1449970006942747 0.0042595968116074809 -0.042336273938417428 0.020172032527625564 0.39450000226497656 0.019657134078443054 5.2584295272827157 0.00041655529639683669 -0.0018161841435357926 -6.5359647274017325 0.10150000080466272 0.21032567322254184 17.0365104675293 1.000008821487427
decision_type=2 2 2 2 2 2 2 2 2 2 2 2 2 2 2 2 2 2 2 2 2 2 2 2 2 2
left_child=1 3 5 18 11 22 10 9 -9 -6 -4 -3 25 -14 -13 17 -17 -8 21 -5 -21 -1 -2 -24 -12 -7
right_child=2 4 6 19 7 12 15 8 -10 -11 24 14 13 -15 -16 16 -18 -19 -20 20 -22 -23 23 -25 -26 -27
leaf_value=-0.038369055977036652 -0.0065746944488481373 -0.051469495311238171 -0.0037383676751082105 -0.032845350846294634 0.01129463295582041 -0.036746119786525054 0.0046638000652547583 0.0077403594338969111 0.0753723983157292 -0.0073593438673677019 0.014814364079927353 -0.045431246209086305 0.0074687872902724928 -0.014313594886507186 -0.0057235348764284556 -0.018408518219935575 0.020094168694705365 0.051125543269318896 -0.053116716497275021 -0.024979558654428944 0.0014725657441502092 -0.017730944112886747 0.0036289579129097542 0.039206358624008696 0.041684729860239328 -0.01819550392869335
leaf_weight=132.79142624139786 37.875782534480095 35.644271209836006 33.098673149943352 49.98556412756443 412.38399839401245 25.664712116122246 49.030780717730522 55.991988405585289 25.181863054633141 397.30210541188717 41.658006146550179 28.867818400263786 304.82799910008907 127.84498754143715 197.56890888512135 79.110443621873856 132.13425110280514 52.969495162367821 53.182779893279076 92.988095462322235 333.19095893204212 275.913693100214 45.038780987262726 88.878836065530777 232.40101966261864 28.355687543749809
leaf_count=581 152 155 134 204 1664 104 197 225 101 1603 168 123 1225 514 820 318 535 215 238 378 1359 1144 181 358 960 115
internal_value=-2.1607e-06 -0.00807459 0.0131805 -0.0177089 -0.00021021 0.0035061 0.0233884 0.00475926 0.0301494 0.00213348 0.0332727 -0.0170483 -0.00234467 0.00097334 -0.011183 0.013515 0.00559073 0.0294071 -0.0281331 -0.00750088 -0.00436539 -0.024615 0.0199752 0.0275441 0.0377735 -0.0281845
internal_weight=3369.88 2090.99 1278.89 938.053 1152.94 658.487 620.403 890.86 81.1739 809.686 307.158 262.081 486.693 432.673 226.437 313.245 211.245 102 461.888 476.165 426.179 408.705 171.793 133.918 274.059 54.0204
internal_count=13771 8595 5176 3904 4691 2649 2527 3593 326 3267 1262 1098 1958 1739 943 1265 853 412 1963 1941 1737 1725 691 539 1128 219
is_linear=0
shrinkage=0.05


Tree=13
num_leaves=26
num_cat=0
split_feature=1 29 1 29 35 8 12 35 1 25 35 10 4 35 35 35 15 12 30 2 35 29 25 20 34
split_gain=136.565 71.1934 42.3907 43.1472 38.9727 35.4757 39.6255 28.2747 24.2297 25.9487 24.1276 27.3145 20.6242 23.7336 20.4569 17.9135 17.6886 12.8597 12.5091 10.773 9.66978 7.60957 7.76326 7.31531 1.57718
threshold=-0.45222748816013331 0.34250000119209295 -0.77992299199104298 0.37450000643730169 13.232251167297365 -4.1900434494018546 1.0796366333961489 12.923820495605471 0.69034299254417431 0.00086586838006041955 14.019878387451174 4.7818539142608651 212.47824859619143 20.695599555969242 13.416818141937258 19.289330482482914 -1.0000000180025095e-35 0.50221209228038799 0.02438813075423241 3557.917114257813 13.746912002563478 0.24450000375509265 0.0034705591388046746 -0.73244249820709217 0.69289687275886547
decision_type=2 2 2 2 2 2 2 2 2 2 2 2 2 2 2 2 2 2 2 2 2 2 2 2 2
left_child=2 4 21 12 23 10 7 -7 9 -6 19 -12 17 -14 -8 -10 20 -4 -18 -3 -5 -1 -23 24 -2
right_child=1 5 3 16 8 6 14 -9 15 -11 11 -13 13 -15 -16 -17 18 -19 -20 -21 -22 22 -24 -25 -26
leaf_value=-0.05969047231119845 -0.026879745798310917 0.029791563578626157 -0.033629849545403302 0.047398340644124709 -0.012533667115703013 -0.022103888920484677 0.023816216944626 0.023384547812090008 0.046507258874004004 0.0041999188258861168 -0.015570170337161288 0.034604911926011395 0.0056736347831529386 -0.027422285261287583 -0.018571071822334053 0.0078484302444647627 -0.011220402864876619 -0.015547895862462857 0.017600476741047224 0.069872416025164794 0.011718620828172393 -0.014486916553183703 -0.046498591109534096 -0.048961617385371345 -0.0076732158719826143
leaf_weight=42.894539028406143 24.520607993006706 32.226988568902016 213.52509714663029 25.158608376979828 304.55274875462055 35.428964391350746 34.659146547317505 414.87066833674908 47.583214089274406 946.34319666028023 34.890368223190308 103.40307720005512 148.00529007613659 82.683155238628387 125.1632432192564 80.362357944250107 149.06566712260246 197.80053958296776 48.04341171681881 54.197344362735748 74.443525716662407 40.599283292889595 41.087503135204315 36.377551272511482 24.820488587021828
leaf_count=207 100 132 913 101 1234 142 140 1675 193 3828 140 431 610 341 505 322 604 819 194 229 299 177 184 150 101
internal_value=-5.90985e-06 0.00684251 -0.0148101 -0.0111051 0.00018781 0.0184766 0.0121259 0.0197016 0.00224727 0.000104346 0.0354158 0.0218333 -0.018378 -0.00627934 -0.00913641 0.0227972 0.00461602 -0.025076 -0.00403914 0.0560515 0.021585 -0.0420316 -0.0314344 -0.0321219 -0.0180882
internal_weight=3362.71 2299.4 1063.31 938.725 1464.56 834.84 610.122 450.3 1378.84 1250.9 224.718 138.293 642.014 230.688 159.822 127.946 296.711 411.326 197.109 86.4243 99.6021 124.581 81.6868 85.7186 49.3411
internal_count=13771 9322 4449 3881 5928 3394 2462 1817 5577 5062 932 571 2683 951 645 515 1198 1732 798 361 400 568 361 351 201
is_linear=0
shrinkage=0.05


Tree=14
num_leaves=23
num_cat=0
split_feature=1 1 1 9 27 7 35 35 35 3 33 35 35 35 30 36 35 32 32 36 27 34
split_gain=123.922 43.801 39.5422 38.7958 38.3057 33.196 30.187 36.9717 27.5363 16.1654 15.1837 14.449 16.4964 14.3848 13.3494 15.3615 8.57115 5.9386 6.98144 4.20653 3.80718 2.81416
threshold=-0.45222748816013331 0.64156350493431102 -0.77992299199104298 0.45433600246906286 0.019719298928976062 25.388464927673343 13.992612361907961 15.717701911926271 12.84536647796631 68.203632354736342 1.0305206775665285 15.915591716766359 19.289330482482914 14.325756549835207 1.0000000180025095e-35 0.00076112605165690194 20.725020408630375 0.020534548908472065 -0.016371052712202069 -0.001002484932541847 0.020701016299426559 0.70315006375312816
decision_type=2 2 2 2 2 2 2 2 2 2 2 2 2 2 2 2 2 2 2 2 2 2
left_child=2 3 17 4 9 11 -5 -8 -6 -2 14 13 -13 -3 16 -16 -4 18 -1 -7 -20 -21
right_child=1 5 10 6 8 19 7 -9 -10 -11 -12 12 -14 -15 15 -17 -18 -19 20 21 -22 -23
leaf_value=-0.020149933646982782 -0.040769682487584544 0.012790206306086949 -0.011747271997790791 0.073001494069091483 -0.019553665470588816 0.057192487345881927 -0.031652031397429191 0.028284627296984929 0.0050974010137246643 0.0026514341961952721 -0.040125723543662645 0.047929020599928353 0.0061560912706257985 -0.039271883331535334 0.0077420089023173102 -0.015244422046037593 -0.034631809358972691 -0.015342065203299005 -0.064734107556703821 0.026411566250581966 -0.035765568318047725 0.047180951604261938
leaf_weight=24.942005693912506 70.956161886453629 24.762715756893158 544.24120104312897 26.625412657856941 119.88662524521351 40.475299492478371 30.112991482019424 128.96799856424332 1588.8062836825848 29.427930027246475 39.930021971464157 31.865834921598434 83.093268975615501 24.437298148870468 195.26880536973476 113.02237945795059 43.655517429113388 23.072269916534424 42.79246997833252 61.780173614621162 31.906910121440887 34.960326433181763
leaf_count=114 288 100 2264 108 487 171 121 527 6433 118 167 131 333 100 803 466 181 104 207 258 143 147
internal_value=-7.62188e-06 0.0065143 -0.014146 0.00381224 0.00155961 0.0242231 0.0254527 0.0166248 0.00334113 -0.0281398 -0.0105814 0.00879312 0.0184423 -0.0133973 -0.00916754 -0.000696742 -0.0135752 -0.0406518 -0.0459968 0.0422195 -0.0537462 0.0348222
internal_weight=3354.99 2296.16 1058.83 1994.78 1809.08 301.375 185.706 159.081 1708.69 100.384 936.118 164.159 114.959 49.2 896.188 308.291 587.897 122.714 99.6414 137.216 74.6994 96.7405
internal_count=13771 9322 4449 8082 7326 1240 756 648 6920 406 3881 664 464 200 3714 1269 2445 568 464 576 350 405
is_linear=0
shrinkage=0.05


Tree=15
num_leaves=24
num_cat=0
split_feature=0 1 29 29 35 27 33 1 27 12 12 27 23 33 27 35 29 14 29 25 27 23 34
split_gain=114.103 53.7657 58.0461 42.1422 28.208 71.2328 26.5136 22.6937 21.5821 20.3052 30.838 20.7961 20.1556 18.6851 16.8931 15.1816 13.8688 10.6121 7.40052 7.57442 6.64533 5.71648 5.35202
threshold=0.048949500545859344 -0.77992299199104298 0.34049999713897711 0.27449999749660497 17.166409492492679 0.02053813170641661 0.047006892040371902 0.64707750082016002 0.020447100512683395 -1.4480097889900205 -1.1374243497848509 0.020406316034495834 1.0000000180025095e-35 0.027682827785611156 0.026967360638082031 14.312402725219728 0.37450000643730169 -0.16403149813413617 0.24450000375509265 0.0034705591388046746 0.025241885334253315 -2.8781729936599727 0.69200804829597484
decision_type=2 2 2 2 2 2 2 2 2 2 2 2 2 2 2 2 2 2 2 2 2 2 2
left_child=1 18 4 9 14 -6 17 12 -8 15 -11 -12 13 -5 -3 20 -14 -4 -1 -20 -2 -9 -23
right_child=3 2 6 7 5 -7 8 21 -10 10 11 -13 16 -15 -16 -17 -18 -19 19 -21 -22 22 -24
leaf_value=-0.057112480315514053 0.059774874695146453 -0.019839582787478868 -0.039997184048809087 -0.012042540618311837 -0.010127410182671282 0.044006296333159112 -0.0089401199821384589 0.053495352973262647 0.014759711247823158 -0.047868045137368226 -0.0084011005299830036 0.011267338037320215 -0.011757966788776103 0.030508461557545094 0.016637599544653606 -0.00093710902214938973 0.013883824826416133 -0.0059787236088728758 -0.012280237237295384 -0.043996896940745454 0.022161965206520379 0.014561522372916517 0.041655804864660993
leaf_weight=40.859992742538452 24.579383492469788 686.27920274436474 31.259375602006912 27.689992725849152 450.26387979090214 68.18366177380085 117.25720047950745 50.148062765598297 491.99814739823341 30.516928061842918 245.37316624820232 291.82960721850395 77.640689924359322 224.05080117285252 31.519503712654114 34.670152574777603 153.41538099944592 79.781858488917351 39.997357755899429 40.052204340696335 30.210442736744881 38.304741993546486 43.484179437160492
leaf_count=207 100 2870 127 112 1844 278 474 223 1983 124 987 1177 312 922 129 139 621 322 177 184 122 157 180
internal_value=-9.36112e-06 -0.00723128 -0.00520456 0.0117714 -0.0117741 -0.00284705 0.00605826 0.0211623 0.0101678 0.00293427 -0.00056879 0.00226718 0.0159866 0.0257307 -0.0181822 0.0248006 0.00519766 -0.016182 -0.0393277 -0.0289569 0.0407225 0.0395056 0.0297364
internal_weight=3349.37 2077.45 1956.54 1271.91 1236.25 518.448 720.297 614.734 609.255 657.18 567.72 537.203 482.797 251.741 717.799 89.46 231.056 111.041 120.91 80.0496 54.7898 131.937 81.7889
internal_count=13771 8595 8027 5176 5121 2122 2906 2527 2457 2649 2288 2164 1967 1034 2999 361 933 449 568 361 222 560 337
is_linear=0
shrinkage=0.05


Tree=16
num_leaves=23
num_cat=0
split_feature=0 26 0 27 27 17 36 27 2 31 0 27 11 28 4 31 27 27 4 14 31 27
split_gain=103.492 35.5122 29.0456 34.7467 30.1347 25.437 24.7287 23.5072 23.0459 18.8236 17.3889 16.1657 22.1906 12.7694 12.5608 11.4159 8.4926 8.31884 7.45859 7.04278 6.36806 0.871149
threshold=0.048949500545859344 1.0019854307174685 -2.7149544954299922 0.020317998714745048 0.026927873492240909 -0.5617450177669524 -0.0029182826401665802 0.022909326478838924 3361.220825195313 -0.020336923189461228 -2.1030044555664058 0.026824845001101497 1.0000000180025095e-35 -0.05704058147966861 -758.89703369140614 0.012705942615866663 0.020514495670795444 0.025680107064545158 -2102.578735351562 -0.10255200043320654 0.02357534505426884 0.019827613607048992
decision_type=2 2 2 2 2 2 2 2 2 2 2 2 2 2 2 2 2 2 2 2 2 2
left_child=1 2 3 21 7 9 14 -4 -6 -2 18 12 -8 -5 17 16 -11 -7 -3 -12 -17 -1
right_child=5 10 4 13 8 6 11 -9 -10 15 19 -13 -14 -15 -16 20 -18 -19 -20 -21 -22 -23
leaf_value=-0.036279221385322025 -0.010772742605689334 -0.018853546116452961 -0.0023883097781666252 -0.022283879736419827 0.0021361458875756882 -0.0031419163555168636 0.015948773254917337 -0.01550730719356419 0.055951514810143099 0.018383917773176463 0.012768474768368203 -0.02691439163121679 -0.0013116129847214571 -0.0016658121760908598 0.048800241676175776 -0.0021478387939861789 0.039422159299446397 0.032430629745248046 0.016053495368529232 0.043496846440487374 0.026356508416560998 -0.056966405055645403
leaf_weight=28.478866830468178 35.954485788941383 33.346324697136879 922.44465979933739 169.16716681420803 51.20947952568531 33.484365373849869 303.41231627762318 543.12815389037132 31.14391653239727 81.783733934164047 34.787122398614883 38.581018656492233 474.01856641471386 136.39590835571289 45.299431279301643 46.080497473478317 150.56423473358154 28.878706723451614 24.866635009646416 48.821292832493782 31.039505168795586 48.822229832410812
leaf_count=136 149 141 3774 729 207 138 1237 2232 126 334 140 158 1914 582 185 190 625 117 101 197 129 230
internal_value=-8.33444e-06 -0.00689466 -0.00867602 -0.0209833 -0.00560234 0.0112233 0.0068518 -0.00727141 0.0234503 0.0227773 0.017071 0.00383171 0.0054355 -0.0131837 0.0291636 0.0267515 0.0322797 0.0136713 -0.0037384 0.0314254 0.00957453 -0.0505782
internal_weight=3341.71 2072.61 1930.79 382.864 1547.93 1269.1 923.674 1465.57 82.3534 345.422 141.821 816.012 777.431 305.563 107.663 309.468 232.348 62.3631 58.213 83.6084 77.12 77.3011
internal_count=13771 8595 8016 1677 6339 5176 3749 6006 333 1427 579 3309 3151 1311 440 1278 959 255 242 337 319 366
is_linear=0
shrinkage=0.05


Tree=17
num_leaves=25
num_cat=0
split_feature=1 25 1 1 9 27 1 27 25 13 25 21 27 27 27 33 36 9 3 25 36 27 27 27
split_gain=96.4213 48.4301 32.5939 30.6682 26.4122 23.8074 22.1976 20.4678 19.15 19.0475 20.4255 19.6704 16.5999 20.0592 16.3095 12.7344 10.9624 9.07778 7.25532 5.98453 5.50954 3.54343 10.1084 5.92621
threshold=-0.45222748816013331 0.0015505627379752698 -0.77992299199104298 0.64156350493431102 0.45433600246906286 0.019719298928976062 0.69034299254417431 0.025849927216768268 0.0022759651765227322 0.089721001684665694 0.00086586838006041955 0.039049999788403518 0.019869999028742317 0.01972565054893494 0.020521755330264572 0.011790698859840633 -0.0035794532159343358 0.36931550502777105 44.730419158935554 0.0010449638357385995 -0.001002484932541847 0.020701016299426559 0.025849927216768268 0.019827613607048992
decision_type=2 2 2 2 2 2 2 2 2 2 2 2 2 2 2 2 2 2 2 2 2 2 2 2
left_child=2 6 21 4 5 -3 9 -6 12 10 -2 -11 13 -4 19 -10 -14 -17 -5 -8 -20 23 -23 -1
right_child=1 3 8 18 7 -7 14 -9 15 11 -12 -13 16 -15 -16 17 -18 -19 20 -21 -22 22 -24 -25
leaf_value=-0.021524054948908359 -0.028325998839470082 -0.024480922498815061 -0.0095712514975129191 0.047844903384083537 0.019585774478146346 0.0082640155221532056 -0.012936038820882335 0.069422743494573558 -0.028949196582561315 0.014329203601147533 -0.0048786046811341915 -0.0065377620131943232 0.008871408059550662 0.033945313031535439 0.042086493772610922 0.016435241311404815 -0.022309869191875154 -0.0022297293168860081 0.041537184042585752 0.01812404023535652 0.01596078891185999 0 -0.041262410940546043 -0.059777437737090391
leaf_weight=19.868506506085396 140.8305921703577 56.865656390786171 145.77852846682072 52.753760024905205 103.01013870537281 958.38586188852787 30.716958329081535 25.151264905929565 31.717050537467003 184.68062229454517 272.61666823923588 283.4795498251915 28.851193502545357 30.240404412150383 42.656024560332298 91.368329972028732 390.59784610569477 212.07615178823471 31.323437750339508 27.378506883978844 77.796129763126373 22.206438660621643 40.974274978041649 34.655391827225685
leaf_count=100 577 230 604 239 426 3882 123 103 130 745 1109 1153 122 125 174 369 1669 862 131 110 320 99 192 177
internal_value=-4.93284e-06 0.005746 -0.012551 0.0120514 0.00912088 0.00637557 -0.00262946 0.0303594 -0.00935421 -0.00519119 -0.0129874 0.00169854 -0.0147207 -0.00174147 0.0193539 0.000181271 -0.0201095 0.00342844 0.0323265 0.0016512 0.0240081 -0.0371645 -0.0271076 -0.0472696
internal_weight=3335.98 2287.65 1048.33 1305.29 1143.41 1015.25 982.359 128.161 930.63 881.607 413.447 468.16 595.468 176.019 100.751 335.162 419.449 303.444 161.873 58.0955 109.12 117.705 63.1807 54.5239
internal_count=13771 9322 4449 5331 4641 4112 3991 529 3881 3584 1686 1898 2520 729 407 1361 1791 1231 690 233 451 568 291 277
is_linear=0
shrinkage=0.05


Tree=18
num_leaves=26
num_cat=0
split_feature=1 29 29 8 12 30 0 25 1 3 4 13 4 18 3 34 33 28 33 17 10 25 28 25 29
split_gain=87.5535 53.6681 32.7556 26.1762 33.6376 24.2754 21.9424 21.844 21.3983 19.9648 17.2119 16.9538 16.6497 15.7691 14.9085 14.7826 13.0285 12.7024 8.34478 9.93511 8.3369 7.50776 6.97963 5.74987 3.0547
threshold=-0.45222748816013331 0.34250000119209295 0.30550000071525579 -4.1900434494018546 1.0796366333961489 -0.010483429301530121 -0.14918699860572812 0.00086586838006041955 -0.77992299199104298 42.422584533691413 -3346.2468261718745 0.040633000433444984 -1981.7054443359373 0.050115000456571586 45.190364837646491 0.58595949411392223 0.011790698859840633 -0.79247844219207753 0.10755496472120286 -0.5617450177669524 -14.176932811737059 0.0003761548141483218 0.66126251220703136 0.0034705591388046746 0.77549999952316295
decision_type=2 2 2 2 2 2 2 2 2 2 2 2 2 2 2 2 2 2 2 2 2 2 2 2 2
left_child=2 5 9 18 10 12 13 -8 23 20 -5 -6 -2 -7 -14 -10 -17 -11 24 -20 -1 -19 -22 -4 -3
right_child=1 3 8 4 11 6 7 -9 15 17 -12 -13 14 -15 -16 16 -18 21 19 -21 22 -23 -24 -25 -26
leaf_value=-0.0065249466259713444 -0.042683363045002989 -0.0009452501596128864 -0.010368451284279321 -0.0026667289230279424 0.0036723294548417443 0.025665593478522354 -0.0045029083366805393 0.012970485249604233 -0.031563998287807225 0.018816237828140566 0.022009816386158541 -0.029277121028280811 0.0051203205656385866 -0.010457819820341304 -0.020026207112827734 -0.023699454176674233 0.0075362982448726442 -0.039326645009550798 0.054490980489704438 0.026839647901582137 -0.040448108932037083 -0.013053277042284756 -0.0086400661779515702 -0.040475643800426592 0.023136561416863877
leaf_weight=28.342910811305046 40.202070295810699 24.425859987735748 31.066934868693352 86.360641300678253 96.978707790374756 31.117655098438263 260.9675091356039 555.99373826384544 28.490330755710602 27.175909519195557 361.23072803020477 62.437585100531578 108.5270898938179 338.34104572236538 124.08017952740192 34.814011439681053 350.45790733397007 29.266281172633171 50.724593982100487 118.80203646421432 153.69683060050011 301.27779458463192 21.737037107348442 38.012313798069954 24.435734048485756
leaf_count=120 164 101 140 347 393 125 1058 2249 117 113 1470 252 440 1389 503 143 1424 122 230 498 715 1273 101 181 103
internal_value=-2.83306e-06 0.00547605 -0.0119857 0.015649 0.0102231 -0.000284836 0.00280548 0.00737926 -0.00239463 -0.0201778 0.0172357 -0.00937368 -0.0136833 -0.0072666 -0.00830739 0.00192745 0.00458013 -0.0128972 0.0304551 0.0357105 -0.0326602 -0.0156321 -0.0367051 -0.027749 0.0113377
internal_weight=3328.96 2284.63 1044.34 825.396 607.008 1459.23 1186.42 816.961 482.841 561.497 447.591 159.416 272.809 369.459 232.607 413.762 385.272 357.72 218.388 169.527 203.777 330.544 175.434 69.0792 48.8616
internal_count=13771 9322 4449 3394 2462 5928 4821 3307 2005 2444 1817 645 1107 1514 943 1684 1567 1508 932 728 936 1395 816 321 204
is_linear=0
shrinkage=0.05


Tree=19
num_leaves=28
num_cat=0
split_feature=0 29 29 0 3 12 27 33 1 12 12 27 35 27 35 9 27 25 35 1 12 36 27 33 35 9 25
split_gain=80.0325 43.6053 33.7042 28.3506 25.7219 25.0606 26.352 23.7227 18.5344 17.2854 26.7019 17.4993 17.0433 20.2439 19.5423 16.0963 19.3147 18.9384 13.6832 13.0233 16.1111 7.3866 6.0598 6.01638 8.25256 4.6203 0.00326496
threshold=0.048949500545859344 0.25249999761581426 0.27449999749660497 -1.425040006637573 24.226932525634769 1.1405327916145327 0.020161684602499012 0.047006892040371902 0.64707750082016002 -1.4480097889900205 -1.1374243497848509 0.020406316034495834 15.225221157073976 0.019627368077635769 14.296813488006594 0.44116349518299108 0.02053242921829224 0.00087912584422156226 14.312402725219728 -0.77992299199104298 0.71271678805351268 0.0010169279412366452 0.025241885334253315 0.42982013523578649 14.708847999572756 0.34642449021339422 0.002242048736661673
decision_type=2 2 2 2 2 2 2 2 2 2 2 2 2 2 2 2 2 2 2 2 2 2 2 2 2 2 2
left_child=1 3 9 19 23 7 -7 -6 12 18 -11 -12 14 -14 -4 16 -5 -17 22 -1 -21 26 -2 24 -3 -23 -10
right_child=2 4 8 15 5 6 -8 -9 21 10 11 -13 13 -15 -16 17 -18 -19 -20 20 -22 25 -24 -25 -26 -27 -28
leaf_value=-0.052322783288192933 0.055783119453295942 -0.034265928027551983 0.013379226962759967 -0.021810507376724089 -0.01486974386560524 -0.033834481319215709 -0.00061931678697430621 0.01163021839177813 0.034131494874537753 -0.045419319249033446 -0.0083795472670856897 0.0096796750054784358 -0.014937022952836497 0.031841132295028683 -0.016424678855427716 -0.0046458954221254801 -0.00046734313434379244 0.036480598558313641 -0.0020924006520246486 -0.028534620907354286 -0.0042984438777280533 0.0095227150323207183 0.019877005429760813 -0.041330125470162481 0 0.038044283733586093 0.052150887569669548
leaf_weight=38.089995875954628 24.194844081997871 28.032713368535042 220.10899406671524 218.22675837576389 95.688397541642189 76.887858107686043 248.69050808250904 618.88371203839779 23.308882027864456 30.259324073791504 245.07525612413883 291.11548766493797 25.387098520994186 162.65820300579071 71.00812178850174 83.484290674328804 206.42859782278538 39.595081523060799 34.624563500285149 232.69920614361763 99.465795248746872 38.34443373978138 30.056567743420601 31.241381123661995 41.482323959469795 24.00396004319191 42.312681421637535
leaf_count=210 100 130 896 901 389 327 1023 2518 99 124 987 1177 102 682 287 341 854 161 139 1018 419 159 122 134 170 110 192
internal_value=-7.79983e-06 -0.00608667 0.00989204 -0.0141863 0.000435054 0.00279617 -0.00865255 0.00803605 0.0183615 0.00199821 -0.00122845 0.00140635 0.0137092 0.0253825 0.00601299 -0.00689497 -0.0115097 0.00887646 0.0222477 -0.0248508 -0.0213763 0.0352256 0.0374821 -0.0234224 -0.0143037 0.0215 0.047097
internal_weight=3321.36 2058.9 1262.46 917.99 1140.91 1040.15 325.578 714.572 607.132 655.326 566.45 536.191 479.162 188.045 291.117 547.735 424.655 123.079 88.876 370.255 332.165 127.97 54.2514 100.756 69.515 62.3484 65.6216
internal_count=13771 8595 5176 3904 4691 4257 1350 2907 2527 2649 2288 2164 1967 784 1183 2257 1755 502 361 1647 1437 560 222 434 300 269 291
is_linear=0
shrinkage=0.05


Tree=20
num_leaves=26
num_cat=0
split_feature=0 25 25 13 35 9 3 3 23 23 33 26 33 30 21 35 27 8 27 34 26 35 33 35 25
split_gain=72.6905 33.8501 27.2073 27.5409 25.5734 24.1424 24.9973 22.7162 22.4901 21.9376 20.5774 21.7146 19.4051 13.8345 13.4695 13.4143 11.1646 17.4059 11.1711 9.38592 9.31636 7.33493 7.33373 8.90811 4.58462
threshold=0.048949500545859344 0.0018048438942059877 0.0010381545289419594 0.053404500707983978 12.484073162078859 0.45272450149059301 36.547582626342781 24.226932525634769 -4.2393336296081534 0.66427600383758556 0.047006892040371902 1.0019854307174685 0.027682827785611156 -1.0000000180025095e-35 1.0000000180025095e-35 13.695339679718019 0.020572314038872722 -0.89658498764038075 0.020097524859011177 0.70006078481674205 1.0006600022315981 17.094521522521976 0.3910669088363648 14.733870983123781 0.00072160302079282712
decision_type=2 2 2 2 2 2 2 2 2 2 2 2 2 2 2 2 2 2 2 2 2 2 2 2 2
left_child=1 5 3 14 -4 6 20 22 -8 12 19 -12 -6 -7 -2 -11 18 -18 -5 -9 -1 -15 23 -3 -16
right_child=2 7 4 16 9 13 8 10 -10 15 11 -13 -14 21 24 -17 17 -19 -20 -21 -22 -23 -24 -25 -26
leaf_value=-0.040734566466161304 0.00079705619718067715 -0.031537201999468814 -0.031183628100247669 0.012571161315725214 -0.0091143927532293667 -0.013691961182291554 0.0032601612466978628 -0.030668379303859628 -0.015883393219217605 -0.0083566661854620489 0.00282229659437464 0.027454843321926194 0.024609632468982665 0.0078612202859921227 -0.052052549362557404 0.011789883898095835 -0.0045545700537490989 0.042239193606659675 -0.018738891887477915 -0.0033356466723437972 -0.0052138084743314746 0.046285049611768193 -0.040671636240213818 0.0053724184989543773 -0.023625892418105802
leaf_weight=107.88236129283905 37.099390625953674 27.578655987977982 29.041049063205719 57.426992043852806 45.297951206564903 27.685834303498268 202.61179882287979 55.005712494254112 612.31492346525192 112.71193139255047 703.38545255362988 100.87827011942863 483.47319850325584 24.900862112641335 27.759541183710098 291.89182297885418 33.869390547275543 43.774601697921753 52.583790302276611 73.286278873682022 23.756664589047432 26.714374735951424 33.581739172339439 34.643905997276306 44.420890346169472
leaf_count=505 149 129 118 232 185 114 831 227 2595 460 2877 411 2018 105 115 1191 136 180 211 299 107 108 145 142 181
internal_value=-8.89458e-06 -0.0058086 0.00943774 -0.00374761 0.0135155 -0.0122259 -0.0144541 0.000594727 -0.0111152 0.0149807 0.0030024 0.00598478 0.0216783 0.0139489 -0.023496 0.00613949 0.00782653 0.0220998 -0.00237275 -0.0154223 -0.034573 0.0289194 -0.0223214 -0.0113038 -0.0358018
internal_weight=3313.58 2054.23 1259.35 296.935 962.416 1025.87 946.566 1028.36 814.927 933.375 932.556 804.264 528.771 79.3011 109.28 404.604 187.655 77.644 110.011 128.292 131.639 51.6152 95.8043 62.2226 72.1804
internal_count=13771 8595 5176 1204 3972 4365 4038 4230 3426 3854 3814 3288 2203 327 445 1651 759 316 443 526 612 213 416 271 296
is_linear=0
shrinkage=0.05


Tree=21
num_leaves=24
num_cat=0
split_feature=1 25 10 1 35 27 35 32 27 35 27 25 27 35 27 20 27 28 31 6 32 32 27
split_gain=68.4611 36.2881 28.3093 25.5751 18.5067 25.3181 34.8774 26.2451 16.9335 19.5323 15.5089 13.8897 18.8892 35.1311 12.6333 16.7843 10.3442 10.2026 9.64879 11.1757 6.03951 7.11071 4.13742
threshold=-0.45222748816013331 0.0015505627379752698 4.5234875679016122 -0.77992299199104298 13.232251167297365 0.020527429878711704 15.584248542785646 -0.0069673610851168624 0.019719298928976062 12.923820495605471 0.019312639720737938 0.0030117084970697765 0.019869999028742317 20.695599555969242 0.02520827762782574 -2.4564279317855831 0.026743670925498012 -0.5735073685646056 -0.021661338396370407 0.051688499748706825 0.020534548908472065 -0.016371052712202069 0.020701016299426559
decision_type=2 2 2 2 2 2 2 2 2 2 2 2 2 2 2 2 2 2 2 2 2 2 2
left_child=3 4 8 20 -2 7 -7 -6 10 -10 -3 12 13 -5 17 -16 -14 -13 -4 -20 21 -1 -23
right_child=1 2 18 11 5 6 -8 -9 9 -11 -12 14 16 -15 15 -17 -18 -19 19 -21 -22 22 -24
leaf_value=-0.012838825179176014 -0.034456072027450005 0.0067971741242688066 0.0032565120303592633 0.022201557942332088 -0.030425283786544945 -0.0015957265571907844 0.02881167398690402 -0.0025776857338801733 -0.012052521906010312 0.010855453053252695 -0.038810948967449604 -0.027917676590336393 -0.01775385069211469 -0.020830421375663752 0.044981603394713743 -0.00087149671576835911 0.0086710623350223209 0.0032519381828885387 0.0078832188542267857 0.036539541410678118 -0.0078501983896970117 -0.058833258030867946 -0.029037004349766988
leaf_weight=23.184223279356956 41.136189624667168 35.165820017457008 41.557303532958031 101.89379833638668 106.37586227059364 303.27758565545082 134.37781451642513 392.53815120458603 101.96845830976963 879.60762277245522 35.797455251216888 35.839815691113472 499.5163212865591 85.200727343559265 33.348917663097382 44.710259720683098 38.294448748230934 83.235634788870811 46.296524658799171 155.11573188006878 21.545151278376579 37.121061518788338 29.684652373194695
leaf_count=114 173 143 177 421 434 1246 545 1593 412 3592 145 147 2140 358 134 180 162 339 190 672 104 207 143
internal_value=-1.39474e-05 0.00483375 0.010317 -0.0106742 -0.0024278 -0.000939971 0.00780642 -0.00863294 0.006726 0.00844588 -0.016506 -0.00788294 -0.0110802 0.00253935 0.00381714 0.0192276 -0.0158286 -0.00635322 0.0256502 0.030144 -0.0331159 -0.0387541 -0.0469677
internal_weight=3306.79 2273.21 1295.51 1033.58 977.706 936.569 437.655 498.914 1052.54 981.576 70.9633 922.04 724.905 187.095 197.135 78.0592 537.811 119.075 242.97 201.412 111.535 89.9899 66.8057
internal_count=13771 9322 5331 4449 3991 3818 1791 2027 4292 4004 288 3881 3081 779 800 314 2302 486 1039 862 568 464 350
is_linear=0
shrinkage=0.05


Tree=22
num_leaves=24
num_cat=0
split_feature=1 25 10 5 1 26 6 25 35 31 35 33 31 1 6 25 21 32 25 33 32 32 35
split_gain=62.0769 32.8581 30.3373 26.1597 23.8893 21.1907 20.4895 20.1379 19.7232 19.4211 15.2362 13.6585 12.8482 17.0762 13.3531 12.6199 14.7962 12.8961 11.4464 9.58488 5.69448 6.77301 3.32713
threshold=-0.45222748816013331 0.0014032828621566298 1.7088354825973513 -1.3247449994087217 -0.77992299199104298 1.0016918778419497 0.039123499765992172 0.00087912584422156226 20.315958976745609 0.026502203196287159 14.312402725219728 1.0305206775665285 -0.021661338396370407 0.34989750385284429 0.051688499748706825 0.0023129570763558154 0.28904999792575842 -0.035140305757522576 0.00049826031317934405 0.053669212386012084 0.020534548908472065 -0.016371052712202069 17.498539924621586
decision_type=2 2 2 2 2 2 2 2 2 2 2 2 2 2 2 2 2 2 2 2 2 2 2
left_child=4 3 5 10 20 9 8 -8 -5 -3 -2 15 13 -4 -14 16 -6 -17 -12 -7 21 -1 -23
right_child=1 2 12 6 11 19 7 -9 -10 -11 18 -13 14 -15 -16 17 -18 -19 -20 -21 -22 22 -24
leaf_value=-0.012311151222663977 0.037459166923373269 0.0043390742627710949 -0.028137935372351593 0.047558307005691747 -0.0031287004998421294 -0.00060748149371316995 -0.025225413226444695 -0.0049288474733633486 -0.0013205905724998069 -0.022337548796741522 -0.013170404150970431 -0.035854092140336281 0.0084192618362538326 0.025948144954604603 0.033285907511373794 -0.025540778359968954 -0.019372266639638897 0.0055753442436654822 0.015007204471019657 0.028334490621158937 -0.0075132032963412523 -0.029470461185250131 -0.057209557515106792
leaf_weight=23.058045044541359 45.211482509970665 863.73574277758598 25.966729775071144 26.881208047270775 308.52192583680153 36.022337168455124 185.49089509248734 359.62894819676876 70.658473029732704 72.005772173404694 54.607415422797203 38.845723062753677 77.052335366606712 28.517995670437813 203.80937775969505 35.759349465370178 259.1176685988903 277.65370677411556 96.727193132042885 124.13867573440075 21.47743022441864 30.268714353442192 35.061750322580338
leaf_count=114 187 3522 106 108 1305 146 767 1470 283 294 221 167 315 124 876 145 1134 1130 392 511 104 147 203
internal_value=-1.82256e-05 0.00459664 0.00919968 -0.00324508 -0.0101921 0.00514104 -0.00813508 -0.0119205 0.0127345 0.00223237 0.0126146 -0.00750592 0.0223244 0 0.026607 -0.00616635 -0.0106031 0.00185396 0.00473524 0.0218362 -0.0320575 -0.0376127 -0.0457632
internal_weight=3300.22 2270.45 1431.25 839.206 1029.76 1095.9 642.66 545.12 97.5397 935.742 196.546 919.898 335.346 54.4847 280.862 881.053 567.64 313.413 151.335 160.161 109.866 88.3885 65.3305
internal_count=13771 9322 5894 3428 4449 4473 2628 2237 391 3816 800 3881 1421 230 1191 3714 2439 1275 613 657 568 464 350
is_linear=0
shrinkage=0.05


Tree=23
num_leaves=28
num_cat=0
split_feature=1 29 29 0 28 5 0 22 33 1 32 1 29 7 25 23 33 35 6 33 1 35 15 31 6 33 13
split_gain=57.2323 32.3408 29.3522 24.8371 21.7453 19.6824 18.9142 22.0322 15.3763 14.8213 14.7263 19.9971 15.073 14.3081 15.1562 14.1286 14.2132 13.4206 13.2745 12.9206 12.4838 11.6839 11.4626 11.2876 6.71398 5.55478 2.32441
threshold=0.031178500503301624 0.25550000369548803 0.28949999809265142 -1.2172889709472654 -0.7740812599658965 0.32699500024318701 -2.1030044555664058 -4.4792044162750235 0.011790698859840633 0.64707750082016002 -0.0069673610851168624 0.081916501745581641 0.19549999386072162 24.397939682006839 0.00040012289537116891 1.0000000180025095e-35 0.027682827785611156 18.523162841796879 0.050851000472903259 0.24514373391866687 -0.77992299199104298 20.41665077209473 -1.0000000180025095e-35 0.020588409155607227 0.05413199961185456 0.06193607114255429 -0.33842949569225306
decision_type=2 2 2 2 2 2 2 2 2 2 2 2 2 2 2 2 2 2 2 2 2 2 2 2 2 2 2
left_child=1 3 5 20 19 10 8 -8 -6 15 12 -12 -2 21 -15 16 -4 24 -19 -3 -1 -5 -17 -22 -7 -11 -27
right_child=2 4 9 13 6 17 7 -9 -10 25 11 -13 -14 14 -16 22 -18 18 -20 -21 23 -23 -24 -25 -26 26 -28
leaf_value=-0.048879719626413291 -0.035939078314473169 -0.0045538497853867144 -0.012614190328649383 -0.0091180896112278628 -0.041211790867048737 -0.050730236239736354 0.027923346355611924 0.00353329188515985 -0.0033892471812677831 0.0085040823496226759 0.037668114512131645 0.0054360322850495676 0.0058290320668262716 -0.025662870658504366 0.0077610551157145258 0.012468702147972265 0.026383499943478019 -0.019182135784413749 0.02172076051558779 -0.043628368518570104 -0.015439082356474863 -0.043654357463933119 -0.010857194210542903 -0.04834087100687439 -0.015498362342669486 0.026589287389902679 0.045930529025852533
leaf_weight=34.681845262646675 37.500690788030624 45.421710789203644 25.046517893671989 176.18425683677197 27.243866801261902 26.926023334264755 109.43326811492443 561.66366294026375 352.46516038477421 22.084169402718544 53.08114992082119 401.69558371603489 45.894264429807663 37.274571657180786 244.5621844381094 136.29055938124657 189.22579337656498 43.381636753678322 33.196020409464836 39.598879769444466 384.65556140244007 27.157324463129044 82.843903124332428 27.005028128623962 32.385254830121994 44.616632953286171 51.943390876054764
leaf_count=210 152 188 102 727 118 112 445 2279 1495 94 218 1630 186 156 1005 555 803 176 134 166 1679 113 337 119 131 194 247
internal_value=-2.09954e-05 -0.00509862 0.00852661 -0.0119939 0.000558761 0.00149764 0.00255186 0.0075965 -0.0063309 0.0170546 0.00581086 0.00936848 -0.0132378 -0.00410909 0.00315563 0.0126254 0.0217043 -0.0153484 -0.00122213 -0.0234524 -0.020486 -0.0141595 0.00358667 -0.0178449 -0.0327891 0.0326743 0.0378161
internal_weight=3293.46 2067.35 1226.11 931.521 1135.83 674.061 1050.81 671.097 379.709 552.051 538.172 454.777 83.395 485.178 281.837 433.407 214.272 135.889 76.5777 85.0206 446.342 203.342 219.134 411.661 59.3113 118.644 96.56
internal_count=13771 8700 5071 4009 4691 2739 4337 2724 1613 2332 2186 1848 338 2001 1161 1797 905 553 310 354 2008 840 892 1798 243 535 441
is_linear=0
shrinkage=0.05


Tree=24
num_leaves=23
num_cat=0
split_feature=29 20 3 35 18 33 35 27 18 30 35 27 27 25 31 5 18 20 35 25 3 35
split_gain=52.4742 47.2677 29.1988 28.2073 29.0408 24.9181 21.5646 43.8704 34.4077 20.9224 20.4519 17.4923 27.204 16.6328 19.5661 16.2765 15.4513 12.6698 12.2812 7.01801 6.73493 2.6366
threshold=0.37250000238418585 -0.14918699860572812 24.226932525634769 20.101513862609867 0.47407850623130804 0.011790698859840633 19.764646530151371 0.020364784635603431 0.37212000787258154 -0.034025825560092919 12.923820495605471 0.019794011488556865 0.019869999028742317 0.00086586838006041955 0.0059437635354697713 0.40487648546695715 0.20391699671745303 0.65623000264167797 16.963280677795414 0.0037386005278676753 42.329292297363288 14.708847999572756
decision_type=2 2 2 2 2 2 2 2 2 2 2 2 2 2 2 2 2 2 2 2 2 2
left_child=1 6 19 5 -5 16 11 8 -8 18 -7 -1 -13 14 -11 -15 -4 -6 -3 -2 -9 -21
right_child=2 9 3 4 17 10 7 20 -10 13 -12 12 -14 15 -16 -17 -18 -19 -20 21 -22 -23
leaf_value=-0.053760927789370361 0.00024231953276798455 -0.044769420169483515 -0.037712579732107843 -0.044662190970830393 -0.010209007654225262 -0.0068986792600957293 -0.060987249258689938 0.018424230457137383 -0.0025319611904593901 -0.00079430432510932218 0.020083491290469168 0.039323565639725049 -0.015553091935733144 0.013657700252497851 -0.045409407002430582 -0.0036928738074525833 0.0050015966360582448 0.028639620972951026 -0.00012291245345089129 -0.043389448000980727 0.055760363946398918 -0.017586348826511316
leaf_weight=27.20255035161972 26.95225565135479 32.32486554980278 30.928695917129517 40.206134796142578 47.736254677176476 76.430271878838539 26.202803641557693 26.233364462852478 240.85646782815456 253.29310691356659 703.48013009130955 21.274107426404953 804.52914941310883 523.5997156649828 25.287452682852745 179.87533894181252 57.325693115592003 34.214971512556076 28.781062558293343 23.048012927174568 29.039929896593094 27.409163147211075
leaf_count=128 115 131 131 166 193 314 114 106 1006 1033 2943 91 3486 2132 104 734 236 144 117 117 117 113
internal_value=-2.69116e-05 -0.00441262 0.00906745 0.0113942 -0.0109183 0.0145631 -0.011282 -0.000227972 -0.00871523 0.00332433 0.0174156 -0.015437 -0.0140357 0.00511653 -0.00517458 0.00920917 -0.0103607 0.00618723 -0.0245696 -0.020111 0.039477 -0.0307683
internal_weight=3286.23 2218.5 1067.73 990.322 122.157 868.165 1175.34 322.333 267.059 1043.16 779.91 853.006 825.803 982.056 278.581 703.475 88.2544 81.9512 61.1059 77.4094 55.2733 50.4572
internal_count=13771 9299 4472 4127 503 3624 5048 1343 1120 4251 3257 3705 3577 4003 1137 2866 367 337 248 345 223 230
is_linear=0
shrinkage=0.05


Tree=25
num_leaves=22
num_cat=0
split_feature=1 1 27 2 25 18 10 27 1 27 1 25 27 7 27 23 34 7 27 25 25
split_gain=48.0068 28.4243 34.996 42.5908 20.8515 19.349 19.2313 17.145 16.6168 21.4648 17.3372 17.0719 13.9769 12.9619 10.1397 6.37669 9.02283 8.36107 3.51384 3.36054 4.90765
threshold=0.031178500503301624 -0.77992299199104298 0.026927873492240909 3701.428100585938 0.0027928316267207269 0.15207350254058841 7.3034453392028817 0.02053242921829224 0.081916501745581641 0.020572314038872722 0.69034299254417431 0.0013477415195666256 0.020613806322216991 25.983625411987308 0.020527429878711704 0.57655000686645519 0.6404588818550111 29.694545745849613 0.027419044636189941 0.0015409106854349377 0.0034705591388046746
decision_type=2 2 2 2 2 2 2 2 2 2 2 2 2 2 2 2 2 2 2 2 2
left_child=1 19 6 18 8 -6 7 -3 9 11 12 -2 -10 -8 -12 16 -7 -17 -4 -1 -21
right_child=4 2 3 -5 5 15 13 -9 10 -11 14 -13 -14 -15 -16 17 -18 -19 -20 20 -22
leaf_value=-0.044164041906840326 -0.025248250599570716 -0.012846938956221528 -0.008115344559562419 0.079828915005791812 -0.011684848771386695 0.010245711467045143 -0.0031152450184941251 -0.0024467924967044581 0.0061701926625680574 0.050693524737951294 0.0059945139510187567 0.031212844653297406 -0.0079722033403793729 0.02223205852063196 0.033356019242991218 0.024829355988378553 0.040311982110828815 -0.0026842433097926817 0.014325075837890664 -0.0092667869878094982 -0.035623857284871427
leaf_weight=30.893803432583809 25.809898540377617 655.97320495545864 27.888775274157524 24.769201666116714 41.407348051667213 37.15113028883934 97.014493346214294 1007.1409029960632 325.55232349038124 39.913502275943756 81.911149948835373 23.781782209873199 371.8517040759325 100.78015765547752 58.51606622338295 79.755163714289665 95.325127139687538 40.216443911194801 39.330553591251373 39.136119142174721 35.906315580010414
leaf_count=191 104 2758 113 101 167 164 401 4190 1324 168 333 101 1523 409 252 334 431 170 160 193 184
internal_value=-3.34958e-05 -0.00469391 -0.00330405 0.026455 0.00781025 0.0193808 -0.00480729 -0.00656538 0.0040992 0.0243409 0.00187207 0.00179431 -0.00135739 0.00984291 0.0177746 0.0245673 0.0322325 0.0156316 0.00490478 -0.0296869 -0.0226053
internal_weight=3280.03 2058.83 1952.9 91.9885 1221.19 293.855 1860.91 1663.11 927.336 89.5052 837.831 49.5917 697.404 197.795 140.427 252.448 132.476 119.972 67.2193 105.936 75.0424
internal_count=13771 8700 8132 374 5071 1266 7758 6948 3805 373 3432 205 2847 810 585 1099 595 504 273 568 377
is_linear=0
shrinkage=0.05


Tree=26
num_leaves=25
num_cat=0
split_feature=29 20 22 35 18 33 35 29 35 31 32 31 29 16 35 2 35 18 2 4 31 29 12 34
split_gain=45.7608 40.1335 25.6535 24.2908 26.0332 23.0134 19.9324 27.6192 19.1917 18.5145 17.9442 16.471 20.5429 18.3296 14.9223 13.7847 13.459 13.0001 10.8263 8.62903 8.29154 7.55506 5.82541 4.23722
threshold=0.37250000238418585 -0.14918699860572812 -13.462041854858397 20.101513862609867 0.47407850623130804 0.011790698859840633 19.764646530151371 0.25450000166893011 19.214126586914066 -0.012201181612908838 0.0082155545242130774 0.0034475330030545597 0.18750000000000003 -0.60785751044750203 20.695599555969242 2590.5112304687505 19.565025329589847 0.20391699671745303 2987.780883789063 -1350.1771240234373 -0.020336923189461228 0.24450000375509265 0.25192940980196005 0.68998205661773693
decision_type=2 2 2 2 2 2 2 2 2 2 2 2 2 2 2 2 2 2 2 2 2 2 2 2
left_child=1 6 23 5 -5 17 10 14 -7 18 16 13 -13 -11 -8 -6 -1 -4 21 -12 -20 -3 -9 -2
right_child=2 9 3 4 15 8 7 22 -10 11 19 12 -14 -15 -16 -17 -18 -19 20 -21 -22 -23 -24 -25
leaf_value=-0.0090724511433474594 -0.011225558490327178 -0.013491704428836945 -0.036014895737182376 -0.04242624655240726 -0.023451021857119926 0.013524956309202736 0.00097552624212104391 0.037953274169794632 0.042803045014467536 0.0025150936225188129 -0.040891388954853419 -0.027478728952815959 0.0036340076117032864 0.019441199759719238 -0.024604195794545234 0.019519159186858179 -0.041053226950548659 0.0031704434738950814 -0.044882752876985343 -0.017467632115987106 -0.0077545253606864043 0.020691223288162058 0.0079562837049821939 -0.04124048686367808
leaf_weight=644.87058122456074 29.84029346704483 39.213305205106735 30.689562976360321 40.206144437193871 25.437837451696396 740.95052915811539 164.22569644451141 44.080129131674767 59.645256027579308 380.71933777630329 80.658374831080437 71.938303589820862 185.19667825102806 276.73125141859055 84.65800629556179 56.107362225651741 33.14521262049675 58.120490834116936 34.700954556465149 89.328509777784348 28.424964711070061 24.59435498714447 28.426712810993195 21.899309709668159
leaf_count=2822 138 160 131 166 104 3108 686 178 247 1553 345 294 756 1130 363 233 141 240 141 397 116 101 116 105
internal_value=-2.66983e-05 -0.00412796 0.00848659 0.0102653 -0.010504 0.0131369 -0.0104797 9.58046e-05 0.0158199 0.00300047 -0.0144903 0.00549866 -0.00517667 0.00969208 -0.00781236 0.00575451 -0.0107667 -0.0107554 -0.014728 -0.0289866 -0.0290694 0 0.0268563 -0.0251778
internal_weight=3273.81 2210.91 1062.9 1011.16 121.751 889.406 1169.39 321.391 800.596 1041.52 848.003 914.586 257.135 657.451 248.884 81.5452 678.016 88.8101 126.934 169.987 63.1259 63.8077 72.5068 51.7396
internal_count=13771 9299 4472 4229 503 3726 5048 1343 3355 4251 3705 3733 1050 2683 1049 337 2963 371 518 742 257 261 294 243
is_linear=0
shrinkage=0.05


Tree=27
num_leaves=19
num_cat=0
split_feature=0 35 0 33 32 9 35 33 28 35 0 31 33 18 0 12 4 34
split_gain=40.3913 20.1036 20.4491 17.7006 19.2565 26.7481 33.9006 17.1246 15.0198 15.9305 14.6072 12.2161 11.0206 10.886 10.8397 21.6659 9.03018 6.22187
threshold=0.048949500545859344 12.484073162078859 2.7174900770187382 0.99556183815002453 -0.016371052712202069 0.4505975097417832 13.992612361907961 0.14550138264894488 -0.35013562440872187 13.346630096435549 -4.1545875072479239 -0.0084970793686807138 0.90054523944854747 0.37212000787258154 -1.8704065084457395 0.95423606038093578 -1981.7054443359373 0.70054981112480175
decision_type=2 2 2 2 2 2 2 2 2 2 2 2 2 2 2 2 2 2
left_child=3 -2 7 4 8 10 -7 11 16 -10 -6 -3 -9 -4 -5 -16 -1 -15
right_child=1 2 13 14 5 6 -8 12 9 -11 -12 -13 -14 17 15 -17 -18 -19
leaf_value=-0.049629005388522392 -0.03119769793102356 -0.024482767295675164 0.0015671609472380204 -0.046842838023436036 -0.020194088001111297 0.067495841145414945 0.0076340065080783273 0.011109925250728715 0.021685235019475241 -0.012916218367589428 -0.0020236093101770624 0.00037581230662790389 -0.010153083251754791 0.0212302937556028 0.010812365095595137 -0.047033277192454481 -0.017620379025674843 0.044406233157744557
leaf_weight=36.905928120017052 31.409748181700706 61.799525231122971 45.135788112878799 34.445520475506783 119.6761431992054 25.072798669338226 198.80437675118446 683.28567919135094 38.010981559753418 194.0643792450428 1250.8648100048304 215.72476178407669 64.848904654383659 90.845849797129631 39.733438685536385 24.477167040109634 63.198456645011902 50.107680961489677
leaf_count=160 130 254 191 159 587 105 821 2820 159 811 5258 882 268 403 166 102 267 228
internal_value=-3.26369e-05 0.00705228 0.00810177 -0.00438916 -0.00331155 -0.00101615 0.0149207 0.00529805 -0.0142272 -0.00706936 -0.00364466 -0.00525953 0.00923134 0.0232811 -0.0248498 -0.0118421 -0.0302601 0.0300451
internal_weight=3268.41 1243.16 1211.75 2025.25 1926.6 1594.42 223.877 1025.66 332.18 232.075 1370.54 277.524 748.135 186.089 98.6561 64.2106 100.104 140.954
internal_count=13771 5176 5046 8595 8168 6771 926 4224 1397 970 5845 1136 3088 822 427 268 427 631
is_linear=0
shrinkage=0.05


Tree=28
num_leaves=24
num_cat=0
split_feature=25 21 2 35 27 23 9 25 5 17 11 35 3 27 27 5 2 4 35 12 25 5 27
split_gain=28.7534 21.3073 24.9506 20.427 93.6597 49.095 28.1343 22.7402 36.1263 19.8124 18.8829 23.4709 17.0973 16.4815 15.4275 24.3646 13.569 10.9987 10.7346 7.0107 10.1408 10.8464 5.09571
threshold=0.00087912584422156226 1.0000000180025095e-35 3078.000854492188 17.094521522521976 0.020521755330264572 -5.9151499271392813 0.44413100183010107 0.0023129570763558154 -1.099633455276489 -0.5617450177669524 1.0000000180025095e-35 14.019878387451174 52.431823730468757 0.026824845001101497 0.020514495670795444 -1.4827364683151243 2635.5971679687505 -1125.179016113281 13.281227111816408 -0.48594704270362848 0.0003761548141483218 -1.8025404810905454 0.020931574515998367
decision_type=2 2 2 2 2 2 2 2 2 2 2 2 2 2 2 2 2 2 2 2 2 2 2
left_child=1 2 14 7 5 -5 -7 8 18 -6 11 -9 -10 -12 16 -16 -1 -11 -2 22 -21 -22 -3
right_child=3 19 -4 4 9 6 -8 10 12 17 13 -13 -14 -15 15 -17 -18 -19 -20 20 21 -23 -24
leaf_value=0.0084115009805851831 -0.011139638495693141 -0.044432208245213919 -0.035040803979227396 -0.051030976918906158 0.06416053514417934 -0.0013248876811289183 0.029300371183482433 0.023501783516583261 -0.013281625415174884 0.019112762407593312 -0.0066074383828803838 0 0.01407256693551856 0.017634534724011663 6.6016329875242031e-05 0.06253021690405193 -0.032239327560312364 0.04955383650055175 0.018777951545789415 -0.036817112724504671 0.01465405884783094 -0.015145376385711352 -0.013014558116858234
leaf_weight=81.643961638212204 35.217092514038086 39.941444635391235 35.549891754984856 43.366265550255775 51.609919488430023 555.31624063849449 84.594894379377365 222.56384609639645 712.50841635465622 115.3774639070034 380.85760965943336 200.31630715727806 60.126779675483704 83.745292767882347 33.579879343509674 27.71344718337059 25.17734269797802 41.826689302921295 154.65934769809246 42.164912730455399 34.786640405654907 177.78831045329571 23.366370216012001
leaf_count=331 153 177 149 198 215 2315 352 935 3044 482 1584 852 246 365 138 114 101 177 638 183 143 775 104
internal_value=-3.35052e-05 -0.0107724 0.00180853 0.00201241 0.0082191 -0.000753277 0.0027868 -0.000980781 -0.00630204 0.0373544 0.00478029 0.0124026 -0.0111092 -0.0021595 0.00997991 0.0295503 -0.00149427 0.0277957 0.0131186 -0.0188209 -0.0148396 -0.0101311 -0.033743
internal_weight=3263.8 521.712 203.665 2742.09 892.091 683.277 639.911 1849.99 962.512 208.814 887.483 422.88 772.635 464.603 168.115 61.2933 106.821 157.204 189.876 318.048 254.74 212.575 63.3078
internal_count=13771 2215 833 11556 3739 2865 2667 7817 4081 874 3736 1787 3290 1949 684 252 432 659 791 1382 1101 918 281
is_linear=0
shrinkage=0.05


Tree=29
num_leaves=24
num_cat=0
split_feature=29 20 1 30 10 35 35 31 31 25 25 10 3 30 30 36 34 30 29 30 25 34 26
split_gain=39.3149 33.3741 29.296 20.73 19.1344 23.8597 22.3236 16.9215 15.8198 15.6358 14.6747 12.1736 10.2859 9.94923 12.3891 7.82696 9.75048 7.53069 5.61028 4.43486 4.3796 1.48325 0.250335
threshold=0.25249999761581426 -1.2172889709472654 0.64707750082016002 -0.020364074967801567 -5.6725525856018058 16.397701263427738 14.019878387451174 0.015293638221919538 -0.006870078155770897 0.00086586838006041955 0.0011885358253493907 5.2584295272827157 51.577684402465827 0.022004622966051105 -1.0000000180025095e-35 -0.00077604991383850564 0.69393301010131847 -0.039900654926896088 0.40150000154972082 0.0027061158325523142 0.0029550135368481283 0.65002748370170604 1.0000286102294924
decision_type=2 2 2 2 2 2 2 2 2 2 2 2 2 2 2 2 2 2 2 2 2 2 2
left_child=1 11 3 12 6 -6 -5 8 10 -10 -3 13 17 14 -1 -4 21 -2 -14 -9 -18 -17 -13
right_child=2 7 15 4 5 -7 -8 19 9 -11 -12 22 18 -15 -16 16 20 -19 -20 -21 -22 -23 -24
leaf_value=-0.026341962650820124 -0.018835990199054468 -0.03389701509048184 0.044963901420064095 0.0092354641038201093 0.0037563043881942149 0.023675016199175086 -0.0089332850085832721 -0.0096287733249791601 -0.0045409217676544225 0.0091402316162933119 -0.00085239863671270543 -0.048828029345311101 -0.0064265820408064694 -0.036924517894520663 -0.0052861887901216814 0.010282711805736654 0.0155404901519444 -0.0026857820645829365 0.023519277799049061 -0.03398917334652652 0.048992586908827546 -0.0070677664028415011 -0.028843166554623035
leaf_weight=98.900518581271172 156.72993034124374 57.336675971746445 42.664406821131706 339.99238830804825 347.68966183066368 266.08250540494919 332.29804348945618 38.678909540176392 369.60916236042976 473.59449225664139 79.18263253569603 25.850401058793068 25.26443575322628 43.354590997099876 237.45806786417961 21.874144211411476 22.442899599671364 136.77027341723442 34.801384419202805 42.155217781662941 22.966953352093697 23.126261159777641 19.349370017647743
leaf_count=445 666 235 202 1403 1435 1126 1382 159 1533 1939 324 136 103 193 1087 99 99 574 143 173 110 103 102
internal_value=-3.00676e-05 -0.00602871 0.0049921 0.00313729 0.00608858 0.0124566 0.000240369 -0.00126433 0.000559282 0.00313486 -0.015092 -0.0178352 -0.00754351 -0.014719 -0.0116259 0.0273866 0.0181901 -0.011413 0.0109613 -0.0229674 0.0340235 0.001232 -0.0420693
internal_weight=3258.17 1485.47 1772.7 1639.63 1286.06 613.772 672.29 1060.56 979.723 843.204 136.519 424.913 353.566 379.713 336.359 133.075 90.4103 293.5 60.0658 80.8341 45.4099 45.0004 45.1998
internal_count=13771 6326 7445 6832 5346 2561 2785 4363 4031 3472 559 1963 1486 1725 1532 613 411 1240 246 332 209 202 238
is_linear=0
shrinkage=0.05


Tree=30
num_leaves=23
num_cat=0
split_feature=29 0 22 2 29 32 6 12 0 32 31 12 12 3 6 12 32 32 32 25 36 28
split_gain=36.9044 30.0462 21.5373 17.78 34.1044 20.1708 19.2723 17.3645 18.1271 17.2196 14.7411 14.6835 14.2967 12.5102 12.1304 11.5553 11.3791 14.2299 13.9845 7.25135 7.18995 2.61002
threshold=0.37250000238418585 -1.8333045244216917 -13.462041854858397 2910.2458496093755 0.25550000369548803 0.0057931276969611653 0.046142000705003745 1.0796366333961489 3.8205720186233525 -0.0057576417457312337 0.044163398444652564 -0.62891384959220875 1.8472125530242922 36.975145339965827 0.055904000997543342 0.38117140531539923 0.00063270318787544977 -0.011939111631363629 0.018008492887020115 0.0039555993862450132 -0.0034013913245871659 0.64276582002639782
decision_type=2 2 2 2 2 2 2 2 2 2 2 2 2 2 2 2 2 2 2 2 2 2
left_child=1 13 19 4 9 6 -5 10 14 -3 15 -7 -6 20 -9 -4 17 -15 -18 -2 -1 -22
right_child=2 3 7 5 12 11 -8 8 -10 -11 -12 -13 -14 16 -16 -17 18 -19 -20 -21 21 -23
leaf_value=0.0012516887716219763 0 -0.016661933332742029 0.012405018411163173 -0.022143685139257178 0.029423490696763418 -0.046240475883622206 0.0017284632276194367 -0.018518069185710914 0.038984349002163798 0.0025856088388210279 -0.013203363868587678 -0.012387706723177625 -0.0032577831612142141 -0.02084849845994222 0.0029131232518039476 0.029369936430987634 -0.035378944385865585 0.0090840320236148658 0.0013546901449155212 -0.038316861225342107 -0.032868635304800782 -0.012214941310950599
leaf_weight=20.287803873419762 20.689263671636581 140.28888282179832 479.42705595493317 98.855873197317123 152.41765221953392 43.249215304851532 518.53377681970596 89.061689704656601 25.909448429942131 630.43571919202805 44.268075540661812 122.93193851411343 41.565412268042564 57.212114289402962 236.96761445701122 129.49918588995934 65.590047299861908 118.3839888125658 40.95531590282917 30.173220738768578 123.25386990606785 22.962310835719109
leaf_count=92 91 580 1987 414 622 176 2159 380 145 2604 185 507 172 255 986 546 297 521 183 152 609 108
internal_value=-3.21678e-05 -0.00372704 0.00763782 -0.000752771 0.00378191 -0.00634387 -0.00213694 0.00926514 0.000276565 -0.000938985 0.0140773 -0.0217026 0.022408 -0.0152402 -0.00298798 0.0161136 -0.00867168 -0.000737131 -0.0214019 -0.0234655 -0.0260762 -0.0299012
internal_weight=3252.92 2196.92 1056 1748.28 964.708 783.571 617.39 1005.13 351.939 770.725 653.194 166.181 193.983 448.645 326.029 608.926 282.141 175.596 106.545 50.8625 166.504 146.216
internal_count=13771 9299 4472 7234 3978 3256 2573 4229 1511 3184 2718 683 794 2065 1366 2533 1256 776 480 243 809 717
is_linear=0
shrinkage=0.05


Tree=31
num_leaves=25
num_cat=0
split_feature=29 20 35 1 32 9 1 32 9 31 25 28 30 30 1 36 32 34 35 20 32 34 26 26
split_gain=33.4742 28.433 24.4542 23.4707 17.9049 25.482 16.6325 17.5021 16.5933 16.0456 15.7281 14.8051 11.5497 15.8232 9.56028 8.97496 7.46578 5.84033 5.39865 4.83451 4.32782 3.06891 1.3136 0.216368
threshold=0.29850000143051153 -1.425040006637573 13.232251167297365 0.64707750082016002 -0.007631185930222272 0.45272450149059301 -0.77506297826766957 -0.016371052712202069 0.38069950044155126 -0.013761434704065321 0.0020247387001290922 -0.68554368615150441 0.0094559523276984709 0.0018143057823181155 -0.46698449552059168 0.0010169279412366452 0.0089226532727479952 0.70054981112480175 14.847766399383547 -0.73244249820709217 0.023034472018480304 0.69633987545967113 0.99996113777160656 1.0003975033760073
decision_type=2 2 2 2 2 2 2 2 2 2 2 2 2 2 2 2 2 2 2 2 2 2 2 2
left_child=1 10 19 6 8 -6 16 11 -4 -9 12 -8 13 -1 18 23 22 -17 -12 21 -14 -3 -2 -5
right_child=3 2 4 15 5 -7 7 9 -10 -11 14 -13 20 -15 -16 17 -18 -19 -20 -21 -22 -23 -24 -25
leaf_value=-0.018422094033991067 -0.036740783133527674 -0.026290855225687883 0.00038709586536705412 0.048485241353639234 0.0016025861812896305 0.033222696451539843 -0.040580408312437116 -0.0020165516886751244 -0.026301288767865416 0.012278761896600833 0.0084557107258403236 -0.0019165861878356659 -0.042308916032437957 0.019033871233849406 0.030511275479362929 -0.00021489947480463759 0.0023378597611733967 0.031279027943456043 -0.023563812282687432 -0.042615164289123514 -0.013842232068619738 -0.0026779179601592895 -0.016551315006828271 0.029438579892104778
leaf_weight=267.5634872764349 29.219963699579239 32.733466565608978 128.35174076259136 31.510800078511238 953.28269851207733 66.386473506689072 25.453180655837059 268.75733159482479 103.4470184892416 709.97812823951244 25.530606895685196 262.97623056173325 63.213828980922699 29.607020571827888 23.742404714226723 33.763925462961197 27.580102264881134 23.241135507822037 23.072547912597656 29.327082201838493 21.514153853058815 25.310719266533852 21.740677565336227 20.293673619627953
leaf_count=1262 148 141 527 155 3923 271 106 1111 427 2932 112 1082 298 135 97 154 132 109 103 127 101 109 108 101
internal_value=-3.58453e-05 -0.00460862 -0.000925797 0.00559306 0.000869565 0.00373204 0.0037571 0.00515638 -0.0116037 0.00834702 -0.0153898 -0.00561896 -0.0194294 -0.0145546 0.00574909 0.0277314 -0.018262 0.0130808 -0.00687732 -0.0261976 -0.0356818 -0.0165929 -0.0292667 0.0425815
internal_weight=3247.6 1793.08 1338.84 1454.52 1251.47 1019.67 1345.71 1267.16 231.799 978.735 454.244 288.429 381.898 297.171 72.3456 108.81 78.5407 57.0051 48.6032 87.3713 84.728 58.0442 50.9606 51.8045
internal_count=13771 7633 5525 6138 5148 4194 5619 5231 954 4043 2108 1188 1796 1397 312 519 388 263 215 377 399 250 256 256
is_linear=0
shrinkage=0.05


Tree=32
num_leaves=17
num_cat=0
split_feature=1 1 27 35 35 32 35 27 27 35 35 35 32 32 35 27
split_gain=30.1395 21.6493 30.2068 37.9668 26.4213 20.0451 17.1596 16.0953 33.666 14.9876 50.1486 32.9771 5.37992 6.94588 4.80664 3.70472
threshold=0.031178500503301624 -0.77992299199104298 0.026927873492240909 12.991847038269045 12.966099262237551 -0.016371052712202069 12.484073162078859 0.019657134078443054 0.019312639720737938 20.315958976745609 20.60963344573975 20.167727470397953 0.021581158041954044 -0.018754397518932816 12.484073162078859 0.020701016299426559
decision_type=2 2 2 2 2 2 2 2 2 2 2 2 2 2 2 2
left_child=1 12 4 14 -3 -6 -2 8 -8 11 -11 -9 13 -1 -4 -15
right_child=6 2 3 -5 5 -7 7 9 -10 10 -12 -13 -14 15 -16 -17
leaf_value=-0.0040674410135926042 -0.029318293630503967 -0.04228344265400627 0.015866333767328638 0.075745970164038015 -0.014692783149126754 -0.00063152631907415369 0.017440506953859427 0.0088720266063122208 -0.041874843299759545 -0.032760721378996167 0.026196356899301255 0.049471217897234486 -0.0010705163646490777 -0.051669469697787074 -0.01048712915926856 -0.023677044441494374
leaf_weight=19.130499422550201 31.02857968211174 41.968671008944511 38.814539223909378 24.592461556196213 303.60158957540989 1497.0767899304628 45.418129146099091 892.32201433181763 46.353100299835205 77.813718169927597 63.76179638504982 51.302137196063995 18.460602641105652 32.361299276351929 27.819426387548447 30.287719056010246
leaf_count=102 130 176 159 102 1271 6311 185 3776 190 318 260 212 95 212 113 159
internal_value=-3.74246e-05 -0.00375452 -0.00256053 0.0251981 -0.00396607 -0.00302153 0.00620927 0.00720251 -0.0126668 0.00891219 -0.00614336 0.0111898 -0.0261909 -0.0315812 0.00473318 -0.0394423
internal_weight=3242.11 2034.11 1933.87 91.2264 1842.65 1800.68 1208 1176.97 91.7712 1085.2 141.576 943.624 100.24 81.7795 66.634 62.649
internal_count=13771 8700 8132 374 7758 7582 5071 4941 375 4566 578 3988 568 473 272 371
is_linear=0
shrinkage=0.05


Tree=33
num_leaves=27
num_cat=0
split_feature=29 35 29 1 35 0 29 32 2 35 30 4 7 29 13 35 2 33 35 17 10 33 17 32 30 29
split_gain=31.472 25.0606 38.0814 22.9048 19.0952 27.4158 22.0934 17.0046 15.579 32.3227 20.6643 20.721 19.4046 16.6528 15.4563 14.9184 15.1201 14.0164 14.3747 13.3933 12.6551 14.8537 11.2812 9.07262 2.20636 1.43311
threshold=0.37250000238418585 17.166409492492679 0.25450000166893011 -0.77021548151969899 20.101513862609867 -2.1030044555664058 0.81350001692771923 -0.006910705240443348 3129.3186035156255 14.312402725219728 -0.0046225253026932469 -3057.937622070312 15.242184162139894 0.15049999952316287 0.083609998226165785 18.637505531311039 3183.9514160156255 0.011790698859840633 13.346630096435549 -0.5617450177669524 -5.6461083889007559 0.20106643438339236 0.81174498796463024 -0.0025744752492755647 -0.0098846196196973306 0.18349999934434894
decision_type=2 2 2 2 2 2 2 2 2 2 2 2 2 2 2 2 2 2 2 2 2 2 2 2 2 2
left_child=1 8 3 25 5 17 20 -5 9 12 23 -12 -1 -11 22 19 -17 -2 -19 -7 -6 -22 -4 -10 -16 -3
right_child=4 2 14 7 6 15 -8 -9 10 13 11 -13 -14 -15 24 16 -18 18 -20 -21 21 -23 -24 -25 -26 -27
leaf_value=0.049455037706771038 -0.038295762101146734 -0.046232401762784446 -0.0047389718632432458 -0.015600066709380115 -0.019672060494992108 0.024341163480319443 -0.046353867346692591 0.0030376006089415418 -0.019244507439356039 -0.028650546009011242 0.00036999998310602528 -0.021460973622196653 0.0063246010048923634 -0.0042076248406079288 0.019973607457099037 0.0086533986558672681 0.05472818951645475 0.024738706331868268 -0.006056384731353154 0.0074072413362954448 0.044327508493152923 -0.007849448978049468 0.026613947134550495 -0.046613876034601077 0.041571899923711811 -0.021171041783535877
leaf_weight=36.708780363202095 24.811661422252655 24.895932279527187 65.165534004569054 149.92177675664425 38.466742038726807 162.06213493645191 31.150827974081039 626.61322385072708 77.14242784678936 83.741795927286148 252.13335973024368 187.80745829641819 84.242401778697968 385.9802158176899 24.089876636862755 32.04500387609005 42.632107928395271 44.815401434898376 196.77167661488056 426.47178962826729 24.204254448413849 26.847808495163918 48.014073446393013 56.704318985342979 67.383416727185249 17.11119544506073
leaf_count=157 113 165 278 621 158 724 131 2587 334 363 1068 820 350 1650 99 134 179 192 846 1781 101 113 198 240 278 91
internal_value=-3.8275e-05 -0.00345645 0.00224319 -0.00258193 0.00706508 0.00950187 -0.0114747 -0.000578669 -0.00846848 -0.00273208 -0.0143263 -0.0089818 0.0200876 -0.00868949 0.0214286 0.0149344 0.0358287 -0.00399576 -0.000146499 0.0121538 0.001301 0.0174382 0.0087062 -0.0314287 0.0365399 -0.0376772
internal_weight=3237.94 2187.66 1023.2 818.542 1050.28 929.61 120.67 776.535 1164.46 590.673 573.788 439.941 120.951 469.722 204.653 663.211 74.6771 266.399 241.587 588.534 89.5188 51.0521 113.18 133.847 91.4733 42.0071
internal_count=13771 9299 4317 3464 4472 3969 503 3208 4982 2520 2462 1888 507 2013 853 2818 313 1151 1038 2505 372 214 476 574 377 256
is_linear=0
shrinkage=0.05


Tree=34
num_leaves=25
num_cat=0
split_feature=29 20 3 27 3 27 35 35 35 27 29 32 35 5 20 2 35 27 35 10 25 25 2 35
split_gain=28.5133 24.0599 17.3577 21.3993 26.4361 23.4663 22.9495 15.9156 14.0811 39.2603 17.8605 15.3865 15.3845 12.6132 15.2909 18.0457 12.6056 12.4501 10.1732 9.14176 7.64129 6.065 4.73918 1.95312
threshold=0.37250000238418585 -0.14918699860572812 24.226932525634769 0.020489453338086609 48.902132034301765 0.019719298928976062 17.094521522521976 20.116878509521488 19.723684310913089 0.020364784635603431 0.25450000166893011 0.0082155545242130774 19.565025329589847 0.74922147393226635 2.9657330513000493 3226.7993164062505 12.923820495605471 0.020678984001278881 20.06005954742432 0.60750049352645885 0.0018739296356216075 0.0037386005278676753 3492.044799804688 14.708847999572756
decision_type=2 2 2 2 2 2 2 2 2 2 2 2 2 2 2 2 2 2 2 2 2 2 2 2
left_child=1 8 21 4 7 -6 16 -4 11 10 -10 12 -1 14 15 -3 -5 20 -8 -13 -15 -2 -11 -23
right_child=2 13 3 6 5 -7 18 -9 9 22 -12 19 -14 17 -16 -17 -18 -19 -20 -21 -22 23 -24 -25
leaf_value=-0.0064944034739446337 0.0026190749897103942 0.0076226740090842128 -0.0093820200410590551 -0.0079724078900415725 -0.0093431518132654472 0.032668893559967632 0.049990097029231427 -0.050709525324678845 -0.014040940894263202 0.051932170439868211 0.017749601634623056 -0.03109122796029274 -0.042169005997516662 -0.013900938033438701 0.037781982788314322 -0.007888040453504979 0.012360417664544357 -0.041127471759072866 0.0093503120804473133 -0.0010512319123571737 0.016123096570871482 -0.038101595509225115 0.020003833690372154 -0.015167924569365235
leaf_weight=631.96960072219372 26.480083778500557 621.24090082943439 81.979871600866318 85.990152910351753 66.690432742238045 62.449528306722641 53.799980118870735 31.773633301258087 211.90604622662067 28.894590899348259 53.623118877410889 132.41301859915257 29.993479423224926 59.489691153168678 30.78192912042141 265.87158457934856 567.24581415951252 27.740023821592331 23.662550792098045 32.239734701812267 30.217890694737434 20.885327875614166 27.337912991642952 27.101105377078056
leaf_count=2822 115 2553 358 356 275 267 236 132 914 117 217 584 130 243 134 1084 2401 114 102 153 123 117 111 113
internal_value=-3.71079e-05 -0.00329338 0.00673144 0.00852527 -0.00427466 0.0110852 0.0127938 -0.0216887 -0.00827233 0.00057184 -0.00749882 -0.0117201 -0.00824803 0.00222482 0.0042139 0.00295551 0.00965244 -0.0130471 0.0382495 -0.0253525 -0.00354728 -0.0162003 0.0378018 -0.0264746
internal_weight=3231.78 2183.72 1048.06 973.592 242.893 129.14 730.698 113.754 1148.38 321.762 265.529 826.616 661.963 1035.34 917.894 887.112 653.236 117.448 77.4625 164.653 89.7076 74.4665 56.2325 47.9864
internal_count=13771 9299 4472 4127 1032 542 3095 490 5048 1359 1131 3689 2952 4251 3771 3637 2757 480 338 737 366 345 228 230
is_linear=0
shrinkage=0.05


Tree=35
num_leaves=24
num_cat=0
split_feature=29 0 1 30 10 31 31 25 25 30 10 8 30 30 3 30 29 25 3 34 25 26 26
split_gain=26.8936 22.8185 21.7482 17.4268 15.2458 13.6896 13.7025 14.614 13.8938 12.4466 11.8278 10.6182 9.33082 11.0048 8.45121 6.63967 4.72819 4.68131 4.62272 4.37633 1.86999 0.771745 0.397861
threshold=0.25249999761581426 -1.2172889709472654 0.64707750082016002 -0.020364074967801567 6.8693680763244638 0.015293638221919538 -0.006870078155770897 0.00086586838006041955 0.0011885358253493907 0.016588411293923858 5.2584295272827157 -0.3512625098228454 0.022004622966051105 -1.0000000180025095e-35 51.577684402465827 -0.039900654926896088 0.40150000154972082 0.002570617245510221 44.730419158935554 0.67138320207595836 0.0029550135368481283 1.000909745693207 1.0000286102294924
decision_type=2 2 2 2 2 2 2 2 2 2 2 2 2 2 2 2 2 2 2 2 2 2 2
left_child=1 10 3 14 9 6 8 -8 -3 -5 12 -7 13 -1 15 -2 -16 -6 21 -20 -21 -4 -12
right_child=2 5 18 4 17 11 7 -9 -10 -11 22 -13 -14 -15 16 -17 -18 -19 19 20 -22 -23 -24
leaf_value=-0.022964266727069391 -0.017831443507306362 -0.032416635911578881 0.044853625785697147 0.0073984283607717296 0.033377068719846505 -0.0050382225534427293 -0.0045005691311892282 0.0087462532775061785 -0.00020331789312087419 -0.0033636301093190866 -0.046303988601633296 -0.042010024805139282 -0.033665484488934604 -0.0028995002378989477 -0.0063841203897114594 -0.0025830163254117627 0.02114258697623728 0.011074585788567494 0.00040716487094475214 0.014596700051208514 0.035505020340507537 0.023532577155279545 -0.026104721115551441
leaf_weight=96.052450940012932 155.00269360840321 57.022496849298477 24.28724367916584 761.74501080811024 55.273306488990784 47.912520185112953 368.43038187921047 472.17581015825272 78.843394011259079 411.49566803872585 24.469948686659336 32.293599933385849 42.031504482030869 232.77328078448772 25.210001930594444 135.53414385020733 34.486810758709908 47.812010794878006 30.133271411061287 32.401613757014275 22.714391395449638 18.884477764368057 18.511540368199348
leaf_count=445 666 235 133 3180 230 197 1533 1939 324 1727 136 135 193 1087 103 574 143 209 129 141 105 105 102
internal_value=-3.67448e-05 -0.00502382 0.00413725 0.00255183 0.00526699 -0.00110683 0.000531815 0.00293152 -0.0140698 0.003616 -0.0149478 -0.0207058 -0.011894 -0.00889419 -0.00728813 -0.0108186 0.00952583 0.0235358 0.0237942 0.0161918 0.02433 0.0372034 -0.0393742
internal_weight=3225.5 1470.52 1754.98 1626.56 1276.33 1056.68 976.472 840.606 135.866 1173.24 413.839 80.2061 370.857 328.826 350.234 290.537 59.6968 103.085 128.421 85.2493 55.116 43.1717 42.9815
internal_count=13771 6326 7445 6832 5346 4363 4031 3472 559 4907 1963 332 1725 1532 1486 1240 246 439 613 375 246 238 238
is_linear=0
shrinkage=0.05


Tree=36
num_leaves=22
num_cat=0
split_feature=29 33 1 0 27 27 29 35 35 5 10 31 25 8 25 3 36 29 15 13 28
split_gain=24.4708 22.6917 22.9948 20.8503 18.1027 52.6469 28.4746 12.827 19.3979 12.8745 11.1667 9.16467 10.5173 8.31969 9.65139 5.60194 4.12551 4.38442 3.63562 1.68774 0.39367
threshold=0.25249999761581426 0.011790698859840633 0.64707750082016002 -1.2172889709472654 0.021579722873866562 0.020842906087636951 0.5275000035762788 13.232251167297365 13.334728240966799 -1.3247449994087217 5.2584295272827157 0.021170567721128467 0.0018287465791217985 2.719154000282288 0.0036513165105134253 37.479095458984382 -0.00030658200557809318 0.3834999948740006 1.0000000180025095e-35 -0.33842949569225306 0.020693127997219566
decision_type=2 2 2 2 2 2 2 2 2 2 2 2 2 2 2 2 2 2 2 2 2
left_child=3 13 4 10 5 -3 -6 -5 -9 -10 11 12 -1 14 18 -16 19 -18 -2 -4 -12
right_child=1 2 16 7 6 -7 -8 8 9 -11 20 -13 -14 -15 15 -17 17 -19 -20 -21 -22
leaf_value=-0.012132547261110557 -0.051370794156292726 0.0041759578230410668 0.023007445040665399 -0.030738656795784643 -0.0072368494753175961 0.044762863596457675 0.011112300563365388 0.036086063490323422 0.0074226140407099911 -0.0050440459473377573 -0.045163139455015482 -0.041532373952384793 0.016158196177135029 0.0072030073343233043 -0.022758795837557765 0.0085949592910163075 7.9164454748221721e-05 0.026894198021549756 -0.021357738958020924 0.048049624292361766 -0.025228141548278838
leaf_weight=312.82973589003086 24.608315825462341 503.41677239537239 20.464109346270561 33.198162019252777 576.68098510801792 93.277809500694275 331.07814486324787 33.860788971185684 291.94938658177853 697.16763597726822 23.898810237646103 21.919460460543633 34.655658975243568 29.357119902968407 25.400850936770439 27.475492566823959 23.769899129867554 44.682400450110435 26.917712837457657 26.106272891163826 18.272671945393085
leaf_count=1468 102 2122 96 146 2400 388 1412 139 1213 2865 136 104 153 121 113 115 103 224 112 137 102
internal_value=-3.71323e-05 0.00394528 0.00558985 -0.00479984 0.00391578 0.0106657 -0.000523834 -0.00106091 -2.99383e-05 -0.00134672 -0.0143189 -0.0113645 -0.0092061 -0.0156815 -0.0222249 -0.00656512 0.0269594 0.0179913 -0.0372624 0.0386519 -0.0382852
internal_weight=3220.99 1753.24 1619.48 1467.75 1504.45 596.695 907.759 1056.18 1022.98 989.117 411.576 369.405 347.485 133.759 104.402 52.8763 115.023 68.4523 51.526 46.5704 42.1715
internal_count=13771 7445 6882 6326 6322 2510 3812 4363 4217 4078 1963 1725 1621 563 442 228 560 327 214 233 238
is_linear=0
shrinkage=0.05


Tree=37
num_leaves=17
num_cat=0
split_feature=1 29 21 12 27 4 29 27 30 33 18 27 27 29 27 27
split_gain=23.9162 24.2073 24.1458 25.7026 17.9896 30.9002 20.7878 17.9074 17.1324 14.459 13.958 13.2147 11.837 6.53833 5.14699 6.87623
threshold=-0.77992299199104298 0.37250000238418585 0.49999998509883886 0.21135622262954715 0.02053242921829224 -853.12588500976551 0.21149999648332599 0.027353875339031223 -0.00091081977006979276 0.011790698859840633 0.20391699671745303 0.020489453338086609 0.026173077523708347 0.18349999934434894 0.025599907152354721 0.020645963959395889
decision_type=2 2 2 2 2 2 2 2 2 2 2 2 2 2 2 2
left_child=13 2 4 12 6 -6 -2 9 -5 10 -3 -11 -4 -1 15 -15
right_child=1 7 3 8 5 -7 -8 -9 -10 11 -12 -13 -14 14 -16 -17
leaf_value=-0.050227753835356305 -0.008542644976023939 -0.043224099035136861 -0.034002877598811633 -0.023047546228625329 0.022719195894203754 -0.0013914190135718104 0.0063011376905898267 0.041317660118336028 0.003436569439313831 -0.0033102531312093051 -0.00077993382009191009 0.011362192540126922 -0.010667423557799849 -0.021565755301824502 -0.030850138023927873 0.016628095085147215
leaf_weight=18.350069113075733 629.19905140995979 24.50851508975029 127.71383322775364 76.291043400764465 218.95235551893711 331.09803828597069 374.09658299386501 35.160031959414482 274.45068642497063 197.93829172849655 74.092365190386772 655.32736042141914 100.64764825999737 24.871443510055542 34.707456365227699 18.880359545350075
leaf_count=144 2657 104 559 326 914 1387 1570 158 1167 837 307 2774 443 143 188 93
internal_value=-3.59574e-05 0.000727588 -0.00226564 -0.0109619 0.000979916 0.00823545 -0.00299641 0.00719601 -0.00239375 0.00584115 -0.012079 0.00794704 -0.0239434 -0.0242575 -0.0169618 -0.00485888
internal_weight=3216.29 3119.48 2132.45 579.103 1553.35 550.05 1003.3 987.027 350.742 951.867 98.6009 853.266 228.361 96.8093 78.4593 43.7518
internal_count=13771 13203 9023 2495 6528 2301 4227 4180 1493 4022 411 3611 1002 568 424 236
is_linear=0
shrinkage=0.05


Tree=38
num_leaves=16
num_cat=0
split_feature=1 29 27 30 31 21 1 25 30 3 29 25 27 16 34
split_gain=22.0607 22.0802 20.7513 18.1555 18.9113 15.6774 14.1245 13.7568 10.7275 7.17687 6.37514 4.82397 4.49471 3.50279 3.23537
threshold=-0.77992299199104298 0.29850000143051153 0.027353875339031223 -0.0098846196196973306 0.027721488848328594 1.0000000180025095e-35 0.64707750082016002 0.00086586838006041955 -0.020364074967801567 58.983057022094734 0.18349999934434894 0.0034705591388046746 0.020701016299426559 0.60785751044750225 0.69200804829597484
decision_type=2 2 2 2 2 2 2 2 2 2 2 2 2 2 2
left_child=10 3 6 5 7 -2 8 -5 -3 -7 -1 12 -12 -4 -8
right_child=1 2 13 4 -6 9 14 -9 -10 -11 11 -13 -14 -15 -16
leaf_value=-0.049552420224945409 0.012516730745444876 -0.0060929407410168475 0.050688632358665033 -0.0069686456219982046 -0.034182892890857859 -0.022220016207190413 0.011593092255375238 0.0036762985438807206 0.0051967743834267412 0.0013639125937642375 -0.021440388467404738 -0.030338036884110478 0.0089262493527424974 0.019947414755058856 0.030952629054149979
leaf_weight=17.713581144809723 45.132149890065193 266.38804611563683 24.223128065466881 442.69474390149117 38.940784141421318 221.99770629405975 46.097688317298889 953.45603238046169 965.41937008500099 36.501828968524933 20.341615550220013 32.894289344549179 24.545543983578682 23.189767882227898 51.631928667426109
leaf_count=144 189 1110 115 1872 169 963 221 4047 4014 151 119 184 121 94 258
internal_value=-3.94158e-05 0.000689903 0.00541827 -0.00305082 -0.000686006 -0.0141176 0.00422056 0.000288682 0.00274126 -0.0188665 -0.0234632 -0.0163031 -0.00494935 0.0372713 0.0223369
internal_weight=3211.17 3115.67 1376.95 1738.72 1435.09 303.632 1329.54 1396.15 1231.81 258.5 95.495 77.7814 44.8872 47.4129 97.7296
internal_count=13771 13203 5812 7391 6088 1303 5603 5919 5124 1114 568 424 240 209 479
is_linear=0
shrinkage=0.05


Tree=39
num_leaves=26
num_cat=0
split_feature=0 29 28 21 27 28 17 32 32 25 8 36 27 35 27 30 25 27 13 12 27 32 34 13 25
split_gain=20.7384 16.8569 20.3593 18.6576 19.6471 15.4162 14.0425 17.9969 28.4239 24.0593 14.1512 13.5913 13.5593 12.9327 14.0918 12.411 13.0438 11.5668 9.20402 17.876 9.02398 8.48702 6.28317 4.41134 4.08245
threshold=-0.14918699860572812 0.25450000166893011 -0.7740812599658965 0.070300001651048674 0.020559453405439857 -0.82412445545196522 -0.5617450177669524 -0.0037608488928526636 0.0056652061175554999 0.001096001476980746 -4.3555531501770011 -0.0027473228983581062 0.02066014148294926 12.484073162078859 0.019657134078443054 -0.00091081977006979276 0.00046106413356028503 0.020027913153171543 -0.0097925001755356771 0.081194773316383376 0.020364784635603431 -0.030916223302483555 0.66785213351249706 -0.21501050144433972 0.0029047026764601473
decision_type=2 2 2 2 2 2 2 2 2 2 2 2 2 2 2 2 2 2 2 2 2 2 2 2 2
left_child=1 5 22 4 -4 -1 7 9 17 -2 -10 18 -5 -13 -15 20 -17 -9 23 -20 -7 -11 -3 -8 -24
right_child=6 2 3 12 -6 15 11 8 10 21 -12 13 -14 14 -16 16 -18 -19 19 -21 -22 -23 24 -25 -26
leaf_value=0.022679454333647504 -0.0367676401194783 -0.041349824549010386 0.0071835633268694521 -0.016717631216706712 0.046185952427355202 -0.037125435779321751 0.01741263357134749 0.069798918833677864 0.036132787300174753 -0.014739754702415474 -0.0038345484321972083 -0.034772480487662245 0.0018301620125490505 -0.019414363924044314 0.0022691440409986214 -0.031262204706042858 -0.0048894125253290503 0.029172622065331361 0.02989937926193045 -0.019326373236810537 -0.012197468353094633 0.017907060194458015 -0.025718634308868855 0.046796016669749432 0.002294268964243729
leaf_weight=33.388633348047733 34.714346274733543 29.865420535206795 127.4851995408535 112.84539039433002 42.11685074865818 67.968810826539993 36.59290137887001 22.697442814707756 25.791324928402901 24.227479234337807 106.31590537726879 25.148440346121788 689.72201283276081 80.55796816945076 807.53130447864532 50.322719015181065 486.37623073160648 95.439401477575302 32.563225328922272 37.454517647624016 85.268302664160728 80.641449809074402 23.398453444242477 23.947804361581802 24.834614843130112
leaf_count=154 144 130 518 495 173 309 158 94 131 107 445 108 2905 330 3353 232 2213 420 135 159 395 356 99 103 105
internal_value=-3.82271e-05 -0.00365432 0.000384396 0.00238538 0.0173526 -0.00951722 0.00442728 0.012502 0.0204772 -0.00181251 0.00431621 0.0013839 -0.000800405 -0.00077563 0.000251809 -0.0111508 -0.00748766 0.0380934 0.0163487 0.00362281 -0.0236546 0.0101365 -0.0238366 0.0303204 -0.011579
internal_weight=3207.22 1773.59 1050.27 972.169 169.602 723.325 1433.62 389.827 250.244 139.583 132.107 1043.8 802.567 913.238 888.089 689.936 536.699 118.137 130.558 70.0177 153.237 104.869 78.0985 60.5407 48.2331
internal_count=13771 7728 4425 4091 691 3303 6043 1697 1090 607 576 4346 3400 3791 3683 3149 2445 514 555 294 704 463 334 261 204
is_linear=0
shrinkage=0.05


Tree=40
num_leaves=23
num_cat=0
split_feature=0 35 25 13 2 32 9 35 35 29 30 6 35 28 35 28 18 16 8 6 18 3
split_gain=18.909 13.2847 13.9949 17.9503 14.6543 12.4705 16.6671 31.4012 30.3966 15.9146 16.1525 15.135 13.2183 13.1452 15.5391 12.8581 12.5212 11.4595 7.89392 5.96621 5.6317 3.7629
threshold=0.048949500545859344 12.484073162078859 0.0010381545289419594 0.053404500707983978 2453.321166992188 -0.016371052712202069 0.4505975097417832 13.992612361907961 16.068060874938968 0.29850000143051153 -0.011535344179719685 0.055904000997543342 20.101513862609867 -0.36641937494277949 13.346630096435549 -0.7740812599658965 0.2880184948444367 0.60785751044750225 -0.76088449358940113 0.04585899971425534 0.89642849564552318 33.439640045166023
decision_type=2 2 2 2 2 2 2 2 2 2 2 2 2 2 2 2 2 2 2 2 2 2
left_child=5 -2 3 18 -4 11 9 -8 -9 10 -7 12 16 21 -15 -11 -1 -6 -3 -14 -5 -13
right_child=1 2 4 20 17 6 7 8 -10 15 -12 13 19 14 -16 -17 -18 -19 -20 -21 -22 -23
leaf_value=-0.001833816898489656 -0.026678476962286587 -0.034926551944802549 -0.024548454359626968 0.0010859126202611472 0.013956043401629882 -0.02711248006179854 0.05871415179428096 -0.013458391485209468 0.024666203710507952 -0.023460982955540968 -0.0051136967080921275 -0.052953193558992799 0 0.025767289664597966 -0.018295297179537106 0.0055018298987181205 0.038805476885459232 0.0016343536648229979 -0.0070464671859219704 -0.033048162779224947 0.022840449658517253 -0.024063528191179615
leaf_weight=43.946693316102028 30.463901042938232 47.330907493829727 29.795385032892227 149.59529776871204 588.72201125323772 92.282308891415596 28.173181310296059 112.15883633494377 94.345913216471672 39.361227482557297 767.14573096483946 28.944791600108147 27.208638787269592 21.582129806280136 130.9527258425951 509.6804281771183 30.536798104643822 280.97713993489742 57.280863791704178 25.947392523288727 35.56715153157711 30.388012200593948
leaf_count=184 130 199 122 610 2573 419 121 472 393 169 3415 132 116 94 562 2141 136 1159 234 109 149 132
internal_value=-3.53136e-05 0.0048554 0.00571499 -0.00379749 0.00879218 -0.00305099 -0.0012357 0.0110348 0.00398117 -0.00330004 -0.00754492 -0.0117486 0.0017781 -0.019885 -0.0117434 0.0033297 0.0152758 0.00999958 -0.020173 -0.016822 0.00551751 -0.0395872
internal_weight=3202.39 1219.73 1189.27 289.774 899.495 1982.65 1643.15 234.678 206.505 1408.47 859.428 339.507 127.64 211.868 152.535 549.042 74.4835 869.699 104.612 53.156 185.162 59.3328
internal_count=13771 5176 5046 1192 3854 8595 7130 986 865 6144 3834 1465 545 920 656 2310 320 3732 433 225 759 264
is_linear=0
shrinkage=0.05


Tree=41
num_leaves=20
num_cat=0
split_feature=1 29 35 29 5 29 35 0 9 35 32 33 12 2 1 29 35 35 33
split_gain=19.8845 18.5697 24.4958 25.7855 18.1972 18.3537 17.2525 19.1921 28.1506 17.2884 15.8306 15.427 15.0343 12.4365 10.6391 6.17709 4.26574 4.65454 2.53653
threshold=-0.77992299199104298 0.37250000238418585 17.166409492492679 0.25450000166893011 -1.099633455276489 0.10150000080466272 20.101513862609867 0.65623000264167797 0.41081000864505773 18.637505531311039 -0.006910705240443348 0.011790698859840633 0.081194773316383376 3183.9514160156255 0.63102951645851146 0.18349999934434894 14.404066085815431 17.498539924621586 0.22024618089199069
decision_type=2 2 2 2 2 2 2 2 2 2 2 2 2 2 2 2 2 2 2
left_child=15 2 4 10 5 -2 9 8 -8 11 -4 -3 -5 -11 -6 -1 -17 -18 -9
right_child=1 6 3 12 14 -7 7 18 -10 13 -12 -13 -14 -15 -16 16 17 -19 -20
leaf_value=-0.048722029908281797 -0.029922732346022985 -0.015292321422226926 -0.014454348318394537 0.036815045923553634 -0.011835875972471236 0.0086349621866150805 -0.05281706571456183 0.02466811961244033 0.0081317753859657445 0.0071927227660130563 0.0032684609753326922 0.0088156075788432247 0.0083147324471962002 0.049363878591222911 0.014495799186075131 -0.028251192537895639 0.012959171428686016 -0.018634784584223796 0.0010541349173435184
leaf_weight=16.934548959136009 33.100705578923225 71.005550161004066 155.13956266641617 77.650905594229698 815.58386951684952 251.46170297265053 41.981347501277924 22.990429520606995 32.015326470136642 31.735864982008934 633.47014421224594 717.70754298567772 117.11681000888348 41.185080677270889 38.269839614629745 33.983180224895477 19.185675829648972 23.678601808845997 22.916706100106239
leaf_count=144 141 299 654 324 3553 1062 174 100 129 134 2636 3065 487 179 166 188 95 141 100
internal_value=-3.76168e-05 0.000651371 -0.00197586 0.00379391 -0.00696654 0.00393744 0.0063333 -0.0112681 -0.0267954 0.0088147 -0.000233163 0.0065994 0.0199869 0.031826 -0.0106129 -0.0224788 -0.0154797 -0.0043234 0.013625
internal_weight=3197.11 3103.33 2121.79 983.377 1138.42 284.562 981.538 119.904 73.9967 861.634 788.61 788.713 194.768 72.9209 853.854 93.782 76.8475 42.8643 45.9071
internal_count=13771 13203 9023 4101 4922 1203 4180 503 303 3677 3290 3364 811 313 3719 568 424 236 200
is_linear=0
shrinkage=0.05


Tree=42
num_leaves=11
num_cat=0
split_feature=27 23 1 29 31 27 35 35 29 25
split_gain=20.2507 22.0585 17.7506 17.9641 23.6995 16.018 15.5704 7.91015 6.01597 4.79341
threshold=0.018639594316482547 8.8054957389831561 -0.77992299199104298 0.34049999713897711 -0.0094685554504394514 0.027419044636189941 20.658362388610843 14.286877632141115 0.18349999934434894 0.002570617245510221
decision_type=2 2 2 2 2 2 2 2 2 2
left_child=-1 2 8 4 -4 -5 7 -3 -2 -10
right_child=1 6 3 5 -6 -7 -8 -9 9 -11
leaf_value=-0.041865758719200376 -0.048083899505994003 0.03244698451731251 -0.016504943433933068 0.0042251216263307139 -0.00040173171343190763 0.037555501319718243 0.057106281505835403 -0.00093858164314871643 4.3595485434446531e-05 -0.024927257198599426
leaf_weight=26.678889274597168 16.342906035482883 25.770769894123077 264.15079614520073 1050.0623510107398 1625.5409709066153 35.48557323217392 23.887612774968147 47.311317726969719 31.096653744578362 45.130285292863846
leaf_count=110 144 110 1137 4456 6930 161 99 200 176 248
internal_value=-3.65326e-05 0.000339145 -0.000406912 0.000267443 -0.00267308 0.00539092 0.0235743 0.0112516 -0.021734 -0.0148719
internal_weight=3191.46 3164.78 3067.81 2975.24 1889.69 1085.55 96.9697 73.0821 92.5698 76.2269
internal_count=13771 13661 13252 12684 8067 4617 409 310 568 424
is_linear=0
shrinkage=0.05


Tree=43
num_leaves=17
num_cat=0
split_feature=1 25 33 5 12 5 0 7 36 33 33 26 34 33 18 1
split_gain=18.2756 16.2632 17.8516 16.5589 15.3634 15.5962 14.7575 13.2913 10.5287 10.32 11.6733 8.10857 7.03563 4.98139 3.19892 2.94705
threshold=0.69034299254417431 0.00086586838006041955 0.066761117428541197 -1.6394324898719785 -1.5175924897193906 -0.67342999577522267 0.76120948791503917 15.242184162139894 -0.00077604991383850564 0.87814989686012279 0.34026344120502477 1.0000286102294924 0.68013077974319469 0.22922601550817492 0.52592149376869213 0.73924797773361217
decision_type=2 2 2 2 2 2 2 2 2 2 2 2 2 2 2 2
left_child=1 6 4 13 11 -6 9 -5 -2 10 -1 -3 15 -4 -14 -10
right_child=8 2 3 7 5 -7 -8 -9 12 -11 -12 -13 14 -15 -16 -17
leaf_value=-0.011456103537194642 0.039041803557142596 -0.043731298006625591 0.0058732943408462213 0.023794420473819314 -0.025213630084975104 0.0024310609467322708 -0.038207787482055319 0.00070044704182471587 0.005430707268081144 -0.033556209123642954 0.0063031170970641627 -0.0064500411872699731 0.033952444091145791 0.03344962003230352 0.010020437758434851 -0.016187948089322831
leaf_weight=228.77368622273207 37.038429245352745 43.215579614043236 26.439206898212433 62.264715507626534 66.393124416470528 197.83871227502823 39.367928475141525 2104.5588195919991 38.04086197912693 31.135562166571617 152.03151033818722 23.698808223009109 24.869130626320839 51.405154868960381 37.936728700995445 23.756982788443565
leaf_count=1005 175 186 110 265 273 841 170 9091 169 138 663 102 108 213 165 97
internal_value=-3.5073e-05 -0.000917425 0.000615396 0.00222022 -0.0101809 -0.00461485 -0.00965208 0.00139 0.0162372 -0.00672751 -0.00434396 -0.031243 0.00886983 0.0245905 0.0204064 -0.00297036
internal_weight=3188.76 3027.12 2575.81 2244.67 331.146 264.232 451.309 2166.82 161.642 411.941 380.805 66.9144 124.604 77.8444 62.8059 61.7978
internal_count=13771 13057 11081 9679 1402 1114 1976 9356 714 1806 1668 288 539 323 273 266
is_linear=0
shrinkage=0.05


Tree=44
num_leaves=13
num_cat=0
split_feature=27 23 1 27 20 27 27 35 3 13 35 3
split_gain=18.4027 20.0967 16.2538 17.8688 17.7203 16.4263 16.4065 63.7038 33.5385 13.0489 7.68523 10.3758
threshold=0.018639594316482547 8.7317099571228045 0.031178500503301624 0.019657134078443054 2.5709060430526738 0.020084853284060959 0.02053242921829224 17.166409492492679 42.422584533691413 0.21479249745607379 14.274747371673586 61.973087310791023
decision_type=2 2 2 2 2 2 2 2 2 2 2 2
left_child=-1 2 6 4 -4 -5 8 -8 -2 10 -3 -12
right_child=1 9 3 5 -6 -7 7 -9 -10 -11 11 -13
leaf_value=-0.039945804108548658 -0.031479733405970933 0.035584120055634036 -0.051552718546534482 0.019618461814241539 0.0037385137949180005 0.0028571863275673902 -0.0037150067035834583 0.034493210530474785 -0.0040508403341656292 0.047015809780097714 -0.012549622620177359 0.017322701763489465
leaf_weight=26.625299066305161 136.7784037515521 22.958106130361557 25.879263192415237 174.65661214292049 29.009278789162636 866.90761041641235 1064.629616342485 119.51738826930523 576.5526110380888 28.353776514530182 48.251155257225037 66.646275132894516
leaf_count=110 726 99 107 733 120 3724 4592 505 2460 118 200 277
internal_value=-3.32539e-05 0.000324913 -0.000616271 0.00422143 -0.0230507 0.00570963 -0.00341849 0.000184622 -0.00939751 0.0171437 0.0103437 0.0046922
internal_weight=3186.77 3160.14 2993.93 1096.45 54.8885 1041.56 1897.48 1184.15 713.331 166.209 137.856 114.897
internal_count=13771 13661 12967 4684 227 4457 8283 5097 3186 694 576 477
is_linear=0
shrinkage=0.05


Tree=45
num_leaves=13
num_cat=0
split_feature=27 23 33 25 0 33 13 34 0 25 35 3
split_gain=16.7679 18.3008 16.0928 17.5232 19.2668 15.6867 11.8738 11.3151 9.45786 8.83145 7.09013 9.40899
threshold=0.018639594316482547 8.7317099571228045 0.070394899696111693 0.0012287198333069684 0.071775499731302275 1.0638731122016909 0.21479249745607379 0.70908215641975414 0.56033200025558483 0.0040026213973760614 14.274747371673586 61.973087310791023
decision_type=2 2 2 2 2 2 2 2 2 2 2 2
left_child=-1 2 7 5 -5 -4 10 8 -2 -9 -3 -12
right_child=1 6 3 4 -6 -7 -8 9 -10 -11 11 -13
leaf_value=-0.038169784658445477 -0.026221226083043975 0.034242092210694429 -0.0036824485210870811 -0.00021711038090725036 0.010601272369048008 -0.035237323855087779 0.044902830135489812 -0.007513554906880094 -0.00063557242503777586 0.017888733713959517 -0.011947741601492465 0.016504769150867835
leaf_weight=26.565491408109665 130.34541939198971 22.748768121004105 765.20407932251692 1188.1037859767675 626.19496355950832 39.699200332164764 28.299035504460335 147.46422883123159 50.930203646421432 42.300879240036011 48.248572468757629 66.553152740001678
leaf_count=110 556 99 3344 5137 2730 176 118 625 217 182 200 277
internal_value=-3.10792e-05 0.000310745 -0.000587418 0.000792279 0.00351885 -0.00533466 0.0163781 -0.0103056 -0.0191728 -0.00167143 0.00987848 0.00446138
internal_weight=3182.66 3156.09 2990.24 2619.2 1814.3 804.903 165.85 371.041 181.276 189.765 137.55 114.802
internal_count=13771 13661 12967 11387 7867 3520 694 1580 773 807 576 477
is_linear=0
shrinkage=0.05


Tree=46
num_leaves=20
num_cat=0
split_feature=33 33 29 21 27 5 27 25 0 16 25 28 9 34 5 32 31 0 5
split_gain=15.5894 15.8823 19.9031 17.3774 20.6415 16.5821 15.1493 12.52 12.2357 14.5549 15.9413 15.5698 11.3074 10.3206 11.9386 9.69289 9.62917 6.29517 5.63698
threshold=0.99556183815002453 0.070394899696111693 0.22850000113248828 0.14840000122785571 0.020865335129201416 -1.3247449994087217 0.025809931568801407 0.00044003769289702182 -1.8704065084457395 0.60785751044750225 0.0012287198333069684 -0.14970566332340238 0.45272450149059301 0.70564427971839916 -0.35935899615287775 -0.019607781432569023 0.0055414524395018825 0.071775499731302275 -0.92935699224472035
decision_type=2 2 2 2 2 2 2 2 2 2 2 2 2 2 2 2 2 2 2
left_child=1 13 5 4 -4 7 -5 -3 -2 10 -10 -12 -7 16 17 -16 18 -15 -1
right_child=8 2 3 6 -6 12 -8 -9 9 -11 11 -13 -14 14 15 -17 -18 -19 -20
leaf_value=-0.0066680700749302754 -0.042027737269490016 -0.011654911175910854 0.010336746480243728 -0.0022708219424027094 0.044468625659176128 -0.0083333328427197956 0.0096813993232864638 0.012651015240714653 -0.023633031481755669 -0.035506584648034682 -0.012741258523485953 0.038199239712867226 0.01249326622550034 -0.004001121672525438 -0.016682402668446998 0.014251740589870644 0.0026682973419345246 -0.033825478754107498 -0.030475566974273151
leaf_weight=36.716246381402016 31.903413906693459 66.360432654619217 369.11273495852947 650.66013489663601 49.088281109929085 752.7060808390379 443.72078085690737 232.14769060909748 34.787252441048622 32.71793495118618 23.334574773907661 35.427560329437256 69.207823380827904 41.596735045313835 30.665012687444687 109.85005225241184 43.229531362652779 30.856362238526344 95.706562846899033
leaf_count=152 159 280 1586 2790 208 3345 1934 983 148 138 100 152 291 177 131 471 185 128 413
internal_value=-2.98548e-05 0.000772282 0.00216961 0.00590991 0.0145595 -0.00287247 0.00257495 0.00717276 -0.0152343 -0.00783676 0.00227647 0.0180525 -0.00654146 -0.00863199 -0.00114757 0.00729135 -0.017535 -0.0174045 -0.0241464
internal_weight=3179.8 3021.62 2633 1512.58 418.201 1120.42 1094.38 298.508 158.171 126.267 93.5494 58.7621 821.914 388.621 212.968 140.515 175.652 72.4531 132.423
internal_count=13771 13074 11417 6518 1794 4899 4724 1263 697 538 400 252 3636 1657 907 602 750 305 565
is_linear=0
shrinkage=0.05


Tree=47
num_leaves=12
num_cat=0
split_feature=27 33 9 35 35 31 29 17 0 26 26
split_gain=15.213 14.026 18.9686 27.4302 41.32 14.834 17.5324 13.4523 11.7451 15.2377 8.57846
threshold=0.018639594316482547 0.99556183815002453 0.45272450149059301 13.971013069152834 16.812702178955082 -0.013580152764916418 0.53249999880790722 -0.5617450177669524 -1.8704065084457395 1.0007983446121218 0.99917578697204601
decision_type=2 2 2 2 2 2 2 2 2 2 2
left_child=-1 2 5 -4 -5 7 -7 -2 -3 10 -10
right_child=1 8 3 4 -6 6 -8 -9 9 -11 -12
leaf_value=-0.036399640722278047 -0.020278154339147605 -0.040658960698444956 0.0605242555537732 -0.0067793059498719296 0.033338984623325643 -0.00052295973725963575 0.011675847454913858 -0.0018101731768259703 -0.040288599698111022 0.027806278429399912 -0.0066772541579769836
leaf_weight=26.501878261566162 158.52220404148102 31.40862238407135 25.68171114474535 171.64174304902554 99.766974985599518 1933.5231299251318 345.19279064238071 260.31858753412962 24.195893928408623 23.341153874993324 76.882080793380737
leaf_count=110 694 159 132 749 428 8345 1506 1116 103 101 328
internal_value=-3.16457e-05 0.000294009 0.00106208 0.0130096 0.00806718 -0.000258697 0.00132922 -0.00888682 -0.0142296 -0.00694095 -0.0154457
internal_weight=3176.98 3150.47 2994.65 297.09 271.409 2697.56 2278.72 418.841 155.828 124.419 101.078
internal_count=13771 13661 12970 1309 1177 11661 9851 1810 691 532 431
is_linear=0
shrinkage=0.05


Tree=48
num_leaves=18
num_cat=0
split_feature=1 1 35 29 31 35 29 35 9 35 32 29 2 25 35 36 32
split_gain=15.6669 14.196 15.126 14.8256 23.4441 16.3276 21.1592 17.3492 12.9727 11.8767 6.0519 5.67393 4.77256 4.61941 4.82758 4.2231 2.1368
threshold=-0.77992299199104298 0.69034299254417431 19.289330482482914 0.37250000238418585 -0.013456353452056645 20.101513862609867 0.81350001692771923 18.637505531311039 0.45272450149059301 14.019878387451174 -0.006910705240443348 0.18349999934434894 2635.5971679687505 0.002570617245510221 14.364956855773928 1.0000000180025095e-35 0.0032474388135597114
decision_type=2 2 2 2 2 2 2 2 2 2 2 2 2 2 2 2 2
left_child=11 3 10 4 9 7 -7 -5 -6 -2 -3 -1 15 -13 -15 -4 -12
right_child=1 2 12 5 8 6 -8 -9 -10 -11 16 13 -14 14 -16 -17 -18
leaf_value=-0.046848110057960433 -0.036378533756572948 0.0086978165449893442 0.023414369152558352 0.0050705781276593719 -0.0020008172804038748 0.00052602359987521062 -0.04761635003175238 0.030654351743206062 0.013524398853127574 -0.010507763414580859 0.055147899964558392 0.00089306494277926812 -0.015986161493453561 -0.039840352611048707 -0.006275550039441702 -0.0018163722812244701 0.027896746056709748
leaf_weight=15.195649959146975 60.599331244826317 21.888561800122261 25.980305522680283 761.59565974771976 1607.4103069603443 80.239579796791077 29.65344811975956 71.027751669287682 144.76442447304726 168.7560900747776 21.13068462908268 30.757468700408936 26.002574920654297 21.444798022508621 22.896275654435158 38.487869068980217 26.719793781638145
leaf_count=144 261 108 109 3238 6874 338 126 310 617 725 99 176 107 126 122 158 133
internal_value=-3.09573e-05 0.000572953 0.0149715 -0.000222226 -0.00268046 0.00493007 -0.0129942 0.00733324 -0.000698468 -0.0176418 0.0321244 -0.020333 0.00123224 -0.013762 -0.0237432 0.00859961 0.0418611
internal_weight=3174.55 3084.26 160.21 2924.05 1981.53 942.516 109.893 832.623 1752.17 229.355 69.739 90.2942 90.4707 75.0985 44.3411 64.4682 47.8505
internal_count=13771 13203 714 12489 8477 4012 464 3548 7491 986 340 568 374 424 248 267 232
is_linear=0
shrinkage=0.05


Tree=49
num_leaves=11
num_cat=0
split_feature=1 27 27 32 9 2 10 29 27 29
split_gain=14.4707 14.4672 14.0475 13.8037 14.1393 13.0304 11.6706 5.06397 5.60621 0.0137719
threshold=-0.77992299199104298 0.027419044636189941 0.018639594316482547 -0.016371052712202069 0.45272450149059301 3280.9916992187505 9.0908961296081561 0.24450000375509265 0.025599907152354721 0.17150000482797625
decision_type=2 2 2 2 2 2 2 2 2 2
left_child=7 2 -2 6 -5 -3 -4 9 -9 -1
right_child=1 5 3 4 -6 -7 -8 8 -10 -11
leaf_value=-0.047398578590740564 -0.034915166859820761 0.00074988523329520113 -0.0096544499051477405 0.00059387838989556304 0.012659031353514922 0.047890960575597261 0.01637860062723864 0.0010227412944008075 -0.027522963265885544 -0.02444159546550248
leaf_weight=11.547968037426473 26.429345235228539 29.317227303981781 451.2945277094841 2229.758380100131 270.87066012620926 28.361963868141174 45.496050640940666 37.231643587350845 28.774817913770676 11.68765254318714
leaf_count=115 110 122 1930 9518 1184 136 203 197 164 92
internal_value=-3.06922e-05 0.000546845 6.23513e-05 0.00039717 0.00191386 0.0249257 -0.00719418 -0.0196575 -0.0117179 -0.0390996
internal_weight=3170.77 3081.53 3023.85 2997.42 2500.63 57.6792 496.791 89.2421 66.0065 23.2356
internal_count=13771 13203 12945 12835 10702 258 2133 568 361 207
is_linear=0
shrinkage=0.05


Tree=50
num_leaves=21
num_cat=0
split_feature=33 33 29 21 27 5 29 35 35 20 26 34 5 32 31 27 23 23 20 20
split_gain=12.9652 14.9269 17.4031 15.6054 19.048 14.8976 13.7644 11.6814 11.3282 10.4517 13.4606 9.44919 10.562 8.61545 8.55713 7.72989 12.702 12.2252 5.60592 5.43395
threshold=0.99556183815002453 0.070394899696111693 0.22850000113248828 0.14840000122785571 0.020865335129201416 -1.3247449994087217 0.57850000262260448 20.315958976745609 18.637505531311039 -1.8704065084457395 1.0008113980293276 0.70564427971839916 -0.35935899615287775 -0.019607781432569023 0.0055414524395018825 0.020584233105182651 -1.8812044858932493 -6.1057615280151358 0.071775499731302275 0.37716600298881536
decision_type=2 2 2 2 2 2 2 2 2 2 2 2 2 2 2 2 2 2 2 2
left_child=1 11 5 4 -4 7 -5 -3 -7 -2 15 14 18 -14 19 16 -11 -17 -13 -1
right_child=9 2 3 6 -6 8 -8 -9 -10 10 -12 12 13 -15 -16 17 -18 -19 -20 -21
leaf_value=-0.029995823348923503 -0.039235929839523585 0.011183660311897624 0.0097182023267902047 -0.0011136566518660837 0.042633419066087766 -0.01192149114813197 0.011336795421825845 -0.015371517901236215 -0.00014536883053347004 -0.053213392029091013 0.025419676059070237 -0.0038573220226333881 -0.015939077018643832 0.013272190488744791 0.0021090200791989864 -0.024962706357726228 -0.00436637975080921 0.023018023047971646 -0.032024070945515397 -0.0073724605420751824
leaf_weight=90.68850602209568 30.791343592107296 250.88334266841412 368.18659237027168 784.22015205025673 48.651034295558929 415.97036945819855 306.8667688369751 47.435425400733948 402.83613596856594 24.232072249054909 23.452886775135994 41.549463137984276 30.539630383253098 109.51982962340117 43.096081793308258 24.177348792552948 28.806379660964012 24.918177828192711 30.899187609553337 41.290327370166779
leaf_count=391 159 1062 1586 3342 208 1922 1382 201 1714 103 102 177 131 471 185 103 124 106 128 174
internal_value=-3.11338e-05 0.000698305 0.00205536 0.00555853 0.013769 -0.00266585 0.0023932 0.0068536 -0.00615453 -0.0139783 -0.0071893 -0.00843057 -0.00125911 0.00669762 -0.0169664 -0.0151177 -0.0279879 -0.000466856 -0.0165423 -0.0232083
internal_weight=3169.01 3012.63 2625.05 1507.92 416.838 1117.13 1091.09 298.319 818.807 156.378 125.587 387.583 212.508 140.059 175.075 102.134 53.0385 49.0955 72.4487 131.979
internal_count=13771 13074 11417 6518 1794 4899 4724 1263 3636 697 538 1657 907 602 750 436 227 209 305 565
is_linear=0
shrinkage=0.05


Tree=51
num_leaves=18
num_cat=0
split_feature=1 25 0 5 29 33 27 26 27 18 29 25 33 26 33 9 26
split_gain=13.9509 12.6719 13.4464 13.2506 11.3891 13.937 10.0564 8.85192 8.01769 12.4137 6.88633 5.73922 4.89831 4.20439 3.20556 2.44871 0.774205
threshold=0.69034299254417431 0.00086586838006041955 0.76120948791503917 -1.6394324898719785 0.1475000008940697 0.066761117428541197 0.020527429878711704 1.0001274943351748 0.018910138867795471 0.35599100589752203 0.19549999386072162 0.00080850539961829792 0.40437449514865881 1.0006051659584048 0.33417250216007238 0.32242000102996832 0.99942141771316539
decision_type=2 2 2 2 2 2 2 2 2 2 2 2 2 2 2 2 2
left_child=1 2 8 7 12 -6 10 16 14 -10 -2 -8 -5 -13 -1 -12 -3
right_child=6 3 -4 4 5 -7 11 -9 9 -11 15 13 -14 -15 -16 -17 -18
leaf_value=-0.037655822559183309 -0.014099432588443525 0.021557530682219064 -0.036011255606823805 -0.024497469717405955 -0.0092708858706047267 0.0020523962732780713 0.0039930859279244954 0.0010272265642646233 -0.011232501813362288 0.0073371302930951791 0.0011406904371235407 0.048283991301220242 -0.0011042151513339404 0.016083191332176307 -0.010077571573554355 0.022835907575754863 0.039756170876438603
leaf_weight=23.008492976427078 34.389260113239288 24.579327911138535 38.756464883685112 64.649324953556061 310.97053664922714 2056.341966457665 19.681347146630287 40.375321015715599 204.47958734631538 157.14278103411198 23.919968262314796 30.631049424409866 35.368362210690975 20.491641685366631 23.867468476295471 30.147576451301575 26.799481138586998
leaf_count=101 139 102 170 287 1329 8929 83 168 930 671 99 154 155 105 104 134 111
internal_value=-3.36986e-05 -0.00080484 -0.00855131 0.000550738 -0.000146187 0.000554177 0.0142904 0.0190015 -0.00575892 -0.00313961 0.00277058 0.0280736 -0.016507 0.0366566 -0.0248056 0.0137992 0.0323713
internal_weight=3165.6 3006.34 447.255 2559.08 2467.33 2367.31 159.261 91.7541 408.498 361.622 88.4568 70.804 100.018 51.1227 46.876 54.0675 51.3788
internal_count=13771 13057 1976 11081 10700 10258 714 381 1806 1601 372 342 442 259 205 233 213
is_linear=0
shrinkage=0.05


Tree=52
num_leaves=18
num_cat=0
split_feature=1 33 33 29 21 25 1 5 26 13 23 22 29 25 35 29 14
split_gain=13.3204 11.951 14.882 16.021 19.7522 14.3461 15.8636 13.7283 11.1239 7.69338 8.42534 5.91082 4.70314 6.00822 4.36067 0.241692 0.15477
threshold=-0.77992299199104298 0.8635602891445161 0.14898674190044406 0.22749999910593036 0.14840000122785571 0.0041753961704671392 0.69034299254417431 -1.3247449994087217 1.0010669827461245 -0.13321150094270703 -2.8781729936599727 -0.4791134893894195 0.24450000375509265 0.002570617245510221 14.364956855773928 0.17349999397993091 0.38691450655460363
decision_type=2 2 2 2 2 2 2 2 2 2 2 2 2 2 2 2 2
left_child=12 2 5 7 -5 6 -2 -4 9 16 -11 -7 15 -14 -15 -1 -3
right_child=1 8 3 4 -6 11 -8 -9 -10 10 -12 -13 13 14 -16 -17 -18
leaf_value=-0.046953220461473655 -0.0087707521612115907 -0.03935857227477918 0.0086874250350281578 0.018246092040876207 0.0035074467093996909 0.0026721524161353017 0.023326634768825599 -0.0051201499949034635 0.015579278275091243 -0.021643492732462428 0.0024794491044359841 0.025283887077679354 0.0086089725113922631 -0.037873361158618106 -0.0055284074778792361 -0.022342450114948065 -0.023452650498304639
leaf_weight=11.423969626426699 673.70955637097359 22.907784536480904 246.99290156364441 315.82421933114529 811.86542738229036 77.979214921593666 38.77416142821312 646.34831455349922 32.227711752057076 68.368233948945999 72.439603596925735 45.585538282990456 22.74699866771698 20.382882364094257 22.585663080215454 10.95735791325569 22.332547545433044
leaf_count=120 2853 103 1047 1346 3493 341 172 2803 143 300 314 190 117 124 120 87 98
internal_value=-3.09506e-05 0.000520711 0.00138807 0.00371082 0.00766904 -0.00421037 -0.00694957 -0.00128055 -0.0106966 -0.0154186 -0.00930233 0.0113636 -0.0189839 -0.0113798 -0.0220962 -0.0381356 -0.0330437
internal_weight=3163.45 3075.36 2857.08 2021.03 1127.69 836.048 712.484 893.341 218.276 186.048 140.808 123.565 88.0969 65.7155 42.9685 22.3813 45.2403
internal_count=13771 13203 12245 8689 4839 3556 3025 3850 958 815 614 531 568 361 244 207 201
is_linear=0
shrinkage=0.05


end of trees

feature_importances:
Column_35=129
Column_27=128
Column_29=93
Column_25=83
Column_1=73
Column_33=58
Column_0=56
Column_32=39
Column_3=35
Column_30=33
Column_12=29
Column_10=28
Column_5=27
Column_31=27
Column_18=26
Column_2=25
Column_9=25
Column_34=24
Column_23=22
Column_26=21
Column_36=21
Column_20=20
Column_8=18
Column_28=17
Column_13=15
Column_21=15
Column_4=13
Column_17=12
Column_6=11
Column_7=8
Column_16=8
Column_14=5
Column_22=5
Column_15=4
Column_11=2

parameters:
[boosting: gbdt]
[objective: binary]
[metric: auc]
[tree_learner: serial]
[device_type: cpu]
[data_sample_strategy: bagging]
[data: ]
[valid: ]
[num_iterations: 300]
[learning_rate: 0.05]
[num_leaves: 31]
[num_threads: 6]
[seed: 77]
[deterministic: 0]
[force_col_wise: 0]
[force_row_wise: 0]
[histogram_pool_size: -1]
[max_depth: 5]
[min_data_in_leaf: 100]
[min_sum_hessian_in_leaf: 0.001]
[bagging_fraction: 0.8]
[pos_bagging_fraction: 1]
[neg_bagging_fraction: 1]
[bagging_freq: 0]
[bagging_seed: 16146]
[bagging_by_query: 0]
[feature_fraction: 0.7]
[feature_fraction_bynode: 1]
[feature_fraction_seed: 20304]
[extra_trees: 0]
[extra_seed: 19243]
[early_stopping_round: 0]
[early_stopping_min_delta: 0]
[first_metric_only: 0]
[max_delta_step: 0]
[lambda_l1: 0.2]
[lambda_l2: 2]
[linear_lambda: 0]
[min_gain_to_split: 0]
[drop_rate: 0.1]
[max_drop: 50]
[skip_drop: 0.5]
[xgboost_dart_mode: 0]
[uniform_drop: 0]
[drop_seed: 20523]
[top_rate: 0.2]
[other_rate: 0.1]
[min_data_per_group: 100]
[max_cat_threshold: 32]
[cat_l2: 10]
[cat_smooth: 10]
[max_cat_to_onehot: 4]
[top_k: 20]
[monotone_constraints: ]
[monotone_constraints_method: basic]
[monotone_penalty: 0]
[feature_contri: ]
[forcedsplits_filename: ]
[refit_decay_rate: 0.9]
[cegb_tradeoff: 1]
[cegb_penalty_split: 0]
[cegb_penalty_feature_lazy: ]
[cegb_penalty_feature_coupled: ]
[path_smooth: 0]
[interaction_constraints: ]
[verbosity: -1]
[saved_feature_importance_type: 0]
[use_quantized_grad: 0]
[num_grad_quant_bins: 4]
[quant_train_renew_leaf: 0]
[stochastic_rounding: 1]
[linear_tree: 0]
[max_bin: 255]
[max_bin_by_feature: ]
[min_data_in_bin: 3]
[bin_construct_sample_cnt: 200000]
[data_random_seed: 290]
[is_enable_sparse: 1]
[enable_bundle: 1]
[use_missing: 1]
[zero_as_missing: 0]
[feature_pre_filter: 1]
[pre_partition: 0]
[two_round: 0]
[header: 0]
[label_column: ]
[weight_column: ]
[group_column: ]
[ignore_column: ]
[categorical_feature: ]
[forcedbins_filename: ]
[precise_float_parser: 0]
[parser_config_file: ]
[objective_seed: 16645]
[num_class: 1]
[is_unbalance: 0]
[scale_pos_weight: 1]
[sigmoid: 1]
[boost_from_average: 1]
[reg_sqrt: 0]
[alpha: 0.9]
[fair_c: 1]
[poisson_max_delta_step: 0.7]
[tweedie_variance_power: 1.5]
[lambdarank_truncation_level: 30]
[lambdarank_norm: 1]
[label_gain: ]
[lambdarank_position_bias_regularization: 0]
[eval_at: ]
[multi_error_top_k: 1]
[auc_mu_weights: ]
[num_machines: 1]
[local_listen_port: 12400]
[time_out: 120]
[machine_list_filename: ]
[machines: ]
[gpu_platform_id: -1]
[gpu_device_id: -1]
[gpu_use_dp: 0]
[num_gpu: 1]

end of parameters

pandas_categorical:null
