tree
version=v4
num_class=1
num_tree_per_iteration=1
label_index=0
max_feature_idx=36
objective=binary sigmoid:1
feature_names=Column_0 Column_1 Column_2 Column_3 Column_4 Column_5 Column_6 Column_7 Column_8 Column_9 Column_10 Column_11 Column_12 Column_13 Column_14 Column_15 Column_16 Column_17 Column_18 Column_19 Column_20 Column_21 Column_22 Column_23 Column_24 Column_25 Column_26 Column_27 Column_28 Column_29 Column_30 Column_31 Column_32 Column_33 Column_34 Column_35 Column_36
feature_infos=[-13.986119270324707:12.311240196228027] [-0.92213797569274902:0.86255699396133423] [2334.031494140625:4728.697265625] [15.833520889282227:69.849876403808594] [-5873.50048828125:1539.5223388671875] [-2.3284120559692383:3.3837859630584717] [0.02222600020468235:0.22283299267292023] [13.612317085266113:58.266666412353516] [-15.919281005859375:8.39447021484375] [0.26131001114845276:0.55751800537109375] [-26.852569580078125:18.72735595703125] [-1:1] [-10.059465408325195:6.5846962928771973] [-1.2582850456237793:0.98352199792861938] [-0.98352199792861938:1.2582850456237793] [-1:1] [-0.97492802143096924:0.97492802143096924] [-0.90096902847290039:1] [0:0.96774202585220337] [0:1] [-13.986119270324707:12.311240196228027] [0:0.98439997434616089] [-20.144699096679688:10.364812850952148] [-34.253673553466797:16.88249397277832] none [7.1071350248530507e-05:0.01916351355612278] [0.98780262470245361:1.0173139572143555] [0.018428988754749298:0.038969609886407852] [-1:1] [0.028999999165534973:6.0980000495910645] [-0.39096963405609131:0.5319100022315979] [-0.21654918789863586:0.55989921092987061] [-0.25082975625991821:0.39616280794143677] [0:18.420680999755859] [0.33056366443634033:0.76311242580413818] [12.036820411682129:21.260335922241211] [-0.036423657089471817:0.039510279893875122]
tree_sizes=2554 3004 3112 2800 2933 2919 2821 2910 3231 3028 3140 2817 2839 3128 3022 2826 2823 2933 2834 2402 2938 2611 2826 2822 2834 2830 2601 3029 2602 3032 2395 2598 2791 2724

Tree=0
num_leaves=23
num_cat=0
split_feature=1 17 1 5 36 0 9 35 8 6 35 32 33 9 36 35 33 35 4 35 35 35
split_gain=184.95 83.9066 52.9203 38.9851 26.6898 26.4504 46.2193 27.122 25.4307 21.4437 20.5278 19.6879 20.3418 18.0804 17.0717 15.0323 13.9516 13.902 8.18652 1.11354 1.13113 6.29313
threshold=0.031178500503301624 -0.5617450177669524 -0.77992299199104298 -0.63778200745582569 -0.0031948665855452414 -2.1030044555664058 0.45433600246906286 13.360352993011476 0.04936449974775315 0.061425499618053443 14.094186782836916 -0.0056842947378754607 0.098800048232078566 0.27840098738670355 0.001714040990918875 12.824287891387941 0.46556633710861212 14.156924724578859 -907.44018554687489 19.187120437622074 17.480833053588871 14.397043704986574
decision_type=2 2 2 2 2 2 2 2 2 2 2 2 2 2 2 2 2 2 2 2 2 2
left_child=2 8 19 13 18 7 -7 -5 11 15 -11 16 -13 -4 -15 -6 -2 -10 -3 20 21 -1
right_child=1 4 3 5 9 6 -8 -9 17 10 -12 12 -14 14 -16 -17 -18 -19 -20 -21 -22 -23
leaf_value=-0.77921979022803645 -0.66370905708318539 -0.69193496387172759 -0.6932564409031039 -0.69185704485020805 -0.7582281466210502 -0.71748494621545922 -0.66428469277333435 -0.7393209727729263 -0.67670449325392035 -0.6471493062328233 -0.7019023069786392 -0.69103869567732124 -0.6302626230345878 -0.75015322042791466 -0.71219543604058977 -0.71414018897799969 -0.72471114429778327 -0.74801156416022951 -0.64543875965048503 -0.75015160100677392 -0.78693272224330379 -0.73196838019951915
leaf_weight=23.814734637737274 25.578789055347443 20.507132604718208 17.199530571699142 34.178554341197014 20.066119000315666 409.70163848996162 44.321867242455482 209.70196889340878 14.112435340881349 20.066119000315666 98.566540583968163 18.302064582705498 76.515860363841057 219.18376138806343 33.737540736794472 233.07568992674351 13.891928538680075 11.466353714466093 20.507132604718208 12.127874121069906 21.389159813523293 11.466353714466093
leaf_count=108 116 93 78 155 91 1858 201 951 64 91 447 83 347 994 153 1057 63 52 93 55 97 52
internal_value=-0.716047 -0.693263 -0.72864 -0.725591 -0.705245 -0.719327 -0.7122 -0.732577 -0.662615 -0.709548 -0.692101 -0.653962 -0.641558 -0.741685 -0.745075 -0.717768 -0.684986 -0.708858 -0.667441 -0.770717 -0.774364 -0.764863
internal_weight=1609.48 572.656 1036.82 968.025 412.789 697.904 454.024 243.881 159.867 371.774 118.633 134.289 94.8179 270.121 252.921 253.142 39.4707 25.5788 41.0143 68.7981 56.6702 35.2811
internal_count=7299 2597 4702 4390 1872 3165 2059 1106 725 1686 538 609 430 1225 1147 1148 179 116 186 312 257 160
is_linear=0
shrinkage=1


Tree=1
num_leaves=27
num_cat=0
split_feature=29 1 0 22 17 1 32 33 31 17 4 10 6 27 9 27 10 3 5 29 29 29 31 34 3 27
split_gain=236.897 91.6415 90.0121 45.6232 35.7004 34.965 31.798 30.3722 26.3852 25.4117 23.1366 22.7238 21.4206 22.7586 19.5238 18.4937 18.3472 17.3952 16.5956 18.2294 13.7856 7.63799 7.37682 6.91203 2.87736 2.66147
threshold=0.331499993801117 -0.36555400490760798 -0.11218750104308127 -0.41518099606037134 -0.5617450177669524 -0.77992299199104298 -0.0031942462082952257 0.05187953636050225 -0.013547267764806746 -0.5617450177669524 -5667.8798828124991 -15.318406105041502 0.042589498683810241 0.020535646937787536 0.2937729954719544 0.026132798753678802 9.0908961296081561 47.295667648315437 -0.035245499573647969 0.14950000494718554 0.21550000458955768 0.65150001645088207 -0.012077404186129568 0.71093609929084789 42.329292297363288 0.025645212270319465
decision_type=2 2 2 2 2 2 2 2 2 2 2 2 2 2 2 2 2 2 2 2 2 2 2 2 2 2
left_child=2 5 12 7 6 25 23 21 -8 22 -9 -7 13 24 -14 -13 -16 -11 19 -6 -20 -3 -5 -4 -1 -2
right_child=1 3 4 9 18 11 8 10 -10 17 -12 15 14 -15 16 -17 -18 -19 20 -21 -22 -23 -24 -25 -26 -27
leaf_value=0 -0.029341761593295129 -0.014836164426031404 -0.024671752084888015 0.021063034155874301 -0.013859219860477568 -0.048399227961751161 -0.023143156008596403 0.019843749923406678 0.055670200067307968 -0.012422982874924019 0.070556805222085142 0.0048591278284225818 0.021154952781869227 0.062748063627457801 -0.034831499693293216 0.044696743529347854 0.0029283228637867545 0.024235477491610664 -0.037470477257391568 0.017410839860302278 -0.004807612701936902 0.031843851058961779 0.073579483458675377 0.019552478908896647 -0.033664625935811411 -0.060036843487861591
leaf_weight=11.44056683778763 20.013265922665596 15.311676517128943 27.357721775770187 11.145510628819464 85.326311990618706 15.288084670901297 11.906769543886183 27.817584216594696 67.177391245961189 52.809550225734711 152.57860879600048 138.71982805430889 16.888274073600769 11.901480406522749 480.20499590039253 36.118199527263641 34.055259257555008 80.169963151216507 60.497015908360481 100.19609852135181 69.618953198194504 17.943195328116417 22.976557686924934 11.845398947596548 13.22386711835861 16.611189678311348
leaf_count=52 92 69 123 50 387 69 53 126 299 240 686 633 76 54 2193 164 154 363 274 453 315 81 103 53 60 77
internal_value=-3.76846e-07 0.0246072 -0.0149397 0.0395618 0.00219562 -0.000545501 0.0255121 0.0548522 0.043601 0.0197721 0.0629168 0.00810799 -0.0280266 0.0086755 -0.0305742 0.0133246 -0.0323204 0.00965609 -0.00657955 0.00300497 -0.0202022 0.0103992 0.0576562 -0.0110309 -0.0186499 -0.0446222
internal_weight=1609.14 607.503 1001.64 380.753 433.926 226.751 118.287 213.651 79.0842 167.102 180.396 190.126 567.714 36.5659 531.149 174.838 514.26 132.98 315.638 185.522 130.116 33.2549 34.1221 39.2031 24.6644 36.6245
internal_count=7299 2753 4546 1718 1957 1035 528 962 352 756 812 866 2589 166 2423 797 2347 603 1429 840 589 150 153 176 112 169
is_linear=0
shrinkage=0.05


Tree=2
num_leaves=28
num_cat=0
split_feature=29 0 1 8 1 17 12 21 27 27 1 33 35 35 35 27 29 9 35 27 2 25 5 26 5 35 36
split_gain=213.272 82.4189 81.2229 44.7877 32.1552 32.0291 31.4782 31.9789 25.5841 28.6523 25.293 25.1684 20.9921 41.4546 18.6085 32.6665 18.8369 18.533 16.6324 25.1629 16.9503 15.9565 19.221 14.5364 13.6232 2.69699 0.400551
threshold=0.331499993801117 -0.11218750104308127 -0.36555400490760798 -3.3788095712661739 -0.77992299199104298 -0.5617450177669524 1.0796366333961489 0.69530001282691967 0.025146109983325008 0.020559169352054599 0.51085601747035991 0.42918002605438238 13.108623027801515 13.33904027938843 19.725720405578617 0.020353892818093303 0.25450000166893011 0.2937729954719544 14.031294345855715 0.023062885738909248 3557.917114257813 0.0010396970319561662 -1.3247449994087217 1.001493573188782 0.40487648546695715 14.397043704986574 -0.00019799589063040909
decision_type=2 2 2 2 2 2 2 2 2 2 2 2 2 2 2 2 2 2 2 2 2 2 2 2 2 2 2
left_child=1 14 4 18 25 8 7 -5 9 -3 -8 -10 -6 -14 17 16 -16 -1 20 -20 -4 22 -7 -19 -23 -2 -17
right_child=2 5 3 6 12 21 10 -9 11 -11 -12 -13 13 -15 15 26 -18 23 19 -21 -22 24 -24 -25 -26 -27 -28
leaf_value=0.015092646330282464 -0.058643303764346039 0.022288830053123099 0.040357470468072539 0.05141659522043316 -0.040464786100452239 0.0047121595793271588 -0.023875333819268988 0.0096168478095495918 -0.046729382251844531 0.091561747925568177 0.043742202700866505 0.040720029037009858 0.092984750944929209 0.0056999721497385143 -0.028574745244041827 0.051133100743264749 0.02428123193131336 -0.037292725564831403 0.063316677412875583 0.00039909150019847895 0.11170484180927734 0.012815423402232682 -0.035569444744643942 0.010798194593123837 -0.014764858055261402 -0.027803839611722267 0.028906175157241438
leaf_weight=18.552362874150276 16.442699670791626 67.775845363736153 14.640352860093115 117.65503902733326 19.266748890280724 47.322523683309555 47.650637969374657 75.905973121523857 20.321322917938232 18.687771022319794 18.312361791729927 12.411933451890944 13.929003104567526 157.45612275600433 125.56028361618519 11.068764597177507 18.564968526363373 360.6580201536417 63.45916511118412 21.320517376065254 26.58243815600872 121.87854102253914 76.338027656078339 15.846531361341475 69.374901071190834 19.590058654546738 11.729400023818014
leaf_count=83 78 301 65 523 88 215 215 344 90 82 81 55 62 716 578 50 85 1667 280 94 116 550 348 73 316 91 53
internal_value=-7.16629e-06 -0.0142802 0.0231928 0.0371286 -0.000545073 0.00207506 0.0250597 0.035184 0.0240471 0.0381939 -0.00465608 -0.0131976 0.00767681 0.0133211 -0.0269041 -0.0127516 -0.0216114 -0.0328241 0.0615543 0.0477415 0.0880401 -0.00627545 -0.0202002 -0.0352322 0.00276024 -0.0432153 0.0416029
internal_weight=1608.3 996.091 612.211 385.526 226.685 434.111 259.524 193.561 119.197 86.4636 65.963 32.7333 190.652 171.385 561.98 166.923 144.125 395.057 126.002 84.7797 41.2228 314.914 123.661 376.505 191.253 36.0328 22.7982
internal_count=7299 4546 2753 1718 1035 1957 1163 867 528 383 296 145 866 778 2589 766 663 1823 555 374 181 1429 563 1740 866 169 103
is_linear=0
shrinkage=0.05


Tree=3
num_leaves=25
num_cat=0
split_feature=29 20 1 8 1 17 32 35 32 6 10 35 6 9 10 33 25 13 32 1 36 34 35 35
split_gain=192.233 75.5047 72.1961 39.2197 29.6029 28.831 27.7702 23.6707 23.573 21.5098 19.4073 24.5213 18.2902 16.6397 16.719 14.9452 14.5414 16.6476 12.819 12.5259 8.50438 6.42542 5.48207 2.59468
threshold=0.331499993801117 -0.11218750104308127 -0.36555400490760798 -3.3788095712661739 -0.77992299199104298 -0.5617450177669524 -0.0031942462082952257 12.883745193481447 0.003150856820866466 0.044652499258518226 -15.318406105041502 13.33904027938843 0.042589498683810241 0.2937729954719544 9.0908961296081561 0.091932572424411788 0.0010396970319561662 0.10255200043320657 0.03092061169445515 0.25348900258541113 -0.00034960622724611307 0.70106607675552379 15.748561859130861 14.397043704986574
decision_type=2 2 2 2 2 2 2 2 2 2 2 2 2 2 2 2 2 2 2 2 2 2 2 2
left_child=1 12 4 15 23 6 21 -5 -8 -9 -6 -12 20 -14 -15 22 17 -7 -17 -18 -1 -3 -4 -2
right_child=2 5 3 7 10 16 8 9 -10 -11 11 -13 13 14 -16 18 19 -19 -20 -21 -22 -23 -24 -25
leaf_value=0.035048773163053472 -0.057186907012019041 -0.027411867663474539 0.0012930487135008278 -0.029372723498710042 -0.045757037747198026 -0.039295667439261411 0.068211989136112927 0.060312859903152362 0.013782979146193404 0.020830261641770736 0.06497965317657213 0.0054059010076081323 0.019218472972934369 -0.032339164035369676 0.0038098458028538043 0.072675817062446121 -0.014454537699033541 -0.0023687528940253885 0.014738034819489204 0.012100261264459266 -0.012317425615757282 0.01285751352220447 0.046310582126420238 -0.026754469089296424
leaf_weight=15.530988603830336 16.053757190704346 23.773734301328659 14.574578031897547 18.648739218711853 14.831284523010252 55.702782064676285 37.05883364379406 41.570138767361641 43.62619261443615 201.26132579147816 18.47516718506813 157.76653006672859 17.088585197925568 468.63974380493164 33.846917599439621 89.899105429649353 67.985700160264969 67.069879233837128 11.567015737295149 123.43045449256897 21.16651776432991 15.532435178756712 12.114578202366827 19.385033890604973
leaf_count=70 78 107 64 85 69 257 161 184 191 894 81 716 76 2193 154 388 309 306 50 557 96 69 53 91
internal_value=-3.8394e-06 -0.0136439 0.021901 0.0349236 -0.000533024 0.00197319 0.0227258 0.0236343 0.0393726 0.0278294 0.00728563 0.0120105 -0.025824 -0.0282329 -0.0298915 0.0575576 -0.00598349 -0.0193453 0.0663281 0.00261664 0.00799407 -0.0114506 0.0228422 -0.0418686
internal_weight=1606.6 990.453 616.147 389.635 226.512 434.18 119.991 261.48 80.685 242.831 191.073 176.242 556.273 519.575 502.487 128.155 314.189 122.773 101.466 191.416 36.6975 39.3062 26.6892 35.4388
internal_count=7299 4546 2753 1718 1035 1957 528 1163 352 1078 866 797 2589 2423 2347 555 1429 563 438 866 166 176 117 169
is_linear=0
shrinkage=0.05


Tree=4
num_leaves=26
num_cat=0
split_feature=29 1 1 0 29 27 17 8 12 27 35 16 10 0 3 11 7 8 35 27 35 10 31 25 29
split_gain=174.152 85.8111 57.5786 35.6309 31.6649 40.7941 29.7588 24.8603 23.7179 23.4987 34.0146 22.7403 22.4094 22.2035 21.4934 17.6271 15.6015 14.7297 9.97811 7.42375 7.40855 7.30185 3.77596 3.52929 2.12767
threshold=0.37549999356269842 -0.45222748816013331 -0.77992299199104298 0.10615099966526033 0.27650000154972082 0.023810809478163723 -0.5617450177669524 -3.9886338710784908 1.8472125530242922 0.020559169352054599 17.078129768371586 -1.0000000180025095e-35 -2.2961579561233516 -0.52664449810981739 40.873382568359382 1.0000000180025095e-35 33.821170806884773 1.0416495203971865 20.734980583190922 0.026360092684626583 14.227111339569094 -14.176932811737059 -0.0025484741199761625 0.0034576682373881344 0.26749999821186071
decision_type=2 2 2 2 2 2 2 2 2 2 2 2 2 2 2 2 2 2 2 2 2 2 2 2 2
left_child=1 14 23 9 11 8 20 -7 -6 15 -11 13 -8 -3 21 -4 18 -13 -16 -18 -5 22 -1 -2 -23
right_child=2 4 3 6 5 7 12 -9 -10 10 -12 17 -14 -15 16 -17 19 -19 -20 -21 -22 24 -24 -25 -26
leaf_value=-0.045006341973080163 -0.014812437936474868 -0.032769913581977284 -0.031084156508844569 0.091445946289755956 0.051891909375773843 0.040581550843958016 0.009284303374183565 -0.024178916219024609 -0.0045594791257233562 0.018938258251540746 0.086033364029150669 -0.01032368209291403 0.052022835888841171 0.0070353275818855494 -0.010029280441470468 0.01968890210628587 -0.061494710766707143 -0.036229764426797879 -0.049216189983725116 -0.024686743732629343 0.051571583018656247 -0.061138228714874766 -0.0065115775256153049 -0.051021148397391206 -0.040546565265856344
leaf_weight=10.905319407582285 11.889561638236044 39.348194867372513 36.986620649695396 32.775731265544891 74.277046531438828 18.200124099850655 61.115335017442703 63.924266517162323 24.30290287733078 206.96863341331482 20.014810934662819 181.09492272138596 62.366751238703728 264.42856514453888 150.20113626122475 30.063101962208748 30.467583760619164 79.121135130524635 17.486088067293167 29.314860239624977 27.757807046175003 65.370929300785065 15.362261876463888 21.09884387254715 29.635267034173012
leaf_count=51 57 186 166 139 329 80 271 290 110 927 86 830 270 1190 708 134 144 365 82 139 119 312 72 103 139
internal_value=-6.46141e-06 -0.0112699 0.0240586 0.0284884 -0.00166584 0.0164843 0.0457256 -0.00945123 0.0380187 0.0175653 0.0252279 -0.00750893 0.0311548 0.00177235 -0.0317005 -0.00829076 -0.0224306 -0.0183284 -0.0144128 -0.0442309 0.074378 -0.0487211 -0.023741 -0.0389378 -0.0552564
internal_weight=1604.48 1093.44 511.037 478.049 744.697 180.704 184.016 82.1244 98.5799 294.033 226.983 563.993 123.482 303.777 348.743 67.0497 227.47 260.216 167.687 59.7824 60.5335 121.274 26.2676 32.9884 95.0062
internal_count=7299 5027 2272 2112 3380 809 799 370 439 1313 1013 2571 541 1376 1647 300 1073 1195 790 283 258 574 123 160 451
is_linear=0
shrinkage=0.05


Tree=5
num_leaves=26
num_cat=0
split_feature=29 1 1 9 0 1 3 17 27 35 3 10 10 22 7 32 34 33 27 10 35 32 25 29 34
split_gain=157.14 79.093 52.1015 35.5704 31.5696 26.9826 29.8294 26.1371 21.0344 29.9643 20.294 19.7627 16.2456 15.715 14.6079 14.4876 12.5883 7.37854 7.09344 6.94424 6.38834 5.83014 3.34556 2.08292 1.01413
threshold=0.37549999356269842 -0.45222748816013331 -0.77992299199104298 0.45433600246906286 0.10615099966526033 0.031178500503301624 45.004032135009773 -0.5617450177669524 0.020559169352054599 17.078129768371586 40.873382568359382 -2.2961579561233516 -1.2148234844207761 1.2420715093612673 33.821170806884773 -0.007192671298980712 0.68014228343963634 0.22321838140487674 0.026360092684626583 -14.176932811737059 14.227111339569094 0.0025334976380690937 0.0034576682373881344 0.26749999821186071 0.68014228343963634
decision_type=2 2 2 2 2 2 2 2 2 2 2 2 2 2 2 2 2 2 2 2 2 2 2 2 2
left_child=1 10 22 5 8 13 -7 20 12 -10 19 -9 -4 -3 16 -5 -12 -17 -16 21 -6 -1 -2 -21 -24
right_child=2 3 4 15 7 6 -8 11 9 -11 14 -13 -14 -15 18 17 -18 -19 -20 23 -22 -23 24 -25 -26
leaf_value=0.00093122594341440176 -0.014210496546804988 -0.010033229761046614 -0.026260669361581248 -0.011013395345489089 0.085333173345638141 0.020720821954000084 -0.0075969643565697914 0.0088021063179025954 0.017885153606493873 0.080287702766052182 -0.02928444116624157 0.048786604534227063 0.024189342805375165 -0.039006479912797244 -0.059979980881272502 0.015859278623305224 -0.0016056668884947248 0.065523118796197308 -0.023724055670402588 -0.059635600175132558 0.048474740696799509 -0.045107711657325272 -0.031581328956712985 -0.039195153098370003 -0.062375568333399183
leaf_weight=12.940087661147119 11.817759439349173 257.1285774409771 42.749747321009636 11.138765752315519 33.421225115656853 160.17763555049896 218.66847175359726 61.290345534682274 208.22304260730743 20.434818550944328 72.611625328660011 63.221861943602562 24.102594211697578 56.860883772373199 29.719463393092155 11.473016515374182 94.153532356023788 28.41401033103466 29.027238845825195 63.734066128730774 28.108987271785736 13.099946990609167 10.129072159528734 29.170648753643036 10.507710993289946
leaf_count=61 57 1188 193 50 139 712 989 271 927 86 344 270 107 267 144 50 446 124 139 312 119 62 50 139 53
internal_value=-1.82565e-05 -0.010781 0.0227368 -0.00159019 0.0268904 -0.00458451 0.00438577 0.0430104 0.0166141 0.0238091 -0.0305521 0.0293713 -0.00790956 -0.0154031 -0.021537 0.0382776 -0.0137899 0.0520975 -0.0428462 -0.0472804 0.0696195 -0.0228563 -0.0377054 -0.0537566 -0.0496502
internal_weight=1602.33 1088.32 514.007 743.861 481.553 692.836 378.846 186.042 295.51 228.658 344.457 124.512 66.8523 313.989 225.512 51.0258 166.765 39.887 58.7467 118.945 61.5302 26.04 32.4545 92.9047 20.6368
internal_count=7299 5027 2272 3380 2112 3156 1701 799 1313 1013 1647 541 300 1455 1073 224 790 174 283 574 258 123 160 451 103
is_linear=0
shrinkage=0.05


Tree=6
num_leaves=25
num_cat=0
split_feature=29 20 20 23 7 18 8 17 18 35 27 29 27 33 27 27 33 25 6 9 27 7 35 25
split_gain=144.372 70.1995 46.1758 39.1574 24.884 30.8762 28.9821 23.2298 21.163 19.3527 19.0213 27.8969 22.948 15.4274 15.2565 24.0355 11.4606 11.3321 14.4549 20.6168 16.4658 10.68 20.1284 11.7304
threshold=0.27650000154972082 0.085505001246929183 -0.14918699860572812 1.0000000180025095e-35 15.242184162139894 0.81394049525260936 -3.2123030424118038 -0.5617450177669524 1.0000000180025095e-35 13.283967494964601 0.020119046792387966 0.44150000810623174 0.019674275070428852 0.070034861564636244 0.025146109983325008 0.020559169352054599 0.38475200533866888 0.0024215261219069366 0.055472001433372504 0.2937729954719544 0.020535646937787536 27.480632781982425 14.272272586822512 0.001245078688953072
decision_type=2 2 2 2 2 2 2 2 2 2 2 2 2 2 2 2 2 2 2 2 2 2 2 2
left_child=2 4 17 8 -2 6 -6 14 -3 -7 12 -12 -5 -10 15 -4 -16 18 20 -20 -1 22 -9 -23
right_child=1 3 7 10 5 9 -8 21 13 -11 11 -13 -14 -15 16 -17 -18 -19 19 -21 -22 23 -24 -25
leaf_value=-0.024354368065229212 0.073388089063285561 -0.0060138343525129884 0.013267033594632233 0.0054825300029629053 0.034223087718239002 -0.066133222673257122 0.0013358190712988108 0.048945639200105792 0.021167905607156624 -0.011115094778186674 -0.025025132919156513 0.028166938173341344 0.074448191160255237 0.06830521275200642 -0.045953515565869352 0.078628676433417852 0.019743006785330114 0.017575169120849939 0.017955994964854328 -0.038351714894325373 0.01292979148857433 -0.051060467077671881 -0.0084146445050803167 -0.0087683463563208094
leaf_weight=119.99636109173298 11.581437885761259 13.007232233881949 61.802233472466469 23.205177828669548 86.558252617716789 18.564881712198257 287.08483622968197 15.554793253540991 22.569258794188499 92.975316971540451 44.466596201062202 52.795510053634644 24.906093433499336 103.83150088787079 13.279181003570558 17.549909561872482 11.475380912423132 13.715161949396132 16.723718523979187 243.31712664663792 38.308907270431519 27.894014313817024 198.60026179254055 39.92561574280262
leaf_count=570 52 58 270 101 376 87 1307 69 97 433 198 228 106 437 59 74 50 65 74 1185 179 130 912 182
internal_value=-2.68488e-05 0.0153285 -0.0147023 0.0350759 0.00395013 0.00213481 0.00903885 -0.00210962 0.0539514 -0.0208231 0.0166958 0.00379034 0.0420752 0.0601602 0.017952 0.0285836 -0.0157206 -0.0259124 -0.0273885 -0.0346564 -0.0152759 -0.00957143 -0.00401701 -0.0267248
internal_weight=1599.69 781.546 818.143 284.781 496.765 485.183 373.643 386.081 139.408 111.54 145.373 97.2621 48.1113 126.401 104.107 79.3521 24.7546 432.061 418.346 260.041 158.305 281.975 214.155 67.8196
internal_count=7299 3480 3819 1225 2255 2203 1683 1746 592 520 633 426 207 534 453 344 109 2073 2008 1259 749 1293 981 312
is_linear=0
shrinkage=0.05


Tree=7
num_leaves=26
num_cat=0
split_feature=29 0 0 8 12 1 35 27 1 35 27 35 5 35 16 35 5 29 0 35 29 35 35 35 34
split_gain=131.959 54.0362 50.7373 29.9637 35.5506 22.6355 21.8912 17.8894 17.6526 16.2422 26.6781 14.3474 14.2348 13.7495 24.5647 14.0555 13.6336 13.9597 12.0483 35.0962 11.3954 10.7494 5.52179 2.52447 0.947646
threshold=0.331499993801117 -0.11218750104308127 -2.1030044555664058 -3.3788095712661739 1.0796366333961489 0.51085601747035991 12.883745193481447 0.026974438689649109 -0.77992299199104298 19.725720405578617 0.020535646937787536 20.695147514343265 -1.099633455276489 14.031294345855715 -0.60785751044750203 13.620247364044191 0.74922147393226635 0.26350000500679022 -2.4564279317855831 13.351444244384767 0.25049999356269842 17.883440017700199 18.523162841796879 14.397043704986574 0.68701872229576122
decision_type=2 2 2 2 2 2 2 2 2 2 2 2 2 2 2 2 2 2 2 2 2 2 2 2 2
left_child=1 9 8 13 6 -6 -5 16 23 12 11 -11 21 15 -15 -4 17 -3 19 -10 -14 -1 -18 -2 -20
right_child=2 7 3 4 5 -7 -8 -9 18 10 -12 -13 20 14 -16 -17 22 -19 24 -21 -22 -23 -24 -25 -26
leaf_value=0.0051074609219157827 -0.053545896250492858 0.0022592886878030657 0.044251531640550734 -0.028996015763206481 -0.025804279060594393 0.035335437685850055 0.031037967081466181 -0.056006649773388963 0.085167434563973451 -0.0052924087178370599 0.044540460150574092 -0.039264186029716583 -0.040796301749558658 -0.024615929111322755 0.044675861364330827 0.10558735246917078 -0.038173043164451761 0.028284234868147008 -0.017020427848904153 -0.0015378287022038014 -0.020302260330080563 -0.033064196920752888 -0.0043587595080033176 -0.023252949373476432 -0.041514737981609151
leaf_weight=50.258778214454651 14.960238337516783 312.74031585454941 27.73374642431736 15.399959892034529 61.264638230204582 19.006537258625031 230.19843529164791 12.099557504057882 12.339299529790877 96.19481173157692 19.513827085494995 45.501872345805168 180.52742972970009 14.352278724312781 82.204493194818497 16.175943613052368 23.588783115148544 60.882412865757942 10.930737823247911 92.267657935619354 116.08290609717369 27.789604708552361 25.029961243271828 18.671274617314339 10.85049334168434
leaf_count=238 78 1407 115 71 279 81 999 56 52 455 87 224 890 62 342 66 108 269 50 417 560 135 117 91 50
internal_value=-2.52591e-05 -0.0115742 0.0178457 0.0261697 0.0177307 -0.0110095 0.027151 0.00152381 -0.00639308 -0.022183 -0.00879448 -0.0164352 -0.0278918 0.0454482 0.0341783 0.0688064 0.00331262 0.00657762 0.00221848 0.00935208 -0.0328876 -0.00866688 -0.0213042 -0.0380295 -0.0307286
internal_weight=1596.57 970.21 626.356 466.336 325.87 80.2712 245.598 434.341 160.02 535.869 161.211 141.697 374.659 140.466 96.5568 43.9097 422.241 373.623 126.388 104.607 296.61 78.0484 48.6187 33.6315 21.7812
internal_count=7299 4546 2753 2015 1430 360 1070 1957 738 2589 766 679 1823 585 404 181 1901 1676 569 469 1450 373 225 169 100
is_linear=0
shrinkage=0.05


Tree=8
num_leaves=29
num_cat=0
split_feature=29 20 20 3 35 35 20 21 9 35 29 35 17 33 35 35 18 10 25 20 35 35 17 30 10 4 28 34
split_gain=120.451 57.139 39.4234 28.8604 23.2018 25.319 28.2857 21.8666 28.7815 30.1985 22.6612 19.5342 24.6375 18.1918 14.499 17.6851 14.9483 13.6008 15.9441 12.0189 11.8209 14.2572 11.3825 10.9208 10.1942 9.5436 2.94297 1.19467
threshold=0.37549999356269842 0.048949500545859344 -2.1030044555664058 45.004032135009773 12.883745193481447 20.121210098266605 1.2829099893569949 0.60159999132156383 0.45272450149059301 20.762360572814945 0.25450000166893011 13.620247364044191 -0.5617450177669524 0.01588540151715279 20.67340183258057 20.808181762695316 0.57603701949119579 -7.1170039176940909 0.0035902243107557301 -3.5131604671478267 13.351444244384767 15.063202381134035 1.0000000180025095e-35 0.00091015439829789113 -15.318406105041502 -2873.922729492187 0.45437340438365942 0.66824540495872509
decision_type=2 2 2 2 2 2 2 2 2 2 2 2 2 2 2 2 2 2 2 2 2 2 2 2 2 2 2 2
left_child=1 7 17 11 25 13 -7 8 10 -10 -1 23 -13 -6 16 -16 -5 20 19 -19 -2 -22 24 -3 -9 -4 -24 -20
right_child=2 3 4 14 5 6 -8 22 9 -11 -12 12 -14 -15 15 -17 -18 18 27 -21 21 -23 26 -25 -26 -27 -28 -29
leaf_value=-0.02295548383056881 0.04375306810985892 -0.041499253801014796 0.015363654724565336 0.0013183124982317231 0.0023920585429320373 -0.032487092238478697 0.038778878606798961 0.0041477844719512878 0.068558041039396306 -0.024941468480877839 0.0026145849232282331 0.053212401532465731 0.011890727584198145 0.041327430486036154 0.069755390610114584 -0.0011192068196533437 -0.027730165495980265 -0.026123160746339968 -0.030065602342128628 0.035659143301730346 -0.020448456373407552 0.027029038507909293 -0.052176920888711169 0.01897000743894952 -0.031745929318190202 -0.043823516739726572 -0.025232068152048738 -0.058827994343899431
leaf_weight=338.88132424652576 18.600991278886795 17.788967996835712 11.570909053087236 85.285001620650291 34.23216387629509 29.700413838028908 24.477514877915382 27.319325223565102 20.086191788315773 13.829050630331038 115.58830399811268 54.339784324169159 107.25429698824883 267.14945581555367 11.158705934882162 31.28747583925724 90.240198314189911 15.374273568391802 10.787074580788614 14.13772104680538 36.981441169977188 26.083000496029854 66.28838212788105 11.490799352526663 66.69779933989048 14.029497921466826 16.387157112360001 16.102487847208977
leaf_count=1645 81 81 51 384 148 131 102 127 89 64 537 230 480 1136 50 142 413 75 53 64 166 117 329 50 325 66 81 82
internal_value=-3.26974e-05 -0.00959415 0.0197142 0.00509912 0.0279891 0.0313042 -7.93382e-05 -0.0186282 -0.0131114 0.0306677 -0.0164496 0.0192533 0.0260587 0.0369441 -0.00730395 0.0185747 -0.0136601 -0.00313138 -0.0218363 0.00350847 0.00983445 -0.000618664 -0.033689 -0.0177603 -0.0213295 -0.0173122 -0.0472613 -0.0489606
internal_weight=1593.15 1073.92 519.227 408.845 381.16 355.56 54.1779 665.078 488.385 33.9152 454.47 190.874 161.594 301.382 217.971 42.4462 175.525 138.067 56.4016 29.512 81.6654 63.0644 176.693 29.2798 94.0171 25.6004 82.6755 26.8896
internal_count=7299 5027 2272 1830 1634 1517 233 3197 2335 153 2182 841 710 1284 989 192 797 638 274 139 364 283 862 131 452 117 410 135
is_linear=0
shrinkage=0.05


Tree=9
num_leaves=27
num_cat=0
split_feature=25 1 1 10 3 25 7 21 27 35 27 22 1 18 30 33 21 6 33 13 10 8 23 27 33 13
split_gain=89.9052 47.1495 45.4232 23.5295 23.3832 17.5498 18.0908 17.2135 16.4969 15.2688 20.734 15.104 14.906 13.6002 13.038 12.8761 11.9345 10.602 9.49875 8.89382 7.85816 12.5697 7.24133 6.769 4.22492 3.51751
threshold=0.0019561243243515496 0.031178500503301624 -0.36555400490760798 4.7818539142608651 45.190364837646491 0.0012062774039804938 27.716380119323734 0.070300001651048674 0.019674275070428852 19.768824577331547 0.020529383793473247 1.3384035229682925 -0.75638151168823231 0.94988501071929943 -0.013643558137118815 0.15648535639047625 0.054700000211596496 0.042694998905062682 0.10990266501903535 0.053404500707983978 -14.967408657073973 2.5240974426269536 -7.2664740085601798 0.020245093852281574 0.19493202120065692 0.20124150067567828
decision_type=2 2 2 2 2 2 2 2 2 2 2 2 2 2 2 2 2 2 2 2 2 2 2 2 2 2
left_child=1 9 7 8 5 6 -3 24 -4 20 16 23 25 -14 -13 -7 -11 -10 -5 -20 21 -1 -22 -6 -2 -9
right_child=2 4 3 18 11 15 -8 12 17 10 -12 14 13 -15 -16 -17 -18 -19 19 -21 22 -23 -24 -25 -26 -27
leaf_value=0.012507139192660142 0.011850848688871247 0.016480567765422623 -0.025250634257771104 0.014855098859878103 -0.0052589228173781548 -0.0026193811873674033 -0.032425195750476275 -0.012525887257452515 0.052268039673908674 -0.026691142389998208 0.039001046773363829 -0.039529007756944977 0.0032697715976447751 -0.039331607956984496 0.013322726533170542 0.047101477229997801 0.0012878654797190041 0.017315188704898211 0.076062795292667143 0.036926555125041838 -0.041683156237764543 -0.034090069606225244 -0.023848874743339618 -0.034467240989024976 0.051884516916468094 -0.043266170756420891
leaf_weight=31.994160741567612 14.058329135179521 67.007557272911072 20.658452019095421 20.06150521337986 32.670283243060112 16.533714175224304 25.175529211759567 15.581696972250937 22.830126747488976 81.044986248016357 20.231164664030075 12.681858405470846 161.63280023634434 20.163813844323158 77.907726645469666 55.632636740803719 70.405375182628632 318.72643007338047 29.561022683978081 36.535530805587769 79.83790947496891 24.757509082555771 237.1329702436924 53.099191844463348 13.71055071055889 30.007142320275307
leaf_count=147 63 297 91 84 150 72 114 75 96 397 89 58 737 97 350 240 330 1388 121 154 403 122 1163 244 62 155
internal_value=-3.87666e-05 -0.010632 0.0132927 0.0228613 0.00394291 0.0174697 0.00286593 -0.00352597 0.0171656 -0.0197364 -0.00729595 -0.008662 -0.00812178 -0.00161729 0.00551849 0.0357617 -0.0137285 0.0198118 0.0462778 0.0553771 -0.0254033 -0.00797228 -0.0284736 -0.023588 0.0329072 -0.0333612
internal_weight=1589.64 886.113 703.527 448.373 340.708 164.349 92.1831 255.154 362.215 545.404 171.682 176.359 227.385 181.797 90.5896 72.1664 151.45 341.557 86.1581 66.0966 373.723 56.7517 316.971 85.7695 27.7689 45.5888
internal_count=7299 4176 3123 1934 1525 723 411 1189 1575 2651 816 802 1064 834 408 312 727 1484 359 275 1835 269 1566 394 125 230
is_linear=0
shrinkage=0.05


Tree=10
num_leaves=28
num_cat=0
split_feature=29 0 0 35 35 27 29 1 29 35 10 17 32 32 5 29 1 6 35 9 35 15 29 27 34 36 35
split_gain=103.417 49.8909 33.2682 20.9446 26.2786 47.2492 20.7808 20.6914 20.712 31.2657 29.4675 18.2483 28.08 20.3495 15.3889 15.3046 12.6212 12.2118 11.2636 17.3737 17.2177 11.0745 8.89917 4.05414 3.47168 2.91406 3.02363
threshold=0.27650000154972082 0.085505001246929183 -0.14918699860572812 13.675971984863283 14.286563873291017 0.023062885738909248 0.45350000262260443 -0.78614801168441761 0.51350000500679027 20.121210098266605 -5.6461083889007559 -0.5617450177669524 -0.0031942462082952257 0.00064528424991294752 -1.3247449994087217 0.10150000080466272 -0.77992299199104298 0.059656500816345222 15.679460525512697 0.29517349600791937 20.684692382812504 1.0000000180025095e-35 0.15049999952316287 0.025742248632013801 0.704483062028885 0.0011096823145635428 14.397043704986574
decision_type=2 2 2 2 2 2 2 2 2 2 2 2 2 2 2 2 2 2 2 2 2 2 2 2 2 2 2
left_child=2 7 16 6 23 -6 21 25 10 -10 -9 12 24 -14 15 -13 -1 -8 19 -18 -20 -3 -16 -5 -4 26 -2
right_child=1 3 11 4 5 -7 17 8 9 -11 -12 14 13 -15 22 -17 18 -19 20 -21 -22 -23 -24 -25 -26 -27 -28
leaf_value=-0.057445801777351091 -0.041084269390754019 -0.038233936261952983 -0.033669631259587919 0.058798860299715205 0.040409222553524575 -0.031477033855163199 0.0096048071549475478 -0.014975664924229394 0.025857968005424465 -0.038442560729753376 0.018906763429315913 -0.025729004557423621 0.062942831561803941 0.009204365731682854 -0.033933829346992697 0.020123856325218473 0.017630794586954747 0.063119918767782002 -0.0043150219893648154 -0.034041420490617029 -0.039234629942361196 0.014196549355625915 -0.0098299944861212005 0.10120546208280523 -8.6458211844286462e-05 -0.056447913964583554 -0.003819810032228511
leaf_weight=23.75318831205368 10.18407215178013 24.355445846915245 21.034942418336868 27.19063127040863 139.22604614496231 26.458541288971901 27.297017306089401 177.43691545724869 167.13688483834267 20.349594742059708 99.16443595290184 23.756074473261833 31.063455551862717 40.584747657179832 53.902136921882629 67.590181529521942 17.249164372682571 17.275020331144333 161.51462708413601 168.48841696977615 44.448843106627464 15.839041337370871 134.4927187114954 12.296018898487089 12.294327124953268 10.400595575571058 11.688765674829481
leaf_count=128 57 111 94 114 582 112 118 818 730 90 446 110 131 174 256 306 76 70 789 853 227 68 621 50 54 55 59
internal_value=-4.13994e-05 0.0128252 -0.0126914 0.0292683 0.0378827 0.0287796 0.00816079 0.00317078 0.00589893 0.0186854 -0.0027861 -0.00207072 0.0155964 0.0331175 -0.00875035 0.00799545 -0.0224857 0.0313856 -0.0202121 -0.0291472 -0.0120283 -0.0176087 -0.0168956 0.0743012 -0.0217907 -0.0349077 -0.0224265
internal_weight=1586.47 786.299 800.173 289.938 205.171 165.685 84.7665 496.361 464.088 187.486 276.601 384.719 104.977 71.6482 279.741 91.3463 415.454 44.572 391.701 185.738 205.963 40.1945 188.395 39.4867 33.3293 32.2734 21.8728
internal_count=7299 3480 3819 1225 858 694 367 2255 2084 820 1264 1746 453 305 1293 416 2073 188 1945 929 1016 179 877 164 148 171 116
is_linear=0
shrinkage=0.05


Tree=11
num_leaves=25
num_cat=0
split_feature=29 1 1 9 33 35 3 35 4 23 7 32 32 35 2 10 12 32 33 35 32 25 7 34
split_gain=93.9964 52.5848 31.3949 25.1454 23.0991 24.9522 19.0132 18.396 22.0546 15.7442 13.104 12.1862 12.0461 7.42551 6.71945 6.472 6.38086 8.13301 6.34094 6.01606 5.75166 3.15907 1.81847 1.20572
threshold=0.37549999356269842 -0.45222748816013331 -0.77992299199104298 0.45433600246906286 0.011864938773214819 12.883745193481447 40.873382568359382 12.883745193481447 -826.35321044921864 5.2898626327514657 33.821170806884773 -0.01550007378682494 -0.007192671298980712 12.596773624420168 3361.220825195313 -14.176932811737059 -1.1374243497848509 0.0012684771209023895 0.22321838140487674 13.828142642974855 0.0025334976380690937 0.0034576682373881344 25.442680358886722 0.68014228343963634
decision_type=2 2 2 2 2 2 2 2 2 2 2 2 2 2 2 2 2 2 2 2 2 2 2 2
left_child=1 6 21 7 16 13 15 14 -9 -7 11 -8 -5 -6 -3 20 -4 -18 -14 -12 -1 -2 -17 -23
right_child=2 3 4 12 5 9 10 8 -10 -11 19 -13 18 -15 -16 22 17 -19 -20 -21 -22 23 -24 -25
leaf_value=0.0052486269907894402 -0.0091014828355789161 -0.0080344443172661682 -0.039720937973512123 -0.01273650502407501 0.0010034412459468572 0.030979026558476702 -0.045990270799447466 0.0071244541514799715 -0.011216707267320918 0.0019757194464481548 -0.021322956024222864 -0.0039040164222268053 0.011311861982340327 -0.049949077491890516 -0.057829517915512101 -0.027499924036183274 -0.019366759317047344 0.025111595129401587 0.056406870876531859 -0.05604828570873574 -0.04126877330833878 -0.025724593646722867 -0.052324346013162416 -0.057795439753962369
leaf_weight=12.462012678384783 11.182459130883219 10.982851088047029 12.972470581531523 11.250634446740149 15.999749690294268 357.5767765045166 18.701912567019463 329.47307045757771 323.99415343999863 54.40410552918911 30.309872984886169 140.75996966660023 11.692922845482824 11.607853725552557 19.716256842017174 13.356064885854719 23.16028805077076 16.880635619163513 29.327631995081902 24.077774211764336 12.394443958997725 9.3101259917020815 71.663657546043396 9.2302696257829648
leaf_count=61 57 52 57 50 72 1518 92 1497 1507 236 155 698 50 55 100 70 101 73 124 128 62 50 381 53
internal_value=-4.72392e-05 -0.00860252 0.0172911 -0.00120278 0.0203225 0.0240817 -0.0253651 -0.00378041 -0.00196484 0.0271752 -0.0165126 -0.00912696 0.0318791 -0.0212423 -0.0409881 -0.0422452 -0.010625 -0.000338569 0.0442466 -0.0375207 -0.0184525 -0.0318123 -0.0488477 -0.0440875
internal_weight=1582.49 1060.16 522.325 736.438 492.602 439.588 323.726 684.166 653.467 411.981 213.85 159.462 52.2712 27.6076 30.6991 109.876 53.0134 40.0409 41.0206 54.3876 24.8565 29.7229 85.0197 18.5404
internal_count=7299 5027 2272 3380 2112 1881 1647 3156 3004 1754 1073 790 224 127 152 574 231 174 174 283 123 160 451 103
is_linear=0
shrinkage=0.05


Tree=12
num_leaves=25
num_cat=0
split_feature=29 0 0 23 7 18 26 17 32 32 18 27 29 27 5 29 27 1 25 25 32 34 25 34
split_gain=87.7859 43.4807 29.0693 26.2307 19.7317 20.7176 21.1941 15.672 24.7999 18.5389 15.2356 14.2854 20.1175 18.4161 13.8207 13.9959 13.1153 11.4154 10.8532 10.0558 10.4417 5.70235 5.27646 3.21601
threshold=0.27650000154972082 0.085505001246929183 -0.14918699860572812 1.0000000180025095e-35 15.242184162139894 0.81394049525260936 1.0011474490165713 -0.5617450177669524 -0.0031942462082952257 0.00064528424991294752 0.11808750033378602 0.020119046792387966 0.38249999284744268 0.019674275070428852 -1.3247449994087217 0.10150000080466272 0.026554541662335399 -0.77992299199104298 0.00087973344489000749 0.0024215261219069366 -0.015835513360798355 0.63362142443656932 0.0024939477443695073 0.704483062028885
decision_type=2 2 2 2 2 2 2 2 2 2 2 2 2 2 2 2 2 2 2 2 2 2 2 2
left_child=2 4 17 10 -2 6 -6 8 23 -10 22 13 -13 -5 15 -9 -7 -1 -16 20 -19 -12 -3 -4
right_child=1 3 7 11 5 16 -8 14 9 -11 21 12 -14 -15 18 -17 -18 19 -20 -21 -22 -23 -24 -25
leaf_value=-0.055307160474763251 0.063248045558432026 0.031908652281431957 -0.032448780130455504 0.001295443859687999 -0.00017410444803102234 -0.010754034323397804 0.027239084582557041 -0.024764796119582769 0.058986914861349049 0.0079473770441784684 0.028149927652820317 -0.032055810687516971 0.016162064323373391 0.06209554948921208 -0.035040503062403618 0.019199739494627378 -0.060174422683029263 -0.043649157173697474 -0.0082180466457965947 0.022959616725122148 -0.017335944010622838 0.056399197672998919 -0.010683746655092937 -4.6509000389966188e-05
leaf_weight=22.419164508581161 12.111808985471724 11.96025261282921 20.801530048251152 23.687234997749329 283.55322808027267 92.96596771478653 92.680574283003807 23.529233038425446 31.445659816265106 40.792710214853287 27.441370204091072 30.628961965441704 67.406383961439133 25.776460602879524 52.385293245315552 67.957513749599457 14.944779768586157 42.692539811134338 134.34100037813187 12.91733558475971 330.20414800941944 88.813220351934433 15.521559089422224 12.286950320005415
leaf_count=128 52 51 94 101 1276 440 407 110 131 174 112 141 285 106 252 306 80 215 625 62 1668 363 66 54
internal_value=-6.45713e-05 0.0117452 -0.0118168 0.0270481 0.00271801 0.00106618 0.00661985 -0.00190727 0.0144174 0.0307354 0.0422012 0.0120632 0.000875408 0.0336812 -0.00813494 0.00769305 -0.0181339 -0.0210872 -0.0159162 -0.018948 -0.0204706 0.0500707 0.00814667 -0.0209177
internal_weight=1579.26 787.492 791.773 291.235 496.256 484.145 376.234 383.54 105.327 72.2384 143.736 147.499 98.0353 49.4637 278.213 91.4867 107.911 408.233 186.726 385.814 372.897 116.255 27.4818 33.0885
internal_count=7299 3480 3819 1225 2255 2203 1683 1746 453 305 592 633 426 207 1293 416 520 2073 877 1945 1883 475 117 148
is_linear=0
shrinkage=0.05


Tree=13
num_leaves=28
num_cat=0
split_feature=0 17 26 0 36 32 9 12 35 31 32 11 27 6 0 9 22 10 33 5 3 33 35 32 34 6 31
split_gain=58.6639 29.8982 27.9786 16.3303 14.1544 13.6223 16.6046 16.9284 14.6124 13.0969 15.7092 12.5177 23.4437 12.4888 11.7295 11.3733 9.50765 8.85009 7.50657 6.2795 6.1977 4.82653 4.59475 4.55255 3.7235 3.31968 1.6292
threshold=0.085505001246929183 -0.5617450177669524 1.0011696219444277 -2.1030044555664058 -0.0031948665855452414 -0.016339239664375779 0.4505975097417832 1.1792994141578677 14.006346702575685 -0.014639334287494419 -0.0037531158886849876 1.0000000180025095e-35 0.026275955140590671 0.056751500815153129 -0.20257399976253507 0.3107724934816361 -1.2714995145797727 -7.5881705284118643 0.50352329015731823 0.80304598808288585 38.90239334106446 0.35965761542320257 20.340946197509769 -0.059125559404492371 0.66217812895774852 0.051688499748706825 0.0069788540713489064
decision_type=2 2 2 2 2 2 2 2 2 2 2 2 2 2 2 2 2 2 2 2 2 2 2 2 2 2 2
left_child=2 9 5 19 16 13 7 -7 -8 21 18 12 -6 22 20 -12 -3 -13 -11 26 -5 -2 -1 -15 -21 -18 -4
right_child=1 4 3 14 11 6 8 -9 -10 10 15 17 -14 23 -16 -17 25 -19 -20 24 -22 -23 -24 -25 -26 -27 -28
leaf_value=0.001969689286840192 -0.017888786187903415 -0.0034546702006907656 0.022114047609131555 0.045584188217166699 0.020081377258331472 -0.0063760567487379551 0.063656253465652374 -0.025243371134396994 0.0038050738817025547 0.025207204989924827 0.014516361718143229 0.0088106055072511551 -0.041112521694866067 -0.0079312465780712691 -0.014519914274749864 0.057449035671310204 0.022021338205618197 -0.012669744486179425 -0.01604967826320481 0.00033194859564334692 0.016996408697571252 0.021821685333298591 -0.031295382175374045 -0.04452138085250229 -0.034030983274719574 0.059463957861342689 -0.0031201458872867315
leaf_weight=37.76599308848381 16.684282720088962 13.16605870425701 12.636916369199755 41.692131578922272 132.46245270967484 466.58837692439556 10.847337350249289 159.62495850026608 76.162080898880959 36.449197337031364 21.00434921681881 69.506632581353188 16.74350668489933 10.773555994033812 15.288405254483221 72.338443756103516 11.636065721511843 148.38264036178589 14.673666074872015 11.481761902570723 38.824835643172264 12.476041883230208 13.141159474849699 62.616870209574699 22.189013853669167 18.961960002779961 11.068553254008291
leaf_count=176 71 55 59 179 576 2259 48 799 353 154 88 310 82 51 70 296 51 672 64 54 175 52 63 303 108 80 51
internal_value=-6.43977e-05 0.0124825 -0.00747688 0.0120985 0.00508799 -0.0110733 -0.00837739 -0.011226 0.011962 0.0298226 0.035954 0.00183158 0.0129531 -0.0263124 0.0246521 0.0480974 0.0316401 -0.00578573 0.0131887 -0.00884075 0.0322383 -0.000572952 -0.0069585 -0.0393961 -0.0224974 0.0465308 0.0104799
internal_weight=1575.19 584.485 990.702 153.182 410.859 837.52 713.223 626.213 87.0094 173.626 144.466 367.095 149.206 124.298 95.8054 93.3428 43.7641 217.889 51.1229 57.3762 80.517 29.1603 50.9072 73.3904 33.6708 30.598 23.7055
internal_count=7299 2551 4748 696 1826 4052 3459 3058 401 725 602 1640 658 593 424 384 186 982 218 272 354 123 239 354 162 131 110
is_linear=0
shrinkage=0.05


Tree=14
num_leaves=27
num_cat=0
split_feature=29 20 20 35 16 29 33 2 30 17 32 26 3 3 29 35 2 35 31 33 12 26 25 35 9 9
split_gain=78.7459 34.2249 27.616 22.7681 19.8522 22.9156 20.869 15.1311 14.2701 16.4028 19.8132 10.558 12.8462 11.8341 9.75788 8.58984 23.6067 12.6943 8.51928 8.09726 7.43964 7.42791 9.22438 6.99535 4.49933 3.41179
threshold=0.28249999880790716 -2.1030044555664058 -0.14918699860572812 12.883745193481447 0.60785751044750225 0.49600000679492956 0.098800048232078566 3361.220825195313 -0.010669237468391655 -0.5617450177669524 -0.002559829037636518 1.0005710124969485 36.547582626342781 38.33845520019532 0.10150000080466272 13.351444244384767 3643.4895019531255 13.943070888519289 -0.008535883389413355 0.048094818368554122 0.091481570154428496 1.0008829832077029 0.0020282859914004807 15.618096351623537 0.4796034991741181 0.4128789901733399
decision_type=2 2 2 2 2 2 2 2 2 2 2 2 2 2 2 2 2 2 2 2 2 2 2 2 2 2
left_child=2 15 11 7 6 -6 -5 -3 18 10 -10 12 24 -14 -11 16 -2 -17 -4 -19 -20 23 -23 -13 -1 -9
right_child=1 3 8 4 5 -7 -8 25 9 14 -12 21 13 -15 -16 17 -18 19 20 -21 -22 22 -24 -25 -26 -27
leaf_value=-0.050657057716582077 -0.023658322808742725 0.020393073597889097 -0.050000176413477773 0.0054568924284499019 -0.0089476506811803341 0.02687402149505105 0.033482429414971086 -0.019446687228571558 -0.021762458201643044 -0.028190834813345108 0.034615549375329284 -0.010503074290475209 0.012839683176060608 -0.022590974117758747 0.00015299956404569789 -0.052767171296843024 0.059907355628367832 -0.038476116046453186 0.011848830245085701 -0.0023064434053086252 -0.029780094329264945 -0.032488739000014581 0.013036396034237228 0.030219702914168884 -0.013187356989066833 -0.058867649687020934
leaf_weight=51.531440287828445 17.146049201488495 14.833756849169729 19.511182129383087 88.633931338787079 103.60916398465633 76.831771045923233 275.15160022675991 12.148766607046129 19.503761023283005 34.362154304981232 65.298877418041229 19.044099062681198 25.325466945767403 237.23055744171143 212.42353922128677 16.398433580994606 14.86092960834503 16.940831452608109 19.578176394104958 116.65171068906784 21.429725497961044 32.698507651686668 15.753491684794424 21.283861950039864 10.914703607559202 13.163060858845709
leaf_count=289 88 65 91 376 464 326 1160 59 87 165 272 97 114 1222 983 82 65 79 88 552 100 167 76 108 55 69
internal_value=-6.04782e-05 0.0114034 -0.010969 0.0172957 0.0199843 0.00634171 0.0267016 -0.0186301 -0.0014377 0.00264449 0.0214884 -0.0199637 -0.0241319 -0.0191187 -0.00387123 -0.00748006 0.0156295 -0.0125154 -0.023565 -0.00718205 -0.00997746 -0.00455035 -0.0176215 0.0110794 -0.0444978 -0.0415952
internal_weight=1572.26 766.37 805.89 584.372 544.226 180.441 363.786 40.1456 392.107 331.588 84.8026 413.782 325.002 262.556 246.786 181.998 32.007 149.991 60.5191 133.593 41.0079 88.78 48.452 40.328 62.4461 25.3118
internal_count=7299 3385 3914 2519 2326 790 1536 193 1786 1507 359 2128 1680 1336 1148 866 153 713 279 631 188 448 243 205 344 128
is_linear=0
shrinkage=0.05


Tree=15
num_leaves=25
num_cat=0
split_feature=29 0 0 23 7 18 8 35 32 17 9 27 27 29 18 5 21 4 18 5 27 6 18 29
split_gain=71.873 34.6114 26.6958 22.7641 18.8087 17.4876 19.2029 16.7745 14.9907 23.787 22.3306 14.9657 21.3707 19.2357 13.2388 12.3213 12.261 7.39765 6.98958 6.23549 5.84634 10.5042 5.60722 4.62829
threshold=0.26350000500679022 0.085505001246929183 -1.425040006637573 1.0000000180025095e-35 15.242184162139894 0.80322599411010753 -3.2123030424118038 13.142495632171633 -0.0070327983703464261 -0.5617450177669524 0.33416999876499182 0.020119046792387966 0.019674275070428852 0.44150000810623174 1.0000000180025095e-35 -1.2251849770545957 1.0000000180025095e-35 -651.11572265624989 0.40610599517822271 0.91752249002456676 0.020550104789435867 0.059656500816345222 0.16993050277233127 0.23050000518560412
decision_type=2 2 2 2 2 2 2 2 2 2 2 2 2 2 2 2 2 2 2 2 2 2 2 2
left_child=2 4 15 14 -2 6 -6 -7 20 10 -10 12 -5 -13 -3 -1 -11 -16 22 -20 23 -22 -17 -4
right_child=1 3 8 11 5 7 -8 -9 9 16 -12 13 -14 -15 17 18 -18 -19 19 -21 21 -23 -24 -25
leaf_value=0.017814669025568077 0.058275789056944305 -0.0074673515821390667 -0.039251414079122665 -0.0023120852687126127 0.025676849181223746 -0.061233815849679164 -0.00039733524467643879 -0.0080949063913081428 -0.01742987841683696 0.004640158751893656 0.030738965556238104 -0.024201253550525905 0.060921927160419144 0.018749096550403757 0.036209619226121086 -0.026559204493355127 -0.015413897357874434 0.069323081165748271 -0.028530554409748832 0.0013173778769627728 0.024288637227489765 -0.031194747918528477 -0.054308285617596 -0.0027640788217182985
leaf_weight=13.102532908320425 13.534227803349493 14.561894103884695 50.275369748473167 24.843026489019394 92.443427532911301 16.264876380562782 287.42781303822994 112.57732567191124 32.56986665725708 113.26118035614491 84.612591773271561 48.065854460000992 27.373819440603256 54.589009135961533 115.21180257201195 38.530252456665039 227.6787876188755 21.48031809926033 69.877565383911133 22.701552048325539 14.476221263408659 17.969996124505997 43.749100238084793 11.017180070281027
leaf_count=67 58 65 244 106 393 85 1314 542 149 533 371 219 112 228 470 209 1107 87 372 111 67 86 251 53
internal_value=-7.05784e-05 0.0100364 -0.0113923 0.0233579 0.00218851 0.000575104 0.00598557 -0.0152615 -0.0058149 -0.00205417 0.0172743 0.00974279 0.0312652 -0.00135268 0.0371102 -0.027624 -0.00874318 0.0419152 -0.0311392 -0.0212222 -0.023926 -0.00630469 -0.0418488 -0.0329228
internal_weight=1568.2 828.373 739.822 306.126 522.248 508.713 379.871 128.842 551.861 458.122 117.182 154.872 52.2168 102.655 151.254 187.961 340.94 136.692 174.858 92.5791 93.7388 32.4462 82.2794 61.2925
internal_count=7299 3679 3620 1287 2392 2334 1707 627 2610 2160 520 665 218 447 622 1010 1640 557 943 483 450 153 460 297
is_linear=0
shrinkage=0.05


Tree=16
num_leaves=25
num_cat=0
split_feature=29 1 1 33 9 35 27 3 30 35 27 7 34 25 32 27 18 34 10 32 31 36 27 7
split_gain=66.3495 39.2193 23.9435 19.6551 18.2705 18.1295 30.6707 17.4017 15.2911 16.1361 13.5304 12.2759 12.045 7.68451 10.0427 7.27882 6.79893 7.5864 5.92876 5.56625 3.52157 3.09692 3.54882 1.94595
threshold=0.37549999356269842 -0.45222748816013331 -0.77992299199104298 0.011864938773214819 0.45433600246906286 12.883745193481447 0.026829491369426254 40.873382568359382 0.034695785492658622 12.883745193481447 0.027293369174003605 33.821170806884773 0.66506966948509227 0.00191467278636992 -0.0018978633452206848 0.026360092684626583 0.11808750033378602 0.69189825654029857 -14.176932811737059 0.0025334976380690937 0.005172169068828226 0.0011096823145635428 0.025645212270319465 25.442680358886722
decision_type=2 2 2 2 2 2 2 2 2 2 2 2 2 2 2 2 2 2 2 2 2 2 2 2
left_child=1 7 21 16 8 10 -7 18 9 -3 -5 12 -9 14 -6 -13 -4 -18 19 -1 -10 22 -2 -20
right_child=2 4 3 5 13 6 -8 11 20 -11 -12 15 -14 -15 -16 -17 17 -19 23 -21 -22 -23 -24 -25
leaf_value=0.0072145646268405236 0.0016127272286662099 -0.038613281493274657 -0.044715489040484481 -0.049150108031863066 -0.024256519604589834 0.019471561977850587 0.075983133212404519 -0.026046095923096143 -0.015474477773633475 0.00044877948608843205 0.020025158983811589 -0.053183759520401441 0.0032679455516485337 0.053411456588286714 0.030809404987968938 -0.014914513115774609 -0.021904905692025474 0.019644073880917892 -0.023761330003779026 -0.039030563227920423 -0.04499622324831834 -0.052978481402464563 -0.039484636485148973 -0.049260124149766236
leaf_weight=12.244733259081842 11.414158090949064 26.634172156453133 11.016827583312987 14.935670837759973 11.399171710014341 390.61470407247543 24.847959041595459 51.635858148336411 21.609734728932381 605.98323744535446 11.811980322003363 25.632591441273689 103.60551027953625 17.403136283159256 24.023933365941048 26.20516337454319 21.844746530056 20.13182444870472 12.620738536119459 11.959814712405203 22.638101845979691 8.818893834948538 8.287594258785246 66.490379944443703
leaf_count=61 59 140 49 75 52 1652 102 266 101 2808 52 144 524 72 100 139 95 87 70 62 107 50 51 381
internal_value=-7.13354e-05 -0.00738151 0.0144231 0.0170092 -0.00103326 0.0204591 0.0230377 -0.022238 -0.00326487 -0.00124625 -0.0188008 -0.0137269 -0.00655469 0.0269971 0.0127724 -0.0345808 -0.0115317 -0.00186839 -0.0389539 -0.0160794 -0.0313495 -0.0293654 -0.0165057 -0.0456021
internal_weight=1563.81 1040.09 523.724 495.204 729.691 442.21 415.463 310.395 676.865 632.617 26.7477 207.079 155.241 52.8262 35.4231 51.8378 52.9934 41.9766 103.316 24.2045 44.2478 28.5206 19.7018 79.1111
internal_count=7299 5027 2272 2112 3380 1881 1754 1647 3156 2948 127 1073 790 224 152 283 231 182 574 123 208 160 110 451
is_linear=0
shrinkage=0.05


Tree=17
num_leaves=26
num_cat=0
split_feature=29 0 0 23 7 32 25 27 29 27 18 8 35 33 35 5 27 4 16 27 6 31 2 35 33
split_gain=61.4217 28.4841 23.2746 23.2092 17.7773 16.5215 16.9649 15.4814 21.0944 19.5688 14.6677 20.2162 15.5152 13.7102 13.2196 11.17 10.4567 10.2625 8.119 6.89756 8.69981 5.97997 5.84871 4.81942 3.00132
threshold=0.25049999356269842 0.085505001246929183 -1.425040006637573 1.0000000180025095e-35 15.242184162139894 -0.0070327983703464261 0.00045042324927635496 0.020119046792387966 0.38249999284744268 0.019674275070428852 0.80322599411010753 -3.2123030424118038 13.142495632171633 0.027964089997112754 13.232953548431398 -0.92935699224472035 0.018934044986963276 -666.07409667968739 -0.60785751044750203 0.020550104789435867 0.059656500816345222 0.019612023606896404 2504.8798828125005 20.090691566467289 0.44664615392684942
decision_type=2 2 2 2 2 2 2 2 2 2 2 2 2 2 2 2 2 2 2 2 2 2 2 2 2
left_child=2 4 15 13 -2 19 23 9 -9 -5 11 -6 -12 -3 -8 16 -1 -15 24 22 -21 -20 -4 -7 -17
right_child=1 3 5 7 10 6 14 8 -10 -11 12 -13 -14 17 -16 18 -18 -19 21 20 -22 -23 -24 -25 -26
leaf_value=-0.035863840972907547 0.053613777120596173 -0.0076373612707094198 -0.0086731754653069162 -0.0016430026487456611 0.02470649981103494 -0.016312815576037355 -0.031605660809497851 -0.032702829816900009 0.012844536119441053 0.056294878252854133 -0.059619434850232647 -0.0013487529663345848 -0.0076316511592643896 0.032854278031425189 0.0040487964589611984 -0.060317110142088654 0.027506704286098922 0.070571114119336781 -0.018973142763403204 0.02183648449548824 -0.031557483990731411 -0.056468709874104253 -0.046371454121346821 -0.049640063052572708 -0.02944866222446603
leaf_weight=9.5949168801307696 15.06926681101322 16.960049882531166 14.945976585149763 28.055722653865814 97.148242190480232 30.472416818141937 26.998005077242851 39.217172414064407 68.005959376692772 28.846688285470009 15.538817614316939 306.66530412435532 115.21045312285423 118.38507510721684 360.90940780937672 29.176159739494324 15.847528755664824 22.145614624023438 86.443237245082855 13.735347270965578 14.782186210155485 11.859577506780623 39.756493434309959 18.084240943193436 16.269918471574783
leaf_count=52 65 71 74 121 414 149 141 184 285 118 85 1413 560 487 1684 171 81 90 472 63 72 66 196 93 92
internal_value=-8.30465e-05 0.00873114 -0.0112344 0.0205264 0.00179531 -0.00595344 -0.00202381 0.00725879 -0.00391659 0.0281072 0.00022784 0.00495274 -0.0142537 0.0341885 0.00147953 -0.0272958 0.00296665 0.0392899 -0.03267 -0.0262351 -0.00580258 -0.0240702 -0.0365018 -0.0295772 -0.0502457
internal_weight=1560.12 871.248 688.875 321.616 549.632 519.684 436.464 164.126 107.223 56.9024 534.563 403.814 130.749 157.491 387.907 169.191 25.4424 140.531 143.749 83.22 28.5175 98.3028 54.7025 48.5567 45.4461
internal_count=7299 3893 3406 1356 2537 2472 2067 708 469 239 2472 1827 645 648 1825 934 133 577 801 405 135 538 270 242 263
is_linear=0
shrinkage=0.05


Tree=18
num_leaves=25
num_cat=0
split_feature=29 0 0 23 7 28 32 17 9 27 27 35 33 33 21 5 27 4 1 32 17 33 9 33
split_gain=56.0123 27.2167 21.7913 17.8704 15.1057 12.9045 12.5342 20.3361 19.8004 12.0152 17.3829 16.0534 11.8217 11.0423 10.8308 10.2063 10.4453 8.57344 8.34569 8.27722 7.77947 5.72684 6.20172 4.49924
threshold=0.26350000500679022 0.085505001246929183 -1.425040006637573 1.0000000180025095e-35 15.242184162139894 0.57567778229713451 -0.0070327983703464261 -0.5617450177669524 0.33416999876499182 0.020119046792387966 0.019674275070428852 14.30617141723633 0.027964089997112754 0.49307852983474737 1.0000000180025095e-35 -0.92935699224472035 0.018934044986963276 -651.11572265624989 -0.36555400490760798 0.010150932241231205 1.0000000180025095e-35 0.62823468446731578 0.41081000864505773 0.37204954028129583
decision_type=2 2 2 2 2 2 2 2 2 2 2 2 2 2 2 2 2 2 2 2 2 2 2 2
left_child=2 4 15 12 -2 13 21 8 -8 10 -5 -11 -3 -6 -9 16 -1 -14 20 -7 -17 22 -4 -20
right_child=1 3 6 9 5 19 7 14 -10 11 -12 -13 17 -15 -16 18 -18 -19 23 -21 -22 -23 -24 -25
leaf_value=-0.035386070311667905 0.051512491349869349 -0.0063296699934808553 -0.0083922276683736207 -0.0025550709894664411 0.00063071565013306816 0.026761098477412884 -0.01677130162491498 0.0045450556428898474 0.028613577915709672 0.0087348179363705165 0.054330598776337086 -0.039122364813782978 0.031904194862527213 -0.020188689231254886 -0.014334640169327804 -0.024616350173051839 0.027641035185993729 0.068526550534631789 -0.022546352188659288 -0.01011115303615673 -0.050400385703138255 -0.049385084077932601 -0.043633058978260413 0.018710957711961483
leaf_weight=9.6038954257965106 13.865040376782416 16.70220360159874 61.440632507205009 24.861450344324112 346.90837503969669 64.201810568571091 32.400324463844299 113.30790334939957 85.275093853473663 80.848456203937531 27.588833555579185 21.287727445363998 115.65164709091187 76.885166317224503 225.06579919159412 79.849620789289474 16.255470663309097 19.32434356212616 12.86514261364937 19.041482180356979 50.8883186429739 15.167145460844038 15.117788612842558 11.581454947590826
leaf_count=53 58 70 299 106 1599 288 149 533 371 355 112 92 474 359 1107 443 82 78 63 88 311 76 75 58
internal_value=-9.09524e-05 0.00880564 -0.0101931 0.0206094 0.00182984 0.000362693 -0.00519023 -0.00176691 0.0160393 0.00851715 0.0277299 -0.00147395 0.0327642 -0.00317323 -0.00800308 -0.0251911 0.00360131 0.0376495 -0.0300133 0.0182475 -0.0349969 -0.021954 -0.0158885 -0.00283721
internal_weight=1555.99 827.167 728.819 306.265 520.902 507.037 547.775 456.049 117.675 154.586 52.4503 102.136 151.678 423.794 338.374 181.044 25.8594 134.976 155.185 83.2433 130.738 91.7256 76.5584 24.4466
internal_count=7299 3679 3620 1287 2392 2334 2610 2160 520 665 218 447 622 1958 1640 1010 135 552 875 376 754 450 374 121
is_linear=0
shrinkage=0.05


Tree=19
num_leaves=21
num_cat=0
split_feature=29 0 25 35 27 5 22 35 27 4 27 30 23 13 30 9 0 25 18 3
split_gain=52.5869 27.3328 19.276 33.2055 32.9946 18.1479 17.8071 15.6746 27.6208 18.2982 17.7822 12.1916 14.8242 11.882 10.8892 10.5882 9.9349 7.99777 7.59717 0.0378779
threshold=0.37549999356269842 -1.7968384623527525 0.00088919399422593426 16.90069675445557 0.020535646937787536 -1.099633455276489 -13.462041854858397 12.883745193481447 0.026860929094254974 -5751.7548828124991 0.027409669943153862 0.023711486719548706 -5.6577703952789298 0.10255200043320657 -0.0027110469527542587 0.4796034991741181 0.76120948791503917 0.0036666214000433688 0.89642849564552318 37.873846054077156
decision_type=2 2 2 2 2 2 2 2 2 2 2 2 2 2 2 2 2 2 2 2
left_child=1 11 13 5 -5 -4 17 10 9 -9 -8 12 15 16 -14 -1 -3 -2 -15 -13
right_child=6 2 3 4 -6 -7 7 8 -10 -11 -12 19 14 18 -16 -17 -18 -19 -20 -21
leaf_value=-0.045798168615314529 0.0089090927168691218 -0.018173042587718454 0.011704799761943423 0.0071754024975727183 0.053077553755680108 -0.015390484231914185 -0.046423997221955109 -0.043315928693864907 0.068435162891547524 0.016130199262754965 0.024096538957842029 -0.037063628418536991 -0.022985195402563136 -0.0075556745187683755 0.007951473433174679 -0.0053739318901892567 -0.055590915094637275 -0.047654276177332172 0.030904532267878832 -0.054914290353669619
leaf_weight=53.309718981385231 9.2045911401510256 103.48013412952423 82.443396002054214 215.72756324708462 47.060230776667595 236.96608580648899 20.289199203252792 12.367076516151426 24.124416723847389 427.38006643950939 14.479067951440809 14.713260814547537 48.429876640439034 80.248995304107666 65.851240754127502 23.920657023787498 21.272540524601936 16.107386007905006 14.238241970539091 20.392613232135773
leaf_count=326 45 527 379 996 205 1141 105 52 100 1811 68 80 251 380 342 122 106 91 63 109
internal_value=-9.13718e-05 -0.00666386 -0.00231112 0.00244394 0.0155846 -0.00836656 0.0127832 0.0148805 0.0173171 0.0143526 -0.0170637 -0.0219577 -0.0167824 -0.0149148 -0.00520111 -0.0335702 -0.0249845 -0.0273384 -0.0014448 -0.0488051
internal_weight=1552.01 1028.05 801.437 582.197 262.788 319.409 523.952 498.64 463.872 439.747 34.7683 226.617 191.511 219.24 114.281 77.2304 124.753 25.312 94.4872 35.1059
internal_count=7299 5027 3797 2721 1201 1520 2272 2136 1963 1863 173 1230 1041 1076 593 448 633 136 443 189
is_linear=0
shrinkage=0.05


Tree=20
num_leaves=26
num_cat=0
split_feature=29 0 0 29 21 3 12 34 6 32 25 31 14 21 23 29 10 7 6 36 25 21 1 36 32
split_gain=48.3085 23.8499 18.9574 16.6776 30.7752 22.7976 22.3498 13.9354 14.6406 13.0312 15.4312 13.5922 9.42389 10.1281 7.83101 9.92393 13.6451 6.53519 6.18 6.08069 4.9514 8.89261 7.6851 4.7071 4.25354
threshold=0.25049999356269842 -2.1030044555664058 -1.2172889709472654 0.49600000679492956 0.66404998302459728 44.640336990356452 2.4489268064498906 0.65622881054878246 0.070277500897645964 -0.0070327983703464261 0.00045042324927635496 -0.0093526286073029024 0.27079498767852789 0.56250000000000011 4.7416555881500253 0.37549999356269842 -7.1170039176940909 41.252820968627937 0.062523500993847861 0.00087567337322980176 0.001236265408806503 0.023399999365210537 0.328626498579979 -0.00045687847887165839 0.0076245421078056106
decision_type=2 2 2 2 2 2 2 2 2 2 2 2 2 2 2 2 2 2 2 2 2 2 2 2 2
left_child=2 14 12 4 5 -3 -6 17 -9 20 23 -12 13 18 15 24 -17 -5 -1 -15 21 -4 -22 -11 -2
right_child=1 3 9 7 6 -7 -8 8 -10 10 11 -13 -14 19 -16 16 -18 -19 -20 -21 22 -23 -24 -25 -26
leaf_value=-0.0015093308117401089 -0.017411619604302386 0.029661600990727777 -0.003722366821839981 -0.0087989769732067218 -0.025451211820788786 0.0019927290477147804 0.033063475223259517 0.01913654040113805 0.049451111291976983 1.7246136159735031e-05 -0.02340265792704414 0.0059974201566633904 -0.052362034665496007 -0.044651406190239724 0.021161432861189686 0.0099823306917135105 -0.023728479224359431 0.02048444194802506 -0.027528373844328664 -0.0097855299861754983 -0.024903538477490408 -0.051760700863659061 0.02488732447679871 -0.036367980560260797 -0.047997897156353171
leaf_weight=76.628387734293938 34.171311005949974 134.19189012050629 15.324228599667547 42.483857959508896 97.291760817170143 166.96765114367008 18.605461716651917 118.817362844944 61.57435168325901 11.339353188872336 43.835104405879974 316.80015586316586 23.774681925773621 44.308103621006012 20.206545516848564 76.038570031523705 48.130291849374771 32.822102203965187 31.860031992197037 18.760535791516304 22.57452392578125 26.897132828831673 10.534287631511686 35.97945074737072 18.510748043656349
leaf_count=398 179 576 73 176 466 748 76 499 254 59 206 1479 150 265 93 335 253 139 183 112 112 137 50 182 99
internal_value=-9.76079e-05 0.00769616 -0.0100912 0.0121762 0.0059712 0.0143954 -0.0158123 0.0222147 0.0297272 -0.00474454 -0.0011809 0.00235519 -0.0232028 -0.0188528 -0.00755774 -0.0109678 -0.00312987 0.00399986 -0.00937771 -0.0346728 -0.0237098 -0.0349304 -0.00864972 -0.0277253 -0.0289457
internal_weight=1548.43 869.812 678.616 672.754 417.057 301.16 115.897 255.698 180.392 483.284 407.954 360.635 195.332 171.557 197.057 176.851 124.169 75.306 108.488 63.0686 75.3302 42.2214 33.1088 47.3188 52.6821
internal_count=7299 3893 3406 2934 1866 1324 542 1068 753 2298 1926 1685 1108 958 959 866 588 315 581 377 372 210 162 241 278
is_linear=0
shrinkage=0.05


Tree=21
num_leaves=23
num_cat=0
split_feature=1 17 1 27 2 5 22 0 8 33 27 34 1 33 27 27 34 5 27 27 27 27
split_gain=35.1184 19.6168 19.1624 19.6956 40.3026 14.7943 14.9497 14.6399 14.0467 12.698 10.7786 10.1372 11.9526 13.5351 11.4716 9.0592 8.34074 4.97098 3.23053 2.20514 2.85399 6.0179
threshold=0.031178500503301624 -0.5617450177669524 -0.77992299199104298 0.026888026855885986 3701.428100585938 0.038531498983502395 0.11657800246030094 -0.20257399976253507 0.04936449974775315 0.098800048232078566 0.025146109983325008 0.56993892788887035 0.69034299254417431 0.28048832714557653 0.019674275070428852 0.027337407693266872 0.63722953200340282 -0.035245499573647969 0.025199192576110366 0.019832307472825054 0.020708536729216579 0.025645212270319465
decision_type=2 2 2 2 2 2 2 2 2 2 2 2 2 2 2 2 2 2 2 2 2 2
left_child=2 8 19 5 15 6 -4 -7 9 10 -2 17 14 -14 -13 -5 -11 -3 -10 -1 -21 -22
right_child=1 11 3 4 -6 7 -8 -9 18 16 -12 12 13 -15 -16 -17 -18 -19 -20 20 21 -23
leaf_value=-0.011211673221995589 0.026211200142817855 -0.00096074974414520206 -0.020201640655875826 -0.038087709986044951 0.1007638061515207 0.0039735690909585494 -0.001168939848311926 -0.024175667813099967 -0.027257178976929169 0.014269379069776565 -0.035283025260976798 -0.028280794330425203 0.048716996157795733 -3.9712035936052232e-05 0.0047859878295093607 0.016001924920235156 0.04484118677770324 -0.045040248374848123 0.0060805958329392803 -0.058721911689003571 0.0031492258656947627 -0.046044910802533652
leaf_weight=8.9708846658468229 14.945337146520616 11.542104512453081 257.81159402430058 10.695911899209021 12.336461707949637 375.88934864103794 172.748694434762 51.632958203554153 12.053385987877848 32.368078604340553 11.874134927988051 27.628416046500206 30.478755325078964 25.607464134693146 309.85997372865677 21.840811565518379 86.165407463908195 14.174724295735357 15.343526378273962 15.129675865173338 9.2813388556242007 16.131595715880394
leaf_count=56 61 51 1306 56 52 1781 848 245 51 136 51 126 134 115 1381 102 361 65 65 98 51 107
internal_value=-0.00010402 0.00944646 -0.00604939 -0.00436139 0.0275512 -0.00606619 -0.0125974 0.000513763 0.02358 0.0297462 -0.00112482 0.00356921 0.0055899 0.0267577 0.00198866 -0.00223557 0.036724 -0.0262203 -0.00885378 -0.0360379 -0.0410087 -0.0284499
internal_weight=1544.51 592.041 952.469 902.956 44.8732 858.083 430.56 427.522 172.75 145.353 26.8195 419.291 393.575 56.0862 337.488 32.5367 118.533 25.7168 27.3969 49.5135 40.5426 25.4129
internal_count=7299 2597 4702 4390 210 4180 2154 2026 725 609 112 1872 1756 249 1507 158 497 116 116 312 256 158
is_linear=0
shrinkage=0.05


Tree=22
num_leaves=25
num_cat=0
split_feature=29 33 21 29 12 27 1 5 1 18 31 29 25 34 5 9 30 8 3 33 11 34 12 25
split_gain=43.0589 20.6173 24.5385 31.0497 27.1248 22.2876 15.2623 19.4538 14.6114 14.0439 12.8598 10.9958 10.9911 10.234 10.1394 9.82943 11.8695 11.5249 11.1353 8.75861 7.0698 6.93787 5.16346 5.02258
threshold=0.25049999356269842 0.05187953636050225 0.14840000122785571 0.43349999189376837 1.1792994141578677 0.025367568247020248 0.020139000378549102 -1.3247449994087217 0.055058000609278686 0.59389400482177745 -0.018142796121537682 0.10150000080466272 0.00086535062291659426 0.62170213460922252 -0.47968450188636774 0.45272450149059301 -1.0000000180025095e-35 2.719154000282288 36.040439605712898 0.21376700699329379 1.0000000180025095e-35 0.70903640985488903 0.80387330055236828 0.0027731815353035931
decision_type=2 2 2 2 2 2 2 2 2 2 2 2 2 2 2 2 2 2 2 2 2 2 2 2
left_child=6 14 4 9 13 -5 15 11 -6 -4 -9 -8 -12 -3 -2 17 -17 18 -1 -13 -19 22 -16 -23
right_child=1 2 3 5 8 -7 7 10 -10 -11 12 19 -14 -15 21 16 -18 20 -20 -21 -22 23 -24 -25
leaf_value=-0.040934417783194926 -0.043084649283251501 0.0051079003286905013 0.0019430225776234822 0.0011773229944626968 -0.021176065354304593 0.029677907978619536 -0.01502852954967631 -0.055727356749463532 0.022050719027812207 -0.021182103972034662 -0.02357366644103874 0.0059612276774230885 0.0027107415580715564 0.045683744141044015 -0.003474517312210261 -0.029066263871656541 0.033312889943971857 -0.052034922086044905 -0.010614807040282035 0.046132153917907592 -0.016240080966835331 -0.012166867391405496 -0.034422799954682781 0.022923424834766733
leaf_weight=33.491817280650139 20.650861829519272 18.861818090081215 167.12903895974159 127.21459460258484 35.833419382572174 149.05239552259445 15.668473243713377 12.535645067691801 40.624713212251663 106.61341144144535 55.682764425873756 22.465300366282463 131.91252809762955 104.89813941717148 32.862644091248512 10.973870113492014 20.017336592078209 35.78718113899231 274.10097494721413 35.93343012034893 24.876597136259079 15.16403506696224 22.662472739815712 26.627848163247108
leaf_count=223 91 80 773 545 176 653 73 60 171 526 268 97 603 444 145 54 95 217 1421 155 140 68 104 117
internal_value=-0.00010452 0.0072483 0.0103078 0.00482095 0.0252569 0.0166237 -0.00958776 -0.000479788 0.00171535 -0.00708955 -0.00860253 0.0212236 -0.00514821 0.0396303 -0.0120902 -0.0158137 0.0108502 -0.0180945 -0.0140543 0.0311236 -0.0379389 -0.00509094 -0.01658 0.0100874
internal_weight=1541.64 868.195 750.228 550.009 200.218 276.267 673.446 274.198 76.4581 273.742 200.131 74.0672 187.595 123.76 117.968 399.248 30.9912 368.257 307.593 58.3987 60.6638 97.317 55.5251 41.7919
internal_count=7299 3893 3368 2497 871 1198 3406 1256 347 1299 931 325 871 524 525 2150 149 2001 1644 252 357 434 249 185
is_linear=0
shrinkage=0.05


Tree=23
num_leaves=25
num_cat=0
split_feature=29 33 35 6 0 1 25 35 6 5 14 30 3 10 25 0 5 35 29 4 34 31 18 14
split_gain=39.4551 21.4615 17.8696 21.2313 17.6837 16.8742 13.9963 23.3095 21.6747 20.8047 11.1893 10.9218 9.72927 11.4378 9.9781 8.84624 8.58003 8.47766 8.40088 6.8387 5.74476 6.46355 5.81181 0.588245
threshold=0.331499993801117 0.05187953636050225 12.883745193481447 0.047767000272870071 -1.4898205399513242 0.64707750082016002 0.00086535062291659426 16.90069675445557 0.051530499011278159 -0.32642950117588038 -0.10255200043320654 0.023711486719548706 36.975145339965827 -14.176932811737059 0.0021012199576944117 0.76120948791503917 -0.47968450188636774 12.596773624420168 0.15850000083446505 -1361.242980957031 0.7055737078189851 -0.003401852678507566 0.59389400482177745 -0.22697050124406812
decision_type=2 2 2 2 2 2 2 2 2 2 2 2 2 2 2 2 2 2 2 2 2 2 2 2
left_child=4 16 17 19 11 -5 10 9 -9 -8 18 12 13 -1 -14 -12 -2 -3 -6 -4 22 -22 -18 -13
right_child=1 2 3 5 6 -7 7 8 -10 -11 15 23 14 -15 -16 -17 20 -19 -20 -21 21 -23 -24 -25
leaf_value=0.015443963310930647 -0.043338308111091156 -0.0003257002188264981 0.049908660249388455 0.0076109152639959286 0.0060315802698153523 0.04144022981941578 0.0028175816262877647 0.0010746173609092141 0.03196582922250514 -0.026807536974716328 -0.017618802829555299 -0.027621340558801073 -0.012571301688480805 -0.040508419012004936 0.023926484906031355 -0.05498667808975008 -0.0010921541107682534 -0.050895516009472175 -0.03507220538635774 0.020532732392534767 0.032799585710125936 -0.0077768296961382285 -0.036347059868425388 -0.051526655125001368
leaf_weight=10.406607151031492 16.497091114521027 20.430089429020882 51.456850737333298 366.15135377645493 73.848907664418221 40.226922228932381 147.54812556505203 149.8030478656292 90.868691578507423 97.569655492901802 86.772992491722107 8.8688892871141451 114.80343805253506 50.374091066420078 21.315113753080368 19.250855877995491 27.791402280330658 13.19525597989559 13.900474727153776 36.635250151157379 15.985854238271711 22.227079704403877 19.651466846466064 22.350055649876595
leaf_count=54 72 98 212 1598 347 166 698 691 414 481 449 51 630 329 107 100 124 73 66 154 70 97 89 129
internal_value=-0.000109497 0.0094896 0.0135498 0.0159618 -0.00678325 0.0110654 -0.0027202 0.00180746 0.0128427 -0.00901545 -0.0140477 -0.0188005 -0.0142588 -0.0307526 -0.00668675 -0.0249008 -0.0113798 -0.0212115 -0.000745192 0.0381157 -0.00473793 0.00947381 -0.0162473 -0.0459587
internal_weight=1537.93 630.249 528.096 494.47 907.681 406.378 679.563 485.79 240.672 245.118 193.773 228.118 196.899 60.7807 136.119 106.024 102.153 33.6253 87.7494 88.0921 85.6558 38.2129 47.4429 31.2189
internal_count=7299 2753 2301 2130 4546 1764 3246 2284 1105 1179 962 1300 1120 383 737 549 452 171 413 366 380 167 213 180
is_linear=0
shrinkage=0.05


Tree=24
num_leaves=25
num_cat=0
split_feature=29 20 20 1 26 30 32 29 31 32 10 23 23 29 10 18 10 32 3 4 29 13 28 33
split_gain=36.5118 18.9476 14.8498 13.502 14.9342 12.0912 11.9543 12.3062 11.8076 9.98647 9.23081 9.89518 6.64728 8.21879 11.4457 6.62208 5.63871 4.19297 3.93373 3.50569 3.68898 2.95196 2.12744 0.254682
threshold=0.25049999356269842 -2.1030044555664058 -1.2172889709472654 0.69822099804878246 1.0011032223701479 0.016248119063675407 -0.0070327983703464261 0.088500000536441817 -0.0093526286073029024 -0.037839263677597039 5.2584295272827157 -6.7674760818481436 4.7416555881500253 0.37549999356269842 -7.1170039176940909 0.54205048084259044 -14.176932811737059 0.0076245421078056106 61.973087310791023 -571.17098999023426 0.20549999922513965 -0.084959000349044786 0.35328480601310736 0.45043183863163
decision_type=2 2 2 2 2 2 2 2 2 2 2 2 2 2 2 2 2 2 2 2 2 2 2 2
left_child=2 12 10 4 5 -3 19 22 -9 -6 11 16 13 17 -15 -13 -1 -2 -5 20 -4 -21 -8 -12
right_child=1 3 6 18 9 -7 7 8 -10 -11 23 15 -14 14 -16 -17 -18 -19 -20 21 -22 -23 -24 -25
leaf_value=-0.0065166106838347162 -0.015429038443078339 0.0088512016684265619 -0.024043907866292204 0.054289607327656232 -0.01149828018020461 -0.0096982991373176022 -0.017239460838765694 -0.022031081302005304 0.0055165260599288647 0.025929066813911356 -0.057899200516304185 -0.0019586924589424146 0.019248266107147152 0.0087735579099685029 -0.022252302482118999 -0.027006347836044997 -0.049482883135254015 -0.046140395249826063 0.019563971760955846 -0.014345700940078499 0.0050701336430459439 -0.048217165604388906 -0.042838310785677583 -0.032574461170362737
leaf_weight=11.126517429947851 33.335685059428215 349.81800802052021 26.984168648719788 20.302323117852211 19.442259475588799 116.07381002604961 28.486606523394585 43.230357006192207 320.15150263905525 149.61726926267147 14.022510826587679 89.482855960726738 20.43571038544178 76.329424187541008 47.229332104325294 36.833159253001213 28.584712751209736 17.793005168437958 16.939965322613716 12.244916498661043 16.913407772779465 17.970811247825623 13.086309567093847 7.9358928948640814
leaf_count=62 179 1544 132 84 82 515 150 207 1500 637 89 486 93 335 253 213 208 99 72 62 84 94 69 50
internal_value=-0.00011439 0.0066433 -0.00890515 0.0106248 0.00886083 0.00420814 -0.00420007 -0.000787203 0.00217409 0.0215531 -0.0207836 -0.0165058 -0.00703151 -0.0102264 -0.00312912 -0.0094565 -0.0380229 -0.0268927 0.0395497 -0.0225227 -0.012852 -0.0355502 -0.0262319 -0.050782
internal_weight=1534.37 867.317 667.054 672.194 634.951 465.892 479.068 404.955 363.382 169.06 187.986 166.027 195.123 174.687 123.559 126.316 39.7112 51.1287 37.2423 74.1133 43.8976 30.2157 41.5729 21.9584
internal_count=7299 3893 3406 2934 2778 2059 2298 1926 1707 719 1108 969 959 866 588 699 270 278 156 372 216 156 219 139
is_linear=0
shrinkage=0.05


Tree=25
num_leaves=25
num_cat=0
split_feature=29 1 0 23 6 10 12 27 27 7 30 17 32 6 32 26 29 23 7 26 3 36 36 18
split_gain=33.4414 18.1129 13.5112 11.8115 13.2881 11.8601 11.6102 14.2409 12.3828 11.5489 11.0518 11.1895 14.0084 11.0501 10.0028 9.87493 8.70442 8.52706 7.86839 7.76187 7.38293 6.37881 6.18674 1.3135
threshold=0.28249999880790716 -0.36555400490760798 -0.14918699860572812 -4.0547350645065299 0.042098999023437507 3.3433824777603154 0.064186276867985739 0.025780451484024528 0.026829491369426254 16.596072196960453 -0.010669237468391655 -0.5617450177669524 -0.002559829037636518 0.036589000374078758 -0.030474352650344368 1.0005710124969485 0.37549999356269842 -4.8774099349975577 27.716380119323734 1.0008829832077029 36.547582626342781 0.0011695713037624957 0.0011368289124220612 0.62788000702857982
decision_type=2 2 2 2 2 2 2 2 2 2 2 2 2 2 2 2 2 2 2 2 2 2 2 2
left_child=2 9 13 6 21 -6 8 -8 -3 -2 17 12 -12 -1 23 20 -16 -4 -13 -17 -15 -5 -19 -11
right_child=1 3 10 4 5 -7 7 -9 -10 14 11 18 -14 15 16 19 -18 22 -20 -21 -22 -23 -24 -25
leaf_value=0.037451742745004603 0.033899563044459395 -0.0018689365581497711 0.014778865567654093 0.058901715238070085 -0.0037816939345072065 0.01935745374232628 0.013890253772329162 0.049277964968481254 0.044231910262899271 -0.02107943494727299 -0.018895779990987491 0.0019365770767526089 0.029078398853729443 -0.036894420299011597 -0.0171729790276197 0.016559150152261205 0.0042279209605796753 -0.018546058317786433 -0.019822575589477628 -0.014045318174218075 -0.015946420777663339 0.0098195787401392162 -0.060672160004135646 -0.045838586264959492
leaf_weight=9.1324612498283368 18.494042202830315 67.312732070684433 12.43018653988838 15.714358478784563 188.66461037099361 77.136894017457962 56.141122847795486 60.080857068300247 17.501325532793999 16.355867907404903 18.815836101770401 191.42827762663364 65.774058818817139 51.982821822166443 67.50331149995327 36.974334195256233 153.65048283338547 33.852971687912941 51.919279932975769 44.583980843424797 239.0574254244566 12.200701326131819 11.877219364047049 12.574286833405493
leaf_count=43 80 285 56 64 833 319 228 252 73 76 87 894 272 344 348 199 716 164 254 239 1303 50 59 61
internal_value=-0.000123434 0.00727949 -0.00748939 0.0129474 0.00649576 0.00296204 0.0222699 0.0324909 0.00799026 -0.00315231 -0.000873909 0.00269323 0.0182527 -0.0141477 -0.00603636 -0.0155227 -0.00232972 -0.0207773 -0.0027475 -7.77488e-05 -0.0198186 0.038704 -0.0306584 -0.0331798
internal_weight=1531.16 763.331 767.829 494.753 293.717 265.802 201.036 116.222 84.8141 268.578 386.098 327.937 84.5899 381.731 250.084 372.599 221.154 58.1604 243.348 81.5583 291.04 27.9151 45.7302 28.9302
internal_count=7299 3385 3914 2104 1266 1152 838 480 358 1281 1786 1507 359 2128 1201 2085 1064 279 1148 438 1647 114 223 137
is_linear=0
shrinkage=0.05


Tree=26
num_leaves=23
num_cat=0
split_feature=1 1 26 17 27 3 35 33 33 27 35 36 11 0 18 8 27 2 28 35 27 35
split_gain=25.4095 15.9912 17.2467 15.7021 11.6447 28.7607 13.9112 10.826 9.4994 10.8275 9.36997 9.24019 11.2048 9.18551 8.54803 8.11866 7.75924 6.41198 3.40117 2.66621 2.72286 5.88478
threshold=0.031178500503301624 -0.77992299199104298 1.0011696219444277 -0.5617450177669524 0.020094168372452263 48.902132034301765 14.156924724578859 0.072379220277071013 0.85575413703918468 0.026888026855885986 12.50169610977173 -0.0031948665855452414 1.0000000180025095e-35 0.76120948791503917 0.80322599411010753 -3.3788095712661739 0.026727593503892425 2915.0893554687505 0.72379517555236828 19.187120437622074 0.020708536729216579 14.397043704986574
decision_type=2 2 2 2 2 2 2 2 2 2 2 2 2 2 2 2 2 2 2 2 2 2
left_child=1 19 8 4 13 7 -7 -6 9 -3 -5 15 -13 -2 16 -12 -4 -10 -16 20 -1 -22
right_child=3 2 14 10 5 6 -8 -9 17 -11 11 12 -14 -15 18 -17 -18 -19 -20 -21 21 -23
leaf_value=-0.057072027205375908 0.018841405824522858 -0.0065731940835844719 0.013458106269728468 -0.034927187294778193 -0.011580771359571675 0.016912727407367139 -0.041927054287754263 0.035012610331199949 -0.0044675079245104143 0.022762427574311749 -0.0040017930712364039 0.012886901446102545 -0.0052214557142936137 0.079514133763850817 0.0023624133214514322 0.04154463296296601 0.052602355667922589 -0.040149548044045878 -0.028821590399701287 -0.0060905645796077998 -0.044593259403531565 0.0046561046894279005
leaf_weight=13.852597437798975 13.219985827803612 659.70270872116089 94.237994357943535 14.868422597646711 13.75885997712612 15.193851262331007 25.859866753220558 90.734409272670746 20.888647854328156 31.994455322623253 14.322472199797629 136.08977600932121 225.38560988008976 12.983128949999809 23.793571591377258 27.645543903112411 14.077409833669661 33.226009592413902 12.479271575808523 8.2502721399068815 15.411415278911592 9.0725943744182569
leaf_count=99 57 3307 418 79 57 64 114 380 109 153 59 590 1027 53 110 117 60 170 63 55 108 50
internal_value=-0.000118004 -0.00523768 -0.00371767 0.00799842 0.0206857 0.0149008 -0.0201474 0.0287785 -0.00678731 -0.00517815 0.00274047 0.00422396 0.00159901 0.0509052 0.0120196 0.0261532 0.019026 -0.0267977 -0.00871738 -0.0334955 -0.0389613 -0.026681
internal_weight=1527.05 936.987 890.4 590.062 171.75 145.547 41.0537 104.493 745.812 691.697 418.312 403.443 361.475 26.2031 144.588 41.968 108.315 54.1147 36.2728 46.5869 38.3366 24.484
internal_count=7299 4702 4390 2597 725 615 178 437 3739 3460 1872 1793 1617 110 651 176 478 279 173 312 257 158
is_linear=0
shrinkage=0.05


Tree=27
num_leaves=27
num_cat=0
split_feature=29 33 35 6 27 27 32 17 3 10 9 32 5 27 29 7 7 4 30 5 12 0 30 33 29 6
split_gain=30.0135 17.3021 15.592 23.4473 21.7053 19.5537 12.3428 14.0308 15.0512 14.0375 13.0395 16.7827 8.75168 8.27135 7.20136 5.60563 8.99563 5.47262 4.25497 4.80368 2.40743 2.29778 0.891898 0.74514 0.726619 0.310928
threshold=0.25049999356269842 0.05187953636050225 12.883745193481447 0.046240499243140228 0.027337407693266872 0.026745357550680641 -0.0069422973319888106 -0.5617450177669524 36.040439605712898 3.3433824777603154 0.45272450149059301 0.00064528424991294752 -0.47968450188636774 0.019674275070428852 0.15650000423192981 24.282585144042972 27.480632781982425 499.26554870605474 0.0009574142168276013 0.14936199784278872 1.3100420236587527 -0.1641535013914108 0.018163133412599567 0.2665719091892243 0.18849999457597735 0.042949000373482711
decision_type=2 2 2 2 2 2 2 2 2 2 2 2 2 2 2 2 2 2 2 2 2 2 2 2 2 2
left_child=6 12 4 13 25 -5 17 10 20 -10 11 -8 -2 -4 -12 21 -17 18 19 -1 -9 -14 -20 -6 -19 -3
right_child=1 2 3 5 23 -7 7 8 9 -11 14 -13 15 -15 -16 16 -18 24 22 -21 -22 -23 -24 -25 -26 -27
leaf_value=-0.021927622273103863 -0.040864532276539134 -0.03670722071724019 -0.0042839563510757989 0.0043163556160110104 0.0060849754056488707 0.038895609629735275 0.019554356079031325 -0.05132705031973761 -0.0012871431039765807 -0.023284719877608918 0.0093680908503699211 -0.018900579803365694 -0.037752750019831853 0.038199112177946901 0.062906479916463517 0.025390772190474711 -0.011399010275318764 -0.030293339226672569 -0.04049968716049536 0.0060929523767383016 -0.014636301446011513 -0.0083807757174172159 -0.017060282503319094 0.02592298458723833 -0.05547239307113664 -0.060731002926478962
leaf_weight=32.462003000080585 20.270349398255348 11.952822685241701 12.684293776750563 557.58869098126888 10.698068529367449 43.223730944097042 58.263443022966385 22.58515099436045 284.81163920462132 96.61724691092968 11.861586809158327 53.406776681542397 13.723380342125894 88.446578651666641 14.123579382896422 25.639669001102448 43.061166599392891 12.566313713788988 17.278684265911583 27.140154629945755 7.284736454486846 14.492148354649542 9.3300123661756498 10.659062266349791 11.502193897962568 12.119908660650252
leaf_count=173 91 69 55 2509 52 195 278 169 1411 532 50 267 62 370 60 110 200 73 90 141 45 62 51 50 66 68
internal_value=-0.000113992 0.0060074 0.00881313 0.0106614 -0.0192511 0.00687287 -0.00814648 -0.0050464 -0.00967183 -0.0069186 0.00870791 0.00111421 -0.0117673 0.032832 0.0399056 -0.00527528 0.00242677 -0.0233493 -0.0170139 -0.0091958 -0.0433048 -0.023641 -0.0333777 0.0169262 -0.0442585 -0.0509417
internal_weight=1523.79 864.56 747.373 701.943 45.4299 600.812 659.234 548.954 411.299 381.429 137.655 111.67 117.187 101.131 25.9852 96.9164 68.7008 110.279 86.2109 59.6022 29.8699 28.2155 26.6087 21.3571 24.0685 24.0727
internal_count=7299 3893 3368 3129 239 2704 3406 2812 2157 1943 655 545 525 425 110 434 310 594 455 314 214 124 141 102 139 137
is_linear=0
shrinkage=0.05


Tree=28
num_leaves=23
num_cat=0
split_feature=29 27 35 25 9 6 1 31 1 27 35 10 35 2 32 27 7 10 31 36 34 26
split_gain=28.2652 18.6586 23.2941 23.5933 20.1505 13.7508 13.6738 17.5871 13.5277 11.1579 24.8977 16.1835 12.5741 11.1929 8.6136 6.70607 7.57512 5.51322 4.50599 3.35677 3.24682 1.804
threshold=0.37549999356269842 0.0214352160692215 14.312402725219728 0.00087973344489000749 0.44116349518299108 0.058339500799775131 -0.34993450343608851 -0.01440525474026799 -0.77992299199104298 0.020516755059361461 16.90069675445557 4.7818539142608651 14.296872615814211 2680.841674804688 -0.031194594688713547 0.027056051418185238 39.893541336059577 -3.609885454177856 -1.0000000180025095e-35 0.0011096823145635428 0.69189825654029857 0.99984368681907665
decision_type=2 2 2 2 2 2 2 2 2 2 2 2 2 2 2 2 2 2 2 2 2 2
left_child=1 2 -1 5 -5 -4 15 21 19 11 12 13 -11 -10 -9 16 -3 -12 -13 20 -2 -8
right_child=8 6 3 4 -6 -7 7 14 9 10 17 18 -14 -15 -16 -17 -18 -19 -20 -21 -22 -23
leaf_value=0.051580461218597801 0.0083282614209766685 -0.021389593261026005 -0.0072799848388594816 0.0014016593950130758 0.039692512445352345 -0.035691640292520026 -0.056513201145010919 -0.039909635257567688 0.004962009669593895 0.017514106498370263 0.028190282247928168 0.046358747124848242 -0.0030714802138640069 -0.030546064401296615 0.0024834877136294294 0.010615023885553016 -0.048623685254674621 0.06844475010498717 0.0087463964554015741 -0.050170134641099873 -0.031673980191185933 -0.023955060441012786
leaf_weight=20.069714099168777 9.4150398671627098 89.040929973125458 143.78023130446672 398.45027712732553 36.648660570383072 60.350835405290127 14.603597432374956 11.910720124840735 42.226145252585411 226.74993015825748 17.691957414150238 15.308913528919218 109.05945320427418 44.762131959199905 165.0241651982069 10.440978929400442 37.820551648736 22.705248653888702 17.473634302616119 8.0734525471925718 8.9253978878259641 10.102805003523825
leaf_count=89 55 512 723 1932 165 346 73 58 181 970 72 63 467 195 774 66 239 92 72 50 55 50
internal_value=-0.000120811 -0.0050543 -0.000140332 -0.00185003 0.00472201 -0.0158372 -0.0145695 -0.00619677 0.00928873 0.0111665 0.01539 -0.00207605 0.0108245 -0.0133923 -0.000550444 -0.0266958 -0.0298646 0.0520429 0.0273111 -0.0249091 -0.0115115 -0.044844
internal_weight=1520.63 998.243 659.3 639.23 435.099 204.131 338.944 201.641 522.391 495.977 376.207 119.771 335.809 86.9883 176.935 137.302 126.861 40.3972 32.7825 26.4139 18.3404 24.7064
internal_count=7299 5027 3255 3166 2097 1069 1772 955 2272 2112 1601 511 1437 376 832 817 751 164 135 160 110 123
is_linear=0
shrinkage=0.05


Tree=29
num_leaves=27
num_cat=0
split_feature=29 33 21 29 27 32 34 32 17 3 27 9 32 27 10 5 4 34 9 3 29 30 29 4 10 35
split_gain=25.7074 15.9066 18.2995 22.5399 17.3637 12.4761 11.8828 11.5542 13.6371 14.4368 12.2177 11.5214 18.3236 11.8274 9.99916 8.00667 7.72111 6.12082 5.85911 4.74038 4.32588 3.27054 3.0168 5.2087 2.07652 2.01914
threshold=0.25049999356269842 0.05187953636050225 0.14840000122785571 0.43349999189376837 0.025367568247020248 0.023337800055742267 0.62170213460922252 -0.010118225589394568 -0.5617450177669524 36.040439605712898 0.018921810202300552 0.33416999876499182 0.0045811070594936618 0.020535646937787536 -12.018223285675047 -0.47968450188636774 -571.17098999023426 0.71608933806419384 0.34812349081039434 42.478200912475593 0.65150001645088207 -0.015274463687092064 0.20549999922513965 -1323.2735595703123 -11.458334445953367 16.954643249511722
decision_type=2 2 2 2 2 2 2 2 2 2 2 2 2 2 2 2 2 2 2 2 2 2 2 2 2 2
left_child=7 15 6 5 -5 -4 18 16 11 24 -11 13 -13 -9 -8 -2 22 20 -3 -19 -17 -18 25 -24 -10 -1
right_child=1 2 3 4 -6 -7 14 8 9 10 -12 12 -14 -15 -16 17 21 19 -20 -21 -22 -23 23 -25 -26 -27
leaf_value=-0.037499012492147946 -0.039576872937142599 -0.025643464420571322 -0.002416113272105004 -6.5540501635501922e-05 0.025017539964840792 -0.033321326506747649 0.06656878157945656 -0.042240599675324841 -0.017060173493848769 -0.044763466885904268 -0.004716036119577785 0.034516629863120075 -0.0058449485775672362 0.018187856457535626 0.022419824952291615 -0.026615037301749678 -0.021187301855492797 -0.0088024694257631871 0.016252863734268517 0.028442364918476112 -0.00061962868419183177 -0.055351944685817861 -0.018672453987787347 0.026192570283364608 -0.050794394844519898 -0.010994005727058897
leaf_weight=12.206963911652563 20.006175369024277 17.389617711305622 232.75914848595858 127.11366944015026 148.86876522749662 37.118751764297485 13.553876146674154 18.796865820884708 8.0821820944547671 19.151577979326248 371.0191959887743 59.970708116889 51.389433234930038 12.807113304734228 155.29224488139153 32.986138746142387 14.163230761885641 14.49511982500553 14.235307976603506 18.121649742126465 31.101536825299263 20.311535328626633 13.617022037506105 10.590203002095221 21.456560589373112 20.294937580823898
leaf_count=73 91 78 1114 545 653 185 56 91 54 120 1883 281 254 58 675 149 81 66 62 79 140 115 75 55 166 100
internal_value=-0.000119884 0.00553977 0.00822917 0.00345791 0.013488 -0.00679257 0.0211143 -0.00759488 -0.0048857 -0.0094296 -0.00680396 0.00839223 0.0159602 -0.0177926 0.0263643 -0.0115395 -0.024024 -0.00534227 -0.00671131 0.0119723 -0.0142797 -0.04245 -0.0121943 0.00101723 -0.0425889 -0.0219201
internal_weight=1516.9 863.042 746.331 545.86 275.982 269.878 200.471 653.858 562.674 419.71 390.171 142.964 111.36 31.604 168.846 116.711 91.1839 96.7044 31.6249 32.6168 64.0877 34.4748 56.7091 24.2072 29.5387 32.5019
internal_count=7299 3893 3368 2497 1198 1299 871 3406 2907 2223 2003 684 535 149 731 525 499 434 140 145 289 196 303 130 220 173
is_linear=0
shrinkage=0.05


Tree=30
num_leaves=21
num_cat=0
split_feature=29 33 7 0 30 21 32 17 7 10 32 23 12 22 9 34 31 6 29 33
split_gain=23.4448 14.0875 13.1719 14.5732 12.6476 16.7604 11.3538 11.6379 14.276 13.6396 11.044 11.0032 7.29994 6.54088 5.02045 4.85662 4.43659 3.43988 2.32859 1.83622
threshold=0.28249999880790716 0.011864938773214819 15.242184162139894 0.10615099966526033 -0.011438550427556036 1.0000000180025095e-35 -0.017705872654914852 -0.5617450177669524 27.716380119323734 -6.0935151576995841 -0.01601732429116964 -4.7838590145111075 -1.8083856701850889 -4.4792044162750235 0.36311799287796026 0.69189825654029857 -0.0067961041349917642 0.060706499963998801 0.21350000053644183 0.36570587754249578
decision_type=2 2 2 2 2 2 2 2 2 2 2 2 2 2 2 2 2 2 2 2
left_child=4 12 -3 10 5 -1 18 9 -9 -8 -4 -5 -2 19 17 -16 -15 -14 -6 -7
right_child=1 2 3 11 6 13 7 8 -10 -11 -12 -13 14 16 15 -17 -18 -19 -20 -21
leaf_value=0.022374447211668983 -0.049637911627842368 0.05693930520046947 -0.013402791525990663 0.034930001622041809 -0.048289973690336892 -0.015738930580902217 -0.009944700726434795 0.0004706826452353307 -0.01816129370960998 0.020999842054381393 0.0058244683578185146 0.01062195652200067 -0.0054862346546520864 -0.048891521244955147 -0.015226283118267884 0.025878128044959009 -0.024217897417625953 -0.04168563313914353 -0.017667869157005182 0.012751352629277918
leaf_weight=18.064956292510033 11.984860032796858 12.624915540218351 95.437948316335678 61.319239050149918 13.796971745789053 11.886129930615427 54.636765271425247 293.10199797898531 156.89875718206167 97.91918970644474 329.4224651530385 195.19108080863953 15.01715672016144 34.442062735557556 12.030256018042566 14.966845870018004 49.130402415990829 11.753682211041449 15.126155883073805 8.9934216141700727
leaf_count=84 57 51 437 256 78 66 282 1475 899 445 1517 827 65 188 54 65 265 56 82 50
internal_value=-0.000126161 0.00606543 0.00817061 0.00717754 -0.00637137 -0.0210148 -0.00349368 -0.00198858 -0.00604038 0.00989214 0.00147231 0.0165653 -0.0158686 -0.0287074 -0.00748119 0.00749327 -0.0349034 -0.0224883 -0.033568 -0.0032169
internal_weight=1513.75 759.748 693.996 681.371 753.997 122.517 631.48 602.557 450.001 152.556 424.86 256.51 65.7528 104.452 53.7679 26.9971 83.5725 26.7708 28.9231 20.8796
internal_count=7299 3385 3088 3037 3914 653 3261 3101 2374 727 1954 1083 297 569 240 119 453 121 160 116
is_linear=0
shrinkage=0.05


Tree=31
num_leaves=23
num_cat=0
split_feature=0 26 17 34 10 7 9 35 27 35 27 34 34 10 0 36 27 4 27 5 18 36
split_gain=18.7098 13.6357 12.5571 11.3718 12.2509 10.629 10.6199 10.3695 20.8978 18.7906 22.5284 10.508 8.80774 8.77008 8.11146 7.98742 7.23988 6.61425 6.33829 4.73305 3.01149 2.58483
threshold=0.048949500545859344 1.0020099878311159 -0.5617450177669524 0.64839786291122448 7.3034453392028817 15.242184162139894 0.45272450149059301 13.638192176818849 0.026554541662335399 14.119935035705568 0.021016937680542472 0.69029620289802562 0.56993892788887035 -15.318406105041502 -2.1030044555664058 -0.0031338564585894342 0.019674275070428852 -907.44018554687489 0.020778813399374488 0.172436498105526 0.55990800261497509 8.3008093497483073e-05
decision_type=2 2 2 2 2 2 2 2 2 2 2 2 2 2 2 2 2 2 2 2 2 2
left_child=1 3 7 4 13 -5 -7 8 -2 -9 -11 -10 19 -1 21 17 -17 -14 -16 -4 -20 -3
right_child=2 14 12 5 -6 6 -8 9 11 10 -12 -13 15 -15 18 16 -18 -19 20 -21 -22 -23
leaf_value=0.0038197106856557987 -0.058317468699778198 0.012963383190850948 -0.0051068365964338537 0.033966207416016997 0.021011462440645397 -0.0065408037432609289 0.013740605042645168 0.072712973965939176 0.042291996884928185 0.027794045744845036 -0.029920730413958194 -0.015438925460147804 0.0041112673685728077 -0.025310475631087521 -0.00020492226474474583 -0.018455136273833932 0.0040054439486797945 0.042570293396862476 0.057475866047750901 -0.047979021978354533 0.022433548821483823 -0.018013680646380422
leaf_weight=30.328556820750237 11.373285517096518 10.557910278439524 14.338268905878069 17.794018760323524 18.699940204620361 553.31798274070024 71.975502863526344 17.098082512617111 17.79290167987347 91.117926985025406 19.765507236123085 12.708376809954641 22.772068724036217 155.05967259407043 11.909317478537558 39.419662222266197 316.36397039890289 22.06340155005455 15.614843040704729 11.5844459682703 13.985971063375471 14.987303897738455
leaf_count=144 50 50 65 84 87 2866 338 73 77 382 87 56 97 838 51 183 1429 93 65 54 58 72
internal_value=-0.000126624 -0.00462246 0.00675296 -0.00635004 -0.0166092 -0.00306573 -0.00418008 0.0182115 -0.00322877 0.025236 0.0172859 0.0183531 0.00214637 -0.0205232 0.0169029 0.00400823 0.00145812 0.0236618 0.0303103 -0.0255219 0.0423564 -0.00501637
internal_weight=1510.63 914.231 596.398 847.176 204.088 643.088 625.293 169.856 41.8746 127.982 110.883 30.5013 426.542 185.388 67.0553 400.619 355.784 44.8355 41.5101 25.9227 29.6008 25.5452
internal_count=7299 4653 2646 4357 1069 3288 3204 725 183 542 469 133 1921 982 296 1802 1612 190 174 119 123 122
is_linear=0
shrinkage=0.05


Tree=32
num_leaves=25
num_cat=0
split_feature=29 35 27 5 17 23 29 22 35 13 33 35 27 27 35 3 10 12 29 29 12 33 10 27
split_gain=21.5083 15.8455 30.2215 24.9818 20.572 18.1779 20.7767 15.0588 14.5931 13.2518 11.2686 12.0398 13.545 13.0977 17.4354 16.5643 10.6547 6.73791 5.52052 5.18391 4.69216 4.4729 3.03507 1.09435
threshold=0.37549999356269842 17.143870353698734 0.020535646937787536 -1.099633455276489 -0.5617450177669524 -5.9151499271392813 0.22150000184774402 1.1967009902000429 14.776063919067385 0.034321000799536712 0.011864938773214819 12.883745193481447 0.027409669943153862 0.020486463792622093 16.90069675445557 49.648326873779304 1.7088354825973513 -1.5175924897193906 0.10150000080466272 0.16749999672174457 0.80387330055236828 0.42091080546379095 -4.4671795368194571 0.020421747118234638
decision_type=2 2 2 2 2 2 2 2 2 2 2 2 2 2 2 2 2 2 2 2 2 2 2 2
left_child=1 3 5 16 -4 23 -7 8 -5 -6 17 12 -12 15 -15 -13 18 -2 -1 -18 22 -9 -19 -3
right_child=10 2 4 7 9 6 -8 21 -10 -11 11 13 -14 14 -16 -17 19 20 -20 -21 -22 -23 -24 -25
leaf_value=-0.016793159396867693 -0.04817351638223108 -0.05873546166672941 0.079833159104661808 -9.3289506679797808e-07 0.046942150318955059 -0.0085786364540196506 0.017478132533002188 -0.025928884693419325 -0.022379492238197254 0 -0.047122920051247928 -0.024410740161943528 0.019235385823040674 0.01329250799735762 0.048875618404223324 0.015502330023222205 -0.030671678226113094 -0.0068945643862096916 0.020799596601966244 0.0069502958884671145 -0.021489566762404939 -0.050509759984831419 0.02687229590372835 -0.026746334087136558
leaf_weight=10.082406267523764 10.025267727673052 12.484938099980356 15.609394982457159 146.50262909382582 22.398624181747437 260.90725660324097 107.04376312345266 64.697503879666328 144.78755667805672 41.916067108511925 17.360895313322548 47.056543052196503 12.355220168828962 294.8509184718132 38.44711209833622 55.562661305069923 20.561867699027061 12.341548502445219 87.124537482857704 15.06369513273239 20.530958458781242 29.824101388454437 12.278881773352625 7.7915882021188727
leaf_count=49 49 90 67 749 101 1332 487 369 788 192 94 210 57 1269 158 234 113 54 394 80 96 175 51 41
internal_value=-0.000116913 -0.00445785 0.00220094 -0.0104707 0.0300055 -0.00357269 -0.000957861 -0.0169027 -0.0111799 0.0167984 0.0080912 0.0106315 -0.019642 0.0127469 0.017546 -0.0028107 0.00816061 -0.0130653 0.0167182 -0.0148719 -0.00428679 -0.0341847 0.0101423 -0.0485129
internal_weight=1507.61 986.796 468.152 518.644 79.9241 388.228 367.951 385.812 291.29 64.3147 520.81 465.633 29.7161 435.917 333.298 102.619 132.833 55.1767 97.2069 35.6256 45.1514 94.5216 24.6204 20.2765
internal_count=7299 5027 2310 2717 360 1950 1819 2081 1537 293 2272 2022 151 1871 1427 444 636 250 443 193 201 544 105 131
is_linear=0
shrinkage=0.05


Tree=33
num_leaves=24
num_cat=0
split_feature=29 1 5 35 12 29 12 1 34 27 29 31 32 26 1 35 36 27 34 27 36 26 29
split_gain=20.0376 12.6362 10.5945 20.378 18.4714 12.1868 13.8095 10.9669 10.5323 11.5661 24.6036 11.4492 8.998 8.10607 9.03885 7.47189 6.85333 6.81278 6.67224 3.7913 3.54793 2.26065 2.19336
threshold=0.25049999356269842 0.69822099804878246 -1.3247449994087217 20.317866325378422 -0.62891384959220875 0.10150000080466272 1.6904321908950808 -0.77021548151969899 0.64839786291122448 0.023654695600271228 0.6055000126361848 -0.030541355721652504 -0.0089334710501134378 0.99782297015190136 -0.47644299268722529 15.618096351623537 -0.0010043478687293825 0.019722352735698227 0.6942211687564851 0.023654695600271228 1.6522572877875067e-05 0.99993023276329052 0.19950000196695331
decision_type=2 2 2 2 2 2 2 2 2 2 2 2 2 2 2 2 2 2 2 2 2 2 2
left_child=2 8 3 5 15 20 -7 -6 13 11 -11 -10 -9 19 -15 22 -3 -17 -18 -2 -1 -5 -4
right_child=1 16 4 21 7 6 -8 12 9 10 -12 -13 -14 14 -16 17 18 -19 -20 -21 -22 -23 -24
leaf_value=0.003554439696082567 -0.047748031966094805 0.063598110741238903 -0.047309167680715331 -0.017363702905012927 -0.049081913852269829 0.030991820214820043 -0.01334845680993469 -0.019663775277680203 -0.017890496581514825 -0.0095423328218628388 0.019920230615702698 0.016687631598161744 0.00023951584323113903 -0.021361160174735886 0.0047922336690477277 -0.048036416505716641 -0.0080219148707729622 -0.0010698190155375464 0.041868278543689137 -0.011440360146064338 -0.028685810101451915 -0.054804597772629131 -0.026273568943522466
leaf_weight=15.026955932378767 14.365953907370569 11.664848506450651 37.711415514349937 8.5627547949552554 12.697277344763277 75.726603835821152 21.965404778718948 68.716932594776154 25.235982596874237 214.96083781868219 104.46014624834061 278.17247675359249 303.48732225596905 43.695237189531326 125.30518256872892 9.0417791008949262 12.722710192203524 34.641224950551987 12.272166624665259 15.952957689762114 17.486375495791435 11.603868544101713 28.155691087245941
leaf_count=79 65 50 225 52 118 343 122 369 111 1020 467 1228 1503 222 551 52 54 212 52 73 93 66 172
internal_value=-0.000118722 0.00487706 -0.00677734 0.00479758 -0.0103102 0.0121414 0.0209373 -0.0051056 0.00356834 0.00677168 0.000109294 0.0137458 -0.00346451 -0.00640028 -0.00202622 -0.0283395 0.0332201 -0.0117606 0.0169495 -0.0297789 -0.0139744 -0.0407148 -0.0389194
internal_weight=1503.63 858.809 644.824 150.372 494.452 130.205 97.692 384.902 822.149 622.829 319.421 303.408 372.204 199.319 169 109.55 36.6597 43.683 24.9949 30.3189 32.5133 20.1666 65.8671
internal_count=7299 3893 3406 755 2651 637 465 1990 3737 2826 1487 1339 1872 911 773 661 156 264 106 138 172 118 397
is_linear=0
shrinkage=0.05


end of trees

feature_importances:
Column_35=86
Column_27=80
Column_29=71
Column_1=44
Column_32=42
Column_33=40
Column_0=35
Column_10=33
Column_34=28
Column_5=26
Column_9=26
Column_17=25
Column_25=25
Column_3=23
Column_7=22
Column_6=21
Column_18=19
Column_36=17
Column_12=16
Column_31=16
Column_23=15
Column_4=14
Column_30=14
Column_8=13
Column_26=13
Column_21=12
Column_20=11
Column_2=8
Column_22=8
Column_13=6
Column_11=4
Column_16=4
Column_28=4
Column_14=3
Column_15=1

parameters:
[boosting: gbdt]
[objective: binary]
[metric: auc]
[tree_learner: serial]
[device_type: cpu]
[data_sample_strategy: bagging]
[data: ]
[valid: ]
[num_iterations: 200]
[learning_rate: 0.05]
[num_leaves: 31]
[num_threads: 6]
[seed: 42]
[deterministic: 0]
[force_col_wise: 0]
[force_row_wise: 0]
[histogram_pool_size: -1]
[max_depth: 5]
[min_data_in_leaf: 50]
[min_sum_hessian_in_leaf: 0.001]
[bagging_fraction: 0.8]
[pos_bagging_fraction: 1]
[neg_bagging_fraction: 1]
[bagging_freq: 0]
[bagging_seed: 400]
[bagging_by_query: 0]
[feature_fraction: 0.8]
[feature_fraction_bynode: 1]
[feature_fraction_seed: 30056]
[extra_trees: 0]
[extra_seed: 12879]
[early_stopping_round: 0]
[early_stopping_min_delta: 0]
[first_metric_only: 0]
[max_delta_step: 0]
[lambda_l1: 0.1]
[lambda_l2: 1]
[linear_lambda: 0]
[min_gain_to_split: 0]
[drop_rate: 0.1]
[max_drop: 50]
[skip_drop: 0.5]
[xgboost_dart_mode: 0]
[uniform_drop: 0]
[drop_seed: 17869]
[top_rate: 0.2]
[other_rate: 0.1]
[min_data_per_group: 100]
[max_cat_threshold: 32]
[cat_l2: 10]
[cat_smooth: 10]
[max_cat_to_onehot: 4]
[top_k: 20]
[monotone_constraints: ]
[monotone_constraints_method: basic]
[monotone_penalty: 0]
[feature_contri: ]
[forcedsplits_filename: ]
[refit_decay_rate: 0.9]
[cegb_tradeoff: 1]
[cegb_penalty_split: 0]
[cegb_penalty_feature_lazy: ]
[cegb_penalty_feature_coupled: ]
[path_smooth: 0]
[interaction_constraints: ]
[verbosity: -1]
[saved_feature_importance_type: 0]
[use_quantized_grad: 0]
[num_grad_quant_bins: 4]
[quant_train_renew_leaf: 0]
[stochastic_rounding: 1]
[linear_tree: 0]
[max_bin: 255]
[max_bin_by_feature: ]
[min_data_in_bin: 3]
[bin_construct_sample_cnt: 200000]
[data_random_seed: 175]
[is_enable_sparse: 1]
[enable_bundle: 1]
[use_missing: 1]
[zero_as_missing: 0]
[feature_pre_filter: 1]
[pre_partition: 0]
[two_round: 0]
[header: 0]
[label_column: ]
[weight_column: ]
[group_column: ]
[ignore_column: ]
[categorical_feature: ]
[forcedbins_filename: ]
[precise_float_parser: 0]
[parser_config_file: ]
[objective_seed: 16083]
[num_class: 1]
[is_unbalance: 0]
[scale_pos_weight: 1]
[sigmoid: 1]
[boost_from_average: 1]
[reg_sqrt: 0]
[alpha: 0.9]
[fair_c: 1]
[poisson_max_delta_step: 0.7]
[tweedie_variance_power: 1.5]
[lambdarank_truncation_level: 30]
[lambdarank_norm: 1]
[label_gain: ]
[lambdarank_position_bias_regularization: 0]
[eval_at: ]
[multi_error_top_k: 1]
[auc_mu_weights: ]
[num_machines: 1]
[local_listen_port: 12400]
[time_out: 120]
[machine_list_filename: ]
[machines: ]
[gpu_platform_id: -1]
[gpu_device_id: -1]
[gpu_use_dp: 0]
[num_gpu: 1]

end of parameters

pandas_categorical:null
