tree
version=v4
num_class=1
num_tree_per_iteration=1
label_index=0
max_feature_idx=36
objective=binary sigmoid:1
feature_names=Column_0 Column_1 Column_2 Column_3 Column_4 Column_5 Column_6 Column_7 Column_8 Column_9 Column_10 Column_11 Column_12 Column_13 Column_14 Column_15 Column_16 Column_17 Column_18 Column_19 Column_20 Column_21 Column_22 Column_23 Column_24 Column_25 Column_26 Column_27 Column_28 Column_29 Column_30 Column_31 Column_32 Column_33 Column_34 Column_35 Column_36
feature_infos=[-13.986119270324707:12.311240196228027] [-0.92213797569274902:0.86255699396133423] [2334.031494140625:4728.697265625] [15.833520889282227:69.849876403808594] [-5873.50048828125:1539.5223388671875] [-2.3284120559692383:3.3837859630584717] [0.02222600020468235:0.22283299267292023] [13.612317085266113:58.266666412353516] [-15.919281005859375:8.39447021484375] [0.26131001114845276:0.55751800537109375] [-26.852569580078125:18.72735595703125] [-1:1] [-10.059465408325195:6.5846962928771973] [-1.2582850456237793:0.98352199792861938] [-0.98352199792861938:1.2582850456237793] [-1:1] [-0.97492802143096924:0.97492802143096924] [-0.90096902847290039:1] [0:0.96774202585220337] [0:1] [-13.986119270324707:12.311240196228027] [0:0.98439997434616089] [-20.144699096679688:10.364812850952148] [-34.253673553466797:16.88249397277832] none [7.1071350248530507e-05:0.019397227093577385] [0.98572391271591187:1.0173139572143555] [0.018428988754749298:0.038969609886407852] [-1:1] [0.0080000003799796104:6.0980000495910645] [-0.39096963405609131:0.5319100022315979] [-0.21654918789863586:0.55989921092987061] [-0.25082975625991821:0.39616280794143677] [0:18.420680999755859] [0.33056366443634033:0.76311242580413818] [12.019372940063477:21.260335922241211] [-0.036423657089471817:0.039510279893875122]
tree_sizes=2998 3042 2690 3158 2938 3053 2955 3257 3261 2951 2516 3146 3379 3024 2503 2811 3171 3155 3023 3469 3075 2519 3265 3272 2752 2844 2090 2963 2714 2643 2508 2196 2849 2723

Tree=0
num_leaves=27
num_cat=0
split_feature=0 1 1 9 17 1 0 0 2 35 30 35 35 33 33 35 32 22 35 34 33 30 33 35 35 35
split_gain=449.185 166.872 60.8235 68.8432 59.2975 47.7888 39.021 38.5144 37.1337 36.1944 23.291 19.3422 19.1974 19.1831 18.0227 17.1304 16.4264 14.69 13.9659 11.5479 9.45277 8.96212 8.67762 4.0907 3.18872 6.70431
threshold=0.048949500545859344 -0.77506297826766957 -0.45222748816013331 0.45433600246906286 -0.5617450177669524 0.67260751128196727 -0.73244249820709217 2.9657330513000493 2557.029418945313 12.484073162078859 0.00091154049732722353 19.289330482482914 14.072386264801027 0.13921668380498889 0.631799876689911 19.896029472351078 -0.010033047292381523 0.96756303310394298 15.915591716766359 0.59884166717529308 0.15419598668813708 0.00091154049732722353 0.29128566384315496 14.234560966491701 15.886213779449465 14.404066085815431
decision_type=2 2 2 2 2 2 2 2 2 2 2 2 2 2 2 2 2 2 2 2 2 2 2 2 2 2
left_child=1 20 10 6 7 8 -4 13 15 -10 19 18 -5 17 -12 -6 -15 -2 -7 -3 21 -1 -13 -9 25 -22
right_child=4 2 3 12 5 11 -8 23 9 -11 14 22 -14 16 -16 -17 -18 -19 -20 -21 24 -23 -24 -25 -26 -27
leaf_value=-0.1901419477557495 -0.14344392809830001 -0.17818582128875463 -0.12713710008048013 -0.058201781601335503 -0.13463391330131905 -0.10304227849532133 -0.14764505306311621 -0.048050895099672974 -0.16697815759129317 -0.11414312063264564 -0.13532807765870863 -0.097660238406427333 -0.10910019663559033 -0.1165605219877396 -0.16972329687332988 -0.1754205200681393 -0.084161314217765099 -0.10065862331039976 -0.064365311506269521 -0.15495086337676708 -0.20319129076745712 -0.14744261856901361 -0.13102027073449207 -0.082053407067106121 -0.21011054967419462 -0.16546139826730219
leaf_weight=28.125825867056847 40.073079332709312 60.980772897601128 419.64727798104286 24.89011138677597 86.617587625980377 46.793409407138824 512.98519568145275 43.806596040725708 32.357144802808762 592.3846510052681 262.09287290275097 39.326375991106033 74.421433046460152 58.242860645055771 42.810991585254669 35.095057055354118 146.35385495424271 36.339562624692917 61.976377353072166 558.53409951925278 32.108243688941002 25.13901250064373 38.579672649502754 30.365935891866684 67.70110297203064 29.868133664131165
leaf_count=113 161 245 1686 100 348 188 2061 176 130 2380 1053 158 299 234 172 141 588 146 249 2244 129 101 155 122 272 120
internal_value=-0.132792 -0.146835 -0.142526 -0.134164 -0.109489 -0.116186 -0.138414 -0.0921121 -0.121922 -0.116996 -0.151827 -0.0936611 -0.0950243 -0.10104 -0.140399 -0.146974 -0.0930896 -0.122923 -0.0800765 -0.157393 -0.192253 -0.17143 -0.113597 -0.0601424 -0.200013 -0.186754
internal_weight=3427.62 2139.31 1956.36 1031.94 1288.31 933.13 932.632 355.182 746.454 624.742 924.419 186.676 99.3115 281.009 304.904 121.713 204.597 76.4126 108.77 619.515 182.942 53.2648 77.906 74.1725 129.677 61.9764
internal_count=13771 8595 7860 4146 5176 3749 3747 1427 2999 2510 3714 750 399 1129 1225 489 822 307 437 2489 735 214 313 298 521 249
is_linear=0
shrinkage=1


Tree=1
num_leaves=27
num_cat=0
split_feature=0 0 5 27 17 10 0 27 27 7 0 0 5 36 27 27 27 0 9 36 27 27 34 28 27 31
split_gain=406.125 115.983 68.3696 62.152 53.5568 38.4557 51.5284 37.9333 87.2434 40.7103 35.4143 34.7994 34.1387 30.0912 25.6648 30.5652 25.7329 22.7702 22.384 18.4725 18.1317 12.4402 9.94361 6.00759 3.89124 3.467
threshold=0.048949500545859344 -2.7149544954299922 -0.63778200745582569 0.020364784635603431 -0.5617450177669524 2.2455394268035893 1.4933019876480105 0.02053242921829224 0.022814480587840084 27.368124961853031 -4.1545875072479239 2.9657330513000493 -0.035245499573647969 -0.0025410122470930214 0.024340520612895492 0.020514495670795444 0.026555873453617099 -0.14918699860572812 0.28846749663352972 0.0013403304037638011 0.021079354919493202 0.025599907152354721 0.66182184219360363 -0.25948463380336756 0.025443001650273803 0.00086582353105768572
decision_type=2 2 2 2 2 2 2 2 2 2 2 2 2 2 2 2 2 2 2 2 2 2 2 2 2 2
left_child=1 3 17 25 11 12 -7 9 -9 -4 21 14 18 -14 15 -2 -16 19 -6 -3 -12 -5 -8 -19 -13 -1
right_child=4 2 7 10 5 6 22 8 -10 -11 20 24 13 -15 16 -17 -18 23 -20 -21 -22 -23 -24 -25 -26 -27
leaf_value=-0.078173031689201922 0.026702500758094175 -0.031094335910677687 -0.019709081824179655 -0.031983450625949685 -0.012866695562225906 -0.012701996375817962 0.027872359260388592 0.036800313717492254 -0.0037435857096769195 0.013053428038006111 -0.046311465360466771 0.047135774573868729 0.029589717202619999 -0.010113630255181475 -0.0060238302209369241 0.073854469972311002 0.039711356175908666 0.017838134718247172 0.0239048793521866 -0.0038391508755916226 -0.0047642599267432688 -0.064324907332923328 0.053814826233900583 -0.0084141088751821993 0.080085834943203094 -0.051229658752006607
leaf_weight=64.923032581806183 104.47163970768452 371.86845748126507 352.88105809688568 99.044848397374153 45.325178891420364 47.502328753471375 67.318545445799828 181.26230245828629 478.46869224309921 127.42463627457619 29.298899441957474 28.951241493225098 56.781187281012535 250.97936983406544 73.79332646727562 53.379868239164352 49.848271027207375 31.577596142888069 346.13330449163914 76.331313848495483 172.29051713645458 49.544657349586487 119.93909096717834 59.922839924693108 45.472091197967529 42.153594523668289
leaf_count=262 419 1496 1419 399 182 191 270 728 1923 512 118 116 228 1008 296 214 200 127 1389 307 693 200 481 241 182 170
internal_value=0 -0.01337 -0.00726481 -0.0356463 0.0221346 0.0157689 0.0332211 -0.000306041 0.00745837 -0.0109784 -0.0251498 0.0386299 0.00981711 -0.00261241 0.0301436 0.0434347 0.0126741 -0.0218903 0.0195781 -0.0265125 -0.0112475 -0.0435447 0.0449345 0.000726587 0.0689678 -0.0687915
internal_weight=3426.89 2136.99 1679.74 457.256 1289.9 933.979 234.76 1140.04 659.731 480.306 350.179 355.916 699.219 307.761 281.493 157.852 123.642 539.7 391.458 448.2 201.589 148.59 187.258 91.5004 74.4233 107.077
internal_count=13771 8595 6753 1842 5176 3749 942 4582 2651 1931 1410 1427 2807 1236 1129 633 496 2171 1571 1803 811 599 751 368 298 432
is_linear=0
shrinkage=0.05


Tree=2
num_leaves=24
num_cat=0
split_feature=0 29 29 1 0 18 18 17 10 27 35 12 3 21 23 35 1 1 22 8 33 27 29
split_gain=367.515 142.739 112.998 93.2388 76.6345 44.7026 42.415 35.3296 40.968 34.7335 43.7997 40.1985 31.2734 27.805 27.2027 24.7347 18.4397 14.5056 14.4622 8.4148 7.35122 5.45248 5.39083
threshold=0.048949500545859344 0.34049999713897711 0.35549999773502355 -0.77992299199104298 -2.7149544954299922 0.033986000344157226 1.0000000180025095e-35 -0.5617450177669524 -3.0074909925460811 0.025892129167914394 13.125813007354738 1.1792994141578677 44.847845077514656 0.58595001697540294 5.2898626327514657 14.819926738739015 0.58978450298309337 -0.51519802212715138 1.1967009902000429 0.04936449974775315 0.10337979719042779 0.020514495670795444 1.1545000076293948
decision_type=2 2 2 2 2 2 2 2 2 2 2 2 2 2 2 2 2 2 2 2 2 2 2
left_child=1 4 6 22 15 -6 -2 19 18 11 -11 -5 16 -7 -14 -1 -8 -17 -9 20 -4 -10 -3
right_child=2 3 7 9 5 13 12 8 21 10 -12 -13 14 -15 -16 17 -18 -19 -20 -21 -22 -23 -24
leaf_value=-0.015507907450987457 -0.047139500312860697 -0.035463272738182061 0.041548795339159533 0.011549318930605887 0.033842281262689795 -0.014122285971298507 0.017705537822663209 -0.00045484743634067055 0.032714287994196178 -0.0038005216248374243 0.040627215971616219 -0.019385147655962567 -0.0033628806783497891 -0.032260011181170854 0.02254843989567875 -0.063258317490615501 0.046708405531559673 -0.019820861333373178 0.02999105753213176 0.033411980075179072 0.077316163771024626 0.056363676720333183 -0.067771084267787635
leaf_weight=46.565931916236877 29.10902239382267 50.528385534882545 29.199967592954636 331.14163120090961 39.37678462266922 774.65128216147423 257.03946086764336 87.703938543796539 49.175734251737595 84.555141136050224 155.46525932848454 151.29835902154446 343.56156036257744 294.71965944766998 141.14847864210606 154.95507806539536 70.694677367806435 25.344928994774818 67.26122935116291 28.176267594099045 81.44031098484993 106.31448908150196 25.602740034461021
leaf_count=188 117 205 117 1332 158 3118 1030 352 197 340 625 609 1379 1186 566 628 283 102 270 113 326 426 104
internal_value=0 -0.0127343 0.0210412 0.00397303 -0.0227224 -0.0172316 0.0101726 0.0412422 0.0314464 0.00957163 0.0250327 0.00178732 0.012349 -0.0191813 0.00422365 -0.0491286 0.0242374 -0.0574916 0.01291 0.0623212 0.0688706 0.0494582 -0.047913
internal_weight=3425.03 2134.21 1290.83 798.592 1335.61 1108.75 841.553 449.272 310.455 722.46 240.02 482.44 812.444 1069.37 484.71 226.866 327.734 180.3 154.965 138.817 110.64 155.49 76.1311
internal_count=13771 8595 5176 3215 5380 4462 3375 1801 1245 2906 965 1941 3258 4304 1945 918 1313 730 622 556 443 623 309
is_linear=0
shrinkage=0.05


Tree=3
num_leaves=28
num_cat=0
split_feature=1 29 29 8 20 1 3 18 18 10 16 25 35 35 35 10 9 15 25 30 35 35 25 4 9 25 29
split_gain=335.055 170.864 77.6556 67.0984 63.2694 57.9644 39.4378 39.3103 37.3874 36.161 43.9125 35.8133 28.1167 26.0208 22.6596 37.4728 20.7588 18.4995 16.8426 15.6032 13.7195 12.6188 9.63819 9.50907 6.68857 6.06627 2.17978
threshold=-0.45222748816013331 0.34250000119209295 0.30550000071525579 -4.1900434494018546 -0.14918699860572812 -0.77992299199104298 42.422584533691413 0.050115000456571586 1.0000000180025095e-35 -3.609885454177856 0.60785751044750225 0.00086586838006041955 15.663753986358644 20.695599555969242 14.019878387451174 4.7818539142608651 0.36931550502777105 -1.0000000180025095e-35 0.0018380786641500892 0.0094559523276984709 15.886213779449465 20.167727470397953 0.0017570542404428127 -3915.2839355468745 0.37418049573898321 0.0034705591388046746 0.22850000113248828
decision_type=2 2 2 2 2 2 2 2 2 2 2 2 2 2 2 2 2 2 2 2 2 2 2 2 2 2 2
left_child=2 4 6 14 7 25 20 -2 -6 10 -5 -10 22 -14 23 -16 19 -18 -9 -7 24 -11 -8 -3 -1 -4 -22
right_child=1 3 5 9 8 16 12 18 11 21 -12 -13 13 -15 15 -17 17 -19 -20 -21 26 -23 -24 -25 -26 -27 -28
leaf_value=-0.048611282706109558 0.032184219443656507 0.08465310069518539 -0.027843902756257824 0.024195723441165079 -0.04779035051192633 0.0024748385965438469 -0.049604238627784542 -0.024631808093014174 -0.0054834115471868415 0.046227000913618137 -0.0083315735657670635 0.015521446818765256 -0.0020640109438875443 -0.036913133728292642 -0.0065501463421554183 0.052356476336093027 0.0087141160391029007 -0.017132237254745494 -0.0022594264190841018 0.038947050720710752 -0.071278694908120555 0.012655713538204478 -0.015066048607329532 0.044642994738549005 -0.023478449009948554 -0.059469305911805097 -0.043568475879150706
leaf_weight=77.720279589295387 39.436491191387177 57.167052581906319 34.335883140563965 275.92107647657394 27.510278806090355 77.716100916266441 105.64756935834885 322.47227062284946 285.97754874825478 135.3240502923727 163.69829875230789 684.79853437840939 159.72483566403389 79.306736946105957 34.884020820260048 107.67907935380936 106.9427178055048 187.52639427781105 115.5263347774744 46.032377421855927 75.283686086535454 38.628589987754822 28.728648260235786 32.925225913524628 52.704445883631706 44.261333957314491 24.527516096830368
leaf_count=315 158 229 140 1107 111 313 427 1299 1148 542 658 2747 645 320 140 431 430 756 465 185 308 155 116 132 213 181 100
internal_value=0 0.010771 -0.0226988 0.0286537 0.000484815 -0.00798399 -0.0347266 -0.0144426 0.00764851 0.0198453 0.0120782 0.00932487 -0.024421 -0.0138782 0.051474 0.0379821 -0.000475153 -0.00771639 -0.0187907 0.0165251 -0.0510435 0.0390575 -0.0426228 0.0714266 -0.0390386 -0.0468113 -0.0655571
internal_weight=3422.41 2321.95 1100.46 846.227 1475.72 496.815 603.644 477.435 998.286 613.572 439.619 970.776 373.408 239.032 232.655 142.563 418.218 294.469 437.999 123.748 230.236 173.953 134.376 90.0923 130.425 78.5972 99.8112
internal_count=13771 9322 4449 3394 5928 2005 2444 1922 4006 2462 1765 3895 1508 965 932 571 1684 1186 1764 498 936 697 543 361 528 321 408
is_linear=0
shrinkage=0.05


Tree=4
num_leaves=26
num_cat=0
split_feature=0 29 29 0 0 18 26 8 18 1 10 3 23 23 0 30 27 3 27 27 6 0 10 29 29
split_gain=304.783 119.424 93.8568 78.9577 68.2057 35.1567 34.5719 31.8816 28.58 28.2535 28.0394 27.8684 25.6491 24.1751 22.4986 20.392 19.2609 17.7022 15.6363 15.2724 13.9119 8.66203 8.26421 5.05816 4.18258
threshold=0.048949500545859344 0.25550000369548803 0.35549999773502355 -3.5131604671478267 -1.2172889709472654 1.0000000180025095e-35 1.0019854307174685 -0.42512850463390345 0.11808750033378602 -0.77992299199104298 -7.1170039176940909 44.847845077514656 1.0000000180025095e-35 5.2898626327514657 -0.87630999088287342 -0.0018161841435357926 0.022868443280458454 43.677684783935554 0.019869999028742317 0.020286158658564094 0.059656500816345222 -1.8704065084457395 -9.0355954170227033 1.1060000061988833 0.53249999880790722
decision_type=2 2 2 2 2 2 2 2 2 2 2 2 2 2 2 2 2 2 2 2 2 2 2 2 2
left_child=1 4 5 10 9 -2 7 -5 24 -1 16 17 22 -13 19 -16 -3 -7 -11 -6 -14 -8 -10 -12 -4
right_child=2 3 8 6 14 11 21 -9 12 18 23 13 20 -15 15 -17 -18 -19 -20 -21 -22 -23 -24 -25 -26
leaf_value=-0.072855777434425825 -0.043150950128793143 -0.042409402030873067 0.015603172217096315 0.014873855512084679 -0.0052761207831429312 0.016390661571613577 0.010997193868375088 -0.0055925437964544087 0.034252305902317252 -0.014598311010720098 -0.03585663330633411 -0.0036078195850897804 0.017798906152089317 0.020806147230299197 -0.037721831461257953 -0.0096438533778044379 -0.0015933634549716873 0.045707983324328426 -0.038057565325867848 0.045888291190360406 0.043956704144986952 0.0436480220964445 0.06247651112393196 -0.064513285109568871 -0.011792455353925748
leaf_weight=50.525134667754173 28.863197922706604 35.749445095658302 26.665837153792381 324.61125302314758 30.337912678718567 263.49233305454254 32.094445407390594 453.29587487876415 44.95293240249157 95.3954758644104 77.698152512311935 343.63446879386902 119.29443323612213 141.3416612893343 78.422317698597908 353.99823841452599 126.53069888055325 64.486823618412018 348.09527818858624 24.94892980158329 96.20955403149128 69.021605774760246 137.36353927850723 26.82024846971035 24.929648727178574
leaf_count=210 117 145 107 1305 122 1055 129 1825 180 386 318 1379 478 566 316 1429 510 258 1412 100 385 277 551 111 100
internal_value=-1.26719e-06 -0.0116313 0.0191419 -0.000650033 -0.0244105 0.00923682 0.0065794 0.00295126 0.0375503 -0.0374834 -0.0243778 0.0112104 0.0420716 0.00354309 -0.0110491 -0.0149092 -0.0110526 0.0224274 -0.0331221 0.0184339 0.0298196 0.0337959 0.0560188 -0.0443773 0.00223361
internal_weight=3418.78 2127.55 1291.23 1145.82 981.723 841.818 879.023 777.907 449.416 494.016 266.799 812.955 397.82 484.976 487.707 432.421 162.28 327.979 443.491 55.2868 215.504 101.116 182.316 104.518 51.5955
internal_count=13771 8595 5176 4620 3975 3375 3536 3130 1801 2008 1084 3258 1594 1945 1967 1745 655 1313 1798 222 863 406 731 429 207
is_linear=0
shrinkage=0.05


Tree=5
num_leaves=27
num_cat=0
split_feature=1 29 29 8 0 1 3 18 18 25 10 16 35 35 35 10 27 27 2 10 27 35 25 2 32 10
split_gain=278.646 140.973 66.5126 57.3405 52.9714 49.0374 34.4337 33.0645 31.3275 31.6789 30.5484 38.3943 24.3963 23.9617 21.312 32.3811 20.488 19.4006 32.0354 25.1458 12.3869 12.2018 8.38303 8.16862 6.52575 5.94523
threshold=-0.45222748816013331 0.34250000119209295 0.30550000071525579 -4.1900434494018546 -0.14918699860572812 -0.77992299199104298 42.422584533691413 0.050115000456571586 1.0000000180025095e-35 0.00086586838006041955 -3.609885454177856 0.60785751044750225 15.663753986358644 20.695599555969242 14.019878387451174 4.7818539142608651 0.02053813170641661 0.026096746325492862 3643.4895019531255 -0.31705500185489649 0.020364784635603431 13.680473327636721 0.0017570542404428127 3557.917114257813 0.0089226532727479952 -14.176932811737059
decision_type=2 2 2 2 2 2 2 2 2 2 2 2 2 2 2 2 2 2 2 2 2 2 2 2 2 2
left_child=2 4 6 14 7 24 20 -2 -6 -10 11 -5 22 -14 23 -16 -9 19 -19 -7 -1 -12 -8 -3 -4 -22
right_child=1 3 5 10 8 17 12 16 9 -11 21 -13 13 -15 15 -17 -18 18 -20 -21 25 -23 -24 -25 -26 -27
leaf_value=-0.069038465586574879 0.029490167704288167 0.041640420091752769 -0.052988895988972974 0.022099166527649393 -0.043995705427855421 -0.013913116031754975 -0.045958262135067068 -0.031648079152746027 -0.0054027639524527431 0.014353019492072423 0.0067860845907638818 -0.0083063195323171742 -0.0012107901638707119 -0.034705683788081011 -0.0071365275867587355 0.047565741174732418 -0.008979341456613903 -0.017957658653171341 0.040714998232146846 0.018803252428744557 -0.017192037503990214 0.041800431990901207 -0.013678777759528022 0.078867649754104208 -0.018777583791955522 -0.044093045923373347
leaf_weight=54.156697541475296 39.486703291535378 32.96734057366848 53.261432826519012 276.25854024291039 27.226048737764359 247.11855730414391 104.5692590624094 156.50628733634949 285.8182185292244 685.16951486468315 31.984040215611458 163.66867862641811 159.4353901296854 78.903142333030701 34.902678698301315 107.44870066642761 280.16552148759365 35.203204557299614 60.812937140464783 74.774907276034355 29.594551265239716 142.00677865743637 28.633657440543175 56.749633431434631 24.180735871195793 143.33435194194317
leaf_count=228 158 132 221 1107 111 997 427 633 1148 2747 128 658 645 320 140 431 1131 142 244 301 120 569 116 229 100 588
internal_value=-3.02208e-06 0.00980081 -0.0207863 0.0260446 0.000450762 -0.00716375 -0.0319806 -0.0132312 0.00700063 0.00852831 0.0179137 0.0107782 -0.0223537 -0.0125376 0.0471749 0.0341711 -0.017234 -0.000293042 0.0191738 -0.00621315 -0.0473551 0.035571 -0.0393983 0.0665035 -0.0431742 -0.0397956
internal_weight=3414.34 2320.36 1093.98 845.986 1474.37 495.352 598.627 476.159 998.214 970.988 613.918 439.927 371.541 238.339 232.068 142.351 436.672 417.91 96.0161 321.893 227.086 173.991 133.203 89.717 77.4422 172.929
internal_count=13771 9322 4449 3394 5928 2005 2444 1922 4006 3895 2462 1765 1508 965 932 571 1764 1684 386 1298 936 697 543 361 321 708
is_linear=0
shrinkage=0.05


Tree=6
num_leaves=26
num_cat=0
split_feature=29 22 8 21 27 25 35 29 2 8 33 35 10 30 29 17 31 23 16 35 36 34 18 36 33
split_gain=170.877 84.7207 64.6743 45.4613 92.7174 54.5616 66.0589 46.9671 45.6019 33.9263 30.8504 29.6335 43.5931 25.1216 18.1006 17.6799 14.7695 22.8973 11.7795 10.3321 9.67512 9.06299 7.59581 5.43744 3.38265
threshold=0.34250000119209295 -12.592710971832274 -3.3788095712661739 1.0000000180025095e-35 0.02053242921829224 0.00087912584422156226 17.166409492492679 0.25450000166893011 2898.5922851562505 -2.9440950155258174 0.053669212386012084 14.019878387451174 -3.334458470344543 -0.0047870022244751445 0.17349999397993091 -0.5617450177669524 0.0026001603109762077 -4.0547350645065299 -1.0000000180025095e-35 14.500601768493654 -0.0020100091351196166 0.71501326560974132 0.22004599869251254 0.00020419414067873734 0.34288491308689123
decision_type=2 2 2 2 2 2 2 2 2 2 2 2 2 2 2 2 2 2 2 2 2 2 2 2 2
left_child=3 19 11 4 8 16 13 -8 21 20 -11 18 -13 -7 -10 -6 17 -5 -3 -2 -4 -1 -17 -18 -21
right_child=1 2 9 5 15 6 7 -9 14 10 -12 12 -14 -15 -16 22 23 -19 -20 24 -22 -23 -24 -25 -26
leaf_value=-0.0026491952463937206 -0.057735911143522126 0.077115635796911414 -0.0046729038665073216 -0.049104509645298638 0.060575196343950699 -0.029652200563691257 -0.0024053601143713336 0.033220451295804719 -0.069755950071414261 -0.0081957421678476496 0.017724138829065705 -0.0011425590794773074 0.042225543968547975 -0.010535301497474316 -0.02175422547867259 0.041730600320279268 -0.070515134510537078 -0.01656765129932097 0.040645585057397855 -0.0092049464937405592 -0.048260502753046081 0.024446299342256259 0.012135000756109965 -0.032972510329935464 -0.03346360938633007
leaf_weight=151.25403614342213 25.878872185945511 47.402949124574661 24.996020540595055 73.263175278902054 52.865557432174683 227.73446343839169 308.00704850256443 129.81819359958172 31.903964087367058 138.3533028960228 632.06522165238857 92.362656906247139 151.08047626912594 714.32169044017792 55.834624603390694 35.473156496882439 27.535859078168869 212.84911431372166 62.082739174365997 38.693683058023453 26.326703727245331 36.557528659701347 60.839168027043343 26.16433709859848 25.158317938446999
leaf_count=608 109 193 103 301 212 924 1247 523 129 556 2538 372 607 2894 225 142 112 863 249 157 108 147 244 106 102
internal_value=-7.79424e-06 0.0145548 0.0181489 -0.00860448 0.00600678 -0.0122217 -0.0077687 0.00823823 -0.0111568 0.0103974 0.0130473 0.0360087 0.0258556 -0.0152203 -0.0404859 0.0375043 -0.0301238 -0.0252169 0.0576255 -0.0317561 -0.0281908 0.00277427 0.0237644 -0.0542435 -0.019641
internal_weight=3408.82 1264.4 1174.67 2144.42 424.728 1719.69 1379.88 437.825 275.55 821.741 770.419 352.929 243.443 942.056 87.7386 149.178 339.812 286.112 109.486 89.7309 51.3227 187.812 96.3123 53.7002 63.852
internal_count=13771 5094 4726 8677 1707 6970 5588 1770 1109 3305 3094 1421 979 3818 354 598 1382 1164 442 368 211 755 386 218 259
is_linear=0
shrinkage=0.05


Tree=7
num_leaves=29
num_cat=0
split_feature=0 1 29 29 2 29 5 1 23 27 27 4 33 1 35 2 27 27 29 29 33 19 36 23 33 35 27 29
split_gain=244.727 95.7409 96.168 74.8011 42.3723 40.2425 38.3861 31.8083 30.3602 30.1096 54.6344 23.4752 22.2718 21.1961 27.4645 20.6786 20.1338 18.7852 18.303 11.5881 9.09086 8.27331 7.69324 6.95474 5.45797 3.38855 6.66722 1.79108
threshold=0.048949500545859344 -0.77506297826766957 0.34049999713897711 0.27449999749660497 2910.2458496093755 0.25749999284744268 -1.3247449994087217 0.64707750082016002 1.0000000180025095e-35 0.020559453405439857 0.021579722873866562 593.43701171875011 0.027682827785611156 0.69822099804878246 20.315958976745609 2535.1237792968755 0.026967360638082031 0.020921180024743084 0.37450000643730169 0.10150000080466272 0.15419598668813708 1.0000000180025095e-35 0.0010169279412366452 -2.8781729936599727 0.40755337476730352 15.886213779449465 0.025721549987792972 0.23949999362230304
decision_type=2 2 2 2 2 2 2 2 2 2 2 2 2 2 2 2 2 2 2 2 2 2 2 2 2 2 2 2
left_child=1 20 4 6 5 -3 17 8 12 11 -11 -4 -5 15 -15 -8 -6 19 -10 -2 21 -1 -9 -24 -19 26 -22 -27
right_child=3 2 9 7 16 -7 13 22 18 10 -12 -13 -14 14 -16 -17 -18 24 -20 -21 25 -23 23 -25 -26 27 -28 -29
leaf_value=-0.044168174220330619 -0.01101513428777335 -0.010954114914346317 -0.02039585839440387 -0.0063574133397529308 -0.025741652972404779 0.026675690621676497 -0.029253134336594544 0.062740066412719328 -0.0095151775636713783 0.052833645412149549 0.0067693107549803141 0.022652295324968624 0.040195930321614039 0.050726067202771577 -0.0053170770862862073 -0.00095271535113541851 0.014059617551017409 0.030408256274428443 0.01989236675679416 0.023373212370332366 -0.021588018135743986 -0.0036995736008936979 0.056658893986133357 0.021460731406477196 0.063156137403227883 -0.072223556164480604 -0.057804823525203858 -0.043341575719073488
leaf_weight=26.90933233499527 35.130753561854362 456.98272478580475 135.46935573220253 27.926686093211174 661.19892936944962 82.012815594673157 78.894349426031113 71.769529685378075 77.826155155897141 73.115767776966095 462.4318550080061 39.158853769302368 229.28190992772579 38.451502457261086 46.213835746049881 324.22795911133289 31.832620695233345 38.4549570530653 154.92396181821823 70.309595912694931 29.627323031425476 24.166979655623436 24.900829538702965 41.606745183467865 28.451213046908379 39.347472980618477 29.634394109249115 24.285482421517372
leaf_count=114 141 1850 545 112 2697 330 318 291 312 293 1859 157 922 154 185 1301 129 154 621 282 123 100 102 167 114 170 126 102
internal_value=-1.25756e-05 -0.0104724 -0.00725837 0.0171497 -0.0156989 -0.00513248 0.00535062 0.0294757 0.0232913 0.00737326 0.01325 -0.0105389 0.0350927 -0.00182044 0.0206033 -0.0066331 -0.0238639 0.0254921 0.0100193 0.0118308 -0.0458063 -0.0260696 0.0506733 0.0360545 0.045908 -0.0533802 -0.0411577 -0.0630097
internal_weight=3404.54 2116.17 1942.2 1288.37 1232.03 538.996 660.134 628.236 489.959 710.176 535.548 174.628 257.209 487.788 84.6653 403.122 693.032 172.347 232.75 105.44 173.971 51.0763 138.277 66.5076 66.9062 122.895 59.2617 63.633
internal_count=13771 8595 7860 5176 5006 2180 2649 2527 1967 2854 2152 702 1034 1958 339 1619 2826 691 933 423 735 214 560 269 268 521 249 272
is_linear=0
shrinkage=0.05


Tree=8
num_leaves=29
num_cat=0
split_feature=20 29 29 20 20 26 12 12 23 10 10 18 33 36 10 3 2 20 9 28 35 9 35 25 28 33 29 4
split_gain=221.82 84.3407 67.7845 55.2615 54.8776 29.4457 28.9159 34.7096 27.7855 22.801 22.7077 22.2933 20.8721 19.5839 19.3562 18.7594 17.9579 17.8179 21.0314 17.6338 17.512 15.2588 8.24115 5.67769 4.82479 4.48932 3.94192 3.33749
threshold=0.048949500545859344 0.25249999761581426 0.27449999749660497 -3.5131604671478267 -1.2172889709472654 1.0019854307174685 -1.4480097889900205 -1.1374243497848509 1.0000000180025095e-35 -0.31705500185489649 -7.1170039176940909 0.11808750033378602 0.066761117428541197 -0.0033207365777343507 5.2584295272827157 36.975145339965827 2461.5639648437505 -0.87630999088287342 0.44116349518299108 -0.64994037151336659 14.312402725219728 0.33598299324512487 14.072386264801027 0.0026562821585685019 0.12290238216519357 0.30818015336990362 0.15949999541044238 -431.68226623535151
decision_type=2 2 2 2 2 2 2 2 2 2 2 2 2 2 2 2 2 2 2 2 2 2 2 2 2 2 2 2
left_child=1 4 6 10 14 9 20 -8 11 -5 19 24 -13 27 15 -1 -9 25 -19 -3 26 -15 -7 -12 -4 -6 -2 -10
right_child=2 3 8 5 17 22 7 16 13 -11 23 12 -14 21 -16 -17 -18 18 -20 -21 -22 -23 -24 -25 -26 -27 -28 -29
leaf_value=-0.044135522290352842 0.063886870087010203 -0.046338996386296731 0.02415836466461406 -0.0035814392116336651 0.0026661998232921048 0.044841413999428592 -0.049108384676400711 -0.021639492733099539 0.027043548072021212 0.015174930582056483 -0.023811126826109166 0.01329264368332176 0.051678834744892238 0.02952766548288796 -0.060584751783427662 -0.021215969089678093 0.0071548723164360385 -0.018901102420345969 0.006493636734057992 -0.0017750235493234204 0.0025873379569578644 0.0033969133754371758 0.015322094059064387 -0.049917539411397871 -0.0038593705345441941 0.031558463095534901 0.031686991965560816 0.057320042508117945
leaf_weight=138.16701802611351 24.931696370244026 24.568102672696114 27.895934864878654 566.01879087090492 27.911610320210457 48.604228973388672 30.717249155044556 58.924917936325073 25.194237843155861 224.53592024743557 45.673112288117409 45.464750960469246 208.98341917991638 79.615477010607719 56.492625951766968 279.40210948884487 480.16695722937584 316.65584298968315 107.73078486323357 139.47901090979576 34.63785146176815 182.5405907034874 53.041006833314896 56.882620468735695 29.598019808530807 26.354467272758484 30.414259374141693 27.864328861236572
leaf_count=581 100 100 112 2281 112 195 124 238 101 904 191 183 848 320 238 1144 1926 1288 435 565 139 732 213 242 119 106 122 112
internal_value=-9.14593e-06 -0.00998193 0.0163357 -0.000905273 -0.0209865 0.00506134 0.00510319 0.000882755 0.028083 0.00175804 -0.0207991 0.0386842 0.0450161 0.0173827 -0.0330216 -0.0289978 0.0039207 -0.00895828 -0.012431 -0.00898701 0.0311195 0.011534 0.0301269 -0.0390646 0.00992182 0.0174985 0.0480887 0.0446298
internal_weight=3398.47 2111.52 1286.95 1158.8 952.714 892.2 659.793 569.809 627.157 790.555 266.603 311.942 254.448 315.215 474.062 417.569 539.092 478.653 424.387 164.047 89.9838 262.156 101.645 102.556 57.494 54.2661 55.346 53.0586
internal_count=13771 8595 5176 4691 3904 3593 2649 2288 2527 3185 1098 1262 1031 1265 1963 1725 2164 1941 1723 665 361 1052 408 433 231 218 222 213
is_linear=0
shrinkage=0.05


Tree=9
num_leaves=26
num_cat=0
split_feature=1 25 10 1 25 1 13 17 35 27 35 18 27 35 27 33 0 33 28 21 13 32 32 34 27
split_gain=209.928 83.8863 51.7402 49.848 33.6842 31.3811 27.2524 30.3974 24.3318 38.2879 21.1469 21.0885 20.3751 36.3456 20.2556 16.8689 15.7115 14.8501 12.7327 11.1224 8.73009 5.58898 6.48654 4.50613 4.09282
threshold=-0.45222748816013331 0.0016834288835525515 4.5234875679016122 -0.77992299199104298 0.0022759651765227322 0.69034299254417431 -0.032884499058127396 1.0000000180025095e-35 12.923820495605471 0.026859732344746593 19.289330482482914 0.20391699671745303 0.019869999028742317 20.687072753906254 0.027419044636189941 0.10755496472120286 1.8121165037155154 0.011790698859840633 -0.5735073685646056 0.19529999792575839 0.053404500707983978 0.020534548908472065 -0.016371052712202069 0.67551973462104808 0.020701016299426559
decision_type=2 2 2 2 2 2 2 2 2 2 2 2 2 2 2 2 2 2 2 2 2 2 2 2 2
left_child=3 5 8 21 12 6 11 -8 14 -10 -7 -2 13 -5 -3 16 -4 -6 -19 -14 -17 22 -1 -12 -24
right_child=1 2 15 4 17 10 7 -9 9 -11 23 -13 19 -15 -16 20 -18 18 -20 -21 -22 -23 24 -25 -26
leaf_value=-0.026705323221138996 -0.043658627471550901 -0.027217652694831864 -0.01379735773180301 0.016127380770254586 -0.032647771763905223 0.054314939987745718 0.0075338020865798414 -0.014675761978793365 0.012561350124192648 0.059075661815886096 -0.0063925549102099456 -0.010098180444102758 -0.013313015248387681 -0.028442175770398523 0.018903817987930106 0.058175216132982571 0.039062692995636923 -0.01688789166286191 0.0075176770200209957 -0.031830195061673471 0.034032427588327162 -0.021905607295176745 -0.070439751541165121 0.018431808284504185 -0.040543649115201738
leaf_weight=26.310846760869026 59.688003927469254 64.373212307691574 26.371294066309929 87.273925617337227 32.190924882888794 35.780427798628807 501.63844360411167 219.90175510942936 837.99478380382061 45.089709281921387 30.971345081925392 208.12141479551792 117.42656517028809 91.71269653737545 35.136460363864899 84.169038027524948 25.95374821126461 66.625823199748993 238.40885984897614 316.61921817064285 97.223540991544724 24.2492855489254 46.844604149460793 38.710953697562218 33.223029926419258
leaf_count=114 244 259 106 354 130 144 2019 890 3372 183 124 843 481 375 141 344 106 270 961 1310 392 104 207 155 143
internal_value=-6.34256e-06 0.00849646 0.0175235 -0.0181782 -0.0141192 -0.00153689 -0.00432473 0.000729379 0.0124303 0.0150758 0.0241167 -0.0178832 -0.0210839 -0.00671673 -0.0107822 0.0386064 0.0127105 -0.00137928 0.00207915 -0.0269275 0.0458019 -0.0469715 -0.0520834 0.00738823 -0.059447
internal_weight=3392.01 2311.12 1216.31 1080.89 950.258 1094.81 989.35 721.54 982.594 883.084 105.463 267.809 613.032 178.987 99.5097 233.718 52.325 337.226 305.035 434.046 181.393 130.628 106.378 69.6823 80.0676
internal_count=13771 9322 4903 4449 3881 4419 3996 2909 3955 3555 423 1087 2520 729 400 948 212 1361 1231 1791 736 568 464 279 350
is_linear=0
shrinkage=0.05


Tree=10
num_leaves=22
num_cat=0
split_feature=1 0 27 35 1 18 3 27 35 0 3 27 2 18 27 30 12 34 32 32 27
split_gain=190.598 55.8616 53.2001 88.4756 46.4645 38.4588 42.2738 34.0224 31.9276 40.8277 26.0798 19.6274 17.8156 16.3729 15.1441 13.3507 14.6195 9.45985 5.26183 6.14025 3.98295
threshold=-0.45222748816013331 0.048949500545859344 0.02053242921829224 15.717701911926271 -0.77992299199104298 0.47407850623130804 43.575626373291023 0.026886996813118461 12.484073162078859 2.7174900770187382 44.847845077514656 0.020726042799651626 2573.2421875000005 0.37212000787258154 0.026927873492240909 0.00091154049732722353 -0.74993824958801258 0.59884166717529308 0.020534548908472065 -0.016371052712202069 0.020701016299426559
decision_type=2 2 2 2 2 2 2 2 2 2 2 2 2 2 2 2 2 2 2 2 2
left_child=4 2 5 7 18 6 -2 -4 -3 10 -10 -5 -7 -11 15 17 -17 -6 19 -1 -21
right_child=1 8 3 11 14 12 -8 -9 9 13 -12 -13 -14 -15 -16 16 -18 -19 -20 20 -22
leaf_value=-0.025646869588828093 -0.07243849281844271 -0.032782127468500781 -0.0058828737296118599 0.021046568581991366 -0.037642168761498229 0.017648546582339025 -0.017005862485299852 0.031975564881553682 0.021542732975427456 0.010262158255103652 0.005542060126777033 0.063443568134081751 -0.011380865368288293 0.044707438275932994 0.020862444645845218 -0.02045725879775874 0.002017326064717708 -0.016682880350856088 -0.021006749961305287 -0.068558178161062674 -0.039043263240575554
leaf_weight=26.114489182829857 45.717497900128365 32.076500818133354 434.99180972576141 49.625959530472755 60.740456387400627 80.714451268315315 132.9661450535059 66.657141521573067 440.99840719997883 47.140543296933174 608.98370169103146 70.729554370045662 144.24908056855202 154.2540357708931 29.19360288977623 110.73910655081272 199.28082926571369 547.94272799789906 24.111688449978828 45.804991900920868 32.860930681228638
leaf_count=114 187 130 1760 200 251 325 537 268 1777 191 2447 284 585 631 118 455 807 2250 104 207 143
internal_value=-9.61898e-06 0.00808761 -0.000604383 0.00855019 -0.0173657 -0.0147085 -0.0318889 -0.000725539 0.0150316 0.0163155 0.0123001 0.0466736 -0.000857632 0.0368742 -0.0134602 -0.0146047 -0.00605822 -0.0189072 -0.0453662 -0.0503796 -0.0576267
internal_weight=3385.89 2309.1 1025.65 622.004 1076.79 403.647 178.684 501.649 1283.45 1251.38 1049.98 120.356 224.964 201.395 947.897 918.703 310.02 608.683 128.892 104.78 78.6659
internal_count=13771 9322 4146 2512 4449 1634 724 2028 5176 5046 4224 484 910 822 3881 3763 1262 2501 568 464 350
is_linear=0
shrinkage=0.05


Tree=11
num_leaves=28
num_cat=0
split_feature=1 29 29 35 8 12 1 35 3 5 25 35 35 35 10 35 35 34 32 35 2 36 0 35 25 5 34
split_gain=172.888 88.6816 47.0923 43.2155 35.9123 48.0336 30.2015 26.7121 25.9117 25.5928 37.4129 24.7304 22.6658 19.0596 24.5518 18.7061 19.8516 13.4464 12.0201 10.2964 8.35449 8.32377 7.35346 5.6516 5.51601 2.15491 1.71539
threshold=-0.45222748816013331 0.34250000119209295 0.30550000071525579 13.232251167297365 -4.1900434494018546 1.0796366333961489 -0.78614801168441761 12.923820495605471 42.422584533691413 -1.3247449994087217 0.00086586838006041955 14.312402725219728 13.416818141937258 14.019878387451174 4.7818539142608651 15.663753986358644 20.695599555969242 0.59884166717529308 -0.035140305757522576 15.886213779449465 3557.917114257813 -0.0016905110678635535 -0.73244249820709217 13.951117515563967 0.0034705591388046746 1.1867579817771914 0.69289687275886547
decision_type=2 2 2 2 2 2 2 2 2 2 2 2 2 2 2 2 2 2 2 2 2 2 2 2 2 2 2
left_child=2 3 8 22 13 7 24 -6 19 11 -11 -5 -7 20 -15 21 -17 -8 -19 23 -3 -10 26 -1 -4 -21 -2
right_child=1 4 6 9 5 12 17 -9 15 10 -12 -13 -14 14 -16 16 -18 18 -20 25 -22 -23 -24 -25 -26 -27 -28
leaf_value=-0.03726272565048485 -0.028693673594276999 0.03230552412446755 -0.016993308693223023 0.041793465405283857 -0.018209728479205208 0.025449884718800386 -0.028361080821771009 0.026118841373925918 -0.005817408590301958 -0.019180566080866542 0.0037269220426347847 0.0066275131346736696 -0.01906058010032901 -0.010175607465512753 0.037399670624772341 0.00091147693220906345 -0.029631681305623842 -0.022242441269661586 0.005854428971801902 -0.065076992097814243 0.068563603986803612 -0.03904731445683244 -0.050563559877297076 -0.01366483930743005 -0.04775323966460357 -0.042392614976922795 -0.008620428561765767
leaf_weight=82.367834240198135 24.668683037161827 32.583791092038155 29.843884840607643 70.137744471430779 35.328263774514198 34.853485569357872 36.120740443468094 416.54116457700729 24.706370785832405 218.711531072855 923.62350249290466 169.14545817673206 125.56851483881474 34.952426224946976 104.91244491934776 158.4237304776907 77.560412019491196 40.697550892829895 344.62008236348629 37.508973985910416 54.147911623120308 105.03665289282799 36.576260939240456 43.366453185677528 38.730001583695412 54.016181334853172 24.90727362036705
leaf_count=346 100 132 129 282 142 140 147 1675 103 888 3727 680 505 140 431 645 320 164 1393 172 229 440 150 182 172 236 101
internal_value=-1.40979e-05 0.00769523 -0.0165799 0.000270642 0.0206423 0.0142415 -0.00509683 0.0225661 -0.0261641 0.00243962 -0.000676066 0.0172376 -0.00913431 0.0376184 0.0254642 -0.0178288 -0.00924972 -3.73258e-06 0.00276147 -0.0398592 0.0560899 -0.0329798 -0.0336659 -0.0295434 -0.0353689 -0.0529889 -0.019528
internal_weight=3379.66 2306.66 1073 1467.77 838.888 612.291 490.012 451.869 582.987 1381.62 1142.34 239.283 160.422 226.597 139.865 365.727 235.984 421.438 385.318 217.259 86.7317 129.743 86.1522 125.734 68.5739 91.5252 49.576
internal_count=13771 9322 4449 5928 3394 2462 2005 1817 2444 5577 4615 962 645 932 571 1508 965 1704 1557 936 361 543 351 528 301 408 201
is_linear=0
shrinkage=0.05


Tree=12
num_leaves=30
num_cat=0
split_feature=0 29 29 0 0 5 26 1 23 27 10 5 30 1 15 27 27 18 30 17 27 10 27 29 36 18 34 2 4
split_gain=159.266 65.936 52.7795 42.9737 40.3482 29.4075 24.6801 23.7446 22.415 21.0758 20.0815 18.0557 17.6533 16.8204 16.5845 16.2009 15.1783 15.1768 15.2867 14.3023 14.271 13.3974 13.1278 10.2535 7.29678 6.9684 6.70426 0.79991 0.221987
threshold=0.048949500545859344 0.25249999761581426 0.27449999749660497 -1.425040006637573 -3.5131604671478267 -1.3247449994087217 1.0019854307174685 0.64707750082016002 1.0000000180025095e-35 0.020255189388990406 -1.2148234844207761 -0.92935699224472035 -0.042336273938417428 0.69822099804878246 -1.0000000180025095e-35 0.020509299822151664 0.020767454989254478 0.050115000456571586 -0.00091081977006979276 1.0000000180025095e-35 0.020921180024743084 -1.8586509823799131 0.018940256908535961 0.10150000080466272 0.0010169279412366452 0.69412398338317882 0.70054981112480175 3100.1816406250005 23.180040359497074
decision_type=2 2 2 2 2 2 2 2 2 2 2 2 2 2 2 2 2 2 2 2 2 2 2 2 2 2 2 2 2
left_child=1 3 5 11 9 20 10 8 19 -3 -6 22 -11 16 -10 -15 -7 -5 -19 -4 23 -13 -1 -2 28 -8 -26 -22 -9
right_child=2 4 7 17 6 13 25 24 14 12 -12 21 -14 15 -16 -17 -18 18 -20 -21 27 -23 -24 -25 26 -27 -28 -29 -30
leaf_value=-0.031446153085121706 -0.011724741048264271 -0.052360603430067459 0.041818876273962198 0.024879282562817549 -0.0037469887746812789 0.00037092635990812093 0.0369821962305674 0.061465878816568148 0.017942192498129558 -0.046866452695069304 0.013481668394420138 -0.026630700370444956 -0.0060771557087418646 0.0026011074404466918 -0.0093317000917253218 0.049367156383121225 -0.019978248869487219 -0.028081703569710237 -0.0068691839816364293 0.017519265300395156 0.045768987863290936 -0.048057647346260002 0.013615676419370738 0.020602112486778096 0.013829139772372854 0.0085631080422735473 0.047413128778067332 0.027339181322068931 0.041106970113682521
leaf_weight=26.405146062374115 35.119844228029251 35.845113664865494 119.34154522418976 28.706226319074631 546.21644461154938 264.92561626434326 66.170163333415985 40.84221850335598 144.36058758199215 28.997289881110191 242.4130076020956 191.22502972185612 197.49761193990707 58.856490537524223 87.890020161867142 25.531655579805374 137.29091127216816 106.15987120568752 417.60525245964527 135.2268130928278 39.591164276003838 134.62458898127079 35.372920826077461 70.265129268169403 37.896113321185112 35.240197837352753 27.024264171719551 26.912801519036293 28.702224612236023
leaf_count=109 141 155 486 115 2207 1065 266 174 580 123 978 804 820 236 353 103 554 433 1709 548 160 588 146 282 157 142 112 108 117
internal_value=-2.28777e-05 -0.00852119 0.013856 -0.0183332 -0.00049013 0.00395357 0.00458602 0.024289 0.0189757 -0.0176542 0.0015569 -0.0310706 -0.0117075 -0.00232565 0.00758676 0.0176813 -0.00661472 -0.00929842 -0.0112782 0.0291871 0.0216094 -0.0357529 -0.00586996 0.00971825 0.0428922 0.0275599 0.0289577 0.0394727 0.0545872
internal_weight=3372.26 2092.48 1279.78 940.099 1152.38 658.494 890.04 621.284 486.819 262.34 788.629 387.628 226.495 486.605 232.251 84.3881 402.217 552.471 523.765 254.568 171.889 325.85 61.7781 105.385 134.465 101.41 64.9204 66.504 69.5444
internal_count=13771 8595 5176 3904 4691 2649 3593 2527 1967 1098 3185 1647 943 1958 933 339 1619 2257 2142 1034 691 1392 255 423 560 408 269 268 291
is_linear=0
shrinkage=0.05


Tree=13
num_leaves=27
num_cat=0
split_feature=0 0 27 26 27 9 17 36 2 27 27 27 3 32 27 3 33 27 4 33 33 27 18 32 4 27
split_gain=144.608 43.4081 43.1455 41.9055 31.6704 30.2384 26.0163 24.05 23.7756 18.4181 37.9666 19.7495 16.558 15.757 22.4743 26.4184 14.1647 12.6261 11.9223 11.6458 8.46023 6.9787 6.77552 4.22066 0.187138 0.511546
threshold=0.048949500545859344 -2.7149544954299922 0.020317998714745048 1.0019854307174685 0.026927873492240909 0.45272450149059301 -0.5617450177669524 -0.0029182826401665802 3361.220825195313 0.019657134078443054 0.019312639720737938 0.026824845001101497 39.479618072509773 -0.0037608488928526636 0.020109355449676517 48.902132034301765 0.16485591232776645 0.025599907152354721 -758.89703369140614 0.61311087012290966 0.14442383497953418 0.025680107064545158 0.69412398338317882 -0.015676148235797879 735.80624389648449 0.020198654383420948
decision_type=2 2 2 2 2 2 2 2 2 2 2 2 2 2 2 2 2 2 2 2 2 2 2 2 2 2
left_child=1 2 24 4 5 -3 13 18 -6 10 -9 -11 17 19 -15 -16 -14 -4 21 20 -2 -8 23 -5 25 -1
right_child=6 3 12 22 8 -7 7 9 -10 11 -12 -13 16 14 15 -17 -18 -19 -20 -21 -22 -23 -24 -25 -26 -27
leaf_value=-0.072368914953949245 -0.0035146045479664649 -0.010632644733626033 -0.01602454753843786 0.018344383214641165 0.0016223328613061564 0.012782473301712647 0 0.018025365434913072 0.056154874458480913 0.010321659332037686 -0.047787055401408811 -0.025510087497948915 -0.023289252776709311 0.069171435904987574 0.037899176500866875 -0.0013387423271305115 0.012506884429165956 -0.045847168240247871 0.049861428069316836 -0.018732114929973405 0.027969612540366475 0.032745458588790348 0.007539528105811379 0.046281019276993261 -0.042138745201299607 -0.04530873368686815
leaf_weight=23.306134641170502 30.033694252371788 1320.0997029989958 183.28537435829639 28.844042584300041 51.270015239715576 151.86841504275799 33.993154942989349 40.679383829236031 31.311874523758888 697.50394690036774 43.226926699280739 38.668720498681068 39.341924846172333 34.415091827511787 131.64653109014034 62.268048211932182 81.281070217490196 44.369250297546387 45.604550734162331 25.786934643983841 64.51225583255291 29.026604205369949 35.486368387937546 38.490539744496346 33.593967020511627 25.092375472187996
leaf_count=99 123 5389 774 116 207 617 138 163 126 2814 174 158 162 139 545 250 335 200 185 105 265 117 143 155 156 116
internal_value=-1.55926e-05 -0.00812398 -0.0222431 -0.00443009 -0.00649099 -0.00819597 0.0132204 0.00879822 0.0232561 0.00581529 -0.0160867 0.00836197 -0.0143493 0.0248534 0.0325531 0.0253634 0.000560777 -0.0222291 0.0307157 0.00986839 0.0179991 0.0155994 0.0261626 0.0353324 -0.0545142 -0.0608926
internal_weight=3365.01 2087.64 430.27 1657.37 1554.55 1471.97 1277.37 928.703 82.5819 820.079 83.9063 736.173 348.278 348.663 228.33 193.915 120.623 227.655 108.624 120.333 94.546 63.0198 102.821 67.3346 81.9925 48.3985
internal_count=13771 8595 1842 6753 6339 6006 5176 3749 333 3309 337 2972 1471 1427 934 795 497 974 440 493 388 255 414 271 371 215
is_linear=0
shrinkage=0.05


Tree=14
num_leaves=22
num_cat=0
split_feature=20 20 26 35 35 20 9 35 4 31 31 3 33 35 16 30 35 35 34 33 7
split_gain=130.957 39.9055 38.0406 37.6279 25.1107 32.207 23.5545 22.9305 22.8625 22.7197 30.1899 22.3475 17.0501 11.0433 9.97041 8.76377 8.01474 8.57922 5.05058 2.9767 0.0297025
threshold=0.048949500545859344 -2.7149544954299922 1.0019854307174685 16.397701263427738 12.484073162078859 2.7174900770187382 0.45272450149059301 20.695599555969242 431.46328735351568 -0.005937411217018961 0.0026001603109762077 31.198238372802738 0.066761117428541197 14.763430118560793 0.87837952375411998 -1.0000000180025095e-35 14.072386264801027 16.963280677795414 0.70054981112480175 0.45805707573890692 30.587066650390629
decision_type=2 2 2 2 2 2 2 2 2 2 2 2 2 2 2 2 2 2 2 2 2
left_child=1 3 6 9 -2 8 7 -3 12 13 -11 -8 -6 -1 18 -10 -4 -18 -7 20 -5
right_child=4 2 16 19 5 14 11 -9 15 10 -12 -13 -14 -15 -16 -17 17 -19 -20 -21 -22
leaf_value=-0.012023608806808132 -0.030011090485057897 -0.0065375100481173624 0.039278334371078548 -0.062939831434373802 -0.0052029713652646803 0.028752938583378823 -0.023526913876181697 -0.033050211940765586 0.0075822402609692077 0.021294817355158785 -0.017213909605626757 0.022253812700881885 0.015204014299738808 -0.043913305015975908 0.0079859856022891449 -0.021733113899112165 -0.0099489694442634301 0.028726454449657518 0.048894113358919536 -0.030259093863492362 -0.041297801001204587
leaf_weight=49.038146331906319 31.735774576663971 1315.1438817232847 49.139829233288765 39.987337380647659 115.04840576648712 94.767010182142258 32.130284264683723 85.419307261705399 37.566906109452248 75.467377632856369 146.10970053076744 120.30076465010643 823.84193083643913 68.601600274443626 37.190226212143898 69.97173336148262 25.129086256027222 28.452791959047318 65.67347277700901 25.122879639267921 23.307047590613365
leaf_count=211 130 5365 198 185 463 396 132 355 151 318 615 487 3328 289 150 282 101 115 276 115 109
internal_value=-1.35622e-05 -0.00773982 -0.00420326 -0.0213261 0.0125878 0.013729 -0.00616812 -0.00820645 0.0101799 -0.0135512 -0.00398025 0.0123594 0.012687 -0.0311269 0.0321801 -0.0114495 0.0249574 0.010703 0.0375594 -0.0500846 -0.0566328
internal_weight=3359.15 2083.35 1655.72 427.634 1275.8 1244.06 1552.99 1400.56 1046.43 339.217 221.577 152.431 938.89 117.64 197.631 107.539 102.722 53.5819 160.44 88.4173 63.2944
internal_count=13771 8595 6753 1842 5176 5046 6339 5720 4224 1433 933 619 3791 500 822 433 414 216 672 409 294
is_linear=0
shrinkage=0.05


Tree=15
num_leaves=25
num_cat=0
split_feature=0 0 27 27 35 26 35 35 17 36 7 35 11 32 27 3 35 4 8 27 35 35 35 27
split_gain=118.581 36.5868 39.5747 36.4198 49.6087 27.4684 30.888 24.0586 22.9172 21.8993 21.1534 19.7642 22.7517 14.5321 20.8556 23.6372 12.172 10.8779 10.35 6.47151 6.04478 4.33983 1.64027 0.61893
threshold=0.048949500545859344 -2.7149544954299922 0.020317998714745048 0.026927873492240909 12.991847038269045 1.0019854307174685 12.966099262237551 16.397701263427738 -0.5617450177669524 -0.0029182826401665802 38.790811538696296 12.484073162078859 1.0000000180025095e-35 -0.0037608488928526636 0.020109355449676517 48.902132034301765 18.523162841796879 -758.89703369140614 -0.73939600586891163 0.025680107064545158 13.67085647583008 12.484073162078859 18.839718818664554 0.020198654383420948
decision_type=2 2 2 2 2 2 2 2 2 2 2 2 2 2 2 2 2 2 2 2 2 2 2 2
left_child=1 2 22 5 21 6 -3 10 13 17 -4 -11 -13 16 -15 -16 20 19 -7 -10 -2 -5 23 -1
right_child=8 3 7 4 -6 18 -8 -9 9 11 -12 12 -14 14 15 -17 -18 -19 -20 -21 -22 -23 -24 -25
leaf_value=-0.068352402432100196 0.0066279436825768898 -0.049465350585427913 -0.00097665444570435166 0.013372226003080044 0.082961703031031439 0 -0.0062282024688619115 -0.0477578126308809 -0.00038935039221274102 -0.035806449204240032 -0.033212690686651281 0.016955220632656566 -0.00033941920397895838 0.065699742012175863 0.035374869489607101 -0.0017813100510370124 -0.013062320028127065 0.047143054536542307 0.03363925350118474 0.030915699019845644 0.034766642161848348 -0.011551340921694901 -0.035266409547153557 -0.042608122848642828
leaf_weight=28.192912861704826 43.707649424672127 40.683364301919937 241.28840759396553 39.355966717004776 25.313832312822342 37.150592163205147 1428.1068849861622 41.53358818590641 33.958804532885551 26.625469505786896 62.779113456606865 311.01256731152534 481.54202181100845 34.201324597001076 130.3339386433363 62.254549235105515 40.834508821368217 45.301107287406921 55.290430665016174 28.943708136677742 35.330751329660416 28.039005875587463 27.126961007714272 24.259741514921188
leaf_count=125 182 167 1001 159 102 151 5839 186 138 110 284 1260 1939 139 545 250 165 185 222 117 146 113 130 116
internal_value=-1.76002e-05 -0.00737884 -0.0204316 -0.00399668 0.0261014 -0.00582146 -0.00749824 -0.0129118 0.0119801 0.00783386 -0.00783846 0.0049905 0.00646032 0.0229349 0.0303565 0.0234178 0.0085441 0.0287882 0.0203095 0.0143699 0.0198772 0.00282485 -0.0518492 -0.0586314
internal_weight=3353.17 2079.12 425.181 1653.94 92.7088 1561.23 1468.79 345.601 1274.05 927.384 304.068 819.18 792.555 346.663 226.79 192.588 119.873 108.204 92.441 62.9025 79.0384 67.395 79.5796 52.4527
internal_count=13771 8595 1842 6753 374 6379 6006 1471 5176 3749 1285 3309 3199 1427 934 795 493 440 373 255 328 272 371 241
is_linear=0
shrinkage=0.05


Tree=16
num_leaves=28
num_cat=0
split_feature=0 29 29 0 3 33 33 30 25 21 16 8 9 27 27 35 3 27 30 6 33 29 13 35 35 29 36
split_gain=107.532 56.782 47.5425 36.4695 31.0628 23.259 25.5964 20.0499 21.4533 27.7072 17.2752 19.6289 16.1036 14.7944 14.2975 42.7967 38.4935 13.8205 13.6769 9.80713 9.62506 10.5939 9.70407 8.44337 6.02698 6.59569 3.50429
threshold=0.048949500545859344 0.25550000369548803 0.35549999773502355 -1.2172889709472654 24.226932525634769 0.7613777518272401 0.047006892040371902 -0.034025825560092919 0.00086586838006041955 1.0000000180025095e-35 0.60785751044750225 -1.2967055439949033 0.45272450149059301 0.019657134078443054 0.02053242921829224 15.886213779449465 42.422584533691413 0.020701016299426559 0.017421077936887745 0.058926999568939216 0.13921668380498889 0.93549999594688427 0.071525000035762801 15.954492568969728 15.073665618896486 0.74549999833107006 -9.4843941042199717e-05
decision_type=2 2 2 2 2 2 2 2 2 2 2 2 2 2 2 2 2 2 2 2 2 2 2 2 2 2 2
left_child=1 3 7 12 24 6 -6 23 9 -9 20 17 18 -10 16 -16 -5 -12 -1 -7 21 -4 -22 -2 25 -3 -13
right_child=2 4 10 14 5 19 -8 8 13 -11 11 26 -14 -15 15 -17 -18 -19 -20 -21 22 -23 -24 -25 -26 -27 -28
leaf_value=-0.024717078318980248 -0.042659041079095322 -0.055911460931933138 0.0095131413483620624 -0.067973792901975319 -0.014631022379450135 0.00038781466853252751 0.0087669704702378112 0.0072036664307590361 -0.014250147349850934 -0.029458451625427651 0.017303207794335404 0.043444020276607702 0.0059549972812120554 0.013980160521707453 -0.0071923539265693719 0.054759114953085657 -0.0070042314066443082 -0.027421416244650387 -0.050658772040332069 -0.034834882450452395 0.048897993889068847 0.045079348059123441 0.025134183315947287 -0.0025826429655863674 -0.0088539588409220233 -0.020622473522566645 0.017296618113059933
leaf_weight=369.63352970778942 28.047782480716705 23.020829036831856 84.768346980214119 26.640696838498116 134.3995708823204 30.283710792660713 810.61496660113335 130.93500824272633 48.976433545351028 82.077464193105698 27.168087884783745 25.160313546657562 35.27046974003315 521.39297224581242 136.09895929694176 32.907323136925697 284.92280279099941 40.313218966126442 61.293401896953583 51.812755942344666 102.2677279561758 27.082602500915527 91.795575991272926 24.844846680760384 37.835428029298782 40.077327013015747 37.106577098369598
leaf_count=1597 113 97 347 113 548 124 3305 528 197 332 111 102 147 2105 557 133 1164 162 264 213 437 113 379 100 154 179 150
internal_value=-1.72335e-05 -0.00703544 0.0114163 -0.0160507 0.000537213 0.00316435 0.00540489 0.00440236 0.00644467 -0.007019 0.0247753 0.00919009 -0.0259936 0.0114973 -0.00631671 0.00531114 -0.0126497 -0.00929152 -0.028647 -0.0220228 0.0312503 0.0188533 0.0380793 -0.0247964 -0.0256417 -0.0349732 0.0290408
internal_weight=3346.75 2074.81 1271.94 946.767 1128.04 1027.11 945.015 836.275 783.382 213.012 435.662 129.748 466.197 570.369 480.57 169.006 311.563 67.4813 430.927 82.0965 305.914 111.851 194.063 52.8926 100.934 63.0982 62.2669
internal_count=13771 8595 5176 3975 4620 4190 3853 3375 3162 860 1801 525 2008 2302 1967 690 1277 273 1861 337 1276 460 816 213 430 276 252
is_linear=0
shrinkage=0.05


Tree=17
num_leaves=28
num_cat=0
split_feature=1 29 29 35 23 10 16 8 31 29 31 33 33 35 27 0 1 4 35 2 27 35 35 25 0 29 34
split_gain=107.591 65.2696 37.3545 34.216 29.4415 26.4242 35.9842 25.1284 20.983 43.9322 28.7952 20.0076 19.8317 18.9662 33.5914 13.9524 11.3225 10.8773 10.6439 10.4622 10.0281 20.7981 17.0317 7.53561 6.54855 2.19062 1.66044
threshold=-0.45222748816013331 0.34250000119209295 0.37450000643730169 13.232251167297365 4.546598196029664 -3.609885454177856 0.60785751044750225 -9.2175531387329084 0.0043338637333363303 0.18750000000000003 -0.013580152764916418 0.15202721953392032 0.011790698859840633 20.695599555969242 0.019869999028742317 -1.425040006637573 -0.77992299199104298 684.75839233398449 13.011270046234133 3775.824340820313 0.020514495670795444 16.812702178955082 18.194250106811527 0.0041103456169366845 -0.73244249820709217 0.18349999934434894 0.69289687275886547
decision_type=2 2 2 2 2 2 2 2 2 2 2 2 2 2 2 2 2 2 2 2 2 2 2 2 2 2 2
left_child=2 3 4 24 16 6 11 23 10 -10 -5 -3 -9 14 -6 -15 25 -8 -18 -14 22 -22 -7 -4 26 -1 -2
right_child=1 5 7 8 13 20 17 12 9 -11 -12 -13 19 15 -16 -17 18 -19 -20 -21 21 -23 -24 -25 -26 -27 -28
leaf_value=-0.060627449370435765 -0.026366037934116376 0.0039895305015824715 -0.008582508796787465 -0.015310946213871194 0.025217445140861428 0.036961231565171219 -0.014684975742272019 -0.028369546400784214 -0.038693187675789047 0.0018086782237847689 0.008489007746805631 0.028663153218912149 0.0057064303175846948 -0.051751935221982938 -0.022490864318105389 -0.0084310608987569931 0.0038816390180887667 0.019867213994912352 -0.026381762625467431 0.032104727401776785 0.024768066659277742 0.060726105751915019 -0.0028133537884516995 -0.046740689167854094 -0.046796407753331964 -0.033350825375657422 -0.0068497765277917705
leaf_weight=27.322562679648399 24.471969529986382 135.64882233738899 24.679283306002617 145.93644526600838 86.720312193036079 47.371776342391968 138.01716956496239 35.830229714512825 89.991579696536064 243.87355807423592 895.41647754609585 213.45303221046925 224.40058977901936 28.00000411272049 61.100068092346191 53.355594709515572 30.326615080237389 25.183179616928101 378.02647073566914 43.84479808807373 154.1680645942688 56.619069799780846 57.667599990963936 30.207153588533401 35.868854984641075 27.806802168488503 24.741772249341011
leaf_count=144 100 549 105 591 353 198 557 149 366 988 3632 875 922 119 257 222 128 101 1604 176 642 236 236 138 150 132 101
internal_value=-2.05449e-05 0.00605931 -0.0132468 -0.000297391 -0.0200145 0.0172543 0.010147 -0.000121376 0.00161804 -0.00924401 0.00512111 0.0191817 0.0055233 -0.00523904 0.00539396 -0.0243447 -0.0272451 -0.00911678 -0.0241019 0.0102639 0.0286152 0.0349537 0.0153866 -0.0306639 -0.030698 -0.0486936 -0.0174003
internal_weight=3340.05 2288.43 1051.62 1460.3 692.658 828.129 512.302 358.962 1375.22 333.865 1041.35 349.102 304.076 229.176 147.82 81.3556 463.482 163.2 408.353 268.245 315.827 210.787 105.039 54.8864 85.0826 55.1294 49.2137
internal_count=13771 9322 4449 5928 2959 3394 2082 1490 5577 1354 4223 1424 1247 951 610 341 2008 658 1732 1098 1312 878 434 243 351 276 201
is_linear=0
shrinkage=0.05


Tree=18
num_leaves=27
num_cat=0
split_feature=1 29 29 35 3 8 12 8 30 35 35 13 35 10 33 36 35 35 29 35 12 36 35 0 34 34
split_gain=97.7279 59.3559 34.0576 31.2458 28.6054 24.4641 38.1786 23.0101 22.929 23.0763 19.956 18.8612 18.5207 20.3812 18.0335 14.201 11.9783 11.2158 18.1425 17.1892 10.8146 10.1786 8.46981 6.04753 3.79996 1.51585
threshold=-0.45222748816013331 0.34250000119209295 0.37450000643730169 13.232251167297365 40.873382568359382 -4.1900434494018546 1.0796366333961489 -9.2175531387329084 -0.011877354700118302 13.346630096435549 12.923820495605471 0.040633000433444984 14.019878387451174 4.7818539142608651 0.011790698859840633 0.0011948760366067292 13.011270046234133 15.689021587371828 0.30750000476837164 20.695599555969242 1.3100420236587527 -0.0033207365777343507 13.640928268432619 -0.73244249820709217 0.68998205661773693 0.69289687275886547
decision_type=2 2 2 2 2 2 2 2 2 2 2 2 2 2 2 2 2 2 2 2 2 2 2 2 2 2
left_child=2 3 4 23 16 12 10 24 15 -10 -7 -8 22 -14 -9 -5 -1 18 -6 -19 -16 -18 -3 25 -4 -2
right_child=1 5 7 8 17 6 11 14 9 -11 -12 -13 13 -15 20 -17 21 19 -20 -21 -22 -23 -24 -25 -26 -27
leaf_value=0 -0.025237146097828608 0.035002393150048931 -0.016013675869858367 -0.0047671107597250344 -0.027615332217032964 -0.01662466420541844 0.0040907459393180225 -0.027145748734136291 0.037756160447178777 0.0029662252540762941 0.02177174791394126 -0.030652344761361274 -0.013324561009955061 0.030110671076099407 0.018264838518345382 -0.031944301105676254 -0.0048663933633348875 0.0043749910958731306 0.0081337115764341956 -0.023335834641652013 -0.0018957779318594906 -0.041640294394499004 0.071794329589954353 -0.044987758110965337 -0.044672853905467186 -0.006538527064665913
leaf_weight=23.765292257070541 24.380128756165504 53.84356601536274 31.296057179570198 173.951002150774 170.28082397580147 35.108306407928467 97.040712758898735 35.667625650763512 47.963090628385544 1087.7278144657612 412.45567306876183 62.490272909402847 34.913859516382217 101.10041859745979 155.02618311345577 65.562912806868553 22.338150262832642 169.56319780647755 43.214967370033264 80.911036983132362 113.36973725259304 178.6951445043087 28.842343255877495 35.534310609102249 23.082934200763702 24.719351172447205
leaf_count=104 100 234 138 706 734 142 393 149 196 4409 1675 252 140 431 627 266 96 697 176 341 471 811 127 150 105 101
internal_value=-2.65592e-05 0.0057654 -0.0126645 -0.000292292 -0.0191537 0.0164611 0.011205 -0.000130095 0.00153337 0.00450807 0.018677 -0.00966767 0.0307726 0.0188572 0.00524998 -0.0124507 -0.0337602 -0.0119408 -0.0203244 -0.00465081 0.00976103 -0.0376915 0.0493466 -0.0294233 -0.0295095 -0.0166433
internal_weight=3332.84 2285.63 1047.21 1459.84 688.769 825.795 607.095 358.443 1375.2 1135.69 447.564 159.531 218.7 136.014 304.064 239.514 224.799 463.97 213.496 250.474 268.396 201.033 82.6859 84.6338 54.379 49.0995
internal_count=13771 9322 4449 5928 2959 3394 2462 1490 5577 4605 1817 645 932 571 1247 972 1011 1948 910 1038 1098 907 361 351 243 201
is_linear=0
shrinkage=0.05


Tree=19
num_leaves=31
num_cat=0
split_feature=0 29 29 0 5 0 12 27 16 27 30 25 35 16 8 27 12 29 5 25 9 25 27 35 35 27 25 3 27 29
split_gain=86.3069 46.2669 37.7536 29.0518 24.8367 23.9018 21.1768 27.241 25.7106 16.9896 15.8844 15.8482 27.6495 15.6336 16.7615 17.815 15.6859 36.7624 14.786 17.383 14.5412 18.3696 16.6084 14.1861 12.8487 12.3447 12.1926 9.26841 7.32893 6.79061
threshold=0.048949500545859344 0.25249999761581426 0.27449999749660497 -1.425040006637573 -1.3247449994087217 -3.5131604671478267 1.1405327916145327 0.022909326478838924 -0.87837952375411976 0.020255189388990406 -0.042336273938417428 0.00086586838006041955 18.637505531311039 0.60785751044750225 -1.2967055439949033 0.020678984001278881 -0.41643771529197687 0.38850000500679022 -0.92935699224472035 0.0018991541001014414 0.44116349518299108 0.00040012289537116891 0.02053242921829224 20.678075790405277 19.289330482482914 0.019704556092619899 0.0006520158494822682 45.004032135009773 0.019657134078443054 0.52150002121925365
decision_type=2 2 2 2 2 2 2 2 2 2 2 2 2 2 2 2 2 2 2 2 2 2 2 2 2 2 2 2 2 2
left_child=1 3 4 18 24 9 7 -7 -8 -3 -11 12 -6 16 15 -15 17 -4 23 -20 22 -22 -5 -1 27 -13 -26 -2 -16 -18
right_child=2 5 13 20 11 6 8 -9 -10 10 -12 25 -14 14 28 -17 29 -19 19 -21 21 -23 -24 -25 26 -27 -28 -29 -30 -31
leaf_value=0.016614162259682371 0.048923941430859492 -0.045251187531120639 -0.021996682845616934 -0.021259442370452703 -0.054538455483569503 0.020133265663297078 0.025198890230076033 -0.00022196767643377379 -0.017241272279736469 -0.041762087851789337 -0.0024509909837983784 -0.022237546469679931 -0.0037758964690679541 0.018454856801772331 0 -0.023853671663034218 0.037775422868834369 0.030703942880873344 -0.033701339895234661 0.0053859855174141118 -0.026775752591991622 0.018086012711674992 -0.0014427736979227535 -0.031010141092094004 -0.016238802267002004 0.0051574573249479755 0.02493527310226544 0.01678392667379092 0.031415392993822081 0.020984174388648642
leaf_weight=36.561887800693512 37.070361658930779 33.500737965106964 52.231772720813751 217.49709804356098 36.28558312356472 291.9229973256588 42.345526829361916 370.62088331580162 180.47698880732059 27.811847969889641 193.84132255613804 45.290244609117508 92.393250033259392 39.489895179867744 26.422003775835037 60.005910754203796 169.59216648340225 82.897900775074959 280.63532981276512 30.579966962337494 27.7288828343153 95.836501896381378 206.82547569274902 24.253582775592804 39.891269475221634 311.24408136308193 29.456951886415482 64.568429306149483 63.90644383430481 114.21956750750542
leaf_count=152 153 155 212 901 149 1182 174 1504 733 123 820 182 372 162 107 242 707 343 1260 132 113 389 854 103 160 1255 118 260 260 494
internal_value=-3.06964e-05 -0.00634327 0.0102374 -0.0146731 0.00188749 0.000380546 0.0042781 0.00876529 -0.00897898 -0.0130329 -0.00775759 -0.0038803 -0.0187824 0.0191859 0.00710856 -0.00693012 0.0245747 0.0102369 -0.0254342 -0.0298188 -0.00728187 0.00767297 -0.0116758 -0.00260213 0.0181683 0.00154497 0.00131922 0.0293206 0.0224955 0.0312469
internal_weight=3325.4 2060.44 1264.97 919.919 656.2 1140.52 885.366 662.544 222.823 255.154 221.653 485.213 128.679 608.766 189.824 99.4958 418.941 135.13 372.031 311.215 547.888 123.565 424.323 60.8155 170.987 356.534 69.3482 101.639 90.3284 283.812
internal_count=13771 8595 5176 3904 2649 4691 3593 2686 907 1098 943 1958 521 2527 771 404 1756 555 1647 1392 2257 502 1755 255 691 1437 278 413 367 1201
is_linear=0
shrinkage=0.05


Tree=20
num_leaves=27
num_cat=0
split_feature=0 29 29 0 28 5 0 29 23 33 33 10 36 25 6 28 17 23 25 25 33 31 33 9 33 3
split_gain=78.2738 41.998 34.3499 26.9959 24.7128 22.6079 21.6458 22.0316 17.2977 18.3145 16.1486 15.0562 14.521 14.4063 21.1379 14.0906 13.7548 12.2336 12.0718 11.6935 10.7592 10.4805 9.87251 8.60253 3.9081 3.31325
threshold=0.048949500545859344 0.25249999761581426 0.27449999749660497 -1.2172889709472654 -0.7740812599658965 -1.3247449994087217 -2.1030044555664058 0.51350000500679027 1.0000000180025095e-35 0.027682827785611156 0.011790698859840633 5.2584295272827157 -0.0033207365777343507 0.00086586838006041955 0.058339500799775131 -0.79966315627098072 1.0000000180025095e-35 -6.3140141963958731 0.00040012289537116891 0.00060140353161841642 0.24514373391866687 -0.019812555983662602 0.21032567322254184 0.33598299324512487 0.31213919818401342 51.577684402465827
decision_type=2 2 2 2 2 2 2 2 2 2 2 2 2 2 2 2 2 2 2 2 2 2 2 2 2 2
left_child=1 3 5 11 20 19 10 -8 9 -4 -6 17 25 14 -7 -5 -11 -1 -17 24 -3 -15 -21 -14 -2 -10
right_child=2 4 8 15 6 13 7 -9 12 16 -12 -13 23 21 -16 18 -18 -19 -20 22 -22 -23 -24 -25 -26 -27
leaf_value=-0.030962550554779873 -0.016026373777592379 -0.0077104644524056201 -0.0078006525454905945 0.028573420391578848 -0.042520205280112085 -0.0065077370754752402 0.0015110168212785914 0.020812709235950647 0.018311750914246663 0.04271574154629898 -0.0039375905188293618 -0.048502380129970359 0.018645876139239025 -0.026784126138746752 -0.05428543064374846 -0.033123675857347247 0.019276339712076155 -0.01242680348929464 -0.005058483501924952 0.0039424447162763028 -0.043624378911728628 0.0040502922567964396 0.035417432869546801 -0.0010780359885773608 0.010456024925594141 0.046680434933778686
leaf_weight=143.54642142355442 25.017837673425674 45.349071770906448 32.586040794849396 26.300035461783409 27.510136663913727 99.689084008336067 448.44443917274475 219.75597546994686 26.038615390658379 132.30068789422512 358.35016556084156 50.029105380177498 77.02291414141655 28.033955231308937 28.701817080378532 40.720453321933746 132.68482059240341 250.29945740103722 405.31017416715622 37.328461706638336 39.798435494303703 328.45405906438828 81.676413550972939 180.58830282092094 26.542638868093491 25.235932648181915
leaf_count=660 101 187 134 108 118 403 1820 890 109 579 1510 238 320 113 118 169 549 1065 1664 151 166 1324 332 732 107 104
internal_value=-3.13414e-05 -0.00605048 0.00975891 -0.0140079 0.000353809 0.00179433 0.00247361 0.00791699 0.0183162 0.0269157 -0.00691921 -0.0228434 0.00987963 -0.00370611 -0.017934 -0.00562224 0.0312488 -0.0193302 -0.00777945 0.0173505 -0.0252275 0.0014617 0.0258556 0.00487889 -0.00232551 0.03369
internal_weight=3317.32 2055.41 1261.9 916.206 1139.21 655.444 1054.06 668.2 606.457 297.572 385.86 443.875 308.886 484.879 128.391 472.331 264.986 393.846 446.031 170.565 85.1475 356.488 119.005 257.611 51.5605 51.2745
internal_count=13771 8595 5176 3904 4691 2649 4338 2710 2527 1262 1628 1963 1265 1958 521 1941 1128 1725 1833 691 353 1437 483 1052 208 213
is_linear=0
shrinkage=0.05


Tree=21
num_leaves=22
num_cat=0
split_feature=1 1 1 7 17 31 31 33 34 33 12 30 7 34 5 34 8 34 28 34 28
split_gain=74.4274 30.9113 27.3925 26.2915 22.3348 16.0763 17.248 13.9004 16.1171 13.2601 9.1203 10.4734 9.04088 5.43618 4.98947 4.14055 3.16292 2.06419 2.05802 1.09463 0.746969
threshold=-0.45222748816013331 0.64156350493431102 -0.77992299199104298 25.388464927673343 1.0000000180025095e-35 0.033922603353858001 -0.013580152764916418 0.90054523944854747 0.72682073712348949 1.0305206775665285 -0.68251597881317128 -0.00091081977006979276 18.883198738098148 0.67252770066261303 -0.77990150451660145 0.68453276157379161 2.9147279262542729 0.71999919414520275 0.15231410413980487 0.68651524186134349 0.35741001367568975
decision_type=2 2 2 2 2 2 2 2 2 2 2 2 2 2 2 2 2 2 2 2 2
left_child=2 4 17 12 5 6 -2 8 -6 10 14 -12 -3 -14 -4 -7 20 18 19 -1 -5
right_child=1 3 9 16 7 15 -8 -9 -10 -11 11 -13 13 -15 -16 -17 -18 -19 -20 -21 -22
leaf_value=-0.034151377198610104 -0.0056768698412602674 -0.015122390541165343 0.0058036988294500515 0.04734268423535111 0.0012712410110309355 -0.033850599937439399 0.011001538320269138 -0.029879817948724421 -0.018267821106355286 -0.036160931570140352 -0.01304287374172582 0.0022005868182291403 0.00019418273061305114 0.021298355377471039 -0.014706352200335841 -0.0050491481312242743 0.021520372904117058 -0.016802172723832134 -0.024114323999067683 -0.056441815315161181 0.031428940170861154
leaf_weight=38.071520462632179 182.67127060890198 35.695838570594788 30.727303817868233 55.918869197368622 615.9276447892189 24.529622107744217 959.33464811742306 45.923082053661346 125.15548254549503 38.890061095356941 162.26513034105301 355.17992594838142 52.84041790664196 73.613609179854393 335.11734734475613 26.927835807204247 36.763076335191727 21.37113992869854 32.652093037962914 21.273127883672714 39.09313839673996
leaf_count=189 746 146 128 250 2511 100 3916 189 510 167 673 1476 215 303 1437 110 152 107 163 109 174
internal_value=-3.32342e-05 0.00502252 -0.0111352 0.0201024 0.00276143 0.00707148 0.00831972 -0.00376328 -0.00205538 -0.00822668 -0.00690657 -0.00259216 0.00640295 0.0126979 -0.0129343 -0.0197186 0.036537 -0.0341549 -0.0376363 -0.0438844 0.0416809
internal_weight=3309.94 2274.39 1035.55 293.925 1980.47 1193.46 1142.01 787.006 741.083 922.18 883.29 517.445 162.15 126.454 365.845 51.4575 131.775 113.368 91.9967 59.3446 95.012
internal_count=13771 9322 4449 1240 8082 4872 4662 3210 3021 3881 3714 2149 664 518 1565 210 576 568 461 298 424
is_linear=0
shrinkage=0.05


Tree=22
num_leaves=29
num_cat=0
split_feature=1 29 29 3 15 1 9 5 1 12 3 29 33 25 28 1 29 25 8 9 33 29 9 34 30 25 30 34
split_gain=67.5394 46.0892 29.2757 24.3275 22.4938 22.4262 21.148 26.0745 18.0458 18.9449 19.0234 17.142 15.3242 22.75 14.4339 10.1392 10.8006 10.7914 8.29004 8.08252 7.61789 7.15197 6.29644 6.52119 4.66769 3.3056 2.18898 1.3947
threshold=-0.45222748816013331 0.35549999773502355 0.37450000643730169 40.873382568359382 -1.0000000180025095e-35 0.69034299254417431 0.45433600246906286 -1.3247449994087217 0.64707750082016002 1.0796366333961489 50.42126655578614 0.18550000339746478 0.047006892040371902 0.0033941741567105059 0.51528295874595653 -0.50705400109291066 0.25249999761581426 0.00040012289537116891 5.8660728931427011 0.37418049573898321 0.11270746588706972 0.57350000739097606 0.34642449021339422 0.68013077974319469 0.020395877771079544 0.0041753961704671392 -0.017756551504135128 0.66536670923233043
decision_type=2 2 2 2 2 2 2 2 2 2 2 2 2 2 2 2 2 2 2 2 2 2 2 2 2 2 2 2
left_child=2 5 3 19 18 6 7 -2 9 14 -11 -8 25 -14 -3 17 -17 -5 -4 26 -10 -20 23 -7 -21 -6 -1 -22
right_child=1 8 4 15 12 22 11 -9 20 10 -12 -13 13 -15 -16 16 -18 -19 21 24 27 -23 -24 -25 -26 -27 -28 -29
leaf_value=-0.022693458643807743 0.011891566281957392 0.012412276528852323 0.042276714569129903 -0.030766266995098709 -0.044804709394696961 -0.0013905644392164737 -0.004359667873401564 -0.0071731493200270884 0.012869737215172587 0.0071345962617671219 -0.029173389173383687 0.037688059505459851 0.015340675669657002 -0.017375613590438977 0.033779774577434252 -0.032270468209823232 -0.0033019310627550738 -0.0018021598112506873 -0.0040582226484765097 -0.016338015154759855 0.028801742222328303 0.027204221581760543 0.036608084895298161 0.024590030486392956 -0.040059112777663809 -0.015906258969502162 -0.047325329304030758 0.051272649956043859
leaf_weight=19.238614842295647 213.59167276322842 376.33944569528103 29.867267295718193 34.423693239688873 23.912963077425957 46.069959536194801 40.535816192626953 1060.1676474660635 31.224307686090469 154.19323487579823 44.88404905796051 55.583633869886398 105.09899707138538 103.40169785916805 101.15007235109806 84.600362122058868 53.298457786440849 286.54687975347042 37.211390271782875 103.9861908853054 23.697237178683281 32.342307046055794 36.691103458404541 46.793356835842133 27.682071223855019 23.889712631702423 66.87054680287838 41.723885342478752
leaf_count=90 866 1540 120 145 101 186 163 4326 137 632 182 226 439 447 419 375 219 1209 150 462 109 130 153 189 119 103 340 194
internal_value=-3.72844e-05 0.00477675 -0.0106332 -0.0167242 0.000953503 -0.000333813 -0.00223095 -0.00395479 0.0146755 0.0116968 -0.00121043 0.0201262 -0.00685736 -0.000847732 0.0170816 -0.010085 -0.0213528 -0.00511077 0.0209263 -0.0304487 0.0347665 0.010693 0.019379 0.0118379 -0.0219247 -0.0317821 -0.0425756 0.0443773
internal_weight=3305.02 2272.65 1032.37 676.647 355.724 1499.43 1369.88 1273.76 773.212 676.567 199.077 96.1195 256.303 208.501 477.49 458.869 137.899 320.971 99.421 217.777 96.6454 69.5537 129.554 92.8633 131.668 47.8027 86.1092 65.4211
internal_count=13771 9322 4449 2959 1490 6109 5581 5192 3213 2773 814 389 1090 886 1959 1948 594 1354 400 1011 440 280 528 375 581 204 430 303
is_linear=0
shrinkage=0.05


Tree=23
num_leaves=29
num_cat=0
split_feature=1 29 29 35 35 0 6 9 22 30 35 8 29 1 36 35 4 35 30 30 36 34 32 29 0 1 34 36
split_gain=61.4539 41.8286 26.7295 26.6408 21.5472 38.6743 23.7964 21.4999 20.4452 20.0372 21.4396 18.7552 19.9283 12.789 12.5486 12.4237 12.274 16.4129 10.9644 10.4428 10.3307 8.59537 6.10013 5.85834 5.7605 4.89945 1.47077 1.10546
threshold=-0.45222748816013331 0.34250000119209295 0.37450000643730169 13.232251167297365 20.089578628540043 0.65623000264167797 0.046361999586224563 0.33482100069522863 1.4488940238952639 -0.011877354700118302 13.346630096435549 -3.3788095712661739 0.5014999806880952 -0.6846100091934203 0.0011948760366067292 14.019878387451174 212.47824859619143 20.695599555969242 0.019530742429196838 0.02438813075423241 0.0016005343059077861 0.71244153380393993 -0.0071007828228175631 0.24450000375509265 -0.73244249820709217 0.49567300081253057 0.69289687275886547 0.00049431406660005461
decision_type=2 2 2 2 2 2 2 2 2 2 2 2 2 2 2 2 2 2 2 2 2 2 2 2 2 2 2 2
left_child=2 3 7 24 11 6 -6 23 13 14 -11 15 -13 21 -5 -3 18 -18 -9 -15 22 -4 -10 27 26 -7 -2 -1
right_child=1 4 8 9 5 25 -8 16 20 10 -12 12 -14 19 -16 -17 17 -19 -20 -21 -22 -23 -24 -25 -26 -27 -28 -29
leaf_value=-0.053658115917490846 -0.023567201320029704 0.044709237395059311 -0.032111162082473325 -0.0046999016263569527 -0.00020601187846833649 0.037781860396658346 -0.059624799071119589 -0.013977535916334709 0.0093891741910172733 0.035979920361162737 0.0024561046985653039 -0.00023463900990374327 0.020583298874032603 -0.0056044274187804638 -0.030325592581168122 0.019756158905580697 0.006821829330293655 -0.02105185455857431 -0.038215757067122547 0.022810544999178423 -0.0054861914069712619 0.0030727712591699036 0.040726343900849241 -0.019749688929689757 -0.042807486720817058 0.0073996620669674528 -0.0053015946432763122 -0.030216717661772724
leaf_weight=40.57220034301281 24.222265765070915 79.035136669874191 60.120164349675179 173.2667627632618 32.901278287172318 29.656846061348915 33.317109435796738 293.33014532923698 26.829640716314316 47.990278750658035 1083.8528506457806 210.84576323628426 248.20613911747932 132.25384032726288 65.178029790520668 154.47396776080132 146.59947171807289 79.799163922667503 55.851990759372711 40.546415433287621 27.615819230675697 22.944723859429359 45.009988471865654 36.864522024989128 35.060371205210686 26.57540225982666 24.612437665462494 20.147120714187622
leaf_count=218 100 361 283 706 132 125 135 1278 108 196 4409 859 1013 539 266 657 610 341 241 164 111 104 181 165 150 112 101 106
internal_value=-3.5576e-05 0.00455625 -0.0101656 -0.00052251 0.0136094 -0.00558826 -0.0311201 -0.0160083 0.000903231 0.00116205 0.0039473 0.0170244 0.0110402 -0.00655385 -0.0119402 0.0285524 -0.0122185 -0.00305739 -0.0180785 0.00119045 0.0199374 -0.0224311 0.0297297 -0.0375675 -0.0275398 0.0243422 -0.0151289 -0.0472511
internal_weight=3297.68 2269.19 1028.49 1454.18 815.012 122.451 66.2184 673.165 355.321 1370.29 1131.84 692.561 459.052 255.865 238.445 233.509 575.581 226.399 349.182 172.8 99.4554 83.0649 71.8396 97.5838 83.8951 56.2322 48.8347 60.7193
internal_count=13771 9322 4449 5928 3394 504 267 2959 1490 5577 4605 2890 1872 1090 972 1018 2470 951 1519 703 400 387 289 489 351 237 201 324
is_linear=0
shrinkage=0.05


Tree=24
num_leaves=24
num_cat=0
split_feature=1 29 29 28 1 30 5 7 18 3 23 33 5 31 17 29 33 1 33 15 21 31 28
split_gain=57.1579 35.1138 27.2332 21.9911 20.9942 20.2945 18.6511 18.0816 20.0998 16.7891 15.5607 16.7748 12.9616 17.0179 12.0074 10.8798 14.3934 10.3192 9.63642 9.39012 8.11159 5.4541 1.2881
threshold=0.020139000378549102 0.25249999761581426 0.27449999749660497 -0.7740812599658965 -0.77992299199104298 -0.00091081977006979276 -1.3247449994087217 15.242184162139894 0.80322599411010753 62.820865631103523 1.0000000180025095e-35 0.027682827785611156 -1.1449970006942747 0.0042595968116074809 1.0000000180025095e-35 0.10150000080466272 0.21032567322254184 0.64156350493431102 0.24514373391866687 -1.0000000180025095e-35 1.0000000180025095e-35 0.016957274638116363 0.0092449830844998377
decision_type=2 2 2 2 2 2 2 2 2 2 2 2 2 2 2 2 2 2 2 2 2 2 2
left_child=1 4 6 18 -1 20 15 -5 -9 -7 11 -4 22 -14 -13 -2 -17 19 -3 -12 -6 -19 -8
right_child=2 3 10 7 5 9 12 8 -10 -11 17 14 13 -15 -16 16 -18 21 -20 -21 -22 -23 -24
leaf_value=-0.049466513373740056 -0.0077221220914233685 -0.0069994885531846802 -0.0089283743586034015 0.043784086411625969 -0.0010090516271501918 -0.0085481976747813233 -0.035194474742613079 0.0057162294595286345 -0.010274891494772634 0.027524542101950045 0.010560257797351206 0.039421925758623771 0.0056660079778535393 -0.01597529263735711 0.017333143869645476 -0.00081057802550836989 0.033703391008047805 0.013866981478805721 -0.041145435670841106 -0.010607032889315329 -0.029406776662825786 0.042194409009370763 -0.016389020330238705
leaf_weight=35.224384054541588 37.773804858326912 45.097198471426964 32.427446454763412 24.083748877048492 30.651535674929619 643.12001538276672 25.463401675224304 761.72443473339081 262.39059935510159 31.91614243388176 124.89109338819981 128.41358934342861 302.92149214446545 127.32537810504436 131.5704043507576 44.598825961351395 87.566773116588593 71.320176109671593 39.248651280999184 87.050149202346802 164.66053162515163 23.029824376106262 28.116106957197189
leaf_count=210 152 187 134 97 126 2730 104 3140 1101 130 508 579 1225 514 549 181 358 303 166 353 708 101 115
internal_value=-3.93315e-05 -0.00520661 0.00835621 0.000655983 -0.0125349 -0.0109188 0.00127383 0.00265768 0.00159733 -0.00675161 0.0160433 0.0242822 -0.00372243 -0.000759573 0.0284993 0.0154345 0.0221438 0.0080388 -0.0235894 0.00180164 -0.0250562 0.0216175 -0.026451
internal_weight=3290.59 2038.12 1252.47 1132.54 905.573 870.348 653.766 1048.2 1024.12 675.036 598.703 292.411 483.826 430.247 259.984 169.939 132.166 306.291 84.3458 211.941 195.312 94.35 53.5795
internal_count=13771 8595 5176 4691 3904 3694 2649 4338 4241 2860 2527 1262 1958 1739 1128 691 539 1265 353 861 834 404 219
is_linear=0
shrinkage=0.05


Tree=25
num_leaves=25
num_cat=0
split_feature=1 27 35 0 12 35 7 23 3 1 27 35 8 6 35 33 32 32 27 27 32 32 27 27
split_gain=52.0759 27.4423 99.0334 37.3573 36.4642 25.5959 44.1132 23.049 26.3693 22.0971 19.8182 19.7845 19.2087 33.0446 12.9004 12.028 10.8768 16.6799 12.5912 10.0934 5.81781 7.04832 2.57053 1.36861
threshold=-0.45222748816013331 0.020521755330264572 16.812702178955082 -0.34117349982261652 0.046531563624739654 14.312402725219728 15.242184162139894 -1.1326335072517393 44.640336990356452 -0.77992299199104298 0.020097524859011177 14.384744167327883 1.0000000180025095e-35 0.050851000472903259 20.315958976745609 1.0305206775665285 -0.015676148235797879 -0.0025744752492755647 0.026246685534715656 0.019926880486309532 0.020534548908472065 -0.018754397518932816 0.02041417267173529 0.020564277656376365
decision_type=2 2 2 2 2 2 2 2 2 2 2 2 2 2 2 2 2 2 2 2 2 2 2 2
left_child=9 3 5 7 10 6 -3 8 -2 20 -5 -7 13 -4 -6 16 18 -18 -11 -9 21 -1 -23 -14
right_child=1 2 12 4 14 11 -8 19 -10 15 -12 -13 23 -15 -16 -17 17 -19 -20 -21 -22 22 -24 -25
leaf_value=-0.0087565534277939793 -0.071253501176543915 0.055844916382550062 0.014995062607777327 0.030494839382666103 0.0010976538282401029 -0.035357125369527419 0.004100303913892339 -0.021139058789507992 -0.014285202672461507 -0.025071807784005987 -0.0050399213234146529 -0.0036242180178785348 0.044396090443172054 0.06035919339591727 -0.014595943793459167 -0.033651974553291109 0.014760107695142461 -0.0062316519287404989 0.011341294261258071 0.019694731199296284 -0.005857374558653968 -0.056297442439326419 -0.031144401548951945 0.072680811699981848
leaf_weight=20.236703738570213 39.644677013158798 41.609550520777702 137.8509107530117 137.36437733471394 355.36204315721989 59.588422238826752 769.21183349192142 29.26119402050972 43.170752167701721 117.74629324674606 53.274131402373314 250.44037656486034 25.317334771156311 56.430574983358383 204.17821741104126 38.174526557326317 109.45670282840729 620.68071489036083 27.942213788628578 27.282050237059593 21.106562435626984 30.223440304398537 36.153347238898277 32.089710876345634
leaf_count=102 167 174 566 566 1454 246 3197 120 176 495 216 1025 102 240 829 167 459 2644 116 113 104 184 178 131
internal_value=-3.81495e-05 0.00419019 0.00862066 -0.00263872 0.00178709 0.0022221 0.0068989 -0.0262222 -0.0427116 -0.00939931 0.0205635 -0.00994296 0.0368339 0.0287031 -0.00464278 -0.00682297 -0.00556818 -0.00303934 -0.0179613 -0.00126625 -0.0306455 -0.0363046 -0.0440553 0.0622898
internal_weight=3283.8 2262.08 1372.54 889.537 750.179 1120.85 810.821 139.359 82.8154 1021.72 190.639 310.029 251.689 194.281 559.54 914 875.826 730.137 145.689 56.5432 107.72 86.6135 66.3768 57.407
internal_count=13771 9322 5681 3641 3065 4642 3371 576 343 4449 782 1271 1039 806 2283 3881 3714 3103 611 233 568 464 362 233
is_linear=0
shrinkage=0.05


Tree=26
num_leaves=18
num_cat=0
split_feature=0 1 27 2 26 2 9 18 36 2 33 31 34 30 27 27 27
split_gain=48.1915 28.2288 30.9232 41.8896 21.6769 17.0045 16.4293 15.5109 11.5465 15.1033 13.1708 10.0685 3.87795 3.72007 3.20736 10.7744 7.05236
threshold=0.048949500545859344 -0.77992299199104298 0.026927873492240909 3701.428100585938 1.0019854307174685 2453.321166992188 0.45272450149059301 1.0000000180025095e-35 -0.0013968226267024873 3100.1816406250005 0.066761117428541197 -0.005181235494092106 0.69250252842903148 1.0000000180025095e-35 0.020701016299426559 0.025849927216768268 0.019827613607048992
decision_type=2 2 2 2 2 2 2 2 2 2 2 2 2 2 2 2 2
left_child=1 14 4 13 6 12 -3 -7 9 -9 -10 -6 -2 -4 16 -16 -1
right_child=5 2 3 -5 11 7 -8 8 10 -11 -12 -13 -14 -15 15 -17 -18
leaf_value=-0.011908082864814474 -0.0048938335493568371 -0.0080964824911149095 0.012232999594002716 0.07766947842195443 -0.011674336146260936 -0.018638320419818336 0.0066717546863043209 0.032370654932256507 -0.0093177075042987622 0.008297255770677716 0.0094999202466400402 0.02320775717691808 -0.032942850425590621 -0.011310382821229408 0.0076622581241148902 -0.035632205059561731 -0.054089495067036475
leaf_weight=17.431005209684372 25.274366647005081 1501.8945323079824 42.173796772956848 24.653950721025467 24.677893459796906 47.013845384120941 212.99984815716743 118.66264428198338 103.41910961270332 148.99554431438446 778.5091849565506 93.077356666326523 25.883545979857445 24.847567349672318 20.951942801475525 38.023235455155373 29.727767080068588
leaf_count=100 103 6287 172 101 101 195 884 495 426 629 3223 381 105 101 99 192 177
internal_value=-3.71587e-05 -0.00479104 -0.00338459 0.0246268 -0.00481658 0.00768606 -0.00625072 0.00890852 0.0100742 0.0191679 0.00726587 0.0157412 -0.019979 0.00328481 -0.0296648 -0.0203403 -0.0398205
internal_weight=3278.22 2030.46 1924.32 91.6753 1832.65 1247.76 1714.89 1196.6 1149.59 267.658 881.928 117.755 51.1579 67.0214 106.134 58.9752 47.1588
internal_count=13771 8595 8027 374 7653 5176 7171 4968 4773 1124 3649 482 208 273 568 291 277
is_linear=0
shrinkage=0.05


Tree=27
num_leaves=26
num_cat=0
split_feature=29 0 3 35 18 33 35 27 18 35 33 5 25 32 25 31 18 27 0 36 4 25 3 6 35
split_gain=51.1935 38.4934 25.1581 29.154 27.4862 24.7495 21.1379 46.8029 27.133 19.4754 16.8686 19.5589 18.9687 16.6416 16.0967 14.2425 14.1992 13.3244 12.6008 10.7444 8.10388 6.83424 6.19807 3.37091 3.22418
threshold=0.37250000238418585 -0.14918699860572812 24.226932525634769 20.101513862609867 0.47407850623130804 0.011790698859840633 19.764646530151371 0.020364784635603431 0.37212000787258154 12.923820495605471 0.20273310691118243 -0.035245499573647969 0.001096001476980746 0.0082155545242130774 0.00087912584422156226 -0.0084970793686807138 0.20391699671745303 0.026927873492240909 0.65623000264167797 -0.0025816054549068208 -1350.1771240234373 0.0037386005278676753 42.329292297363288 0.059656500816345222 14.708847999572756
decision_type=2 2 2 2 2 2 2 2 2 2 2 2 2 2 2 2 2 2 2 2 2 2 2 2 2
left_child=1 6 21 5 -5 16 13 8 -8 -7 15 14 -13 17 -12 23 -4 -1 -6 -17 -15 -2 -9 -3 -23
right_child=2 10 3 4 18 9 7 22 -10 -11 11 12 -14 20 -16 19 -18 -19 -20 -21 -22 24 -24 -25 -26
leaf_value=-0.012807083988799631 0.0017761489299617144 -0.014066236015974161 -0.036876980368921369 -0.044532963656755215 -0.011220944376472282 -0.0066082868829935738 -0.055532636110246995 0.020698952238949294 -0.0029828711143910728 0.01983240006909686 0.0014806906464582422 -0.02761649087303435 0.0037989570291601196 -0.040290796071414371 0.021519550244889735 0.027711100938847495 0.0042109276035335649 0.017829910967941513 0.027593716106217189 -0.0049274617243500593 -0.017518391188620915 -0.042590534005278215 0.057149845537817427 -0.041516435826026224 -0.014929158726863468
leaf_weight=642.55612054467201 26.78217425942421 25.06548935174942 30.655670970678329 39.933683201670647 47.73523536324501 75.757662922143936 25.474201202392578 26.112023010849953 240.23717853426933 699.47790963947773 164.91975376009941 60.353421241044998 206.59724958240986 80.390737056732178 259.21206118166447 25.721450820565224 57.094083487987518 35.587006270885468 33.978355869650841 273.34903405606747 89.276851505041122 22.666691392660141 29.057923302054405 27.866931289434433 27.129395544528961
leaf_count=2811 115 102 131 166 193 314 114 106 1006 2943 669 247 845 345 1058 105 236 152 144 1111 397 117 117 114 113
internal_value=-3.64985e-05 -0.00437046 0.00897817 0.0111389 -0.0115872 0.0143734 -0.0105961 0.000305276 -0.00843549 0.0172253 0.00260221 0.00714026 -0.00341896 -0.0147248 0.0137946 -0.00626904 -0.0105338 -0.0111369 0.00507325 -0.00192174 -0.0287102 -0.0182534 0.0414002 -0.0296852 -0.0288718
internal_weight=3272.99 2211.78 1061.21 984.633 121.647 862.985 1168.69 320.881 265.711 775.236 1043.09 691.082 266.951 847.811 424.132 352.003 87.7498 678.143 81.7136 299.07 169.668 76.5783 55.1699 52.9324 49.7961
internal_count=13771 9299 4472 4127 503 3624 5048 1343 1120 3257 4251 2819 1092 3705 1727 1432 367 2963 337 1216 742 345 223 216 230
is_linear=0
shrinkage=0.05


Tree=28
num_leaves=24
num_cat=0
split_feature=29 20 22 35 20 9 35 27 29 35 1 20 35 8 35 35 8 27 27 26 4 34 31
split_gain=46.2408 34.8649 23.7419 25.4767 22.7697 34.1748 19.2201 46.82 22.0517 18.6957 17.7414 17.637 15.7326 26.8831 24.3296 34.0985 16.9866 15.6919 26.3596 11.0784 4.29294 3.95145 1.81239
threshold=0.37250000238418585 -0.14918699860572812 -13.462041854858397 20.101513862609867 0.65623000264167797 0.41081000864505773 19.723684310913089 0.020364784635603431 0.25450000166893011 19.214126586914066 -0.26879200339317316 -0.873500496149063 13.768486499786379 1.8171384334564211 14.312402725219728 14.384744167327883 -0.76088449358940113 0.019794011488556865 0.019869999028742317 0.99946120381355297 -1125.179016113281 0.68998205661773693 -0.0025674271164461966
decision_type=2 2 2 2 2 2 2 2 2 2 2 2 2 2 2 2 2 2 2 2 2 2 2
left_child=1 6 21 9 5 -5 17 8 -8 11 -11 -4 13 19 16 -16 -14 -1 -19 -3 -9 -2 -6
right_child=2 12 3 4 22 -7 7 20 -10 10 -12 -13 14 -15 15 -17 -18 18 -20 -21 -22 -23 -24
leaf_value=-0.051536526377172723 -0.010540815637234266 -0.024668490654008696 0.0026965671078009934 -0.056287349112592339 0.025272996198351667 0.01052233419565583 -0.015749633320907393 0.023254677205145496 0.019578024891707339 0.062518085548529376 0.012403586349188943 0.017543025847021314 0.057115358108836639 -0.044587365550921132 -0.049790880453677355 0.0042133106229756846 0.013557196725763415 0.039883024905102961 -0.01428247578975343 0.0083778255937468453 0.054507696590563898 -0.039595875646551232 0.0047945567382613827
leaf_weight=25.448849782347679 29.884684175252914 31.666744098067284 363.12689419090748 42.649020627140999 23.239100992679596 32.177829623222351 213.83744132518768 27.382866755127907 53.507269740104675 34.252636685967445 38.054579645395279 450.73088237643242 31.642250701785088 42.781148687005043 28.42969436943531 731.89125607907772 75.288179978728294 21.13815401494503 794.86478966474533 100.74649257957935 29.040328532457352 21.578104242682457 23.440616816282272
leaf_count=122 138 129 1501 174 100 129 914 111 217 143 158 1924 136 177 118 2971 306 91 3476 414 117 105 100
internal_value=-4.09242e-05 -0.00416376 0.00853496 0.0102473 -0.0110415 -0.027901 -0.0101013 0.000222821 -0.00854904 0.0131959 0.0373216 0.0109539 0.00247012 -0.0110974 0.00524163 0.00205555 0.0273505 -0.0140767 -0.012773 0.000150911 0.0408267 -0.023936 0.0158145
internal_weight=3266.8 2207.67 1059.13 1007.67 121.507 74.8269 1165.22 323.768 267.345 886.165 72.3072 813.858 1042.45 175.194 867.251 760.321 106.93 841.452 816.003 132.413 56.4232 51.4628 46.6797
internal_count=13771 9299 4472 4229 503 303 5048 1359 1131 3726 301 3425 4251 720 3531 3089 442 3689 3567 543 228 243 200
is_linear=0
shrinkage=0.05


Tree=29
num_leaves=23
num_cat=0
split_feature=29 0 1 33 7 35 31 25 30 13 10 31 25 31 36 34 34 32 25 27 13 28
split_gain=43.2816 32.2889 28.299 21.1159 21.7788 22.1573 18.5594 15.7285 16.9052 15.6197 12.6517 10.1617 12.8012 9.17213 8.90716 8.79361 9.50071 8.0229 5.29415 4.85268 1.43092 0.153364
threshold=0.25249999761581426 -1.2172889709472654 0.64156350493431102 0.011790698859840633 15.242184162139894 17.094521522521976 0.015293638221919538 0.00086586838006041955 -0.00091081977006979276 0.10255200043320657 5.2584295272827157 0.021170567721128467 0.0018287465791217985 -0.010348981246352194 -0.001002484932541847 0.69393301010131847 0.64707285165786754 -0.016371052712202069 0.0029550135368481283 0.020198654383420948 -0.21501050144433972 1.0000000180025095e-35
decision_type=2 2 2 2 2 2 2 2 2 2 2 2 2 2 2 2 2 2 2 2 2 2
left_child=1 10 3 13 -5 -6 7 9 -9 -3 11 12 -1 -2 20 16 -16 -15 -17 -8 -4 -12
right_child=2 6 14 4 5 -7 19 8 -10 -11 21 -13 -14 17 15 18 -18 -19 -20 -21 -22 -23
leaf_value=-0.015610554972630556 -0.040129833468585813 -0.016427438319497677 0.028618361344274913 0.046437901978354144 0.00043116034084207574 0.014510973126994592 -0.037926832718163953 -0.0090259699343373506 0.010402517255080339 0.0034074821561407087 -0.04918240230665568 -0.045864458302141795 0.015512628308534721 -0.030915804524070403 0.023541872052025205 0.012933555588001914 -0.016556671520505505 0.00099468842948013318 0.047017777523643889 -0.012314979596463639 0.054277538406598561 -0.029595869127471253
leaf_weight=321.58100934326649 29.334722101688385 215.65966528654099 21.528928160667419 28.995108887553215 1097.1318088620901 373.69873228669167 35.64408703148365 147.92064625024796 438.21330067515373 180.12561365962029 25.873142436146736 23.067449480295181 34.87360779941082 25.662244588136673 26.649869233369827 24.483108192682266 28.387487143278122 66.068330019712448 25.927236780524254 45.400689303874969 24.157754197716713 19.627561271190643
leaf_count=1468 123 902 103 119 4569 1564 147 607 1790 732 135 104 153 107 120 109 125 274 122 185 110 103
internal_value=-3.68181e-05 -0.00632237 0.00523676 0.0032843 0.00491735 0.0040301 -0.00164354 0.000265414 0.00546839 -0.00740349 -0.017938 -0.014754 -0.0124682 -0.0166168 0.0257949 0.0170963 0.00282895 -0.00829499 0.0317799 -0.0243418 0.0441033 -0.0425458
internal_weight=3260.01 1487.99 1772.03 1620.89 1499.83 1470.83 1062.96 981.919 586.134 395.785 425.023 379.522 356.455 121.065 151.134 105.448 55.0374 91.7306 50.4103 81.0448 45.6867 45.5007
internal_count=13771 6326 7445 6756 6252 6133 4363 4031 2397 1634 1963 1725 1621 504 689 476 245 381 231 332 213 238
is_linear=0
shrinkage=0.05


Tree=30
num_leaves=22
num_cat=0
split_feature=29 0 22 35 18 33 9 32 35 35 35 30 34 22 18 10 33 35 32 34 12
split_gain=39.7653 29.931 21.3996 23.6588 23.385 21.6467 21.0364 29.5689 17.6049 21.2064 16.4401 14.6801 13.4942 12.8469 11.7449 11.5667 11.2211 10.0234 5.85144 3.68936 0.504461
threshold=0.37250000238418585 -1.8333045244216917 -13.462041854858397 20.101513862609867 0.47407850623130804 0.011790698859840633 0.45272450149059301 -0.011463582515716551 13.232251167297365 13.346630096435549 19.214126586914066 0.023729865439236168 0.60075393319129955 0.11657800246030094 0.20391699671745303 -4.4671795368194571 0.64919835329055797 20.754305839538578 0.024489682167768482 0.68998205661773693 0.14424176514148715
decision_type=2 2 2 2 2 2 2 2 2 2 2 2 2 2 2 2 2 2 2 2 2
left_child=1 11 19 5 -5 14 8 -8 13 -10 -7 12 -1 -3 -4 -6 -14 -9 20 -2 -13
right_child=2 6 3 4 15 10 7 17 9 -11 -12 18 16 -15 -16 -17 -18 -19 -20 -21 -22
leaf_value=-0.03747290624086274 -0.010088294230553378 -0.0059607017153804924 -0.034954657052468675 -0.041429226565701048 -0.017940364184266835 0.012882334715537867 -0.026933137056704883 0.03944882831183949 0.02854593456715785 -0.0020978294173052774 0.040137206291131357 -0.033135841133003684 -0.010409599214448374 -0.037633761017912506 0.0024219832383773777 0.019578275422052312 0.023998847027088144 0.0023491116717296841 -0.012898113054502031 -0.03830205663609456 -0.055230279491637557
leaf_weight=42.047392770648003 29.784495159983635 75.737356305122375 30.416339978575706 39.786197632551193 32.383121937513351 736.16344805061817 26.509677574038506 76.640029713511467 56.748767137527466 1434.3265690803528 58.992734581232071 23.643091082572937 313.899001121521 55.88141043484211 57.869455724954605 48.817342102527618 23.582314893603325 24.796393692493439 22.15006659924984 21.243622571229935 23.477645963430405
leaf_count=199 138 324 131 166 133 3108 108 314 234 5913 247 106 1439 240 240 204 108 101 101 105 112
internal_value=-3.64087e-05 -0.00386738 0.00792961 0.00955472 -0.011002 0.0123997 -0.000901751 0.0184488 -0.00245449 -0.000888187 0.0150125 -0.0153579 -0.011336 -0.019845 -0.0108334 0.0044239 -0.00784855 0.0306972 -0.0363169 -0.0230242 -0.0461484
internal_weight=3254.9 2199.44 1055.46 1004.43 120.987 883.442 1750.64 127.946 1622.69 1491.08 795.156 448.8 379.529 131.619 88.2858 81.2005 337.481 101.436 69.2708 51.0281 47.1207
internal_count=13771 9299 4472 4229 503 3726 7234 523 6711 6147 3355 2065 1746 564 371 337 1547 415 319 243 218
is_linear=0
shrinkage=0.05


Tree=31
num_leaves=19
num_cat=0
split_feature=33 9 35 35 35 6 35 12 35 30 34 33 3 13 36 8 9 8
split_gain=18.2612 20.1749 34.2245 29.9775 23.7079 15.8569 23.5623 35.0925 34.5412 17.5788 17.6064 11.7663 10.6257 18.2835 7.94115 6.08072 5.10516 4.78382
threshold=0.99556183815002453 0.45272450149059301 13.971013069152834 16.068060874938968 20.763689994812015 0.042589498683810241 20.089578628540043 0.68402549624443065 19.723684310913089 -0.012666822876781223 0.62421125173568737 0.36604350805282598 34.495037078857429 -0.0025395000702701505 0.00042819062946364289 1.2055044770240786 0.34642449021339422 -0.55589300394058216
decision_type=2 2 2 2 2 2 2 2 2 2 2 2 2 2 2 2 2 2
left_child=1 5 -3 11 -5 9 8 -8 -7 14 -11 -4 -2 17 -1 16 -15 -14
right_child=12 2 3 4 -6 6 7 -9 -10 10 -12 -13 13 15 -16 -17 -18 -19
leaf_value=0.0049945499652238089 -0.043309448347721304 0.063794969478936037 0.00011880477848892817 0.031686206712083803 -0.014158843342267777 -0.0015736585324292339 -0.00085411214613790849 -0.033625231049605894 0.023175537582005534 -0.016660633198939203 0.024851844599439333 -0.031344892371241988 -0.013687023872461061 -0.00097291841335472623 -0.029705787020347197 -0.01336989006275581 0.029372055359365819 -0.044817322670810678
leaf_weight=33.138327032327652 28.159095004200935 27.795207515358925 88.799560010433197 126.33940069377422 34.535214439034462 2022.2569541782141 205.36658878624439 134.48591284453869 149.52739229798317 28.385071292519569 165.78529025614262 42.177610501646996 26.266135394573212 24.800576090812683 29.157843336462975 26.001621097326279 27.431496813893318 29.613569319248199
leaf_count=138 124 132 375 536 141 8620 852 561 624 117 678 180 116 105 120 112 115 125
internal_value=-4.19832e-05 0.000818625 0.0126727 0.00736881 0.0217302 -0.000554771 -0.00177044 -0.0139724 0.000145479 0.0112335 0.0186243 -0.0102571 -0.0162893 -0.0099895 -0.0115103 0.00553396 0.0152749 -0.0313359
internal_weight=3250.02 3087.75 319.647 291.852 160.875 2768.1 2511.64 339.853 2171.78 256.467 194.17 130.977 162.272 134.113 62.2962 78.2337 52.2321 55.8797
internal_count=13771 13074 1364 1232 677 11710 10657 1413 9244 1053 795 555 697 573 258 332 220 241
is_linear=0
shrinkage=0.05


Tree=32
num_leaves=25
num_cat=0
split_feature=29 0 0 23 33 33 27 27 29 35 27 21 3 21 7 31 10 35 33 13 34 10 10 26
split_gain=37.2949 27.076 23.0167 17.3291 16.8506 20.6226 15.6902 23.6993 20.1856 15.2061 16.0615 36.1387 18.9059 14.152 13.339 11.3819 12.5502 13.32 10.1745 9.84323 8.95162 8.86263 5.16837 0.0997748
threshold=0.25249999761581426 -1.425040006637573 0.085505001246929183 1.0000000180025095e-35 0.047006892040371902 0.7613777518272401 0.020172032527625564 0.019657134078443054 0.39450000226497656 13.028916835784914 0.020527429878711704 1.0000000180025095e-35 43.465270996093757 0.60159999132156383 16.236536979675297 0.019813324324786667 5.2584295272827157 20.695599555969242 0.066761117428541197 0.13647849857807162 0.70908215641975414 -14.176932811737059 -1.2148234844207761 0.99998116493225109
decision_type=2 2 2 2 2 2 2 2 2 2 2 2 2 2 2 2 2 2 2 2 2 2 2 2
left_child=1 15 4 14 19 13 7 -5 -8 -3 12 -12 -11 -6 -4 16 17 -1 -16 20 -2 -7 -21 -18
right_child=2 9 3 6 5 21 8 -9 -10 10 11 -13 -14 -15 18 -17 23 -19 -20 22 -22 -23 -24 -25
leaf_value=-0.0079005150421347491 -0.01721581404593622 -0.04089221544672135 -0.0090857603555871917 -0.0034451784584225939 0.011651309584585391 0.0069323125820759338 -0.019711841102698541 0.042702111823745052 0.010212441358208563 -0.025409287500550232 0.027169665782085968 -0.0030534433530736114 -0.002507967154407733 -0.00081846234906272897 0.0031846339563944004 -0.051693854525097588 -0.047508064458338412 -0.045373783362767428 0.029541383159526858 -0.045075765309307063 0.014687953894511255 -0.028233092480878477 -0.012856089920190794 -0.028354067763167564
leaf_weight=259.68032956123352 52.939927980303764 22.760101690888405 30.635596826672554 53.416884198784828 439.91017261147499 22.542337238788605 97.996559888124466 54.63616207242012 126.88885155320168 107.29623164236546 136.73632997274399 341.8885493427515 525.06467354297638 465.65736284852028 45.665816694498062 22.064419090747833 22.420643210411072 24.497782796621323 216.29834245145321 30.042439997196198 34.521274596452713 68.545642897486687 25.708175837993622 19.290514394640923
leaf_count=1206 220 101 126 220 1822 95 399 233 535 453 565 1412 2148 1953 192 106 120 112 976 129 142 294 109 103
internal_value=-4.25718e-05 -0.00589046 0.00486099 0.012552 0.000616986 0.00293844 0.00466568 0.0201499 -0.00284217 -0.00212382 -0.00124856 0.00563719 -0.00647739 0.00524046 0.0213989 -0.0180525 -0.0154429 -0.0114604 0.0250437 -0.0152878 -0.00446465 -0.019461 -0.0313513 -0.0405812
internal_weight=3247.11 1481.7 1765.41 625.538 1139.87 996.656 332.938 108.053 224.885 1133.75 1110.99 478.625 632.361 905.568 292.6 347.954 325.889 284.178 261.964 143.212 87.4612 91.088 55.7506 41.7112
internal_count=13771 6326 7445 2681 4764 4164 1387 453 934 4679 4578 1977 2601 3775 1294 1647 1541 1318 1168 600 362 389 238 223
is_linear=0
shrinkage=0.05


Tree=33
num_leaves=24
num_cat=0
split_feature=29 0 1 31 35 27 29 29 36 31 35 25 18 18 1 12 8 25 29 36 34 25 13
split_gain=33.848 25.0341 24.6376 16.5135 15.876 53.014 40.8865 24.5399 17.4159 16.2915 14.8149 14.235 22.2356 13.8567 11.6987 10.7809 9.67236 7.96471 7.61904 7.13442 8.67714 4.50514 1.39582
threshold=0.25249999761581426 -1.2172889709472654 0.64707750082016002 0.015293638221919538 17.094521522521976 0.020559453405439857 0.44249999523162847 0.37250000238418585 -0.0096738967113196832 -0.012201181612908838 20.015156745910648 0.00086586838006041955 0.61002299189567577 0.89642849564552318 -0.77992299199104298 -0.11308447271585463 -0.3512625098228454 0.0018287465791217985 0.23050000518560412 -0.00077604991383850564 0.69393301010131847 0.0029550135368481283 -0.19225449860095975
decision_type=2 2 2 2 2 2 2 2 2 2 2 2 2 2 2 2 2 2 2 2 2 2 2
left_child=1 14 4 11 7 6 -6 9 -9 -2 -7 13 -13 -3 -1 17 -5 -16 -17 -4 22 -22 -21
right_child=2 3 19 16 5 10 -8 8 -10 -11 -12 12 -14 -15 15 18 -18 -19 -20 20 21 -23 -24
leaf_value=-0.044968392946766744 -0.025929028757628564 -0.0099549547884695937 0.04235292011592609 -0.007931525538195346 0.015605226277448651 0.057476962623590123 -0.020856915559516756 -0.028379815119158658 0.0074432130767697214 -0.0037579459890300566 0.012419861883825956 0.01082737026271726 -0.011605335803950937 0.022608262619774916 -0.024679526971636345 0 -0.043379440073496166 0.0061935551620156586 -0.027653519188313897 -0.0077359218070323938 0.013184398542311375 0.04700101405952143 0.0091638637704651357
leaf_weight=30.745822921395302 105.6149775236845 360.47641918063164 41.588994055986404 48.304330512881279 199.59862750768661 63.914484769105911 122.22594076395035 33.588780716061592 708.03184880316257 371.11121954023838 27.916228145360947 440.1577033251524 145.07810543477535 33.858407452702522 182.45207831263542 154.88879662752151 32.375477269291878 22.192354112863541 27.657973989844322 22.175235599279404 21.95576673746109 22.320867821574211 22.521358892321587
leaf_count=210 445 1495 202 197 832 273 516 148 2955 1544 119 1799 598 139 848 683 135 101 121 102 99 110 100
internal_value=-4.95542e-05 -0.00562836 0.00462456 -0.00152262 0.00292997 0.0113679 0.00168308 4.29646e-05 0.00573534 -0.00877847 0.044443 0.000277896 0.00522876 -0.0070338 -0.0159634 -0.0134152 -0.0229824 -0.0212556 -0.0044365 0.0253674 0.0165614 0.0317428 0.000593034
internal_weight=3240.75 1478.19 1762.56 1060.25 1632 413.655 321.825 1218.35 741.621 476.726 91.8307 979.571 585.236 394.335 417.937 387.191 80.6798 204.644 182.547 130.562 88.9732 44.2766 44.6966
internal_count=13771 6326 7445 4363 6832 1740 1348 5092 3103 1989 392 4031 2397 1634 1963 1753 332 949 804 613 411 209 202
is_linear=0
shrinkage=0.05


end of trees

feature_importances:
Column_35=107
Column_27=82
Column_29=70
Column_0=51
Column_33=49
Column_1=46
Column_25=33
Column_34=30
Column_3=26
Column_10=26
Column_18=25
Column_30=24
Column_36=23
Column_8=22
Column_9=20
Column_31=20
Column_32=19
Column_2=15
Column_5=15
Column_12=15
Column_23=14
Column_4=12
Column_28=12
Column_17=11
Column_20=11
Column_7=9
Column_13=9
Column_26=9
Column_16=8
Column_6=7
Column_21=7
Column_22=7
Column_15=4
Column_11=1
Column_19=1

parameters:
[boosting: gbdt]
[objective: binary]
[metric: auc]
[tree_learner: serial]
[device_type: cpu]
[data_sample_strategy: bagging]
[data: ]
[valid: ]
[num_iterations: 300]
[learning_rate: 0.05]
[num_leaves: 31]
[num_threads: 6]
[seed: 42]
[deterministic: 0]
[force_col_wise: 0]
[force_row_wise: 0]
[histogram_pool_size: -1]
[max_depth: 5]
[min_data_in_leaf: 100]
[min_sum_hessian_in_leaf: 0.001]
[bagging_fraction: 0.8]
[pos_bagging_fraction: 1]
[neg_bagging_fraction: 1]
[bagging_freq: 0]
[bagging_seed: 400]
[bagging_by_query: 0]
[feature_fraction: 0.7]
[feature_fraction_bynode: 1]
[feature_fraction_seed: 30056]
[extra_trees: 0]
[extra_seed: 12879]
[early_stopping_round: 0]
[early_stopping_min_delta: 0]
[first_metric_only: 0]
[max_delta_step: 0]
[lambda_l1: 0.2]
[lambda_l2: 2]
[linear_lambda: 0]
[min_gain_to_split: 0]
[drop_rate: 0.1]
[max_drop: 50]
[skip_drop: 0.5]
[xgboost_dart_mode: 0]
[uniform_drop: 0]
[drop_seed: 17869]
[top_rate: 0.2]
[other_rate: 0.1]
[min_data_per_group: 100]
[max_cat_threshold: 32]
[cat_l2: 10]
[cat_smooth: 10]
[max_cat_to_onehot: 4]
[top_k: 20]
[monotone_constraints: ]
[monotone_constraints_method: basic]
[monotone_penalty: 0]
[feature_contri: ]
[forcedsplits_filename: ]
[refit_decay_rate: 0.9]
[cegb_tradeoff: 1]
[cegb_penalty_split: 0]
[cegb_penalty_feature_lazy: ]
[cegb_penalty_feature_coupled: ]
[path_smooth: 0]
[interaction_constraints: ]
[verbosity: -1]
[saved_feature_importance_type: 0]
[use_quantized_grad: 0]
[num_grad_quant_bins: 4]
[quant_train_renew_leaf: 0]
[stochastic_rounding: 1]
[linear_tree: 0]
[max_bin: 255]
[max_bin_by_feature: ]
[min_data_in_bin: 3]
[bin_construct_sample_cnt: 200000]
[data_random_seed: 175]
[is_enable_sparse: 1]
[enable_bundle: 1]
[use_missing: 1]
[zero_as_missing: 0]
[feature_pre_filter: 1]
[pre_partition: 0]
[two_round: 0]
[header: 0]
[label_column: ]
[weight_column: ]
[group_column: ]
[ignore_column: ]
[categorical_feature: ]
[forcedbins_filename: ]
[precise_float_parser: 0]
[parser_config_file: ]
[objective_seed: 16083]
[num_class: 1]
[is_unbalance: 0]
[scale_pos_weight: 1]
[sigmoid: 1]
[boost_from_average: 1]
[reg_sqrt: 0]
[alpha: 0.9]
[fair_c: 1]
[poisson_max_delta_step: 0.7]
[tweedie_variance_power: 1.5]
[lambdarank_truncation_level: 30]
[lambdarank_norm: 1]
[label_gain: ]
[lambdarank_position_bias_regularization: 0]
[eval_at: ]
[multi_error_top_k: 1]
[auc_mu_weights: ]
[num_machines: 1]
[local_listen_port: 12400]
[time_out: 120]
[machine_list_filename: ]
[machines: ]
[gpu_platform_id: -1]
[gpu_device_id: -1]
[gpu_use_dp: 0]
[num_gpu: 1]

end of parameters

pandas_categorical:null
