tree
version=v4
num_class=3
num_tree_per_iteration=3
label_index=0
max_feature_idx=34
objective=multiclass num_class:3
feature_names=Column_0 Column_1 Column_2 Column_3 Column_4 Column_5 Column_6 Column_7 Column_8 Column_9 Column_10 Column_11 Column_12 Column_13 Column_14 Column_15 Column_16 Column_17 Column_18 Column_19 Column_20 Column_21 Column_22 Column_23 Column_24 Column_25 Column_26 Column_27 Column_28 Column_29 Column_30 Column_31 Column_32 Column_33 Column_34
feature_infos=[-13.986119270324707:12.311240196228027] [-0.92213797569274902:0.86255699396133423] [2334.031494140625:4728.697265625] [15.833520889282227:69.849876403808594] [-5873.50048828125:1539.5223388671875] none [0.02222600020468235:0.22283299267292023] [15.128155708312988:58.266666412353516] [-15.919281005859375:8.39447021484375] [0.26976498961448669:0.55751800537109375] [-26.852569580078125:18.72735595703125] [-1:1] [-2.4114511013031006:2.3178129196166992] [-1.2582850456237793:0.98352199792861938] [-0.98352199792861938:1.2582850456237793] [-1:1] [-0.97492802143096924:0.97492802143096924] [-0.90096902847290039:1] [0:0.96774202585220337] [0:1] [-13.986119270324707:12.311240196228027] [0:0.98439997434616089] [-20.144699096679688:10.364812850952148] [-34.253673553466797:16.88249397277832] none [7.1071350248530507e-05:0.019905319437384605] [0.98096048831939697:1.0152201652526855] [0.018428988754749298:0.038969609886407852] [-1:1] [0.0080000003799796104:5.9549999237060547] [-1.9969296455383301:1.4847652912139893] [-0.15586920082569122:0.23008787631988525] [-0.12596997618675232:0.11683930456638336] [0:18.420680999755859] [0.41025948524475098:0.76311242580413818]
tree_sizes=3238 3023 3219 3200 2783 3017 3235 3033 2482 3219 3241 2379 3213 3108 3317 3326 3120 2685 3106 3407 3320 3332 3237 2798 3388 2821 3445 3207 3100 2704 3247 3023 3376 3431 2894 3076 3432 3223 3220 3106 3243 3125 3218 3123 2687 3210 3143 2989 3029 3465 1856 3019 3109 2978 3352 3027 2888 3120 2971 2277 3352 3082 3344 3221 3000 2716 3136 3134 3353 2803 3214 2489 2593 3221 2568 3127 3029 2249 3328 3214 3027 3436 2915 2550 2987 3451 3345 3231 3417 3017 3452 3209 3013 3188 3442 3144 2680 3365 2806 2993 3239 3112 3231 3086 2452 2915 3238 2700 2681 2887 2772 2864 2927 2578 2686 2888 3428 3235 2820 2801

Tree=0
num_leaves=30
num_cat=0
split_feature=0 1 9 13 27 6 27 27 6 27 32 0 6 27 28 9 25 32 18 25 8 34 27 9 25 25 25 34 16
split_gain=224.135 44.4135 30.5173 28.8273 27.8695 17.0679 23.7342 16.0968 12.466 14.6989 11.5546 11.3937 10.956 9.65817 8.68987 8.0038 7.65812 7.24444 6.94428 6.70644 6.41321 5.67321 5.70711 4.76475 4.71226 4.52091 2.53802 2.10078 0.484633
threshold=0.30329549312591558 -0.28113849461078638 0.40329450368881231 0.28334850072860723 0.026672904379665855 0.057730501517653472 0.020947109907865528 0.026829344220459465 0.049659000709652908 0.019799064844846729 -1.0000000180025095e-35 -3.1728779077529903 0.044652499258518226 0.024219088256359104 0.72395557165145885 0.37418049573898321 0.0023986618034541611 0.015427603852003815 0.45794950425624853 0.0033631552942097191 0.24390248954296115 0.67446953058242809 0.025240996852517131 0.37050449848175054 0.0011096558300778272 0.0019194062333554032 0.0023986618034541611 0.74207592010498058 0.87837952375411998
decision_type=2 2 2 2 2 2 2 2 2 2 2 2 2 2 2 2 2 2 2 2 2 2 2 2 2 2 2 2 2
left_child=1 4 12 5 11 8 23 20 9 -2 21 27 25 -8 17 24 -10 -12 -13 -14 -4 28 -23 -7 -6 -3 -17 -1 -5
right_child=3 2 7 10 15 6 13 -9 16 -11 14 18 19 -15 -16 26 -18 -19 -20 -21 -22 22 -24 -25 -26 -27 -28 -29 -30
leaf_value=-1.1267014108127393 -1.0984407171415138 -1.1168943402803155 -1.1096959904119092 -1.0785904756314146 -1.1159672369666311 -1.114270498405552 -1.0473379639207263 -1.0625011200221826 -1.058153267782769 -1.075794078479448 -1.1132724093799808 -1.1102082553548742 -1.0899806171718385 -1.0825713508784998 -1.0749029335811653 -1.0986279760050131 -1.077656309832058 -1.0880080471103242 -1.1195676129355592 -1.1063320237722167 -1.1246875331152366 -1.0835558746717449 -1.1228555368566477 -1.0969438902540865 -1.0867438576367681 -1.0923457638491834 -1.1184438941340835 -1.0997963454682409 -1.0517292937024818
leaf_weight=105.83266997337341 33.847950369119644 24.48579603433609 86.022912055253983 4.0976966321468371 4.9406304061412802 19.914622873067856 7.2903853356838217 5.0115677118301383 49.812433123588562 120.04890462756157 53.629935324192047 171.19021168351173 186.34982740879059 143.63172191381454 7.1182857453823081 10.758527219295503 35.662154614925385 11.783625096082686 135.88082724809647 24.704564809799194 39.85698726773262 14.546811580657961 3.6690222322940818 44.955562949180603 42.441208094358444 8.3119605183601362 15.076810389757155 3.4420560002326956 4.2393598258495331
leaf_count=354 103 82 275 11 15 67 15 12 118 319 178 535 532 400 19 32 96 33 446 78 139 40 13 138 117 24 49 10 9
internal_value=-1.09898 -1.10854 -1.10073 -1.08411 -1.11449 -1.08092 -1.08716 -1.11241 -1.07536 -1.0807 -1.09868 -1.11749 -1.09449 -1.08065 -1.10497 -1.09754 -1.06602 -1.10854 -1.11441 -1.09195 -1.1146 -1.08203 -1.09239 -1.1022 -1.09013 -1.1104 -1.11069 -1.12595 -1.06203
internal_weight=1418.56 864.307 374.744 554.248 489.563 455.164 215.792 130.891 239.371 153.897 99.0847 416.346 243.852 150.922 72.5318 73.2172 85.4746 65.4136 307.071 211.054 125.88 26.5529 18.2158 64.8702 47.3818 32.7978 25.8353 109.275 8.33706
internal_count=4259 2700 1142 1559 1558 1256 620 426 636 422 303 1345 716 415 230 213 214 211 981 610 414 73 53 205 132 106 81 364 20
is_linear=0
shrinkage=1


Tree=1
num_leaves=28
num_cat=0
split_feature=1 1 1 27 3 27 21 27 25 27 27 6 3 7 3 27 33 13 7 27 27 9 27 31 26 27 27
split_gain=235.664 46.9818 38.4284 19.058 23.1725 15.9868 22.3066 16.9119 13.4038 11.8344 10.8503 13.7423 7.6952 7.48507 7.02285 8.3308 6.9705 6.74154 5.19639 4.92541 4.92425 4.26573 3.40474 1.74669 1.17099 1.48626 0.404932
threshold=-0.25575350224971766 0.63102951645851146 -0.69541749358177174 0.020410035736858848 45.40954780578614 0.026736826635897163 0.30470000207424169 0.02057580836117268 0.0025433632545173173 0.019815457053482536 0.020333440974354747 0.071784999221563353 54.423530578613288 27.037940025329593 38.33845520019532 0.02728238329291344 0.067337680608034148 -0.11044700071215628 37.575246810913093 0.019647951237857345 0.020446146838366989 0.34642449021339422 0.027147546410560611 0.00086596989422105264 0.99842724204063427 0.026077516376972202 0.026860929094254974
decision_type=2 2 2 2 2 2 2 2 2 2 2 2 2 2 2 2 2 2 2 2 2 2 2 2 2 2 2
left_child=2 3 10 4 13 6 7 -4 -8 -6 12 18 23 -2 26 -16 22 -18 -12 -14 -13 24 -5 -1 -3 -26 -7
right_child=1 21 5 16 9 14 8 -9 -10 -11 11 20 19 -15 15 -17 17 -19 -20 -21 -22 -23 -24 -25 25 -27 -28
leaf_value=-1.0478037862530745 -1.0734924960666716 -1.1012720645539458 -1.0851819163681233 -1.0952099649203542 -1.0936041734348798 -1.1092268363162889 -1.0679730045930182 -1.1038774508980909 -1.0865197137241196 -1.108575621174595 -1.1052073946931227 -1.0986122652319208 -1.0680625443490699 -1.0935741082835035 -1.0870011683829439 -1.1249716892768962 -1.0979105114857644 -1.1102866512649945 -1.0815846002742342 -1.1027986133202683 -1.0546333508892085 -1.1269690258057574 -1.1229991980706444 -1.0750455800179024 -1.1153322312705714 -1.1251909178561739 -1.1259743661236601
leaf_weight=36.508138954639435 37.459199666976929 5.677061438560485 137.07989177107811 49.994498640298843 77.475787848234177 5.2223011553287497 87.04534649848938 62.558902621269226 63.663540244102478 119.28385496139526 11.667885661125181 2.7676991224288967 20.176992416381839 32.751087367534637 23.320528477430347 6.0923600494861594 43.11038663983345 347.09194979071617 24.273861229419708 3.7973096370697013 20.732087165117264 67.006399601697922 3.7757363915443412 5.0214208066463462 92.949279189109802 23.453377813100815 8.5981439054012281
leaf_count=116 120 18 437 147 241 13 282 198 210 328 30 10 62 106 69 19 127 1019 74 14 67 183 10 17 260 57 25
internal_value=-1.09798 -1.10725 -1.08187 -1.10369 -1.09739 -1.08654 -1.08441 -1.09108 -1.07568 -1.10264 -1.06735 -1.07727 -1.05872 -1.08263 -1.10355 -1.09548 -1.1075 -1.1089 -1.08949 -1.07391 -1.05954 -1.12054 -1.09753 -1.05056 -1.11683 -1.1175 -1.12087
internal_weight=1418.56 900.029 518.526 710.943 266.97 393.581 350.348 199.639 150.709 196.76 124.945 59.4415 65.5039 70.2103 43.2333 29.4129 443.973 390.202 35.9417 23.9743 23.4998 189.086 53.7702 41.5296 122.08 116.403 13.8204
internal_count=4259 2616 1643 2098 795 1253 1127 635 492 569 390 181 209 226 126 88 1303 1146 104 76 77 518 157 133 335 317 38
is_linear=0
shrinkage=1


Tree=2
num_leaves=30
num_cat=0
split_feature=9 17 1 29 12 12 17 9 7 7 33 0 34 33 18 6 4 28 33 29 29 33 34 34 29 31 21 29 28
split_gain=33.2258 16.6648 16.1988 16.7155 12.9674 10.6258 10.288 11.6768 9.80698 9.35275 8.88207 5.68508 5.55772 5.17098 4.5085 4.03117 3.35239 3.26375 3.05366 2.93517 4.01317 3.24215 2.76364 2.20804 2.12174 1.58246 0.695562 1.95527 1.80977
threshold=0.34812349081039434 0.81174498796463024 -0.47741100192070002 0.25550000369548803 -1.6645154953002927 -0.78168398141860951 1.0000000180025095e-35 0.4505975097417832 53.926776885986335 22.169844627380375 0.49841429293155676 -0.73244249820709217 0.68539175391197216 0.50777783989906322 0.90161299705505382 0.067668996751308455 -3846.886840820312 -0.65211305022239674 0.91572123765945446 0.37250000238418585 1.0254999995231631 0.18888977915048602 0.65978986024856578 0.72196003794670116 0.22850000113248828 -0.017245775088667866 0.11719999834895135 0.26749999821186071 -0.27422446012496943
decision_type=2 2 2 2 2 2 2 2 2 2 2 2 2 2 2 2 2 2 2 2 2 2 2 2 2 2 2 2 2
left_child=2 6 16 9 13 -6 7 8 -2 14 -9 18 17 -5 -4 -11 22 -3 -8 21 -21 -14 -1 -24 -19 -13 28 -28 -18
right_child=1 12 3 4 5 -7 11 10 -10 15 -12 25 19 -15 -16 -17 26 24 -20 20 -22 -23 23 -25 -26 -27 27 -29 -30
leaf_value=-1.1180717856065094 -1.0970781485191703 -1.0946442958633824 -1.0972670697910885 -1.07677134913686 -1.1085318669039779 -1.0930350554743369 -1.0942971074905046 -1.0786143272459832 -1.0769735336272324 -1.1149521672915155 -1.0989559452593312 -1.1188983248570856 -1.0797066905975361 -1.0991004088466272 -1.1091683131932213 -1.1054973745800727 -1.0993037742627738 -1.0832113452347323 -1.1221600134801626 -1.0713102289610299 -1.1035890258721892 -1.109607744141148 -1.0719048805954972 -1.1033540957649199 -1.0596431078045851 -1.1062927791393613 -1.1261820519592374 -1.1131407225057264 -1.1176965971450525
leaf_weight=3.9747496545314771 483.81750303506851 5.1326475739479092 101.68265503644943 37.599791646003723 68.761789470911026 92.783507823944092 55.033141613006592 65.414761036634445 22.495856285095215 101.31498247385025 26.087399363517761 11.50998932123184 4.3596118688583401 11.302940785884855 38.860182404518127 76.706938594579697 8.2231347560882586 7.2860347330570248 3.219602406024932 10.924620628356932 4.1622540950775138 9.2957294881343824 3.2825043797492981 3.2017139494419098 17.389294862747192 73.230761379003525 28.440254092216492 26.506009191274643 16.554639160633087
leaf_count=12 1494 17 302 124 185 277 177 218 73 267 80 30 15 33 102 218 27 24 10 39 11 27 12 10 63 206 80 77 49
internal_value=-1.09887 -1.09483 -1.10409 -1.10205 -1.09553 -1.09959 -1.09607 -1.09434 -1.09615 -1.10639 -1.08448 -1.10326 -1.07947 -1.08207 -1.10052 -1.11096 -1.11583 -1.07032 -1.09618 -1.08959 -1.08067 -1.0991 -1.09894 -1.08795 -1.0658 -1.10822 -1.11792 -1.12024 -1.11208
internal_weight=1418.56 799.359 619.196 529.013 210.448 161.545 740.809 597.816 506.313 318.565 91.5022 142.993 58.5502 48.9027 140.543 178.022 90.183 29.808 58.2527 28.7422 15.0869 13.6553 10.459 6.48422 24.6753 84.7408 79.724 54.9463 24.7778
internal_count=4259 2484 1775 1508 619 462 2288 1865 1567 889 298 423 196 157 404 485 267 104 187 92 50 42 34 22 87 236 233 157 76
is_linear=0
shrinkage=1


Tree=3
num_leaves=29
num_cat=0
split_feature=0 1 27 14 9 29 22 27 0 25 27 27 14 3 31 9 2 22 12 25 32 34 4 28 31 27 28 33
split_gain=237.453 41.1006 35.4407 21.6027 19.9725 17.2887 15.3268 16.9904 17.4122 15.5216 13.9662 12.4099 12.1487 12.3866 11.8655 10.6461 8.6463 7.43705 7.94044 6.62867 7.99658 6.52197 6.09231 5.86606 5.03709 4.21113 3.36486 2.51396
threshold=0.30329549312591558 -0.45222748816013331 0.026694961823523048 -0.30557900667190546 0.40329450368881231 0.47249999642372137 -0.093178998678922639 0.020839642733335498 1.1816384792327883 0.00072713172994554054 0.018900832161307338 0.027024132199585441 0.13321150094270709 44.954353332519538 0.017439223825931553 0.37418049573898321 2590.5112304687505 4.199775457382203 1.8379580378532412 0.0010718263802118602 -0.01001991471275687 0.73336955904960643 -2327.455932617187 -0.37089323997497553 0.027558424510061744 0.026909084990620617 0.14101009070873263 0.18888977915048602
decision_type=2 2 2 2 2 2 2 2 2 2 2 2 2 2 2 2 2 2 2 2 2 2 2 2 2 2 2 2
left_child=1 2 17 14 12 11 7 9 -9 -5 -8 -6 13 -3 19 23 -12 18 -1 26 -21 -19 -7 -4 -14 -17 -2 -16
right_child=3 4 15 6 5 22 10 8 -10 -11 16 -13 24 -15 27 25 -18 21 -20 20 -22 -23 -24 -25 -26 -27 -28 -29
leaf_value=-0.024284584081705102 0.032976753189583076 -0.00060104249963891768 -0.0060922204985117412 0.023303203166953022 -0.020796390792804303 -0.0092364991276262312 -0.019640962074272628 -0.0077396869226115141 0.022878514194237715 -0.0032169761344130908 0.010909937706437283 0.018754452405300409 -0.014853022301718904 0.015073436272406999 0.0063296634115808078 0.0056028602925825999 0.02709906713121411 -0.013013580561196969 -0.00044867725903689412 0.02283677002993751 -0.0092814301845598191 0.026156892894973645 0.0132899801994063 0.022156281823858693 0.016128608168149514 -0.027278873106769852 0 0.04287254147157489
leaf_weight=260.41120821237564 6.0060550272464734 209.00633382797241 7.9508846700191489 25.522151559591293 116.74050721526146 18.159004598855972 6.1081219613552085 18.512343972921371 126.91928586363792 82.125475645065308 38.912443876266479 6.9857763648033133 54.584971398115158 57.113508820533752 3.3620410561561567 4.7275261580944052 184.37296244502068 41.210330933332443 14.045195192098616 7.2213155627250663 63.654236167669296 3.6130533814430228 24.53423872590065 26.170903772115707 4.4850455224513999 8.8931348919868451 4.5770917236804962 6.3149401545524597
leaf_count=863 14 633 24 66 397 61 21 57 336 255 111 19 176 154 10 13 469 134 42 19 207 9 69 67 12 31 14 14
internal_value=-3.00673e-05 -0.0100183 -0.0176163 0.0149013 -0.00431549 -0.0127512 0.017431 0.0122234 0.0189062 0.00306614 0.023098 -0.0184243 0 0.00275115 0.00138904 0.00629111 0.0243486 -0.0212236 -0.0231006 -0.00231011 -0.00574585 -0.00940389 0.00350427 0.0153211 -0.0122339 -0.0154345 0.0191083 0.0319957
internal_weight=1432.24 858.632 367.022 573.608 491.609 166.42 482.473 253.079 145.432 107.648 229.394 123.726 325.19 266.12 91.1357 47.7424 223.285 319.28 274.456 81.4587 70.8756 44.8234 42.6932 34.1218 59.07 13.6207 10.5831 9.67698
internal_count=4297 2704 1183 1593 1521 546 1315 714 393 321 601 416 975 787 278 135 580 1048 905 254 226 143 130 91 188 44 28 24
is_linear=0
shrinkage=0.03


Tree=4
num_leaves=25
num_cat=0
split_feature=1 1 1 27 23 27 9 27 9 13 2 29 20 2 25 27 18 31 20 34 29 2 32 32
split_gain=222.471 59.6009 23.5078 18.2686 23.9538 13.2781 12.9541 10.7393 9.70194 9.60876 7.82902 7.53973 9.42937 6.67851 5.78129 5.21037 5.93584 4.78514 2.91509 3.31451 1.84696 1.83743 1.6813 1.1292
threshold=-0.45222748816013331 0.64156350493431102 0.012303000316023828 0.026672904379665855 2.8623635768890385 0.020385479554533962 0.38430349528789526 0.026885607279837135 0.29776550829410559 -0.16007299721240995 3775.824340820313 0.25749999284744268 -2.2767890691757198 2476.3061523437505 0.002835816354490817 0.027514189481735233 0.37212000787258154 -0.017315723933279511 2.7174900770187382 0.5920597016811372 0.64049997925758373 3460.3056640625005 -0.0075263658072799436 -0.023240039125084874
decision_type=2 2 2 2 2 2 2 2 2 2 2 2 2 2 2 2 2 2 2 2 2 2 2 2
left_child=3 2 7 4 5 13 10 8 -2 -7 14 12 -6 -1 -5 16 -4 -13 19 -3 -21 -9 23 -20
right_child=1 18 15 6 11 9 -8 21 -10 -11 -12 17 -14 -15 -16 -17 -18 -19 22 20 -22 -23 -24 -25
leaf_value=0.018052807028137299 0.01636661716056434 0.002287326945076355 -0.0039093083646028759 -0.0035017676935013291 0.039543706614522937 6.0450347154668889e-05 0.046877125896875288 -0.0094460551451314607 0.0014144732269578432 0.02593509988642018 -0.027188415942645202 0.028858279978135667 0.011451434473349511 0.045182556213726112 0.023321932874392708 -0.02608041732539192 -0.010727364435426824 -0.0021769443759334559 -0.019517956278867914 -0.020560628061806602 0 -0.027173348579759213 -0.02750548304252684 0.00022434677606038313
leaf_weight=12.240706980228422 44.377507597208023 6.0132000744342795 229.91280320286751 25.393039733171463 13.680320233106611 15.07029142975807 4.8284416496753684 21.917032420635227 318.58648484945297 133.51076921820641 8.7665118575096113 4.5186653137207022 55.964651584625244 51.609200268983841 9.3707888424396497 13.928485274314879 243.01221787929535 38.666247308254242 4.6221340298652649 68.251314342021942 3.7618810832500449 8.575478255748747 92.576390653848648 3.5515324473381025
leaf_count=42 138 19 676 69 44 45 15 63 981 435 25 15 175 162 28 31 702 128 15 193 10 27 248 11
internal_value=0.000180386 -0.00683541 -0.00361012 0.0200744 0.0226328 0.0285912 0.00262746 0.00182373 0.00328735 0.0233801 -0.00255295 0.0112584 0.0173404 0.040302 0.00370165 -0.00801738 -0.0074394 0.00115755 -0.0226125 -0.0176464 -0.0194393 -0.0150799 -0.0262634 -0.0103837
internal_weight=1432.71 1059.09 880.31 373.62 325.261 212.431 48.3588 393.457 362.964 148.581 43.5303 112.83 69.645 63.8499 34.7638 486.854 472.925 43.1849 178.776 78.0264 72.0132 30.4925 100.75 8.17367
internal_count=4297 3114 2618 1183 1046 684 137 1209 1119 480 122 362 219 204 97 1409 1378 143 496 222 203 90 274 26
is_linear=0
shrinkage=0.03


Tree=5
num_leaves=27
num_cat=0
split_feature=9 7 9 2 12 6 29 29 4 25 13 0 27 27 2 27 18 9 27 0 29 18 27 3 28 28
split_gain=23.9065 16.8771 15.0225 14.395 10.115 11.0263 9.82329 10.8535 8.54276 8.47523 7.74372 7.96843 6.90228 12.4476 14.4444 9.63586 6.62514 6.1339 5.66587 8.9742 5.40893 4.74268 3.80331 3.26439 1.16295 0.204264
threshold=0.34812349081039434 22.169844627380375 0.48862600326538091 3548.035278320313 -0.17221700400114057 0.063080500811338439 0.62149998545646679 1.1459999680519106 -3198.515014648437 0.00096424558432772766 -0.096115000545978532 -1.5613420009613035 0.02104188967496157 0.02051569148898125 2747.052368164063 0.020106017589569095 0.62788000702857982 0.38069950044155126 0.026885607279837135 -1.8333045244216917 1.3184999823570254 0.47407850623130804 0.027442594990134243 31.627449989318851 -0.6217614710330962 0.048753187060356147
decision_type=2 2 2 2 2 2 2 2 2 2 2 2 2 2 2 2 2 2 2 2 2 2 2 2 2 2
left_child=1 12 4 10 5 8 17 -8 -2 -5 11 -3 13 15 -15 -1 -7 -6 19 24 -21 -11 -20 -12 -4 -14
right_child=2 3 18 9 6 16 7 -9 -10 21 23 -13 25 14 -16 -17 -18 -19 22 20 -22 -23 -24 -25 -26 -27
leaf_value=0.0083027727631918014 0.034361076850532142 -0.022968286801101623 -0.0092391220428545643 -0.022206979096282324 0.00067443518255396221 -0.0086027494558153211 0.019906195770881908 -0.0066557635812174096 0.0072735071509314204 -0.00013619995470713414 -0.0016260267700637923 -0.0042124435244508306 -0.010582551833698535 0.051898750687252193 0.0089673411615333824 -0.0090110827994638008 0.0043314167756600885 -0.00853775490623878 -0.022033653555042273 0.028807221469579921 -0.0017416666040904795 0.013794594858425487 0.012289705834474486 -0.018053330465646722 0.0061231807643179802 -0.025993714505978358
leaf_weight=49.219310820102692 10.686748743057249 23.664904564619064 5.0892958045005825 11.697130143642424 110.45743760466576 67.929896146059036 33.486751168966293 22.368908792734146 263.86287745833397 67.05493825674057 13.357439041137694 149.08828148245811 5.4908225536346418 7.7789806425571433 57.868742555379868 68.13265323638916 73.058507055044174 151.81138789653778 5.2728235423564893 44.326097369194031 5.2190480530261985 31.347376555204391 5.0957135260105133 126.23149400949478 17.570731461048126 5.4246343076229095
leaf_count=149 39 70 16 30 333 196 112 69 839 206 38 428 14 30 173 192 228 437 11 154 14 100 15 331 60 13
internal_value=-0.00014406 -0.00460775 0.0032163 -0.00797358 0.00183193 0.00491821 -0.00217255 0.00914437 0.00842115 0.00127721 -0.01126 -0.00689256 0.00268 0.00412227 0.0145444 -0.00166859 -0.00184519 -0.00462979 0.015323 0.0183118 0.0254241 0.00425795 -0.00454769 -0.016557 0.00215933 -0.0198329
internal_weight=1432.59 616.357 816.236 422.442 733.663 415.538 318.124 55.8557 274.55 110.099 312.342 172.753 193.915 183 65.6477 117.352 140.988 262.269 82.5737 72.2052 49.5451 98.4023 10.3685 139.589 22.66 10.9155
internal_count=4297 1774 2523 1203 2253 1302 951 181 878 336 867 498 571 544 203 341 424 770 270 244 168 306 26 369 76 27
is_linear=0
shrinkage=0.03


Tree=6
num_leaves=29
num_cat=0
split_feature=0 1 9 14 22 14 27 18 27 27 2 29 10 12 27 31 22 0 12 25 29 32 26 34 25 30 28 26
split_gain=197.61 44.2986 27.6239 20.0754 23.2373 19.4952 15.2081 16.8953 14.1445 13.8341 11.6232 11.0285 10.7795 10.6286 20.6812 8.53998 7.79959 7.61106 6.00574 4.47105 4.35997 4.2037 5.29447 3.9893 3.67317 3.39588 2.98458 1.99775
threshold=0.30329549312591558 -0.50438550114631642 0.40329450368881231 -0.30557900667190546 -0.093178998678922639 0.13855250179767611 0.0198379484936595 0.4919355064630509 0.026885607279837135 0.018917583860456947 2590.5112304687505 0.51250001788139354 -13.689263820648192 -1.9395619630813596 0.020333440974354747 0.013948959298431875 4.199775457382203 -0.083535503596067415 1.8379580378532412 0.002835816354490817 0.49250000715255743 0.019412187859416011 0.99989795684814464 0.70347753167152416 0.0040770699270069608 -0.03847952373325824 0.30269110202789312 0.99993252754211437
decision_type=2 2 2 2 2 2 2 2 2 2 2 2 2 2 2 2 2 2 2 2 2 2 2 2 2 2 2 2
left_child=1 13 5 15 6 12 24 -8 11 19 -11 -4 -3 14 -1 21 18 -7 -15 -6 -17 22 -2 -16 -5 -23 -18 -10
right_child=3 2 8 4 9 17 7 -9 27 10 -12 -13 -14 16 23 20 26 -19 -20 -21 -22 25 -24 -25 -26 -27 -28 -29
leaf_value=-0.027962953869896716 0.0025729858174036542 -0.010469865341806167 -0.020389759640621483 -0.020984390891544108 -0.026366413953071145 -0.019607910310709322 0.0042698446629386702 0.020975974846684425 0.027269504085472372 0.0091864401715254038 0.027173394618911953 -0.0033970776692720528 0.0048615192359474976 -0.025675441393838781 0.0024372676368826954 0.034335444338185805 -0.0011524310264436387 0.0045467798078673944 -0.0027618145820509097 0.016663278481439715 -0.0023744832342553718 0.03165707519227956 -0.01409201240975797 0.030135593553679431 0.012803481577268143 -0.0035265259547494383 -0.020153400261578924 0.0011037225914268954
leaf_weight=17.318978950381279 31.411925107240677 47.161119192838669 135.01232489943504 16.769051373004917 6.3422348797321302 55.568175554275513 126.86589759588242 97.764492124319077 6.6288942992687208 41.646147549152374 191.38414695858955 48.169258818030357 297.05081027746201 177.51572056114674 10.672811120748522 8.5619745850563032 22.401762336492538 13.9237003326416 12.005230724811552 2.5139747858047485 3.5544485449790946 4.6697102785110474 35.093542963266373 9.2678814530372602 2.7800025641918173 3.7760091423988325 11.609262675046919 5.4266569018363953
leaf_count=56 96 151 459 56 23 186 374 259 17 119 477 153 862 608 30 20 70 40 37 7 11 11 117 22 8 12 39 16
internal_value=-4.26749e-05 -0.00905964 -0.0046021 0.0136209 0.0159953 -0.000186514 0.00937407 0.0116112 -0.0138883 0.0226091 0.0240239 -0.0159918 0.00272269 -0.0194047 -0.00420235 0.000246923 -0.0218835 -0.0146417 -0.0242824 -0.0129521 0.0231856 -0.00347108 -0.006126 0.0161732 -0.0155312 0.0156028 -0.00809699 0.0167211
internal_weight=1442.87 869.733 608.941 573.134 486.066 413.704 244.179 224.63 195.237 241.887 233.03 183.182 344.212 260.792 37.2597 87.0676 223.532 69.4919 189.521 8.85621 12.1164 74.9512 66.5055 19.9407 19.5491 8.44572 34.011 12.0556
internal_count=4336 2746 1884 1590 1323 1239 697 633 645 626 596 612 1013 862 108 267 754 226 645 30 31 236 213 52 64 23 109 33
is_linear=0
shrinkage=0.03


Tree=7
num_leaves=27
num_cat=0
split_feature=1 1 27 1 27 23 1 3 25 25 16 7 27 1 27 21 27 33 7 26 34 28 34 25 27 30
split_gain=186.18 39.0313 33.371 23.2788 18.721 17.7931 17.3945 14.3673 12.7606 10.5618 9.93528 9.86983 10.8449 6.24042 5.90713 7.47226 5.06832 4.86417 4.24918 4.00653 3.37483 1.94205 3.18041 0.656657 0.392821 0.196425
threshold=-0.15377149730920789 0.64156350493431102 0.026736826635897163 -0.45222748816013331 0.020415175706148151 2.8623635768890385 -0.80875051021575917 45.40954780578614 0.0025291513884440069 0.0016066835378296675 1.0000000180025095e-35 46.490381240844734 0.020556859672069553 0.28519800305366522 0.027514189481735233 0.49999998509883886 0.027326895855367187 0.10177331790328027 25.388464927673343 1.0025639533996584 0.59634447097778331 0.63315945863723766 0.67272269725799572 0.0061466584447771319 0.019419435411691669 -0.28997372090816492
decision_type=2 2 2 2 2 2 2 2 2 2 2 2 2 2 2 2 2 2 2 2 2 2 2 2 2 2
left_child=2 4 3 5 7 8 -4 9 -1 -2 16 12 -5 -9 15 -6 -8 -7 21 -13 -12 24 -23 25 -3 -20
right_child=1 18 6 11 14 17 10 13 -10 -11 20 19 -14 -15 -16 -17 -18 -19 23 -21 -22 22 -24 -25 -26 -27
leaf_value=0.029851038740310896 0.022035470001629542 -0.008679372724417567 0.048513013695815253 0.01171664630004534 -0.01266993748943171 0.024656703442462468 0.0099737636560869678 0.00086207510539472432 0.014446392616371768 -0.0030706013227242424 0.0069611314386283487 0.019189733931739689 -0.0053474929424221825 -0.010508295004839149 -0.027975265056341628 -0.0041377287685644484 -0.011470991042992542 0.0070154381689033502 -0.013191255523842607 -0.010532798109454844 -0.020881722062788117 0.011645154534952986 -0.016719298315507582 -0.01196862324845078 -0.019646970011114328 -0.027970731956546372
leaf_weight=149.46744683384895 40.106179118156433 7.5715546309947959 4.6704310476779929 59.04414838552475 231.32315468788147 16.973072648048401 27.061309456825256 103.02320921421051 78.02255979180336 22.899222701787949 3.5978759229183188 53.426656395196915 75.55180612206459 72.946411818265915 15.886989176273344 161.11704331636429 14.796830266714094 95.681526333093643 4.5414379239082328 3.7026749849319449 38.594532042741776 5.2688720226287833 8.1401275694370252 5.8880967497825614 60.620823115110397 84.106923371553421
leaf_count=477 129 23 14 179 671 54 80 301 246 75 10 171 235 212 35 482 42 307 11 12 108 16 23 19 172 232
internal_value=-0.000165466 -0.00952086 0.0122311 0.0150744 -0.00608514 0.0197967 -0.00470273 0.000548595 0.0246504 0.0128167 -0.00803561 0.00662006 0.00208719 -0.00381681 -0.0099855 -0.00919965 0.00213466 0.0098501 -0.0220431 0.0170325 -0.0182429 -0.0165304 -0.00490887 -0.0265948 -0.0186323 -0.0273928
internal_weight=1444.03 823.44 620.591 531.87 647.302 340.145 88.721 238.975 227.49 63.0054 84.0505 191.725 134.596 175.97 408.327 392.44 41.8581 112.655 176.138 57.1293 42.1924 81.6014 13.409 94.5365 68.1924 88.6484
internal_count=4336 2401 1935 1681 1905 1084 254 717 723 204 240 597 414 513 1188 1153 122 361 496 183 118 234 39 262 195 243
is_linear=0
shrinkage=0.03


Tree=8
num_leaves=22
num_cat=0
split_feature=1 25 12 8 27 14 0 0 0 28 27 25 18 2 33 22 27 27 28 26 33
split_gain=21.2182 16.3144 10.7755 7.91884 10.9667 7.70813 7.57503 6.81957 11.405 8.09105 6.40572 6.12123 6.279 6.03127 3.99019 3.4383 0.775291 3.00999 1.50791 0.719143 0.627561
threshold=-0.77992299199104298 0.0015943654580041768 -1.688320994377136 -3.8716080188751216 0.020020776428282264 0.0059585000853985557 0.10615099966526033 0.30329549312591558 0.085505001246929183 -0.86211636662483204 0.020415175706148151 0.0010405936045572164 0.57603701949119579 3226.7993164062505 1.0120487213134768 -1.217770993709564 0.024871427565813068 0.025674450211226944 0.73238420486450206 0.99792587757110607 0.23528130352497104
decision_type=2 2 2 2 2 2 2 2 2 2 2 2 2 2 2 2 2 2 2 2 2
left_child=16 7 6 4 -4 -5 14 8 9 -2 -10 13 -13 -9 -3 -8 19 20 -19 -1 -18
right_child=1 2 3 5 -6 -7 15 11 10 -11 -12 12 -14 -15 -16 -17 17 18 -20 -21 -22
leaf_value=-0.0053234586087541735 0.023918571481440696 0.0083162119386265797 0.038474878605401656 0.0029758987827679657 0.0056933591937505757 -0.0050942075743483153 0.031448181224942029 -0.0078881879276956821 -0.0016470294865472202 -0.0028723845288096913 0.023018252114440967 0.0038439644926884201 -0.010359119258704058 -0.024931747974942693 -0.017500223534397921 0.012425908967874483 0.013522480940398356 -0.02345561725921206 0 -0.025369474769927462 -0.0035141871013271153
leaf_weight=3.3360687792301205 9.9123142361640912 78.567260473966599 9.3611655831336957 305.80774927139282 174.73243123292923 162.70970463752747 20.578527212142944 94.208993136882782 13.359702646732329 332.89988431334496 27.03081014752388 69.622813135385513 45.735954821109772 24.254440367221832 5.1155067384243003 19.849393278360367 2.8317456841468838 14.815720349550249 3.2487205862998954 22.486768156290054 3.0277824401855469
leaf_count=10 35 249 33 930 532 465 70 253 44 1028 90 205 119 58 13 62 10 43 10 67 10
internal_value=0.000214416 0.000910746 0.0038074 0.00224492 0.00750876 0.000151629 0.0119092 -0.00272117 -0.000231224 -0.00203781 0.0147194 -0.00675424 -0.00172981 -0.0115435 0.00653658 0.0225944 -0.0189303 -0.0134951 -0.0195137 -0.0232719 0.0037198
internal_weight=1443.49 1393.75 776.722 652.611 184.094 468.517 124.111 617.025 383.203 342.812 40.3905 233.822 115.359 118.463 83.6828 40.4279 49.7468 23.924 18.0644 25.8228 5.85953
internal_count=4336 4186 2354 1960 565 1395 394 1832 1197 1063 134 635 324 311 262 132 150 73 53 77 20
is_linear=0
shrinkage=0.03


Tree=9
num_leaves=29
num_cat=0
split_feature=0 1 9 13 22 13 27 27 7 27 29 32 3 27 9 22 18 33 9 0 27 30 33 27 0 29 33 31
split_gain=206.757 36.5538 21.8955 18.3236 17.14 18.8849 16.2457 15.3613 17.0644 14.6988 10.4028 9.37126 9.22382 8.79705 8.65452 14.9487 10.8618 7.73265 7.57097 7.13348 6.0278 5.29974 4.75163 4.1041 2.7753 1.73462 0.979664 0.504751
threshold=0.30329549312591558 -0.50438550114631642 0.40329450368881231 -0.13855250179767606 3.5967270135879521 0.37764449417591101 0.026885607279837135 0.019815457053482536 57.859636306762702 0.018900832161307338 1.0074999928474428 -0.032640501856803887 65.956329345703139 0.027514189481735233 0.3621129989624024 4.199775457382203 0.33870999515056616 0.94142967462539684 0.32481449842453008 -0.73244249820709217 0.020556859672069553 -0.10389829799532889 0.14027105271816256 0.020645194686949257 -1.5613420009613035 0.52050000429153453 0.16357098519802096 0.02244097646325827
decision_type=2 2 2 2 2 2 2 2 2 2 2 2 2 2 2 2 2 2 2 2 2 2 2 2 2 2 2 2
left_child=1 14 3 11 5 7 10 18 -9 25 -4 -3 13 -11 16 27 23 21 -2 -8 -5 -7 -17 -1 -18 -6 -14 -16
right_child=4 2 6 20 9 17 19 8 -10 12 -12 -13 26 -15 15 22 24 -19 -20 -21 -22 -23 -24 -25 -26 -27 -28 -29
leaf_value=-0.0066519898533903242 0.0080656551015125567 0.023768080606410159 -0.017906175922523998 -0.0034339258076088891 -0.025527594390628173 0.012743576490130549 0.0016285223823795149 0.017384746591069301 -0.0087954499928918645 0.018344572978844263 0.0072021292295559244 -0.017829058523845372 0.024751808135826905 0.04759700749879657 -0.028055990366801672 0.014213403811668617 -0.023270890165837149 0.02726316392434441 -0.022316745243390688 0.048247498980154596 0.0048468632621117757 -0.011419809061468285 -0.011296098067030859 0.012981891942153236 -0.0054564772687666786 0.0008675604451015219 0.046265276168273459 -0.0071929361525842998
leaf_weight=24.002874761819839 13.62467208504677 4.6493933200836173 166.6074984818697 123.28789284825325 5.2208632826805106 9.006405442953108 9.5680556297302228 298.2566260099411 23.453560203313828 117.19007432460785 15.495663613080977 66.827720686793327 6.8270502388477352 10.365274041891096 123.71927665174007 7.8304420113563529 42.793186351656914 5.8302514851093283 14.463996469974516 4.1034034490585318 215.28440949320793 49.43247851729393 27.959001109004021 15.126401513814924 11.795204013586043 2.6001031696796417 18.642624974250793 2.6408090442419043
leaf_count=72 39 12 569 368 19 25 29 797 74 310 46 222 17 21 433 22 145 15 50 8 632 162 91 39 37 8 39 9
internal_value=0.000183134 -0.00910495 -0.00506124 -0.00109171 0.0141157 0.0108224 -0.0133056 0.0135716 0.0154375 0.0224782 -0.0157065 -0.0148519 0.0245571 0.0209685 -0.0186157 -0.0228698 -0.0110775 -0.00399096 -0.00738135 0.0174646 0.00180433 -0.00746661 -0.00534788 0.000778903 -0.0196695 -0.016146 0.0414328 -0.027721
internal_weight=1436.61 861.691 605.824 410.049 574.914 414.068 195.775 349.799 321.71 160.846 182.103 71.4771 153.025 127.555 255.867 162.15 93.7177 64.2691 28.0887 13.6715 338.572 58.4389 35.7894 39.1293 54.5884 7.82097 25.4697 126.36
internal_count=4310 2734 1886 1234 1576 1162 652 960 871 414 615 234 387 331 848 555 293 202 89 37 1000 187 113 111 182 27 56 442
is_linear=0
shrinkage=0.03


Tree=10
num_leaves=29
num_cat=0
split_feature=1 1 1 29 0 6 4 33 16 6 29 28 0 22 28 28 0 18 16 29 32 0 25 22 15 31 28 10
split_gain=196.01 36.4411 31.7501 16.353 12.1957 10.3323 6.62779 6.44833 5.21534 5.1899 5.15622 4.93113 5.06676 4.36946 4.11006 3.90131 3.76698 3.71004 3.67092 3.44417 2.65521 2.89475 2.17227 1.80809 1.74896 1.27108 0.973275 0.506076
threshold=-0.21412599831819532 0.64156350493431102 -0.69541749358177174 0.29950000345706945 0.35418500006198889 0.040160000324249275 212.47824859619143 0.23133935034275058 -1.0000000180025095e-35 0.072981499135494246 1.4135000109672549 -0.38797438144683832 -2.5905750989913936 1.3384035229682925 0.66865766048431408 -0.079763658344745622 -1.5613420009613035 0.37212000787258154 -1.0000000180025095e-35 0.17850000411272052 -0.0062746857292950145 2.7174900770187382 0.001894498826004565 -2.769135475158691 -1.0000000180025095e-35 0.03072429541498423 0.171320416033268 16.126057624816898
decision_type=2 2 2 2 2 2 2 2 2 2 2 2 2 2 2 2 2 2 2 2 2 2 2 2 2 2 2 2
left_child=2 4 7 5 9 19 -7 10 17 14 16 12 -5 -10 -2 24 -1 -6 -13 -4 25 26 -11 -17 -9 -3 -22 -23
right_child=1 20 3 11 8 6 -8 15 13 22 -12 18 -14 -15 -16 23 -18 -19 -20 -21 21 27 -24 -25 -26 -27 -28 -29
leaf_value=0.017202557181245508 0.0017286778509098609 0.00569056359201433 -0.026604955131347637 0.026895487197420569 -0.0070419320968507287 0.019866270193503677 0.0089257734446603152 0.020676312219432492 -0.0033352236147728446 -0.014804564679467147 0.044952257557297988 0.0070015192960755342 0.005587989942400084 -0.01314547493080457 -0.0093159955382969319 0.034255187003381191 -0.0093834895672566272 -0.01689585405028227 -0.0031518566266159243 0.0038976276588865272 -0.020951456063810235 -0.027182796951091354 -0.0030472368433507196 0.017981831109246373 0.044266101180419841 -0.016260700611665145 -0.012505972625456505 -0.012808947571868271
leaf_weight=40.38763639330864 227.01024016737938 4.6141364425420743 6.1077160537242872 13.15345850586891 57.243744358420372 161.76158040761948 79.087297856807709 6.3585411310195914 143.39483369886875 32.153994023799896 5.6473620831966391 48.316636174917221 46.53396537899971 59.274669259786606 34.440118029713631 14.098837941884993 4.6546059846878043 109.31367811560631 92.333036229014397 5.6230217814445496 40.761975526809692 80.325317069888115 29.596805065870285 22.648832708597183 29.773550629615784 3.528929129242897 33.746188402175903 6.1583625674247733
leaf_count=119 701 14 17 43 160 495 243 21 432 95 17 155 148 167 104 44 14 298 288 19 118 216 93 68 91 11 100 19
internal_value=8.77296e-05 -0.00896408 0.0136274 0.00989865 -0.00588815 0.0149794 0.016337 0.0271267 -0.00961442 -0.00159515 0.018194 0.00342684 0.0106175 -0.00627401 0.000224432 0.0330506 0.0141847 -0.0135943 0.000284763 -0.0116864 -0.0214492 -0.0223053 -0.00938366 0.024843 0.0406993 -0.00317143 -0.0173552 -0.0263422
internal_weight=1438.05 861.563 576.486 452.917 692.428 252.58 240.849 123.569 369.227 323.201 50.6896 200.337 59.6874 202.67 261.45 72.8798 45.0422 166.557 140.65 11.7307 169.135 160.992 61.7508 36.7477 36.1321 8.14307 74.5082 86.4837
internal_count=4310 2528 1782 1408 2050 774 738 374 1057 993 150 634 191 599 805 224 133 458 443 36 478 453 188 112 112 25 218 235
is_linear=0
shrinkage=0.03


Tree=11
num_leaves=21
num_cat=0
split_feature=1 29 3 28 29 29 16 12 29 13 7 10 13 28 32 33 0 29 29 34
split_gain=23.0799 16.4709 11.6513 10.2701 8.29066 12.7845 8.22086 7.18421 8.42594 7.28906 6.58923 7.00173 5.64297 5.8778 4.7449 1.69056 0.451113 1.86623 4.09826 0.472494
threshold=-0.77992299199104298 0.26950000226497656 41.605363845825202 -0.77633023262023915 0.4030000120401383 1.2839999794960024 0.60785751044750225 -1.688320994377136 0.58449998497962963 0.23925049602985385 15.23994827270508 6.487462282180787 -0.10135399922728537 -0.97794488072395314 -0.0018799348035827277 0.38441653549671179 -4.5034699440002433 1.1654999852180483 0.66050001978874218 0.71005535125732433
decision_type=2 2 2 2 2 2 2 2 2 2 2 2 2 2 2 2 2 2 2 2
left_child=16 3 4 12 6 -6 -3 8 -4 -9 14 -12 15 -14 -5 -2 17 18 19 -1
right_child=1 2 7 10 5 -7 -8 9 -10 -11 11 -13 13 -15 -16 -17 -18 -19 -20 -21
leaf_value=-0.01932073394328945 0.040601441301956427 0.0078662892553996531 0.021400006891785787 -0.0055228453743821921 0.01664161229502633 -0.005677128699193467 -0.0097609429848587396 -0.0033688431050080399 -0.006758001719584932 0.0059031699543820159 -0.0053810182140668177 0.0033927107268248977 0.040670215173781984 0.00019668460655438558 0.036164571725526819 0.0095672938106408315 -0.024590639289584392 -0.026860158424822377 0.021337652262597779 -0.0010508482229025279
leaf_weight=8.8883058726787585 6.1366929709911329 71.437363028526306 28.668437778949738 3.2699776589870453 135.31010669469833 26.899518251419067 34.847072541713715 269.06452146172523 13.32728263735771 105.64287281036377 558.26760514080524 94.24809005856514 3.1788178384304002 30.388567268848423 5.8546548485755903 3.7426134943962097 24.824827894568443 8.5347273647785169 2.7723472118377677 2.8015967309474936
leaf_count=29 23 225 96 9 443 76 103 771 36 323 1636 286 12 91 21 13 71 27 10 9
internal_value=-0.000276925 0.000424995 0.00374163 -0.00278569 0.00861137 0.0128791 0.00198399 0.000575784 0.0122779 -0.000726375 -0.00372624 -0.00409835 0.0112123 0.00483435 0.0207792 0.030739 -0.0206628 -0.0156066 -0.0076883 -0.0159032
internal_weight=1438.11 1390.28 685.197 705.087 268.494 162.21 106.284 416.703 41.9957 374.707 661.64 652.516 43.4467 33.5674 9.12463 9.87931 47.8218 22.997 14.4622 11.6899
internal_count=4310 4164 2073 2091 847 519 328 1226 132 1094 1952 1922 139 103 30 36 146 75 48 38
is_linear=0
shrinkage=0.03


Tree=12
num_leaves=29
num_cat=0
split_feature=0 1 27 9 23 29 13 29 27 27 12 18 21 9 3 27 27 12 18 27 8 27 26 34 29 34 12 26
split_gain=201.027 40.1491 23.773 19.823 19.5929 15.5292 15.2236 14.7609 13.9683 13.9581 21.5694 12.3013 11.9007 8.83365 9.85673 8.34039 9.30973 8.01423 7.09469 6.9339 6.48954 4.67003 3.57005 3.14996 2.70928 1.50202 1.02188 0.0678537
threshold=0.30329549312591558 -0.50438550114631642 0.026781643740832809 0.40329450368881231 8.2609491348266619 0.51250001788139354 -0.13855250179767606 0.15249999612569812 0.018900832161307338 0.025842599570751194 -0.080635499209165559 0.1359445005655289 0.49999998509883886 0.3621129989624024 60.506528854370124 0.024219088256359104 0.024717390537261966 -1.7347214818000791 0.33870999515056616 0.018900832161307338 3.2385694980621342 0.027024132199585441 0.99986445903778087 0.72062584757804882 0.64750000834465038 0.70054140686988842 0.56674748659133922 1.0012074112892153
decision_type=2 2 2 2 2 2 2 2 2 2 2 2 2 2 2 2 2 2 2 2 2 2 2 2 2 2 2 2
left_child=1 13 3 6 7 -5 -3 17 25 12 -11 27 -9 18 26 -10 -17 22 23 -16 -19 -13 -2 -1 -20 -6 -15 -4
right_child=4 2 11 5 8 -7 -8 9 15 10 -12 21 -14 14 19 16 -18 20 24 -21 -22 -23 -24 -25 -26 -27 -28 -29
leaf_value=-0.006961295674571339 -0.017030767856603769 -0.014947446242656925 -0.025446696954271469 -0.020292315438314289 -0.024334079304913752 -8.264030401195219e-05 0.00030661806404531759 0.008062377256166325 0.042872865035211628 0.0027139082371454145 0.029266573541394593 0.025476684789832262 -0.008318970571775516 -0.027676254902902986 -0.014058202726872008 0.0018821967436854375 0.029214837850882493 0.032196334911748448 -0.020826310480152085 0.022265074823781001 0.0083182772163172998 0.0079447777775953649 0.012232448282756112 0.011069961496080773 0 0.0011251826385240578 -0.018185474268214517 -0.0079155552425881522
leaf_weight=29.842586249113083 4.5298501551151302 72.730232805013657 5.3163633048534376 129.99397644400597 4.1069513857364646 47.604064628481865 295.05996371805668 235.80970528721809 29.524944335222244 49.612405687570572 64.042974382638931 29.288162842392921 47.085893720388412 114.53091311454773 18.630757257342342 15.818116664886473 46.081935882568359 53.999833136796951 47.413465395569801 5.6790680438280097 14.482903480529783 30.160780161619186 13.139524579048155 11.5562427341938 6.110590234398841 2.5859947204589844 22.605870515108109 2.6898260712623596
leaf_count=88 15 241 20 451 15 149 877 671 62 146 158 73 148 410 62 47 108 127 161 15 39 88 35 31 19 8 77 9
internal_value=0.000302555 -0.00882035 -0.00462342 -0.00671379 0.0139665 -0.0149412 -0.00270162 0.0114275 0.0262449 0.00892405 0.0178174 0.0120703 0.0052942 -0.0187894 -0.0231199 0.0293375 0.0224455 0.0227289 -0.0112472 -0.00493219 0.0273739 0.0168726 0.00397276 -0.00164113 -0.0184267 -0.0138516 -0.0262489 -0.0214263
internal_weight=1450.03 869.213 612.843 545.388 580.821 177.598 367.79 482.703 98.1179 396.551 113.655 67.4551 282.896 256.369 161.447 91.425 61.9001 86.1521 94.9229 24.3098 68.4827 59.4489 17.6694 41.3988 53.5241 6.69295 137.137 8.00619
internal_count=4350 2771 1908 1718 1579 600 1118 1339 240 1123 304 190 819 863 564 217 155 216 299 77 166 161 50 119 180 23 487 29
is_linear=0
shrinkage=0.03


Tree=13
num_leaves=28
num_cat=0
split_feature=1 0 1 27 18 27 0 14 25 21 27 27 0 27 4 21 27 27 27 7 27 30 34 34 27 26 34
split_gain=173.119 44.8707 31.9619 24.7667 16.4199 13.3463 11.4488 10.6045 16.5444 10.0438 6.63647 7.71438 6.62328 8.94364 6.47718 6.01267 4.94414 3.81092 3.32396 3.21209 2.82822 1.79464 1.05281 3.31888 0.708799 0.51964 0.382303
threshold=-0.025349999777972695 -2.5905750989913936 0.64156350493431102 0.026781643740832809 0.033986000344157226 0.020377944223582748 -4.9033493995666495 0.59114700555801403 0.0012396695674397054 0.56250000000000011 0.027442594990134243 0.02728238329291344 -2.7149544954299922 0.019647951237857345 -4708.7429199218741 0.17970000207424167 0.020446146838366989 0.020321485586464409 0.020623361691832546 25.388464927673343 0.027362042106688026 0.35178066790103918 0.67224836349487316 0.66241091489791881 0.025051615200936798 0.99975323677062999 0.72749131917953502
decision_type=2 2 2 2 2 2 2 2 2 2 2 2 2 2 2 2 2 2 2 2 2 2 2 2 2 2 2
left_child=1 5 7 4 17 12 16 10 25 -6 11 -2 26 -14 -5 -8 -7 -3 -10 22 -16 -21 23 -4 -24 -9 -1
right_child=2 3 19 14 9 6 15 8 18 -11 -12 -13 13 -15 20 -17 -18 -19 -20 21 -22 -23 24 -25 -26 -27 -28
leaf_value=0.047081869552158276 -0.0082130686058493173 0.0098552475750392984 -0.01513080481491951 -0.02785895576605776 0.0064690749740951951 -0.004382248874342385 -0.010438815443047008 0.015133894763778461 -0.011751956657474888 0.015613381800228377 -0.027474077524244345 0.022538126291469764 0.037997646281006242 -0.01120418285165985 0 0.014482725336694102 0.03519081376715448 -0.019750475033051565 0.0093438263063370264 -0.026314723280471915 -0.014282651477055125 -0.0015191247856080766 -0.021823557211945555 0.012421411589202914 -0.0086573906989013266 0.036702027841858879 0.023265592546255313
leaf_weight=29.459223479032516 440.92796294391155 3.980526119470599 28.040844738483433 15.495485305786131 346.20436212420464 2.5504515171051017 9.1813527047634107 4.0895706415176383 22.89611974358559 162.02865071594715 15.823156520724295 6.8471136689186087 7.1080712676048261 5.1991556584835052 31.804631590843201 68.309313088655472 33.74968022108078 21.916484326124191 8.5506418049335462 98.360978290438652 19.907624542713165 3.5584170669317237 38.478232890367508 3.8166338205337516 7.8064795136451712 10.813998132944105 3.8115833699703208
leaf_count=87 1296 11 83 43 1061 9 22 13 73 511 37 21 22 19 91 217 105 67 24 277 59 11 113 11 21 34 12
internal_value=-3.67581e-05 0.00982405 -0.0109202 0.00604259 0.00821297 0.0239726 0.0181851 -0.00704484 0.00647428 0.00941452 -0.00842139 -0.00769815 0.0378723 0.0168838 -0.0110067 0.0113665 0.0321441 -0.0147585 -0.00567765 -0.0217956 -0.00556614 -0.0255485 -0.016655 -0.0114109 -0.0199115 0.0320513 0.0450048
internal_weight=1450.72 760.707 690.01 601.338 534.13 159.369 113.791 509.949 46.3503 508.233 463.598 447.775 45.578 12.3072 67.2077 77.4907 36.3001 25.897 31.4468 180.062 51.7123 101.919 78.1422 31.8575 46.2847 14.9036 33.2708
internal_count=4350 2336 2014 1843 1650 493 353 1498 144 1572 1354 1317 140 41 193 239 114 78 97 516 150 288 228 94 134 47 99
is_linear=0
shrinkage=0.03


Tree=14
num_leaves=30
num_cat=0
split_feature=9 10 10 29 27 13 1 22 10 21 3 29 29 21 28 3 27 34 28 33 29 34 12 27 29 25 25 29 27
split_gain=24.9322 16.4458 12.3446 10.5654 8.62367 8.81703 8.43172 11.1921 7.7461 7.58384 10.5983 9.67148 6.9449 6.8688 6.8676 6.60623 6.41738 5.62212 5.51865 5.3398 6.15766 5.01736 4.57173 4.07139 3.99458 3.9769 2.13805 1.91814 1.55508
threshold=0.34812349081039434 -8.2832212448120099 4.7818539142608651 0.25749999284744268 0.026931623928248886 0.25353999435901647 -0.47741100192070002 3.5967270135879521 -13.945889472961424 0.16405000537633899 45.190364837646491 0.39550000429153448 0.14350000023841861 0.11719999834895135 -0.72156020998954762 41.413154602050788 0.025130680762231353 0.7065238654613496 0.28983417153358465 0.94142967462539684 0.15249999612569812 0.53912782669067394 1.5061680078506472 0.02091917954385281 0.21450000256299975 0.0059670784976333388 0.0023129570763558154 0.47849999368190771 0.019991379231214527
decision_type=2 2 2 2 2 2 2 2 2 2 2 2 2 2 2 2 2 2 2 2 2 2 2 2 2 2 2 2 2
left_child=1 4 8 13 5 12 27 -8 15 10 -10 -11 -1 14 -3 25 -17 19 23 20 -4 -21 -15 -19 -20 -2 -6 -5 -7
right_child=2 3 17 6 26 28 7 -9 9 11 -12 -13 -14 22 -16 16 -18 18 24 21 -22 -23 -24 -25 -26 -27 -28 -29 -30
leaf_value=-0.0094314130945541055 0.0017001998717670194 0.012639855384693598 0.0037263299244634624 -0.0093649727311227986 0.013838466005984679 -0.025126354416119729 0.00497842742911436 -0.015633277715340725 0.013233313075193539 -0.0064775848903052173 -0.0015200442972289336 0.0033839828919159272 0.005674463222422892 -0.023529081004724402 -0.010575237337573583 0 0.033436028211786081 0.0040085749336611015 0.036286461387057947 0.025052056918385295 0.020380734182669707 -0.017268406953773442 -0.0024662829744327734 -0.016018429966512562 0.0057559357492487223 0.023583949125338646 0.048720127327549823 -0.025638904432975375 -0.0086826168940762651
leaf_weight=32.523653000593185 64.030858755111694 11.628714770078657 28.959028571844101 20.615273833274841 5.4437564015388471 9.5612088739871997 111.8090429008007 29.514465242624283 77.858274877071381 224.4577562212944 97.10589924454689 146.93514797091484 152.97084519267082 60.502117678523064 153.88017769157887 7.0800987482070949 15.824951171874998 19.217591464519501 5.1497401595115688 2.938983976840972 78.712350219488144 8.3524850010871869 12.239221841096876 15.866456151008604 16.267368853092194 8.1894320845603925 3.3859811723232269 12.55564573407173 18.301894426345825
leaf_count=91 201 38 89 63 18 23 332 72 257 656 296 450 472 164 426 22 57 61 19 10 256 22 34 42 50 28 13 36 52
internal_value=-0.000259245 -0.00472228 0.00319919 -0.00826538 0.00182288 0.000544071 -0.00258053 0.000570413 0.00125129 -0.000110981 0.00501284 -0.00255252 0.00295925 -0.0123771 -0.00885677 0.00912937 0.023087 0.0102456 0.00223496 0.0139497 0.0160225 -0.00489461 -0.020149 -0.00489336 0.014168 0.00445057 0.0300735 -0.0160814 -0.0149861
internal_weight=1451.88 634.932 816.946 412.745 222.187 213.358 174.494 141.324 641.482 546.357 174.964 371.393 185.494 238.25 165.509 95.1253 22.905 175.464 56.5012 118.963 107.671 11.2915 72.7413 35.084 21.4171 72.2203 8.82974 33.1709 27.8631
internal_count=4350 1834 2516 1165 669 638 503 404 1967 1659 553 1106 563 662 464 308 79 549 172 377 345 32 198 103 69 229 31 99 75
is_linear=0
shrinkage=0.03


Tree=15
num_leaves=30
num_cat=0
split_feature=20 1 27 9 29 10 23 29 27 27 29 18 27 27 1 8 12 27 22 9 27 25 25 1 27 12 34 26 25
split_gain=184.554 41.783 23.8473 18.422 15.5819 14.0352 13.8062 16.8492 14.672 12.4305 12.4236 10.7535 8.87729 8.82112 7.42759 6.82479 6.30356 5.69385 5.41769 6.45159 5.19255 4.9716 7.10199 4.47501 3.85074 3.72764 2.6013 2.19373 1.62598
threshold=0.30329549312591558 -0.45222748816013331 0.026651846244931224 0.40329450368881231 0.47249999642372137 -13.689263820648192 8.2609491348266619 0.15249999612569812 0.018900832161307338 0.027172715403139595 0.41650000214576727 0.91589850187301647 0.027024132199585441 0.027147546410560611 -0.50438550114631642 3.2385694980621342 -1.7347214818000791 0.019991379231214527 4.199775457382203 0.3621129989624024 0.027514189481735233 0.002902676817029715 0.0033631552942097191 -0.16258350014686582 0.026077516376972202 1.784698009490967 0.73336955904960643 1.0019552111625674 0.0029729539528489117
decision_type=2 2 2 2 2 2 2 2 2 2 2 2 2 2 2 2 2 2 2 2 2 2 2 2 2 2 2 2 2
left_child=1 2 18 5 12 24 7 15 28 11 -7 -9 -5 14 -4 16 -2 -17 19 -1 -15 25 -23 -6 -3 -10 -20 -11 -8
right_child=6 3 13 4 23 10 8 9 21 27 -12 -13 -14 20 -16 17 -18 -19 26 -21 -22 22 -24 -25 -26 -27 -28 -29 -30
leaf_value=-0.01510198630407242 0.0090889577636876946 -0.0078282827369548103 -0.017110094604063323 -0.018958065011495741 -0.0078422697478507213 0.0067168567660751992 -0.024967774600707197 0.0086653464843296519 0.035596488011179275 0.032201636320497336 -0.0085914085161750576 -0.0088262949686435475 0.015639638721206578 -0.027325047714793341 0.020329034375208256 0.018962822683658235 0.031346547420392723 -0.019542198816810484 -0.011691347773124994 -0.025185401920142191 0.0027834408282791218 -0.017524035044404397 0.021898225794456699 0.012312291892836067 -0.027371181250216637 0.016132991195269165 0.011763284925798633 0.0057408166650967157 0.00081138953452878856
leaf_weight=104.75031292438507 16.427393555641174 31.430093377828598 5.24036277830601 110.31662882864475 15.198536127805708 229.43150633573532 4.846819967031478 343.1032440662384 50.425993829965591 22.136815965175632 59.316547960042953 33.935000330209732 6.4499531686305991 9.815612807869913 24.305171847343445 7.6843092739582044 57.882900178432465 5.3969827890396118 39.597621977329254 156.83562883734703 9.1732767522335035 4.3766255378723171 22.119297385215759 25.146474286913872 14.061886236071585 14.590021908283232 3.9806645512580863 4.4903058111667624 2.6023575365543365
leaf_count=343 45 100 18 386 50 661 18 969 112 51 187 109 18 34 63 19 135 17 132 559 26 14 54 73 50 37 11 13 8
internal_value=0.000393254 -0.008588 -0.0164485 -0.00290036 -0.0113603 0.00106045 0.0132682 0.0111523 0.0235682 0.00851161 0.0035316 0.00705758 -0.0169117 0.00289791 0.0132148 0.0231298 0.0266401 0.00227943 -0.0195546 -0.0212184 -0.01262 0.0268997 0.0148491 0.00449638 -0.0142967 0.0315226 -0.00923557 0.0282592 -0.0153451
internal_weight=1435.07 845.05 353.699 491.352 157.112 334.24 590.018 491.057 98.9611 403.665 288.748 377.038 116.767 48.5344 29.5455 87.3916 74.3103 13.0813 305.164 261.586 18.9889 91.5119 26.4959 40.345 45.492 65.016 43.5783 26.6271 7.44918
internal_count=4312 2711 1186 1525 527 998 1601 1358 243 1142 848 1078 404 141 81 216 180 36 1045 902 60 217 68 123 150 149 143 64 26
is_linear=0
shrinkage=0.03


Tree=16
num_leaves=28
num_cat=0
split_feature=1 1 1 27 27 23 21 27 22 29 26 25 25 0 29 34 32 4 29 27 28 1 9 0 33 29 33
split_gain=174.369 37.6147 34.6074 28.6726 17.0385 13.259 11.4942 16.2147 10.9097 8.24647 7.64187 7.35047 5.89704 5.80464 4.99193 4.72232 4.6461 4.13144 2.7438 4.62095 2.43402 2.38285 2.01642 1.71958 1.60433 2.43041 0.481715
threshold=-0.15377149730920789 0.64156350493431102 -0.62559351325035084 0.026736826635897163 0.020415175706148151 -2.1146094799041744 0.28904999792575842 0.020556859672069553 -2.769135475158691 0.14950000494718554 1.0011295080184939 0.0025433632545173173 0.0011420364025980236 0.026813500560820106 0.24450000375509265 0.74274864792823803 0.023260016925632957 -4708.7429199218741 0.38650000095367437 0.025439766235649589 0.73238420486450206 0.328626498579979 0.34642449021339422 -3.5131604671478267 0.87841466069221508 0.29449999332427984 0.1186395399272442
decision_type=2 2 2 2 2 2 2 2 2 2 2 2 2 2 2 2 2 2 2 2 2 2 2 2 2 2 2
left_child=2 4 8 6 5 9 7 -4 18 -2 14 -8 -5 -7 -10 16 -6 -14 20 -20 -1 -17 24 -12 26 -26 -3
right_child=1 22 3 12 15 13 11 -9 10 -11 23 -13 17 -15 -16 21 -18 -19 19 -21 -22 -23 -24 -25 25 -27 -28
leaf_value=0.041265278277460439 0.041321051379469169 -0.014403023931732178 0.011295458503030544 0.02984587298510551 -0.011522785446488975 0.0038254432723926132 0.021150952046008111 -0.0068829311938562081 0.026446277209373741 0.007808865033942184 0.0039592460357805899 0.008387851732722492 -0.02590115928603591 -0.007192545741010848 0.012531471125575755 -0.0040158160592601603 0.0024640832932543255 -0.0080331861877132871 0.013788593804474648 0.041941386594909015 0.010235896175450704 0.022920040351730227 -0.026600904635907262 -0.016383313654985871 0.01001983680115291 -0.022342499005185642 -0.021565558689910908
leaf_weight=33.228413075208664 7.6334115862846366 25.295698657631874 127.70794010162354 2.4776907861232749 360.69613520801067 61.424388080835342 99.502983093261719 66.316465318202972 51.254427254199982 44.734147742390633 9.5527371466159803 75.251754105091095 16.332649812102318 135.38552777469158 51.776232987642288 4.9923932999372465 21.437837108969688 49.743002638220787 18.568598955869678 8.4967867434024793 3.7147397994995108 5.1418140977621078 67.153323918581009 5.147191494703292 4.0880396813154212 3.1388461142778397 75.346990451216698
leaf_count=99 24 72 395 7 1055 191 310 208 155 136 30 242 46 394 158 16 62 147 57 25 12 16 196 18 14 10 217
internal_value=-0.00055473 -0.00966259 0.0114408 0.00682476 -0.00626975 -9.67895e-05 0.010149 0.0050342 0.0224502 0.0132086 0.0167477 0.015746 -0.0108717 -0.00370724 0.0196349 -0.0101629 -0.0107124 -0.0127463 0.0325883 0.0235537 0.0385639 0.00923944 -0.0219925 -0.00287623 -0.018931 -0.00340752 -0.0199344
internal_weight=1435.54 816.469 619.072 437.332 641.446 249.177 368.779 194.024 181.739 52.3676 117.731 174.755 68.5533 196.81 103.031 392.268 382.134 66.0757 64.0085 27.0654 36.9432 10.1342 175.023 14.6999 107.87 7.22689 100.643
internal_count=4312 2403 1909 1355 1894 745 1155 603 554 160 361 552 200 585 313 1149 1117 193 193 82 111 32 509 48 313 24 289
is_linear=0
shrinkage=0.03


Tree=17
num_leaves=24
num_cat=0
split_feature=1 29 9 12 12 13 18 18 10 27 33 29 12 9 27 27 29 34 26 26 26 27 27
split_gain=18.9053 17.7508 16.7962 9.47641 9.35602 9.10398 9.5986 6.74525 6.35178 6.77889 6.29475 6.08478 5.94691 5.76651 5.12022 4.44628 1.03767 0.494112 1.42317 3.54991 0.655825 0.0701147 0.110699
threshold=-0.77992299199104298 0.26950000226497656 0.34812349081039434 -0.81706601381301869 -1.688320994377136 -0.0059585000853985539 0.25403249263763433 0.15207350254058841 -8.2832212448120099 0.025301927700638775 0.10177331790328027 0.14350000023841861 0.008563999901525678 0.44413100183010107 0.020773387514054779 0.027362042106688026 0.20750000327825549 0.70252931118011486 1.0001917481422427 1.0022760629653933 0.99821254611015331 0.025240996852517131 0.027362042106688026
decision_type=2 2 2 2 2 2 2 2 2 2 2 2 2 2 2 2 2 2 2 2 2 2 2
left_child=16 2 8 13 7 6 -6 15 11 -10 -7 -2 -5 -4 -9 -3 -1 18 20 -20 -18 -19 -23
right_child=1 4 3 12 5 10 -8 14 9 -11 -12 -13 -14 -15 -16 -17 17 21 19 -21 -22 22 -24
leaf_value=-0.026653851510610189 -0.01195926674722231 -0.0070773278533197252 0.0040230512929561322 -0.014163000529821841 -0.014455859549707073 -0.0017163826968733711 0.0010046485203825655 0.010828832860089311 -0.008173375098410823 -0.024708450762229061 0.0078141583695707367 0.0022041734670130426 0 0.017878929228049043 0.0276226269274715 0.015045668604017449 -0.0065568866028590253 -0.025611178029636548 0.015327977628714472 -0.023029429643165057 -0.02283133484286776 -0.0027984855636513759 -0.01685681563232325
leaf_weight=13.010302245616911 37.449430018663406 21.716031670570374 169.33751322329044 36.312281966209412 44.274771481752396 78.521955549716949 183.15483799576759 49.268229603767395 201.36818160116673 25.669440224766731 275.29937060177326 94.85567170381546 99.884420424699783 32.638990998268127 27.541740536689758 12.356171250343321 6.7471365779638308 6.328290641307829 4.8362621217966071 3.1601594388484955 7.216595247387886 2.9798532128334045 3.4742176532745361
leaf_count=41 102 65 525 112 119 238 534 154 565 64 853 287 300 113 93 39 23 16 17 10 22 10 10
internal_value=0.000155136 0.000802058 -0.00256656 0.00221075 0.00420927 0.00266052 -0.00199074 0.0121987 -0.00708425 -0.0101326 0.00567425 -0.001767 -0.0038555 0.0063452 0.0171067 0.000786746 -0.0182976 -0.0145792 -0.0104717 0 -0.0160884 -0.0202985 -0.0123282
internal_weight=1437.4 1389.65 697.516 338.173 692.133 581.251 227.43 110.882 359.343 227.038 353.821 132.305 136.197 201.977 76.81 34.0722 47.7528 34.7425 21.9602 7.99642 13.9637 12.7824 6.45407
internal_count=4312 4163 2068 1050 2095 1744 653 351 1018 629 1091 389 412 638 247 104 149 108 72 27 45 36 20
is_linear=0
shrinkage=0.03


Tree=18
num_leaves=28
num_cat=0
split_feature=1 27 0 0 25 23 27 27 0 27 4 3 27 7 25 7 27 0 29 10 0 29 10 28 29 34 33
split_gain=165.468 33.4378 29.3366 14.4172 14.1638 17.4902 16.1097 15.3662 12.9154 12.7294 9.7438 9.54669 9.38963 8.89283 15.4163 7.92944 7.73674 6.62364 6.23202 5.52225 3.66625 3.6542 3.44438 2.66874 1.91349 1.87957 0.9022
threshold=-0.18859449774026868 0.026781643740832809 0.35418500006198889 0.10615099966526033 0.00062437599990516912 8.2609491348266619 0.020402000285685066 0.018917583860456947 -3.1728779077529903 0.020035569556057457 -5252.2158203124991 64.303617477417006 0.027111343108117584 23.942666053771976 0.00097680406179279111 57.42767524719239 0.026829344220459465 -1.9610569477081297 1.0565000176429751 -4.4671795368194571 0.30329549312591558 0.31350000202655798 0.36560650169849401 0.12824830412864688 0.37749999761581426 0.74207592010498058 0.062086986377835281
decision_type=2 2 2 2 2 2 2 2 2 2 2 2 2 2 2 2 2 2 2 2 2 2 2 2 2 2 2
left_child=1 8 3 9 19 6 -6 -7 25 11 12 -2 24 14 -10 -15 -11 21 20 -4 -5 -12 -19 -21 -3 26 -1
right_child=2 10 4 18 5 7 -8 -9 13 16 17 -13 -14 15 -16 -17 -18 22 -20 23 -22 -23 -24 -25 -26 -27 -28
leaf_value=-0.014080967168275435 -0.014983805814864285 0.050549625501329271 0.046523247274623161 -0.019886497263045522 -0.0017654464412304631 -0.013190241439112876 0.011647102175184526 0.02672331806896951 0.015394672450275636 0.0067605673964612817 0.0038901511566628152 0.01268169208258286 -0.0088164310770861461 -0.015816200085692796 -0.013226555153662429 0.01330472944360187 0.046317674335635495 -0.0023145209056232227 0.026605469984746874 0.028666191826098478 -0.00037731479962616841 -0.020131753990746151 0.015243321385997518 0.0095273810048854667 0.020108109049987128 -0.00039945607119259963 -0.026784211723617276
leaf_weight=10.604994282126425 44.595640406012535 6.7024312019348162 12.142185032367705 39.925334066152573 105.04007545113564 9.0451119989156705 329.24934904277325 84.974670469760895 25.336217537522316 179.83039416372776 7.514483958482745 14.184882074594496 4.700699418783187 298.12725722789764 48.131525799632072 7.9628558456897727 4.1772543191909781 16.508710816502571 2.767462730407714 18.804957807064056 12.272108674049376 16.492717936635017 22.097193419933319 13.680901587009428 5.7393318712711334 3.4963241517543784 90.041241765022278
leaf_count=36 148 13 24 141 313 31 901 199 68 523 21 38 16 1014 159 21 8 51 7 44 36 55 58 36 15 11 330
internal_value=0.000224099 -0.0124304 0.00842608 0.0007527 0.0123941 0.0109748 0.00838406 0.0227388 -0.0154008 0.00392662 0.00545586 -0.00810511 0.025149 -0.0127534 -0.00319717 -0.0150088 0.00783044 0 -0.0130137 0.0286886 -0.0155176 -0.0123195 0.00757147 0.0211456 0.0385219 -0.0248564 -0.0256109
internal_weight=1434.15 563.456 870.69 297.753 572.937 528.309 434.289 94.0198 483.7 242.788 79.7556 58.7805 17.1425 379.558 73.4677 306.09 184.008 62.6131 54.9649 44.628 52.1974 24.0072 38.6059 32.4859 12.4418 104.143 100.646
internal_count=4317 1868 2449 901 1548 1444 1214 230 1639 717 229 186 44 1262 227 1035 531 185 184 104 177 76 109 80 28 377 366
is_linear=0
shrinkage=0.03


Tree=19
num_leaves=31
num_cat=0
split_feature=1 1 27 1 27 21 27 23 25 33 21 29 1 7 34 27 21 27 12 25 27 29 1 34 27 32 23 27 27 30
split_gain=151.955 30.1254 27.6247 27.1519 17.4744 12.6516 15.3744 11.45 11.2569 7.81705 7.7715 7.07216 6.28319 5.06111 5.01645 4.94053 7.6776 6.35867 4.18072 3.94858 3.09504 4.08813 2.68943 2.49105 3.70061 2.14705 1.62539 0.954392 0.752347 0.635707
threshold=-0.15377149730920789 -0.69541749358177174 0.026736826635897163 0.64156350493431102 0.020410035736858848 0.28904999792575842 0.02057580836117268 -2.1146094799041744 0.0025433632545173173 0.21997243165969851 0.69530001282691967 0.68549999594688427 0.28519800305366522 25.388464927673343 0.74012207984924328 0.020377944223582748 0.38279999792575842 0.019356613047420982 -0.8682035207748412 0.0013065286912024023 0.026133027859032158 1.3184999823570254 0.328626498579979 0.67224836349487316 0.020567856729030613 -0.0056532500311732284 0.95054349303245556 0.026860929094254974 0.019419435411691669 0.32254111766815191
decision_type=2 2 2 2 2 2 2 2 2 2 2 2 2 2 2 2 2 2 2 2 2 2 2 2 2 2 2 2 2 2
left_child=1 9 5 4 7 6 -3 11 -7 15 19 -2 -9 23 18 17 -17 -1 -6 -4 26 -22 -16 24 -5 -15 -11 -12 -25 -27
right_child=3 2 10 13 14 8 -8 12 -10 20 27 -13 -14 25 22 16 -18 -19 -20 -21 21 -23 -24 28 -26 29 -28 -29 -30 -31
leaf_value=-0.0028626088473228933 0.0083279743651728851 0.010296048084443829 0.022901431745554507 0 -0.014159370536265928 0.021826088513485224 -0.0067287796314975806 0.001681798058541104 0.0072423998890948178 0.036453419421982519 -0.011800817171197159 0.04273552634036841 -0.0093844719191486584 0 -0.0049682344179653283 -0.018417168997590223 0.015021291007878891 0.03251240626327364 -0.007676744969780303 -0.0051820163905192075 0.0035303727773535148 0.040626127512121003 0.019175511081835482 -0.0017701272591250003 -0.021156516869189311 -0.026291530472594155 0.023511202851941349 -0.027340232310728341 -0.019445497008880399 -0.0071005666005865883
leaf_weight=5.3995914757251766 44.607620596885681 160.40117159485817 4.4890418648719779 21.775915190577507 172.3809597492218 115.23835337162018 66.816175311803818 104.3156806230545 86.087690114974976 43.138180524110794 9.1262815445661563 5.9454710483551017 80.706500202417374 3.0520010441541663 7.5824645608663541 8.2301101386547106 19.879452079534531 17.739589124917984 212.4230892509222 41.589797586202621 10.44244349002838 3.4977172017097464 7.3526910245418549 3.5869367718696585 10.232557728886603 82.419959560036659 22.972666412591934 17.2349022179842 43.140530303120613 3.3618872910737982
leaf_count=16 135 496 13 65 494 360 210 314 276 127 23 19 238 9 23 18 62 53 634 124 31 10 23 12 31 241 71 51 129 9
internal_value=-0.000327001 0.010662 0.00726959 -0.00899344 -0.00613027 0.0101759 0.00524637 0.000314749 0.015668 0.0234609 -0.00975223 0.0129298 -0.00310907 -0.0197446 -0.0099466 0.0137678 0.0047656 0.0239909 -0.0106187 -0.00203641 0.0294307 0.0145457 0.00657096 -0.0137904 -0.00673211 -0.0248145 0.0323015 -0.0226153 -0.0183124 -0.0256892
internal_weight=1435.17 632.283 500.983 802.884 635.314 428.543 227.217 235.575 201.326 131.3 72.44 50.5531 185.022 167.57 399.739 51.2487 28.1096 23.1392 384.804 46.0788 80.051 13.9402 14.9352 78.7359 32.0085 88.8338 66.1108 26.3612 46.7275 85.7818
internal_count=4317 1941 1553 2376 1880 1342 706 706 636 388 211 154 552 496 1174 149 80 69 1128 137 239 41 46 237 96 259 198 74 141 250
is_linear=0
shrinkage=0.03


Tree=20
num_leaves=30
num_cat=0
split_feature=9 29 30 15 27 2 1 12 12 0 8 33 32 12 4 2 29 6 15 26 27 27 13 27 27 29 27 30 28
split_gain=22.0851 13.0186 9.24579 7.20288 7.0568 12.1011 6.99232 8.73693 11.6697 6.21934 5.92817 5.82153 5.80153 5.742 4.99835 4.71689 4.18883 5.34128 4.3938 3.54113 2.73949 6.44477 2.51853 2.24131 2.15727 2.06414 1.37495 1.36914 0.992629
threshold=0.34812349081039434 0.25749999284744268 -0.022994829341769215 1.0000000180025095e-35 0.020510667935013775 2747.052368164063 -0.55208301544189442 -1.6645154953002927 -0.94216802716255177 -4.1545875072479239 1.0000000180025095e-35 1.2093840241432192 -0.015069640707224606 -0.11916900053620337 -5687.9118652343741 3557.917114257813 0.39550000429153448 0.07240650057792665 -1.0000000180025095e-35 1.0018508434295657 0.025708126835525039 0.022941910661756996 0.57008549571037304 0.025301927700638775 0.020545297302305702 0.47849999368190771 0.027326895855367187 -0.096627004444599138 -0.11978788301348685
decision_type=2 2 2 2 2 2 2 2 2 2 2 2 2 2 2 2 2 2 2 2 2 2 2 2 2 2 2 2 2
left_child=1 3 16 4 13 -6 25 11 -9 20 15 -8 19 -1 -14 -5 17 27 22 -11 21 -4 -18 -20 -12 26 -3 -2 -19
right_child=2 6 9 10 5 -7 7 8 -10 12 24 -13 14 -15 -16 -17 18 28 23 -21 -22 -23 -24 -25 -26 -27 -28 -29 -30
leaf_value=-0.014690402083922241 -0.017903702618662826 -0.010720939789377378 -0.013282916850848687 -0.016452843674644804 0.032677341840126266 -0.0018737941781792327 0.016236391814651911 -0.011938558760372683 0.0044741260442705657 -0.010076664844459092 -0.001466646629506266 -0.023336178615397121 -0.0026071103044283507 -0.00020722869648204223 0.0065578231992582245 -0.00028512929420691123 0.025102475938976819 0 -0.013743395166876626 0.01641076798140248 -0.025341305814000382 0.016561638530668409 0 0.0096015780105589248 0.026801128418528695 -0.024361836916150969 0.009008780406345852 -0.0049369451720610667 0.023368115859143036
leaf_weight=69.044638186693192 34.511704713106155 12.307522520422937 19.255808830261234 123.25852116942406 9.5741752088069898 93.880278125405312 47.979915022850037 55.111050561070442 129.63592918217182 32.096025139093399 4.4532807469367963 2.9818859398365012 57.058022677898407 40.151227742433548 599.62055149674416 20.02493542432785 8.3983646631240862 4.3315674066543579 12.321111559867861 4.5963764190673819 6.161199986934661 9.075792044401167 4.8876472115516654 4.3353774547576895 3.6422646343708038 10.008544266223906 3.3291802108287802 12.567264825105665 3.0622316300868979
leaf_count=183 96 38 63 353 33 274 154 148 387 91 15 7 163 116 1862 62 29 14 36 14 20 32 13 14 12 29 11 37 11
internal_value=9.66248e-05 -0.00413272 0.00336446 -0.00779908 -0.00416004 0.00137895 0.000944778 0.00260453 -0.000392294 0.00446202 -0.0128213 0.0135418 0.00508971 -0.00947221 0.00574642 -0.0142647 -0.00596372 -0.0109187 0.0027862 -0.00634064 -0.00779096 -0.00328889 0.0155663 -0.00703981 0.0110235 -0.0137241 -0.00581361 -0.0147198 0.0115434
internal_weight=1437.66 625.383 812.279 364.029 212.65 103.454 261.354 235.709 184.747 727.864 151.379 50.9618 693.371 109.196 656.679 143.283 84.4153 54.4728 29.9425 36.6924 34.4928 28.3316 13.286 16.6565 8.09555 25.6452 15.6367 47.079 7.3938
internal_count=4317 1822 2495 1048 606 307 774 696 535 2245 442 161 2130 299 2025 415 250 158 92 105 115 95 42 50 27 78 49 133 25
is_linear=0
shrinkage=0.03


Tree=21
num_leaves=30
num_cat=0
split_feature=0 1 9 13 13 27 12 7 27 0 29 0 32 27 12 3 12 27 0 25 27 29 27 26 34 25 29 27 26
split_gain=154.194 37.6338 23.7333 15.9742 15.4551 15.0585 13.8931 10.2396 13.6594 9.71413 8.78575 8.76847 8.50592 8.34906 8.09887 6.9671 8.39033 6.05134 5.97347 5.72054 6.08009 5.50009 5.19212 4.26059 3.90884 3.3557 1.96775 1.72718 0.0100116
threshold=0.30329549312591558 -0.50438550114631642 0.40329450368881231 0.37764449417591101 0.10810850188136102 0.026885607279837135 -1.718501031398773 58.051595687866218 0.026282686740159992 -0.50731351971626271 0.51250001788139354 0.071775499731302275 -1.0000000180025095e-35 0.02045493666082621 1.8379580378532412 55.181695938110359 -1.9395619630813596 0.019866458140313629 -0.73244249820709217 0.0010718263802118602 0.020193516276776794 0.22850000113248828 0.025240996852517131 0.99996808171272289 0.69166857004165661 0.00051669584354385744 0.39949999749660497 0.024810851551592353 0.99979558587074291
decision_type=2 2 2 2 2 2 2 2 2 2 2 2 2 2 2 2 2 2 2 2 2 2 2 2 2 2 2 2 2
left_child=1 14 4 6 9 10 13 8 -8 -3 -4 -6 22 28 15 16 -1 24 -7 23 -21 -15 27 -14 -16 -17 -9 -5 -2
right_child=3 2 5 12 11 18 7 26 -10 -11 -12 -13 19 21 17 25 -18 -19 -20 20 -22 -23 -24 -25 -26 -27 -28 -29 -30
leaf_value=-0.0084205578930973343 -0.010131539952603933 -0.0099219638353049734 -0.018891094235923903 0.015035235491872249 0.010772066387023325 0.0019572121811912884 0.014226707086015488 -0.018121603859987942 0.029111696335086236 0.0021556479837624371 -0.0029917330812321138 -0.0056025231304399781 0.03387448107093545 0.013765100511679337 0.037641295291949102 0.0039153254121627656 -0.024416675402695487 -0.023846957093125301 0.044412906328980012 -0.027817206432457914 -0.0032320208036977728 -0.0051392051159450357 -0.0046009834337393338 -0.00075462182573840639 0 -0.013976628238979534 0.0064753100102630697 0.04140492932699278 -0.027143182643849628
leaf_weight=39.303808659315109 2.9106117188930494 138.05797734856606 133.04491597414017 7.4210498332977313 130.96803252398968 9.4821263551712018 360.59286898374557 8.7170687019824964 67.830822646617889 103.5616027712822 42.973729506134987 36.786827802658081 5.087163031101225 31.339612782001495 4.2705175131559354 14.710692271590231 160.01089771091938 3.8816293179988852 4.2483767867088309 10.844869732856749 52.079097107052803 23.27772730588913 5.5064316987991324 6.298570990562439 4.7236068546772003 22.314116358757019 3.3238646686077109 5.7337062656879425 6.9699028432369232
leaf_count=120 10 452 473 19 359 29 945 29 156 302 139 117 11 82 10 44 586 13 8 38 164 74 17 19 15 77 10 12 24
internal_value=0.000184386 -0.00803132 -0.00393015 0.0118527 0.000116706 -0.0126857 0.0139553 0.0158587 0.0166356 -0.00471439 -0.0150798 0.00712183 0.000322861 0.000796413 -0.0178271 -0.0190957 -0.0213363 0.00463024 0.0168249 -0.00414903 -0.00779704 0.00557133 0.0182434 0.0147346 0.0184768 -0.00667051 -0.0106266 0.0282833 -0.0237283
internal_weight=1446.27 848.339 599.124 597.933 409.374 189.749 504.962 440.465 428.424 241.62 176.019 167.755 92.9709 64.4979 249.215 236.34 199.315 12.8758 13.7305 74.3097 62.924 54.6173 18.6612 11.3857 8.99412 37.0248 12.0409 13.1548 9.88051
internal_count=4354 2744 1879 1610 1230 649 1330 1140 1101 754 612 476 280 190 865 827 706 38 37 232 202 156 48 30 25 121 39 31 34
is_linear=0
shrinkage=0.03


Tree=22
num_leaves=29
num_cat=0
split_feature=1 1 1 27 1 27 3 29 3 21 27 0 3 27 26 2 27 27 7 32 30 12 27 29 34 34 31 30
split_gain=152.595 34.7919 24.0006 15.2453 14.3111 13.5708 14.1457 11.8596 7.60321 6.94331 5.70228 7.94087 6.98245 5.47537 5.25558 4.86101 4.7746 4.54531 3.99891 3.78499 3.44494 2.6919 2.24071 2.09312 1.87824 1.76727 1.1897 0.34952
threshold=-0.25575350224971766 0.64156350493431102 -0.69541749358177174 0.020415175706148151 0.43567599356174475 0.026736826635897163 44.680541992187507 0.29950000345706945 42.985136032104499 0.023399999365210537 0.020333440974354747 -4.9033493995666495 54.423530578613288 0.019724946469068531 1.0005413889884951 3775.824340820313 0.026598605327308181 0.027362042106688026 25.388464927673343 -0.014749843161553143 -1.0000000180025095e-35 -1.4577239751815794 0.020446146838366989 0.082499999552965178 0.67181196808815014 0.67510789632797252 0.00086741556879132997 0.33029904961586004
decision_type=2 2 2 2 2 2 2 2 2 2 2 2 2 2 2 2 2 2 2 2 2 2 2 2 2 2 2 2
left_child=2 3 10 4 8 6 7 -4 -2 21 12 22 26 -14 -13 17 -11 -7 23 -20 -8 -5 -12 -3 -25 -6 -1 -21
right_child=1 18 5 9 25 15 20 -9 -10 16 11 14 13 -15 -16 -17 -18 -19 19 27 -22 -23 -24 24 -26 -27 -28 -29
leaf_value=0.038165978733744471 0.028594532267470361 0.0043545071282395011 0.021152971124292923 -0.0092397032140887885 -0.016432879002907703 0.0028445173175214739 0.01333197768493064 0.0074051678955187909 0.0035525478852005661 -0.004758611360205031 0.0021362546948430002 0.015094426368398885 0.021123934606706477 -0.0171173728546768 -0.0078283073107468428 -0.025795623017565762 -0.012938105184969738 -0.025506254570994136 0.0051487407982295542 -0.026078452271930373 0.0002881659016301778 -0.021782578380924535 0.033616246428273523 -0.0084444681555657011 -0.019581460614213241 -0.0061711941464769439 0.015053069061231977 -0.01014785882582039
leaf_weight=42.267405122518539 11.305738478899 4.0927272439002982 129.0579234957695 31.062320306897163 28.942856043577194 32.197869375348091 21.809130519628525 106.14165288209915 179.71099074184895 310.96766012907028 3.0306855738163021 25.448109805583954 23.445169180631641 3.2743539214134207 12.823980718851088 8.8771861940622312 83.726761266589165 5.4845345467329016 3.107617884874343 86.330164402723312 108.24345184862614 42.319031521677971 19.801998466253281 26.403497353196144 44.643913999199867 42.117107331752777 4.4489813446998587 4.0386100709438315
leaf_count=123 34 13 389 100 80 95 68 335 541 935 10 72 70 12 37 24 246 18 10 258 335 124 59 82 132 127 14 11
internal_value=-0.000171199 -0.00777667 0.0123193 -0.00491652 0.000845309 0.00867177 0.0106247 0.0150159 0.00515249 -0.00815924 0.0233437 0.0160115 0.0291735 0.0158786 0.00717959 -0.00640728 -0.00653068 -0.00132609 -0.0200575 -0.0243878 0.00258716 -0.0166935 0.0299588 -0.0144258 -0.0156563 -0.0105622 0.0363382 -0.0255253
internal_weight=1445.12 898.769 546.352 730.152 262.077 411.812 365.252 235.2 191.017 468.076 134.541 61.1048 73.4359 26.7195 38.2721 46.5596 394.694 37.6824 168.617 93.4764 130.053 73.3814 22.8327 75.1401 71.0474 71.06 46.7164 90.3688
internal_count=4354 2693 1661 2187 782 1264 1127 724 575 1405 397 178 219 82 109 137 1181 113 506 279 403 224 69 227 214 207 137 269
is_linear=0
shrinkage=0.03


Tree=23
num_leaves=25
num_cat=0
split_feature=9 1 29 16 33 0 25 3 23 33 4 12 3 3 1 29 25 25 0 29 29 33 29 33
split_gain=19.6338 13.9862 12.3654 8.9742 7.9018 7.87121 7.7494 7.27197 9.82497 6.80744 4.75078 2.69051 2.53633 2.43211 1.77781 1.58381 2.15236 2.15343 1.47242 1.48109 1.31686 0.799884 0.529572 0.0392464
threshold=0.4505975097417832 -0.77992299199104298 0.331499993801117 0.60785751044750225 0.46388489007949835 2.0717550516128544 0.0020746804075315599 33.179733276367195 -4.7838590145111075 0.27960035204887396 -5656.5095214843741 0.35086949169635778 25.400075912475589 27.438449859619144 -0.48342001438140864 0.2034999951720238 0.0039054281078279023 0.0032588909380137925 1.4623594880104067 0.35150000452995306 0.37049999833107 0.48835006356239324 0.45949999988079077 0.34944187104702001
decision_type=2 2 2 2 2 2 2 2 2 2 2 2 2 2 2 2 2 2 2 2 2 2 2 2
left_child=1 15 7 6 9 -5 -4 21 -9 10 -2 12 -11 22 -12 -1 17 -17 20 -20 -15 -3 -6 -18
right_child=4 2 3 5 13 -7 -8 8 -10 11 14 -13 -14 18 -16 16 23 -19 19 -21 -22 -23 -24 -25
leaf_value=-0.026240779729215454 -0.011961392450108474 -0.018616528387754346 0.017980862301728393 0.002065012764586868 -0.0040568169111468494 -0.012154451047789717 0.0044896366664057431 0.0039990254915275815 -0.0039748916941135639 0.012391769952844287 0.0031998603570053533 0.0054109339981521171 0.037882840895113894 0.014507053203301534 0.015406918023176588 -0.010175218397931729 -0.026146084381506174 0.015536543906598024 -0.016277970969363634 0.0030630364756667723 -0.00072161512767656799 -0.0062524076478810472 -0.020791751670157899 -0.010085806572921021
leaf_weight=13.826655417680739 7.3279296755790702 27.07612606883049 47.063868924975395 127.13083697855473 5.7534221112728101 47.50485272705555 220.24785396456718 179.60605531930923 599.08710315823555 6.6657799780368867 16.814769446849823 5.4148467183113089 17.408618420362473 12.879477471113207 47.56118443608284 19.603547200560573 8.6144788563251478 2.7353227883577338 4.7480030953884116 9.2619740366935712 6.4624221026897422 9.4869494140148145 4.3680970668792725 3.2395635396242133
leaf_count=45 19 77 152 381 19 126 666 553 1761 23 53 16 61 43 153 62 26 10 11 26 19 28 13 11
internal_value=-7.08471e-06 -0.00117691 -0.000559317 0.00347025 0.0104531 -0.00177527 0.00692769 -0.00275555 -0.00212277 0.0150303 0.00972588 0.0272508 0.0315868 -4.6351e-05 0.0124064 -0.0169882 -0.012663 -0.00636162 0.00367918 -0.00320645 0.00907537 -0.0157789 -0.0127651 -0.0230714
internal_weight=1449.89 1305.22 1257.2 441.947 144.667 174.636 267.312 815.256 778.693 101.193 71.7039 29.4892 24.0744 43.4734 64.376 48.0196 34.1929 22.3389 33.3519 14.01 19.3419 36.5631 10.1215 11.854
internal_count=4354 3898 3744 1325 456 507 818 2419 2314 325 225 100 84 131 206 154 109 72 99 37 62 105 32 37
is_linear=0
shrinkage=0.03


Tree=24
num_leaves=31
num_cat=0
split_feature=1 27 0 13 22 0 18 27 32 27 9 27 29 32 2 4 22 27 27 30 26 27 9 29 33 29 29 29 27 27
split_gain=156.134 34.8412 30.224 17.8203 19.0096 17.7062 13.5527 13.4555 12.921 12.3917 12.3875 10.8197 10.4666 10.0633 8.38389 6.51955 6.41993 8.9341 6.20117 6.03379 5.8298 5.36302 4.89576 4.67736 4.4564 2.80581 2.60541 1.50948 0.945447 0.635815
threshold=-0.16258350014686582 0.026736826635897163 0.30329549312591558 0.37764449417591101 -0.093178998678922639 0.10615099966526033 0.25403249263763433 0.026781643740832809 -0.0063143870793282977 0.019815457053482536 0.3621129989624024 0.018917583860456947 0.39049999415874487 -0.035184944048523896 3701.428100585938 1518.5385742187502 0.33517900109291082 0.0203108498826623 0.020655313506722454 -0.075689412653446184 0.99946019053459179 0.019873751327395443 0.37418049573898321 0.95100000500679027 0.18888977915048602 0.36849999427795416 0.78949999809265148 0.7514999806880952 0.026860929094254974 0.020685245282948021
decision_type=2 2 2 2 2 2 2 2 2 2 2 2 2 2 2 2 2 2 2 2 2 2 2 2 2 2 2 2 2 2
left_child=1 10 5 4 9 6 21 -8 24 -4 16 -6 14 -12 20 -15 17 -1 25 -10 -3 -2 23 -14 -5 -7 -18 -24 -16 -20
right_child=2 12 3 8 11 18 7 -9 19 -11 13 -13 22 15 28 -17 26 -19 29 -21 -22 -23 27 -25 -26 -27 -28 -29 -30 -31
leaf_value=-0.016263196827126954 -0.01271191291955435 -0.0092646761302005807 -0.018941525285580831 0.00068558417457509238 -0.012113419551743094 -0.025374612063001529 -0.0036194766505872385 0.045050005080171159 0.016208556575925771 0.0099190370426793951 0.019991394189506569 0.021238326324200103 -0.0039441238209530606 -0.021395968469109621 0.049086225391134372 0 -0.025493006047601477 -0.0021459472537030989 0 -0.0089871084748943866 0.015879021653721181 0.015223767051511988 -0.0062574965596223853 0.027607031075832754 0.036578641039736688 0 0.0028165935441039668 -0.026301922910200917 0.019600152136292497 0.015445280995157512
leaf_weight=63.825806215405464 5.9948935210704795 11.272671371698378 13.507846444845198 5.3235695958137503 8.4282818734645826 32.222041606903076 149.88390101492405 4.7774145603179923 9.1730824112892133 244.69553995132446 5.0973671674728385 241.47001886367798 17.150827035307888 252.78602938354015 5.7006432414054853 14.110240951180456 26.459659829735759 113.5962291508913 3.2928653359413138 64.416062489151955 25.690019860863686 77.057353302836418 8.1733430624008196 4.9662659764289847 9.4361317455768567 4.6558632999658576 2.5465577691793433 8.9356551915407163 3.975432962179184 3.5847072303295135
leaf_count=214 18 35 45 15 29 118 469 9 24 668 14 587 52 922 11 44 99 349 10 208 68 209 27 12 21 15 8 32 10 10
internal_value=0.000233903 -0.0120657 0.00815215 0.0119733 0.0141342 1.6045e-05 0.00328524 -0.00191777 -0.000362168 0.00834072 -0.0152264 0.0200556 0.0054273 -0.0194668 0.0150171 -0.0202901 -0.0095622 -0.0073065 -0.0173778 -0.00563674 0.00794929 0.0130356 -0.00579365 0.00319627 0.0246691 -0.0222735 -0.022697 -0.0176869 0.0394145 0.00738354
internal_weight=1442.21 564.287 877.92 596.451 508.102 281.469 237.714 154.661 88.3488 258.203 478.422 249.898 85.8649 271.994 46.6388 266.896 206.428 177.422 43.7555 73.5891 36.9627 83.0522 39.2261 22.1171 14.7597 36.8779 29.0062 17.109 9.67608 6.87757
internal_count=4352 1897 2455 1597 1329 858 705 478 268 713 1650 616 247 980 124 966 670 563 153 232 103 227 123 64 36 133 107 59 21 20
is_linear=0
shrinkage=0.03


Tree=25
num_leaves=25
num_cat=0
split_feature=0 1 1 27 0 3 27 16 23 17 25 2 27 27 18 25 16 7 7 34 28 28 27 1
split_gain=140.651 39.9081 28.2594 19.6766 12.6036 12.1985 12.1853 11.5358 10.9161 10.6479 7.65887 6.65414 6.41409 6.15979 7.71515 7.73962 5.86225 3.22231 1.60751 2.80541 1.80585 1.3405 0.39927 0.0840708
threshold=0.026813500560820106 -0.45222748816013331 0.64156350493431102 0.020563698373734954 -4.5034699440002433 44.623849868774421 0.026736826635897163 1.0000000180025095e-35 2.8623635768890385 1.0000000180025095e-35 0.001182804524432868 3775.824340820313 0.01991822570562363 0.027514189481735233 0.37212000787258154 0.0012200960773043337 -1.0000000180025095e-35 53.168813705444343 25.087889671325687 0.58595949411392223 0.41770663857460028 0.75181958079338085 0.022941910661756996 0.76505199074745189
decision_type=2 2 2 2 2 2 2 2 2 2 2 2 2 2 2 2 2 2 2 2 2 2 2 2
left_child=1 4 13 5 21 7 8 -3 -6 17 -11 -8 -7 14 15 -2 -16 -5 19 -4 -21 22 -1 -20
right_child=2 3 18 9 6 12 11 -9 -10 10 -12 -13 -14 -15 16 -17 -18 -19 23 20 -22 -23 -24 -25
leaf_value=0.03365860266171803 0.0049323365505811161 0.011223445239495675 0.0023123626021514707 -0.014361458443731785 0.019020622403472326 0.010375306993080638 0.0034081377882048147 0.044361045966959875 0.0072724160585986011 0.022156723465287003 -0.00078098974945610801 -0.025438153752830081 -0.0030586592831623538 -0.026487609637210554 -0.015011323295942392 -0.0066890692397870155 -0.0053526269876942026 -0.0041862208659495942 -0.025034017887128279 -0.022779452161822717 -0.010218723149567118 0.0097767976723203906 0.02168450805135097 -0.01645069850713252
leaf_weight=31.473547071218491 80.113410070538521 31.188510477542877 5.2499766498804084 75.829732909798622 190.44519051909447 65.952073305845261 33.555197358131409 14.181674689054487 119.88581791520119 14.710680782794951 89.998880341649055 8.5432134568691236 59.881519004702568 14.252101883292196 119.1959188580513 140.36861446499825 116.24991424381733 49.838426798582077 91.152313992381096 40.233478009700775 19.814887553453445 4.9985990524291983 13.077654898166655 11.828886881470678
leaf_count=92 239 93 17 226 586 203 96 42 373 47 278 25 178 34 344 424 359 149 275 119 63 15 40 35
internal_value=-0.000476696 0.00786621 -0.010989 0.00114934 0.0145443 0.00885667 0.0124739 0.0221483 0.0145301 -0.0045461 0.00244598 -0.00246436 0.00392433 -0.00717075 -0.00651884 -0.00242403 -0.010302 -0.01043 -0.0215513 -0.0170549 -0.0189019 0.0288187 0.0306231 -0.0242193
internal_weight=1442.02 803.561 638.46 401.581 401.979 171.204 352.429 45.3702 310.331 230.378 104.71 42.0984 125.834 470.18 455.928 220.482 235.446 125.668 168.28 65.2983 60.0484 49.5498 44.5512 102.981
internal_count=4352 2443 1909 1216 1227 516 1080 135 959 700 325 121 381 1400 1366 663 703 375 509 199 182 147 132 310
is_linear=0
shrinkage=0.03


Tree=26
num_leaves=31
num_cat=0
split_feature=9 17 29 2 7 27 27 23 27 7 33 9 22 9 1 28 16 22 29 28 28 27 4 28 26 29 27 21 25 26
split_gain=19.7288 11.313 11.0014 10.5461 10.4738 8.89444 8.50933 13.2352 9.31563 8.00589 7.8379 8.12293 7.35646 6.76481 5.35312 5.32611 5.22827 5.15359 5.11502 4.76313 3.6597 3.6002 3.58097 3.53102 3.28484 3.15905 2.91127 2.42286 2.34618 1.87098
threshold=0.34812349081039434 0.81174498796463024 0.25249999761581426 3440.8505859375005 22.169844627380375 0.026133027859032158 0.02051569148898125 -4.6397244930267325 0.019750763662159446 24.55662822723389 1.0120487213134768 0.4796034991741181 -4.4041938781738272 0.31150050461292272 -0.36555400490760798 -0.30794489383697504 -0.87837952375411976 0.11657800246030094 0.15650000423192981 -0.56264671683311451 -0.56264671683311451 0.026306525804102424 -3846.886840820312 0.64120182394981395 0.99868988990783703 0.42849999666213995 0.026972455903887752 0.054700000211596496 0.0027928316267207269 1.00013142824173
decision_type=2 2 2 2 2 2 2 2 2 2 2 2 2 2 2 2 2 2 2 2 2 2 2 2 2 2 2 2 2 2
left_child=2 10 4 9 6 18 8 -8 -1 15 11 12 -2 17 25 -4 27 -6 29 -16 -20 -13 -11 -18 -15 -5 -7 -12 -28 -3
right_child=1 5 3 14 13 26 7 -9 -10 22 16 21 -14 24 19 -17 23 -19 20 -21 -22 -23 -24 -25 -26 -27 28 -29 -30 -31
leaf_value=0.014830714606279926 -0.004684239280072694 0.013133615867557564 -0.0064965325909506922 -0.016109362209533785 -0.0093009385306515209 -0.025743481279252901 0.047394920831521088 0.0026454854462254008 -0.011456471157485848 0.0061741677391192297 0.031563632911207264 0.014845755717687831 0.0034334729419407792 0.0076858927171836256 0.029183147835792442 0.0098622167049375441 -0.018319387799007946 0.0070154323038154626 0.0038947709009546699 0.0089005952121550824 0.028529877238308552 -0.0024069036268555438 -0.010840557253046732 0.008307789229743864 -0.016016808290093221 0.0087602516018168205 -0.010047098990753359 -0.0027557110229810603 0.021939164431638 -0.015067582811900912
leaf_weight=14.035468727350233 123.25875133275986 3.3406971395015708 26.90904675424099 9.8738016933202761 52.7347182482481 4.3712928891181928 6.3947154879569998 48.241258293390274 67.934362009167671 11.644879341125487 2.9761392474174491 66.243590265512466 520.07298055291176 4.6665244847536078 13.506883591413496 49.25229986011982 31.355423927307129 24.871548920869827 7.5814485251903525 55.401586055755615 36.701569139957428 11.818490535020826 90.762081384658813 4.4192801415920249 138.17090146243572 7.3447864055633536 3.9897255897521973 2.9012735486030579 3.1204023659229279 4.044476330280304
leaf_count=44 370 11 76 30 156 10 24 139 189 35 11 218 1601 16 46 151 87 80 24 168 125 30 252 14 381 23 11 9 11 10
internal_value=0.000235556 0.00327838 -0.00379278 0.000811425 -0.00722759 0.0154552 -0.000625255 0.00842859 -0.00678363 -0.00331015 0.00224939 0.00299195 0.00186176 -0.0112676 0.00943042 0.00396033 -0.0102808 -0.00394514 0.0207751 0.0131875 0.0246038 0.0121205 -0.00879773 -0.0147128 -0.0151555 -0.00504516 -0.00760212 0.0143235 0.00332713 -0.00114545
internal_weight=1447.94 826.196 621.745 264.695 357.049 63.1496 136.606 54.636 81.9698 178.568 763.046 721.394 643.332 220.444 86.1271 76.1613 41.6521 77.6063 51.6682 68.9085 44.283 78.0621 102.407 35.7747 142.837 17.2186 11.4814 5.87741 7.11013 7.38517
internal_count=4352 2542 1810 781 1029 202 396 163 233 514 2340 2219 1971 633 267 227 121 236 170 214 149 248 287 101 397 53 32 20 22 21
is_linear=0
shrinkage=0.03


Tree=27
num_leaves=29
num_cat=0
split_feature=0 1 13 22 18 0 31 13 9 9 18 25 22 26 10 29 26 33 31 25 33 33 33 33 29 33 1 1
split_gain=145.926 32.8509 23.604 17.4459 15.7253 13.0529 12.3571 11.857 11.7137 10.025 13.39 10.006 9.82026 9.28588 8.97952 8.08367 6.71818 6.60175 5.77744 5.59749 4.6083 4.25444 4.20659 2.1228 1.92174 1.89276 0.634431 0.0541507
threshold=0.30329549312591558 -0.45222748816013331 0.37764449417591101 -0.093178998678922639 0.52592149376869213 0.10615099966526033 0.013948959298431875 -0.13855250179767606 0.40329450368881231 0.38223150372505194 0.59389400482177745 0.00092269753804430376 4.199775457382203 1.0036411285400393 -6.3090646266937247 0.88449999690055858 1.0008643269538882 0.094251785427331938 0.028634588234126571 0.0010292651131749155 1.2414397597312929 0.34379796683788305 0.20518457889556888 0.14027105271816256 0.33550000190734869 0.40294419229030615 -0.48342001438140864 0.055058000609278686
decision_type=2 2 2 2 2 2 2 2 2 2 2 2 2 2 2 2 2 2 2 2 2 2 2 2 2 2 2 2
left_child=1 9 3 4 11 7 19 18 -9 10 15 -2 26 14 -5 -1 27 -6 -3 25 -21 -18 -12 -14 -8 -4 -11 -7
right_child=2 5 6 13 17 16 24 8 -10 12 22 -13 23 -15 -16 -17 21 -19 -20 20 -22 -23 -24 -25 -26 -27 -28 -29
leaf_value=-0.01537360399445855 0.018314076865084492 -0.013320765629859449 0.025510593464028963 0.011487049448203737 0 -0.016345676475474705 0.03401622221312145 0.0044671842444756939 -0.0075117489530829402 -0.026538935694406261 -0.0042436482443541229 -0.0017089855491615195 0.0037299422350571972 -0.019275752431162297 0.024524433189365178 0.010462541886362539 -0.016008153896800374 0.0206155112498684 0.026753626689219656 -0.012073771829371227 0.022629794277015378 0.021728488189327273 0.01802533043416514 -0.011516908060327968 0.0036192772855692164 -0.00065627575784078373 -0.017512406554271168 -0.027553890432737267
leaf_weight=145.91982713341713 27.164513409137726 76.582136943936348 5.1380553245544416 71.72739240527153 15.644349873065947 8.2453424632549304 7.7333391308784467 262.74950544536114 101.14801177382469 94.379018023610115 12.417828440666201 116.47505778074265 9.3423885852098447 4.7195601761341086 173.10292625427246 11.010772570967672 4.7454688400030118 88.389490276575089 2.7835387885570517 63.154472008347511 3.0186612904071799 4.8834475576877594 16.823900133371353 35.487369611859322 3.5062799751758575 3.2667490839958191 19.333508923649788 23.733709573745728
leaf_count=500 66 261 12 192 45 29 17 763 340 359 37 349 29 15 401 32 17 219 7 208 8 14 42 122 10 10 71 90
internal_value=0.000307981 -0.00776713 0.01181 0.0143184 0.00858681 -0.00270555 -0.00261822 -0.0011662 0.00110711 -0.0148464 -0.00998604 0.00206565 -0.0204478 0.0199423 0.0207728 -0.0134762 -0.0186824 0.0174515 -0.0116439 -0.00717341 -0.0101979 0.00236984 0.00835359 -0.00813487 0.0258583 0.0148637 -0.0251664 -0.0252372
internal_weight=1412.63 829.586 583.041 497.223 247.673 484.871 85.8176 443.263 363.898 344.715 186.172 143.64 158.542 249.55 244.83 156.931 41.608 104.034 79.3657 74.5779 66.1731 9.62892 29.2417 44.8298 11.2396 8.4048 113.713 31.9791
internal_count=4265 2713 1552 1287 679 1521 265 1371 1103 1192 611 415 581 608 593 532 150 264 268 238 216 31 79 151 27 22 430 119
is_linear=0
shrinkage=0.03


Tree=28
num_leaves=28
num_cat=0
split_feature=20 20 27 20 27 21 6 20 29 13 21 13 27 7 25 27 27 27 26 6 27 32 27 27 26 29 25
split_gain=144.405 43.0995 19.6698 10.9241 10.0382 14.1481 9.53701 9.41666 11.2176 9.25396 8.64102 6.62357 9.54488 8.41593 9.40188 5.35053 5.29167 5.21719 5.19605 4.44297 5.94884 3.51219 3.19915 2.76994 1.70453 1.59899 1.45897
threshold=0.026813500560820106 -2.5905750989913936 0.026736826635897163 2.7174900770187382 0.020369840785861019 0.30470000207424169 0.051688499748706825 -1.0804669857025144 0.32350000739097601 -0.11044700071215628 0.69530001282691967 -0.72371649742126454 0.020900700241327289 26.323872566223148 0.0010718263802118602 0.02728238329291344 0.019647951237857345 0.022884115576744083 0.99966919422149669 0.052217500284314163 0.019647951237857345 -0.015745750628411766 0.027362042106688026 0.020685245282948021 1.0036411285400393 0.62149998545646679 0.0025053648278117184
decision_type=2 2 2 2 2 2 2 2 2 2 2 2 2 2 2 2 2 2 2 2 2 2 2 2 2 2 2
left_child=1 4 7 11 19 23 15 8 -3 -9 22 12 18 16 -15 25 -13 -7 -2 20 -1 -8 -4 -6 -23 -5 -17
right_child=3 2 10 6 5 17 21 9 -10 -11 -12 13 -14 14 -16 26 -18 -19 -20 -21 -22 24 -24 -25 -26 -27 -28
leaf_value=0.030768376274579783 -0.0048258188554188971 0.015464176168332887 0.0035123374420540673 0.016904284667944317 0.0055457356459752581 0.034853314586260946 0 0.011683195179298696 0.0025692734262849634 -0.00032150462077092524 -0.024056727294355505 0.001607232347403683 -0.025556624008305041 0.0096166110324962702 -0.0080700764488933624 -0.025009478293158433 -0.014407879359348334 0.017200410488092625 0.026783914794824393 0.03942205145997224 -0.009297777425866894 -0.025826141481222916 -0.012579458368702704 -0.016729223082830577 -0.0065826898480800472 -0.0026555231420431883 0
leaf_weight=8.6386508941650373 6.3247148692607942 161.85568916797638 29.685815632343292 9.0766400396823901 8.0606364309787768 21.386555373668671 4.8449765294790259 76.868373334407806 100.31171274185181 223.02090433239937 25.472340956330299 18.800483494997025 6.0402448475360861 31.95842356979847 153.34003548324108 7.3247133493423444 262.24278572201729 75.981555312871933 12.884652376174925 34.712770581245422 4.5074558556079856 87.941928625106812 16.738086268305779 10.545963853597639 6.11587931215763 4.8359112590551367 3.091981828212738
leaf_count=26 20 484 87 30 22 63 17 235 318 671 73 60 13 93 477 19 779 232 40 99 16 261 53 31 21 15 10
internal_value=-0.000323298 0.00808848 0.00451747 -0.0112506 0.0217959 0.016742 -0.0193021 0.00641848 0.0105788 0.00273993 -0.0101612 -0.00919645 0.00545297 -0.0100139 -0.00495354 -0.00201393 -0.0133036 0.021328 0.0160613 0.0335571 0.0165339 -0.0234328 -0.00216996 -0.00671576 -0.0247115 0.00962471 -0.0181118
internal_weight=1412.61 797.787 633.953 614.823 163.834 115.975 123.232 562.057 262.167 299.889 71.8962 491.591 25.2496 466.342 185.298 24.3292 281.043 97.3681 19.2094 47.8589 13.1461 98.9028 46.4239 18.6066 94.0578 13.9126 10.4167
internal_count=4265 2410 1921 1855 489 348 373 1708 802 906 213 1482 73 1409 570 74 839 295 60 141 42 299 140 53 282 45 29
is_linear=0
shrinkage=0.03


Tree=29
num_leaves=24
num_cat=0
split_feature=1 29 9 3 9 6 12 2 27 27 9 29 30 26 26 27 0 25 25 26 29 25 25
split_gain=20.7929 15.4147 15.47 11.0193 10.5838 9.71087 9.7676 5.874 7.38705 5.55607 5.54325 5.21066 4.03607 2.50584 2.83102 2.30308 1.99441 4.16375 3.60145 1.23519 0.519726 1.05752 0.527062
threshold=-0.77506297826766957 0.42249999940395361 0.4796034991741181 34.495037078857429 0.40329450368881231 0.059656500816345222 -1.688320994377136 2873.4123535156255 0.02008997276425362 0.02707244269549847 0.39175350964069372 0.86349999904632579 0.086992513388395323 1.0004605650901797 1.0021987557411196 0.020394305698573593 -1.8333045244216917 0.0018331370083615186 0.0013240206171758475 1.000993072986603 0.31350000202655798 0.0036681464407593016 0.0025053648278117184
decision_type=2 2 2 2 2 2 2 2 2 2 2 2 2 2 2 2 2 2 2 2 2 2 2
left_child=13 2 3 9 -5 6 11 12 -9 -2 -8 -3 -7 20 15 -15 17 -4 -18 -17 -1 22 -22
right_child=1 5 16 4 -6 7 10 8 -10 -11 -12 -13 -14 14 -16 19 18 -19 -20 -21 21 -23 -24
leaf_value=-0.026656704273805527 -0.017119218584962636 0.022710716456482542 0.026888858477938711 -0.0025822857901846422 0.0054703820877397566 0.0055063449199630344 -0.0092046426576417439 0.040493329845872145 0.011557111852750409 0.0063908333915561654 0.0031650829175599361 -9.9579701379022776e-05 -0.018909973576645499 -0.018071707217016068 -0.024901921310880443 -0.0018183566067382611 0.0029804183179647668 -0.0032011803651937872 0.031642839612481634 0.016774697099165896 -0.014924032856525863 -0.023809195417581103 -4.3885958262894908e-05
leaf_weight=19.026306718587875 57.284539967775345 23.673260062932968 6.0950917601585379 723.87741543352604 183.35625451803207 20.739180654287342 64.248865887522697 8.3333784937858564 145.70451614260674 9.8418378531932813 63.875552266836166 13.125215530395506 7.9694169759750357 4.2892611473798778 5.682359278202056 5.5104871690273267 6.3917536139488247 9.7323852777481061 15.199374616146086 5.1886502057313919 4.5963840484619158 9.6249655932188016 5.9258420765399933
leaf_count=63 162 79 22 2117 580 62 179 30 454 30 191 40 20 15 17 17 21 32 51 19 15 30 19
internal_value=8.90228e-06 0.000779854 -0.0010857 -0.00182479 -0.000942772 0.00622854 0.000884999 0.0109862 0.0133067 -0.0135174 -0.0029795 0.0144412 -0.0011711 -0.0172166 -0.00779408 -0.000132612 0.0176929 0.00830372 0.0238246 0.00674125 -0.0218008 -0.0162447 -0.00774259
internal_weight=1419.29 1359.45 1011.78 974.36 907.234 347.669 164.923 182.746 154.038 67.1264 128.124 36.7985 28.7086 59.8443 20.6708 14.9884 37.4186 15.8275 21.5911 10.6991 39.1735 20.1472 10.5222
internal_count=4265 4070 3015 2889 2697 1055 489 566 484 192 370 119 82 195 68 51 126 54 72 36 127 64 34
is_linear=0
shrinkage=0.03


Tree=30
num_leaves=29
num_cat=0
split_feature=20 1 9 29 13 23 27 25 27 12 12 25 10 27 27 27 9 22 18 20 29 27 27 33 25 2 27 30
split_gain=133.391 31.4913 20.5631 14.3573 13.4281 12.201 13.1533 10.2016 11.4915 18.8353 9.65436 9.11309 9.10836 8.64752 8.28788 9.60939 7.42685 10.5441 9.44215 7.25758 5.15851 4.14505 4.37156 4.08486 3.70672 2.57116 2.48183 0.655309
threshold=0.30329549312591558 -0.50438550114631642 0.40329450368881231 0.47849999368190771 -0.13855250179767606 8.2609491348266619 0.018917583860456947 0.00065908988472074281 0.025842599570751194 -0.080635499209165559 0.12794599682092669 0.0029251228552311663 -13.689263820648192 0.027024132199585441 0.024278305470943454 0.024717390537261966 0.3621129989624024 4.199775457382203 0.33870999515056616 -1.7968384623527525 0.17249999940395358 0.020497629418969158 0.020545297302305702 0.14027105271816256 0.002835816354490817 2531.6887207031255 0.020394305698573593 -0.28997372090816492
decision_type=2 2 2 2 2 2 2 2 2 2 2 2 2 2 2 2 2 2 2 2 2 2 2 2 2 2 2 2
left_child=1 16 4 13 11 7 24 21 10 -10 -9 -3 -6 -4 -8 -16 18 27 20 -5 -1 26 -23 -19 -7 -20 -2 -18
right_child=5 2 3 19 12 6 14 8 9 -11 -12 -13 -14 -15 15 -17 17 23 25 -21 -22 22 -24 -25 -26 -27 -28 -29
leaf_value=-0.011748140997462766 0.021676624140077223 -0.018605063989492812 -0.019422683541860646 -0.013688463460913156 -0.010457013424495792 -0.026056714253243862 0.038112613199137182 0.0080260620575519671 0.0020346027315314014 0.026600666681657059 -0.0027506285113707957 0.0066280995652362009 0.0040232034589881577 0.014093433556313279 -0.003890773695942859 0.023536694016135049 -0.0041033206640779963 0.013106838867448541 -0.0047830381339499396 0.0088896007638771847 0.0097851088820900302 -0.016822386413965169 0.016759470049839367 -0.01161791027917037 0.011897353958094024 -0.021781199404925858 0.044146173933972951 -0.026045160752120319
leaf_weight=16.661250755190849 21.702917665243152 52.035503432154655 127.64899708330631 19.666308417916298 44.433697819709778 6.1408251971006376 26.518331259489059 210.05132120847702 53.213782384991646 61.300586342811584 114.17200441658497 16.163264006376266 290.75693471729755 6.663362890481948 14.023119181394575 50.041802018880844 2.435697376728057 7.117307484149932 11.993386119604109 34.496610462665558 23.388560131192207 3.6840265095233944 16.884870618581772 25.081969693303108 2.8147406578063965 43.090517297387123 8.1632524132728559 112.19486148655415
leaf_count=53 51 184 467 70 149 23 52 572 151 145 343 50 835 18 41 113 9 21 40 103 65 11 42 88 8 158 15 437
internal_value=-0.000267077 -0.00799049 -0.00423565 -0.0124036 -0.00038641 0.0106543 0.0202843 0.00865764 0.00714124 0.0153218 0.00420505 -0.012489 0.00206414 -0.0176471 0.0237455 0.0174101 -0.0171104 -0.0214048 -0.0103109 0.000476742 0.000570641 0.0214726 0.0100611 -0.00576068 -0.0131776 -0.0183184 0.0287403 -0.025677
internal_weight=1422.54 833.828 591.865 188.475 403.389 588.712 99.5388 489.173 438.738 114.514 324.223 68.1988 335.191 134.312 90.5833 64.0649 241.964 146.83 95.1337 54.1629 40.0498 50.4351 20.5689 32.1993 8.95557 55.0839 29.8662 114.631
internal_count=4314 2747 1876 658 1218 1567 237 1330 1211 296 915 234 984 485 206 154 871 555 316 173 118 119 53 109 31 198 66 446
is_linear=0
shrinkage=0.03


Tree=31
num_leaves=27
num_cat=0
split_feature=0 0 27 0 0 29 27 6 27 14 29 0 27 27 2 26 31 14 29 33 30 27 27 34 26 28
split_gain=119.386 34.703 15.0921 11.3426 9.62528 12.6354 9.96032 9.2397 8.54822 8.22952 8.05041 6.65384 6.37574 8.53551 6.13118 5.81769 5.06341 3.95728 3.82739 3.01768 2.17764 1.85036 1.64526 1.52487 1.12817 0.954842
threshold=0.071775499731302275 -2.5905750989913936 0.026736826635897163 2.7174900770187382 -1.1697199940681455 0.25749999284744268 0.020533004775643352 0.051688499748706825 0.027326895855367187 0.3627960085868836 0.2034999951720238 -4.5034699440002433 0.020900700241327289 0.020633687265217308 3775.824340820313 0.9979994297027589 -0.013918683864176272 -0.20124150067567823 1.0074999928474428 0.075189597904682173 -0.37583515048027033 0.026931623928248886 0.024344349279999736 0.72363984584808361 1.0036411285400393 -0.57526049017906178
decision_type=2 2 2 2 2 2 2 2 2 2 2 2 2 2 2 2 2 2 2 2 2 2 2 2 2 2
left_child=1 10 4 9 5 -3 -6 8 18 16 22 23 13 -11 21 -13 17 -2 -5 -18 -9 -4 25 -12 -22 -1
right_child=3 2 14 7 6 -7 -8 20 -10 12 11 15 -14 -15 -16 -17 19 -19 -20 -21 24 -23 -24 -25 -26 -27
leaf_value=0.017503269267817562 -0.006199854938554729 0.017956937767032832 0.0024527528042907593 0.017206517667620963 0.0069211812838404748 0.0045054062878766531 -0.0035263297616947983 -0.0031236239441014627 -0.025302941483603236 0.0026495002047655951 0.028449021518883722 0.030233556401501008 -0.025110782449975638 0.043934546905286045 -0.026268163222968422 0.0076199863811118873 -0.0026784346052193034 0.016950657477196065 -0.015537033649126585 -0.010901168211794317 -0.024497737583487618 -0.0087674204746460201 0.0068773410933420367 0.0090551603031425783 -0.0085447008863524972 0.036708816031472198
leaf_weight=6.2051281929016104 14.552138954401018 115.55293750762939 21.906672760844231 14.01186846196652 210.67060212790966 143.20522394776344 132.7351018935442 6.2699703723192206 8.8373861163854581 40.550282001495361 36.222148090600967 12.027490258216856 5.5232434123754492 4.6823219060897818 14.001024872064589 74.789569765329361 49.380918323993683 11.044454619288443 3.4270605146884909 340.53822766244411 83.621911004185677 29.007950961589813 3.3469941616058341 6.3208258748054496 6.792037993669509 30.120761781930923
leaf_count=17 44 344 62 45 633 442 404 18 24 126 107 36 12 15 43 226 154 36 9 1034 255 89 10 19 23 87
internal_value=0.000510345 0.00780321 0.00470125 -0.00982071 0.00619271 0.0105702 0.00285752 -0.017972 -0.00177692 -0.0076349 0.0199418 0.0160629 0.00361319 0.0075536 -0.00893771 0.0110111 -0.0090332 0.00357767 0.0100164 -0.00988762 -0.0222491 -0.00378784 0.0320084 0.0259153 -0.0234519 0.0339547
internal_weight=1425.34 836.112 667.08 589.232 602.164 258.758 343.406 122.96 26.2763 466.272 169.033 129.36 50.7558 45.2326 64.9156 86.8171 415.516 25.5966 17.4389 389.919 96.6839 50.9146 39.6729 42.543 90.4139 36.3259
internal_count=4314 2519 2017 1795 1823 786 1037 374 78 1421 502 388 153 141 194 262 1268 80 54 1188 296 151 114 126 278 104
is_linear=0
shrinkage=0.03


Tree=32
num_leaves=31
num_cat=0
split_feature=9 7 2 9 29 7 21 7 29 33 26 13 0 22 33 33 29 33 34 29 4 0 33 29 26 26 25 7 26 4
split_gain=17.5795 11.684 16.781 9.13257 8.97002 7.69238 8.07456 9.5947 7.65114 6.57909 6.52446 6.34222 5.94387 5.0913 4.39328 6.83111 3.61818 3.31902 4.28392 4.12028 3.29931 2.75178 3.53965 2.75172 2.64762 2.31463 2.24191 2.20711 2.19215 2.03734
threshold=0.34812349081039434 22.169844627380375 3548.035278320313 0.48862600326538091 0.4030000120401383 53.926776885986335 0.16405000537633899 25.388464927673343 0.37749999761581426 0.053269332274794585 1.0004693865776064 -0.096115000545978532 -1.5613420009613035 -1.6687070131301878 0.35819098353385931 0.20329911261796954 0.14350000023841861 0.45976626873016363 0.7093321979045869 0.37250000238418585 -3846.886840820312 3.8205720186233525 0.24242707341909411 0.31350000202655798 1.0011295080184939 1.0011073946952822 0.001182804524432868 20.170840263366703 1.0020047426223757 -2734.567504882812
decision_type=2 2 2 2 2 2 2 2 2 2 2 2 2 2 2 2 2 2 2 2 2 2 2 2 2 2 2 2 2 2
left_child=1 10 11 5 16 6 7 -2 -8 -6 14 12 -3 23 15 -1 -4 18 28 26 -13 -7 -23 -12 -15 -20 -19 -16 -5 -21
right_child=3 2 4 17 9 21 8 -9 -10 -11 13 20 -14 24 27 -17 -18 19 25 29 -22 22 -24 -25 -26 -27 -28 -29 -30 -31
leaf_value=-0.0036803749567312183 0.00059566778683280142 -0.020668079495014327 -0.024678843138570276 0.01792036908746316 -0.0063092718471496724 0.031650538079952037 -0.0050406569451759489 0.01226941255293292 0.0029000567650054828 0.025687245353396386 -0.021219227430077564 0 -0.0042302756086404127 0.023120718356864273 -0.01079352108540655 0.012819225515532513 0 -0.0012555933515752845 -0.0010834728854242773 0.0019703958865867005 -0.01666629943674381 -0.011375805132807452 0.020290802297173251 0.0069488856709134838 0.0059111391870425535 0.019425008910670682 0.024991867832703421 0.0032391226226004292 0.039320318912241831 -0.018182827501138192
leaf_weight=56.203924030065536 168.04304590821266 22.940289556980133 5.3103889524936667 27.145350396633148 7.0459827482700375 9.0821470320224762 244.14441967010498 103.01215633749962 195.4278983771801 21.604227632284164 5.18553778529167 11.348485529422758 151.36172196269035 22.665544718503952 45.121646910905838 36.561114773154259 72.17237563431263 3.4046993553638485 14.746562093496324 10.118924230337145 126.27991057932377 4.3516377806663513 7.7942079603672028 5.8815448880195618 15.558646351099013 6.4272642135620108 8.1950041651725751 11.543406277894972 6.7766272723674765 6.7057572305202475
leaf_count=158 508 75 13 88 21 32 733 333 597 73 15 33 438 76 124 115 220 11 45 30 352 10 24 19 45 21 28 35 24 18
internal_value=-0.000236351 -0.00406188 -0.0069107 0.00264713 0.00331773 0.00155641 0.00100469 0.00507974 -0.00149059 0.0175363 0.00188848 -0.0104194 -0.00649811 0.0113118 -0.00118725 0.00275991 -0.00190308 0.0120314 0.0163425 0.00322579 -0.015279 0.0191635 0.00823234 -0.00581807 0.016515 0.00503109 0.0168105 -0.00777412 0.022966 -0.00583546
internal_weight=1432.16 616.785 418.063 815.376 106.133 731.856 710.628 271.055 439.572 28.6502 198.721 311.93 174.302 49.2913 149.43 92.765 77.4828 83.5202 55.0958 28.4244 137.628 21.228 12.1458 11.0671 38.2242 21.1738 11.5997 56.6651 33.922 16.8247
internal_count=4314 1812 1225 2502 327 2237 2171 841 1330 94 587 898 513 155 432 273 233 265 178 87 385 66 34 34 121 66 39 159 112 48
is_linear=0
shrinkage=0.03


Tree=33
num_leaves=31
num_cat=0
split_feature=1 27 27 7 3 27 7 13 25 1 1 27 7 27 29 3 12 27 10 17 27 33 29 28 20 27 7 34 33 33
split_gain=119.939 28.7754 22.5385 30.8815 16.5214 25.3307 16.4506 15.1964 13.7193 12.6479 11.8815 11.0824 9.83128 7.86928 6.35626 6.00669 6.03426 5.28802 8.66648 8.59678 5.7546 5.21917 4.3373 4.78967 3.97106 3.75242 3.69994 3.03932 3.02645 0.15927
threshold=-0.15377149730920789 0.026672904379665855 0.025842599570751194 27.90232086181641 45.40954780578614 0.020446146838366989 48.380487442016609 0.13647849857807162 0.000934370851609856 0.29464700818061834 -0.46698449552059168 0.026651846244931224 27.368124961853031 0.019889384508132938 1.0074999928474428 55.181695938110359 1.8379580378532412 0.02707244269549847 -17.18626499176025 -0.5617450177669524 0.026781643740832809 1.2414397597312929 0.84749999642372142 -0.26812422275543207 -1.2172889709472654 0.027147546410560611 57.42767524719239 0.70793986320495617 0.53535684943199169 0.36950588226318365
decision_type=2 2 2 2 2 2 2 2 2 2 2 2 2 2 2 2 2 2 2 2 2 2 2 2 2 2 2 2 2 2
left_child=1 10 3 4 5 -2 22 11 -6 14 15 -8 13 -12 -5 16 -1 18 29 -19 -20 -11 27 -24 -14 -9 -21 -4 -17 -3
right_child=2 17 6 9 8 -7 7 25 -10 21 12 -13 24 -15 -16 28 -18 19 20 26 -22 -23 23 -25 -26 -27 -28 -29 -30 -31
leaf_value=-0.020822134948434688 -0.017687777185355143 -0.024092003188538332 0.038267643729101151 -0.027795626471014735 0.021728067605102361 0.0067072882569939925 0.0041033200000668594 -0.011359306968217688 0.007656862527956154 -0.0048733297360698796 -0.026076503525732611 0.026239680092997396 -0.011112604806742477 -0.00066780136110293747 0.017255708781388705 -0.00062788418737037127 0.00024027781678256978 -0.02663965648070072 0.00093406362907817698 0.018704263171388236 0.023551620487914739 0.027331224063719434 0.033395396669277919 -0.0046378656122916147 -0.027411755765632592 0.011874030869882642 -0.0022208079287777682 0.018930472017479168 -0.024411617488948947 -0.0055121228834534306
leaf_weight=237.99986661970615 52.415239229798317 4.5177590847015372 33.916812866926193 33.512180119752884 81.733499258756638 138.26421974599361 38.101614385843277 29.257882311940193 281.06727400422096 85.107370421290398 11.778323635458944 46.674976050853729 37.352345570921898 111.76174296438694 2.4897940456867209 26.23747502267361 12.003127634525297 10.819072142243384 17.389302939176559 9.5831520259380323 27.153052896261215 4.2265330255031577 4.3059489727020264 6.7374021857976896 25.063630893826485 7.1381991803646079 28.620556011795998 14.245509833097456 5.6607106477022162 2.4575936496257782
leaf_count=893 179 17 71 129 192 396 105 95 768 258 44 105 129 350 7 87 37 41 52 25 65 10 9 20 93 20 84 35 21 9
internal_value=-0.00046628 -0.0111577 0.00659851 0.00406978 0.00712386 0 0.0160276 0.00951667 0.0108772 -0.00932015 -0.0142878 0.0164787 -0.00827823 -0.00325818 -0.0242398 -0.0181984 -0.0197765 0.00331732 0.0100311 -0.00358642 0.0150299 -0.00310585 0.029011 0.0102163 -0.0179665 -0.00645957 0.0029694 0.0329863 -0.00543799 -0.0195563
internal_weight=1427.59 568.398 859.194 678.816 553.48 190.679 180.378 121.173 362.801 125.336 467.857 84.7766 185.956 123.54 36.002 281.901 250.003 100.54 51.5177 49.0228 44.5424 89.3339 59.2057 11.0434 62.416 36.3961 38.2037 48.1623 31.8982 6.97535
internal_count=4346 1947 2399 1939 1535 575 460 325 960 404 1654 210 616 394 136 1038 930 293 143 150 117 268 135 29 222 115 109 106 108 26
is_linear=0
shrinkage=0.03


Tree=34
num_leaves=26
num_cat=0
split_feature=1 1 0 29 6 2 13 31 21 2 29 29 25 26 7 29 29 29 34 34 34 32 34 29 34
split_gain=120.297 28.8825 17.1236 11.388 11.8088 10.511 7.45558 5.99187 6.37223 5.42987 9.56155 5.33221 5.01819 3.87534 3.82704 1.62763 1.24723 6.75494 1.39183 1.23956 3.61828 1.18982 1.18258 1.03103 0.0438826
threshold=-0.21412599831819532 0.64156350493431102 -4.5034699440002433 0.25749999284744268 0.038402499631047256 2476.3061523437505 -0.11044700071215628 -0.016074617393314835 0.60159999132156383 3754.2946777343755 0.82850000262260448 0.14549999684095385 0.0056229250039905318 1.0019552111625674 27.480632781982425 0.18249999731779101 1.1654999852180483 0.74199998378753673 0.69373688101768505 0.67181196808815014 0.66241091489791881 -0.025094023905694481 0.73561701178550731 0.52050000429153453 0.68870502710342418
decision_type=2 2 2 2 2 2 2 2 2 2 2 2 2 2 2 2 2 2 2 2 2 2 2 2 2
left_child=2 6 16 4 15 -6 11 23 -9 12 -11 24 -8 -13 19 -4 17 22 -19 20 -3 -21 -1 -5 -2
right_child=1 14 3 7 5 -7 9 8 -10 10 -12 13 -14 -15 -16 -17 -18 18 -20 21 -22 -23 -24 -25 -26
leaf_value=0.03052345125542319 0.014014975888784181 -0.012440630087935365 -0.026414829931127093 0.015910617918808802 0.0034997956586589178 0.01830436860487638 -0.0039004557354637812 -0.0015252987054550327 0.0077312048527877625 -0.017869973403991091 0.017590517855519797 0.0024528973766330796 -0.018648487084476539 -0.019189074378421156 -0.024459910618516049 -2.7442810740207508e-05 0.038599875780196712 -0.017848450711284682 0.0073056144885978213 0 0.017407244604216283 -0.018141840435923005 0.0060628566930791602 0.039384203582552749 0.034212181640181749
leaf_weight=32.393903911113739 3.5248936265707007 32.967853307723999 6.0637329518794996 9.6701388061046583 58.149838805198669 190.76829800009727 470.66999012231827 114.96263308823109 154.79129293560982 58.935191109776497 7.0786647647619239 101.7691919952631 21.689217627048492 7.4945461153984061 63.228100761771202 4.1295098960399628 10.349578797817228 2.8773550391197196 3.8220042586326599 2.9747256040573111 3.4292652159929267 57.595759585499763 3.1753516495227805 3.6530091464519492 3.5637995302677155
leaf_count=94 11 105 17 29 178 558 1441 356 475 172 23 305 67 20 195 14 29 10 12 11 12 181 9 11 11
internal_value=0.000330658 -0.00700621 0.0106417 0.00901374 0.0135734 0.0148959 -0.00426299 0.00479182 0.00375748 -0.00570678 -0.0138286 0.0025835 -0.00458665 0.000805802 -0.0184551 -0.0170675 0.027004 0.0235363 -0.00273714 -0.014342 -0.00918672 -0.0171919 0.0287036 0.0241896 0.0269401
internal_weight=1429.73 834.921 594.807 542.188 259.111 248.918 674.725 283.077 269.754 558.373 66.0139 116.352 492.359 109.264 160.196 10.1932 52.6182 42.2686 6.69936 96.9676 36.3971 60.5705 35.5693 13.3231 7.08869
internal_count=4346 2554 1792 1638 767 736 2050 871 831 1703 195 347 1508 325 504 31 154 125 22 309 117 192 103 40 22
is_linear=0
shrinkage=0.03


Tree=35
num_leaves=28
num_cat=0
split_feature=9 29 4 9 27 22 3 18 27 27 28 27 27 2 17 28 18 29 22 27 29 29 29 34 34 25 29
split_gain=14.6902 10.7814 7.23547 8.71973 6.29039 6.1521 10.0003 5.98233 9.89108 6.94683 6.49684 5.18248 6.75829 4.96786 5.34351 5.24914 5.07821 6.29625 4.03054 4.01069 5.71346 4.00556 3.82671 3.17779 2.59141 2.07271 1.86664
threshold=0.34812349081039434 0.25249999761581426 593.43701171875011 0.4796034991741181 0.025205727666616443 -4.4041938781738272 45.190364837646491 0.16993050277233127 0.02104188967496157 0.020586381666362289 -0.80287396907806385 0.026419404894113544 0.025674450211226944 3548.035278320313 -0.5617450177669524 -0.30317328870296473 0.47407850623130804 0.4030000120401383 0.11657800246030094 0.019966344349086288 0.25550000369548803 1.6455000042915346 0.82850000262260448 0.66454279422760021 0.69166857004165661 0.0050325994379818448 0.1904999986290932
decision_type=2 2 2 2 2 2 2 2 2 2 2 2 2 2 2 2 2 2 2 2 2 2 2 2 2 2 2
left_child=1 7 3 5 19 21 -7 8 9 -1 26 12 -5 14 25 -16 17 -15 -12 20 -4 -2 -13 -18 -21 -3 -9
right_child=2 13 4 11 -6 6 -8 10 -10 -11 18 22 -14 16 15 -17 23 -19 -20 24 -22 -23 -24 -25 -26 -27 -28
leaf_value=-0.0022985361763665584 -0.0040535298294167377 0.021686349426191177 0.0051466686636436696 0.0096525576593827957 0.047935711046336808 0.0066500141710041528 -0.0019011261320093153 0.0022718085993436382 -0.02243095573318429 0.016949717169714107 -0.013725429300684305 -0.026479611662867754 0.038851937997834589 -0.0073317132787383771 -0.0092138369314815113 0.0011527733779419149 0 0.015275480210361382 -0.0058723370383997643 -0.0119369581029291 0.02196411599463273 -0.026071205936874901 0.0055237687155011038 0.028908629195877514 0.0072621452079132329 0 0.029784467239855918
leaf_weight=45.194864079356194 119.01680302619934 11.551891177892687 50.674425184726715 76.914322555065155 3.4125036597251883 217.81183184683323 279.43670579791069 7.0912215262651426 14.143296107649801 25.762254536151886 133.92122142016888 5.0988382101058942 7.7946714460849753 23.816833108663559 67.97619853913784 119.18421325087547 4.4736119806766537 19.573967784643173 116.63900591433048 11.959492892026903 30.101407736539841 7.698784112930297 7.2840976715087891 13.471571087837217 11.949222415685652 4.7839432060718527 3.4929205179214478
leaf_count=132 361 39 162 247 13 676 828 23 38 81 397 10 27 70 194 350 13 63 332 35 100 24 20 46 39 13 13
internal_value=0.000127696 -0.00339349 0.0027341 0.00163067 0.00997024 0.00031125 0.0018294 -0.00687841 0 0.00463364 -0.00912573 0.00997268 0.0126572 0.00113319 -0.00108796 -0.00257891 0.00859712 0.00271937 -0.0101245 0.0084251 0.0116211 -0.0055592 -0.00747171 0.0218624 -0.00202061 0.0150286 0.0130973
internal_weight=1440.23 611.077 829.153 721.056 108.097 623.964 497.249 346.245 85.1004 70.9571 261.144 97.0919 84.709 264.832 203.496 187.16 61.336 43.3908 250.56 104.685 80.7758 126.716 12.3829 17.9452 23.9087 16.3358 10.5841
internal_count=4346 1804 2542 2193 349 1889 1504 1016 251 213 765 304 274 788 596 544 192 133 729 336 262 385 30 59 74 52 36
is_linear=0
shrinkage=0.03


Tree=36
num_leaves=31
num_cat=0
split_feature=0 1 27 9 29 9 13 10 3 12 22 18 27 27 27 6 28 25 31 28 18 2 33 27 27 7 27 33 29 25
split_gain=109.88 26.4223 19.5823 15.5586 15.505 12.9359 12.9317 11.2133 10.0755 9.72978 9.44053 17.5566 17.071 11.1438 9.7296 8.6535 6.5775 6.33986 7.50172 7.04861 5.76151 5.48729 5.19802 5.03531 5.02208 4.89383 4.30393 2.1127 1.65527 1.17721
threshold=0.30329549312591558 -0.45222748816013331 0.026736826635897163 0.40329450368881231 0.47849999368190771 0.37418049573898321 0.28334850072860723 -13.689263820648192 55.181695938110359 1.8379580378532412 -0.093178998678922639 0.4919355064630509 0.019799064844846729 0.02045493666082621 0.018900832161307338 0.044652499258518226 -0.27899484336376185 0.0016482431674376132 0.00086741556879132997 -0.15692386776208875 0.83006951212883007 2773.129272460938 0.19403173029422763 0.025205727666616443 0.027147546410560611 50.285846710205085 0.026014086790382866 0.17700691521167758 0.49250000715255743 0.0011686901561915877
decision_type=2 2 2 2 2 2 2 2 2 2 2 2 2 2 2 2 2 2 2 2 2 2 2 2 2 2 2 2 2 2
left_child=1 2 8 7 24 16 10 26 9 -1 11 13 -13 -2 28 -9 -4 19 21 29 -16 -19 -10 -20 -5 -6 -3 -21 -12 -8
right_child=6 3 5 4 25 -7 17 15 22 -11 14 12 -14 -15 20 -17 -18 18 23 27 -22 -23 -24 -25 -26 -27 -28 -29 -30 -31
leaf_value=-0.019583160359324139 -0.018404012937039436 -0.0055549724356741522 -0.0037814244443073824 -0.017253490513938666 0.0086934401496822859 -0.02208210328584076 0.040688458874510773 -0.0078248635216807225 0.016085286960130743 0.0054515743088588732 -0.024933242752354361 -0.023213224022665475 0.018702466413563022 0.0042161308585736152 0.021074640816267153 0.0059646100587545147 0.022849079239499432 0.010696385033953622 0.019093694111679261 -0.013868756166542656 0.01110596282239717 -0.014579694605229832 -0.0086354150137468964 -0.016009148429930359 0.016727766769288319 -0.023509452212992308 -0.026198882434837211 0.0064733956280530972 0.00091143321939527117 0.016857573178493734
leaf_weight=243.25560614466667 23.921068549156189 29.28805784881115 11.812240630388258 107.54319453239441 38.191265404224396 11.548700541257857 5.1084339618682844 48.572132706642151 10.645544737577437 14.031088978052138 5.098639264702796 8.8338198661804181 118.34693604707718 98.619370490312576 148.39110377430916 236.43087740242481 23.446471512317657 8.5186578184366208 15.442525237798693 6.2171657383441952 91.390436261892319 44.83567687869072 23.733310654759407 4.0922705829143515 3.4122833013534537 4.1744876205921164 14.109057292342184 14.043195292353628 2.5918757021427155 7.9778112173080444
leaf_count=915 82 96 34 397 114 43 10 160 31 43 19 29 288 276 344 669 57 24 38 21 235 151 82 14 9 16 53 40 8 21
internal_value=0.00031853 -0.00682221 -0.0132451 -0.00228154 -0.0101625 0.00457722 0.0100369 0.00138037 -0.016139 -0.0181751 0.0120659 0.00785512 0.0156411 -0.000183236 0.0162542 0.0035734 0.0137476 0.000444734 -0.00442341 0.0112596 0.0173436 -0.0103151 -0.000601666 0.0110749 -0.0160573 0.00507318 -0.0126936 0 -0.0156003 0.0279778
internal_weight=1423.62 820.194 338.473 481.721 153.321 46.8074 603.429 328.4 291.666 257.287 497.193 249.721 127.181 122.54 247.472 285.003 35.2587 106.236 72.8891 33.3466 239.782 53.3543 34.3789 19.5348 110.955 42.3658 43.3971 20.2604 7.69051 13.0862
internal_count=4319 2719 1205 1514 536 134 1600 978 1071 958 1281 675 317 358 606 829 91 319 227 92 579 175 113 52 406 130 149 61 27 31
is_linear=0
shrinkage=0.03


Tree=37
num_leaves=29
num_cat=0
split_feature=0 1 1 27 21 27 2 13 25 27 0 3 31 23 26 21 7 25 27 27 34 34 25 27 27 26 25 30
split_gain=107.192 27.0029 20.4082 17.402 14.9026 11.1263 8.64759 8.22277 7.14111 6.43962 10.3502 6.85038 5.73014 5.53115 5.44501 5.13292 4.80244 4.17495 4.01511 3.90753 3.62752 4.76665 2.95479 2.16169 1.92376 1.42156 0.870413 0.387523
threshold=-0.026183499954640862 -0.69541749358177174 0.64156350493431102 0.026736826635897163 0.56250000000000011 0.020556859672069553 4442.7468261718759 -0.38691450655460352 0.0015822657151147725 0.020321485586464409 -4.9033493995666495 54.423530578613288 -0.012931150384247301 0.81759399175643932 0.99966919422149669 0.69530001282691967 25.388464927673343 0.0043285603169351825 0.01971840858459473 0.027514189481735233 0.67346277832984935 0.66241091489791881 0.0020967472810298209 0.020504789426922802 0.027362042106688026 0.9979994297027589 0.00067955450504086923 0.33029904961586004
decision_type=2 2 2 2 2 2 2 2 2 2 2 2 2 2 2 2 2 2 2 2 2 2 2 2 2 2 2 2
left_child=1 9 7 4 5 -3 -6 8 14 11 23 -1 17 -12 -2 24 20 -9 -13 -14 21 -4 -10 -11 -5 -17 -22 -18
right_child=2 3 16 15 6 -7 -8 12 22 10 13 18 19 -15 -16 25 27 -19 -20 -21 26 -23 -24 -25 -26 -27 -28 -29
leaf_value=0.033048114118182668 -0.007178312142547826 0.0068928404733082285 -0.0087616302040550882 0.0018239819244162952 0.015620753989561064 -0.0036568093790044663 -0.0027512008940320802 0.010576566259214845 -0.017094621795243115 0.0061193402349387308 0.0067880677529070588 0.017163978403896506 -0.0078622722330134488 -0.027890874358804489 0.02537789951396982 0 -0.024709471817710146 -0.022669237195000531 -0.016444063691624145 -0.025532094871999669 -0.0078083039737716058 0.027184907040714173 0.0021069340206971111 0.032884485733800456 -0.010809404591381801 -0.023011848101406177 -0.020506397635682301 -0.0088070337465501036
leaf_weight=45.136311650276184 5.4388630241155651 241.58002610504627 24.932609051465992 26.657472372055054 170.58393466472626 141.57891844213009 25.55662889778614 23.173912286758426 10.524071946740152 4.5052340030670193 36.5733323097229 22.91412460803986 400.07168009877205 4.1096374690532675 17.58774608373642 3.3698306232690838 75.231422454118729 3.3619040250778189 3.0309587419033042 11.722988188266752 9.5402640104293805 3.2528564631938925 18.755846872925758 18.202327251434326 16.721381857991219 21.583053931593895 35.69466532766819 3.9676053673028937
leaf_count=129 16 727 77 80 520 434 82 76 31 14 99 66 1209 12 54 10 244 10 11 29 31 10 58 52 52 62 112 12
internal_value=-0.000133309 0.00731929 -0.00920718 0.00475268 0.00645195 0.00297155 0.0131803 -0.00618793 0.00491448 0.0195503 0.0121729 0.0258728 -0.0075374 0.00277031 0.0173165 -0.00946479 -0.0188027 0.00569031 0.0126608 -0.00841748 -0.0128575 -0.00389779 -0.0046636 0.0282083 -0.00290842 -0.020228 -0.0181397 -0.024086
internal_weight=1425.36 782.103 643.256 647.631 579.3 383.159 196.141 490.637 52.3065 134.472 63.3905 71.0814 438.33 40.683 23.0266 68.3317 152.619 26.5358 25.9451 411.795 73.4204 28.1855 29.2799 22.7076 43.3789 24.9529 45.2349 79.199
internal_count=4319 2350 1969 1967 1763 1161 602 1483 159 383 177 206 1324 111 70 204 486 86 77 1238 230 87 89 66 132 72 143 256
is_linear=0
shrinkage=0.03


Tree=38
num_leaves=29
num_cat=0
split_feature=9 29 7 27 2 27 16 10 4 29 29 2 27 21 33 1 0 33 32 29 4 18 27 25 29 25 27 29
split_gain=17.158 9.94567 10.3426 7.81321 14.4201 6.78191 6.57831 8.32028 7.19571 8.63976 5.8139 8.6052 5.55917 5.39063 5.05741 4.91428 5.24262 8.22718 4.77207 4.7275 4.64651 4.34696 6.37506 3.52043 2.05207 1.55697 1.06255 0.919288
threshold=0.34812349081039434 0.25249999761581426 22.169844627380375 0.02051569148898125 2747.052368164063 0.019750763662159446 1.0000000180025095e-35 -15.318406105041502 121.55520248413087 0.78949999809265148 0.15149999409914019 2547.336059570313 0.02008997276425362 0.21094999462366107 0.34091995656490331 -0.55208301544189442 1.6765595078468325 0.13835977762937549 -0.0056532500311732284 0.34149999916553503 -5687.9118652343741 0.20391699671745303 0.026931623928248886 0.0024379567475989465 0.47849999368190771 0.0018422870780341329 0.027326895855367187 0.12150000035762788
decision_type=2 2 2 2 2 2 2 2 2 2 2 2 2 2 2 2 2 2 2 2 2 2 2 2 2 2 2 2
left_child=1 2 3 5 -5 -1 10 19 12 -10 13 23 -9 14 -2 24 17 -17 -18 -8 -13 25 -23 -12 26 -4 -3 -15
right_child=6 15 21 4 -6 -7 7 8 9 -11 11 20 -14 27 -16 16 18 -19 -20 -21 -22 22 -24 -25 -26 -27 -28 -29
leaf_value=0.012188583794998207 -0.0041713751933523651 -0.0090843230296337243 -0.023816951174775988 0.044158264783185977 0.001224623012486213 -0.010778236603586107 0.00023002075780927645 -0.019866606645719567 0.0077814190840649984 -0.020128230221446421 0.027680196040505207 -0.010053841531410384 -0.0022661565349758697 -0.02378471241011634 0.011235406936804384 -0.0042981669860842741 0.016069267012011664 0.0096572587115218832 -0.0075694825614558347 0.041696896395457275 0.0065972885604408697 -0.010320041368280202 0.024339481640479999 0 -0.023341670962302878 -0.00057939109139842036 0.008126939416492231 -0.0076746268790968113
leaf_weight=13.280728071928023 44.023080736398697 11.683231621980669 29.453846275806427 7.9315682649612418 45.913933008909225 64.970504507422447 4.6671568453311902 16.943236231803894 112.45709532499313 10.324272185564039 23.685802310705188 15.125228703022001 264.38116405904293 7.9068282842636135 32.670089304447174 57.341705575585365 8.0149781405925733 107.25162866711617 66.186426103115082 6.1305441856384277 270.13506945967674 179.02792218327522 4.2969065904617301 5.0097483396530142 9.1891478151082975 3.746571257710456 3.4476350843906394 10.115685820579527
leaf_count=41 133 38 88 29 131 183 15 50 356 26 79 38 794 21 105 169 25 335 174 22 835 521 15 15 28 12 11 30
internal_value=-0.000177284 -0.0039872 -0.00730798 -0.000614842 0.00806254 -0.00671341 0.00264244 0 -0.000728381 0.00528947 0.00534155 0.00730812 -0.00339147 -0.00108667 0.00230535 0.000384139 0.00173435 0.0047426 -0.00480516 0.0253735 0.00566686 -0.011339 -0.00939471 0.022939 -0.0122786 -0.0215092 -0.00445236 -0.0156796
internal_weight=1435.31 611.737 348.622 132.097 53.8455 78.2512 823.575 414.903 404.106 122.781 408.672 313.956 281.324 94.7157 76.6932 263.115 238.795 164.593 74.2014 10.7977 285.26 216.525 183.325 28.6956 24.32 33.2004 15.1309 18.0225
internal_count=4319 1800 1020 384 160 224 2519 1263 1226 382 1256 967 844 289 238 780 703 504 199 37 873 636 536 94 77 100 49 51
is_linear=0
shrinkage=0.03


Tree=39
num_leaves=28
num_cat=0
split_feature=0 1 27 9 13 13 7 27 22 29 6 0 33 27 10 17 32 25 32 29 27 33 26 27 25 33 29
split_gain=112.545 30.4783 15.0971 12.4355 12.2232 11.6968 10.8725 12.722 12.4521 9.16693 6.99354 15.9455 7.34958 6.62684 7.72127 7.65002 6.32384 5.76264 4.65257 4.57507 4.34125 3.84298 3.02633 1.91218 1.19297 0.752593 0.568735
threshold=0.35418500006198889 -0.50438550114631642 0.026736826635897163 0.40329450368881231 -0.11044700071215628 0.37764449417591101 58.051595687866218 0.026651846244931224 0.88248950242996227 0.95100000500679027 0.056751500815153129 -3.1728779077529903 0.12219429016113283 0.027172715403139595 -17.18626499176025 1.0000000180025095e-35 -0.0063143870793282977 0.0010718263802118602 0.018942102789878849 0.15650000423192981 0.027514189481735233 0.18888977915048602 0.99996808171272289 0.027024132199585441 0.004467892926186324 1.2414397597312929 0.32350000739097601
decision_type=2 2 2 2 2 2 2 2 2 2 2 2 2 2 2 2 2 2 2 2 2 2 2 2 2 2 2
left_child=1 10 3 4 -3 6 7 8 -2 -5 24 20 -13 14 -4 -15 21 22 -19 -9 -12 -7 -18 -8 25 -1 -23
right_child=5 2 13 9 -6 16 23 19 -10 -11 11 12 -14 15 -16 -17 17 18 -20 -21 -22 26 -24 -25 -26 -27 -28
leaf_value=-0.026237178326878618 0.0053557975135490122 -0.011761062140017858 -0.0078531136563674137 -0.014745113037607307 0.00080350665100991964 -0.0021242808860885485 -0.0228863573125738 -0.0052868168705747709 0.015729630516547261 0.0083238705827564183 -0.025012642563579265 0.012977915667684704 -0.0083281906681392844 -0.026567305278204445 0.022087591478562346 0.0077553539587853033 0.030494040911641533 -0.011308669191099168 0.01236528903600034 0.02718447949705128 -0.00030705637371350599 0.036346977114425569 0 0 -0.0066607645685576875 -0.0031795472459781966 0.012546169931038015
leaf_weight=64.162222549319267 217.84623116254807 92.379185602068901 9.0061279237270337 146.62596043944359 274.54226124286652 4.9061459004878989 8.4945690333843213 3.5351188778877249 206.97573494911194 16.486589431762695 69.771411821246147 17.883757039904594 66.793373465538025 7.9184019565582302 36.750338509678841 18.205038100481033 5.2507126927375776 51.603526055812836 7.9516850113868704 58.206696301698685 7.8714395165443412 5.3892924487590772 5.7817443907260895 4.1808458864688864 4.9566394537687293 2.3638352304697028 3.6999193727970123
leaf_count=259 595 311 30 539 816 15 29 9 507 51 281 52 229 31 89 51 11 171 21 129 23 11 17 13 18 9 10
internal_value=-0.00021788 -0.00728271 -0.00368655 -0.00544801 -0.00234706 0.0098773 0.0116241 0.0123526 0.0104437 -0.0123401 -0.0164748 -0.012843 -0.00367292 0.00912584 0.0159787 -0.00261386 -0.000334923 -0.00411834 -0.00792128 0.0251532 -0.0226412 0.0176102 0.0150836 -0.0150651 -0.0244504 -0.025582 0.0287564
internal_weight=1419.54 835.717 601.914 530.034 366.921 583.822 499.239 486.564 424.822 163.113 233.803 162.32 84.6771 71.8799 45.7565 26.1234 84.583 70.5877 59.5552 61.7418 77.6429 13.9954 11.0325 12.6754 71.4827 66.5261 9.08921
internal_count=4327 2789 1918 1717 1127 1538 1282 1240 1102 590 871 585 281 201 119 82 256 220 192 138 304 36 28 42 286 268 21
is_linear=0
shrinkage=0.03


Tree=40
num_leaves=29
num_cat=0
split_feature=1 1 1 27 27 21 27 25 3 27 31 32 23 27 2 27 4 27 25 0 34 7 32 34 28 25 30 27
split_gain=110.9 25.7008 22.7285 22.6119 13.3034 10.2729 13.0422 9.46698 8.74912 10.0369 7.4917 6.99732 5.16933 4.56504 4.52396 3.38073 9.06084 6.10162 3.78014 2.84392 2.75534 2.71632 3.6784 2.64667 3.27539 2.6315 0.623714 0.333925
threshold=-0.15377149730920789 0.64156350493431102 -0.69541749358177174 0.026736826635897163 0.020410035736858848 0.30470000207424169 0.020563698373734954 0.0022767916088923816 47.632505416870124 0.019815457053482536 -0.036335112527012818 -0.02153108827769756 4.341144561767579 0.01991822570562363 3775.824340820313 0.020321485586464409 -523.11746215820301 0.019943543709814552 0.0055042426101863393 -2.7149544954299922 0.70252931118011486 25.388464927673343 -0.0056532500311732284 0.67224836349487316 0.55468699336051952 0.0013162500690668824 0.32254111766815191 0.025051615200936798
decision_type=2 2 2 2 2 2 2 2 2 2 2 2 2 2 2 2 2 2 2 2 2 2 2 2 2 2 2 2
left_child=2 4 15 5 8 6 -4 -7 13 -10 12 -12 -6 -2 25 17 18 19 -17 -1 -18 23 -23 24 -3 -5 -24 -25
right_child=1 21 3 14 10 7 -8 -9 9 -11 11 -13 -14 -15 -16 16 20 -19 -20 -21 -22 22 26 27 -26 -27 -28 -29
leaf_value=0.029152537495921498 0.038135429924264296 -0.011461558567929605 0.0095612251056907283 0.012863431172591472 -0.0038180284190667581 0.020704879419639555 -0.0047470712033517827 0.0070282376258172692 0.0039583766098034903 -0.012467877168744547 0.0098002334211884125 -0.0098613235828162431 0.040843472724260373 0.0059553103111112636 -0.02418797421521314 0.015165231263907645 0.0053227189605130299 0.035626929428904296 0.036079655282436125 0.010912920047743305 -0.021123729887636573 0.0072646934977317812 -0.024180372110602352 -0.019949097571828951 0.011908184092308786 -0.0076850814431671565 -0.0055435540059842157 -0.0086879933837380133
leaf_weight=12.292577892541884 3.8061921894550315 23.942849352955822 166.83933052420616 5.5830248296260825 3.8736228942871076 95.012288480997086 85.892792567610741 93.655833065509796 65.34431004524231 66.56934954226017 16.223292335867882 357.45876868069172 4.1406308859586716 96.05045373737812 14.922984778881071 41.892486751079559 6.2148183286190015 29.07209649682045 10.991646468639372 29.834616094827652 6.3376845717430115 2.9599396735429755 78.404878571629524 37.645479649305344 6.1451393961906424 48.747808530926704 3.2974174320697776 7.025887504220008
leaf_count=35 12 74 500 16 13 282 268 294 203 194 50 1091 13 294 46 124 18 82 31 90 14 9 257 120 19 146 10 22
internal_value=-3.13751e-05 -0.00770741 0.00911908 0.00617407 -0.00489047 0.00868562 0.00466314 0.0139998 0.000743231 -0.00427883 -0.00833136 -0.00897172 0.0192431 0.00745547 -0.00965217 0.0199973 0.0145262 0.0247637 0.019978 0.0167258 -0.0076381 -0.0184418 -0.0223557 -0.0137707 -0.00627768 -0.00531133 -0.023576 -0.018493
internal_weight=1420.18 772.888 647.29 510.654 613.467 441.4 252.732 188.668 231.77 131.914 381.696 373.682 8.01425 99.8566 69.2538 136.636 65.4366 71.1993 52.8841 42.1272 12.5525 159.422 84.6622 74.7594 30.088 54.3308 81.7023 44.6714
internal_count=4327 2381 1946 1552 1870 1344 768 576 703 397 1167 1141 26 306 208 394 187 207 155 125 32 511 276 235 93 162 267 142
is_linear=0
shrinkage=0.03


Tree=41
num_leaves=28
num_cat=0
split_feature=9 10 27 14 8 27 10 2 7 29 16 27 17 10 6 27 29 29 28 29 28 34 29 28 27 28 34
split_gain=14.1934 11.727 8.02606 8.0543 7.37604 12.9393 7.03855 6.62451 6.236 5.79676 7.42978 8.68244 5.6176 7.23724 6.6974 6.53085 5.09796 5.08517 4.39066 4.41496 3.70631 3.41178 2.70793 1.96587 1.95089 1.5189 0.818017
threshold=0.34812349081039434 -8.2832212448120099 0.026931623928248886 -0.28334850072860712 -3.3788095712661739 0.020216431468725208 4.7818539142608651 3593.852416992188 22.169844627380375 0.15249999612569812 1.0000000180025095e-35 0.026306525804102424 1.0000000180025095e-35 0.76617249846458446 0.047767000272870071 0.025130680762231353 0.30650000274181372 0.14549999684095385 0.39275577664375311 0.76150000095367443 -0.57526049017906178 0.6869679093360902 0.74199998378753673 -0.60161718726158131 0.020839642733335498 -0.26812422275543207 0.70476427674293529
decision_type=2 2 2 2 2 2 2 2 2 2 2 2 2 2 2 2 2 2 2 2 2 2 2 2 2 2 2
left_child=1 2 3 -1 5 -3 12 8 -6 21 11 -11 13 14 -2 -15 -7 -5 20 -20 -14 25 -12 -23 -9 -8 -4
right_child=6 4 26 17 7 16 9 24 -10 10 22 -13 18 15 -16 -17 -18 -19 19 -21 -22 23 -24 -25 -26 -27 -28
leaf_value=-0.022820480130184333 0.014734624426973241 0.036843439403689178 0.035614269407519043 -0.0071751711825335275 -0.0018634712791454617 -0.0094742374598778233 0 0.0040192327747129919 -0.012220616167994247 0.020528375201950007 0.0046130721066045639 -0.0093156503730292776 -0.0090765963498333751 0.0022237854164753115 0.0031796992856680216 -0.01512524463639933 0.0041587782770840468 0.0048356458444711523 -0.015076939487460458 0.0074175241662317965 0.0029897378262670978 0.0058078895822158303 -0.016238131144053057 -0.013380964652056874 0.032897498924042902 0.015427826820479072 0.010474027425114874
leaf_weight=11.450566545128821 52.452665328979492 7.6803237199783316 6.2024267017841321 38.396088257431984 72.759106338024139 47.332696318626404 10.609003424644472 9.0416802018880826 210.11779557168484 71.92242643237114 37.713717609643936 9.2486930489540082 30.415351390838623 43.969927787780762 342.36642108857632 33.474434912204742 49.575111925601959 163.33666309714317 40.031675189733505 8.8286457210779172 87.794489294290543 5.3764082491397884 5.9878759682178488 18.38351383805275 2.799713969230651 10.642180591821669 3.5517013967037201
leaf_count=31 173 27 22 109 203 135 31 30 624 233 119 22 88 137 1059 91 146 499 112 29 270 16 15 50 10 35 11
internal_value=0.000253479 -0.00314485 0.0023344 0.00104104 -0.00622558 0.000537304 0.00287805 -0.00865289 -0.00959639 0.00830751 0.011628 0.0169815 0.0014159 0.00309768 0.00475426 -0.00520859 -0.00242205 0.00249302 -0.00327938 -0.0107961 -6.42642e-05 -0.000733118 0.00140112 -0.00863771 0.0126325 0.00768625 0.0282949
internal_weight=1431.46 622.244 222.937 213.183 399.306 104.588 809.217 294.718 282.877 169.884 124.873 81.1711 639.334 472.263 394.819 77.4444 96.9078 201.733 167.07 48.8603 118.21 45.0111 43.7016 23.7599 11.8414 21.2512 9.75413
internal_count=4327 1847 672 639 1175 308 2480 867 827 521 389 255 1959 1460 1232 228 281 608 499 141 358 132 134 66 40 66 33
is_linear=0
shrinkage=0.03


Tree=42
num_leaves=29
num_cat=0
split_feature=0 1 27 22 25 27 12 12 27 0 27 10 7 12 25 27 27 1 27 27 23 25 3 27 34 25 33 34
split_gain=130.01 28.4992 19.1702 10.2558 12.1738 15.9879 15.4948 14.6646 11.2574 8.49617 9.78762 10.9557 8.74842 6.91458 6.81961 5.83727 5.42595 5.37688 6.25372 4.16692 3.34455 3.00339 2.78689 7.63905 2.40195 2.04434 1.61309 0.0116946
threshold=0.30329549312591558 -0.45222748816013331 0.026672904379665855 4.0816555023193368 0.00059596524806693207 0.025842599570751194 0.12794599682092669 -0.080635499209165559 0.018900832161307338 0.10615099966526033 0.019889384508132938 -13.37386894226074 24.139434814453129 1.8379580378532412 0.0025693222414702181 0.020655313506722454 0.019866458140313629 -0.50438550114631642 0.027620895765721801 0.027172715403139595 2.6691745519638066 0.00028575707983691251 65.956329345703139 0.024717390537261966 0.69373688101768505 0.0029729539528489117 0.19403173029422763 0.69660863280296337
decision_type=2 2 2 2 2 2 2 2 2 2 2 2 2 2 2 2 2 2 2 2 2 2 2 2 2 2 2 2
left_child=1 2 13 4 20 6 -6 -7 27 10 12 -12 -3 14 -1 25 -15 18 -4 -19 21 -2 23 -10 -17 -11 -24 -5
right_child=3 9 17 8 5 7 -8 -9 22 15 11 -13 -14 16 -16 24 -18 19 -20 -21 -22 -23 26 -25 -26 -27 -28 -29
leaf_value=-0.021903639741352864 0.034492964200605145 0 -0.02317745359153299 -0.023559572171465395 0.0075552688294398557 0.0056743636977324569 -0.0071769762460104124 0.025546042434733851 0.0056801775371896927 -0.023231640729400635 -0.0093785626816748416 0.0025382467823865064 -0.025153741773919842 0.017947014971403278 -0.011254193061498545 0.023082272531254108 -0.023061066979648437 0.015598996503355219 0.010699204282368814 -0.011053703961812579 0.037804828440242889 0.011591131273412384 0.01360266818188012 0.023930871886004658 -0.0096448668755288406 0.0011227961706584673 0.035101280963077221 -0.0068417786411101448
leaf_weight=183.38636168837547 7.3931028544902793 21.714427888393402 11.765013590455057 3.7291439622640601 211.342240229249 70.12355063855648 91.242764711380005 66.670979231595993 33.830804467201233 31.626028046011925 89.693539276719093 300.67123092710972 28.139056235551834 8.2299760580062848 85.462408006191254 3.8347479104995719 3.7622278928756705 25.141861364245418 7.3653316497802725 5.8561946600675574 11.88552814722061 25.047358483076096 6.7821500897407558 61.103099137544632 2.9165249466896057 2.6117651611566535 18.092117965221405 2.5124083012342453
leaf_count=714 15 61 41 14 566 188 284 152 90 120 311 899 110 24 317 10 13 64 20 21 23 62 16 139 10 8 35 9
internal_value=9.86551e-05 -0.00775303 -0.0145299 0.0105694 0.00853232 0.00697415 0.00307864 0.0154827 0.0182508 -0.00306303 -0.00181463 -0.00018533 -0.0142652 -0.0175795 -0.018579 -0.0160703 0.0039533 0.00238224 -0.0097359 0.0101825 0.0235268 0.017528 0.0203468 0.0175852 0.00801292 -0.0211253 0.0299778 -0.0191717
internal_weight=1421.93 812.177 330.969 609.755 483.706 439.38 302.585 136.795 126.05 481.207 440.218 390.365 49.8535 280.841 268.849 40.9891 11.9922 50.1284 19.1303 30.9981 44.326 32.4405 119.808 94.9339 6.75127 34.2378 24.8743 6.24155
internal_count=4336 2743 1214 1593 1290 1190 850 340 303 1529 1381 1210 171 1068 1031 148 37 146 61 85 100 77 280 229 20 128 51 23
is_linear=0
shrinkage=0.03


Tree=43
num_leaves=28
num_cat=0
split_feature=0 1 1 0 29 28 13 25 26 4 33 12 31 34 28 28 34 4 33 7 34 34 28 25 34 33 33
split_gain=100.963 27.853 20.9326 11.1128 9.41029 8.75747 7.48035 6.94047 6.04187 5.35819 4.08248 4.92261 4.63169 3.56297 3.3611 4.56355 4.18002 2.95553 4.00422 2.47936 1.99714 1.94279 1.32291 3.00955 1.05347 0.819446 0.7825
threshold=0.026813500560820106 -0.45222748816013331 0.64156350493431102 -4.5034699440002433 0.29749999940395361 -0.58028212189674366 -0.38691450655460352 0.0013656324590556326 1.0019552111625674 212.47824859619143 0.31535267829895025 -1.688320994377136 -0.012931150384247301 0.71429720520973217 -0.58028212189674366 -0.43685479462146753 0.72062584757804882 42.293294906616218 0.60493806004524242 27.480632781982425 0.72411984205245983 0.68013030290603649 0.66134408116340648 0.0013656324590556326 0.46833537518978124 0.12572375684976581 0.45976626873016363
decision_type=2 2 2 2 2 2 2 2 2 2 2 2 2 2 2 2 2 2 2 2 2 2 2 2 2 2 2
left_child=1 3 6 20 9 -6 7 13 14 -5 12 -12 -8 -2 16 -16 -3 18 -10 22 26 -9 24 -24 -4 -22 -1
right_child=2 8 19 4 5 -7 10 21 17 -11 11 -13 -14 -15 15 -17 -18 -19 -20 -21 25 -23 23 -25 -26 -27 -28
leaf_value=0.031947599229433722 0.0092664212348215376 -0.0071290799667159486 0.014321149140568026 0.01879877251162642 0.018752457142288688 0.0013597870834976637 0.011481412078231211 0.0060086798422219721 -0.021435859882747991 0.0080681014348555815 -0.00017913627578130896 -0.012827044822044361 -0.0055087737353814465 0.042291362495105109 0.013679002544742573 0.0023031412686816948 0.0120034311808381 0.012977397847239659 0.0086501320820131754 -0.024099652585469221 0.017051240643835834 -0.010176901259477822 0.012057349571592565 -0.015758824033513929 -0.017172610328285005 -0.00017085836025910068 0.019558328127118781
leaf_weight=28.757801830768585 8.99243116378784 56.282524019479752 0.30056518316268821 123.21864107251167 32.741728603839874 127.58309090137482 14.707188010215758 11.106893673539163 19.998135194182403 70.669295281171799 35.718285098671913 150.35153995454311 214.17183403670788 5.1290863752365103 36.082590699195862 275.2265712916851 11.807727813720701 2.9607380032539359 4.1722912192344657 56.734750539064407 3.9764096140861502 14.227996826171873 4.7346759438514701 9.1071101874113065 85.776781231164932 3.401188999414444 15.560496211051939
leaf_count=82 27 167 1 359 97 396 46 35 64 213 108 449 666 15 109 835 35 10 13 182 11 42 16 26 276 10 46
internal_value=-9.84723e-06 0.00691109 -0.00922448 0.0124677 0.0105 0.00501496 -0.00592336 0.00637894 0.00133236 0.0149647 -0.00712108 -0.0104544 -0.00435514 0.022913 0.00233582 0.00367036 -0.00361673 -0.0121626 -0.0158076 -0.0186935 0.0255479 -0.00275377 -0.0154295 -0.00552793 -0.0168766 0.0084622 0.0280652
internal_weight=1423.5 812.439 611.059 405.909 354.213 160.325 454.405 39.4564 406.531 193.888 414.949 186.07 228.879 14.1215 379.399 311.309 68.0903 27.1312 24.1704 156.654 51.6959 25.3349 99.9191 13.8418 86.0773 7.3776 44.3183
internal_count=4336 2447 1889 1214 1065 493 1388 119 1233 572 1269 557 712 42 1146 944 202 87 77 501 149 77 319 42 277 21 128
is_linear=0
shrinkage=0.03


Tree=44
num_leaves=24
num_cat=0
split_feature=1 9 33 16 29 0 25 7 27 4 29 29 9 9 26 33 25 29 29 34 34 33 33
split_gain=14.4137 12.5081 10.0705 8.76675 6.20597 12.0106 7.15782 6.48199 10.196 5.47436 7.07803 5.72205 4.42461 3.53178 2.58947 1.46131 1.86627 2.80096 1.34638 0.830825 1.35193 1.76873 0.894898
threshold=-0.77506297826766957 0.36348350346088415 0.97367084026336681 -0.87837952375411976 0.27349999547004705 1.6765595078468325 0.0033910003257915382 25.499053955078129 0.020510667935013775 1017.9869384765626 0.32350000739097601 0.15249999612569812 0.34202501177787786 0.29192200303077703 1.0010802745819094 0.18257120251655581 0.0036681464407593016 0.39550000429153448 0.2034999951720238 0.66977727413177501 0.64500537514686596 0.45976626873016363 0.90104597806930553
decision_type=2 2 2 2 2 2 2 2 2 2 2 2 2 2 2 2 2 2 2 2 2 2 2
left_child=15 4 9 -4 7 6 -6 8 -2 10 -3 -11 -7 -9 -5 16 17 18 -1 20 22 -22 -17
right_child=1 2 3 14 5 12 -8 13 -10 11 -12 -13 -14 -15 -16 19 -18 -19 -20 -21 21 -23 -24
leaf_value=-0.021457843809791037 -0.0070043758975144327 0.00016883784090972781 0.026035303508024632 -0.019557879826530098 0.0094629170651674924 -0.0018910833867561427 -0.0030718509195751288 0.00079539847953562421 0.0055916876927812843 0 0.0067208827258620043 0.020349141125567599 -0.015290277475749571 -0.010870121305821778 6.6542331442942429e-05 -0.024526852360747597 -0.018707431010597065 0.022272353735893514 0.00041800005917740931 -0.023986452310815764 -0.013348084273695554 0.014630165821137438 -0.001410301996082588
leaf_weight=3.6021552979946154 129.63052628934383 303.38594253361225 4.4913102388381949 30.290985971689224 128.13391418755054 54.776021510362625 58.539673328399658 25.94331368803978 103.11171890795231 18.745426148176193 295.53447698056698 35.770843490958214 39.174199730157852 148.52290485799313 6.3991087675094596 7.5053076744079608 7.070939138531684 3.2151348888874045 4.6171790212392807 18.452164515852928 4.4237409681081763 2.8713497668504715 3.0019564628601074
leaf_count=12 379 928 16 81 403 147 170 86 311 59 904 116 108 422 19 26 23 12 15 62 15 11 11
internal_value=-8.15934e-05 0.000512486 0.00335626 -0.0108873 -0.00234662 0.00105907 0.0054863 -0.00471411 -0.00138534 0.00427533 0.00341984 0.0133937 -0.00762477 -0.00908669 -0.0159383 -0.0151113 -0.00714388 0 -0.00881769 -0.0187808 -0.0123855 -0.0009492 -0.0191041
internal_weight=1437.21 1382.45 694.618 41.1814 687.832 280.624 186.674 407.208 232.742 653.437 598.92 54.5163 93.9502 174.466 36.6901 54.7599 18.5054 11.4345 8.21933 36.2545 17.8024 7.29509 10.5073
internal_count=4336 4149 2123 116 2026 828 573 1198 690 2007 1832 175 255 508 100 187 62 39 27 125 63 26 37
is_linear=0
shrinkage=0.03


Tree=45
num_leaves=29
num_cat=0
split_feature=0 9 23 1 13 7 8 23 13 0 29 25 26 31 22 33 16 25 12 25 33 25 28 26 25 30 25 29
split_gain=92.1187 22.2425 18.1721 11.882 11.6714 9.92872 8.99987 9.81515 8.25282 7.51066 7.70157 6.77854 6.518 6.30358 6.01239 8.37752 5.66249 5.1857 4.57965 4.2276 3.56046 2.74284 2.53818 2.23318 1.85059 1.84249 1.56706 1.23068
threshold=0.30329549312591558 0.40329450368881231 -2.2434965372085567 -0.35574650764465326 0.37764449417591101 57.859636306762702 0.5378520041704179 -5.5258288383483878 0.22199399769306186 -1.8333045244216917 0.47249999642372137 0.0011554377852007749 0.99986091256141674 0.017439223825931553 -0.093178998678922639 0.40639390051364904 1.0000000180025095e-35 0.0010292651131749155 1.8379580378532412 0.006354665383696557 0.14263887703418734 0.0061466584447771319 0.4469571858644486 1.0012690424919131 0.0021924095926806335 -0.21399398893117902 0.0025693222414702181 0.14350000023841861
decision_type=2 2 2 2 2 2 2 2 2 2 2 2 2 2 2 2 2 2 2 2 2 2 2 2 2 2 2 2
left_child=1 2 6 18 5 14 11 -8 -5 25 12 -1 -11 17 15 -2 -16 27 -4 -12 -15 -19 24 -24 -7 -3 -27 -6
right_child=4 9 3 8 13 22 7 -9 -10 10 19 -13 -14 20 16 -17 -18 21 -20 -21 -22 -23 23 -25 -26 26 -28 -29
leaf_value=-0.0036434654574263679 0.0035530535557867452 0 -0.017993975426213692 -0.012290078665278857 0.027949369282156054 -0.021259006008778499 -0.013236672649020561 0.0041484937229489538 0.0073349482169656538 -0.0060362277040605997 0.0056287139484006267 0.0080402886821785841 -0.019445458682803465 -0.0039677522829394659 0.0099578846310739624 0.015564982829654739 0.019150613986319443 -0.0087433873040729526 0.00092857027815874277 -0.019744136367801174 0.029043785317895685 0.016134553304239834 0.017393378602718338 -0.01197589138890736 0 -0.025641266364003826 -0.016461346799390597 0.0031634674873577463
leaf_weight=61.638143911957741 161.64760336279869 3.0800280570983878 113.17888748645782 33.430625975131989 4.0247713029384595 11.266493737697607 66.655201897025108 50.35711781680584 43.910973191261292 62.76206149160862 34.353717997670174 152.09511564671993 75.214971303939819 3.6061783432960501 138.14384409785271 79.104611486196518 120.28552883863449 67.863042280077934 11.756203159689901 6.5680858045816413 8.2229515314102155 3.5449555963277808 5.0601693689823133 3.2423810958862305 5.973486900329589 48.762857228517532 46.174862384796143 4.8301526308059692
leaf_count=183 446 11 435 115 9 37 235 152 119 225 107 423 288 11 348 197 280 220 37 24 18 10 12 11 18 204 183 13
internal_value=-0.000317116 -0.0069737 -0.00336225 -0.0104372 0.00840761 0.0101371 0.000946668 -0.00569243 -0.00105673 -0.0138742 -0.01007 0.00462818 -0.0134548 -0.00135087 0.0110788 0.00756123 0.0143001 -0.00448392 -0.016145 0.00114984 0.0184973 -0.00727959 -0.00778149 0.00487265 -0.0143485 -0.0206397 -0.0213804 0.016283
internal_weight=1426.76 809.939 533.022 202.277 616.816 524.724 330.746 117.012 77.3416 276.917 178.899 213.733 137.977 92.0921 499.182 240.752 258.429 80.2629 124.935 40.9218 11.8291 71.408 25.5425 8.30255 17.24 98.0177 94.9377 8.85492
internal_count=4371 2741 1699 706 1630 1349 993 387 234 1042 644 606 513 281 1271 643 628 252 472 131 29 230 78 23 55 398 387 22
is_linear=0
shrinkage=0.03


Tree=46
num_leaves=28
num_cat=0
split_feature=1 1 27 0 27 29 12 23 29 26 16 2 21 12 0 25 27 28 21 26 28 34 32 32 9 29 30
split_gain=93.4152 28.0756 15.3797 9.91383 9.11505 8.72765 9.16501 8.54564 10.0381 7.56128 8.25333 7.40062 6.60063 5.91875 5.40904 5.29689 4.64208 3.89508 2.33285 3.19148 2.38553 2.05794 1.7216 0.981445 0.929515 0.794404 0.566917
threshold=-0.15377149730920789 0.64156350493431102 0.026736826635897163 -1.8704065084457395 0.020421429537236694 0.24849999696016314 1.8379580378532412 -0.79582402110099781 0.15650000423192981 1.0024613142013552 0.87837952375411998 4224.8249511718759 0.16405000537633899 -1.9091764688491819 -4.5034699440002433 0.0018513152026571336 0.027514189481735233 0.30269110202789312 0.11719999834895135 1.000045955181122 0.27109436690807348 0.58595949411392223 -0.010675145778805016 -0.023240039125084874 0.42463099956512457 0.62149998545646679 0.3720270842313767
decision_type=2 2 2 2 2 2 2 2 2 2 2 2 2 2 2 2 2 2 2 2 2 2 2 2 2 2 2
left_child=2 4 3 5 7 6 -1 8 -2 10 -5 14 -7 25 -4 -9 -15 -16 19 21 -21 -3 23 -20 -11 -6 -24
right_child=1 18 11 9 13 12 -8 15 -10 24 -12 -13 -14 16 17 -17 -18 -19 22 20 -22 -23 26 -25 -26 -27 -28
leaf_value=0.025827474783516387 0.031511973147272734 0.0028091238302415068 0.032491105431158303 0.0093326608821179702 -0.027160819137678385 -0.0014351771300880754 -0.00055132814446108233 -8.1006632741238538e-06 0.003359116469017541 -0.023496401696135826 -0.0061227941168764469 -0.023511787720978991 0.013320838459506075 -0.005423502101876876 0.0030143792567059271 -0.011574037330342062 -0.023274023922419805 -0.012360452498329986 -0.013892292231641094 0.012228136014239801 -0.0091841147349940293 -0.022442656356226266 -0.022579555994801177 0.0046252488264218062 -0.001072434883119547 -0.0043034190684667645 -0.0043873273337727602
leaf_weight=80.333351939916611 13.340697348117827 2.4934683740139034 3.9793286025524131 256.16338254511356 14.448404699563982 32.84612338244915 13.088489681482313 118.82224914431572 71.886859387159348 7.2339689135551435 34.306241750717163 13.14548049867153 132.78670045733452 339.10108269751072 48.453783750534058 51.384818583726883 13.578812539577482 20.543312430381775 5.485889345407486 5.5117787122726467 18.186469331383705 22.789625138044357 95.271374821662903 3.2268260419368726 3.3050034046173096 2.8150946199893943 3.1025284975767127
leaf_count=232 42 8 11 779 45 99 37 354 212 22 97 42 403 1058 141 166 35 58 18 18 60 71 319 11 12 10 11
internal_value=4.68711e-05 -0.00692316 0.00848863 0.0103062 -0.00405663 0.0146361 0.0220527 0.000268897 0.00802897 0.00653195 0.00746896 -0.00321894 0.0103449 -0.0070639 0.000449107 -0.0035762 -0.00616824 -0.00148984 -0.0183025 -0.012194 -0.00368233 -0.019597 -0.0209431 -0.00617844 -0.0176467 -0.0241662 -0.0221219
internal_weight=1427.63 781.446 646.185 560.063 625.378 259.055 93.4218 255.435 85.2276 301.009 290.47 86.1219 165.633 369.943 72.9764 170.207 352.68 68.9971 156.068 48.9813 23.6982 25.2831 107.087 8.71272 10.539 17.2635 98.3739
internal_count=4371 2438 1933 1681 1922 771 269 774 254 910 876 252 502 1148 210 520 1093 199 516 157 78 79 359 29 34 55 330
is_linear=0
shrinkage=0.03


Tree=47
num_leaves=27
num_cat=0
split_feature=29 10 0 17 10 0 27 0 0 26 18 0 6 1 26 8 10 21 8 25 26 8 25 28 34 34
split_gain=11.44 9.89031 8.68795 8.00231 7.03332 6.64058 6.60651 6.21462 6.43365 5.90858 5.83895 8.67838 8.57319 5.75833 6.46271 5.37846 4.8232 4.47936 4.34196 3.6234 3.29909 2.71907 3.52399 2.65356 1.82262 0.507484
threshold=0.25249999761581426 6.8693680763244638 -1.425040006637573 1.0000000180025095e-35 -17.18626499176025 1.0014564990997317 0.020106017589569095 1.8121165037155154 4.5194206237792978 0.99914276599884044 0.61002299189567577 0.10615099966526033 0.070902500301599516 0.71689897775650036 1.0014045834541323 -6.949255943298339 -5.1812689304351798 0.070300001651048674 -1.1103605031967161 0.0012396695674397054 0.99995908141136181 2.8281774520874028 0.0020279489690437917 0.68235754966735851 0.7065238654613496 0.70893129706382763
decision_type=2 2 2 2 2 2 2 2 2 2 2 2 2 2 2 2 2 2 2 2 2 2 2 2 2 2
left_child=2 3 15 4 25 10 -6 19 -9 17 11 -4 -12 14 -11 -1 20 -3 -18 -7 -5 23 -23 -17 -19 -2
right_child=1 9 5 16 6 7 -8 8 -10 13 12 -13 -14 -15 -16 21 18 24 -20 -21 -22 22 -24 -25 -26 -27
leaf_value=0.025154639122871764 0.028990791167238739 0.027957382479567205 7.694728396275623e-05 -0.0032832797051846733 0.013308058385101488 -0.015306944533908668 0.0017665111892474984 0.00915740517106391 -0.015341261600374854 0.02718475581582112 -0.0073042819481308327 0.011818617030888075 0.018271914441940287 -0.010280550263704655 0.0070439381898122731 -0.013864405191125166 -0.0034443450021868095 0.0010568371085136854 -0.016959556703645188 -0.0031062788919028507 0.0046482447546962831 -0.0059251295427115635 0.02587428121444459 0 -0.01492218924287571 0.0080839325436098692
leaf_weight=3.3473991155624381 10.516774654388426 4.2597008049488059 192.84188377857208 89.378702968358994 52.744874954223633 59.366984322667122 296.93686507642269 35.044368147850037 12.611637920141218 37.034011453390121 104.24872429668903 80.661658152937889 12.656829655170439 5.9057587981224051 26.258433163166046 99.366998881101608 89.898941591382027 20.873941302299503 28.912612989544868 38.354655742645264 97.857959061861038 17.091646581888202 3.3149076402187339 13.64018130302429 8.2412540018558484 3.1510037183761588
leaf_count=12 36 15 590 265 168 157 897 102 31 124 302 257 40 15 76 321 268 60 78 111 302 55 12 47 20 10
internal_value=0.000260666 0.00275741 -0.00259172 0.0014089 0.00442466 -0.000847209 0.00354962 -0.00631851 0.00239524 0.011421 0.0011726 0.00358789 -0.00439258 0.016399 0.0190906 -0.0093326 -0.00214353 0.000744472 -0.00686597 -0.0106501 0.000815477 -0.0103558 0 -0.0121689 -0.00333781 0.0252615
internal_weight=1444.52 771.971 672.548 669.398 363.35 535.787 349.682 145.378 47.656 102.573 390.409 273.504 116.906 69.1982 63.2924 136.761 306.048 33.3749 118.812 97.7216 187.237 133.414 20.4066 113.007 29.1152 13.6678
internal_count=4371 2334 2037 2024 1111 1590 1065 401 133 310 1189 847 342 215 200 447 913 95 346 268 567 435 67 368 80 46
is_linear=0
shrinkage=0.03


Tree=48
num_leaves=27
num_cat=0
split_feature=20 1 9 10 27 13 29 12 27 13 30 7 27 3 27 27 32 27 9 18 25 29 7 34 33 32
split_gain=104.538 30.7924 19.4977 14.0248 12.3265 11.0802 10.5535 8.91881 12.5024 10.15 10.8941 8.30148 10.5587 7.51411 6.7283 7.50397 5.95263 5.86632 4.95852 8.08079 4.47885 3.30498 2.81851 1.60112 1.43415 0.890753
threshold=0.30329549312591558 -0.50438550114631642 0.40329450368881231 -13.689263820648192 0.026885607279837135 -0.13855250179767606 0.51649999618530285 -1.718501031398773 0.026736826635897163 0.37764449417591101 -0.078329708427190767 58.051595687866218 0.026150202378630642 60.506528854370124 0.020962457172572616 0.02045493666082621 -1.0000000180025095e-35 0.018900832161307338 0.3621129989624024 0.33870999515056616 0.0019194062333554032 0.18050000071525577 39.893541336059577 0.68226435780525219 0.36643598973751074 0.018942102789878849
decision_type=2 2 2 2 2 2 2 2 2 2 2 2 2 2 2 2 2 2 2 2 2 2 2 2 2 2
left_child=1 13 3 21 6 -5 -4 8 14 11 25 12 -9 18 15 -2 -12 20 19 -1 -15 -3 -20 -6 -13 -11
right_child=7 2 4 5 23 -7 -8 9 -10 10 16 24 -14 17 -16 -17 -18 -19 22 -21 -22 -23 -24 -25 -26 -27
leaf_value=-0.0012689710928611767 -0.023388667056313563 -0.026010455644512195 -0.017998012742469986 -0.0091207670075356753 0.02805139408523271 0.0051649307673649674 -0.00079820863382194633 0.011555807585581739 0.037181890420509296 0.017013495494947815 0.014098625727463275 -0.0019638035411760281 0.023874226344747715 -0.018467012100204759 -0.028551152272023879 0.00499063334174343 -0.0065854668189316394 0.026724778112980449 -0.023847114599265799 -0.019973104967811576 0.013614746443897983 -0.0084848061786550744 -0.006599626241015716 0.0048307176720540522 -0.024858412429728798 0.03886122060093896
leaf_weight=37.274656563997269 9.885603725910185 14.266523838043211 120.12365734577179 57.375244602560997 5.6680365800857526 303.9427689909935 45.337931931018829 362.78209589421749 6.6895317435264579 8.8075411617755872 15.027788668870924 8.2761869132518751 78.491537153720856 11.671364203095441 8.532706290483473 42.794847279787064 61.747853010892868 5.2897722125053397 99.210510671138763 50.035578578710556 5.03499612212181 39.159399807453156 11.466108292341231 7.2202957421541214 3.8441062271594992 4.6861992776393881
leaf_count=113 34 55 466 199 14 863 151 917 14 22 39 25 172 44 29 118 199 15 424 196 16 134 42 21 14 10
internal_value=0.000625972 -0.00641369 -0.00283407 0.000715177 -0.0111169 0.0028621 -0.0133559 0.0099975 -0.000122956 0.011277 0.00195975 0.013108 0.0137919 -0.0159956 -0.00461378 -0.0003354 -0.00235534 0.00023645 -0.0178403 -0.0121431 -0.00816042 -0.0135294 -0.0221789 0.0163812 -0.0106354 0.0263615
internal_weight=1424.64 813.077 593.094 414.744 178.35 361.318 165.462 611.566 67.9027 543.663 90.2694 453.394 441.274 219.983 61.2132 52.6805 76.7756 21.9961 197.987 87.3102 16.7064 53.4259 110.677 12.8883 12.1203 13.4937
internal_count=4346 2753 1903 1251 652 1062 617 1593 195 1398 270 1128 1089 850 181 152 238 75 775 309 60 189 466 35 39 32
is_linear=0
shrinkage=0.03


Tree=49
num_leaves=31
num_cat=0
split_feature=0 1 1 27 1 27 18 25 27 27 34 23 17 27 27 4 25 0 25 27 7 27 28 34 30 28 26 30 31 14
split_gain=98.5398 32.6786 13.3345 12.532 9.42888 12.0467 7.71878 6.8612 12.4999 6.08479 6.02426 5.31235 4.67336 5.05389 3.54779 10.2261 3.80399 3.56562 3.41867 3.26116 2.79838 2.75479 2.34813 2.18009 2.12454 1.82772 0.962836 0.858607 0.610319 0.31973
threshold=0.048949500545859344 -0.69541749358177174 0.64156350493431102 0.026736826635897163 -0.45222748816013331 0.020106017589569095 0.37212000787258154 0.0012008753838017585 0.020415175706148151 0.020528296940028671 0.73494809865951549 -12.861135005950926 1.0000000180025095e-35 0.019647951237857345 0.020321485586464409 -523.11746215820301 0.0039762675296515235 -2.7149544954299922 0.0013065286912024023 0.020421429537236694 25.388464927673343 0.018917583860456947 0.84817016124725353 0.60357081890106212 0.24990508705377582 -0.28948077559471125 1.000045955181122 -0.35765966773033137 0.00259748287498951 -0.11645750328898428
decision_type=2 2 2 2 2 2 2 2 2 2 2 2 2 2 2 2 2 2 2 2 2 2 2 2 2 2 2 2 2 2
left_child=1 14 6 4 5 -3 7 8 -2 -6 -9 29 22 -14 17 16 -16 28 -13 -17 23 -19 -8 25 27 -4 -25 -22 -1 -5
right_child=2 3 20 11 9 -7 12 10 -10 -11 -12 18 13 -15 15 19 -18 21 -20 -21 24 -23 -24 26 -26 -27 -28 -29 -30 -31
leaf_value=0.034517969816565845 0.020895676465226987 -0.0024114692894563268 0.016803823484549427 -0.0097292237584185089 0.0060569819788057261 0.01322062907336769 -0.015945425827966039 -0.0087804269291406594 -0.0047200510678031618 -0.0015357838985616793 0.013408471482929276 0.01827117960221819 0.028509090070472851 -0.0075178377929406267 0.013873324769341758 0.0076038079969517856 0.032295394854836568 0.039939257158331652 -0.0056679267508866092 -0.022066124124976667 -0.002135383318721614 0.013309807583773878 0.0052792030939730131 -0.018552604330682503 -0.00017240756679365318 -0.010474426367650707 -0.0098558075305254858 -0.023480602858377695 0.013253431084972836 -0.023951099315311686
leaf_weight=27.868831694126133 25.853889361023903 57.000816285610199 3.532924085855484 5.396585792303088 171.769286647439 184.26973238587379 117.73480892181396 132.74314697086811 47.725768476724625 208.5102895796299 11.260791599750517 5.4470339119434348 3.0537420213222495 100.24826362729073 37.567133575677872 4.8580955862998945 16.403675109148026 4.2548759579658499 46.922677099704742 7.3679226338863373 2.7994216680526725 31.112989753484726 4.0059693604707709 33.252782836556435 4.7659087330102912 4.2116757631301871 30.983564674854279 73.343546405434608 3.6762998700141898 15.256265401840208
leaf_count=78 82 174 13 17 501 559 365 404 143 642 35 15 10 307 109 14 46 12 138 17 9 93 12 107 15 14 103 253 11 48
internal_value=-0.000596082 0.00609175 -0.00990362 0.00345959 0.00485097 0.00949293 -0.00721644 -0.00311891 0.00423941 0.00187362 -0.00694263 -0.00821351 -0.0111226 -0.00623394 0.0196947 0.0142459 0.0198827 0.0248061 -0.00285852 -0.00973381 -0.0175757 0.0172764 -0.0151547 -0.0127907 -0.0216174 0.00114213 -0.0146054 -0.0228323 0.0325661 -0.0209782
internal_weight=1423.2 827.683 595.516 694.573 621.55 241.271 442.626 217.584 73.5797 380.28 144.004 73.0226 225.043 103.302 133.11 66.1968 53.9708 66.913 52.3697 12.226 152.89 35.3679 121.741 71.9809 80.9089 7.7446 64.2363 76.143 31.5451 20.6529
internal_count=4346 2474 1872 2094 1876 733 1358 664 225 1143 439 218 694 317 380 186 155 194 153 31 514 105 377 237 277 27 210 262 89 65
is_linear=0
shrinkage=0.03


Tree=50
num_leaves=16
num_cat=0
split_feature=1 9 28 29 10 7 34 4 33 29 26 27 27 28 27
split_gain=13.5371 11.3481 8.79295 8.12492 8.23821 7.27616 6.6237 6.09263 5.91036 3.08722 0.997568 2.54596 4.35502 1.63747 1.00069
threshold=-0.77506297826766957 0.44116349518299108 -0.97794488072395314 0.32350000739097601 -12.797537326812742 15.23994827270508 0.74274864792823803 -5656.5095214843741 0.48369781672954565 0.42450000345706945 1.0001917481422427 0.020394305698573593 0.020839642733335498 0.45965947210788732 0.019943543709814552
decision_type=2 2 2 2 2 2 2 2 2 2 2 2 2 2 2
left_child=10 2 -2 5 -5 -4 7 9 -9 -3 14 -12 -13 -14 -1
right_child=1 6 3 4 -6 -7 -8 8 -10 -11 11 12 13 -15 -16
leaf_value=-0.0021471705566616988 0.045656137413280208 -0.017095935652145081 0.019818759993459188 0.011637521396462035 0.00068319408185524234 -0.0029928666867991807 -0.025775225317604636 0.013763494151220907 0.0008316371542217521 0.011017085159883123 -0.023466124562552239 0.025679867636661885 0.0036009035465757841 -0.017513644429184527 -0.020700274933283375
leaf_weight=4.2576652914285686 3.1966741532087317 11.444872587919233 12.217910081148146 73.738108187913895 382.49136179685593 732.43253342807293 4.6351321637630454 117.51914715766907 45.717091917991638 4.1775236129760733 6.9051181375980404 3.4275660365819922 4.0027124285697928 8.5585311055183393 26.867739945650101
leaf_count=17 12 28 38 234 1119 2182 12 378 142 13 26 13 14 28 90
internal_value=-2.38947e-05 0.000545809 -0.000507344 -0.000656671 0.00248419 -0.00259346 0.00748806 0.00846971 0.0102103 -0.00891158 -0.0146935 -0.00882041 -0.00142974 -0.010216 -0.018521
internal_weight=1441.59 1387.57 1204.08 1200.88 456.229 744.65 183.494 178.859 163.236 15.6224 54.0193 22.8939 15.9888 12.5612 31.1254
internal_count=4346 4158 3585 3573 1353 2220 573 561 520 41 188 81 55 42 107
is_linear=0
shrinkage=0.03


Tree=51
num_leaves=27
num_cat=0
split_feature=0 1 27 27 25 22 27 27 7 27 23 27 12 22 7 27 27 25 1 26 10 21 7 29 27 29
split_gain=97.5558 26.5272 19.3867 11.1778 8.96914 11.1326 11.8771 9.15098 8.92921 8.9663 8.77095 8.01542 7.47125 8.57891 6.04659 6.00764 5.89093 5.41548 4.91361 4.38095 4.33458 3.84798 3.25303 5.05892 2.37627 1.48575
threshold=0.30329549312591558 -0.45222748816013331 0.026672904379665855 0.026736826635897163 0.00065908988472074281 4.5416688919067392 0.027514189481735233 0.018900832161307338 24.139434814453129 0.02104188967496157 -4.4419050216674796 0.019799064844846729 1.8379580378532412 4.199775457382203 27.015613555908207 0.019866458140313629 0.027172715403139595 0.0043285603169351825 -0.50438550114631642 0.99976375699043285 -4.6811304092407218 0.64840000867843639 50.285846710205085 0.52050000429153453 0.020497629418969158 0.53049999475479137
decision_type=2 2 2 2 2 2 2 2 2 2 2 2 2 2 2 2 2 2 2 2 2 2 2 2 2 2
left_child=1 2 12 8 19 6 11 25 9 -3 -10 -6 13 -1 -9 -14 18 -8 -4 -2 -21 -18 -5 -24 -22 -7
right_child=4 3 16 22 5 7 17 14 10 -11 -12 -13 15 -15 -16 -17 21 -19 -20 20 24 -23 23 -25 -26 -27
leaf_value=-0.020683826957009273 -0.004949911382367337 -0.0018029137172364809 -0.014541088982974851 0.031364261451441222 -0.0094580196815331717 -0.024652940248848714 0.036250608510783357 0.009462004767641901 -0.0019881101379041525 0.018253744777571985 -0.013252616645643738 0.0053711049480252467 0.018129573831651265 -0.005777916215111761 0.02506319644553489 -0.023309337727318767 0.00095549551866750098 0.0037135224668595848 0.01703499788490365 0.0390212116817652 0.024777238776006617 -0.02444102269176195 0.01359956013496182 -0.0091203783330059494 0.008362464581881222 3.5199809944149834e-05
leaf_weight=216.82079920172691 4.872481256723403 157.31758935749531 4.6627014428377178 5.8053159415721884 34.986449688673019 4.5598233491182318 15.329331994056703 42.066238701343536 119.80684641003609 22.440208047628403 134.39077173173428 386.57829986512661 9.1041592061519605 44.044489622116089 56.841052740812302 4.0940221995115271 12.502127334475519 7.5882863700389853 24.983664527535439 12.156856298446653 18.77966782450676 8.1109146624803525 31.44455823302269 11.296521425247191 18.575845718383789 2.6329030841588974
leaf_count=881 14 472 17 12 108 17 29 109 381 58 494 1045 26 158 121 14 35 20 62 23 40 33 84 37 46 8
internal_value=-0.000488086 -0.00732094 -0.0139564 -0.00283233 0.00860833 0.00742094 0.00529519 0.0161753 -0.00437703 0.000694634 -0.00799316 0.00410934 -0.0170976 -0.0182174 0.0185994 0.00423674 0.00299465 0.0261708 0.0116114 0.0202881 0.0229764 -0.00895352 0.0106961 0.00735049 0.0170706 -0.015031
internal_weight=1411.79 806.825 324.323 482.502 604.967 550.582 444.482 106.1 433.955 179.758 254.198 421.565 274.063 260.865 98.9073 13.1982 50.2594 22.9176 29.6464 54.3849 49.5124 20.613 48.5464 42.7411 37.3555 7.19273
internal_count=4344 2764 1226 1538 1580 1457 1202 255 1405 530 875 1153 1079 1039 230 40 147 49 79 123 109 68 133 121 86 25
is_linear=0
shrinkage=0.03


Tree=52
num_leaves=28
num_cat=0
split_feature=0 0 27 0 27 17 30 8 0 14 29 14 27 27 2 27 17 7 27 26 34 32 27 27 31 9 34
split_gain=83.6309 19.7851 17.4441 11.2608 7.67656 6.22564 7.43752 6.58899 5.72285 5.70322 7.44597 5.68503 7.54257 8.05084 4.21301 4.20551 7.82284 5.18978 4.03589 3.57572 3.6439 3.40906 2.55488 1.34004 0.503275 0.441397 0.42372
threshold=0.048949500545859344 -2.7149544954299922 0.026829344220459465 2.4500415325164799 0.020321485586464409 1.0000000180025095e-35 0.065464463084936156 -3.0733439922332759 -4.9033493995666495 -0.2219939976930618 0.42249999940395361 0.67164948582649242 0.020900700241327289 0.020633687265217308 3460.3056640625005 0.019676237367093567 1.0000000180025095e-35 26.323872566223148 0.022941910661756996 1.0036411285400393 0.67346277832984935 -0.015745750628411766 0.026931623928248886 0.020446146838366989 0.00259748287498951 0.30053950846195226 0.71466615796089183
decision_type=2 2 2 2 2 2 2 2 2 2 2 2 2 2 2 2 2 2 2 2 2 2 2 2 2 2 2
left_child=1 4 5 11 24 7 -7 -3 23 10 -5 15 13 -13 22 16 -2 -17 -10 21 -21 -11 -4 -6 -1 -16 -12
right_child=3 2 14 9 8 6 -8 -9 18 19 26 12 -14 -15 25 17 -18 -19 -20 20 -22 -23 -24 -25 -26 -27 -28
leaf_value=0.032226733738018584 -0.0048195728578180599 -0.0033528192533584509 0.0094061512153479961 0.033922174177697342 0 0.010884737084221248 -0.011708062637842593 0.0058380995546552716 -0.00040820287859278824 0.0022345537248159588 -0.0035567920082036873 0.003453131389871546 -0.024737674154630934 0.042053523541689772 -0.0071424995624458547 -0.010348751981732908 0.036210952671832372 -0.0032948856567726107 0.012877976969715736 0.027154432362121363 -0.018414775100236706 -0.020361279551968293 -0.0091941500433850264 0.023845091887286386 0.012278021038174592 -0.02550381658363389 -0.02239516897151483
leaf_weight=25.91111192107201 14.069324001669886 93.047023579478264 7.6396852135658255 4.16310106217861 2.8841690421104422 239.23591515421867 13.094026803970335 270.36916665732861 29.090548038482666 5.5219491720199576 3.8587589114904404 27.876504525542259 5.8368273079395285 5.6089381873607627 3.384039223194125 233.9152392745018 5.252401500940322 165.32374472916126 60.401007115840912 2.7764219939708701 2.408504992723465 103.79148703813553 29.793421357870102 38.070491254329681 3.6853032410144797 15.321957290172575 3.1338471174240112
leaf_count=73 45 285 20 14 9 719 35 814 84 19 14 90 13 18 12 738 17 515 180 10 10 341 91 111 11 47 9
internal_value=0.000719665 0.00683113 0.00454769 -0.00797621 0.0163173 0.00601873 0.00965591 0.0034588 0.0129755 -0.0159594 0.00371481 -0.00575078 0.0049754 0.0107072 -0.0113388 -0.00678468 0.00651215 -0.00745806 0.00848083 -0.0179624 0.0046456 -0.0191329 -0.00508683 0.0223593 0.030287 -0.0229232 -0.0141318
internal_weight=1415.46 831.928 671.885 583.537 160.043 615.746 252.33 363.416 130.446 125.654 11.1557 457.883 39.3223 33.4854 56.1391 418.561 19.3217 399.239 89.4916 114.498 5.18493 109.313 37.4331 40.9547 29.5964 18.706 6.99261
internal_count=4344 2491 2023 1853 468 1853 754 1099 384 417 37 1436 121 108 170 1315 62 1253 264 380 20 360 111 120 84 59 23
is_linear=0
shrinkage=0.03


Tree=53
num_leaves=27
num_cat=0
split_feature=29 30 3 28 27 23 1 13 23 3 1 4 33 27 16 0 27 10 26 28 16 27 4 33 33 0
split_gain=12.1881 8.5265 8.22493 7.10408 6.83614 7.36456 8.04983 8.03747 6.59627 6.24543 6.19887 5.95111 5.85944 5.35932 6.58937 4.7873 3.65611 6.21443 1.71192 4.91241 2.39467 1.06245 0.995299 0.52802 0.434555 0.180511
threshold=0.32350000739097601 -0.03847952373325824 42.230503082275398 -0.83721411228179921 0.026781643740832809 7.1809556484222421 0.61931049823760997 0.053404500707983978 -4.6397244930267325 41.605363845825202 -0.38844199478626246 -2327.455932617187 0.11048680916428567 0.024810851551592353 0.87837952375411998 0.5263429880142213 0.026909084990620617 -11.049425601959227 1.0000778436660769 -0.38383504748344416 -1.0000000180025095e-35 0.026306525804102424 -4593.4135742187491 0.55553725361824047 0.56783241033554088 -0.49811351299285883
decision_type=2 2 2 2 2 2 2 2 2 2 2 2 2 2 2 2 2 2 2 2 2 2 2 2 2 2
left_child=1 18 9 15 5 6 7 -2 -5 10 -3 16 -8 14 -7 -4 22 -18 19 24 -21 -15 -6 -11 -1 -20
right_child=4 2 3 8 11 13 12 -9 -10 23 -12 -13 -14 21 -16 -17 17 -19 25 20 -22 -23 -24 -25 -26 -27
leaf_value=-0.022096251016818565 0 -0.011199259591055177 0.024939496433808134 0.0089304040357094001 -0.019685279453717959 -0.0056082122164485861 0 0.008673425345109181 -0.0016230489940338504 -0.022917184336674085 -0.00097236814448654527 -0.024895579365386881 0.025641731564233279 -0.02373872363033968 0.024377372546079135 -0.0037524790755379014 0.01592768767872434 -0.0037566405260255628 -0.011531750905141301 -0.013156903176661995 0.013890005019634933 -0.0047024499652908612 0 -0.0078136651479738233 -0.0068122954988590759 -0.027074828264810426
leaf_weight=15.11664240062237 183.45471747219563 82.122970074415207 16.518454402685169 59.716463446617126 10.357030361890791 29.802385613322258 10.512505024671553 203.82971940934658 459.0628534257412 19.826935723423961 157.18650044500828 10.495648145675657 29.131561100482941 12.568750888109209 7.9054671525955191 6.6574876606464377 19.030098140239716 53.925868988037109 4.509021222591401 3.7485596537590018 8.117534816265108 5.2997266203165045 3.9737216383218756 5.3202978223562232 4.6482313871383658 10.782114952802655
leaf_count=41 560 276 57 186 24 83 29 644 1377 59 469 23 93 30 26 18 59 156 14 10 26 14 12 17 14 27
internal_value=-0.000223622 -0.00250996 -0.00176912 0.000332631 0.00312229 0.00459649 0.00594409 0.00458094 -0.000383485 -0.00610273 -0.00453546 -0.00404694 0.0188137 -0.00555577 0.000679468 0.0164122 -0.00130999 0.00132884 -0.0148995 -0.0101255 0.00443145 -0.0188643 -0.0149426 -0.0202873 -0.0192027 -0.0235717
internal_weight=1433.62 853.334 806.412 541.955 580.287 482.505 426.929 387.284 518.779 264.457 239.309 97.7824 39.6441 55.5763 37.7079 23.1759 87.2867 72.956 46.9221 31.631 11.8661 17.8685 14.3308 25.1472 19.7649 15.2911
internal_count=4344 2591 2459 1638 1753 1479 1326 1204 1563 821 745 274 122 153 109 75 251 215 132 91 36 44 36 76 55 41
is_linear=0
shrinkage=0.03


Tree=54
num_leaves=30
num_cat=0
split_feature=0 1 10 27 13 22 27 18 27 18 27 2 10 27 29 2 29 33 29 17 22 27 27 23 10 27 27 25 31
split_gain=86.6783 22.0183 13.8427 15.6117 10.805 12.7077 15.1512 19.5277 10.1863 8.61609 8.23197 8.08637 7.46095 9.7106 6.88893 6.67183 6.25744 4.97295 4.92752 4.05009 6.28904 3.8549 3.56853 3.11891 3.54042 3.0947 3.09334 1.60074 0.362064
threshold=0.30329549312591558 -0.50438550114631642 -13.689263820648192 0.026781643740832809 0.37764449417591101 -0.093178998678922639 0.019799064844846729 0.52592149376869213 0.027111343108117584 0.25403249263763433 0.018900832161307338 3313.137084960938 -18.686863899230953 0.025772347114980224 1.575999975204468 2590.5112304687505 0.68549999594688427 0.1204049475491047 0.22850000113248828 1.0000000180025095e-35 4.199775457382203 0.025801359675824646 0.020385479554533962 4.7416555881500253 0.43801549077034002 0.026762715540826324 0.027362042106688026 0.0032588909380137925 0.013095177710056307
decision_type=2 2 2 2 2 2 2 2 2 2 2 2 2 2 2 2 2 2 2 2 2 2 2 2 2 2 2 2 2
left_child=1 17 12 9 5 6 28 -8 -5 -4 27 16 13 -3 21 -12 18 19 -6 20 -1 -13 -21 26 -25 -14 -19 -7 -2
right_child=4 2 3 8 11 10 7 -9 -10 -11 15 14 25 -15 -16 -17 -18 23 -20 22 -22 -23 -24 24 -26 -27 -28 -29 -30
leaf_value=-0.019669166338785918 -0.028328876675957827 -0.013455350968411016 0.002820194028100471 0.025744372586399202 -0.0013496887056446056 -0.024739478711423558 -0.00023722808207863379 0.017051909080757283 -0.0012119474589018032 -0.0063270058230907086 0.0051805597150758444 -0.025381166923846364 -0.021489089591988874 0.018664563696517786 0.030600811715566247 0.017938273323814865 -0.025283784143515467 -0.021592194306508473 0.017224556629680254 -0.014220762290921573 0.012811441752194931 -0.0042215631605873882 0.014518042715682661 -0.019362402955268462 -0.0027909820448775683 -0.006467889258912559 -0.0012681069415611959 0.00095747448381068947 -0.0071678195409001742
leaf_weight=23.86385211348534 10.758143872022627 22.178408399224281 135.95856402814388 28.894808888435364 21.169972196221352 4.836448296904563 140.95270758867264 99.139450937509537 20.955372214317322 282.12532292306423 48.158161014318466 18.039301618933678 60.738338872790337 12.963311120867727 2.5368927717208853 205.24045473337173 4.6073424816131583 109.01184329390526 29.00594824552536 4.9671961814165142 6.1515587866306296 15.746052473783491 11.821743682026861 22.33536334335804 27.050869911909103 18.506638184189796 8.2597717940807325 2.5527502596378326 2.5356705188751212
leaf_count=99 37 77 392 64 63 18 403 235 62 952 127 67 243 38 6 468 16 463 76 19 18 49 33 94 91 62 25 8 9
internal_value=-0.000266771 -0.00677893 -0.00373071 -0.0014166 0.00827867 0.00996632 0.00511173 0.00688504 0.0143346 -0.00333107 0.0146299 -0.0011501 -0.0130716 -0.00125861 -0.0121177 0.0155641 0.00600265 -0.0150242 0.00927421 -0.00600073 -0.0126166 -0.0159874 0.00532941 -0.017479 -0.0105849 -0.0181565 -0.0202486 -0.0152231 -0.0253512
internal_weight=1401.06 795.783 582.321 467.934 605.279 514.174 253.386 240.092 49.8502 418.084 260.788 91.1055 114.387 35.1417 36.3222 253.399 54.7833 213.462 50.1759 46.8044 30.0154 33.7854 16.7889 166.658 49.3862 79.245 117.272 7.3892 13.2938
internal_count=4314 2732 1890 1470 1582 1305 684 638 126 1344 621 277 420 115 122 595 155 842 139 169 117 116 52 673 185 305 488 26 46
is_linear=0
shrinkage=0.03


Tree=55
num_leaves=27
num_cat=0
split_feature=0 1 1 27 26 21 2 32 32 27 18 27 23 27 27 33 33 7 32 27 27 27 25 26 18 30
split_gain=84.7449 19.2361 16.9889 11.2522 8.42361 9.79042 6.91419 5.09238 6.24116 4.2046 5.7373 6.06113 4.15935 8.13621 5.25877 4.10456 3.93458 2.67347 2.42982 2.20553 1.12543 2.88107 1.08722 0.903569 0.794363 0.654543
threshold=0.026813500560820106 -0.62559351325035084 0.64156350493431102 0.026781643740832809 1.0019552111625674 0.64840000867843639 3460.3056640625005 -0.0050152495969086877 -0.015069640707224606 0.027514189481735233 1.0000000180025095e-35 0.02728238329291344 5.440160036087037 0.020385479554533962 0.01971840858459473 0.080274954438209548 0.082074869424104704 25.388464927673343 -0.015069640707224606 0.027362042106688026 0.019380469806492332 0.01928155962377787 0.0028091275598853831 1.00013142824173 0.3899769932031632 0.33029904961586004
decision_type=2 2 2 2 2 2 2 2 2 2 2 2 2 2 2 2 2 2 2 2 2 2 2 2 2 2
left_child=1 7 9 4 5 -3 19 8 23 10 11 -2 13 -9 -14 -6 -12 20 -19 -5 21 -4 -22 -1 -8 -20
right_child=2 3 17 6 15 -7 24 12 -10 -11 16 -13 14 -15 -16 -17 -18 18 25 -21 22 -23 -24 -25 -26 -27
leaf_value=0.025311999893209515 0.0009135251499780585 0.003905015222166899 -0.015713519890511556 0.005869586906433479 0.011435263373033166 0.01328496040895346 -0.005768340781285507 0.029149955795564352 -0.020409284296174682 -0.022437006517864143 0.001648035458115274 0.040604088709536176 0.014049356572613898 0.013027331508972185 -0.0090333054227296292 -0.013837535463648468 -0.0067408589581498092 0.004703412913848193 -0.023046107074377147 -0.0081642766289954441 -0.011633707017555844 0.022054519662871024 -0.024558708185982717 0.00084268071104813091 -0.024070903088018469 -0.0041640997542206912
leaf_weight=4.3848909735679626 15.122745335102083 388.28185860812664 4.0318682193756095 22.166734382510185 6.4638974517583838 137.19463333487511 4.4097453951835659 48.67749360203743 7.4680444896221143 12.427785798907278 56.349453866481781 4.2065299153327933 34.977151900529861 77.929597288370132 10.967185884714125 27.992781445384026 360.28351838886738 2.3760172277688971 69.529880851507187 17.575354620814323 54.436043590307236 2.5303661078214645 8.6973204612731916 3.0482162833213806 17.998573988676071 3.1504552513360968
leaf_count=13 45 1161 15 63 21 416 15 138 25 34 174 13 102 220 37 88 1127 8 250 57 181 9 27 9 55 11
internal_value=0.000321325 0.00663775 -0.00828267 0.00407287 0.00542764 0.0063814 -0.00793493 0.0150682 -0.00116782 -0.00535763 -0.00482499 0.0108111 0.0165216 0.0193872 0.00830768 -0.00874328 -0.00558407 -0.0172318 -0.0213826 -0.000137364 -0.0125131 0 -0.0137347 0.0170975 -0.0210665 -0.0223847
internal_weight=1402.68 809.536 593.142 622.084 559.933 525.476 62.1504 187.453 14.9012 448.39 435.962 19.3293 172.551 126.607 45.9443 34.4567 416.633 144.752 75.0564 39.7421 69.6956 6.56223 63.1334 7.43311 22.4083 72.6803
internal_count=4314 2420 1894 1876 1686 1577 190 544 47 1393 1359 58 497 358 139 109 1301 501 269 120 232 24 208 22 70 261
is_linear=0
shrinkage=0.03


Tree=56
num_leaves=26
num_cat=0
split_feature=9 1 29 12 14 28 21 9 33 25 9 12 25 29 34 0 26 34 29 25 33 16 34 29 28
split_gain=14.7659 10.1264 7.51027 8.79002 8.17265 7.33683 5.90488 4.35812 4.21754 4.16348 4.71416 3.74351 3.73064 4.59071 3.97839 2.66808 1.96141 1.29339 0.922461 1.65929 1.13056 0.773241 0.642769 0.328633 0.301261
threshold=0.4796034991741181 -0.77992299199104298 0.26950000226497656 -1.688320994377136 -0.053404500707983964 -0.91283753514289845 0.38279999792575842 0.37418049573898321 0.4796969741582871 0.0025921928463503723 0.51938849687576305 -0.36772549152374262 0.0059670784976333388 0.67649999260902416 0.70224529504776012 2.2710504531860356 0.9979994297027589 0.69033643603324901 0.2034999951720238 0.0025693222414702181 0.190633200109005 -1.0000000180025095e-35 0.71927744150161754 0.84749999642372142 0.11239024996757509
decision_type=2 2 2 2 2 2 2 2 2 2 2 2 2 2 2 2 2 2 2 2 2 2 2 2 2
left_child=1 18 5 7 -5 11 -7 -4 12 10 24 -3 13 14 -2 -15 -11 -14 -1 20 -20 -18 -19 -21 -10
right_child=8 2 3 4 -6 6 -8 -9 9 16 -12 -13 17 15 -16 -17 21 22 19 23 -22 -23 -24 -25 -26
leaf_value=-0.023779392625223345 0.027808870459119783 0.032297805530240933 0.014729919742980954 0.0041551540947801519 -0.0034839137195690636 -0.0014290383800086759 -0.0081824490414823866 0.0021746390981305544 -0.0083139439273680737 -0.025768538273735736 0.032766309540664951 0 0.045151414936844519 -0.01095229908132107 0.0069864333221284457 0.010557968444407191 -0.0094822234207159132 0.0046550852095609916 0.0078752958727340231 -0.02157970712915698 -0.0095770430181345238 0.0066304016227007176 0.028536659479279285 -0.01009544352699592 0.0024499929373314826
leaf_weight=10.363949149847029 18.639615714550018 7.5637938678264618 64.42404517531395 252.8006139844656 249.96885879337788 510.9948555380106 152.54926462471485 43.679787963628769 3.7112345695495623 4.3022985160350791 5.5848389863967896 4.8140516579151136 4.6581307947635633 9.5220012366771716 17.846586674451828 10.257165998220442 4.9332711696624747 3.4970625340938568 4.8638925254344922 10.805332481861116 7.5194783061742783 4.4379820227622977 2.6810650825500488 10.200891882181166 3.0510861575603485
leaf_count=39 62 27 204 769 722 1539 460 134 12 12 19 13 17 27 58 30 13 11 17 34 27 13 9 36 10
internal_value=-4.77331e-05 -0.000864009 -0.000371432 0.00203033 0.000339562 -0.00255526 -0.0030002 0.00977315 0.0114616 0.000812157 0.0134711 0.0197881 0.0154215 0.01186 0.0180994 0 -0.0100558 0.0317813 -0.0149795 -0.0116719 -0.001984 -0.000990623 0.0177271 -0.0167857 -0.00238379
internal_weight=1423.67 1330.55 1286.8 610.873 502.769 675.922 663.544 108.104 93.1223 26.0207 12.3472 12.3778 67.1016 56.2654 36.4862 19.7792 13.6736 10.8363 43.7535 33.3896 12.3834 9.37125 6.17813 21.0062 6.76232
internal_count=4314 4021 3868 1829 1491 2039 1999 338 293 79 41 40 214 177 120 57 38 37 153 114 44 26 20 70 22
is_linear=0
shrinkage=0.03


Tree=57
num_leaves=28
num_cat=0
split_feature=1 27 0 21 0 1 27 27 22 12 29 27 3 27 4 27 3 27 27 29 33 34 29 3 33 29 34
split_gain=86.5487 25.3371 15.58 12.0365 10.5627 9.91899 9.23761 8.35393 10.3395 10.2892 8.08435 7.80784 9.51221 8.49839 7.30358 8.01489 6.71198 8.62152 6.35249 5.77682 4.64859 3.44149 2.97016 3.05864 2.44022 2.30193 1.19179
threshold=-0.15377149730920789 0.026672904379665855 0.30329549312591558 0.30470000207424169 0.10615099966526033 -0.46698449552059168 0.020633687265217308 0.027024132199585441 -2.4313384294509883 0.16208149492740634 0.39249999821186071 0.018900832161307338 65.956329345703139 0.0198379484936595 593.43701171875011 0.019991379231214527 38.90239334106446 0.027514189481735233 0.019889384508132938 0.64750000834465038 0.011171157937496902 0.69033643603324901 1.7074999809265139 51.716829299926765 0.27649620175361639 0.6525000035762788 0.69033643603324901
decision_type=2 2 2 2 2 2 2 2 2 2 2 2 2 2 2 2 2 2 2 2 2 2 2 2 2 2 2
left_child=1 3 4 5 14 19 25 8 10 -10 -3 -4 13 -13 20 -16 17 -9 -7 -1 -2 -8 23 -5 -14 -6 -18
right_child=2 7 11 22 6 18 21 16 9 -11 -12 12 24 -15 15 -17 26 -19 -20 -21 -22 -23 -24 -25 -26 -27 -28
leaf_value=-0.016158088655607281 -0.017348940268222365 0.027925395908477851 -0.020806508253747299 -0.021484354968593664 -0.025174868404785691 -0.024754156024473038 0.030540617069648477 -0.027907623260917523 -0.025252737792261316 0.021142707629716283 -0.00065501073030852614 -0.0028360627893236809 0.011941583962517988 0.0089965550423828002 -0.023161163116252166 0.026961149687264641 0.027650549684226623 0.00016031319481760617 -0.00075179352561399802 0.006168824587564006 0.0047693778185713496 -0.0052620009438643532 0.002982007365514374 -0.0028757651023765215 0.034070319508790518 0.00084052901869024349 0.003444941537613589
leaf_weight=134.20302672684193 8.3211919665336591 28.426300197839737 7.6098198294639579 142.72477540373802 27.747055798769001 10.453864783048628 4.0276301056146604 15.955309242010115 11.030004724860193 6.2309456318616858 11.962921485304831 59.567597508430481 9.3426361382007617 519.29116077721119 17.042138248682026 2.8438270241022101 4.2123963534831983 22.960350081324577 116.96664576232433 10.438832655549048 188.4821964353323 4.1880990862846375 4.2538485676050177 9.78941363096237 15.87659904360771 2.6541528403758994 4.8971862196922302
leaf_count=529 27 64 28 589 112 43 10 59 44 15 35 173 22 1344 70 8 10 68 378 37 551 14 16 37 30 8 14
internal_value=-0.000255227 -0.00975101 0.00559084 -0.0129947 -0.000600887 -0.00908977 -0.0149771 0.00332645 0.0110363 -0.00787423 0.0193355 0.00818822 0.00858527 0.00776199 0.00194828 -0.0150664 -0.00576142 -0.0113272 -0.00288042 -0.014469 0.00374697 0.0120022 -0.0196639 -0.020362 0.026614 -0.0226355 0.0164308
internal_weight=1401.5 534.506 866.994 428.83 255.306 272.062 38.6169 105.675 57.6502 17.261 40.3892 611.688 604.078 578.859 216.689 19.886 48.0252 38.9157 127.421 144.642 196.803 8.21573 156.768 152.514 25.2192 30.4012 9.10958
internal_count=4335 1938 2397 1629 800 987 144 309 158 59 99 1597 1569 1517 656 78 151 127 421 566 578 24 642 626 52 120 24
is_linear=0
shrinkage=0.03


Tree=58
num_leaves=27
num_cat=0
split_feature=1 1 1 27 21 27 27 4 27 34 4 6 27 21 29 12 0 0 25 33 29 30 28 34 25 26
split_gain=91.2515 24.3148 13.5074 13.5791 11.3409 10.9495 9.59759 9.46233 7.08759 6.01045 5.13587 4.96757 4.74298 10.776 5.23445 4.73433 3.62697 3.08823 2.08528 2.05224 1.84323 1.96001 1.81047 1.74997 1.73234 0.217925
threshold=-0.21412599831819532 0.64156350493431102 -0.69541749358177174 0.026736826635897163 0.17970000207424167 0.020410035736858848 0.02057580836117268 -705.14718627929676 0.019866458140313629 0.74207592010498058 -4708.7429199218741 0.052374999970197685 0.020321485586464409 0.38279999792575842 1.1869999766349795 -1.8773315548896787 -0.083535503596067415 -2.7149544954299922 0.0013065286912024023 0.092141017317771925 0.082499999552965178 -0.38936141133308405 -0.56264671683311451 0.60357081890106212 0.001894498826004565 0.99930840730667125
decision_type=2 2 2 2 2 2 2 2 2 2 2 2 2 2 2 2 2 2 2 2 2 2 2 2 2 2
left_child=2 5 12 4 6 7 -4 16 -6 11 -5 -7 17 24 -15 -9 -2 25 -12 -11 -3 -22 -19 -23 -14 -1
right_child=1 20 3 10 8 9 -8 15 -10 19 18 -13 13 14 -16 -17 -18 22 -20 -21 21 23 -24 -25 -26 -27
leaf_value=0.019677627101927039 0.028972833792678877 0.00044990846971910042 0.005511496343701976 -0.022942584843551137 -0.012108352357301498 -0.012167403021856718 -0.01328675063901694 0.014477981643943151 0.013387170577119835 0.024296689390732311 0.016085628168492933 -0.0051854614772337887 0 0.011443192040595572 0.035739151652507073 -0.0037758138469283138 0.0078817301154991536 0.0013899845052818519 -0.0041589890938579207 0 0 -0.0067069512489921039 0.019559588801788576 -0.020060333590887876 -0.022956340695673261 0.033720547346993063
leaf_weight=7.8759200572967556 9.1353883147239667 3.9051575213670722 133.28661446273327 13.372831150889395 9.4947371780872327 151.0957655608654 29.259954750537872 13.19103020429611 235.48541562259197 6.1236182749271375 4.5161907076835623 255.52537672221661 3.498325049877165 42.784297734498978 10.410776466131209 168.89837227761745 45.404450625181198 7.2891358733177176 42.945829883217812 6.7844354510307312 5.5839454233646384 12.434873685240744 30.002224028110504 126.68518853187561 7.4589387178421021 21.683497279882431
leaf_count=23 26 14 401 44 26 469 91 38 706 22 13 801 10 123 29 516 139 23 131 20 18 42 87 445 17 61
internal_value=-0.000148314 -0.00675296 0.00870299 0.00627867 0.00826198 -0.00424611 0.00204206 0.000879574 0.0123397 -0.00715621 -0.00681963 -0.00781373 0.0172451 0.0110049 0.0166543 -0.00236815 0.0118091 0.0229737 -0.00189738 0.0124044 -0.0177098 -0.0182618 0.0163116 -0.0189595 -0.0151659 0.0306679
internal_weight=1404.13 804.768 599.365 468.362 407.527 656.158 162.547 236.629 244.98 419.529 60.8349 406.621 131.003 64.1523 53.1951 182.089 54.5398 66.8508 47.462 12.9081 148.609 144.704 37.2914 139.12 10.9573 29.5594
internal_count=4335 2550 1785 1412 1224 2031 492 719 732 1312 188 1270 373 179 152 554 165 194 144 42 519 505 110 487 27 84
is_linear=0
shrinkage=0.03


Tree=59
num_leaves=20
num_cat=0
split_feature=1 25 7 28 30 27 3 29 4 4 28 23 0 25 25 27 33 27 28
split_gain=11.5591 10.6361 7.8229 7.53298 6.01331 6.97863 7.74666 5.54819 5.43367 4.6425 3.54863 3.54627 2.82381 1.06698 2.81051 1.04308 1.82555 0.208558 0.202646
threshold=-0.77992299199104298 0.0010718263802118602 15.23994827270508 -0.77633023262023915 -0.042646490037441247 0.026651846244931224 41.605363845825202 0.60249999165534984 -5687.9118652343741 -1350.1771240234373 -0.42602787911891932 5.2898626327514657 -0.11218750104308127 0.0020046916324645285 0.0039054281078279023 0.024871427565813068 0.30651180446147924 0.025571790523827079 -0.6178917884826659
decision_type=2 2 2 2 2 2 2 2 2 2 2 2 2 2 2 2 2 2 2
left_child=13 2 -2 12 7 8 -7 10 -6 -5 -3 -9 -4 18 15 -15 -17 -16 -1
right_child=1 4 3 9 5 6 -8 11 -10 -11 -12 -13 -14 14 17 16 -18 -19 -20
leaf_value=-0.0079530599240324219 0.029794847944608335 -0.015274485852333144 0.027727704898615559 -0.011757198956366902 -0.0073086715679594226 0.0018865704305344743 -0.012261714438503501 0.023299886853574724 0.0047761162124748385 -0.0032597653513312488 -0.0023931108129382622 -0.0058854469194770066 0.0012353587890133748 -0.011887247115232152 -0.0090752332073398972 0.016744074109005583 -0.0093503438055678647 -0.024136780890230972 -0.024265903146406809
leaf_weight=3.3174713253974941 5.5820865035057059 33.262380570173264 7.8150557577610016 78.826474502682686 34.01865541934967 106.67656873166561 50.613253071904182 8.9949274361133558 762.05227074027061 236.23814786970615 50.097030684351921 5.2377686500549308 7.8415273874998075 3.9872918426990536 4.5388220995664588 5.2732381075620633 3.2639060467481613 8.0520168542861921 12.73120605945587
leaf_count=13 19 92 27 237 101 306 138 30 2346 704 149 15 24 13 15 20 10 29 47
internal_value=0.000402509 0.000875943 -0.0037538 -0.00439134 0.00236709 0.00309921 -0.0026335 -0.0046724 0.00424413 -0.00542953 -0.00770083 0.0121133 0.015465 -0.0151556 -0.0102288 0 0.00580645 -0.0199488 -0.0217799
internal_weight=1428.42 1387.26 336.303 330.721 1050.95 953.361 157.29 97.5921 796.071 315.065 83.3594 14.2327 15.6566 41.164 25.1153 12.5244 8.53714 12.5908 16.0487
internal_count=4335 4188 1011 992 3177 2891 444 286 2447 941 241 45 51 147 87 43 30 44 60
is_linear=0
shrinkage=0.03


Tree=60
num_leaves=30
num_cat=0
split_feature=1 0 27 8 9 25 8 27 27 25 27 4 1 9 27 27 27 25 9 27 17 34 25 25 3 34 33 27 1
split_gain=76.3952 19.7863 13.9052 13.0648 11.2333 11.286 8.51973 10.3861 8.1811 7.39601 11.5638 7.68429 6.53575 6.08821 12.7615 8.78282 5.98879 5.32041 7.82947 6.32334 4.58283 5.02061 3.28369 4.74996 3.15064 2.43714 1.53745 2.452 0.498553
threshold=-0.26879200339317316 0.35418500006198889 0.026672904379665855 0.04936449974775315 0.40329450368881231 0.0015822657151147725 1.8171384334564211 0.025801359675824646 0.02051569148898125 0.0013907312531955542 0.026221309788525108 -853.12588500976551 -0.45222748816013331 0.3950015008449555 0.020533004775643352 0.0198379484936595 0.026829344220459465 0.0025693222414702181 0.34539648890495306 0.0198379484936595 1.0000000180025095e-35 0.69516408443450939 0.0022767916088923816 0.0011096558300778272 34.348869323730476 0.7344861924648286 0.58125311136245739 0.026781643740832809 -0.21412599831819532
decision_type=2 2 2 2 2 2 2 2 2 2 2 2 2 2 2 2 2 2 2 2 2 2 2 2 2 2 2 2 2
left_child=2 4 12 9 13 28 8 -8 -5 11 -11 -3 17 14 -2 -15 -7 19 -19 -1 21 -14 23 -4 -25 -22 27 -24 -6
right_child=1 3 22 6 5 16 7 -9 -10 10 -12 -13 20 15 -16 -17 -18 18 -20 -21 25 -23 26 24 -26 -27 -28 -29 -30
leaf_value=-0.010150005783796811 -0.0086186945214278086 0.017643854065053616 -0.017248423592569905 0.027202637381898848 -0.0095081149258491506 -0.0044133831835708234 0.0062505778600196503 0.024568102351961378 -0.012521257996506616 -0.003006663757689835 0.011156174317675061 0.0014172073424066497 0.0063924164037390974 -0.018436314852551514 0.0058937191144421888 0.022339786926704418 0.027290111821929437 0.0096652321391591921 -0.013661187282763301 -0.0227282931646955 -0.016982556123226925 -0.010294537722790712 -0.025606059277483426 0.021280327073606498 0.0020403556099924218 0.0067140131742918358 0.010114045472599868 -0.0034868917102844274 -0.023479137355368645
leaf_weight=57.449750736355782 86.507347583770752 60.570080906152725 5.4105998724699012 50.234825640916824 5.9862262457609168 57.610050991177559 144.74896451830864 35.01131609082222 4.5266290605068198 175.07908122241497 72.947418987751007 48.514549046754837 33.148222655057907 5.2156807482242611 145.34103977680206 24.722918093204498 5.3777150511741629 15.250237479805945 65.735511615872383 120.7095445394516 36.302419066429138 30.488186970353127 5.3757612109184256 15.43087914586067 17.213657379150391 3.5245274007320395 4.1509819328784934 27.171883761882782 34.519217744469643
leaf_count=223 268 143 18 101 22 206 380 74 14 511 184 131 108 16 416 61 12 49 270 515 137 107 19 37 50 11 12 85 141
internal_value=-0.000424091 0.00431661 -0.01081 0.007706 -0.0011515 -0.00950977 0.013218 0.0099264 0.0236726 0.00404758 0.00113664 0.0105487 -0.0132374 0.00213032 0.000433213 0.0147542 -0.00137126 -0.0158089 -0.00912584 -0.0187624 -0.00666479 -0.0014799 0.000854499 0.00708616 0.0115903 -0.0146051 -0.00537395 -0.0077447 -0.021775
internal_weight=1394.28 956.913 437.362 591.633 365.28 103.493 234.522 179.76 54.7615 357.111 248.027 109.085 362.608 261.787 231.848 29.9386 62.9878 259.145 80.9857 178.159 103.463 63.6364 74.7538 38.0551 32.6445 39.8269 36.6986 32.5476 40.5054
internal_count=4321 2680 1641 1538 1142 381 569 454 115 969 695 274 1420 761 684 77 218 1057 319 738 363 215 221 105 87 148 116 104 163
is_linear=0
shrinkage=0.03


Tree=61
num_leaves=28
num_cat=0
split_feature=0 1 1 8 27 23 27 23 14 29 26 27 22 23 29 34 27 26 27 0 29 7 34 34 33 30 29
split_gain=71.4748 22.8003 14.2437 7.48284 7.35722 7.27409 9.04678 8.67633 6.79018 7.31225 6.20436 4.82594 4.73383 4.71628 4.63794 4.38481 4.18462 6.23241 5.60521 3.82028 3.24204 1.90471 1.96192 2.1991 1.35289 1.11256 1.07158
threshold=-0.064502000808715806 0.64156350493431102 -0.45222748816013331 -2.0110045671463008 0.026885607279837135 2.8623635768890385 0.020369840785861019 -0.21916400268673894 0.3627960085868836 0.33849999308586126 1.0019552111625674 0.027442594990134243 4.028307557106019 5.440160036087037 0.25749999284744268 0.7255651354789735 0.020633687265217308 0.99960809946060192 0.020962457172572616 -0.45647050440311426 0.13749999552965167 27.480632781982425 0.67388740181922924 0.66241091489791881 0.13652502000331881 -0.28997372090816492 0.74199998378753673
decision_type=2 2 2 2 2 2 2 2 2 2 2 2 2 2 2 2 2 2 2 2 2 2 2 2 2 2 2
left_child=2 8 5 16 10 6 19 -8 11 15 -5 12 -2 20 -15 -10 17 -4 -18 -1 -7 22 23 -3 -11 -24 -6
right_child=1 21 3 4 26 13 7 -9 9 24 -12 -13 -14 14 -16 -17 18 -19 -20 -21 -22 -23 25 -25 -26 -27 -28
leaf_value=0.025767361535122053 -0.0035528328314670147 -0.012004519115477149 0.032913764389360521 0.0070126469292670791 -0.020790748561657305 0.013240465472114627 0.010669235839499643 -0.028519287653257119 0.0077575033991118571 0 -0.015386007807627082 -0.022637475909039157 -0.013585466567075157 0.013999571979171548 -0.00035458137502039535 0.035366668799424641 -0.023078860924429519 -0.0028111809187439194 -0.0036541864148116115 0.0052955077024361575 -0.0089890891332272977 -0.022459322305225377 0 0.0058289873088932104 -0.0147901767427852 -0.019277411057118488 0
leaf_weight=55.779376477003098 358.07522591948509 30.595162257552147 5.4406742900609997 231.66661064326763 10.340008810162542 6.5287139415740958 219.81201137602329 4.6173777282237998 35.49743863940239 7.5234514027833965 10.994184076786039 13.988883823156355 48.741205111145973 46.615178853273392 33.406315803527832 6.0797058939933768 17.306911870837212 15.294480979442595 61.638406649231911 11.309565573930739 31.150739639997482 54.087614923715591 3.5084515511989585 6.7103882580995551 13.099066480994223 53.08822175860405 3.1934455484151831
leaf_count=161 1132 106 17 688 33 18 647 11 111 23 37 38 152 138 106 18 50 43 201 36 96 197 11 22 37 182 10
internal_value=0.000219992 -0.00724478 0.00638887 0.00196375 0.00469326 0.0102081 0.0127606 0.00976136 -0.00405501 0.00509249 0.00593127 -0.00543291 -0.00479215 0.00378273 0.00793043 0.0123809 -0.00495006 0.00669309 -0.00814433 0.0225142 -0.00477869 -0.0175461 -0.0145169 -0.00852397 -0.00912085 -0.0182002 -0.016284
internal_weight=1396.09 630.995 765.094 355.875 256.194 409.219 291.518 224.429 483.005 62.1997 242.661 420.805 406.816 117.701 80.0215 41.5771 99.6805 20.7352 78.9453 67.0889 37.6795 147.99 93.9022 37.3056 20.6225 56.5967 13.5335
internal_count=4321 2029 2292 1079 768 1213 855 658 1511 189 725 1322 1284 358 244 129 311 60 251 197 114 518 321 128 60 193 43
is_linear=0
shrinkage=0.03


Tree=62
num_leaves=30
num_cat=0
split_feature=9 7 2 29 10 27 7 27 27 27 0 27 8 23 29 33 29 27 33 16 27 27 4 27 27 27 33 29 26
split_gain=14.9117 10.9577 14.3938 9.62148 9.13883 8.09144 7.39353 7.33858 6.18133 8.82367 12.1576 7.85879 5.2231 5.13561 5.35922 4.69837 8.62414 4.59335 4.35611 4.06555 3.90465 3.58967 3.41162 2.48745 2.34131 2.28263 1.5749 1.09506 0.0419204
threshold=0.34812349081039434 22.169844627380375 3440.8505859375005 0.25550000369548803 4.7818539142608651 0.026860929094254974 53.926776885986335 0.02680077496916056 0.02104188967496157 0.020586381666362289 1.1816384792327883 0.020106017589569095 1.0416495203971865 5.3267550468444833 0.62149998545646679 0.26956777274608618 0.15650000423192981 0.025875748135149482 0.87841466069221508 0.87837952375411998 0.020002430304884914 0.02728238329291344 -3662.8669433593745 0.020736346021294597 0.026221309788525108 0.02364732883870602 0.094251785427331938 0.40749999880790716 1.0000778436660769
decision_type=2 2 2 2 2 2 2 2 2 2 2 2 2 2 2 2 2 2 2 2 2 2 2 2 2 2 2 2 2
left_child=1 8 12 5 6 -4 13 24 9 11 -11 -1 22 14 -2 16 26 -15 25 -18 -20 -14 -3 -5 -8 -17 -6 -9 -10
right_child=4 2 3 23 15 -7 7 27 28 10 -12 -13 21 17 -16 18 19 -19 20 -21 -22 -23 -24 -25 -26 -27 -28 -29 -30
leaf_value=0.010056078249456098 -0.0021064772108691419 -0.0065632884229277332 -0.01058845731843789 -0.0017874392952828401 0.00092031943641039996 0.024534172248282048 0.047728026664406474 -0.0080116644510934403 -0.010430215102348313 0.028822734470634007 -0.0030467084379266485 -0.0048348543229177528 -0.0024152350881046234 0.008912731677962157 0.0057312651952582836 0.018996658988816497 0.011468104710543105 -0.01585821324320482 0.017982570080202823 -0.013073427704120285 -0.016362373134540645 -0.021024469460050856 -0.016696006210997615 0.010617881941858556 0.018711333100310496 0.0042197752111955917 -0.016793615879720909 0.010899864377128168 -0.024989863252914399
leaf_weight=47.146221473813057 431.85442201793194 46.237666666507721 61.672560125589371 16.965246260166168 4.821181237697604 5.9195050299167624 4.8383881449699429 7.8531626462936384 4.4318619668483716 25.059949815273285 17.658941224217415 95.958554774522781 81.813865482807159 85.880145519971848 95.148555219173431 61.625922024250031 62.803622841835022 6.6130881756544104 4.2603299319744092 5.9712406992912284 7.1772327423095703 10.369766741991041 114.83216254413128 65.704610824584961 10.665268808603285 13.427112042903898 16.43817812204361 3.4421207904815674 5.3710540533065796
leaf_count=145 1310 143 186 51 15 20 18 19 12 84 49 276 243 269 303 198 196 16 14 16 19 27 346 203 35 41 44 10 13
internal_value=0.000193518 -0.0033983 -0.00622688 0.00107401 0.00282033 -0.00722278 0.00114917 0.0164385 0.00239129 0.00367722 0.0155576 2.62601e-05 -0.0105877 0.000460527 -0.000670247 0.00886743 0.00389704 0.00696913 0.0138859 0.00912844 -0.00259808 -0.00470783 -0.0138723 0.00796845 0.0295375 0.0165176 -0.012434 -0.00126781 -0.0201067
internal_weight=1421.96 599.142 403.515 150.262 822.82 67.5921 646.295 26.7989 195.627 185.824 42.7189 143.105 253.253 619.496 527.003 176.525 90.0342 92.4932 86.4906 68.7749 11.4376 92.1836 161.07 82.6699 15.5037 75.053 21.2594 11.2953 9.80292
internal_count=4321 1798 1219 460 2523 206 1980 82 579 554 133 421 759 1898 1613 543 271 285 272 212 33 270 489 254 53 239 59 29 25
is_linear=0
shrinkage=0.03


Tree=63
num_leaves=29
num_cat=0
split_feature=1 0 27 13 27 8 7 27 3 27 25 27 33 12 27 9 25 27 10 26 32 25 27 29 29 26 25 25
split_gain=82.0609 22.1791 12.3762 8.79435 9.92968 12.7164 12.6754 7.62184 7.72808 10.573 6.64452 8.38291 5.87512 5.35261 4.7161 4.53141 8.03343 4.20775 6.70196 3.57081 3.37307 2.98844 2.86992 2.67475 2.53162 1.97072 0.0942641 0.0207587
threshold=-0.40709899365901941 0.30329549312591558 0.026651846244931224 -0.13855250179767606 0.01989843882620335 -0.14621049910783765 24.139434814453129 0.018917583860456947 65.956329345703139 0.0198379484936595 0.0030840717954561119 0.026077516376972202 0.11048680916428567 1.8379580378532412 0.019866458140313629 0.33668150007724768 0.0030012687202543025 0.027172715403139595 -6.7698559761047354 0.99946019053459179 -0.047111885622143738 0.00098785973386839054 0.027620895765721801 0.38150000572204595 0.36650000512599951 1.000632703304291 0.0039762675296515235 0.0026294977869838481
decision_type=2 2 2 2 2 2 2 2 2 2 2 2 2 2 2 2 2 2 2 2 2 2 2 2 2 2 2 2
left_child=2 3 13 10 6 -6 -5 27 9 -9 12 -12 -2 15 21 16 -1 18 24 -20 -17 -15 26 -24 -4 -10 -19 -3
right_child=1 7 17 4 5 -7 -8 8 25 -11 11 -13 -14 14 -16 20 -18 22 19 -21 -22 -23 23 -25 -26 -27 -28 -29
leaf_value=-0.014032438948862991 0.0056152236187008309 -0.025125649695555387 0.036646113242260664 0.0041776679818349314 0.00698491995625076 -0.0050481341503718731 -0.025850275588153102 -0.0049935406591617871 0.029613639793669697 0.0083964013843693189 -0.0079068171576728817 0.031432809249434722 -0.019677716264124581 0.032582904102443098 -0.022581726615821598 0.0074086603462928235 0.016137087146612591 -0.025322586181845803 -0.025884703848665827 0.0025227566267794223 -0.019772250722140085 0 0.017362694852170724 -0.014368032364093564 0.0095261588337190121 0.0059546040122151495 -0.0080334202851716236 -0.0080981200697960391
leaf_weight=50.477797567844391 9.0433259457349759 5.0215664952993384 5.4580185115337363 22.676049411296844 207.57984760403633 126.22972925007343 26.598969757556915 57.965679973363876 17.79471987485886 514.65691088140011 16.208651721477512 6.3134669810533515 49.60766763985157 3.9470331072807294 3.9562436789274207 3.4679555147886267 8.7177949547767621 7.0934296846389788 5.2234641909599331 11.383068159222601 199.63259446620941 4.8932906836271286 4.2437300980091077 4.2478929311037064 10.337327286601065 5.4238729476928702 2.7760097235441208 2.6452541351318359
leaf_count=195 30 19 13 62 591 418 111 170 35 1328 58 18 193 10 14 11 26 28 18 31 854 16 10 15 28 13 9 9
internal_value=-0.000461385 0.00355433 -0.013633 -0.00135852 0.000523948 0.00240697 -0.0119476 0.00734652 0.00774651 0.00702208 -0.0103016 0.00317322 -0.0156112 -0.0161403 0.00211499 -0.0170675 -0.00934063 0 0.00645569 -0.00638189 -0.0192469 0.0147481 -0.0113173 0.000572317 0.0202865 0.0247084 -0.0219494 -0.0212082
internal_weight=1393.62 1067.77 325.856 464.258 383.085 333.81 49.275 603.508 595.841 572.623 81.1731 22.5221 58.651 275.093 12.7966 262.296 59.1956 50.7629 32.4019 16.6065 203.101 8.84032 18.3611 8.49162 15.7953 23.2186 9.86944 7.66682
internal_count=4333 3055 1278 1481 1182 1009 173 1574 1546 1498 299 76 223 1126 40 1086 221 152 90 49 865 26 62 25 41 48 37 28
is_linear=0
shrinkage=0.03


Tree=64
num_leaves=27
num_cat=0
split_feature=1 1 27 3 21 17 1 27 27 1 29 27 28 2 0 34 2 27 34 27 27 27 27 30 29 30
split_gain=76.6458 23.0889 8.79168 13.0376 11.3537 9.38089 6.24803 7.35521 6.89142 6.19459 6.06483 5.87708 5.67965 4.78292 4.58534 4.0342 3.31276 3.18607 3.01078 2.5238 2.2244 6.49338 4.11321 1.47726 1.14708 0.539551
threshold=-0.45222748816013331 0.64156350493431102 0.020528296940028671 42.985136032104499 0.023399999365210537 0.81174498796463024 -0.69541749358177174 0.026736826635897163 0.020106017589569095 -0.15377149730920789 0.4030000120401383 0.0198379484936595 -0.77633023262023915 3183.9514160156255 3.4126900434494023 0.74207592010498058 3775.824340820313 0.027362042106688026 0.66977727413177501 0.020567856729030613 0.019356613047420982 0.01893092226237059 0.020346667617559436 -0.38936141133308405 0.11050000041723253 0.44937527179718023
decision_type=2 2 2 2 2 2 2 2 2 2 2 2 2 2 2 2 2 2 2 2 2 2 2 2 2 2
left_child=6 2 3 5 13 -2 15 8 12 -6 -10 -5 -8 -4 18 20 17 -9 19 -3 21 -1 -22 -16 -20 -25
right_child=1 14 4 11 9 -7 7 16 10 -11 -12 -13 -14 -15 23 -17 -18 -19 24 -21 22 -23 -24 25 -26 -27
leaf_value=0.025841358294893226 0.036217330853622762 0.0042983290204797594 -0.022373809316687414 0.0062273959669151991 0.00091845696614539633 0.0032534133742612307 -0.024342248052590141 0.0056181753964212513 0.016661576524868982 -0.0062552833074766244 0.0049527572020592481 -0.0032848628988421101 0.0043086507881281988 0 -0.00096636180413659856 -0.010708958085858597 -0.023141868703561035 -0.023892197374369328 -0.0014747667166567563 -0.013070985298401949 0.024555556567693818 -0.013822866483997743 0.012467086688387368 -0.024051462289745189 -0.017108330460496656 -0.0063213023839104017
leaf_weight=6.5505341291427595 14.859409928321837 17.347565114498142 43.952046424150467 77.656484141945839 169.52777613699436 17.29533976316452 6.5359041392803183 17.078296482563026 122.72384998202324 289.62071481347084 63.380739063024521 228.83854015171528 52.298542439937592 10.079076036810873 3.7495947927236548 4.0688262283802024 7.0403795540332785 3.551278516650199 6.2381803542375556 12.074702143669127 57.761666595935822 7.1342057287693024 56.536632835865021 55.206048727035522 41.369776412844658 3.4732670634984961
leaf_count=19 46 59 140 246 522 48 22 48 364 904 197 688 161 35 12 10 23 13 21 44 169 19 160 206 144 13
internal_value=-4.98945e-05 -0.00454766 -0.00267781 0.00105127 -0.0051548 0.0190837 0.010938 0.0082501 0.00991982 -0.00358888 0.0127461 -0.000839213 0.000795841 -0.0181418 -0.0158542 0.0163669 -0.00612477 0 -0.010614 -0.00262845 0.0173361 0.00477053 0.0187348 -0.0220413 -0.0152835 -0.0232164
internal_weight=1395.95 991.289 851.829 338.65 513.18 32.1547 404.661 272.609 244.939 459.148 186.105 306.495 58.8344 54.0311 139.459 132.052 27.67 20.6296 77.0302 29.4223 127.983 13.6847 114.298 62.4289 47.608 58.6793
internal_count=4333 3128 2629 1028 1601 94 1205 828 744 1426 561 934 183 175 499 377 84 61 268 103 367 38 329 231 165 219
is_linear=0
shrinkage=0.03


Tree=65
num_leaves=24
num_cat=0
split_feature=25 28 7 17 17 27 27 4 33 8 33 4 28 25 33 13 16 3 21 22 8 13 29
split_gain=12.077 10.0133 9.24716 7.64501 10.9708 7.08435 6.71553 5.98292 5.67373 4.81023 4.53002 4.30069 4.19755 4.13721 3.85932 3.80734 3.72481 3.21597 3.15299 2.81134 1.35221 1.2722 0.774368
threshold=0.0010499758063815536 -0.85072571039199818 15.23994827270508 1.0000000180025095e-35 0.81174498796463024 0.026112433522939685 0.021432847715914253 -1397.6100463867185 0.045307796448469169 1.0416495203971865 1.0120487213134768 1467.2175903320315 0.71647587418556224 0.0030840717954561119 0.36643598973751074 0.16834650188684466 1.0000000180025095e-35 53.186548233032234 0.67969998717308056 1.1967009902000429 0.24390248954296115 -0.0025395000702701505 0.14350000023841861
decision_type=2 2 2 2 2 2 2 2 2 2 2 2 2 2 2 2 2 2 2 2 2 2 2
left_child=1 21 22 8 7 9 16 14 15 -6 11 -10 -12 -9 -5 18 -4 -17 -2 -7 -8 -1 -3
right_child=3 2 6 4 5 19 20 13 10 -11 12 -13 -14 -15 -16 17 -18 -19 -20 -21 -22 -23 -24
leaf_value=0.0087870655870683489 0.0099529237317893694 0.041579366269038839 -0.0017318616496694317 0.0041362278053384488 0.013187723608651853 -0.011303315851603142 -0.020199035316535188 -0.0055669815624445574 0.0056455780585141346 0.001485102652034075 -0.0097396340831079741 0.030419139944188038 0.020959527880164006 -0.017533588745867246 -0.0062071207135548376 -0.017368829078283209 -0.0096706200287568576 0.0071950543033016991 -0.0074865505054402233 0.0028544657538095357 -0.0091716421402678674 0.037592329014836126 0.010994476220385857
leaf_weight=3.7980963885784149 20.545638740062714 3.027992755174636 186.62295028567314 87.567099839448929 80.613191723823547 26.341586172580719 30.837016463279724 130.76026058197021 503.35563382506371 55.099303439259529 28.362606912851334 6.0963818132877341 4.0358680784702292 33.885458871722221 50.799356356263161 22.455121934413913 76.362792745232582 5.1809843480586997 15.867979645729063 22.03835654258728 22.711550086736679 4.5819588750600797 2.8610365092754364
leaf_count=13 66 11 575 273 249 74 88 405 1547 164 83 21 13 90 154 63 224 16 44 66 69 16 9
internal_value=0.000506843 -0.0045028 -0.00538395 0.00203263 -0.000749736 0.0049959 -0.00611999 -0.00427258 0.00428309 0.00852542 0.00528841 0.00598922 -0.00538145 -0.00812993 0.000265322 -0.00405738 -0.00408516 -0.0123979 0.00211103 -0.00470671 -0.0158166 0.0267803 0.0301524
internal_weight=1423.81 330.803 322.423 1093 487.105 184.092 316.534 303.012 605.9 135.712 541.85 509.452 32.3985 164.646 138.366 64.0497 262.986 27.6361 36.4136 48.3799 53.5486 8.38006 5.88903
internal_count=4333 1005 976 3328 1475 553 956 922 1853 413 1664 1568 96 495 427 189 799 79 110 140 157 29 20
is_linear=0
shrinkage=0.03


Tree=66
num_leaves=28
num_cat=0
split_feature=1 0 27 22 0 27 10 27 7 7 13 7 30 27 26 2 27 12 27 18 8 26 34 6 22 27 27
split_gain=66.2301 21.5307 17.701 13.4107 10.4606 10.8708 13.4782 8.94846 12.6724 8.08993 8.02353 7.49301 7.09576 6.60988 6.05513 5.54393 12.5339 4.18025 4.09985 4.05978 3.76896 2.65086 2.60446 2.37237 1.3225 0.944987 0.818712
threshold=-0.45222748816013331 0.30329549312591558 0.026651846244931224 -0.11067499592900275 0.10615099966526033 0.019889384508132938 -13.689263820648192 0.025842599570751194 57.859636306762702 31.139095306396488 0.42311500012874609 24.139434814453129 -0.078329708427190767 0.018917583860456947 1.0008643269538882 2531.6887207031255 0.020645194686949257 0.56674748659133922 0.020645194686949257 0.76209700107574474 -0.55589300394058216 1.0015826225280764 0.6979392170906068 0.074180997908115401 5.6817860603332528 0.020611920394003395 0.027172715403139595
decision_type=2 2 2 2 2 2 2 2 2 2 2 2 2 2 2 2 2 2 2 2 2 2 2 2 2 2 2
left_child=2 4 15 7 5 11 -7 9 -9 -3 13 -2 -12 -5 25 16 20 24 -16 21 -1 22 -4 -19 -17 -6 -23
right_child=1 3 19 10 14 6 -8 8 -10 -11 12 -13 -14 -15 18 17 -18 23 -20 -21 -22 26 -24 -25 -26 -27 -28
leaf_value=-0.01837805251363514 0.0004728438374611489 0.0016483392748284625 0.0086456426745759769 -0.011890888814258592 -0.024573093478883548 -0.010188580501464758 0.0042985702202668896 0.01730681350336901 -0.0072258874954791563 -0.013561707275526474 0.020998831773681417 -0.023913232822596775 -0.0032395997448683212 0.014260269137382976 -0.0092194974614554729 -0.022137511317112259 0.041330268288547627 -0.0077226386622003774 0.029954926227067642 -0.021185573173339314 -0.00085666745275235045 0.031584791087576287 -0.0067440114143702675 -0.021519225995407766 -0.012008015138476297 -0.0088218108938055689 0.0078373111325983538
leaf_weight=26.302884489297863 18.271781295537949 141.00842961668968 24.925978660583496 8.258343577384947 25.581023439764977 69.943399488925934 317.29411152005196 62.107287794351578 26.235259801149368 39.765683799982071 13.084853768348692 26.551228359341621 52.722301200032234 263.56348395347595 5.5868576169013959 119.25576899945736 3.9833381772041312 52.313390731811523 3.3253953605890274 4.8470941781997672 20.803368046879772 3.9064785242080671 15.205883607268332 16.036083176732063 19.768705666065216 7.1066571325063697 4.360893189907074
leaf_count=112 51 392 68 29 105 257 940 145 79 125 32 112 158 620 22 540 9 198 8 21 74 9 47 71 79 24 12
internal_value=-9.92129e-05 0.00340979 -0.0122764 0.00715172 -0.00136702 3.08825e-06 0.0016489 0.00210866 0.00992032 -0.00167601 0.0111357 -0.0138783 0.00156615 0.0134123 -0.0156419 -0.0155223 -0.00631013 -0.017728 0.00525609 0.00330992 -0.0109195 0.00613869 0.0025818 -0.0112231 -0.0208098 -0.0216043 0.0212463
internal_weight=1392.12 1080.41 311.71 606.746 473.66 432.061 387.238 269.117 88.3425 180.774 337.629 44.823 65.8072 271.822 41.5999 258.464 51.0896 207.374 8.91225 53.2463 47.1063 48.3992 40.1319 68.3495 139.024 32.6877 8.26737
internal_count=4339 3099 1240 1580 1519 1360 1197 741 224 517 839 163 190 649 159 1083 195 888 30 157 186 136 115 269 619 129 21
is_linear=0
shrinkage=0.03


Tree=67
num_leaves=28
num_cat=0
split_feature=1 20 1 27 27 29 27 31 23 27 20 2 22 27 2 30 27 7 1 29 27 26 34 28 34 34 28
split_gain=61.6549 15.7137 14.8784 10.3453 7.3549 15.0203 13.7188 7.13733 7.09965 6.28306 7.03952 5.97667 4.99707 7.43117 4.99667 4.66985 3.48818 3.13506 2.99096 2.38688 6.94962 2.2073 2.59584 2.14013 2.00122 1.6906 0.0569125
threshold=-0.025349999777972695 -2.5905750989913936 0.64156350493431102 0.026736826635897163 0.025277750566601757 0.55950000882148754 0.020556859672069553 -0.01739463675767183 5.0384466648101816 0.020369840785861019 -4.9033493995666495 3460.3056640625005 -0.11067499592900275 0.0198379484936595 2966.522827148438 -0.01935379114001989 0.020446146838366989 27.480632781982425 0.61931049823760997 0.2465000003576279 0.019825693219900135 1.0001036524772646 0.68539175391197216 0.097945012152194991 0.60535719990730297 0.65757098793983471 -0.6178917884826659
decision_type=2 2 2 2 2 2 2 2 2 2 2 2 2 2 2 2 2 2 2 2 2 2 2 2 2 2 2
left_child=1 9 7 4 6 -6 -3 8 15 19 16 23 13 -9 -12 -2 -11 21 -14 26 -21 24 -23 -5 -4 -13 -1
right_child=2 3 17 11 5 -7 -8 12 -10 10 14 25 18 -15 -16 -17 -18 -19 -20 20 -22 22 -24 -25 -26 -27 -28
leaf_value=0.017174468819332031 -0.010250776149171009 0.0061156135805602039 0.0021432605988852115 -0.0063473498609090363 0.015026781801157742 -0.0082197092381241649 -0.006034351671067464 0.032601242806422182 0.041642482992557628 -0.0072098932751179599 -0.013609969056217754 -0.0044327695347700959 -0.010018358053471909 -0.0032672933555089705 0.0075308833757677463 0.020780467067991498 0.022903669298381543 -0.022045697078908622 0.00083598351741948366 -0.0025687832863600579 0.030261246070876179 0.0014668360245731207 -0.013121355915493561 0.0071960573693971314 -0.018659673719383683 -0.024134605302666531 0.031399809436516511
leaf_weight=5.7204821705818203 10.432983949780468 267.46654404699802 3.6621904224157324 25.478552058339119 119.05865028500557 30.745786875486374 120.53053906559944 4.7831849157810202 4.9317577928304663 3.1102275848388663 10.843444317579268 6.8139682561159161 195.56854262948036 233.20536568760872 76.9629265666008 6.6757986545562753 36.086329221725464 51.301504239439964 24.067762792110443 10.719884246587755 10.923642337322233 18.171836271882057 23.582969442009926 16.906321510672569 41.785960212349892 18.263318210840225 21.01739639043808
leaf_count=16 31 791 14 74 353 98 365 15 16 10 26 22 610 737 232 23 105 196 77 35 31 63 84 52 145 58 60
internal_value=-0.000150105 0.00544653 -0.00723098 0.0031304 0.00453127 0.0101843 0.00231518 -0.00469391 0.0116784 0.0133568 0.00966183 -0.00785591 -0.00551398 -0.00244182 0.00475595 0.00159266 0.0202267 -0.0159041 -0.00878886 0.0226742 0.0139035 -0.0120832 -0.0066173 -0.000714426 -0.0167824 -0.0193244 0.0290579
internal_weight=1398.82 780.648 618.17 605.264 537.802 149.804 387.997 479.665 22.0405 175.384 127.003 67.4622 457.625 237.989 87.8064 17.1088 39.1966 138.504 219.636 48.3814 21.6435 87.203 41.7548 42.3849 45.4482 25.0773 26.7379
internal_count=4339 2328 2011 1813 1607 451 1156 1509 70 515 373 206 1439 752 258 54 115 502 687 142 66 306 147 126 159 80 76
is_linear=0
shrinkage=0.03


Tree=68
num_leaves=30
num_cat=0
split_feature=9 30 27 1 27 6 7 25 16 27 27 8 27 27 18 12 13 25 33 25 4 27 25 33 32 6 27 8 28
split_gain=14.0925 9.02312 6.63912 14.2402 8.3797 7.20543 6.03859 7.24374 6.05468 5.93708 11.1815 11.9694 5.6741 5.06173 12.166 6.87793 4.74938 4.42222 6.56546 4.52473 4.17342 3.26125 3.30886 2.44009 2.42115 2.20149 1.45573 1.09106 0.409683
threshold=0.34812349081039434 -1.0000000180025095e-35 0.026385592296719555 0.64707750082016002 0.020538094453513626 0.045185999944806106 22.169844627380375 0.001182804524432868 -0.60785751044750203 0.02104188967496157 0.020586381666362289 -1.2510275244712827 0.020106017589569095 0.02728238329291344 0.7799539864063264 0.12794599682092669 0.21479249745607379 0.0019780686125159268 0.1186395399272442 0.0045515091624110946 -2950.669067382812 0.019159005954861644 0.00048595687258057302 0.43742653727531439 -0.0094234729185700399 0.066185001283884062 0.025571790523827079 4.2216238975524911 -0.45622704923152918
decision_type=2 2 2 2 2 2 2 2 2 2 2 2 2 2 2 2 2 2 2 2 2 2 2 2 2 2 2 2 2
left_child=6 17 3 5 -5 -3 9 21 20 10 12 -12 -1 15 -15 -4 -10 24 27 -20 -9 22 -8 -23 25 -2 -26 -19 -11
right_child=1 2 13 4 -6 -7 7 8 16 28 11 -13 -14 14 -16 -17 -18 18 19 -21 -22 23 -24 -25 26 -27 -28 -29 -30
leaf_value=0.0067304718992700187 -0.009584654201407956 0.016870896399560544 0.00050170900135077673 0.0063721831577775861 0.046794028869552855 0.0034269472148318173 -0.014263145888051054 0.00035644080788497579 0.0023001859453333985 -0.0071743390305185565 0.0026341235780428492 0.035600930361566328 -0.0057604183589124707 0.042403497140727331 -0.0057742508487108402 -0.016107875021229751 -0.0089171063645041033 -0.021670327126680069 0.0021625615990559454 0.033720960610134812 -0.014141061428420608 -0.016172322721709379 0.017623902284177456 -0.0054977653387755319 -0.019674071254339939 0.02078742462383356 -0.00032423498020068859 -0.0012332542651132331 -0.025685613957766952
leaf_weight=48.067402020096779 5.5904736816883069 38.408244580030441 58.952033087611198 8.9122291207313555 11.121190428733824 554.93093806505203 4.5167395025491697 24.331174686551094 165.19926105439663 3.7590922266244888 26.02511377632618 16.292034476995468 98.221721813082695 6.6702303290367153 12.79496857523918 34.744938090443611 42.231023892760277 10.938775449991224 36.197087839245796 4.2603467702865592 56.152737766504288 75.799837961792946 6.2092641294002533 30.630144119262695 27.094604641199112 2.7906666547060013 5.1225466430187216 4.2631266713142386 6.6239663362503034
leaf_count=143 17 126 181 25 40 1716 14 76 508 10 78 55 281 24 36 89 126 29 113 15 163 225 22 97 75 10 15 14 16
internal_value=0.000250261 0.00280999 0.00396131 0.00519754 0.029843 0.00432583 -0.00322091 -0.0053248 -0.00271546 0.00101933 0.00229969 0.015804 -0.00158593 -0.00265365 0.0109327 -0.00561476 0 -0.00576249 -8.67705e-05 0.00607663 -0.00967203 -0.011622 0.00335729 -0.0132245 -0.0132291 0.000115909 -0.0169245 -0.016734 -0.0204483
internal_weight=1426.85 822.792 726.535 613.373 20.0334 593.339 604.06 405.07 287.914 198.989 188.606 42.3171 146.289 113.162 19.4652 93.697 207.43 96.2576 55.6593 40.4574 80.4839 117.156 10.726 106.43 40.5983 8.38114 32.2172 15.2019 10.3831
internal_count=4339 2525 2237 1907 65 1842 1814 1231 873 583 557 133 424 330 60 270 634 288 171 128 239 358 36 322 117 27 90 43 26
is_linear=0
shrinkage=0.03


Tree=69
num_leaves=25
num_cat=0
split_feature=1 27 27 22 27 25 7 21 29 25 25 3 26 1 27 7 28 34 3 3 25 25 29 26
split_gain=69.2389 21.8348 12.1982 20.78 10.6248 11.2971 10.7082 9.4807 8.62402 7.12328 7.52805 7.10837 5.24816 4.8088 4.24429 4.15161 3.67749 5.41615 3.4249 3.09379 2.50857 1.08262 0.430851 0.0997026
threshold=-0.16258350014686582 0.026736826635897163 0.018883452750742439 4.0816555023193368 0.026651846244931224 0.00059596524806693207 58.051595687866218 0.30470000207424169 0.51250001788139354 0.002902676817029715 0.00053346456843428325 30.525362014770511 0.99946019053459179 -0.77506297826766957 0.025674450211226944 57.42767524719239 0.366566151380539 0.73069077730178844 65.956329345703139 51.716829299926765 0.0046672301832586536 0.0026513996999710803 0.24049999564886096 0.99923664331436168
decision_type=2 2 2 2 2 2 2 2 2 2 2 2 2 2 2 2 2 2 2 2 2 2 2 2
left_child=1 7 23 4 5 -4 -6 9 11 10 -1 -3 -13 -11 18 19 20 -18 -5 -9 -10 -16 -17 -2
right_child=2 8 3 14 6 -7 -8 15 16 13 -12 12 -14 -15 21 22 17 -19 -20 -21 -22 -23 -24 -25
leaf_value=0.0028934825376912749 -0.008687984046003995 0.033662302284953156 0.013815113515689344 0.010978852366355067 0.017256108345392838 0.00057686870409699264 -0.013263906855711686 -0.019952813607685443 -0.027964308723671758 0.030429864200523734 -0.012498415802950455 -0.0076767922048447462 0.012634976950286961 -0.00022815515460193695 0.037663892526242623 0.0086936277231912124 -0.01108882694042485 0.036250938959533414 0.023796658467721245 -0.00078711747028677485 -0.0031892932554048797 0.015779277849666484 -0.0036089444240455376 -0.02517327625192705
leaf_weight=32.354975536465645 3.0048167556524268 9.9261903762817365 64.392163679003716 96.68775238096714 75.687758803367615 566.36305637657642 11.25677117705345 140.72224448621273 9.2807265073061043 4.8193586915731421 190.91411525011063 16.113593280315399 34.161456912755966 30.185017764568329 10.282114923000337 4.3421857655048353 5.2880640029907209 2.8821102827787399 26.047064587473869 9.0921856313943845 7.5857641845941535 6.1269109249114981 3.8487590253353119 10.611370041966437
leaf_count=113 11 20 163 243 173 1650 37 611 33 12 727 50 92 109 19 12 18 6 55 35 26 13 11 44
internal_value=-0.000161287 -0.00904127 0.00494685 0.00540818 0.00332952 0.00195246 0.0131485 -0.0118777 0.00469454 -0.00824444 -0.0102262 0.0108956 0.00593614 0.00410841 0.0160151 -0.017715 -0.00978504 0.00570021 0.0138576 -0.018856 -0.0177525 0.030733 0.00200228 -0.0226095
internal_weight=1371.98 501.517 870.46 856.844 717.7 630.755 86.9445 416.279 85.2379 258.273 223.269 60.2012 50.2751 35.0044 139.144 158.005 25.0367 8.17017 122.735 149.814 16.8665 16.409 8.19094 13.6162
internal_count=4283 1875 2408 2353 2023 1813 210 1630 245 961 840 162 142 121 330 669 83 24 298 646 59 32 23 55
is_linear=0
shrinkage=0.03


Tree=70
num_leaves=29
num_cat=0
split_feature=1 1 27 27 6 23 27 3 27 27 10 28 25 4 27 27 9 12 26 33 9 25 28 34 26 26 34 25
split_gain=65.9818 17.0595 14.2259 8.72958 8.43556 7.01646 10.3387 7.00712 8.24434 8.04798 6.57287 6.54165 5.2167 4.71028 5.2037 5.05795 4.07429 3.05245 4.31237 2.57048 2.44087 1.93574 1.66033 3.48867 1.07907 0.555767 0.546975 0.335512
threshold=-0.15377149730920789 0.64156350493431102 0.026736826635897163 0.020410035736858848 0.038402499631047256 1.9714540243148806 0.020528296940028671 47.632505416870124 0.0198379484936595 0.01991822570562363 -6.7698559761047354 -0.32600572705268854 0.0032240703003481035 -971.15264892578114 0.0231270045042038 0.025772347114980224 0.44116349518299108 -1.2921384572982786 0.99993252754211437 0.2093145623803139 0.34642449021339422 0.0010155904456041755 0.66134408116340648 0.67272269725799572 0.99838441610336315 1.0021987557411196 0.60357081890106212 0.0061466584447771319
decision_type=2 2 2 2 2 2 2 2 2 2 2 2 2 2 2 2 2 2 2 2 2 2 2 2 2 2 2 2
left_child=2 3 4 7 21 6 -6 9 -9 -2 17 19 -13 14 -5 -15 -7 18 -4 -12 22 -1 26 -24 -19 -22 -3 -27
right_child=1 20 10 13 5 16 -8 8 -10 -11 11 12 -14 15 -16 -17 -18 24 -20 -21 25 -23 23 -25 -26 27 -28 -29
leaf_value=-0.023866849689254937 0.043066252090195843 -0.0049382002902025558 -0.016696207496135523 -0.01477452628116678 0.019062221055535025 0.0064188564904081643 0.008193847250745635 0.0024813056623220913 -0.012248007007713651 0.0042320836497417415 0.035689420280934754 -0.013571402946104941 0.013409456450899948 -0.00021583648331673766 -0.0054525482458529185 -0.019448706560274451 -0.0051423331557918575 -0.0022007477149762989 0.010408488836990719 0.0081997231185682376 -0.023371600418148522 0 0.016350285148394247 -0.013872700244625872 -0.022671758041321256 -0.014448297064554888 -0.015277652400058189 0
leaf_weight=7.6872236430644971 4.6389040052890769 8.4869231134653074 10.210059702396395 99.353797793388367 115.37256944179535 124.34194567799568 269.52266557514668 75.248170122504234 60.861712723970413 100.13418643176556 5.4609300792217246 18.909020960330967 8.9372577965259534 117.45685343444347 129.06877130270004 13.387038648128508 33.895036548376083 3.8827708065509823 9.640203729271887 9.6198639869689924 39.731274545192719 4.7286575436592102 4.9491682052612296 8.5163445174694044 19.640452444553375 4.4779504686594001 66.816614583134651 2.4124548584222794
leaf_count=21 14 32 30 322 332 369 817 234 180 308 16 48 25 374 410 35 103 13 33 28 154 17 15 30 64 17 231 11
internal_value=-5.93251e-05 -0.00619749 0.00696017 -0.0040002 0.00872502 0.00929817 0.0114955 0.000383628 -0.00405977 0.00623337 -0.00428194 0.0038654 -0.00451061 -0.00696095 -0.00956993 -0.00231868 0.00387731 -0.0125027 -0.00315835 0.0195576 -0.0158207 -0.0150398 -0.0125217 -0.0019323 -0.0197836 -0.0217115 -0.0142714 -0.00998756
internal_weight=1377.39 735.54 641.849 600.149 555.548 543.132 384.895 240.883 136.11 104.773 86.3006 42.9271 27.8463 359.266 228.423 130.844 158.237 43.3735 19.8503 15.0808 135.391 12.4159 88.7691 13.4655 23.5232 46.6217 75.3035 6.89041
internal_count=4283 2367 1916 1877 1659 1621 1149 736 414 322 257 117 73 1141 732 409 472 140 63 44 490 38 308 45 77 182 263 28
is_linear=0
shrinkage=0.03


Tree=71
num_leaves=22
num_cat=0
split_feature=1 9 25 7 33 9 27 9 18 9 33 33 2 6 27 27 27 25 25 27 27
split_gain=14.2018 9.84382 6.73107 8.89551 7.25164 6.48573 14.0223 6.40316 6.10709 4.4834 4.06421 3.62676 3.61023 3.45751 0.591669 0.45756 2.28782 0.465988 1.10328 0.297183 0.691476
threshold=-0.77992299199104298 0.40329450368881231 0.000934370851609856 16.236536979675297 0.18427035957574847 0.4086225032806397 0.01971840858459473 0.44116349518299108 0.57603701949119579 0.40105749666690832 0.46388489007949835 0.20001138001680377 2873.4123535156255 0.04484550096094609 0.019572530873119835 0.025179612450301651 0.025674450211226944 0.0036165039055049424 0.0020046916324645285 0.019815457053482536 0.019676237367093567
decision_type=2 2 2 2 2 2 2 2 2 2 2 2 2 2 2 2 2 2 2 2 2
left_child=15 2 3 -2 9 6 14 11 -6 -4 -9 -7 -8 -5 -3 19 -17 18 -18 20 -1
right_child=1 5 4 13 8 7 12 10 -10 -11 -12 -13 -14 -15 -16 16 17 -19 -20 -21 -22
leaf_value=-0.018593012320265938 0.03565579468922974 -0.026199668270026896 -0.0025734000518052207 -0.0016998571128239285 0.0047699701202402051 0.0049757240225702624 0.0064263673936702653 0.010121890884330319 -0.0026912530811211339 -0.022686786247289526 1.6881328322928611e-05 -0.0041740541100098024 0.027856862954813707 -0.010237499838015255 -0.0069600970391978031 0.0053540026756731607 -0.018124922484124364 -0.023543911824213913 0.00063850823840754087 -0.023437654976950967 0
leaf_weight=2.8068301081657436 3.9673094153404227 4.0382041931152326 284.74023073911667 73.28272919356823 345.61176918447018 59.334614470601082 11.23880749940872 125.41100050508976 136.08730767667294 10.008198946714399 52.571697697043419 109.81923349201679 29.995311439037323 113.05616220831871 5.441816508769989 4.4261927455663708 5.1798561364412326 7.6347153186798087 3.8257352709770203 16.189372882246971 2.4871163219213486
leaf_count=12 14 12 844 213 1075 186 35 394 392 23 159 333 101 332 15 16 17 28 13 58 11
internal_value=0.000221721 0.00076297 -0.000864043 -0.00591525 0.000365427 0.00473523 0.0147554 0.00322634 0.00264279 -0.0033241 0.00719595 -0.000906304 0.0223784 -0.00694155 -0.0169594 -0.0167347 -0.0118857 -0.0170188 -0.00959277 -0.0207018 -0.00948126
internal_weight=1407.15 1364.6 966.754 190.306 776.448 397.851 50.7141 347.137 481.699 294.748 177.983 169.154 41.2341 186.339 9.48002 42.5498 21.0665 16.6403 9.00559 21.4833 5.29395
internal_count=4283 4128 2893 559 2334 1235 163 1072 1467 867 553 519 136 545 27 155 74 58 30 81 23
is_linear=0
shrinkage=0.03


Tree=72
num_leaves=23
num_cat=0
split_feature=1 27 27 3 27 13 3 27 25 31 3 27 12 25 12 1 0 27 27 3 33 26
split_gain=58.0045 15.9533 15.096 15.7333 19.9634 9.85586 9.545 16.1405 8.18023 7.40629 5.73435 6.8267 4.53658 4.46242 3.76883 4.01639 2.41441 2.20467 3.37937 1.98629 0.587127 0.107522
threshold=-0.28113849461078638 0.026672904379665855 0.018917583860456947 47.632505416870124 0.020166013389825824 0.034321000799536712 65.956329345703139 0.0198379484936595 0.00053346456843428325 0.052884431555867202 44.680541992187507 0.018900832161307338 1.8379580378532412 0.00058377970708534132 -1.7290925383567808 -0.50438550114631642 -1.8333045244216917 0.027620895765721801 0.026909084990620617 36.975145339965827 0.16357098519802096 1.0002183914184573
decision_type=2 2 2 2 2 2 2 2 2 2 2 2 2 2 2 2 2 2 2 2 2 2
left_child=1 8 -2 4 13 -6 7 -5 10 12 19 -12 -10 -4 17 21 -17 18 -3 -1 -8 -16
right_child=2 14 3 6 5 -7 20 -9 9 -11 11 -13 -14 -15 15 16 -18 -19 -20 -21 -22 -23
leaf_value=0.0057013332030773833 -0.026100696445088611 0.0057858911298298886 0.0041993736163278197 -0.0030158798106035469 0.007258251781469837 -0.00097763385696216626 0.014430568225418916 0.011508331904793398 -0.014931077802702829 0.019557866615807728 -0.014233833924565651 0.026215696178778468 0.0027900812302112383 -0.021186846293043547 -0.019664303325282691 0.017703375486328922 0.002843128727246058 0.0065504143130503453 -0.022258153661399945 -0.022234933332921952 0.030462851289583173 -0.0030972531345747111
leaf_weight=2.4072621464729327 14.125642597675322 5.001226648688319 6.5228262841701499 90.529956042766571 253.29259158670902 266.16947528719902 6.7694745659828213 273.60633404552937 291.65616412460804 5.3369863629341117 4.6690491437912014 12.039045527577398 12.568346753716467 39.805117815732956 2.9912881404161444 23.665470123291016 19.766702577471733 6.8281947672367087 10.596317887306212 6.9570136070251465 18.731013983488083 2.3482597172260284
leaf_count=8 59 16 21 272 676 810 15 693 1216 17 17 35 40 145 13 56 58 18 39 32 36 9
internal_value=7.19282e-05 -0.00942198 0.00406772 0.00453659 0.00132077 0.00302404 0.00917551 0.00787352 -0.0121608 -0.013525 0.00364715 0.014304 -0.0141661 -0.0174137 0.00335862 0.00809705 0.0112544 -0.00650585 -0.0128066 -0.014216 0.0269123 -0.0148086
internal_weight=1376.38 406.831 969.552 955.427 565.79 519.462 389.637 364.136 335.634 309.561 26.0724 16.7081 304.225 46.3279 71.1975 48.7717 43.4322 22.4257 15.5975 9.36428 25.5005 5.33955
internal_count=4301 1574 2727 2668 1652 1486 1016 965 1365 1273 92 52 1256 166 209 136 114 73 55 40 51 22
is_linear=0
shrinkage=0.03


Tree=73
num_leaves=29
num_cat=0
split_feature=1 1 27 0 27 21 29 18 1 27 21 2 29 23 7 2 2 23 27 27 29 9 28 28 32 29 30 25
split_gain=64.3946 16.7423 12.9298 8.96179 8.53994 6.12622 6.08376 8.85235 5.21437 8.05494 8.46751 6.80509 7.44549 4.81962 4.77995 4.76377 4.29631 4.15337 3.90569 2.99617 3.32489 2.19133 1.87556 1.54615 1.30887 1.0652 0.756941 0.7356
threshold=-0.15377149730920789 0.64156350493431102 0.026736826635897163 -2.5905750989913936 0.020421429537236694 0.023399999365210537 0.16550000011920932 0.54205048084259044 -0.69541749358177174 0.020333440974354747 0.38279999792575842 3064.6264648437505 0.29749999940395361 -3.0434554815292354 25.388464927673343 3574.6159667968755 3775.824340820313 6.7223155498504648 0.024219088256359104 0.027326895855367187 0.50650000572204601 0.34812349081039434 -0.35555624961853022 0.66865766048431408 -0.015069640707224606 0.079500000923872008 0.33029904961586004 0.0013656324590556326
decision_type=2 2 2 2 2 2 2 2 2 2 2 2 2 2 2 2 2 2 2 2 2 2 2 2 2 2 2 2
left_child=2 4 8 19 6 21 7 -2 9 17 -11 18 -13 -8 23 -7 22 -1 -10 -4 -21 -6 -5 25 -16 -3 -26 -25
right_child=1 14 3 16 5 15 13 -9 11 10 -12 12 -14 -15 24 -17 -18 -19 -20 20 -22 -23 -24 27 26 -27 -28 -29
leaf_value=0.025912651247342294 0.019367106394577716 0.0019591161096083345 0.035309089006676043 0.0033583401889222594 -0.021440277950921016 -0.0031045501986403964 0.024978623301151748 -0.0018808138557928676 0.00312556692034449 -0.017941240710287697 0.011543523106763862 0.015036631813356516 0.0048420274940553232 -0.003667389087677463 0 -0.011928365361496465 -0.024341255171922312 0.010218288131898704 -0.019628724034718277 -0.0069490694233051258 0.022328937706422098 -0.007983295924144148 -0.0088660665638758962 0.010439519123029477 -0.022912944486721102 -0.012453285616673852 -0.0032526820751060987 -0.0065118724960094611
leaf_weight=44.962682574987411 31.346371158957481 3.7340871542692176 4.2782691717147854 14.664242610335348 32.85201533138752 224.99088409543037 4.8917429596185675 37.882604509592056 173.03922666609287 11.360729217529295 32.131654888391495 128.95758655667305 136.83018125593662 173.4387286901474 1.9931826144456852 74.857110261917114 13.67800013720989 27.825663328170776 6.4870379269123069 7.0036687552928907 5.6682054102420807 21.444848641753197 36.49525198340416 4.2673356533050528 63.815524563193321 56.123180255293846 3.1062869876623145 3.4865517616271973
leaf_count=131 98 12 12 45 101 710 17 110 514 26 96 373 424 530 7 239 48 81 20 19 15 78 108 16 253 196 11 11
internal_value=-0.000238524 -0.00628916 0.00668962 -0.00436133 -0.00410964 -0.007095 0.000130448 0.0076809 0.00831748 0.0140467 0.00352079 0.00678719 0.00984109 -0.00276364 -0.0157791 -0.00535357 -0.00952265 0.0201464 0.00220113 0.0145731 0.00581436 -0.016411 -0.00518928 -0.00974937 -0.0214523 -0.0113963 -0.0221648 0.00179416
internal_weight=1381.61 738.23 643.382 81.7876 601.704 354.145 247.559 69.229 561.595 116.281 43.4924 445.314 265.788 178.33 136.526 299.848 64.8375 72.7883 179.526 16.9501 12.6719 54.2969 51.1595 67.6112 68.915 59.8573 66.9218 7.75389
internal_count=4301 2389 1912 247 1883 1128 755 208 1665 334 122 1331 797 547 506 949 201 212 534 46 34 179 153 235 271 208 264 27
is_linear=0
shrinkage=0.03


Tree=74
num_leaves=23
num_cat=0
split_feature=25 7 2 2 29 16 29 9 9 25 0 10 27 8 26 8 3 3 8 25 3 29
split_gain=10.4434 11.8188 7.1622 6.80859 6.16461 6.88916 6.71083 6.09384 5.55192 10.1733 5.99416 4.4351 5.54497 3.68638 5.24472 3.44622 2.90291 7.17786 3.8274 2.70071 1.94919 1.62055
threshold=0.0010718263802118602 15.23994827270508 3535.3725585937505 3621.7995605468755 0.39249999821186071 -0.87837952375411976 1.528500020503998 0.44116349518299108 0.45433600246906286 0.0033910003257915382 -0.11218750104308127 -11.735925674438475 0.026715072803199295 -5.2978971004486075 1.0001710653305056 0.5378520041704179 42.641874313354499 44.954353332519538 0.24390248954296115 0.0013318670098669829 41.089397430419929 1.2839999794960024
decision_type=2 2 2 2 2 2 2 2 2 2 2 2 2 2 2 2 2 2 2 2 2 2
left_child=1 -1 8 19 5 -5 -6 16 11 10 -10 15 -13 -9 -15 -2 18 -18 -3 -4 -21 -11
right_child=2 7 3 4 6 -7 -8 13 9 21 -12 12 -14 14 -16 -17 17 -19 -20 20 -22 -23
leaf_value=0.035488220671660499 0.015383828532030155 -0.015087622951380414 0 0.020498654002187689 0.011074920810709319 -0.0036258867044768302 -0.0071329059713792966 -0.015004991398014578 0.0063043297218396775 -0.0020979682073490828 0.029349330060508605 -0.0005123633850999973 -0.0094811513385927842 0.0030801148889428092 0.032450607147259898 0.001907804411570095 0.0036403453497528496 -0.0083901490390719188 0.0008585873961022162 0.01375864912730212 0.031739016143224254 -0.02120759793555799
leaf_weight=5.9890983402729026 23.426369816064835 62.600205346941948 5.4007806777954093 11.30754543840885 114.88445134460926 104.96499656140804 20.649221986532211 5.7371477931737891 24.744367718696594 13.884914904832842 18.915824741125107 567.56594403088093 69.589111045002937 26.229793012142181 6.7851581871509543 67.580284580588341 61.788467228412628 150.65790849924088 15.850206851959227 17.796792268753055 11.672634989023207 6.0581213831901541
leaf_count=21 75 190 16 37 360 307 62 19 77 41 64 1721 202 83 24 206 194 436 54 57 40 15
internal_value=0.000156676 -0.00445366 0.00160127 0.0056605 0.00387487 -0.00112497 0.00821869 -0.00525923 0.000117525 0.00859129 0.0167117 -0.000615675 -0.0015127 0.00573601 0.00977888 0.00554018 -0.00676219 -0.00484857 -0.0117668 0.0180635 0.0215916 -0.00871989
internal_weight=1414.08 335.638 1078.44 286.676 251.806 116.273 135.534 329.649 791.765 63.6032 43.6602 728.162 637.155 38.7521 33.015 91.0067 290.897 212.446 78.4504 34.8702 29.4694 19.943
internal_count=4301 1021 3280 879 766 344 422 1000 2401 197 141 2204 1923 126 107 281 874 630 244 113 97 56
is_linear=0
shrinkage=0.03


Tree=75
num_leaves=28
num_cat=0
split_feature=0 27 1 25 22 27 0 27 7 7 27 2 27 31 13 29 22 33 12 26 29 28 0 25 27 28 25
split_gain=68.7387 19.0433 19.7631 7.34184 8.70155 9.53476 9.51595 17.6292 6.72963 9.37273 8.51386 5.78387 13.9138 5.46108 5.08871 5.79445 5.03523 5.00133 4.59465 4.47615 4.4002 3.51125 2.98709 2.2928 2.24586 1.3935 0.0232212
threshold=0.30329549312591558 0.026672904379665855 -0.45222748816013331 0.00071639756788499664 4.0816555023193368 0.018900832161307338 1.1460400223731997 0.020166013389825824 26.099056243896488 57.42767524719239 0.02104188967496157 2531.6887207031255 0.020645194686949257 0.013806493487209083 0.49586300551891332 0.39249999821186071 -2.4313384294509883 0.29076088964939123 1.8379580378532412 1.0021987557411196 0.64049997925758373 0.60954764485359203 0.48740349709987646 0.0018092372920364144 0.020497629418969158 -0.25183296203613276 0.0026294977869838481
decision_type=2 2 2 2 2 2 2 2 2 2 2 2 2 2 2 2 2 2 2 2 2 2 2 2 2 2 2
left_child=1 2 11 21 6 26 13 -8 10 -10 -4 12 -1 -5 15 16 -3 25 -13 -17 -7 22 -2 -19 -24 -16 -6
right_child=3 14 8 4 5 20 7 -9 9 -11 -12 18 -14 -15 17 19 -18 23 -20 -21 -22 -23 24 -25 -26 -27 -28
leaf_value=-0.0111938509263952 0.034687531931329257 0.014770495832663277 -0.0034388618899451016 -0.0052522161423262355 -0.023706497253613488 0.016955929845191862 -0.024421246185401813 0.0082865134262796892 -0.011236016476503232 0.010155221691965402 0.013212584597274424 -0.018740159478954174 0.040906487551880318 0.014982501650333388 0.0073220499810140579 -0.012900777089204571 -0.0060440815180324127 -0.01673983256052625 0.00099067513671760891 0.015001708841324074 0.00052227329807963006 -0.0025768337953325526 0.019656707052035035 0.0095653842698677667 0.0055087472267126803 0.032151562669331397 -0.0071027449664835471
leaf_weight=45.225287243723869 9.275242477655409 31.072515815496445 196.19134955108166 119.08178383111954 4.5647214353084555 101.50491273403168 15.082616642117499 272.56483899056911 163.38123206794262 19.938481777906418 31.560319766402245 187.314248919487 4.5903932601213446 12.684637874364851 4.1066908538341513 29.745395824313164 14.571355789899824 3.7736066579818717 10.292424499988554 5.5306387245655051 18.494407773017883 7.1536944210529319 33.77610445022583 9.0622870922088605 17.933078050613403 11.659672945737841 2.5768266171216965
leaf_count=181 17 81 620 348 18 232 51 703 608 52 89 846 10 32 10 102 51 11 33 15 48 19 75 23 44 24 9
internal_value=-0.000715826 -0.00670391 -0.00863468 0.0067506 0.00555752 0.0124458 0.00343565 0.00650087 -0.00456205 -0.00883918 -0.0010681 -0.0153419 -0.00585527 -0.00318698 0.0048094 0.000817122 0.00793711 0.0155868 -0.0176671 -0.00812609 0.0145105 0.0160793 0.0184173 0.000819404 0.0150222 0.0266613 -0.01975
internal_weight=1382.71 768.016 658.494 614.693 546.555 127.141 419.414 287.647 411.071 183.32 227.752 247.422 49.8157 131.766 109.522 80.9199 45.6439 28.6023 197.607 35.276 119.999 68.1381 60.9844 12.8359 51.7092 15.7664 7.14155
internal_count=4352 2756 2439 1596 1441 307 1134 754 1369 660 709 1070 191 380 317 249 132 68 879 117 280 155 136 34 119 34 27
is_linear=0
shrinkage=0.03


Tree=76
num_leaves=27
num_cat=0
split_feature=0 0 0 27 26 13 25 4 18 6 25 27 25 33 27 6 27 33 32 31 0 27 27 27 27 26
split_gain=61.1771 13.133 10.313 9.39192 6.95951 5.80683 9.24353 5.76729 5.38084 4.33016 4.96547 3.6888 3.57939 3.54396 4.33645 3.89711 3.52559 3.00972 2.32149 1.71893 1.45024 0.699249 4.04415 4.91869 2.13905 0.13419
threshold=-0.14918699860572812 -4.5034699440002433 2.2321540117263798 0.026781643740832809 1.0020047426223757 -0.50479000806808461 0.0012008753838017585 -4708.7429199218741 0.033986000344157226 0.051688499748706825 0.0018659143825061621 0.020962457172572616 0.0036681464407593016 0.083941992372274413 0.020333440974354747 0.04243499971926213 0.027326895855367187 0.10884156078100206 -0.0075263658072799436 0.032051356509327895 2.7174900770187382 0.025571790523827079 0.022941910661756996 0.024588667787611488 0.021432847715914253 1.0003614425659182
decision_type=2 2 2 2 2 2 2 2 2 2 2 2 2 2 2 2 2 2 2 2 2 2 2 2 2 2
left_child=1 21 5 4 8 6 -2 -5 -3 10 25 -8 -12 15 -15 -7 -9 -6 19 -11 -20 22 24 -24 -1 -4
right_child=2 3 9 7 17 13 11 16 -10 18 12 -13 -14 14 -16 -17 -18 -19 20 -21 -22 -23 23 -25 -26 -27
leaf_value=0.016375219957521562 0.026075454258290089 -0.0071627249846430256 -0.021481313191823649 -0.02389262552684699 0.0064128161360155929 -0.016075940631303888 0.0013691207460054 0.0051120972259172245 0.0078376799961815975 0.0080406084543899435 0.012630091129908014 -0.024127944589728927 -0.011331510599855533 -0.0022496101156796351 -0.0088162289781486929 0.0042379733946357225 -0.0084959748271576652 -0.011053505559039264 -0.0099164090039244729 -0.019169265511851403 -0.020515108625296805 0.031227605347121268 -0.029157039095784293 0.014629009829115868 0.033982776268150459 -0.006973193495402691
leaf_weight=25.196341425180435 13.390759855508803 21.414480283856392 9.8852203935384733 11.349064618349074 11.852139040827749 9.4895843863487226 31.809670299291611 36.566700220108032 539.05577917397022 5.4699853807687742 14.84585362672806 5.4745484590530387 8.077064320445059 145.89893265068531 259.75358402729034 54.540757372975349 31.015093132853508 27.781673431396484 20.125771835446358 2.66389399766922 71.361295163631439 7.7288794517517081 2.8790513277053815 6.7622482478618622 11.784329950809477 3.5131574869155875
leaf_count=75 40 68 32 41 37 28 102 107 1599 19 51 12 26 463 842 178 90 90 74 10 271 22 10 20 33 12
internal_value=0.000294457 0.00625309 -0.00635004 0.00509044 0.00637608 -0.00439436 0.00512536 -0.00454947 0.00724263 -0.0137264 -0.00443885 -0.00240624 0.00374114 -0.00544496 -0.00648228 0.000986657 -0.00101735 -0.00559129 -0.0169837 -0.00042243 -0.018348 0.0204358 0.0181435 0 0.0226047 -0.0187124
internal_weight=1389.69 733.386 656.3 679.035 600.104 520.358 50.675 78.9309 560.47 135.942 36.3213 37.2842 22.9229 469.683 405.653 64.0303 67.5818 39.6338 99.6209 8.13388 91.4871 54.3509 46.622 9.6413 36.9807 13.3984
internal_count=4352 2192 2160 2032 1794 1665 154 238 1667 495 121 114 77 1511 1305 206 197 127 374 29 345 160 138 30 108 44
is_linear=0
shrinkage=0.03


Tree=77
num_leaves=20
num_cat=0
split_feature=9 28 0 13 13 27 33 25 33 28 17 0 33 25 28 26 29 28 29
split_gain=10.6364 6.24773 5.84422 5.90593 10.782 8.325 4.41314 4.96891 3.3773 4.6285 2.83229 2.39017 3.39642 1.80609 1.61165 2.47073 1.81623 1.52392 1.38616
threshold=0.4796034991741181 -0.97794488072395314 -4.1545875072479239 -0.0059585000853985539 0.18762549757957461 0.0198379484936595 0.62995329499244701 0.0031002456089481716 0.18122479319572452 0.23768374323844912 -0.5617450177669524 0.10615099966526033 0.4152201265096665 0.0059670784976333388 0.20559728890657428 1.0021987557411196 0.67050001025199901 0.68235754966735851 0.3445000052452088
decision_type=2 2 2 2 2 2 2 2 2 2 2 2 2 2 2 2 2 2 2
left_child=1 -1 14 5 -5 -4 8 18 9 10 -2 12 -10 -11 16 -16 -3 -13 -8
right_child=6 2 3 4 -6 -7 7 -9 11 13 -12 17 -14 -15 15 -17 -18 -19 -20
leaf_value=0.033173404198814246 -0.021914544498323144 -0.018981274289610033 0.0069003701703937723 0.004639214246288657 -0.0023872856514957613 -0.0043445434168418199 0.0001255966054561354 -0.018819977689497416 0.019764482945299349 0.0090798425618645543 0.0027687636326820956 0.030417933710413188 0 0.035258875085265075 0.0033574072148074888 -0.019331401182980785 -0.0032403208351037718 0.0022774785906103461 0.026699287461902109
leaf_weight=4.4920594394206992 5.9519098103046444 22.614332735538483 68.496421009302139 447.61600130796432 347.87773437798023 401.96838642656803 4.8417152166366604 8.963380038738249 19.000751465559009 12.256786823272703 10.234062343835832 15.414494395256044 12.927540034055708 3.35854348540306 14.670237928628923 5.3649655878543845 11.688464567065237 2.8339845240116111 3.1344718039035797
leaf_count=16 14 82 215 1380 1036 1199 16 23 63 38 31 52 39 12 55 18 44 8 11
internal_value=0.000401478 -0.000302038 -0.000435261 -1.28007e-05 0.00155558 -0.00268266 0.00986821 -0.00357761 0.0127606 0.00461922 -0.00615311 0.0176463 0.0118594 0.0161882 -0.0100237 -0.00260262 -0.0139999 0.0267051 0.0125892
internal_weight=1423.71 1324.79 1320.3 1265.96 795.494 470.465 98.9176 16.9396 81.9781 31.8013 16.186 50.1768 31.9283 15.6153 54.338 20.0352 34.3028 18.2485 7.97619
internal_count=4352 4045 4029 3830 2416 1414 307 50 257 95 45 162 102 50 199 73 126 60 27
is_linear=0
shrinkage=0.03


Tree=78
num_leaves=30
num_cat=0
split_feature=1 0 27 9 16 29 27 29 22 27 25 4 0 25 13 29 34 2 6 7 28 28 28 1 33 13 33 33 34
split_gain=60.0892 17.7497 12.6495 11.4243 9.19976 8.6719 7.90761 7.52424 7.03283 10.0048 8.55345 8.08 5.65574 5.26102 9.36487 5.94135 5.32953 5.02341 5.30552 4.81594 4.8129 4.7371 4.46987 5.36819 2.8273 2.24536 1.95614 1.01764 0.0722977
threshold=-0.45222748816013331 0.30329549312591558 0.026651846244931224 0.40329450368881231 1.0000000180025095e-35 0.42249999940395361 0.026885607279837135 0.67649999260902416 4.0816555023193368 0.018900832161307338 0.00062437599990516912 -5667.8798828124991 -0.083535503596067415 0.0025693222414702181 -0.24212800711393354 0.31749999523162847 0.70097157359123241 2966.522827148438 0.060597999021410949 25.576539993286136 1.0000000180025095e-35 -0.45042221248149866 0.49901650846004492 -0.50438550114631642 0.26956777274608618 -1.0000000180025095e-35 0.35819098353385931 1.4874336719512942 0.70541006326675426
decision_type=2 2 2 2 2 2 2 2 2 2 2 2 2 2 2 2 2 2 2 2 2 2 2 2 2 2 2 2 2
left_child=2 3 13 4 12 -6 7 -5 10 28 21 -12 -2 17 16 -16 -15 18 -1 -11 -8 -3 23 26 -24 -25 -4 -19 -10
right_child=1 8 22 6 5 -7 20 -9 9 19 11 -13 -14 14 15 -17 -18 27 -20 -21 -22 -23 24 25 -26 -27 -28 -29 -30
leaf_value=-0.020603897582445543 -0.010720619222153172 -0.011985229032009328 -0.025293080756922381 -0.013533172326990868 0.010761108197623832 -0.0044413263388222903 0.028538455819276144 0.0054404370073435791 -0.023681072180577082 0.0047955151221076636 0.0242582086554263 0.0028737461988025399 0.0010201925094897319 -0.0019207365687595591 0.016735416024189664 -0.015872342881056239 0.034105358751115443 -0.024635615403384208 -0.0062205865035996205 0.018693179182045778 -0.0080362548709173951 0.019920418453976137 0.0025693359450348831 -0.012911794670066984 0.03374351619111321 0.0097443364293085376 -0.00046614365164120137 0 -0.0063723582031013186
leaf_weight=45.01930695772171 55.35922047495842 3.9242592751979819 9.295512109994883 106.75326566398144 131.91945745050907 44.049285098910332 7.6380827277898771 21.774484306573868 4.7649477422237387 32.776253461837769 16.223714828491211 406.86363783478737 105.36802668869495 7.4009687900543195 4.8714713752269736 53.90741802752018 6.0330686867237091 67.992172136902809 53.05904021859169 91.43191534280777 4.5643775165081024 44.649412095546722 6.4757575392723066 4.1297958493232718 5.0280358344316483 19.948689699172981 5.1314476430416098 2.0534760355949393 2.4853122234344482
leaf_count=213 200 11 36 429 363 135 18 70 19 82 36 1104 313 27 18 244 16 322 201 204 15 98 19 16 11 50 17 9 9
internal_value=0.000218473 0.00348147 -0.0118792 -0.000823269 0.00215685 0.00690276 -0.00799931 -0.0102404 0.00690185 0.0130751 0.00515018 0.00374267 -0.00298857 -0.0147343 -0.00766084 -0.0128997 0.0142555 -0.0176874 -0.012985 0.0151319 0.0143712 0.0170635 0.00167404 -0.00307403 0.0177826 0.00530871 -0.0173769 -0.0240055 -0.019703
internal_weight=1370.89 1080.55 290.346 477.426 336.696 175.969 140.73 128.528 603.119 131.458 471.661 423.087 160.727 240.337 72.2129 58.7789 13.434 168.124 98.0783 124.208 12.2025 48.5737 50.0092 38.5054 11.5038 24.0785 14.427 70.0456 7.25026
internal_count=4305 3106 1199 1543 1011 498 532 499 1563 314 1249 1140 513 1050 305 262 43 745 414 286 33 109 149 119 30 66 53 331 28
is_linear=0
shrinkage=0.03


Tree=79
num_leaves=29
num_cat=0
split_feature=1 1 29 0 13 26 33 0 27 34 26 26 0 27 9 18 29 7 32 29 3 26 29 27 34 34 27 27
split_gain=63.7014 20.1311 6.78365 7.71203 6.658 6.4616 6.09551 5.90971 13.6134 5.08667 5.01268 4.68127 3.87232 3.76386 3.27938 3.22854 3.13639 2.95614 4.92769 2.81276 2.36169 2.19649 3.80255 2.5232 1.56203 3.99638 1.06811 0.035628
threshold=-0.45222748816013331 0.64156350493431102 0.27349999547004705 -3.8562813997268672 -0.11044700071215628 0.99904856085777294 1.0688377022743227 -0.48284600675106043 0.019825693219900135 0.63650822639465343 0.99970358610153209 1.0013273954391482 -1.1697199940681455 0.02728238329291344 0.42229700088500982 0.59389400482177745 1.1654999852180483 25.388464927673343 -0.015069640707224606 0.64750000834465038 45.826007843017585 0.99980649352073681 0.092500001192092909 0.01928155962377787 0.67224836349487316 0.65917336940765392 0.025051615200936798 0.025205727666616443
decision_type=2 2 2 2 2 2 2 2 2 2 2 2 2 2 2 2 2 2 2 2 2 2 2 2 2 2 2 2
left_child=2 4 12 16 6 15 9 8 -6 -2 -7 -9 13 20 -8 -5 19 24 -19 -4 -1 23 -23 -14 25 -3 -26 -18
right_child=1 17 3 5 7 10 14 11 -10 -11 -12 -13 21 -15 -16 -17 27 18 -20 -21 -22 22 -24 -25 26 -27 -28 -29
leaf_value=0.019553772724287134 -0.010586040511674317 -0.01059530887354888 0.015826154398831178 0.018823017178706481 0.032184613998504703 -0.015615920791389374 0.040727033764466063 -0.0048494614916891584 -0.0017204388971145371 0.0037345055561555829 0.0011087965737584299 -0.01438100648663451 -0.021736591652736788 -0.0098280826164103951 2.566611101902836e-05 0.0036530566921405975 0.014518678629901326 0.019511857438010906 -0.021776434575329146 -0.00051222658049357244 0.01111461958129561 0.023305057203112184 -0.00043430680811264215 0.0040600792720331376 -0.016588640666872715 0.016629451919128461 -0.0014942507351228668 0.032085528725239877
leaf_weight=97.073980778455734 26.440144777297974 20.927975773811344 29.540808171033859 24.285612761974335 10.76172551512718 19.251581460237503 5.141077905893324 417.55419661104679 197.92080217599869 126.3695333302021 83.89201346039772 53.405351832509041 4.6304970681667319 4.2802707850933066 3.2647325396537781 30.110352173447609 3.7110754847526541 2.111075982451438 62.954196661710739 12.289879888296126 56.365924954414368 10.167509973049166 12.39889359474182 8.7289188206195814 33.222228899598122 5.6167206466197959 6.4804123342037192 9.4580461680889112
leaf_count=278 81 73 85 71 32 61 15 1326 586 386 254 174 13 11 10 90 11 7 254 37 164 30 39 28 120 19 23 27
internal_value=-0.000346704 -0.00452161 0.00961672 0.00582063 -0.00279788 0.00235698 0.0026432 -0.00410277 5.7765e-05 0.00117152 -0.00198628 -0.0059635 0.0137111 0.0157565 0.0268186 0.0106995 0.015469 -0.0154387 -0.020161 0.010864 0.0165583 0.00439127 0.0101448 -0.00469352 -0.0105496 -0.00430097 -0.014398 0.0285057
internal_weight=1378.36 972.17 406.185 212.539 840.858 157.54 161.215 679.642 208.683 152.81 103.144 470.96 193.646 157.72 8.40581 54.396 54.9998 131.313 65.0653 41.8307 153.44 35.9258 22.5664 13.3594 66.2473 26.5447 39.7026 13.1691
internal_count=4305 3106 1199 636 2610 476 492 2118 618 467 315 1500 563 453 25 161 160 496 261 122 442 110 69 41 235 92 143 38
is_linear=0
shrinkage=0.03


Tree=80
num_leaves=27
num_cat=0
split_feature=9 17 10 6 28 26 6 27 27 8 34 9 21 26 28 27 27 34 27 18 17 27 9 27 0 30
split_gain=8.26282 7.54318 6.53566 6.12094 8.62566 8.12166 6.98063 10.9392 6.22201 5.4105 4.82567 5.58829 5.03375 4.77218 4.43332 4.23117 3.93261 3.59502 3.50549 3.33895 3.30394 2.38492 2.16996 1.4872 0.670103 0.369891
threshold=0.3621129989624024 0.81174498796463024 -18.277259826660153 0.046361999586224563 -0.71390080451965321 1.0020047426223757 0.061425499618053443 0.020216431468725208 0.020510667935013775 1.4112939834594729 0.55140990018844616 0.4796034991741181 0.16405000537633899 0.99954897165298473 -0.57526049017906178 0.026181073859333995 0.026133027859032158 0.73700797557830822 0.019380469806492332 0.61002299189567577 1.0000000180025095e-35 0.026541286148130897 0.31797999143600469 0.026385592296719555 1.8121165037155154 0.047012042254209525
decision_type=2 2 2 2 2 2 2 2 2 2 2 2 2 2 2 2 2 2 2 2 2 2 2 2 2 2
left_child=3 2 21 4 9 8 13 25 -6 22 12 -12 -4 20 24 -9 18 -15 -16 -7 -5 23 -1 -2 -3 -8
right_child=1 14 10 6 5 19 7 15 -10 -11 11 -13 -14 17 16 -17 -18 -19 -20 -21 -22 -23 -24 -25 -26 -27
leaf_value=0.015633215860841185 0.02086546084550631 -0.011658895063012913 0.0075516056257128421 0.010225546064273908 -0.0061306045019984511 0.044294127824414879 0.04280167610899311 -0.0057714379636712347 0.0041496530486396727 -0.0008296888003278362 0.00050832508980497922 0.009192978488146571 -0.017851108370332207 -0.013172461487662362 -0.00025201771982702979 0.0024338319089766596 -0.0041824514899396446 0.007012756386210379 0.023046792285586874 0.0019729905587535248 -0.0058827031299553377 0.039725938591819429 0.044157704090269943 -0.0032131088338016749 0.0017810440689768553 0.015436395315565878
leaf_weight=7.207475960254671 4.1884473562240583 5.2024825513362867 9.1355243623256701 15.277521982789038 115.20462918281555 4.5420108735561362 4.1367726773023596 129.74997299909592 96.46162174642086 6.6935124993324271 572.36101692914963 75.456669479608536 22.779389470815659 124.18222963809967 5.9764173328876486 97.743655130267143 6.4265693128108969 7.5804018080234519 36.69147652387619 3.2901813089847565 40.229196667671204 4.5445514023303986 6.2758503556251526 3.2567925751209259 5.6259673237800598 2.8830695450305939
leaf_count=24 14 15 29 50 343 17 15 381 286 19 1746 235 63 365 19 311 18 25 117 9 129 16 23 10 17 9
internal_value=0.000119865 0.00227721 0.00137358 -0.0023179 0.00148041 -0.000223514 -0.00449677 -0.000999675 -0.00140448 0.0200094 0.000963889 0.00154009 -0.0102977 -0.00881385 0.0124616 -0.00220893 0.0163031 -0.011921 0.0196098 0.0287811 -0.00123671 0.0229111 0.0306578 0.00966058 -0.00411124 0.0345332
internal_weight=1413.1 751.645 691.722 661.458 239.675 219.498 421.783 234.513 211.666 20.1768 679.733 647.818 31.9149 187.269 59.9229 227.494 49.0945 131.763 42.6679 7.83219 55.5067 11.9898 13.4833 7.44524 10.8284 7.01984
internal_count=4305 2299 2113 2006 721 655 1285 716 629 66 2073 1981 92 569 186 692 154 390 136 26 179 40 47 24 32 24
is_linear=0
shrinkage=0.03


Tree=81
num_leaves=31
num_cat=0
split_feature=1 27 27 7 7 27 9 27 27 23 27 25 0 12 31 4 2 1 27 28 26 34 27 30 27 25 26 1 7 26
split_gain=48.3128 19.6912 10.3874 16.7904 11.153 10.4116 10.0266 12.4899 13.2842 9.6339 10.1031 8.76575 8.44567 8.35058 7.4705 6.08573 4.63646 5.7697 5.27684 4.30595 4.25107 4.83157 4.12005 3.13393 2.38653 1.8855 1.69426 1.51203 0.780994 0.199601
threshold=-0.15377149730920789 0.026672904379665855 0.025842599570751194 48.380487442016609 28.366590499877933 0.027514189481735233 0.33482100069522863 0.0203108498826623 0.020867367275059227 8.4984245300292987 0.0198379484936595 0.0010405936045572164 1.1460400223731997 0.12794599682092669 0.057264402508735664 -21.200443267822262 3437.2875976562505 -0.50438550114631642 0.027514189481735233 0.68235754966735851 1.0009298324584963 0.66324740648269664 0.027147546410560611 0.060065878555178649 0.02775436453521252 0.0032933859620243315 1.0011073946952822 0.64707750082016002 25.442680358886722 1.0003760457038882
decision_type=2 2 2 2 2 2 2 2 2 2 2 2 2 2 2 2 2 2 2 2 2 2 2 2 2 2 2 2 2 2
left_child=1 6 4 20 9 11 7 28 -9 10 -2 -5 19 -14 15 -8 18 29 25 -6 27 -22 -19 -11 -20 -3 -7 -4 -1 -18
right_child=2 16 3 5 12 26 14 8 -10 23 -12 -13 13 -15 -16 -17 17 22 24 -21 21 -23 -24 -25 -26 -27 -28 -29 -30 -31
leaf_value=-0.0064086533115886614 -0.0077045466730672283 -0.0057250486813419819 0.036278475743174242 0.017501792997545951 -0.02317367822661362 0.034076965758981427 -0.018154465329551173 0.011355315461429949 -0.010242412528139797 0.017832690255772041 0.0047257155520744757 -0.0028054677208250198 0.0089540809919317326 -0.010224290340618227 0.025154344270170974 -0.0086721333914215829 -0.020470379708537736 0.017183451349779236 0.025020266937437464 0.011891865534710678 0.028855815197751565 -0.00068896543483282289 -0.0077250017306067448 -0.004144997247714278 0.0020439168996356201 -0.024698734858839617 0.00759088496557591 0.020721712462071766 -0.023998457236097153 -0.0024043951864078502
leaf_weight=4.6873508542776134 67.022615686058998 20.282093137502674 21.762545421719551 23.651083827018738 27.158836051821712 10.852738618850706 153.09543226659298 55.668786123394966 46.457859247922897 55.746527910232544 438.55598872900009 90.157151892781258 39.538688138127327 41.076837658882141 3.8095650821924201 111.80408476293087 3.775826007127761 42.60421359539032 5.2350193113088634 2.891090288758277 7.7235940694808987 11.149083882570265 6.107596516609191 5.607921451330184 18.175594002008438 6.8447154760360709 4.3112609088420859 16.62083101272583 21.903436794877052 2.2618766576051712
leaf_count=15 204 70 42 54 114 20 705 163 171 126 1216 256 108 126 11 446 17 100 13 9 16 30 20 15 50 26 10 36 102 9
internal_value=0.000175055 -0.00720817 0.0044839 0.0107666 0.00273724 0.00463992 -0.0102682 -0.00327386 0.00144068 0.00444692 0.00305412 0.00139405 -0.00592104 -0.000709901 -0.0135729 -0.0142101 0.00425144 0.0102891 -0.00214981 -0.019366 0.0242519 0.0113703 0.0138307 0.0156611 0.00797399 -0.0111987 0.027604 0.0301266 -0.0214055 -0.0157805
internal_weight=1366.54 502.713 863.827 186.228 677.599 128.972 397.427 128.717 102.127 566.933 505.579 113.808 110.665 80.6155 268.709 264.9 105.287 54.7495 50.5374 30.0499 57.2561 18.8727 48.7118 61.3544 23.4106 27.1268 15.164 38.3834 26.5908 6.0377
internal_count=4300 1918 2382 464 1918 340 1613 451 334 1561 1420 310 357 234 1162 1151 305 146 159 123 124 46 120 141 63 96 30 78 117 26
is_linear=0
shrinkage=0.03


Tree=82
num_leaves=26
num_cat=0
split_feature=0 0 27 3 27 27 16 2 13 27 13 27 27 6 27 29 27 0 29 0 27 27 0 34 29
split_gain=42.4336 16.7331 8.73168 14.6698 14.6211 10.4176 9.7732 8.65549 6.87582 7.42178 6.22188 5.00747 4.28558 4.96382 4.22003 6.24351 4.14665 4.12535 3.18245 3.14813 5.7037 2.57786 6.73105 2.48228 1.08174
threshold=0.30329549312591558 -2.5905750989913936 0.020528296940028671 43.387788772583015 0.022884115576744083 0.026736826635897163 1.0000000180025095e-35 3678.960327148438 -0.89248251914978016 0.020900700241327289 0.14538549631834033 0.018900832161307338 0.020321485586464409 0.060955001041293151 0.025240996852517131 0.39550000429153448 0.026133027859032158 1.2829099893569949 0.37049999833107 -2.7149544954299922 0.019647951237857345 0.025842599570751194 1.4623594880104067 0.59913754463195812 0.82850000262260448
decision_type=2 2 2 2 2 2 2 2 2 2 2 2 2 2 2 2 2 2 2 2 2 2 2 2 2
left_child=1 12 3 6 10 -6 -3 8 9 18 -4 -5 19 16 17 -16 -14 -10 -2 -1 -21 22 -9 -15 -24
right_child=7 2 4 11 5 -7 -8 21 14 -11 -12 -13 13 23 15 -17 -18 -19 -20 20 -22 -23 24 -25 -26
leaf_value=0.026111346174775309 0.023209416966858215 0.010459220876348166 -0.015775218041229111 0.012881987400214812 0.0058180874066150797 -0.0076811428519720512 0.036926846359176195 0.020368581308232193 -0.0054888708161618949 -0.019947556819541898 -0.0028843557350467014 -7.5491356418303223e-05 0.0029591712483619595 0.025682530747101584 0.0020604206759021293 -0.011548127990558503 -0.026815701583442576 -0.013461599094398995 -0.00050667127457509605 0.02242546746739299 -0.017669950169391664 -0.024475623067556705 -0.019975756291220954 0.010000750024067718 -0.0027459249207221182
leaf_weight=28.088224589824677 15.726109862327581 58.009842067956924 70.06477752327919 29.874661654233932 205.83763293921947 67.641924440860748 16.505358964204788 4.4746679365634909 121.85711260139942 5.9939794540405265 68.893663465976715 219.53108607232571 20.526382774114612 11.040862023830412 83.370285525918007 46.42970484495163 4.682112604379653 124.49155177175999 6.3312143683433524 7.5733811259269697 4.6181320250034332 31.73112615942955 22.493363499641422 90.101397842168808 5.5068246126174918
leaf_count=83 49 171 213 93 615 215 48 17 386 14 229 653 53 32 270 159 16 445 19 22 16 116 78 266 22
internal_value=-0.000518195 0.00327528 0.00131551 0.0050046 -0.00156258 0.00243844 0.0166489 -0.00784611 -0.00617181 0.00790151 -0.0094819 0.00146325 0.011852 0.00894547 -0.00725432 -0.00276395 -0.00263498 -0.00957343 0.0161428 0.0205271 0.00643046 -0.0181182 -0.0113564 0.0119191 -0.0170106
internal_weight=1371.4 902.989 736.359 323.921 412.438 273.48 74.5152 468.406 404.2 28.0513 138.958 249.406 166.63 126.351 376.149 129.8 25.2085 246.349 22.0573 40.2797 12.1915 64.206 32.4749 101.142 28.0002
internal_count=4300 2725 2237 965 1272 830 219 1575 1342 82 442 746 488 367 1260 429 69 831 68 121 38 233 117 298 100
is_linear=0
shrinkage=0.03


Tree=83
num_leaves=23
num_cat=0
split_feature=1 9 32 10 13 25 34 26 28 30 26 0 25 25 34 28 28 26 34 28 16 28
split_gain=8.17678 5.86169 5.134 4.80856 5.73513 3.92992 4.15584 5.42928 2.73302 1.72422 2.11452 1.65196 3.72873 2.84926 1.16628 0.790536 1.90012 0.699987 1.42464 3.03851 0.31651 0.312448
threshold=-0.77992299199104298 0.48862600326538091 0.029993365518748764 16.126057624816898 -0.0059585000853985539 0.0035836908500641589 0.65978986024856578 1.0031750798225405 -0.52390956878662098 0.031472754664719112 0.99821254611015331 0.10615099966526033 0.0017639719881117346 0.0013656324590556326 0.59377920627594005 -0.52390956878662098 -0.65211305022239674 1.0001917481422427 0.69904839992523204 0.45965947210788732 0.60785751044750225 0.73238420486450206
decision_type=2 2 2 2 2 2 2 2 2 2 2 2 2 2 2 2 2 2 2 2 2 2
left_child=15 2 3 4 -2 11 14 -8 -5 10 -4 12 -3 -13 -7 16 20 -17 19 -19 -1 -20
right_child=1 5 9 8 -6 6 7 -9 -10 -11 -12 13 -14 -15 -16 17 -18 18 21 -21 -22 -23
leaf_value=-0.020161986512431434 -0.0025273068593056921 0.027526025571350535 -0.0217354658768278 -0.0040677481430548791 0.0017406693028127536 -0.020980387083587071 0.00013732510093695581 0.034598343841801785 0.018638157646793399 -0.024301568996959347 0 0 0.0027082090006412423 0.027133854793561691 -0.0023180203849245957 -0.021230809278710731 0.012725671837076857 0.021938252061105435 -0.022469325121037134 -0.014058824438769654 -0.0029797864892234906 -0.0032849973798608841
leaf_weight=3.3115601092576981 440.36912859976292 6.8948954641818991 5.1521361172199311 5.2718268334865597 791.02629874646664 6.4338354766368848 18.467820793390278 5.0042834579944602 19.444971263408661 8.2486169040203077 12.338135778903959 4.7354721426963833 25.393467873334885 14.559026628732679 7.8118158578872681 13.71277202665806 3.1147089749574643 2.8868422061204937 5.6007445454597455 5.0887484550476074 3.5676665157079697 2.48141048848629
leaf_count=12 1323 24 13 15 2407 16 53 17 62 22 37 15 76 48 22 50 13 12 20 19 15 9
internal_value=0.000327757 0.000725012 0.000198657 0.000479729 0.000206652 0.0081371 0.000505062 0.00842829 0.0134537 -0.012923 -0.00653023 0.0134865 0.00862126 0.0207501 -0.0117826 -0.0129857 -0.00409473 -0.0155561 -0.00967181 0 -0.0132764 -0.0181625
internal_weight=1410.92 1371.15 1281.85 1256.11 1231.4 89.3006 37.7178 23.4721 24.7168 25.7389 17.4903 51.5829 32.2884 19.2945 14.2457 39.7645 9.99394 29.7705 16.0577 7.97559 6.87923 8.08216
internal_count=4300 4150 3879 3807 3730 271 108 70 77 72 50 163 100 63 38 150 40 110 60 31 27 29
is_linear=0
shrinkage=0.03


Tree=84
num_leaves=27
num_cat=0
split_feature=0 0 27 7 7 27 13 33 15 27 2 7 27 8 26 33 26 25 33 33 1 13 34 34 26 2
split_gain=52.7446 15.8246 10.6606 8.20965 10.9868 7.41574 6.74475 7.17382 8.82566 11.9604 6.71132 6.65032 6.41658 6.30992 5.96733 5.63061 5.36818 5.15487 5.05089 4.57351 3.77792 3.30468 3.07838 3.04432 1.65235 1.5473
threshold=0.30329549312591558 -2.5905750989913936 0.026781643740832809 57.42767524719239 25.546238899230961 0.027111343108117584 0.37764449417591101 0.40639390051364904 -1.0000000180025095e-35 0.020839642733335498 3437.2875976562505 52.273168563842781 0.027514189481735233 6.1046984195709237 1.0039733648300173 0.28794820606708532 1.0003614425659182 0.00095749943284317862 0.18677093833684924 0.12393474578857423 0.328626498579979 -0.096115000545978532 0.74207592010498058 0.67887625098228466 1.0000355839729311 2531.6887207031255
decision_type=2 2 2 2 2 2 2 2 2 2 2 2 2 2 2 2 2 2 2 2 2 2 2 2 2 2
left_child=1 12 3 4 -3 10 7 8 18 -10 -4 -7 22 14 17 -5 20 -8 -2 -15 -9 -18 25 -21 -14 -1
right_child=6 2 5 15 -6 11 13 16 9 -11 -12 -13 24 19 -16 -17 21 -19 -20 23 -22 -23 -24 -25 -26 -27
leaf_value=-0.0064521468312581948 0.015803986611413731 -0.0017965830365637234 -0.0063516268641401761 0.02337017253577019 -0.010264569153537816 0.016988383473950194 0.013246484373332319 0.027896836042499932 -0.0074133748438869173 0.0073750479869872827 0.02275255766712677 -0.013106769868911022 -0.0096993178625108378 -0.0088587439460646698 0.032142945464200122 -0.00467371846818713 0.012740177021831892 -0.01007289960301232 0.0043885681634432431 0 0.013199220327050074 -0.0014085025119559814 0.0047824721926473497 0.035013369838479351 0.014798273313792071 -0.021564934900420579
leaf_weight=9.0551284551620466 74.706825107336044 269.13741111755371 8.574607387185095 14.139622718095781 289.47794553637505 8.8630431145429629 9.0774880647659284 21.281420677900314 90.306257098913193 106.75542679429054 29.042542040348053 21.179659187793732 3.007056921720503 4.2855292558670035 3.123715251684188 10.454976290464399 25.10332065820694 64.299064949154854 71.214285880327225 3.612579792737959 93.189803510904312 32.890723913908005 3.8768343776464453 7.946055680513382 6.3823979496955872 82.291119799017906
leaf_count=32 173 860 29 33 1137 23 22 43 263 271 63 71 10 13 7 30 61 208 179 10 223 89 14 16 16 415
internal_value=-0.000598355 -0.00589541 -0.00412907 -0.00544619 -0.0062061 0.00704876 0.00597049 0.00730994 0.00474587 0.000550882 0.015886 -0.00380082 -0.0167275 -0.00140822 -0.0050827 0.0112347 0.0123286 -0.00699608 0.0103284 0.0153953 0.0161194 0.00461859 -0.0190769 0.0251287 0.00594892 -0.0202081
internal_weight=1363.27 755.482 650.87 583.21 558.615 67.6599 607.792 515.448 342.983 197.062 37.6171 30.0427 104.613 92.3444 76.5003 24.5946 172.465 73.3766 145.921 15.8442 114.471 57.994 95.2231 11.5586 9.38945 91.3462
internal_count=4311 2733 2246 2060 1997 186 1578 1302 886 534 92 94 487 276 237 63 416 230 352 39 266 150 461 26 26 447
is_linear=0
shrinkage=0.03


Tree=85
num_leaves=31
num_cat=0
split_feature=20 1 27 3 1 21 3 27 16 27 26 9 15 27 31 25 9 7 29 34 28 32 29 29 34 27 27 29 34 30
split_gain=47.254 15.5272 10.6622 13.3508 8.29018 7.65916 6.93614 9.74811 9.30361 6.85182 6.53506 4.94038 6.23903 7.4844 4.91129 4.81145 4.79184 4.36941 3.60155 3.59096 3.59049 3.50078 3.12256 2.71315 1.84171 2.55845 1.6987 1.28306 0.922941 0.0742922
threshold=0.37716600298881536 -0.45222748816013331 0.020528296940028671 43.387788772583015 0.64156350493431102 0.023399999365210537 44.70622634887696 0.026574396528303627 0.60785751044750225 0.025801359675824646 1.0015074014663699 0.41801948845386511 -1.0000000180025095e-35 0.025772347114980224 -1.0000000180025095e-35 0.001714533369522542 0.28846749663352972 25.388464927673343 0.37049999833107 0.58303722739219677 0.73887479305267345 -0.0056532500311732284 0.68549999594688427 1.1459999680519106 0.63365203142166149 0.020567856729030613 0.019380469806492332 0.70750001072883617 0.6974034607410432 0.33315764367580419
decision_type=2 2 2 2 2 2 2 2 2 2 2 2 2 2 2 2 2 2 2 2 2 2 2 2 2 2 2 2 2 2
left_child=1 6 3 10 11 20 7 18 -9 14 -3 12 19 -14 -8 -5 -7 24 -1 -2 -4 -19 28 -24 25 -6 -26 -11 -13 -23
right_child=4 2 5 15 17 16 9 8 -10 27 -12 22 13 -15 -16 -17 -18 21 -20 -21 -22 29 23 -25 26 -27 -28 -29 -30 -31
leaf_value=0.017950337966150792 0.0076054599000347266 0.029079551077506496 -0.016170798540842139 0.0064482947447792012 0.0095343986149408842 0.017049083760217874 0.019151487673592052 0.0072892372300198656 -0.021068103759393678 -0.030574973871895044 -0.015422708205051452 -0.025136033887074121 0.0052907465503693688 -0.0094181586792803588 0.0026972345909356912 -0.0029361561701522431 -0.0017048889008036013 0.0090421188721427313 0.0091984954635608122 -0.010074574244825579 0.014420873503642483 -0.021806457081079589 0.012128593903720574 -0.020820794294463853 0.0051612854256670813 -0.016166419429361062 -0.01287009300091092 -0.0021343470194739008 -0.0091124688915011059 -0.0051528782587449322
leaf_weight=126.62997031211853 10.424377739429472 26.688128232955936 44.155805170536041 129.5177538394928 9.9828949421644193 12.382431298494337 18.892167717218399 44.83759181201458 12.990857183933256 5.3224251270294172 2.7441416978836051 17.726904660463337 99.193392902612686 44.656561031937599 120.11236116290092 77.165194734930992 239.14941421151161 2.897100403904914 74.576429903507233 112.99737742543221 3.0503094196319571 58.663898289203644 5.5371252596378309 3.0841705352067947 4.2309349477291098 4.6773922741413108 44.081722617149353 2.9583005011081696 7.4070677012205115 2.0433475226163855
leaf_count=373 33 78 149 386 35 37 54 124 45 18 8 56 312 145 357 235 747 10 222 364 10 250 22 11 17 17 154 8 26 8
internal_value=0.000516916 0.00427988 0.000900485 0.00567141 -0.00773982 -0.00284343 0.0086996 0.0116665 0.000638619 0.0033989 0.0244414 -0.0049707 -0.00354478 0.000645382 0.00505868 0.00290253 -0.000713965 -0.0142091 0.014782 -0.00848401 -0.013875 -0.0198511 -0.0157818 0 -0.00825714 0.000478105 -0.0110699 -0.0221396 -0.0210348 -0.0214396
internal_weight=1368.78 941.173 534.853 236.115 427.604 298.738 406.32 259.035 57.8284 147.285 29.4323 301.027 267.272 143.85 139.005 206.683 251.532 126.577 201.206 123.422 47.2061 63.6043 33.7553 8.6213 62.9729 14.6603 48.3127 8.28073 25.134 60.7072
internal_count=4311 2851 1650 707 1460 943 1201 764 169 437 86 969 854 457 411 621 784 491 595 397 159 268 115 33 223 52 171 26 82 258
is_linear=0
shrinkage=0.03


Tree=86
num_leaves=30
num_cat=0
split_feature=25 9 13 33 32 18 27 13 25 4 3 33 16 33 28 3 27 12 33 33 10 33 16 26 26 33 33 34 25
split_gain=8.53511 7.92905 6.33038 5.33323 5.17512 5.92355 5.77106 4.82832 6.03679 4.55893 4.18846 4.0351 6.4185 6.24129 3.96977 3.96857 3.99563 3.25649 3.19752 4.35154 2.99456 2.87257 2.86008 2.14338 2.62128 1.85373 1.55286 0.495362 0.206862
threshold=0.0010405936045572164 0.44116349518299108 0.09686200320720674 0.10884156078100206 -1.0000000180025095e-35 0.47407850623130804 0.026694961823523048 0.18762549757957461 0.0004151807952439413 -5667.8798828124991 41.605363845825202 0.082074869424104704 1.0000000180025095e-35 0.045307796448469169 -0.51755088567733754 42.230503082275398 0.02051569148898125 -1.8773315548896787 0.35226067900657659 0.55974262952804577 16.126057624816898 0.070535782724618926 0.60785751044750225 1.0001036524772646 0.99976375699043285 0.40639390051364904 0.55553725361824047 0.65978986024856578 0.000701462762663141
decision_type=2 2 2 2 2 2 2 2 2 2 2 2 2 2 2 2 2 2 2 2 2 2 2 2 2 2 2 2 2
left_child=1 2 15 11 5 20 9 8 -4 -6 -8 12 13 -2 -7 25 -17 -13 23 28 -5 -14 -19 24 -3 -1 -9 -21 -20
right_child=3 18 7 4 6 14 10 26 -10 -11 -12 17 21 -15 -16 16 -18 22 19 27 -22 -23 -24 -25 -26 -27 -28 -29 -30
leaf_value=-0.022288861876044889 -0.00087463970739213106 0.010371595720938294 -0.013921953107011961 0 -0.0055828566088315205 0.012530105935044653 0.00073365403841368394 -0.0044869204189410573 0.010358189025524121 0.0049038310198367026 -0.011342487119852682 0.010627865510471599 -0.0088784228176647505 0.015261014185872918 -0.016613265522882628 -0.0094642866340272948 0.0040326312658807532 -0.01788097313747878 0.044796983375747772 -0.0043340753625351058 0.027592184084421104 0.0066287960507131942 -0.0019418994606872986 0.016352046077730206 -0.015340571149867187 -0.0071260268421121202 -0.019674587833179692 0.010413188178209083 0.018444529840867703
leaf_weight=28.435021832585335 57.590843856334686 5.0789560973644283 10.735982388257979 49.00360095500946 38.480811074376106 4.0524276643991461 85.418080776929855 46.379385769367218 46.580839395523071 624.58276596665382 35.818420216441154 5.3734092861413947 70.829502701759338 33.074283942580223 34.557594075798988 100.34370550513268 23.201557978987694 31.107569843530655 3.8065046966075879 3.7786873281002045 3.3453967571258536 11.603588134050367 17.100705564022064 5.4136463701724997 8.5106162130832654 13.228795155882834 7.2984095364809027 2.9625455737113953 3.2280055731534958
leaf_count=90 174 17 29 151 113 13 252 136 148 1956 103 18 204 110 90 297 72 83 14 12 11 37 51 18 26 44 21 10 11
internal_value=7.02982e-05 -0.00432527 -0.00600326 0.00131238 0.00237992 -0.00433558 0.00317249 -0.000372477 0.00557356 0.00427793 -0.00279215 -0.00276619 -0.00047519 0.00496428 -0.0132032 -0.00971941 -0.006851 -0.00992815 0.00942117 0.0201875 0.0020975 -0.00656024 -0.0124897 0.000837549 -0.00506512 -0.0178295 -0.00688058 0.00117549 0.0359253
internal_weight=1410.92 308.983 276.204 1101.94 875.259 90.959 784.3 110.995 57.3168 663.064 121.237 226.68 173.098 90.6651 38.61 165.209 123.545 53.5817 32.779 13.7757 52.349 82.4331 48.2083 19.0032 13.5896 41.6638 53.6778 6.74123 7.03451
internal_count=4311 945 837 3366 2689 265 2424 334 177 2069 355 677 525 284 103 503 369 152 108 47 162 241 134 61 43 134 157 22 25
is_linear=0
shrinkage=0.03


Tree=87
num_leaves=29
num_cat=0
split_feature=1 0 0 10 23 7 3 26 12 3 4 33 34 12 33 2 22 28 33 28 1 28 26 26 33 26 26 26
split_gain=56.7902 14.7382 8.74329 8.19471 8.54699 5.93231 5.91911 5.53698 4.55729 6.14625 5.87014 6.43768 5.49778 3.94883 3.87374 3.63334 2.97799 3.30095 2.77702 2.98535 2.7351 2.12095 1.85119 1.65189 1.43112 1.22593 0.719425 0.411014
threshold=-0.45222748816013331 0.30329549312591558 0.10615099966526033 -13.37386894226074 -1.2846549749374387 57.859636306762702 32.353176116943366 1.0008643269538882 -1.9395619630813596 55.181695938110359 -5751.7548828124991 0.21760097891092303 0.70347753167152416 -1.688320994377136 0.34379796683788305 3361.220825195313 -2.0358949899673457 0.49901650846004492 0.66886833310127269 0.31281299889087683 -0.50076301395893086 0.39275577664375311 1.0012074112892153 0.99969163537025463 0.75830069184303295 1.0010607838630678 0.99987271428108226 0.99903252720832836
decision_type=2 2 2 2 2 2 2 2 2 2 2 2 2 2 2 2 2 2 2 2 2 2 2 2 2 2 2 2
left_child=8 2 3 15 -5 6 24 27 12 10 11 -10 25 -8 -9 -2 17 -14 19 -11 -12 23 -23 -7 -3 26 -1 -4
right_child=1 5 7 4 -6 21 13 14 9 18 20 -13 16 -15 -16 -17 -18 -19 -20 -21 -22 22 -24 -25 -26 -27 -28 -29
leaf_value=-0.0088880444507842549 -0.016261092103985544 -0.019984472757272269 -0.0072881935583619323 0.0062674306876779442 -0.0036220338725245224 -0.0057536230036909115 0.00071240914104915576 -0.012712361543838823 -0.018694566810128595 0.0094245436125871811 -0.018881133282717424 0.022860543690116548 -0.01227359131646907 0.0086112503805628442 0.02496847374655314 -0.0028579799046431469 0.025976799706762123 0.017938628727318912 -0.021613469968941187 -0.012110531345564389 -0.010693422767345464 0.013819521609486749 -0.011986139817059765 -0.027150852019493812 0.0025465765415485495 0.0013284284723416825 -0.023409401128850128 -0.021453210150271979
leaf_weight=13.313095837831503 27.954533293843269 8.2332433611154539 4.9302822202444103 231.42283095419407 117.38454079627991 12.800216734409338 67.018175110220909 4.029137969017027 5.3765141963958722 19.406113684177406 131.20009565353394 7.1013287603855133 6.943303510546686 512.08352419734001 4.5390041470527649 57.492664068937302 6.1473766565322867 5.2496345192193985 4.3318742811679831 7.4521218836307517 63.45781321823597 6.1992750465869886 3.2416773438453674 5.0291225016117087 2.4996545165777198 4.0834921449422827 6.7975275516510001 26.210254326462746
leaf_count=52 116 33 19 656 408 39 190 16 20 68 642 16 27 1281 13 200 17 15 18 31 254 15 11 17 8 13 29 107
internal_value=0.000491985 0.0035958 -0.000365092 0.000853665 0.00291313 0.00665034 0.00729111 -0.0137621 -0.0115185 -0.0131384 -0.0150054 0.00423118 -0.00218549 0.00771407 0.00653278 -0.00741669 0.00979082 0.000219373 -0.000414387 0.00300829 -0.0162923 -0.00676667 0.00389626 -0.0128562 -0.0140561 -0.011643 -0.0146819 -0.0196456
internal_weight=1371.93 1091.07 473.963 434.255 348.807 617.105 589.835 39.7087 280.86 238.326 207.136 12.4778 42.5344 579.102 8.56814 85.4472 18.3403 12.1929 31.1901 26.8582 194.658 27.2703 9.44095 17.8293 10.7329 24.1941 20.1106 31.1405
internal_count=4331 3129 1535 1380 1064 1594 1512 155 1202 1049 932 36 153 1471 29 316 59 42 117 99 896 82 26 56 41 94 81 126
is_linear=0
shrinkage=0.03


Tree=88
num_leaves=31
num_cat=0
split_feature=1 1 1 29 28 21 23 13 33 13 23 13 33 25 29 29 0 22 33 25 29 25 16 34 32 34 34 28 30 34
split_gain=50.5507 17.1382 10.1985 6.19669 4.61344 4.50354 4.46674 4.29227 3.71492 3.69916 3.38491 3.09719 6.23063 3.80073 2.95803 4.13459 2.77656 2.59917 2.54461 4.43117 3.70333 2.45537 2.36243 3.30475 2.11522 2.1715 1.55966 1.45673 1.02988 0.325318
threshold=-0.15377149730920789 0.64156350493431102 -0.69541749358177174 0.30949999392032629 -0.73499733209609974 1.0000000180025095e-35 -3.5157245397567745 0.68629449605941784 0.19556418806314471 -0.0025395000702701505 7.8704805374145517 0.13332200050354007 0.7373483180999757 0.00040257575165014719 0.43549999594688421 0.37749999761581426 -1.8972054719924925 -2.769135475158691 0.047178583219647414 0.0022767916088923816 0.1865000054240227 0.0014885542914271357 -0.60785751044750203 0.60357081890106212 -0.0075263658072799436 0.68539175391197216 0.69033643603324901 0.66865766048431408 0.37479034066200262 0.60755327343940746
decision_type=2 2 2 2 2 2 2 2 2 2 2 2 2 2 2 2 2 2 2 2 2 2 2 2 2 2 2 2 2 2
left_child=2 6 8 5 16 9 18 -6 14 -4 -7 12 -8 -13 15 -1 -5 29 19 -2 -20 -19 23 -3 25 -24 -16 -25 -26 -10
right_child=1 22 3 4 7 10 11 -9 17 -11 -12 13 -14 -15 26 -17 -18 21 20 -21 -22 -23 24 27 28 -27 -28 -29 -30 -31
leaf_value=0.00485678887124932 -0.013445203670339117 0.015489256679718403 0.0049367724329697138 0.025554680957435873 -0.0034190045676316953 0.0090689183492937038 -0.0018485271592740477 0.01224935066517161 0.012468997986834013 -0.010447150383595125 -0.0015450520886068854 0.017212353943080991 0.013354592404889775 -0.0061757478002937606 0 -0.023445534441339389 0.00068152208056937772 0.017588835213215123 -0.0016205790672538039 0.017666117445577431 -0.011871517980825003 0.003984397102623374 0.014694131199241824 -0.014520714789246991 -0.020569436589752674 -0.01561980518866231 0.020037257433462626 0.0038618173008946465 0 0.02502638176622991
leaf_weight=21.465595811605457 6.9250668138265601 3.7323792278766623 32.133388459682465 8.6147543936967867 176.76293586194515 218.22498559951782 210.13115595281124 16.600299522280693 7.2088535428047171 23.875575631856918 29.092695355415344 5.8256794214248648 26.911385923624039 173.54417821764946 5.5943847894668606 5.3581416308879843 8.7008758038282377 28.338643461465836 46.03807333111763 8.4762392640113813 121.20141468942165 24.531548351049423 3.0906692892312995 27.563813239336017 85.14166921377182 4.4578433483839035 12.753253817558287 3.4334729909896842 2.3310592323541632 27.903916358947754
leaf_count=59 20 15 92 25 558 637 650 50 22 71 85 18 82 552 15 15 26 81 143 29 406 71 11 96 343 18 37 12 9 83
internal_value=-0.000849032 -0.00627117 0.00524338 0.00329622 -0.000617486 0.0060407 -0.00410259 -0.00199932 0.012652 -0.00149625 0.00778345 -0.00235124 -6.01557e-05 -0.00532036 0.00527809 -0.0007929 0.0139313 0.016285 -0.0080291 0.00312828 -0.00911651 0.0115415 -0.0161601 -0.0087642 -0.018709 -0.00194803 0.0144168 -0.0121698 -0.0200338 0.0229123
internal_weight=1375.96 728.804 647.16 514.006 210.679 303.327 599.053 193.363 133.154 56.009 247.318 416.412 237.043 179.37 45.1714 26.8237 17.3156 87.983 182.641 15.4013 167.239 52.8702 129.751 34.7297 95.0212 7.54851 18.3476 30.9973 87.4727 35.1128
internal_count=4331 2404 1927 1544 659 885 1900 608 383 163 722 1302 732 570 126 74 51 257 598 49 549 152 504 123 381 29 52 108 352 105
is_linear=0
shrinkage=0.03


Tree=89
num_leaves=27
num_cat=0
split_feature=9 29 17 33 33 30 26 29 32 16 7 18 7 27 26 18 29 26 7 26 7 23 29 16 33 3
split_gain=10.1076 9.41859 7.9079 6.29808 6.28668 5.67733 4.97501 4.63521 4.62827 4.46877 4.00993 4.87225 3.91888 3.91207 3.65387 4.82218 4.04508 3.52841 3.45743 3.25272 2.92559 2.72239 2.64504 2.62691 1.69261 0.104884
threshold=0.34812349081039434 0.25249999761581426 -0.5617450177669524 0.97367084026336681 0.13835977762937549 -1.0000000180025095e-35 0.9986553192138673 0.059499999508261688 -0.015069640707224606 1.0000000180025095e-35 22.169844627380375 0.20391699671745303 30.587066650390629 0.020510667935013775 0.99838441610336315 0.42396299540996557 0.44249999523162847 1.0010802745819094 29.358255386352543 1.0003871321678164 43.933870315551765 4.7983551025390634 0.7514999806880952 -0.87837952375411976 0.55974262952804577 44.847845077514656
decision_type=2 2 2 2 2 2 2 2 2 2 2 2 2 2 2 2 2 2 2 2 2 2 2 2 2 2
left_child=1 6 4 5 9 19 12 25 -9 -3 13 -12 -1 -8 15 -4 -16 20 -19 21 23 -2 -6 -5 -21 -7
right_child=3 2 14 17 22 7 10 8 -10 -11 11 -13 -14 -15 16 -17 -18 18 -20 24 -22 -23 -24 -25 -26 -27
leaf_value=0.032956237393748068 -0.0058040525550164144 0.018813579428436918 -0.014990421953135612 0.0046489916551440795 0.035253369741605582 -0.024891597192835836 -0.0069480329966769535 -0.0063133202372835191 0.0049238237416737475 -0.021392285420418131 -0.020236343684208825 -0.0070322586892288246 -0.0075492435578377506 0.003276781213189047 0.0054137408000699532 0.0047089014204671391 -0.0035260831418778863 0.024022092506060258 -0.012418900257939196 -0.016631604133346696 0.0070835126012111374 0.0067631748015248268 0.0014567224199496548 -0.018747497710688774 0.0047046193763504336 -0.0081432256205504656
leaf_weight=4.7531054764986029 35.633260041475296 4.2101765871047991 28.912732005119324 4.1766240298747972 12.269587367773054 3.6542283892631522 73.90601558983326 33.654273673892021 646.50670437514782 4.6868686974048615 30.616171196103096 170.58013926446438 2.8652310073375702 59.777300596237183 113.68646006286144 16.829613208770752 74.193963661789894 4.9979978352785093 3.3167518377304077 20.392670780420307 5.2359108328819266 26.563880547881126 3.2221274077892295 28.586298540234569 3.0201649367809287 3.5107145607471466
leaf_count=18 107 14 84 14 43 10 214 97 1992 12 103 529 10 172 348 52 218 17 9 58 17 85 9 79 10 10
internal_value=0.000341099 -0.00260688 0.00169332 0.00251321 0.017769 0.00316698 -0.0058703 0.00408105 0.00435036 -0.00141999 -0.00644409 -0.00913134 0.017087 -0.0023137 0 -0.00757543 0.00183564 -0.00812264 0.00858488 -0.0040483 -0.0120763 -0.000282016 0.0290521 -0.0154693 -0.0134621 -0.0189258
internal_weight=1419.76 600.509 258.012 819.249 24.3888 772.936 342.498 687.326 680.161 8.89705 334.88 201.196 7.61834 133.683 233.623 45.7423 187.88 46.3136 8.31475 85.61 37.9988 62.1971 15.4917 32.7629 23.4128 7.16494
internal_count=4331 1826 780 2505 78 2369 1046 2109 2089 26 1018 632 28 386 702 136 566 136 26 260 110 192 52 93 68 20
is_linear=0
shrinkage=0.03


Tree=90
num_leaves=31
num_cat=0
split_feature=1 27 21 27 7 7 27 10 27 1 20 1 4 27 12 16 1 34 13 27 27 27 28 10 27 9 28 33 33 33
split_gain=39.0558 15.6125 10.9231 9.34152 14.6932 13.5492 10.7313 10.724 8.22838 14.5827 8.08449 7.39316 6.35099 7.49535 5.66166 5.58781 5.19662 2.78992 2.74584 6.66982 4.86031 2.43453 2.28514 2.11427 3.29844 2.52327 1.67083 1.60867 2.41547 1.55682
threshold=-0.15377149730920789 0.026672904379665855 0.30470000207424169 0.025842599570751194 28.366590499877933 48.380487442016609 0.027514189481735233 -11.049425601959227 0.020333440974354747 -0.67226150631904591 -2.2767890691757198 0.29464700818061834 793.46844482421886 0.019815457053482536 0.12794599682092669 0.60785751044750225 0.64707750082016002 0.70971989631652843 0.46302250027656561 0.027147546410560611 0.026909084990620617 0.026221309788525108 0.79995459318161022 -18.686863899230953 0.026014086790382866 0.4505975097417832 0.34048289060592657 0.045307796448469169 0.41291140019893652 0.18427035957574847
decision_type=2 2 2 2 2 2 2 2 2 2 2 2 2 2 2 2 2 2 2 2 2 2 2 2 2 2 2 2 2 2
left_child=1 2 8 4 12 16 7 -7 10 -10 -1 22 13 -2 -13 18 17 -5 20 -20 -3 -18 -6 24 -4 -25 -14 -17 -29 -8
right_child=3 15 23 5 11 6 29 -9 9 -11 -12 14 26 -15 -16 27 21 -19 19 -21 -22 -23 -24 25 -26 -27 -28 28 -30 -31
leaf_value=-0.023560578482918058 -0.0057947141980716817 0.0051044133843438332 0.012089229383518351 0.035097910265919463 -0.02321016036821456 0.017299974429336503 0.0083024048753250358 -0.0050765342536444715 0.030649989452230891 -0.0040068278695654155 -0.0066882537303533897 0.0050252121239729034 0.026543065523889579 0.0044014529002929783 -0.011275806330052316 0.028581778594244749 -0.0055675023114106674 0.012232294295456431 -0.0033805320395096567 0.031056749600414175 -0.017118461532736568 0.015256511323006131 0.0038341346106601959 -0.020834092523231207 -0.021575888252051052 -0.01109062854232115 0.0034698194926970345 0.0021664388204954408 0.018508346318918921 0.032158319323694812
leaf_weight=36.086838886141777 74.168440952897072 13.932354211807249 5.4098533838987333 23.261046767234806 28.526161894202236 24.552415251731873 5.1135689616203335 83.071017444133759 11.5545517206192 115.15551617741585 95.716823443770409 36.376622185111046 13.098622858524324 468.43696416914463 38.575836673378944 4.5947992354631415 5.5488223433494595 8.6642290353775007 20.622326955199245 6.0510939061641684 20.955382615327835 21.42386668920517 2.3507963418960562 86.939444929361343 4.0969321876764297 42.71080370247364 4.9814886152744284 22.046115875244141 14.140481323003767 11.365909725427626
leaf_count=188 223 46 18 46 122 58 12 237 31 405 376 102 26 1286 119 10 15 21 59 14 78 49 8 410 17 200 12 61 34 21
internal_value=-0.000587288 -0.00724115 -0.00993333 0.00332045 0.00165247 0.00932539 0.00358217 1.43364e-06 -0.00620998 -0.000667713 -0.0114474 -0.00854956 0.00360004 0.00298712 -0.00326429 0.00312974 0.0211433 0.0294543 -0.00245828 0.00452836 -0.00804274 0.0106216 -0.020836 -0.0167388 -0.00187246 -0.0177484 0.0209347 0.0117107 0.00896283 0.0257484
internal_weight=1349.53 500.013 397.671 849.516 666.515 183.001 124.103 107.623 258.514 126.71 131.804 105.829 560.686 542.605 74.9525 102.343 58.898 31.9253 61.5612 26.6734 34.8877 26.9727 30.877 139.157 9.50679 129.65 18.0801 40.7814 36.1866 16.4795
internal_count=4304 1947 1645 2357 1898 459 328 295 1000 436 564 351 1547 1509 221 302 131 67 197 73 124 64 130 645 35 610 38 105 95 33
is_linear=0
shrinkage=0.03


Tree=91
num_leaves=29
num_cat=0
split_feature=1 1 1 13 29 30 6 33 32 14 2 29 34 2 29 29 29 20 33 30 34 34 29 33 20 32 29 9
split_gain=41.6217 14.1112 7.7919 7.22338 7.11265 5.50097 5.23667 4.91553 4.59989 6.2084 4.32259 3.81244 3.63695 3.62309 3.47602 3.10594 4.4854 2.96445 2.83566 2.82125 2.47406 2.15211 1.91223 1.68821 2.17986 1.50854 1.11219 0.15664
threshold=-0.15377149730920789 0.64156350493431102 -0.69541749358177174 -0.11044700071215628 0.29950000345706945 0.080986544489860549 0.039123499765992172 0.22949675470590594 -0.02153108827769756 -0.20124150067567823 2589.803833007813 0.14549999684095385 0.55559349060058605 3754.2946777343755 0.17850000411272052 0.43549999594688421 0.24450000375509265 2.4500415325164799 1.087153494358063 0.37479034066200262 0.72363984584808361 0.5920597016811372 0.49250000715255743 0.2632060199975968 -4.5034699440002433 -0.012623272836208342 0.20150000602006915 0.32682149112224584
decision_type=2 2 2 2 2 2 2 2 2 2 2 2 2 2 2 2 2 2 2 2 2 2 2 2 2 2 2 2
left_child=2 3 7 11 6 12 14 15 9 -5 -8 -2 -6 -10 -4 16 -1 21 -13 25 -17 -3 -7 27 -25 -19 -23 -9
right_child=1 17 4 8 5 22 10 23 13 -11 -12 18 -14 -15 -16 20 -18 19 -20 -21 -22 26 -24 24 -26 -27 -28 -29
leaf_value=0.0088067090146699504 0.025169879126161327 0.0097644778724898448 -0.026419499591091213 -0.0039862551779566227 0.019464650833329877 -0.026953215739511149 -0.00054165386931628087 0.013133217165745829 -0.0043018377529510715 0.03117529646721388 0.009247019235120316 0.00077961452785356975 0.00017741497004597367 -0.012315644054658514 0.0055381181667304991 0.019086990601189811 -0.013155088887179625 0 0.021896735339830695 0.0055410574105577703 -0.0023893850307251004 -0.0067310235482985776 -0.005159757972723434 0.022977186049413619 0.01033618344290026 -0.02114781854560244 -0.017815458485726566 0.033460064398539428
leaf_weight=17.958948642015457 6.502058506011962 4.3808571994304648 6.4738777577877027 10.419087842106821 8.7589515000581724 8.0211394131183642 46.83194699883461 3.1825458705425245 397.99186995625496 6.9078207463026038 237.25190287828445 100.63725587725639 200.57191829383373 59.971599444746971 4.5146492123603821 16.632277131080631 14.693923294544218 3.4075398296117774 5.6641443073749533 3.3294550627470008 5.6018128097057334 31.509696811437607 9.0112824738025648 20.907124817371368 45.098111242055893 62.041268810629845 14.270445615053175 7.3613275289535522
leaf_count=49 20 17 18 34 27 26 142 10 1283 23 685 306 629 195 16 47 41 13 17 14 17 114 24 63 132 265 56 21
internal_value=-4.9837e-05 -0.00509804 0.0054031 -0.00316605 0.00372562 -0.000237379 0.00679152 0.0119505 -0.00479324 0.0100082 0.00760359 0.00360151 0.00107179 -0.00538319 -0.0128367 0.00480455 -0.000854068 -0.0145221 0.00208633 -0.0186866 0.0133467 -0.00850637 -0.0164123 0.016893 0.0146182 -0.0200882 -0.0105358 0.0290119
internal_weight=1359.9 707.033 652.872 588.094 521.436 226.363 295.072 131.436 475.29 17.3269 284.084 112.803 209.331 457.963 10.9885 54.887 32.6529 118.939 106.301 68.7783 22.2341 50.161 17.0324 76.5491 66.0052 65.4488 45.7801 10.5439
internal_count=4304 2357 1947 1878 1567 706 861 380 1535 57 827 343 656 1478 34 154 90 479 323 292 64 187 50 226 195 278 170 31
is_linear=0
shrinkage=0.03


Tree=92
num_leaves=27
num_cat=0
split_feature=17 17 9 13 13 27 1 27 6 2 27 33 2 27 33 4 33 27 6 26 34 27 33 25 33 34
split_gain=9.58879 13.0912 5.51007 6.79751 6.37252 5.25832 4.54372 4.31047 7.70164 4.63097 4.0538 4.21256 3.99678 3.892 3.74681 3.38999 3.8778 3.86703 3.46655 4.35885 2.7012 2.34403 1.53138 1.51469 1.50552 0.447759
threshold=0.81174498796463024 1.0000000180025095e-35 0.4505975097417832 -0.032884499058127396 0.18762549757957461 0.019815457053482536 -0.50705400109291066 0.020528296940028671 0.042694998905062682 2773.129272460938 0.018682451918721203 0.14693258702754977 3009.5832519531255 0.019676237367093567 0.10177331790328027 -1585.8619995117185 0.94142967462539684 0.020773387514054779 0.046361999586224563 1.0003760457038882 0.66324740648269664 0.01928155962377787 0.15950463712215426 0.0030294229509308939 0.10177331790328027 0.69576141238212597
decision_type=2 2 2 2 2 2 2 2 2 2 2 2 2 2 2 2 2 2 2 2 2 2 2 2 2 2
left_child=1 2 3 6 -5 13 -1 12 22 -10 25 -12 24 14 -2 16 17 -3 19 -17 -20 -16 -9 -14 -7 -4
right_child=5 15 10 4 -6 7 -8 8 9 -11 11 -13 23 -15 21 18 -18 -19 20 -21 -22 -23 -24 -25 -26 -27
leaf_value=0.00757503427141153 -0.0085000644892709379 0.025335731026993612 -0.00072259277101907409 0.0054349734178140629 -0.001127845120765791 0 -0.0061309789247172945 0.0085075037236746268 0.031628326258935545 0.0033246070454922053 -0.0010279203284437482 0.013558999385109268 0.0087452967913570125 0.038434321442614112 0.038095580880684571 -0.0058583056023795666 -0.020838336915148283 -0.00070542002713507295 -0.0032852331423318926 0.011506038329494497 -0.011184857109343287 0.011510038153866396 0.040471286018080622 -0.0067926979528640822 -0.018595886618976536 -0.017307288322018548
leaf_weight=24.333738505840302 5.6624819636344936 4.8500719070434561 3.9498270452022535 299.63747391104698 235.68472665548325 4.2067671418190029 154.87378431856632 3.0258291661739332 5.1174471676349631 102.22614793479443 22.002750545740128 72.548972815275192 18.093596875667576 6.378527656197547 3.9543173313140896 42.361548483371735 7.7611141502857199 119.93489737808704 60.232469841837883 18.117268040776253 136.8794135004282 18.722838640213013 6.7700607776641846 7.0594314932823172 14.204855680465696 4.3151240646839142
leaf_count=82 16 17 12 912 724 13 467 10 17 304 64 227 59 23 14 128 22 366 200 58 419 59 24 20 35 12
internal_value=0.000619674 -0.000371993 0.00177805 0.000827074 0.00253043 0.00677828 -0.00420393 0.00438624 0.00739904 0.00489778 0.00826379 0.0100823 -0.00350256 0.0173756 0.0117395 -0.00489593 -0.000913646 0.00033197 -0.00690445 -0.000457291 -0.00883089 0.017256 0.0323648 0.00398618 -0.0140441 -0.0109016
internal_weight=1402.91 1207.48 817.346 714.53 535.322 195.422 179.208 160.704 117.139 107.344 102.817 94.5517 43.5647 34.7182 28.3396 390.137 132.546 124.785 257.591 60.4788 197.112 22.6772 9.79589 25.153 18.4116 8.26495
internal_count=4304 3710 2500 2185 1636 594 549 482 355 321 315 291 127 112 89 1210 405 383 805 186 619 73 34 79 48 24
is_linear=0
shrinkage=0.03


Tree=93
num_leaves=29
num_cat=0
split_feature=1 27 20 13 31 27 7 29 25 13 25 13 26 25 13 12 26 25 29 25 1 33 33 27 27 34 34 29
split_gain=39.8576 19.642 14.8821 10.9797 7.64842 6.50772 11.6076 6.73934 6.3143 5.64373 8.54883 8.31903 5.3866 5.13657 6.99662 4.95355 4.54413 5.17668 4.35507 3.776 3.13781 2.87186 2.6109 2.83192 2.60298 2.26432 1.94528 0.719092
threshold=-0.45222748816013331 0.026651846244931224 1.1816384792327883 0.37764449417591101 0.017335003241896633 0.026736826635897163 55.904884338378913 0.15650000423192981 0.00051669584354385744 -0.13855250179767606 0.0030840717954561119 -0.0025395000702701505 0.99981430172920238 0.0025693222414702181 -0.24212800711393354 1.8379580378532412 1.0015826225280764 0.002835816354490817 0.11749999970197679 0.0059670784976333388 -0.50438550114631642 0.35226067900657659 0.23767333477735522 0.021202030591666702 0.027147546410560611 0.66703647375106823 0.69033643603324901 0.48749999701976782
decision_type=2 2 2 2 2 2 2 2 2 2 2 2 2 2 2 2 2 2 2 2 2 2 2 2 2 2 2 2
left_child=1 8 4 5 9 6 -4 -7 12 10 -2 -11 21 15 -15 -10 17 20 -14 24 -3 -1 23 -6 -5 -19 -24 -18
right_child=2 16 3 19 22 7 -8 -9 13 11 -12 -13 18 14 -16 -17 27 25 -20 -21 -22 -23 26 -25 -26 -27 -28 -29
leaf_value=0.039105658758390699 -0.012261652556682181 -0.0053955711525198961 0.007708447627763626 -0.023919819068526377 -0.012164641099393284 -0.020163296767218581 -0.021307042471070667 0.01975556935777318 -0.020708219281049246 0.0087873063829693905 0.0073064725009762245 -0.0013160043126767809 -0.016741448592499653 0.011426838308697482 -0.01314904582457997 0 0.0091200716130229245 0.00036823766390661755 0.024656901863142851 0.017128345338703027 0.014108602256438833 0 0.013526046671478192 0.013560301635798709 0.0013492667641564885 -0.025811275333283173 0.038059033254568955 0.031225310668974129
leaf_weight=3.6070486009120968 78.645723134279251 9.9776401072740537 295.04011628031731 14.89338935911656 5.611472785472869 3.45199429988861 12.328528702259062 58.734330713748932 127.91837580502033 86.546055942773819 25.939269632101059 463.68312020599842 11.843452408909796 12.074442595243452 54.420585989952087 11.220946148037909 4.1722375899553281 3.8898091763257963 2.1998202055692664 2.482924908399581 21.858069211244587 3.2786898910999298 14.443126350641252 9.3150322437286359 3.8890309929847708 6.7919459491968155 4.7063508331775656 5.8832563012838364
leaf_count=10 296 33 741 57 18 9 38 128 633 222 85 1436 50 39 257 37 12 12 7 7 56 13 36 24 11 27 10 13
internal_value=-0.000164499 -0.0102652 0.00244204 0.00711475 -0.000199053 0.00834022 0.00648269 0.0172529 -0.0141052 -0.000937331 -0.00731103 0.000263348 0.00117331 -0.0157029 -0.00850014 -0.019038 0.0060905 0.00147174 -0.00901297 -0.0134706 0.00772855 0.0223703 0.013536 0.00322503 -0.0183216 -0.0158828 0.0208285 0.0237725
internal_weight=1358.85 279.136 1079.71 390.82 688.89 369.555 307.369 62.1863 226.563 654.814 104.585 550.229 20.929 205.634 66.495 139.139 52.573 42.5175 14.0433 21.2653 31.8357 6.88574 34.076 14.9265 18.7824 10.6818 19.1495 10.0555
internal_count=4317 1199 3118 991 2127 916 779 137 1046 2039 381 1658 80 966 296 670 153 128 57 75 89 23 88 42 68 39 46 25
is_linear=0
shrinkage=0.03


Tree=94
num_leaves=31
num_cat=0
split_feature=0 0 27 10 28 23 23 27 27 12 28 23 27 34 2 27 33 2 2 29 4 27 23 0 4 26 27 33 17 27
split_gain=33.1656 11.0328 9.41852 5.74663 6.82332 4.66508 9.62014 12.6508 4.6592 9.10037 6.56736 6.09081 5.54845 4.79893 4.42858 11.4057 5.17022 4.32494 6.8139 15.1546 4.20257 4.06614 4.063 2.6844 2.54628 3.32353 2.24557 0.920383 0.900131 0.144077
threshold=-0.49811351299285883 1.2829099893569949 0.026736826635897163 -6.7698559761047354 0.4410036057233811 -6.5359647274017325 -5.1652169227600089 0.02057580836117268 0.020415175706148151 -1.0207694768905637 -0.13288450241088864 4.7983551025390634 0.019647951237857345 0.72145685553550731 4658.3527832031259 0.025908398441970352 0.33000235259532934 3678.960327148438 3044.8154296875005 0.15450000017881396 -1323.2735595703123 0.018594800494611267 2.2352614998817448 -1.9610569477081297 -3198.515014648437 0.99993252754211437 0.02045493666082621 0.46904051303863531 -0.5617450177669524 0.02775436453521252
decision_type=2 2 2 2 2 2 2 2 2 2 2 2 2 2 2 2 2 2 2 2 2 2 2 2 2 2 2 2 2 2
left_child=2 8 5 24 23 14 7 -7 9 13 20 -12 -11 -2 16 -16 -1 18 21 -20 -10 -3 -8 -5 27 -26 -19 -4 -28 -6
right_child=1 17 3 4 29 6 22 -9 10 12 11 -13 -14 -15 15 -17 -18 26 19 -21 -22 -23 -24 -25 25 -27 28 -29 -30 -31
leaf_value=0.0070570535790073115 0.0026768977240776543 0.016861556439409682 -0.023020493929243685 0.02179024922809266 -0.020448357110171681 0.0076154350157277301 0.010533523963225273 -0.015882592201154039 -0.002226619895494926 0.028755843414801908 -0.0028431058304842476 0.016803655178950477 -0.0088480949027179828 0.015740184431379776 0.027058354562960085 -0.028441696657075667 0.018340098503248276 0.0045951813163413752 0.041892474791475759 -0.0044722863881994732 -0.01606559433723936 -0.013475572023520691 0.0032987011865874723 0.0034008860442921265 -0.015201093632248652 0.0072566161492022933 -0.02331190049571016 -0.0041775519103924835 -0.01356631610376419 -0.0064863299761584543
leaf_weight=86.232721000909805 147.28117300570011 3.4656293690204611 15.814808681607248 11.656135439872736 6.6957925260066968 39.44841755926609 157.72684089839458 41.585367038846016 33.519920736551285 3.1203968077898017 107.83943472802639 15.829628884792326 76.885801404714584 30.918446823954582 5.044667720794676 7.6768779158592224 69.874020963907242 3.4155518263578406 6.2858413606882086 94.593697860836983 54.929559841752052 101.84876172244549 134.4892486333847 21.550712376832966 11.570336773991587 10.652048602700232 22.806456401944157 4.4717997163534156 31.985547557473186 3.9942466914653778
leaf_count=250 448 13 57 32 17 115 468 132 109 11 359 56 241 91 16 25 205 12 22 326 175 366 400 64 34 34 100 16 112 11
internal_value=9.01347e-05 -0.00422965 0.00515381 -0.00396196 0.00348186 0.00662574 0.0047004 -0.00435648 -0.00144717 0.0012312 -0.00474503 -0.000198302 -0.00710019 0.0050315 0.0108027 -0.00556173 0.0122073 -0.00913315 -0.00698788 -0.00130214 -0.0109642 -0.0123172 0.00724585 0.0103503 -0.0118092 -0.00411736 -0.016455 -0.0195003 -0.0179597 -0.0165588
internal_weight=1363.21 734.726 628.484 86.4059 43.8969 542.078 373.25 81.0338 470.324 258.206 212.119 123.669 80.0062 178.2 168.828 12.7215 156.107 264.401 206.194 100.88 88.4495 105.314 292.216 33.2068 42.509 22.2224 58.2076 20.2866 54.792 10.69
internal_count=4317 2441 1876 265 124 1611 1115 247 1490 791 699 415 252 539 496 41 455 951 727 348 284 379 868 96 141 68 224 73 212 28
is_linear=0
shrinkage=0.03


Tree=95
num_leaves=28
num_cat=0
split_feature=9 7 25 10 27 27 23 27 7 8 13 10 27 27 8 33 27 13 25 30 25 26 26 28 31 6 28
split_gain=6.10315 6.31824 8.52209 8.16607 7.75435 8.55661 13.5236 7.60107 6.66553 5.53641 4.40936 4.22713 5.32043 6.52879 6.0758 5.19389 4.40252 6.91149 4.26382 3.62738 3.58366 3.51371 2.51047 2.2652 1.8224 0.777303 0.245903
threshold=0.34812349081039434 22.169844627380375 0.0011917567462660374 -5.3872895240783683 0.02104188967496157 0.020522944629192356 -4.6397244930267325 0.026931623928248886 17.714038848876957 -2.3110140562057491 -0.11044700071215628 -2.2961579561233516 0.025130680762231353 0.022941910661756996 2.9147279262542729 1.2414397597312929 0.02728238329291344 0.20124150067567828 0.0032588909380137925 0.075803253799676909 0.003853904665447772 1.0026916861534121 0.99994254112243663 -0.36536401510238642 -0.0017376582254655657 0.058339500799775131 -0.45622704923152918
decision_type=2 2 2 2 2 2 2 2 2 2 2 2 2 2 2 2 2 2 2 2 2 2 2 2 2 2 2
left_child=1 4 10 7 5 8 -7 -4 -1 -5 22 15 13 19 21 16 18 -18 -2 -13 -15 -14 -3 -12 -16 -17 -6
right_child=11 2 3 9 26 6 -8 -9 -10 -11 23 12 14 20 24 25 17 -19 -20 -21 -22 -23 -24 -25 -26 -27 -28
leaf_value=-0.0233750255184061 -0.002125209619845751 0.0060139447404214024 0.0013129149309911547 -0.0018426932633671378 -0.0093598360586558977 0.04201432748410374 0.0058545012975463875 0.028631152300065549 0.001038983517872923 -0.014310337378975014 -0.024877652095085818 0.0041073787912536061 2.3232732938086756e-05 0.040130761170939812 0.00013842039350411557 -0.0069456512742529933 0.038630663087096187 -0.0043417009561967472 0.0047797092587128602 0.018976478507076035 0.0055286209651902027 0.023843786792203885 -0.0094140249798920425 -0.012020109256310025 -0.018975926955235461 -0.025693947192299366 -0.025772428044397434
leaf_weight=10.517299920320509 294.72026768326759 15.672274291515349 138.45512402057648 81.723817944526672 4.2352909743785858 10.963012427091597 56.023010477423668 9.4094180166721326 111.69773826003075 54.641403064131737 19.622934281826019 264.47608444094658 62.033313170075417 7.2885885238647443 4.5946737974882152 5.5437318980693799 6.2542940974235517 5.8795248419046402 109.98912613093853 15.656401127576826 5.4290111362934113 5.7099724709987631 21.384940877556801 54.858813315629959 19.434409916400909 7.1883000731468201 7.3360047340393049
leaf_count=26 896 59 427 258 11 39 164 31 336 161 55 808 190 26 14 15 22 18 346 51 16 18 72 171 48 21 18
internal_value=6.49737e-05 -0.0022326 -0.00443701 -0.00163471 0.0020683 0.00358757 0.0121733 0.00320261 -0.00107532 -0.00693825 -0.0114585 0.00175973 0.0040435 0.00602451 -0.00217884 -0.000266452 0.000299336 0.017748 -0.000222845 0.0050028 0.0268083 0.0023229 -0.00265638 -0.0156709 -0.0150258 -0.0187817 -0.0211472
internal_weight=1410.74 596.541 395.769 284.23 200.772 189.201 66.986 147.865 122.215 136.365 111.539 814.198 384.622 292.85 91.7724 429.575 416.843 12.1338 404.709 280.132 12.7176 67.7433 37.0572 74.4817 24.0291 12.732 11.5713
internal_count=4317 1828 1234 877 594 565 203 458 362 419 357 2489 1171 901 270 1318 1282 40 1242 859 42 208 131 226 62 36 29
is_linear=0
shrinkage=0.03


Tree=96
num_leaves=24
num_cat=0
split_feature=1 27 0 27 22 27 4 31 10 21 33 26 29 6 3 27 10 26 33 30 34 26 33
split_gain=40.7201 19.4944 8.90299 8.59726 10.7516 8.98405 11.1054 8.25527 5.47391 5.10018 4.87007 4.06964 3.79745 4.37629 3.6372 6.21221 2.73997 2.56933 1.70131 1.1325 0.809962 0.643661 0.126022
threshold=-0.15377149730920789 0.026672904379665855 -3.1728779077529903 0.018883452750742439 4.0816555023193368 0.019799064844846729 462.76046752929693 0.052884431555867202 -13.689263820648192 0.26559999585151678 0.11217429861426355 1.002366364002228 0.38150000572204595 0.063634499907493605 65.956329345703139 0.024810851551592353 0.36560650169849401 0.99978309869766246 0.27649620175361639 -0.2039980664849281 0.74207592010498058 0.99985381960868847 0.19556418806314471
decision_type=2 2 2 2 2 2 2 2 2 2 2 2 2 2 2 2 2 2 2 2 2 2 2
left_child=1 2 19 22 5 11 -7 9 10 -4 -3 -5 16 -14 15 -6 -10 -12 -16 21 -21 -1 -2
right_child=3 8 7 4 14 6 -8 -9 12 -11 17 -13 13 -15 18 -17 -18 -19 -20 20 -22 -23 -24
leaf_value=0.0032651924408403387 -0.0070010519010884889 0.013741739579253901 -0.0057883055859347856 -0.013286498327895186 0.00088877471989928195 0.0025416716733424423 0.02174657589010514 0.031616052366813224 0.023896441144966619 -0.013842859498462748 -0.00019882845487966075 0.018646142451822067 0.013625617656115568 -0.006725623323205328 0.010479990730778521 0.015194569844532387 0.0075488887106308243 -0.02516993551675957 0.027638468769211576 -0.022046565466404152 0 -0.015713089840789458 -0.024065921422625518
leaf_weight=2.8839638978242865 2.6857626885175696 5.8294324427843121 209.39962314069271 40.681300327181816 50.645661517977715 647.53762257099152 27.976925179362297 4.0747647136449805 15.842358410358427 113.1391124278307 6.6301987618207958 3.2776032686233512 14.7078999876976 24.627727210521698 11.757982015609743 62.80702269077301 28.770250260829926 10.819569215178488 17.083194941282272 59.364140748977661 1.8745823204517353 1.9640996456146238 8.951777979731558
leaf_count=14 10 17 799 130 139 1819 66 11 35 484 23 9 37 81 28 142 76 45 34 328 8 10 40
internal_value=-0.000252174 -0.00708224 -0.0101818 0.0036488 0.00400859 0.00249823 0.00336587 -0.00808104 0.00418042 -0.00865857 -0.00838351 -0.0105202 0.00780004 0.000733449 0.0115468 0.00891932 0.0137541 -0.0164532 0.0212478 -0.0202905 -0.0214356 -0.00349086 -0.0213198
internal_weight=1373.33 499.928 392.7 873.405 861.767 719.473 675.515 326.614 107.227 322.539 23.2792 43.9589 83.9482 39.3356 142.294 113.453 44.6126 17.4498 28.8412 66.0868 61.2387 4.84806 11.6375
internal_count=4385 1968 1654 2417 2367 2024 1885 1294 314 1283 85 139 229 118 343 281 111 68 62 360 336 24 50
is_linear=0
shrinkage=0.03


Tree=97
num_leaves=30
num_cat=0
split_feature=20 20 27 3 27 27 16 27 20 20 6 25 10 21 27 25 32 30 29 6 25 25 7 27 33 33 25 28 33
split_gain=36.3911 14.2479 10.3277 15.1778 12.9158 11.9309 7.4576 6.28058 6.2782 5.92183 6.08412 5.38916 5.29179 5.2221 8.90119 5.51858 4.39145 3.89638 3.81399 5.57136 3.65061 3.82051 3.23704 2.36389 2.31852 1.51878 2.58793 0.236721 0.12049
threshold=0.30329549312591558 -2.5905750989913936 0.020528296940028671 43.387788772583015 0.022884115576744083 0.026736826635897163 1.0000000180025095e-35 0.020385479554533962 -4.9033493995666495 2.9657330513000493 0.051688499748706825 0.0027928316267207269 -0.58128297328948964 0.49999998509883886 0.0255920859053731 0.0025921928463503723 -0.019456108100712296 -1.0000000180025095e-35 0.2465000003576279 0.052217500284314163 0.0021702012745663528 0.0036681464407593016 16.236536979675297 0.020504789426922802 0.57290998101234447 0.71784606575965892 0.003814792376942933 -0.70729649066925038 0.062086986377835281
decision_type=2 2 2 2 2 2 2 2 2 2 2 2 2 2 2 2 2 2 2 2 2 2 2 2 2 2 2 2 2
left_child=1 7 3 6 12 -6 -3 18 23 11 20 13 -4 15 -15 -2 -5 -10 27 -20 -11 -22 -13 -9 -24 28 -27 -1 -12
right_child=9 2 4 16 5 -7 -8 8 17 10 25 22 -14 14 -16 -17 -18 -19 19 -21 21 -23 24 -25 -26 26 -28 -29 -30
leaf_value=0.014518289942874607 -0.0064516064261059547 0.011832263283585238 -0.014844518148653583 0.028406502147864141 0.0054680457656551577 -0.0090191699701016644 0.035392457128512182 -0.0015507042084026434 0.014270302903262613 -0.019208589175862836 -0.012186013970406147 0.012625294587096859 -0.0030413839159866701 0.02699393497234533 -0.0012585056897849714 0.021004653093088001 0.0010834154719431535 -0.00085550531266252402 -0.012789749032406034 0.019558022346246894 0.020307678080058594 -0.0083058501794351178 -0.010764606768158692 0.020522954960599603 -0.024986348295939289 -0.016181045171981091 0.018626103368845872 0.031186519876805367 -0.021833209023561253
leaf_weight=4.5477152764797237 220.88123388588428 62.725570112466812 71.432066351175308 4.9548706710338584 213.9736260175705 66.409349650144577 15.686343371868132 4.1136910617351523 19.262939929962158 6.1392843574285534 8.2300389409065229 3.7950330674648276 70.171028807759285 11.799269005656241 51.728421166539192 6.1701105237007132 246.18093441426754 64.127863705158234 5.9298619329929378 16.474492967128754 8.6374722123146039 6.8404707163572303 68.526997491717339 31.603164166212082 13.938286229968069 5.4043194055557242 2.2162198126316071 19.972610235214233 48.141254454851151
leaf_count=13 735 183 223 14 641 213 45 13 56 19 35 11 233 43 166 22 738 187 20 50 30 24 233 94 47 21 9 59 208
internal_value=-0.000296308 0.00315519 0.00138124 0.00536343 -0.00171 0.00199473 0.0168539 0.0111026 0.00726902 -0.00716005 -0.0143337 -0.00548967 -0.00909012 -0.00347976 0.0040182 -0.00562142 0.00171363 0.00259544 0.0204641 0.0105112 -0.000132896 0.00723447 -0.0120975 0.0177458 -0.0134129 -0.0189532 -0.00442649 0.0288067 -0.0207025
internal_weight=1380.01 917.566 751.534 329.548 421.986 280.383 78.4119 166.032 119.108 462.448 85.6091 376.839 141.603 290.579 63.5277 227.051 251.136 83.3908 46.9247 22.4044 21.6172 15.4779 86.2603 35.7169 82.4653 63.9918 7.62054 24.5203 56.3713
internal_count=4385 2782 2290 980 1310 854 228 492 350 1603 346 1257 456 966 209 757 752 243 142 70 73 54 291 107 280 273 30 72 243
is_linear=0
shrinkage=0.03


Tree=98
num_leaves=25
num_cat=0
split_feature=9 10 27 13 17 10 33 34 10 27 33 27 29 8 29 21 34 27 1 13 28 34 34 9
split_gain=8.19167 7.32759 5.97522 8.28214 5.73557 5.73377 5.8048 5.74131 4.76089 4.47976 4.46787 4.43015 5.54123 3.93318 6.71178 3.83635 3.3967 3.08063 3.05197 2.10586 1.95168 1.81311 1.74954 1.03949
threshold=0.34812349081039434 -8.2832212448120099 0.026972455903887752 0.49586300551891332 0.81174498796463024 -18.277259826660153 1.0120487213134768 0.67720749974250805 -1.4566094875335691 0.020346667617559436 0.75830069184303295 0.026049758307635788 0.15650000423192981 -3.3788095712661739 0.52650001645088207 0.11719999834895135 0.70476427674293529 0.026508779264986519 0.68045300245285045 0.53627800941467296 -0.59602051973342884 0.70097157359123241 0.6961524784564973 0.2937729954719544
decision_type=2 2 2 2 2 2 2 2 2 2 2 2 2 2 2 2 2 2 2 2 2 2 2 2
left_child=1 2 3 9 5 17 7 -7 -8 -1 13 12 -6 14 -3 -15 -4 21 23 -13 -14 -2 -21 -12
right_child=4 10 16 -5 11 6 8 -9 -10 -11 18 19 20 15 -16 -17 -18 -19 -20 22 -22 -23 -24 -25
leaf_value=-0.0037302781410846102 -0.0062870115072496549 -0.0024366705257370912 0.043222050120476002 -0.022217415609299386 -0.0078736811432493278 0.0055622410871161675 -0.018285482657228742 -5.4649991266781454e-06 0.0022496444836153165 0.0058248578192881522 -0.0009534634989423424 -0.020576948035821645 0.0023629366196966039 -0.0026736353784982147 0.017075779380539263 -0.01049446900743398 0.0021040349661530389 0.038774711343954001 0.0051124493399755857 -0.007896203343622496 0.021879292913073667 0.021606907536411181 0.016840399300285965 -0.020778809189091387
leaf_weight=63.976114615797997 3.6219625771045667 74.58826719224453 4.4277136921882612 12.235218301415442 7.2582441866397849 260.45894129574299 23.308708116412163 452.51297050714493 16.323578715324402 134.7665576338768 3.733978986740115 4.1507103145122501 6.616440773010253 161.72934168577194 19.498237162828445 90.547079384326935 3.713361382484436 5.1494634747505188 4.9225927442312232 4.4593276381492615 36.976863384246826 3.2779904007911682 4.410789281129837 25.806532770395279
leaf_count=188 11 216 16 35 19 808 70 1378 49 420 13 9 20 497 61 299 11 18 15 13 119 11 14 75
internal_value=0.000535002 -0.00212566 0.0022143 0.00116537 0.0024726 0.00173339 0.00138432 0.00201836 -0.00968065 0.00270221 -0.00464601 0.0111001 0.0151056 -0.00357407 0.00158078 -0.0055315 0.0267155 0.0218952 -0.0149567 -0.00385758 0.0191817 0.00631299 0.00368616 -0.01863
internal_weight=1428.47 599.945 219.119 210.978 828.526 764.654 752.604 712.972 39.6323 198.743 380.826 63.8724 50.8515 346.363 94.0865 252.276 8.14108 12.0494 34.4631 13.0208 43.5933 6.89995 8.87012 29.5405
internal_count=4385 1846 670 643 2539 2345 2305 2186 119 608 1176 194 158 1073 277 796 27 40 103 36 139 22 27 88
is_linear=0
shrinkage=0.03


Tree=99
num_leaves=27
num_cat=0
split_feature=3 27 9 3 8 27 29 27 16 27 29 27 26 22 8 26 27 26 26 25 27 25 33 3 27 25
split_gain=18.8206 24.9759 15.8492 14.0724 20.9713 10.5604 8.22874 5.98748 6.01729 5.29082 7.82535 5.87984 8.68272 7.14293 5.53394 5.18943 4.57798 3.10625 1.80507 2.1283 4.19719 1.77666 1.31387 1.16884 4.98205 0.603676
threshold=44.954353332519538 0.020216431468725208 0.35276649892330175 29.346405029296879 -1.1103605031967161 0.027514189481735233 0.42249999940395361 0.019159005954861644 1.0000000180025095e-35 0.019799064844846729 0.7514999806880952 0.020276108756661419 1.0009679794311526 4.8415384292602548 4.3509020805358896 1.000409007072449 0.019799064844846729 1.0000960230827334 1.0020672082901003 0.00049950709217228006 0.019943543709814552 0.0004151807952439413 0.2153233736753464 25.400075912475589 0.02364732883870602 0.0047618905082345018
decision_type=2 2 2 2 2 2 2 2 2 2 2 2 2 2 2 2 2 2 2 2 2 2 2 2 2 2
left_child=1 18 7 23 6 -6 -5 17 16 10 14 12 -11 -13 -4 -10 -9 21 19 20 -1 -2 -19 -3 -25 -21
right_child=2 3 9 4 5 -7 -8 8 15 11 -12 13 -14 -15 -16 -17 -18 22 -20 25 -22 -23 -24 24 -26 -27
leaf_value=0.014533580346710607 0 -0.021615566284947447 -0.01663787819858456 0.0077028427298702264 -0.0079092873268500272 0.02351695159620186 -0.0024561907125088809 -0.0017245047371731662 0.023599107472274013 0.0038193458988949542 0.029162107371932165 -0.0048204707995876438 0.032758147746302056 0.0074977580918192972 -0.00010919626870474493 0.0044438500028818034 0.009410038010672651 -0.0032335286271996029 0 -0.025515369874364997 -0.022106490139699338 -0.023937839547249134 0.020903120820036827 -0.01833061394469129 0.018627566853325148 -0.0035664305794769501
leaf_weight=3.8222730308771116 3.065610438585284 29.512803137302399 44.857576236128807 223.32299070060253 266.10682414472103 9.376097619533537 103.64849135279655 40.108299061655998 44.259353637695312 59.705820977687836 4.3344867080450049 151.69656459987164 10.860629692673681 57.906326845288277 32.345994919538498 19.929741442203522 159.82883124053478 3.2909144461154929 2.9578247517347327 50.806533321738243 6.892746165394783 8.3664053678512555 3.0587753355503082 14.063621640205385 3.579326555132865 2.3190937489271155
leaf_count=12 11 165 191 612 972 21 311 114 95 198 13 494 26 157 113 50 390 11 10 235 34 32 9 64 14 9
internal_value=-0.000388861 -0.00373856 0.00332572 -0.00191947 -0.00066199 -0.00676641 0.00445616 0.00865432 0.0098053 -0.000808651 -0.00752403 0.00112359 0.00859899 -0.00136477 -0.00987394 0.0178711 0.00713277 -0.00775034 -0.0211497 -0.0222063 -0.00816847 -0.0170818 0.00775677 -0.0176205 -0.0100299 -0.0247672
internal_weight=1360.02 716.409 643.615 649.61 602.454 275.483 326.971 281.908 264.126 361.707 81.5381 280.169 70.5665 209.603 77.2036 64.1891 199.937 17.7817 66.7985 63.8406 10.715 11.432 6.34969 47.1558 17.6429 53.1256
internal_count=4363 2459 1904 2159 1916 993 923 712 649 1192 317 875 224 651 304 145 504 63 300 290 46 43 20 243 78 244
is_linear=0
shrinkage=0.03


Tree=100
num_leaves=29
num_cat=0
split_feature=1 1 10 23 34 26 18 25 31 34 0 25 16 0 18 25 34 30 25 32 30 34 10 1 26 28 31 30
split_gain=36.9049 14.5849 6.67853 5.72331 5.41404 5.88327 4.81503 4.67536 4.8748 4.4001 3.82943 3.69208 7.1792 3.3788 3.08026 5.85484 3.76568 3.11488 2.84617 2.82893 2.73553 2.11873 2.1174 1.31518 1.58766 4.1351 0.804684 0.649815
threshold=0.45293550193309789 -0.45222748816013331 1.154003977775574 2.8623635768890385 0.63764005899429332 1.0010331273078921 0.61002299189567577 0.0050325994379818448 -0.014724356587976216 0.62930583953857433 -0.73244249820709217 0.0018422870780341329 1.0000000180025095e-35 -4.5034699440002433 0.11808750033378602 0.0025921928463503723 0.70153635740280162 0.046201286837458617 0.0061466584447771319 -0.022595784626901146 -1.0000000180025095e-35 0.61838737130165111 6.5029668807983407 0.49567300081253057 1.0006180405616762 0.10417322441935541 -0.0051738878246396771 0.44937527179718023
decision_type=2 2 2 2 2 2 2 2 2 2 2 2 2 2 2 2 2 2 2 2 2 2 2 2 2 2 2 2
left_child=1 3 14 9 5 6 -3 8 -6 18 -9 12 -5 -11 15 17 -17 -2 -1 -16 -13 -21 -7 24 25 -4 -25 -28
right_child=2 4 23 11 7 22 -8 10 -10 13 -12 20 -14 -15 19 16 -18 -19 -20 21 -22 -23 -24 26 -26 -27 27 -29
leaf_value=0.019438181680935713 -0.020823556758438388 0.0015182251347610064 -0.016774916401913541 -0.00069429458608008554 0.015229345556715127 -0.022278591177706374 -0.011374153250360741 0.003662160816489575 0.0010518881181075307 0.015009665094371063 -0.017548757158218572 0.0077716669169550761 0.018209125361341016 0.0055242059045278232 0.012459578938619834 0.035034422542314377 0 0.0065613232583928262 -0.0027044472694102276 -0.0010626676753532438 -0.0089991745447383677 -0.011368998849988154 0.0037030909419646387 -0.0031862973122975596 -0.021497829917943159 0.023772604571479859 -0.020298271424141503 -0.0013341064774270626
leaf_weight=46.665499746799469 8.7108358591794985 77.425914570689201 4.588430777192114 54.732742190361023 22.466373413801193 21.039874047040943 38.069901376962662 10.765531182289125 513.28272178769112 42.796452879905701 20.804101496934891 10.417109340429304 25.875978946685791 197.89044663310051 4.7482067346572867 5.5130528062581998 5.9765283316373825 5.3129711449146262 4.9616567492485038 24.243751496076584 37.28345000743866 102.99711281061172 2.4362964034080496 4.3589284420013419 3.6872911304235449 3.5524133294820786 67.131284385919571 2.7886689007282248
leaf_count=137 27 241 16 156 71 70 118 36 1606 130 69 30 78 585 17 17 18 16 14 86 111 377 9 17 15 11 274 11
internal_value=3.62119e-05 0.00233261 -0.0105329 0.00675245 -0.000289754 -0.00559536 -0.0026845 0.000997854 0.00167684 0.00907353 -0.0100907 0.00138002 0.00533772 0.00727575 -0.0067307 0.00250241 0.0182456 -0.00996031 0.017132 -0.00858609 -0.00510732 -0.00948759 -0.0191859 -0.0173047 -0.00641129 0.000228961 -0.0188645 -0.0196846
internal_weight=1370.52 1126.91 243.609 420.623 706.291 138.972 115.496 567.319 535.749 292.314 31.5696 128.309 80.6087 240.687 157.502 25.5134 11.4896 14.0238 51.6272 131.989 47.7006 127.241 23.4762 86.107 11.8281 8.14084 74.2789 69.92
internal_count=4363 3461 902 1241 2220 438 359 1782 1677 866 105 375 234 715 558 78 35 43 151 480 141 463 79 344 42 27 302 285
is_linear=0
shrinkage=0.03


Tree=101
num_leaves=28
num_cat=0
split_feature=29 33 30 6 34 29 17 7 28 25 33 33 26 6 1 7 26 28 13 13 33 23 3 25 16 29 34
split_gain=8.27957 7.58927 6.84441 6.61334 6.06213 5.48991 8.97477 6.64035 5.41018 6.22957 6.20076 6.03012 5.09237 5.46291 4.03001 3.45066 3.40036 3.39485 2.82725 2.49565 2.23928 1.83657 1.49907 1.23102 1.16094 0.0764277 0.47324
threshold=0.32549999654293066 0.039374308660626418 -0.015950941015034911 0.047767000272870071 0.7377029061317445 0.81549999117851268 -0.5617450177669524 27.90232086181641 -0.91283753514289845 0.0022767916088923816 0.68583258986473095 0.18257120251655581 0.998315989971161 0.058339500799775131 -0.77992299199104298 25.321763992309574 1.0000680088996889 -0.17369753867387769 -0.34893700480461115 -0.50479000806808461 0.21997243165969851 4.7983551025390634 44.051786422729499 0.0057902198750525722 0.60785751044750225 0.26150000095367437 0.70252931118011486
decision_type=2 2 2 2 2 2 2 2 2 2 2 2 2 2 2 2 2 2 2 2 2 2 2 2 2 2 2
left_child=2 4 16 5 18 6 -3 -7 10 14 22 -11 15 -14 -10 -5 17 20 19 -2 -1 -19 -4 -20 -6 26 -18
right_child=1 3 8 12 24 7 -8 -9 9 11 -12 -13 13 -15 -16 -17 25 21 23 -21 -22 -23 -24 -25 -26 -27 -28
leaf_value=-0.020737058652985883 -0.0044195945134841144 0.034010204995186193 0.0078169732373251487 -0.016574389933313397 0.030887778547865636 -0.018408621885295247 0.0092276345846091685 0.018433971245940803 -0.017222652570243531 -0.0050015215421501851 -0.012926633814700455 0.014987242745743144 -0.0018065262530803695 0.0068748647491585508 -0.0016085792235319568 -0.00069395710181801261 -0.021137997354977001 0 -0.01265236611807662 0.023716806311812267 -0.0024441541536013604 0.029565390133740418 0.038573974764596043 -0.0011594575928737278 0.0037416901018862241 -0.026764186822338644 -0.0035332976628239753
leaf_weight=10.880790323019029 6.8983517438173294 17.307843685150146 3.2136363089084607 15.318166673183439 3.6426521837711325 10.360012590885164 60.258673593401909 6.7899218052625647 14.85423570871353 19.561059236526489 3.6006025075912467 38.941801458597183 88.197324752807617 233.2631009966135 707.95428542792797 62.135719448328018 5.300011098384859 3.3824354112148276 50.178645938634872 3.8221112042665464 15.939977839589117 2.7060024291276932 6.463417574763298 12.3084270209074 3.7234927415847778 9.9186842739582044 3.9867715090513229
leaf_count=29 21 60 11 42 13 28 187 22 65 57 9 126 262 714 2175 192 14 10 142 13 49 10 23 38 11 28 12
internal_value=0.000330945 0.00311551 -0.00154755 0.00451901 -0.00534682 0.0116553 0.0150552 -0.00320317 -0.000840948 -0.00117964 0.0177555 0.0081655 0.00278962 0.00446594 -0.00195359 -0.00403627 -0.0120397 -0.00566194 -0.00807579 0.00541947 -0.0104384 0.0132087 0.0301301 -0.0105586 0.01942 -0.0220904 -0.0150666
internal_weight=1420.91 574.204 846.704 493.631 80.5737 94.7165 77.5665 17.1499 794.589 781.311 13.2777 58.5029 398.914 321.46 722.809 77.4539 52.1147 32.9092 73.2075 10.7205 26.8208 6.08844 9.67705 62.4871 7.36614 19.2055 9.28678
internal_count=4363 1745 2618 1507 238 297 247 50 2466 2423 43 183 1210 976 2240 234 152 98 214 34 78 20 34 180 24 54 26
is_linear=0
shrinkage=0.03


Tree=102
num_leaves=29
num_cat=0
split_feature=1 27 27 7 7 25 27 10 9 17 32 9 3 27 29 4 29 27 29 3 18 27 34 29 1 17 26 25
split_gain=39.4265 19.2179 11.9357 16.8661 13.2227 11.0096 8.97188 9.52794 7.1086 9.04554 7.43115 6.74424 6.46245 17.3999 8.99869 6.17578 8.4593 6.42362 5.20192 11.0087 5.09445 4.61065 3.91408 3.20697 3.11613 1.97681 1.68907 0.57389
threshold=-0.15377149730920789 0.026736826635897163 0.025842599570751194 28.366590499877933 48.380487442016609 0.00053346456843428325 0.027514189481735233 -11.049425601959227 0.33482100069522863 1.0000000180025095e-35 -0.032640501856803887 0.44116349518299108 45.40954780578614 0.020446146838366989 0.20549999922513965 -5687.9118652343741 1.0254999995231631 0.025386693887412552 0.39249999821186071 41.926046371459968 0.50806450843811046 0.027514189481735233 0.59634447097778331 0.21249999850988391 0.65285950899124157 -0.5617450177669524 0.99987271428108226 0.0030489969067275528
decision_type=2 2 2 2 2 2 2 2 2 2 2 2 2 2 2 2 2 2 2 2 2 2 2 2 2 2 2 2
left_child=1 5 3 12 21 11 7 -6 9 -7 -10 20 13 -2 -14 17 -17 -5 22 25 -1 24 -3 -24 -4 -20 -13 -8
right_child=2 18 4 15 6 8 27 -9 10 -11 -12 26 14 -15 -16 16 -18 -19 19 -21 -22 -23 23 -25 -26 -27 -28 -29
leaf_value=0.022062375422749435 -0.015588788999034854 -0.010914954938622119 0.029807260251536974 -0.013682899030447721 0.017941057517826049 0.0055506530627718997 0.030665107335433928 -0.0031462037467108201 0.01497975771705747 -0.011117761322074378 -0.01493716308852156 0.0028945947508155706 0.012680719946143051 0.0049883939896969527 0.0029343669614037594 -0.014520406676580262 0.0096368612348971226 0.028602662268945655 -0.021208591015442178 0.02842293140515071 -0.018026596812545228 -0.005372284118656266 -0.00015535517927398331 0.019225360880209888 0.012810460397164639 -0.0043781020990589364 -0.022126952105395916 0.012416581014183567
leaf_weight=19.312340229749687 48.074637591838837 5.0128576159477225 38.194230377674103 4.8054986596107465 24.695630431175232 45.25189021229744 10.708516925573351 80.435365810990334 7.0380521267652503 78.872051566839218 231.12284426391125 2.7706794589757902 141.58792616426945 154.46012808382511 222.41555012762547 84.86052693426609 14.574571549892424 7.2840996384620667 9.8469640612602252 7.8693564236164084 2.6970636695623389 4.2676485478878012 8.5832171291112882 35.72900515794754 17.50555357336998 21.953183233737946 6.0739398449659348 5.3545745015144339
leaf_count=58 176 15 79 14 57 132 20 228 24 325 1084 12 337 433 600 302 41 15 42 16 13 12 24 88 40 67 28 12
internal_value=0.000254078 -0.00660089 0.00411265 0.00226439 0.0109556 -0.00945759 0.00511776 0.00178354 -0.0109331 -0.00497085 -0.0139858 0.0074785 0.00437479 3.34051e-05 0.00676233 -0.00834768 -0.010859 0.0112038 0.00590054 -0.00198821 0.0164587 0.0224652 0.012382 0.0153107 0.0247871 -0.010116 -0.0135901 0.0256839
internal_weight=1341.36 482.133 859.224 678.063 181.162 393.139 121.194 105.131 362.285 124.124 238.161 30.854 566.538 202.535 364.003 111.525 99.4351 12.0896 88.9946 39.6695 22.0094 59.9674 49.3251 44.3122 55.6998 31.8001 8.84462 16.0631
internal_count=4294 1928 2366 1918 448 1676 317 285 1565 457 1108 111 1546 609 937 372 343 29 252 125 71 131 127 112 119 109 40 32
is_linear=0
shrinkage=0.03


Tree=103
num_leaves=28
num_cat=0
split_feature=0 0 27 18 2 27 6 26 10 23 25 4 8 29 2 13 27 25 2 0 27 29 27 27 29 27 0
split_gain=31.1818 10.4349 8.64888 7.82091 7.66482 6.54944 5.47815 5.20839 5.06801 5.73701 8.76375 4.86903 4.42626 4.31484 9.26527 5.30901 3.86378 3.17053 2.97336 2.25029 6.54619 3.49218 2.00418 1.7584 1.6526 3.60313 0.0995736
threshold=0.026813500560820106 -2.5905750989913936 0.026781643740832809 0.033986000344157226 3678.960327148438 0.020333440974354747 0.063634499907493605 0.99999788403511058 -4.5518593788146964 -2.1965160369873042 0.0012008753838017585 -5836.7419433593741 -2.1366945505142207 0.39550000429153448 2987.780883789063 0.28334850072860723 0.026133027859032158 0.0019065928645431998 3775.824340820313 1.4623594880104067 0.025801359675824646 0.284500002861023 0.026931623928248886 0.02045493666082621 0.2465000003576279 0.019825693219900135 2.9657330513000493
decision_type=2 2 2 2 2 2 2 2 2 2 2 2 2 2 2 2 2 2 2 2 2 2 2 2 2 2 2
left_child=1 5 3 17 8 24 16 -8 9 10 -2 -5 -11 14 -10 -15 -7 -3 22 20 -6 -22 -4 -21 -1 -26 -25
right_child=4 2 18 11 19 6 7 -9 13 12 -12 -13 -14 15 -16 -17 -18 -19 -20 23 21 -23 -24 26 25 -27 -28
leaf_value=0.028071478406683829 0.021251904522737522 -0.022274892862250973 0.0026063895807914442 0.031239746093760363 0.025082070942264615 0.0004397188987705516 0.017587569629098354 0.0027664836270247677 -0.01046204331300851 0.0071371190729907184 -0.0020174894792769145 0.0029609155028763141 -0.006627541373855083 -0.020914122099691686 0.0027315932154589793 -0.0021193436413014877 -0.027310056841778615 0 -0.023334305925399212 0.00021309946574505804 -0.021878961863632182 0.0053674967627932828 -0.010215140280709672 -0.014821823678496028 0 0.024557732179918013 -0.023077383355131025
leaf_weight=18.006272166967392 22.24963515996933 14.899430245161058 15.114209666848181 5.1158825159072867 4.0236195921897915 30.36925682425499 44.993397653102875 43.754250437021255 121.0550434589386 24.081241771578789 38.660226449370384 554.48770181834698 128.9357800334692 40.376939803361893 77.297125861048698 22.089576750993729 4.6897778213024131 9.5440916121005994 11.341162517666815 2.9638317823410025 14.568768799304964 4.9890149086713782 30.9368726760149 14.141537889838217 8.8893792331218737 10.995513141155241 29.787310034036636
leaf_count=55 69 47 43 16 15 85 134 130 416 77 125 1645 430 152 266 80 16 32 43 11 43 20 98 44 29 33 140
internal_value=-0.000600772 0.00315012 0.00141355 0.00252016 -0.00614035 0.00995788 0.00646295 0.0104378 -0.00473212 -0.0012542 0.00643981 0.00326317 -0.0043865 -0.00754245 -0.00528133 -0.0144804 -0.00335103 -0.0138537 -0.00961684 -0.0153999 -0.0070081 -0.0145194 -0.00583091 -0.0193116 0.02091 0.0134541 -0.020819
internal_weight=1348.36 803.137 641.439 584.047 545.22 161.698 123.807 88.7476 474.746 213.927 60.9099 559.604 153.017 260.819 198.352 62.4665 35.059 24.4435 57.3922 70.4741 23.5814 19.5578 46.0511 46.8927 37.8912 19.8849 43.9288
internal_count=4294 2406 1924 1740 1888 482 365 264 1615 701 194 1661 507 914 682 232 101 79 184 273 78 63 141 195 117 62 184
is_linear=0
shrinkage=0.03


Tree=104
num_leaves=22
num_cat=0
split_feature=25 7 6 28 27 10 27 9 25 33 16 6 7 28 34 27 27 8 33 9 27
split_gain=8.61249 14.3843 6.43434 6.26051 5.24279 6.33637 5.24471 4.61535 5.84167 3.79832 3.74976 5.33365 3.88487 3.65066 5.77673 4.63728 2.93752 3.39704 1.51586 1.40832 1.295
threshold=0.001182804524432868 15.23994827270508 0.042589498683810241 -0.8850196599960326 0.020522944629192356 -12.018223285675047 0.020106017589569095 0.48862600326538091 0.0017639719881117346 0.4796969741582871 1.0000000180025095e-35 0.088256999850273146 29.358255386352543 0.59006589651107799 0.67346277832984935 0.026715072803199295 0.020611920394003395 -0.69576099514961232 0.16357098519802096 0.32762148976325994 0.019750763662159446
decision_type=2 2 2 2 2 2 2 2 2 2 2 2 2 2 2 2 2 2 2 2 2
left_child=1 -1 4 19 5 20 -7 13 18 -10 11 -5 -12 15 -15 -4 -6 -18 -9 -3 -2
right_child=2 3 7 10 16 6 -8 8 9 -11 12 -13 -14 14 -16 -17 17 -19 -20 -21 -22
leaf_value=0.038786081175332339 0 0.0025395381012256607 0.0023884216705121935 -0.0015788680665995052 0.038241500475912155 0.021748634481273382 0.00050040995783578936 0.0056825768992461081 0.0084582424978818776 -0.0070248958844026984 -0.012489326469368739 -0.016063653907031811 0.0034323997595771321 0.0038781307543627164 -0.0082273332597867285 -0.0041255570490649372 0 0.030729377986812381 0.0356779454809859 0.032740040093174154 -0.018063105734639612
leaf_weight=6.5553363859653464 4.1627270281314841 3.1001191288232794 594.56184813380241 239.26288920640945 7.3474101424217251 20.058352544903755 23.15128381550312 3.1033996343612653 55.758022218942642 18.067779392004013 83.929230943322182 25.133785381913185 15.259664863348005 54.320772081613541 96.740288451313972 116.56754946708679 8.686063751578331 5.2396585047244999 7.414326936006546 4.1997864246368408 9.5502178668975812
leaf_count=23 12 10 1844 745 26 66 71 10 169 51 247 73 53 170 275 340 24 18 26 15 26
internal_value=0.000328244 -0.00353504 0.00176102 -0.0043585 0.0100175 0.00497414 0.0107059 0.0010645 0.00774662 0.00452612 -0.00494306 -0.0030175 -0.00994465 0.000396276 -0.00381646 0.00130586 0.0226752 0.0127975 0.0283038 0.0220533 -0.0121948
internal_weight=1402.17 377.441 1024.73 370.885 78.1957 56.9226 43.2096 946.534 84.3435 73.8258 363.586 264.397 99.1889 862.19 151.061 711.129 21.2731 13.9257 10.5177 7.29991 13.7129
internal_count=4294 1166 3128 1143 243 175 137 2885 256 220 1118 818 300 2629 445 2184 68 42 36 25 38
is_linear=0
shrinkage=0.03


Tree=105
num_leaves=26
num_cat=0
split_feature=1 22 27 9 27 27 22 27 3 6 20 2 27 32 20 29 3 27 26 26 29 1 30 34 34
split_gain=31.7395 11.2105 11.8179 10.4753 15.9937 9.66837 14.072 9.59318 10.801 8.14758 8.09564 7.90873 7.16539 6.95221 8.00512 4.52163 7.08515 4.21548 3.29256 1.937 1.36744 1.36118 1.75513 1.63916 0.349072
threshold=-0.28113849461078638 4.0816555023193368 0.018883452750742439 0.33482100069522863 0.020321485586464409 0.020394305698573593 0.11657800246030094 0.020166013389825824 45.40954780578614 0.04243499971926213 -2.5905750989913936 2446.126586914063 0.019855170510709289 -0.034557063132524483 -2.2239680290222164 0.42849999666213995 55.826837539672859 0.020522944629192356 0.9986553192138673 0.99903252720832836 0.089500002562999739 -0.48342001438140864 -0.42185994982719416 0.72097364068031322 0.67720749974250805
decision_type=2 2 2 2 2 2 2 2 2 2 2 2 2 2 2 2 2 2 2 2 2 2 2 2 2
left_child=3 7 19 4 -1 24 -7 8 20 17 21 -11 -10 -12 -15 18 -17 -9 -4 -3 -2 22 -5 -23 -6
right_child=1 2 15 10 5 6 -8 9 12 11 13 -13 -14 14 -16 16 -18 -19 -20 -21 -22 23 -24 -25 -26
leaf_value=-0.022058312976947429 -0.00047752500927405198 0.0015816754376174128 -0.0093753483190690216 0.010727255576616112 0.015812360395682599 0.0076940998177357535 -0.020281690650510078 0.020112758690867708 -0.0085947259716565756 0.030613366353870918 0.023688460633101951 0.0016111382381733014 0.0049124322169625343 0.0014950746452992384 -0.012524775019013603 -0.020818900957108921 0.010151012122228728 0.00082854095023347839 0.017134332580759831 -0.024272982504112698 -0.023000559103197548 -0.014030772301565403 -0.021854798560812655 0.01402938081038251 0.038939539687551379
leaf_weight=24.343996822834015 3.5815679728984859 2.6415078192949286 3.657016694545745 0.8696063756942739 3.6377128809690458 74.622520416975021 20.06649424135685 35.854226306080818 64.8005161434412 8.1353245079517347 5.6046440154314032 578.93727920949459 75.983289778232574 49.496782675385475 128.79289872944355 7.7283690869808188 32.432070851325989 15.629710361361502 98.078783735632896 9.0775530934333784 27.548057302832603 5.9926984906196585 61.690518245100975 1.9105417281389234 6.1351072490215302
leaf_count=123 12 9 11 4 11 217 93 80 204 18 16 1647 220 178 561 24 78 45 227 41 114 31 358 9 15
internal_value=-9.24822e-05 0.00280375 0.0102299 -0.00739736 -0.000350678 0.00470335 0.00159553 0.00137966 -0.00488124 0.00308182 -0.0109228 0.00205406 -0.00124941 -0.00749484 -0.00858895 0.0126696 0.00378718 0.0144958 0.0160522 -0.0178825 -0.0207423 -0.0196263 -0.0211777 -0.0057453 0.0323957
internal_weight=1347.25 964.085 153.615 383.164 128.806 104.462 94.689 810.47 171.913 638.557 254.358 587.073 140.784 183.894 178.29 141.896 40.1604 51.4839 101.736 11.7191 31.1296 70.4634 62.5601 7.90324 9.77282
internal_count=4346 2730 390 1616 459 336 310 2340 550 1790 1157 1665 424 755 739 340 102 125 238 50 126 402 362 40 26
is_linear=0
shrinkage=0.03


Tree=106
num_leaves=29
num_cat=0
split_feature=1 1 29 3 10 2 25 28 31 12 34 26 33 33 34 33 14 7 30 29 33 33 34 34 29 33 25 25
split_gain=30.7684 18.5321 5.76023 6.10106 5.7826 6.74311 6.10227 5.02012 6.27669 4.96567 3.21544 4.03365 5.23561 3.75393 6.41348 3.38133 3.19101 2.96005 2.71491 2.37439 2.22047 2.63635 1.92094 2.54926 1.87089 1.5171 1.32769 0.493768
threshold=-0.45222748816013331 0.64156350493431102 0.27850000560283666 25.400075912475589 -14.176932811737059 2476.3061523437505 0.0003363619616720826 -0.58690825104713429 -0.017315723933279511 1.8379580378532412 0.64500537514686596 0.99758812785148632 0.24242707341909411 0.11386667191982271 0.62684333324432384 0.57290998101234447 0.13321150094270709 25.388464927673343 0.3720270842313767 0.36450000107288366 0.36095984280109411 0.16226121038198474 0.67224836349487316 0.66241091489791881 0.082499999552965178 0.50777783989906322 0.0037677767686545853 0.0061466584447771319
decision_type=2 2 2 2 2 2 2 2 2 2 2 2 2 2 2 2 2 2 2 2 2 2 2 2 2 2 2 2
left_child=2 10 4 20 25 6 -6 19 -9 -7 13 12 -12 14 -2 -15 -13 22 27 -5 21 -4 23 -3 -24 -1 -22 -19
right_child=1 17 3 7 5 9 -8 8 -10 -11 11 16 -14 15 -16 -17 -18 18 -20 -21 26 -23 24 -25 -26 -27 -28 -29
leaf_value=-0.020024071760711849 -0.0094742796960913863 -0.0070656789590852762 0.017133191359238867 0.023541454988895552 0.022140059689531377 0.015919283548857549 -0.0041163102709349175 0.027329621957380885 -0.0038950021384706688 -0.001785069972758772 -0.022327114796858026 -0.0016634348416729491 0.0039670309434212854 -0.011123958768041866 0.044681677584466485 -0.0028027934760093691 0.0037463159105407401 -0.022094992990534391 0.0087988890254071632 0.0046337451173266864 0.009753603196895751 -0.0017671738318524774 0.0087671694632475861 0.018798541763127972 -0.016064095895493145 0.0024348953655276675 0.030005522022921307 -0.0063489132929514048
leaf_weight=6.5513389408588392 3.6322911381721488 22.027419775724415 10.913699299097063 9.1109618246555346 9.4160878956317884 130.45982050895691 39.351651072502136 5.5103372335433951 132.65169735252857 14.883103549480436 17.008272469043735 480.97368764877319 10.103893801569937 78.5299281924963 3.065068319439888 108.89790269732475 122.2230016887188 51.583050534129143 2.1626878231763831 21.317363858222961 7.8837775886058834 13.939912766218184 2.1700298339128485 3.440833404660224 34.226922646164894 3.1829565912485123 8.5734904110431653 4.0750333815813056
leaf_count=19 11 80 32 26 27 383 119 16 398 41 57 1538 32 256 10 344 369 241 9 65 24 44 9 12 129 9 25 21
internal_value=-0.000762585 -0.00375761 0.00604628 0.00249071 0.00964838 0.0108104 0.000943843 -8.14538e-08 -0.0024907 0.0140447 -0.00213906 -0.00107954 -0.0123077 -0.0055214 0.0154422 -0.00635747 -0.000550179 -0.0147765 -0.0198281 0.0108752 0.0127494 0.00635157 -0.00978972 -0.0029301 -0.014241 -0.0120408 0.0214083 -0.0211692
internal_weight=1357.87 944.12 413.746 209.901 203.845 194.111 48.7677 168.59 138.162 145.343 824.434 630.309 27.1122 194.125 6.69736 187.428 603.197 119.686 57.8208 30.4283 41.3109 24.8536 61.8652 25.4683 36.397 9.7343 16.4573 55.6581
internal_count=4346 3118 1228 630 598 570 146 505 414 424 2617 1996 89 621 21 600 1907 501 271 91 125 76 230 92 138 28 49 262
is_linear=0
shrinkage=0.03


Tree=107
num_leaves=24
num_cat=0
split_feature=1 29 9 33 23 33 30 26 26 12 9 28 13 30 6 33 0 25 33 33 26 4 25
split_gain=6.99476 6.41851 9.83709 6.22972 5.70487 5.23632 4.79721 4.22753 3.7673 3.07909 2.85755 2.41326 2.16127 1.81732 1.53978 1.21979 2.17539 1.90166 0.96505 0.433068 0.856091 0.151304 0.0857338
threshold=-0.77992299199104298 0.32549999654293066 0.44116349518299108 0.045307796448469169 6.8471601009368905 0.46904051303863531 -0.035431997850537293 0.99941602349281322 0.99992528557777416 1.3534464836120608 0.38339398801326757 0.11239024996757509 0.30557900667190557 -0.065050434321165071 0.07240650057792665 0.18257120251655581 -3.1728779077529903 0.0041792460251599559 0.0062645880971103915 0.33000235259532934 0.99826905131340038 735.80624389648449 0.0023986618034541611
decision_type=2 2 2 2 2 2 2 2 2 2 2 2 2 2 2 2 2 2 2 2 2 2 2
left_child=15 2 6 9 5 -5 14 -8 12 10 -3 -10 -4 -6 -2 16 17 22 -11 -17 -21 -22 -1
right_child=1 3 8 4 13 -7 7 -9 11 18 -12 -13 -14 -15 -16 19 -18 -19 -20 20 21 -23 -24
leaf_value=0.019366860630532081 -0.013092230652237403 -0.011116124090875194 0.006379627298067664 0.0081592733978848725 0.011767378479136205 0.00036375033044425343 0.0039785372202432411 -0.0020619264268723209 0.034794490542951528 0 0.00078208722677420043 0.012227774304196217 -0.010053800685915808 -0.0058791793630108818 0.0037758238038199934 -0.021408228322880474 -0.020980059971137669 -0.010459437874439106 0.020043357237865791 0.0010115792195786899 -0.016966976978402069 -0.0023799559493340129 0.0036951129384502129
leaf_weight=3.1807833760976774 39.425208121538162 42.041425049304962 30.529443055391312 312.04540166258812 5.1094122529029837 106.47383330762386 126.30085052549839 572.2102917432785 5.3738084733486167 3.7553827762603742 29.275977909564972 35.7012759745121 8.6137563884258253 49.639690458774567 4.4226276874542227 10.908413767814638 4.0887947380542746 3.9857650101184845 4.9991482198238373 3.1416259706020346 7.4478273689746839 2.5918308794498444 2.5521642416715622
leaf_count=14 115 119 96 957 16 317 393 1750 19 11 86 117 28 138 15 44 14 15 17 14 29 13 9
internal_value=0.000826911 0.00118489 -0.000486178 0.00368348 0.00500093 0.00620032 -0.00157705 -0.000954784 0.00944477 -0.00397435 -0.00613512 0.0157796 0.00245511 -0.00397784 -0.0111645 -0.0117818 -0.00360849 0.00348818 0.012036 -0.0159318 -0.0101252 -0.0143467 0.0146902
internal_weight=1413.81 1375.92 822.577 553.34 473.268 418.519 742.359 698.511 80.2183 80.0719 71.3174 41.0751 39.1432 54.7491 43.8478 37.8972 13.8075 9.71871 8.75453 24.0897 13.1813 10.0397 5.73295
internal_count=4346 4194 2533 1661 1428 1274 2273 2143 260 233 205 136 124 154 130 152 52 38 28 100 56 42 23
is_linear=0
shrinkage=0.03


Tree=108
num_leaves=24
num_cat=0
split_feature=0 0 27 9 29 7 27 7 27 29 13 27 27 17 10 33 33 33 13 26 33 29 28
split_gain=30.4673 14.1634 9.63643 10.3249 9.51802 8.11873 12.2315 12.8969 12.6007 8.41122 6.4642 4.56622 3.5595 7.4045 4.78483 2.2602 1.98193 3.18566 1.46023 4.91416 1.00592 0.563571 0.337204
threshold=0.30329549312591558 -3.1728779077529903 0.026736826635897163 0.40329450368881231 0.51250001788139354 58.051595687866218 0.026622274890542034 48.380487442016609 0.025842599570751194 0.17150000482797625 0.23035350441932681 0.027362042106688026 0.027172715403139595 1.0000000180025095e-35 -17.18626499176025 0.34379796683788305 0.29076088964939123 0.22595980763435367 -0.092675499618053422 1.001789450645447 1.1271625757217409 0.34749999642372137 -0.36536401510238642
decision_type=2 2 2 2 2 2 2 2 2 2 2 2 2 2 2 2 2 2 2 2 2 2 2
left_child=1 11 3 10 -5 6 7 8 -2 -9 -3 18 14 -14 -4 -13 17 -8 19 -1 -20 -18 -7
right_child=5 2 12 4 -6 22 16 9 -10 -11 -12 15 13 -15 -16 -17 21 -19 20 -21 -22 -23 -24
leaf_value=-0.016045768263787449 0.0036260501989645011 -0.0025627387805048671 -0.0069374505370648114 -0.013789168697480982 0.0020814617896174866 -0.009550943530087808 0.015331265664791824 0.013459696716507914 0.022086844051069508 -0.021435797326707164 0.010149624232811719 -0.0065965279289187809 -0.025526669593695126 0.0083709187727987761 0.016445276229280791 0.022649303150170861 0.027788676533450206 -0.0059864999390367331 -0.021759482809324045 0.028854933808739203 0 0.016319034851780104 -0.026553424447429492
leaf_weight=13.570512592792509 448.3105111271143 352.19063355028629 8.8503116518259031 138.00620234012604 43.679359674453735 4.9659159183502197 34.245315700769424 7.2967138588428488 35.793706297874451 27.342434749007225 39.424723714590073 6.0746585726737958 7.6475519090890911 19.385563284158707 40.447669252753258 3.0722091943025589 16.405612140893936 6.7485278546810141 53.87834270298481 2.0141465365886679 1.8427197039127339 17.630263835191727 5.7248608171939832
leaf_count=75 1185 1209 31 621 162 16 79 16 76 87 102 19 32 51 95 9 33 18 311 7 10 40 20
internal_value=-4.07711e-05 -0.00417067 -0.00267723 -0.00402154 -0.00992904 0.00493185 0.00541685 0.00374803 0.00503096 -0.013742 -0.0012487 -0.0160276 0.0072628 -0.0011811 0.0120392 0.00295828 0.0167345 0.0115751 -0.018592 -0.00896672 -0.0210203 0.0224304 -0.0202395
internal_weight=1334.55 730.085 649.632 573.301 181.686 604.464 593.773 518.743 484.104 34.6391 391.615 80.4526 76.3311 27.0331 49.298 9.14687 75.0297 40.9938 71.3057 15.5847 55.7211 34.0359 10.6908
internal_count=4304 2734 2303 2094 783 1570 1534 1364 1261 103 1311 431 209 83 126 28 170 97 403 82 321 73 36
is_linear=0
shrinkage=0.03


Tree=109
num_leaves=26
num_cat=0
split_feature=1 20 1 26 33 27 21 31 33 23 22 26 12 14 12 26 26 30 20 33 27 26 26 27 33
split_gain=33.1547 12.0912 11.3682 9.41563 8.82231 5.06359 4.94533 4.80787 4.10265 4.02253 3.76021 4.14441 3.74698 3.68854 3.37509 3.21985 2.80209 1.99398 1.28292 0.625593 2.06109 1.57981 1.06745 0.944419 0.306652
threshold=0.020139000378549102 -4.5034699440002433 0.58978450298309337 1.0020047426223757 0.083941992372274413 0.026736826635897163 0.69530001282691967 -0.014286321587860583 0.58837476372718822 7.8704805374145517 -0.94890400767326344 1.0036411285400393 -1.3307204842567442 -0.043829500675201409 -1.0000000180025095e-35 0.9979994297027589 0.99956032633781444 -0.26396302878856653 -3.537368535995483 0.17700691521167758 0.02045493666082621 1.0005134940147402 0.99880599975585949 0.024588667787611488 0.60493806004524242
decision_type=2 2 2 2 2 2 2 2 2 2 2 2 2 2 2 2 2 2 2 2 2 2 2 2 2
left_child=1 19 4 5 15 9 -7 13 18 -3 -4 17 -9 -6 -10 -2 -17 -12 -5 20 -1 -22 23 -21 -24
right_child=2 3 10 8 7 6 -8 12 14 -11 11 -13 -14 -15 -16 16 -18 -19 -20 22 21 -23 24 -25 -26
leaf_value=-0.0040862940051035277 -0.015944721311995973 0.0049184373483557534 -0.022867835674037381 -0.0015196927268868181 0.00084154322462688625 0.00022864310266325417 -0.017917969325581731 -0.002024814600235258 -0.0099331466703856553 -0.0031843271641594623 0.0070224105735772228 0.019173163513534014 -0.0090418159960443008 0.031704421386796834 0.02655360287803488 0.023511512074814663 0.0057935353323378012 -0.012404731562397861 -0.017071716934889902 0 0.025421505440165911 0 0.026783963699147352 0.020045940698913686 0.013150337763300473
leaf_weight=4.7510774433612815 4.0199685692787162 601.47487734258175 30.407376848161221 7.2622241377830496 14.909356579184534 52.266719132661819 17.298093065619469 118.6430244743824 3.7499597072601318 58.974948301911354 4.0578440129756919 3.4207292795181266 176.2152274698019 4.3435193896293631 4.031157284975051 10.732407942414282 39.134223222732544 111.38779044151306 31.702560365200043 5.8390244245529157 7.213397413492201 3.469004213809967 18.622809499502186 3.8744927048683167 6.7070824801921836
leaf_count=14 13 1785 152 20 51 155 61 395 13 173 17 13 585 13 12 36 128 424 103 19 21 11 57 12 21
internal_value=-0.00025943 0.00345823 -0.00621981 0.00251409 -0.00334574 0.00336139 -0.00425093 -0.00528761 -0.010423 0.00417942 -0.0132102 -0.0105788 -0.00625704 0.00888623 0.00834466 0.00775271 0.00998108 -0.0116169 -0.0144572 0.0176433 0.0106159 0.01785 0.0202922 0.00942809 0.0238468
internal_weight=1344.51 827.237 517.271 776.761 367.998 730.015 69.5648 314.111 46.7459 660.45 149.274 118.866 294.858 19.2529 7.78112 53.8866 49.8666 115.446 38.9648 50.4769 15.4335 10.6824 35.0434 9.71352 25.3299
internal_count=4304 2477 1827 2322 1221 2174 216 1044 148 1958 606 454 980 64 25 177 164 441 123 155 46 32 109 31 78
is_linear=0
shrinkage=0.03


Tree=110
num_leaves=25
num_cat=0
split_feature=1 29 9 31 33 33 4 34 9 14 27 14 29 26 27 26 4 34 27 4 7 29 29 27
split_gain=7.57839 6.50992 6.78007 7.07568 6.5771 6.73131 6.42851 5.33159 5.29515 5.2167 5.20876 3.98451 2.93367 2.45064 3.17408 4.43315 1.67008 1.65055 1.55485 1.51285 1.01867 0.41897 1.07139 0.420519
threshold=-0.77506297826766957 0.27349999547004705 0.34812349081039434 0.0086800293065607565 0.045307796448469169 1.4874336719512942 -5687.9118652343741 0.7344861924648286 0.33568349480628973 0.89248251914978038 0.026931623928248886 -0.14191749691963193 0.12350000068545343 1.0001917481422427 0.020394305698573593 1.0021987557411196 -1350.1771240234373 0.70252931118011486 0.01992830075323582 -553.43310546874989 25.983625411987308 0.96549999713897716 1.3184999823570254 0.027326895855367187
decision_type=2 2 2 2 2 2 2 2 2 2 2 2 2 2 2 2 2 2 2 2 2 2 2 2
left_child=13 2 8 6 7 9 -4 11 10 -6 -2 -3 -10 18 -15 17 -9 -16 -1 -5 -7 23 -23 -20
right_child=1 4 3 19 5 20 -8 16 12 -11 -12 -13 -14 14 15 -17 -18 -19 21 -21 -22 22 -24 -25
leaf_value=0 -0.0029799759702304105 -0.0162112236048935 -0.020934452860293155 -0.0019332616916306038 0.0050311349666773472 -0.0015457574689932839 0.0035447365897312419 0.00091662678077902122 -0.0010580218694151526 -0.0096827860266586394 0.028690467230301935 -0.0020518888156901495 -0.015380680964477774 -0.021102259571813085 0.025012913374810247 -0.020896946222050863 0.027755684424956163 0 -0.024358239834162101 -0.01982511693341639 -0.023954494275508414 0.0026298616881961267 -0.019407312832970602 -0.0053188350335807363
leaf_weight=3.5647581666708019 258.5941518843174 28.735786706209183 9.3817737698554975 7.6525274366140392 551.96264007687569 3.5748707354068738 311.14861741662025 4.8049842417240143 19.032010525465012 21.720655679702759 4.2179757356643668 51.148793607950211 51.711120173335075 5.5523909032344845 5.7548488676547986 3.7547172456979743 4.6573240607976896 4.8555582016706467 16.17873069643975 15.042127341032026 7.9528584778308868 2.7248995453119269 3.2650570273399353 2.8224023878574362
leaf_count=18 796 80 26 23 1674 11 970 15 57 62 15 149 151 26 23 13 16 18 63 43 21 10 14 10
internal_value=0.000294483 0.000720628 -0.00134875 0.00159126 0.00280962 0.00397564 0.00276872 -0.00470709 -0.0043988 0.00445042 -0.00238399 -0.00732635 -0.0116883 -0.0112879 -0.00256602 0.00446195 0.0157602 0.0147824 -0.0169127 -0.0143518 -0.0181067 -0.0195176 -0.00856533 -0.0222005
internal_weight=1399.81 1351.34 676.78 343.225 674.558 585.211 320.53 89.3469 333.555 573.683 262.812 79.8846 70.7431 48.4734 19.9175 14.3651 9.46231 10.6104 28.5558 22.6947 11.5277 24.9911 5.98996 19.0011
internal_count=4304 4109 2081 1062 2028 1768 996 260 1019 1736 811 229 208 195 80 54 31 41 115 66 32 97 24 73
is_linear=0
shrinkage=0.03


Tree=111
num_leaves=26
num_cat=0
split_feature=1 0 31 13 25 22 22 28 0 26 25 30 26 29 26 7 18 29 3 8 21 28 30 34 25
split_gain=33.9104 9.08222 6.59876 7.51557 6.07387 5.26399 4.92672 7.76872 6.83021 6.65444 10.0609 6.05569 5.76891 4.54265 9.52979 4.41202 3.37987 3.29853 5.19732 3.93113 3.02611 2.33579 1.57531 0.848031 0.474642
threshold=-0.16258350014686582 -3.1728779077529903 0.052884431555867202 -0.096115000545978532 0.002862373949028552 -2.4313384294509883 -0.37281650304794306 -0.37089323997497553 0.30329549312591558 1.0014045834541323 0.006354665383696557 0.1901546195149422 1.0011073946952822 1.0074999928474428 0.9986553192138673 57.676219940185554 0.2880184948444367 0.16849999874830249 42.641874313354499 -2.9440950155258174 0.28904999792575842 -0.25183296203613276 -0.2039980664849281 0.74386522173881542 0.002356833429075778
decision_type=2 2 2 2 2 2 2 2 2 2 2 2 2 2 2 2 2 2 2 2 2 2 2 2 2
left_child=1 15 3 4 -3 -5 7 17 11 12 -11 16 -9 14 -10 22 -8 18 -2 -19 -15 -17 -1 -24 -23
right_child=6 2 -4 5 -6 -7 8 9 13 10 -12 -13 -14 20 -16 21 -18 19 -20 -21 -22 24 23 -25 -26
leaf_value=0 0.028470272573649785 -0.017575777994114271 0.030336338549980465 0.000704766932317429 0.0015090386309450285 -0.0071857891044206715 0.0054931727698690662 -0.003159411956531633 -0.0091339525807870112 0.010890736454190498 -0.024939218985041537 0.024906519029677762 -0.022153406978829494 0.037969584957790771 0.0082148430714575425 -0.015957847679863173 -0.0047737208825819697 0.0088754291840747648 0.0013204632336118061 -0.0052035952442125591 0.010778860418432014 0.014791899435220593 -0.021539429851927517 0 0
leaf_weight=3.9899215102195731 14.530783772468569 65.87134425342083 4.1406969577074042 152.7309802621603 18.205875366926193 147.40179432928562 39.534497559070587 198.6188817024231 30.633548617362976 56.062882110476494 7.4615493863821021 7.5936608612537375 15.312525376677511 6.7325192689895657 296.04454272985458 5.2083174586296073 99.211134076118469 52.95394928753376 12.334006324410437 25.541590988636017 11.547976166009901 4.423915743827818 57.229169115424156 1.7613243907690037 4.261874258518219
leaf_count=21 31 303 11 504 67 600 104 586 89 153 25 18 54 13 730 18 334 147 36 78 28 11 345 8 12
internal_value=-0.000340564 -0.00688568 -0.00497445 -0.00541733 -0.0133523 -0.00314603 0.00313456 0.000555288 0.00512341 -0.00205408 0.0063797 -0.000248515 -0.0046094 0.00742542 0.00654902 -0.0163299 -0.00177439 0.00748906 0.0165862 0.0041764 0.0220164 -0.000334252 -0.0196865 -0.0209137 0.00841313
internal_weight=1339.34 465.225 388.351 384.21 84.0772 300.133 874.114 382.816 491.298 277.456 63.5244 146.339 213.931 344.959 326.678 76.8745 138.746 105.36 26.8648 78.4955 18.2805 13.8941 62.9804 58.9905 8.68579
internal_count=4326 1900 1485 1474 370 1104 2426 1110 1316 818 178 456 640 860 819 415 438 292 67 225 41 41 374 353 23
is_linear=0
shrinkage=0.03


Tree=112
num_leaves=26
num_cat=0
split_feature=1 1 29 21 27 27 30 0 8 6 2 27 25 2 27 27 0 33 29 16 34 32 0 29 30
split_gain=34.0215 10.0577 6.09275 9.24626 9.61204 6.33036 7.54828 7.3263 6.12898 5.60062 6.71831 7.87642 7.60611 5.41806 6.76129 5.34483 5.28403 3.51864 2.77353 2.52681 3.20093 2.95353 1.38134 1.27441 1.09218
threshold=-0.15377149730920789 0.64156350493431102 0.25749999284744268 0.16405000537633899 0.02070983033627272 0.026736826635897163 0.051935322582721717 -2.5905750989913936 1.3102654814720156 0.038402499631047256 2476.3061523437505 0.020533004775643352 0.00040257575165014719 3754.2946777343755 0.020415175706148151 0.027442594990134243 1.6765595078468325 0.050931576639413841 0.17850000411272052 -0.60785751044750203 0.5920597016811372 -0.0075263658072799436 4.1844710111618051 0.20150000602006915 0.37479034066200262
decision_type=2 2 2 2 2 2 2 2 2 2 2 2 2 2 2 2 2 2 2 2 2 2 2 2 2
left_child=2 13 9 4 8 6 -5 -7 -4 18 12 -12 -11 15 -15 16 -2 -16 -1 20 -3 22 -21 -22 -23
right_child=1 19 3 5 -6 7 -8 -9 -10 10 11 -13 -14 14 17 -17 -18 -19 -20 21 23 24 -24 -25 -26
leaf_value=-0.025869663243286656 -0.002781121838015804 0.017154824341880415 0.0078053972010863676 0.0096972140091975724 -0.025978064980783668 0.015220592817515982 -0.0065103887913314984 -0.0088049870750395842 -0.011272095966017403 0.015880672081653797 0.017312369707994699 0.006009005865957694 -0.0073947325069271229 0.029089989863499293 0.0061495669270571866 -0.0211640040469585 0.0068337534319485634 -0.015787574244014089 0.0022748465736561353 0.01800276225600007 -0.0034446882098488701 -0.017709073383546565 -0.0089855538039470915 -0.01767098354902592 0.0012245244174052404
leaf_weight=5.9109420329332334 443.35198399424553 4.2248142510652569 31.318800464272499 168.93030770123005 18.154789134860039 13.998058587312697 29.469048827886581 51.238258302211761 28.237080574035645 17.468970030546188 98.603233993053436 136.23357130587101 41.928528249263763 2.9655248820781699 6.5125010162591925 12.582963377237318 57.290766984224319 58.318134933710098 5.0134323388338089 2.8815164417028418 17.590377762913707 77.919606350362301 2.5614136755466461 10.031769827008246 1.860061690211295
leaf_count=16 1419 16 92 509 57 39 91 171 90 50 286 395 127 9 22 40 192 196 18 11 69 356 12 35 8
internal_value=-0.000299907 -0.00489682 0.00464984 0.00185704 -0.0071625 0.00455829 0.00723427 -0.00343624 -0.00110845 0.00773624 0.00854314 0.01082 -0.000323691 -0.00325358 -0.0112255 -0.00217308 -0.00165717 -0.0134159 -0.0126315 -0.0129272 -0.00517418 -0.0156724 0.00410036 -0.00915373 -0.0171507
internal_weight=1344.6 698.091 646.505 341.346 77.7107 263.636 198.399 65.2363 59.5559 305.159 294.234 234.837 59.3975 581.022 67.7962 513.226 500.643 64.8306 10.9244 117.07 31.847 85.2226 5.44293 27.6221 79.7797
internal_count=4326 2385 1941 1049 239 810 600 210 182 892 858 681 177 1878 227 1651 1611 218 34 507 120 387 23 104 364
is_linear=0
shrinkage=0.03


Tree=113
num_leaves=23
num_cat=0
split_feature=1 17 17 33 22 27 31 33 29 33 23 30 34 27 2 27 27 26 26 3 25 29
split_gain=6.38435 5.87532 9.28646 5.45076 4.92886 5.46275 5.81018 4.54552 9.38325 4.46795 3.2059 2.30668 2.02031 2.24737 2.23952 1.74778 2.22917 1.26454 3.09947 0.762281 1.40231 0.436862
threshold=-0.77992299199104298 0.81174498796463024 1.0000000180025095e-35 0.8635602891445161 -0.11067499592900275 0.026100608520209793 -0.0051738878246396771 0.23767333477735522 0.16950000077486041 0.97367084026336681 -1.5700654983520506 0.019462428987026218 0.60535719990730297 0.019356613047420982 3381.634643554688 0.019866458140313629 0.019676237367093567 1.0010331273078921 1.0021987557411196 31.627449989318851 0.0059670784976333388 0.23050000518560412
decision_type=2 2 2 2 2 2 2 2 2 2 2 2 2 2 2 2 2 2 2 2 2 2
left_child=15 2 7 10 5 6 -3 8 -2 -9 -4 -7 14 -14 -6 16 -1 19 -19 20 -17 -5
right_child=1 4 3 21 12 11 -8 9 -10 -11 -12 -13 13 -15 -16 17 -18 18 -20 -21 -22 -23
leaf_value=-0.01552916912569647 -0.0097964906085881605 -0.0061197884633473381 -0.00024257225930117253 -0.0089532120904906014 0 -0.016483640589184778 0.015261521262110996 0.0050256639103784667 0.0020417726583902645 -0.004514197396853761 -0.0061005669307763024 0.0054724970797432795 0.016929845373991347 -0.003102363105197774 0.031031458739563127 0.0071137111817821848 0.022067001010862015 0.017191200982156235 -0.020414927989980285 -0.020427734772029686 -0.018936957632998384 -0.020451768349689616
leaf_weight=1.983168527483939 76.854343697428703 12.270174592733381 207.32168236374855 9.3809383958578128 3.4391744136810294 8.5465607196092588 85.393951967358589 403.03024192154408 270.68190909922123 48.233805909752846 145.00627152621746 7.0375515371561042 4.8723778128623954 66.482188403606415 3.3132438808679581 2.9334156811237397 2.5489637702703476 3.2802389413118354 3.535743847489357 19.087759152054787 3.0051798224449158 16.63719367980957
leaf_count=10 225 33 645 31 9 20 272 1246 820 142 447 20 15 191 12 11 13 13 13 77 13 48
internal_value=0.00061813 0.000955787 0.000154435 -0.00370608 0.00582525 0.00980983 0.0124661 0.00199538 -0.0005606 0.0039822 -0.00268426 -0.00614712 0 -0.00150094 0.0151127 -0.011682 0.0039188 -0.0142071 -0.00114852 -0.0173188 -0.00511806 -0.0168923
internal_weight=1404.88 1368.5 1177.15 378.346 191.355 113.248 97.6641 798.8 347.536 451.264 352.328 15.5841 78.107 71.3546 6.75242 36.3745 4.53213 31.8423 6.81598 25.0264 5.9386 26.0181
internal_count=4326 4176 3604 1171 572 345 305 2433 1045 1388 1092 40 227 206 21 150 23 127 26 101 24 79
is_linear=0
shrinkage=0.03


Tree=114
num_leaves=24
num_cat=0
split_feature=1 27 21 25 27 27 22 0 27 30 26 29 7 29 25 29 17 13 33 34 30 25 26
split_gain=25.2216 13.0484 8.91577 10.2771 8.53727 8.27644 8.99198 7.70843 7.32738 7.71285 6.45179 5.57293 5.25167 4.45859 5.9794 5.16474 4.85927 4.06319 3.26506 2.46476 2.3871 2.0157 1.6177
threshold=-0.15377149730920789 0.026672904379665855 0.30470000207424169 0.002862373949028552 0.020346667617559436 0.018917583860456947 4.0816555023193368 -2.2767890691757198 0.0198379484936595 -0.34638766944408411 1.0026916861534121 0.63250002264976513 57.42767524719239 0.37749999761581426 0.0011096558300778272 0.48350000381469732 -0.5617450177669524 -0.032884499058127396 0.31146073341369634 0.59634447097778331 0.051935322582721717 0.0032588909380137925 1.0014045834541323
decision_type=2 2 2 2 2 2 2 2 2 2 2 2 2 2 2 2 2 2 2 2 2 2 2
left_child=1 2 3 7 -5 21 8 -1 10 -10 -7 17 20 14 -3 22 -17 -8 -13 -16 -4 -2 -15
right_child=5 13 12 4 -6 6 11 -9 9 -11 -12 18 -14 15 19 16 -18 -19 -20 -21 -22 -23 -24
leaf_value=-0.019732501970923157 -0.024929997837192276 -0.017869735222019109 -0.017198175644913969 -0.011892870085963523 0.018840443772593606 -0.011275668755613848 0.0062050523277093015 -0.0046348895940240093 0.028243509290323252 0.002484222259730412 0.028576755472229497 0.00067616116040346698 0.014025873661351449 -0.02435119675665736 -0.0052573149340018983 -0.01817102053421317 0.0085961524606447126 0.01769333335347318 -0.031239486341390024 0.014433871234733095 -0.00072341976909263365 0.0012418603821341384 0
leaf_weight=37.485209837555885 11.189667046070097 5.9838751405477515 112.10600224882364 10.917054787278174 26.237001597881317 51.309694305062294 53.485619634389877 172.27783347666264 10.222226619720457 644.26368902623653 3.3487456142902365 14.580180734395983 4.8041133880615225 10.150902912020682 5.4949592947959891 7.1689125001430503 27.914316326379776 67.23396047949791 2.9499469697475424 48.841273963451385 9.7966242879629117 2.5418441593646994 2.8339930176734915
leaf_count=213 51 22 577 48 83 162 130 650 22 1808 8 38 13 38 16 32 75 156 10 127 48 8 8
internal_value=-4.45012e-05 -0.00554257 -0.00820601 -0.00481533 0.00953298 0.00302401 0.00341223 -0.00741618 0.00202829 0.00292154 -0.00843396 0.0104133 -0.0146979 0.00355142 0.0089905 -0.003111 0.00269514 0.0127242 -0.00491277 0.0122486 -0.0159561 -0.0195795 -0.018984
internal_weight=1343.14 482.012 373.624 246.917 37.1541 861.126 847.394 209.763 709.144 654.486 54.6584 138.25 126.707 108.388 60.3201 48.0681 35.0832 120.72 17.5301 54.3362 121.903 13.7315 12.9849
internal_count=4343 1950 1632 994 131 2393 2334 863 2000 1830 170 334 638 318 165 153 107 286 48 143 625 59 46
is_linear=0
shrinkage=0.03


Tree=115
num_leaves=26
num_cat=0
split_feature=1 1 27 3 27 27 4 16 12 8 29 0 2 6 29 27 28 32 1 27 27 27 29 29 28
split_gain=27.7689 15.1322 4.51659 15.9809 8.45173 7.01615 5.9205 4.96409 4.84725 4.23087 6.53756 5.37225 4.18956 2.53619 2.42789 2.26667 1.89602 1.11901 2.03845 0.623725 0.60699 1.45987 0.568889 1.66418 0.134045
threshold=0.64156350493431102 -0.45222748816013331 0.020522944629192356 42.985136032104499 0.022830781526863578 0.0255920859053731 -907.44018554687489 1.0000000180025095e-35 -1.718501031398773 -5.2055799961090079 0.64750000834465038 -2.3612949848175044 2476.3061523437505 0.051688499748706825 0.21450000256299975 0.025674450211226944 0.20559728890657428 -0.021105417050421234 0.76505199074745189 0.019419435411691669 0.020563698373734954 0.020484949462115768 0.84749999642372142 1.0805000066757204 -0.30317328870296473
decision_type=2 2 2 2 2 2 2 2 2 2 2 2 2 2 2 2 2 2 2 2 2 2 2 2 2
left_child=1 9 3 7 6 -6 -4 -3 -5 14 12 -12 -11 16 -1 -16 19 18 -15 -2 21 -18 -19 -24 -21
right_child=13 2 4 8 5 -7 -8 -9 -10 10 11 -13 -14 17 15 -17 20 22 -20 24 -22 -23 23 -25 -26
leaf_value=0.025667973751397562 0 0.012783505928529797 -0.013509035423614046 0.0072691164325474743 0.0074378062288908229 -0.0028329429505259949 -0.0022641670821973636 0.039950431391117196 -0.0025466337565021183 -0.0020621341838504511 0 -0.023426936648296121 0.0074556562057347077 -0.018954753547293555 0.0068606547305210706 0.026643073903330306 -0.0015139159710857212 -0.020027872848585201 0.014510745933879344 -0.0098587746755370263 -0.0091658915633759802 0.021163624907222216 0.0043411948068659825 -0.019708297749476987 -0.019759579482595144
leaf_weight=11.639353603124617 3.7040482014417675 23.337922632694244 94.862583622336388 54.398319602012634 79.795080289244652 234.18306356668472 79.876502051949501 9.1291186213493329 253.27739036083221 47.785635113716125 29.009072110056877 11.708484441041945 256.08736312389374 2.9658368974924079 44.090546756982803 6.1262058317661277 9.9563772678375262 60.55189024657011 2.4529433995485306 10.318707332015041 4.3544429391622534 2.6890378147363654 3.7327066361904127 4.9392277598381042 9.1958214789628947
leaf_count=34 15 66 318 169 273 748 250 26 783 141 86 31 762 12 133 19 37 282 9 39 16 10 20 29 35
internal_value=-0.000301038 0.00100629 -0.00131024 0.00132457 -0.00316192 -0.000186418 -0.00844128 0.0211854 -0.000772987 0.00574826 0.00439937 -0.00672709 0.00592844 -0.0143825 0.0130229 0.00969035 -0.00775493 -0.0177583 -0.00233911 -0.0132358 0 0.00324535 -0.0188108 -0.00870295 -0.0153511
internal_weight=1350.17 1235.31 828.86 340.143 488.717 313.978 174.739 32.467 307.676 406.447 344.591 40.7176 303.873 114.861 61.8561 50.2168 40.2184 74.6426 5.41878 23.2186 16.9999 12.6454 69.2238 8.67193 19.5145
internal_count=4343 3839 2633 1044 1589 1021 568 92 952 1206 1020 117 903 504 186 152 152 352 21 89 63 47 331 49 74
is_linear=0
shrinkage=0.03


Tree=116
num_leaves=31
num_cat=0
split_feature=29 9 33 25 26 4 9 3 21 25 29 34 28 1 34 25 34 0 10 13 29 26 18 12 28 29 33 22 25 33
split_gain=9.2711 6.77088 5.09848 4.81905 4.73312 5.39854 4.48142 4.27492 3.84719 11.6802 7.59272 5.33648 4.61768 4.32465 3.9086 3.82367 3.97326 3.79509 3.7346 3.4625 4.82037 3.4285 2.87309 2.10167 1.99139 0.579315 0.741998 0.312393 0.0910123 0.049381
threshold=0.25550000369548803 0.34812349081039434 0.039374308660626418 0.0022597947390750055 1.000700116157532 1231.4156494140627 0.34036150574684149 56.852973937988288 0.14840000122785571 0.002835816354490817 0.40749999880790716 0.69033643603324901 -0.72885197401046742 0.47869049012660986 0.64809098839759838 0.004032423486933113 0.7344861924648286 -1.8333045244216917 3.4640879631042485 0.13647849857807162 1.0254999995231631 1.0006483793258669 0.16993050277233127 -1.3710424900054929 0.54195773601531994 0.2034999951720238 0.30462311208248144 1.1967009902000429 0.0024379567475989465 0.18427035957574847
decision_type=2 2 2 2 2 2 2 2 2 2 2 2 2 2 2 2 2 2 2 2 2 2 2 2 2 2 2 2 2 2
left_child=1 6 15 4 17 -6 7 22 9 13 12 -12 -10 -4 -11 16 23 -3 28 20 -17 -9 -1 -2 -21 29 -27 -18 -5 -8
right_child=2 3 8 18 5 -7 25 21 10 14 11 -13 -14 -15 -16 19 27 -19 -20 24 -22 -23 -24 -25 -26 26 -28 -29 -30 -31
leaf_value=-0.00022107947728834245 -0.0010429089264240828 -0.0058758875681097587 0.016964601212443715 0.044849048682671144 -0.011387941454157115 0.022152420152697937 -0.0077911980787908654 0.012026205345739879 -0.015248593986974908 -0.013840075758746479 0.0098405282918374529 0.0012978337454006713 -0.00042866477633979181 0.0026674939098709429 0.0021130783261844523 0.027536793857894475 0.001056200214356951 0.0034456423173312959 -0.001138171960524033 -0.017084572596832222 0 -0.014880463128604093 -0.0071472305665314867 -0.017240289581707882 0.0077933745838151703 -0.00027312163052989607 -0.016272781366065189 0.017900418813759311 0.017894767560033192 -0.02199547052381589
leaf_weight=77.703222796320915 11.036057114601133 46.869074434041977 79.668254777789116 2.9269391447305662 45.943979144096375 4.1379597783088675 3.15472279489041 22.612653329968456 20.465956836938858 19.373316735029221 133.2079361230135 135.38738150894642 211.10779592394829 27.320857107639313 42.96133579313755 8.2465703189373034 3.2949562519788733 218.93760387599468 3.3890085518360138 8.7416283637285215 15.239173680543898 4.513616055250167 198.51788981258869 30.824285238981247 3.2943849563598624 6.3160011917352659 6.1479985564947128 2.9539920538663864 2.8930206596851349 14.824251174926756
leaf_count=233 33 158 265 11 135 14 10 70 59 52 421 402 635 81 128 29 10 667 10 25 44 12 642 86 10 20 18 10 10 43
internal_value=0.00033656 -0.00225414 0.00261503 0.00080343 0.000134673 -0.0082472 -0.00525575 -0.00409865 0.00349516 0.00741959 0.00214254 0.00557838 -0.00180723 0.0134268 -0.00277253 -0.00430262 -0.00981777 0.00176026 0.021628 0.00294963 0.00977952 0.00703506 -0.00523529 -0.0132452 -0.00951803 -0.0162422 -0.00918258 0.0110886 0.0353503 -0.0202684
internal_weight=1412.01 658.888 753.124 325.098 315.889 50.0819 333.79 303.347 669.493 169.324 500.169 268.595 231.574 106.989 62.3347 83.631 48.1093 265.807 9.20897 35.5218 23.4857 27.1263 276.221 41.8603 12.036 30.443 12.464 6.24895 5.81996 17.979
internal_count=4343 2053 2290 1005 974 149 1048 957 2043 526 1517 823 694 346 180 247 139 825 31 108 73 82 875 119 35 91 38 20 21 53
is_linear=0
shrinkage=0.03


Tree=117
num_leaves=29
num_cat=0
split_feature=1 27 4 29 27 17 2 1 0 27 13 29 28 13 16 33 33 29 27 0 33 34 33 33 33 34 27 33
split_gain=28.9268 7.8783 11.1019 18.1915 7.54112 7.42557 6.7609 6.52625 6.34926 6.31925 6.20222 6.07338 7.99472 5.46943 5.64732 4.50459 4.01469 3.79228 3.25613 2.98696 2.92846 5.07065 2.54116 2.28936 3.83669 1.90907 1.90622 1.38185
threshold=-0.28113849461078638 0.026762715540826324 -1981.7054443359373 0.25550000369548803 0.025772347114980224 -0.5617450177669524 4442.7468261718759 0.49567300081253057 -3.1728779077529903 0.027362042106688026 0.053404500707983978 0.64750000834465038 -0.27899484336376185 0.043829500675201423 0.60785751044750225 0.38970860838890081 0.30462311208248144 0.42849999666213995 0.028179036453366283 -2.5905750989913936 0.34379796683788305 0.72665143013000499 0.062086986377835281 0.082074869424104704 0.045307796448469169 0.74207592010498058 0.02728238329291344 0.062086986377835281
decision_type=2 2 2 2 2 2 2 2 2 2 2 2 2 2 2 2 2 2 2 2 2 2 2 2 2 2 2 2
left_child=8 2 3 5 7 -2 -5 -4 9 25 11 16 -13 23 15 -15 -10 -6 -16 -12 21 -11 -21 24 -3 27 -25 -1
right_child=1 13 4 6 17 -7 -8 -9 10 20 19 12 -14 14 18 -17 -18 -19 -20 22 -22 -23 -24 26 -26 -27 -28 -29
leaf_value=-0.005638198015793754 -0.017580644750605327 0.018260740289676246 0.00072419939480479771 -0.020738783988320384 0.023690874411507832 0.014013856304271481 -0.0013857552766779922 0.0072087025622036881 -0.0065080387665496023 -0.024797154647745338 -0.02034713427902677 -0.022668989624760029 0.019372640806759569 0.0020272584692039319 0.022635728228820644 -0.023038348184174384 -0.01733852681919134 0.0020879739657871563 -0.0019904507326797315 -0.012351352876382728 0.025945295310656386 0.022257583100580385 0.0020096895114964848 0.025088465781698176 -0.020714687537181913 0.0030877962552182401 0.011846908021492132 -0.021431136923252651
leaf_weight=7.744042605161666 7.4192048013210288 4.8240572512149793 502.59684488177299 55.584991484880447 23.368331789970398 38.300853282213211 24.427442014217377 195.12257255613804 73.737192183732986 4.4512224793434125 5.9062065482139579 5.2116546183824566 13.017249524593351 19.757588058710102 14.081487447023393 8.6765050590038282 59.248851552605629 12.082919806241987 6.1628499925136557 11.662583261728285 3.6219708770513535 2.926780954003334 118.41891452670097 26.015828967094421 3.4227246344089508 2.6649873554706565 24.038479447364807 53.674284726381302
leaf_count=39 26 10 1496 207 49 93 74 487 314 16 35 23 44 58 31 31 285 30 18 42 10 7 409 54 11 11 53 330
internal_value=9.47571e-05 0.00281304 0.00184094 -0.00635457 0.00326204 0.00855743 -0.0149875 0.00255439 -0.00712148 -0.0149277 -0.00502703 -0.00919954 0.00658807 0.0104891 0.00279505 -0.00557626 -0.0114476 0.0167097 0.0148378 -0.000304659 0.00525578 -0.00476064 0.00061085 0.0166818 0.000796088 -0.0185454 0.0190873 -0.0196468
internal_weight=1328.17 965.883 858.903 125.732 733.171 45.7201 80.0124 697.719 362.286 75.0833 287.203 151.215 18.2289 106.98 48.6784 28.4341 132.986 35.4513 20.2443 135.988 11 7.378 130.081 58.3011 8.24678 64.0833 50.0543 61.4183
internal_count=4293 2728 2462 400 2062 119 281 1983 1565 413 1152 666 67 266 138 89 599 79 49 486 33 23 451 128 21 380 107 369
is_linear=0
shrinkage=0.03


Tree=118
num_leaves=26
num_cat=0
split_feature=1 1 23 23 25 21 34 0 33 1 29 34 25 32 31 0 29 22 28 25 28 9 28 26 25
split_gain=26.6195 12.9398 5.02378 4.68294 6.18831 4.31802 3.76714 3.69963 3.92034 3.32874 3.67072 2.77129 2.48366 2.21422 2.42334 2.1647 2.09833 2.08524 1.82431 1.51985 3.13006 1.32298 0.891223 0.704864 0.503962
threshold=0.64156350493431102 -0.33359099924564356 2.8623635768890385 -3.0115330219268794 0.0051415166817605504 0.49999998509883886 0.72974395751953136 1.4933019876480105 0.09614508226513864 -0.50438550114631642 0.25749999284744268 0.72225913405418407 0.00068880614708177756 -0.010675145778805016 0.03072429541498423 2.0717550516128544 0.1865000054240227 4.8095393180847177 -0.18846828490495679 0.00030861473351251339 0.171320416033268 0.33198650181293493 -0.54297950863838185 0.99985381960868847 0.0061466584447771319
decision_type=2 2 2 2 2 2 2 2 2 2 2 2 2 2 2 2 2 2 2 2 2 2 2 2 2
left_child=1 2 9 7 5 -5 18 8 -3 11 -11 -1 19 14 -14 -6 -9 -8 -4 -2 23 22 -15 -21 -23
right_child=12 3 6 4 15 -7 17 16 -10 10 -12 -13 13 21 -16 -17 -18 -19 -20 20 -22 24 -24 -25 -26
leaf_value=0.011311590615186922 -0.019428356627017734 0.0047687923523497943 -0.005979848025631551 0 -0.022337559518761794 0.0091239121162631186 0.021699723206584056 0.0007188316057440096 -0.0048617639914246375 0.0089958317361346646 0 0.0014170188594312858 0.015906530625788212 0 -0.018471070847342525 0 -0.015905165369628778 0 0.0013706192851644301 0.00037090446724072709 0.02123234118522923 -0.021240476292589978 -0.013847341010997667 -0.015256852812030826 -0.0054267271551279375
leaf_weight=144.46175548434258 3.1690325886011115 45.238408342003822 56.398298919200897 363.71766571700573 13.578670009970667 52.782191619277 9.6129179000854474 7.1838518977165213 207.40089203417301 67.517353340983391 107.10207797586918 33.701490700244904 3.7362239509820929 6.1325492411851874 2.7509699910879135 5.2023578286170951 34.325826466083527 5.5250756144523612 61.754784911870956 2.99757072329521 4.5451429635286331 51.109351940453053 32.407385542988777 4.8065174371004105 3.9274876341223708
leaf_count=436 11 145 170 1125 44 172 29 24 682 192 329 99 15 24 12 15 124 14 184 13 18 253 126 16 21
internal_value=-0.000383929 0.00091957 0.00471356 -0.00159782 0.000359673 0.00114772 -0.00018314 -0.00452075 -0.00309572 0.00658679 0.00354494 0.0094995 -0.0141144 -0.0158567 0 -0.0162263 -0.0128396 0.0135831 -0.00207256 -0.00217418 0.00213684 -0.017028 -0.0118778 -0.00850948 -0.0203331
internal_weight=1331.09 1215.5 486.074 729.43 435.281 416.5 133.291 294.149 252.639 352.783 174.619 178.163 115.582 100.064 6.48719 18.781 41.5097 15.138 118.153 15.5183 12.3492 93.5768 38.5399 7.80409 55.0368
internal_count=4293 3784 1453 2331 1356 1297 397 975 827 1056 521 535 509 451 27 59 148 43 354 58 47 424 150 29 274
is_linear=0
shrinkage=0.03


Tree=119
num_leaves=25
num_cat=0
split_feature=9 29 25 8 7 27 7 27 1 27 27 33 26 17 2 29 25 12 26 12 25 27 4 28
split_gain=4.97391 5.53437 5.61131 5.4477 5.29733 5.07303 9.39191 5.91198 7.74819 5.00707 4.36472 4.3588 5.3439 4.06638 3.90648 5.20614 4.65229 3.56134 3.21902 3.14852 3.05246 2.47676 1.20906 0.231181
threshold=0.34812349081039434 0.25249999761581426 0.0021379351383075122 -5.502518653869628 22.169844627380375 0.02728238329291344 51.786706924438484 0.026694961823523048 0.64707750082016002 0.020586381666362289 0.020538094453513626 0.14693258702754977 1.0002578496932986 0.81174498796463024 2910.2458496093755 0.40749999880790716 0.002356833429075778 0.12794599682092669 1.0000154972076418 0.76144251227378856 0.0017329840338788929 0.026972455903887752 -3198.515014648437 -0.43184462189674372
decision_type=2 2 2 2 2 2 2 2 2 2 2 2 2 2 2 2 2 2 2 2 2 2 2 2
left_child=1 3 11 23 9 7 18 8 13 -5 -10 20 -13 -2 15 -4 -16 22 -7 -6 -3 -19 -9 -1
right_child=5 2 14 4 19 6 -8 17 10 -11 -12 12 -14 -15 16 -17 -18 21 -20 -21 -22 -23 -24 -25
leaf_value=-0.0076523869767179875 0.00099556060794339435 -0.013428257035686371 0.0047902248088526212 -0.0022585564219104503 -0.0080843587481260349 -0.012367710937002363 0.041526228977853068 0.008203375694606125 0.002632748870439708 0.011588465749917884 0.030458229345489495 0.019706261775493693 0.0018576928465938421 0.010801139435004974 -0.012021181600032427 -0.016919394134506757 0.0030819308739616406 -0.024896351116914846 0.017916241679354451 0.0055371147305826717 0.0070025824351251627 -0.0040230844169084554 -0.0046853438719800791 -0.025334270819409511
leaf_weight=3.0091340839862815 666.38702422380447 12.261391907930376 14.023863628506659 93.380857706069946 166.33680211007595 7.2950412482023257 7.6685412228107444 8.2317465692758542 9.5514411628246325 30.66390272974968 12.910200655460356 34.16175602376461 29.093472555279732 40.211452335119247 21.090210646390915 28.455736070871353 119.50241759419441 13.627684533596041 4.8109966814517975 15.660177499055861 12.604499787092207 10.204750776290892 23.877478569746017 11.032435566186903
leaf_count=10 2052 35 43 273 549 19 27 24 26 94 42 114 89 125 56 79 366 31 17 51 40 27 72 32
internal_value=0.000269473 -0.00181117 0.00131542 -0.0044862 -0.00359227 0.0018095 0.0166689 0.00141335 0.00214591 0.00112495 0.0193328 0.00753129 0.0117171 0.00157355 -0.00163991 -0.00957061 0.000717963 -0.00790871 0 -0.00685101 -0.00278318 -0.0165949 -0.00102999 -0.0225573
internal_weight=1396.05 591.277 271.193 320.083 306.042 804.776 19.7746 785.002 729.06 124.045 22.4616 88.1211 63.2552 706.598 183.072 42.4796 140.593 55.9417 12.106 181.997 24.8659 23.8324 32.1092 14.0416
internal_count=4293 1831 822 1009 967 2462 63 2399 2245 367 68 278 203 2177 544 122 422 154 36 600 75 58 96 42
is_linear=0
shrinkage=0.03


end of trees

feature_importances:
Column_27=586
Column_29=266
Column_25=208
Column_33=192
Column_1=181
Column_0=155
Column_26=148
Column_34=147
Column_28=121
Column_9=109
Column_7=100
Column_13=80
Column_3=74
Column_2=69
Column_12=66
Column_30=59
Column_10=58
Column_4=55
Column_22=53
Column_23=51
Column_32=50
Column_21=49
Column_18=48
Column_6=46
Column_16=39
Column_31=38
Column_8=37
Column_17=34
Column_20=26
Column_14=19
Column_15=5

parameters:
[boosting: gbdt]
[objective: multiclass]
[metric: multi_logloss]
[tree_learner: serial]
[device_type: cpu]
[data_sample_strategy: bagging]
[data: ]
[valid: ]
[num_iterations: 500]
[learning_rate: 0.03]
[num_leaves: 31]
[num_threads: 6]
[seed: 42]
[deterministic: 0]
[force_col_wise: 0]
[force_row_wise: 0]
[histogram_pool_size: -1]
[max_depth: 5]
[min_data_in_leaf: 10]
[min_sum_hessian_in_leaf: 0.001]
[bagging_fraction: 0.8]
[pos_bagging_fraction: 1]
[neg_bagging_fraction: 1]
[bagging_freq: 1]
[bagging_seed: 400]
[bagging_by_query: 0]
[feature_fraction: 0.8]
[feature_fraction_bynode: 1]
[feature_fraction_seed: 30056]
[extra_trees: 0]
[extra_seed: 12879]
[early_stopping_round: 50]
[early_stopping_min_delta: 0]
[first_metric_only: 0]
[max_delta_step: 0]
[lambda_l1: 0.3]
[lambda_l2: 0.5]
[linear_lambda: 0]
[min_gain_to_split: 0]
[drop_rate: 0.1]
[max_drop: 50]
[skip_drop: 0.5]
[xgboost_dart_mode: 0]
[uniform_drop: 0]
[drop_seed: 17869]
[top_rate: 0.2]
[other_rate: 0.1]
[min_data_per_group: 100]
[max_cat_threshold: 32]
[cat_l2: 10]
[cat_smooth: 10]
[max_cat_to_onehot: 4]
[top_k: 20]
[monotone_constraints: ]
[monotone_constraints_method: basic]
[monotone_penalty: 0]
[feature_contri: ]
[forcedsplits_filename: ]
[refit_decay_rate: 0.9]
[cegb_tradeoff: 1]
[cegb_penalty_split: 0]
[cegb_penalty_feature_lazy: ]
[cegb_penalty_feature_coupled: ]
[path_smooth: 0]
[interaction_constraints: ]
[verbosity: -1]
[saved_feature_importance_type: 0]
[use_quantized_grad: 0]
[num_grad_quant_bins: 4]
[quant_train_renew_leaf: 0]
[stochastic_rounding: 1]
[linear_tree: 0]
[max_bin: 255]
[max_bin_by_feature: ]
[min_data_in_bin: 3]
[bin_construct_sample_cnt: 200000]
[data_random_seed: 175]
[is_enable_sparse: 1]
[enable_bundle: 1]
[use_missing: 1]
[zero_as_missing: 0]
[feature_pre_filter: 1]
[pre_partition: 0]
[two_round: 0]
[header: 0]
[label_column: ]
[weight_column: ]
[group_column: ]
[ignore_column: ]
[categorical_feature: ]
[forcedbins_filename: ]
[precise_float_parser: 0]
[parser_config_file: ]
[objective_seed: 16083]
[num_class: 3]
[is_unbalance: 0]
[scale_pos_weight: 1]
[sigmoid: 1]
[boost_from_average: 1]
[reg_sqrt: 0]
[alpha: 0.9]
[fair_c: 1]
[poisson_max_delta_step: 0.7]
[tweedie_variance_power: 1.5]
[lambdarank_truncation_level: 30]
[lambdarank_norm: 1]
[label_gain: ]
[lambdarank_position_bias_regularization: 0]
[eval_at: ]
[multi_error_top_k: 1]
[auc_mu_weights: ]
[num_machines: 1]
[local_listen_port: 12400]
[time_out: 120]
[machine_list_filename: ]
[machines: ]
[gpu_platform_id: -1]
[gpu_device_id: -1]
[gpu_use_dp: 0]
[num_gpu: 1]

end of parameters

pandas_categorical:null
