time,open,high,low,close,tick_volume,spread,real_volume
2026-04-12 22:45:00,70826.34,70945.83,70780.37,70903.64,620,1400,0
2026-04-12 23:00:00,70903.11,70910.65,70626.64,70626.64,946,1400,0
2026-04-12 23:15:00,70620.33,70759.98,70588.12,70716.27,752,1400,0
2026-04-12 23:30:00,70720.8,70736.83,70563.71,70729.91,753,1400,0
2026-04-12 23:45:00,70729.69,70799.83,70591.87,70743.56,720,1400,0
2026-04-13 00:00:00,70746.38,70926.25,70614.88,70913.6,1015,1400,0
2026-04-13 00:15:00,70908.68,71098.34,70826.16,70984.29,948,1400,0
2026-04-13 00:30:00,70979.62,71146.42,70946.59,71075.47,881,1400,0
2026-04-13 00:45:00,71071.97,71284.58,71024.59,71180.65,742,1400,0
2026-04-13 01:00:00,71168.5,71241.79,71111.48,71156.71,871,1400,0
2026-04-13 01:15:00,71152.04,71185.13,71063.47,71114.5,595,1400,0
2026-04-13 01:30:00,71114.45,71221.7,71029.66,71149.42,703,1400,0
2026-04-13 01:45:00,71148.86,71241.83,71116.19,71197.81,550,1400,0
2026-04-13 02:00:00,71197.93,71287.21,70985.99,71027.54,617,1400,0
2026-04-13 02:15:00,71027.46,71285.96,71008.05,71235.71,512,1400,0
2026-04-13 02:30:00,71231.94,71293.23,71042.02,71058.27,669,1400,0
2026-04-13 02:45:00,71053.29,71099.49,70997.0,71095.06,527,1400,0
2026-04-13 03:00:00,71093.82,71140.79,70995.13,71063.99,526,1400,0
2026-04-13 03:15:00,71063.05,71171.2,71001.56,71033.46,606,1400,0
2026-04-13 03:30:00,71034.11,71065.74,70924.62,70993.62,586,1400,0
2026-04-13 03:45:00,70995.09,71018.39,70928.09,70986.02,389,1400,0
2026-04-13 04:00:00,70986.22,71015.49,70902.62,70965.68,484,1400,0
2026-04-13 04:15:00,70973.41,71057.68,70922.24,71037.81,481,1400,0
2026-04-13 04:30:00,71036.35,71162.95,71032.67,71032.67,490,1400,0
2026-04-13 04:45:00,71035.74,71037.1,70857.66,70904.31,577,1400,0
2026-04-13 05:00:00,70905.58,70945.05,70791.15,70835.38,573,1400,0
2026-04-13 05:15:00,70833.51,70887.29,70773.98,70867.18,519,1400,0
2026-04-13 05:30:00,70863.63,70865.01,70676.62,70765.39,647,1400,0
2026-04-13 05:45:00,70766.28,70916.29,70766.28,70891.1,434,1400,0
2026-04-13 06:00:00,70894.23,71026.04,70882.69,71012.78,489,1400,0
2026-04-13 06:15:00,71014.13,71095.99,70981.92,71039.96,524,1400,0
2026-04-13 06:30:00,71043.68,71072.28,71006.89,71065.58,459,1400,0
2026-04-13 06:45:00,71060.24,71124.43,71028.31,71047.8,482,1400,0
2026-04-13 07:00:00,71049.75,71094.37,70897.94,70911.54,567,1400,0
2026-04-13 07:15:00,70910.75,70936.36,70689.0,70729.34,686,1400,0
2026-04-13 07:30:00,70731.07,70823.07,70695.97,70787.36,520,1400,0
2026-04-13 07:45:00,70783.0,70860.64,70768.16,70833.56,502,1400,0
2026-04-13 08:00:00,70834.62,70887.55,70713.81,70737.18,613,1400,0
2026-04-13 08:15:00,70737.44,70833.61,70655.68,70781.74,578,1400,0
2026-04-13 08:30:00,70780.88,70781.09,70589.42,70613.63,600,1400,0
2026-04-13 08:45:00,70619.05,70706.18,70563.28,70688.43,569,1400,0
2026-04-13 09:00:00,70698.85,70925.76,70689.93,70731.86,736,1400,0
2026-04-13 09:15:00,70731.15,70828.03,70677.98,70797.43,462,1400,0
2026-04-13 09:30:00,70799.48,70840.55,70761.17,70787.96,408,1400,0
2026-04-13 09:45:00,70786.75,70815.69,70754.29,70796.27,348,1400,0
2026-04-13 10:00:00,70794.74,70859.06,70754.96,70834.82,426,1400,0
2026-04-13 10:15:00,70836.34,70836.34,70717.45,70768.49,451,1400,0
2026-04-13 10:30:00,70770.37,70845.8,70682.69,70777.45,510,1400,0
2026-04-13 10:45:00,70776.61,70815.94,70715.97,70765.85,483,1400,0
2026-04-13 11:00:00,70769.53,70883.13,70744.44,70876.13,568,1400,0
2026-04-13 11:15:00,70876.03,70918.99,70846.95,70869.81,473,1400,0
2026-04-13 11:30:00,70872.81,70958.0,70809.33,70939.06,539,1400,0
2026-04-13 11:45:00,70947.12,71012.56,70911.42,70929.94,605,1400,0
2026-04-13 12:00:00,70932.72,71094.89,70848.12,70974.43,738,1400,0
2026-04-13 12:15:00,70967.37,70997.64,70860.12,70865.51,433,1400,0
2026-04-13 12:30:00,70862.46,70912.74,70753.56,70842.34,608,1400,0
2026-04-13 12:45:00,70845.37,71234.07,70844.36,71085.89,850,1400,0
2026-04-13 13:00:00,71086.15,71216.03,71078.49,71211.97,697,1400,0
2026-04-13 13:15:00,71205.14,71281.46,71120.59,71190.69,773,1400,0
2026-04-13 13:30:00,71192.58,71236.42,70823.55,71047.95,1657,1400,0
2026-04-13 13:45:00,71052.46,71716.91,70964.65,71672.24,2577,1400,0
2026-04-13 14:00:00,71672.76,71796.47,71468.16,71635.24,1793,1400,0
2026-04-13 14:15:00,71636.25,71765.37,71400.55,71669.96,1847,1400,0
2026-04-13 14:30:00,71670.72,72050.73,71622.98,72018.7,1450,1400,0
2026-04-13 14:45:00,72016.84,72439.83,71915.9,72422.91,1905,1400,0
2026-04-13 15:00:00,72420.4,72519.84,71944.2,71980.49,1891,1400,0
2026-04-13 15:15:00,71980.61,72062.44,71883.49,71995.73,1251,1400,0
2026-04-13 15:30:00,71991.28,72001.16,71684.2,71863.16,1648,1400,0
2026-04-13 15:45:00,71862.86,71963.48,71758.19,71892.51,1002,1400,0
2026-04-13 16:00:00,71897.19,72084.61,71695.03,72060.85,1478,1400,0
2026-04-13 16:15:00,72060.93,72309.93,71949.3,72259.68,1547,1400,0
2026-04-13 16:30:00,72257.75,72402.77,72192.51,72327.58,1921,1400,0
2026-04-13 16:45:00,72325.2,72480.93,72092.08,72240.85,1282,1400,0
2026-04-13 17:00:00,72238.15,72461.14,72165.31,72331.22,963,1400,0
2026-04-13 17:15:00,72330.72,72478.75,72300.49,72478.75,799,1400,0
2026-04-13 17:30:00,72480.95,72629.28,72399.61,72482.51,1077,1400,0
2026-04-13 17:45:00,72485.22,72540.93,72098.65,72186.89,1146,1400,0
2026-04-13 18:00:00,72187.78,72266.23,72124.12,72228.77,735,1400,0
2026-04-13 18:15:00,72230.2,72322.56,72086.45,72211.15,870,1400,0
2026-04-13 18:30:00,72211.26,72462.42,72204.17,72366.94,671,1400,0
2026-04-13 18:45:00,72365.29,72504.35,72334.85,72457.37,563,1400,0
2026-04-13 19:00:00,72455.68,72465.6,72326.93,72356.18,557,1400,0
2026-04-13 19:15:00,72356.38,72944.01,72356.38,72870.4,1287,1400,0
2026-04-13 19:30:00,72870.49,73204.25,72847.29,73053.47,1432,1400,0
2026-04-13 19:45:00,73056.89,73534.01,73056.89,73357.62,1739,1400,0
2026-04-13 20:00:00,73354.22,73438.1,73121.69,73127.84,1243,1400,0
2026-04-13 20:15:00,73121.44,73221.05,73053.05,73148.74,883,1400,0
2026-04-13 20:30:00,73144.39,73332.15,73103.86,73284.75,910,1400,0
2026-04-13 20:45:00,73284.64,73327.98,73129.26,73187.21,653,1400,0
2026-04-13 21:00:00,73187.54,73347.0,73116.18,73262.9,536,1400,0
2026-04-13 21:15:00,73266.1,73324.96,73147.67,73162.9,435,1400,0
2026-04-13 21:30:00,73165.03,73403.9,73134.46,73299.09,597,1400,0
2026-04-13 21:45:00,73297.17,73325.8,73205.66,73211.28,752,1400,0
2026-04-13 22:00:00,73211.37,73964.48,73197.44,73779.03,1681,1400,0
2026-04-13 22:15:00,73778.9,74508.4,73777.1,74159.23,3577,1400,0
2026-04-13 22:30:00,74162.24,74376.44,74088.89,74277.23,1935,1400,0
2026-04-13 22:45:00,74275.59,74782.56,74171.02,74655.13,2164,1400,0
2026-04-13 23:00:00,74659.63,74933.67,74473.45,74686.51,1573,1400,0
2026-04-13 23:15:00,74684.32,74835.04,74555.97,74744.6,1888,1400,0
2026-04-13 23:30:00,74741.17,74921.17,74568.73,74587.71,1050,1400,0
2026-04-13 23:45:00,74585.65,74630.7,74415.63,74449.54,856,1400,0
2026-04-14 00:00:00,74448.97,74553.47,74270.19,74350.66,908,1400,0
2026-04-14 00:15:00,74349.86,74495.19,74243.4,74289.86,789,1400,0
2026-04-14 00:30:00,74288.01,74482.69,74186.2,74453.48,786,1400,0
2026-04-14 00:45:00,74447.07,74453.76,74115.56,74183.96,843,1400,0
2026-04-14 01:00:00,74179.04,74341.26,73998.31,74326.14,887,1400,0
2026-04-14 01:15:00,74325.96,74432.96,74238.41,74322.93,737,1400,0
2026-04-14 01:30:00,74315.65,74361.38,74258.43,74356.48,591,1400,0
2026-04-14 01:45:00,74359.43,74469.05,74352.97,74402.86,608,1400,0
2026-04-14 02:00:00,74419.44,74531.2,74383.1,74522.87,808,1400,0
2026-04-14 02:15:00,74519.27,74642.48,74414.51,74414.51,696,1400,0
2026-04-14 02:30:00,74422.76,74496.65,74309.65,74468.22,613,1400,0
2026-04-14 02:45:00,74468.11,74474.36,74337.94,74360.75,529,1400,0
2026-04-14 03:00:00,74360.62,74448.15,74319.21,74385.05,471,1400,0
2026-04-14 03:15:00,74382.72,74403.91,74270.79,74311.85,508,1400,0
2026-04-14 03:30:00,74316.6,74531.23,74297.78,74489.89,521,1400,0
2026-04-14 03:45:00,74489.67,74511.76,74422.14,74473.89,463,1400,0
2026-04-14 04:00:00,74478.63,74531.79,74405.0,74491.87,514,1400,0
2026-04-14 04:15:00,74485.39,74535.74,74456.5,74519.41,517,1400,0
2026-04-14 04:30:00,74519.79,74547.52,74389.18,74416.74,445,1400,0
2026-04-14 04:45:00,74414.71,74465.2,74381.48,74416.11,444,1400,0
2026-04-14 05:00:00,74416.01,74427.35,74330.44,74367.6,395,1400,0
2026-04-14 05:15:00,74366.92,74466.97,74338.43,74369.11,490,1400,0
2026-04-14 05:30:00,74365.29,74394.72,74296.44,74334.91,423,1400,0
2026-04-14 05:45:00,74331.05,74331.05,74187.9,74247.82,425,1400,0
2026-04-14 06:00:00,74247.63,74388.03,74247.63,74355.7,441,1400,0
2026-04-14 06:15:00,74360.05,74488.16,74334.38,74421.29,410,1400,0
2026-04-14 06:30:00,74416.46,74486.91,74385.53,74415.56,406,1400,0
2026-04-14 06:45:00,74420.16,74594.59,74408.18,74551.46,533,1400,0
2026-04-14 07:00:00,74550.17,74973.48,74458.62,74800.6,1258,1400,0
2026-04-14 07:15:00,74796.73,74838.89,74638.97,74700.95,710,1400,0
2026-04-14 07:30:00,74696.62,74719.18,74519.09,74534.51,674,1400,0
2026-04-14 07:45:00,74529.66,74593.61,74495.58,74584.69,571,1400,0
2026-04-14 08:00:00,74583.12,74641.23,74486.38,74581.52,673,1400,0
2026-04-14 08:15:00,74582.95,74672.88,74522.0,74672.88,533,1400,0
2026-04-14 08:30:00,74671.38,74948.99,74657.39,74687.61,982,1400,0
2026-04-14 08:45:00,74685.83,74888.98,74637.68,74784.66,612,1400,0
2026-04-14 09:00:00,74788.45,74836.59,74686.82,74834.72,667,1400,0
2026-04-14 09:15:00,74832.38,74873.67,74653.73,74711.75,623,1400,0
2026-04-14 09:30:00,74710.79,74744.06,74538.52,74546.17,578,1400,0
2026-04-14 09:45:00,74546.31,74585.91,74469.45,74541.4,484,1400,0
2026-04-14 10:00:00,74537.11,74597.18,74485.31,74580.35,504,1400,0
2026-04-14 10:15:00,74582.64,74625.46,74527.24,74591.48,470,1400,0
2026-04-14 10:30:00,74594.4,74649.84,74378.64,74393.19,643,1400,0
2026-04-14 10:45:00,74389.6,74468.95,74366.31,74377.19,486,1400,0
2026-04-14 11:00:00,74371.54,74472.44,74340.07,74425.55,511,1400,0
2026-04-14 11:15:00,74429.34,74490.38,74380.1,74382.55,419,1400,0
2026-04-14 11:30:00,74381.23,74434.57,74342.26,74353.96,467,1400,0
2026-04-14 11:45:00,74353.94,74491.7,74320.11,74405.76,662,1400,0
2026-04-14 12:00:00,74403.28,74458.5,74311.67,74330.02,589,1400,0
2026-04-14 12:15:00,74331.67,74440.12,74292.07,74309.66,600,1400,0
2026-04-14 12:30:00,74312.27,74434.43,74310.06,74331.76,841,1400,0
2026-04-14 12:45:00,74324.72,74526.77,74324.72,74481.66,532,1400,0
2026-04-14 13:00:00,74492.18,74644.45,74433.46,74602.21,741,1400,0
2026-04-14 13:15:00,74603.27,74782.53,74540.57,74540.57,791,1400,0
2026-04-14 13:30:00,74540.94,75289.98,74540.94,75228.04,2642,1400,0
2026-04-14 13:45:00,75225.32,75593.77,75116.82,75570.83,2548,1400,0
2026-04-14 14:00:00,75568.48,75693.77,75386.96,75624.84,2387,1400,0
2026-04-14 14:15:00,75610.13,75927.25,75546.6,75897.81,1741,1400,0
2026-04-14 14:30:00,75900.3,76114.96,75299.36,75439.63,2928,1400,0
2026-04-14 14:45:00,75433.67,75480.61,75054.36,75054.36,1867,1400,0
2026-04-14 15:00:00,75060.51,75180.9,74596.73,74809.47,2458,1400,0
2026-04-14 15:15:00,74808.31,74983.6,74728.62,74847.78,1360,1400,0
2026-04-14 15:30:00,74843.86,75367.55,74826.8,75311.55,1300,1400,0
2026-04-14 15:45:00,75311.35,75487.25,75195.15,75362.38,1209,1400,0
2026-04-14 16:00:00,75359.16,75752.28,75342.25,75533.63,1277,1400,0
2026-04-14 16:15:00,75533.26,75554.83,75229.78,75286.58,1048,1400,0
2026-04-14 16:30:00,75282.13,75341.95,75143.07,75250.03,1060,1400,0
2026-04-14 16:45:00,75245.93,75276.58,74535.65,74689.19,1427,1400,0
2026-04-14 17:00:00,74681.03,74854.55,74624.89,74829.6,1181,1400,0
2026-04-14 17:15:00,74832.33,74993.12,74663.26,74666.07,772,1400,0
2026-04-14 17:30:00,74655.41,74733.41,74284.14,74584.42,1567,1400,0
2026-04-14 17:45:00,74581.61,74807.02,74571.27,74793.9,837,1400,0
2026-04-14 18:00:00,74796.69,74854.6,74647.57,74711.15,930,1400,0
2026-04-14 18:15:00,74709.75,74789.79,74486.27,74572.92,1101,1400,0
2026-04-14 18:30:00,74566.7,74625.49,74191.7,74339.59,1056,1400,0
2026-04-14 18:45:00,74341.82,74396.89,73882.4,74144.01,1384,1400,0
2026-04-14 19:00:00,74144.26,74458.84,74106.84,74318.49,976,1400,0
2026-04-14 19:15:00,74324.28,74433.25,73942.01,74221.66,1087,1400,0
2026-04-14 19:30:00,74223.33,74331.27,74084.48,74175.37,1091,1400,0
2026-04-14 19:45:00,74170.32,74326.08,74149.71,74283.54,1117,1400,0
2026-04-14 20:00:00,74288.07,74485.06,74275.08,74450.25,836,1400,0
2026-04-14 20:15:00,74451.79,74472.53,74160.1,74236.03,677,1400,0
2026-04-14 20:30:00,74232.17,74322.88,74159.94,74291.67,536,1400,0
2026-04-14 20:45:00,74295.36,74349.25,74045.43,74148.59,631,1400,0
2026-04-14 21:00:00,74147.56,74340.56,74136.3,74247.6,574,1400,0
2026-04-14 21:15:00,74247.5,74247.5,74084.44,74161.18,511,1400,0
2026-04-14 21:30:00,74159.55,74178.35,73975.47,74041.24,600,1400,0
2026-04-14 21:45:00,74045.6,74371.66,74005.17,74296.55,722,1400,0
2026-04-14 22:00:00,74296.09,74424.93,74165.78,74352.53,957,1400,0
2026-04-14 22:15:00,74344.53,74344.53,73938.87,73954.64,715,1400,0
2026-04-14 22:30:00,73947.72,74132.54,73840.2,74015.12,1000,1400,0
2026-04-14 22:45:00,74015.88,74155.23,73994.01,74052.18,667,1400,0
2026-04-14 23:00:00,74057.73,74200.57,74031.06,74135.25,735,1400,0
2026-04-14 23:15:00,74135.73,74255.43,74080.21,74143.99,635,1400,0
2026-04-14 23:30:00,74144.99,74243.48,74077.04,74166.73,908,1400,0
2026-04-14 23:45:00,74169.5,74273.77,74068.09,74169.06,579,1400,0
2026-04-15 00:00:00,74171.72,74718.25,74148.67,74582.42,1442,1400,0
2026-04-15 00:15:00,74582.99,74677.55,74424.92,74623.07,880,1400,0
2026-04-15 00:30:00,74624.51,74642.29,74473.42,74580.38,805,1400,0
2026-04-15 00:45:00,74581.12,74638.91,74462.93,74595.46,669,1400,0
2026-04-15 01:00:00,74598.76,74791.2,74538.23,74779.62,940,1400,0
2026-04-15 01:15:00,74782.31,74827.93,74609.69,74708.11,711,1400,0
2026-04-15 01:30:00,74718.6,74743.58,74521.37,74658.5,671,1400,0
2026-04-15 01:45:00,74656.18,74785.33,74603.12,74649.04,572,1400,0
2026-04-15 02:00:00,74649.39,74730.49,74551.9,74570.64,517,1400,0
2026-04-15 02:15:00,74571.48,74626.28,74366.13,74389.28,635,1400,0
2026-04-15 02:30:00,74390.44,74396.95,74210.74,74308.97,856,1400,0
2026-04-15 02:45:00,74309.28,74386.06,74225.13,74355.2,608,1400,0
2026-04-15 03:00:00,74357.59,74364.81,74247.37,74254.41,532,1400,0
2026-04-15 03:15:00,74254.13,74408.83,74193.59,74326.63,556,1400,0
2026-04-15 03:30:00,74325.31,74371.99,74230.65,74271.04,474,1400,0
2026-04-15 03:45:00,74271.0,74403.49,74244.82,74376.26,356,1400,0
2026-04-15 04:00:00,74376.35,74476.66,74358.99,74371.04,489,1400,0
2026-04-15 04:15:00,74374.38,74437.33,74324.46,74351.85,425,1400,0
2026-04-15 04:30:00,74351.01,74448.36,74291.64,74368.54,511,1400,0
2026-04-15 04:45:00,74368.78,74383.95,74280.94,74364.82,454,1400,0
2026-04-15 05:00:00,74362.73,74470.29,74218.31,74230.49,771,1400,0
2026-04-15 05:15:00,74232.33,74269.78,74028.54,74044.29,677,1400,0
2026-04-15 05:30:00,74043.88,74072.14,73888.17,73988.07,742,1400,0
2026-04-15 05:45:00,73986.69,74079.63,73927.25,74042.91,606,1400,0
2026-04-15 06:00:00,74044.82,74078.0,73946.47,73977.98,589,1400,0
2026-04-15 06:15:00,73978.35,74052.65,73936.61,73953.78,452,1400,0
2026-04-15 06:30:00,73950.88,74040.11,73922.97,74031.67,482,1400,0
2026-04-15 06:45:00,74031.99,74057.64,73886.51,73920.36,452,1400,0
2026-04-15 07:00:00,73920.04,74055.76,73849.29,73946.1,664,1400,0
2026-04-15 07:15:00,73944.94,73944.94,73616.7,73737.73,1075,1400,0
2026-04-15 07:30:00,73732.99,73748.79,73590.18,73629.15,667,1400,0
2026-04-15 07:45:00,73622.8,73819.55,73533.27,73774.23,1033,1400,0
2026-04-15 08:00:00,73764.06,73880.94,73697.3,73871.48,661,1400,0
2026-04-15 08:15:00,73870.28,74023.19,73852.01,74020.86,517,1400,0
2026-04-15 08:30:00,74020.79,74201.02,73987.95,74130.16,663,1400,0
2026-04-15 08:45:00,74125.78,74221.11,74053.01,74136.52,551,1400,0
2026-04-15 09:00:00,74133.76,74211.84,73975.66,74056.44,635,1400,0
2026-04-15 09:15:00,74051.0,74117.83,73942.66,73973.89,579,1400,0
2026-04-15 09:30:00,73973.31,74040.69,73922.41,73986.79,511,1400,0
2026-04-15 09:45:00,73989.1,74052.11,73941.72,74033.74,421,1400,0
2026-04-15 10:00:00,74028.31,74208.71,73994.58,74133.9,669,1400,0
2026-04-15 10:15:00,74134.5,74146.02,73902.35,73923.53,891,1400,0
2026-04-15 10:30:00,73921.11,74079.66,73805.93,74079.66,676,1400,0
2026-04-15 10:45:00,74082.24,74285.16,73843.06,73891.71,793,1400,0
2026-04-15 11:00:00,73895.54,74114.56,73883.03,74041.42,656,1400,0
2026-04-15 11:15:00,74041.51,74049.95,73937.12,73979.38,501,1400,0
2026-04-15 11:30:00,73979.38,74096.35,73959.41,74074.7,470,1400,0
2026-04-15 11:45:00,74074.47,74289.36,74057.16,74227.04,1127,1400,0
2026-04-15 12:00:00,74228.93,74260.77,74061.71,74221.32,883,1400,0
2026-04-15 12:15:00,74221.67,74288.89,74137.37,74202.68,565,1400,0
2026-04-15 12:30:00,74197.01,74540.27,74193.21,74362.24,754,1400,0
2026-04-15 12:45:00,74364.81,74383.59,74294.98,74298.04,489,1400,0
2026-04-15 13:00:00,74299.0,74386.86,74192.12,74336.47,645,1400,0
2026-04-15 13:15:00,74335.17,74467.7,74264.05,74408.7,596,1400,0
2026-04-15 13:30:00,74411.43,74450.81,73865.12,73893.42,2253,1400,0
2026-04-15 13:45:00,73886.44,74151.11,73815.09,74072.09,1659,1400,0
2026-04-15 14:00:00,74065.49,74175.04,73828.42,74167.99,1412,1400,0
2026-04-15 14:15:00,74164.11,74531.26,74136.23,74455.01,1904,1400,0
2026-04-15 14:30:00,74454.19,74497.09,73922.73,73982.28,1478,1400,0
2026-04-15 14:45:00,73985.27,74283.79,73957.96,74165.23,949,1400,0
2026-04-15 15:00:00,74167.32,74317.97,73975.38,74280.78,1179,1400,0
2026-04-15 15:15:00,74275.63,74315.39,73986.29,74053.13,980,1400,0
2026-04-15 15:30:00,74053.51,74053.51,73593.01,73865.19,1442,1400,0
2026-04-15 15:45:00,73862.35,74004.47,73740.0,73849.08,966,1400,0
2026-04-15 16:00:00,73848.15,74037.24,73766.89,74028.23,979,1400,0
2026-04-15 16:15:00,74029.94,74201.27,73981.95,74105.62,1023,1400,0
2026-04-15 16:30:00,74111.91,74182.03,73874.82,73910.33,1123,1400,0
2026-04-15 16:45:00,73911.91,74052.5,73827.47,73950.14,1086,1400,0
2026-04-15 17:00:00,73948.66,74124.54,73918.71,74035.35,926,1400,0
2026-04-15 17:15:00,74034.52,74258.55,73962.22,74132.56,933,1400,0
2026-04-15 17:30:00,74134.59,74207.9,73921.18,73998.82,958,1400,0
2026-04-15 17:45:00,73996.44,74186.97,73950.58,74152.84,750,1400,0
2026-04-15 18:00:00,74150.25,74326.73,74081.47,74295.15,1274,1400,0
2026-04-15 18:15:00,74294.93,74387.69,74190.8,74218.68,757,1400,0
2026-04-15 18:30:00,74215.64,74350.71,74202.35,74324.99,705,1400,0
2026-04-15 18:45:00,74324.03,74428.43,74292.85,74400.75,606,1400,0
2026-04-15 19:00:00,74397.87,74731.86,74367.81,74655.46,1117,1400,0
2026-04-15 19:15:00,74655.29,74746.26,74589.37,74746.26,617,1400,0
2026-04-15 19:30:00,74743.29,75307.82,74733.52,75095.95,1587,1400,0
2026-04-15 19:45:00,75095.68,75168.37,74959.34,75040.46,1060,1400,0
2026-04-15 20:00:00,75046.19,75072.44,74620.11,74696.54,1019,1400,0
2026-04-15 20:15:00,74694.93,74813.46,74521.82,74780.44,875,1400,0
2026-04-15 20:30:00,74784.84,74935.92,74648.76,74763.77,874,1400,0
2026-04-15 20:45:00,74763.73,74907.78,74744.72,74852.35,639,1400,0
2026-04-15 21:00:00,74853.35,74877.75,74737.3,74748.58,533,1400,0
2026-04-15 21:15:00,74746.1,74746.1,74605.9,74660.5,590,1400,0
2026-04-15 21:30:00,74662.92,74838.65,74565.61,74739.0,613,1400,0
2026-04-15 21:45:00,74738.76,74855.65,74708.97,74769.55,603,1400,0
2026-04-15 22:00:00,74763.14,75190.03,74751.79,75056.45,1171,1400,0
2026-04-15 22:15:00,75060.5,75075.78,74912.46,74996.05,673,1400,0
2026-04-15 22:30:00,74998.76,75464.7,74924.43,75066.7,1080,1400,0
2026-04-15 22:45:00,75064.89,75228.71,74920.5,74987.1,789,1400,0
2026-04-15 23:00:00,74991.38,74991.38,74714.09,74775.0,779,1400,0
2026-04-15 23:15:00,74775.67,74788.78,74658.48,74755.85,672,1400,0
2026-04-15 23:30:00,74758.36,74804.97,74627.96,74684.28,593,1400,0
2026-04-15 23:45:00,74684.17,74872.4,74663.45,74831.3,566,1400,0
2026-04-16 00:00:00,74829.58,74854.13,74614.53,74621.84,656,1400,0
2026-04-16 00:15:00,74619.43,74677.09,74445.09,74620.61,754,1400,0
2026-04-16 00:30:00,74623.55,74891.92,74623.55,74783.67,874,1400,0
2026-04-16 00:45:00,74779.15,74866.85,74703.78,74828.29,659,1400,0
2026-04-16 01:00:00,74817.21,74817.21,74469.04,74590.22,880,1400,0
2026-04-16 01:15:00,74593.6,74708.08,74534.6,74620.03,636,1400,0
2026-04-16 01:30:00,74620.86,74727.68,74587.56,74705.05,657,1400,0
2026-04-16 01:45:00,74697.58,74741.47,74578.31,74670.91,616,1400,0
2026-04-16 02:00:00,74672.0,74781.8,74602.29,74689.22,813,1400,0
2026-04-16 02:15:00,74688.24,74932.79,74625.03,74899.36,771,1400,0
2026-04-16 02:30:00,74902.97,75251.83,74902.97,75203.89,1167,1400,0
2026-04-16 02:45:00,75207.12,75293.76,74819.53,74894.05,930,1400,0
2026-04-16 03:00:00,74894.34,75136.41,74875.38,74953.7,849,1400,0
2026-04-16 03:15:00,74956.18,75173.73,74956.18,75045.41,697,1400,0
2026-04-16 03:30:00,75047.37,75064.43,74952.4,74981.6,569,1400,0
2026-04-16 03:45:00,74981.7,75001.62,74872.28,74907.27,599,1400,0
2026-04-16 04:00:00,74897.92,75031.51,74847.43,74953.14,623,1400,0
2026-04-16 04:15:00,74952.14,74986.07,74884.24,74935.5,528,1400,0
2026-04-16 04:30:00,74940.24,75192.28,74875.02,75109.97,503,1400,0
2026-04-16 04:45:00,75089.94,75118.24,74729.44,74955.62,896,1400,0
2026-04-16 05:00:00,74956.13,75028.84,74906.73,74929.42,458,1400,0
2026-04-16 05:15:00,74927.96,75124.14,74904.99,75083.11,474,1400,0
2026-04-16 05:30:00,75082.36,75155.18,75025.47,75073.06,544,1400,0
2026-04-16 05:45:00,75072.95,75086.7,75024.82,75065.78,491,1400,0
2026-04-16 06:00:00,75069.0,75131.4,75014.85,75027.05,495,1400,0
2026-04-16 06:15:00,75028.89,75096.27,75009.75,75032.73,467,1400,0
2026-04-16 06:30:00,75037.45,75054.84,74863.51,74964.48,528,1400,0
2026-04-16 06:45:00,74963.85,75049.28,74921.38,75038.5,420,1400,0
2026-04-16 07:00:00,75025.8,75098.87,74901.89,74932.43,608,1400,0
2026-04-16 07:15:00,74932.2,74958.55,74858.63,74913.6,502,1400,0
2026-04-16 07:30:00,74913.89,74924.48,74851.1,74874.91,493,1400,0
2026-04-16 07:45:00,74874.28,74878.27,74635.91,74714.63,759,1400,0
2026-04-16 08:00:00,74713.23,74763.58,74513.86,74543.03,896,1400,0
2026-04-16 08:15:00,74538.42,74744.52,74528.9,74694.56,671,1400,0
2026-04-16 08:30:00,74693.07,74743.68,74572.91,74675.71,660,1400,0
2026-04-16 08:45:00,74671.73,74755.99,74651.91,74685.85,395,1400,0
2026-04-16 09:00:00,74683.0,74773.82,74634.35,74759.25,536,1400,0
2026-04-16 09:15:00,74764.73,74921.16,74757.04,74832.62,621,1400,0
2026-04-16 09:30:00,74831.2,74850.93,74704.37,74720.18,531,1400,0
2026-04-16 09:45:00,74719.61,74739.82,74599.09,74616.87,581,1400,0
2026-04-16 10:00:00,74613.49,74675.73,74389.69,74435.13,849,1400,0
2026-04-16 10:15:00,74433.48,74531.26,74313.58,74470.83,847,1400,0
2026-04-16 10:30:00,74466.49,74531.88,74386.05,74410.01,647,1400,0
2026-04-16 10:45:00,74410.95,74423.23,74283.7,74330.81,685,1400,0
2026-04-16 11:00:00,74332.14,74394.45,74295.84,74325.75,558,1400,0
2026-04-16 11:15:00,74327.16,74404.1,74299.65,74387.66,484,1400,0
2026-04-16 11:30:00,74386.32,74502.37,74350.3,74459.93,730,1400,0
2026-04-16 11:45:00,74460.93,74598.69,74435.65,74581.71,528,1400,0
2026-04-16 12:00:00,74581.29,74877.95,74572.9,74766.9,804,1400,0
2026-04-16 12:15:00,74768.43,74821.71,74679.65,74722.92,530,1400,0
2026-04-16 12:30:00,74722.79,74762.89,74612.23,74673.5,558,1400,0
2026-04-16 12:45:00,74674.84,74679.01,74585.18,74625.65,524,1400,0
2026-04-16 13:00:00,74625.72,74851.71,74598.32,74833.45,631,1400,0
2026-04-16 13:15:00,74840.5,75040.1,74798.78,74988.95,853,1400,0
2026-04-16 13:30:00,74986.51,75030.51,74486.59,74619.54,2442,1400,0
2026-04-16 13:45:00,74625.06,74625.06,73309.25,73795.46,3861,1400,0
2026-04-16 14:00:00,73795.98,73973.64,73580.49,73831.9,2306,1400,0
2026-04-16 14:15:00,73827.4,73913.22,73421.96,73766.75,2154,1400,0
2026-04-16 14:30:00,73766.64,74069.44,73758.75,73970.41,1469,1400,0
2026-04-16 14:45:00,73970.05,74210.13,73850.48,73976.35,1250,1400,0
2026-04-16 15:00:00,73976.22,74454.52,73936.46,74308.13,1440,1400,0
2026-04-16 15:15:00,74310.75,74433.28,74192.74,74194.35,1162,1400,0
2026-04-16 15:30:00,74190.94,74908.96,74170.57,74556.43,2291,1400,0
2026-04-16 15:45:00,74561.62,74812.88,74457.26,74707.91,1227,1400,0
2026-04-16 16:00:00,74716.04,74959.37,74642.99,74674.32,1289,1400,0
2026-04-16 16:15:00,74667.03,74883.64,74574.8,74586.3,1045,1400,0
2026-04-16 16:30:00,74581.44,74652.38,74224.32,74330.56,2009,1400,0
2026-04-16 16:45:00,74332.67,74435.28,74064.69,74180.21,1485,1400,0
2026-04-16 17:00:00,74178.24,74226.61,73954.45,73959.76,1483,1400,0
2026-04-16 17:15:00,73962.13,74285.69,73901.86,74219.33,1342,1400,0
2026-04-16 17:30:00,74216.55,74421.31,74100.28,74385.68,1067,1400,0
2026-04-16 17:45:00,74381.02,74460.65,74194.41,74346.63,977,1400,0
2026-04-16 18:00:00,74346.1,74547.49,74240.85,74411.19,1413,1400,0
2026-04-16 18:15:00,74411.32,74502.55,74281.13,74413.19,970,1400,0
2026-04-16 18:30:00,74417.29,74598.9,74363.2,74585.61,878,1400,0
2026-04-16 18:45:00,74585.92,75117.57,74584.72,75043.68,1441,1400,0
2026-04-16 19:00:00,75044.77,75118.07,74751.79,74832.74,1084,1400,0
2026-04-16 19:15:00,74836.6,75086.58,74785.8,75018.47,949,1400,0
2026-04-16 19:30:00,75024.25,75331.31,74974.24,75247.04,1401,1400,0
2026-04-16 19:45:00,75246.54,75433.46,75217.08,75364.3,1115,1400,0
2026-04-16 20:00:00,75366.38,75557.94,75243.87,75425.75,1232,1400,0
2026-04-16 20:15:00,75424.24,75449.82,75112.3,75208.83,756,1400,0
2026-04-16 20:30:00,75208.13,75211.05,75012.62,75082.8,793,1400,0
2026-04-16 20:45:00,75077.65,75266.42,75056.06,75236.69,825,1400,0
2026-04-16 21:00:00,75237.17,75297.08,75141.32,75141.32,728,1400,0
2026-04-16 21:15:00,75139.91,75178.0,74811.64,74935.49,983,1400,0
2026-04-16 21:30:00,74928.58,75009.85,74848.44,74956.04,708,1400,0
2026-04-16 21:45:00,74966.0,75026.51,74910.48,74952.99,723,1400,0
2026-04-16 22:00:00,74956.69,75139.37,74953.06,74994.97,862,1400,0
2026-04-16 22:15:00,74995.85,75007.92,74839.67,74940.79,788,1400,0
2026-04-16 22:30:00,74940.64,75006.94,74896.4,74932.59,625,1400,0
2026-04-16 22:45:00,74932.37,74988.56,74837.18,74890.86,554,1400,0
2026-04-16 23:00:00,74885.95,75045.4,74848.9,74998.56,604,1400,0
2026-04-16 23:15:00,74998.16,75157.62,74922.99,75049.19,660,1400,0
2026-04-16 23:30:00,75041.36,75198.8,75023.17,75147.86,681,1400,0
2026-04-16 23:45:00,75148.52,75179.52,75055.63,75160.94,543,1400,0
2026-04-17 00:00:00,75161.47,75179.58,74951.03,74978.01,810,1400,0
2026-04-17 00:15:00,74983.13,75021.51,74891.2,75013.84,650,1400,0
2026-04-17 00:30:00,75015.01,75132.31,74975.32,74977.38,570,1400,0
2026-04-17 00:45:00,74976.87,75009.47,74924.81,74949.28,506,1400,0
2026-04-17 01:00:00,74951.32,75057.16,74891.37,74916.26,590,1400,0
2026-04-17 01:15:00,74913.55,74953.98,74645.34,74775.91,799,1400,0
2026-04-17 01:30:00,74773.41,74837.32,74671.8,74742.16,691,1400,0
2026-04-17 01:45:00,74741.28,74856.17,74581.17,74762.16,739,1400,0
2026-04-17 02:00:00,74763.38,74825.33,74658.72,74730.46,541,1400,0
2026-04-17 02:15:00,74731.12,74752.65,74609.16,74620.17,510,1400,0
2026-04-17 02:30:00,74620.85,74763.56,74527.11,74682.74,583,1400,0
2026-04-17 02:45:00,74682.43,74722.97,74634.01,74720.2,448,1400,0
2026-04-17 03:00:00,74722.88,74731.37,74614.09,74710.99,578,1400,0
2026-04-17 03:15:00,74710.7,74786.52,74692.58,74749.45,486,1400,0
2026-04-17 03:30:00,74751.34,74868.37,74690.47,74780.02,582,1400,0
2026-04-17 03:45:00,74780.85,74826.31,74614.6,74634.26,492,1400,0
2026-04-17 04:00:00,74629.97,74703.18,74591.0,74693.57,462,1400,0
2026-04-17 04:15:00,74682.44,74807.57,74682.44,74767.52,488,1400,0
2026-04-17 04:30:00,74768.46,74872.05,74749.8,74831.38,487,1400,0
2026-04-17 04:45:00,74822.4,74848.84,74765.6,74809.5,434,1400,0
2026-04-17 05:00:00,74801.93,74824.34,74557.86,74639.77,659,1400,0
2026-04-17 05:15:00,74637.88,74772.03,74610.34,74684.34,484,1400,0
2026-04-17 05:30:00,74682.84,74714.8,74624.94,74674.47,478,1400,0
2026-04-17 05:45:00,74675.08,74752.09,74632.42,74657.77,437,1400,0
2026-04-17 06:00:00,74648.94,74795.28,74608.62,74774.37,538,1400,0
2026-04-17 06:15:00,74774.44,74828.76,74750.26,74814.83,479,1400,0
2026-04-17 06:30:00,74812.05,74882.82,74769.13,74866.22,502,1400,0
2026-04-17 06:45:00,74864.86,74963.78,74826.71,74955.37,497,1400,0
2026-04-17 07:00:00,74949.92,75116.77,74940.76,75051.12,610,1400,0
2026-04-17 07:15:00,75052.17,75052.17,74952.51,74993.62,498,1400,0
2026-04-17 07:30:00,74997.14,75034.97,74950.35,75029.14,570,1400,0
2026-04-17 07:45:00,75029.98,75097.55,74951.16,75097.55,604,1400,0
2026-04-17 08:00:00,75091.85,75178.76,75014.11,75065.82,554,1400,0
2026-04-17 08:15:00,75065.75,75171.69,75004.57,75115.98,591,1400,0
2026-04-17 08:30:00,75114.73,75428.0,75097.28,75347.59,997,1400,0
2026-04-17 08:45:00,75347.69,75906.72,75289.49,75799.89,1476,1400,0
2026-04-17 09:00:00,75798.5,75950.7,75627.2,75917.79,996,1400,0
2026-04-17 09:15:00,75917.66,76390.1,75728.09,76285.13,1714,1400,0
2026-04-17 09:30:00,76283.07,76336.4,75517.43,75762.16,2277,1400,0
2026-04-17 09:45:00,75763.58,75918.33,75680.01,75790.44,787,1400,0
2026-04-17 10:00:00,75781.75,75908.25,75617.54,75642.75,848,1400,0
2026-04-17 10:15:00,75648.71,75750.18,75187.69,75233.18,830,1400,0
2026-04-17 10:30:00,75230.3,75382.85,75094.2,75209.1,1298,1400,0
2026-04-17 10:45:00,75212.34,75329.68,75106.65,75290.9,687,1400,0
2026-04-17 11:00:00,75289.6,75432.33,75257.53,75332.39,662,1400,0
2026-04-17 11:15:00,75330.2,75505.83,75327.42,75473.6,618,1400,0
2026-04-17 11:30:00,75478.86,75601.86,75404.14,75409.06,676,1400,0
2026-04-17 11:45:00,75408.28,75637.89,75391.33,75613.31,631,1400,0
2026-04-17 12:00:00,75610.31,75746.52,75550.57,75694.24,730,1400,0
2026-04-17 12:15:00,75694.39,76019.15,75643.59,75798.06,1271,1400,0
2026-04-17 12:30:00,75800.5,75943.06,75667.62,75770.99,1133,1400,0
2026-04-17 12:45:00,75767.86,76301.02,75748.37,76250.24,2677,1400,0
2026-04-17 13:00:00,76256.52,76951.44,76075.97,76948.78,3945,1400,0
2026-04-17 13:15:00,76947.7,77048.47,76461.7,76610.19,3390,1400,0
2026-04-17 13:30:00,76610.62,76962.52,76119.09,76919.81,3741,1400,0
2026-04-17 13:45:00,76928.4,77464.16,76664.13,77376.63,4046,1400,0
2026-04-17 14:00:00,77379.56,77576.44,77045.3,77109.57,2894,1400,0
2026-04-17 14:15:00,77122.67,77809.18,77112.96,77517.47,2482,1400,0
2026-04-17 14:30:00,77518.09,78119.59,77518.09,78051.03,2311,1400,0
2026-04-17 14:45:00,78043.68,78118.91,77777.66,77961.34,2014,1400,0
2026-04-17 15:00:00,77956.07,78015.98,77632.83,77881.33,2379,1400,0
2026-04-17 15:15:00,77874.2,78056.21,77725.33,77793.45,1752,1400,0
2026-04-17 15:30:00,77791.56,77900.24,77485.48,77552.38,1871,1400,0
2026-04-17 15:45:00,77554.06,77933.85,77472.18,77827.98,1922,1400,0
2026-04-17 16:00:00,77827.68,78092.4,77754.77,77921.84,1289,1400,0
2026-04-17 16:15:00,77923.32,78404.83,77831.45,78199.72,1786,1400,0
2026-04-17 16:30:00,78197.0,78326.3,78015.62,78124.56,1388,1400,0
2026-04-17 16:45:00,78126.77,78150.93,77823.63,77902.47,1143,1400,0
2026-04-17 17:00:00,77897.15,77966.11,77388.4,77542.26,1839,1400,0
2026-04-17 17:15:00,77536.22,77643.92,77128.94,77274.88,2307,1400,0
2026-04-17 17:30:00,77273.92,77576.02,77273.92,77496.18,1562,1400,0
2026-04-17 17:45:00,77498.32,77699.7,77455.3,77542.94,1110,1400,0
2026-04-17 18:00:00,77541.38,77612.36,77121.19,77187.39,1420,1400,0
2026-04-17 18:15:00,77183.13,77402.02,77108.72,77231.49,1436,1400,0
2026-04-17 18:30:00,77235.77,77420.13,77159.14,77402.14,958,1400,0
2026-04-17 18:45:00,77401.85,77415.05,77115.53,77187.65,1031,1400,0
2026-04-17 19:00:00,77188.89,77295.64,76989.19,77251.52,1085,1400,0
2026-04-17 19:15:00,77257.81,77426.35,77257.69,77296.46,977,1400,0
2026-04-17 19:30:00,77305.15,77441.2,77235.83,77386.71,993,1400,0
2026-04-17 19:45:00,77380.83,77525.62,77259.85,77431.84,1068,1400,0
2026-04-17 20:00:00,77442.35,77658.38,77385.32,77562.06,897,1400,0
2026-04-17 20:15:00,77557.78,77557.78,77385.24,77409.43,608,1400,0
2026-04-17 20:30:00,77407.19,77435.94,77183.15,77278.07,731,1400,0
2026-04-17 20:45:00,77274.51,77397.91,77228.03,77358.75,516,1400,0
2026-04-17 21:00:00,77357.47,77455.26,77337.81,77415.56,435,1400,0
2026-04-17 21:15:00,77417.42,77530.37,77304.62,77458.17,545,1400,0
2026-04-17 21:30:00,77455.77,77481.55,77308.09,77437.32,698,1400,0
2026-04-17 21:45:00,77437.19,77527.0,77392.57,77469.82,706,1400,0
2026-04-17 22:00:00,77469.06,77553.68,77405.86,77455.55,556,1400,0
2026-04-17 22:15:00,77455.46,77490.34,77325.57,77408.2,616,1400,0
2026-04-17 22:30:00,77418.43,77509.11,77361.4,77441.17,675,1400,0
2026-04-17 22:45:00,77440.26,77474.53,77283.61,77338.12,539,1400,0
2026-04-17 23:00:00,77338.26,77338.26,77197.76,77236.41,618,1400,0
2026-04-17 23:15:00,77235.48,77235.48,76917.87,77070.98,816,1400,0
2026-04-17 23:30:00,77073.37,77154.5,77009.53,77070.09,579,1400,0
2026-04-17 23:45:00,77070.66,77179.03,77056.52,77097.59,414,1400,0
2026-04-18 00:00:00,77095.16,77231.7,77054.19,77127.11,699,1400,0
2026-04-18 00:15:00,77128.26,77262.01,77128.26,77239.14,498,1400,0
2026-04-18 00:30:00,77239.22,77281.38,77031.25,77041.65,696,1400,0
2026-04-18 00:45:00,77043.12,77245.52,76998.27,77195.08,608,1400,0
2026-04-18 01:00:00,77198.06,77365.54,77143.02,77345.83,588,1400,0
2026-04-18 01:15:00,77339.91,77359.67,77292.82,77321.62,525,1400,0
2026-04-18 01:30:00,77329.66,77331.55,77222.25,77223.32,431,1400,0
2026-04-18 01:45:00,77223.47,77341.47,77159.23,77242.35,488,1400,0
2026-04-18 02:00:00,77240.42,77321.57,77150.04,77318.95,482,1400,0
2026-04-18 02:15:00,77318.82,77457.03,77307.33,77352.15,583,1400,0
2026-04-18 02:30:00,77352.32,77438.78,77281.14,77355.78,490,1400,0
2026-04-18 02:45:00,77354.75,77360.61,77300.28,77315.45,361,1400,0
2026-04-18 03:00:00,77315.36,77330.39,77245.78,77286.41,440,1400,0
2026-04-18 03:15:00,77283.07,77289.25,77185.84,77211.17,374,1400,0
2026-04-18 03:30:00,77214.19,77235.76,77121.82,77188.51,454,1400,0
2026-04-18 03:45:00,77189.42,77243.03,76987.23,77044.03,641,1400,0
2026-04-18 04:00:00,77044.73,77125.15,76980.6,77100.38,495,1400,0
2026-04-18 04:15:00,77095.82,77100.93,76960.45,77024.36,478,1400,0
2026-04-18 04:30:00,77018.99,77109.73,76901.97,77013.41,533,1400,0
2026-04-18 04:45:00,77014.77,77191.62,77014.77,77139.76,484,1400,0
2026-04-18 05:00:00,77143.62,77306.46,77136.22,77231.03,512,1400,0
2026-04-18 05:15:00,77230.86,77258.85,77166.39,77179.33,427,1400,0
2026-04-18 05:30:00,77175.68,77230.9,77138.75,77176.16,372,1400,0
2026-04-18 05:45:00,77173.24,77186.18,77139.73,77160.69,293,1400,0
2026-04-18 06:00:00,77161.74,77240.97,77122.23,77205.36,518,1400,0
2026-04-18 06:15:00,77200.96,77219.8,77084.02,77104.13,402,1400,0
2026-04-18 06:30:00,77106.36,77169.82,77100.83,77161.78,345,1400,0
2026-04-18 06:45:00,77161.4,77187.05,77126.04,77146.9,358,1400,0
2026-04-18 07:00:00,77138.36,77159.17,77087.17,77097.3,386,1400,0
2026-04-18 07:15:00,77097.38,77130.97,77065.99,77104.8,313,1400,0
2026-04-18 07:30:00,77106.19,77115.89,76976.21,77066.79,386,1400,0
2026-04-18 07:45:00,77055.68,77055.68,76898.41,77015.86,501,1400,0
2026-04-18 08:00:00,77019.54,77066.91,76805.3,76829.47,474,1400,0
2026-04-18 08:15:00,76822.14,76885.57,76653.46,76708.03,1066,1400,0
2026-04-18 08:30:00,76704.98,76787.69,76524.75,76583.09,980,1400,0
2026-04-18 08:45:00,76577.07,76811.84,76558.83,76748.54,660,1400,0
2026-04-18 09:00:00,76741.34,76746.23,76455.65,76569.33,762,1400,0
2026-04-18 09:15:00,76567.75,76610.41,76411.33,76603.2,646,1400,0
2026-04-18 09:30:00,76595.61,76697.66,76569.92,76647.42,424,1400,0
2026-04-18 09:45:00,76647.34,76719.49,76548.41,76619.34,484,1400,0
2026-04-18 10:00:00,76623.22,76623.22,76231.22,76320.92,1215,1400,0
2026-04-18 10:15:00,76321.48,76416.81,76297.41,76352.65,594,1400,0
2026-04-18 10:30:00,76340.7,76340.7,76238.62,76261.62,561,1400,0
2026-04-18 10:45:00,76261.55,76314.11,76159.44,76218.22,546,1400,0
2026-04-18 11:00:00,76214.61,76219.93,75932.99,75971.76,1010,1400,0
2026-04-18 11:15:00,75970.74,76126.47,75953.83,76098.93,664,1400,0
2026-04-18 11:30:00,76096.48,76196.89,75774.75,75873.05,938,1400,0
2026-04-18 11:45:00,75871.51,76132.75,75810.98,76055.67,962,1400,0
2026-04-18 12:00:00,76058.64,76253.63,76058.64,76226.57,883,1400,0
2026-04-18 12:15:00,76224.52,76342.3,76148.35,76165.98,773,1400,0
2026-04-18 12:30:00,76172.16,76249.93,76065.15,76202.23,654,1400,0
2026-04-18 12:45:00,76204.87,76311.73,76199.21,76231.63,606,1400,0
2026-04-18 13:00:00,76229.32,76248.2,76157.85,76191.24,501,1400,0
2026-04-18 13:15:00,76194.05,76246.32,76079.13,76111.57,585,1400,0
2026-04-18 13:30:00,76110.86,76128.37,75806.26,75964.51,1051,1400,0
2026-04-18 13:45:00,75975.86,76202.69,75924.22,76146.93,729,1400,0
2026-04-18 14:00:00,76147.03,76201.55,76096.16,76193.98,502,1400,0
2026-04-18 14:15:00,76197.31,76222.82,75992.99,76157.31,516,1400,0
2026-04-18 14:30:00,76159.37,76315.91,76159.37,76229.38,663,1400,0
2026-04-18 14:45:00,76229.31,76289.13,76186.0,76271.27,500,1400,0
2026-04-18 15:00:00,76275.53,76403.92,76149.34,76239.64,665,1400,0
2026-04-18 15:15:00,76241.47,76304.48,76158.57,76228.2,496,1400,0
2026-04-18 15:30:00,76220.87,76259.28,76147.11,76154.57,391,1400,0
2026-04-18 15:45:00,76153.55,76219.09,76008.66,76187.65,488,1400,0
2026-04-18 16:00:00,76194.38,76244.33,76044.33,76202.43,507,1400,0
2026-04-18 16:15:00,76200.9,76200.9,75651.04,76109.88,1178,1400,0
2026-04-18 16:30:00,76111.08,76158.91,76006.24,76013.78,515,1400,0
2026-04-18 16:45:00,76017.89,76051.86,75885.04,75964.13,543,1400,0
2026-04-18 17:00:00,75964.25,75997.48,75787.82,75849.62,693,1400,0
2026-04-18 17:15:00,75850.97,75919.99,75813.53,75876.06,466,1400,0
2026-04-18 17:30:00,75878.72,75924.18,75870.14,75912.67,395,1400,0
2026-04-18 17:45:00,75904.26,75924.85,75848.97,75854.18,288,1400,0
2026-04-18 18:00:00,75853.61,75870.53,75701.27,75824.45,704,1400,0
2026-04-18 18:15:00,75822.17,75822.17,75611.68,75688.22,742,1400,0
2026-04-18 18:30:00,75688.34,75713.83,75457.44,75592.96,1093,1400,0
2026-04-18 18:45:00,75595.41,75748.56,75557.56,75664.1,692,1400,0
2026-04-18 19:00:00,75667.19,75825.93,75632.27,75769.94,521,1400,0
2026-04-18 19:15:00,75769.96,75826.04,75636.23,75709.59,451,1400,0
2026-04-18 19:30:00,75711.59,75727.27,75605.52,75622.49,455,1400,0
2026-04-18 19:45:00,75620.6,75702.19,75594.06,75667.86,430,1400,0
2026-04-18 20:00:00,75673.31,75735.58,75622.55,75714.31,467,1400,0
2026-04-18 20:15:00,75721.3,75805.46,75683.68,75730.75,511,1400,0
2026-04-18 20:30:00,75739.46,75820.9,75722.85,75804.53,373,1400,0
2026-04-18 20:45:00,75803.4,75871.36,75750.16,75779.38,403,1400,0
2026-04-18 21:00:00,75775.64,75865.52,75741.91,75755.64,429,1400,0
2026-04-18 21:15:00,75749.27,75786.55,75629.12,75771.81,449,1400,0
2026-04-18 21:30:00,75762.02,75779.23,75693.09,75751.61,335,1400,0
2026-04-18 21:45:00,75752.52,75847.01,75751.08,75840.68,548,1400,0
2026-04-18 22:00:00,75840.77,75841.85,75634.13,75634.13,501,1400,0
2026-04-18 22:15:00,75643.95,75745.97,75637.49,75740.94,355,1400,0
2026-04-18 22:30:00,75741.02,75852.18,75741.02,75817.45,366,1400,0
2026-04-18 22:45:00,75813.95,75913.04,75798.39,75844.69,438,1400,0
2026-04-18 23:00:00,75855.78,75925.95,75835.57,75851.64,409,1400,0
2026-04-18 23:15:00,75850.78,75891.89,75833.98,75836.04,340,1400,0
2026-04-18 23:30:00,75832.87,75846.05,75720.06,75776.78,504,1400,0
2026-04-18 23:45:00,75774.34,75805.32,75725.51,75730.32,393,1400,0
2026-04-19 00:00:00,75729.98,75876.38,75710.92,75812.25,441,1400,0
2026-04-19 00:15:00,75809.54,75809.54,75598.45,75648.82,681,1400,0
2026-04-19 00:30:00,75651.49,75683.21,75574.75,75611.8,511,1400,0
2026-04-19 00:45:00,75609.98,75713.15,75601.27,75693.79,432,1400,0
2026-04-19 01:00:00,75693.9,75826.86,75653.78,75700.16,590,1400,0
2026-04-19 01:15:00,75698.72,75698.74,75567.81,75573.86,458,1400,0
2026-04-19 01:30:00,75579.17,75614.41,75485.61,75584.42,525,1400,0
2026-04-19 01:45:00,75584.29,75679.0,75571.87,75642.94,343,1400,0
2026-04-19 02:00:00,75642.32,75674.66,75596.68,75660.14,361,1400,0
2026-04-19 02:15:00,75654.56,75715.67,75414.95,75523.25,678,1400,0
2026-04-19 02:30:00,75523.28,75757.04,75474.24,75678.11,663,1400,0
2026-04-19 02:45:00,75672.61,75713.46,75523.51,75526.68,497,1400,0
2026-04-19 03:00:00,75521.32,75576.26,75389.27,75559.7,644,1400,0
2026-04-19 03:15:00,75563.7,75593.73,75488.57,75550.63,496,1400,0
2026-04-19 03:30:00,75551.19,75640.23,75511.92,75633.75,478,1400,0
2026-04-19 03:45:00,75629.32,75675.24,75536.32,75544.29,410,1400,0
2026-04-19 04:00:00,75544.75,75770.47,75540.98,75717.38,499,1400,0
2026-04-19 04:15:00,75722.07,75820.6,75695.42,75714.95,503,1400,0
2026-04-19 04:30:00,75714.49,75717.59,75442.8,75567.87,672,1400,0
2026-04-19 04:45:00,75571.92,75745.66,75525.91,75690.83,554,1400,0
2026-04-19 05:00:00,75690.87,75722.01,75555.61,75595.25,337,1400,0
2026-04-19 05:15:00,75591.74,75599.52,75538.61,75596.71,253,1400,0
2026-04-19 05:30:00,75596.87,75698.63,75590.4,75629.93,477,1400,0
2026-04-19 05:45:00,75630.03,75638.88,75560.68,75578.79,336,1400,0
2026-04-19 06:00:00,75578.87,75582.99,75419.11,75429.41,579,1400,0
2026-04-19 06:15:00,75436.47,75478.67,75303.4,75433.89,705,1400,0
2026-04-19 06:30:00,75432.05,75515.15,75432.05,75463.5,405,1400,0
2026-04-19 06:45:00,75463.29,75468.1,75382.87,75435.62,308,1400,0
2026-04-19 07:00:00,75437.61,75441.66,75236.22,75271.8,648,1400,0
2026-04-19 07:15:00,75271.89,75279.09,74907.74,75020.58,1535,1400,0
2026-04-19 07:30:00,75022.02,75127.72,75022.02,75074.11,264,1400,0
2026-04-19 07:45:00,75213.44,75328.04,75212.08,75284.21,321,1400,0
2026-04-19 08:00:00,75283.16,75316.8,75207.05,75302.64,553,1400,0
2026-04-19 08:15:00,75297.69,75332.41,75167.79,75171.17,436,1400,0
2026-04-19 08:30:00,75169.13,75291.76,75107.2,75259.17,513,1400,0
2026-04-19 08:45:00,75252.19,75300.33,75198.16,75285.94,498,1400,0
2026-04-19 09:00:00,75284.5,75305.05,75193.36,75210.14,429,1400,0
2026-04-19 09:15:00,75210.12,75229.92,74966.83,75117.18,606,1400,0
2026-04-19 09:30:00,75122.36,75201.54,75080.18,75093.96,570,1400,0
2026-04-19 09:45:00,75097.02,75103.11,74942.47,75044.61,610,1400,0
2026-04-19 10:00:00,75047.46,75116.53,74960.19,75060.51,601,1400,0
2026-04-19 10:15:00,75071.3,75155.78,75022.59,75112.62,545,1400,0
2026-04-19 10:30:00,75106.98,75135.8,75075.86,75121.93,399,1400,0
2026-04-19 10:45:00,75117.53,75267.89,75071.43,75243.79,565,1400,0
2026-04-19 11:00:00,75243.88,75488.73,75233.46,75451.25,722,1400,0
2026-04-19 11:15:00,75439.43,75578.42,75375.66,75400.73,913,1400,0
2026-04-19 11:30:00,75404.91,75558.52,75393.9,75542.86,524,1400,0
2026-04-19 11:45:00,75536.69,75671.68,75513.69,75623.12,702,1400,0
2026-04-19 12:00:00,75636.67,75726.7,75526.64,75707.94,970,1400,0
2026-04-19 12:15:00,75714.24,75745.49,75534.17,75552.35,692,1400,0
2026-04-19 12:30:00,75545.75,75581.94,75452.88,75527.47,553,1400,0
2026-04-19 12:45:00,75528.17,75721.96,75494.86,75605.81,568,1400,0
2026-04-19 13:00:00,75605.09,75814.18,75579.4,75789.71,835,1400,0
2026-04-19 13:15:00,75799.31,76274.3,75753.53,76083.63,2003,1400,0
2026-04-19 13:30:00,76086.85,76152.44,75964.46,76069.07,770,1400,0
2026-04-19 13:45:00,76068.9,76075.82,75887.88,75954.66,676,1400,0
2026-04-19 14:00:00,75954.55,76054.89,75700.11,75816.26,1070,1400,0
2026-04-19 14:15:00,75822.71,76054.71,75777.46,75995.43,796,1400,0
2026-04-19 14:30:00,75997.48,76023.64,75817.97,76016.04,827,1400,0
2026-04-19 14:45:00,76014.56,76184.43,75969.94,76053.09,820,1400,0
2026-04-19 15:00:00,76055.01,76080.12,75908.26,76031.86,741,1400,0
2026-04-19 15:15:00,76029.98,76198.22,75908.57,75999.83,763,1400,0
2026-04-19 15:30:00,76002.44,76028.99,75419.08,75749.0,1612,1400,0
2026-04-19 15:45:00,75746.99,75915.94,75713.69,75884.47,932,1400,0
2026-04-19 16:00:00,75880.8,75892.09,75637.3,75708.1,1007,1400,0
2026-04-19 16:15:00,75707.99,75796.12,75575.18,75597.21,954,1400,0
2026-04-19 16:30:00,75597.32,75727.8,75520.05,75597.35,796,1400,0
2026-04-19 16:45:00,75586.97,75670.98,75315.3,75415.26,1406,1400,0
2026-04-19 17:00:00,75414.79,75415.07,75009.68,75295.38,1636,1400,0
2026-04-19 17:15:00,75288.97,75409.57,75190.37,75300.16,800,1400,0
2026-04-19 17:30:00,75301.72,75387.48,75099.09,75200.24,901,1400,0
2026-04-19 17:45:00,75201.38,75241.49,74644.46,74821.46,1802,1400,0
2026-04-19 18:00:00,74817.98,74946.79,74685.93,74859.62,1565,1400,0
2026-04-19 18:15:00,74865.17,74894.86,74606.78,74823.97,1158,1400,0
2026-04-19 18:30:00,74827.15,74846.38,74672.01,74727.86,846,1400,0
2026-04-19 18:45:00,74730.66,74825.9,74623.65,74800.02,810,1400,0
2026-04-19 19:00:00,74802.45,75019.25,74802.45,74983.86,816,1400,0
2026-04-19 19:15:00,74972.63,75062.58,74863.82,74968.5,721,1400,0
2026-04-19 19:30:00,74967.62,75107.75,74948.48,74990.43,665,1400,0
2026-04-19 19:45:00,74989.8,75055.99,74910.55,74979.0,519,1400,0
2026-04-19 20:00:00,74979.16,74983.24,74708.55,74823.99,886,1400,0
2026-04-19 20:15:00,74823.88,74830.81,74661.29,74781.72,651,1400,0
2026-04-19 20:30:00,74790.46,74895.51,74474.41,74566.0,769,1400,0
2026-04-19 20:45:00,74571.36,74752.08,74439.3,74664.0,1109,1400,0
2026-04-19 21:00:00,74666.81,74771.87,74586.41,74705.37,689,1400,0
2026-04-19 21:15:00,74700.72,74803.49,74597.9,74775.21,592,1400,0
2026-04-19 21:30:00,74770.39,74843.15,74743.38,74771.69,498,1400,0
2026-04-19 21:45:00,74766.56,74837.03,74381.5,74448.48,1415,1400,0
2026-04-19 22:00:00,74449.87,74455.07,73831.79,74051.43,4266,1400,0
2026-04-19 22:15:00,74045.11,74096.01,73782.31,73974.17,2020,1400,0
2026-04-19 22:30:00,73970.83,74206.15,73945.28,74153.51,1044,1400,0
2026-04-19 22:45:00,74152.83,74234.48,74051.8,74064.22,811,1400,0
2026-04-19 23:00:00,74066.13,74085.95,73837.29,74043.51,1077,1400,0
2026-04-19 23:15:00,74038.58,74038.58,73814.51,73912.28,933,1400,0
2026-04-19 23:30:00,73915.12,73990.56,73842.24,73927.38,912,1400,0
2026-04-19 23:45:00,73925.03,74014.72,73805.83,73823.92,708,1400,0
2026-04-20 00:00:00,73827.08,74248.46,73726.86,74064.68,1599,1400,0
2026-04-20 00:15:00,74064.44,74310.98,74063.86,74256.76,1022,1400,0
2026-04-20 00:30:00,74255.52,74304.78,74164.02,74200.48,658,1400,0
2026-04-20 00:45:00,74201.04,74390.5,74193.46,74299.48,680,1400,0
2026-04-20 01:00:00,74296.39,74396.67,74248.97,74380.81,832,1400,0
2026-04-20 01:15:00,74380.27,74398.19,74229.18,74321.02,590,1400,0
2026-04-20 01:30:00,74321.11,74743.01,74315.46,74703.53,1131,1400,0
2026-04-20 01:45:00,74704.19,74776.19,74581.75,74617.19,658,1400,0
2026-04-20 02:00:00,74614.59,74662.35,74365.45,74426.6,690,1400,0
2026-04-20 02:15:00,74426.44,74511.47,74320.35,74481.44,681,1400,0
2026-04-20 02:30:00,74486.36,74555.03,74425.51,74541.46,634,1400,0
2026-04-20 02:45:00,74545.68,74545.92,74431.97,74438.21,477,1400,0
2026-04-20 03:00:00,74436.22,74523.0,74376.31,74515.52,467,1400,0
2026-04-20 03:15:00,74524.92,74630.51,74419.84,74541.99,574,1400,0
2026-04-20 03:30:00,74543.2,74617.96,74478.55,74594.66,526,1400,0
2026-04-20 03:45:00,74596.5,74672.02,74566.41,74664.02,607,1400,0
2026-04-20 04:00:00,74666.88,74672.1,74526.38,74541.11,529,1400,0
2026-04-20 04:15:00,74544.71,74554.44,74462.44,74532.63,428,1400,0
2026-04-20 04:30:00,74529.61,74554.56,74452.95,74485.25,356,1400,0
2026-04-20 04:45:00,74483.44,74638.02,74483.44,74584.42,458,1400,0
2026-04-20 05:00:00,74585.69,74586.49,74285.72,74383.97,589,1400,0
2026-04-20 05:15:00,74381.58,74381.58,74145.4,74164.1,580,1400,0
2026-04-20 05:30:00,74165.58,74258.12,74130.38,74146.31,607,1400,0
2026-04-20 05:45:00,74145.55,74332.17,74115.37,74290.18,470,1400,0
2026-04-20 06:00:00,74288.21,74474.19,74278.43,74334.74,592,1400,0
2026-04-20 06:15:00,74333.25,74436.33,74272.69,74364.21,528,1400,0
2026-04-20 06:30:00,74366.5,74917.63,74366.5,74809.52,1010,1400,0
2026-04-20 06:45:00,74810.08,74860.94,74683.69,74825.98,946,1400,0
2026-04-20 07:00:00,74830.82,74900.67,74718.41,74823.06,927,1400,0
2026-04-20 07:15:00,74823.73,75602.19,74750.55,75248.68,2463,1400,0
2026-04-20 07:30:00,75243.94,75280.68,74867.07,74954.5,1321,1400,0
2026-04-20 07:45:00,74961.51,75041.14,74677.83,74858.39,1089,1400,0
2026-04-20 08:00:00,74860.52,74901.04,74675.71,74850.28,1014,1400,0
2026-04-20 08:15:00,74848.88,75030.23,74728.17,74844.32,1103,1400,0
2026-04-20 08:30:00,74848.62,74966.94,74770.02,74848.77,657,1400,0
2026-04-20 08:45:00,74855.14,74893.52,74630.62,74757.7,791,1400,0
2026-04-20 09:00:00,74758.0,75110.54,74718.31,75065.18,1046,1400,0
2026-04-20 09:15:00,75065.36,75186.47,75016.93,75059.91,780,1400,0
2026-04-20 09:30:00,75062.07,75227.87,74996.25,75186.91,809,1400,0
2026-04-20 09:45:00,75184.43,75264.12,75040.95,75094.59,811,1400,0
2026-04-20 10:00:00,75096.17,75398.96,75092.86,75362.0,811,1400,0
2026-04-20 10:15:00,75360.0,75437.99,75286.82,75335.49,745,1400,0
2026-04-20 10:30:00,75332.29,75332.29,75168.51,75195.87,619,1400,0
2026-04-20 10:45:00,75197.53,75231.44,75021.83,75059.33,602,1400,0
2026-04-20 11:00:00,75054.56,75212.31,74966.63,75195.83,741,1400,0
2026-04-20 11:15:00,75195.07,75303.13,75081.03,75192.07,703,1400,0
2026-04-20 11:30:00,75187.04,75309.01,75102.6,75246.54,821,1400,0
2026-04-20 11:45:00,75245.41,75306.43,75166.88,75209.64,645,1400,0
2026-04-20 12:00:00,75214.2,75430.85,75094.77,75368.14,965,1400,0
2026-04-20 12:15:00,75365.71,75683.12,75315.91,75434.28,1162,1400,0
2026-04-20 12:30:00,75434.83,75497.75,75025.93,75228.57,1090,1400,0
2026-04-20 12:45:00,75228.6,75410.61,75228.6,75315.94,837,1400,0
2026-04-20 13:00:00,75321.07,75389.54,75141.56,75260.71,1269,1400,0
2026-04-20 13:15:00,75260.85,75309.83,75021.15,75224.17,929,1400,0
2026-04-20 13:30:00,75216.81,75457.46,74872.02,75258.11,3049,1400,0
2026-04-20 13:45:00,75256.15,75357.27,74995.49,75299.52,2448,1400,0
2026-04-20 14:00:00,75292.47,75343.82,75057.76,75114.47,2139,1400,0
2026-04-20 14:15:00,75112.69,75810.61,75070.53,75606.57,2517,1400,0
2026-04-20 14:30:00,75605.98,75708.74,75228.27,75366.79,2229,1400,0
2026-04-20 14:45:00,75363.19,75478.69,74947.09,75076.98,2819,1400,0
2026-04-20 15:00:00,75068.43,75117.39,74726.03,75088.67,2330,1400,0
2026-04-20 15:15:00,75088.55,75816.55,75060.31,75786.62,2865,1400,0
2026-04-20 15:30:00,75775.16,75775.16,75547.07,75614.48,1672,1400,0
2026-04-20 15:45:00,75618.23,75772.33,75563.2,75737.66,1213,1400,0
2026-04-20 16:00:00,75745.62,75756.1,75434.03,75448.65,1183,1400,0
2026-04-20 16:15:00,75455.48,75555.95,75349.23,75384.05,1200,1400,0
2026-04-20 16:30:00,75386.1,75607.13,75327.83,75513.05,1071,1400,0
2026-04-20 16:45:00,75515.18,75598.66,75312.63,75377.7,824,1400,0
2026-04-20 17:00:00,75368.31,75720.38,75304.74,75671.84,1322,1400,0
2026-04-20 17:15:00,75661.81,75920.33,75625.06,75742.31,1072,1400,0
2026-04-20 17:30:00,75740.13,75886.32,75630.15,75780.87,1139,1400,0
2026-04-20 17:45:00,75785.15,76043.63,75721.36,75927.44,868,1400,0
2026-04-20 18:00:00,75936.87,76351.04,75936.87,76297.83,1688,1400,0
2026-04-20 18:15:00,76297.59,76352.18,76102.55,76141.93,1124,1400,0
2026-04-20 18:30:00,76141.19,76307.45,76015.28,76195.67,1038,1400,0
2026-04-20 18:45:00,76190.43,76499.17,76121.93,76451.86,1130,1400,0
2026-04-20 19:00:00,76457.37,76514.09,76326.37,76375.51,945,1400,0
2026-04-20 19:15:00,76378.84,76381.85,76197.92,76229.67,653,1400,0
2026-04-20 19:30:00,76223.74,76291.17,76170.24,76280.84,539,1400,0
2026-04-20 19:45:00,76277.22,76363.85,76236.09,76318.98,542,1400,0
2026-04-20 20:00:00,76317.64,76410.75,76148.47,76365.26,707,1400,0
2026-04-20 20:15:00,76362.18,76613.55,76330.09,76350.5,802,1400,0
2026-04-20 20:30:00,76350.85,76350.85,76244.48,76284.85,478,1400,0
2026-04-20 20:45:00,76284.77,76359.81,76266.44,76318.73,378,1400,0
2026-04-20 21:00:00,76318.61,76407.49,75939.41,76030.8,760,1400,0
2026-04-20 21:15:00,76030.88,76079.47,75872.51,75962.55,617,1400,0
2026-04-20 21:30:00,75962.46,75978.39,75794.71,75918.52,573,1400,0
2026-04-20 21:45:00,75918.6,75998.99,75892.56,75982.62,505,1400,0
2026-04-20 22:00:00,75981.3,76181.32,75977.61,76101.45,777,1400,0
2026-04-20 22:15:00,76095.67,76151.12,75923.07,75953.62,622,1400,0
2026-04-20 22:30:00,75947.03,76100.4,75916.17,76015.84,649,1400,0
2026-04-20 22:45:00,76015.19,76028.08,75946.04,76004.72,442,1400,0
2026-04-20 23:00:00,75996.78,75996.78,75735.13,75779.86,731,1400,0
2026-04-20 23:15:00,75770.58,75790.51,75643.21,75692.79,523,1400,0
2026-04-20 23:30:00,75696.4,75838.48,75648.22,75807.28,471,1400,0
2026-04-20 23:45:00,75807.36,75911.64,75773.22,75868.18,457,1400,0
2026-04-21 00:00:00,75868.91,75955.64,75718.33,75898.32,703,1400,0
2026-04-21 00:15:00,75897.01,75959.02,75828.38,75922.51,624,1400,0
2026-04-21 00:30:00,75923.46,76020.89,75878.08,75915.52,572,1400,0
2026-04-21 00:45:00,75903.92,76122.0,75900.9,76120.02,867,1400,0
2026-04-21 01:00:00,76114.61,76293.11,76047.78,76155.98,685,1400,0
2026-04-21 01:15:00,76152.79,76170.66,76010.37,76148.68,623,1400,0
2026-04-21 01:30:00,76152.77,76258.67,76013.92,76087.63,639,1400,0
2026-04-21 01:45:00,76092.5,76103.84,75876.15,75957.2,604,1400,0
2026-04-21 02:00:00,75956.84,75963.88,75722.2,75753.83,643,1400,0
2026-04-21 02:15:00,75750.27,75821.12,75699.1,75742.49,505,1400,0
2026-04-21 02:30:00,75741.59,75829.45,75613.54,75638.58,600,1400,0
2026-04-21 02:45:00,75642.61,75699.36,75590.63,75607.19,467,1400,0
2026-04-21 03:00:00,75610.03,75666.53,75505.21,75591.97,706,1400,0
2026-04-21 03:15:00,75589.26,75693.22,75520.47,75659.56,522,1400,0
2026-04-21 03:30:00,75662.08,75743.49,75510.07,75582.63,490,1400,0
2026-04-21 03:45:00,75582.52,75752.12,75569.97,75728.88,458,1400,0
2026-04-21 04:00:00,75724.89,75794.12,75634.77,75636.55,508,1400,0
2026-04-21 04:15:00,75636.94,75742.1,75620.69,75652.5,497,1400,0
2026-04-21 04:30:00,75656.11,75758.85,75641.0,75750.7,406,1400,0
2026-04-21 04:45:00,75749.97,75859.83,75707.42,75840.48,409,1400,0
2026-04-21 05:00:00,75835.41,76004.42,75818.76,75924.24,513,1400,0
2026-04-21 05:15:00,75923.9,76022.06,75867.61,75930.03,503,1400,0
2026-04-21 05:30:00,75919.36,75927.38,75846.97,75871.15,429,1400,0
2026-04-21 05:45:00,75867.2,75868.9,75796.11,75826.07,418,1400,0
2026-04-21 06:00:00,75819.95,75847.92,75744.56,75802.59,450,1400,0
2026-04-21 06:15:00,75803.98,75830.44,75721.25,75781.6,376,1400,0
2026-04-21 06:30:00,75781.16,76158.03,75777.95,76027.3,811,1400,0
2026-04-21 06:45:00,76036.47,76075.73,75984.22,76002.21,442,1400,0
2026-04-21 07:00:00,76001.32,76019.5,75831.61,75975.05,685,1400,0
2026-04-21 07:15:00,75977.89,76343.67,75951.85,76206.32,849,1400,0
2026-04-21 07:30:00,76210.7,76343.51,76041.57,76225.79,747,1400,0
2026-04-21 07:45:00,76222.19,76328.27,76106.15,76113.19,581,1400,0
2026-04-21 08:00:00,76114.74,76242.42,76084.28,76149.37,711,1400,0
2026-04-21 08:15:00,76146.53,76414.08,76139.32,76364.83,666,1400,0
2026-04-21 08:30:00,76368.67,76531.17,76271.19,76472.48,606,1400,0
2026-04-21 08:45:00,76471.94,76959.47,76443.06,76532.61,1304,1400,0
2026-04-21 09:00:00,76530.67,76613.78,76370.47,76502.21,829,1400,0
2026-04-21 09:15:00,76505.86,76559.83,76222.13,76281.99,714,1400,0
2026-04-21 09:30:00,76283.63,76356.16,76173.99,76341.68,787,1400,0
2026-04-21 09:45:00,76338.84,76405.83,76266.68,76388.47,709,1400,0
2026-04-21 10:00:00,76390.75,76530.68,76370.21,76462.17,655,1400,0
2026-04-21 10:15:00,76455.97,76611.43,76393.52,76544.75,701,1400,0
2026-04-21 10:30:00,76541.58,76642.67,76487.39,76593.78,520,1400,0
2026-04-21 10:45:00,76590.86,76902.9,76570.91,76775.5,1032,1400,0
2026-04-21 11:00:00,76775.31,76793.6,76361.24,76437.59,1220,1400,0
2026-04-21 11:15:00,76437.67,76765.51,76357.48,76697.2,760,1400,0
2026-04-21 11:30:00,76697.01,76720.13,76485.37,76510.13,661,1400,0
2026-04-21 11:45:00,76510.87,76527.22,76426.24,76477.18,522,1400,0
2026-04-21 12:00:00,76484.23,76518.92,76280.73,76280.73,758,1400,0
2026-04-21 12:15:00,76280.46,76415.21,76262.03,76394.87,656,1400,0
2026-04-21 12:30:00,76389.99,76558.19,75701.24,75850.93,1730,1400,0
2026-04-21 12:45:00,75854.35,76089.47,75758.73,76036.74,1164,1400,0
2026-04-21 13:00:00,76038.97,76110.97,75912.93,76012.01,813,1400,0
2026-04-21 13:15:00,76011.83,76168.26,75981.64,76059.63,779,1400,0
2026-04-21 13:30:00,76057.08,76209.05,75743.22,76025.6,2563,1400,0
2026-04-21 13:45:00,76023.63,76079.31,75786.31,75924.11,1594,1400,0
2026-04-21 14:00:00,75927.85,75948.53,75713.07,75857.2,1373,1400,0
2026-04-21 14:15:00,75858.8,76346.27,75858.71,76135.24,1763,1400,0
2026-04-21 14:30:00,76130.99,76625.28,76123.59,76482.32,1980,1400,0
2026-04-21 14:45:00,76479.67,76502.84,75623.71,75687.87,2013,1400,0
2026-04-21 15:00:00,75686.93,75865.81,75424.71,75791.54,2642,1400,0
2026-04-21 15:15:00,75789.91,76005.04,75606.2,75706.6,1690,1400,0
2026-04-21 15:30:00,75696.25,75832.74,75533.07,75707.3,1391,1400,0
2026-04-21 15:45:00,75702.83,75851.9,75620.5,75848.22,1312,1400,0
2026-04-21 16:00:00,75850.37,76020.08,75822.24,75974.77,1505,1400,0
2026-04-21 16:15:00,75978.79,76002.52,75845.78,75875.49,1018,1400,0
2026-04-21 16:30:00,75872.63,76209.52,75844.2,75907.0,1215,1400,0
2026-04-21 16:45:00,75905.18,76061.18,75756.97,75791.34,987,1400,0
2026-04-21 17:00:00,75789.55,75840.65,75448.88,75563.6,1771,1400,0
2026-04-21 17:15:00,75557.33,75566.84,75059.08,75334.26,1897,1400,0
2026-04-21 17:30:00,75334.24,75927.32,75282.98,75770.88,2424,1400,0
2026-04-21 17:45:00,75768.78,75838.95,75514.1,75559.24,1218,1400,0
2026-04-21 18:00:00,75559.62,75655.32,75492.49,75593.15,932,1400,0
2026-04-21 18:15:00,75596.13,75679.67,75373.03,75469.66,1415,1400,0
2026-04-21 18:30:00,75472.97,75613.72,75468.54,75533.97,848,1400,0
2026-04-21 18:45:00,75534.02,75656.09,75310.59,75616.11,1527,1400,0
2026-04-21 19:00:00,75603.13,75809.87,75573.73,75619.89,1257,1400,0
2026-04-21 19:15:00,75632.9,75932.92,75547.2,75800.64,1218,1400,0
2026-04-21 19:30:00,75802.27,75808.53,74827.49,74878.74,2090,1400,0
2026-04-21 19:45:00,74878.82,75104.29,74824.99,75027.34,1848,1400,0
2026-04-21 20:00:00,75029.81,75637.13,74980.0,75577.75,2154,1400,0
2026-04-21 20:15:00,75579.5,75799.83,75450.79,75669.48,1149,1400,0
2026-04-21 20:30:00,75673.82,75870.41,75670.36,75686.93,820,1400,0
2026-04-21 20:45:00,75686.69,75793.31,75588.48,75711.32,632,1400,0
2026-04-21 21:00:00,75708.36,75789.76,75550.41,75582.21,528,1400,0
2026-04-21 21:15:00,75582.23,75698.06,75555.74,75600.41,445,1400,0
2026-04-21 21:30:00,75602.47,75660.93,75458.53,75458.53,538,1400,0
2026-04-21 21:45:00,75470.23,75602.57,75470.23,75552.23,416,1400,0
2026-04-21 22:00:00,75548.24,75613.65,75496.37,75565.51,819,1400,0
2026-04-21 22:15:00,75555.15,75558.46,75301.57,75383.8,684,1400,0
2026-04-21 22:30:00,75389.14,75572.25,75316.17,75531.14,602,1400,0
2026-04-21 22:45:00,75530.07,75667.48,75499.52,75655.39,490,1400,0
2026-04-21 23:00:00,75643.43,75881.2,75630.11,75793.92,718,1400,0
2026-04-21 23:15:00,75791.72,75886.8,75762.24,75790.95,598,1400,0
2026-04-21 23:30:00,75792.92,76162.45,75792.45,76092.21,676,1400,0
2026-04-21 23:45:00,76095.47,76453.22,76085.4,76348.32,1103,1400,0
2026-04-22 00:00:00,76353.11,76529.34,76324.12,76418.29,1037,1400,0
2026-04-22 00:15:00,76418.02,76452.68,76255.49,76281.36,816,1400,0
2026-04-22 00:30:00,76281.5,76425.15,76223.88,76354.36,700,1400,0
2026-04-22 00:45:00,76354.51,76390.74,76249.9,76383.49,642,1400,0
2026-04-22 01:00:00,76379.43,76441.25,76289.78,76395.83,734,1400,0
2026-04-22 01:15:00,76399.64,76402.25,76145.85,76177.27,768,1400,0
2026-04-22 01:30:00,76172.14,76293.1,76145.11,76251.55,481,1400,0
2026-04-22 01:45:00,76250.84,76367.47,76210.37,76318.95,532,1400,0
2026-04-22 02:00:00,76319.05,76897.5,76223.49,76746.07,1243,1400,0
2026-04-22 02:15:00,76748.38,77281.55,76748.38,77249.55,1903,1400,0
2026-04-22 02:30:00,77248.89,77367.94,77085.52,77261.23,1434,1400,0
2026-04-22 02:45:00,77261.13,77663.29,77155.58,77609.22,1466,1400,0
2026-04-22 03:00:00,77617.72,77751.95,77474.54,77618.42,1468,1400,0
2026-04-22 03:15:00,77608.04,77620.81,77425.62,77534.95,909,1400,0
2026-04-22 03:30:00,77536.5,77600.09,77413.44,77587.15,623,1400,0
2026-04-22 03:45:00,77588.57,77648.73,77501.48,77539.26,675,1400,0
2026-04-22 04:00:00,77538.24,77645.47,77477.4,77501.43,665,1400,0
2026-04-22 04:15:00,77499.67,77527.32,77376.02,77513.69,640,1400,0
2026-04-22 04:30:00,77521.53,77723.12,77480.18,77565.86,651,1400,0
2026-04-22 04:45:00,77572.44,77606.95,77459.62,77531.67,605,1400,0
2026-04-22 05:00:00,77521.36,77604.97,77448.02,77547.04,612,1400,0
2026-04-22 05:15:00,77550.83,78480.94,77531.86,78258.14,2363,1400,0
2026-04-22 05:30:00,78262.69,78368.45,78006.52,78127.5,1166,1400,0
2026-04-22 05:45:00,78127.97,78230.4,77946.07,77978.18,1025,1400,0
2026-04-22 06:00:00,77976.2,78020.51,77891.54,77957.15,695,1400,0
2026-04-22 06:15:00,77960.31,78050.86,77915.64,77980.88,583,1400,0
2026-04-22 06:30:00,77979.85,78025.35,77900.7,77967.62,638,1400,0
2026-04-22 06:45:00,77966.61,78028.08,77933.4,78005.62,477,1400,0
2026-04-22 07:00:00,78004.07,78138.05,77968.07,78101.16,654,1400,0
2026-04-22 07:15:00,78106.39,78115.86,77823.37,77907.54,746,1400,0
2026-04-22 07:30:00,77897.29,78075.11,77846.67,78069.74,545,1400,0
2026-04-22 07:45:00,78067.71,78126.02,77972.61,78026.23,628,1400,0
2026-04-22 08:00:00,78027.59,78182.1,78021.58,78149.3,696,1400,0
2026-04-22 08:15:00,78150.76,78219.82,77978.25,77978.25,764,1400,0
2026-04-22 08:30:00,77978.15,78039.65,77947.75,77948.94,681,1400,0
2026-04-22 08:45:00,77950.25,78085.65,77939.31,78011.87,533,1400,0
2026-04-22 09:00:00,78010.06,78112.32,77954.23,78048.08,823,1400,0
2026-04-22 09:15:00,78046.56,78169.98,77963.34,78162.31,530,1400,0
2026-04-22 09:30:00,78162.23,78200.19,78052.79,78148.42,550,1400,0
2026-04-22 09:45:00,78146.86,78149.92,77983.36,78005.31,588,1400,0
2026-04-22 10:00:00,78008.89,78063.03,77951.54,78043.49,599,1400,0
2026-04-22 10:15:00,78047.34,78088.43,77977.95,78071.24,527,1400,0
2026-04-22 10:30:00,78070.34,78189.26,78065.93,78131.07,531,1400,0
2026-04-22 10:45:00,78131.16,78190.78,78088.71,78161.59,454,1400,0
2026-04-22 11:00:00,78168.63,78307.2,78110.77,78163.66,833,1400,0
2026-04-22 11:15:00,78165.36,78337.72,78165.36,78327.18,578,1400,0
2026-04-22 11:30:00,78328.91,78431.32,78193.96,78225.48,787,1400,0
2026-04-22 11:45:00,78231.52,78340.8,78227.21,78315.28,584,1400,0
2026-04-22 12:00:00,78316.35,78491.34,78239.25,78432.42,838,1400,0
2026-04-22 12:15:00,78432.45,78554.66,78166.5,78200.77,1012,1400,0
2026-04-22 12:30:00,78198.52,78307.26,78127.1,78213.03,856,1400,0
2026-04-22 12:45:00,78214.38,78368.57,78199.71,78252.54,682,1400,0
2026-04-22 13:00:00,78253.06,78476.27,78184.4,78395.01,1082,1400,0
2026-04-22 13:15:00,78396.83,78534.12,78365.93,78498.2,1159,1400,0
2026-04-22 13:30:00,78497.92,78718.73,78296.53,78638.94,2620,1400,0
2026-04-22 13:45:00,78631.64,78880.33,78545.76,78871.25,2116,1400,0
2026-04-22 14:00:00,78874.33,79130.31,78729.14,79090.74,1927,1400,0
2026-04-22 14:15:00,79087.97,79226.92,78810.23,79054.57,1905,1400,0
2026-04-22 14:30:00,79055.29,79079.04,78616.71,78735.5,2144,1400,0
2026-04-22 14:45:00,78732.59,79117.84,78718.96,79053.88,1184,1400,0
2026-04-22 15:00:00,79069.46,79168.21,78870.46,78979.3,1659,1400,0
2026-04-22 15:15:00,78980.2,79140.62,78857.99,79081.91,1197,1400,0
2026-04-22 15:30:00,79080.03,79363.55,79030.96,79299.94,1410,1400,0
2026-04-22 15:45:00,79299.22,79446.96,79246.96,79314.84,964,1400,0
2026-04-22 16:00:00,79316.53,79519.63,79171.94,79223.76,1075,1400,0
2026-04-22 16:15:00,79222.89,79240.85,78909.13,78959.48,1138,1400,0
2026-04-22 16:30:00,78959.02,79061.22,78796.64,78838.08,1208,1400,0
2026-04-22 16:45:00,78830.73,78881.51,78640.14,78774.95,1011,1400,0
2026-04-22 17:00:00,78776.57,79062.82,78761.79,79001.14,1069,1400,0
2026-04-22 17:15:00,79002.25,79030.97,78711.87,78865.6,926,1400,0
2026-04-22 17:30:00,78863.12,78924.17,78780.26,78836.28,789,1400,0
2026-04-22 17:45:00,78840.97,79022.07,78729.37,78938.56,815,1400,0
2026-04-22 18:00:00,78943.62,79028.95,78840.75,78982.87,640,1400,0
2026-04-22 18:15:00,78985.93,79017.61,78906.63,78928.94,565,1400,0
2026-04-22 18:30:00,78920.4,79044.04,78870.97,78984.19,594,1400,0
2026-04-22 18:45:00,78984.29,79195.61,78980.28,79049.22,609,1400,0
2026-04-22 19:00:00,79056.11,79077.94,78716.06,78884.67,1008,1400,0
2026-04-22 19:15:00,78883.98,79098.45,78842.55,79054.24,700,1400,0
2026-04-22 19:30:00,79054.75,79094.52,78814.83,78885.85,709,1400,0
2026-04-22 19:45:00,78886.97,78994.03,78796.95,78871.77,765,1400,0
2026-04-22 20:00:00,78869.8,78944.29,78754.52,78763.25,719,1400,0
2026-04-22 20:15:00,78768.37,78789.37,78481.7,78612.49,694,1400,0
2026-04-22 20:30:00,78606.42,78646.15,78508.84,78524.07,479,1400,0
2026-04-22 20:45:00,78526.17,78552.05,78418.81,78466.24,511,1400,0
2026-04-22 21:00:00,78468.03,78630.41,78442.18,78601.84,446,1400,0
2026-04-22 21:15:00,78606.02,78629.32,78575.46,78598.62,352,1400,0
2026-04-22 21:30:00,78599.62,78783.51,78599.62,78782.36,418,1400,0
2026-04-22 21:45:00,78782.26,78859.14,78730.41,78785.63,583,1400,0
2026-04-22 22:00:00,78775.3,78859.63,78718.4,78790.81,657,1400,0
2026-04-22 22:15:00,78790.99,78804.87,78549.29,78566.37,515,1400,0
2026-04-22 22:30:00,78566.72,78636.8,78500.83,78527.03,543,1400,0
2026-04-22 22:45:00,78524.07,78658.84,78477.09,78629.48,476,1400,0
2026-04-22 23:00:00,78622.11,78635.17,78479.94,78589.46,534,1400,0
2026-04-22 23:15:00,78589.47,78616.62,78221.37,78359.18,798,1400,0
2026-04-22 23:30:00,78363.41,78363.41,78225.93,78279.21,713,1400,0
2026-04-22 23:45:00,78278.23,78339.54,78173.94,78211.51,546,1400,0
2026-04-23 00:00:00,78209.26,78430.31,77916.12,77916.12,1297,1400,0
2026-04-23 00:15:00,77909.75,78520.84,77604.25,78469.16,2889,1400,0
2026-04-23 00:30:00,78467.37,78607.08,78325.35,78451.32,1308,1400,0
2026-04-23 00:45:00,78453.91,78490.5,78285.97,78456.11,887,1400,0
2026-04-23 01:00:00,78456.43,78510.2,78247.21,78302.63,995,1400,0
2026-04-23 01:15:00,78300.97,78309.87,78082.9,78111.95,1030,1400,0
2026-04-23 01:30:00,78117.67,78417.85,78086.17,78317.15,937,1400,0
2026-04-23 01:45:00,78317.26,78457.71,78243.28,78380.84,767,1400,0
2026-04-23 02:00:00,78386.17,78390.19,78183.8,78183.8,840,1400,0
2026-04-23 02:15:00,78175.77,78242.57,77993.69,78058.64,1285,1400,0
2026-04-23 02:30:00,78059.42,78149.63,77781.44,77891.55,1226,1400,0
2026-04-23 02:45:00,77891.65,78053.85,77785.37,77968.94,854,1400,0
2026-04-23 03:00:00,77956.1,78060.95,77743.99,77749.08,897,1400,0
2026-04-23 03:15:00,77748.47,77780.17,77653.68,77715.29,947,1400,0
2026-04-23 03:30:00,77706.24,77741.31,77469.21,77644.6,1026,1400,0
2026-04-23 03:45:00,77652.2,77788.04,77548.28,77760.7,815,1400,0
2026-04-23 04:00:00,77756.77,77900.07,77694.4,77866.0,836,1400,0
2026-04-23 04:15:00,77864.69,77964.93,77759.61,77820.72,727,1400,0
2026-04-23 04:30:00,77823.75,77936.45,77819.05,77886.85,577,1400,0
2026-04-23 04:45:00,77888.55,77980.81,77850.63,77924.43,501,1400,0
2026-04-23 05:00:00,77946.75,78069.51,77911.71,77996.47,554,1400,0
2026-04-23 05:15:00,77996.48,78039.32,77897.59,77912.03,450,1400,0
2026-04-23 05:30:00,77911.04,77925.47,77783.49,77888.65,663,1400,0
2026-04-23 05:45:00,77893.96,78153.56,77877.99,78065.81,550,1400,0
2026-04-23 06:00:00,78067.43,78305.21,78064.71,78221.27,789,1400,0
2026-04-23 06:15:00,78221.74,78370.81,78175.66,78299.19,651,1400,0
2026-04-23 06:30:00,78303.96,78363.5,78159.97,78199.32,561,1400,0
2026-04-23 06:45:00,78186.48,78264.26,78115.74,78237.63,555,1400,0
2026-04-23 07:00:00,78239.14,78279.85,78146.52,78164.51,604,1400,0
2026-04-23 07:15:00,78167.11,78220.07,78128.56,78177.0,574,1400,0
2026-04-23 07:30:00,78165.05,78201.83,78052.06,78123.04,602,1400,0
2026-04-23 07:45:00,78128.72,78180.05,77991.24,78073.69,635,1400,0
2026-04-23 08:00:00,78076.19,78209.86,77930.94,78142.02,637,1400,0
2026-04-23 08:15:00,78141.58,78153.46,77973.11,78004.45,603,1400,0
2026-04-23 08:30:00,77999.38,78009.65,77727.89,77763.64,798,1400,0
2026-04-23 08:45:00,77764.47,77915.2,77745.85,77876.48,605,1400,0
2026-04-23 09:00:00,77874.85,77886.29,77447.97,77600.37,1107,1400,0
2026-04-23 09:15:00,77595.82,77726.85,77522.41,77640.21,711,1400,0
2026-04-23 09:30:00,77644.73,77787.41,77644.73,77738.77,527,1400,0
2026-04-23 09:45:00,77733.61,77766.91,77553.25,77666.47,597,1400,0
2026-04-23 10:00:00,77661.27,77740.11,76755.7,77236.13,1482,1400,0
2026-04-23 10:15:00,77232.88,77416.95,77224.51,77407.97,712,1400,0
2026-04-23 10:30:00,77399.86,77474.97,77358.84,77401.2,592,1400,0
2026-04-23 10:45:00,77395.9,77495.81,77309.49,77426.89,577,1400,0
2026-04-23 11:00:00,77430.97,77525.25,77378.73,77408.76,559,1400,0
2026-04-23 11:15:00,77409.86,77524.91,77400.23,77496.07,494,1400,0
2026-04-23 11:30:00,77490.42,77621.1,77402.66,77599.09,797,1400,0
2026-04-23 11:45:00,77603.7,77780.16,77603.52,77715.67,840,1400,0
2026-04-23 12:00:00,77729.06,77907.12,77710.92,77745.89,1104,1400,0
2026-04-23 12:15:00,77742.68,77799.51,77638.73,77793.44,632,1400,0
2026-04-23 12:30:00,77799.4,77897.05,77732.32,77785.34,706,1400,0
2026-04-23 12:45:00,77785.57,77901.32,77539.62,77895.07,1295,1400,0
2026-04-23 13:00:00,77893.29,77946.75,77653.01,77692.05,861,1400,0
2026-04-23 13:15:00,77693.95,77749.5,77598.67,77617.97,683,1400,0
2026-04-23 13:30:00,77617.55,77715.4,77543.88,77560.5,1775,1400,0
2026-04-23 13:45:00,77557.1,77695.3,77395.92,77543.93,1462,1400,0
2026-04-23 14:00:00,77542.95,77681.61,77434.96,77540.48,1524,1400,0
2026-04-23 14:15:00,77540.53,77987.3,77491.2,77759.44,1353,1400,0
2026-04-23 14:30:00,77774.85,78010.77,77769.27,77914.9,1420,1400,0
2026-04-23 14:45:00,77919.45,78239.4,77867.84,78200.91,1440,1400,0
2026-04-23 15:00:00,78195.82,78219.43,77998.15,78126.05,1035,1400,0
2026-04-23 15:15:00,78128.63,78701.81,78094.51,78417.88,1571,1400,0
2026-04-23 15:30:00,78415.92,78638.4,78327.58,78520.57,1039,1400,0
2026-04-23 15:45:00,78519.36,78519.36,78269.58,78394.01,1189,1400,0
2026-04-23 16:00:00,78399.52,78543.37,78311.25,78329.01,1036,1400,0
2026-04-23 16:15:00,78320.22,78469.09,78256.83,78321.77,882,1400,0
2026-04-23 16:30:00,78325.87,78488.67,78300.58,78351.31,732,1400,0
2026-04-23 16:45:00,78352.34,78395.12,78044.14,78129.12,1033,1400,0
2026-04-23 17:00:00,78128.53,78211.67,77692.02,77859.22,2146,1400,0
2026-04-23 17:15:00,77857.21,77881.53,77561.82,77628.87,1813,1400,0
2026-04-23 17:30:00,77626.82,77758.56,76995.8,77208.88,2660,1400,0
2026-04-23 17:45:00,77211.32,77846.2,76975.11,77786.44,3292,1400,0
2026-04-23 18:00:00,77787.17,78180.15,77762.36,77994.71,2318,1400,0
2026-04-23 18:15:00,77997.4,78091.75,77850.74,77926.11,1161,1400,0
2026-04-23 18:30:00,77927.06,78148.6,77927.06,78047.15,1041,1400,0
2026-04-23 18:45:00,78048.91,78079.63,77688.7,77694.47,995,1400,0
2026-04-23 19:00:00,77692.1,77793.27,77608.31,77720.68,987,1400,0
2026-04-23 19:15:00,77723.25,77919.53,77720.58,77873.02,726,1400,0
2026-04-23 19:30:00,77872.28,77920.94,77651.85,77662.39,819,1400,0
2026-04-23 19:45:00,77661.09,77835.45,77613.06,77734.93,957,1400,0
2026-04-23 20:00:00,77732.53,77932.27,77657.25,77820.82,767,1400,0
2026-04-23 20:15:00,77816.94,77852.88,77687.03,77755.11,475,1400,0
2026-04-23 20:30:00,77755.3,78072.68,77732.35,78012.63,700,1400,0
2026-04-23 20:45:00,78011.19,78050.02,77850.18,77901.09,452,1400,0
2026-04-23 21:00:00,77900.2,77930.08,77836.2,77889.95,379,1400,0
2026-04-23 21:15:00,77888.7,77936.35,77800.8,77936.35,414,1400,0
2026-04-23 21:30:00,77942.78,78106.21,77936.82,78078.8,466,1400,0
2026-04-23 21:45:00,78082.82,78082.82,77878.51,77878.51,427,1400,0
2026-04-23 22:00:00,77878.57,78201.39,77878.57,78068.93,711,1400,0
2026-04-23 22:15:00,78079.28,78302.98,78049.26,78192.41,771,1400,0
2026-04-23 22:30:00,78191.14,78327.94,78180.6,78327.94,481,1400,0
2026-04-23 22:45:00,78332.47,78359.85,78221.63,78249.67,504,1400,0
2026-04-23 23:00:00,78250.75,78260.53,78095.83,78106.64,451,1400,0
2026-04-23 23:15:00,78086.14,78175.09,78039.55,78156.19,510,1400,0
2026-04-23 23:30:00,78155.48,78301.3,78144.2,78285.59,461,1400,0
2026-04-23 23:45:00,78283.41,78329.82,78229.16,78270.56,496,1400,0
2026-04-24 00:00:00,78276.1,78377.9,78178.98,78323.0,617,1400,0
2026-04-24 00:15:00,78321.71,78493.3,78264.65,78434.98,699,1400,0
2026-04-24 00:30:00,78438.54,78526.34,78389.15,78393.15,633,1400,0
2026-04-24 00:45:00,78398.66,78494.44,78333.49,78437.33,570,1400,0
2026-04-24 01:00:00,78446.03,78446.03,78091.01,78182.88,765,1400,0
2026-04-24 01:15:00,78186.78,78204.33,78013.31,78055.12,580,1400,0
2026-04-24 01:30:00,78052.99,78166.82,77966.16,78070.82,608,1400,0
2026-04-24 01:45:00,78073.83,78471.73,78043.46,78433.85,803,1400,0
2026-04-24 02:00:00,78434.77,78610.61,78315.41,78419.02,734,1400,0
2026-04-24 02:15:00,78423.53,78430.85,78256.9,78277.21,506,1400,0
2026-04-24 02:30:00,78276.24,78438.57,78270.65,78430.07,446,1400,0
2026-04-24 02:45:00,78431.99,78457.8,78066.78,78144.96,675,1400,0
2026-04-24 03:00:00,78144.58,78203.71,78092.14,78167.52,512,1400,0
2026-04-24 03:15:00,78167.35,78167.35,77667.51,77770.59,1006,1400,0
2026-04-24 03:30:00,77774.5,77777.08,77572.52,77677.61,907,1400,0
2026-04-24 03:45:00,77660.89,77773.55,77649.04,77749.14,529,1400,0
2026-04-24 04:00:00,77742.23,77768.81,77695.03,77748.75,435,1400,0
2026-04-24 04:15:00,77748.84,77878.71,77618.99,77624.62,612,1400,0
2026-04-24 04:30:00,77628.34,77696.77,77484.28,77670.21,614,1400,0
2026-04-24 04:45:00,77668.72,77769.57,77615.34,77683.22,546,1400,0
2026-04-24 05:00:00,77681.74,77718.4,77564.28,77582.61,490,1400,0
2026-04-24 05:15:00,77578.92,77675.4,77455.87,77653.86,636,1400,0
2026-04-24 05:30:00,77654.22,77779.94,77654.22,77725.84,455,1400,0
2026-04-24 05:45:00,77724.22,78082.93,77722.97,77979.09,756,1400,0
2026-04-24 06:00:00,77979.81,78010.94,77901.78,77966.91,588,1400,0
2026-04-24 06:15:00,77966.8,77987.44,77829.92,77857.45,521,1400,0
2026-04-24 06:30:00,77852.99,77912.57,77767.66,77834.79,577,1400,0
2026-04-24 06:45:00,77827.04,77937.3,77802.39,77803.25,476,1400,0
2026-04-24 07:00:00,77799.21,77878.26,77765.26,77776.9,486,1400,0
2026-04-24 07:15:00,77783.04,77808.31,77656.24,77741.35,525,1400,0
2026-04-24 07:30:00,77744.22,77756.47,77641.49,77670.7,480,1400,0
2026-04-24 07:45:00,77671.73,77767.49,77556.94,77677.25,526,1400,0
2026-04-24 08:00:00,77676.89,77720.19,77582.84,77713.92,613,1400,0
2026-04-24 08:15:00,77716.77,78036.07,77716.77,77880.31,836,1400,0
2026-04-24 08:30:00,77879.72,77881.98,77742.14,77766.04,468,1400,0
2026-04-24 08:45:00,77766.12,77912.58,77755.37,77805.6,485,1400,0
2026-04-24 09:00:00,77807.66,77828.92,77420.02,77535.46,694,1400,0
2026-04-24 09:15:00,77538.15,77629.95,77472.1,77511.22,649,1400,0
2026-04-24 09:30:00,77513.01,77605.22,77425.75,77601.74,465,1400,0
2026-04-24 09:45:00,77606.79,77606.79,77493.33,77552.28,436,1400,0
2026-04-24 10:00:00,77547.82,77555.81,77458.84,77537.42,539,1400,0
2026-04-24 10:15:00,77537.33,77763.53,77532.36,77686.87,586,1400,0
2026-04-24 10:30:00,77690.06,77721.53,77632.58,77665.72,493,1400,0
2026-04-24 10:45:00,77668.81,77804.29,77623.55,77761.12,550,1400,0
2026-04-24 11:00:00,77761.73,78315.78,77761.73,78225.45,1741,1400,0
2026-04-24 11:15:00,78224.95,78351.36,78113.01,78349.39,1490,1400,0
2026-04-24 11:30:00,78347.39,78402.11,78240.0,78312.45,819,1400,0
2026-04-24 11:45:00,78304.4,78304.4,78177.16,78253.77,685,1400,0
2026-04-24 12:00:00,78253.24,78339.33,78200.53,78330.95,665,1400,0
2026-04-24 12:15:00,78324.9,78366.8,78216.35,78286.92,705,1400,0
2026-04-24 12:30:00,78287.65,78299.93,78175.16,78206.37,650,1400,0
2026-04-24 12:45:00,78207.27,78304.21,78027.39,78297.07,834,1400,0
2026-04-24 13:00:00,78298.62,78497.0,78278.79,78383.37,913,1400,0
2026-04-24 13:15:00,78384.84,78428.38,78159.69,78192.64,639,1400,0
2026-04-24 13:30:00,78194.16,78325.32,78064.87,78200.57,1901,1400,0
2026-04-24 13:45:00,78203.28,78263.27,77922.39,78100.86,1618,1400,0
2026-04-24 14:00:00,78103.28,78103.28,77804.7,77903.56,1914,1400,0
2026-04-24 14:15:00,77897.02,78050.79,77701.41,77735.47,1320,1400,0
2026-04-24 14:30:00,77739.58,78047.76,77700.02,77994.58,1227,1400,0
2026-04-24 14:45:00,77995.83,78097.09,77895.88,78061.76,799,1400,0
2026-04-24 15:00:00,78061.69,78074.01,77590.75,77754.2,1274,1400,0
2026-04-24 15:15:00,77754.73,77898.5,77699.56,77838.06,972,1400,0
2026-04-24 15:30:00,77836.43,78041.63,77735.96,78002.02,1145,1400,0
2026-04-24 15:45:00,77991.65,78262.51,77931.8,78059.23,1778,1400,0
2026-04-24 16:00:00,78060.32,78090.42,77805.23,77805.56,921,1400,0
2026-04-24 16:15:00,77799.18,77815.65,77656.79,77741.47,800,1400,0
2026-04-24 16:30:00,77742.43,77925.95,77591.93,77716.02,865,1400,0
2026-04-24 16:45:00,77714.9,77802.38,77639.04,77786.29,820,1400,0
2026-04-24 17:00:00,77783.29,77786.96,77619.87,77772.34,852,1400,0
2026-04-24 17:15:00,77772.46,77775.67,77605.09,77686.83,651,1400,0
2026-04-24 17:30:00,77692.2,77731.9,77466.77,77615.3,821,1400,0
2026-04-24 17:45:00,77617.08,77851.46,77563.97,77706.31,817,1400,0
2026-04-24 18:00:00,77704.41,77741.41,77532.78,77558.15,695,1400,0
2026-04-24 18:15:00,77557.98,77563.74,77373.06,77522.84,770,1400,0
2026-04-24 18:30:00,77522.93,77657.43,77494.88,77596.67,623,1400,0
2026-04-24 18:45:00,77600.94,77653.77,77556.46,77633.77,500,1400,0
2026-04-24 19:00:00,77635.58,77769.21,77583.59,77622.59,575,1400,0
2026-04-24 19:15:00,77629.18,77695.97,77542.76,77585.79,471,1400,0
2026-04-24 19:30:00,77591.3,77680.34,77574.94,77631.33,582,1400,0
2026-04-24 19:45:00,77636.16,77670.55,77556.65,77655.8,596,1400,0
2026-04-24 20:00:00,77653.74,77670.29,77538.16,77644.97,492,1400,0
2026-04-24 20:15:00,77642.25,77672.7,77463.26,77552.28,519,1400,0
2026-04-24 20:30:00,77552.38,77685.4,77548.89,77636.58,371,1400,0
2026-04-24 20:45:00,77645.46,77788.59,77644.79,77749.29,393,1400,0
2026-04-24 21:00:00,77748.31,77784.9,77609.73,77612.12,376,1400,0
2026-04-24 21:15:00,77612.31,77687.69,77590.44,77638.66,374,1400,0
2026-04-24 21:30:00,77637.9,77663.27,77567.12,77585.54,445,1400,0
2026-04-24 21:45:00,77585.41,77624.52,77558.34,77559.81,425,1400,0
2026-04-24 22:00:00,77562.21,77631.74,77527.4,77628.55,495,1400,0
2026-04-24 22:15:00,77628.46,77648.3,77565.61,77568.01,364,1400,0
2026-04-24 22:30:00,77568.1,77568.2,77269.97,77317.65,514,1400,0
2026-04-24 22:45:00,77317.53,77410.93,77317.53,77355.12,420,1400,0
2026-04-24 23:00:00,77352.97,77423.75,77349.63,77411.58,367,1400,0
2026-04-24 23:15:00,77404.57,77447.08,77348.99,77425.06,356,1400,0
2026-04-24 23:30:00,77425.79,77475.48,77403.8,77449.02,390,1400,0
2026-04-24 23:45:00,77446.24,77468.83,77430.08,77458.63,312,1400,0
2026-04-25 00:00:00,77450.38,77529.41,77425.42,77443.1,348,1400,0
2026-04-25 00:15:00,77447.08,77465.12,77327.82,77339.58,444,1400,0
2026-04-25 00:30:00,77335.33,77440.7,77327.3,77393.55,291,1400,0
2026-04-25 00:45:00,77393.2,77477.96,77382.83,77468.91,255,1400,0
2026-04-25 01:00:00,77473.66,77544.37,77445.96,77518.91,327,1400,0
2026-04-25 01:15:00,77527.06,77560.3,77483.83,77504.29,316,1400,0
2026-04-25 01:30:00,77504.22,77580.66,77502.01,77575.17,393,1400,0
2026-04-25 01:45:00,77574.41,77639.4,77554.14,77554.51,364,1400,0
2026-04-25 02:00:00,77559.01,77657.53,77514.78,77569.9,383,1400,0
2026-04-25 02:15:00,77569.82,77656.33,77547.19,77647.59,280,1400,0
2026-04-25 02:30:00,77647.63,77667.64,77623.48,77637.82,293,1400,0
2026-04-25 02:45:00,77637.48,77657.26,77610.27,77630.23,246,1400,0
2026-04-25 03:00:00,77630.14,77728.62,77582.92,77594.5,389,1400,0
2026-04-25 03:15:00,77594.38,77624.69,77571.4,77579.32,299,1400,0
2026-04-25 03:30:00,77578.41,77704.68,77570.72,77685.73,372,1400,0
2026-04-25 03:45:00,77685.82,77739.29,77655.91,77693.72,379,1400,0
2026-04-25 04:00:00,77687.46,77720.88,77642.71,77698.52,300,1400,0
2026-04-25 04:15:00,77696.18,77704.21,77654.4,77664.32,321,1400,0
2026-04-25 04:30:00,77663.96,77673.42,77613.58,77634.33,248,1400,0
2026-04-25 04:45:00,77634.53,77661.13,77612.93,77640.77,302,1400,0
2026-04-25 05:00:00,77636.96,77636.96,77500.47,77525.06,418,1400,0
2026-04-25 05:15:00,77520.93,77555.06,77506.12,77511.52,230,1400,0
2026-04-25 05:30:00,77514.46,77575.71,77498.17,77539.0,313,1400,0
2026-04-25 05:45:00,77539.44,77571.07,77526.77,77538.77,257,1400,0
2026-04-25 06:00:00,77540.64,77579.99,77539.36,77570.64,268,1400,0
2026-04-25 06:15:00,77562.33,77573.02,77496.59,77505.39,225,1400,0
2026-04-25 06:30:00,77512.92,77582.9,77512.37,77542.36,336,1400,0
2026-04-25 06:45:00,77542.44,77599.46,77511.9,77518.65,285,1400,0
2026-04-25 07:00:00,77517.52,77517.52,77463.12,77499.9,359,1400,0
2026-04-25 07:15:00,77497.57,77557.72,77486.62,77555.1,308,1400,0
2026-04-25 07:30:00,77554.21,77584.42,77519.45,77545.79,359,1400,0
2026-04-25 07:45:00,77539.51,77579.31,77502.9,77502.9,244,1400,0
2026-04-25 08:00:00,77513.04,77608.03,77499.29,77575.52,348,1400,0
2026-04-25 08:15:00,77573.47,77602.64,77556.53,77586.85,317,1400,0
2026-04-25 08:30:00,77587.54,77676.14,77587.54,77656.07,392,1400,0
2026-04-25 08:45:00,77650.76,77670.1,77628.37,77661.95,199,1400,0
2026-04-25 09:00:00,77668.46,77695.6,77623.58,77642.33,304,1400,0
2026-04-25 09:15:00,77642.26,77658.45,77595.37,77610.88,279,1400,0
2026-04-25 09:30:00,77610.98,77788.41,77606.92,77737.09,307,1400,0
2026-04-25 09:45:00,77741.18,77800.84,77725.0,77742.68,386,1400,0
2026-04-25 10:00:00,77745.17,77825.78,77735.69,77778.21,396,1400,0
2026-04-25 10:15:00,77779.84,77864.7,77770.7,77834.63,319,1400,0
2026-04-25 10:30:00,77834.59,77905.13,77790.89,77824.06,421,1400,0
2026-04-25 10:45:00,77828.49,77850.79,77795.2,77807.91,318,1400,0
2026-04-25 11:00:00,77810.53,77810.73,77751.72,77758.75,316,1400,0
2026-04-25 11:15:00,77756.56,77781.95,77658.66,77690.98,417,1400,0
2026-04-25 11:30:00,77690.99,77708.34,77644.04,77661.5,340,1400,0
2026-04-25 11:45:00,77661.9,77716.76,77631.17,77699.54,379,1400,0
2026-04-25 12:00:00,77705.69,77733.45,77646.27,77710.88,361,1400,0
2026-04-25 12:15:00,77712.52,77727.06,77616.87,77616.87,292,1400,0
2026-04-25 12:30:00,77624.05,77638.75,77555.16,77576.08,445,1400,0
2026-04-25 12:45:00,77577.28,77603.87,77557.56,77577.85,287,1400,0
2026-04-25 13:00:00,77575.5,77662.61,77575.5,77651.4,311,1400,0
2026-04-25 13:15:00,77649.73,77665.96,77616.95,77626.96,300,1400,0
2026-04-25 13:30:00,77625.46,77693.77,77608.65,77685.11,289,1400,0
2026-04-25 13:45:00,77685.24,77733.15,77656.47,77705.15,270,1400,0
2026-04-25 14:00:00,77701.09,77762.93,77641.58,77705.99,368,1400,0
2026-04-25 14:15:00,77709.0,77747.62,77667.7,77725.53,311,1400,0
2026-04-25 14:30:00,77725.64,77762.63,77713.87,77743.52,319,1400,0
2026-04-25 14:45:00,77743.34,77771.49,77664.89,77679.48,412,1400,0
2026-04-25 15:00:00,77672.45,77705.43,77654.49,77693.72,293,1400,0
2026-04-25 15:15:00,77683.72,77734.93,77677.78,77721.89,265,1400,0
2026-04-25 15:30:00,77729.74,77734.63,77677.09,77677.74,291,1400,0
2026-04-25 15:45:00,77683.16,77683.36,77328.06,77353.4,863,1400,0
2026-04-25 16:00:00,77353.18,77468.17,77304.61,77463.72,586,1400,0
2026-04-25 16:15:00,77463.63,77479.55,77343.15,77417.59,390,1400,0
2026-04-25 16:30:00,77423.02,77453.03,77167.84,77382.47,734,1400,0
2026-04-25 16:45:00,77389.85,77435.15,77359.44,77421.6,441,1400,0
2026-04-25 17:00:00,77423.77,77430.51,77367.98,77384.82,411,1400,0
2026-04-25 17:15:00,77387.04,77429.02,77317.47,77355.62,422,1400,0
2026-04-25 17:30:00,77350.56,77366.14,77274.53,77318.45,333,1400,0
2026-04-25 17:45:00,77328.16,77339.39,77215.76,77275.65,367,1400,0
2026-04-25 18:00:00,77267.73,77353.37,77227.02,77298.15,356,1400,0
2026-04-25 18:15:00,77305.83,77340.05,77273.5,77329.97,267,1400,0
2026-04-25 18:30:00,77339.08,77412.19,77316.62,77325.74,340,1400,0
2026-04-25 18:45:00,77328.41,77386.69,77298.89,77315.14,356,1400,0
2026-04-25 19:00:00,77312.75,77361.77,77281.13,77345.98,368,1400,0
2026-04-25 19:15:00,77340.67,77361.97,77255.83,77279.42,276,1400,0
2026-04-25 19:30:00,77279.34,77284.94,77199.61,77210.65,288,1400,0
2026-04-25 19:45:00,77210.58,77345.12,77201.57,77324.44,341,1400,0
2026-04-25 20:00:00,77325.46,77399.56,77310.83,77360.39,396,1400,0
2026-04-25 20:15:00,77360.46,77446.41,77354.32,77432.01,358,1400,0
2026-04-25 20:30:00,77434.54,77438.37,77399.93,77410.29,268,1400,0
2026-04-25 20:45:00,77413.19,77503.54,77405.62,77486.32,269,1400,0
2026-04-25 21:00:00,77486.03,77551.27,77484.81,77514.67,403,1400,0
2026-04-25 21:15:00,77515.74,77545.83,77495.1,77536.72,329,1400,0
2026-04-25 21:30:00,77534.74,77542.24,77415.48,77482.42,363,1400,0
2026-04-25 21:45:00,77474.62,77555.38,77474.62,77549.17,392,1400,0
2026-04-25 22:00:00,77544.03,77577.58,77504.89,77516.74,401,1400,0
2026-04-25 22:15:00,77516.48,77602.3,77509.97,77578.34,226,1400,0
2026-04-25 22:30:00,77568.21,77658.15,77568.21,77612.26,327,1400,0
2026-04-25 22:45:00,77612.17,77612.17,77542.18,77576.57,324,1400,0
2026-04-25 23:00:00,77576.73,77634.04,77541.81,77598.62,298,1400,0
2026-04-25 23:15:00,77598.69,77621.31,77571.0,77607.91,294,1400,0
2026-04-25 23:30:00,77603.44,77667.9,77586.27,77618.76,339,1400,0
2026-04-25 23:45:00,77620.32,77637.96,77598.07,77637.96,310,1400,0
2026-04-26 00:00:00,77639.57,77656.72,77523.32,77556.05,336,1400,0
2026-04-26 00:15:00,77553.55,77557.0,77483.61,77498.61,359,1400,0
2026-04-26 00:30:00,77498.73,77572.76,77467.54,77563.72,368,1400,0
2026-04-26 00:45:00,77569.44,77607.78,77471.39,77514.26,388,1400,0
2026-04-26 01:00:00,77528.76,77546.32,77501.57,77525.64,292,1400,0
2026-04-26 01:15:00,77519.27,77586.94,77501.84,77527.87,375,1400,0
2026-04-26 01:30:00,77527.95,77584.47,77516.15,77577.19,268,1400,0
2026-04-26 01:45:00,77560.48,77563.36,77464.38,77481.03,374,1400,0
2026-04-26 02:00:00,77480.95,77581.84,77470.94,77575.02,293,1400,0
2026-04-26 02:15:00,77580.6,77609.96,77534.0,77570.42,286,1400,0
2026-04-26 02:30:00,77570.49,77600.42,77534.43,77540.95,214,1400,0
2026-04-26 02:45:00,77541.53,77544.23,77493.04,77544.23,302,1400,0
2026-04-26 03:00:00,77531.79,77548.5,77500.85,77548.5,202,1400,0
2026-04-26 03:15:00,77541.87,77564.26,77433.14,77451.31,319,1400,0
2026-04-26 03:30:00,77444.62,77457.05,77339.65,77405.5,452,1400,0
2026-04-26 03:45:00,77398.82,77438.44,77376.72,77403.74,345,1400,0
2026-04-26 04:00:00,77398.22,77504.34,77385.83,77478.23,299,1400,0
2026-04-26 04:15:00,77489.4,77516.33,77470.16,77487.49,243,1400,0
2026-04-26 04:30:00,77487.58,77543.58,77444.18,77523.99,355,1400,0
2026-04-26 04:45:00,77525.12,77838.1,77518.51,77774.78,740,1400,0
2026-04-26 05:00:00,77774.89,78181.05,77725.83,78140.34,824,1400,0
2026-04-26 05:15:00,78140.63,78217.46,78043.32,78113.9,817,1400,0
2026-04-26 05:30:00,78115.65,78210.16,78030.49,78066.34,508,1400,0
2026-04-26 05:45:00,78067.85,78081.29,77988.72,78008.2,456,1400,0
2026-04-26 06:00:00,78007.92,78067.41,78005.14,78025.63,387,1400,0
2026-04-26 06:15:00,78021.35,78041.57,77934.22,77966.12,350,1400,0
2026-04-26 06:30:00,77967.0,78064.09,77935.3,78028.14,378,1400,0
2026-04-26 06:45:00,78034.7,78036.23,77901.17,78006.31,431,1400,0
2026-04-26 07:00:00,78019.81,78039.1,77998.45,78020.98,282,1400,0
2026-04-26 07:15:00,78022.95,78049.92,77991.76,78014.27,307,1400,0
2026-04-26 07:30:00,78019.84,78023.39,77969.61,77987.94,349,1400,0
2026-04-26 07:45:00,77987.21,78144.55,77984.1,78116.0,344,1400,0
2026-04-26 08:00:00,78119.95,78149.23,78062.99,78080.2,424,1400,0
2026-04-26 08:15:00,78080.88,78107.09,78034.62,78091.05,338,1400,0
2026-04-26 08:30:00,78090.54,78241.39,78037.19,78062.65,454,1400,0
2026-04-26 08:45:00,78051.61,78079.26,78036.86,78050.51,282,1400,0
2026-04-26 09:00:00,78035.07,78045.09,77979.53,78022.61,355,1400,0
2026-04-26 09:15:00,78035.15,78068.27,78006.86,78027.24,328,1400,0
2026-04-26 09:30:00,78022.89,78029.93,77935.51,77989.14,444,1400,0
2026-04-26 09:45:00,77983.86,78024.04,77959.36,78018.16,298,1400,0
2026-04-26 10:00:00,78018.22,78072.67,77964.32,78040.9,347,1400,0
2026-04-26 10:15:00,78040.97,78062.91,78019.57,78031.96,325,1400,0
2026-04-26 10:30:00,78033.51,78037.39,77985.75,78002.36,265,1400,0
2026-04-26 10:45:00,78002.79,78021.55,77975.87,78012.53,302,1400,0
2026-04-26 11:00:00,78019.85,78103.82,78015.06,78059.94,342,1400,0
2026-04-26 11:15:00,78057.9,78170.27,78042.61,78148.52,348,1400,0
2026-04-26 11:30:00,78148.65,78163.08,78083.32,78092.46,337,1400,0
2026-04-26 11:45:00,78098.43,78144.45,78065.32,78108.13,304,1400,0
2026-04-26 12:00:00,78106.31,78125.32,77992.42,77999.89,345,1400,0
2026-04-26 12:15:00,77997.07,78045.04,77974.77,77990.33,361,1400,0
2026-04-26 12:30:00,77989.69,78007.12,77958.82,77959.18,255,1400,0
2026-04-26 12:45:00,77955.06,77958.15,77777.53,77837.72,585,1400,0
2026-04-26 13:00:00,77844.68,77955.68,77794.55,77923.45,430,1400,0
2026-04-26 13:15:00,77914.17,77953.63,77831.96,77885.72,401,1400,0
2026-04-26 13:30:00,77890.54,78002.77,77872.49,77997.9,444,1400,0
2026-04-26 13:45:00,77997.76,78000.76,77924.71,77988.39,338,1400,0
2026-04-26 14:00:00,77975.16,77980.52,77883.42,77962.13,392,1400,0
2026-04-26 14:15:00,77961.56,78190.28,77938.69,78073.41,699,1400,0
2026-04-26 14:30:00,78073.2,78135.1,78028.58,78066.85,420,1400,0
2026-04-26 14:45:00,78066.3,78170.3,78004.43,78099.0,470,1400,0
2026-04-26 15:00:00,78105.44,78133.33,78030.28,78102.54,418,1400,0
2026-04-26 15:15:00,78111.53,78136.27,77965.26,78106.81,422,1400,0
2026-04-26 15:30:00,78107.05,78123.44,78036.01,78060.5,307,1400,0
2026-04-26 15:45:00,78058.78,78069.18,78003.64,78061.73,269,1400,0
2026-04-26 16:00:00,78062.97,78089.0,78019.82,78034.47,309,1400,0
2026-04-26 16:15:00,78034.56,78072.71,78029.87,78061.7,265,1400,0
2026-04-26 16:30:00,78063.59,78113.49,78013.39,78015.49,295,1400,0
2026-04-26 16:45:00,78014.27,78059.22,77946.23,77946.89,360,1400,0
2026-04-26 17:00:00,77942.94,78040.91,77861.25,78021.46,424,1400,0
2026-04-26 17:15:00,78021.57,78062.59,77986.95,78029.01,296,1400,0
2026-04-26 17:30:00,78022.28,78037.96,77966.56,78026.73,334,1400,0
2026-04-26 17:45:00,78026.41,78076.43,78015.15,78036.76,382,1400,0
2026-04-26 18:00:00,78036.24,78180.93,78000.34,78126.14,582,1400,0
2026-04-26 18:15:00,78115.59,78375.1,78091.81,78193.39,750,1400,0
2026-04-26 18:30:00,78189.2,78249.43,78151.26,78225.16,402,1400,0
2026-04-26 18:45:00,78218.05,78311.19,78193.26,78284.62,404,1400,0
2026-04-26 19:00:00,78287.09,78454.08,78190.89,78404.38,625,1400,0
2026-04-26 19:15:00,78410.89,78524.46,78018.47,78208.25,1080,1400,0
2026-04-26 19:30:00,78208.14,78241.87,78062.44,78191.75,612,1400,0
2026-04-26 19:45:00,78197.18,78305.23,78185.23,78252.37,391,1400,0
2026-04-26 20:00:00,78258.03,78280.1,78198.48,78200.48,405,1400,0
2026-04-26 20:15:00,78202.98,78259.74,78168.68,78244.28,359,1400,0
2026-04-26 20:30:00,78251.62,78409.96,78251.62,78297.79,481,1400,0
2026-04-26 20:45:00,78297.89,78376.22,78202.04,78219.04,402,1400,0
2026-04-26 21:00:00,78217.17,78312.57,78211.34,78261.55,398,1400,0
2026-04-26 21:15:00,78266.72,78299.31,78193.8,78218.58,377,1400,0
2026-04-26 21:30:00,78221.65,78221.65,77977.2,78021.86,667,1400,0
2026-04-26 21:45:00,78021.7,78991.18,77854.58,78439.7,2002,1400,0
2026-04-26 22:00:00,78427.73,78606.96,78360.64,78583.82,1309,1400,0
2026-04-26 22:15:00,78588.1,78879.14,78518.99,78546.21,1217,1400,0
2026-04-26 22:30:00,78544.74,78544.74,77974.8,78288.77,1481,1400,0
2026-04-26 22:45:00,78288.43,78459.22,78270.84,78336.79,694,1400,0
2026-04-26 23:00:00,78327.55,78416.73,78274.92,78364.46,644,1400,0
2026-04-26 23:15:00,78354.12,78485.79,78164.77,78168.47,770,1400,0
2026-04-26 23:30:00,78166.65,78631.91,78042.43,78609.38,1427,1400,0
2026-04-26 23:45:00,78609.25,78925.91,78599.87,78666.81,1145,1400,0
2026-04-27 00:00:00,78667.9,78901.34,78575.33,78604.27,997,1400,0
2026-04-27 00:15:00,78603.69,78660.81,78397.07,78500.87,801,1400,0
2026-04-27 00:30:00,78500.2,78847.01,78415.69,78826.36,923,1400,0
2026-04-27 00:45:00,78826.84,79393.48,78783.43,79263.95,1889,1400,0
2026-04-27 01:00:00,79299.59,79509.98,79118.15,79141.58,2247,1400,0
2026-04-27 01:15:00,79141.67,79141.67,78727.39,78923.4,1525,1400,0
2026-04-27 01:30:00,78916.5,79177.88,78858.29,79073.73,968,1400,0
2026-04-27 01:45:00,79071.76,79398.68,79071.76,79298.74,1079,1400,0
2026-04-27 02:00:00,79294.13,79323.58,79090.11,79187.13,780,1400,0
2026-04-27 02:15:00,79179.98,79271.91,79035.66,79138.2,676,1400,0
2026-04-27 02:30:00,79135.47,79265.45,79046.82,79077.2,693,1400,0
2026-04-27 02:45:00,79085.63,79222.47,79076.79,79143.43,557,1400,0
2026-04-27 03:00:00,79140.75,79266.72,79088.61,79217.02,623,1400,0
2026-04-27 03:15:00,79217.41,79295.12,79185.05,79262.95,645,1400,0
2026-04-27 03:30:00,79265.69,79338.06,79184.15,79246.74,595,1400,0
2026-04-27 03:45:00,79249.56,79264.54,79086.15,79119.4,485,1400,0
2026-04-27 04:00:00,79135.46,79147.69,79011.09,79071.05,554,1400,0
2026-04-27 04:15:00,79070.49,79138.45,79008.64,79138.45,471,1400,0
2026-04-27 04:30:00,79131.11,79178.83,79029.7,79076.4,479,1400,0
2026-04-27 04:45:00,79078.63,79102.48,78886.74,78936.07,686,1400,0
2026-04-27 05:00:00,78938.28,78957.02,78389.94,78403.99,1155,1400,0
2026-04-27 05:15:00,78406.25,78433.31,77820.87,77845.37,2685,1400,0
2026-04-27 05:30:00,77841.38,77893.28,77578.62,77814.31,1634,1400,0
2026-04-27 05:45:00,77807.23,77879.36,77747.12,77792.6,725,1400,0
2026-04-27 06:00:00,77792.26,77816.31,77664.83,77741.38,841,1400,0
2026-04-27 06:15:00,77731.5,77889.54,77694.5,77735.72,698,1400,0
2026-04-27 06:30:00,77725.92,77725.92,77462.53,77633.29,945,1400,0
2026-04-27 06:45:00,77626.75,77758.41,77617.99,77702.13,612,1400,0
2026-04-27 07:00:00,77709.64,77748.07,77569.89,77644.26,642,1400,0
2026-04-27 07:15:00,77653.39,77744.05,77575.78,77704.56,637,1400,0
2026-04-27 07:30:00,77704.47,77704.47,77590.78,77686.82,521,1400,0
2026-04-27 07:45:00,77676.43,77744.69,77607.13,77612.03,483,1400,0
2026-04-27 08:00:00,77611.36,77739.3,77589.48,77651.83,633,1400,0
2026-04-27 08:15:00,77651.77,77696.58,77577.4,77591.41,525,1400,0
2026-04-27 08:30:00,77583.79,77680.01,77555.24,77631.81,565,1400,0
2026-04-27 08:45:00,77633.39,77824.85,77628.88,77803.67,625,1400,0
2026-04-27 09:00:00,77805.32,77861.89,77776.22,77855.4,468,1400,0
2026-04-27 09:15:00,77853.68,77853.78,77704.9,77778.24,506,1400,0
2026-04-27 09:30:00,77776.04,77974.26,77750.16,77942.21,529,1400,0
2026-04-27 09:45:00,77938.11,77995.76,77887.99,77899.03,400,1400,0
2026-04-27 10:00:00,77897.99,77950.51,77792.48,77814.97,471,1400,0
2026-04-27 10:15:00,77823.01,77851.49,77785.81,77821.26,334,1400,0
2026-04-27 10:30:00,77822.06,77938.45,77800.43,77876.67,404,1400,0
2026-04-27 10:45:00,77873.76,77908.19,77844.66,77855.45,352,1400,0
2026-04-27 11:00:00,77849.28,77895.65,77739.82,77786.64,444,1400,0
2026-04-27 11:15:00,77778.65,77894.14,77749.54,77857.61,453,1400,0
2026-04-27 11:30:00,77855.27,77891.55,77779.73,77806.82,351,1400,0
2026-04-27 11:45:00,77806.67,77857.09,77785.59,77839.27,344,1400,0
2026-04-27 12:00:00,77836.69,77881.57,77736.7,77832.07,418,1400,0
2026-04-27 12:15:00,77832.79,77865.51,77710.22,77756.66,414,1400,0
2026-04-27 12:30:00,77759.72,77781.01,77639.04,77737.49,608,1400,0
2026-04-27 12:45:00,77736.45,77779.11,77606.7,77672.66,488,1400,0
2026-04-27 13:00:00,77674.01,77792.4,77633.94,77714.36,632,1400,0
2026-04-27 13:15:00,77711.98,77800.73,77641.08,77718.62,455,1400,0
2026-04-27 13:30:00,77717.68,77970.02,77626.75,77842.6,1436,1400,0
2026-04-27 13:45:00,77843.94,77864.29,77564.84,77738.2,1502,1400,0
2026-04-27 14:00:00,77742.3,77925.94,77672.69,77859.94,1230,1400,0
2026-04-27 14:15:00,77863.55,77927.69,77823.63,77869.15,940,1400,0
2026-04-27 14:30:00,77869.18,78213.3,77835.1,78169.77,1486,1400,0
2026-04-27 14:45:00,78166.91,78270.23,77780.34,77825.56,1201,1400,0
2026-04-27 15:00:00,77827.64,77844.36,77279.56,77376.06,2045,1400,0
2026-04-27 15:15:00,77372.54,77373.36,76552.01,76853.76,3403,1400,0
2026-04-27 15:30:00,76861.86,77100.23,76808.27,77055.95,1509,1400,0
2026-04-27 15:45:00,77046.21,77058.55,76710.67,76785.83,1196,1400,0
2026-04-27 16:00:00,76777.87,76841.91,76634.35,76761.91,1189,1400,0
2026-04-27 16:15:00,76759.5,76861.77,76712.81,76747.04,711,1400,0
2026-04-27 16:30:00,76747.07,76817.96,76577.06,76597.59,773,1400,0
2026-04-27 16:45:00,76589.96,76682.2,76523.54,76616.01,706,1400,0
2026-04-27 17:00:00,76616.28,76782.86,76596.68,76685.5,749,1400,0
2026-04-27 17:15:00,76688.0,76885.72,76624.46,76813.94,833,1400,0
2026-04-27 17:30:00,76813.6,76929.62,76745.07,76847.25,695,1400,0
2026-04-27 17:45:00,76846.62,76888.83,76685.98,76721.34,554,1400,0
2026-04-27 18:00:00,76719.47,76797.64,76656.84,76729.67,558,1400,0
2026-04-27 18:15:00,76725.36,76824.85,76637.95,76687.07,488,1400,0
2026-04-27 18:30:00,76678.82,76751.66,76653.96,76751.66,476,1400,0
2026-04-27 18:45:00,76745.45,76881.78,76708.76,76812.18,513,1400,0
2026-04-27 19:00:00,76809.78,76877.72,76710.05,76852.55,520,1400,0
2026-04-27 19:15:00,76852.62,76885.57,76607.21,76616.85,615,1400,0
2026-04-27 19:30:00,76616.45,76774.83,76425.03,76758.76,1005,1400,0
2026-04-27 19:45:00,76757.11,76871.67,76752.0,76871.67,596,1400,0
2026-04-27 20:00:00,76874.91,76994.51,76815.56,76886.29,564,1400,0
2026-04-27 20:15:00,76883.17,77003.26,76883.17,76985.5,305,1400,0
2026-04-27 20:30:00,76984.23,77072.9,76937.98,76968.93,365,1400,0
2026-04-27 20:45:00,76971.02,77005.65,76925.85,76946.66,298,1400,0
2026-04-27 21:00:00,76953.23,76953.23,76821.99,76870.48,373,1400,0
2026-04-27 21:15:00,76870.38,76942.45,76837.43,76899.24,308,1400,0
2026-04-27 21:30:00,76894.61,76985.91,76867.87,76905.12,360,1400,0
2026-04-27 21:45:00,76905.04,76948.71,76778.31,76778.62,428,1400,0
2026-04-27 22:00:00,76779.95,76899.57,76751.92,76841.09,613,1400,0
2026-04-27 22:15:00,76846.48,76974.35,76830.59,76953.53,385,1400,0
2026-04-27 22:30:00,76953.44,77042.33,76935.54,76984.16,428,1400,0
2026-04-27 22:45:00,76984.25,77073.69,76984.25,77055.57,370,1400,0
2026-04-27 23:00:00,77055.45,77085.6,77002.29,77030.51,307,1400,0
2026-04-27 23:15:00,77030.98,77245.26,77023.09,77114.13,353,1400,0
2026-04-27 23:30:00,77113.63,77302.94,77113.63,77299.36,466,1400,0
2026-04-27 23:45:00,77285.69,77450.1,77268.09,77352.15,524,1400,0
2026-04-28 00:00:00,77353.19,77432.19,77249.09,77315.85,640,1400,0
2026-04-28 00:15:00,77300.88,77413.76,77207.54,77223.78,613,1400,0
2026-04-28 00:30:00,77227.09,77488.36,77198.9,77386.76,647,1400,0
2026-04-28 00:45:00,77384.43,77469.96,77263.52,77371.22,637,1400,0
2026-04-28 01:00:00,77366.19,77388.39,77306.3,77330.43,528,1400,0
2026-04-28 01:15:00,77328.2,77347.04,77180.84,77240.61,534,1400,0
2026-04-28 01:30:00,77228.1,77228.1,77068.27,77102.79,602,1400,0
2026-04-28 01:45:00,77104.58,77139.17,77019.55,77087.4,545,1400,0
2026-04-28 02:00:00,77086.86,77219.04,77033.22,77150.5,532,1400,0
2026-04-28 02:15:00,77146.95,77224.28,76984.11,76997.81,575,1400,0
2026-04-28 02:30:00,76989.01,77040.12,76664.12,76696.56,956,1400,0
2026-04-28 02:45:00,76692.14,76908.78,76670.73,76876.3,688,1400,0
2026-04-28 03:00:00,76875.6,76901.59,76655.85,76756.67,639,1400,0
2026-04-28 03:15:00,76755.71,76798.43,76687.72,76768.5,469,1400,0
2026-04-28 03:30:00,76768.58,76846.09,76737.16,76788.39,397,1400,0
2026-04-28 03:45:00,76788.49,76836.22,76770.92,76803.03,349,1400,0
2026-04-28 04:00:00,76804.3,76883.29,76765.67,76877.56,462,1400,0
2026-04-28 04:15:00,76877.42,76939.94,76685.04,76793.04,539,1400,0
2026-04-28 04:30:00,76791.81,76883.7,76734.06,76829.58,453,1400,0
2026-04-28 04:45:00,76832.34,76955.97,76832.34,76872.83,362,1400,0
2026-04-28 05:00:00,76878.33,77051.62,76878.33,76952.14,534,1400,0
2026-04-28 05:15:00,76957.59,77158.98,76903.85,77059.1,468,1400,0
2026-04-28 05:30:00,77064.15,77069.62,76792.67,76848.06,536,1400,0
2026-04-28 05:45:00,76848.14,76973.08,76848.14,76883.08,404,1400,0
2026-04-28 06:00:00,76881.1,77022.19,76881.1,76981.74,428,1400,0
2026-04-28 06:15:00,76981.79,76998.26,76818.8,76900.37,401,1400,0
2026-04-28 06:30:00,76901.16,76941.23,76570.21,76596.65,664,1400,0
2026-04-28 06:45:00,76594.87,76750.15,76566.99,76704.44,570,1400,0
2026-04-28 07:00:00,76691.19,76717.32,76537.28,76542.88,576,1400,0
2026-04-28 07:15:00,76540.58,76667.84,76387.83,76647.87,840,1400,0
2026-04-28 07:30:00,76651.52,76881.03,76623.22,76838.29,680,1400,0
2026-04-28 07:45:00,76838.91,76920.91,76754.01,76869.64,702,1400,0
2026-04-28 08:00:00,76871.21,76888.02,76769.72,76827.18,603,1400,0
2026-04-28 08:15:00,76825.51,76970.78,76819.63,76961.15,562,1400,0
2026-04-28 08:30:00,76968.41,77000.09,76806.8,76810.08,610,1400,0
2026-04-28 08:45:00,76812.57,76863.13,76728.73,76851.3,446,1400,0
2026-04-28 09:00:00,76841.64,76857.14,76775.77,76821.04,479,1400,0
2026-04-28 09:15:00,76826.85,76833.67,76702.54,76771.12,475,1400,0
2026-04-28 09:30:00,76771.62,76773.52,76622.85,76656.06,489,1400,0
2026-04-28 09:45:00,76656.12,76656.12,76480.49,76583.16,589,1400,0
2026-04-28 10:00:00,76574.26,76690.52,76488.92,76508.77,533,1400,0
2026-04-28 10:15:00,76508.86,76567.15,76456.87,76522.31,460,1400,0
2026-04-28 10:30:00,76513.72,76620.33,76511.8,76603.61,386,1400,0
2026-04-28 10:45:00,76612.42,76622.75,76546.97,76606.24,368,1400,0
2026-04-28 11:00:00,76606.13,76639.22,76418.89,76443.7,555,1400,0
2026-04-28 11:15:00,76441.64,76477.09,76246.42,76339.01,885,1400,0
2026-04-28 11:30:00,76336.56,76340.97,76133.96,76284.52,951,1400,0
2026-04-28 11:45:00,76279.94,76290.9,76104.86,76225.48,836,1400,0
2026-04-28 12:00:00,76222.0,76313.61,76169.83,76271.5,860,1400,0
2026-04-28 12:15:00,76271.92,76360.4,76147.59,76226.64,989,1400,0
2026-04-28 12:30:00,76224.69,76326.47,76158.78,76299.29,660,1400,0
2026-04-28 12:45:00,76303.47,76425.58,76280.94,76371.03,597,1400,0
2026-04-28 13:00:00,76359.12,76360.88,75932.09,76137.16,1168,1400,0
2026-04-28 13:15:00,76137.75,76258.41,76007.34,76179.21,934,1400,0
2026-04-28 13:30:00,76177.84,76359.11,76047.6,76261.3,1835,1400,0
2026-04-28 13:45:00,76258.78,76414.98,76025.44,76171.47,1244,1400,0
2026-04-28 14:00:00,76172.7,76194.18,75994.82,76069.91,1172,1400,0
2026-04-28 14:15:00,76069.77,76085.41,75743.73,75812.05,1605,1400,0
2026-04-28 14:30:00,75810.88,75902.97,75641.09,75846.21,1532,1400,0
2026-04-28 14:45:00,75835.32,75939.27,75674.34,75939.27,1655,1400,0
2026-04-28 15:00:00,75937.81,76056.9,75812.08,75972.33,1305,1400,0
2026-04-28 15:15:00,75972.64,76067.04,75923.85,76000.74,803,1400,0
2026-04-28 15:30:00,75999.86,76048.46,75864.49,75920.61,791,1400,0
2026-04-28 15:45:00,75924.15,76076.72,75900.4,76041.64,790,1400,0
2026-04-28 16:00:00,76050.35,76094.16,75929.98,75991.94,864,1400,0
2026-04-28 16:15:00,75991.29,76020.68,75917.16,75945.28,622,1400,0
2026-04-28 16:30:00,75943.97,75984.83,75859.69,75897.85,711,1400,0
2026-04-28 16:45:00,75890.87,76211.03,75862.38,76106.02,909,1400,0
2026-04-28 17:00:00,76101.92,76208.35,75973.05,76017.3,679,1400,0
2026-04-28 17:15:00,76020.52,76126.84,75930.26,76071.56,644,1400,0
2026-04-28 17:30:00,76072.6,76249.75,76072.6,76174.57,702,1400,0
2026-04-28 17:45:00,76173.7,76207.33,76090.52,76165.72,525,1400,0
2026-04-28 18:00:00,76166.61,76251.65,76109.4,76113.31,625,1400,0
2026-04-28 18:15:00,76113.09,76272.78,76113.09,76214.79,664,1400,0
2026-04-28 18:30:00,76215.19,76226.96,76145.62,76145.62,398,1400,0
2026-04-28 18:45:00,76149.15,76237.88,76125.74,76210.88,335,1400,0
2026-04-28 19:00:00,76210.99,76215.26,76056.88,76072.9,377,1400,0
2026-04-28 19:15:00,76076.35,76157.97,76037.85,76142.16,422,1400,0
2026-04-28 19:30:00,76145.71,76323.53,76109.82,76296.9,421,1400,0
2026-04-28 19:45:00,76300.05,76369.11,76243.13,76319.71,629,1400,0
2026-04-28 20:00:00,76318.95,76446.86,76311.3,76379.92,494,1400,0
2026-04-28 20:15:00,76382.61,76391.98,76311.19,76352.13,329,1400,0
2026-04-28 20:30:00,76355.73,76423.08,76340.02,76405.44,323,1400,0
2026-04-28 20:45:00,76404.99,76473.27,76404.39,76451.55,312,1400,0
2026-04-28 21:00:00,76451.87,76483.66,76334.89,76348.03,387,1400,0
2026-04-28 21:15:00,76358.48,76382.03,76275.49,76292.03,366,1400,0
2026-04-28 21:30:00,76290.27,76400.35,76285.04,76308.43,345,1400,0
2026-04-28 21:45:00,76306.9,76410.98,76250.37,76352.47,434,1400,0
2026-04-28 22:00:00,76352.54,76436.86,76313.1,76346.13,531,1400,0
2026-04-28 22:15:00,76345.76,76369.54,76298.43,76323.63,368,1400,0
2026-04-28 22:30:00,76322.94,76352.55,76271.49,76272.21,363,1400,0
2026-04-28 22:45:00,76280.7,76282.62,76196.1,76226.35,341,1400,0
2026-04-28 23:00:00,76226.25,76325.22,76165.7,76325.22,452,1400,0
2026-04-28 23:15:00,76318.53,76350.9,76233.69,76267.98,376,1400,0
2026-04-28 23:30:00,76268.05,76288.82,76228.2,76268.75,353,1400,0
2026-04-28 23:45:00,76274.63,76358.64,76274.63,76312.53,415,1400,0
2026-04-29 00:00:00,76314.59,76373.32,76275.98,76302.86,519,1400,0
2026-04-29 00:15:00,76302.57,76327.24,76245.51,76293.92,425,1400,0
2026-04-29 00:30:00,76294.13,76404.73,76259.55,76377.08,520,1400,0
2026-04-29 00:45:00,76380.37,76545.2,76367.33,76496.22,593,1400,0
2026-04-29 01:00:00,76490.95,76518.98,76287.08,76336.15,581,1400,0
2026-04-29 01:15:00,76338.09,76383.81,76183.17,76199.9,611,1400,0
2026-04-29 01:30:00,76200.82,76395.37,76152.81,76377.47,592,1400,0
2026-04-29 01:45:00,76374.17,76659.59,76356.49,76557.86,851,1400,0
2026-04-29 02:00:00,76559.58,76649.13,76484.8,76531.38,646,1400,0
2026-04-29 02:15:00,76529.09,76550.11,76431.45,76442.12,469,1400,0
2026-04-29 02:30:00,76442.5,76458.14,76376.3,76414.19,377,1400,0
2026-04-29 02:45:00,76413.39,76522.54,76409.02,76512.18,332,1400,0
2026-04-29 03:00:00,76507.39,76610.55,76482.97,76609.99,408,1400,0
2026-04-29 03:15:00,76608.11,76892.28,76590.68,76858.16,971,1400,0
2026-04-29 03:30:00,76856.41,77118.07,76776.0,77050.73,1125,1400,0
2026-04-29 03:45:00,77050.22,77071.87,76919.06,76980.05,613,1400,0
2026-04-29 04:00:00,76990.6,77003.75,76860.01,76901.72,437,1400,0
2026-04-29 04:15:00,76906.18,77047.2,76906.18,77019.35,458,1400,0
2026-04-29 04:30:00,77018.82,77448.85,76992.14,77295.1,1154,1400,0
2026-04-29 04:45:00,77290.64,77351.33,77229.75,77242.36,660,1400,0
2026-04-29 05:00:00,77240.34,77296.98,77181.74,77203.99,551,1400,0
2026-04-29 05:15:00,77204.77,77265.78,77166.96,77265.78,374,1400,0
2026-04-29 05:30:00,77265.13,77299.42,77192.87,77216.15,402,1400,0
2026-04-29 05:45:00,77217.31,77322.17,77217.31,77281.37,512,1400,0
2026-04-29 06:00:00,77278.91,77325.19,77167.52,77204.01,519,1400,0
2026-04-29 06:15:00,77203.91,77219.68,77059.01,77081.41,542,1400,0
2026-04-29 06:30:00,77079.37,77103.87,76987.82,76992.88,450,1400,0
2026-04-29 06:45:00,76999.29,77049.14,76917.7,77014.14,422,1400,0
2026-04-29 07:00:00,77018.0,77087.74,76993.11,77080.38,457,1400,0
2026-04-29 07:15:00,77086.18,77104.17,77013.97,77039.76,326,1400,0
2026-04-29 07:30:00,77049.18,77173.07,77049.18,77111.53,473,1400,0
2026-04-29 07:45:00,77110.68,77114.25,76992.56,77019.33,426,1400,0
2026-04-29 08:00:00,77019.91,77071.49,76958.68,77011.4,500,1400,0
2026-04-29 08:15:00,77016.94,77144.02,76996.47,77081.99,453,1400,0
2026-04-29 08:30:00,77080.2,77080.2,76939.54,77049.87,413,1400,0
2026-04-29 08:45:00,77049.32,77063.09,76999.56,77016.76,283,1400,0
2026-04-29 09:00:00,77016.03,77058.56,76943.25,77047.07,384,1400,0
2026-04-29 09:15:00,77040.51,77134.27,77030.02,77112.14,384,1400,0
2026-04-29 09:30:00,77119.54,77273.57,77107.62,77239.51,547,1400,0
2026-04-29 09:45:00,77240.97,77796.48,77223.39,77640.28,1855,1400,0
2026-04-29 10:00:00,77638.29,77805.07,77620.77,77714.14,882,1400,0
2026-04-29 10:15:00,77719.04,77909.1,77688.59,77872.33,820,1400,0
2026-04-29 10:30:00,77878.52,77889.09,77551.07,77567.73,774,1400,0
2026-04-29 10:45:00,77562.39,77673.94,77538.06,77604.71,491,1400,0
2026-04-29 11:00:00,77607.3,77673.26,77505.65,77569.57,642,1400,0
2026-04-29 11:15:00,77570.82,77600.83,77468.91,77500.1,506,1400,0
2026-04-29 11:30:00,77496.98,77673.12,77486.28,77564.49,527,1400,0
2026-04-29 11:45:00,77563.02,77692.57,77530.49,77574.46,440,1400,0
2026-04-29 12:00:00,77571.31,77589.19,77282.38,77328.06,631,1400,0
2026-04-29 12:15:00,77329.04,77422.25,76977.65,77137.63,1253,1400,0
2026-04-29 12:30:00,77141.43,77175.92,76973.05,77157.47,788,1400,0
2026-04-29 12:45:00,77148.84,77208.94,77114.62,77126.76,461,1400,0
2026-04-29 13:00:00,77116.65,77203.71,77050.98,77176.89,528,1400,0
2026-04-29 13:15:00,77174.11,77247.02,76843.67,76918.92,957,1400,0
2026-04-29 13:30:00,76918.51,76918.51,76527.63,76536.15,1883,1400,0
2026-04-29 13:45:00,76535.88,76861.15,76385.43,76761.85,1622,1400,0
2026-04-29 14:00:00,76760.66,76762.56,76512.66,76558.08,1136,1400,0
2026-04-29 14:15:00,76557.77,76751.29,76483.62,76703.56,992,1400,0
2026-04-29 14:30:00,76703.29,76866.58,76558.53,76583.43,956,1400,0
2026-04-29 14:45:00,76586.63,76639.59,76446.81,76560.42,781,1400,0
2026-04-29 15:00:00,76560.93,76626.23,76117.66,76242.07,1328,1400,0
2026-04-29 15:15:00,76240.04,76347.16,76164.4,76204.25,937,1400,0
2026-04-29 15:30:00,76204.01,76315.08,75939.26,75963.78,1258,1400,0
2026-04-29 15:45:00,75962.44,76014.24,75676.16,75877.66,1525,1400,0
2026-04-29 16:00:00,75893.17,76112.67,75808.09,76001.24,873,1400,0
2026-04-29 16:15:00,75996.88,76097.09,75648.52,75808.51,1021,1400,0
2026-04-29 16:30:00,75808.14,75886.38,75679.95,75861.55,918,1400,0
2026-04-29 16:45:00,75858.93,75884.01,75658.0,75767.41,638,1400,0
2026-04-29 17:00:00,75769.69,75983.72,75768.11,75896.8,751,1400,0
2026-04-29 17:15:00,75895.81,76074.62,75756.61,75856.21,863,1400,0
2026-04-29 17:30:00,75858.34,75990.07,75830.63,75972.33,653,1400,0
2026-04-29 17:45:00,75961.63,76143.51,75883.73,76136.9,720,1400,0
2026-04-29 18:00:00,76141.6,76221.12,74878.8,75157.91,3132,1400,0
2026-04-29 18:15:00,75151.73,75361.7,75043.01,75129.92,1428,1400,0
2026-04-29 18:30:00,75123.29,75336.34,74914.06,75199.35,1911,1400,0
2026-04-29 18:45:00,75194.11,75492.45,75184.31,75482.22,1081,1400,0
2026-04-29 19:00:00,75475.11,75538.94,75335.97,75538.94,920,1400,0
2026-04-29 19:15:00,75541.11,75576.15,75416.74,75489.06,718,1400,0
2026-04-29 19:30:00,75496.62,75501.68,75256.63,75396.2,722,1400,0
2026-04-29 19:45:00,75398.95,75537.25,75388.36,75526.0,726,1400,0
2026-04-29 20:00:00,75521.85,75696.76,75452.43,75490.57,1433,1400,0
2026-04-29 20:15:00,75494.07,75669.77,75483.81,75640.64,708,1400,0
2026-04-29 20:30:00,75643.28,75837.95,75549.7,75732.45,785,1400,0
2026-04-29 20:45:00,75733.74,75827.72,75631.04,75647.4,536,1400,0
2026-04-29 21:00:00,75647.4,75825.57,75566.56,75754.79,519,1400,0
2026-04-29 21:15:00,75766.45,75874.49,75766.45,75802.16,460,1400,0
2026-04-29 21:30:00,75800.73,75954.51,75759.56,75899.88,448,1400,0
2026-04-29 21:45:00,75899.96,76069.74,75885.75,75893.82,543,1400,0
2026-04-29 22:00:00,75888.6,75947.67,75810.52,75942.96,590,1400,0
2026-04-29 22:15:00,75938.44,75981.57,75787.37,75818.38,484,1400,0
2026-04-29 22:30:00,75809.73,75944.68,75803.93,75939.2,437,1400,0
2026-04-29 22:45:00,75940.78,75942.81,75852.03,75888.38,413,1400,0
2026-04-29 23:00:00,75887.68,75961.13,75829.34,75946.48,489,1400,0
2026-04-29 23:15:00,75947.27,75958.1,75648.84,75727.15,619,1400,0
2026-04-29 23:30:00,75727.61,75834.89,75727.61,75828.51,476,1400,0
2026-04-29 23:45:00,75830.63,75852.17,75733.1,75752.8,482,1400,0
2026-04-30 00:00:00,75752.86,75837.88,75665.92,75679.07,698,1400,0
2026-04-30 00:15:00,75673.09,75778.91,75607.55,75778.91,583,1400,0
2026-04-30 00:30:00,75781.91,76153.88,75781.91,76069.9,1128,1400,0
2026-04-30 00:45:00,76072.14,76311.61,76072.14,76218.22,831,1400,0
2026-04-30 01:00:00,76216.27,76333.72,76141.02,76195.31,844,1400,0
2026-04-30 01:15:00,76195.23,76391.96,76137.38,76311.7,668,1400,0
2026-04-30 01:30:00,76312.53,76383.71,76196.35,76323.71,673,1400,0
2026-04-30 01:45:00,76321.89,76460.08,76171.46,76215.52,589,1400,0
2026-04-30 02:00:00,76213.81,76325.38,76198.85,76278.4,612,1400,0
2026-04-30 02:15:00,76273.22,76311.16,76076.6,76098.78,580,1400,0
2026-04-30 02:30:00,76098.19,76098.19,75457.49,75581.41,2169,1400,0
2026-04-30 02:45:00,75582.84,75736.77,75515.15,75667.01,1054,1400,0
2026-04-30 03:00:00,75667.36,75838.28,75613.69,75791.37,694,1400,0
2026-04-30 03:15:00,75792.64,75873.96,75725.44,75850.56,572,1400,0
2026-04-30 03:30:00,75846.69,75967.37,75801.77,75916.14,563,1400,0
2026-04-30 03:45:00,75922.71,75954.92,75863.21,75889.55,386,1400,0
2026-04-30 04:00:00,75888.91,75945.35,75669.03,75761.53,801,1400,0
2026-04-30 04:15:00,75760.82,75773.1,75626.4,75639.17,658,1400,0
2026-04-30 04:30:00,75635.11,75658.67,75367.02,75386.89,940,1400,0
2026-04-30 04:45:00,75387.03,75507.76,75387.03,75455.33,589,1400,0
2026-04-30 05:00:00,75456.42,75602.78,75435.1,75574.21,561,1400,0
2026-04-30 05:15:00,75574.31,75599.23,75276.99,75388.51,710,1400,0
2026-04-30 05:30:00,75388.43,75724.31,75381.16,75678.5,685,1400,0
2026-04-30 05:45:00,75675.45,75708.85,75556.34,75568.51,530,1400,0
2026-04-30 06:00:00,75560.09,75657.96,75533.14,75560.71,632,1400,0
2026-04-30 06:15:00,75558.33,75669.22,75554.84,75645.42,552,1400,0
2026-04-30 06:30:00,75645.84,75844.98,75645.84,75720.97,691,1400,0
2026-04-30 06:45:00,75725.25,75769.48,75668.48,75723.07,426,1400,0
2026-04-30 07:00:00,75732.72,75823.23,75677.88,75786.68,617,1400,0
2026-04-30 07:15:00,75786.39,75873.96,75744.56,75865.64,443,1400,0
2026-04-30 07:30:00,75865.55,76055.15,75854.19,76041.93,647,1400,0
2026-04-30 07:45:00,76044.64,76152.32,76024.65,76128.64,541,1400,0
2026-04-30 08:00:00,76139.5,76185.65,76029.68,76047.49,636,1400,0
2026-04-30 08:15:00,76046.7,76138.58,75976.72,76045.99,490,1400,0
2026-04-30 08:30:00,76044.66,76118.39,76003.44,76103.92,408,1400,0
2026-04-30 08:45:00,76103.84,76126.36,76014.76,76023.06,395,1400,0
2026-04-30 09:00:00,76021.05,76080.57,75982.86,76045.83,526,1400,0
2026-04-30 09:15:00,76046.34,76173.29,75969.1,76173.29,477,1400,0
2026-04-30 09:30:00,76178.02,76326.95,76037.6,76044.18,864,1400,0
2026-04-30 09:45:00,76052.15,76173.31,76035.08,76058.99,540,1400,0
2026-04-30 10:00:00,76062.17,76140.08,75995.56,76021.32,471,1400,0
2026-04-30 10:15:00,76020.55,76045.26,75934.92,75949.21,464,1400,0
2026-04-30 10:30:00,75952.53,76094.89,75952.53,76020.96,615,1400,0
2026-04-30 10:45:00,76019.12,76047.81,75961.44,76001.6,429,1400,0
2026-04-30 11:00:00,75996.87,76230.72,75993.83,76117.26,700,1400,0
2026-04-30 11:15:00,76116.95,76165.73,76048.47,76074.66,350,1400,0
2026-04-30 11:30:00,76075.29,76106.3,75859.79,75896.87,626,1400,0
2026-04-30 11:45:00,75891.66,76070.13,75836.46,76035.21,628,1400,0
2026-04-30 12:00:00,76031.12,76150.28,76003.94,76115.96,541,1400,0
2026-04-30 12:15:00,76121.87,76350.29,76106.0,76306.9,663,1400,0
2026-04-30 12:30:00,76307.18,76390.23,76208.19,76208.19,591,1400,0
2026-04-30 12:45:00,76208.36,76385.11,76208.36,76263.25,462,1400,0
2026-04-30 13:00:00,76269.48,76339.25,76233.26,76286.04,553,1400,0
2026-04-30 13:15:00,76288.27,76320.41,76116.27,76155.47,543,1400,0
2026-04-30 13:30:00,76157.06,76611.61,76067.48,76585.47,1946,1400,0
2026-04-30 13:45:00,76580.84,76645.79,76367.94,76386.83,1491,1400,0
2026-04-30 14:00:00,76389.25,76559.88,76234.04,76331.67,1272,1400,0
2026-04-30 14:15:00,76331.2,76342.49,76050.47,76308.46,1456,1400,0
2026-04-30 14:30:00,76306.7,76528.41,76169.78,76314.23,1580,1400,0
2026-04-30 14:45:00,76309.56,76449.62,76236.3,76264.1,1067,1400,0
2026-04-30 15:00:00,76260.9,76414.44,76124.78,76403.31,1057,1400,0
2026-04-30 15:15:00,76403.57,76475.76,76327.26,76475.76,785,1400,0
2026-04-30 15:30:00,76471.9,76621.57,76336.69,76431.12,947,1400,0
2026-04-30 15:45:00,76428.63,76504.82,76287.21,76436.98,734,1400,0
2026-04-30 16:00:00,76430.84,76453.63,76321.22,76445.61,688,1400,0
2026-04-30 16:15:00,76445.59,76445.59,76255.0,76327.85,631,1400,0
2026-04-30 16:30:00,76326.91,76390.03,76285.32,76316.98,571,1400,0
2026-04-30 16:45:00,76315.65,76347.91,76176.66,76217.85,584,1400,0
2026-04-30 17:00:00,76214.43,76298.34,76167.12,76176.93,712,1400,0
2026-04-30 17:15:00,76178.54,76179.89,76059.54,76113.94,608,1400,0
2026-04-30 17:30:00,76118.16,76235.29,76096.86,76121.87,613,1400,0
2026-04-30 17:45:00,76120.73,76273.98,76117.53,76204.88,462,1400,0
2026-04-30 18:00:00,76205.78,76342.05,76203.96,76226.92,545,1400,0
2026-04-30 18:15:00,76228.32,76442.42,76228.32,76256.54,627,1400,0
2026-04-30 18:30:00,76256.45,76376.47,76156.72,76348.54,559,1400,0
2026-04-30 18:45:00,76350.38,76442.82,76308.35,76310.1,424,1400,0
2026-04-30 19:00:00,76314.87,76470.81,76271.31,76413.31,553,1400,0
2026-04-30 19:15:00,76424.12,76485.1,76379.34,76442.69,356,1400,0
2026-04-30 19:30:00,76453.76,76485.93,76379.73,76405.97,491,1400,0
2026-04-30 19:45:00,76404.38,76445.32,76346.15,76375.98,584,1400,0
2026-04-30 20:00:00,76372.99,76439.85,76316.52,76407.8,502,1400,0
2026-04-30 20:15:00,76406.26,76530.2,76272.61,76432.51,593,1400,0
2026-04-30 20:30:00,76423.11,76503.56,76396.98,76472.26,370,1400,0
2026-04-30 20:45:00,76473.17,76543.23,76447.13,76454.67,290,1400,0
2026-04-30 21:00:00,76442.21,76505.28,76404.04,76446.85,283,1400,0
2026-04-30 21:15:00,76446.74,76447.24,76279.86,76310.22,346,1400,0
2026-04-30 21:30:00,76312.8,76423.64,76309.17,76353.31,287,1400,0
2026-04-30 21:45:00,76350.68,76355.26,76192.07,76204.73,583,1400,0
2026-04-30 22:00:00,76204.14,76332.13,76188.89,76323.92,456,1400,0
2026-04-30 22:15:00,76323.84,76413.28,76312.27,76391.85,357,1400,0
2026-04-30 22:30:00,76392.76,76417.4,76232.66,76292.88,363,1400,0
2026-04-30 22:45:00,76296.82,76336.58,76154.32,76207.19,372,1400,0
2026-04-30 23:00:00,76206.46,76291.58,76173.04,76265.31,423,1400,0
2026-04-30 23:15:00,76265.3,76300.81,76246.5,76298.49,298,1400,0
2026-04-30 23:30:00,76298.38,76347.89,76274.64,76284.91,331,1400,0
2026-04-30 23:45:00,76282.65,76344.21,76263.39,76314.47,366,1400,0
2026-05-01 00:00:00,76316.55,76478.09,76268.86,76434.45,528,1400,0
2026-05-01 00:15:00,76433.38,76542.46,76426.66,76483.76,421,1400,0
2026-05-01 00:30:00,76484.71,76524.99,76416.65,76491.83,381,1400,0
2026-05-01 00:45:00,76492.88,76561.85,76363.74,76421.65,443,1400,0
2026-05-01 01:00:00,76421.52,76557.94,76407.65,76525.35,370,1400,0
2026-05-01 01:15:00,76527.54,76597.67,76491.41,76500.11,374,1400,0
2026-05-01 01:30:00,76496.13,76613.24,76482.19,76584.07,342,1400,0
2026-05-01 01:45:00,76586.94,76750.73,76569.37,76651.02,516,1400,0
2026-05-01 02:00:00,76660.16,76716.4,76575.6,76641.9,442,1400,0
2026-05-01 02:15:00,76642.66,76691.73,76562.13,76598.0,341,1400,0
2026-05-01 02:30:00,76597.81,76614.44,76523.96,76567.09,336,1400,0
2026-05-01 02:45:00,76566.12,76598.02,76500.29,76567.44,341,1400,0
2026-05-01 03:00:00,76564.78,76680.57,76523.46,76656.58,344,1400,0
2026-05-01 03:15:00,76660.22,77436.09,76660.22,77170.43,2243,1400,0
2026-05-01 03:30:00,77160.78,77263.29,77043.28,77132.72,792,1400,0
2026-05-01 03:45:00,77138.72,77176.1,77041.66,77094.33,487,1400,0
2026-05-01 04:00:00,77096.18,77147.94,77030.99,77080.12,482,1400,0
2026-05-01 04:15:00,77082.32,77179.5,76906.5,76992.59,582,1400,0
2026-05-01 04:30:00,76992.0,77062.23,76959.88,77041.52,463,1400,0
2026-05-01 04:45:00,77050.39,77093.06,76994.18,77004.06,343,1400,0
2026-05-01 05:00:00,77000.65,77162.9,76990.16,77101.46,433,1400,0
2026-05-01 05:15:00,77103.22,77124.13,77024.04,77049.3,366,1400,0
2026-05-01 05:30:00,77045.69,77095.51,77026.75,77088.45,332,1400,0
2026-05-01 05:45:00,77088.13,77149.32,77072.25,77140.18,379,1400,0
2026-05-01 06:00:00,77143.28,77154.94,77053.94,77109.84,401,1400,0
2026-05-01 06:15:00,77114.49,77161.31,77076.92,77132.37,340,1400,0
2026-05-01 06:30:00,77130.89,77148.56,76927.47,77042.95,458,1400,0
2026-05-01 06:45:00,77038.78,77086.45,76841.88,76956.36,647,1400,0
2026-05-01 07:00:00,76963.3,77063.9,76931.41,77009.46,442,1400,0
2026-05-01 07:15:00,77008.43,77082.61,76957.16,76968.88,429,1400,0
2026-05-01 07:30:00,76964.81,77029.48,76924.56,76973.62,342,1400,0
2026-05-01 07:45:00,76966.56,77127.88,76966.56,77103.16,374,1400,0
2026-05-01 08:00:00,77103.09,77248.23,77023.22,77230.93,480,1400,0
2026-05-01 08:15:00,77225.73,77482.0,77196.8,77413.17,858,1400,0
2026-05-01 08:30:00,77415.12,77446.15,77337.79,77361.18,499,1400,0
2026-05-01 08:45:00,77360.11,77372.79,77331.96,77347.09,233,1400,0
2026-05-01 09:00:00,77356.81,77376.05,77259.19,77320.43,341,1400,0
2026-05-01 09:15:00,77314.62,77369.49,77273.89,77328.3,367,1400,0
2026-05-01 09:30:00,77320.52,77320.52,77239.68,77262.81,298,1400,0
2026-05-01 09:45:00,77259.9,77261.27,77171.41,77253.59,356,1400,0
2026-05-01 10:00:00,77256.06,77256.06,77133.6,77151.84,366,1400,0
2026-05-01 10:15:00,77151.49,77419.35,77144.91,77327.58,492,1400,0
2026-05-01 10:30:00,77323.9,77354.94,77216.06,77230.96,329,1400,0
2026-05-01 10:45:00,77230.94,77297.31,77223.57,77275.97,294,1400,0
2026-05-01 11:00:00,77277.35,77320.89,77237.39,77320.89,338,1400,0
2026-05-01 11:15:00,77319.52,77600.2,77287.16,77364.11,668,1400,0
2026-05-01 11:30:00,77365.06,77415.59,77322.98,77394.52,385,1400,0
2026-05-01 11:45:00,77396.47,77451.11,77314.71,77444.3,435,1400,0
2026-05-01 12:00:00,77445.59,77673.47,77384.63,77541.03,769,1400,0
2026-05-01 12:15:00,77537.57,77796.23,77526.89,77735.96,1029,1400,0
2026-05-01 12:30:00,77742.36,78170.55,77736.14,77930.05,1562,1400,0
2026-05-01 12:45:00,77943.65,78039.87,77858.74,77886.97,608,1400,0
2026-05-01 13:00:00,77888.41,78435.72,77888.41,78341.19,1216,1400,0
2026-05-01 13:15:00,78338.67,78388.08,78246.37,78283.46,652,1400,0
2026-05-01 13:30:00,78279.06,78542.1,78119.15,78263.44,1564,1400,0
2026-05-01 13:45:00,78255.76,78927.86,78173.68,78747.97,1929,1400,0
2026-05-01 14:00:00,78748.44,78900.08,78580.8,78681.0,1212,1400,0
2026-05-01 14:15:00,78678.39,78727.21,78189.93,78278.94,1102,1400,0
2026-05-01 14:30:00,78274.51,78304.61,78038.97,78184.27,1239,1400,0
2026-05-01 14:45:00,78180.32,78454.37,78135.31,78345.94,945,1400,0
2026-05-01 15:00:00,78345.13,78474.72,78165.0,78444.21,1043,1400,0
2026-05-01 15:15:00,78444.5,78618.41,78406.82,78539.96,761,1400,0
2026-05-01 15:30:00,78539.88,78741.42,78514.98,78649.07,786,1400,0
2026-05-01 15:45:00,78650.73,78689.6,78170.27,78424.59,1331,1400,0
2026-05-01 16:00:00,78424.24,78686.9,78377.2,78381.77,899,1400,0
2026-05-01 16:15:00,78375.79,78472.58,78156.21,78326.9,1313,1400,0
2026-05-01 16:30:00,78326.65,78380.19,78158.63,78261.27,790,1400,0
2026-05-01 16:45:00,78251.02,78354.21,78146.06,78201.96,720,1400,0
2026-05-01 17:00:00,78201.19,78326.99,78105.24,78321.07,729,1400,0
2026-05-01 17:15:00,78322.72,78343.14,78171.58,78240.85,553,1400,0
2026-05-01 17:30:00,78242.25,78548.51,78170.83,78440.32,821,1400,0
2026-05-01 17:45:00,78440.98,78593.11,78399.92,78536.3,659,1400,0
2026-05-01 18:00:00,78536.91,78627.59,78453.26,78509.44,723,1400,0
2026-05-01 18:15:00,78508.65,78625.6,78468.0,78586.7,614,1400,0
2026-05-01 18:30:00,78584.44,78586.67,78407.78,78418.18,667,1400,0
2026-05-01 18:45:00,78418.1,78511.94,78359.71,78421.38,444,1400,0
2026-05-01 19:00:00,78421.6,78548.64,78396.57,78484.57,472,1400,0
2026-05-01 19:15:00,78484.33,78496.48,78340.61,78413.58,438,1400,0
2026-05-01 19:30:00,78413.98,78421.06,78303.74,78336.46,525,1400,0
2026-05-01 19:45:00,78337.62,78466.61,78318.22,78359.2,603,1400,0
2026-05-01 20:00:00,78361.37,78429.06,78278.53,78299.28,393,1400,0
2026-05-01 20:15:00,78301.03,78308.72,78080.2,78139.44,447,1400,0
2026-05-01 20:30:00,78129.0,78175.43,77928.33,77980.24,501,1400,0
2026-05-01 20:45:00,77977.98,78028.31,77744.63,77859.88,715,1400,0
2026-05-01 21:00:00,77855.6,77985.03,77845.24,77948.58,462,1400,0
2026-05-01 21:15:00,77954.09,78068.36,77920.41,78011.39,424,1400,0
2026-05-01 21:30:00,78011.31,78188.02,78009.1,78113.74,537,1400,0
2026-05-01 21:45:00,78115.68,78204.2,78098.19,78195.09,472,1400,0
2026-05-01 22:00:00,78196.0,78319.29,78196.0,78271.54,447,1400,0
2026-05-01 22:15:00,78277.51,78419.07,78277.51,78349.33,481,1400,0
2026-05-01 22:30:00,78346.81,78379.08,78213.04,78255.92,364,1400,0
2026-05-01 22:45:00,78256.57,78256.57,78127.68,78135.25,376,1400,0
2026-05-01 23:00:00,78133.88,78192.41,78084.74,78108.06,353,1400,0
2026-05-01 23:15:00,78114.9,78141.15,78028.65,78044.74,385,1400,0
2026-05-01 23:30:00,78041.98,78145.29,78030.81,78086.51,326,1400,0
2026-05-01 23:45:00,78086.69,78248.13,78086.69,78229.63,318,1400,0
2026-05-02 00:00:00,78224.26,78296.76,78189.18,78190.48,432,1400,0
2026-05-02 00:15:00,78192.31,78357.75,78153.39,78281.17,428,1400,0
2026-05-02 00:30:00,78272.4,78343.83,78232.01,78311.06,383,1400,0
2026-05-02 00:45:00,78312.08,78395.95,78276.4,78338.68,452,1400,0
2026-05-02 01:00:00,78339.2,78390.59,78278.44,78363.75,389,1400,0
2026-05-02 01:15:00,78363.11,78366.25,78293.11,78329.66,303,1400,0
2026-05-02 01:30:00,78330.26,78452.5,78303.95,78367.03,416,1400,0
2026-05-02 01:45:00,78369.87,78369.87,78287.49,78334.01,335,1400,0
2026-05-02 02:00:00,78333.53,78356.78,78263.19,78278.29,367,1400,0
2026-05-02 02:15:00,78272.86,78336.46,78242.65,78268.06,312,1400,0
2026-05-02 02:30:00,78266.26,78397.03,78249.54,78356.3,279,1400,0
2026-05-02 02:45:00,78356.2,78518.08,78342.77,78355.74,478,1400,0
2026-05-02 03:00:00,78349.85,78390.04,78229.07,78264.42,357,1400,0
2026-05-02 03:15:00,78260.9,78404.8,78211.77,78362.21,386,1400,0
2026-05-02 03:30:00,78362.34,78541.3,78351.67,78389.39,363,1400,0
2026-05-02 03:45:00,78384.7,78464.94,78349.19,78405.17,387,1400,0
2026-05-02 04:00:00,78407.37,78441.29,78253.06,78291.8,437,1400,0
2026-05-02 04:15:00,78276.88,78306.33,78241.79,78273.45,323,1400,0
2026-05-02 04:30:00,78273.53,78295.35,78142.56,78224.02,348,1400,0
2026-05-02 04:45:00,78222.64,78237.26,78111.47,78174.02,344,1400,0
2026-05-02 05:00:00,78172.33,78192.84,78036.66,78085.61,447,1400,0
2026-05-02 05:15:00,78083.85,78129.92,78013.12,78092.85,332,1400,0
2026-05-02 05:30:00,78093.5,78208.44,78090.57,78184.52,341,1400,0
2026-05-02 05:45:00,78182.9,78248.53,78166.48,78176.1,272,1400,0
2026-05-02 06:00:00,78178.67,78278.4,78177.52,78188.39,289,1400,0
2026-05-02 06:15:00,78191.76,78220.28,78132.15,78132.95,301,1400,0
2026-05-02 06:30:00,78139.91,78232.8,78130.68,78221.94,245,1400,0
2026-05-02 06:45:00,78222.74,78362.35,78216.21,78306.54,360,1400,0
2026-05-02 07:00:00,78305.53,78344.8,78285.05,78315.8,270,1400,0
2026-05-02 07:15:00,78311.74,78336.56,78290.87,78308.0,232,1400,0
2026-05-02 07:30:00,78309.28,78330.83,78210.51,78234.42,293,1400,0
2026-05-02 07:45:00,78236.46,78250.35,78191.01,78223.01,219,1400,0
2026-05-02 08:00:00,78223.82,78259.47,78151.09,78245.35,334,1400,0
2026-05-02 08:15:00,78245.44,78286.3,78218.35,78270.16,258,1400,0
2026-05-02 08:30:00,78269.61,78345.72,78266.13,78312.09,313,1400,0
2026-05-02 08:45:00,78312.18,78354.17,78274.22,78303.12,242,1400,0
2026-05-02 09:00:00,78307.03,78316.65,78276.86,78301.47,223,1400,0
2026-05-02 09:15:00,78303.85,78339.56,78295.6,78304.04,213,1400,0
2026-05-02 09:30:00,78298.79,78401.11,78202.46,78298.06,425,1400,0
2026-05-02 09:45:00,78298.23,78318.7,78278.0,78288.4,210,1400,0
2026-05-02 10:00:00,78293.13,78319.7,78271.37,78276.18,296,1400,0
2026-05-02 10:15:00,78281.81,78301.13,78220.57,78251.88,207,1400,0
2026-05-02 10:30:00,78256.55,78269.04,78209.85,78253.85,245,1400,0
2026-05-02 10:45:00,78246.03,78279.5,78222.97,78238.31,197,1400,0
2026-05-02 11:00:00,78245.31,78249.09,78149.65,78169.26,320,1400,0
2026-05-02 11:15:00,78167.39,78235.81,78161.1,78203.07,221,1400,0
2026-05-02 11:30:00,78203.85,78219.68,78116.19,78168.09,300,1400,0
2026-05-02 11:45:00,78169.28,78169.28,78085.19,78137.37,279,1400,0
2026-05-02 12:00:00,78133.49,78167.24,78093.43,78120.18,249,1400,0
2026-05-02 12:15:00,78124.07,78269.28,78120.74,78238.42,262,1400,0
2026-05-02 12:30:00,78238.33,78260.08,78175.35,78208.38,270,1400,0
2026-05-02 12:45:00,78207.15,78217.77,78167.87,78195.83,215,1400,0
2026-05-02 13:00:00,78195.92,78435.84,78195.92,78376.39,471,1400,0
2026-05-02 13:15:00,78375.55,78378.86,78287.13,78296.33,262,1400,0
2026-05-02 13:30:00,78296.02,78355.11,78285.44,78352.01,193,1400,0
2026-05-02 13:45:00,78352.19,78399.31,78307.88,78368.1,281,1400,0
2026-05-02 14:00:00,78366.62,78395.55,78306.18,78312.24,339,1400,0
2026-05-02 14:15:00,78312.17,78490.36,78297.2,78418.32,363,1400,0
2026-05-02 14:30:00,78416.63,78453.71,78361.56,78393.26,327,1400,0
2026-05-02 14:45:00,78391.06,78480.3,78375.85,78399.98,287,1400,0
2026-05-02 15:00:00,78409.12,78471.15,78401.43,78430.52,228,1400,0
2026-05-02 15:15:00,78429.47,78438.2,78350.9,78369.66,253,1400,0
2026-05-02 15:30:00,78374.57,78441.55,78358.82,78420.38,288,1400,0
2026-05-02 15:45:00,78420.47,78482.72,78397.1,78482.72,317,1400,0
2026-05-02 16:00:00,78477.1,78570.98,78442.68,78531.43,408,1400,0
2026-05-02 16:15:00,78529.16,78607.34,78488.89,78499.12,432,1400,0
2026-05-02 16:30:00,78498.54,78498.54,78417.26,78417.26,334,1400,0
2026-05-02 16:45:00,78419.26,78489.2,78413.23,78442.99,269,1400,0
2026-05-02 17:00:00,78437.22,78454.92,78399.0,78425.37,263,1400,0
2026-05-02 17:15:00,78420.71,78452.4,78404.89,78407.0,270,1400,0
2026-05-02 17:30:00,78418.22,78477.78,78416.73,78417.7,283,1400,0
2026-05-02 17:45:00,78414.82,78436.64,78353.27,78379.65,208,1400,0
2026-05-02 18:00:00,78377.8,78393.19,78306.05,78321.68,316,1400,0
2026-05-02 18:15:00,78321.75,78393.2,78306.49,78380.05,293,1400,0
2026-05-02 18:30:00,78384.39,78453.66,78381.46,78404.91,243,1400,0
2026-05-02 18:45:00,78403.9,78491.09,78399.44,78454.25,242,1400,0
2026-05-02 19:00:00,78451.86,78502.01,78424.74,78459.5,216,1400,0
2026-05-02 19:15:00,78455.74,78474.31,78423.69,78437.65,220,1400,0
2026-05-02 19:30:00,78436.92,78517.21,78426.07,78481.29,256,1400,0
2026-05-02 19:45:00,78480.11,78493.91,78439.49,78472.2,239,1400,0
2026-05-02 20:00:00,78475.92,78488.08,78418.48,78421.02,211,1400,0
2026-05-02 20:15:00,78426.74,78438.2,78409.57,78421.45,203,1400,0
2026-05-02 20:30:00,78418.55,78472.24,78413.35,78430.72,208,1400,0
2026-05-02 20:45:00,78430.62,78456.03,78403.26,78446.12,218,1400,0
2026-05-02 21:00:00,78447.49,78519.92,78437.7,78446.32,273,1400,0
2026-05-02 21:15:00,78439.6,78493.84,78432.58,78486.63,237,1400,0
2026-05-02 21:30:00,78484.51,79174.72,78484.51,78804.86,1087,1400,0
2026-05-02 21:45:00,78806.12,78913.92,78707.56,78725.2,732,1400,0
2026-05-02 22:00:00,78732.98,78808.37,78655.65,78771.5,511,1400,0
2026-05-02 22:15:00,78774.76,78780.16,78599.5,78630.0,391,1400,0
2026-05-02 22:30:00,78629.91,78755.49,78617.92,78660.89,358,1400,0
2026-05-02 22:45:00,78650.35,78865.89,78650.35,78823.57,472,1400,0
2026-05-02 23:00:00,78813.72,78817.77,78686.2,78733.73,368,1400,0
2026-05-02 23:15:00,78735.15,78809.18,78711.02,78784.75,278,1400,0
2026-05-02 23:30:00,78792.42,78814.81,78678.3,78689.75,338,1400,0
2026-05-02 23:45:00,78689.95,78716.32,78615.99,78678.7,317,1400,0
2026-05-03 00:00:00,78684.37,78756.45,78540.78,78567.06,459,1400,0
2026-05-03 00:15:00,78562.38,78632.7,78475.72,78617.02,456,1400,0
2026-05-03 00:30:00,78623.54,78675.73,78603.17,78627.69,305,1400,0
2026-05-03 00:45:00,78627.57,78647.06,78477.41,78542.85,388,1400,0
2026-05-03 01:00:00,78537.59,78542.26,78247.3,78368.32,679,1400,0
2026-05-03 01:15:00,78368.22,78400.84,78212.1,78284.31,490,1400,0
2026-05-03 01:30:00,78285.87,78290.39,78138.34,78238.67,462,1400,0
2026-05-03 01:45:00,78238.6,78290.86,78212.84,78238.64,366,1400,0
2026-05-03 02:00:00,78236.98,78313.93,78103.79,78185.88,511,1400,0
2026-05-03 02:15:00,78194.71,78206.25,78102.93,78111.87,349,1400,0
2026-05-03 02:30:00,78112.2,78171.35,78102.38,78112.48,311,1400,0
2026-05-03 02:45:00,78108.74,78202.9,78108.74,78161.52,343,1400,0
2026-05-03 03:00:00,78157.19,78187.76,78113.11,78127.51,331,1400,0
2026-05-03 03:15:00,78126.98,78151.32,78102.88,78109.04,276,1400,0
2026-05-03 03:30:00,78109.14,78212.86,78100.73,78128.21,286,1400,0
2026-05-03 03:45:00,78129.59,78208.53,78125.98,78184.39,310,1400,0
2026-05-03 04:00:00,78189.26,78206.29,78100.29,78132.6,337,1400,0
2026-05-03 04:15:00,78131.98,78227.29,78127.65,78212.66,335,1400,0
2026-05-03 04:30:00,78209.24,78234.36,78173.39,78182.8,214,1400,0
2026-05-03 04:45:00,78182.74,78194.44,78129.16,78167.07,285,1400,0
2026-05-03 05:00:00,78165.61,78247.67,78146.38,78224.29,324,1400,0
2026-05-03 05:15:00,78224.16,78245.61,78203.18,78204.91,235,1400,0
2026-05-03 05:30:00,78215.21,78228.0,78196.1,78204.48,231,1400,0
2026-05-03 05:45:00,78206.19,78241.37,78183.44,78236.22,269,1400,0
2026-05-03 06:00:00,78234.77,78234.77,78135.42,78146.66,345,1400,0
2026-05-03 06:15:00,78145.03,78160.98,78061.13,78101.26,296,1400,0
2026-05-03 06:30:00,78104.19,78164.63,78104.19,78135.28,288,1400,0
2026-05-03 06:45:00,78130.43,78344.73,78124.22,78279.83,386,1400,0
2026-05-03 07:00:00,78280.67,78445.8,78270.71,78334.73,469,1400,0
2026-05-03 07:15:00,78332.02,78443.62,78322.97,78398.94,380,1400,0
2026-05-03 07:30:00,78391.11,78441.14,78359.01,78377.4,368,1400,0
2026-05-03 07:45:00,78380.02,78394.12,78336.84,78356.29,333,1400,0
2026-05-03 08:00:00,78352.66,78496.77,78352.66,78437.1,388,1400,0
2026-05-03 08:15:00,78432.19,78467.66,78394.67,78404.12,332,1400,0
2026-05-03 08:30:00,78408.29,78438.09,78368.51,78433.56,277,1400,0
2026-05-03 08:45:00,78427.3,78447.55,78375.54,78377.77,237,1400,0
2026-05-03 09:00:00,78380.58,78437.23,78325.55,78396.11,325,1400,0
2026-05-03 09:15:00,78386.68,78526.12,78380.8,78491.85,372,1400,0
2026-05-03 09:30:00,78490.11,78613.5,78441.83,78498.51,463,1400,0
2026-05-03 09:45:00,78503.94,78540.66,78471.98,78517.27,300,1400,0
2026-05-03 10:00:00,78517.19,78530.79,78411.14,78480.56,373,1400,0
2026-05-03 10:15:00,78487.23,78491.37,78415.61,78423.96,239,1400,0
2026-05-03 10:30:00,78422.06,78468.89,78422.06,78438.34,292,1400,0
2026-05-03 10:45:00,78435.29,78439.31,78388.5,78407.98,266,1400,0
2026-05-03 11:00:00,78398.44,78550.33,78368.25,78513.82,304,1400,0
2026-05-03 11:15:00,78513.95,78533.83,78484.1,78509.61,241,1400,0
2026-05-03 11:30:00,78498.34,78756.65,78498.34,78700.39,574,1400,0
2026-05-03 11:45:00,78707.0,78848.48,78632.94,78655.02,658,1400,0
2026-05-03 12:00:00,78658.02,78880.97,78655.05,78830.48,622,1400,0
2026-05-03 12:15:00,78830.84,78850.22,78736.59,78760.37,382,1400,0
2026-05-03 12:30:00,78765.73,78786.6,78680.31,78770.8,390,1400,0
2026-05-03 12:45:00,78770.63,78838.3,78704.23,78736.56,283,1400,0
2026-05-03 13:00:00,78747.1,78769.96,78694.54,78734.04,284,1400,0
2026-05-03 13:15:00,78730.46,78732.58,78582.37,78637.18,329,1400,0
2026-05-03 13:30:00,78639.31,78693.32,78572.07,78600.87,298,1400,0
2026-05-03 13:45:00,78600.19,78684.83,78586.05,78657.34,300,1400,0
2026-05-03 14:00:00,78654.58,78762.67,78636.01,78706.49,426,1400,0
2026-05-03 14:15:00,78705.7,78750.65,78592.48,78673.27,329,1400,0
2026-05-03 14:30:00,78677.75,78712.78,78642.46,78698.56,245,1400,0
2026-05-03 14:45:00,78699.01,78782.08,78632.94,78720.61,364,1400,0
2026-05-03 15:00:00,78730.56,78808.81,78706.78,78724.43,403,1400,0
2026-05-03 15:15:00,78733.64,78765.46,78697.05,78737.88,364,1400,0
2026-05-03 15:30:00,78737.41,78782.85,78654.44,78671.83,353,1400,0
2026-05-03 15:45:00,78676.79,78701.61,78605.12,78652.49,347,1400,0
2026-05-03 16:00:00,78652.78,78685.47,78592.84,78608.27,361,1400,0
2026-05-03 16:15:00,78601.32,78654.65,78568.16,78645.95,334,1400,0
2026-05-03 16:30:00,78640.99,78780.51,78640.99,78709.71,376,1400,0
2026-05-03 16:45:00,78710.75,78728.25,78637.55,78649.15,270,1400,0
2026-05-03 17:00:00,78646.96,78711.66,78538.89,78671.38,394,1400,0
2026-05-03 17:15:00,78674.79,78791.98,78674.79,78720.9,382,1400,0
2026-05-03 17:30:00,78715.62,78812.95,78709.42,78790.94,377,1400,0
2026-05-03 17:45:00,78787.02,78792.13,78705.05,78721.87,310,1400,0
2026-05-03 18:00:00,78727.43,78745.71,78651.46,78663.53,273,1400,0
2026-05-03 18:15:00,78662.55,78747.95,78608.58,78724.93,332,1400,0
2026-05-03 18:30:00,78727.5,78727.82,78667.36,78668.39,280,1400,0
2026-05-03 18:45:00,78667.23,78745.65,78665.23,78719.0,213,1400,0
2026-05-03 19:00:00,78717.35,78757.76,78671.13,78695.43,276,1400,0
2026-05-03 19:15:00,78701.51,78713.31,78657.29,78675.63,277,1400,0
2026-05-03 19:30:00,78675.76,78856.65,78672.62,78791.27,370,1400,0
2026-05-03 19:45:00,78790.02,78807.03,78746.56,78757.77,293,1400,0
2026-05-03 20:00:00,78750.66,78786.64,78712.92,78729.92,287,1400,0
2026-05-03 20:15:00,78729.68,79019.69,78719.25,78919.96,441,1400,0
2026-05-03 20:30:00,78920.65,79289.18,78886.2,78993.0,926,1400,0
2026-05-03 20:45:00,79004.11,79021.97,78828.11,78912.46,481,1400,0
2026-05-03 21:00:00,78915.92,79049.72,78836.38,78993.16,468,1400,0
2026-05-03 21:15:00,78993.25,79008.49,78904.71,78909.28,386,1400,0
2026-05-03 21:30:00,78909.36,78935.53,78648.67,78711.07,575,1400,0
2026-05-03 21:45:00,78710.97,78837.76,78640.22,78818.02,644,1400,0
2026-05-03 22:00:00,78822.04,79383.58,78817.76,79247.49,1697,1400,0
2026-05-03 22:15:00,79249.94,79452.65,78948.99,79068.33,1550,1400,0
2026-05-03 22:30:00,79070.44,79314.46,78969.36,79263.41,827,1400,0
2026-05-03 22:45:00,79264.47,79374.57,79139.91,79154.86,747,1400,0
2026-05-03 23:00:00,79160.33,79284.68,79030.71,79071.85,739,1400,0
2026-05-03 23:15:00,79074.74,79079.38,78591.11,78650.65,1110,1400,0
2026-05-03 23:30:00,78651.12,78730.77,78567.23,78587.6,842,1400,0
2026-05-03 23:45:00,78588.99,78598.68,78459.42,78565.6,733,1400,0
2026-05-04 00:00:00,78558.18,78566.97,78401.49,78504.09,878,1400,0
2026-05-04 00:15:00,78502.67,78523.89,78255.79,78343.61,962,1400,0
2026-05-04 00:30:00,78343.16,78443.73,78310.92,78372.52,618,1400,0
2026-05-04 00:45:00,78375.91,78552.61,78375.91,78520.29,586,1400,0
2026-05-04 01:00:00,78522.05,78583.72,78394.72,78442.08,563,1400,0
2026-05-04 01:15:00,78443.12,78601.34,78400.92,78588.4,614,1400,0
2026-05-04 01:30:00,78590.13,79132.56,78570.16,78772.21,1582,1400,0
2026-05-04 01:45:00,78770.1,79872.55,78770.1,79768.17,2356,1400,0
2026-05-04 02:00:00,79772.84,80175.09,79508.07,79918.9,3281,1400,0
2026-05-04 02:15:00,79918.59,79924.31,79604.9,79691.28,1414,1400,0
2026-05-04 02:30:00,79690.9,80315.31,79690.9,80147.01,1804,1400,0
2026-05-04 02:45:00,80151.7,80427.56,80001.4,80151.97,1534,1400,0
2026-05-04 03:00:00,80165.47,80451.27,79944.41,80360.37,1444,1400,0
2026-05-04 03:15:00,80358.89,80364.77,80037.82,80099.8,777,1400,0
2026-05-04 03:30:00,80100.36,80132.15,79892.02,79992.72,684,1400,0
2026-05-04 03:45:00,79993.47,80307.87,79937.92,80298.89,739,1400,0
2026-05-04 04:00:00,80297.05,80476.11,80291.94,80407.88,923,1400,0
2026-05-04 04:15:00,80407.82,80623.33,80220.24,80321.74,1280,1400,0
2026-05-04 04:30:00,80324.19,80423.93,80273.83,80327.67,714,1400,0
2026-05-04 04:45:00,80327.01,80385.33,80204.24,80319.86,608,1400,0
2026-05-04 05:00:00,80330.07,80387.68,80080.96,80148.98,674,1400,0
2026-05-04 05:15:00,80149.4,80156.59,79936.4,79991.23,666,1400,0
2026-05-04 05:30:00,79995.73,80108.21,79950.33,80073.32,532,1400,0
2026-05-04 05:45:00,80075.87,80075.87,79979.07,80006.61,377,1400,0
2026-05-04 06:00:00,80007.0,80038.98,79882.44,79900.92,463,1400,0
2026-05-04 06:15:00,79897.8,79898.87,79472.73,79699.82,944,1400,0
2026-05-04 06:30:00,79701.46,79772.72,79618.56,79747.07,620,1400,0
2026-05-04 06:45:00,79746.3,79967.36,79746.3,79862.98,596,1400,0
2026-05-04 07:00:00,79859.92,79945.19,79790.99,79889.22,506,1400,0
2026-05-04 07:15:00,79886.89,79917.22,79806.33,79839.85,378,1400,0
2026-05-04 07:30:00,79833.69,79863.91,79665.91,79843.61,489,1400,0
2026-05-04 07:45:00,79852.0,79899.4,79649.72,79692.69,454,1400,0
2026-05-04 08:00:00,79693.18,79787.75,79568.81,79778.61,670,1400,0
2026-05-04 08:15:00,79785.75,79792.03,79608.58,79720.45,533,1400,0
2026-05-04 08:30:00,79716.13,79772.58,79670.71,79707.9,403,1400,0
2026-05-04 08:45:00,79707.82,79750.23,79592.23,79684.1,454,1400,0
2026-05-04 09:00:00,79684.21,79777.03,79619.22,79713.82,485,1400,0
2026-05-04 09:15:00,79712.22,79817.84,79689.63,79707.25,433,1400,0
2026-05-04 09:30:00,79703.42,79885.93,79666.42,79835.62,540,1400,0
2026-05-04 09:45:00,79854.92,79916.7,79769.42,79821.37,417,1400,0
2026-05-04 10:00:00,79825.17,79866.55,78572.99,78739.58,3995,1400,0
2026-05-04 10:15:00,78750.05,78763.43,78176.1,78489.61,3177,1400,0
2026-05-04 10:30:00,78492.41,79025.39,78424.91,78907.85,2199,1400,0
2026-05-04 10:45:00,78906.53,79094.92,78819.56,78917.42,1031,1400,0
2026-05-04 11:00:00,78925.61,79084.77,78884.23,79024.06,971,1400,0
2026-05-04 11:15:00,79023.81,79123.71,78899.4,78950.63,668,1400,0
2026-05-04 11:30:00,78942.17,78942.17,78681.11,78715.77,882,1400,0
2026-05-04 11:45:00,78714.77,78849.11,78711.65,78779.24,557,1400,0
2026-05-04 12:00:00,78767.4,78846.6,78695.13,78795.7,671,1400,0
2026-05-04 12:15:00,78795.79,79019.79,78733.49,78951.67,843,1400,0
2026-05-04 12:30:00,78958.89,78992.0,78837.05,78981.94,629,1400,0
2026-05-04 12:45:00,78975.61,79004.67,78839.04,78841.32,472,1400,0
2026-05-04 13:00:00,78838.71,78977.88,78560.56,78909.46,1577,1400,0
2026-05-04 13:15:00,78907.65,79078.75,78883.37,78942.92,653,1400,0
2026-05-04 13:30:00,78942.41,79123.92,78826.04,78861.9,1440,1400,0
2026-05-04 13:45:00,78861.81,78937.94,78708.62,78771.31,1065,1400,0
2026-05-04 14:00:00,78769.33,78975.55,78475.47,78937.75,1531,1400,0
2026-05-04 14:15:00,78934.88,79397.16,78926.94,79231.19,1499,1400,0
2026-05-04 14:30:00,79228.04,79588.99,79213.42,79521.95,1206,1400,0
2026-05-04 14:45:00,79524.7,80563.39,79524.7,80212.97,3079,1400,0
2026-05-04 15:00:00,80200.86,80375.14,79912.85,80105.56,2003,1400,0
2026-05-04 15:15:00,80104.92,80234.95,79312.87,79703.5,3156,1400,0
2026-05-04 15:30:00,79707.0,79927.03,79472.72,79911.97,1934,1400,0
2026-05-04 15:45:00,79903.68,80159.69,79551.46,80020.39,2103,1400,0
2026-05-04 16:00:00,80023.3,80081.41,79638.9,79717.62,1951,1400,0
2026-05-04 16:15:00,79710.69,80393.16,79595.15,80236.37,2296,1400,0
2026-05-04 16:30:00,80240.04,80365.01,80139.96,80273.22,1418,1400,0
2026-05-04 16:45:00,80269.34,80319.86,79968.59,80011.88,1175,1400,0
2026-05-04 17:00:00,80009.97,80462.63,80007.73,80382.04,1302,1400,0
2026-05-04 17:15:00,80385.74,80509.32,80352.64,80428.54,1099,1400,0
2026-05-04 17:30:00,80430.51,80452.39,80243.52,80271.4,838,1400,0
2026-05-04 17:45:00,80272.07,80789.42,80258.97,80384.85,1314,1400,0
2026-05-04 18:00:00,80384.64,80436.23,80245.32,80364.75,765,1400,0
2026-05-04 18:15:00,80365.1,80365.1,80134.11,80237.08,831,1400,0
2026-05-04 18:30:00,80237.16,80298.65,80150.33,80164.49,527,1400,0
2026-05-04 18:45:00,80165.25,80166.82,80014.65,80102.5,580,1400,0
2026-05-04 19:00:00,80102.39,80135.69,79928.16,80079.76,726,1400,0
2026-05-04 19:15:00,80081.1,80089.75,79860.15,79901.42,586,1400,0
2026-05-04 19:30:00,79899.43,79996.17,79871.35,79973.72,437,1400,0
2026-05-04 19:45:00,79981.44,80094.98,79936.04,80048.1,607,1400,0
2026-05-04 20:00:00,80041.08,80128.27,79944.16,80127.74,426,1400,0
2026-05-04 20:15:00,80123.73,80165.24,79908.07,80011.4,482,1400,0
2026-05-04 20:30:00,80013.66,80043.29,79876.92,79916.67,429,1400,0
2026-05-04 20:45:00,79916.32,80010.08,79888.03,79926.41,377,1400,0
2026-05-04 21:00:00,79932.2,80153.5,79932.2,80101.17,406,1400,0
2026-05-04 21:15:00,80099.5,80284.88,80051.13,80195.33,435,1400,0
2026-05-04 21:30:00,80196.8,80296.75,80196.8,80221.54,380,1400,0
2026-05-04 21:45:00,80219.41,80378.99,80219.41,80253.82,523,1400,0
2026-05-04 22:00:00,80252.81,80387.69,80224.43,80338.88,513,1400,0
2026-05-04 22:15:00,80340.81,80394.95,80240.41,80249.77,347,1400,0
2026-05-04 22:30:00,80253.72,80259.58,80085.3,80086.12,491,1400,0
2026-05-04 22:45:00,80093.48,80192.54,80029.73,80053.04,401,1400,0
2026-05-04 23:00:00,80049.37,80049.37,79877.12,79921.59,515,1400,0
2026-05-04 23:15:00,79921.5,79964.88,79858.28,79939.18,335,1400,0
2026-05-04 23:30:00,79940.86,79940.86,79727.62,79749.04,463,1400,0
2026-05-04 23:45:00,79751.33,79860.65,79736.75,79848.46,369,1400,0
2026-05-05 00:00:00,79845.98,80003.44,79775.23,79944.66,625,1400,0
2026-05-05 00:15:00,79951.85,79962.73,79838.22,79848.63,496,1400,0
2026-05-05 00:30:00,79845.81,80133.78,79845.81,80070.62,603,1400,0
2026-05-05 00:45:00,80070.64,80180.43,80015.04,80154.86,475,1400,0
2026-05-05 01:00:00,80154.78,80250.83,80057.1,80176.3,563,1400,0
2026-05-05 01:15:00,80175.12,80286.44,80164.1,80246.82,407,1400,0
2026-05-05 01:30:00,80245.68,80318.83,80149.83,80227.29,535,1400,0
2026-05-05 01:45:00,80228.81,80375.75,80228.81,80337.31,405,1400,0
2026-05-05 02:00:00,80327.74,80507.79,80277.93,80441.98,662,1400,0
2026-05-05 02:15:00,80440.3,80526.67,80360.61,80451.54,408,1400,0
2026-05-05 02:30:00,80454.46,80818.28,80430.36,80795.54,748,1400,0
2026-05-05 02:45:00,80801.25,80902.21,80495.39,80554.98,864,1400,0
2026-05-05 03:00:00,80554.87,80720.91,80435.65,80654.72,557,1400,0
2026-05-05 03:15:00,80655.95,80852.85,80606.73,80781.62,719,1400,0
2026-05-05 03:30:00,80783.32,81089.38,80730.15,80912.06,1041,1400,0
2026-05-05 03:45:00,80911.02,80947.6,80803.38,80870.62,595,1400,0
2026-05-05 04:00:00,80867.82,80980.23,80765.94,80798.51,719,1400,0
2026-05-05 04:15:00,80807.02,80910.71,80775.44,80791.23,449,1400,0
2026-05-05 04:30:00,80795.36,80849.22,80708.68,80745.88,486,1400,0
2026-05-05 04:45:00,80744.43,80946.88,80706.87,80888.34,582,1400,0
2026-05-05 05:00:00,80886.55,80947.51,80817.73,80867.14,564,1400,0
2026-05-05 05:15:00,80867.45,81206.18,80867.45,81051.53,854,1400,0
2026-05-05 05:30:00,81056.16,81332.27,81006.03,81026.93,973,1400,0
2026-05-05 05:45:00,81035.2,81057.55,80907.2,80965.93,718,1400,0
2026-05-05 06:00:00,80965.3,81011.75,80875.16,80937.76,610,1400,0
2026-05-05 06:15:00,80937.48,80974.24,80788.68,80816.35,544,1400,0
2026-05-05 06:30:00,80812.96,80887.73,80774.64,80792.34,469,1400,0
2026-05-05 06:45:00,80790.56,80975.56,80790.56,80956.21,387,1400,0
2026-05-05 07:00:00,80954.95,81019.63,80876.19,80993.75,552,1400,0
2026-05-05 07:15:00,80995.12,81084.84,80954.81,81026.38,477,1400,0
2026-05-05 07:30:00,81032.06,81146.3,80998.05,81007.78,682,1400,0
2026-05-05 07:45:00,81013.38,81036.2,80822.82,80851.34,550,1400,0
2026-05-05 08:00:00,80846.77,80883.75,80825.18,80842.16,314,1400,0
2026-05-05 08:15:00,80846.43,80878.89,80796.6,80832.68,445,1400,0
2026-05-05 08:30:00,80832.6,80859.21,80694.39,80740.82,480,1400,0
2026-05-05 08:45:00,80743.42,80833.97,80738.53,80813.36,349,1400,0
2026-05-05 09:00:00,80811.55,80816.63,80661.55,80661.68,462,1400,0
2026-05-05 09:15:00,80656.05,80689.03,80582.74,80646.32,507,1400,0
2026-05-05 09:30:00,80650.88,80708.36,80542.65,80589.44,470,1400,0
2026-05-05 09:45:00,80589.82,80616.69,80508.25,80579.8,375,1400,0
2026-05-05 10:00:00,80573.11,80716.93,80513.58,80659.84,467,1400,0
2026-05-05 10:15:00,80673.0,80757.85,80664.57,80735.13,389,1400,0
2026-05-05 10:30:00,80734.0,80836.92,80723.09,80817.15,537,1400,0
2026-05-05 10:45:00,80819.94,80837.01,80719.06,80836.38,341,1400,0
2026-05-05 11:00:00,80836.9,80994.0,80771.92,80946.66,507,1400,0
2026-05-05 11:15:00,80942.31,80978.15,80814.61,80943.41,586,1400,0
2026-05-05 11:30:00,80939.16,81114.88,80922.88,81033.64,577,1400,0
2026-05-05 11:45:00,81031.58,81075.99,80873.52,81020.74,483,1400,0
2026-05-05 12:00:00,81021.73,81151.45,80924.08,81091.55,637,1400,0
2026-05-05 12:15:00,81089.73,81248.26,81060.92,81218.3,585,1400,0
2026-05-05 12:30:00,81221.64,81317.22,81165.28,81307.93,663,1400,0
2026-05-05 12:45:00,81307.98,81317.58,81188.41,81266.4,486,1400,0
2026-05-05 13:00:00,81266.48,81684.21,81256.05,81634.01,1444,1400,0
2026-05-05 13:15:00,81645.48,81709.43,81415.25,81467.43,1016,1400,0
2026-05-05 13:30:00,81467.2,81547.87,81201.6,81411.33,1283,1400,0
2026-05-05 13:45:00,81414.7,81669.33,81184.84,81324.61,1199,1400,0
2026-05-05 14:00:00,81326.44,81442.77,81079.96,81095.95,1461,1400,0
2026-05-05 14:15:00,81099.33,81458.01,80929.37,81394.18,2119,1400,0
2026-05-05 14:30:00,81404.31,81504.01,81116.56,81233.91,1199,1400,0
2026-05-05 14:45:00,81231.15,81389.53,81105.88,81330.53,841,1400,0
2026-05-05 15:00:00,81328.86,81670.98,81228.56,81561.97,949,1400,0
2026-05-05 15:15:00,81564.25,81681.41,81518.89,81617.68,937,1400,0
2026-05-05 15:30:00,81622.8,81676.48,81537.67,81640.09,827,1400,0
2026-05-05 15:45:00,81631.29,81701.99,81519.8,81539.39,751,1400,0
2026-05-05 16:00:00,81540.12,81635.93,81426.38,81464.77,833,1400,0
2026-05-05 16:15:00,81459.05,81567.66,81333.84,81418.2,744,1400,0
2026-05-05 16:30:00,81414.35,81418.8,81047.63,81086.42,1148,1400,0
2026-05-05 16:45:00,81081.27,81296.28,81056.25,81293.73,652,1400,0
2026-05-05 17:00:00,81289.16,81378.56,81174.38,81324.74,639,1400,0
2026-05-05 17:15:00,81323.08,81473.17,81302.07,81403.47,611,1400,0
2026-05-05 17:30:00,81408.35,81408.35,81253.2,81291.86,528,1400,0
2026-05-05 17:45:00,81293.46,81352.51,81243.4,81270.25,413,1400,0
2026-05-05 18:00:00,81275.25,81610.3,81275.25,81549.88,732,1400,0
2026-05-05 18:15:00,81549.94,81574.99,81415.33,81464.94,580,1400,0
2026-05-05 18:30:00,81462.93,81540.95,81423.58,81505.05,403,1400,0
2026-05-05 18:45:00,81515.28,81560.13,81398.57,81505.89,423,1400,0
2026-05-05 19:00:00,81506.53,81520.43,81394.64,81467.35,389,1400,0
2026-05-05 19:15:00,81467.23,81594.59,81420.95,81531.87,479,1400,0
2026-05-05 19:30:00,81531.53,81669.08,81509.54,81647.43,496,1400,0
2026-05-05 19:45:00,81647.56,81681.8,81518.65,81606.41,556,1400,0
2026-05-05 20:00:00,81590.59,81773.88,81509.48,81691.22,748,1400,0
2026-05-05 20:15:00,81677.56,81683.09,81540.0,81558.66,639,1400,0
2026-05-05 20:30:00,81552.32,81750.74,81525.57,81651.81,576,1400,0
2026-05-05 20:45:00,81647.84,81667.9,81561.7,81640.08,411,1400,0
2026-05-05 21:00:00,81637.1,81785.74,81572.8,81579.74,610,1400,0
2026-05-05 21:15:00,81581.51,81654.61,81433.99,81475.64,466,1400,0
2026-05-05 21:30:00,81453.51,81458.98,81294.16,81358.5,677,1400,0
2026-05-05 21:45:00,81354.64,81501.6,81332.63,81403.99,781,1400,0
2026-05-05 22:00:00,81411.24,81609.61,81345.08,81368.85,728,1400,0
2026-05-05 22:15:00,81369.66,81532.43,81310.6,81429.6,508,1400,0
2026-05-05 22:30:00,81431.24,81431.24,80789.37,81022.95,1350,1400,0
2026-05-05 22:45:00,81025.34,81357.31,80970.3,81124.28,1290,1400,0
2026-05-05 23:00:00,81124.49,81219.38,81007.49,81207.52,690,1400,0
2026-05-05 23:15:00,81202.22,81202.22,80859.42,80885.84,696,1400,0
2026-05-05 23:30:00,80885.75,80969.41,80762.65,80913.87,703,1400,0
2026-05-05 23:45:00,80912.84,80979.13,80860.46,80901.61,488,1400,0
2026-05-06 00:00:00,80897.69,81253.78,80872.86,81140.12,849,1400,0
2026-05-06 00:15:00,81141.4,81261.49,80896.04,80896.04,694,1400,0
2026-05-06 00:30:00,80905.74,81033.82,80872.79,80884.24,630,1400,0
2026-05-06 00:45:00,80885.11,81065.19,80708.02,81005.98,771,1400,0
2026-05-06 01:00:00,81006.01,81161.3,80964.86,81158.01,674,1400,0
2026-05-06 01:15:00,81156.5,81341.71,81154.37,81226.92,711,1400,0
2026-05-06 01:30:00,81227.2,81337.25,81213.57,81294.42,580,1400,0
2026-05-06 01:45:00,81304.3,81529.95,81294.29,81422.48,706,1400,0
2026-05-06 02:00:00,81423.19,81436.65,81231.34,81319.64,594,1400,0
2026-05-06 02:15:00,81321.74,81321.74,81109.82,81124.88,509,1400,0
2026-05-06 02:30:00,81121.68,81255.92,81030.63,81197.25,630,1400,0
2026-05-06 02:45:00,81199.29,81394.62,81186.19,81353.25,528,1400,0
2026-05-06 03:00:00,81353.86,81457.42,81335.35,81384.84,603,1400,0
2026-05-06 03:15:00,81383.06,81743.62,81348.73,81600.21,802,1400,0
2026-05-06 03:30:00,81598.08,81695.85,81504.53,81541.31,602,1400,0
2026-05-06 03:45:00,81542.88,81631.58,81467.94,81579.03,451,1400,0
2026-05-06 04:00:00,81579.13,81635.71,81505.72,81574.72,467,1400,0
2026-05-06 04:15:00,81574.57,81609.7,81405.17,81424.54,586,1400,0
2026-05-06 04:30:00,81424.66,81442.37,81327.93,81383.43,624,1400,0
2026-05-06 04:45:00,81384.3,81490.84,81245.63,81329.78,621,1400,0
2026-05-06 05:00:00,81321.17,81338.54,81227.46,81255.92,541,1400,0
2026-05-06 05:15:00,81256.66,81309.22,81208.48,81248.71,441,1400,0
2026-05-06 05:30:00,81250.1,81250.1,81029.22,81160.39,681,1400,0
2026-05-06 05:45:00,81163.6,81321.98,81155.86,81315.29,456,1400,0
2026-05-06 06:00:00,81313.54,81390.5,81215.15,81252.85,516,1400,0
2026-05-06 06:15:00,81247.59,81385.39,81194.74,81361.47,450,1400,0
2026-05-06 06:30:00,81360.05,81464.6,81325.07,81451.4,500,1400,0
2026-05-06 06:45:00,81453.5,81507.65,81439.26,81467.93,427,1400,0
2026-05-06 07:00:00,81465.83,81610.45,81443.24,81452.12,562,1400,0
2026-05-06 07:15:00,81452.82,81593.15,81443.35,81538.34,496,1400,0
2026-05-06 07:30:00,81533.22,81533.77,81382.61,81400.07,405,1400,0
2026-05-06 07:45:00,81399.48,81461.57,81298.08,81365.72,426,1400,0
2026-05-06 08:00:00,81363.98,81630.69,81308.06,81530.26,708,1400,0
2026-05-06 08:15:00,81530.6,81577.39,81484.31,81566.06,375,1400,0
2026-05-06 08:30:00,81566.35,81892.86,81560.35,81699.93,1015,1400,0
2026-05-06 08:45:00,81701.0,81988.03,81611.22,81944.11,1475,1400,0
2026-05-06 09:00:00,81945.99,81960.35,81751.09,81802.61,913,1400,0
2026-05-06 09:15:00,81806.19,81867.37,81657.74,81765.73,669,1400,0
2026-05-06 09:30:00,81767.13,82052.52,81746.08,82012.39,1039,1400,0
2026-05-06 09:45:00,82012.31,82016.17,81743.45,81991.96,959,1400,0
2026-05-06 10:00:00,81993.05,82137.68,81956.01,82030.19,926,1400,0
2026-05-06 10:15:00,82036.3,82266.36,81990.1,82181.86,1119,1400,0
2026-05-06 10:30:00,82180.95,82301.39,82144.79,82232.49,983,1400,0
2026-05-06 10:45:00,82225.06,82393.74,82138.15,82282.29,991,1400,0
2026-05-06 11:00:00,82279.99,82489.78,82242.17,82413.06,979,1400,0
2026-05-06 11:15:00,82416.28,82840.99,82400.33,82659.07,1500,1400,0
2026-05-06 11:30:00,82662.94,82760.84,82479.22,82485.09,879,1400,0
2026-05-06 11:45:00,82484.39,82584.12,82463.75,82516.74,739,1400,0
2026-05-06 12:00:00,82518.72,82539.38,82178.58,82180.67,987,1400,0
2026-05-06 12:15:00,82180.78,82484.07,82166.3,82396.0,984,1400,0
2026-05-06 12:30:00,82394.17,82441.36,82289.17,82348.83,605,1400,0
2026-05-06 12:45:00,82349.38,82428.36,82149.36,82230.23,713,1400,0
2026-05-06 13:00:00,82219.9,82222.1,81816.79,82101.74,1469,1400,0
2026-05-06 13:15:00,82102.76,82165.89,81869.47,81939.7,1062,1400,0
2026-05-06 13:30:00,81937.18,82051.18,81753.05,81911.26,1954,1400,0
2026-05-06 13:45:00,81906.73,81917.75,81573.7,81655.66,1901,1400,0
2026-05-06 14:00:00,81666.18,81696.18,81108.78,81436.97,2059,1400,0
2026-05-06 14:15:00,81433.75,81755.85,81284.69,81601.46,1417,1400,0
2026-05-06 14:30:00,81600.71,81876.19,81589.05,81874.3,1283,1400,0
2026-05-06 14:45:00,81881.58,81979.5,81466.45,81509.97,1173,1400,0
2026-05-06 15:00:00,81511.67,81610.44,81286.35,81412.34,937,1400,0
2026-05-06 15:15:00,81412.14,81805.52,81408.15,81652.37,939,1400,0
2026-05-06 15:30:00,81652.55,81748.36,81457.03,81603.09,908,1400,0
2026-05-06 15:45:00,81598.69,81764.52,81598.69,81686.63,891,1400,0
2026-05-06 16:00:00,81688.84,81890.46,81567.06,81740.68,852,1400,0
2026-05-06 16:15:00,81738.35,81829.72,81489.34,81489.34,779,1400,0
2026-05-06 16:30:00,81491.47,81695.45,81412.62,81667.89,788,1400,0
2026-05-06 16:45:00,81670.06,81800.23,81551.96,81611.94,835,1400,0
2026-05-06 17:00:00,81605.17,81696.48,81516.4,81658.74,742,1400,0
2026-05-06 17:15:00,81657.9,81657.9,81386.59,81464.22,641,1400,0
2026-05-06 17:30:00,81465.11,81540.76,81431.87,81537.81,535,1400,0
2026-05-06 17:45:00,81539.93,81540.65,81366.54,81446.44,598,1400,0
2026-05-06 18:00:00,81446.69,81500.47,81251.32,81476.78,760,1400,0
2026-05-06 18:15:00,81475.06,81555.81,81437.91,81459.2,578,1400,0
2026-05-06 18:30:00,81457.13,81506.05,81269.03,81360.54,769,1400,0
2026-05-06 18:45:00,81358.43,81420.95,81271.56,81337.4,556,1400,0
2026-05-06 19:00:00,81338.22,81415.75,81188.59,81239.76,564,1400,0
2026-05-06 19:15:00,81239.28,81382.27,81166.62,81314.22,569,1400,0
2026-05-06 19:30:00,81311.98,81472.01,81238.15,81430.45,479,1400,0
2026-05-06 19:45:00,81424.06,81504.72,81394.08,81443.36,493,1400,0
2026-05-06 20:00:00,81441.48,81656.89,81438.93,81611.56,537,1400,0
2026-05-06 20:15:00,81613.52,81702.86,81546.05,81552.09,414,1400,0
2026-05-06 20:30:00,81552.17,81571.17,81290.62,81355.55,614,1400,0
2026-05-06 20:45:00,81353.07,81435.29,81296.92,81418.2,339,1400,0
2026-05-06 21:00:00,81429.01,81501.49,81285.02,81377.39,396,1400,0
2026-05-06 21:15:00,81379.56,81452.46,81377.12,81443.91,303,1400,0
2026-05-06 21:30:00,81445.14,81622.28,81414.43,81553.73,451,1400,0
2026-05-06 21:45:00,81552.96,81619.78,81506.47,81541.15,426,1400,0
2026-05-06 22:00:00,81542.62,81547.08,81340.96,81374.47,609,1400,0
2026-05-06 22:15:00,81372.6,81387.58,81230.68,81253.15,488,1400,0
2026-05-06 22:30:00,81253.13,81338.25,81246.37,81323.83,374,1400,0
2026-05-06 22:45:00,81323.72,81399.26,81242.1,81332.63,416,1400,0
2026-05-06 23:00:00,81328.67,81328.67,80967.97,81227.62,970,1400,0
2026-05-06 23:15:00,81234.33,81396.08,81208.06,81377.59,446,1400,0
2026-05-06 23:30:00,81379.41,81415.82,81301.53,81337.11,393,1400,0
2026-05-06 23:45:00,81337.19,81447.68,81317.27,81424.0,395,1400,0
2026-05-07 00:00:00,81425.13,81478.15,81345.39,81429.32,621,1400,0
2026-05-07 00:15:00,81425.89,81433.58,81213.66,81213.66,595,1400,0
2026-05-07 00:30:00,81211.14,81245.38,80963.59,81037.05,812,1400,0
2026-05-07 00:45:00,81036.94,81133.61,80964.91,81011.14,641,1400,0
2026-05-07 01:00:00,81005.32,81163.88,80820.53,81151.73,1288,1400,0
2026-05-07 01:15:00,81152.4,81222.21,80956.07,81209.77,749,1400,0
2026-05-07 01:30:00,81206.94,81289.49,81125.49,81268.96,613,1400,0
2026-05-07 01:45:00,81267.14,81272.31,81120.22,81160.42,530,1400,0
2026-05-07 02:00:00,81165.76,81177.55,80906.4,80935.99,711,1400,0
2026-05-07 02:15:00,80939.3,80996.14,80878.97,80910.13,622,1400,0
2026-05-07 02:30:00,80909.94,81052.26,80884.73,80963.4,573,1400,0
2026-05-07 02:45:00,80963.51,81155.88,80960.15,81116.2,538,1400,0
2026-05-07 03:00:00,81114.8,81114.8,81004.05,81013.42,436,1400,0
2026-05-07 03:15:00,81018.16,81068.51,80852.63,80971.36,495,1400,0
2026-05-07 03:30:00,80971.27,81012.84,80896.34,80984.96,411,1400,0
2026-05-07 03:45:00,80985.74,81019.28,80820.7,80842.46,459,1400,0
2026-05-07 04:00:00,80845.62,80911.91,80712.07,80862.19,644,1400,0
2026-05-07 04:15:00,80857.74,80988.27,80840.32,80935.69,478,1400,0
2026-05-07 04:30:00,80934.19,80979.65,80846.03,80874.21,362,1400,0
2026-05-07 04:45:00,80876.55,80989.04,80876.55,80976.14,368,1400,0
2026-05-07 05:00:00,80977.0,81170.53,80955.86,81111.28,571,1400,0
2026-05-07 05:15:00,81107.71,81159.24,81040.63,81096.3,406,1400,0
2026-05-07 05:30:00,81097.78,81152.37,81025.33,81080.77,382,1400,0
2026-05-07 05:45:00,81074.87,81081.98,80983.45,81079.11,336,1400,0
2026-05-07 06:00:00,81081.21,81083.4,80873.88,80896.35,490,1400,0
2026-05-07 06:15:00,80887.77,81026.24,80883.43,81022.11,451,1400,0
2026-05-07 06:30:00,81023.14,81379.06,81014.62,81363.38,819,1400,0
2026-05-07 06:45:00,81370.16,81439.81,81279.42,81432.41,508,1400,0
2026-05-07 07:00:00,81435.06,81660.69,81379.99,81645.88,784,1400,0
2026-05-07 07:15:00,81646.75,81713.44,81544.04,81555.39,642,1400,0
2026-05-07 07:30:00,81565.21,81703.59,81532.23,81576.48,537,1400,0
2026-05-07 07:45:00,81583.83,81597.85,81455.74,81515.64,543,1400,0
2026-05-07 08:00:00,81515.74,81596.01,81440.08,81492.67,617,1400,0
2026-05-07 08:15:00,81491.54,81500.77,81315.17,81408.82,667,1400,0
2026-05-07 08:30:00,81406.33,81482.06,81222.9,81245.55,634,1400,0
2026-05-07 08:45:00,81248.2,81310.67,81188.86,81220.16,497,1400,0
2026-05-07 09:00:00,81217.64,81223.44,81098.31,81175.38,459,1400,0
2026-05-07 09:15:00,81174.95,81215.88,80965.33,81030.97,578,1400,0
2026-05-07 09:30:00,81033.0,81100.51,80829.97,80885.14,794,1400,0
2026-05-07 09:45:00,80885.1,80963.4,80869.48,80918.33,469,1400,0
2026-05-07 10:00:00,80918.59,81002.15,80803.87,80869.44,490,1400,0
2026-05-07 10:15:00,80869.14,80934.62,80547.37,80614.95,674,1400,0
2026-05-07 10:30:00,80615.12,80874.27,80600.31,80862.35,696,1400,0
2026-05-07 10:45:00,80867.39,80904.31,80792.6,80829.44,433,1400,0
2026-05-07 11:00:00,80832.56,81048.55,80818.64,80928.36,632,1400,0
2026-05-07 11:15:00,80926.47,80990.2,80839.27,80875.19,425,1400,0
2026-05-07 11:30:00,80873.29,80998.03,80873.29,80959.33,399,1400,0
2026-05-07 11:45:00,80957.06,80966.1,80767.15,80861.43,502,1400,0
2026-05-07 12:00:00,80857.67,81093.77,80819.07,81071.54,684,1400,0
2026-05-07 12:15:00,81078.23,81094.51,80959.26,81045.07,626,1400,0
2026-05-07 12:30:00,81043.37,81082.29,80982.97,81062.87,531,1400,0
2026-05-07 12:45:00,81065.01,81200.38,80992.75,81149.06,583,1400,0
2026-05-07 13:00:00,81148.38,81158.44,80887.23,80935.33,636,1400,0
2026-05-07 13:15:00,80934.27,81149.43,80858.05,80954.85,725,1400,0
2026-05-07 13:30:00,80957.38,80969.45,80539.54,80545.07,1826,1400,0
2026-05-07 13:45:00,80558.04,80639.86,80227.97,80480.22,2199,1400,0
2026-05-07 14:00:00,80480.36,80687.87,80349.2,80646.43,1454,1400,0
2026-05-07 14:15:00,80644.34,80685.73,80380.18,80406.88,1208,1400,0
2026-05-07 14:30:00,80407.82,80445.42,80034.31,80136.18,1852,1400,0
2026-05-07 14:45:00,80138.97,80300.15,80101.16,80156.08,961,1400,0
2026-05-07 15:00:00,80163.88,80264.05,80043.44,80143.7,1062,1400,0
2026-05-07 15:15:00,80141.06,80206.17,79643.66,79845.23,1785,1400,0
2026-05-07 15:30:00,79845.92,80045.7,79774.34,79969.22,1082,1400,0
2026-05-07 15:45:00,79968.39,80064.41,79836.99,79895.2,800,1400,0
2026-05-07 16:00:00,79898.06,79946.89,79687.13,79821.7,1167,1400,0
2026-05-07 16:15:00,79815.14,79999.37,79686.16,79974.22,1103,1400,0
2026-05-07 16:30:00,79981.28,80007.45,79740.28,79882.96,802,1400,0
2026-05-07 16:45:00,79885.7,79940.6,79729.79,79778.17,765,1400,0
2026-05-07 17:00:00,79790.52,79919.7,79755.1,79875.05,736,1400,0
2026-05-07 17:15:00,79864.97,79928.84,79476.9,79686.24,1454,1400,0
2026-05-07 17:30:00,79686.46,79908.68,79634.96,79855.97,1150,1400,0
2026-05-07 17:45:00,79856.12,80127.44,79821.0,80092.15,935,1400,0
2026-05-07 18:00:00,80088.35,80222.36,80064.25,80142.62,982,1400,0
2026-05-07 18:15:00,80143.92,80205.17,80118.53,80120.25,549,1400,0
2026-05-07 18:30:00,80118.45,80250.78,80054.18,80127.7,792,1400,0
2026-05-07 18:45:00,80127.45,80282.08,79993.5,80203.8,879,1400,0
2026-05-07 19:00:00,80200.37,80200.46,80048.18,80154.27,602,1400,0
2026-05-07 19:15:00,80153.28,80185.18,79914.2,79950.08,749,1400,0
2026-05-07 19:30:00,79950.72,80164.78,79950.72,80119.88,490,1400,0
2026-05-07 19:45:00,80125.08,80213.05,79992.06,80135.07,768,1400,0
2026-05-07 20:00:00,80137.36,80373.59,80126.56,80129.87,707,1400,0
2026-05-07 20:15:00,80131.45,80185.71,80073.94,80165.18,349,1400,0
2026-05-07 20:30:00,80161.33,80161.33,79880.63,79967.63,676,1400,0
2026-05-07 20:45:00,79967.35,80007.12,79835.07,79871.14,359,1400,0
2026-05-07 21:00:00,79870.58,79898.34,79614.97,79764.64,571,1400,0
2026-05-07 21:15:00,79764.74,79912.28,79704.03,79906.65,393,1400,0
2026-05-07 21:30:00,79907.0,79923.18,79759.67,79759.67,414,1400,0
2026-05-07 21:45:00,79759.23,79849.58,79699.11,79721.56,478,1400,0
2026-05-07 22:00:00,79715.54,79840.51,79564.57,79796.19,973,1400,0
2026-05-07 22:15:00,79797.03,79976.54,79796.85,79880.23,586,1400,0
2026-05-07 22:30:00,79879.63,79943.07,79727.99,79823.72,618,1400,0
2026-05-07 22:45:00,79820.13,79943.48,79805.53,79893.91,400,1400,0
2026-05-07 23:00:00,79878.33,80007.13,79866.95,79940.05,498,1400,0
2026-05-07 23:15:00,79942.87,79989.24,79850.05,79929.52,408,1400,0
2026-05-07 23:30:00,79935.97,80018.01,79898.23,80007.41,365,1400,0
2026-05-07 23:45:00,80008.85,80065.24,79986.0,80009.88,360,1400,0
2026-05-08 00:00:00,80009.79,80102.65,79992.14,80074.91,517,1400,0
2026-05-08 00:15:00,80074.48,80146.93,79960.19,80005.79,532,1400,0
2026-05-08 00:30:00,80007.29,80030.66,79885.05,79907.76,473,1400,0
2026-05-08 00:45:00,79907.67,79907.67,79706.33,79824.82,536,1400,0
2026-05-08 01:00:00,79827.46,79891.79,79684.5,79692.54,551,1400,0
2026-05-08 01:15:00,79689.97,79757.25,79591.94,79723.57,766,1400,0
2026-05-08 01:30:00,79724.9,79819.76,79678.99,79767.75,465,1400,0
2026-05-08 01:45:00,79762.61,79821.78,79708.39,79730.81,465,1400,0
2026-05-08 02:00:00,79729.7,79751.72,79478.33,79601.12,869,1400,0
2026-05-08 02:15:00,79600.36,79620.11,79309.5,79473.69,987,1400,0
2026-05-08 02:30:00,79473.5,79662.77,79425.34,79519.59,769,1400,0
2026-05-08 02:45:00,79519.96,79614.76,79421.93,79467.99,544,1400,0
2026-05-08 03:00:00,79465.55,79481.33,79158.14,79459.4,1179,1400,0
2026-05-08 03:15:00,79461.16,79613.85,79461.16,79573.41,593,1400,0
2026-05-08 03:30:00,79573.18,79641.82,79561.19,79625.78,499,1400,0
2026-05-08 03:45:00,79622.82,79665.27,79544.67,79568.26,444,1400,0
2026-05-08 04:00:00,79560.52,79713.48,79552.61,79704.4,496,1400,0
2026-05-08 04:15:00,79702.02,79746.39,79640.13,79719.42,485,1400,0
2026-05-08 04:30:00,79717.6,79725.2,79537.81,79575.84,586,1400,0
2026-05-08 04:45:00,79572.86,79674.85,79572.86,79646.82,448,1400,0
2026-05-08 05:00:00,79644.08,79675.73,79581.88,79617.23,379,1400,0
2026-05-08 05:15:00,79619.9,79660.54,79580.87,79611.17,379,1400,0
2026-05-08 05:30:00,79611.54,79743.41,79611.54,79728.99,492,1400,0
2026-05-08 05:45:00,79730.58,79774.75,79585.31,79585.31,473,1400,0
2026-05-08 06:00:00,79591.52,79621.75,79428.51,79583.77,627,1400,0
2026-05-08 06:15:00,79583.12,79648.6,79532.9,79562.43,518,1400,0
2026-05-08 06:30:00,79562.42,79597.78,79444.9,79535.53,821,1400,0
2026-05-08 06:45:00,79537.28,79558.65,79469.43,79504.49,476,1400,0
2026-05-08 07:00:00,79502.09,79502.09,79281.11,79318.26,720,1400,0
2026-05-08 07:15:00,79316.5,79383.77,79227.82,79336.85,735,1400,0
2026-05-08 07:30:00,79337.24,79592.7,79337.24,79565.17,617,1400,0
2026-05-08 07:45:00,79561.96,79717.79,79539.54,79658.38,539,1400,0
2026-05-08 08:00:00,79661.87,79735.35,79647.5,79722.2,641,1400,0
2026-05-08 08:15:00,79723.76,79773.8,79679.09,79744.35,573,1400,0
2026-05-08 08:30:00,79741.94,79877.1,79724.05,79864.35,492,1400,0
2026-05-08 08:45:00,79870.67,79983.48,79858.68,79873.67,561,1400,0
2026-05-08 09:00:00,79873.37,79996.92,79813.47,79952.69,482,1400,0
2026-05-08 09:15:00,79953.76,80058.25,79879.01,79903.56,547,1400,0
2026-05-08 09:30:00,79898.6,79932.38,79820.2,79846.64,414,1400,0
2026-05-08 09:45:00,79847.97,79890.14,79772.41,79849.69,489,1400,0
2026-05-08 10:00:00,79851.15,80012.72,79755.67,79793.99,632,1400,0
2026-05-08 10:15:00,79795.43,79922.46,79791.18,79886.86,475,1400,0
2026-05-08 10:30:00,79886.76,80168.92,79879.68,80144.5,627,1400,0
2026-05-08 10:45:00,80145.1,80272.67,80106.54,80203.3,730,1400,0
2026-05-08 11:00:00,80204.54,80332.64,80177.13,80217.07,765,1400,0
2026-05-08 11:15:00,80216.99,80316.94,80168.32,80290.41,520,1400,0
2026-05-08 11:30:00,80289.8,80322.77,80114.69,80131.86,509,1400,0
2026-05-08 11:45:00,80132.66,80273.94,80132.66,80219.29,454,1400,0
2026-05-08 12:00:00,80227.86,80306.42,80121.35,80259.34,612,1400,0
2026-05-08 12:15:00,80258.75,80323.65,80231.16,80307.68,520,1400,0
2026-05-08 12:30:00,80313.77,80512.21,80158.39,80208.59,1072,1400,0
2026-05-08 12:45:00,80207.21,80210.83,79950.65,80018.15,834,1400,0
2026-05-08 13:00:00,80023.82,80092.74,79638.74,79683.73,1035,1400,0
2026-05-08 13:15:00,79687.68,79810.51,79573.46,79600.48,811,1400,0
2026-05-08 13:30:00,79593.87,79824.64,79543.63,79587.17,1405,1400,0
2026-05-08 13:45:00,79578.96,79666.35,79515.39,79627.11,938,1400,0
2026-05-08 14:00:00,79634.52,79978.02,79624.54,79916.05,1410,1400,0
2026-05-08 14:15:00,79913.7,80439.23,79871.61,80060.77,1791,1400,0
2026-05-08 14:30:00,80049.77,80266.51,79769.66,80204.42,1590,1400,0
2026-05-08 14:45:00,80202.93,80287.58,80063.61,80134.13,892,1400,0
2026-05-08 15:00:00,80129.21,80190.39,79841.18,79882.93,1069,1400,0
2026-05-08 15:15:00,79880.43,79900.59,79605.29,79694.79,1213,1400,0
2026-05-08 15:30:00,79701.36,80017.94,79589.99,79935.37,990,1400,0
2026-05-08 15:45:00,79932.69,80172.8,79922.53,80123.16,888,1400,0
2026-05-08 16:00:00,80128.06,80177.87,79926.99,79926.99,975,1400,0
2026-05-08 16:15:00,79934.54,80027.69,79881.68,79911.33,615,1400,0
2026-05-08 16:30:00,79909.62,79929.26,79716.97,79762.5,764,1400,0
2026-05-08 16:45:00,79761.81,79861.49,79740.52,79775.97,599,1400,0
2026-05-08 17:00:00,79778.97,79937.0,79702.9,79841.02,726,1400,0
2026-05-08 17:15:00,79845.0,80029.25,79819.04,79979.12,655,1400,0
2026-05-08 17:30:00,79984.41,80254.49,79984.41,80110.4,1118,1400,0
2026-05-08 17:45:00,80114.67,80247.5,79963.32,80060.39,832,1400,0
2026-05-08 18:00:00,80061.82,80265.93,80056.11,80189.79,922,1400,0
2026-05-08 18:15:00,80197.09,80294.27,80150.15,80224.15,733,1400,0
2026-05-08 18:30:00,80222.89,80279.24,80089.51,80133.07,577,1400,0
2026-05-08 18:45:00,80133.68,80249.29,80049.31,80073.87,572,1400,0
2026-05-08 19:00:00,80071.4,80081.96,79930.06,80054.86,548,1400,0
2026-05-08 19:15:00,80056.71,80130.06,79982.17,80019.19,495,1400,0
2026-05-08 19:30:00,80019.81,80118.8,79997.37,80096.98,505,1400,0
2026-05-08 19:45:00,80100.18,80179.82,80048.12,80162.88,552,1400,0
2026-05-08 20:00:00,80165.51,80224.68,80127.38,80219.6,478,1400,0
2026-05-08 20:15:00,80218.7,80295.53,80166.09,80256.7,429,1400,0
2026-05-08 20:30:00,80257.21,80260.98,80142.82,80234.35,473,1400,0
2026-05-08 20:45:00,80237.7,80271.11,80065.9,80125.52,376,1400,0
2026-05-08 21:00:00,80121.35,80180.49,80097.1,80143.45,374,1400,0
2026-05-08 21:15:00,80142.77,80233.12,80142.23,80188.97,340,1400,0
2026-05-08 21:30:00,80190.4,80246.77,80147.89,80225.54,407,1400,0
2026-05-08 21:45:00,80222.98,80258.26,80160.36,80242.14,405,1400,0
2026-05-08 22:00:00,80238.7,80395.5,80215.31,80373.21,506,1400,0
2026-05-08 22:15:00,80376.2,80412.64,80279.95,80337.72,414,1400,0
2026-05-08 22:30:00,80336.13,80366.84,80284.55,80318.35,393,1400,0
2026-05-08 22:45:00,80317.58,80348.18,80257.19,80267.21,285,1400,0
2026-05-08 23:00:00,80265.66,80293.59,80200.26,80205.42,292,1400,0
2026-05-08 23:15:00,80205.51,80241.6,80134.82,80175.43,322,1400,0
2026-05-08 23:30:00,80177.67,80189.9,80100.01,80120.88,370,1400,0
2026-05-08 23:45:00,80120.99,80198.3,80120.99,80187.85,331,1400,0
2026-05-09 00:00:00,80189.73,80208.82,80113.12,80163.14,368,1400,0
2026-05-09 00:15:00,80155.76,80203.65,80118.48,80153.3,361,1400,0
2026-05-09 00:30:00,80151.2,80216.23,80151.2,80193.4,319,1400,0
2026-05-09 00:45:00,80196.6,80236.51,80181.39,80228.54,336,1400,0
2026-05-09 01:00:00,80225.08,80315.14,80204.64,80313.31,310,1400,0
2026-05-09 01:15:00,80313.72,80343.68,80232.79,80259.47,367,1400,0
2026-05-09 01:30:00,80259.55,80403.62,80252.9,80377.0,441,1400,0
2026-05-09 01:45:00,80370.45,80445.72,80312.18,80321.47,462,1400,0
2026-05-09 02:00:00,80330.11,80466.15,80309.43,80431.95,450,1400,0
2026-05-09 02:15:00,80428.96,80457.34,80379.61,80427.78,371,1400,0
2026-05-09 02:30:00,80425.67,80483.09,80363.64,80390.33,411,1400,0
2026-05-09 02:45:00,80392.55,80439.58,80356.66,80416.43,312,1400,0
2026-05-09 03:00:00,80418.57,80475.79,80358.89,80439.08,322,1400,0
2026-05-09 03:15:00,80441.06,80563.99,80389.23,80431.16,482,1400,0
2026-05-09 03:30:00,80429.89,80429.89,80300.7,80345.53,340,1400,0
2026-05-09 03:45:00,80345.41,80398.33,80330.76,80384.79,299,1400,0
2026-05-09 04:00:00,80383.79,80676.18,80383.79,80562.73,628,1400,0
2026-05-09 04:15:00,80558.4,80558.4,80439.55,80466.69,374,1400,0
2026-05-09 04:30:00,80469.55,80475.63,80391.9,80396.91,320,1400,0
2026-05-09 04:45:00,80396.99,80469.86,80363.76,80374.99,371,1400,0
2026-05-09 05:00:00,80380.87,80411.24,80342.98,80368.91,341,1400,0
2026-05-09 05:15:00,80368.83,80458.84,80351.17,80429.08,327,1400,0
2026-05-09 05:30:00,80427.81,80483.01,80406.31,80465.88,331,1400,0
2026-05-09 05:45:00,80461.6,80465.52,80362.68,80379.73,293,1400,0
2026-05-09 06:00:00,80374.71,80429.67,80362.79,80407.61,334,1400,0
2026-05-09 06:15:00,80408.32,80408.32,80290.75,80315.71,333,1400,0
2026-05-09 06:30:00,80303.88,80352.35,80189.12,80203.32,481,1400,0
2026-05-09 06:45:00,80205.14,80266.55,80185.13,80248.12,359,1400,0
2026-05-09 07:00:00,80254.44,80261.79,80108.15,80172.49,334,1400,0
2026-05-09 07:15:00,80183.66,80299.56,80179.5,80235.46,307,1400,0
2026-05-09 07:30:00,80237.0,80274.35,80178.42,80231.25,315,1400,0
2026-05-09 07:45:00,80233.35,80236.62,80158.29,80215.89,296,1400,0
2026-05-09 08:00:00,80215.26,80395.23,80196.59,80384.52,460,1400,0
2026-05-09 08:15:00,80386.77,80411.17,80357.17,80388.89,284,1400,0
2026-05-09 08:30:00,80388.66,80434.08,80374.7,80407.28,386,1400,0
2026-05-09 08:45:00,80408.51,80426.76,80379.67,80405.04,283,1400,0
2026-05-09 09:00:00,80394.73,80406.1,80314.38,80326.69,237,1400,0
2026-05-09 09:15:00,80330.44,80330.44,80210.62,80254.31,406,1400,0
2026-05-09 09:30:00,80253.08,80276.82,80222.08,80231.19,307,1400,0
2026-05-09 09:45:00,80231.63,80250.33,80190.83,80226.43,304,1400,0
2026-05-09 10:00:00,80222.99,80238.21,80149.78,80204.7,382,1400,0
2026-05-09 10:15:00,80208.9,80251.41,80180.88,80197.22,321,1400,0
2026-05-09 10:30:00,80197.15,80337.79,80197.15,80309.2,301,1400,0
2026-05-09 10:45:00,80305.86,80306.64,80238.75,80255.59,224,1400,0
2026-05-09 11:00:00,80255.45,80333.23,80235.34,80304.48,264,1400,0
2026-05-09 11:15:00,80304.82,80373.69,80295.22,80330.42,268,1400,0
2026-05-09 11:30:00,80330.43,80342.19,80318.14,80335.61,167,1400,0
2026-05-09 11:45:00,80336.51,80356.97,80315.86,80332.39,232,1400,0
2026-05-09 12:00:00,80330.83,80372.85,80287.36,80287.93,246,1400,0
2026-05-09 12:15:00,80290.68,80418.13,80255.31,80395.65,350,1400,0
2026-05-09 12:30:00,80399.63,80399.63,80314.22,80342.79,272,1400,0
2026-05-09 12:45:00,80346.71,80402.37,80329.84,80386.83,267,1400,0
2026-05-09 13:00:00,80386.74,80410.4,80357.49,80405.39,292,1400,0
2026-05-09 13:15:00,80409.86,80413.71,80332.59,80344.25,307,1400,0
2026-05-09 13:30:00,80344.35,80380.95,80304.11,80335.51,295,1400,0
2026-05-09 13:45:00,80331.54,80393.06,80325.09,80383.14,224,1400,0
2026-05-09 14:00:00,80389.56,80433.67,80337.48,80383.52,332,1400,0
2026-05-09 14:15:00,80379.02,80388.37,80239.68,80311.39,488,1400,0
2026-05-09 14:30:00,80307.97,80343.23,80242.43,80321.82,416,1400,0
2026-05-09 14:45:00,80316.79,80365.67,80246.82,80321.5,359,1400,0
2026-05-09 15:00:00,80317.84,80349.32,80223.33,80290.8,359,1400,0
2026-05-09 15:15:00,80296.58,80405.84,80290.46,80398.94,307,1400,0
2026-05-09 15:30:00,80403.44,80597.85,80399.0,80474.05,506,1400,0
2026-05-09 15:45:00,80472.79,80566.88,80466.27,80515.97,334,1400,0
2026-05-09 16:00:00,80521.29,80622.78,80468.19,80566.77,483,1400,0
2026-05-09 16:15:00,80564.11,80796.45,80564.03,80647.71,721,1400,0
2026-05-09 16:30:00,80641.94,80651.71,80576.32,80627.51,430,1400,0
2026-05-09 16:45:00,80634.08,80644.13,80580.32,80617.87,381,1400,0
2026-05-09 17:00:00,80618.56,80827.2,80604.53,80734.98,684,1400,0
2026-05-09 17:15:00,80734.84,80831.52,80677.11,80800.36,455,1400,0
2026-05-09 17:30:00,80804.0,80925.4,80804.0,80808.6,514,1400,0
2026-05-09 17:45:00,80810.56,80834.53,80707.63,80800.49,334,1400,0
2026-05-09 18:00:00,80800.22,80863.42,80766.82,80810.1,316,1400,0
2026-05-09 18:15:00,80813.28,81048.08,80789.21,81016.66,564,1400,0
2026-05-09 18:30:00,81018.8,81076.22,80867.82,80888.32,524,1400,0
2026-05-09 18:45:00,80889.03,80921.7,80852.13,80894.42,286,1400,0
2026-05-09 19:00:00,80895.51,80928.95,80846.59,80879.85,323,1400,0
2026-05-09 19:15:00,80874.66,80910.99,80767.29,80820.77,354,1400,0
2026-05-09 19:30:00,80813.37,80840.64,80774.44,80822.59,323,1400,0
2026-05-09 19:45:00,80830.23,80952.09,80802.56,80920.93,361,1400,0
2026-05-09 20:00:00,80922.06,80935.23,80812.93,80824.11,340,1400,0
2026-05-09 20:15:00,80820.51,80839.58,80752.52,80780.89,346,1400,0
2026-05-09 20:30:00,80781.38,80812.35,80714.94,80785.64,339,1400,0
2026-05-09 20:45:00,80788.73,80821.07,80765.72,80795.86,229,1400,0
2026-05-09 21:00:00,80793.63,80886.51,80786.33,80835.66,326,1400,0
2026-05-09 21:15:00,80835.76,80861.92,80767.13,80806.34,270,1400,0
2026-05-09 21:30:00,80804.41,80811.09,80721.73,80733.89,233,1400,0
2026-05-09 21:45:00,80735.32,80809.84,80718.64,80770.21,335,1400,0
2026-05-09 22:00:00,80772.77,80790.58,80712.84,80737.95,344,1400,0
2026-05-09 22:15:00,80742.07,80782.62,80730.65,80747.57,254,1400,0
2026-05-09 22:30:00,80747.01,80820.36,80653.39,80793.4,375,1400,0
2026-05-09 22:45:00,80792.65,80809.56,80722.96,80759.91,262,1400,0
2026-05-09 23:00:00,80751.71,80839.51,80680.41,80719.05,355,1400,0
2026-05-09 23:15:00,80722.71,80722.72,80634.71,80653.12,290,1400,0
2026-05-09 23:30:00,80653.22,80685.55,80600.78,80645.7,335,1400,0
2026-05-09 23:45:00,80645.85,80689.46,80623.84,80655.42,280,1400,0
2026-05-10 00:00:00,80650.96,80713.07,80603.3,80677.13,425,1400,0
2026-05-10 00:15:00,80677.73,80750.06,80668.66,80692.35,382,1400,0
2026-05-10 00:30:00,80692.0,80746.56,80633.37,80704.33,367,1400,0
2026-05-10 00:45:00,80706.69,80726.73,80607.63,80660.43,335,1400,0
2026-05-10 01:00:00,80656.86,80656.86,80549.18,80616.43,343,1400,0
2026-05-10 01:15:00,80613.84,80643.05,80551.73,80585.12,358,1400,0
2026-05-10 01:30:00,80585.04,80628.86,80541.21,80607.8,306,1400,0
2026-05-10 01:45:00,80602.43,80674.45,80597.76,80669.94,274,1400,0
2026-05-10 02:00:00,80672.04,80672.04,80585.16,80609.04,345,1400,0
2026-05-10 02:15:00,80606.26,80745.67,80604.05,80714.04,374,1400,0
2026-05-10 02:30:00,80705.9,80772.38,80676.29,80731.48,378,1400,0
2026-05-10 02:45:00,80731.59,80774.87,80699.72,80762.01,343,1400,0
2026-05-10 03:00:00,80762.74,80821.02,80734.99,80765.99,341,1400,0
2026-05-10 03:15:00,80760.46,80770.13,80709.57,80733.57,303,1400,0
2026-05-10 03:30:00,80733.01,80883.76,80684.55,80790.38,435,1400,0
2026-05-10 03:45:00,80781.6,80821.52,80755.82,80755.82,295,1400,0
2026-05-10 04:00:00,80758.8,80789.36,80731.04,80762.67,317,1400,0
2026-05-10 04:15:00,80770.67,80793.93,80736.79,80776.79,350,1400,0
2026-05-10 04:30:00,80787.57,80830.46,80752.29,80752.92,281,1400,0
2026-05-10 04:45:00,80753.0,80774.02,80713.51,80743.21,250,1400,0
2026-05-10 05:00:00,80737.73,80762.44,80704.77,80750.43,342,1400,0
2026-05-10 05:15:00,80750.34,80800.73,80737.5,80751.56,320,1400,0
2026-05-10 05:30:00,80752.55,80784.11,80713.29,80724.16,309,1400,0
2026-05-10 05:45:00,80724.5,80747.59,80654.35,80686.61,318,1400,0
2026-05-10 06:00:00,80686.53,80722.53,80674.47,80700.64,277,1400,0
2026-05-10 06:15:00,80700.53,80715.91,80634.1,80645.19,290,1400,0
2026-05-10 06:30:00,80645.09,80720.36,80634.23,80709.14,341,1400,0
2026-05-10 06:45:00,80702.0,80743.92,80684.87,80726.33,228,1400,0
2026-05-10 07:00:00,80726.12,80787.92,80720.37,80720.37,345,1400,0
2026-05-10 07:15:00,80720.45,80787.87,80700.69,80765.15,337,1400,0
2026-05-10 07:30:00,80774.33,80780.83,80745.74,80770.27,246,1400,0
2026-05-10 07:45:00,80770.15,80783.82,80713.4,80718.07,283,1400,0
2026-05-10 08:00:00,80725.81,80810.76,80697.32,80753.53,326,1400,0
2026-05-10 08:15:00,80751.28,80890.62,80742.8,80849.07,421,1400,0
2026-05-10 08:30:00,80849.12,80893.1,80788.72,80814.46,351,1400,0
2026-05-10 08:45:00,80814.38,80841.78,80799.27,80828.89,307,1400,0
2026-05-10 09:00:00,80824.37,80901.29,80813.19,80830.19,408,1400,0
2026-05-10 09:15:00,80830.2,80857.21,80798.61,80805.51,253,1400,0
2026-05-10 09:30:00,80803.53,80825.22,80736.59,80747.66,240,1400,0
2026-05-10 09:45:00,80747.74,80799.24,80746.92,80799.03,262,1400,0
2026-05-10 10:00:00,80787.74,80825.48,80682.19,80712.72,429,1400,0
2026-05-10 10:15:00,80712.86,80804.77,80665.72,80788.61,349,1400,0
2026-05-10 10:30:00,80788.57,80818.75,80752.87,80786.25,258,1400,0
2026-05-10 10:45:00,80782.9,80873.39,80770.98,80850.34,295,1400,0
2026-05-10 11:00:00,80846.85,80965.06,80846.85,80899.09,415,1400,0
2026-05-10 11:15:00,80894.17,80921.98,80736.86,80784.07,425,1400,0
2026-05-10 11:30:00,80772.43,80833.87,80767.26,80818.65,328,1400,0
2026-05-10 11:45:00,80818.64,80850.16,80793.14,80812.98,292,1400,0
2026-05-10 12:00:00,80811.43,80852.74,80773.75,80839.81,410,1400,0
2026-05-10 12:15:00,80839.9,80914.84,80821.71,80911.62,417,1400,0
2026-05-10 12:30:00,80909.24,80920.9,80859.09,80913.68,376,1400,0
2026-05-10 12:45:00,80913.58,80948.39,80883.81,80912.5,353,1400,0
2026-05-10 13:00:00,80911.64,80937.79,80859.05,80915.69,422,1400,0
2026-05-10 13:15:00,80907.12,81004.77,80892.81,80962.51,444,1400,0
2026-05-10 13:30:00,80963.9,80992.01,80917.02,80971.22,394,1400,0
2026-05-10 13:45:00,80972.14,80972.14,80929.2,80952.4,355,1400,0
2026-05-10 14:00:00,80948.23,80984.59,80906.74,80922.93,412,1400,0
2026-05-10 14:15:00,80924.59,80931.14,80869.25,80910.85,303,1400,0
2026-05-10 14:30:00,80908.44,80976.22,80871.09,80897.17,405,1400,0
2026-05-10 14:45:00,80897.05,81009.18,80803.35,80971.59,529,1400,0
2026-05-10 15:00:00,80971.41,81122.43,80923.29,81018.73,650,1400,0
2026-05-10 15:15:00,81018.8,81021.24,80951.97,80951.97,370,1400,0
2026-05-10 15:30:00,80955.65,81209.07,80936.27,81127.65,680,1400,0
2026-05-10 15:45:00,81128.35,81440.45,81103.22,81391.83,968,1400,0
2026-05-10 16:00:00,81395.64,81494.8,81335.63,81458.39,669,1400,0
2026-05-10 16:15:00,81462.74,81469.85,81232.47,81254.44,650,1400,0
2026-05-10 16:30:00,81256.52,81311.43,81173.14,81244.29,556,1400,0
2026-05-10 16:45:00,81245.87,81367.65,81199.76,81349.68,445,1400,0
2026-05-10 17:00:00,81349.6,81428.92,81206.72,81324.85,562,1400,0
2026-05-10 17:15:00,81314.18,81407.07,81269.02,81365.46,550,1400,0
2026-05-10 17:30:00,81364.18,81401.24,81268.26,81364.6,460,1400,0
2026-05-10 17:45:00,81365.77,81587.37,81321.29,81465.0,614,1400,0
2026-05-10 18:00:00,81463.58,81486.17,81381.41,81437.57,471,1400,0
2026-05-10 18:15:00,81437.47,81443.85,81313.14,81356.59,410,1400,0
2026-05-10 18:30:00,81355.68,81401.71,81228.7,81247.13,423,1400,0
2026-05-10 18:45:00,81247.04,81286.43,81211.41,81261.59,320,1400,0
2026-05-10 19:00:00,81261.7,81375.9,81135.2,81336.29,501,1400,0
2026-05-10 19:15:00,81341.44,81477.15,81330.66,81465.2,393,1400,0
2026-05-10 19:30:00,81465.11,81465.11,81366.45,81414.41,285,1400,0
2026-05-10 19:45:00,81423.59,81426.76,81309.96,81420.63,374,1400,0
2026-05-10 20:00:00,81421.05,81448.87,81151.3,81172.28,548,1400,0
2026-05-10 20:15:00,81172.18,81217.32,81025.17,81126.05,745,1400,0
2026-05-10 20:30:00,81129.64,81129.91,80778.22,80787.17,1030,1400,0
2026-05-10 20:45:00,80788.92,80801.78,80256.04,80711.16,2294,1400,0
2026-05-10 21:00:00,80709.88,80937.88,80553.91,80649.68,1124,1400,0
2026-05-10 21:15:00,80648.78,80888.59,80633.88,80822.48,712,1400,0
2026-05-10 21:30:00,80822.38,80921.04,80749.45,80821.98,659,1400,0
2026-05-10 21:45:00,80820.92,80912.97,80693.8,80703.53,602,1400,0
2026-05-10 22:00:00,80702.56,81425.23,80638.51,81305.75,2153,1400,0
2026-05-10 22:15:00,81306.61,81727.73,81194.09,81479.8,1403,1400,0
2026-05-10 22:30:00,81485.87,82120.16,81436.59,81872.08,2312,1400,0
2026-05-10 22:45:00,81885.28,82166.78,81806.43,82044.78,1439,1400,0
2026-05-10 23:00:00,82044.31,82432.51,82041.62,82379.9,2089,1400,0
2026-05-10 23:15:00,82382.24,82472.3,82185.29,82215.75,1180,1400,0
2026-05-10 23:30:00,82216.51,82402.1,82173.26,82364.11,881,1400,0
2026-05-10 23:45:00,82365.4,82396.91,82053.53,82198.21,778,1400,0
2026-05-11 00:00:00,82193.39,82373.49,81848.63,81863.19,1120,1400,0
2026-05-11 00:15:00,81859.01,81867.69,81381.36,81664.99,1649,1400,0
2026-05-11 00:30:00,81664.5,81821.36,81478.9,81573.86,906,1400,0
2026-05-11 00:45:00,81564.97,81637.06,81255.57,81447.73,1411,1400,0
2026-05-11 01:00:00,81450.5,81578.2,81266.99,81487.21,1306,1400,0
2026-05-11 01:15:00,81494.3,81743.55,81438.01,81607.56,1036,1400,0
2026-05-11 01:30:00,81604.82,81664.24,81425.35,81470.32,874,1400,0
2026-05-11 01:45:00,81468.92,81568.76,81364.48,81484.76,768,1400,0
2026-05-11 02:00:00,81480.26,81552.0,81333.87,81392.16,773,1400,0
2026-05-11 02:15:00,81389.31,81389.31,81111.63,81214.22,1001,1400,0
2026-05-11 02:30:00,81210.65,81261.87,81088.22,81195.17,847,1400,0
2026-05-11 02:45:00,81196.98,81245.09,81136.66,81155.0,574,1400,0
2026-05-11 03:00:00,81160.45,81176.19,80586.74,80598.44,1324,1400,0
2026-05-11 03:15:00,80606.51,80711.32,80537.65,80576.03,1147,1400,0
2026-05-11 03:30:00,80570.17,80722.12,80487.11,80702.14,802,1400,0
2026-05-11 03:45:00,80707.0,80754.3,80655.09,80714.21,441,1400,0
2026-05-11 04:00:00,80715.88,80757.03,80615.33,80638.37,569,1400,0
2026-05-11 04:15:00,80645.37,80777.26,80640.03,80736.99,510,1400,0
2026-05-11 04:30:00,80734.92,80810.9,80684.18,80809.95,488,1400,0
2026-05-11 04:45:00,80809.7,80863.45,80702.72,80799.83,453,1400,0
2026-05-11 05:00:00,80800.19,80879.75,80787.13,80821.72,406,1400,0
2026-05-11 05:15:00,80819.19,80946.76,80819.19,80938.22,485,1400,0
2026-05-11 05:30:00,80939.63,80965.79,80751.97,80763.62,444,1400,0
2026-05-11 05:45:00,80765.64,80844.1,80728.93,80826.82,456,1400,0
2026-05-11 06:00:00,80826.72,80971.66,80764.08,80895.3,503,1400,0
2026-05-11 06:15:00,80888.64,81040.18,80800.48,80970.71,444,1400,0
2026-05-11 06:30:00,80967.97,81009.66,80781.75,80815.11,552,1400,0
2026-05-11 06:45:00,80814.67,80861.92,80733.02,80807.25,456,1400,0
2026-05-11 07:00:00,80807.97,80821.28,80674.17,80730.64,485,1400,0
2026-05-11 07:15:00,80726.07,80830.69,80678.82,80724.04,484,1400,0
2026-05-11 07:30:00,80726.57,80755.41,80647.68,80701.06,469,1400,0
2026-05-11 07:45:00,80699.57,80795.08,80692.5,80720.71,501,1400,0
2026-05-11 08:00:00,80711.19,80759.7,80611.74,80734.92,598,1400,0
2026-05-11 08:15:00,80737.95,80780.73,80621.34,80630.33,560,1400,0
2026-05-11 08:30:00,80622.04,80833.0,80593.73,80802.94,521,1400,0
2026-05-11 08:45:00,80801.96,80847.17,80702.45,80744.08,375,1400,0
2026-05-11 09:00:00,80741.01,80910.12,80732.95,80902.92,434,1400,0
2026-05-11 09:15:00,80901.96,80940.8,80869.47,80896.14,390,1400,0
2026-05-11 09:30:00,80892.24,80934.34,80825.42,80901.22,411,1400,0
2026-05-11 09:45:00,80894.82,80980.55,80872.98,80935.2,471,1400,0
2026-05-11 10:00:00,80941.2,81080.18,80928.55,81000.93,576,1400,0
2026-05-11 10:15:00,81005.68,81181.58,80983.76,81160.73,529,1400,0
2026-05-11 10:30:00,81162.13,81193.07,80959.69,81051.72,541,1400,0
2026-05-11 10:45:00,81047.24,81084.22,80909.31,80929.88,492,1400,0
2026-05-11 11:00:00,80930.76,81005.51,80883.05,80943.03,497,1400,0
2026-05-11 11:15:00,80946.96,81145.78,80945.44,81086.05,538,1400,0
2026-05-11 11:30:00,81091.58,81166.34,81091.58,81128.96,452,1400,0
2026-05-11 11:45:00,81134.84,81201.82,81077.88,81187.23,464,1400,0
2026-05-11 12:00:00,81190.18,81246.07,81044.06,81068.37,608,1400,0
2026-05-11 12:15:00,81071.5,81322.7,81045.16,81290.53,677,1400,0
2026-05-11 12:30:00,81290.22,81347.31,81123.85,81151.65,581,1400,0
2026-05-11 12:45:00,81151.48,81208.56,80999.7,81031.34,624,1400,0
2026-05-11 13:00:00,81044.33,81270.85,81028.54,81247.63,504,1400,0
2026-05-11 13:15:00,81248.83,81312.62,81101.77,81123.67,534,1400,0
2026-05-11 13:30:00,81122.19,81228.18,80722.54,81045.76,1888,1400,0
2026-05-11 13:45:00,81055.87,81090.33,80896.17,81024.7,1124,1400,0
2026-05-11 14:00:00,81025.48,81228.1,81025.48,81108.16,1113,1400,0
2026-05-11 14:15:00,81111.4,81143.62,80701.53,80718.68,972,1400,0
2026-05-11 14:30:00,80713.59,80878.25,80411.75,80764.33,1918,1400,0
2026-05-11 14:45:00,80764.45,80941.25,80669.58,80902.84,1070,1400,0
2026-05-11 15:00:00,80915.94,81062.51,80785.61,80984.47,887,1400,0
2026-05-11 15:15:00,80979.84,81402.7,80905.33,81307.17,1244,1400,0
2026-05-11 15:30:00,81311.09,81404.61,81178.91,81194.09,939,1400,0
2026-05-11 15:45:00,81192.24,81445.37,81165.3,81409.0,778,1400,0
2026-05-11 16:00:00,81426.28,81775.66,81313.98,81769.59,1283,1400,0
2026-05-11 16:15:00,81773.47,81858.64,81648.09,81751.94,1005,1400,0
2026-05-11 16:30:00,81753.85,81905.06,81532.02,81556.75,1282,1400,0
2026-05-11 16:45:00,81554.78,81742.22,81539.89,81541.93,758,1400,0
2026-05-11 17:00:00,81543.3,81621.51,81330.67,81485.39,937,1400,0
2026-05-11 17:15:00,81486.28,81647.92,81472.44,81609.26,750,1400,0
2026-05-11 17:30:00,81611.71,82007.03,81558.41,81955.13,861,1400,0
2026-05-11 17:45:00,81953.45,82054.58,81876.15,81921.52,806,1400,0
2026-05-11 18:00:00,81930.01,82110.66,81887.9,81966.99,735,1400,0
2026-05-11 18:15:00,81966.26,82043.6,81818.96,82016.79,734,1400,0
2026-05-11 18:30:00,82016.85,82131.52,81923.91,81943.85,690,1400,0
2026-05-11 18:45:00,81942.25,82078.83,81805.88,81849.76,674,1400,0
2026-05-11 19:00:00,81848.11,81956.07,81715.67,81905.0,659,1400,0
2026-05-11 19:15:00,81907.24,82075.39,81789.54,81890.88,643,1400,0
2026-05-11 19:30:00,81887.9,82084.95,81820.54,81985.52,506,1400,0
2026-05-11 19:45:00,81978.57,82020.51,81907.74,81946.67,492,1400,0
2026-05-11 20:00:00,81949.73,82068.26,81835.32,81897.65,840,1400,0
2026-05-11 20:15:00,81897.25,81953.97,81834.68,81889.55,463,1400,0
2026-05-11 20:30:00,81891.79,81908.0,81734.67,81804.56,489,1400,0
2026-05-11 20:45:00,81804.7,81909.62,81783.53,81802.35,407,1400,0
2026-05-11 21:00:00,81803.24,81869.03,81651.59,81713.84,510,1400,0
2026-05-11 21:15:00,81703.66,81743.83,81607.51,81607.51,440,1400,0
2026-05-11 21:30:00,81608.65,81761.29,81565.42,81710.07,471,1400,0
2026-05-11 21:45:00,81710.15,81905.22,81639.43,81816.38,449,1400,0
2026-05-11 22:00:00,81815.95,81962.46,81777.42,81815.95,636,1400,0
2026-05-11 22:15:00,81814.98,81920.42,81705.71,81718.25,544,1400,0
2026-05-11 22:30:00,81717.12,81794.72,81709.16,81763.32,414,1400,0
2026-05-11 22:45:00,81772.57,81908.57,81737.28,81808.2,396,1400,0
2026-05-11 23:00:00,81794.85,81794.85,81661.46,81708.77,459,1400,0
2026-05-11 23:15:00,81712.52,81722.8,81561.07,81605.82,366,1400,0
2026-05-11 23:30:00,81596.56,81798.87,81591.01,81758.4,383,1400,0
2026-05-11 23:45:00,81757.84,81778.29,81706.78,81718.03,340,1400,0
2026-05-12 00:00:00,81718.28,81774.99,81587.77,81588.65,579,1400,0
2026-05-12 00:15:00,81580.52,81650.83,81489.8,81550.73,454,1400,0
2026-05-12 00:30:00,81546.25,81631.93,81446.82,81471.49,464,1400,0
2026-05-12 00:45:00,81471.55,81582.48,81471.55,81533.48,349,1400,0
2026-05-12 01:00:00,81521.17,81601.31,81355.21,81375.87,655,1400,0
2026-05-12 01:15:00,81374.54,81451.84,81223.03,81346.6,766,1400,0
2026-05-12 01:30:00,81343.72,81343.72,80677.56,81045.75,1571,1400,0
2026-05-12 01:45:00,81018.93,81303.28,80983.22,81168.39,868,1400,0
2026-05-12 02:00:00,81167.22,81324.19,81129.22,81294.78,659,1400,0
2026-05-12 02:15:00,81293.02,81293.02,81048.65,81230.64,561,1400,0
2026-05-12 02:30:00,81230.73,81258.63,81073.64,81108.57,442,1400,0
2026-05-12 02:45:00,81103.16,81255.99,81103.16,81234.8,424,1400,0
2026-05-12 03:00:00,81233.35,81271.43,81152.43,81205.75,391,1400,0
2026-05-12 03:15:00,81199.29,81222.27,81114.34,81139.63,368,1400,0
2026-05-12 03:30:00,81142.17,81205.96,81124.05,81177.39,404,1400,0
2026-05-12 03:45:00,81172.33,81172.33,80989.59,81033.62,527,1400,0
2026-05-12 04:00:00,81041.97,81064.48,80971.03,80972.92,474,1400,0
2026-05-12 04:15:00,80978.11,81206.16,80973.26,81179.63,513,1400,0
2026-05-12 04:30:00,81184.62,81269.27,81164.12,81218.75,348,1400,0
2026-05-12 04:45:00,81213.22,81280.87,81187.64,81207.4,291,1400,0
2026-05-12 05:00:00,81205.99,81263.8,81170.76,81207.98,337,1400,0
2026-05-12 05:15:00,81209.76,81281.19,81195.74,81255.18,305,1400,0
2026-05-12 05:30:00,81256.33,81293.28,81153.05,81233.39,409,1400,0
2026-05-12 05:45:00,81233.57,81256.49,81188.05,81198.23,261,1400,0
2026-05-12 06:00:00,81199.76,81253.5,81152.47,81226.49,355,1400,0
2026-05-12 06:15:00,81227.83,81283.28,81194.45,81194.45,295,1400,0
2026-05-12 06:30:00,81187.84,81203.41,81048.08,81064.62,444,1400,0
2026-05-12 06:45:00,81064.33,81110.5,80979.43,80999.81,380,1400,0
2026-05-12 07:00:00,80993.43,81085.07,80839.47,81045.07,598,1400,0
2026-05-12 07:15:00,81048.14,81112.63,80865.78,81001.51,541,1400,0
2026-05-12 07:30:00,81003.52,81076.59,80915.66,80919.56,451,1400,0
2026-05-12 07:45:00,80921.17,80961.3,80769.87,80831.47,645,1400,0
2026-05-12 08:00:00,80829.88,80912.16,80757.76,80787.65,609,1400,0
2026-05-12 08:15:00,80782.01,80912.39,80730.1,80833.53,570,1400,0
2026-05-12 08:30:00,80830.24,80936.93,80811.39,80922.73,379,1400,0
2026-05-12 08:45:00,80927.68,80943.42,80800.17,80804.31,355,1400,0
2026-05-12 09:00:00,80812.13,80869.59,80723.86,80744.4,514,1400,0
2026-05-12 09:15:00,80744.32,80780.71,80680.93,80714.07,404,1400,0
2026-05-12 09:30:00,80718.64,80931.76,80710.37,80879.53,630,1400,0
2026-05-12 09:45:00,80879.0,80915.7,80770.72,80803.19,385,1400,0
2026-05-12 10:00:00,80803.04,80815.76,80735.66,80764.34,389,1400,0
2026-05-12 10:15:00,80763.97,80801.59,80633.16,80694.02,398,1400,0
2026-05-12 10:30:00,80690.82,80722.15,80580.68,80660.94,490,1400,0
2026-05-12 10:45:00,80652.62,80681.41,80563.06,80647.01,415,1400,0
2026-05-12 11:00:00,80649.07,80670.05,80489.74,80551.04,681,1400,0
2026-05-12 11:15:00,80550.71,80627.34,80450.12,80606.51,528,1400,0
2026-05-12 11:30:00,80606.58,80711.86,80606.11,80703.32,364,1400,0
2026-05-12 11:45:00,80705.49,80772.81,80671.41,80746.53,336,1400,0
2026-05-12 12:00:00,80751.78,80830.75,80665.36,80789.15,489,1400,0
2026-05-12 12:15:00,80790.0,80823.5,80708.88,80798.75,485,1400,0
2026-05-12 12:30:00,80795.53,80983.01,80581.21,80825.93,1393,1400,0
2026-05-12 12:45:00,80833.44,80953.65,80832.18,80862.77,449,1400,0
2026-05-12 13:00:00,80862.85,80910.19,80765.38,80765.38,510,1400,0
2026-05-12 13:15:00,80770.74,80796.01,80598.87,80641.34,568,1400,0
2026-05-12 13:30:00,80642.78,80802.92,80543.79,80752.0,1214,1400,0
2026-05-12 13:45:00,80750.58,80857.47,80360.92,80435.2,1300,1400,0
2026-05-12 14:00:00,80448.09,80699.95,80361.76,80677.24,1188,1400,0
2026-05-12 14:15:00,80683.48,80824.56,80532.18,80622.07,1029,1400,0
2026-05-12 14:30:00,80618.9,80878.08,80387.09,80764.98,1498,1400,0
2026-05-12 14:45:00,80762.6,80769.76,80448.71,80520.62,1110,1400,0
2026-05-12 15:00:00,80507.53,80644.24,80392.43,80578.38,921,1400,0
2026-05-12 15:15:00,80582.34,80582.34,80143.34,80187.87,1361,1400,0
2026-05-12 15:30:00,80203.52,80445.4,80203.52,80331.17,950,1400,0
2026-05-12 15:45:00,80336.51,80423.32,80247.3,80294.92,774,1400,0
2026-05-12 16:00:00,80298.27,80396.15,80134.19,80340.67,887,1400,0
2026-05-12 16:15:00,80336.79,80376.6,80170.51,80247.04,715,1400,0
2026-05-12 16:30:00,80244.89,80305.83,80175.5,80223.71,688,1400,0
2026-05-12 16:45:00,80232.44,80249.45,79801.71,79976.12,1457,1400,0
2026-05-12 17:00:00,79976.64,80176.22,79907.18,80173.98,785,1400,0
2026-05-12 17:15:00,80175.12,80415.64,80175.12,80383.78,847,1400,0
2026-05-12 17:30:00,80383.96,80497.3,80372.99,80479.15,597,1400,0
2026-05-12 17:45:00,80473.83,80572.44,80428.72,80493.87,523,1400,0
2026-05-12 18:00:00,80495.71,80523.86,80393.07,80504.07,501,1400,0
2026-05-12 18:15:00,80509.25,80542.41,80427.16,80467.47,515,1400,0
2026-05-12 18:30:00,80466.38,80670.41,80452.18,80626.34,526,1400,0
2026-05-12 18:45:00,80633.99,80734.56,80583.54,80639.96,504,1400,0
2026-05-12 19:00:00,80647.66,80806.28,80637.35,80772.87,536,1400,0
2026-05-12 19:15:00,80769.82,80811.94,80680.01,80686.68,437,1400,0
2026-05-12 19:30:00,80679.95,80792.63,80679.95,80729.29,429,1400,0
2026-05-12 19:45:00,80737.53,80850.37,80717.64,80814.44,490,1400,0
2026-05-12 20:00:00,80816.08,80872.48,80720.54,80748.82,425,1400,0
2026-05-12 20:15:00,80746.69,80799.31,80719.73,80796.81,336,1400,0
2026-05-12 20:30:00,80795.35,80795.35,80615.9,80691.84,367,1400,0
2026-05-12 20:45:00,80689.11,80699.06,80606.1,80672.54,344,1400,0
2026-05-12 21:00:00,80673.05,80718.81,80641.76,80661.07,333,1400,0
2026-05-12 21:15:00,80661.03,80713.47,80595.82,80643.53,290,1400,0
2026-05-12 21:30:00,80643.46,80652.02,80510.18,80557.42,406,1400,0
2026-05-12 21:45:00,80558.59,80591.58,80466.49,80566.7,417,1400,0
2026-05-12 22:00:00,80562.66,80781.77,80562.66,80617.67,589,1400,0
2026-05-12 22:15:00,80605.8,80686.88,80583.64,80636.83,378,1400,0
2026-05-12 22:30:00,80637.13,80706.61,80589.7,80644.69,332,1400,0
2026-05-12 22:45:00,80645.71,80708.56,80610.75,80633.44,306,1400,0
2026-05-12 23:00:00,80626.28,80699.81,80544.02,80594.41,417,1400,0
2026-05-12 23:15:00,80596.59,80657.04,80569.11,80645.89,412,1400,0
2026-05-12 23:30:00,80645.89,80650.58,80465.75,80491.42,437,1400,0
2026-05-12 23:45:00,80489.81,80519.34,80408.81,80485.12,440,1400,0
2026-05-13 00:00:00,80483.56,80525.69,80379.95,80442.99,565,1400,0
2026-05-13 00:15:00,80443.53,80735.71,80426.17,80631.57,630,1400,0
2026-05-13 00:30:00,80631.47,80753.85,80606.86,80727.26,473,1400,0
2026-05-13 00:45:00,80728.03,80728.81,80582.39,80690.82,484,1400,0
2026-05-13 01:00:00,80694.15,80983.33,80647.22,80942.47,692,1400,0
2026-05-13 01:15:00,80946.19,81101.71,80842.11,81040.39,771,1400,0
2026-05-13 01:30:00,81038.37,81146.24,81008.53,81090.35,689,1400,0
2026-05-13 01:45:00,81092.4,81181.37,80954.11,80980.18,593,1400,0
2026-05-13 02:00:00,80990.19,81067.82,80906.2,81034.74,516,1400,0
2026-05-13 02:15:00,81036.73,81256.12,81003.01,81114.21,654,1400,0
2026-05-13 02:30:00,81115.12,81126.49,80994.67,81038.77,458,1400,0
2026-05-13 02:45:00,81043.12,81071.23,80990.21,81039.17,330,1400,0
2026-05-13 03:00:00,81040.38,81074.56,80959.66,80993.25,390,1400,0
2026-05-13 03:15:00,80988.63,81091.66,80951.95,81071.49,340,1400,0
2026-05-13 03:30:00,81071.32,81186.94,81038.27,81176.06,444,1400,0
2026-05-13 03:45:00,81176.94,81286.96,81147.24,81241.39,419,1400,0
2026-05-13 04:00:00,81235.68,81249.49,81125.22,81153.8,357,1400,0
2026-05-13 04:15:00,81164.4,81200.82,81089.51,81190.39,364,1400,0
2026-05-13 04:30:00,81192.17,81268.5,81156.89,81167.98,361,1400,0
2026-05-13 04:45:00,81166.14,81228.47,81148.46,81213.09,274,1400,0
2026-05-13 05:00:00,81212.61,81225.27,81138.02,81142.7,336,1400,0
2026-05-13 05:15:00,81140.43,81142.6,81067.08,81113.9,342,1400,0
2026-05-13 05:30:00,81113.91,81133.46,80993.67,81010.33,346,1400,0
2026-05-13 05:45:00,81017.87,81071.57,80968.09,81006.47,316,1400,0
2026-05-13 06:00:00,81002.58,81093.53,80965.4,81091.81,298,1400,0
2026-05-13 06:15:00,81086.54,81141.26,81008.89,81076.21,408,1400,0
2026-05-13 06:30:00,81077.19,81101.12,80997.58,81041.19,297,1400,0
2026-05-13 06:45:00,81039.66,81041.81,80937.36,80954.68,338,1400,0
2026-05-13 07:00:00,80952.16,81011.32,80946.23,80981.16,287,1400,0
2026-05-13 07:15:00,80985.59,81031.41,80867.65,80889.75,368,1400,0
2026-05-13 07:30:00,80893.19,80949.32,80858.29,80933.32,328,1400,0
2026-05-13 07:45:00,80934.47,81009.45,80912.23,80989.1,300,1400,0
2026-05-13 08:00:00,81004.44,81048.53,80934.15,80986.21,341,1400,0
2026-05-13 08:15:00,80988.02,81099.27,80988.02,81005.68,467,1400,0
2026-05-13 08:30:00,81008.22,81151.34,80906.47,81127.78,551,1400,0
2026-05-13 08:45:00,81124.02,81172.62,81093.96,81162.04,356,1400,0
2026-05-13 09:00:00,81164.88,81280.65,81127.42,81203.81,543,1400,0
2026-05-13 09:15:00,81206.2,81226.84,81093.21,81132.98,375,1400,0
2026-05-13 09:30:00,81131.73,81266.17,81127.13,81204.48,380,1400,0
2026-05-13 09:45:00,81202.34,81265.69,81188.4,81254.31,353,1400,0
2026-05-13 10:00:00,81254.22,81265.63,81064.36,81071.29,383,1400,0
2026-05-13 10:15:00,81066.46,81133.93,80929.95,80929.95,416,1400,0
2026-05-13 10:30:00,80934.16,81015.58,80779.08,80829.23,561,1400,0
2026-05-13 10:45:00,80838.06,80865.73,80766.15,80784.18,442,1400,0
2026-05-13 11:00:00,80781.87,80830.92,80538.47,80540.45,825,1400,0
2026-05-13 11:15:00,80542.06,80664.0,80515.34,80546.24,575,1400,0
2026-05-13 11:30:00,80545.41,80661.55,80521.12,80659.39,356,1400,0
2026-05-13 11:45:00,80660.73,80676.3,80457.27,80475.13,443,1400,0
2026-05-13 12:00:00,80474.5,80571.2,80416.92,80503.01,439,1400,0
2026-05-13 12:15:00,80503.11,80540.54,80138.87,80328.45,818,1400,0
2026-05-13 12:30:00,80336.47,80339.51,79811.29,80145.77,2098,1400,0
2026-05-13 12:45:00,80145.46,80256.25,80098.09,80173.71,787,1400,0
2026-05-13 13:00:00,80175.73,80327.43,80160.94,80273.12,538,1400,0
2026-05-13 13:15:00,80268.71,80317.29,80104.53,80110.4,478,1400,0
2026-05-13 13:30:00,80109.01,80186.99,79735.39,79828.33,1748,1400,0
2026-05-13 13:45:00,79827.29,79827.29,79541.71,79613.0,1853,1400,0
2026-05-13 14:00:00,79610.59,79751.79,79433.9,79695.39,1691,1400,0
2026-05-13 14:15:00,79693.64,79872.26,79628.23,79822.28,969,1400,0
2026-05-13 14:30:00,79827.83,79841.21,79674.59,79675.4,766,1400,0
2026-05-13 14:45:00,79670.5,79795.21,79616.93,79736.93,658,1400,0
2026-05-13 15:00:00,79731.82,79829.25,79360.13,79413.39,920,1400,0
2026-05-13 15:15:00,79401.75,79457.61,79199.68,79247.49,1011,1400,0
2026-05-13 15:30:00,79247.29,79316.07,79182.82,79218.27,724,1400,0
2026-05-13 15:45:00,79218.28,79237.6,78753.65,78794.89,1369,1400,0
2026-05-13 16:00:00,78797.18,78985.56,78705.17,78878.46,1456,1400,0
2026-05-13 16:15:00,78874.23,79031.02,78798.36,79007.82,841,1400,0
2026-05-13 16:30:00,79009.25,79140.05,78990.61,79104.97,666,1400,0
2026-05-13 16:45:00,79108.07,79198.34,79034.49,79064.83,589,1400,0
2026-05-13 17:00:00,79064.95,79205.3,79064.95,79204.11,547,1400,0
2026-05-13 17:15:00,79202.05,79349.07,79068.34,79306.1,599,1400,0
2026-05-13 17:30:00,79303.77,79403.98,79281.48,79402.68,372,1400,0
2026-05-13 17:45:00,79404.71,79547.47,79356.16,79478.79,577,1400,0
2026-05-13 18:00:00,79479.09,79593.29,79479.09,79574.25,535,1400,0
2026-05-13 18:15:00,79575.5,79781.29,79519.48,79734.56,569,1400,0
2026-05-13 18:30:00,79736.85,79782.02,79617.34,79617.34,484,1400,0
2026-05-13 18:45:00,79614.14,79657.46,79519.34,79573.8,583,1400,0
2026-05-13 19:00:00,79569.78,79599.72,79437.09,79483.81,637,1400,0
2026-05-13 19:15:00,79483.12,79523.68,79358.02,79460.7,471,1400,0
2026-05-13 19:30:00,79461.89,79578.17,79413.09,79469.32,492,1400,0
2026-05-13 19:45:00,79469.42,79619.56,79445.31,79614.35,473,1400,0
2026-05-13 20:00:00,79616.24,79734.39,79583.44,79618.13,468,1400,0
2026-05-13 20:15:00,79618.24,79697.3,79572.78,79572.86,356,1400,0
2026-05-13 20:30:00,79578.15,79710.88,79573.45,79689.37,352,1400,0
2026-05-13 20:45:00,79690.36,79740.04,79638.79,79677.24,336,1400,0
2026-05-13 21:00:00,79676.8,79681.38,79293.22,79416.69,615,1400,0
2026-05-13 21:15:00,79417.85,79424.47,79347.14,79399.19,421,1400,0
2026-05-13 21:30:00,79398.33,79484.49,79375.17,79442.86,432,1400,0
2026-05-13 21:45:00,79441.19,79494.17,79336.56,79362.31,551,1400,0
2026-05-13 22:00:00,79365.24,79423.48,79180.13,79383.53,750,1400,0
2026-05-13 22:15:00,79381.98,79381.98,79227.29,79291.15,436,1400,0
2026-05-13 22:30:00,79292.76,79379.73,79196.18,79372.64,443,1400,0
2026-05-13 22:45:00,79369.53,79441.94,79359.92,79390.7,446,1400,0
2026-05-13 23:00:00,79389.81,79467.98,79316.16,79340.8,602,1400,0
2026-05-13 23:15:00,79341.39,79407.97,79237.56,79325.02,527,1400,0
2026-05-13 23:30:00,79322.85,79348.57,79205.68,79276.83,493,1400,0
2026-05-13 23:45:00,79276.46,79296.89,79187.47,79292.03,366,1400,0
2026-05-14 00:00:00,79292.79,79502.86,79265.92,79498.78,662,1400,0
2026-05-14 00:15:00,79498.77,79558.71,79403.87,79428.67,595,1400,0
2026-05-14 00:30:00,79435.4,79618.84,79435.4,79615.2,591,1400,0
2026-05-14 00:45:00,79622.89,79664.6,79513.42,79542.63,543,1400,0
2026-05-14 01:00:00,79541.87,79660.07,79507.41,79585.2,561,1400,0
2026-05-14 01:15:00,79584.67,79611.62,79466.04,79522.35,569,1400,0
2026-05-14 01:30:00,79522.53,79561.18,79366.11,79453.39,582,1400,0
2026-05-14 01:45:00,79455.46,79640.57,79399.54,79571.05,606,1400,0
2026-05-14 02:00:00,79575.53,79652.81,79548.82,79549.93,504,1400,0
2026-05-14 02:15:00,79553.65,79634.4,79521.09,79629.96,310,1400,0
2026-05-14 02:30:00,79621.05,79635.07,79513.01,79555.92,375,1400,0
2026-05-14 02:45:00,79554.66,79571.13,79177.83,79325.41,883,1400,0
2026-05-14 03:00:00,79324.63,79431.51,79108.53,79235.75,891,1400,0
2026-05-14 03:15:00,79240.99,79332.62,78955.34,79279.7,1230,1400,0
2026-05-14 03:30:00,79286.6,79372.27,79122.65,79174.04,740,1400,0
2026-05-14 03:45:00,79171.12,79181.49,78877.04,79008.39,1095,1400,0
2026-05-14 04:00:00,79009.26,79238.37,78940.88,79238.37,775,1400,0
2026-05-14 04:15:00,79233.76,79338.51,79197.44,79284.06,598,1400,0
2026-05-14 04:30:00,79285.44,79358.83,79263.3,79351.59,479,1400,0
2026-05-14 04:45:00,79350.44,79442.35,79276.98,79406.11,602,1400,0
2026-05-14 05:00:00,79406.2,79453.46,79353.66,79373.58,515,1400,0
2026-05-14 05:15:00,79370.9,79577.59,79331.36,79561.37,559,1400,0
2026-05-14 05:30:00,79562.28,79751.44,79562.28,79667.68,645,1400,0
2026-05-14 05:45:00,79670.06,79970.92,79670.06,79771.9,877,1400,0
2026-05-14 06:00:00,79768.03,79907.61,79767.92,79885.59,661,1400,0
2026-05-14 06:15:00,79885.51,79896.01,79777.75,79787.88,484,1400,0
2026-05-14 06:30:00,79780.35,79862.01,79718.59,79840.99,490,1400,0
2026-05-14 06:45:00,79843.04,79850.75,79758.67,79775.56,398,1400,0
2026-05-14 07:00:00,79771.07,79836.8,79671.46,79711.39,517,1400,0
2026-05-14 07:15:00,79709.98,79812.77,79657.05,79758.07,400,1400,0
2026-05-14 07:30:00,79758.17,79908.66,79752.84,79862.82,462,1400,0
2026-05-14 07:45:00,79861.24,79876.33,79692.99,79713.33,409,1400,0
2026-05-14 08:00:00,79713.43,79847.29,79589.35,79797.52,650,1400,0
2026-05-14 08:15:00,79800.52,79836.2,79670.1,79737.55,484,1400,0
2026-05-14 08:30:00,79736.67,79909.89,79732.49,79857.28,525,1400,0
2026-05-14 08:45:00,79857.31,79877.32,79750.76,79785.04,426,1400,0
2026-05-14 09:00:00,79790.47,79880.87,79765.85,79796.27,589,1400,0
2026-05-14 09:15:00,79796.05,79811.54,79680.28,79703.67,403,1400,0
2026-05-14 09:30:00,79699.92,79712.97,79547.43,79632.98,575,1400,0
2026-05-14 09:45:00,79630.93,79630.93,79535.43,79592.21,403,1400,0
2026-05-14 10:00:00,79595.48,79721.78,79520.52,79589.26,707,1400,0
2026-05-14 10:15:00,79591.7,79738.58,79591.7,79662.77,440,1400,0
2026-05-14 10:30:00,79661.74,79661.74,79368.45,79429.34,515,1400,0
2026-05-14 10:45:00,79425.04,79600.14,79422.15,79537.74,455,1400,0
2026-05-14 11:00:00,79536.41,79581.55,79459.47,79467.49,373,1400,0
2026-05-14 11:15:00,79463.34,79521.09,79215.67,79319.42,537,1400,0
2026-05-14 11:30:00,79310.48,79364.75,79230.19,79242.9,519,1400,0
2026-05-14 11:45:00,79245.17,79304.51,79183.64,79212.1,477,1400,0
2026-05-14 12:00:00,79219.47,79376.73,79193.89,79332.93,487,1400,0
2026-05-14 12:15:00,79336.46,79424.93,79238.09,79383.21,509,1400,0
2026-05-14 12:30:00,79384.06,79662.31,79358.48,79654.91,813,1400,0
2026-05-14 12:45:00,79654.82,79753.09,79627.8,79748.53,570,1400,0
2026-05-14 13:00:00,79743.32,79866.14,79675.98,79840.73,810,1400,0
2026-05-14 13:15:00,79842.45,80048.6,79727.6,79904.86,983,1400,0
2026-05-14 13:30:00,79908.47,79952.0,79644.14,79827.92,1427,1400,0
2026-05-14 13:45:00,79828.31,80027.99,79634.31,79677.96,1431,1400,0
2026-05-14 14:00:00,79675.94,79949.32,79517.04,79939.0,1411,1400,0
2026-05-14 14:15:00,79940.96,80259.33,79925.23,80127.27,1471,1400,0
2026-05-14 14:30:00,80130.31,80356.51,80062.16,80315.83,1069,1400,0
2026-05-14 14:45:00,80319.31,81012.03,80319.31,80945.32,1960,1400,0
2026-05-14 15:00:00,80948.77,81145.0,80801.15,80968.32,1800,1400,0
2026-05-14 15:15:00,80968.97,81123.73,80879.4,80982.88,915,1400,0
2026-05-14 15:30:00,80982.78,81072.96,80786.58,81005.36,827,1400,0
2026-05-14 15:45:00,81009.35,81320.57,80982.96,81282.7,903,1400,0
2026-05-14 16:00:00,81285.42,81608.9,81285.42,81546.45,1468,1400,0
2026-05-14 16:15:00,81554.55,81589.99,81382.09,81556.14,1073,1400,0
2026-05-14 16:30:00,81558.22,81651.85,81334.59,81509.04,1035,1400,0
2026-05-14 16:45:00,81509.7,81898.65,81071.14,81872.74,1631,1400,0
2026-05-14 17:00:00,81875.94,82051.46,81702.71,81723.24,1855,1400,0
2026-05-14 17:15:00,81726.45,81726.45,81256.33,81469.2,1698,1400,0
2026-05-14 17:30:00,81468.52,81729.88,81425.74,81646.98,1121,1400,0
2026-05-14 17:45:00,81645.99,81794.94,81640.7,81676.53,861,1400,0
2026-05-14 18:00:00,81676.92,81860.66,81467.34,81854.23,1035,1400,0
2026-05-14 18:15:00,81853.56,81973.69,81744.69,81868.53,973,1400,0
2026-05-14 18:30:00,81868.45,81886.06,81489.7,81536.05,784,1400,0
2026-05-14 18:45:00,81535.82,81652.68,81435.01,81573.38,717,1400,0
2026-05-14 19:00:00,81589.04,81713.88,81530.25,81561.08,619,1400,0
2026-05-14 19:15:00,81553.11,81638.42,81321.96,81339.45,816,1400,0
2026-05-14 19:30:00,81339.47,81488.13,81316.99,81447.06,735,1400,0
2026-05-14 19:45:00,81446.18,81487.22,81377.57,81425.62,701,1400,0
2026-05-14 20:00:00,81426.28,81618.61,81352.78,81354.86,804,1400,0
2026-05-14 20:15:00,81354.5,81429.01,81210.54,81279.92,751,1400,0
2026-05-14 20:30:00,81281.82,81307.67,81143.58,81243.31,474,1400,0
2026-05-14 20:45:00,81243.33,81452.91,81237.8,81402.34,504,1400,0
2026-05-14 21:00:00,81413.03,81479.29,81310.63,81330.15,428,1400,0
2026-05-14 21:15:00,81327.93,81452.47,81248.72,81399.28,444,1400,0
2026-05-14 21:30:00,81396.86,81522.11,81391.08,81441.01,480,1400,0
2026-05-14 21:45:00,81440.7,81456.58,81347.8,81367.14,440,1400,0
2026-05-14 22:00:00,81378.42,81504.09,81314.47,81498.78,589,1400,0
2026-05-14 22:15:00,81498.72,81498.72,81387.42,81429.22,370,1400,0
2026-05-14 22:30:00,81429.14,81533.21,81418.72,81509.4,393,1400,0
2026-05-14 22:45:00,81508.45,81554.03,81407.32,81452.39,353,1400,0
2026-05-14 23:00:00,81448.11,81450.34,81163.43,81250.02,468,1400,0
2026-05-14 23:15:00,81249.97,81374.01,81169.25,81337.22,348,1400,0
2026-05-14 23:30:00,81335.52,81356.38,81187.81,81210.78,347,1400,0
2026-05-14 23:45:00,81210.27,81210.27,81024.27,81076.84,394,1400,0
2026-05-15 00:00:00,81076.82,81463.43,81039.56,81463.43,525,1400,0
2026-05-15 00:15:00,81467.54,81484.42,81326.76,81447.12,563,1400,0
2026-05-15 00:30:00,81447.19,81652.83,81245.21,81319.82,881,1400,0
2026-05-15 00:45:00,81319.69,81574.61,81315.54,81494.3,739,1400,0
2026-05-15 01:00:00,81496.4,81604.66,81482.12,81517.27,743,1400,0
2026-05-15 01:15:00,81521.59,81581.29,81362.6,81362.6,865,1400,0
2026-05-15 01:30:00,81358.5,81466.06,81192.7,81377.19,966,1400,0
2026-05-15 01:45:00,81378.91,81380.95,81088.32,81121.14,843,1400,0
2026-05-15 02:00:00,81114.46,81181.33,80850.94,80928.82,1305,1400,0
2026-05-15 02:15:00,80924.69,81022.3,80841.68,80900.44,893,1400,0
2026-05-15 02:30:00,80901.13,81117.52,80720.78,81080.34,938,1400,0
2026-05-15 02:45:00,81081.04,81350.9,81061.6,81282.63,927,1400,0
2026-05-15 03:00:00,81283.37,81328.88,81104.1,81214.09,662,1400,0
2026-05-15 03:15:00,81215.71,81256.58,81135.52,81239.08,489,1400,0
2026-05-15 03:30:00,81237.62,81237.62,80910.29,80971.77,743,1400,0
2026-05-15 03:45:00,80971.37,81096.87,80947.67,81046.87,435,1400,0
2026-05-15 04:00:00,81035.5,81091.06,80928.46,81020.18,582,1400,0
2026-05-15 04:15:00,81021.82,81066.03,80877.0,80888.63,528,1400,0
2026-05-15 04:30:00,80880.72,81027.85,80855.98,80914.98,532,1400,0
2026-05-15 04:45:00,80911.63,80945.35,80685.95,80719.78,588,1400,0
2026-05-15 05:00:00,80720.49,80843.18,80639.22,80808.8,823,1400,0
2026-05-15 05:15:00,80807.7,80873.59,80743.78,80788.41,628,1400,0
2026-05-15 05:30:00,80783.1,80812.7,80303.13,80458.07,1607,1400,0
2026-05-15 05:45:00,80457.85,80554.65,80290.86,80339.77,860,1400,0
2026-05-15 06:00:00,80342.58,80456.05,80294.31,80407.22,812,1400,0
2026-05-15 06:15:00,80406.28,80514.75,80289.84,80514.75,710,1400,0
2026-05-15 06:30:00,80512.02,80631.4,80480.3,80587.84,618,1400,0
2026-05-15 06:45:00,80585.22,80627.58,80531.54,80560.99,461,1400,0
2026-05-15 07:00:00,80561.43,80787.0,80543.2,80766.01,634,1400,0
2026-05-15 07:15:00,80765.98,81000.08,80690.03,80892.89,801,1400,0
2026-05-15 07:30:00,80901.37,80903.71,80723.43,80807.35,553,1400,0
2026-05-15 07:45:00,80802.5,80872.4,80764.01,80807.65,418,1400,0
2026-05-15 08:00:00,80813.53,80825.09,80650.27,80720.24,561,1400,0
2026-05-15 08:15:00,80720.03,80720.03,80502.59,80525.5,748,1400,0
2026-05-15 08:30:00,80527.22,80713.12,80389.7,80678.53,799,1400,0
2026-05-15 08:45:00,80678.5,80681.55,80545.24,80637.01,508,1400,0
2026-05-15 09:00:00,80640.49,80672.22,80521.43,80561.0,529,1400,0
2026-05-15 09:15:00,80561.62,80572.79,80435.56,80564.78,556,1400,0
2026-05-15 09:30:00,80565.51,80643.29,80400.92,80423.91,581,1400,0
2026-05-15 09:45:00,80423.75,80494.07,80355.84,80469.01,714,1400,0
2026-05-15 10:00:00,80468.94,80594.88,80386.18,80578.48,586,1400,0
2026-05-15 10:15:00,80580.34,80582.12,80473.61,80509.38,361,1400,0
2026-05-15 10:30:00,80507.24,80570.54,80427.37,80520.19,442,1400,0
2026-05-15 10:45:00,80521.35,80767.97,80514.1,80704.07,767,1400,0
2026-05-15 11:00:00,80703.67,80756.46,80577.35,80666.56,451,1400,0
2026-05-15 11:15:00,80661.03,80711.17,80570.56,80628.73,421,1400,0
2026-05-15 11:30:00,80628.72,80651.77,80574.56,80638.06,393,1400,0
2026-05-15 11:45:00,80638.68,80708.67,80573.39,80608.55,399,1400,0
2026-05-15 12:00:00,80605.5,80632.78,80375.17,80404.37,667,1400,0
2026-05-15 12:15:00,80403.11,80582.43,80339.86,80529.52,484,1400,0
2026-05-15 12:30:00,80530.08,80560.5,80376.49,80383.72,511,1400,0
2026-05-15 12:45:00,80381.5,80437.33,80300.44,80384.74,467,1400,0
2026-05-15 13:00:00,80384.63,80384.63,80044.61,80121.7,927,1400,0
2026-05-15 13:15:00,80116.89,80194.44,79983.22,79987.91,627,1400,0
2026-05-15 13:30:00,79993.29,80006.1,79062.8,79119.52,3042,1400,0
2026-05-15 13:45:00,79116.45,79255.83,78649.51,78712.91,3163,1400,0
2026-05-15 14:00:00,78724.16,79306.09,78591.69,79216.9,2619,1400,0
2026-05-15 14:15:00,79233.6,79286.27,78963.97,79037.52,1897,1400,0
2026-05-15 14:30:00,79041.59,79257.93,78945.29,79185.62,1406,1400,0
2026-05-15 14:45:00,79185.36,79286.49,78914.61,79120.56,1392,1400,0
2026-05-15 15:00:00,79122.85,79294.89,79040.65,79198.44,1272,1400,0
2026-05-15 15:15:00,79197.18,79347.71,79069.93,79120.34,946,1400,0
2026-05-15 15:30:00,79120.89,79200.92,79029.04,79061.44,847,1400,0
2026-05-15 15:45:00,79061.34,79216.52,78973.27,79120.32,757,1400,0
2026-05-15 16:00:00,79113.03,79217.55,79091.6,79161.38,833,1400,0
2026-05-15 16:15:00,79159.29,79288.69,79103.04,79275.36,717,1400,0
2026-05-15 16:30:00,79276.49,79363.56,79210.67,79235.76,681,1400,0
2026-05-15 16:45:00,79233.64,79306.67,79089.12,79258.38,757,1400,0
2026-05-15 17:00:00,79256.59,79325.53,79187.74,79227.26,728,1400,0
2026-05-15 17:15:00,79228.71,79426.74,79183.95,79340.62,671,1400,0
2026-05-15 17:30:00,79340.95,79460.51,79328.49,79361.95,658,1400,0
2026-05-15 17:45:00,79355.74,79479.85,79332.42,79430.86,582,1400,0
2026-05-15 18:00:00,79429.53,79535.61,79389.34,79442.7,706,1400,0
2026-05-15 18:15:00,79437.43,79458.49,79156.8,79248.25,745,1400,0
2026-05-15 18:30:00,79244.38,79277.75,79119.11,79250.64,657,1400,0
2026-05-15 18:45:00,79242.44,79300.73,79155.76,79223.44,530,1400,0
2026-05-15 19:00:00,79223.9,79251.08,78993.33,79034.57,719,1400,0
2026-05-15 19:15:00,79035.72,79120.38,79035.72,79084.79,499,1400,0
2026-05-15 19:30:00,79076.74,79152.14,79038.59,79070.56,441,1400,0
2026-05-15 19:45:00,79081.21,79144.61,79060.96,79096.43,640,1400,0
2026-05-15 20:00:00,79095.14,79180.25,79028.07,79096.23,616,1400,0
2026-05-15 20:15:00,79091.28,79127.02,79025.43,79127.02,390,1400,0
2026-05-15 20:30:00,79133.45,79160.93,79030.92,79046.93,383,1400,0
2026-05-15 20:45:00,79037.59,79091.68,78941.79,79079.35,426,1400,0
2026-05-15 21:00:00,79079.43,79158.8,79054.24,79141.26,282,1400,0
2026-05-15 21:15:00,79141.17,79159.38,79063.13,79084.97,338,1400,0
2026-05-15 21:30:00,79084.68,79106.77,79031.1,79094.29,469,1400,0
2026-05-15 21:45:00,79087.69,79106.03,78846.63,78935.43,747,1400,0
2026-05-15 22:00:00,78935.64,79045.84,78920.73,79012.61,435,1400,0
2026-05-15 22:15:00,79011.98,79049.13,78950.5,79039.49,338,1400,0
2026-05-15 22:30:00,79039.85,79105.94,79008.26,79080.67,312,1400,0
2026-05-15 22:45:00,79078.36,79107.97,79036.08,79056.9,308,1400,0
2026-05-15 23:00:00,79054.6,79108.38,79037.93,79051.53,283,1400,0
2026-05-15 23:15:00,79051.32,79129.32,79026.29,79060.05,305,1400,0
2026-05-15 23:30:00,79060.31,79088.6,79027.31,79083.33,320,1400,0
2026-05-15 23:45:00,79083.25,79090.24,79048.39,79067.78,272,1400,0
2026-05-16 00:00:00,79069.02,79146.72,79022.7,79131.45,361,1400,0
2026-05-16 00:15:00,79137.65,79167.18,79099.2,79121.02,316,1400,0
2026-05-16 00:30:00,79125.87,79187.34,79101.14,79101.14,311,1400,0
2026-05-16 00:45:00,79106.04,79133.87,79023.98,79065.69,354,1400,0
2026-05-16 01:00:00,79069.64,79102.28,79038.92,79087.06,290,1400,0
2026-05-16 01:15:00,79091.21,79120.23,78971.14,78985.23,467,1400,0
2026-05-16 01:30:00,78986.02,79030.89,78951.24,78976.98,349,1400,0
2026-05-16 01:45:00,78983.14,79138.26,78981.45,79113.48,396,1400,0
2026-05-16 02:00:00,79111.1,79162.02,79057.68,79138.66,342,1400,0
2026-05-16 02:15:00,79138.77,79161.69,79089.39,79097.13,363,1400,0
2026-05-16 02:30:00,79097.49,79113.45,79027.92,79039.8,377,1400,0
2026-05-16 02:45:00,79037.94,79106.45,79023.77,79098.7,272,1400,0
2026-05-16 03:00:00,79101.5,79144.15,79077.44,79120.6,311,1400,0
2026-05-16 03:15:00,79119.39,79135.42,79092.98,79125.06,246,1400,0
2026-05-16 03:30:00,79125.02,79136.1,79029.11,79029.39,307,1400,0
2026-05-16 03:45:00,79029.49,79083.01,79008.28,79046.1,286,1400,0
2026-05-16 04:00:00,79042.54,79085.84,78995.19,79029.15,328,1400,0
2026-05-16 04:15:00,79026.47,79055.34,78995.41,79007.8,273,1400,0
2026-05-16 04:30:00,79005.5,79016.29,78796.9,78946.76,636,1400,0
2026-05-16 04:45:00,78950.02,78995.41,78916.74,78988.86,277,1400,0
2026-05-16 05:00:00,78989.02,78999.94,78877.93,78994.44,371,1400,0
2026-05-16 05:15:00,78994.3,79000.94,78967.4,78973.83,248,1400,0
2026-05-16 05:30:00,78973.34,79003.83,78905.78,78959.23,408,1400,0
2026-05-16 05:45:00,78959.14,78987.8,78917.95,78986.03,315,1400,0
2026-05-16 06:00:00,78987.59,79018.73,78881.39,78907.67,356,1400,0
2026-05-16 06:15:00,78907.41,78907.41,78746.22,78790.63,544,1400,0
2026-05-16 06:30:00,78790.54,78863.03,78696.54,78707.16,515,1400,0
2026-05-16 06:45:00,78707.07,78749.16,78408.8,78615.95,877,1400,0
2026-05-16 07:00:00,78614.85,78614.85,78065.8,78234.51,1258,1400,0
2026-05-16 07:15:00,78230.86,78481.76,78014.71,78425.49,1409,1400,0
2026-05-16 07:30:00,78418.46,78523.15,78312.87,78455.1,628,1400,0
2026-05-16 07:45:00,78454.54,78487.81,78293.56,78330.84,517,1400,0
2026-05-16 08:00:00,78328.58,78434.84,78283.67,78382.38,469,1400,0
2026-05-16 08:15:00,78377.62,78398.27,78316.24,78361.69,378,1400,0
2026-05-16 08:30:00,78367.68,78517.73,78341.12,78433.72,465,1400,0
2026-05-16 08:45:00,78427.77,78432.61,78326.08,78366.99,357,1400,0
2026-05-16 09:00:00,78374.85,78399.92,78186.06,78221.68,492,1400,0
2026-05-16 09:15:00,78222.92,78240.36,77839.19,78022.13,1883,1400,0
2026-05-16 09:30:00,78024.59,78149.13,77988.99,78069.6,584,1400,0
2026-05-16 09:45:00,78073.05,78173.84,77954.53,78042.39,582,1400,0
2026-05-16 10:00:00,78043.45,78071.62,77764.28,77879.86,1075,1400,0
2026-05-16 10:15:00,77876.44,77929.92,77600.5,77749.8,850,1400,0
2026-05-16 10:30:00,77740.33,77944.93,77720.78,77866.46,748,1400,0
2026-05-16 10:45:00,77864.16,77947.81,77833.39,77929.0,432,1400,0
2026-05-16 11:00:00,77928.35,78082.48,77928.35,78035.68,560,1400,0
2026-05-16 11:15:00,78035.83,78122.04,78019.42,78101.03,417,1400,0
2026-05-16 11:30:00,78104.48,78160.23,78057.68,78126.16,401,1400,0
2026-05-16 11:45:00,78129.22,78135.84,78028.82,78052.27,423,1400,0
2026-05-16 12:00:00,78051.76,78105.71,78001.45,78045.9,421,1400,0
2026-05-16 12:15:00,78044.71,78044.71,77879.57,77949.86,493,1400,0
2026-05-16 12:30:00,77949.98,78055.71,77949.98,78032.7,299,1400,0
2026-05-16 12:45:00,78035.85,78090.76,77967.86,77978.64,368,1400,0
2026-05-16 13:00:00,77973.6,77984.11,77846.33,77870.61,420,1400,0
2026-05-16 13:15:00,77859.56,77951.89,77817.27,77923.54,507,1400,0
2026-05-16 13:30:00,77921.91,77950.94,77801.46,77873.99,498,1400,0
2026-05-16 13:45:00,77868.61,77978.92,77842.75,77977.4,362,1400,0
2026-05-16 14:00:00,77985.09,78025.6,77848.61,77921.55,458,1400,0
2026-05-16 14:15:00,77924.1,78038.87,77864.83,77964.1,479,1400,0
2026-05-16 14:30:00,77967.57,78199.46,77962.66,78179.95,547,1400,0
2026-05-16 14:45:00,78183.76,78316.96,78052.02,78085.63,677,1400,0
2026-05-16 15:00:00,78086.26,78195.97,78024.93,78095.75,501,1400,0
2026-05-16 15:15:00,78095.7,78157.86,78040.84,78092.61,471,1400,0
2026-05-16 15:30:00,78091.39,78206.0,78091.39,78176.44,419,1400,0
2026-05-16 15:45:00,78176.35,78250.37,78161.84,78193.61,352,1400,0
2026-05-16 16:00:00,78197.48,78344.94,78145.3,78202.22,512,1400,0
2026-05-16 16:15:00,78194.63,78299.13,78168.35,78253.98,453,1400,0
2026-05-16 16:30:00,78248.97,78280.67,78066.5,78120.28,485,1400,0
2026-05-16 16:45:00,78128.48,78185.38,78095.56,78170.65,390,1400,0
2026-05-16 17:00:00,78172.41,78243.86,78152.61,78229.25,267,1400,0
2026-05-16 17:15:00,78235.62,78294.41,78182.22,78256.35,339,1400,0
2026-05-16 17:30:00,78254.28,78296.21,78223.56,78235.73,328,1400,0
2026-05-16 17:45:00,78231.03,78264.79,78158.57,78158.57,313,1400,0
2026-05-16 18:00:00,78157.31,78216.9,78131.35,78169.04,291,1400,0
2026-05-16 18:15:00,78172.59,78193.26,78105.05,78174.76,270,1400,0
2026-05-16 18:30:00,78176.94,78249.18,78145.96,78223.11,288,1400,0
2026-05-16 18:45:00,78222.07,78295.9,78191.69,78206.56,359,1400,0
2026-05-16 19:00:00,78202.05,78237.14,78170.26,78200.85,279,1400,0
2026-05-16 19:15:00,78203.15,78265.19,78190.65,78242.48,240,1400,0
2026-05-16 19:30:00,78244.58,78274.94,78222.12,78237.11,250,1400,0
2026-05-16 19:45:00,78237.19,78281.3,78188.89,78230.71,348,1400,0
2026-05-16 20:00:00,78231.4,78272.74,78219.43,78266.3,309,1400,0
2026-05-16 20:15:00,78260.65,78291.66,78237.98,78237.98,230,1400,0
2026-05-16 20:30:00,78248.86,78248.86,78165.76,78196.99,280,1400,0
2026-05-16 20:45:00,78196.26,78238.96,78175.16,78209.71,250,1400,0
2026-05-16 21:00:00,78208.41,78273.99,78192.72,78267.9,281,1400,0
2026-05-16 21:15:00,78267.44,78267.44,78182.75,78237.27,304,1400,0
2026-05-16 21:30:00,78236.26,78251.17,78171.49,78246.71,344,1400,0
2026-05-16 21:45:00,78246.6,78275.44,78211.1,78227.56,370,1400,0
2026-05-16 22:00:00,78225.1,78252.93,78136.93,78196.19,394,1400,0
2026-05-16 22:15:00,78196.21,78245.85,78196.21,78218.85,291,1400,0
2026-05-16 22:30:00,78218.95,78248.81,78180.55,78190.84,242,1400,0
2026-05-16 22:45:00,78186.62,78201.45,78152.49,78152.61,232,1400,0
2026-05-16 23:00:00,78152.11,78174.38,78115.31,78161.71,276,1400,0
2026-05-16 23:15:00,78163.72,78243.13,78161.01,78189.68,274,1400,0
2026-05-16 23:30:00,78186.03,78220.91,78163.04,78180.78,240,1400,0
2026-05-16 23:45:00,78181.11,78203.28,78082.85,78102.91,337,1400,0
2026-05-17 00:00:00,78103.05,78201.31,78092.88,78155.94,333,1400,0
2026-05-17 00:15:00,78156.02,78180.63,78094.62,78153.18,395,1400,0
2026-05-17 00:30:00,78153.09,78194.4,78078.71,78109.31,354,1400,0
2026-05-17 00:45:00,78099.75,78121.32,77761.05,77913.71,583,1400,0
2026-05-17 01:00:00,77917.51,78078.71,77772.46,78010.43,734,1400,0
2026-05-17 01:15:00,78012.97,78063.26,77861.76,77959.91,483,1400,0
2026-05-17 01:30:00,77959.67,77980.22,77682.02,77766.29,904,1400,0
2026-05-17 01:45:00,77766.19,77842.88,77693.32,77695.81,545,1400,0
2026-05-17 02:00:00,77693.65,77902.46,77693.65,77837.35,552,1400,0
2026-05-17 02:15:00,77835.3,77906.83,77798.64,77867.99,430,1400,0
2026-05-17 02:30:00,77867.17,77906.49,77816.92,77870.9,441,1400,0
2026-05-17 02:45:00,77870.98,77901.63,77819.48,77856.9,374,1400,0
2026-05-17 03:00:00,77857.05,77993.81,77846.57,77940.18,408,1400,0
2026-05-17 03:15:00,77941.59,77984.26,77924.03,77966.48,376,1400,0
2026-05-17 03:30:00,77968.67,78036.15,77935.98,77991.1,337,1400,0
2026-05-17 03:45:00,77990.76,78056.61,77955.4,77984.61,313,1400,0
2026-05-17 04:00:00,77984.53,78054.47,77951.8,78017.71,359,1400,0
2026-05-17 04:15:00,78020.66,78116.24,78016.05,78059.0,341,1400,0
2026-05-17 04:30:00,78058.0,78175.53,78023.69,78142.88,342,1400,0
2026-05-17 04:45:00,78141.71,78187.19,78111.84,78122.32,359,1400,0
2026-05-17 05:00:00,78125.54,78297.49,78107.9,78202.96,419,1400,0
2026-05-17 05:15:00,78209.52,78231.78,78136.75,78152.94,319,1400,0
2026-05-17 05:30:00,78149.7,78175.2,78112.39,78123.64,308,1400,0
2026-05-17 05:45:00,78116.19,78150.19,78067.59,78091.75,272,1400,0
2026-05-17 06:00:00,78090.4,78186.37,78090.4,78157.1,311,1400,0
2026-05-17 06:15:00,78166.02,78181.95,77981.91,78055.08,382,1400,0
2026-05-17 06:30:00,78059.47,78097.31,78010.99,78018.83,244,1400,0
2026-05-17 06:45:00,78018.9,78082.3,78014.23,78076.54,227,1400,0
2026-05-17 07:00:00,78077.45,78091.01,78030.67,78058.32,260,1400,0
2026-05-17 07:15:00,78056.38,78124.29,78018.84,78087.52,317,1400,0
2026-05-17 07:30:00,78083.66,78177.03,78083.66,78149.11,151,1400,0
2026-05-17 07:45:00,78126.3,78165.35,78113.77,78145.26,232,1400,0
2026-05-17 08:00:00,78153.21,78169.83,78106.9,78118.52,318,1400,0
2026-05-17 08:15:00,78116.89,78126.4,78023.52,78048.78,380,1400,0
2026-05-17 08:30:00,78048.49,78084.43,77989.16,78063.88,346,1400,0
2026-05-17 08:45:00,78064.6,78077.94,78035.57,78060.69,321,1400,0
2026-05-17 09:00:00,78058.82,78103.39,78042.93,78091.08,324,1400,0
2026-05-17 09:15:00,78089.36,78123.81,78066.33,78102.36,303,1400,0
2026-05-17 09:30:00,78104.61,78119.14,78063.87,78085.38,274,1400,0
2026-05-17 09:45:00,78089.68,78268.51,78088.3,78210.1,356,1400,0
2026-05-17 10:00:00,78215.45,78504.24,78203.0,78401.36,695,1400,0
2026-05-17 10:15:00,78406.41,78576.62,78354.7,78478.8,593,1400,0
2026-05-17 10:30:00,78476.62,78506.66,78378.5,78431.46,467,1400,0
2026-05-17 10:45:00,78426.49,78449.19,78390.58,78426.68,385,1400,0
2026-05-17 11:00:00,78428.77,78447.05,78321.16,78331.61,447,1400,0
2026-05-17 11:15:00,78331.69,78361.7,78268.46,78312.67,465,1400,0
2026-05-17 11:30:00,78314.76,78413.16,78251.28,78370.44,449,1400,0
2026-05-17 11:45:00,78375.72,78428.8,78339.32,78383.36,375,1400,0
2026-05-17 12:00:00,78383.41,78425.36,78326.15,78362.26,364,1400,0
2026-05-17 12:15:00,78372.84,78412.5,78303.18,78393.93,377,1400,0
2026-05-17 12:30:00,78386.35,78521.37,78371.13,78452.94,449,1400,0
2026-05-17 12:45:00,78445.12,78467.86,78287.45,78333.03,431,1400,0
2026-05-17 13:00:00,78341.08,78342.31,78218.39,78228.04,408,1400,0
2026-05-17 13:15:00,78226.28,78261.87,78126.78,78259.76,497,1400,0
2026-05-17 13:30:00,78266.58,78310.15,78194.77,78228.19,376,1400,0
2026-05-17 13:45:00,78230.2,78261.37,78143.65,78180.4,398,1400,0
2026-05-17 14:00:00,78180.49,78189.96,78014.17,78048.36,563,1400,0
2026-05-17 14:15:00,78048.46,78090.26,77801.42,78003.83,940,1400,0
2026-05-17 14:30:00,77999.26,78044.33,77917.28,77978.1,522,1400,0
2026-05-17 14:45:00,77973.52,78065.61,77973.52,78013.87,378,1400,0
2026-05-17 15:00:00,78015.05,78098.7,77971.26,78058.55,371,1400,0
2026-05-17 15:15:00,78052.36,78052.36,77881.54,77962.35,561,1400,0
2026-05-17 15:30:00,77963.76,78034.28,77933.84,77998.12,364,1400,0
2026-05-17 15:45:00,77993.03,78042.61,77967.21,78013.42,289,1400,0
2026-05-17 16:00:00,78010.52,78104.03,78003.1,78034.4,327,1400,0
2026-05-17 16:15:00,78023.31,78112.45,77999.8,78096.05,372,1400,0
2026-05-17 16:30:00,78097.75,78169.53,78061.94,78129.63,322,1400,0
2026-05-17 16:45:00,78131.5,78140.41,77979.89,78009.25,390,1400,0
2026-05-17 17:00:00,78009.17,78022.77,77849.37,77892.78,468,1400,0
2026-05-17 17:15:00,77892.69,77955.77,77809.93,77943.4,394,1400,0
2026-05-17 17:30:00,77946.78,78027.75,77867.6,78011.63,490,1400,0
2026-05-17 17:45:00,78021.57,78065.47,77980.22,78044.94,391,1400,0
2026-05-17 18:00:00,78048.8,78222.21,78034.06,78085.76,546,1400,0
2026-05-17 18:15:00,78095.44,78114.8,77967.68,78087.03,402,1400,0
2026-05-17 18:30:00,78091.11,78138.84,78073.54,78081.38,406,1400,0
2026-05-17 18:45:00,78086.23,78239.6,78072.57,78216.95,409,1400,0
2026-05-17 19:00:00,78217.63,78255.15,78181.66,78219.98,374,1400,0
2026-05-17 19:15:00,78219.89,78270.01,78182.82,78191.84,354,1400,0
2026-05-17 19:30:00,78188.61,78394.11,78166.97,78326.58,381,1400,0
2026-05-17 19:45:00,78327.21,78434.68,78299.33,78362.25,413,1400,0
2026-05-17 20:00:00,78360.85,78395.13,78288.01,78300.3,367,1400,0
2026-05-17 20:15:00,78297.89,78313.75,78206.57,78258.61,377,1400,0
2026-05-17 20:30:00,78255.2,78335.23,78196.02,78240.93,428,1400,0
2026-05-17 20:45:00,78242.95,78269.04,78224.62,78225.17,242,1400,0
2026-05-17 21:00:00,78225.47,78264.93,78183.23,78264.93,271,1400,0
2026-05-17 21:15:00,78259.94,78396.75,78217.52,78391.63,328,1400,0
2026-05-17 21:30:00,78397.02,78454.33,78309.22,78378.22,368,1400,0
2026-05-17 21:45:00,78378.61,78433.66,78337.92,78354.92,467,1400,0
2026-05-17 22:00:00,78352.8,78373.89,77894.31,78083.87,1142,1400,0
2026-05-17 22:15:00,78081.65,78108.98,77887.47,77941.47,800,1400,0
2026-05-17 22:30:00,77937.93,78082.9,77890.95,77999.9,718,1400,0
2026-05-17 22:45:00,77999.81,77999.81,77761.57,77948.43,804,1400,0
2026-05-17 23:00:00,77957.47,77964.79,77705.71,77816.22,983,1400,0
2026-05-17 23:15:00,77808.0,77932.35,77626.98,77789.91,1084,1400,0
2026-05-17 23:30:00,77781.48,77853.34,76673.8,77210.51,3058,1400,0
2026-05-17 23:45:00,77208.33,77504.21,77073.14,77401.57,1936,1400,0
2026-05-18 00:00:00,77412.7,77434.07,76859.86,77160.09,2109,1400,0
2026-05-18 00:15:00,77157.77,77287.81,77040.67,77090.58,1438,1400,0
2026-05-18 00:30:00,77082.91,77171.01,76896.13,76967.18,1365,1400,0
2026-05-18 00:45:00,76966.04,77192.84,76903.62,77158.15,1353,1400,0
2026-05-18 01:00:00,77160.88,77237.79,77014.36,77014.36,1298,1400,0
2026-05-18 01:15:00,77011.98,77027.47,76781.02,76846.8,1421,1400,0
2026-05-18 01:30:00,76846.92,76887.09,76709.7,76795.83,1312,1400,0
2026-05-18 01:45:00,76796.03,77122.83,76686.16,77069.49,1084,1400,0
2026-05-18 02:00:00,77070.63,77173.02,77005.8,77116.74,760,1400,0
2026-05-18 02:15:00,77118.81,77133.5,76914.69,76999.14,628,1400,0
2026-05-18 02:30:00,76992.55,77008.81,76778.48,76837.17,671,1400,0
2026-05-18 02:45:00,76840.06,76893.72,76647.56,76783.38,740,1400,0
2026-05-18 03:00:00,76794.78,76977.68,76780.87,76826.34,657,1400,0
2026-05-18 03:15:00,76827.34,76949.49,76792.15,76913.4,548,1400,0
2026-05-18 03:30:00,76913.63,76987.76,76757.67,76950.18,669,1400,0
2026-05-18 03:45:00,76948.23,76965.11,76840.36,76890.83,518,1400,0
2026-05-18 04:00:00,76890.49,77005.71,76871.93,76981.86,541,1400,0
2026-05-18 04:15:00,76975.88,76999.25,76718.3,76780.6,585,1400,0
2026-05-18 04:30:00,76771.03,76962.12,76732.23,76962.12,468,1400,0
2026-05-18 04:45:00,76962.02,77033.1,76863.57,76976.71,525,1400,0
2026-05-18 05:00:00,76981.07,77041.55,76940.77,76986.28,523,1400,0
2026-05-18 05:15:00,76987.38,77014.95,76881.38,76989.4,566,1400,0
2026-05-18 05:30:00,76990.11,77030.46,76835.27,76857.44,627,1400,0
2026-05-18 05:45:00,76855.9,76933.91,76836.03,76875.39,463,1400,0
2026-05-18 06:00:00,76872.98,76914.99,76518.29,76825.33,1010,1400,0
2026-05-18 06:15:00,76830.79,76931.22,76643.55,76688.77,811,1400,0
2026-05-18 06:30:00,76690.3,76793.41,76605.78,76793.41,674,1400,0
2026-05-18 06:45:00,76793.6,76905.94,76782.88,76875.33,499,1400,0
2026-05-18 07:00:00,76878.31,76956.64,76819.0,76893.37,566,1400,0
2026-05-18 07:15:00,76893.21,77040.18,76711.73,76987.38,744,1400,0
2026-05-18 07:30:00,76987.8,77037.5,76880.2,76916.76,651,1400,0
2026-05-18 07:45:00,76915.85,77046.21,76915.85,77021.36,580,1400,0
2026-05-18 08:00:00,77020.3,77137.75,76964.05,76988.0,712,1400,0
2026-05-18 08:15:00,76981.59,77018.71,76898.63,76928.98,531,1400,0
2026-05-18 08:30:00,76931.31,76945.56,76829.36,76893.81,507,1400,0
2026-05-18 08:45:00,76894.92,76982.19,76836.63,76966.85,521,1400,0
2026-05-18 09:00:00,76973.43,76999.43,76811.43,76849.14,500,1400,0
2026-05-18 09:15:00,76853.63,76933.71,76840.16,76906.82,465,1400,0
2026-05-18 09:30:00,76901.03,76978.5,76849.05,76910.29,436,1400,0
2026-05-18 09:45:00,76910.75,76951.44,76861.25,76888.83,401,1400,0
2026-05-18 10:00:00,76890.54,76907.07,76720.84,76733.05,648,1400,0
2026-05-18 10:15:00,76731.75,76790.96,76656.5,76776.4,471,1400,0
2026-05-18 10:30:00,76772.5,76813.57,76712.98,76776.47,463,1400,0
2026-05-18 10:45:00,76790.78,76849.2,76716.55,76729.91,373,1400,0
2026-05-18 11:00:00,76730.94,76744.32,76605.68,76716.91,523,1400,0
2026-05-18 11:15:00,76719.12,76817.02,76701.05,76764.71,402,1400,0
2026-05-18 11:30:00,76762.51,77358.42,76733.18,77312.97,1484,1400,0
2026-05-18 11:45:00,77313.09,77326.17,77159.59,77240.53,851,1400,0
2026-05-18 12:00:00,77247.07,77449.58,77232.42,77391.07,1209,1400,0
2026-05-18 12:15:00,77395.31,77511.97,77251.31,77295.85,937,1400,0
2026-05-18 12:30:00,77299.31,77692.13,77245.77,77683.65,1146,1400,0
2026-05-18 12:45:00,77689.75,77760.79,77536.29,77605.26,954,1400,0
2026-05-18 13:00:00,77605.81,77608.94,77419.8,77450.91,924,1400,0
2026-05-18 13:15:00,77450.21,77460.56,77236.61,77238.55,679,1400,0
2026-05-18 13:30:00,77235.9,77248.4,76700.21,76783.68,2870,1400,0
2026-05-18 13:45:00,76773.6,77108.54,76639.02,76892.5,2210,1400,0
2026-05-18 14:00:00,76906.48,76918.86,76626.57,76665.03,1835,1400,0
2026-05-18 14:15:00,76657.09,76787.1,76359.37,76600.59,2152,1400,0
2026-05-18 14:30:00,76604.04,76676.81,76179.85,76432.9,2193,1400,0
2026-05-18 14:45:00,76432.23,76459.64,76253.84,76350.81,1367,1400,0
2026-05-18 15:00:00,76347.91,76393.89,76041.05,76221.46,2215,1400,0
2026-05-18 15:15:00,76220.23,76270.71,76011.05,76048.35,1379,1400,0
2026-05-18 15:30:00,76046.72,76330.28,75985.45,76268.47,1115,1400,0
2026-05-18 15:45:00,76278.61,76443.63,76219.31,76374.07,783,1400,0
2026-05-18 16:00:00,76374.4,76534.96,76165.86,76432.64,1007,1400,0
2026-05-18 16:15:00,76435.06,76616.33,76138.67,76220.3,1099,1400,0
2026-05-18 16:30:00,76221.03,76486.43,76163.7,76400.6,1053,1400,0
2026-05-18 16:45:00,76410.57,76481.2,76332.33,76346.83,897,1400,0
2026-05-18 17:00:00,76361.79,76577.41,76310.17,76501.22,945,1400,0
2026-05-18 17:15:00,76501.65,76640.94,76501.65,76606.23,857,1400,0
2026-05-18 17:30:00,76606.14,76623.5,76482.9,76601.41,690,1400,0
2026-05-18 17:45:00,76609.26,76701.84,76580.76,76640.88,563,1400,0
2026-05-18 18:00:00,76632.13,76653.11,76363.88,76394.63,650,1400,0
2026-05-18 18:15:00,76394.52,76404.29,76074.87,76300.23,1302,1400,0
2026-05-18 18:30:00,76300.18,76364.65,76200.71,76272.68,720,1400,0
2026-05-18 18:45:00,76273.81,76327.34,76144.19,76188.06,906,1400,0
2026-05-18 19:00:00,76189.29,76868.47,76165.12,76576.0,2647,1400,0
2026-05-18 19:15:00,76577.96,76665.82,76479.63,76575.32,1000,1400,0
2026-05-18 19:30:00,76572.45,76859.58,76546.1,76828.94,814,1400,0
2026-05-18 19:45:00,76827.09,76932.57,76764.36,76861.96,1008,1400,0
2026-05-18 20:00:00,76867.11,77021.89,76813.11,76984.39,674,1400,0
2026-05-18 20:15:00,76982.12,77103.57,76971.4,77060.29,562,1400,0
2026-05-18 20:30:00,77056.59,77127.24,76903.89,76918.83,553,1400,0
2026-05-18 20:45:00,76918.94,76993.96,76819.7,76835.74,467,1400,0
2026-05-18 21:00:00,76837.41,76962.51,76735.61,76860.79,512,1400,0
2026-05-18 21:15:00,76867.74,77029.67,76851.18,76963.3,401,1400,0
2026-05-18 21:30:00,76973.83,77133.18,76910.21,76976.63,639,1400,0
2026-05-18 21:45:00,76977.85,77074.91,76925.72,77036.54,479,1400,0
2026-05-18 22:00:00,77036.75,77112.34,76984.0,77077.94,574,1400,0
2026-05-18 22:15:00,77074.18,77171.84,77030.6,77086.7,560,1400,0
2026-05-18 22:30:00,77090.38,77118.26,76970.33,76987.79,534,1400,0
2026-05-18 22:45:00,76987.7,77024.63,76868.17,77014.46,438,1400,0
2026-05-18 23:00:00,77017.89,77112.24,76993.48,77027.24,470,1400,0
2026-05-18 23:15:00,77032.24,77034.89,76955.27,76971.64,345,1400,0
2026-05-18 23:30:00,76968.0,77059.23,76921.41,77055.05,398,1400,0
2026-05-18 23:45:00,77051.94,77059.72,76879.93,76937.9,382,1400,0
2026-05-19 00:00:00,76934.82,77109.29,76886.08,77059.17,737,1400,0
2026-05-19 00:15:00,77056.83,77364.61,77026.95,77159.71,847,1400,0
2026-05-19 00:30:00,77160.96,77214.59,77062.94,77116.83,549,1400,0
2026-05-19 00:45:00,77120.01,77254.17,77082.61,77082.61,562,1400,0
2026-05-19 01:00:00,77077.6,77101.36,76972.94,77060.24,673,1400,0
2026-05-19 01:15:00,77063.33,77068.76,76641.42,76704.69,869,1400,0
2026-05-19 01:30:00,76704.76,76881.53,76602.94,76792.68,685,1400,0
2026-05-19 01:45:00,76787.22,76812.04,76598.9,76609.9,596,1400,0
2026-05-19 02:00:00,76607.87,76669.98,76415.37,76661.08,843,1400,0
2026-05-19 02:15:00,76658.73,76951.16,76611.41,76766.93,793,1400,0
2026-05-19 02:30:00,76764.84,76786.63,76671.81,76693.56,624,1400,0
2026-05-19 02:45:00,76695.51,76733.3,76531.27,76550.11,568,1400,0
2026-05-19 03:00:00,76553.27,76715.43,76514.82,76707.6,553,1400,0
2026-05-19 03:15:00,76706.29,76805.65,76624.56,76695.06,491,1400,0
2026-05-19 03:30:00,76698.29,76794.97,76680.33,76786.66,408,1400,0
2026-05-19 03:45:00,76785.65,76806.61,76688.04,76723.02,437,1400,0
2026-05-19 04:00:00,76721.92,76893.39,76661.0,76816.07,541,1400,0
2026-05-19 04:15:00,76813.9,76827.61,76628.15,76675.55,477,1400,0
2026-05-19 04:30:00,76678.69,76848.66,76669.74,76819.21,344,1400,0
2026-05-19 04:45:00,76819.72,76885.14,76793.68,76855.6,448,1400,0
2026-05-19 05:00:00,76856.36,76881.72,76771.33,76811.37,484,1400,0
2026-05-19 05:15:00,76813.8,76813.8,76561.45,76760.88,592,1400,0
2026-05-19 05:30:00,76760.59,76957.07,76700.37,76848.15,733,1400,0
2026-05-19 05:45:00,76851.37,76930.83,76801.2,76841.86,513,1400,0
2026-05-19 06:00:00,76842.39,76949.21,76813.12,76919.37,584,1400,0
2026-05-19 06:15:00,76926.46,76985.06,76879.6,76951.81,475,1400,0
2026-05-19 06:30:00,76949.05,77050.48,76873.56,77020.01,584,1400,0
2026-05-19 06:45:00,77013.47,77031.73,76943.53,76960.99,423,1400,0
2026-05-19 07:00:00,76961.19,77083.17,76902.66,77075.88,582,1400,0
2026-05-19 07:15:00,77078.21,77205.97,77035.82,77083.8,628,1400,0
2026-05-19 07:30:00,77082.79,77214.13,77059.86,77186.52,486,1400,0
2026-05-19 07:45:00,77187.88,77225.14,77147.39,77173.03,509,1400,0
2026-05-19 08:00:00,77172.39,77194.79,76979.65,77048.45,556,1400,0
2026-05-19 08:15:00,77051.74,77132.07,76902.25,77010.41,625,1400,0
2026-05-19 08:30:00,77012.49,77263.27,76953.64,77110.75,677,1400,0
2026-05-19 08:45:00,77109.99,77155.27,76967.51,76993.92,458,1400,0
2026-05-19 09:00:00,76992.89,77009.92,76932.52,76953.59,424,1400,0
2026-05-19 09:15:00,76953.02,76953.02,76667.97,76701.95,812,1400,0
2026-05-19 09:30:00,76704.16,76797.7,76631.34,76739.01,710,1400,0
2026-05-19 09:45:00,76736.19,76780.44,76684.27,76748.47,465,1400,0
2026-05-19 10:00:00,76747.32,76818.03,76684.54,76740.14,471,1400,0
2026-05-19 10:15:00,76740.22,76779.51,76673.15,76768.46,424,1400,0
2026-05-19 10:30:00,76770.65,76915.16,76667.32,76692.7,800,1400,0
2026-05-19 10:45:00,76687.72,77045.74,76625.19,76977.73,783,1400,0
2026-05-19 11:00:00,76980.8,77014.37,76893.02,76938.83,555,1400,0
2026-05-19 11:15:00,76938.75,76964.67,76765.11,76819.12,458,1400,0
2026-05-19 11:30:00,76819.05,76833.14,76553.67,76591.91,518,1400,0
2026-05-19 11:45:00,76592.66,76701.12,76590.47,76640.95,422,1400,0
2026-05-19 12:00:00,76636.91,76733.34,76572.39,76717.66,532,1400,0
2026-05-19 12:15:00,76717.76,76782.88,76680.62,76781.93,405,1400,0
2026-05-19 12:30:00,76788.98,76887.26,76764.04,76825.85,466,1400,0
2026-05-19 12:45:00,76825.72,76917.71,76808.03,76867.62,371,1400,0
2026-05-19 13:00:00,76872.67,76921.61,76670.87,76759.9,674,1400,0
2026-05-19 13:15:00,76758.73,76787.47,76512.78,76528.28,918,1400,0
2026-05-19 13:30:00,76529.06,76993.86,76513.58,76664.09,2071,1400,0
2026-05-19 13:45:00,76661.59,76963.3,76645.95,76804.97,1442,1400,0
2026-05-19 14:00:00,76808.51,76954.05,76555.1,76558.63,1518,1400,0
2026-05-19 14:15:00,76558.5,76596.76,76225.83,76385.25,1781,1400,0
2026-05-19 14:30:00,76385.24,76521.23,76170.2,76394.9,1363,1400,0
2026-05-19 14:45:00,76392.05,76425.42,76068.59,76333.06,1293,1400,0
2026-05-19 15:00:00,76331.62,76533.23,76262.53,76523.27,807,1400,0
2026-05-19 15:15:00,76524.93,76610.44,76334.86,76435.61,819,1400,0
2026-05-19 15:30:00,76435.85,76619.81,76363.56,76411.27,838,1400,0
2026-05-19 15:45:00,76413.68,76509.12,76348.29,76458.76,592,1400,0
2026-05-19 16:00:00,76461.16,76516.36,76333.23,76397.96,730,1400,0
2026-05-19 16:15:00,76400.41,76551.57,76390.32,76544.1,565,1400,0
2026-05-19 16:30:00,76542.31,76740.61,76535.2,76740.61,681,1400,0
2026-05-19 16:45:00,76735.0,76858.74,76676.47,76814.99,776,1400,0
2026-05-19 17:00:00,76825.23,76906.48,76792.12,76891.56,702,1400,0
2026-05-19 17:15:00,76889.44,76959.7,76802.13,76809.94,736,1400,0
2026-05-19 17:30:00,76812.4,76957.86,76683.8,76846.98,815,1400,0
2026-05-19 17:45:00,76847.95,76847.95,76686.51,76773.73,528,1400,0
2026-05-19 18:00:00,76773.82,76880.85,76718.22,76849.47,491,1400,0
2026-05-19 18:15:00,76848.26,76880.61,76683.41,76707.72,592,1400,0
2026-05-19 18:30:00,76709.94,76794.13,76669.13,76766.23,476,1400,0
2026-05-19 18:45:00,76772.82,76819.46,76695.31,76729.79,521,1400,0
2026-05-19 19:00:00,76729.87,76998.53,76729.87,76981.49,508,1400,0
2026-05-19 19:15:00,76981.25,77014.06,76690.42,76749.64,534,1400,0
2026-05-19 19:30:00,76747.4,76848.62,76716.55,76801.55,449,1400,0
2026-05-19 19:45:00,76799.21,76821.92,76701.57,76755.59,520,1400,0
2026-05-19 20:00:00,76753.98,76890.45,76753.98,76870.73,336,1400,0
2026-05-19 20:15:00,76869.08,76885.65,76826.99,76860.17,265,1400,0
2026-05-19 20:30:00,76863.24,76916.74,76852.24,76873.01,241,1400,0
2026-05-19 20:45:00,76871.45,76972.96,76871.45,76942.1,322,1400,0
2026-05-19 21:00:00,76942.21,76967.29,76894.36,76942.51,324,1400,0
2026-05-19 21:15:00,76942.97,76978.52,76908.89,76929.16,351,1400,0
2026-05-19 21:30:00,76930.29,76977.69,76924.98,76954.96,275,1400,0
2026-05-19 21:45:00,76953.82,76966.57,76906.54,76912.23,336,1400,0
2026-05-19 22:00:00,76910.79,76910.79,76707.63,76716.63,655,1400,0
2026-05-19 22:15:00,76713.79,76728.31,76579.05,76610.27,591,1400,0
2026-05-19 22:30:00,76605.99,76726.13,76573.31,76690.59,413,1400,0
2026-05-19 22:45:00,76688.9,76699.85,76629.09,76643.95,331,1400,0
2026-05-19 23:00:00,76635.93,76776.84,76597.27,76740.82,404,1400,0
2026-05-19 23:15:00,76741.59,76842.32,76728.21,76832.84,365,1400,0
2026-05-19 23:30:00,76832.81,76915.07,76807.21,76840.57,408,1400,0
2026-05-19 23:45:00,76842.99,76860.04,76742.72,76775.38,426,1400,0
2026-05-20 00:00:00,76772.6,76829.76,76464.94,76501.37,684,1400,0
2026-05-20 00:15:00,76494.12,76620.99,76440.98,76617.62,704,1400,0
2026-05-20 00:30:00,76626.19,76777.46,76549.92,76648.26,807,1400,0
2026-05-20 00:45:00,76651.14,76710.42,76607.81,76710.42,585,1400,0
2026-05-20 01:00:00,76707.51,76838.35,76628.95,76787.58,770,1400,0
2026-05-20 01:15:00,76787.5,76825.4,76482.35,76512.05,650,1400,0
2026-05-20 01:30:00,76515.6,76633.64,76455.28,76530.96,825,1400,0
2026-05-20 01:45:00,76532.13,76861.05,76486.15,76743.26,919,1400,0
2026-05-20 02:00:00,76740.53,76780.81,76671.26,76739.43,574,1400,0
2026-05-20 02:15:00,76737.93,76844.01,76695.91,76701.51,472,1400,0
2026-05-20 02:30:00,76700.54,76700.54,76528.04,76541.19,774,1400,0
2026-05-20 02:45:00,76540.98,76635.22,76519.82,76616.01,498,1400,0
2026-05-20 03:00:00,76615.05,76615.05,76527.17,76570.85,495,1400,0
2026-05-20 03:15:00,76569.73,76750.16,76543.37,76717.83,542,1400,0
2026-05-20 03:30:00,76713.17,76727.87,76651.15,76661.55,461,1400,0
2026-05-20 03:45:00,76661.46,76690.38,76628.78,76646.52,369,1400,0
2026-05-20 04:00:00,76649.38,76771.41,76649.38,76738.8,437,1400,0
2026-05-20 04:15:00,76736.64,76749.79,76675.73,76675.73,323,1400,0
2026-05-20 04:30:00,76678.73,76711.71,76604.05,76661.44,387,1400,0
2026-05-20 04:45:00,76658.57,76738.12,76658.57,76698.71,310,1400,0
2026-05-20 05:00:00,76697.99,77199.29,76697.99,77151.55,829,1400,0
2026-05-20 05:15:00,77154.17,77167.12,77048.07,77091.87,521,1400,0
2026-05-20 05:30:00,77098.41,77261.64,77069.44,77069.75,656,1400,0
2026-05-20 05:45:00,77061.69,77145.6,77061.69,77123.74,381,1400,0
2026-05-20 06:00:00,77124.52,77171.21,77106.87,77163.87,424,1400,0
2026-05-20 06:15:00,77164.9,77296.21,77164.9,77206.19,441,1400,0
2026-05-20 06:30:00,77206.75,77247.53,77161.95,77242.69,421,1400,0
2026-05-20 06:45:00,77233.62,77348.27,77198.61,77334.23,457,1400,0
2026-05-20 07:00:00,77335.27,77352.36,77238.08,77299.35,431,1400,0
2026-05-20 07:15:00,77297.42,77400.79,77237.77,77317.58,433,1400,0
2026-05-20 07:30:00,77315.03,77323.38,77247.99,77276.92,362,1400,0
2026-05-20 07:45:00,77276.46,77281.47,77149.44,77199.64,346,1400,0
2026-05-20 08:00:00,77194.74,77248.79,77157.65,77191.79,452,1400,0
2026-05-20 08:15:00,77191.8,77223.5,77120.36,77202.47,331,1400,0
2026-05-20 08:30:00,77203.16,77556.32,77199.69,77442.69,680,1400,0
2026-05-20 08:45:00,77440.41,77466.48,77368.72,77377.14,380,1400,0
2026-05-20 09:00:00,77376.91,77405.76,77307.95,77336.11,361,1400,0
2026-05-20 09:15:00,77333.75,77426.93,77271.95,77405.31,328,1400,0
2026-05-20 09:30:00,77404.53,77467.78,77399.73,77421.96,377,1400,0
2026-05-20 09:45:00,77421.96,77442.65,77356.09,77405.05,388,1400,0
2026-05-20 10:00:00,77406.31,77521.61,77406.31,77517.11,380,1400,0
2026-05-20 10:15:00,77515.91,77573.92,77467.49,77531.72,365,1400,0
2026-05-20 10:30:00,77535.34,77597.56,77434.19,77475.17,394,1400,0
2026-05-20 10:45:00,77473.74,77507.9,77423.75,77423.75,317,1400,0
2026-05-20 11:00:00,77423.77,77483.95,77382.5,77408.25,329,1400,0
2026-05-20 11:15:00,77408.47,77436.51,77365.58,77387.11,312,1400,0
2026-05-20 11:30:00,77389.56,77414.59,77255.58,77319.36,359,1400,0
2026-05-20 11:45:00,77320.58,77350.96,77238.63,77300.75,292,1400,0
2026-05-20 12:00:00,77301.22,77405.31,77275.98,77371.14,341,1400,0
2026-05-20 12:15:00,77369.71,77466.01,77290.42,77417.29,417,1400,0
2026-05-20 12:30:00,77419.58,77486.54,77412.59,77449.03,326,1400,0
2026-05-20 12:45:00,77450.36,77688.6,77443.98,77548.66,520,1400,0
2026-05-20 13:00:00,77552.16,77584.34,77379.47,77392.3,453,1400,0
2026-05-20 13:15:00,77393.17,77416.77,77197.95,77238.52,571,1400,0
2026-05-20 13:30:00,77236.48,77275.33,76884.78,77006.74,1862,1400,0
2026-05-20 13:45:00,77008.13,77289.76,76973.01,77136.33,1595,1400,0
2026-05-20 14:00:00,77138.44,77199.1,76812.7,77044.7,1435,1400,0
2026-05-20 14:15:00,77045.53,77512.72,77045.53,77349.05,2658,1400,0
2026-05-20 14:30:00,77350.12,77446.02,77196.58,77324.47,1412,1400,0
2026-05-20 14:45:00,77326.66,77488.93,77301.45,77371.85,851,1400,0
2026-05-20 15:00:00,77370.1,77416.19,77226.57,77249.1,659,1400,0
2026-05-20 15:15:00,77244.22,77794.99,77244.22,77490.58,2238,1400,0
2026-05-20 15:30:00,77490.9,77586.89,77291.21,77372.34,835,1400,0
2026-05-20 15:45:00,77372.22,77518.17,77300.52,77385.46,737,1400,0
2026-05-20 16:00:00,77382.27,77488.97,77347.07,77412.73,601,1400,0
2026-05-20 16:15:00,77415.15,77415.15,76929.51,77008.1,1160,1400,0
2026-05-20 16:30:00,77008.76,77286.94,76948.15,77253.39,835,1400,0
2026-05-20 16:45:00,77255.31,77283.7,77163.61,77254.44,674,1400,0
2026-05-20 17:00:00,77248.02,77375.94,77148.48,77314.39,766,1400,0
2026-05-20 17:15:00,77312.6,77586.53,77263.92,77483.83,823,1400,0
2026-05-20 17:30:00,77486.35,77643.79,77440.95,77585.5,636,1400,0
2026-05-20 17:45:00,77585.59,77641.13,77455.55,77494.74,583,1400,0
2026-05-20 18:00:00,77492.99,77537.11,77397.35,77407.85,693,1400,0
2026-05-20 18:15:00,77406.16,77560.8,77349.25,77429.5,675,1400,0
2026-05-20 18:30:00,77427.51,77484.67,77383.99,77401.87,507,1400,0
2026-05-20 18:45:00,77401.08,77418.18,77308.05,77337.02,522,1400,0
2026-05-20 19:00:00,77336.41,77385.47,77267.04,77331.8,516,1400,0
2026-05-20 19:15:00,77329.15,77488.03,77287.67,77484.7,510,1400,0
2026-05-20 19:30:00,77487.56,77569.0,77449.18,77555.9,505,1400,0
2026-05-20 19:45:00,77556.66,77641.14,77510.6,77600.92,655,1400,0
2026-05-20 20:00:00,77594.02,77691.26,77505.66,77667.74,502,1400,0
2026-05-20 20:15:00,77668.84,77679.85,77402.52,77613.55,906,1400,0
2026-05-20 20:30:00,77610.54,77672.61,77526.07,77615.21,480,1400,0
2026-05-20 20:45:00,77615.36,77699.43,77592.2,77637.29,397,1400,0
2026-05-20 21:00:00,77632.91,77706.56,77565.2,77683.57,356,1400,0
2026-05-20 21:15:00,77687.76,77687.77,77526.51,77540.21,332,1400,0
2026-05-20 21:30:00,77535.54,77588.86,77506.76,77552.65,316,1400,0
2026-05-20 21:45:00,77552.67,77585.23,77428.5,77433.25,439,1400,0
2026-05-20 22:00:00,77432.94,77432.94,77214.03,77302.58,794,1400,0
2026-05-20 22:15:00,77301.56,77375.57,77137.52,77356.54,638,1400,0
2026-05-20 22:30:00,77363.53,77432.44,77300.79,77371.44,446,1400,0
2026-05-20 22:45:00,77366.5,77432.77,77366.5,77430.23,332,1400,0
2026-05-20 23:00:00,77434.5,77437.37,77320.63,77387.38,368,1400,0
2026-05-20 23:15:00,77379.23,77388.62,77299.06,77327.38,389,1400,0
2026-05-20 23:30:00,77325.22,77413.97,77309.3,77395.31,370,1400,0
2026-05-20 23:45:00,77398.42,77484.05,77373.35,77470.99,373,1400,0
2026-05-21 00:00:00,77474.38,77610.8,77427.67,77592.46,529,1400,0
2026-05-21 00:15:00,77594.05,77661.45,77521.24,77655.99,442,1400,0
2026-05-21 00:30:00,77655.18,77676.45,77615.42,77664.56,416,1400,0
2026-05-21 00:45:00,77662.16,78001.74,77662.16,77885.11,849,1400,0
2026-05-21 01:00:00,77885.64,78075.29,77850.02,78050.13,606,1400,0
2026-05-21 01:15:00,78062.47,78115.69,77742.97,77807.32,766,1400,0
2026-05-21 01:30:00,77807.4,77899.49,77737.62,77820.1,457,1400,0
2026-05-21 01:45:00,77820.14,77900.32,77717.08,77782.92,472,1400,0
2026-05-21 02:00:00,77782.63,77839.81,77738.88,77811.27,391,1400,0
2026-05-21 02:15:00,77810.43,78029.84,77789.34,77967.94,609,1400,0
2026-05-21 02:30:00,77967.91,78005.24,77899.87,77936.46,409,1400,0
2026-05-21 02:45:00,77931.85,77949.47,77870.07,77876.95,349,1400,0
2026-05-21 03:00:00,77875.37,77933.49,77840.34,77877.01,335,1400,0
2026-05-21 03:15:00,77874.01,77978.08,77823.36,77952.18,352,1400,0
2026-05-21 03:30:00,77955.82,77965.27,77903.23,77945.91,238,1400,0
2026-05-21 03:45:00,77945.43,78026.91,77915.91,77995.24,358,1400,0
2026-05-21 04:00:00,77989.14,78098.44,77880.4,77903.53,472,1400,0
2026-05-21 04:15:00,77903.45,77962.92,77879.19,77944.52,306,1400,0
2026-05-21 04:30:00,77948.21,77963.43,77882.7,77908.96,315,1400,0
2026-05-21 04:45:00,77909.4,77982.71,77903.57,77956.22,275,1400,0
2026-05-21 05:00:00,77952.97,78071.33,77815.06,77855.66,395,1400,0
2026-05-21 05:15:00,77855.75,77884.81,77783.7,77795.59,361,1400,0
2026-05-21 05:30:00,77790.74,77847.78,77763.42,77781.44,339,1400,0
2026-05-21 05:45:00,77776.96,77797.0,77620.84,77758.72,522,1400,0
2026-05-21 06:00:00,77756.74,77801.58,77648.55,77684.72,469,1400,0
2026-05-21 06:15:00,77683.63,77780.0,77630.69,77704.53,438,1400,0
2026-05-21 06:30:00,77703.93,77750.12,77562.31,77607.9,398,1400,0
2026-05-21 06:45:00,77606.25,77606.25,77450.29,77544.21,537,1400,0
2026-05-21 07:00:00,77544.28,77617.95,77484.73,77527.09,550,1400,0
2026-05-21 07:15:00,77522.61,77544.94,77429.57,77524.98,483,1400,0
2026-05-21 07:30:00,77527.66,77640.64,77527.66,77637.81,326,1400,0
2026-05-21 07:45:00,77641.98,77823.5,77625.52,77795.07,472,1400,0
2026-05-21 08:00:00,77796.13,78144.5,77796.13,78056.35,1011,1400,0
2026-05-21 08:15:00,78055.4,78100.66,77864.11,77971.71,723,1400,0
2026-05-21 08:30:00,77971.76,77985.15,77807.72,77852.95,504,1400,0
2026-05-21 08:45:00,77849.23,77891.58,77804.09,77850.42,484,1400,0
2026-05-21 09:00:00,77844.43,77914.59,77801.6,77862.35,440,1400,0
2026-05-21 09:15:00,77865.99,77888.88,77831.55,77844.99,329,1400,0
2026-05-21 09:30:00,77844.11,77871.19,77593.31,77602.13,564,1400,0
2026-05-21 09:45:00,77605.61,77648.2,77544.33,77551.7,398,1400,0
2026-05-21 10:00:00,77551.85,77611.99,77534.16,77557.29,367,1400,0
2026-05-21 10:15:00,77556.96,77605.97,77094.46,77308.92,1155,1400,0
2026-05-21 10:30:00,77297.53,77378.04,77133.16,77273.14,1126,1400,0
2026-05-21 10:45:00,77274.66,77299.14,77099.7,77128.04,798,1400,0
2026-05-21 11:00:00,77129.96,77266.39,77053.69,77230.76,722,1400,0
2026-05-21 11:15:00,77229.33,77300.4,77188.29,77249.41,549,1400,0
2026-05-21 11:30:00,77249.51,77300.85,77136.89,77184.7,499,1400,0
2026-05-21 11:45:00,77182.6,77195.53,77102.12,77122.16,354,1400,0
2026-05-21 12:00:00,77124.6,77206.48,77076.56,77123.5,449,1400,0
2026-05-21 12:15:00,77120.19,77147.6,77007.14,77041.33,505,1400,0
2026-05-21 12:30:00,77033.6,77247.56,76983.73,77164.0,805,1400,0
2026-05-21 12:45:00,77167.42,77289.62,77167.42,77202.4,409,1400,0
2026-05-21 13:00:00,77203.01,77280.46,77159.61,77172.75,543,1400,0
2026-05-21 13:15:00,77173.4,77233.02,77115.06,77207.79,490,1400,0
2026-05-21 13:30:00,77219.73,77238.83,76646.59,76686.56,2180,1400,0
2026-05-21 13:45:00,76689.1,77117.35,76665.51,77052.17,1868,1400,0
2026-05-21 14:00:00,77048.58,77171.32,76961.73,77014.03,1253,1400,0
2026-05-21 14:15:00,77016.78,77021.89,76693.67,76980.06,1346,1400,0
2026-05-21 14:30:00,76980.48,77115.5,76861.01,76905.24,992,1400,0
2026-05-21 14:45:00,76906.98,76963.2,76804.43,76900.78,906,1400,0
2026-05-21 15:00:00,76898.8,77154.83,76808.44,77071.87,1186,1400,0
2026-05-21 15:15:00,77069.91,77243.43,77024.58,77183.95,802,1400,0
2026-05-21 15:30:00,77184.69,77205.85,76988.43,77142.78,694,1400,0
2026-05-21 15:45:00,77145.27,77337.98,77073.89,77183.78,622,1400,0
2026-05-21 16:00:00,77185.07,77276.11,77134.3,77195.32,674,1400,0
2026-05-21 16:15:00,77201.23,77211.35,77018.76,77101.4,615,1400,0
2026-05-21 16:30:00,77103.11,77208.94,76940.23,76983.07,688,1400,0
2026-05-21 16:45:00,76985.4,77113.83,76912.92,77113.82,519,1400,0
2026-05-21 17:00:00,77114.19,77492.59,77088.59,77431.63,1281,1400,0
2026-05-21 17:15:00,77434.67,77937.22,77405.61,77897.75,1964,1400,0
2026-05-21 17:30:00,77895.89,77967.1,77780.17,77822.36,1074,1400,0
2026-05-21 17:45:00,77825.43,78023.72,77714.18,77800.34,860,1400,0
2026-05-21 18:00:00,77794.38,77862.09,77548.9,77628.14,1194,1400,0
2026-05-21 18:15:00,77630.24,77827.78,77552.77,77661.32,689,1400,0
2026-05-21 18:30:00,77661.45,77741.36,77640.89,77676.36,526,1400,0
2026-05-21 18:45:00,77681.29,77693.36,77175.71,77308.21,1579,1400,0
2026-05-21 19:00:00,77301.41,77522.32,77284.56,77477.54,848,1400,0
2026-05-21 19:15:00,77478.02,77535.49,77437.34,77473.54,529,1400,0
2026-05-21 19:30:00,77472.26,77582.12,77472.26,77558.68,418,1400,0
2026-05-21 19:45:00,77557.53,77728.15,77528.71,77620.41,704,1400,0
2026-05-21 20:00:00,77625.5,77670.99,77584.27,77628.83,444,1400,0
2026-05-21 20:15:00,77624.49,77659.47,77602.86,77625.9,363,1400,0
2026-05-21 20:30:00,77623.79,77729.3,77561.51,77623.05,325,1400,0
2026-05-21 20:45:00,77625.89,77732.5,77584.6,77627.79,399,1400,0
2026-05-21 21:00:00,77628.01,77740.85,77628.01,77704.42,344,1400,0
2026-05-21 21:15:00,77703.91,77737.81,77683.08,77737.81,317,1400,0
2026-05-21 21:30:00,77735.7,77745.62,77621.0,77640.05,382,1400,0
2026-05-21 21:45:00,77642.41,77652.28,77565.65,77603.45,328,1400,0
2026-05-21 22:00:00,77607.1,77684.8,77530.43,77591.04,542,1400,0
2026-05-21 22:15:00,77581.72,77629.33,77513.57,77626.35,344,1400,0
2026-05-21 22:30:00,77626.22,77647.63,77474.85,77553.97,375,1400,0
2026-05-21 22:45:00,77564.29,77589.04,77529.18,77553.14,290,1400,0
2026-05-21 23:00:00,77554.38,77654.37,77482.55,77482.55,393,1400,0
2026-05-21 23:15:00,77488.65,77590.18,77449.37,77588.21,403,1400,0
2026-05-21 23:30:00,77584.07,77679.79,77558.3,77623.91,373,1400,0
2026-05-21 23:45:00,77628.98,77677.13,77524.03,77555.11,367,1400,0
2026-05-22 00:00:00,77555.55,77567.64,77364.89,77369.92,538,1400,0
2026-05-22 00:15:00,77368.12,77481.98,77329.79,77399.88,503,1400,0
2026-05-22 00:30:00,77398.31,77496.04,77309.05,77398.02,544,1400,0
2026-05-22 00:45:00,77397.29,77442.22,77289.72,77309.02,459,1400,0
2026-05-22 01:00:00,77314.78,77443.34,77246.89,77435.8,566,1400,0
2026-05-22 01:15:00,77436.97,77464.96,77365.28,77384.48,415,1400,0
2026-05-22 01:30:00,77380.67,77449.83,77278.49,77446.05,452,1400,0
2026-05-22 01:45:00,77446.03,77591.65,77446.03,77544.34,402,1400,0
2026-05-22 02:00:00,77545.89,77630.85,77539.88,77596.93,442,1400,0
2026-05-22 02:15:00,77596.82,77663.81,77532.02,77589.13,439,1400,0
2026-05-22 02:30:00,77588.49,77627.68,77538.6,77553.64,393,1400,0
2026-05-22 02:45:00,77553.81,77636.64,77518.44,77592.39,359,1400,0
2026-05-22 03:00:00,77591.81,77711.72,77591.81,77635.79,362,1400,0
2026-05-22 03:15:00,77636.1,77726.74,77601.13,77721.91,327,1400,0
2026-05-22 03:30:00,77722.03,77740.83,77668.84,77713.41,348,1400,0
2026-05-22 03:45:00,77709.66,77744.55,77665.41,77708.54,295,1400,0
2026-05-22 04:00:00,77706.82,77812.01,77706.82,77789.05,330,1400,0
2026-05-22 04:15:00,77791.49,77830.6,77695.78,77732.45,378,1400,0
2026-05-22 04:30:00,77732.52,77735.07,77605.67,77608.93,316,1400,0
2026-05-22 04:45:00,77606.63,77624.36,77556.53,77574.77,340,1400,0
2026-05-22 05:00:00,77575.84,77653.07,77522.03,77606.37,328,1400,0
2026-05-22 05:15:00,77608.87,77623.3,77484.75,77526.92,334,1400,0
2026-05-22 05:30:00,77530.59,77565.35,77439.75,77501.5,415,1400,0
2026-05-22 05:45:00,77503.54,77596.04,77373.67,77413.81,339,1400,0
2026-05-22 06:00:00,77412.37,77452.95,77346.39,77409.2,480,1400,0
2026-05-22 06:15:00,77409.29,77420.51,77320.66,77372.37,453,1400,0
2026-05-22 06:30:00,77374.12,77407.53,77318.09,77395.8,407,1400,0
2026-05-22 06:45:00,77384.79,77433.1,77269.38,77345.44,429,1400,0
2026-05-22 07:00:00,77346.89,77346.89,77186.8,77292.85,465,1400,0
2026-05-22 07:15:00,77288.8,77446.92,77288.8,77430.98,386,1400,0
2026-05-22 07:30:00,77431.26,77468.19,77351.6,77388.93,406,1400,0
2026-05-22 07:45:00,77394.05,77394.05,77310.69,77320.31,318,1400,0
2026-05-22 08:00:00,77323.45,77388.59,77270.42,77324.97,409,1400,0
2026-05-22 08:15:00,77324.85,77462.75,77323.84,77403.64,537,1400,0
2026-05-22 08:30:00,77404.8,77418.37,77112.54,77249.8,818,1400,0
2026-05-22 08:45:00,77247.93,77280.51,77161.89,77189.1,497,1400,0
2026-05-22 09:00:00,77190.14,77211.72,77111.28,77127.95,502,1400,0
2026-05-22 09:15:00,77118.15,77232.89,77110.56,77173.86,408,1400,0
2026-05-22 09:30:00,77171.68,77241.04,77110.71,77217.79,369,1400,0
2026-05-22 09:45:00,77221.3,77279.57,77171.61,77217.07,324,1400,0
2026-05-22 10:00:00,77210.91,77269.34,77189.34,77219.78,294,1400,0
2026-05-22 10:15:00,77218.05,77268.26,77166.96,77248.89,317,1400,0
2026-05-22 10:30:00,77251.22,77284.31,77206.36,77247.65,348,1400,0
2026-05-22 10:45:00,77237.62,77249.42,77181.89,77227.45,267,1400,0
2026-05-22 11:00:00,77232.53,77273.8,77193.22,77208.65,348,1400,0
2026-05-22 11:15:00,77209.46,77261.97,77073.86,77222.68,409,1400,0
2026-05-22 11:30:00,77224.72,77266.2,77198.17,77242.17,348,1400,0
2026-05-22 11:45:00,77242.08,77349.67,77228.17,77349.67,372,1400,0
2026-05-22 12:00:00,77348.86,77485.12,77295.7,77445.71,565,1400,0
2026-05-22 12:15:00,77450.64,77502.1,77317.59,77346.59,551,1400,0
2026-05-22 12:30:00,77342.19,77387.99,77309.12,77340.16,353,1400,0
2026-05-22 12:45:00,77339.47,77453.03,77339.47,77438.7,331,1400,0
2026-05-22 13:00:00,77444.26,77475.58,77367.05,77406.4,474,1400,0
2026-05-22 13:15:00,77403.67,77446.01,77211.01,77211.01,472,1400,0
2026-05-22 13:30:00,77215.65,77282.8,77020.76,77121.21,1472,1400,0
2026-05-22 13:45:00,77122.22,77213.39,77069.99,77202.54,904,1400,0
2026-05-22 14:00:00,77200.92,77200.92,76876.19,76977.63,1303,1400,0
2026-05-22 14:15:00,76980.29,77026.65,76682.09,76765.64,1084,1400,0
2026-05-22 14:30:00,76764.62,76772.08,76686.17,76735.42,637,1400,0
2026-05-22 14:45:00,76733.98,76755.13,76639.47,76673.58,558,1400,0
2026-05-22 15:00:00,76672.3,76871.35,76569.52,76692.42,762,1400,0
2026-05-22 15:15:00,76695.51,76827.25,76472.89,76827.25,862,1400,0
2026-05-22 15:30:00,76818.64,76934.62,76556.78,76620.69,957,1400,0
2026-05-22 15:45:00,76630.67,76733.72,76560.87,76696.93,556,1400,0
2026-05-22 16:00:00,76688.97,76803.97,76664.23,76784.61,750,1400,0
2026-05-22 16:15:00,76784.5,76857.34,76711.75,76839.05,535,1400,0
2026-05-22 16:30:00,76839.0,76882.83,76772.66,76802.54,504,1400,0
2026-05-22 16:45:00,76803.14,76915.79,76793.56,76861.4,462,1400,0
2026-05-22 17:00:00,76864.73,76926.48,76802.24,76866.2,390,1400,0
2026-05-22 17:15:00,76861.5,76991.4,76678.21,76961.66,956,1400,0
2026-05-22 17:30:00,76970.35,77016.48,76825.58,76869.19,770,1400,0
2026-05-22 17:45:00,76873.26,76890.54,76655.6,76655.6,518,1400,0
2026-05-22 18:00:00,76662.42,76727.55,76591.8,76721.32,552,1400,0
2026-05-22 18:15:00,76718.89,76814.91,76698.13,76719.15,468,1400,0
2026-05-22 18:30:00,76718.86,76735.58,76486.92,76487.82,786,1400,0
2026-05-22 18:45:00,76491.7,76501.85,75989.67,76441.2,1793,1400,0
2026-05-22 19:00:00,76441.21,76508.56,76115.83,76159.72,1241,1400,0
2026-05-22 19:15:00,76158.39,76318.15,76088.05,76163.18,761,1400,0
2026-05-22 19:30:00,76170.08,76183.82,75561.19,75726.41,2774,1400,0
2026-05-22 19:45:00,75727.35,75850.5,75585.94,75781.6,1101,1400,0
2026-05-22 20:00:00,75781.2,75931.22,75736.28,75831.61,703,1400,0
2026-05-22 20:15:00,75831.69,75904.68,75790.02,75878.71,561,1400,0
2026-05-22 20:30:00,75879.76,75886.17,75724.8,75847.11,789,1400,0
2026-05-22 20:45:00,75838.35,75999.0,75793.96,75891.37,578,1400,0
2026-05-22 21:00:00,75894.7,75945.82,75858.45,75904.85,378,1400,0
2026-05-22 21:15:00,75898.76,75950.47,75878.39,75939.38,347,1400,0
2026-05-22 21:30:00,75939.46,75997.41,75838.74,75897.51,421,1400,0
2026-05-22 21:45:00,75900.04,75978.77,75876.15,75883.39,491,1400,0
2026-05-22 22:00:00,75884.77,75901.37,75749.8,75825.29,581,1400,0
2026-05-22 22:15:00,75811.68,75825.45,75657.69,75693.23,412,1400,0
2026-05-22 22:30:00,75696.56,75780.19,75447.67,75561.57,668,1400,0
2026-05-22 22:45:00,75563.41,75669.72,75532.53,75646.1,415,1400,0
2026-05-22 23:00:00,75653.74,75793.45,75653.74,75763.18,363,1400,0
2026-05-22 23:15:00,75758.94,75771.12,75583.79,75583.88,389,1400,0
2026-05-22 23:30:00,75583.96,75721.93,75553.07,75692.39,437,1400,0
2026-05-22 23:45:00,75694.58,75694.58,75260.94,75446.78,1338,1400,0
2026-05-23 00:00:00,75453.55,75547.23,75329.69,75382.35,838,1400,0
2026-05-23 00:15:00,75382.38,75437.19,75302.98,75393.25,769,1400,0
2026-05-23 00:30:00,75393.19,75402.13,75113.08,75194.22,1386,1400,0
2026-05-23 00:45:00,75196.29,75324.5,75186.95,75268.29,498,1400,0
2026-05-23 01:00:00,75273.44,75417.94,75272.49,75329.68,453,1400,0
2026-05-23 01:15:00,75333.04,75399.02,75278.95,75383.5,402,1400,0
2026-05-23 01:30:00,75377.38,75423.15,75310.54,75364.75,410,1400,0
2026-05-23 01:45:00,75363.63,75418.64,75256.88,75401.86,398,1400,0
2026-05-23 02:00:00,75410.36,75469.56,75325.07,75390.0,493,1400,0
2026-05-23 02:15:00,75390.29,75455.19,75380.95,75386.49,353,1400,0
2026-05-23 02:30:00,75388.96,75440.87,75368.06,75407.85,355,1400,0
2026-05-23 02:45:00,75404.75,75495.35,75397.78,75479.41,286,1400,0
2026-05-23 03:00:00,75474.74,75528.8,75460.48,75511.69,281,1400,0
2026-05-23 03:15:00,75511.03,75540.77,75483.41,75505.43,296,1400,0
2026-05-23 03:30:00,75504.2,75582.26,75503.99,75563.81,269,1400,0
2026-05-23 03:45:00,75558.35,75576.27,75528.19,75544.55,252,1400,0
2026-05-23 04:00:00,75540.77,75559.79,75522.84,75539.97,269,1400,0
2026-05-23 04:15:00,75535.83,75543.76,75466.07,75501.39,275,1400,0
2026-05-23 04:30:00,75505.49,75569.81,75421.4,75425.83,354,1400,0
2026-05-23 04:45:00,75420.96,75458.41,75416.02,75453.36,215,1400,0
2026-05-23 05:00:00,75453.74,75478.88,75418.49,75439.49,236,1400,0
2026-05-23 05:15:00,75434.74,75466.2,75391.7,75395.64,298,1400,0
2026-05-23 05:30:00,75395.63,75426.5,75385.3,75422.57,236,1400,0
2026-05-23 05:45:00,75426.93,75435.77,75377.36,75401.5,241,1400,0
2026-05-23 06:00:00,75403.07,75415.09,75379.41,75381.95,251,1400,0
2026-05-23 06:15:00,75381.88,75406.97,75348.87,75358.19,272,1400,0
2026-05-23 06:30:00,75360.58,75396.17,75321.91,75355.9,307,1400,0
2026-05-23 06:45:00,75357.62,75362.37,75288.19,75309.1,338,1400,0
2026-05-23 07:00:00,75312.72,75351.27,75159.18,75267.3,469,1400,0
2026-05-23 07:15:00,75266.43,75266.43,75113.91,75206.28,310,1400,0
2026-05-23 07:30:00,75205.16,75266.07,75057.56,75194.78,554,1400,0
2026-05-23 07:45:00,75195.42,75195.42,74154.51,74528.56,3730,1400,0
2026-05-23 08:00:00,74534.87,74638.57,74405.01,74575.67,990,1400,0
2026-05-23 08:15:00,74581.4,74672.35,74507.24,74530.8,731,1400,0
2026-05-23 08:30:00,74531.37,74542.25,74255.2,74372.06,796,1400,0
2026-05-23 08:45:00,74372.5,74596.46,74329.82,74588.31,469,1400,0
2026-05-23 09:00:00,74596.47,74605.01,74526.77,74569.32,406,1400,0
2026-05-23 09:15:00,74568.5,74614.72,74563.28,74607.51,271,1400,0
2026-05-23 09:30:00,74600.15,74673.49,74571.18,74648.57,370,1400,0
2026-05-23 09:45:00,74639.75,74682.41,74568.43,74583.12,328,1400,0
2026-05-23 10:00:00,74580.29,74661.83,74569.95,74659.55,285,1400,0
2026-05-23 10:15:00,74655.78,74674.39,74620.01,74649.22,261,1400,0
2026-05-23 10:30:00,74650.27,74701.49,74632.54,74681.01,337,1400,0
2026-05-23 10:45:00,74688.48,74707.54,74614.92,74627.89,288,1400,0
2026-05-23 11:00:00,74625.52,74733.91,74614.98,74699.07,278,1400,0
2026-05-23 11:15:00,74698.54,74787.0,74698.54,74761.4,319,1400,0
2026-05-23 11:30:00,74765.85,74773.38,74698.46,74701.36,295,1400,0
2026-05-23 11:45:00,74709.21,74748.72,74696.15,74702.43,196,1400,0
2026-05-23 12:00:00,74709.97,74718.67,74605.72,74643.16,327,1400,0
2026-05-23 12:15:00,74640.22,74675.58,74566.76,74651.21,342,1400,0
2026-05-23 12:30:00,74648.57,74696.42,74638.47,74638.47,355,1400,0
2026-05-23 12:45:00,74657.5,74669.11,74628.76,74668.91,257,1400,0
2026-05-23 13:00:00,74668.51,74927.33,74658.91,74849.63,579,1400,0
2026-05-23 13:15:00,74849.95,74964.33,74849.95,74897.84,554,1400,0
2026-05-23 13:30:00,74902.54,74947.91,74787.69,74853.25,598,1400,0
2026-05-23 13:45:00,74851.79,75185.13,74851.79,75130.05,709,1400,0
2026-05-23 14:00:00,75126.27,75169.95,75021.9,75112.83,440,1400,0
2026-05-23 14:15:00,75109.79,75262.38,75095.95,75234.94,429,1400,0
2026-05-23 14:30:00,75233.12,75391.75,75194.79,75378.7,500,1400,0
2026-05-23 14:45:00,75378.63,75624.32,75304.45,75435.65,679,1400,0
2026-05-23 15:00:00,75438.37,75559.87,75386.56,75538.59,491,1400,0
2026-05-23 15:15:00,75536.83,75591.42,75422.02,75453.67,473,1400,0
2026-05-23 15:30:00,75452.35,75465.16,75305.53,75407.37,543,1400,0
2026-05-23 15:45:00,75410.67,75460.49,75379.75,75425.48,393,1400,0
2026-05-23 16:00:00,75425.7,75549.18,75420.33,75432.11,465,1400,0
2026-05-23 16:15:00,75429.44,75457.14,75313.29,75378.33,386,1400,0
2026-05-23 16:30:00,75378.25,75468.76,75368.36,75396.37,342,1400,0
2026-05-23 16:45:00,75406.78,75449.3,75321.14,75342.13,421,1400,0
2026-05-23 17:00:00,75353.58,75436.24,75338.83,75367.01,451,1400,0
2026-05-23 17:15:00,75366.96,75417.8,75312.72,75385.62,442,1400,0
2026-05-23 17:30:00,75379.13,75422.08,75322.11,75335.33,467,1400,0
2026-05-23 17:45:00,75331.62,75429.12,75265.86,75396.24,397,1400,0
2026-05-23 18:00:00,75398.81,75718.62,75368.0,75600.56,714,1400,0
2026-05-23 18:15:00,75609.07,75850.57,75551.02,75742.14,937,1400,0
2026-05-23 18:30:00,75749.09,75935.77,75711.98,75813.7,626,1400,0
2026-05-23 18:45:00,75804.11,75814.51,75663.73,75748.62,482,1400,0
2026-05-23 19:00:00,75748.54,75787.66,75685.0,75706.95,455,1400,0
2026-05-23 19:15:00,75712.12,75947.88,75712.12,75861.4,542,1400,0
2026-05-23 19:30:00,75861.49,75895.52,75785.82,75837.87,462,1400,0
2026-05-23 19:45:00,75844.65,75925.18,75802.33,75892.96,359,1400,0
2026-05-23 20:00:00,75887.27,76073.32,75848.84,75989.76,475,1400,0
2026-05-23 20:15:00,75990.85,76116.69,75898.18,75898.18,609,1400,0
2026-05-23 20:30:00,75903.75,76861.04,75867.06,76742.81,3352,1400,0
2026-05-23 20:45:00,76743.03,77219.64,76605.43,77179.35,1950,1400,0
2026-05-23 21:00:00,77173.66,77317.53,76789.51,76876.3,1886,1400,0
2026-05-23 21:15:00,76877.85,77014.66,76640.23,76640.23,1071,1400,0
2026-05-23 21:30:00,76644.82,76831.9,76438.66,76614.13,1264,1400,0
2026-05-23 21:45:00,76610.3,76729.39,76467.41,76708.87,816,1400,0
2026-05-23 22:00:00,76718.32,76800.91,76547.27,76563.83,624,1400,0
2026-05-23 22:15:00,76565.16,76614.16,76433.88,76446.89,485,1400,0
2026-05-23 22:30:00,76453.1,76506.14,76288.77,76456.07,752,1400,0
2026-05-23 22:45:00,76454.13,76521.2,76391.38,76475.87,428,1400,0
2026-05-23 23:00:00,76475.78,76700.93,76431.38,76567.93,434,1400,0
2026-05-23 23:15:00,76575.5,76660.15,76482.06,76538.76,532,1400,0
2026-05-23 23:30:00,76543.23,76671.73,76538.05,76608.54,504,1400,0
2026-05-23 23:45:00,76608.06,76735.27,76581.56,76638.13,387,1400,0
2026-05-24 00:00:00,76657.63,76702.43,76550.66,76585.08,470,1400,0
2026-05-24 00:15:00,76584.56,76640.45,76521.24,76592.85,366,1400,0
2026-05-24 00:30:00,76591.31,76736.42,76579.2,76650.56,441,1400,0
2026-05-24 00:45:00,76649.66,76853.95,76626.88,76738.74,443,1400,0
2026-05-24 01:00:00,76745.66,76783.38,76645.48,76691.21,489,1400,0
2026-05-24 01:15:00,76687.0,76829.49,76677.73,76794.19,392,1400,0
2026-05-24 01:30:00,76794.86,76830.37,76714.16,76730.03,363,1400,0
2026-05-24 01:45:00,76724.94,76800.48,76688.99,76791.6,405,1400,0
2026-05-24 02:00:00,76788.54,76818.72,76734.09,76815.56,305,1400,0
2026-05-24 02:15:00,76815.46,76866.74,76590.67,76648.15,419,1400,0
2026-05-24 02:30:00,76651.9,76758.86,76651.64,76727.77,376,1400,0
2026-05-24 02:45:00,76727.55,76754.53,76705.85,76721.56,267,1400,0
2026-05-24 03:00:00,76715.57,76909.32,76687.08,76820.59,496,1400,0
2026-05-24 03:15:00,76822.81,76826.94,76760.12,76801.81,367,1400,0
2026-05-24 03:30:00,76809.15,76811.82,76631.25,76667.19,402,1400,0
2026-05-24 03:45:00,76668.82,76711.86,76599.69,76638.91,319,1400,0
2026-05-24 04:00:00,76643.33,76763.89,76643.33,76743.5,372,1400,0
2026-05-24 04:15:00,76746.76,76752.64,76650.09,76651.23,306,1400,0
2026-05-24 04:30:00,76660.78,76688.67,76621.22,76669.15,272,1400,0
2026-05-24 04:45:00,76672.36,76719.47,76623.09,76684.77,268,1400,0
2026-05-24 05:00:00,76679.98,76685.65,76622.26,76645.85,343,1400,0
2026-05-24 05:15:00,76642.97,76642.97,76559.83,76603.27,279,1400,0
2026-05-24 05:30:00,76611.19,76632.74,76547.13,76547.55,323,1400,0
2026-05-24 05:45:00,76546.81,76771.19,76540.84,76715.26,386,1400,0
2026-05-24 06:00:00,76713.47,76774.14,76699.76,76744.22,322,1400,0
2026-05-24 06:15:00,76742.58,76742.58,76618.61,76641.04,291,1400,0
2026-05-24 06:30:00,76637.43,76719.29,76628.7,76713.8,371,1400,0
2026-05-24 06:45:00,76714.84,76981.71,76682.75,76889.78,533,1400,0
2026-05-24 07:00:00,76889.69,76927.53,76791.6,76802.2,439,1400,0
2026-05-24 07:15:00,76800.44,76823.07,76760.1,76811.42,333,1400,0
2026-05-24 07:30:00,76811.49,76817.53,76741.92,76787.53,396,1400,0
2026-05-24 07:45:00,76785.41,76788.81,76681.49,76717.44,295,1400,0
2026-05-24 08:00:00,76712.28,76733.61,76624.68,76643.8,263,1400,0
2026-05-24 08:15:00,76646.57,76754.56,76646.57,76717.48,292,1400,0
2026-05-24 08:30:00,76713.52,76759.02,76684.58,76705.74,285,1400,0
2026-05-24 08:45:00,76698.42,76740.22,76689.4,76721.75,323,1400,0
2026-05-24 09:00:00,76722.73,76814.25,76708.12,76788.46,389,1400,0
2026-05-24 09:15:00,76788.55,76888.09,76783.01,76846.83,470,1400,0
2026-05-24 09:30:00,76855.33,76955.35,76805.97,76884.41,386,1400,0
2026-05-24 09:45:00,76884.18,76934.67,76859.55,76923.16,309,1400,0
2026-05-24 10:00:00,76923.56,76933.77,76817.31,76855.96,339,1400,0
2026-05-24 10:15:00,76850.18,77529.75,76833.52,77125.07,1074,1400,0
2026-05-24 10:30:00,77125.51,77137.0,76982.03,77092.53,742,1400,0
2026-05-24 10:45:00,77091.12,77105.06,77017.35,77090.95,389,1400,0
2026-05-24 11:00:00,77084.85,77257.29,77077.68,77191.87,574,1400,0
2026-05-24 11:15:00,77196.47,77253.18,77145.93,77182.98,451,1400,0
2026-05-24 11:30:00,77183.69,77225.38,77108.9,77148.37,389,1400,0
2026-05-24 11:45:00,77147.32,77218.85,77114.69,77218.77,415,1400,0
2026-05-24 12:00:00,77218.69,77224.57,77054.78,77104.02,457,1400,0
2026-05-24 12:15:00,77105.23,77114.96,76935.38,76972.87,448,1400,0
2026-05-24 12:30:00,76972.06,77033.1,76929.13,77021.64,448,1400,0
2026-05-24 12:45:00,77021.63,77029.61,76976.06,77014.56,306,1400,0
2026-05-24 13:00:00,77018.01,77030.8,76881.24,76956.97,411,1400,0
2026-05-24 13:15:00,76948.63,77028.9,76854.63,76873.51,410,1400,0
2026-05-24 13:30:00,76871.68,76925.35,76768.08,76888.13,590,1400,0
2026-05-24 13:45:00,76884.08,76909.86,76582.48,76695.55,856,1400,0
2026-05-24 14:00:00,76696.62,76751.91,76330.22,76415.56,1256,1400,0
2026-05-24 14:15:00,76426.61,76477.69,76092.61,76317.5,1669,1400,0
2026-05-24 14:30:00,76321.45,76452.78,76307.19,76364.09,674,1400,0
2026-05-24 14:45:00,76362.54,76427.22,76268.98,76364.57,581,1400,0
2026-05-24 15:00:00,76361.35,76450.58,76321.67,76408.53,498,1400,0
2026-05-24 15:15:00,76408.75,76451.14,76303.24,76349.64,511,1400,0
2026-05-24 15:30:00,76350.63,76410.2,76320.89,76352.37,357,1400,0
2026-05-24 15:45:00,76352.8,76391.81,76241.74,76283.61,440,1400,0
2026-05-24 16:00:00,76285.78,76595.24,76266.9,76508.33,813,1400,0
2026-05-24 16:15:00,76504.6,76658.7,76449.43,76488.01,585,1400,0
2026-05-24 16:30:00,76500.18,76507.77,76333.88,76421.32,547,1400,0
2026-05-24 16:45:00,76421.79,76605.7,76416.29,76574.26,430,1400,0
2026-05-24 17:00:00,76579.93,76649.75,76516.25,76539.64,495,1400,0
2026-05-24 17:15:00,76541.07,76573.23,76458.36,76511.61,433,1400,0
2026-05-24 17:30:00,76513.49,76628.05,76479.45,76604.39,430,1400,0
2026-05-24 17:45:00,76607.52,76714.3,76569.79,76597.53,479,1400,0
2026-05-24 18:00:00,76593.08,76673.74,76522.76,76632.06,455,1400,0
2026-05-24 18:15:00,76629.24,76690.03,76572.08,76585.08,452,1400,0
2026-05-24 18:30:00,76589.25,76614.8,76496.03,76544.99,461,1400,0
2026-05-24 18:45:00,76548.59,76581.92,76477.31,76555.69,388,1400,0
2026-05-24 19:00:00,76555.18,76646.09,76531.47,76536.21,440,1400,0
2026-05-24 19:15:00,76533.76,76661.91,76508.51,76562.33,479,1400,0
2026-05-24 19:30:00,76562.22,76640.21,76537.7,76606.36,363,1400,0
2026-05-24 19:45:00,76603.78,76687.08,76597.2,76667.81,334,1400,0
2026-05-24 20:00:00,76668.39,76708.78,76551.73,76586.3,502,1400,0
2026-05-24 20:15:00,76582.41,76621.36,76493.96,76578.19,458,1400,0
2026-05-24 20:30:00,76579.66,76625.0,76536.35,76589.42,583,1400,0
2026-05-24 20:45:00,76589.51,76623.26,76520.95,76560.88,404,1400,0
2026-05-24 21:00:00,76565.13,76653.29,76543.04,76622.49,402,1400,0
2026-05-24 21:15:00,76615.53,76626.63,76364.92,76437.53,407,1400,0
2026-05-24 21:30:00,76437.29,76481.31,76017.84,76059.42,1211,1400,0
2026-05-24 21:45:00,76059.33,76189.59,75993.72,76047.04,811,1400,0
2026-05-24 22:00:00,76048.48,76925.19,76025.0,76882.21,2392,1400,0
2026-05-24 22:15:00,76882.13,76885.32,76717.41,76755.49,837,1400,0
2026-05-24 22:30:00,76754.23,76875.71,76564.71,76693.39,856,1400,0
2026-05-24 22:45:00,76693.42,76908.86,76686.48,76716.54,694,1400,0
2026-05-24 23:00:00,76716.87,76879.28,76709.59,76859.99,735,1400,0
2026-05-24 23:15:00,76860.45,76934.87,76712.73,76764.54,606,1400,0
2026-05-24 23:30:00,76762.66,77131.31,76751.94,77092.09,1056,1400,0
2026-05-24 23:45:00,77092.19,77103.39,76956.28,76982.14,673,1400,0
2026-05-25 00:00:00,76984.08,77116.37,76975.4,77102.24,787,1400,0
2026-05-25 00:15:00,77101.36,77179.84,77025.14,77117.88,735,1400,0
2026-05-25 00:30:00,77118.47,77179.28,77021.97,77027.42,644,1400,0
2026-05-25 00:45:00,77025.21,77199.95,76990.92,77058.43,628,1400,0
2026-05-25 01:00:00,77061.02,77105.91,76909.33,77093.88,672,1400,0
2026-05-25 01:15:00,77095.83,77157.66,77047.08,77088.09,547,1400,0
2026-05-25 01:30:00,77085.18,77127.53,77000.04,77031.31,512,1400,0
2026-05-25 01:45:00,77031.4,77090.72,76822.02,76858.59,526,1400,0
2026-05-25 02:00:00,76861.2,77401.2,76861.2,77298.02,1050,1400,0
2026-05-25 02:15:00,77298.68,77301.57,76929.89,77049.51,656,1400,0
2026-05-25 02:30:00,77053.65,77097.73,76964.78,77067.97,538,1400,0
2026-05-25 02:45:00,77072.65,77090.86,76985.41,77016.08,483,1400,0
2026-05-25 03:00:00,77013.34,77077.83,76961.0,76999.44,601,1400,0
2026-05-25 03:15:00,76999.27,77055.68,76963.38,76992.1,478,1400,0
2026-05-25 03:30:00,76995.98,77027.74,76915.32,76974.47,378,1400,0
2026-05-25 03:45:00,76973.97,76981.92,76898.87,76929.87,393,1400,0
2026-05-25 04:00:00,76929.83,76985.95,76898.61,76932.71,441,1400,0
2026-05-25 04:15:00,76934.28,77082.76,76885.68,77079.85,435,1400,0
2026-05-25 04:30:00,77080.24,77158.66,77029.94,77155.79,426,1400,0
2026-05-25 04:45:00,77152.98,77358.15,77135.66,77297.31,523,1400,0
2026-05-25 05:00:00,77297.29,77361.11,77216.68,77313.24,530,1400,0
2026-05-25 05:15:00,77313.25,77398.29,77251.0,77288.33,398,1400,0
2026-05-25 05:30:00,77292.09,77411.29,77284.63,77358.64,461,1400,0
2026-05-25 05:45:00,77355.49,77358.0,77293.24,77315.89,319,1400,0
2026-05-25 06:00:00,77319.43,77588.09,77221.56,77232.69,738,1400,0
2026-05-25 06:15:00,77228.82,77266.57,77120.56,77184.37,497,1400,0
2026-05-25 06:30:00,77180.88,77349.62,77177.45,77319.5,421,1400,0
2026-05-25 06:45:00,77319.42,77444.82,77296.67,77339.18,441,1400,0
2026-05-25 07:00:00,77341.98,77438.29,77213.41,77243.45,477,1400,0
2026-05-25 07:15:00,77242.89,77275.86,77078.7,77121.84,620,1400,0
2026-05-25 07:30:00,77120.95,77255.49,77106.79,77224.74,453,1400,0
2026-05-25 07:45:00,77217.99,77311.75,77199.95,77311.75,393,1400,0
2026-05-25 08:00:00,77309.53,77335.87,77183.99,77194.74,387,1400,0
2026-05-25 08:15:00,77197.13,77280.69,77190.26,77218.59,430,1400,0
2026-05-25 08:30:00,77222.72,77298.03,77214.07,77253.42,306,1400,0
2026-05-25 08:45:00,77254.53,77381.78,77230.66,77364.68,368,1400,0
2026-05-25 09:00:00,77363.58,77423.31,77327.06,77364.13,404,1400,0
2026-05-25 09:15:00,77364.21,77454.65,77324.09,77420.93,338,1400,0
2026-05-25 09:30:00,77422.37,77627.49,77415.05,77500.57,593,1400,0
2026-05-25 09:45:00,77501.88,77584.75,77475.13,77515.03,422,1400,0
2026-05-25 10:00:00,77508.39,77555.84,77468.81,77545.97,362,1400,0
2026-05-25 10:15:00,77554.37,77606.61,77426.42,77461.17,417,1400,0
2026-05-25 10:30:00,77457.88,77514.77,77422.06,77436.65,289,1400,0
2026-05-25 10:45:00,77436.83,77489.79,77404.93,77462.51,295,1400,0
2026-05-25 11:00:00,77463.55,77463.55,77329.36,77374.97,373,1400,0
2026-05-25 11:15:00,77373.31,77374.83,77314.69,77337.1,258,1400,0
2026-05-25 11:30:00,77340.51,77447.0,77329.71,77387.97,420,1400,0
2026-05-25 11:45:00,77392.08,77427.32,77236.63,77282.93,444,1400,0
2026-05-25 12:00:00,77282.35,77298.85,77207.7,77281.2,427,1400,0
2026-05-25 12:15:00,77280.04,77345.73,77227.81,77326.01,473,1400,0
2026-05-25 12:30:00,77327.06,77352.31,77258.43,77280.02,410,1400,0
2026-05-25 12:45:00,77279.33,77364.06,77210.41,77285.56,439,1400,0
2026-05-25 13:00:00,77287.31,77383.66,77231.74,77254.8,429,1400,0
2026-05-25 13:15:00,77253.33,77297.07,77195.7,77259.4,372,1400,0
2026-05-25 13:30:00,77266.7,77283.75,77204.9,77271.1,445,1400,0
2026-05-25 13:45:00,77274.75,77285.34,77223.41,77259.12,370,1400,0
2026-05-25 14:00:00,77259.14,77459.38,77232.36,77383.88,605,1400,0
2026-05-25 14:15:00,77381.88,77545.59,77381.88,77531.43,599,1400,0
2026-05-25 14:30:00,77531.05,77531.05,77458.47,77491.85,362,1400,0
2026-05-25 14:45:00,77492.03,77704.33,77492.03,77634.2,614,1400,0
2026-05-25 15:00:00,77637.77,77848.45,77595.46,77627.2,957,1400,0
2026-05-25 15:15:00,77631.47,77675.42,77516.77,77525.43,575,1400,0
2026-05-25 15:30:00,77524.1,77608.21,77485.45,77586.62,392,1400,0
2026-05-25 15:45:00,77587.37,77596.54,77475.18,77544.01,394,1400,0
2026-05-25 16:00:00,77543.76,77571.96,77436.68,77448.42,425,1400,0
2026-05-25 16:15:00,77446.09,77557.18,77434.9,77517.9,386,1400,0
2026-05-25 16:30:00,77515.8,77619.02,77499.76,77605.18,341,1400,0
2026-05-25 16:45:00,77605.81,77752.4,77587.27,77653.37,552,1400,0
2026-05-25 17:00:00,77654.0,77733.77,77612.74,77619.54,570,1400,0
2026-05-25 17:15:00,77619.57,77619.57,77520.13,77590.68,405,1400,0
2026-05-25 17:30:00,77593.15,77593.15,77491.04,77518.62,349,1400,0
2026-05-25 17:45:00,77518.72,77525.13,77465.52,77487.44,322,1400,0
2026-05-25 18:00:00,77487.2,77590.82,77460.22,77554.72,313,1400,0
2026-05-25 18:15:00,77554.8,77586.12,77514.78,77575.71,280,1400,0
2026-05-25 18:30:00,77575.74,77575.74,77507.56,77536.72,358,1400,0
2026-05-25 18:45:00,77547.18,77561.95,77475.98,77484.15,266,1400,0
2026-05-25 19:00:00,77489.55,77493.2,77343.27,77419.79,411,1400,0
2026-05-25 19:15:00,77419.71,77459.66,77374.95,77450.53,287,1400,0
2026-05-25 19:30:00,77447.92,77459.65,77269.29,77340.01,432,1400,0
2026-05-25 19:45:00,77343.36,77395.76,77323.54,77359.29,316,1400,0
2026-05-25 20:00:00,77355.03,77410.13,77335.92,77363.81,303,1400,0
2026-05-25 20:15:00,77368.62,77438.17,77354.53,77363.02,333,1400,0
2026-05-25 20:30:00,77359.04,77403.38,77136.0,77205.27,557,1400,0
2026-05-25 20:45:00,77202.67,77275.26,77171.32,77204.51,394,1400,0
2026-05-25 21:00:00,77217.07,77302.09,77193.58,77289.45,266,1400,0
2026-05-25 21:15:00,77280.55,77286.54,77197.74,77270.13,352,1400,0
2026-05-25 21:30:00,77270.23,77302.44,77205.1,77240.8,438,1400,0
2026-05-25 21:45:00,77243.35,77328.59,77223.8,77306.68,362,1400,0
2026-05-25 22:00:00,77309.16,77386.37,77206.9,77338.08,664,1400,0
2026-05-25 22:15:00,77330.34,77368.83,77189.61,77218.65,403,1400,0
2026-05-25 22:30:00,77215.28,77215.28,76970.57,77108.28,859,1400,0
2026-05-25 22:45:00,77108.85,77183.31,77043.65,77046.51,421,1400,0
2026-05-25 23:00:00,77045.07,77225.17,77000.31,77212.63,542,1400,0
2026-05-25 23:15:00,77220.44,77258.8,77171.24,77216.67,393,1400,0
2026-05-25 23:30:00,77209.35,77298.38,77177.85,77259.11,332,1400,0
2026-05-25 23:45:00,77260.24,77305.41,77215.08,77242.49,324,1400,0
2026-05-26 00:00:00,77243.31,77281.8,77134.83,77151.34,689,1400,0
2026-05-26 00:15:00,77156.16,77179.82,77002.89,77050.05,513,1400,0
2026-05-26 00:30:00,77050.74,77126.78,76746.6,76806.28,829,1400,0
2026-05-26 00:45:00,76810.34,76864.43,76492.82,76717.64,1159,1400,0
2026-05-26 01:00:00,76713.45,76800.77,76536.58,76767.19,892,1400,0
2026-05-26 01:15:00,76759.93,76816.49,76645.96,76717.7,548,1400,0
2026-05-26 01:30:00,76717.62,76717.62,76497.43,76588.78,709,1400,0
2026-05-26 01:45:00,76588.59,76723.24,76570.12,76671.4,531,1400,0
2026-05-26 02:00:00,76686.78,76752.25,76546.77,76692.96,603,1400,0
2026-05-26 02:15:00,76690.19,76705.21,76580.41,76597.23,514,1400,0
2026-05-26 02:30:00,76599.24,76654.23,76510.09,76529.58,484,1400,0
2026-05-26 02:45:00,76529.5,76612.58,76423.08,76590.05,546,1400,0
2026-05-26 03:00:00,76587.25,76592.87,76483.35,76487.41,483,1400,0
2026-05-26 03:15:00,76485.26,76535.11,76382.26,76501.5,536,1400,0
2026-05-26 03:30:00,76502.45,76636.62,76474.23,76571.0,426,1400,0
2026-05-26 03:45:00,76569.86,76604.6,76546.93,76582.19,306,1400,0
2026-05-26 04:00:00,76586.71,76631.07,76533.09,76594.87,394,1400,0
2026-05-26 04:15:00,76595.99,76684.96,76521.45,76641.06,377,1400,0
2026-05-26 04:30:00,76642.1,76713.11,76642.1,76694.99,307,1400,0
2026-05-26 04:45:00,76694.11,76744.48,76659.81,76659.81,332,1400,0
2026-05-26 05:00:00,76659.73,76760.75,76618.98,76723.11,361,1400,0
2026-05-26 05:15:00,76726.33,76810.16,76723.9,76775.95,318,1400,0
2026-05-26 05:30:00,76774.25,76904.52,76763.84,76827.88,427,1400,0
2026-05-26 05:45:00,76827.72,76844.36,76759.99,76831.82,288,1400,0
2026-05-26 06:00:00,76829.52,76833.41,76744.0,76793.21,398,1400,0
2026-05-26 06:15:00,76791.94,76835.45,76684.11,76758.17,410,1400,0
2026-05-26 06:30:00,76764.2,76983.01,76742.98,76884.87,527,1400,0
2026-05-26 06:45:00,76886.78,76901.91,76806.93,76831.57,326,1400,0
2026-05-26 07:00:00,76831.17,76845.23,76575.04,76608.84,542,1400,0
2026-05-26 07:15:00,76609.69,76637.09,76503.98,76620.35,450,1400,0
2026-05-26 07:30:00,76619.9,76619.9,76506.03,76563.97,439,1400,0
2026-05-26 07:45:00,76564.05,76676.51,76552.19,76623.39,323,1400,0
2026-05-26 08:00:00,76634.62,76726.48,76590.98,76700.05,342,1400,0
2026-05-26 08:15:00,76700.99,76730.55,76629.81,76719.23,361,1400,0
2026-05-26 08:30:00,76717.42,76764.69,76654.15,76739.42,299,1400,0
2026-05-26 08:45:00,76740.31,76748.63,76622.74,76639.3,375,1400,0
2026-05-26 09:00:00,76635.13,76665.08,76564.82,76598.07,419,1400,0
2026-05-26 09:15:00,76595.7,76730.01,76553.84,76642.97,419,1400,0
2026-05-26 09:30:00,76641.97,76700.05,76578.73,76599.78,406,1400,0
2026-05-26 09:45:00,76603.18,76624.1,76548.58,76587.68,284,1400,0
2026-05-26 10:00:00,76587.57,76636.83,76477.26,76625.89,420,1400,0
2026-05-26 10:15:00,76625.63,77184.54,76625.63,77136.74,1155,1400,0
2026-05-26 10:30:00,77132.4,77492.22,77071.57,77412.24,1705,1400,0
2026-05-26 10:45:00,77415.59,77543.38,77315.22,77336.47,918,1400,0
2026-05-26 11:00:00,77337.01,77427.66,77161.89,77191.07,607,1400,0
2026-05-26 11:15:00,77179.35,77272.64,77118.62,77145.07,592,1400,0
2026-05-26 11:30:00,77145.11,77239.12,77079.27,77135.78,559,1400,0
2026-05-26 11:45:00,77138.94,77204.18,77091.33,77101.65,422,1400,0
2026-05-26 12:00:00,77101.03,77152.48,76792.58,76971.19,872,1400,0
2026-05-26 12:15:00,76975.56,77023.6,76868.17,76934.57,460,1400,0
2026-05-26 12:30:00,76936.91,77029.82,76874.19,77010.05,483,1400,0
2026-05-26 12:45:00,77013.05,77071.0,76968.34,77049.34,433,1400,0
2026-05-26 13:00:00,77051.22,77074.03,76954.44,76997.95,396,1400,0
2026-05-26 13:15:00,77003.16,77010.03,76686.84,76709.41,669,1400,0
2026-05-26 13:30:00,76706.64,76904.48,76577.57,76807.51,1356,1400,0
2026-05-26 13:45:00,76809.81,77375.53,76809.81,77143.36,1661,1400,0
2026-05-26 14:00:00,77145.39,77326.94,77038.27,77325.98,1031,1400,0
2026-05-26 14:15:00,77328.77,78002.01,77268.61,77868.36,2181,1400,0
2026-05-26 14:30:00,77871.98,77923.83,76661.73,76740.36,2857,1400,0
2026-05-26 14:45:00,76752.18,77107.17,76624.15,76818.69,1560,1400,0
2026-05-26 15:00:00,76810.68,76923.73,76588.71,76879.1,1480,1400,0
2026-05-26 15:15:00,76879.67,76900.5,76446.58,76559.74,1124,1400,0
2026-05-26 15:30:00,76560.5,76612.15,76252.6,76437.5,1861,1400,0
2026-05-26 15:45:00,76437.28,76450.02,76165.1,76399.58,1263,1400,0
2026-05-26 16:00:00,76407.25,76424.87,76096.43,76223.33,1127,1400,0
2026-05-26 16:15:00,76222.89,76462.92,76197.61,76428.26,968,1400,0
2026-05-26 16:30:00,76428.42,76610.66,76378.07,76428.37,949,1400,0
2026-05-26 16:45:00,76436.68,76498.6,76291.51,76462.74,686,1400,0
2026-05-26 17:00:00,76454.73,76545.5,76354.33,76377.75,581,1400,0
2026-05-26 17:15:00,76377.27,76391.49,75946.33,75954.32,1260,1400,0
2026-05-26 17:30:00,75950.75,75955.82,75736.35,75922.68,1548,1400,0
2026-05-26 17:45:00,75929.84,76044.6,75811.95,75824.07,740,1400,0
2026-05-26 18:00:00,75828.34,75920.25,75737.79,75909.98,783,1400,0
2026-05-26 18:15:00,75910.03,76171.88,75883.42,75976.39,758,1400,0
2026-05-26 18:30:00,75976.37,76023.28,75751.65,75787.28,584,1400,0
2026-05-26 18:45:00,75791.38,75890.5,75632.01,75724.63,601,1400,0
2026-05-26 19:00:00,75723.99,75812.31,75692.89,75733.4,614,1400,0
2026-05-26 19:15:00,75733.01,75812.57,75673.62,75785.21,504,1400,0
2026-05-26 19:30:00,75785.0,75931.23,75741.3,75894.72,460,1400,0
2026-05-26 19:45:00,75894.43,75971.6,75853.26,75917.44,553,1400,0
2026-05-26 20:00:00,75922.54,76011.0,75903.88,76006.02,505,1400,0
2026-05-26 20:15:00,76007.12,76053.17,75883.95,76053.17,420,1400,0
2026-05-26 20:30:00,76050.06,76075.3,75873.3,75961.42,500,1400,0
2026-05-26 20:45:00,75962.2,76018.12,75949.89,76008.52,383,1400,0
2026-05-26 21:00:00,76008.22,76016.42,75734.81,75790.47,446,1400,0
2026-05-26 21:15:00,75790.36,75954.44,75769.51,75936.11,319,1400,0
2026-05-26 21:30:00,75936.19,75980.88,75863.79,75902.64,359,1400,0
2026-05-26 21:45:00,75902.72,75935.21,75756.35,75794.99,386,1400,0
2026-05-26 22:00:00,75795.95,75900.37,75623.01,75685.56,688,1400,0
2026-05-26 22:15:00,75683.86,75739.31,75635.25,75686.91,478,1400,0
2026-05-26 22:30:00,75684.41,75758.15,75658.78,75696.38,508,1400,0
2026-05-26 22:45:00,75696.47,75696.47,75551.08,75633.95,463,1400,0
2026-05-26 23:00:00,75634.15,75826.86,75634.15,75783.12,596,1400,0
2026-05-26 23:15:00,75782.94,75841.65,75754.78,75798.14,419,1400,0
2026-05-26 23:30:00,75798.04,75885.11,75768.78,75845.14,418,1400,0
2026-05-26 23:45:00,75844.6,75860.9,75780.83,75823.21,320,1400,0
2026-05-27 00:00:00,75823.3,75908.53,75802.35,75874.13,464,1400,0
2026-05-27 00:15:00,75871.28,75871.28,75760.87,75810.14,466,1400,0
2026-05-27 00:30:00,75812.09,75947.73,75782.41,75853.2,508,1400,0
2026-05-27 00:45:00,75851.12,75983.96,75838.65,75966.01,390,1400,0
2026-05-27 01:00:00,75971.7,76003.04,75889.93,75978.21,473,1400,0
2026-05-27 01:15:00,75973.88,75973.88,75703.09,75762.74,475,1400,0
2026-05-27 01:30:00,75769.33,75824.43,75722.7,75757.45,452,1400,0
2026-05-27 01:45:00,75755.29,75869.74,75729.34,75762.21,511,1400,0
2026-05-27 02:00:00,75764.86,75792.08,75654.4,75706.17,518,1400,0
2026-05-27 02:15:00,75711.91,75732.88,75565.35,75646.11,469,1400,0
2026-05-27 02:30:00,75650.15,75725.84,75577.35,75610.75,462,1400,0
2026-05-27 02:45:00,75622.3,75758.33,75605.66,75758.33,363,1400,0
2026-05-27 03:00:00,75754.01,75844.41,75707.76,75767.46,465,1400,0
2026-05-27 03:15:00,75765.13,75773.67,75685.06,75730.81,416,1400,0
2026-05-27 03:30:00,75730.89,75753.48,75619.0,75652.74,400,1400,0
2026-05-27 03:45:00,75652.03,75656.93,75468.4,75545.08,554,1400,0
2026-05-27 04:00:00,75543.69,75590.07,75497.52,75503.45,362,1400,0
2026-05-27 04:15:00,75509.44,75513.56,75367.46,75378.81,525,1400,0
2026-05-27 04:30:00,75377.4,75395.76,75184.06,75232.08,812,1400,0
2026-05-27 04:45:00,75233.03,75485.27,75233.03,75438.69,494,1400,0
2026-05-27 05:00:00,75440.74,75527.77,75440.74,75500.99,456,1400,0
2026-05-27 05:15:00,75499.14,75589.53,75458.21,75540.47,405,1400,0
2026-05-27 05:30:00,75537.55,75603.74,75458.97,75511.31,479,1400,0
2026-05-27 05:45:00,75514.16,75625.65,75495.65,75589.17,415,1400,0
2026-05-27 06:00:00,75587.13,75681.9,75565.27,75614.66,473,1400,0
2026-05-27 06:15:00,75612.39,75631.25,75555.3,75608.38,406,1400,0
2026-05-27 06:30:00,75607.41,75705.82,75600.11,75705.82,436,1400,0
2026-05-27 06:45:00,75704.02,75781.62,75676.9,75712.48,323,1400,0
2026-05-27 07:00:00,75711.83,75768.01,75636.28,75672.05,435,1400,0
2026-05-27 07:15:00,75670.67,75752.15,75632.14,75743.79,350,1400,0
2026-05-27 07:30:00,75744.34,75855.8,75717.29,75755.84,433,1400,0
2026-05-27 07:45:00,75755.93,75857.24,75755.47,75845.84,352,1400,0
2026-05-27 08:00:00,75837.92,75892.21,75778.06,75797.25,398,1400,0
2026-05-27 08:15:00,75797.16,75956.97,75764.89,75922.03,434,1400,0
2026-05-27 08:30:00,75921.09,75935.57,75827.2,75850.91,349,1400,0
2026-05-27 08:45:00,75852.47,75878.68,75714.97,75756.58,419,1400,0
2026-05-27 09:00:00,75752.98,75767.75,75607.69,75634.27,483,1400,0
2026-05-27 09:15:00,75642.79,75738.96,75578.3,75705.85,406,1400,0
2026-05-27 09:30:00,75706.71,75859.01,75679.29,75796.51,371,1400,0
2026-05-27 09:45:00,75796.6,75829.8,75734.6,75790.48,309,1400,0
2026-05-27 10:00:00,75799.27,75839.31,75745.2,75839.31,363,1400,0
2026-05-27 10:15:00,75833.74,75921.05,75816.05,75865.86,381,1400,0
2026-05-27 10:30:00,75865.28,75905.59,75739.23,75778.02,425,1400,0
2026-05-27 10:45:00,75774.41,75829.56,75751.26,75778.33,377,1400,0
2026-05-27 11:00:00,75777.63,75880.58,75753.86,75819.16,374,1400,0
2026-05-27 11:15:00,75821.81,75908.95,75788.17,75788.17,424,1400,0
2026-05-27 11:30:00,75791.4,75791.4,75663.47,75713.27,550,1400,0
2026-05-27 11:45:00,75711.26,75711.26,75622.77,75646.29,329,1400,0
2026-05-27 12:00:00,75648.56,75662.86,75476.01,75509.64,549,1400,0
2026-05-27 12:15:00,75508.86,76058.02,75433.51,75816.11,1587,1400,0
2026-05-27 12:30:00,75820.05,75880.97,75689.91,75812.1,732,1400,0
2026-05-27 12:45:00,75811.98,75811.98,75557.62,75570.09,611,1400,0
2026-05-27 13:00:00,75563.59,75646.03,75250.82,75321.6,980,1400,0
2026-05-27 13:15:00,75321.49,75358.07,75049.51,75064.42,996,1400,0
2026-05-27 13:30:00,75061.19,75195.73,74727.73,74796.55,2611,1400,0
2026-05-27 13:45:00,74789.98,74962.21,74732.75,74937.91,1475,1400,0
2026-05-27 14:00:00,74938.43,75131.59,74813.69,74867.24,1500,1400,0
2026-05-27 14:15:00,74868.22,75044.57,74626.32,74751.78,1382,1400,0
2026-05-27 14:30:00,74746.69,75005.07,74680.12,74947.44,1413,1400,0
2026-05-27 14:45:00,74947.5,75036.61,74860.86,74893.01,783,1400,0
2026-05-27 15:00:00,74895.5,75025.04,74838.32,74980.49,827,1400,0
2026-05-27 15:15:00,74986.03,75284.93,74958.65,75224.18,1050,1400,0
2026-05-27 15:30:00,75225.64,75392.56,75020.23,75083.51,1067,1400,0
2026-05-27 15:45:00,75085.81,75299.12,75065.08,75198.37,826,1400,0
2026-05-27 16:00:00,75201.8,75280.02,75058.66,75147.03,755,1400,0
2026-05-27 16:15:00,75143.41,75175.43,74901.9,74963.75,837,1400,0
2026-05-27 16:30:00,74961.25,75034.95,74858.7,75010.27,694,1400,0
2026-05-27 16:45:00,75009.45,75200.79,74985.1,75170.08,587,1400,0
2026-05-27 17:00:00,75172.17,75222.42,74811.24,74848.68,890,1400,0
2026-05-27 17:15:00,74848.42,74951.34,74760.87,74863.1,828,1400,0
2026-05-27 17:30:00,74869.94,74908.61,74716.51,74770.07,820,1400,0
2026-05-27 17:45:00,74763.58,74844.13,74537.69,74728.67,959,1400,0
2026-05-27 18:00:00,74728.05,74804.04,74514.32,74603.2,1028,1400,0
2026-05-27 18:15:00,74606.04,74794.5,74566.01,74756.32,763,1400,0
2026-05-27 18:30:00,74751.81,74863.21,74734.06,74839.43,599,1400,0
2026-05-27 18:45:00,74836.63,74890.51,74802.2,74887.97,509,1400,0
2026-05-27 19:00:00,74885.88,74920.52,74810.91,74892.45,555,1400,0
2026-05-27 19:15:00,74891.23,74946.27,74824.04,74897.93,498,1400,0
2026-05-27 19:30:00,74895.43,74964.1,74817.66,74866.34,622,1400,0
2026-05-27 19:45:00,74867.88,74925.49,74794.25,74921.74,508,1400,0
2026-05-27 20:00:00,74921.82,75171.24,74901.01,75152.91,618,1400,0
2026-05-27 20:15:00,75156.08,75286.53,75125.37,75131.46,494,1400,0
2026-05-27 20:30:00,75132.31,75158.89,75073.26,75119.89,320,1400,0
2026-05-27 20:45:00,75119.47,75158.65,75093.44,75126.82,342,1400,0
2026-05-27 21:00:00,75126.74,75132.64,75013.21,75039.02,492,1400,0
2026-05-27 21:15:00,75039.36,75073.61,74955.69,74955.69,399,1400,0
2026-05-27 21:30:00,74963.49,74980.26,74303.29,74503.93,1440,1400,0
2026-05-27 21:45:00,74504.28,74504.28,74222.1,74366.31,2142,1400,0
2026-05-27 22:00:00,74368.97,74654.71,74193.7,74287.45,1836,1400,0
2026-05-27 22:15:00,74285.13,74524.94,74139.08,74478.54,1059,1400,0
2026-05-27 22:30:00,74480.03,74550.08,74353.78,74502.91,656,1400,0
2026-05-27 22:45:00,74500.92,74541.77,74292.09,74314.13,562,1400,0
2026-05-27 23:00:00,74315.39,74367.16,74241.83,74335.65,595,1400,0
2026-05-27 23:15:00,74332.55,74454.94,74123.35,74185.5,791,1400,0
2026-05-27 23:30:00,74191.44,74280.12,74135.18,74251.04,610,1400,0
2026-05-27 23:45:00,74254.92,74372.68,74177.68,74323.57,476,1400,0
2026-05-28 00:00:00,74318.14,74461.12,74295.16,74304.68,718,1400,0
2026-05-28 00:15:00,74301.27,74452.98,74235.59,74347.38,695,1400,0
2026-05-28 00:30:00,74348.58,74443.14,74339.41,74439.21,535,1400,0
2026-05-28 00:45:00,74437.57,74452.14,74311.58,74433.87,536,1400,0
2026-05-28 01:00:00,74436.83,74462.45,74311.05,74348.23,556,1400,0
2026-05-28 01:15:00,74346.27,74415.27,74011.66,74160.22,1301,1400,0
2026-05-28 01:30:00,74156.67,74280.45,74032.57,74147.44,1014,1400,0
2026-05-28 01:45:00,74147.51,74261.74,74123.96,74219.24,657,1400,0
2026-05-28 02:00:00,74219.61,74283.62,74107.66,74230.1,709,1400,0
2026-05-28 02:15:00,74239.47,74262.91,74042.66,74075.37,669,1400,0
2026-05-28 02:30:00,74075.29,74167.51,73981.82,74132.14,777,1400,0
2026-05-28 02:45:00,74123.78,74230.16,74101.69,74161.09,536,1400,0
2026-05-28 03:00:00,74169.51,74254.9,73995.38,74091.69,890,1400,0
2026-05-28 03:15:00,74091.6,74113.78,73352.34,73624.9,2498,1400,0
2026-05-28 03:30:00,73629.7,73674.33,73217.74,73320.63,1835,1400,0
2026-05-28 03:45:00,73311.68,73447.75,72951.37,73139.0,1653,1400,0
2026-05-28 04:00:00,73138.95,73142.26,72583.01,72966.43,2310,1400,0
2026-05-28 04:15:00,72967.38,73017.82,72701.24,72889.12,1244,1400,0
2026-05-28 04:30:00,72858.58,73088.86,72826.21,73057.62,766,1400,0
2026-05-28 04:45:00,73056.15,73073.88,72965.33,73050.41,514,1400,0
2026-05-28 05:00:00,73056.42,73056.42,72862.15,72905.22,627,1400,0
2026-05-28 05:15:00,72917.37,72924.77,72795.2,72833.59,590,1400,0
2026-05-28 05:30:00,72842.02,72959.42,72796.4,72921.74,752,1400,0
2026-05-28 05:45:00,72924.23,72957.29,72776.16,72874.62,502,1400,0
2026-05-28 06:00:00,72874.46,72908.47,72819.28,72868.71,501,1400,0
2026-05-28 06:15:00,72864.44,72905.5,72736.97,72805.19,550,1400,0
2026-05-28 06:30:00,72805.37,72825.07,72632.4,72778.92,607,1400,0
2026-05-28 06:45:00,72781.73,73091.23,72781.45,73078.35,623,1400,0
2026-05-28 07:00:00,73083.57,73112.86,73013.95,73091.6,566,1400,0
2026-05-28 07:15:00,73092.9,73214.5,73084.67,73126.67,478,1400,0
2026-05-28 07:30:00,73127.8,73380.99,73127.8,73351.07,520,1400,0
2026-05-28 07:45:00,73350.78,73383.76,73253.05,73355.82,487,1400,0
2026-05-28 08:00:00,73355.43,73373.31,73202.1,73326.81,483,1400,0
2026-05-28 08:15:00,73321.53,73321.53,73086.98,73140.37,496,1400,0
2026-05-28 08:30:00,73136.13,73183.83,73061.13,73165.69,512,1400,0
2026-05-28 08:45:00,73158.92,73257.73,73153.84,73196.91,437,1400,0
2026-05-28 09:00:00,73195.34,73273.54,73126.94,73183.71,480,1400,0
2026-05-28 09:15:00,73183.94,73293.58,73164.52,73269.64,405,1400,0
2026-05-28 09:30:00,73275.12,73371.88,73225.27,73354.32,419,1400,0
2026-05-28 09:45:00,73358.22,73442.31,73347.62,73407.62,418,1400,0
2026-05-28 10:00:00,73407.54,73503.62,73363.97,73451.83,413,1400,0
2026-05-28 10:15:00,73444.8,73474.75,73214.23,73302.71,498,1400,0
2026-05-28 10:30:00,73302.64,73395.06,73269.55,73381.85,305,1400,0
2026-05-28 10:45:00,73381.8,73476.15,73239.55,73265.72,539,1400,0
2026-05-28 11:00:00,73264.52,73333.34,73201.77,73315.37,519,1400,0
2026-05-28 11:15:00,73317.44,73341.3,73203.16,73234.32,458,1400,0
2026-05-28 11:30:00,73232.78,73353.9,73178.94,73352.62,395,1400,0
2026-05-28 11:45:00,73359.34,73411.37,73292.71,73379.63,379,1400,0
2026-05-28 12:00:00,73381.15,73398.33,73268.56,73277.26,411,1400,0
2026-05-28 12:15:00,73276.75,73299.47,73117.49,73246.62,516,1400,0
2026-05-28 12:30:00,73265.52,73432.98,73227.23,73355.24,761,1400,0
2026-05-28 12:45:00,73347.49,73459.89,73347.49,73400.89,443,1400,0
2026-05-28 13:00:00,73399.05,73458.91,73198.54,73201.7,530,1400,0
2026-05-28 13:15:00,73204.17,73204.53,72842.8,73040.84,869,1400,0
2026-05-28 13:30:00,73032.52,73047.53,72630.18,72655.79,1579,1400,0
2026-05-28 13:45:00,72662.15,72968.96,72662.15,72883.79,1221,1400,0
2026-05-28 14:00:00,72884.74,73209.23,72446.99,73183.94,2798,1400,0
2026-05-28 14:15:00,73179.74,73448.97,72752.26,72845.42,2577,1400,0
2026-05-28 14:30:00,72845.26,72932.44,72651.06,72731.69,1483,1400,0
2026-05-28 14:45:00,72734.37,72923.81,72555.62,72896.33,1331,1400,0
2026-05-28 15:00:00,72902.82,73063.08,72723.24,72740.85,1142,1400,0
2026-05-28 15:15:00,72740.71,72852.6,72559.97,72836.65,1053,1400,0
2026-05-28 15:30:00,72833.69,72881.62,72695.2,72881.62,853,1400,0
2026-05-28 15:45:00,72880.78,72931.32,72751.86,72799.99,711,1400,0
2026-05-28 16:00:00,72797.1,73025.61,72591.0,72957.16,1163,1400,0
2026-05-28 16:15:00,72957.85,73175.12,72898.21,73013.54,922,1400,0
2026-05-28 16:30:00,73016.93,73224.56,73006.38,73224.56,694,1400,0
2026-05-28 16:45:00,73222.91,73321.52,73141.93,73318.93,856,1400,0
2026-05-28 17:00:00,73328.46,73385.96,73185.93,73371.45,812,1400,0
2026-05-28 17:15:00,73375.08,73375.08,73180.5,73248.15,682,1400,0
2026-05-28 17:30:00,73251.66,73431.93,73213.12,73365.15,561,1400,0
2026-05-28 17:45:00,73366.98,73638.49,73366.17,73440.88,770,1400,0
2026-05-28 18:00:00,73440.64,73641.73,73388.81,73522.79,681,1400,0
2026-05-28 18:15:00,73529.32,73642.26,73456.85,73467.54,599,1400,0
2026-05-28 18:30:00,73474.49,73569.8,73453.85,73481.76,594,1400,0
2026-05-28 18:45:00,73480.82,73621.21,73445.09,73533.7,466,1400,0
2026-05-28 19:00:00,73534.71,73534.71,73329.28,73362.92,502,1400,0
2026-05-28 19:15:00,73362.59,73444.49,73289.32,73444.49,430,1400,0
2026-05-28 19:30:00,73441.98,73487.43,73295.02,73314.34,467,1400,0
2026-05-28 19:45:00,73314.93,73411.66,73250.56,73304.37,641,1400,0
2026-05-28 20:00:00,73301.63,73433.58,73122.8,73336.13,815,1400,0
2026-05-28 20:15:00,73336.09,73562.65,73315.75,73531.01,472,1400,0
2026-05-28 20:30:00,73531.13,73616.92,73496.87,73587.21,424,1400,0
2026-05-28 20:45:00,73586.67,73586.67,73462.35,73467.59,371,1400,0
2026-05-28 21:00:00,73471.28,73605.93,73449.84,73585.91,402,1400,0
2026-05-28 21:15:00,73596.19,73658.59,73561.5,73593.5,341,1400,0
2026-05-28 21:30:00,73593.94,73817.36,73576.81,73789.85,610,1400,0
2026-05-28 21:45:00,73789.66,73801.69,73689.96,73717.96,483,1400,0
2026-05-28 22:00:00,73715.28,73854.15,73591.96,73610.22,614,1400,0
2026-05-28 22:15:00,73610.07,73620.24,73494.81,73506.81,378,1400,0
2026-05-28 22:30:00,73503.85,73521.49,73389.51,73397.01,345,1400,0
2026-05-28 22:45:00,73395.65,73499.48,73337.8,73379.32,325,1400,0
2026-05-28 23:00:00,73379.22,73492.07,73377.29,73492.07,363,1400,0
2026-05-28 23:15:00,73494.51,73595.57,73450.58,73579.66,321,1400,0
2026-05-28 23:30:00,73581.12,73613.63,73424.68,73505.03,341,1400,0
2026-05-28 23:45:00,73504.94,73544.47,73417.21,73510.55,332,1400,0
2026-05-29 00:00:00,73516.58,73694.58,73514.16,73646.29,596,1400,0
2026-05-29 00:15:00,73646.28,73759.51,73573.44,73678.19,624,1400,0
2026-05-29 00:30:00,73674.43,73760.42,73635.54,73751.28,406,1400,0
2026-05-29 00:45:00,73745.12,73745.12,73573.5,73626.59,403,1400,0
2026-05-29 01:00:00,73632.06,73774.71,73630.42,73692.77,518,1400,0
2026-05-29 01:15:00,73690.01,73706.94,73459.36,73493.1,553,1400,0
2026-05-29 01:30:00,73493.16,73493.35,73373.06,73431.96,545,1400,0
2026-05-29 01:45:00,73430.5,73530.69,73350.61,73481.96,468,1400,0
2026-05-29 02:00:00,73479.15,73543.13,73437.39,73523.33,447,1400,0
2026-05-29 02:15:00,73522.23,73545.89,73250.69,73288.3,566,1400,0
2026-05-29 02:30:00,73285.95,73389.24,73212.78,73243.47,513,1400,0
2026-05-29 02:45:00,73246.77,73304.71,73076.35,73123.94,501,1400,0
2026-05-29 03:00:00,73125.88,73356.03,73125.88,73332.45,496,1400,0
2026-05-29 03:15:00,73332.48,73335.35,73265.7,73280.4,367,1400,0
2026-05-29 03:30:00,73280.48,73336.99,73196.63,73252.34,433,1400,0
2026-05-29 03:45:00,73253.26,73268.03,73157.01,73200.23,374,1400,0
2026-05-29 04:00:00,73200.16,73274.55,73086.69,73121.27,467,1400,0
2026-05-29 04:15:00,73122.77,73281.65,73122.77,73259.24,383,1400,0
2026-05-29 04:30:00,73258.15,73338.55,73235.77,73312.63,389,1400,0
2026-05-29 04:45:00,73316.24,73410.72,73290.43,73394.97,400,1400,0
2026-05-29 05:00:00,73394.55,73541.71,73377.19,73500.13,510,1400,0
2026-05-29 05:15:00,73496.93,73509.77,73428.98,73472.45,366,1400,0
2026-05-29 05:30:00,73468.12,73468.27,73385.67,73411.13,354,1400,0
2026-05-29 05:45:00,73409.71,73626.05,73400.16,73593.01,515,1400,0
2026-05-29 06:00:00,73594.99,73625.87,73527.84,73592.73,366,1400,0
2026-05-29 06:15:00,73594.11,73843.81,73594.11,73658.55,612,1400,0
2026-05-29 06:30:00,73657.46,73680.13,73569.36,73612.12,298,1400,0
2026-05-29 06:45:00,73612.05,73718.78,73602.69,73686.43,310,1400,0
2026-05-29 07:00:00,73687.55,73727.62,73649.53,73709.33,366,1400,0
2026-05-29 07:15:00,73715.38,73727.58,73634.65,73665.47,298,1400,0
2026-05-29 07:30:00,73665.5,73665.5,73288.03,73315.07,695,1400,0
2026-05-29 07:45:00,73315.36,73444.07,73267.59,73431.99,430,1400,0
2026-05-29 08:00:00,73422.55,73629.67,73409.64,73614.95,616,1400,0
2026-05-29 08:15:00,73615.72,73739.77,73587.19,73671.55,489,1400,0
2026-05-29 08:30:00,73671.78,73734.22,73603.5,73712.24,405,1400,0
2026-05-29 08:45:00,73712.98,73721.78,73531.47,73563.56,382,1400,0
2026-05-29 09:00:00,73563.49,73762.57,73541.15,73710.54,438,1400,0
2026-05-29 09:15:00,73703.09,73803.38,73690.32,73772.55,397,1400,0
2026-05-29 09:30:00,73772.47,73785.46,73712.11,73727.69,379,1400,0
2026-05-29 09:45:00,73718.39,73740.57,73608.1,73648.12,331,1400,0
2026-05-29 10:00:00,73647.94,73648.18,73566.26,73611.77,322,1400,0
2026-05-29 10:15:00,73602.56,73606.84,73512.94,73538.34,298,1400,0
2026-05-29 10:30:00,73538.24,73646.04,73481.22,73508.07,384,1400,0
2026-05-29 10:45:00,73506.7,73592.6,73484.9,73528.49,335,1400,0
2026-05-29 11:00:00,73526.42,73575.54,73480.8,73543.04,350,1400,0
2026-05-29 11:15:00,73543.13,73601.56,73450.4,73466.67,328,1400,0
2026-05-29 11:30:00,73467.65,73490.15,73378.92,73386.9,423,1400,0
2026-05-29 11:45:00,73389.37,73424.32,73234.2,73379.9,518,1400,0
2026-05-29 12:00:00,73382.09,73382.09,73217.03,73269.29,470,1400,0
2026-05-29 12:15:00,73264.68,73318.88,73197.69,73229.64,422,1400,0
2026-05-29 12:30:00,73227.05,73242.01,73113.53,73180.95,601,1400,0
2026-05-29 12:45:00,73178.19,73281.1,73093.18,73190.15,476,1400,0
2026-05-29 13:00:00,73190.08,73202.48,72964.03,73027.62,710,1400,0
2026-05-29 13:15:00,73028.95,73038.75,72851.36,72971.44,677,1400,0
2026-05-29 13:30:00,72970.95,73209.87,72787.71,73152.0,1590,1400,0
2026-05-29 13:45:00,73158.78,73237.36,72948.42,73039.35,1069,1400,0
2026-05-29 14:00:00,73042.2,73101.08,72770.84,72901.6,1023,1400,0
2026-05-29 14:15:00,72900.64,72964.72,72378.42,72608.38,1998,1400,0
2026-05-29 14:30:00,72608.31,72775.07,72443.48,72538.33,1439,1400,0
2026-05-29 14:45:00,72539.25,73124.62,72494.91,72976.37,2087,1400,0
2026-05-29 15:00:00,72979.12,73658.46,72877.32,73587.72,2174,1400,0
2026-05-29 15:15:00,73578.41,73655.56,73351.62,73543.62,1416,1400,0
2026-05-29 15:30:00,73540.81,74104.52,73538.6,73721.45,2629,1400,0
2026-05-29 15:45:00,73718.72,73783.88,73587.4,73700.32,1182,1400,0
2026-05-29 16:00:00,73701.55,73919.19,73666.81,73840.63,1000,1400,0
2026-05-29 16:15:00,73842.76,73867.3,73452.46,73529.32,1072,1400,0
2026-05-29 16:30:00,73529.99,74000.5,73526.8,73971.18,1392,1400,0
2026-05-29 16:45:00,73971.27,74023.29,73804.22,73952.6,877,1400,0
2026-05-29 17:00:00,73961.53,74197.0,73816.82,74130.58,968,1400,0
2026-05-29 17:15:00,74130.5,74228.51,74049.19,74118.38,874,1400,0
2026-05-29 17:30:00,74123.08,74219.78,74088.28,74105.55,648,1400,0
2026-05-29 17:45:00,74105.4,74105.4,73794.93,73858.45,847,1400,0
2026-05-29 18:00:00,73868.62,73963.57,73826.24,73928.61,764,1400,0
2026-05-29 18:15:00,73932.12,73948.49,73611.17,73680.4,902,1400,0
2026-05-29 18:30:00,73683.96,73751.77,73636.79,73687.49,510,1400,0
2026-05-29 18:45:00,73688.67,73688.67,73063.64,73272.01,1442,1400,0
2026-05-29 19:00:00,73269.85,73409.05,73174.52,73317.99,610,1400,0
2026-05-29 19:15:00,73311.7,73346.13,73125.0,73238.88,640,1400,0
2026-05-29 19:30:00,73242.41,73630.14,73239.3,73588.58,828,1400,0
2026-05-29 19:45:00,73588.72,73623.45,73402.44,73408.44,678,1400,0
2026-05-29 20:00:00,73402.4,73582.58,73402.4,73549.76,627,1400,0
2026-05-29 20:15:00,73545.19,73651.35,73481.08,73599.24,505,1400,0
2026-05-29 20:30:00,73599.4,73668.62,73575.69,73596.41,413,1400,0
2026-05-29 20:45:00,73607.26,73653.38,73517.63,73585.36,435,1400,0
2026-05-29 21:00:00,73580.24,73757.76,73531.68,73695.57,459,1400,0
2026-05-29 21:15:00,73693.22,73713.4,73429.67,73429.67,440,1400,0
2026-05-29 21:30:00,73422.79,73509.83,73349.86,73509.73,379,1400,0
2026-05-29 21:45:00,73502.04,73521.84,73286.84,73315.33,495,1400,0
2026-05-29 22:00:00,73314.96,73397.68,73262.9,73291.84,415,1400,0
2026-05-29 22:15:00,73291.98,73472.47,73291.98,73408.85,379,1400,0
2026-05-29 22:30:00,73411.94,73458.82,73323.06,73363.22,379,1400,0
2026-05-29 22:45:00,73359.67,73429.25,73304.85,73375.81,399,1400,0
2026-05-29 23:00:00,73369.44,73418.22,73275.71,73310.48,413,1400,0
2026-05-29 23:15:00,73303.42,73375.35,73209.76,73282.09,498,1400,0
2026-05-29 23:30:00,73282.01,73329.99,73213.07,73328.84,298,1400,0
2026-05-29 23:45:00,73324.22,73402.51,73296.76,73364.55,284,1400,0
2026-05-30 00:00:00,73373.47,73425.45,73318.35,73383.64,401,1400,0
2026-05-30 00:15:00,73384.77,73448.26,73358.39,73363.17,390,1400,0
2026-05-30 00:30:00,73358.35,73419.7,73297.98,73411.81,342,1400,0
2026-05-30 00:45:00,73418.0,73479.53,73396.26,73403.59,435,1400,0
2026-05-30 01:00:00,73403.71,73500.78,73360.68,73475.06,324,1400,0
2026-05-30 01:15:00,73468.6,73559.67,73448.8,73525.87,340,1400,0
2026-05-30 01:30:00,73522.21,73570.55,73487.46,73504.05,346,1400,0
2026-05-30 01:45:00,73504.09,73563.7,73478.68,73559.8,245,1400,0
2026-05-30 02:00:00,73555.2,73611.82,73553.09,73563.32,281,1400,0
2026-05-30 02:15:00,73560.58,73591.08,73506.34,73527.9,265,1400,0
2026-05-30 02:30:00,73527.67,73635.28,73522.93,73602.31,250,1400,0
2026-05-30 02:45:00,73603.3,73687.33,73587.18,73681.28,297,1400,0
2026-05-30 03:00:00,73682.31,73698.86,73617.26,73662.46,341,1400,0
2026-05-30 03:15:00,73666.85,73666.85,73558.58,73558.58,280,1400,0
2026-05-30 03:30:00,73562.93,73567.34,73427.15,73443.89,362,1400,0
2026-05-30 03:45:00,73442.94,73500.91,73414.43,73425.72,280,1400,0
2026-05-30 04:00:00,73426.29,73486.04,73244.55,73402.72,460,1400,0
2026-05-30 04:15:00,73395.47,73395.47,73189.28,73246.3,425,1400,0
2026-05-30 04:30:00,73244.31,73260.54,73081.39,73219.56,605,1400,0
2026-05-30 04:45:00,73217.8,73306.85,73187.61,73300.1,394,1400,0
2026-05-30 05:00:00,73304.97,73535.4,73243.48,73412.04,585,1400,0
2026-05-30 05:15:00,73412.13,73463.7,73394.01,73419.18,324,1400,0
2026-05-30 05:30:00,73420.79,73490.65,73417.09,73479.43,299,1400,0
2026-05-30 05:45:00,73479.34,73539.36,73473.87,73495.85,342,1400,0
2026-05-30 06:00:00,73498.63,73524.72,73421.33,73433.23,385,1400,0
2026-05-30 06:15:00,73428.86,73531.78,73428.86,73512.97,231,1400,0
2026-05-30 06:30:00,73514.57,73623.72,73513.66,73562.38,361,1400,0
2026-05-30 06:45:00,73562.5,73574.18,73453.39,73487.16,288,1400,0
2026-05-30 07:00:00,73485.67,73503.26,73432.18,73442.51,229,1400,0
2026-05-30 07:15:00,73441.64,73487.9,73426.46,73464.27,264,1400,0
2026-05-30 07:30:00,73458.73,73487.19,73384.41,73393.05,274,1400,0
2026-05-30 07:45:00,73386.67,73453.16,73375.65,73449.87,272,1400,0
2026-05-30 08:00:00,73446.45,73462.36,73426.73,73461.97,282,1400,0
2026-05-30 08:15:00,73463.82,73470.63,73404.97,73442.85,276,1400,0
2026-05-30 08:30:00,73446.97,73464.87,73410.9,73424.03,230,1400,0
2026-05-30 08:45:00,73420.53,73445.18,73392.12,73428.5,221,1400,0
2026-05-30 09:00:00,73417.57,73454.32,73398.67,73449.3,229,1400,0
2026-05-30 09:15:00,73455.44,73490.8,73421.02,73459.39,239,1400,0
2026-05-30 09:30:00,73466.15,73483.79,73439.38,73468.87,230,1400,0
2026-05-30 09:45:00,73463.36,73518.74,73449.71,73506.29,248,1400,0
2026-05-30 10:00:00,73506.75,73562.49,73485.39,73532.16,276,1400,0
2026-05-30 10:15:00,73529.81,73581.72,73507.95,73529.88,340,1400,0
2026-05-30 10:30:00,73523.33,73550.2,73511.77,73528.36,268,1400,0
2026-05-30 10:45:00,73525.77,73559.98,73496.43,73544.08,257,1400,0
2026-05-30 11:00:00,73543.04,73554.31,73505.36,73520.15,245,1400,0
2026-05-30 11:15:00,73517.43,73528.11,73452.99,73484.53,279,1400,0
2026-05-30 11:30:00,73481.69,73532.88,73474.5,73523.57,196,1400,0
2026-05-30 11:45:00,73523.51,73526.04,73468.58,73497.11,224,1400,0
2026-05-30 12:00:00,73502.05,73512.35,73480.07,73502.96,214,1400,0
2026-05-30 12:15:00,73500.14,73580.27,73495.5,73555.6,259,1400,0
2026-05-30 12:30:00,73536.7,73632.08,73536.7,73584.9,238,1400,0
2026-05-30 12:45:00,73578.64,73596.46,73544.9,73587.05,265,1400,0
2026-05-30 13:00:00,73592.78,73675.65,73581.62,73630.06,316,1400,0
2026-05-30 13:15:00,73625.4,73746.07,73607.56,73668.19,260,1400,0
2026-05-30 13:30:00,73656.97,73677.61,73561.54,73644.3,326,1400,0
2026-05-30 13:45:00,73635.94,73732.7,73627.32,73726.23,300,1400,0
2026-05-30 14:00:00,73720.85,73906.23,73695.45,73825.48,533,1400,0
2026-05-30 14:15:00,73825.35,73955.57,73769.11,73928.96,501,1400,0
2026-05-30 14:30:00,73938.5,74007.35,73882.55,73902.53,639,1400,0
2026-05-30 14:45:00,73895.92,73930.3,73796.21,73827.03,330,1400,0
2026-05-30 15:00:00,73823.01,73938.84,73760.3,73912.98,399,1400,0
2026-05-30 15:15:00,73915.67,73929.13,73720.67,73821.67,469,1400,0
2026-05-30 15:30:00,73821.92,73840.96,73718.16,73765.42,372,1400,0
2026-05-30 15:45:00,73765.82,73865.92,73758.54,73806.78,295,1400,0
2026-05-30 16:00:00,73810.2,73862.65,73763.77,73847.49,353,1400,0
2026-05-30 16:15:00,73849.88,73874.59,73783.72,73804.12,271,1400,0
2026-05-30 16:30:00,73799.08,73873.28,73781.9,73841.92,323,1400,0
2026-05-30 16:45:00,73847.89,73876.12,73791.37,73830.12,229,1400,0
2026-05-30 17:00:00,73824.95,73842.65,73758.3,73806.97,285,1400,0
2026-05-30 17:15:00,73804.38,73923.55,73791.06,73827.48,337,1400,0
2026-05-30 17:30:00,73829.23,73848.48,73693.97,73844.82,387,1400,0
2026-05-30 17:45:00,73844.36,73907.76,73841.71,73903.46,305,1400,0
2026-05-30 18:00:00,73897.95,73923.3,73867.46,73900.08,277,1400,0
2026-05-30 18:15:00,73900.15,73999.73,73815.7,73867.32,334,1400,0
2026-05-30 18:30:00,73867.21,73987.36,73837.11,73982.31,275,1400,0
2026-05-30 18:45:00,73982.2,74035.84,73891.99,73929.32,376,1400,0
2026-05-30 19:00:00,73932.02,73941.88,73877.55,73916.64,304,1400,0
2026-05-30 19:15:00,73916.77,73953.92,73867.62,73884.3,273,1400,0
2026-05-30 19:30:00,73885.82,73930.53,73847.46,73903.93,296,1400,0
2026-05-30 19:45:00,73907.15,73960.17,73892.47,73901.16,298,1400,0
2026-05-30 20:00:00,73896.88,73908.0,73811.43,73847.42,293,1400,0
2026-05-30 20:15:00,73847.01,73869.67,73835.4,73846.07,236,1400,0
2026-05-30 20:30:00,73848.07,73858.47,73802.67,73822.44,368,1400,0
2026-05-30 20:45:00,73825.16,73875.98,73809.02,73865.31,269,1400,0
2026-05-30 21:00:00,73866.81,73887.87,73844.92,73875.86,245,1400,0
2026-05-30 21:15:00,73878.31,73899.09,73862.38,73878.2,274,1400,0
2026-05-30 21:30:00,73873.23,73953.0,73846.62,73881.74,248,1400,0
2026-05-30 21:45:00,73881.64,73907.84,73816.32,73881.23,400,1400,0
2026-05-30 22:00:00,73873.86,73873.86,73715.65,73783.2,469,1400,0
2026-05-30 22:15:00,73783.51,73815.2,73742.25,73791.85,313,1400,0
2026-05-30 22:30:00,73786.65,73792.94,73670.33,73697.2,340,1400,0
2026-05-30 22:45:00,73699.24,73776.08,73689.22,73764.24,271,1400,0
2026-05-30 23:00:00,73772.55,73895.25,73724.36,73747.77,365,1400,0
2026-05-30 23:15:00,73745.11,73786.32,73706.71,73750.13,303,1400,0
2026-05-30 23:30:00,73734.25,73746.79,73673.4,73696.33,272,1400,0
2026-05-30 23:45:00,73698.56,73782.04,73688.86,73782.04,298,1400,0
2026-05-31 00:00:00,73777.04,73817.8,73734.4,73776.48,347,1400,0
2026-05-31 00:15:00,73768.34,73931.74,73768.34,73857.54,354,1400,0
2026-05-31 00:30:00,73861.13,73922.96,73817.32,73845.96,287,1400,0
2026-05-31 00:45:00,73843.71,73933.31,73807.26,73910.93,288,1400,0
2026-05-31 01:00:00,73912.01,74062.02,73898.29,74027.51,401,1400,0
2026-05-31 01:15:00,74027.58,74172.68,73970.86,73992.83,484,1400,0
2026-05-31 01:30:00,73981.74,74110.08,73946.35,73952.83,387,1400,0
2026-05-31 01:45:00,73956.96,74027.81,73935.12,73943.7,330,1400,0
2026-05-31 02:00:00,73945.62,74056.4,73934.5,74056.4,284,1400,0
2026-05-31 02:15:00,74056.37,74137.6,73838.89,73856.05,573,1400,0
2026-05-31 02:30:00,73860.28,73918.29,73752.04,73860.64,442,1400,0
2026-05-31 02:45:00,73867.11,74005.76,73818.37,73977.16,439,1400,0
2026-05-31 03:00:00,73977.15,74063.86,73944.56,74043.58,420,1400,0
2026-05-31 03:15:00,74043.5,74114.5,73995.65,74086.59,369,1400,0
2026-05-31 03:30:00,74086.65,74115.1,74013.0,74054.94,325,1400,0
2026-05-31 03:45:00,74055.81,74079.92,74017.18,74037.72,282,1400,0
2026-05-31 04:00:00,74038.16,74060.93,73987.85,74005.84,287,1400,0
2026-05-31 04:15:00,74003.57,74114.38,73987.39,74063.2,339,1400,0
2026-05-31 04:30:00,74067.51,74099.4,74026.14,74081.79,291,1400,0
2026-05-31 04:45:00,74082.98,74111.52,74039.49,74064.15,285,1400,0
2026-05-31 05:00:00,74068.04,74098.26,74043.74,74062.09,335,1400,0
2026-05-31 05:15:00,74067.23,74086.23,74008.35,74057.91,281,1400,0
2026-05-31 05:30:00,74047.08,74070.27,73970.46,74002.52,321,1400,0
2026-05-31 05:45:00,73994.61,74001.29,73943.71,73946.99,251,1400,0
2026-05-31 06:00:00,73950.16,73958.91,73878.43,73893.54,329,1400,0
2026-05-31 06:15:00,73893.63,73936.49,73876.92,73909.03,237,1400,0
2026-05-31 06:30:00,73911.09,73998.92,73902.97,73956.37,308,1400,0
2026-05-31 06:45:00,73956.9,73976.44,73929.77,73938.35,176,1400,0
2026-05-31 07:00:00,73933.06,73936.63,73842.87,73866.5,312,1400,0
2026-05-31 07:15:00,73867.0,73871.62,73776.94,73787.79,272,1400,0
2026-05-31 07:30:00,73787.7,73806.41,73710.69,73754.96,337,1400,0
2026-05-31 07:45:00,73754.99,73798.92,73738.04,73758.58,273,1400,0
2026-05-31 08:00:00,73758.5,73865.54,73748.41,73797.43,293,1400,0
2026-05-31 08:15:00,73803.55,73874.33,73794.75,73860.58,305,1400,0
2026-05-31 08:30:00,73863.76,73864.28,73735.78,73782.63,292,1400,0
2026-05-31 08:45:00,73782.55,73865.87,73732.6,73830.19,318,1400,0
2026-05-31 09:00:00,73835.07,73839.96,73757.27,73783.01,252,1400,0
2026-05-31 09:15:00,73780.7,73870.72,73775.1,73847.22,214,1400,0
2026-05-31 09:30:00,73848.69,73923.78,73826.37,73869.11,287,1400,0
2026-05-31 09:45:00,73866.99,73895.43,73692.36,73740.24,404,1400,0
2026-05-31 10:00:00,73739.41,73763.66,73695.62,73743.34,321,1400,0
2026-05-31 10:15:00,73742.15,73748.66,73613.97,73704.88,425,1400,0
2026-05-31 10:30:00,73702.84,73734.99,73680.5,73727.24,309,1400,0
2026-05-31 10:45:00,73726.37,73788.87,73688.35,73781.68,252,1400,0
2026-05-31 11:00:00,73785.41,73829.49,73779.61,73798.45,256,1400,0
2026-05-31 11:15:00,73799.29,73866.36,73779.89,73849.53,263,1400,0
2026-05-31 11:30:00,73849.4,73860.43,73800.34,73843.79,296,1400,0
2026-05-31 11:45:00,73845.73,73869.85,73796.89,73833.11,303,1400,0
2026-05-31 12:00:00,73827.85,73870.62,73761.98,73805.86,351,1400,0
2026-05-31 12:15:00,73811.41,73900.15,73811.41,73834.36,348,1400,0
2026-05-31 12:30:00,73834.43,73864.36,73787.71,73861.59,269,1400,0
2026-05-31 12:45:00,73861.79,73873.91,73770.72,73804.08,266,1400,0
2026-05-31 13:00:00,73808.5,73844.89,73763.34,73828.13,252,1400,0
2026-05-31 13:15:00,73830.2,73915.28,73814.31,73857.05,313,1400,0
2026-05-31 13:30:00,73857.19,73871.18,73769.72,73788.7,246,1400,0
2026-05-31 13:45:00,73785.45,73797.82,73686.3,73761.11,297,1400,0
2026-05-31 14:00:00,73761.1,73761.1,73541.92,73624.36,561,1400,0
2026-05-31 14:15:00,73621.01,73682.51,73356.96,73489.37,1356,1400,0
2026-05-31 14:30:00,73492.03,73651.14,73477.11,73514.17,569,1400,0
2026-05-31 14:45:00,73519.25,73596.89,73474.43,73509.8,410,1400,0
2026-05-31 15:00:00,73510.39,73575.71,73477.09,73571.51,415,1400,0
2026-05-31 15:15:00,73569.39,73678.37,73539.17,73639.61,319,1400,0
2026-05-31 15:30:00,73636.93,73652.07,73507.22,73535.34,336,1400,0
2026-05-31 15:45:00,73532.39,73581.21,73528.5,73535.9,294,1400,0
2026-05-31 16:00:00,73544.15,73624.29,73494.15,73521.67,330,1400,0
2026-05-31 16:15:00,73520.67,73533.1,73411.85,73495.76,479,1400,0
2026-05-31 16:30:00,73498.43,73504.17,73282.15,73402.26,732,1400,0
2026-05-31 16:45:00,73399.73,73449.01,73332.74,73434.33,359,1400,0
2026-05-31 17:00:00,73427.41,73465.78,73350.96,73412.29,383,1400,0
2026-05-31 17:15:00,73417.72,73502.86,73417.72,73490.69,243,1400,0
2026-05-31 17:30:00,73490.66,73623.18,73490.64,73621.93,355,1400,0
2026-05-31 17:45:00,73618.17,73642.12,73572.04,73609.28,271,1400,0
2026-05-31 18:00:00,73608.4,73609.41,73506.98,73547.48,348,1400,0
2026-05-31 18:15:00,73539.77,73582.81,73498.13,73527.37,273,1400,0
2026-05-31 18:30:00,73523.9,73606.54,73507.05,73536.18,323,1400,0
2026-05-31 18:45:00,73533.47,73537.05,73460.98,73501.25,285,1400,0
2026-05-31 19:00:00,73499.08,73543.42,73478.23,73492.25,284,1400,0
2026-05-31 19:15:00,73492.35,73519.84,73338.31,73429.11,395,1400,0
2026-05-31 19:30:00,73420.5,73445.82,73348.03,73414.07,340,1400,0
2026-05-31 19:45:00,73412.82,73474.52,73400.02,73443.31,245,1400,0
2026-05-31 20:00:00,73443.43,73606.27,73443.43,73584.46,451,1400,0
2026-05-31 20:15:00,73584.54,73657.36,73550.75,73583.25,339,1400,0
2026-05-31 20:30:00,73576.6,73614.87,73554.53,73591.12,267,1400,0
2026-05-31 20:45:00,73584.76,73661.43,73581.24,73633.61,245,1400,0
2026-05-31 21:00:00,73633.45,73654.07,73568.19,73570.18,309,1400,0
2026-05-31 21:15:00,73577.89,73630.54,73512.6,73545.17,312,1400,0
2026-05-31 21:30:00,73545.25,73650.7,73514.01,73642.14,409,1400,0
2026-05-31 21:45:00,73642.23,73827.74,73642.23,73782.71,1081,1400,0
2026-05-31 22:00:00,73782.26,73867.68,73572.28,73803.72,726,1400,0
2026-05-31 22:15:00,73804.97,73896.55,73703.32,73779.75,628,1400,0
2026-05-31 22:30:00,73777.93,73893.48,73752.16,73793.44,518,1400,0
2026-05-31 22:45:00,73797.8,73894.81,73797.8,73841.83,377,1400,0
2026-05-31 23:00:00,73845.88,74101.02,73826.7,73828.37,768,1400,0
2026-05-31 23:15:00,73829.08,73864.14,73681.51,73729.3,504,1400,0
2026-05-31 23:30:00,73729.22,73734.05,73392.71,73478.52,764,1400,0
2026-05-31 23:45:00,73478.45,73613.83,73449.36,73583.17,498,1400,0
2026-06-01 00:00:00,73583.42,73781.24,73537.05,73710.67,757,1400,0
2026-06-01 00:15:00,73711.13,73865.73,73606.3,73850.85,635,1400,0
2026-06-01 00:30:00,73850.16,73994.67,73720.34,73825.16,860,1400,0
2026-06-01 00:45:00,73825.34,73919.42,73757.85,73782.31,663,1400,0
2026-06-01 01:00:00,73778.07,73819.86,73464.34,73467.25,903,1400,0
2026-06-01 01:15:00,73466.78,73557.17,73462.69,73492.52,621,1400,0
2026-06-01 01:30:00,73493.88,73558.11,73341.0,73399.0,659,1400,0
2026-06-01 01:45:00,73400.06,73474.12,73168.23,73198.19,903,1400,0
2026-06-01 02:00:00,73196.27,73468.67,73105.31,73431.35,901,1400,0
2026-06-01 02:15:00,73434.57,73453.05,73339.18,73411.59,513,1400,0
2026-06-01 02:30:00,73410.67,73793.45,73350.2,73665.67,849,1400,0
2026-06-01 02:45:00,73662.94,73763.23,73632.66,73686.56,694,1400,0
2026-06-01 03:00:00,73685.65,73929.24,73681.65,73781.31,801,1400,0
2026-06-01 03:15:00,73781.39,73883.83,73691.75,73807.75,658,1400,0
2026-06-01 03:30:00,73809.27,73880.87,73694.97,73751.78,506,1400,0
2026-06-01 03:45:00,73751.96,73812.0,73620.08,73663.97,466,1400,0
2026-06-01 04:00:00,73664.87,73749.18,73485.39,73502.13,534,1400,0
2026-06-01 04:15:00,73502.23,73526.98,73292.41,73306.02,702,1400,0
2026-06-01 04:30:00,73306.06,73398.74,73302.79,73381.2,565,1400,0
2026-06-01 04:45:00,73385.5,73495.64,73232.84,73424.28,536,1400,0
2026-06-01 05:00:00,73419.57,73446.57,73338.41,73427.28,447,1400,0
2026-06-01 05:15:00,73432.32,73435.46,73247.82,73248.17,478,1400,0
2026-06-01 05:30:00,73248.39,73340.59,73211.96,73327.25,514,1400,0
2026-06-01 05:45:00,73329.04,73375.2,73230.8,73266.4,376,1400,0
2026-06-01 06:00:00,73267.59,73285.91,73136.3,73201.61,578,1400,0
2026-06-01 06:15:00,73200.34,73238.8,73039.23,73103.96,708,1400,0
2026-06-01 06:30:00,73104.58,73150.4,72896.26,72907.74,793,1400,0
2026-06-01 06:45:00,72908.55,73123.83,72846.42,73042.03,827,1400,0
2026-06-01 07:00:00,73037.79,73111.0,72941.06,73032.95,600,1400,0
2026-06-01 07:15:00,73029.22,73048.82,72828.36,72884.71,691,1400,0
2026-06-01 07:30:00,72883.14,72904.57,72761.51,72837.87,670,1400,0
2026-06-01 07:45:00,72838.14,72868.03,72594.36,72711.66,933,1400,0
2026-06-01 08:00:00,72711.72,72772.49,72681.1,72725.18,641,1400,0
2026-06-01 08:15:00,72717.38,72775.98,72510.62,72644.69,550,1400,0
2026-06-01 08:30:00,72644.97,72774.26,72509.18,72672.56,809,1400,0
2026-06-01 08:45:00,72673.05,72841.12,72666.62,72815.19,576,1400,0
2026-06-01 09:00:00,72814.47,72925.61,72802.41,72872.62,420,1400,0
2026-06-01 09:15:00,72874.77,73010.19,72837.42,72906.13,461,1400,0
2026-06-01 09:30:00,72906.91,72956.81,72813.92,72863.47,528,1400,0
2026-06-01 09:45:00,72863.56,72913.03,72727.75,72792.27,685,1400,0
2026-06-01 10:00:00,72791.84,72823.76,72673.18,72693.31,432,1400,0
2026-06-01 10:15:00,72697.13,72724.8,72577.11,72621.15,540,1400,0
2026-06-01 10:30:00,72627.12,72698.25,72490.44,72613.53,578,1400,0
2026-06-01 10:45:00,72619.76,72711.68,72609.35,72667.85,402,1400,0
2026-06-01 11:00:00,72668.32,72679.2,72557.54,72590.07,436,1400,0
2026-06-01 11:15:00,72590.66,72652.14,72559.73,72571.71,358,1400,0
2026-06-01 11:30:00,72571.62,72653.86,72516.33,72620.13,475,1400,0
2026-06-01 11:45:00,72622.91,72671.29,72127.02,72393.91,1063,1400,0
2026-06-01 12:00:00,72398.64,72524.69,71795.13,71975.8,2428,1400,0
2026-06-01 12:15:00,71982.6,72224.83,71941.1,72137.05,1027,1400,0
2026-06-01 12:30:00,72135.67,72244.7,72102.08,72181.88,817,1400,0
2026-06-01 12:45:00,72181.28,72213.52,72024.57,72118.56,742,1400,0
2026-06-01 13:00:00,72118.18,72147.01,71635.15,71756.74,1794,1400,0
2026-06-01 13:15:00,71755.21,71953.9,71641.03,71730.77,1691,1400,0
2026-06-01 13:30:00,71730.91,71949.78,71456.18,71496.12,2434,1400,0
2026-06-01 13:45:00,71506.19,72110.36,71260.04,71603.97,2993,1400,0
2026-06-01 14:00:00,71613.96,71779.02,71412.08,71556.75,1972,1400,0
2026-06-01 14:15:00,71552.15,71624.98,71356.36,71420.81,1610,1400,0
2026-06-01 14:30:00,71421.22,71476.77,71284.2,71375.04,1236,1400,0
2026-06-01 14:45:00,71380.12,71498.69,71292.16,71445.07,949,1400,0
2026-06-01 15:00:00,71445.36,71568.14,71314.77,71392.19,1019,1400,0
2026-06-01 15:15:00,71397.61,71425.23,70932.86,70959.97,1342,1400,0
2026-06-01 15:30:00,70961.35,71381.91,70955.16,71166.11,1507,1400,0
2026-06-01 15:45:00,71167.61,71190.83,70938.74,71009.68,800,1400,0
2026-06-01 16:00:00,71005.89,71085.85,70564.38,70756.73,1758,1400,0
2026-06-01 16:15:00,70756.6,70974.19,70698.8,70973.71,923,1400,0
2026-06-01 16:30:00,70978.41,71240.09,70919.27,71225.21,907,1400,0
2026-06-01 16:45:00,71230.63,71514.55,71220.2,71448.43,973,1400,0
2026-06-01 17:00:00,71449.68,71532.13,71354.31,71483.18,936,1400,0
2026-06-01 17:15:00,71484.23,71650.2,71358.48,71638.53,848,1400,0
2026-06-01 17:30:00,71629.21,71688.97,71417.64,71619.5,1372,1400,0
2026-06-01 17:45:00,71618.84,71705.02,71516.74,71549.87,762,1400,0
2026-06-01 18:00:00,71547.52,71595.74,71353.48,71383.48,629,1400,0
2026-06-01 18:15:00,71386.59,71450.88,71275.1,71450.88,570,1400,0
2026-06-01 18:30:00,71454.73,71588.04,71400.58,71400.58,583,1400,0
2026-06-01 18:45:00,71405.5,71462.93,71285.7,71404.71,637,1400,0
2026-06-01 19:00:00,71404.04,71411.38,71314.21,71342.67,546,1400,0
2026-06-01 19:15:00,71346.83,71530.92,71285.83,71528.33,564,1400,0
2026-06-01 19:30:00,71518.83,71577.48,71438.71,71548.61,671,1400,0
2026-06-01 19:45:00,71546.07,71546.07,71401.61,71495.33,554,1400,0
2026-06-01 20:00:00,71493.61,71498.6,71412.32,71475.44,433,1400,0
2026-06-01 20:15:00,71482.45,71613.02,71427.22,71523.72,487,1400,0
2026-06-01 20:30:00,71517.85,71579.25,71473.01,71497.56,446,1400,0
2026-06-01 20:45:00,71502.37,71532.01,71310.59,71361.52,436,1400,0
2026-06-01 21:00:00,71360.36,71365.1,71059.86,71130.35,702,1400,0
2026-06-01 21:15:00,71130.27,71143.96,70990.63,71064.28,545,1400,0
2026-06-01 21:30:00,71066.15,71078.33,70842.92,70928.43,631,1400,0
2026-06-01 21:45:00,70934.58,71044.61,70877.55,70949.84,689,1400,0
2026-06-01 22:00:00,70948.13,70957.12,70739.97,70871.86,841,1400,0
2026-06-01 22:15:00,70879.91,71247.61,70868.93,71185.74,680,1400,0
2026-06-01 22:30:00,71186.58,71270.04,70977.95,71048.87,642,1400,0
2026-06-01 22:45:00,71049.04,71372.36,71047.39,71305.3,721,1400,0
2026-06-01 23:00:00,71306.11,71359.63,71216.36,71280.02,590,1400,0
2026-06-01 23:15:00,71280.09,71389.2,71142.26,71142.26,560,1400,0
2026-06-01 23:30:00,71145.25,71494.58,71127.45,71421.17,670,1400,0
2026-06-01 23:45:00,71422.29,71460.81,71269.59,71317.09,534,1400,0
2026-06-02 00:00:00,71322.32,71325.02,71145.76,71181.71,801,1400,0
2026-06-02 00:15:00,71182.37,71215.46,71048.02,71135.71,607,1400,0
2026-06-02 00:30:00,71135.9,71211.67,70997.41,71088.75,634,1400,0
2026-06-02 00:45:00,71085.57,71211.46,71048.61,71191.45,528,1400,0
2026-06-02 01:00:00,71195.41,71286.7,71127.92,71261.53,696,1400,0
2026-06-02 01:15:00,71269.41,71285.39,71087.58,71106.55,698,1400,0
2026-06-02 01:30:00,71110.44,71137.54,70675.71,70861.93,1251,1400,0
2026-06-02 01:45:00,70860.36,70860.36,70483.84,70561.4,974,1400,0
2026-06-02 02:00:00,70557.48,70638.3,69975.12,70257.12,2546,1400,0
2026-06-02 02:15:00,70250.23,70725.1,70060.14,70693.9,1550,1400,0
2026-06-02 02:30:00,70694.0,70784.5,70477.12,70501.42,977,1400,0
2026-06-02 02:45:00,70498.29,70753.68,70471.0,70753.68,771,1400,0
2026-06-02 03:00:00,70749.61,70949.92,70690.01,70804.03,784,1400,0
2026-06-02 03:15:00,70812.61,70913.49,70713.58,70849.62,671,1400,0
2026-06-02 03:30:00,70855.57,70901.72,70799.16,70885.38,580,1400,0
2026-06-02 03:45:00,70885.53,70912.37,70826.26,70832.97,495,1400,0
2026-06-02 04:00:00,70833.42,70908.47,70602.32,70655.64,678,1400,0
2026-06-02 04:15:00,70657.58,70919.39,70657.58,70858.95,617,1400,0
2026-06-02 04:30:00,70859.12,70949.57,70804.44,70908.41,519,1400,0
2026-06-02 04:45:00,70909.4,70909.4,70646.77,70708.83,555,1400,0
2026-06-02 05:00:00,70704.94,70745.77,70473.81,70686.44,870,1400,0
2026-06-02 05:15:00,70683.35,70698.67,70457.26,70490.44,747,1400,0
2026-06-02 05:30:00,70492.42,70616.86,70312.99,70422.31,1098,1400,0
2026-06-02 05:45:00,70421.78,70436.03,70145.27,70153.44,956,1400,0
2026-06-02 06:00:00,70168.83,70340.5,70108.13,70204.94,904,1400,0
2026-06-02 06:15:00,70203.24,70298.46,70121.64,70260.04,631,1400,0
2026-06-02 06:30:00,70261.73,70322.37,70136.59,70150.73,598,1400,0
2026-06-02 06:45:00,70149.18,70241.12,69817.83,70003.65,1649,1400,0
2026-06-02 07:00:00,70004.18,70064.48,69610.78,69956.26,1920,1400,0
2026-06-02 07:15:00,69957.72,70176.86,69728.77,69818.77,1083,1400,0
2026-06-02 07:30:00,69818.99,70155.83,69811.03,70114.23,873,1400,0
2026-06-02 07:45:00,70114.58,70115.66,69968.59,70015.07,665,1400,0
2026-06-02 08:00:00,70011.83,70077.33,69861.6,69952.0,893,1400,0
2026-06-02 08:15:00,69952.24,69985.95,69755.84,69919.96,1174,1400,0
2026-06-02 08:30:00,69919.22,69980.73,69752.25,69764.43,783,1400,0
2026-06-02 08:45:00,69761.25,69844.59,69603.85,69727.46,880,1400,0
2026-06-02 09:00:00,69729.56,69748.31,69386.44,69453.64,1480,1400,0
2026-06-02 09:15:00,69457.57,69525.63,69206.92,69296.59,1332,1400,0
2026-06-02 09:30:00,69300.35,69462.93,69241.28,69382.53,1040,1400,0
2026-06-02 09:45:00,69387.02,69427.66,69272.35,69320.68,765,1400,0
2026-06-02 10:00:00,69322.94,69652.82,69240.79,69547.84,947,1400,0
2026-06-02 10:15:00,69543.35,69620.13,69402.2,69531.35,717,1400,0
2026-06-02 10:30:00,69530.36,69566.14,69334.87,69365.45,657,1400,0
2026-06-02 10:45:00,69364.69,69586.65,69360.79,69527.17,600,1400,0
2026-06-02 11:00:00,69526.95,69555.02,69379.12,69448.56,562,1400,0
2026-06-02 11:15:00,69441.35,69465.18,69315.63,69395.17,659,1400,0
2026-06-02 11:30:00,69393.18,69435.1,69287.49,69371.61,601,1400,0
2026-06-02 11:45:00,69373.71,69515.23,69352.64,69353.76,470,1400,0
2026-06-02 12:00:00,69354.53,69435.89,69170.25,69241.12,951,1400,0
2026-06-02 12:15:00,69240.51,69338.3,69134.09,69196.6,943,1400,0
2026-06-02 12:30:00,69197.37,69197.37,68953.89,69124.24,1257,1400,0
2026-06-02 12:45:00,69115.88,69152.89,68880.05,68899.36,814,1400,0
2026-06-02 13:00:00,68908.35,69098.58,68777.9,68813.5,1657,1400,0
2026-06-02 13:15:00,68813.68,69002.55,68753.49,68913.39,946,1400,0
2026-06-02 13:30:00,68916.9,69014.71,68663.57,68786.11,2029,1400,0
2026-06-02 13:45:00,68787.35,68874.78,68625.43,68687.33,1256,1400,0
2026-06-02 14:00:00,68689.19,68717.46,68166.54,68457.28,2446,1400,0
2026-06-02 14:15:00,68458.16,68459.97,67485.84,67772.54,4283,1400,0
2026-06-02 14:30:00,67765.07,68143.74,67736.2,67903.96,2713,1400,0
2026-06-02 14:45:00,67899.75,68147.23,67833.15,67891.55,1751,1400,0
2026-06-02 15:00:00,67881.65,67971.82,67672.17,67724.12,1891,1400,0
2026-06-02 15:15:00,67720.47,67731.71,67224.69,67324.52,3257,1400,0
2026-06-02 15:30:00,67324.13,67388.91,66940.08,67152.98,3651,1400,0
2026-06-02 15:45:00,67148.83,67367.26,66974.59,67183.68,1825,1400,0
2026-06-02 16:00:00,67183.56,67853.91,67096.25,67800.35,2336,1400,0
2026-06-02 16:15:00,67800.22,68034.28,67674.02,67743.0,1924,1400,0
2026-06-02 16:30:00,67735.57,67749.57,67412.44,67514.19,1289,1400,0
2026-06-02 16:45:00,67511.17,67723.15,67285.18,67310.03,1349,1400,0
2026-06-02 17:00:00,67310.79,67513.24,67246.84,67388.86,1171,1400,0
2026-06-02 17:15:00,67384.6,67695.35,67335.5,67615.31,1142,1400,0
2026-06-02 17:30:00,67609.76,67736.71,67355.69,67376.03,1247,1400,0
2026-06-02 17:45:00,67376.11,67409.98,67259.25,67374.6,885,1400,0
2026-06-02 18:00:00,67376.04,67555.05,67361.71,67482.29,962,1400,0
2026-06-02 18:15:00,67481.37,67512.34,67168.71,67200.53,968,1400,0
2026-06-02 18:30:00,67201.18,67261.03,67077.15,67189.79,1030,1400,0
2026-06-02 18:45:00,67189.14,67261.28,66994.14,67218.09,957,1400,0
2026-06-02 19:00:00,67221.48,67320.36,67111.61,67244.4,825,1400,0
2026-06-02 19:15:00,67237.21,67261.29,66807.32,66872.45,1266,1400,0
2026-06-02 19:30:00,66880.45,66922.52,66316.73,66818.97,3055,1400,0
2026-06-02 19:45:00,66825.72,67404.82,66759.5,67213.72,1796,1400,0
2026-06-02 20:00:00,67219.05,67387.63,66983.54,67284.9,1435,1400,0
2026-06-02 20:15:00,67287.29,67297.59,66799.79,66849.86,1649,1400,0
2026-06-02 20:30:00,66854.42,67247.93,66836.12,67195.33,1466,1400,0
2026-06-02 20:45:00,67195.27,67581.58,67186.3,67482.24,1075,1400,0
2026-06-02 21:00:00,67490.68,67705.6,67305.99,67382.23,1514,1400,0
2026-06-02 21:15:00,67371.06,67818.94,67366.15,67787.85,1040,1400,0
2026-06-02 21:30:00,67791.97,67829.95,67601.02,67636.26,834,1400,0
2026-06-02 21:45:00,67637.56,67641.81,67402.63,67461.43,646,1400,0
2026-06-02 22:00:00,67460.33,67460.33,67110.38,67128.17,1420,1400,0
2026-06-02 22:15:00,67126.85,67339.65,66823.43,67182.54,2012,1400,0
2026-06-02 22:30:00,67184.01,67223.75,66661.37,66849.24,1643,1400,0
2026-06-02 22:45:00,66846.53,66846.53,66140.27,66300.15,3475,1400,0
2026-06-02 23:00:00,66297.13,66597.25,66093.8,66597.22,2712,1400,0
2026-06-02 23:15:00,66600.89,66681.53,66084.62,66355.17,2836,1400,0
2026-06-02 23:30:00,66358.66,66641.64,66141.76,66622.73,2210,1400,0
2026-06-02 23:45:00,66619.88,66776.69,66565.63,66660.72,1007,1400,0
2026-06-03 00:00:00,66658.03,66828.41,66549.83,66714.33,1472,1400,0
2026-06-03 00:15:00,66714.95,67030.76,66667.36,66681.74,1178,1400,0
2026-06-03 00:30:00,66683.37,67125.41,66605.91,66977.15,1149,1400,0
2026-06-03 00:45:00,66976.67,67060.52,66833.3,66834.86,748,1400,0
2026-06-03 01:00:00,66837.29,66864.4,66577.22,66719.12,1001,1400,0
2026-06-03 01:15:00,66728.84,66954.24,66707.5,66920.33,895,1400,0
2026-06-03 01:30:00,66927.92,66958.2,66367.9,66419.06,983,1400,0
2026-06-03 01:45:00,66424.85,66936.74,66404.93,66823.71,1099,1400,0
2026-06-03 02:00:00,66823.02,66835.96,66628.18,66728.5,833,1400,0
2026-06-03 02:15:00,66733.1,66852.12,66546.47,66564.66,1078,1400,0
2026-06-03 02:30:00,66566.02,66770.13,66498.45,66644.66,876,1400,0
2026-06-03 02:45:00,66650.06,66731.66,66474.62,66518.68,974,1400,0
2026-06-03 03:00:00,66516.83,66574.01,66308.15,66421.55,1011,1400,0
2026-06-03 03:15:00,66420.97,66535.55,65989.89,66070.24,1470,1400,0
2026-06-03 03:30:00,66072.83,66182.91,65640.05,65680.03,2512,1400,0
2026-06-03 03:45:00,65681.42,65899.27,65317.76,65767.09,3271,1400,0
2026-06-03 04:00:00,65760.77,66518.58,65732.08,66255.97,2482,1400,0
2026-06-03 04:15:00,66254.23,66536.19,66219.74,66483.22,1143,1400,0
2026-06-03 04:30:00,66484.81,66485.33,66216.67,66339.21,1081,1400,0
2026-06-03 04:45:00,66341.68,66421.21,66180.0,66384.24,863,1400,0
2026-06-03 05:00:00,66383.8,67175.35,66371.69,67045.88,2547,1400,0
2026-06-03 05:15:00,67043.43,67193.75,66880.63,67016.11,1441,1400,0
2026-06-03 05:30:00,67012.48,67012.48,66671.32,66920.89,1179,1400,0
2026-06-03 05:45:00,66932.56,67312.88,66932.53,67223.22,1313,1400,0
2026-06-03 06:00:00,67220.72,67279.34,67011.23,67070.15,900,1400,0
2026-06-03 06:15:00,67070.34,67263.55,67048.87,67154.6,912,1400,0
2026-06-03 06:30:00,67151.92,67426.67,67084.33,67228.83,1499,1400,0
2026-06-03 06:45:00,67232.11,67256.82,66861.06,66897.66,1027,1400,0
2026-06-03 07:00:00,66892.3,67068.44,66769.68,66962.66,1022,1400,0
2026-06-03 07:15:00,66970.02,67235.78,66923.76,67095.77,857,1400,0
2026-06-03 07:30:00,67095.66,67198.17,66978.0,67113.58,754,1400,0
2026-06-03 07:45:00,67116.39,67246.12,67084.08,67127.3,626,1400,0
2026-06-03 08:00:00,67126.59,67174.47,66964.89,66974.64,792,1400,0
2026-06-03 08:15:00,66974.74,67056.35,66907.12,66943.55,665,1400,0
2026-06-03 08:30:00,66949.7,67147.93,66871.0,67005.4,978,1400,0
2026-06-03 08:45:00,67005.12,67094.57,66868.01,66927.38,807,1400,0
2026-06-03 09:00:00,66925.4,67009.99,66830.42,66869.43,701,1400,0
2026-06-03 09:15:00,66874.89,66875.5,66705.98,66726.94,856,1400,0
2026-06-03 09:30:00,66727.14,66768.89,66631.1,66633.7,498,1400,0
2026-06-03 09:45:00,66633.75,67226.25,66549.18,66974.48,1177,1400,0
2026-06-03 10:00:00,66977.06,67388.16,66965.44,67197.93,1167,1400,0
2026-06-03 10:15:00,67192.37,67251.2,67088.26,67217.51,671,1400,0
2026-06-03 10:30:00,67220.69,67322.32,67105.92,67140.8,666,1400,0
2026-06-03 10:45:00,67143.49,67233.23,67078.94,67193.59,473,1400,0
2026-06-03 11:00:00,67196.32,67279.34,67102.16,67257.11,567,1400,0
2026-06-03 11:15:00,67250.32,67278.35,67193.17,67247.45,529,1400,0
2026-06-03 11:30:00,67246.3,67246.3,67016.71,67059.26,557,1400,0
2026-06-03 11:45:00,67059.68,67069.8,66955.42,66972.8,511,1400,0
2026-06-03 12:00:00,66974.11,67045.54,66781.82,66884.36,787,1400,0
2026-06-03 12:15:00,66886.07,66996.31,66685.8,66926.62,967,1400,0
2026-06-03 12:30:00,66926.44,67075.94,66727.66,66865.0,874,1400,0
2026-06-03 12:45:00,66865.09,67048.58,66813.71,66990.82,735,1400,0
2026-06-03 13:00:00,66995.26,67142.84,66887.66,67013.89,946,1400,0
2026-06-03 13:15:00,67012.76,67158.29,66730.01,66736.77,1095,1400,0
2026-06-03 13:30:00,66741.05,67095.72,66602.04,66647.22,2575,1400,0
2026-06-03 13:45:00,66645.79,66952.48,66524.06,66803.12,2904,1400,0
2026-06-03 14:00:00,66796.69,66846.77,66625.56,66800.27,2115,1400,0
2026-06-03 14:15:00,66807.59,66831.86,66533.36,66688.31,2240,1400,0
2026-06-03 14:30:00,66688.61,66891.74,66605.06,66657.48,1718,1400,0
2026-06-03 14:45:00,66649.79,66832.08,66631.35,66763.0,1517,1400,0
2026-06-03 15:00:00,66763.71,66799.94,66380.15,66424.07,1637,1400,0
2026-06-03 15:15:00,66423.43,66569.81,66147.5,66495.22,1877,1400,0
2026-06-03 15:30:00,66498.52,66580.36,66110.78,66198.21,1552,1400,0
2026-06-03 15:45:00,66196.27,66284.88,65960.18,65973.56,2272,1400,0
2026-06-03 16:00:00,65982.91,66288.26,65771.72,66061.79,3104,1400,0
2026-06-03 16:15:00,66060.42,66125.88,65449.74,65519.74,3264,1400,0
2026-06-03 16:30:00,65521.17,65884.36,65493.14,65816.75,2322,1400,0
2026-06-03 16:45:00,65815.1,65989.78,65715.96,65964.65,1560,1400,0
2026-06-03 17:00:00,65969.35,66037.59,65603.26,65633.7,1611,1400,0
2026-06-03 17:15:00,65635.88,65892.64,65614.12,65855.29,1323,1400,0
2026-06-03 17:30:00,65855.49,66098.57,65742.72,66015.86,1376,1400,0
2026-06-03 17:45:00,66018.92,66027.39,65699.48,65876.04,1166,1400,0
2026-06-03 18:00:00,65876.28,66005.83,65751.64,65869.29,1093,1400,0
2026-06-03 18:15:00,65872.48,65873.24,65639.94,65814.21,1159,1400,0
2026-06-03 18:30:00,65813.61,66015.78,65692.17,65940.55,1063,1400,0
2026-06-03 18:45:00,65940.75,66087.71,65920.63,65941.17,965,1400,0
2026-06-03 19:00:00,65939.17,65968.3,65807.76,65890.68,866,1400,0
2026-06-03 19:15:00,65884.8,65965.53,65490.98,65554.62,1399,1400,0
2026-06-03 19:30:00,65556.78,65732.07,65529.61,65661.47,991,1400,0
2026-06-03 19:45:00,65660.96,65754.88,65138.5,65382.79,1786,1400,0
2026-06-03 20:00:00,65373.79,65517.96,65152.05,65480.63,1491,1400,0
2026-06-03 20:15:00,65477.38,65508.33,65185.99,65459.3,1438,1400,0
2026-06-03 20:30:00,65457.22,65483.54,65094.8,65110.24,1302,1400,0
2026-06-03 20:45:00,65115.04,65153.29,64650.04,64910.39,2941,1400,0
2026-06-03 21:00:00,64907.73,65495.91,64855.18,65315.59,2236,1400,0
2026-06-03 21:15:00,65307.39,65510.3,65301.27,65424.81,1018,1400,0
2026-06-03 21:30:00,65423.78,65633.41,65196.46,65429.81,1690,1400,0
2026-06-03 21:45:00,65431.07,65768.15,65395.2,65675.56,1437,1400,0
2026-06-03 22:00:00,65673.6,65756.96,65208.7,65242.45,2669,1400,0
2026-06-03 22:15:00,65246.34,65246.34,64887.82,65067.22,2463,1400,0
2026-06-03 22:30:00,65072.88,65174.62,64831.4,64975.77,2013,1400,0
2026-06-03 22:45:00,64971.43,65013.5,64678.79,64817.35,2431,1400,0
2026-06-03 23:00:00,64814.94,64898.15,64308.6,64512.53,3205,1400,0
2026-06-03 23:15:00,64506.72,64564.8,64256.94,64414.75,2455,1400,0
2026-06-03 23:30:00,64416.37,64546.79,64144.52,64166.64,2018,1400,0
2026-06-03 23:45:00,64166.95,64256.54,63988.64,64055.82,1571,1400,0
2026-06-04 00:00:00,64049.4,64338.83,64030.23,64212.41,2100,1400,0
2026-06-04 00:15:00,64211.97,64297.49,63258.98,63270.74,3499,1400,0
2026-06-04 00:30:00,63265.84,63731.31,62982.58,63228.07,4664,1400,0
