timestamp,open,high,low,close,volume
2018-02-09 00:00:00,8251.64,8292.32,8193.92,8201.89,0
2018-02-10 00:00:00,8199.83,8294.33,8187.04,8294.3,0
2018-02-11 00:00:00,8294.21,8319.84,8185.22,8185.22,0
2018-02-12 00:00:00,8180.63,8241.14,8158.32,8241.14,0
2018-02-14 00:00:00,9248.49,9327.84,9230.85,9327.37,0
2018-02-15 00:00:00,9728.6,10207.26,9726.52,10000.9,0
2018-02-16 00:00:00,10001.77,10277.06,9696.83,10158.48,0
2018-02-17 00:00:00,10157.68,11115.32,10043.99,11085.26,0
2018-02-18 00:00:00,11085.31,11274.45,10134.57,10393.78,0
2018-02-19 00:00:00,10395.28,11262.86,10303.56,11158.66,0
2018-02-20 00:00:00,11158.72,11758.66,11025.5,11226.37,0
2018-02-21 00:00:00,11226.07,11261.22,10234.49,10447.17,0
2018-02-22 00:00:00,10446.09,10906.95,9719.93,9824.94,0
2018-02-23 00:00:00,9825.24,10395.27,9580.5,10129.71,0
2018-02-24 00:00:00,10129.83,10495.45,9347.52,9671.77,0
2018-02-25 00:00:00,9672.06,9843.55,9288.48,9576.5,0
2018-02-26 00:00:00,9577.49,10434.58,9369.68,10308.69,0
2018-02-27 00:00:00,10308.68,10845.91,10134.41,10553.62,0
2018-02-28 00:00:00,10556.95,11038.22,10260.09,10302.05,0
2018-03-01 00:00:00,10302.11,11073.01,10212.88,10889.99,0
2018-03-02 00:00:00,10890.24,11159.7,10738.78,10998.44,0
2018-03-03 00:00:00,10998.54,11489.18,10995.91,11423.53,0
2018-03-04 00:00:00,11423.9,11484.14,11040.22,11452.34,0
2018-03-05 00:00:00,11452.91,11642.82,11331.55,11352.48,0
2018-03-06 00:00:00,11355.51,11375.12,10548.92,10697.85,0
2018-03-07 00:00:00,10697.97,10872.71,9276.61,9879.18,0
2018-03-08 00:00:00,9882.28,10089.38,9027.57,9276.1,0
2018-03-09 00:00:00,9277.18,9391.45,8341.72,9216.43,0
2018-03-10 00:00:00,9216.67,9485.28,8637.91,8752.98,0
2018-03-11 00:00:00,8754.42,9716.25,8404.7,9511.81,0
2018-03-12 00:00:00,9511.55,9869.83,8822.88,9096.55,0
2018-03-13 00:00:00,9096.69,9462.78,8815.02,9124.57,0
2018-03-14 00:00:00,9124.93,9331.56,7910.71,8174.35,0
2018-03-15 00:00:00,8174.69,8391.99,7634.88,8238.35,0
2018-03-16 00:00:00,8238.39,8584.83,7884.82,8224.82,0
2018-03-17 00:00:00,8225.23,8307.07,7716.08,7827.79,0
2018-03-18 00:00:00,7827.23,8272.97,7282.72,8172.53,0
2018-03-19 00:00:00,8173.02,8689.1,8065.17,8569.7,0
2018-03-20 00:00:00,8568.95,9019.93,8285.4,8887.49,0
2018-03-21 00:00:00,8887.64,9149.74,8713.87,8866.66,0
2018-03-22 00:00:00,8868.45,9063.91,8451.28,8687.41,0
2018-03-23 00:00:00,8687.24,8904.07,8241.23,8902.95,0
2018-03-24 00:00:00,8903.62,8989.43,8455.34,8513.06,0
2018-03-25 00:00:00,8511.13,8659.66,8334.57,8437.31,0
2018-03-26 00:00:00,8437.44,8483.18,7827.77,8118.48,0
2018-03-27 00:00:00,8119.62,8196.9,7718.12,7776.88,0
2018-03-28 00:00:00,7777.11,8084.98,7695.74,7924.73,0
2018-03-29 00:00:00,7924.8,7947.57,6880.21,7072.38,0
2018-03-30 00:00:00,7072.67,7251.86,6522.67,6826.3,0
2018-03-31 00:00:00,6826.29,7196.48,6779.44,6913.91,0
2018-04-01 00:00:00,6913.87,7030.41,6409.1,6801.9,0
2018-04-02 00:00:00,6802.92,7093.86,6755.67,7036.32,0
2018-04-03 00:00:00,7036.5,7501.28,6993.57,7400.25,0
2018-04-04 00:00:00,7400.52,7409.57,6677.84,6769.21,0
2018-04-05 00:00:00,6769.23,6904.15,6545.8,6761.85,0
2018-04-06 00:00:00,6762.16,6836.79,6478.04,6594.1,0
2018-04-07 00:00:00,6595.05,7046.29,6576.34,6878.61,0
2018-04-08 00:00:00,6878.73,7089.46,6855.35,7007.81,0
2018-04-09 00:00:00,7007.97,7162.49,6588.36,6755.66,0
2018-04-10 00:00:00,6755.65,6874.01,6627.5,6821.05,0
2018-04-11 00:00:00,6821.12,6958.07,6785.08,6929.46,0
2018-04-12 00:00:00,6929.47,8040.24,6745.04,7899.86,0
2018-04-13 00:00:00,7900.03,8212.02,7734.81,7869.78,0
2018-04-14 00:00:00,7869.63,8107.54,7804.7,7990.1,0
2018-04-15 00:00:00,7990.11,8391.53,7989.72,8336.54,0
2018-04-16 00:00:00,8336.79,8391.55,7878.88,8034.73,0
2018-04-17 00:00:00,8034.78,8143.49,7790.58,7876.18,0
2018-04-18 00:00:00,7876.29,8211.55,7854.15,8146.01,0
2018-04-19 00:00:00,8146.24,8282.53,8077.22,8258.31,0
2018-04-20 00:00:00,8258.34,8915.49,8195.66,8850.33,0
2018-04-21 00:00:00,8850.34,8927.08,8578.32,8893.72,0
2018-04-22 00:00:00,8893.35,9000.32,8735.1,8778.23,0
2018-04-23 00:00:00,8778.43,8985.78,8753.96,8920.58,0
2018-04-24 00:00:00,8920.86,9715.8,8911.5,9631.4,0
2018-04-25 00:00:00,9629.64,9741.53,8583.55,8844.1,0
2018-04-26 00:00:00,8844.47,9303.04,8623.28,9253.13,0
2018-04-27 00:00:00,9254.56,9362.63,8882.82,8905.69,0
2018-04-28 00:00:00,8905.68,9408.51,8825.32,9318.94,0
2018-04-29 00:00:00,9318.78,9520.25,9140.14,9379.84,0
2018-04-30 00:00:00,9378.34,9426.52,9084.62,9218.08,0
2018-05-01 00:00:00,9218.37,9225.56,8806.63,9047.81,0
2018-05-02 00:00:00,9047.62,9248.12,8952.57,9195.51,0
2018-05-03 00:00:00,9194.98,9779.35,9090.28,9719.56,0
2018-05-04 00:00:00,9719.83,9741.89,9416.8,9676.0,0
2018-05-05 00:00:00,9676.25,9938.47,9583.38,9805.97,0
2018-05-06 00:00:00,9806.38,9882.28,9319.13,9597.34,0
2018-05-07 00:00:00,9596.64,9619.11,9143.69,9339.8,0
2018-05-08 00:00:00,9339.18,9443.27,9020.31,9161.26,0
2018-05-09 00:00:00,9160.79,9348.08,8942.83,9293.88,0
2018-05-10 00:00:00,9293.94,9372.48,8974.96,8997.36,0
2018-05-11 00:00:00,8996.85,8997.07,8324.07,8396.76,0
2018-05-12 00:00:00,8396.42,8631.91,8199.38,8461.63,0
2018-05-13 00:00:00,8462.15,8750.05,8313.15,8677.39,0
2018-05-14 00:00:00,8677.65,8866.14,8255.38,8658.66,0
2018-05-15 00:00:00,8658.74,8829.02,8374.26,8461.25,0
2018-05-16 00:00:00,8461.28,8481.95,8078.35,8327.77,0
2018-05-17 00:00:00,8328.32,8465.2,7965.87,8041.74,0
2018-05-18 00:00:00,8041.76,8258.98,7906.88,8221.85,0
2018-05-19 00:00:00,8221.95,8375.14,8127.55,8207.91,0
2018-05-20 00:00:00,8208.03,8575.18,8148.69,8504.8,0
2018-05-21 00:00:00,8504.69,8563.86,8282.05,8375.57,0
2018-05-22 00:00:00,8376.17,8390.83,7927.71,7967.97,0
2018-05-23 00:00:00,7968.01,8009.13,7413.26,7494.61,0
2018-05-24 00:00:00,7494.88,7713.59,7247.64,7566.19,0
2018-05-25 00:00:00,7566.23,7640.98,7298.05,7449.69,0
2018-05-26 00:00:00,7449.76,7604.83,7271.28,7322.31,0
2018-05-27 00:00:00,7322.43,7379.84,7194.86,7332.63,0
2018-05-28 00:00:00,7332.64,7429.11,7056.69,7084.87,0
2018-05-29 00:00:00,7084.49,7512.35,7023.28,7455.01,0
2018-05-30 00:00:00,7455.29,7545.73,7250.44,7366.93,0
2018-05-31 00:00:00,7367.0,7588.08,7317.11,7477.79,0
2018-06-01 00:00:00,7477.8,7591.36,7323.25,7502.78,0
2018-06-02 00:00:00,7502.73,7673.28,7423.44,7623.29,0
2018-06-03 00:00:00,7623.38,7763.35,7553.83,7694.64,0
2018-06-04 00:00:00,7694.65,7740.0,7427.61,7479.32,0
2018-06-05 00:00:00,7479.59,7653.24,7311.43,7606.83,0
2018-06-06 00:00:00,7606.88,7682.72,7466.59,7645.41,0
2018-06-07 00:00:00,7645.08,7738.03,7621.95,7680.48,0
2018-06-08 00:00:00,7679.77,7688.04,7534.03,7607.11,0
2018-06-09 00:00:00,7607.35,7670.63,7452.14,7492.64,0
2018-06-10 00:00:00,7492.61,7492.61,6631.18,6763.57,0
2018-06-11 00:00:00,6763.69,6899.48,6638.74,6873.52,0
2018-06-12 00:00:00,6873.69,6874.03,6441.56,6541.79,0
2018-06-13 00:00:00,6541.96,6612.2,6128.95,6289.5,0
2018-06-14 00:00:00,6289.42,6707.15,6261.3,6634.33,0
2018-06-15 00:00:00,6634.38,6659.19,6357.86,6384.95,0
2018-06-16 00:00:00,6385.1,6545.01,6320.42,6481.39,0
2018-06-17 00:00:00,6481.54,6569.04,6419.63,6440.72,0
2018-06-18 00:00:00,6440.88,6789.89,6374.38,6704.02,0
2018-06-19 00:00:00,6704.22,6830.53,6660.53,6728.87,0
2018-06-20 00:00:00,6728.85,6810.97,6554.27,6755.57,0
2018-06-21 00:00:00,6755.83,6783.92,6675.04,6712.97,0
2018-06-22 00:00:00,6713.03,6725.76,5928.63,6046.69,0
2018-06-23 00:00:00,6046.61,6253.55,6029.23,6164.57,0
2018-06-24 00:00:00,6164.58,6248.0,5768.17,6147.97,0
2018-06-25 00:00:00,6148.12,6336.68,6071.32,6244.83,0
2018-06-26 00:00:00,6244.81,6269.81,6033.63,6070.68,0
2018-06-27 00:00:00,6070.77,6174.81,5982.14,6132.05,0
2018-06-28 00:00:00,6132.07,6158.58,5818.5,5844.31,0
2018-06-29 00:00:00,5844.36,6291.17,5782.95,6199.01,0
2018-06-30 00:00:00,6199.06,6502.32,6184.59,6383.65,0
2018-07-01 00:00:00,6383.64,6426.83,6253.61,6344.55,0
2018-07-02 00:00:00,6343.09,6668.38,6269.21,6610.31,0
2018-07-03 00:00:00,6610.43,6668.15,6459.16,6499.81,0
2018-07-04 00:00:00,6499.95,6782.29,6407.15,6580.6,0
2018-07-05 00:00:00,6580.49,6685.23,6435.17,6525.83,0
2018-07-06 00:00:00,6525.97,6632.41,6443.95,6595.64,0
2018-07-07 00:00:00,6595.65,6813.0,6504.3,6748.44,0
2018-07-08 00:00:00,6748.56,6774.26,6662.1,6699.11,0
2018-07-09 00:00:00,6699.05,6800.81,6613.14,6662.38,0
2018-07-10 00:00:00,6662.4,6675.77,6262.56,6300.59,0
2018-07-11 00:00:00,6300.53,6394.0,6276.21,6379.16,0
2018-07-12 00:00:00,6378.99,6379.14,6062.84,6243.47,0
2018-07-13 00:00:00,6242.3,6332.54,6118.87,6211.94,0
2018-07-14 00:00:00,6211.83,6318.44,6178.37,6243.34,0
2018-07-15 00:00:00,6243.32,6384.99,6226.7,6345.11,0
2018-07-16 00:00:00,6345.16,6741.08,6325.81,6719.47,0
2018-07-17 00:00:00,6719.6,7457.03,6657.39,7306.43,0
2018-07-18 00:00:00,7306.6,7573.62,7234.74,7371.87,0
2018-07-19 00:00:00,7372.0,7550.53,7272.95,7461.24,0
2018-07-20 00:00:00,7461.22,7673.49,7267.18,7328.77,0
2018-07-21 00:00:00,7328.77,7444.65,7205.41,7396.46,0
2018-07-22 00:00:00,7396.55,7566.58,7321.25,7389.24,0
2018-07-23 00:00:00,7389.54,7795.82,7368.37,7713.04,0
2018-07-24 00:00:00,7713.14,8473.01,7685.35,8386.74,0
2018-07-25 00:00:00,8383.95,8475.15,8047.87,8160.44,0
2018-07-26 00:00:00,8160.34,8293.93,7847.52,7928.01,0
2018-07-27 00:00:00,7928.04,8268.68,7788.29,8183.18,0
2018-07-28 00:00:00,8182.84,8231.16,8058.16,8221.46,0
2018-07-29 00:00:00,8221.18,8283.84,8114.26,8207.63,0
2018-07-30 00:00:00,8207.66,8268.48,7848.0,8165.14,0
2018-07-31 00:00:00,8164.77,8166.84,7637.55,7721.14,0
2018-08-01 00:00:00,7721.76,7752.51,7436.82,7601.97,0
2018-08-02 00:00:00,7601.14,7703.08,7452.61,7528.24,0
2018-08-03 00:00:00,7528.26,7533.3,7275.13,7414.19,0
2018-08-04 00:00:00,7414.2,7486.56,6926.37,7004.81,0
2018-08-05 00:00:00,7004.89,7083.29,6880.49,7019.32,0
2018-08-06 00:00:00,7019.31,7145.02,6834.75,6930.33,0
2018-08-07 00:00:00,6929.92,7147.33,6667.94,6715.14,0
2018-08-08 00:00:00,6715.18,6716.58,6122.93,6277.88,0
2018-08-09 00:00:00,6278.14,6616.53,6179.05,6537.92,0
2018-08-10 00:00:00,6537.74,6574.66,6005.98,6135.79,0
2018-08-11 00:00:00,6135.9,6478.36,5989.2,6226.43,0
2018-08-12 00:00:00,6224.49,6464.95,6161.02,6311.34,0
2018-08-13 00:00:00,6311.19,6534.4,6140.48,6249.57,0
2018-08-14 00:00:00,6249.32,6249.55,5875.75,6188.97,0
2018-08-15 00:00:00,6189.04,6602.48,6180.97,6264.64,0
2018-08-16 00:00:00,6264.79,6468.51,6197.67,6306.45,0
2018-08-17 00:00:00,6305.77,6571.39,6281.39,6569.88,0
2018-08-18 00:00:00,6569.84,6601.5,6306.7,6389.8,0
2018-08-19 00:00:00,6389.92,6537.63,6310.27,6461.62,0
2018-08-20 00:00:00,6461.6,6499.67,6211.95,6257.4,0
2018-08-21 00:00:00,6257.51,6489.21,6245.36,6464.99,0
2018-08-22 00:00:00,6464.93,6865.22,6240.97,6356.58,0
2018-08-23 00:00:00,6356.87,6546.75,6341.54,6507.81,0
2018-08-24 00:00:00,6507.9,6704.53,6427.39,6670.68,0
2018-08-25 00:00:00,6670.86,6765.72,6659.14,6726.9,0
2018-08-26 00:00:00,6726.89,6768.47,6558.47,6700.56,0
2018-08-27 00:00:00,6699.43,6924.57,6642.92,6901.75,0
2018-08-28 00:00:00,6901.82,7120.5,6859.03,7071.81,0
2018-08-29 00:00:00,7071.83,7116.51,6909.26,7026.19,0
2018-08-30 00:00:00,7026.09,7048.83,6791.17,6977.35,0
2018-08-31 00:00:00,6977.34,7080.17,6873.07,7006.69,0
2018-09-01 00:00:00,7007.31,7266.57,7005.87,7183.48,0
2018-09-02 00:00:00,7183.58,7330.35,7125.58,7289.16,0
2018-09-03 00:00:00,7289.19,7323.95,7189.64,7252.05,0
2018-09-04 00:00:00,7251.75,7397.21,7224.0,7352.02,0
2018-09-05 00:00:00,7352.07,7381.25,6667.79,6682.54,0
2018-09-06 00:00:00,6682.65,6704.38,6263.79,6491.29,0
2018-09-07 00:00:00,6491.1,6525.62,6321.6,6395.25,0
2018-09-08 00:00:00,6395.31,6462.4,6108.2,6181.74,0
2018-09-09 00:00:00,6181.77,6431.62,6110.61,6233.03,0
2018-09-10 00:00:00,6232.93,6349.54,6223.66,6300.26,0
2018-09-11 00:00:00,6300.27,6391.34,6168.3,6277.33,0
2018-09-12 00:00:00,6277.46,6340.08,6190.26,6323.16,0
2018-09-13 00:00:00,6323.15,6522.99,6319.52,6481.34,0
2018-09-14 00:00:00,6481.33,6580.98,6379.7,6472.92,0
2018-09-15 00:00:00,6473.32,6557.69,6458.79,6509.47,0
2018-09-16 00:00:00,6510.04,6515.17,6334.35,6486.0,0
2018-09-17 00:00:00,6486.28,6520.82,6202.69,6247.04,0
2018-09-18 00:00:00,6247.16,6379.16,6224.68,6327.26,0
2018-09-19 00:00:00,6327.51,6510.14,6100.51,6387.5,0
2018-09-20 00:00:00,6387.55,6531.07,6336.32,6488.62,0
2018-09-21 00:00:00,6488.67,6775.12,6486.7,6747.69,0
2018-09-22 00:00:00,6747.69,6819.8,6559.75,6707.01,0
2018-09-23 00:00:00,6707.02,6767.12,6656.23,6698.01,0
2018-09-24 00:00:00,6697.86,6716.98,6546.17,6578.89,0
2018-09-25 00:00:00,6576.16,6579.43,6320.83,6430.88,0
2018-09-26 00:00:00,6430.95,6539.45,6374.26,6455.73,0
2018-09-27 00:00:00,6455.86,6730.47,6426.61,6681.8,0
2018-09-28 00:00:00,6681.76,6791.08,6526.56,6617.0,0
2018-09-29 00:00:00,6617.0,6617.11,6457.83,6578.22,0
2018-09-30 00:00:00,6578.39,6634.78,6515.75,6602.46,0
2018-10-01 00:00:00,6602.52,6640.13,6482.71,6573.12,0
2018-10-02 00:00:00,6573.17,6596.52,6449.93,6500.66,0
2018-10-03 00:00:00,6500.69,6515.85,6397.68,6468.96,0
2018-10-04 00:00:00,6469.01,6603.4,6454.02,6551.04,0
2018-10-05 00:00:00,6551.03,6634.89,6511.7,6591.66,0
2018-10-06 00:00:00,6592.03,6599.13,6523.81,6553.44,0
2018-10-07 00:00:00,6553.47,6590.94,6494.44,6575.1,0
2018-10-08 00:00:00,6575.28,6659.5,6526.84,6613.57,0
2018-10-09 00:00:00,6613.6,6621.45,6551.14,6597.32,0
2018-10-10 00:00:00,6597.33,6599.99,6439.26,6554.14,0
2018-10-11 00:00:00,6554.11,6554.29,6125.21,6185.67,0
2018-10-12 00:00:00,6184.21,6278.13,6133.34,6221.57,0
2018-10-13 00:00:00,6220.83,6255.9,6204.43,6242.71,0
2018-10-14 00:00:00,6242.77,6315.8,6207.56,6238.49,0
2018-10-15 00:00:00,6238.42,7188.8,6203.04,6577.69,0
2018-10-16 00:00:00,6577.68,6667.44,6508.23,6586.33,0
2018-10-17 00:00:00,6586.53,6609.73,6522.75,6569.49,0
2018-10-18 00:00:00,6569.47,6612.9,6442.55,6484.14,0
2018-10-19 00:00:00,6485.17,6510.03,6423.61,6437.53,0
2018-10-20 00:00:00,6437.54,6497.49,6411.95,6477.18,0
2018-10-21 00:00:00,6477.19,6539.51,6468.78,6485.46,0
2018-10-22 00:00:00,6484.05,6512.73,6434.49,6470.28,0
2018-10-23 00:00:00,6470.42,6485.68,6416.2,6457.59,0
2018-10-24 00:00:00,6457.6,6528.39,6446.29,6464.36,0
2018-10-25 00:00:00,6464.3,6474.8,6401.05,6440.91,0
2018-10-26 00:00:00,6440.99,6505.87,6423.98,6451.0,0
2018-10-27 00:00:00,6451.13,6470.83,6406.6,6428.56,0
2018-10-28 00:00:00,6428.56,6444.6,6389.1,6424.17,0
2018-10-29 00:00:00,6424.25,6440.65,6236.07,6280.71,0
2018-10-30 00:00:00,6280.58,6316.77,6245.29,6270.12,0
2018-10-31 00:00:00,6270.47,6354.53,6196.44,6309.74,0
2018-11-01 00:00:00,6309.74,6366.79,6296.12,6346.76,0
2018-11-02 00:00:00,6346.74,6392.16,6329.73,6359.0,0
2018-11-03 00:00:00,6358.99,6366.44,6309.86,6332.83,0
2018-11-04 00:00:00,6332.91,6467.52,6316.18,6427.65,0
2018-11-05 00:00:00,6427.77,6442.05,6370.01,6408.11,0
2018-11-06 00:00:00,6408.13,6461.6,6387.49,6455.88,0
2018-11-07 00:00:00,6456.33,6548.21,6449.15,6511.61,0
2018-11-08 00:00:00,6511.57,6522.31,6397.43,6413.8,0
2018-11-09 00:00:00,6413.92,6435.07,6315.66,6346.68,0
2018-11-10 00:00:00,6346.7,6393.99,6344.62,6361.35,0
2018-11-11 00:00:00,6361.23,6388.1,6284.84,6374.18,0
2018-11-12 00:00:00,6375.37,6411.13,6336.71,6366.86,0
2018-11-13 00:00:00,6366.86,6386.98,6296.66,6335.66,0
2018-11-14 00:00:00,6335.62,6371.71,5467.01,5743.85,0
2018-11-15 00:00:00,5741.52,5769.13,5295.28,5644.06,0
2018-11-16 00:00:00,5644.52,5676.59,5460.65,5565.23,0
2018-11-17 00:00:00,5565.47,5581.57,5489.74,5544.47,0
2018-11-18 00:00:00,5543.8,5668.07,5542.65,5590.06,0
2018-11-19 00:00:00,5589.63,5591.09,4753.5,4811.15,0
2018-11-20 00:00:00,4811.43,4954.69,4171.65,4438.34,0
2018-11-21 00:00:00,4436.77,4685.72,4312.7,4584.56,0
2018-11-22 00:00:00,4585.07,4633.21,4271.13,4303.1,0
2018-11-23 00:00:00,4303.54,4402.59,4132.51,4336.32,0
2018-11-24 00:00:00,4336.37,4430.73,3713.76,3841.14,0
2018-11-25 00:00:00,3841.2,4145.2,3544.89,3999.87,0
2018-11-26 00:00:00,3997.01,4111.2,3595.44,3778.77,0
2018-11-27 00:00:00,3779.06,3865.4,3603.47,3809.68,0
2018-11-28 00:00:00,3809.81,4381.92,3809.81,4244.52,0
2018-11-29 00:00:00,4245.15,4420.41,4109.13,4264.85,0
2018-11-30 00:00:00,4265.12,4306.87,3889.65,3983.94,0
2018-12-01 00:00:00,3984.14,4281.99,3915.82,4176.02,0
2018-12-02 00:00:00,4176.08,4298.26,4054.63,4117.09,0
2018-12-03 00:00:00,4117.99,4134.74,3767.93,3849.05,0
2018-12-04 00:00:00,3849.38,4066.26,3742.84,3924.72,0
2018-12-05 00:00:00,3925.75,3946.03,3690.61,3715.78,0
2018-12-06 00:00:00,3715.12,3869.06,3430.95,3464.23,0
2018-12-07 00:00:00,3464.55,3550.62,3231.11,3401.12,0
2018-12-08 00:00:00,3401.28,3566.02,3266.08,3434.25,0
2018-12-09 00:00:00,3434.16,3687.63,3397.27,3575.17,0
2018-12-10 00:00:00,3574.99,3635.34,3400.95,3454.98,0
2018-12-11 00:00:00,3455.09,3477.6,3323.66,3380.27,0
2018-12-12 00:00:00,3380.02,3533.75,3357.68,3471.09,0
2018-12-13 00:00:00,3471.25,3481.08,3259.36,3303.11,0
2018-12-14 00:00:00,3303.14,3327.81,3172.25,3228.55,0
2018-12-15 00:00:00,3228.58,3264.66,3156.5,3222.71,0
2018-12-16 00:00:00,3222.62,3306.12,3216.32,3237.46,0
2018-12-17 00:00:00,3236.48,3643.92,3221.85,3551.04,0
2018-12-18 00:00:00,3550.99,3728.59,3477.15,3715.15,0
2018-12-19 00:00:00,3715.33,3970.83,3687.1,3734.09,0
2018-12-20 00:00:00,3733.75,4220.47,3709.34,4132.22,0
2018-12-21 00:00:00,4131.46,4214.39,3824.25,3895.18,0
2018-12-22 00:00:00,3895.83,4062.16,3838.96,4045.12,0
2018-12-23 00:00:00,4044.76,4115.73,3954.84,3997.52,0
2018-12-24 00:00:00,3998.24,4296.39,3992.85,4068.38,0
2018-12-25 00:00:00,4070.8,4084.6,3730.14,3830.28,0
2018-12-26 00:00:00,3830.32,3908.28,3735.49,3851.06,0
2018-12-27 00:00:00,3850.73,3888.24,3612.78,3643.01,0
2018-12-28 00:00:00,3642.91,4005.77,3625.79,3947.83,0
2018-12-29 00:00:00,3946.81,4004.44,3760.83,3795.11,0
2018-12-30 00:00:00,3795.65,3919.31,3751.94,3891.54,0
2018-12-31 00:00:00,3892.52,3899.95,3681.4,3750.8,0
2019-01-01 00:00:00,3750.39,3892.64,3704.29,3880.45,0
2019-01-02 00:00:00,3880.48,3985.81,3831.83,3954.33,0
2019-01-03 00:00:00,3953.89,3960.06,3810.43,3844.19,0
2019-01-04 00:00:00,3843.64,3905.0,3780.73,3873.03,0
2019-01-05 00:00:00,3873.26,3923.83,3825.88,3844.22,0
2019-01-06 00:00:00,3844.11,4137.72,3801.47,4090.38,0
2019-01-07 00:00:00,4091.5,4120.22,3984.46,4045.1,0
2019-01-08 00:00:00,4045.11,4142.37,3977.24,4032.38,0
2019-01-09 00:00:00,4032.79,4090.12,3976.23,4029.81,0
2019-01-10 00:00:00,4029.91,4070.5,3612.26,3657.44,0
2019-01-11 00:00:00,3657.51,3713.53,3586.29,3660.13,0
2019-01-12 00:00:00,3659.36,3678.16,3598.51,3648.94,0
2019-01-13 00:00:00,3649.11,3671.74,3510.85,3541.45,0
2019-01-14 00:00:00,3541.79,3740.3,3531.01,3695.19,0
2019-01-15 00:00:00,3695.29,3719.14,3564.71,3602.01,0
2019-01-16 00:00:00,3599.26,3695.3,3591.74,3627.0,0
2019-01-17 00:00:00,3626.18,3679.27,3559.37,3667.6,0
2019-01-18 00:00:00,3668.14,3671.01,3601.27,3629.12,0
2019-01-19 00:00:00,3629.19,3794.5,3626.19,3708.42,0
2019-01-20 00:00:00,3707.11,3737.44,3496.62,3546.3,0
2019-01-21 00:00:00,3546.65,3574.86,3495.05,3543.16,0
2019-01-22 00:00:00,3543.12,3629.82,3429.56,3593.85,0
2019-01-23 00:00:00,3593.73,3630.5,3544.26,3574.45,0
2019-01-24 00:00:00,3574.7,3619.64,3542.65,3600.45,0
2019-01-25 00:00:00,3600.49,3609.25,3530.06,3581.53,0
2019-01-26 00:00:00,3581.55,3657.43,3563.81,3580.62,0
2019-01-27 00:00:00,3580.85,3590.07,3481.27,3553.91,0
2019-01-28 00:00:00,3552.99,3554.93,3398.16,3456.88,0
2019-01-29 00:00:00,3456.95,3467.93,3360.58,3426.86,0
2019-01-30 00:00:00,3426.01,3490.75,3402.43,3473.41,0
2019-01-31 00:00:00,3473.54,3508.3,3429.17,3445.15,0
2019-02-01 00:00:00,3446.89,3491.79,3408.65,3472.49,0
2019-02-02 00:00:00,3472.44,3512.62,3447.81,3501.75,0
2019-02-03 00:00:00,3501.87,3506.92,3409.01,3448.23,0
2019-02-04 00:00:00,3448.69,3468.58,3425.86,3439.63,0
2019-02-05 00:00:00,3439.94,3463.2,3423.29,3460.37,0
2019-02-06 00:00:00,3460.95,3473.04,3366.54,3402.28,0
2019-02-07 00:00:00,3400.88,3413.44,3378.09,3389.34,0
2019-02-08 00:00:00,3389.28,3738.97,3375.45,3661.43,0
2019-02-09 00:00:00,3661.57,3679.14,3627.51,3657.55,0
2019-02-10 00:00:00,3657.63,3690.28,3609.25,3686.06,0
2019-02-11 00:00:00,3686.13,3689.88,3612.09,3622.08,0
2019-02-12 00:00:00,3622.23,3661.43,3578.36,3628.13,0
2019-02-13 00:00:00,3627.93,3669.25,3577.34,3609.35,0
2019-02-14 00:00:00,3609.37,3622.55,3568.1,3597.46,0
2019-02-15 00:00:00,3597.51,3655.38,3582.25,3607.02,0
2019-02-16 00:00:00,3607.15,3653.0,3597.41,3613.76,0
2019-02-17 00:00:00,3613.75,3711.01,3599.51,3664.81,0
2019-02-18 00:00:00,3664.48,3951.41,3655.4,3912.88,0
2019-02-19 00:00:00,3912.97,4011.2,3872.91,3928.42,0
2019-02-20 00:00:00,3928.58,4000.07,3904.1,3981.9,0
2019-02-21 00:00:00,3981.62,4039.02,3884.96,3943.86,0
2019-02-22 00:00:00,3943.87,4001.01,3926.48,3989.75,0
2019-02-23 00:00:00,3989.61,4192.72,3952.36,4146.91,0
2019-02-24 00:00:00,4146.85,4220.25,3744.71,3769.28,0
2019-02-25 00:00:00,3769.04,3904.88,3765.68,3857.77,0
2019-02-26 00:00:00,3856.77,3871.13,3797.02,3835.67,0
2019-02-27 00:00:00,3835.69,3870.88,3695.74,3835.77,0
2019-02-28 00:00:00,3835.67,3918.28,3798.55,3829.14,0
2019-03-01 00:00:00,3829.24,3885.82,3825.39,3848.76,0
2019-03-02 00:00:00,3848.82,3860.44,3786.74,3849.03,0
2019-03-03 00:00:00,3848.95,3859.52,3795.16,3824.57,0
2019-03-04 00:00:00,3824.69,3844.36,3705.24,3738.32,0
2019-03-05 00:00:00,3738.66,3907.2,3722.39,3887.95,0
2019-03-06 00:00:00,3887.95,3925.64,3846.63,3892.01,0
2019-03-07 00:00:00,3891.75,3931.28,3868.48,3898.4,0
2019-03-08 00:00:00,3898.49,3954.96,3797.97,3879.38,0
2019-03-09 00:00:00,3879.26,3990.75,3869.51,3959.31,0
2019-03-10 00:00:00,3959.51,3959.51,3884.91,3939.95,0
2019-03-11 00:00:00,3939.85,3950.59,3852.27,3887.43,0
2019-03-12 00:00:00,3887.58,3918.97,3823.77,3895.13,0
2019-03-13 00:00:00,3895.33,3911.59,3862.21,3888.03,0
2019-03-14 00:00:00,3887.97,3935.32,3796.92,3889.92,0
2019-03-15 00:00:00,3890.57,3951.27,3884.9,3943.26,0
2019-03-16 00:00:00,3943.26,4080.11,3936.28,4030.23,0
2019-03-17 00:00:00,4030.19,4031.83,3971.1,4008.28,0
2019-03-18 00:00:00,4006.91,4056.79,3975.28,4011.25,0
2019-03-19 00:00:00,4011.31,4050.62,3990.07,4039.71,0
2019-03-20 00:00:00,4039.54,4076.89,4005.43,4067.35,0
2019-03-21 00:00:00,4067.44,4089.47,3939.44,3995.02,0
2019-03-22 00:00:00,3995.22,4025.69,3984.36,4002.16,0
2019-03-23 00:00:00,4002.21,4026.36,3977.27,4011.39,0
2019-03-24 00:00:00,4011.4,4011.43,3959.33,3993.74,0
2019-03-25 00:00:00,3994.47,4005.83,3882.66,3927.58,0
2019-03-26 00:00:00,3926.98,3947.63,3897.09,3946.44,0
2019-03-27 00:00:00,3946.82,4061.4,3932.4,4054.84,0
2019-03-28 00:00:00,4054.93,4055.0,4016.81,4041.56,0
2019-03-29 00:00:00,4041.57,4132.13,4033.52,4121.17,0
2019-03-30 00:00:00,4121.2,4155.48,4064.19,4116.63,0
2019-03-31 00:00:00,4116.66,4128.71,4100.3,4118.27,0
2019-04-01 00:00:00,4118.15,4170.35,4068.57,4152.14,0
2019-04-02 00:00:00,4152.09,5067.5,4144.74,4901.61,0
2019-04-03 00:00:00,4900.74,5333.63,4804.93,4968.51,0
2019-04-04 00:00:00,4968.54,5070.6,4782.95,4908.61,0
2019-04-05 00:00:00,4908.16,5072.8,4886.51,5043.07,0
2019-04-06 00:00:00,5042.76,5239.8,4923.3,5051.34,0
2019-04-07 00:00:00,5051.34,5272.16,5023.08,5198.45,0
2019-04-08 00:00:00,5197.74,5343.51,5131.07,5290.1,0
2019-04-09 00:00:00,5290.16,5290.76,5147.83,5196.95,0
2019-04-10 00:00:00,5196.88,5463.26,5168.69,5313.26,0
2019-04-11 00:00:00,5313.91,5338.43,4975.25,5042.69,0
2019-04-12 00:00:00,5042.53,5116.54,4905.02,5075.1,0
2019-04-13 00:00:00,5075.27,5120.85,5023.29,5064.8,0
2019-04-14 00:00:00,5064.77,5181.51,5017.15,5159.16,0
2019-04-15 00:00:00,5159.56,5184.19,4951.54,5024.92,0
2019-04-16 00:00:00,5024.99,5230.56,5010.8,5205.36,0
2019-04-17 00:00:00,5201.53,5267.82,5176.9,5232.65,0
2019-04-18 00:00:00,5232.74,5315.77,5214.67,5284.91,0
2019-04-19 00:00:00,5284.89,5352.91,5198.12,5276.75,0
2019-04-20 00:00:00,5276.76,5338.04,5233.17,5295.99,0
2019-04-21 00:00:00,5296.0,5317.07,5190.39,5300.03,0
2019-04-22 00:00:00,5299.65,5436.14,5253.4,5387.59,0
2019-04-23 00:00:00,5387.64,5625.84,5361.72,5531.1,0
2019-04-24 00:00:00,5531.27,5632.38,5338.91,5418.62,0
2019-04-25 00:00:00,5417.76,5516.0,4986.21,5123.39,0
2019-04-26 00:00:00,5123.36,5353.69,5074.63,5236.83,0
2019-04-27 00:00:00,5237.02,5294.86,5194.14,5238.49,0
2019-04-28 00:00:00,5238.43,5339.47,5220.99,5278.92,0
2019-04-29 00:00:00,5279.35,5316.41,5172.68,5272.09,0
2019-04-30 00:00:00,5271.99,5431.38,5247.67,5416.8,0
2019-05-01 00:00:00,5416.8,5475.6,5409.29,5457.93,0
2019-05-02 00:00:00,5457.87,5576.59,5444.61,5539.34,0
2019-05-03 00:00:00,5537.92,5943.88,5512.13,5816.11,0
2019-05-04 00:00:00,5816.64,5968.01,5666.52,5882.58,0
2019-05-05 00:00:00,5882.7,5892.76,5745.23,5836.19,0
2019-05-06 00:00:00,5837.06,5907.6,5687.44,5844.28,0
2019-05-07 00:00:00,5844.28,6104.57,5842.3,5905.94,0
2019-05-08 00:00:00,5906.79,6061.23,5809.74,6028.54,0
2019-05-09 00:00:00,6028.6,6215.85,6018.18,6189.94,0
2019-05-10 00:00:00,6190.1,6446.49,6140.24,6359.47,0
2019-05-11 00:00:00,6359.94,7376.54,6359.94,7179.94,0
2019-05-12 00:00:00,7179.62,7522.37,6780.07,6977.12,0
2019-05-13 00:00:00,6976.94,8126.08,6858.74,7800.96,0
2019-05-14 00:00:00,7800.57,8287.91,7621.61,7971.46,0
2019-05-15 00:00:00,7971.59,8278.72,7833.31,8179.46,0
2019-05-16 00:00:00,8178.73,8362.86,7665.99,7864.75,0
2019-05-17 00:00:00,7865.31,7920.47,6617.03,7362.31,0
2019-05-18 00:00:00,7362.63,7482.36,7203.47,7256.38,0
2019-05-19 00:00:00,7256.19,8287.04,7246.91,8192.55,0
2019-05-20 00:00:00,8189.72,8191.89,7575.67,7987.78,0
2019-05-21 00:00:00,7988.82,8105.92,7726.0,7943.01,0
2019-05-22 00:00:00,7943.25,8038.83,7502.42,7617.85,0
2019-05-23 00:00:00,7617.9,7982.79,7463.8,7871.65,0
2019-05-24 00:00:00,7871.46,8171.68,7785.99,7994.02,0
2019-05-25 00:00:00,7992.27,8148.64,7935.98,8056.53,0
2019-05-26 00:00:00,8056.7,8780.3,7879.73,8721.99,0
2019-05-27 00:00:00,8722.18,8938.49,8641.0,8771.72,0
2019-05-28 00:00:00,8772.61,8816.13,8558.43,8707.76,0
2019-05-29 00:00:00,8706.69,8763.24,8428.24,8661.34,0
2019-05-30 00:00:00,8661.41,9081.8,7999.71,8260.87,0
2019-05-31 00:00:00,8262.45,8563.86,8105.64,8542.02,0
2019-06-01 00:00:00,8542.12,8613.04,8448.24,8537.62,0
2019-06-02 00:00:00,8538.22,8815.24,8526.96,8696.69,0
2019-06-03 00:00:00,8696.66,8706.44,8046.63,8097.07,0
2019-06-04 00:00:00,8098.83,8099.1,7432.54,7662.09,0
2019-06-05 00:00:00,7662.01,7911.67,7573.5,7779.42,0
2019-06-06 00:00:00,7775.5,7860.02,7445.41,7793.46,0
2019-06-07 00:00:00,7794.22,8123.17,7749.29,7989.39,0
2019-06-08 00:00:00,7989.48,8053.12,7779.22,7916.57,0
2019-06-09 00:00:00,7917.0,7949.45,7464.24,7589.35,0
2019-06-10 00:00:00,7589.61,8021.7,7471.35,7969.27,0
2019-06-11 00:00:00,7965.98,8010.06,7664.39,7862.24,0
2019-06-12 00:00:00,7861.05,8265.44,7771.2,8173.36,0
2019-06-13 00:00:00,8173.15,8330.66,8034.23,8226.09,0
2019-06-14 00:00:00,8226.01,8729.37,8164.94,8687.96,0
2019-06-15 00:00:00,8688.1,8900.46,8603.14,8848.24,0
2019-06-16 00:00:00,8848.13,9377.44,8791.03,8966.97,0
2019-06-17 00:00:00,8966.67,9474.93,8966.67,9327.1,0
2019-06-18 00:00:00,9327.34,9350.66,8921.78,9077.28,0
2019-06-19 00:00:00,9077.25,9320.43,9033.29,9275.54,0
2019-06-20 00:00:00,9275.47,9604.71,9210.54,9530.6,0
2019-06-21 00:00:00,9530.76,10218.82,9528.76,10204.07,0
2019-06-22 00:00:00,10205.18,11199.09,10078.77,10677.38,0
2019-06-23 00:00:00,10677.45,11286.35,10509.68,10847.2,0
2019-06-24 00:00:00,10847.15,11097.12,10540.71,11031.01,0
2019-06-25 00:00:00,11031.36,11773.05,10948.3,11739.32,0
2019-06-26 00:00:00,11738.98,13801.35,11609.76,12893.6,0
2019-06-27 00:00:00,12894.58,13308.45,10318.4,11146.59,0
2019-06-28 00:00:00,11146.03,12416.4,10762.23,12339.2,0
2019-06-29 00:00:00,12338.79,12346.49,11344.19,11877.08,0
2019-06-30 00:00:00,11877.1,12197.05,10674.05,10764.27,0
2019-07-01 00:00:00,10765.9,11194.53,9991.39,10585.54,0
2019-07-02 00:00:00,10586.16,10923.57,9626.73,10842.02,0
2019-07-03 00:00:00,10841.72,11998.47,10839.92,11964.02,0
2019-07-04 00:00:00,11964.25,12049.81,11047.12,11135.85,0
2019-07-05 00:00:00,11136.56,11428.21,10773.54,10990.2,0
2019-07-06 00:00:00,10988.79,11713.9,10972.76,11234.57,0
2019-07-07 00:00:00,11234.06,11608.45,11093.04,11466.57,0
2019-07-08 00:00:00,11466.91,12377.73,11326.38,12282.04,0
2019-07-09 00:00:00,12280.58,12807.4,12081.32,12555.43,0
2019-07-10 00:00:00,12555.84,13155.17,11542.57,12085.96,0
2019-07-11 00:00:00,12085.88,12086.55,10973.06,11337.32,0
2019-07-12 00:00:00,11337.85,11916.0,11083.15,11781.02,0
2019-07-13 00:00:00,11781.07,11818.54,10811.34,11332.7,0
2019-07-14 00:00:00,11333.31,11432.72,10094.9,10188.83,0
2019-07-15 00:00:00,10182.73,11059.59,9865.89,10844.28,0
2019-07-16 00:00:00,10844.56,11021.55,9350.57,9415.37,0
2019-07-17 00:00:00,9416.2,9981.51,9063.14,9694.29,0
2019-07-18 00:00:00,9694.55,10769.52,9273.02,10635.42,0
2019-07-19 00:00:00,10635.82,10753.09,10125.98,10519.28,0
2019-07-20 00:00:00,10518.73,11090.02,10364.65,10727.81,0
2019-07-21 00:00:00,10727.88,10814.47,10311.26,10577.3,0
2019-07-22 00:00:00,10578.06,10669.74,10061.8,10313.94,0
2019-07-23 00:00:00,10314.59,10316.03,9795.72,9843.32,0
2019-07-24 00:00:00,9844.53,9906.59,9502.92,9764.05,0
2019-07-25 00:00:00,9764.16,10178.45,9727.19,9876.74,0
2019-07-26 00:00:00,9876.76,9891.4,9647.57,9837.15,0
2019-07-27 00:00:00,9836.94,10194.63,9290.92,9447.9,0
2019-07-28 00:00:00,9449.37,9567.11,9099.18,9511.97,0
2019-07-29 00:00:00,9514.01,9693.77,9365.39,9492.34,0
2019-07-30 00:00:00,9492.46,9753.1,9365.3,9578.14,0
2019-07-31 00:00:00,9578.25,10111.88,9562.31,10078.17,0
2019-08-01 00:00:00,10078.66,10481.14,9864.13,10400.17,0
2019-08-02 00:00:00,10399.87,10660.83,10313.4,10520.45,0
2019-08-03 00:00:00,10520.47,10906.3,10499.29,10802.79,0
2019-08-04 00:00:00,10802.84,11050.51,10546.45,10954.9,0
2019-08-05 00:00:00,10954.72,11925.95,10952.76,11791.6,0
2019-08-06 00:00:00,11791.38,12317.37,11213.58,11454.78,0
2019-08-07 00:00:00,11454.97,12139.95,11370.46,11962.25,0
2019-08-08 00:00:00,11963.7,12062.5,11461.55,11999.43,0
2019-08-09 00:00:00,12000.65,12049.72,11663.48,11862.58,0
2019-08-10 00:00:00,11862.84,11970.84,11153.71,11216.81,0
2019-08-11 00:00:00,11217.02,11530.31,11050.43,11474.94,0
2019-08-12 00:00:00,11471.79,11497.03,11151.13,11384.19,0
2019-08-13 00:00:00,11384.38,11436.32,10758.51,10868.33,0
2019-08-14 00:00:00,10868.28,10869.07,9887.52,10032.75,0
2019-08-15 00:00:00,10031.53,10441.63,9479.54,10298.22,0
2019-08-16 00:00:00,10298.35,10535.05,9746.96,10356.82,0
2019-08-17 00:00:00,10355.11,10470.43,9977.15,10215.47,0
2019-08-18 00:00:00,10215.82,10509.9,10067.38,10317.08,0
2019-08-19 00:00:00,10317.26,10888.08,10268.26,10871.07,0
2019-08-20 00:00:00,10870.04,10906.61,10509.79,10734.38,0
2019-08-21 00:00:00,10734.66,10769.46,9829.51,10107.29,0
2019-08-22 00:00:00,10107.41,10214.04,9746.49,10085.48,0
2019-08-23 00:00:00,10084.51,10460.33,10014.6,10403.77,0
2019-08-24 00:00:00,10403.87,10422.75,9870.41,10141.29,0
2019-08-25 00:00:00,10140.95,10343.39,9822.43,10076.37,0
2019-08-26 00:00:00,10077.67,10612.65,10077.67,10359.72,0
2019-08-27 00:00:00,10359.71,10376.52,10011.99,10171.74,0
2019-08-28 00:00:00,10171.91,10270.81,9534.73,9703.37,0
2019-08-29 00:00:00,9703.69,9706.49,9314.19,9480.34,0
2019-08-30 00:00:00,9480.71,9691.57,9345.62,9570.49,0
2019-08-31 00:00:00,9570.44,9691.3,9420.34,9587.82,0
2019-09-01 00:00:00,9587.19,9830.97,9525.99,9764.53,0
2019-09-02 00:00:00,9765.5,10461.49,9738.85,10374.33,0
2019-09-03 00:00:00,10374.35,10765.33,10281.58,10632.9,0
2019-09-04 00:00:00,10633.28,10822.76,10386.48,10582.31,0
2019-09-05 00:00:00,10582.5,10653.84,10458.81,10574.18,0
2019-09-06 00:00:00,10573.65,10922.77,10180.21,10298.69,0
2019-09-07 00:00:00,10299.02,10562.84,10285.05,10447.63,0
2019-09-08 00:00:00,10447.72,10572.96,10176.55,10397.16,0
2019-09-09 00:00:00,10398.0,10519.78,10030.58,10300.75,0
2019-09-10 00:00:00,10300.15,10387.18,9915.92,10095.84,0
2019-09-11 00:00:00,10096.12,10257.91,9833.64,10159.11,0
2019-09-12 00:00:00,10159.09,10462.94,10033.03,10412.44,0
2019-09-13 00:00:00,10411.64,10457.66,10130.86,10368.96,0
2019-09-14 00:00:00,10369.08,10447.01,10226.97,10360.97,0
2019-09-15 00:00:00,10361.14,10383.97,10262.59,10303.35,0
2019-09-16 00:00:00,10302.96,10380.05,10069.27,10260.4,0
2019-09-17 00:00:00,10260.45,10278.28,10139.32,10187.88,0
2019-09-18 00:00:00,10187.69,10258.04,10084.62,10161.01,0
2019-09-19 00:00:00,10161.1,10360.98,9559.89,10285.11,0
2019-09-20 00:00:00,10284.7,10320.54,10076.22,10176.75,0
2019-09-21 00:00:00,10176.48,10179.24,9912.63,9977.54,0
2019-09-22 00:00:00,9977.56,10091.34,9840.95,10030.44,0
2019-09-23 00:00:00,10032.84,10053.02,9579.51,9685.26,0
2019-09-24 00:00:00,9685.88,9771.75,8097.17,8515.5,0
2019-09-25 00:00:00,8514.67,8738.07,8190.21,8437.95,0
2019-09-26 00:00:00,8438.26,8465.72,7719.63,8054.13,0
2019-09-27 00:00:00,8053.41,8282.53,7823.34,8194.58,0
2019-09-28 00:00:00,8193.68,8336.54,8018.42,8213.27,0
2019-09-29 00:00:00,8213.53,8240.21,7908.47,8060.71,0
2019-09-30 00:00:00,8060.83,8358.73,7713.18,8306.38,0
2019-10-01 00:00:00,8306.35,8524.83,8191.84,8318.76,0
2019-10-02 00:00:00,8318.82,8394.98,8168.5,8389.06,0
2019-10-03 00:00:00,8389.27,8414.09,8058.05,8235.21,0
2019-10-04 00:00:00,8235.41,8238.16,8014.67,8156.01,0
2019-10-05 00:00:00,8154.38,8195.33,8014.25,8145.61,0
2019-10-06 00:00:00,8145.6,8172.26,7783.93,7856.14,0
2019-10-07 00:00:00,7857.57,8319.1,7758.13,8205.16,0
2019-10-08 00:00:00,8205.64,8339.54,8104.67,8173.53,0
2019-10-09 00:00:00,8173.26,8691.75,8112.55,8583.46,0
2019-10-10 00:00:00,8583.48,8653.81,8444.95,8582.61,0
2019-10-11 00:00:00,8582.61,8799.79,8227.89,8260.84,0
2019-10-12 00:00:00,8261.41,8418.87,8252.4,8298.56,0
2019-10-13 00:00:00,8297.23,8466.74,8145.09,8273.65,0
2019-10-14 00:00:00,8274.68,8400.88,8210.61,8351.2,0
2019-10-15 00:00:00,8351.24,8413.57,8088.76,8160.44,0
2019-10-16 00:00:00,8159.95,8175.05,7917.89,7994.13,0
2019-10-17 00:00:00,7994.61,8125.52,7934.04,8074.02,0
2019-10-18 00:00:00,8074.0,8118.81,7822.19,7952.44,0
2019-10-19 00:00:00,7952.05,8091.37,7877.82,7965.64,0
2019-10-20 00:00:00,7965.56,8303.46,7877.33,8236.38,0
2019-10-21 00:00:00,8236.7,8340.67,8156.27,8209.22,0
2019-10-22 00:00:00,8208.1,8308.74,8002.78,8025.56,0
2019-10-23 00:00:00,8024.31,8053.25,7290.44,7471.37,0
2019-10-24 00:00:00,7471.41,7507.17,7350.0,7425.56,0
2019-10-25 00:00:00,7425.8,8759.34,7388.63,8662.17,0
2019-10-26 00:00:00,8661.86,10409.22,8639.0,9246.44,0
2019-10-27 00:00:00,9246.57,9803.39,9094.72,9546.44,0
2019-10-28 00:00:00,9548.66,9921.99,9169.38,9212.54,0
2019-10-29 00:00:00,9211.58,9554.15,9073.47,9428.78,0
2019-10-30 00:00:00,9428.96,9430.35,8994.81,9159.45,0
2019-10-31 00:00:00,9156.5,9425.46,8959.86,9145.04,0
2019-11-01 00:00:00,9145.29,9297.2,9050.64,9253.29,0
2019-11-02 00:00:00,9252.2,9387.95,9205.41,9298.13,0
2019-11-03 00:00:00,9298.24,9376.04,9060.02,9201.2,0
2019-11-04 00:00:00,9201.07,9571.66,9120.42,9413.62,0
2019-11-05 00:00:00,9413.8,9477.06,9168.85,9312.51,0
2019-11-06 00:00:00,9312.89,9444.22,9247.04,9338.83,0
2019-11-07 00:00:00,9338.71,9370.33,9067.95,9197.51,0
2019-11-08 00:00:00,9197.91,9247.72,8661.57,8762.37,0
2019-11-09 00:00:00,8762.95,8870.74,8717.34,8803.17,0
2019-11-10 00:00:00,8803.22,9126.41,8741.76,9035.87,0
2019-11-11 00:00:00,9035.88,9073.09,8594.05,8712.47,0
2019-11-12 00:00:00,8712.53,8861.33,8557.85,8807.48,0
2019-11-13 00:00:00,8807.72,8829.38,8696.62,8760.15,0
2019-11-14 00:00:00,8760.29,8783.6,8552.64,8621.65,0
2019-11-15 00:00:00,8621.97,8771.0,8356.32,8455.7,0
2019-11-16 00:00:00,8455.76,8524.26,8418.55,8479.08,0
2019-11-17 00:00:00,8479.14,8632.21,8373.66,8499.85,0
2019-11-18 00:00:00,8500.39,8501.2,8039.24,8175.34,0
2019-11-19 00:00:00,8175.38,8200.31,7986.7,8124.51,0
2019-11-20 00:00:00,8124.53,8220.79,8032.56,8086.79,0
2019-11-21 00:00:00,8086.82,8115.63,7418.33,7616.3,0
2019-11-22 00:00:00,7614.85,7713.48,6798.88,7283.94,0
2019-11-23 00:00:00,7284.02,7355.04,7104.95,7323.39,0
2019-11-24 00:00:00,7323.31,7343.75,6854.97,6909.45,0
2019-11-25 00:00:00,6910.24,7372.26,6543.17,7130.06,0
2019-11-26 00:00:00,7129.94,7335.01,7022.66,7158.61,0
2019-11-27 00:00:00,7158.1,7663.26,6849.81,7520.36,0
2019-11-28 00:00:00,7520.19,7659.66,7383.07,7435.24,0
2019-11-29 00:00:00,7435.35,7867.98,7418.32,7758.56,0
2019-11-30 00:00:00,7758.75,7816.98,7451.37,7561.19,0
2019-12-01 00:00:00,7560.1,7560.38,7224.14,7408.62,0
2019-12-02 00:00:00,7408.55,7433.69,7166.96,7308.39,0
2019-12-03 00:00:00,7308.44,7416.3,7236.18,7303.84,0
2019-12-04 00:00:00,7303.88,7781.84,7078.22,7193.4,0
2019-12-05 00:00:00,7193.77,7487.69,7158.1,7397.22,0
2019-12-06 00:00:00,7397.4,7598.58,7304.74,7539.11,0
2019-12-07 00:00:00,7539.25,7630.19,7485.16,7503.76,0
2019-12-08 00:00:00,7503.81,7583.41,7383.86,7521.13,0
2019-12-09 00:00:00,7521.16,7653.35,7276.33,7340.09,0
2019-12-10 00:00:00,7340.12,7397.31,7157.43,7220.87,0
2019-12-11 00:00:00,7220.96,7267.33,7120.94,7199.07,0
2019-12-12 00:00:00,7199.31,7292.34,7066.32,7190.89,0
2019-12-13 00:00:00,7190.91,7297.42,7186.34,7252.33,0
2019-12-14 00:00:00,7252.24,7264.52,7005.58,7067.61,0
2019-12-15 00:00:00,7067.62,7191.57,7007.76,7112.09,0
2019-12-16 00:00:00,7112.12,7136.99,6823.82,6867.87,0
2019-12-17 00:00:00,6867.88,6930.7,6560.53,6606.59,0
2019-12-18 00:00:00,6606.6,7438.25,6418.85,7289.66,0
2019-12-19 00:00:00,7289.37,7372.64,7013.1,7145.99,0
2019-12-20 00:00:00,7145.99,7215.13,7071.5,7186.87,0
2019-12-21 00:00:00,7187.01,7187.49,7115.19,7142.16,0
2019-12-22 00:00:00,7141.99,7515.49,7127.14,7506.61,0
2019-12-23 00:00:00,7508.18,7681.2,7256.34,7314.96,0
2019-12-24 00:00:00,7314.99,7421.89,7155.14,7254.07,0
2019-12-25 00:00:00,7253.14,7263.67,7111.79,7194.24,0
2019-12-26 00:00:00,7194.24,7428.94,7145.02,7197.76,0
2019-12-27 00:00:00,7197.8,7256.26,7064.48,7249.55,0
2019-12-28 00:00:00,7249.69,7351.68,7235.13,7301.75,0
2019-12-29 00:00:00,7301.68,7519.65,7274.9,7388.87,0
2019-12-30 00:00:00,7385.66,7387.3,7202.12,7222.69,0
2019-12-31 00:00:00,7222.74,7301.89,7100.41,7169.96,0
2020-01-01 00:00:00,7170.0,7237.78,7144.28,7178.98,0
2020-01-02 00:00:00,7179.0,7187.27,6900.59,6948.27,0
2020-01-03 00:00:00,6948.31,7401.21,6850.08,7335.89,0
2020-01-04 00:00:00,7336.26,7392.38,7264.1,7343.15,0
2020-01-05 00:00:00,7342.99,7485.26,7306.86,7350.96,0
2020-01-06 00:00:00,7351.0,7788.99,7340.7,7748.85,0
2020-01-07 00:00:00,7749.01,8194.27,7711.92,8146.92,0
2020-01-08 00:00:00,8146.42,8448.21,7859.45,8035.66,0
2020-01-09 00:00:00,8035.44,8035.44,7733.96,7802.75,0
2020-01-10 00:00:00,7802.62,8182.53,7663.97,8181.07,0
2020-01-11 00:00:00,8182.75,8272.11,7990.09,8013.3,0
2020-01-12 00:00:00,8011.36,8172.88,7945.13,8168.05,0
2020-01-13 00:00:00,8168.53,8184.64,8036.9,8096.74,0
2020-01-14 00:00:00,8098.21,8872.1,8093.81,8799.34,0
2020-01-15 00:00:00,8796.67,8889.26,8546.28,8800.06,0
2020-01-16 00:00:00,8800.22,8842.95,8573.76,8705.9,0
2020-01-17 00:00:00,8705.78,9001.67,8653.55,8882.11,0
2020-01-18 00:00:00,8881.83,8967.15,8793.63,8896.32,0
2020-01-19 00:00:00,8894.03,9167.84,8469.28,8689.14,0
2020-01-20 00:00:00,8688.29,8728.74,8502.43,8625.8,0
2020-01-21 00:00:00,8625.88,8761.01,8481.61,8717.21,0
2020-01-22 00:00:00,8717.41,8784.0,8562.8,8655.92,0
2020-01-23 00:00:00,8655.95,8660.09,8273.11,8376.04,0
2020-01-24 00:00:00,8376.4,8506.71,8213.03,8419.59,0
2020-01-25 00:00:00,8419.69,8429.32,8254.15,8319.22,0
2020-01-26 00:00:00,8319.46,8594.28,8271.58,8593.46,0
2020-01-27 00:00:00,8593.78,8987.03,8549.48,8889.69,0
2020-01-28 00:00:00,8889.72,9404.71,8877.07,9378.7,0
2020-01-29 00:00:00,9378.89,9424.98,9217.2,9281.62,0
2020-01-30 00:00:00,9282.48,9555.35,9178.11,9495.76,0
2020-01-31 00:00:00,9496.21,9512.53,9191.29,9331.77,0
2020-02-01 00:00:00,9331.91,9449.82,9280.39,9373.55,0
2020-02-02 00:00:00,9373.54,9466.26,9125.43,9320.36,0
2020-02-03 00:00:00,9322.05,9594.06,9215.86,9274.25,0
2020-02-04 00:00:00,9274.62,9338.71,9071.52,9162.91,0
2020-02-05 00:00:00,9163.16,9746.82,9141.62,9600.42,0
2020-02-06 00:00:00,9600.32,9846.4,9515.47,9744.62,0
2020-02-07 00:00:00,9744.43,9857.82,9693.75,9795.36,0
2020-02-08 00:00:00,9795.7,9931.73,9641.04,9881.78,0
2020-02-09 00:00:00,9881.52,10159.76,9866.72,10146.19,0
2020-02-10 00:00:00,10146.24,10178.73,9728.16,9840.72,0
2020-02-11 00:00:00,9840.79,10360.07,9701.49,10251.92,0
2020-02-12 00:00:00,10251.84,10452.48,10237.79,10335.39,0
2020-02-13 00:00:00,10335.49,10483.92,10068.81,10222.82,0
2020-02-14 00:00:00,10222.73,10371.89,10098.54,10347.18,0
2020-02-15 00:00:00,10347.19,10370.77,9757.18,9897.09,0
2020-02-16 00:00:00,9897.27,10035.1,9611.45,9914.43,0
2020-02-17 00:00:00,9911.35,9960.82,9467.72,9700.45,0
2020-02-18 00:00:00,9700.77,10270.79,9605.78,10178.64,0
2020-02-19 00:00:00,10179.24,10290.39,9292.78,9580.39,0
2020-02-20 00:00:00,9578.08,9682.72,9386.08,9599.34,0
2020-02-21 00:00:00,9599.63,9760.0,9563.3,9689.68,0
2020-02-22 00:00:00,9689.77,9716.35,9540.69,9658.31,0
2020-02-23 00:00:00,9658.55,10004.14,9653.2,9962.54,0
2020-02-24 00:00:00,9962.21,10021.47,9474.74,9655.47,0
2020-02-25 00:00:00,9655.9,9673.95,9226.65,9302.84,0
2020-02-26 00:00:00,9303.12,9365.85,8637.2,8775.22,0
2020-02-27 00:00:00,8776.68,8965.02,8527.6,8812.67,0
2020-02-28 00:00:00,8812.87,8897.44,8434.99,8705.27,0
2020-02-29 00:00:00,8703.6,8800.33,8520.74,8524.32,0
2020-03-01 00:00:00,8524.59,8750.12,8394.34,8523.44,0
2020-03-02 00:00:00,8524.85,8973.65,8494.84,8915.58,0
2020-03-03 00:00:00,8916.57,8924.89,8657.91,8759.26,0
2020-03-04 00:00:00,8759.39,8849.37,8674.5,8761.82,0
2020-03-05 00:00:00,8761.92,9169.1,8761.05,9063.51,0
2020-03-06 00:00:00,9063.88,9178.84,8992.81,9155.21,0
2020-03-07 00:00:00,9154.96,9211.7,8854.99,8894.65,0
2020-03-08 00:00:00,8894.44,8894.44,7982.94,8039.63,0
2020-03-09 00:00:00,8038.96,8179.94,7626.97,7933.86,0
2020-03-10 00:00:00,7934.31,8156.39,7735.04,7894.81,0
2020-03-11 00:00:00,7894.83,7986.64,7587.74,7938.9,0
2020-03-12 00:00:00,7938.84,7970.29,4675.58,4862.26,0
2020-03-13 00:00:00,4862.26,5973.58,3900.68,5620.7,0
2020-03-14 00:00:00,5620.06,5654.69,5047.55,5161.84,0
2020-03-15 00:00:00,5162.54,5961.3,5092.1,5354.65,0
2020-03-16 00:00:00,5354.72,5358.87,4438.45,5039.43,0
2020-03-17 00:00:00,5038.9,5557.44,4938.91,5329.94,0
2020-03-18 00:00:00,5330.39,5449.54,5019.35,5409.64,0
2020-03-19 00:00:00,5410.2,6414.07,5264.69,6176.39,0
2020-03-20 00:00:00,6176.9,6929.83,5667.51,6200.68,0
2020-03-21 00:00:00,6202.11,6447.78,5861.92,6184.0,0
2020-03-22 00:00:00,6185.41,6404.44,5729.62,5807.86,0
2020-03-23 00:00:00,5809.22,6609.87,5690.83,6490.92,0
2020-03-24 00:00:00,6491.94,6851.65,6400.35,6760.12,0
2020-03-25 00:00:00,6760.4,6972.88,6462.76,6679.63,0
2020-03-26 00:00:00,6680.57,6787.46,6525.18,6751.71,0
2020-03-27 00:00:00,6752.21,6863.64,6266.7,6366.19,0
2020-03-28 00:00:00,6366.4,6366.43,6036.22,6248.23,0
2020-03-29 00:00:00,6246.7,6272.91,5873.43,5875.7,0
2020-03-30 00:00:00,5876.64,6616.72,5840.23,6402.53,0
2020-03-31 00:00:00,6402.29,6522.26,6335.09,6422.32,0
2020-04-01 00:00:00,6422.5,6695.8,6159.47,6662.43,0
2020-04-02 00:00:00,6662.26,7237.82,6571.44,6796.53,0
2020-04-03 00:00:00,6797.24,7041.53,6608.03,6736.96,0
2020-04-04 00:00:00,6737.08,6999.9,6657.03,6869.96,0
2020-04-05 00:00:00,6869.7,6908.13,6676.44,6774.64,0
2020-04-06 00:00:00,6774.1,7350.31,6770.08,7330.12,0
2020-04-07 00:00:00,7329.57,7456.99,7068.72,7193.36,0
2020-04-08 00:00:00,7193.42,7421.65,7149.96,7360.38,0
2020-04-09 00:00:00,7357.97,7368.78,7115.09,7281.44,0
2020-04-10 00:00:00,7282.23,7296.24,6745.44,6865.91,0
2020-04-11 00:00:00,6865.12,6953.01,6769.59,6882.67,0
2020-04-12 00:00:00,6882.33,7194.67,6776.56,6907.05,0
2020-04-13 00:00:00,6905.18,6905.18,6563.96,6855.74,0
2020-04-14 00:00:00,6855.82,6984.73,6766.35,6874.21,0
2020-04-15 00:00:00,6873.5,6938.42,6601.5,6618.41,0
2020-04-16 00:00:00,6618.57,7199.6,6433.21,7107.05,0
2020-04-17 00:00:00,7107.44,7154.52,6993.08,7032.13,0
2020-04-18 00:00:00,7032.29,7294.03,7012.57,7256.76,0
2020-04-19 00:00:00,7257.49,7272.49,7051.3,7126.57,0
2020-04-20 00:00:00,7127.04,7219.77,6749.58,6834.58,0
2020-04-21 00:00:00,6834.59,6947.27,6765.46,6846.16,0
2020-04-22 00:00:00,6846.52,7164.0,6821.3,7132.01,0
2020-04-23 00:00:00,7132.19,7728.14,7027.74,7479.9,0
2020-04-24 00:00:00,7481.13,7605.39,7392.6,7504.66,0
2020-04-25 00:00:00,7504.97,7696.46,7429.07,7540.06,0
2020-04-26 00:00:00,7540.23,7701.29,7474.9,7696.99,0
2020-04-27 00:00:00,7697.41,7786.2,7626.08,7775.38,0
2020-04-28 00:00:00,7775.91,7779.37,7646.13,7743.96,0
2020-04-29 00:00:00,7744.61,8920.2,7702.39,8778.8,0
2020-04-30 00:00:00,8778.51,9438.65,8407.69,8630.36,0
2020-05-01 00:00:00,8630.29,9064.94,8621.52,8821.72,0
2020-05-02 00:00:00,8821.9,9000.53,8751.6,8974.55,0
2020-05-03 00:00:00,8974.96,9193.58,8732.7,8896.75,0
2020-05-04 00:00:00,8897.66,8960.27,8517.2,8865.69,0
2020-05-05 00:00:00,8866.63,9112.0,8755.46,9007.41,0
2020-05-06 00:00:00,9007.63,9401.93,8900.07,9147.89,0
2020-05-07 00:00:00,9147.67,10046.33,9011.22,9985.37,0
2020-05-08 00:00:00,9986.17,10028.61,9702.83,9798.53,0
2020-05-09 00:00:00,9797.72,9905.7,9496.71,9517.83,0
2020-05-10 00:00:00,9519.06,9555.68,8071.58,8721.34,0
2020-05-11 00:00:00,8719.86,9161.32,8194.77,8558.66,0
2020-05-12 00:00:00,8559.68,8969.67,8525.69,8811.38,0
2020-05-13 00:00:00,8811.08,9403.35,8793.13,9312.09,0
2020-05-14 00:00:00,9311.03,9930.26,9247.5,9793.27,0
2020-05-15 00:00:00,9793.34,9836.56,9119.92,9296.26,0
2020-05-16 00:00:00,9295.71,9581.32,9200.04,9373.31,0
2020-05-17 00:00:00,9373.33,9881.23,9316.04,9665.7,0
2020-05-18 00:00:00,9665.65,9936.63,9435.68,9721.47,0
2020-05-19 00:00:00,9721.62,9884.05,9441.08,9772.15,0
2020-05-20 00:00:00,9771.05,9827.74,9294.6,9504.34,0
2020-05-21 00:00:00,9504.38,9562.59,8797.45,9050.03,0
2020-05-22 00:00:00,9049.96,9255.41,8915.68,9159.95,0
2020-05-23 00:00:00,9160.01,9305.16,9075.8,9171.69,0
2020-05-24 00:00:00,9171.68,9298.19,8650.6,8701.37,0
2020-05-25 00:00:00,8702.72,8974.63,8608.2,8894.29,0
2020-05-26 00:00:00,8894.57,9009.15,8683.69,8841.06,0
2020-05-27 00:00:00,8840.73,9221.53,8808.84,9201.31,0
2020-05-28 00:00:00,9200.93,9619.19,9101.56,9577.34,0
2020-05-29 00:00:00,9577.95,9607.38,9314.71,9414.36,0
2020-05-30 00:00:00,9414.33,9731.58,9309.86,9695.34,0
2020-05-31 00:00:00,9697.03,9699.12,9360.76,9435.25,0
2020-06-01 00:00:00,9431.97,10377.05,9405.31,10201.93,0
2020-06-02 00:00:00,10202.55,10226.12,9266.29,9514.47,0
2020-06-03 00:00:00,9515.02,9677.09,9371.27,9664.47,0
2020-06-04 00:00:00,9665.04,9879.02,9443.76,9779.72,0
2020-06-05 00:00:00,9778.79,9846.28,9586.77,9604.66,0
2020-06-06 00:00:00,9605.12,9727.07,9523.06,9659.04,0
2020-06-07 00:00:00,9660.2,9804.75,9374.49,9740.63,0
2020-06-08 00:00:00,9740.63,9800.06,9640.5,9776.96,0
2020-06-09 00:00:00,9777.37,9877.22,9537.12,9769.68,0
2020-06-10 00:00:00,9771.01,9994.47,9678.67,9884.92,0
2020-06-11 00:00:00,9885.03,9959.64,9068.35,9263.74,0
2020-06-12 00:00:00,9263.73,9543.5,9221.73,9454.98,0
2020-06-13 00:00:00,9455.46,9485.16,9340.29,9470.39,0
2020-06-14 00:00:00,9470.45,9477.07,9237.88,9323.0,0
2020-06-15 00:00:00,9321.97,9499.89,8892.24,9429.78,0
2020-06-16 00:00:00,9429.82,9592.32,9375.47,9522.83,0
2020-06-17 00:00:00,9522.94,9552.51,9222.1,9455.79,0
2020-06-18 00:00:00,9456.44,9478.25,9263.15,9369.19,0
2020-06-19 00:00:00,9369.24,9420.74,9220.42,9293.08,0
2020-06-20 00:00:00,9293.06,9389.45,9148.47,9352.35,0
2020-06-21 00:00:00,9351.85,9410.7,9258.41,9280.62,0
2020-06-22 00:00:00,9280.6,9777.36,9257.75,9688.46,0
2020-06-23 00:00:00,9688.3,9718.82,9569.09,9624.95,0
2020-06-24 00:00:00,9625.16,9667.56,9185.78,9281.07,0
2020-06-25 00:00:00,9281.04,9330.97,8981.17,9237.95,0
2020-06-26 00:00:00,9237.06,9288.15,9019.03,9151.71,0
2020-06-27 00:00:00,9151.87,9182.67,8821.37,9002.17,0
2020-06-28 00:00:00,9002.44,9171.54,8925.27,9123.64,0
2020-06-29 00:00:00,9123.25,9231.6,9006.17,9184.95,0
2020-06-30 00:00:00,9184.98,9198.81,9058.69,9131.57,0
2020-07-01 00:00:00,9131.6,9296.79,9083.01,9235.78,0
2020-07-02 00:00:00,9235.94,9263.98,8933.65,9088.5,0
2020-07-03 00:00:00,9088.32,9131.59,9035.91,9060.13,0
2020-07-04 00:00:00,9060.3,9196.43,9041.22,9140.3,0
2020-07-05 00:00:00,9140.94,9146.74,8883.48,9090.76,0
2020-07-06 00:00:00,9090.29,9371.39,9063.13,9343.73,0
2020-07-07 00:00:00,9343.35,9378.66,9191.98,9253.0,0
2020-07-08 00:00:00,9252.37,9477.99,9225.64,9434.8,0
2020-07-09 00:00:00,9433.46,9445.5,9155.03,9230.51,0
2020-07-10 00:00:00,9230.89,9315.23,9104.47,9285.41,0
2020-07-11 00:00:00,9285.86,9297.92,9172.62,9229.18,0
2020-07-12 00:00:00,9229.84,9339.66,9150.88,9293.14,0
2020-07-13 00:00:00,9292.27,9337.38,9191.34,9234.55,0
2020-07-14 00:00:00,9234.56,9277.28,9101.48,9248.81,0
2020-07-15 00:00:00,9248.96,9271.57,9152.75,9189.75,0
2020-07-16 00:00:00,9189.82,9214.69,9018.12,9129.52,0
2020-07-17 00:00:00,9129.71,9180.79,9051.71,9153.51,0
2020-07-18 00:00:00,9153.5,9205.67,9119.14,9174.7,0
2020-07-19 00:00:00,9174.88,9230.47,9099.29,9207.89,0
2020-07-20 00:00:00,9208.04,9223.16,9126.63,9156.8,0
2020-07-21 00:00:00,9156.83,9441.06,9149.52,9384.83,0
2020-07-22 00:00:00,9385.1,9559.42,9263.81,9540.26,0
2020-07-23 00:00:00,9537.58,9677.56,9445.56,9609.64,0
2020-07-24 00:00:00,9610.09,9643.8,9462.96,9544.34,0
2020-07-25 00:00:00,9544.42,9743.89,9530.58,9701.78,0
2020-07-26 00:00:00,9701.92,10151.29,9652.81,9931.13,0
2020-07-27 00:00:00,9931.05,11391.13,9920.4,11022.77,0
2020-07-28 00:00:00,11022.95,11250.85,10579.93,10924.93,0
2020-07-29 00:00:00,10925.08,11335.1,10837.49,11099.35,0
2020-07-30 00:00:00,11098.64,11183.15,10827.76,11108.03,0
2020-07-31 00:00:00,11107.87,11440.75,10973.36,11331.07,0
2020-08-01 00:00:00,11330.06,11853.98,11219.49,11807.43,0
2020-08-02 00:00:00,11807.45,12087.92,10542.42,11069.52,0
2020-08-03 00:00:00,11069.88,11462.91,10919.42,11226.73,0
2020-08-04 00:00:00,11226.04,11398.59,11007.49,11181.99,0
2020-08-05 00:00:00,11182.01,11785.1,11070.32,11730.77,0
2020-08-06 00:00:00,11731.31,11897.41,11566.6,11760.27,0
2020-08-07 00:00:00,11761.29,11897.74,11329.79,11590.56,0
2020-08-08 00:00:00,11590.2,11804.53,11515.23,11765.4,0
2020-08-09 00:00:00,11765.28,11797.34,11522.22,11684.33,0
2020-08-10 00:00:00,11684.01,12062.9,11478.34,11886.55,0
2020-08-11 00:00:00,11886.57,11937.06,11118.27,11390.86,0
2020-08-12 00:00:00,11391.7,11615.13,11143.82,11567.75,0
2020-08-13 00:00:00,11567.35,11793.72,11269.24,11775.25,0
2020-08-14 00:00:00,11775.22,11862.64,11646.76,11757.49,0
2020-08-15 00:00:00,11757.62,11981.77,11685.16,11868.48,0
2020-08-16 00:00:00,11869.96,11929.65,11673.67,11909.03,0
2020-08-17 00:00:00,11909.54,12467.41,11746.38,12275.79,0
2020-08-18 00:00:00,12275.15,12394.04,11821.54,11948.26,0
2020-08-19 00:00:00,11948.51,12017.85,11580.0,11760.01,0
2020-08-20 00:00:00,11760.09,11890.39,11665.85,11862.64,0
2020-08-21 00:00:00,11863.15,11884.8,11485.19,11518.92,0
2020-08-22 00:00:00,11519.08,11689.88,11364.66,11671.04,0
2020-08-23 00:00:00,11671.12,11715.03,11522.84,11650.8,0
2020-08-24 00:00:00,11651.17,11827.17,11585.9,11750.92,0
2020-08-25 00:00:00,11750.1,11765.89,11113.5,11319.33,0
2020-08-26 00:00:00,11319.39,11535.48,11243.79,11462.15,0
2020-08-27 00:00:00,11462.43,11589.87,11124.97,11322.94,0
2020-08-28 00:00:00,11323.37,11547.81,11273.84,11530.6,0
2020-08-29 00:00:00,11530.63,11583.82,11413.51,11469.57,0
2020-08-30 00:00:00,11469.93,11719.27,11456.33,11714.93,0
2020-08-31 00:00:00,11715.13,11776.63,11569.95,11652.19,0
2020-09-01 00:00:00,11652.79,12056.45,11514.08,11922.62,0
2020-09-02 00:00:00,11921.83,11951.69,11171.96,11383.65,0
2020-09-03 00:00:00,11383.82,11460.38,9964.24,10150.79,0
2020-09-04 00:00:00,10152.97,10630.16,9899.51,10466.71,0
2020-09-05 00:00:00,10466.81,10571.34,9826.74,10163.57,0
2020-09-06 00:00:00,10161.16,10352.74,9989.01,10255.3,0
2020-09-07 00:00:00,10256.93,10408.53,9865.19,10378.15,0
2020-09-08 00:00:00,10378.28,10443.92,9833.37,10122.39,0
2020-09-09 00:00:00,10121.59,10346.54,9968.59,10222.06,0
2020-09-10 00:00:00,10222.49,10492.55,10215.27,10340.02,0
2020-09-11 00:00:00,10338.67,10406.76,10199.43,10391.09,0
2020-09-12 00:00:00,10390.77,10475.44,10266.17,10433.32,0
2020-09-13 00:00:00,10433.62,10572.52,10207.07,10320.41,0
2020-09-14 00:00:00,10321.01,10754.9,10239.66,10679.07,0
2020-09-15 00:00:00,10680.54,10931.15,10609.38,10779.29,0
2020-09-16 00:00:00,10779.51,11086.56,10658.23,10946.19,0
2020-09-17 00:00:00,10947.81,11039.96,10740.93,10941.39,0
2020-09-18 00:00:00,10941.67,11043.03,10812.57,10933.87,0
2020-09-19 00:00:00,10933.93,11177.02,10888.67,11076.55,0
2020-09-20 00:00:00,11076.55,11077.28,10758.68,10917.51,0
2020-09-21 00:00:00,10917.62,10986.34,10224.43,10419.15,0
2020-09-22 00:00:00,10419.55,10576.25,10357.74,10531.61,0
2020-09-23 00:00:00,10531.62,10538.96,10135.42,10239.96,0
2020-09-24 00:00:00,10240.22,10796.56,10197.11,10738.16,0
2020-09-25 00:00:00,10735.58,10762.73,10556.62,10696.1,0
2020-09-26 00:00:00,10695.47,10805.63,10656.19,10736.63,0
2020-09-27 00:00:00,10736.32,10804.49,10591.19,10781.25,0
2020-09-28 00:00:00,10782.09,10950.85,10629.81,10695.36,0
2020-09-29 00:00:00,10695.39,10861.27,10632.37,10834.83,0
2020-09-30 00:00:00,10835.32,10845.5,10658.54,10779.58,0
2020-10-01 00:00:00,10779.95,10929.44,10435.44,10618.01,0
2020-10-02 00:00:00,10615.51,10668.96,10379.24,10573.5,0
2020-10-03 00:00:00,10573.86,10601.71,10497.95,10549.77,0
2020-10-04 00:00:00,10548.09,10697.0,10518.45,10667.52,0
2020-10-05 00:00:00,10667.08,10800.31,10621.7,10795.32,0
2020-10-06 00:00:00,10796.07,10802.32,10522.76,10599.09,0
2020-10-07 00:00:00,10598.87,10679.72,10543.07,10670.45,0
2020-10-08 00:00:00,10670.21,10949.74,10530.58,10925.57,0
2020-10-09 00:00:00,10925.74,11107.62,10831.17,11050.74,0
2020-10-10 00:00:00,11050.05,11480.56,11048.13,11297.4,0
2020-10-11 00:00:00,11297.34,11435.14,11252.24,11374.63,0
2020-10-12 00:00:00,11374.77,11720.69,11156.97,11532.55,0
2020-10-13 00:00:00,11532.66,11555.55,11312.72,11427.26,0
2020-10-14 00:00:00,11427.18,11545.92,11288.53,11421.55,0
2020-10-15 00:00:00,11421.39,11600.65,11253.9,11499.57,0
2020-10-16 00:00:00,11499.5,11538.88,11185.09,11318.21,0
2020-10-17 00:00:00,11318.32,11404.51,11257.94,11358.4,0
2020-10-18 00:00:00,11358.69,11503.48,11344.11,11500.65,0
2020-10-19 00:00:00,11499.98,11818.85,11404.12,11745.91,0
2020-10-20 00:00:00,11745.73,12034.92,11673.33,11909.46,0
2020-10-21 00:00:00,11909.36,13205.67,11890.11,12805.56,0
2020-10-22 00:00:00,12802.1,13188.86,12690.2,12968.22,0
2020-10-23 00:00:00,12969.63,13019.96,12719.58,12925.87,0
2020-10-24 00:00:00,12926.16,13160.88,12872.5,13108.71,0
2020-10-25 00:00:00,13108.19,13343.63,12892.88,13027.85,0
2020-10-26 00:00:00,13028.1,13234.32,12766.14,13053.43,0
2020-10-27 00:00:00,13053.4,13750.87,13045.23,13657.87,0
2020-10-28 00:00:00,13657.9,13821.22,12887.22,13256.06,0
2020-10-29 00:00:00,13257.15,13623.32,12964.48,13435.43,0
2020-10-30 00:00:00,13434.74,13649.29,13116.36,13519.93,0
2020-10-31 00:00:00,13520.26,14005.35,13402.89,13756.33,0
2020-11-01 00:00:00,13757.01,13849.0,13596.12,13734.92,0
2020-11-02 00:00:00,13735.05,13799.03,13198.48,13549.58,0
2020-11-03 00:00:00,13550.37,14039.64,13285.75,14004.85,0
2020-11-04 00:00:00,14004.97,14239.92,13520.49,14142.52,0
2020-11-05 00:00:00,14143.04,15731.18,14094.95,15584.41,0
2020-11-06 00:00:00,15585.3,15918.66,15188.55,15580.86,0
2020-11-07 00:00:00,15580.63,15746.88,14324.99,14823.53,0
2020-11-08 00:00:00,14824.79,15636.71,14728.68,15475.92,0
2020-11-09 00:00:00,15475.42,15824.78,14818.82,15324.93,0
2020-11-10 00:00:00,15326.09,15466.73,15075.14,15302.09,0
2020-11-11 00:00:00,15302.09,15956.53,15278.75,15690.77,0
2020-11-12 00:00:00,15690.85,16319.79,15453.68,16271.0,0
2020-11-13 00:00:00,16269.71,16448.34,15959.1,16305.47,0
2020-11-14 00:00:00,16305.95,16310.48,15706.05,16056.32,0
2020-11-15 00:00:00,16057.15,16132.0,15784.79,15944.82,0
2020-11-16 00:00:00,15949.34,16840.68,15863.74,16681.45,0
2020-11-17 00:00:00,16683.47,17814.71,16531.81,17641.39,0
2020-11-18 00:00:00,17642.51,18443.81,17199.03,17763.55,0
2020-11-19 00:00:00,17765.61,18151.86,17337.41,17795.91,0
2020-11-20 00:00:00,17796.12,18776.33,17741.56,18629.01,0
2020-11-21 00:00:00,18630.2,18914.5,18299.25,18656.45,0
2020-11-22 00:00:00,18656.82,18708.96,17606.73,18393.49,0
2020-11-23 00:00:00,18397.55,18735.09,17986.01,18363.15,0
2020-11-24 00:00:00,18362.1,19403.55,18053.79,19140.56,0
2020-11-25 00:00:00,19139.24,19463.12,18488.1,18716.02,0
2020-11-26 00:00:00,18712.28,18894.23,16212.15,17168.14,0
2020-11-27 00:00:00,17168.02,17474.83,16391.28,17143.54,0
2020-11-28 00:00:00,17144.08,17868.37,16875.25,17723.1,0
2020-11-29 00:00:00,17718.52,18324.52,17524.28,18172.46,0
2020-11-30 00:00:00,18173.73,19810.38,18173.13,19659.11,0
2020-12-01 00:00:00,19660.06,19888.68,18074.02,18778.19,0
2020-12-02 00:00:00,18781.32,19311.91,18333.55,19211.37,0
2020-12-03 00:00:00,19209.17,19597.64,18863.96,19431.95,0
2020-12-04 00:00:00,19432.2,19524.62,18560.72,18645.36,0
2020-12-05 00:00:00,18643.96,19159.9,18476.29,19127.67,0
2020-12-06 00:00:00,19128.54,19396.93,18865.44,19356.93,0
2020-12-07 00:00:00,19357.06,19406.17,18892.03,19171.92,0
2020-12-08 00:00:00,19172.34,19284.26,18193.73,18318.8,0
2020-12-09 00:00:00,18318.59,18632.87,17633.38,18540.37,0
2020-12-10 00:00:00,18540.43,18552.48,17898.23,18236.76,0
2020-12-11 00:00:00,18237.97,18278.42,17572.86,18025.43,0
2020-12-12 00:00:00,18029.25,18923.58,18015.12,18806.86,0
2020-12-13 00:00:00,18807.5,19382.1,18711.53,19142.23,0
2020-12-14 00:00:00,19147.03,19321.43,18973.56,19252.11,0
2020-12-15 00:00:00,19252.3,19534.81,19034.69,19412.27,0
2020-12-16 00:00:00,19411.18,21485.07,19275.75,21298.59,0
2020-12-17 00:00:00,21302.29,23677.39,21196.61,22780.3,0
2020-12-18 00:00:00,22780.12,23239.83,22329.16,23085.32,0
2020-12-19 00:00:00,23082.89,24123.23,22740.05,23813.17,0
2020-12-20 00:00:00,23811.13,24260.12,23077.01,23442.55,0
2020-12-21 00:00:00,23440.81,24084.66,21908.33,22695.26,0
2020-12-22 00:00:00,22699.63,23814.72,22354.09,23792.06,0
2020-12-23 00:00:00,23793.09,24080.29,22593.62,23191.47,0
2020-12-24 00:00:00,23190.78,23759.33,22694.34,23687.94,0
2020-12-25 00:00:00,23690.22,24732.43,23394.83,24661.96,0
2020-12-26 00:00:00,24661.88,26756.12,24433.74,26430.77,0
2020-12-27 00:00:00,26432.37,28307.45,25759.59,26222.99,0
2020-12-28 00:00:00,26224.77,27461.99,26062.93,27031.92,0
2020-12-29 00:00:00,27033.32,27365.6,25814.21,27330.98,0
2020-12-30 00:00:00,27331.57,28982.09,27312.67,28878.24,0
2020-12-31 00:00:00,28878.55,29291.01,27754.38,28953.81,0
2021-01-01 00:00:00,28956.13,29627.02,28690.07,29376.48,0
2021-01-02 00:00:00,29375.96,33241.01,29011.59,32181.44,0
2021-01-03 00:00:00,32184.82,34761.47,31962.73,33033.1,0
2021-01-04 00:00:00,33038.37,33606.88,28018.06,31981.48,0
2021-01-05 00:00:00,31980.51,34476.43,29868.22,33987.44,0
2021-01-06 00:00:00,34001.91,36964.03,33304.81,36818.94,0
2021-01-07 00:00:00,36824.04,40358.89,36205.43,39439.47,0
2021-01-08 00:00:00,39433.73,41928.97,36525.67,40570.64,0
2021-01-09 00:00:00,40581.62,41381.46,38729.52,40217.14,0
2021-01-10 00:00:00,40206.56,41425.05,34698.37,38137.0,0
2021-01-11 00:00:00,38137.97,38243.65,30267.36,35399.29,0
2021-01-12 00:00:00,35402.66,36583.25,32478.25,34011.95,0
2021-01-13 00:00:00,34011.51,37787.63,32337.96,37343.28,0
2021-01-14 00:00:00,37349.15,40037.79,36718.95,39079.81,0
2021-01-15 00:00:00,39077.97,39680.62,34346.19,36719.43,0
2021-01-16 00:00:00,36719.71,37947.15,35354.24,35991.45,0
2021-01-17 00:00:00,35990.76,36857.8,33841.73,35827.84,0
2021-01-18 00:00:00,35817.74,37424.75,34763.33,36615.72,0
2021-01-19 00:00:00,36609.71,37837.27,35861.96,35895.74,0
2021-01-20 00:00:00,35885.55,36421.04,33344.17,35458.18,0
2021-01-21 00:00:00,35456.37,35599.45,30019.35,30820.35,0
2021-01-22 00:00:00,30825.94,33846.94,28690.14,32950.1,0
2021-01-23 00:00:00,32955.3,33474.03,31393.08,32085.13,0
2021-01-24 00:00:00,32083.98,33075.38,30944.56,32258.68,0
2021-01-25 00:00:00,32272.71,34850.4,31927.95,32241.95,0
2021-01-26 00:00:00,32232.82,32913.87,30809.19,32481.08,0
2021-01-27 00:00:00,32471.31,32548.26,29138.75,30375.06,0
2021-01-28 00:00:00,30377.91,33822.95,29840.36,33435.17,0
2021-01-29 00:00:00,33439.08,38596.92,31944.93,34246.84,0
2021-01-30 00:00:00,34249.14,34904.9,32792.35,34302.97,0
2021-01-31 00:00:00,34305.56,34370.7,32187.1,33102.22,0
2021-02-01 00:00:00,33105.24,34699.99,32286.01,33533.37,0
2021-02-02 00:00:00,33533.28,35989.18,33426.54,35515.19,0
2021-02-03 00:00:00,35516.71,37648.29,35383.44,37626.17,0
2021-02-04 00:00:00,37627.67,38671.75,36164.51,36939.83,0
2021-02-05 00:00:00,36936.49,38306.75,36560.86,38240.88,0
2021-02-06 00:00:00,38246.9,40947.9,38165.37,39209.03,0
2021-02-07 00:00:00,39195.84,39695.38,37315.65,38809.1,0
2021-02-08 00:00:00,38812.51,46644.02,37998.08,46348.9,0
2021-02-09 00:00:00,46356.39,48188.64,44970.2,46500.29,0
2021-02-10 00:00:00,46492.29,47345.22,43683.15,44779.93,0
2021-02-11 00:00:00,44774.58,48635.23,43948.32,47985.47,0
2021-02-12 00:00:00,47984.48,48900.78,46101.76,47376.75,0
2021-02-13 00:00:00,47358.84,48199.28,46181.44,47195.4,0
2021-02-14 00:00:00,47198.59,49608.0,47032.66,48583.92,0
2021-02-15 00:00:00,48589.4,48994.12,45681.18,47906.74,0
2021-02-16 00:00:00,47915.45,50515.38,46981.21,49100.21,0
2021-02-17 00:00:00,49082.96,52531.86,48879.75,52047.29,0
2021-02-18 00:00:00,52038.13,52476.89,50821.11,51547.74,0
2021-02-19 00:00:00,51545.94,56289.36,50643.01,55864.67,0
2021-02-20 00:00:00,55870.0,57533.99,54042.5,55837.43,0
2021-02-21 00:00:00,55815.76,58348.73,55420.88,57441.54,0
2021-02-22 00:00:00,57438.18,57535.97,47106.15,54101.76,0
2021-02-23 00:00:00,54115.79,54170.34,44892.31,48854.72,0
2021-02-24 00:00:00,48867.07,51369.11,46941.09,49677.05,0
2021-02-25 00:00:00,49686.74,52080.76,46669.13,47057.73,0
2021-02-26 00:00:00,47059.41,48415.16,44030.3,46251.87,0
2021-02-27 00:00:00,46257.57,48346.18,44965.59,46168.13,0
2021-02-28 00:00:00,46160.28,46652.09,43006.41,45265.48,0
2021-03-01 00:00:00,45211.02,49781.18,45016.5,49599.79,0
2021-03-02 00:00:00,49592.84,50213.1,47042.43,48475.91,0
2021-03-03 00:00:00,48469.89,52618.37,48131.59,50305.48,0
2021-03-04 00:00:00,50320.77,51759.34,47462.23,48300.91,0
2021-03-05 00:00:00,48310.71,49466.54,46195.41,48745.61,0
2021-03-06 00:00:00,48742.83,49178.32,47005.49,48866.71,0
2021-03-07 00:00:00,48869.42,51426.15,48869.42,50880.93,0
2021-03-08 00:00:00,50928.63,52381.73,49250.42,52381.73,0
2021-03-09 00:00:00,52377.79,54877.31,51795.09,54875.84,0
2021-03-10 00:00:00,54877.12,57335.26,52970.79,55843.75,0
2021-03-11 00:00:00,55849.75,58089.27,54273.02,57745.58,0
2021-03-12 00:00:00,57747.27,58021.35,54977.94,57208.48,0
2021-03-13 00:00:00,57215.46,61655.54,56006.4,61062.82,0
2021-03-14 00:00:00,61070.28,61565.57,58866.35,58892.91,0
2021-03-15 00:00:00,58873.69,60528.99,54555.54,55560.34,0
2021-03-16 00:00:00,55553.23,56928.91,53217.64,56902.56,0
2021-03-17 00:00:00,56904.36,58909.89,54076.25,58843.11,0
2021-03-18 00:00:00,58843.03,60072.6,56934.78,57582.39,0
2021-03-19 00:00:00,57576.9,59408.89,56203.12,57985.93,0
2021-03-20 00:00:00,57985.76,59840.15,57726.96,58099.18,0
2021-03-21 00:00:00,58100.11,58580.51,55380.6,57308.9,0
2021-03-22 00:00:00,57316.29,58387.45,53648.19,53985.55,0
2021-03-23 00:00:00,53987.72,55827.82,52854.06,54257.15,0
2021-03-24 00:00:00,54263.38,57234.48,51584.61,52207.58,0
2021-03-25 00:00:00,52214.44,53145.4,50218.65,51261.93,0
2021-03-26 00:00:00,51260.78,55064.92,51159.24,55025.17,0
2021-03-27 00:00:00,55018.02,56609.07,53880.93,55786.66,0
2021-03-28 00:00:00,55780.13,56497.12,54661.51,55785.46,0
2021-03-29 00:00:00,55798.72,58315.28,54840.37,57558.31,0
2021-03-30 00:00:00,57559.56,59325.06,56961.03,58741.38,0
2021-03-31 00:00:00,58737.85,59746.28,56782.62,58743.14,0
2021-04-01 00:00:00,58729.39,59407.0,57897.5,58671.75,0
2021-04-02 00:00:00,58671.06,60016.91,58350.95,58921.12,0
2021-04-03 00:00:00,58914.06,59724.38,56796.16,56985.49,0
2021-04-04 00:00:00,56990.6,58506.86,56351.48,58179.92,0
2021-04-05 00:00:00,58177.83,59260.49,56728.18,59108.82,0
2021-04-06 00:00:00,59120.81,59437.09,57297.23,57976.29,0
2021-04-07 00:00:00,57975.21,58608.85,55332.68,55896.58,0
2021-04-08 00:00:00,55896.09,58137.35,55622.94,58059.29,0
2021-04-09 00:00:00,58051.66,58878.41,57636.22,58071.04,0
2021-04-10 00:00:00,58069.35,61071.18,57803.7,59756.55,0
2021-04-11 00:00:00,59761.66,60606.38,59131.73,59918.94,0
2021-04-12 00:00:00,59930.3,61123.02,59343.1,59769.51,0
2021-04-13 00:00:00,59769.05,63620.51,59722.03,63458.29,0
2021-04-14 00:00:00,63464.16,64756.69,61215.7,62900.29,0
2021-04-15 00:00:00,62909.75,63757.76,61968.0,63134.21,0
2021-04-16 00:00:00,63141.5,63503.39,59922.36,61331.08,0
2021-04-17 00:00:00,61335.55,62517.7,59590.53,59948.47,0
2021-04-18 00:00:00,59948.64,60367.22,51176.67,56211.36,0
2021-04-19 00:00:00,56191.95,57573.6,54150.92,55591.66,0
2021-04-20 00:00:00,55606.24,57063.98,53297.22,56444.25,0
2021-04-21 00:00:00,56435.22,56769.38,53488.52,53710.05,0
2021-04-22 00:00:00,53707.92,55441.52,50352.56,51586.83,0
2021-04-23 00:00:00,51571.03,52053.81,47418.86,51126.08,0
2021-04-24 00:00:00,51126.19,51182.35,48646.86,50067.54,0
2021-04-25 00:00:00,50071.81,50585.14,46979.73,49101.36,0
2021-04-26 00:00:00,49108.87,54375.61,48767.85,54018.24,0
2021-04-27 00:00:00,54019.26,55444.15,53245.69,55012.7,0
2021-04-28 00:00:00,55015.01,56398.82,53790.12,54824.3,0
2021-04-29 00:00:00,54841.99,55196.63,52309.78,53525.59,0
2021-04-30 00:00:00,53526.48,57916.14,53010.03,57675.49,0
2021-05-01 00:00:00,57676.79,58445.58,56977.65,57779.59,0
2021-05-02 00:00:00,57782.29,57904.26,56003.77,56568.41,0
2021-05-03 00:00:00,56575.06,58927.44,56431.74,57168.79,0
2021-05-04 00:00:00,57184.58,57216.91,52955.78,53177.77,0
2021-05-05 00:00:00,53165.17,57948.14,52883.66,57511.41,0
2021-05-06 00:00:00,57510.27,58391.36,55197.37,56418.18,0
2021-05-07 00:00:00,56419.28,58694.88,55213.21,57340.74,0
2021-05-08 00:00:00,57336.4,59496.1,56915.94,58893.05,0
2021-05-09 00:00:00,58894.75,59247.68,56159.95,58258.25,0
2021-05-10 00:00:00,58276.82,59560.58,53717.99,55814.83,0
2021-05-11 00:00:00,55820.12,56913.65,54389.9,56716.35,0
2021-05-12 00:00:00,56716.19,58016.15,49515.84,49818.8,0
2021-05-13 00:00:00,49829.54,51580.1,46927.59,49695.6,0
2021-05-14 00:00:00,49690.98,51534.03,48815.77,49867.38,0
2021-05-15 00:00:00,49866.9,50742.19,46516.2,46739.72,0
2021-05-16 00:00:00,46745.76,49787.66,43796.62,46454.83,0
2021-05-17 00:00:00,46449.38,46650.55,42058.44,43511.35,0
2021-05-18 00:00:00,43509.54,45787.45,42263.71,42816.43,0
2021-05-19 00:00:00,42818.15,43540.08,29874.24,36710.38,0
2021-05-20 00:00:00,36704.68,42527.8,34947.28,40560.1,0
2021-05-21 00:00:00,40562.61,42221.65,33717.5,37310.33,0
2021-05-22 00:00:00,37318.69,38856.34,35252.7,37474.51,0
2021-05-23 00:00:00,37474.47,38301.45,31107.82,34704.16,0
2021-05-24 00:00:00,34730.47,39938.67,34416.82,38810.41,0
2021-05-25 00:00:00,38812.54,39829.98,36431.86,38344.69,0
2021-05-26 00:00:00,38353.41,40870.07,37825.89,39286.72,0
2021-05-27 00:00:00,39287.16,40445.85,37181.19,38543.15,0
2021-05-28 00:00:00,38541.21,38868.68,34664.11,35639.84,0
2021-05-29 00:00:00,35642.28,37278.17,33568.6,34550.66,0
2021-05-30 00:00:00,34562.19,36448.42,33312.05,35633.47,0
2021-05-31 00:00:00,35630.36,37494.74,34112.79,37255.17,0
2021-06-01 00:00:00,37256.7,37879.42,35654.98,36671.1,0
2021-06-02 00:00:00,36671.44,38224.19,35883.21,37572.02,0
2021-06-03 00:00:00,37576.08,39456.86,37154.02,39187.78,0
2021-06-04 00:00:00,39195.37,39238.3,35543.09,36828.08,0
2021-06-05 00:00:00,36827.74,37908.76,34808.61,35496.98,0
2021-06-06 00:00:00,35493.09,36454.38,35210.05,35752.17,0
2021-06-07 00:00:00,35758.73,36786.05,33290.51,33517.18,0
2021-06-08 00:00:00,33514.03,33999.64,30995.84,33389.27,0
2021-06-09 00:00:00,33381.3,37522.66,32383.59,37374.79,0
2021-06-10 00:00:00,37375.13,38391.88,35787.76,36664.57,0
2021-06-11 00:00:00,36666.02,37630.13,35909.64,37328.56,0
2021-06-12 00:00:00,37321.5,37419.58,34623.4,35505.27,0
2021-06-13 00:00:00,35499.92,39349.34,34741.71,38991.46,0
2021-06-14 00:00:00,38988.83,40981.2,38688.03,40480.5,0
2021-06-15 00:00:00,40482.83,41264.4,39474.65,40131.93,0
2021-06-16 00:00:00,40132.86,40448.47,38067.36,38312.67,0
2021-06-17 00:00:00,38314.6,39505.04,37340.84,38060.65,0
2021-06-18 00:00:00,38064.71,38177.42,35098.36,35797.31,0
2021-06-19 00:00:00,35803.45,36424.0,34791.32,35472.56,0
2021-06-20 00:00:00,35475.14,36124.87,33338.81,35581.87,0
2021-06-21 00:00:00,35584.85,35729.09,31215.02,31573.28,0
2021-06-22 00:00:00,31582.11,33315.08,28923.81,32525.57,0
2021-06-23 00:00:00,32526.24,34805.19,31693.25,33672.83,0
2021-06-24 00:00:00,33675.23,35236.91,32322.72,34637.96,0
2021-06-25 00:00:00,34636.15,35475.24,31281.63,31570.59,0
2021-06-26 00:00:00,31570.94,32647.72,30139.79,32246.12,0
2021-06-27 00:00:00,32248.6,34724.46,31999.71,34689.0,0
2021-06-28 00:00:00,34698.9,35294.58,33843.41,34465.22,0
2021-06-29 00:00:00,34467.66,36592.81,34231.45,35878.89,0
2021-06-30 00:00:00,35887.01,36077.91,33969.09,35011.87,0
2021-07-01 00:00:00,35017.11,35042.45,32678.47,33471.05,0
2021-07-02 00:00:00,33478.48,33950.6,32635.07,33775.87,0
2021-07-03 00:00:00,33775.21,34955.09,33263.34,34685.93,0
2021-07-04 00:00:00,34686.87,35950.56,34358.07,35279.03,0
2021-07-05 00:00:00,35281.78,35286.02,33098.09,33663.81,0
2021-07-06 00:00:00,33666.28,35096.0,33491.43,34230.65,0
2021-07-07 00:00:00,34228.82,35063.21,33770.72,33855.86,0
2021-07-08 00:00:00,33857.09,33920.67,32060.77,32855.47,0
2021-07-09 00:00:00,32862.6,34085.69,32230.94,33799.21,0
2021-07-10 00:00:00,33802.98,34262.52,32997.07,33487.51,0
2021-07-11 00:00:00,33475.13,34587.45,33311.79,34253.18,0
2021-07-12 00:00:00,34255.04,34649.84,32607.4,33046.65,0
2021-07-13 00:00:00,33044.0,33317.65,32173.85,32693.87,0
2021-07-14 00:00:00,32692.96,33080.5,31569.01,32786.94,0
2021-07-15 00:00:00,32785.42,33162.68,31083.19,31838.85,0
2021-07-16 00:00:00,31838.38,32245.96,31005.37,31375.87,0
2021-07-17 00:00:00,31375.6,31931.87,31174.95,31531.1,0
2021-07-18 00:00:00,31532.01,32404.81,31092.73,31776.13,0
2021-07-19 00:00:00,31786.87,31879.93,30377.4,30833.6,0
2021-07-20 00:00:00,30835.25,31042.03,29280.52,29759.58,0
2021-07-21 00:00:00,29766.71,32788.29,29460.6,32135.29,0
2021-07-22 00:00:00,32142.66,32594.2,31713.15,32298.15,0
2021-07-23 00:00:00,32299.03,33664.71,31976.13,33664.71,0
2021-07-24 00:00:00,33668.38,34511.96,33391.35,34272.33,0
2021-07-25 00:00:00,34273.82,35412.93,33858.16,35394.21,0
2021-07-26 00:00:00,35396.12,40517.72,35222.17,37211.4,0
2021-07-27 00:00:00,37216.42,39519.96,36366.84,39443.16,0
2021-07-28 00:00:00,39442.97,40849.3,38746.49,40006.95,0
2021-07-29 00:00:00,40009.21,40596.29,39214.11,40003.17,0
2021-07-30 00:00:00,40002.69,42281.42,38276.04,42200.75,0
2021-07-31 00:00:00,42201.48,42343.58,40996.4,41439.33,0
2021-08-01 00:00:00,41442.48,42526.09,39399.38,39838.26,0
2021-08-02 00:00:00,39826.83,40420.91,38650.17,39107.52,0
2021-08-03 00:00:00,39110.38,39760.84,37583.29,38143.44,0
2021-08-04 00:00:00,38144.0,39936.27,37456.77,39703.88,0
2021-08-05 00:00:00,39701.89,41388.68,37257.42,40875.81,0
2021-08-06 00:00:00,40877.38,43335.74,39837.61,42861.49,0
2021-08-07 00:00:00,42862.38,44680.11,42378.31,44569.64,0
2021-08-08 00:00:00,44574.83,45269.54,43216.91,43755.23,0
2021-08-09 00:00:00,43756.39,46459.77,42721.31,46245.5,0
2021-08-10 00:00:00,46245.47,46668.84,44591.92,45574.73,0
2021-08-11 00:00:00,45575.13,46696.33,45280.6,45472.71,0
2021-08-12 00:00:00,45476.09,46145.27,43675.61,44366.59,0
2021-08-13 00:00:00,44368.54,47863.96,44180.96,47777.1,0
2021-08-14 00:00:00,47777.92,48105.9,45983.02,47080.72,0
2021-08-15 00:00:00,47075.59,47379.56,45464.73,46966.4,0
2021-08-16 00:00:00,46963.26,48020.8,45609.24,45870.36,0
2021-08-17 00:00:00,45873.52,47158.64,44307.91,44594.79,0
2021-08-18 00:00:00,44599.87,46030.1,44112.59,44620.96,0
2021-08-19 00:00:00,44605.38,47020.05,43867.05,46729.78,0
2021-08-20 00:00:00,46729.63,49342.19,46600.49,49287.73,0
2021-08-21 00:00:00,49293.74,49758.14,48238.37,48812.53,0
2021-08-22 00:00:00,48814.0,49489.43,48040.45,49263.62,0
2021-08-23 00:00:00,49256.0,50466.66,49000.08,49471.7,0
2021-08-24 00:00:00,49451.95,49858.07,47490.89,47624.11,0
2021-08-25 00:00:00,47638.25,49231.74,47077.22,48929.5,0
2021-08-26 00:00:00,48938.03,49335.8,46244.58,46800.2,0
2021-08-27 00:00:00,46801.17,49143.22,46279.83,49072.15,0
2021-08-28 00:00:00,49073.64,49318.39,48337.73,48886.77,0
2021-08-29 00:00:00,48888.18,49672.11,47702.96,48746.82,0
2021-08-30 00:00:00,48750.29,48883.93,46808.84,46937.83,0
2021-08-31 00:00:00,46930.5,48219.18,46645.52,47082.9,0
2021-09-01 00:00:00,47078.06,49074.03,46491.55,48818.43,0
2021-09-02 00:00:00,48820.26,50357.73,48582.91,49218.1,0
2021-09-03 00:00:00,49222.74,51017.61,48312.63,50023.74,0
2021-09-04 00:00:00,50021.29,50528.03,49346.12,49902.99,0
2021-09-05 00:00:00,49891.39,51815.74,49429.17,51714.53,0
2021-09-06 00:00:00,51716.42,52744.7,50962.65,52641.69,0
2021-09-07 00:00:00,52636.88,52863.64,42835.92,46843.88,0
2021-09-08 00:00:00,46852.63,47349.0,44349.48,46015.04,0
2021-09-09 00:00:00,46024.45,47389.55,45482.61,46362.88,0
2021-09-10 00:00:00,46368.92,47031.42,44010.16,44844.79,0
2021-09-11 00:00:00,44846.89,45975.31,44682.09,45153.64,0
2021-09-12 00:00:00,45158.27,46404.44,44696.12,45972.42,0
2021-09-13 00:00:00,45995.42,46843.9,43372.04,44907.87,0
2021-09-14 00:00:00,44909.57,47236.08,44609.67,47093.29,0
2021-09-15 00:00:00,47100.25,48448.3,46643.09,48117.12,0
2021-09-16 00:00:00,48116.28,48485.08,46977.69,47748.68,0
2021-09-17 00:00:00,47749.43,48161.4,46702.64,47282.43,0
2021-09-18 00:00:00,47283.85,48784.88,47018.94,48289.13,0
2021-09-19 00:00:00,48293.33,48365.43,46806.39,47244.52,0
2021-09-20 00:00:00,47250.44,47342.19,42439.41,42999.33,0
2021-09-21 00:00:00,43000.41,43615.41,39578.27,40689.07,0
2021-09-22 00:00:00,40696.92,44025.84,40519.75,43575.52,0
2021-09-23 00:00:00,43576.06,44955.3,43097.47,44868.78,0
2021-09-24 00:00:00,44856.85,45147.09,40589.57,42840.75,0
2021-09-25 00:00:00,42845.05,42979.83,41650.96,42683.64,0
2021-09-26 00:00:00,42681.33,43934.72,40721.77,43165.92,0
2021-09-27 00:00:00,43149.81,44362.66,42044.91,42137.51,0
2021-09-28 00:00:00,42146.37,42777.53,40845.81,40980.51,0
2021-09-29 00:00:00,40991.11,42590.44,40708.75,41479.2,0
2021-09-30 00:00:00,41465.98,44054.06,41359.45,43759.96,0
2021-10-01 00:00:00,43761.88,48437.33,43225.57,48096.02,0
2021-10-02 00:00:00,48099.9,48297.48,47408.25,47636.14,0
2021-10-03 00:00:00,47640.51,49170.7,47033.52,48181.41,0
2021-10-04 00:00:00,48181.06,49475.96,46845.42,49196.07,0
2021-10-05 00:00:00,49188.25,51857.01,48981.07,51394.49,0
2021-10-06 00:00:00,51401.91,55652.92,50323.6,55288.92,0
2021-10-07 00:00:00,55285.64,55311.21,53319.85,53758.55,0
2021-10-08 00:00:00,53757.36,55991.14,53560.33,53916.25,0
2021-10-09 00:00:00,53914.51,55394.97,53590.9,54888.25,0
2021-10-10 00:00:00,54871.57,56414.96,54004.54,54606.8,0
2021-10-11 00:00:00,54601.08,57779.43,54357.15,57411.03,0
2021-10-12 00:00:00,57419.46,57609.7,53821.99,55933.11,0
2021-10-13 00:00:00,55934.81,57743.27,54192.3,57323.42,0
2021-10-14 00:00:00,57324.88,58488.59,56734.54,57314.31,0
2021-10-15 00:00:00,57314.26,62787.29,56782.19,61620.56,0
2021-10-16 00:00:00,61624.83,62268.75,60090.28,60808.03,0
2021-10-17 00:00:00,60815.08,61631.18,58872.55,61457.09,0
2021-10-18 00:00:00,61458.46,62608.16,59825.33,61950.23,0
2021-10-19 00:00:00,61951.19,64428.16,61220.45,64220.87,0
2021-10-20 00:00:00,64221.28,66983.32,63412.12,66009.66,0
2021-10-21 00:00:00,66007.93,66614.48,61882.25,62109.92,0
2021-10-22 00:00:00,62128.1,63673.89,59883.72,60596.02,0
2021-10-23 00:00:00,60602.39,61704.16,59560.75,61240.73,0
2021-10-24 00:00:00,61244.64,61430.64,59415.78,60783.71,0
2021-10-25 00:00:00,60789.13,63667.27,60571.49,63071.49,0
2021-10-26 00:00:00,63070.75,63250.0,59757.31,60261.88,0
2021-10-27 00:00:00,60257.44,61434.77,58080.79,58421.6,0
2021-10-28 00:00:00,58409.65,62402.53,57565.14,60540.4,0
2021-10-29 00:00:00,60526.12,62936.05,60014.46,62295.1,0
2021-10-30 00:00:00,62287.34,62379.12,60665.63,61863.65,0
2021-10-31 00:00:00,61868.3,62385.6,59911.77,61300.12,0
2021-11-01 00:00:00,61301.62,62441.45,59408.44,60879.81,0
2021-11-02 00:00:00,60877.65,64255.28,60603.88,63248.98,0
2021-11-03 00:00:00,63248.59,63512.77,60125.45,62899.42,0
2021-11-04 00:00:00,62902.25,63076.16,60630.02,61379.33,0
2021-11-05 00:00:00,61377.34,62586.6,60686.43,60943.94,0
2021-11-06 00:00:00,60942.58,61556.77,60042.52,61502.0,0
2021-11-07 00:00:00,61501.37,63264.18,61315.7,63256.76,0
2021-11-08 00:00:00,63257.87,67745.51,63248.92,67516.48,0
2021-11-09 00:00:00,67518.74,68484.87,66193.43,66887.55,0
2021-11-10 00:00:00,66891.22,68983.73,62832.43,64798.56,0
2021-11-11 00:00:00,64784.46,65558.54,64031.95,64703.83,0
2021-11-12 00:00:00,64700.2,65430.52,62166.8,64102.57,0
2021-11-13 00:00:00,64104.01,64931.76,63260.4,64333.36,0
2021-11-14 00:00:00,64341.81,65477.82,63499.78,65477.82,0
2021-11-15 00:00:00,65471.92,66292.92,63246.56,63517.63,0
2021-11-16 00:00:00,63521.84,63533.69,58562.11,60011.3,0
2021-11-17 00:00:00,60010.99,60832.4,58304.01,60311.48,0
2021-11-18 00:00:00,60311.55,60943.31,56444.38,56867.97,0
2021-11-19 00:00:00,56869.13,58363.8,55542.11,58049.59,0
2021-11-20 00:00:00,58050.43,59899.99,57308.92,59696.84,0
2021-11-21 00:00:00,59692.79,60037.49,58443.21,58709.21,0
2021-11-22 00:00:00,58697.11,59377.87,55582.16,56219.27,0
2021-11-23 00:00:00,56218.76,57860.21,55198.55,57581.12,0
2021-11-24 00:00:00,57586.93,57697.73,55757.67,57096.74,0
2021-11-25 00:00:00,57101.41,59456.98,56917.03,58979.72,0
2021-11-26 00:00:00,58970.69,59193.75,53462.22,53749.98,0
2021-11-27 00:00:00,53752.18,55261.44,53565.57,54690.22,0
2021-11-28 00:00:00,54698.78,57471.62,53244.19,57294.22,0
2021-11-29 00:00:00,57294.92,58874.22,56679.12,57808.67,0
2021-11-30 00:00:00,57812.18,59227.81,55810.86,57002.07,0
2021-12-01 00:00:00,57010.39,59072.57,56368.5,57183.34,0
2021-12-02 00:00:00,57186.72,57394.25,55735.68,56494.13,0
2021-12-03 00:00:00,56495.29,57632.88,51621.87,53631.98,0
2021-12-04 00:00:00,53624.46,53855.05,41938.16,49230.26,0
2021-12-05 00:00:00,49233.73,49732.67,47817.14,49443.92,0
2021-12-06 00:00:00,49451.4,50968.03,47139.61,50511.55,0
2021-12-07 00:00:00,50518.41,51945.36,50017.6,50595.07,0
2021-12-08 00:00:00,50597.24,51199.02,48561.49,50488.09,0
2021-12-09 00:00:00,50490.09,50818.23,47278.95,47628.93,0
2021-12-10 00:00:00,47630.28,50090.8,46842.5,47106.83,0
2021-12-11 00:00:00,47109.81,49499.28,46692.12,49394.87,0
2021-12-12 00:00:00,49397.55,50762.53,48644.55,50062.26,0
2021-12-13 00:00:00,50060.07,50183.93,45656.87,46700.06,0
2021-12-14 00:00:00,46699.46,48660.27,46227.48,48346.04,0
2021-12-15 00:00:00,48349.07,49497.62,46454.6,48877.3,0
2021-12-16 00:00:00,48876.17,49428.45,47500.25,47625.26,0
2021-12-17 00:00:00,47628.83,48008.52,45380.59,46093.87,0
2021-12-18 00:00:00,46095.3,47379.05,45409.85,46832.45,0
2021-12-19 00:00:00,46832.33,48260.35,46364.62,46586.75,0
2021-12-20 00:00:00,46574.79,47520.82,45506.24,46940.26,0
2021-12-21 00:00:00,46936.54,49276.14,46608.75,48874.47,0
2021-12-22 00:00:00,48870.49,49545.9,48382.66,48572.34,0
2021-12-23 00:00:00,48570.69,51374.45,48023.85,50812.65,0
2021-12-24 00:00:00,50815.55,51814.55,50382.45,50796.62,0
2021-12-25 00:00:00,50797.23,51138.75,50109.11,50391.06,0
2021-12-26 00:00:00,50383.37,51223.54,49396.85,50734.23,0
2021-12-27 00:00:00,50746.2,52035.81,50415.65,50675.25,0
2021-12-28 00:00:00,50675.77,50678.7,47252.98,47502.86,0
2021-12-29 00:00:00,47502.63,48111.72,46017.54,46418.09,0
2021-12-30 00:00:00,46415.84,47877.31,45876.77,47066.55,0
2021-12-31 00:00:00,47067.47,48532.12,45566.18,46156.75,0
2022-01-01 00:00:00,46159.83,47909.24,46128.33,47712.32,0
2022-01-02 00:00:00,47703.55,47936.23,46604.18,47260.56,0
2022-01-03 00:00:00,47256.44,47547.0,45655.96,46426.75,0
2022-01-04 00:00:00,46425.06,47497.57,45502.19,45768.8,0
2022-01-05 00:00:00,45766.82,47030.98,42458.63,43389.57,0
2022-01-06 00:00:00,43399.7,43751.06,42372.22,43068.89,0
2022-01-07 00:00:00,43071.43,43118.26,40552.06,41513.06,0
2022-01-08 00:00:00,41514.84,42280.73,40438.0,41640.1,0
2022-01-09 00:00:00,41641.13,42734.36,41011.98,41824.01,0
2022-01-10 00:00:00,41824.78,42215.76,39568.53,41764.77,0
2022-01-11 00:00:00,41768.7,43106.51,41218.1,42705.66,0
2022-01-12 00:00:00,42701.76,44275.86,42413.14,43879.86,0
2022-01-13 00:00:00,43881.66,44414.08,42292.09,42537.44,0
2022-01-14 00:00:00,42534.45,43433.97,41724.2,43076.61,0
2022-01-15 00:00:00,43076.81,43774.99,42529.61,43062.75,0
2022-01-16 00:00:00,43063.73,43450.88,42581.17,43079.09,0
2022-01-17 00:00:00,43079.04,43193.82,41540.78,42187.34,0
2022-01-18 00:00:00,42189.29,42636.71,41250.59,42352.98,0
2022-01-19 00:00:00,42356.1,42565.3,41122.4,41647.91,0
2022-01-20 00:00:00,41648.55,43500.56,40520.72,40627.41,0
2022-01-21 00:00:00,40630.03,41101.49,35395.0,36430.25,0
2022-01-22 00:00:00,36426.93,36751.96,33978.22,35043.72,0
2022-01-23 00:00:00,35043.63,36506.9,34616.82,36245.0,0
2022-01-24 00:00:00,36240.36,37479.79,32925.89,36655.84,0
2022-01-25 00:00:00,36654.8,37509.72,35686.51,36935.47,0
2022-01-26 00:00:00,36937.4,38868.86,36238.11,36811.5,0
2022-01-27 00:00:00,36819.64,37221.91,35509.07,37166.19,0
2022-01-28 00:00:00,37161.58,37994.63,36144.65,37709.24,0
2022-01-29 00:00:00,37714.37,38659.9,37314.83,38162.79,0
2022-01-30 00:00:00,38174.24,38328.28,37374.72,37915.62,0
2022-01-31 00:00:00,37909.53,38703.56,36649.74,38466.96,0
2022-02-01 00:00:00,38467.89,39248.3,37974.94,38695.25,0
2022-02-02 00:00:00,38691.92,38851.12,36597.79,36914.46,0
2022-02-03 00:00:00,36914.88,37358.13,36250.28,37331.61,0
2022-02-04 00:00:00,37332.32,41694.96,37051.24,41559.48,0
2022-02-05 00:00:00,41559.17,41926.35,40922.97,41399.06,0
2022-02-06 00:00:00,41394.4,42653.51,41124.39,42391.57,0
2022-02-07 00:00:00,42385.35,44496.24,41665.56,43873.17,0
2022-02-08 00:00:00,43875.69,45403.31,42647.36,44208.73,0
2022-02-09 00:00:00,44139.6,44836.32,43105.07,44406.56,0
2022-02-10 00:00:00,44404.74,45801.75,43193.81,43502.53,0
2022-02-11 00:00:00,43506.19,43931.48,41916.75,42358.58,0
2022-02-12 00:00:00,42359.94,42999.74,41682.57,42187.62,0
2022-02-13 00:00:00,42188.78,42735.31,41841.83,42014.28,0
2022-02-14 00:00:00,42020.64,42832.09,41469.11,42525.48,0
2022-02-15 00:00:00,42525.1,44767.07,42377.51,44561.62,0
2022-02-16 00:00:00,44562.76,44570.26,43296.59,43887.9,0
2022-02-17 00:00:00,43890.36,44192.56,40086.71,40516.65,0
2022-02-18 00:00:00,40518.29,40958.47,39438.98,39966.23,0
2022-02-19 00:00:00,39968.2,40445.13,39634.18,40095.58,0
2022-02-20 00:00:00,40096.71,40138.34,37983.76,38383.85,0
2022-02-21 00:00:00,38389.49,39465.41,36805.35,37028.14,0
2022-02-22 00:00:00,37024.46,38460.95,36327.52,38264.35,0
2022-02-23 00:00:00,38259.58,39259.63,37056.56,37265.02,0
2022-02-24 00:00:00,37268.12,39701.76,34323.01,38338.94,0
2022-02-25 00:00:00,38342.05,39710.97,38036.58,39225.74,0
2022-02-26 00:00:00,39227.83,40238.87,38537.23,39099.1,0
2022-02-27 00:00:00,39101.79,39866.11,36977.44,37695.74,0
2022-02-28 00:00:00,37704.78,44144.47,37443.24,43177.91,0
2022-03-01 00:00:00,43172.43,44938.03,42816.02,44420.54,0
2022-03-02 00:00:00,44420.99,45263.12,43289.54,43893.13,0
2022-03-03 00:00:00,43895.57,44085.5,41782.98,42455.53,0
2022-03-04 00:00:00,42459.12,42512.88,38561.87,39143.3,0
2022-03-05 00:00:00,39144.55,39575.17,38572.61,39370.29,0
2022-03-06 00:00:00,39372.55,39635.25,38082.15,38367.71,0
2022-03-07 00:00:00,38370.61,39513.81,37142.21,37963.79,0
2022-03-08 00:00:00,37968.03,39366.88,37835.07,38732.74,0
2022-03-09 00:00:00,38733.16,42597.76,38644.85,41924.51,0
2022-03-10 00:00:00,41935.66,42048.47,38567.54,39410.1,0
2022-03-11 00:00:00,39411.53,40226.68,38184.35,38710.73,0
2022-03-12 00:00:00,38711.68,39396.87,38623.65,38769.36,0
2022-03-13 00:00:00,38773.42,39278.59,37566.4,37795.6,0
2022-03-14 00:00:00,37797.34,39889.38,37538.54,39656.32,0
2022-03-15 00:00:00,39654.43,39870.53,38109.19,39281.21,0
2022-03-16 00:00:00,39276.83,41707.34,38832.36,41120.09,0
2022-03-17 00:00:00,41120.73,41434.5,40507.64,40938.14,0
2022-03-18 00:00:00,40933.09,42343.98,40119.5,41749.88,0
2022-03-19 00:00:00,41748.08,42386.19,41478.2,42208.23,0
2022-03-20 00:00:00,42206.04,42286.66,40884.03,41251.14,0
2022-03-21 00:00:00,41248.07,41558.41,40473.57,40990.01,0
2022-03-22 00:00:00,40991.48,43307.49,40873.06,42367.88,0
2022-03-23 00:00:00,42365.48,42987.85,41731.7,42868.63,0
2022-03-24 00:00:00,42864.94,44244.02,42616.75,44000.7,0
2022-03-25 00:00:00,43999.47,45135.04,43588.74,44314.14,0
2022-03-26 00:00:00,44311.43,44814.17,44073.73,44517.79,0
2022-03-27 00:00:00,44521.87,46911.75,44406.71,46856.88,0
2022-03-28 00:00:00,46862.85,48212.72,46692.62,47123.94,0
2022-03-29 00:00:00,47123.92,48107.35,46658.04,47448.48,0
2022-03-30 00:00:00,47453.79,47706.15,46523.41,47054.42,0
2022-03-31 00:00:00,47052.45,47591.99,45146.87,45455.8,0
2022-04-01 00:00:00,45453.38,46725.62,44186.75,46268.64,0
2022-04-02 00:00:00,46264.85,47188.37,45610.93,45793.6,0
2022-04-03 00:00:00,45795.51,47401.67,45486.28,46404.32,0
2022-04-04 00:00:00,46398.22,46881.8,45082.84,46574.47,0
2022-04-05 00:00:00,46569.76,47174.54,45355.75,45485.72,0
2022-04-06 00:00:00,45488.27,45513.1,43097.66,43169.34,0
2022-04-07 00:00:00,43167.98,43874.45,42694.67,43424.97,0
2022-04-08 00:00:00,43431.96,43947.14,42097.28,42233.99,0
2022-04-09 00:00:00,42241.42,42780.64,42101.04,42732.36,0
2022-04-10 00:00:00,42735.9,43416.75,41860.4,42138.38,0
2022-04-11 00:00:00,42141.81,42412.55,39168.26,39501.18,0
2022-04-12 00:00:00,39502.61,40647.84,39232.83,40055.99,0
2022-04-13 00:00:00,40059.32,41515.13,39541.48,41124.1,0
2022-04-14 00:00:00,41125.05,41476.71,39529.05,39909.68,0
2022-04-15 00:00:00,39912.42,40794.46,39725.03,40538.46,0
2022-04-16 00:00:00,40535.13,40658.09,39949.66,40358.18,0
2022-04-17 00:00:00,40358.31,40575.13,39487.44,39670.52,0
2022-04-18 00:00:00,39667.01,41060.66,38502.33,40795.97,0
2022-04-19 00:00:00,40797.58,41729.39,40540.46,41484.25,0
2022-04-20 00:00:00,41483.98,42183.05,40861.05,41349.27,0
2022-04-21 00:00:00,41345.49,42961.7,39750.54,40479.8,0
2022-04-22 00:00:00,40483.11,40778.24,39097.01,39686.28,0
2022-04-23 00:00:00,39684.75,39960.04,39233.71,39433.55,0
2022-04-24 00:00:00,39431.61,39931.06,38931.61,39444.9,0
2022-04-25 00:00:00,39441.04,40576.62,38162.44,40439.76,0
2022-04-26 00:00:00,40434.93,40798.56,37664.05,38100.4,0
2022-04-27 00:00:00,38104.25,39451.84,37856.33,39219.06,0
2022-04-28 00:00:00,39224.86,40370.2,38866.9,39738.24,0
2022-04-29 00:00:00,39739.92,39913.7,38151.01,38595.87,0
2022-04-30 00:00:00,38593.47,38769.5,37555.82,37604.25,0
2022-05-01 00:00:00,37608.14,38663.35,37353.57,38472.22,0
2022-05-02 00:00:00,38466.65,39139.76,38011.35,38492.45,0
2022-05-03 00:00:00,38495.76,38651.81,37505.28,37711.32,0
2022-05-04 00:00:00,37707.73,40004.39,37626.95,39689.89,0
2022-05-05 00:00:00,39689.03,39832.35,35540.01,36537.0,0
2022-05-06 00:00:00,36533.83,36645.81,35235.19,35992.41,0
2022-05-07 00:00:00,35993.44,36093.41,34754.23,35447.82,0
2022-05-08 00:00:00,35448.98,35466.13,33700.08,34023.75,0
2022-05-09 00:00:00,34024.91,34214.79,30022.65,30078.52,0
2022-05-10 00:00:00,30076.41,32642.74,29754.23,31012.65,0
2022-05-11 00:00:00,31012.45,32146.66,27733.39,29028.13,0
2022-05-12 00:00:00,29033.49,30118.7,25846.6,28957.94,0
2022-05-13 00:00:00,28959.14,30987.13,28706.08,29247.5,0
2022-05-14 00:00:00,29248.99,30279.18,28575.41,30047.73,0
2022-05-15 00:00:00,30047.88,31386.56,29414.27,31294.19,0
2022-05-16 00:00:00,31289.56,31289.66,29049.95,29841.95,0
2022-05-17 00:00:00,29843.03,30739.22,29424.02,30415.03,0
2022-05-18 00:00:00,30414.68,30675.95,28605.83,28648.87,0
2022-05-19 00:00:00,28652.69,30511.56,28621.38,30287.03,0
2022-05-20 00:00:00,30287.33,30709.18,28650.35,29158.77,0
2022-05-21 00:00:00,29159.99,29626.25,28886.0,29428.02,0
2022-05-22 00:00:00,29425.9,30443.42,29182.26,30264.78,0
2022-05-23 00:00:00,30262.55,30636.12,28818.88,29066.2,0
2022-05-24 00:00:00,29066.51,29811.31,28616.8,29632.18,0
2022-05-25 00:00:00,29630.08,30194.02,29307.24,29509.59,0
2022-05-26 00:00:00,29510.83,29847.39,28002.16,29171.36,0
2022-05-27 00:00:00,29168.2,29374.22,28231.11,28596.41,0
2022-05-28 00:00:00,28593.21,29235.24,28466.41,29018.16,0
2022-05-29 00:00:00,29018.69,29558.76,28802.12,29462.25,0
2022-05-30 00:00:00,29461.58,32116.16,29285.98,31689.65,0
2022-05-31 00:00:00,31694.88,32347.7,31164.43,31761.79,0
2022-06-01 00:00:00,31763.01,31929.66,29319.32,29788.4,0
2022-06-02 00:00:00,29785.16,30639.53,29558.29,30422.62,0
2022-06-03 00:00:00,30420.94,30656.28,29241.53,29678.01,0
2022-06-04 00:00:00,29679.35,29948.0,29462.68,29831.57,0
2022-06-05 00:00:00,29834.01,30145.17,29498.45,29894.38,0
2022-06-06 00:00:00,29892.61,31735.1,29855.19,31337.62,0
2022-06-07 00:00:00,31338.04,31533.85,29192.69,31109.86,0
2022-06-08 00:00:00,31107.35,31292.59,29816.83,30182.6,0
2022-06-09 00:00:00,30180.27,30672.56,29913.02,30092.32,0
2022-06-10 00:00:00,30093.22,30318.7,28822.77,29061.67,0
2022-06-11 00:00:00,29061.41,29418.26,28073.99,28377.64,0
2022-06-12 00:00:00,28383.55,28509.0,26553.85,26566.91,0
2022-06-13 00:00:00,26552.73,26847.66,21907.31,22454.29,0
2022-06-14 00:00:00,22451.21,23276.68,20811.67,22118.7,0
2022-06-15 00:00:00,22119.19,22733.0,20059.98,22562.05,0
2022-06-16 00:00:00,22563.61,22940.92,20207.37,20373.62,0
2022-06-17 00:00:00,20373.74,21327.7,20196.9,20408.4,0
2022-06-18 00:00:00,20407.99,20718.47,17580.4,18955.52,0
2022-06-19 00:00:00,18955.36,20749.8,17910.29,20528.35,0
2022-06-20 00:00:00,20527.21,21012.61,19607.61,20554.11,0
2022-06-21 00:00:00,20552.51,21678.52,20324.08,20687.29,0
2022-06-22 00:00:00,20686.67,20845.58,19737.99,19958.65,0
2022-06-23 00:00:00,19962.42,21167.91,19867.54,21082.62,0
2022-06-24 00:00:00,21084.31,21498.74,20701.6,21215.19,0
2022-06-25 00:00:00,21214.91,21541.97,20887.04,21464.93,0
2022-06-26 00:00:00,21464.24,21837.95,20951.23,21018.97,0
2022-06-27 00:00:00,21017.66,21491.47,20505.97,20717.21,0
2022-06-28 00:00:00,20715.85,21176.94,20170.94,20247.22,0
2022-06-29 00:00:00,20247.49,20392.11,19819.37,20089.72,0
2022-06-30 00:00:00,20090.14,20133.34,18609.28,19946.42,0
2022-07-01 00:00:00,19943.53,20830.04,18924.9,19253.22,0
2022-07-02 00:00:00,19253.96,19407.76,18954.99,19214.85,0
2022-07-03 00:00:00,19212.27,19615.2,18738.07,19304.65,0
2022-07-04 00:00:00,19303.69,20311.08,19034.71,20216.04,0
2022-07-05 00:00:00,20215.95,20716.51,19273.24,20158.48,0
2022-07-06 00:00:00,20157.23,20648.09,19733.31,20539.81,0
2022-07-07 00:00:00,20540.06,21818.56,20242.07,21597.06,0
2022-07-08 00:00:00,21599.97,22402.1,21181.37,21594.79,0
2022-07-09 00:00:00,21594.35,21939.76,21314.79,21584.72,0
2022-07-10 00:00:00,21582.35,21592.51,20656.25,20853.12,0
2022-07-11 00:00:00,20855.44,20859.33,19861.18,19939.14,0
2022-07-12 00:00:00,19940.88,20029.66,19223.49,19310.27,0
2022-07-13 00:00:00,19307.67,20290.6,18907.3,20209.34,0
2022-07-14 00:00:00,20205.2,20868.43,19618.35,20571.1,0
2022-07-15 00:00:00,20570.63,21171.56,20365.36,20828.24,0
2022-07-16 00:00:00,20825.54,21574.42,20456.45,21193.77,0
2022-07-17 00:00:00,21193.74,21626.28,20735.18,20786.62,0
2022-07-18 00:00:00,20785.89,22725.25,20755.12,22408.57,0
2022-07-19 00:00:00,22409.62,23756.79,21573.38,23376.71,0
2022-07-20 00:00:00,23374.94,24257.74,22880.66,23203.33,0
2022-07-21 00:00:00,23204.89,23401.56,22330.0,23137.17,0
2022-07-22 00:00:00,23137.48,23749.4,22497.7,22674.69,0
2022-07-23 00:00:00,22674.88,22979.56,21944.75,22434.98,0
2022-07-24 00:00:00,22436.32,22990.91,22251.58,22563.17,0
2022-07-25 00:00:00,22561.99,22650.2,21236.18,21301.13,0
2022-07-26 00:00:00,21304.66,21322.22,20714.07,21251.58,0
2022-07-27 00:00:00,21255.53,23082.34,21028.8,22950.43,0
2022-07-28 00:00:00,22948.81,24203.87,22593.9,23847.56,0
2022-07-29 00:00:00,23847.63,24389.58,23428.86,23783.53,0
2022-07-30 00:00:00,23785.25,24629.55,23508.35,23633.64,0
2022-07-31 00:00:00,23635.96,24179.56,23231.96,23300.17,0
2022-08-01 00:00:00,23294.68,23493.29,22862.76,23267.13,0
2022-08-02 00:00:00,23265.96,23436.98,22664.42,22980.72,0
2022-08-03 00:00:00,22982.93,23607.89,22692.11,22817.53,0
2022-08-04 00:00:00,22817.02,23218.77,22398.24,22629.96,0
2022-08-05 00:00:00,22630.79,23468.17,22592.6,23311.09,0
2022-08-06 00:00:00,23308.9,23358.41,22903.83,22945.37,0
2022-08-07 00:00:00,22945.75,23403.12,22831.52,23182.31,0
2022-08-08 00:00:00,23182.58,24239.46,23150.71,23802.68,0
2022-08-09 00:00:00,23802.62,23910.6,22889.85,23151.47,0
2022-08-10 00:00:00,23152.36,24185.78,22636.34,23946.87,0
2022-08-11 00:00:00,23947.37,24878.59,23858.22,23934.13,0
2022-08-12 00:00:00,23933.51,24445.16,23594.76,24397.08,0
2022-08-13 00:00:00,24397.22,24858.06,24284.44,24428.47,0
2022-08-14 00:00:00,24436.83,24994.95,24157.48,24313.07,0
2022-08-15 00:00:00,24310.69,25166.76,23784.22,24098.81,0
2022-08-16 00:00:00,24094.54,24243.55,23669.86,23854.75,0
2022-08-17 00:00:00,23852.62,24427.46,23178.97,23332.39,0
2022-08-18 00:00:00,23333.34,23582.66,23102.09,23195.99,0
2022-08-19 00:00:00,23193.14,23202.39,20770.3,20830.16,0
2022-08-20 00:00:00,20829.68,21361.01,20739.63,21122.74,0
2022-08-21 00:00:00,21122.97,21756.19,21042.81,21506.87,0
2022-08-22 00:00:00,21509.01,21516.89,20893.61,21400.85,0
2022-08-23 00:00:00,21401.0,21676.55,20873.74,21521.01,0
2022-08-24 00:00:00,21522.79,21870.72,21144.01,21356.56,0
2022-08-25 00:00:00,21358.27,21806.48,21302.78,21546.96,0
2022-08-26 00:00:00,21547.92,21833.51,20100.79,20226.09,0
2022-08-27 00:00:00,20222.36,20343.79,19779.64,20018.91,0
2022-08-28 00:00:00,20018.4,20148.1,19514.06,19537.5,0
2022-08-29 00:00:00,19536.18,20405.13,19527.68,20288.82,0
2022-08-30 00:00:00,20285.24,20558.0,19563.17,19810.79,0
2022-08-31 00:00:00,19812.74,20467.86,19791.03,20052.93,0
2022-09-01 00:00:00,20054.71,20201.86,19574.66,20127.38,0
2022-09-02 00:00:00,20127.49,20430.53,19760.07,19953.84,0
2022-09-03 00:00:00,19952.97,20055.69,19657.73,19829.54,0
2022-09-04 00:00:00,19829.71,20018.4,19586.66,20006.7,0
2022-09-05 00:00:00,20004.11,20036.2,19637.79,19792.07,0
2022-09-06 00:00:00,19792.14,20172.03,18663.53,18786.11,0
2022-09-07 00:00:00,18786.83,19457.33,18543.45,19288.53,0
2022-09-08 00:00:00,19287.06,19455.66,19021.85,19324.96,0
2022-09-09 00:00:00,19325.78,21543.5,19294.73,21353.58,0
2022-09-10 00:00:00,21353.84,21799.93,21112.67,21653.41,0
2022-09-11 00:00:00,21651.62,21834.66,21353.8,21822.15,0
2022-09-12 00:00:00,21817.82,22474.55,21550.2,22399.77,0
2022-09-13 00:00:00,22399.83,22768.07,19869.96,20164.55,0
2022-09-14 00:00:00,20163.71,20504.53,19621.5,20223.33,0
2022-09-15 00:00:00,20223.36,20318.76,19496.71,19689.05,0
2022-09-16 00:00:00,19687.84,19887.9,19339.23,19802.26,0
2022-09-17 00:00:00,19799.36,20178.14,19757.87,20103.83,0
2022-09-18 00:00:00,20104.96,20107.4,19346.35,19415.76,0
2022-09-19 00:00:00,19417.35,19664.68,18248.99,19537.91,0
2022-09-20 00:00:00,19540.31,19619.81,18718.87,18871.35,0
2022-09-21 00:00:00,18871.6,19875.08,18167.43,18451.12,0
2022-09-22 00:00:00,18452.57,19500.84,18342.49,19406.88,0
2022-09-23 00:00:00,19405.76,19485.11,18525.86,19294.36,0
2022-09-24 00:00:00,19295.53,19317.08,18792.9,18919.06,0
2022-09-25 00:00:00,18919.87,19158.44,18626.15,18803.5,0
2022-09-26 00:00:00,18803.83,19321.5,18680.12,19232.67,0
2022-09-27 00:00:00,19230.05,20368.23,18825.71,19079.35,0
2022-09-28 00:00:00,19080.98,19760.33,18481.73,19417.39,0
2022-09-29 00:00:00,19419.24,19630.57,18851.08,19586.43,0
2022-09-30 00:00:00,19588.89,20164.98,19162.53,19429.5,0
2022-10-01 00:00:00,19430.87,19493.4,19158.09,19314.52,0
2022-10-02 00:00:00,19313.88,19402.86,18919.64,19052.65,0
2022-10-03 00:00:00,19053.68,19696.0,18958.48,19635.29,0
2022-10-04 00:00:00,19633.25,20436.5,19503.57,20339.45,0
2022-10-05 00:00:00,20337.15,20360.3,19752.88,20157.89,0
2022-10-06 00:00:00,20156.94,20442.29,19866.78,19948.37,0
2022-10-07 00:00:00,19950.04,20048.64,19330.21,19535.46,0
2022-10-08 00:00:00,19534.88,19629.7,19250.8,19419.68,0
2022-10-09 00:00:00,19420.81,19563.62,19321.8,19441.65,0
2022-10-10 00:00:00,19440.91,19530.3,19034.67,19128.86,0
2022-10-11 00:00:00,19131.16,19268.59,18851.57,19059.55,0
2022-10-12 00:00:00,19057.23,19235.16,18965.29,19154.05,0
2022-10-13 00:00:00,19151.43,19513.16,18151.6,19382.6,0
2022-10-14 00:00:00,19384.05,19938.62,19077.85,19186.33,0
2022-10-15 00:00:00,19183.89,19234.61,18977.06,19068.08,0
2022-10-16 00:00:00,19064.9,19431.8,19057.76,19267.78,0
2022-10-17 00:00:00,19265.67,19676.99,19157.21,19559.32,0
2022-10-18 00:00:00,19557.75,19701.07,19093.76,19336.56,0
2022-10-19 00:00:00,19334.76,19365.69,19076.33,19126.97,0
2022-10-20 00:00:00,19125.97,19347.97,18900.57,19044.45,0
2022-10-21 00:00:00,19041.46,19257.74,18673.5,19175.57,0
2022-10-22 00:00:00,19175.51,19266.76,19116.38,19214.1,0
2022-10-23 00:00:00,19214.19,19688.14,19062.42,19578.43,0
2022-10-24 00:00:00,19579.09,19607.86,19173.44,19330.68,0
2022-10-25 00:00:00,19330.38,20412.28,19233.79,20084.23,0
2022-10-26 00:00:00,20084.35,21001.97,20053.67,20761.34,0
2022-10-27 00:00:00,20760.11,20870.53,20202.48,20293.54,0
2022-10-28 00:00:00,20294.37,20743.36,19995.23,20591.49,0
2022-10-29 00:00:00,20593.13,21053.0,20552.89,20809.1,0
2022-10-30 00:00:00,20809.24,20927.82,20511.28,20624.49,0
2022-10-31 00:00:00,20626.65,20815.25,20235.47,20486.34,0
2022-11-01 00:00:00,20485.27,20667.27,20325.69,20477.38,0
2022-11-02 00:00:00,20477.81,20799.92,20052.01,20145.36,0
2022-11-03 00:00:00,20144.61,20381.54,20032.88,20204.55,0
2022-11-04 00:00:00,20204.69,21284.99,20180.56,21142.26,0
2022-11-05 00:00:00,21139.03,21467.73,21076.94,21293.06,0
2022-11-06 00:00:00,21293.89,21354.07,20881.82,20900.04,0
2022-11-07 00:00:00,20899.87,21059.3,20405.39,20586.28,0
2022-11-08 00:00:00,20587.51,20669.63,17257.3,18543.4,0
2022-11-09 00:00:00,18544.46,18582.28,15606.68,15906.54,0
2022-11-10 00:00:00,15909.18,18118.79,15742.34,17559.07,0
2022-11-11 00:00:00,17556.0,17640.93,16359.78,17015.6,0
2022-11-12 00:00:00,17017.28,17075.16,16605.89,16788.33,0
2022-11-13 00:00:00,16790.2,16934.67,16243.97,16311.84,0
2022-11-14 00:00:00,16316.9,17152.94,15797.18,16602.63,0
2022-11-15 00:00:00,16601.71,17104.88,16514.89,16877.43,0
2022-11-16 00:00:00,16878.15,16982.11,16362.82,16649.6,0
2022-11-17 00:00:00,16649.1,16727.4,16399.83,16679.63,0
2022-11-18 00:00:00,16679.39,16968.27,16535.13,16675.93,0
2022-11-19 00:00:00,16675.34,16800.25,16540.22,16689.14,0
2022-11-20 00:00:00,16690.37,16738.22,16174.85,16263.78,0
2022-11-21 00:00:00,16265.42,16277.07,15480.29,15758.93,0
2022-11-22 00:00:00,15760.49,16291.09,15608.06,16214.86,0
2022-11-23 00:00:00,16215.71,16666.7,16164.05,16616.57,0
2022-11-24 00:00:00,16615.09,16799.66,16469.72,16614.46,0
2022-11-25 00:00:00,16613.78,16623.15,16348.32,16524.98,0
2022-11-26 00:00:00,16523.94,16697.22,16386.84,16464.69,0
2022-11-27 00:00:00,16465.1,16605.37,16411.66,16440.51,0
2022-11-28 00:00:00,16440.61,16496.86,16004.31,16211.37,0
2022-11-29 00:00:00,16211.41,16539.13,16099.65,16446.87,0
2022-11-30 00:00:00,16447.84,17239.65,16435.52,17168.88,0
2022-12-01 00:00:00,17170.43,17255.83,16846.49,16975.94,0
2022-12-02 00:00:00,16975.49,17102.04,16802.21,17092.13,0
2022-12-03 00:00:00,17089.39,17143.52,16866.01,16892.71,0
2022-12-04 00:00:00,16892.84,17190.37,16885.9,17114.9,0
2022-12-05 00:00:00,17115.88,17421.05,16879.45,16968.72,0
2022-12-06 00:00:00,16970.55,17107.69,16899.59,17088.13,0
2022-12-07 00:00:00,17090.14,17141.86,16695.28,16853.27,0
2022-12-08 00:00:00,16852.89,17303.36,16751.14,17229.29,0
2022-12-09 00:00:00,17229.2,17342.37,17063.05,17127.7,0
2022-12-10 00:00:00,17127.18,17219.46,17085.27,17124.04,0
2022-12-11 00:00:00,17123.98,17261.2,17068.77,17092.27,0
2022-12-12 00:00:00,17084.84,17242.14,16879.83,17213.88,0
2022-12-13 00:00:00,17214.45,17961.92,17093.95,17767.94,0
2022-12-14 00:00:00,17767.85,18363.11,17670.37,17803.75,0
2022-12-15 00:00:00,17804.13,17851.4,17276.76,17356.78,0
2022-12-16 00:00:00,17359.38,17524.83,16532.06,16625.77,0
2022-12-17 00:00:00,16624.28,16793.39,16587.1,16772.91,0
2022-12-18 00:00:00,16771.69,16837.11,16659.79,16733.05,0
2022-12-19 00:00:00,16735.7,16812.99,16273.96,16438.93,0
2022-12-20 00:00:00,16439.47,17047.94,16394.01,16901.3,0
2022-12-21 00:00:00,16902.62,16928.27,16733.51,16831.4,0
2022-12-22 00:00:00,16827.65,16865.67,16564.36,16821.04,0
2022-12-23 00:00:00,16820.79,16932.39,16753.87,16782.65,0
2022-12-24 00:00:00,16784.18,16864.3,16779.78,16842.82,0
2022-12-25 00:00:00,16841.88,16857.76,16713.48,16833.64,0
2022-12-26 00:00:00,16834.68,16940.49,16799.76,16926.02,0
2022-12-27 00:00:00,16925.65,16971.41,16594.0,16702.79,0
2022-12-28 00:00:00,16701.64,16780.3,16461.04,16542.27,0
2022-12-29 00:00:00,16542.59,16657.67,16483.2,16632.56,0
2022-12-30 00:00:00,16633.49,16651.38,16328.68,16593.62,0
2022-12-31 00:00:00,16594.44,16631.52,16469.72,16529.71,0
2023-01-01 00:00:00,16529.87,16617.17,16488.95,16598.07,0
2023-01-02 00:00:00,16597.69,16765.21,16529.69,16661.37,0
2023-01-03 00:00:00,16661.13,16770.29,16590.06,16659.66,0
2023-01-04 00:00:00,16658.23,16985.08,16635.72,16835.37,0
2023-01-05 00:00:00,16836.8,16865.74,16747.57,16812.2,0
2023-01-06 00:00:00,16813.06,17026.22,16633.56,16940.52,0
2023-01-07 00:00:00,16940.36,16966.35,16891.16,16935.4,0
2023-01-08 00:00:00,16932.69,17150.19,16897.25,17114.05,0
2023-01-09 00:00:00,17114.76,17387.53,17089.93,17165.66,0
2023-01-10 00:00:00,17164.94,17485.63,17132.04,17438.09,0
2023-01-11 00:00:00,17437.66,17985.47,17301.61,17925.05,0
2023-01-12 00:00:00,17927.21,19083.83,17894.15,18833.81,0
2023-01-13 00:00:00,18834.68,19962.89,18696.15,19901.8,0
2023-01-14 00:00:00,19899.29,21260.52,19860.87,20950.68,0
2023-01-15 00:00:00,20947.35,21031.7,20542.02,20855.95,0
2023-01-16 00:00:00,20856.16,21440.37,20606.39,21172.21,0
2023-01-17 00:00:00,21173.53,21570.93,20849.26,21122.52,0
2023-01-18 00:00:00,21123.61,21627.63,20388.5,20650.17,0
2023-01-19 00:00:00,20650.35,21172.36,20631.21,21064.67,0
2023-01-20 00:00:00,21064.32,22715.35,20846.9,22651.7,0
2023-01-21 00:00:00,22651.27,23317.53,22427.6,22777.16,0
2023-01-22 00:00:00,22777.45,23061.86,22310.11,22706.77,0
2023-01-23 00:00:00,22706.2,23141.97,22497.89,22905.44,0
2023-01-24 00:00:00,22905.84,23135.84,22466.35,22627.43,0
2023-01-25 00:00:00,22628.42,23793.42,22313.48,23033.48,0
2023-01-26 00:00:00,23037.03,23260.71,22841.54,22984.16,0
2023-01-27 00:00:00,22980.83,23472.61,22524.39,23049.18,0
2023-01-28 00:00:00,23049.6,23178.13,22857.03,22999.93,0
2023-01-29 00:00:00,23000.05,23932.74,22951.99,23714.68,0
2023-01-30 00:00:00,23712.37,23773.04,22502.24,22804.52,0
2023-01-31 00:00:00,22802.81,23269.84,22699.09,23113.91,0
2023-02-01 00:00:00,23115.57,23788.89,22761.19,23711.54,0
2023-02-02 00:00:00,23708.32,24223.5,23351.15,23470.66,0
2023-02-03 00:00:00,23472.03,23693.86,23207.58,23416.61,0
2023-02-04 00:00:00,23417.89,23570.26,23236.38,23317.04,0
2023-02-05 00:00:00,23313.56,23406.2,22761.81,22937.66,0
2023-02-06 00:00:00,22935.33,23141.14,22640.18,22766.88,0
2023-02-07 00:00:00,22766.95,23324.57,22750.46,23231.24,0
2023-02-08 00:00:00,23231.29,23423.13,22690.88,22961.5,0
2023-02-09 00:00:00,22961.3,22997.8,21698.14,21803.71,0
2023-02-10 00:00:00,21804.44,21942.01,21465.78,21616.69,0
2023-02-11 00:00:00,21616.76,21894.31,21593.79,21856.02,0
2023-02-12 00:00:00,21854.57,22077.38,21632.22,21773.05,0
2023-02-13 00:00:00,21772.56,21885.17,21357.77,21769.01,0
2023-02-14 00:00:00,21767.52,22318.15,21543.37,22190.4,0
2023-02-15 00:00:00,22184.96,24349.08,22032.92,24305.37,0
2023-02-16 00:00:00,24305.03,25212.76,23501.42,23509.02,0
2023-02-17 00:00:00,23510.22,24986.69,23346.77,24547.7,0
2023-02-18 00:00:00,24551.1,24835.13,24419.13,24605.56,0
2023-02-19 00:00:00,24606.11,25149.81,24176.45,24256.58,0
2023-02-20 00:00:00,24252.25,25077.76,23848.12,24809.92,0
2023-02-21 00:00:00,24807.76,25218.5,24140.67,24439.57,0
2023-02-22 00:00:00,24440.83,24467.0,23566.38,24157.73,0
2023-02-23 00:00:00,24158.38,24590.08,23590.14,23931.76,0
2023-02-24 00:00:00,23931.86,24118.03,22826.51,23177.97,0
2023-02-25 00:00:00,23176.32,23207.45,22751.21,23144.48,0
2023-02-26 00:00:00,23147.62,23672.93,23047.42,23545.06,0
2023-02-27 00:00:00,23549.09,23887.88,23100.62,23490.19,0
2023-02-28 00:00:00,23490.83,23592.38,23026.08,23128.58,0
2023-03-01 00:00:00,23131.1,23970.43,23011.32,23623.11,0
2023-03-02 00:00:00,23624.74,23789.18,23183.2,23467.56,0
2023-03-03 00:00:00,23467.73,23479.08,21975.94,22342.61,0
2023-03-04 00:00:00,22344.46,22391.44,22160.58,22329.64,0
2023-03-05 00:00:00,22329.65,22625.94,22189.04,22420.44,0
2023-03-06 00:00:00,22420.4,22583.61,22239.79,22390.39,0
2023-03-07 00:00:00,22389.28,22541.94,21929.5,22195.35,0
2023-03-08 00:00:00,22195.77,22272.1,21585.4,21696.01,0
2023-03-09 00:00:00,21697.09,21818.21,20046.55,20352.93,0
2023-03-10 00:00:00,20353.26,20355.21,19552.34,20208.05,0
2023-03-11 00:00:00,20210.2,20861.98,19874.33,20584.05,0
2023-03-12 00:00:00,20584.48,22174.9,20412.95,22103.69,0
2023-03-13 00:00:00,22103.32,24582.15,21869.35,24185.38,0
2023-03-14 00:00:00,24184.64,26484.03,24041.55,24712.07,0
2023-03-15 00:00:00,24708.59,25231.11,23903.87,24338.39,0
2023-03-16 00:00:00,24337.26,25197.12,24177.32,25046.04,0
2023-03-17 00:00:00,25043.36,27758.17,24922.94,27415.1,0
2023-03-18 00:00:00,27414.91,27705.14,26619.91,26944.59,0
2023-03-19 00:00:00,26946.65,28402.97,26864.25,28002.39,0
2023-03-20 00:00:00,28005.96,28503.98,27177.67,27761.2,0
2023-03-21 00:00:00,27760.42,28467.68,27364.46,28148.47,0
2023-03-22 00:00:00,28141.7,28856.75,26623.69,27277.59,0
2023-03-23 00:00:00,27277.85,28778.32,27134.33,28312.82,0
2023-03-24 00:00:00,28314.29,28385.09,27000.49,27459.86,0
2023-03-25 00:00:00,27461.88,27783.07,27168.34,27471.01,0
2023-03-26 00:00:00,27471.48,28203.73,27423.0,27974.28,0
2023-03-27 00:00:00,27975.81,28027.98,26504.11,27114.6,0
2023-03-28 00:00:00,27112.82,27487.58,26627.06,27256.25,0
2023-03-29 00:00:00,27255.5,28642.99,27231.47,28331.38,0
2023-03-30 00:00:00,28332.43,29168.23,27665.93,28011.11,0
2023-03-31 00:00:00,28009.79,28647.48,27509.02,28453.24,0
2023-04-01 00:00:00,28455.2,28808.71,28198.08,28453.21,0
2023-04-02 00:00:00,28454.09,28533.24,27859.74,28170.22,0
2023-04-03 00:00:00,28172.44,28488.62,27188.24,27810.43,0
2023-04-04 00:00:00,27809.86,28432.67,27667.67,28164.56,0
2023-04-05 00:00:00,28164.67,28768.97,27810.95,28162.42,0
2023-04-06 00:00:00,28162.21,28183.89,27692.11,28027.03,0
2023-04-07 00:00:00,28025.72,28099.97,27762.03,27898.72,0
2023-04-08 00:00:00,27898.03,28147.64,27857.64,27925.17,0
2023-04-09 00:00:00,27926.95,28524.18,27793.97,28323.15,0
2023-04-10 00:00:00,28321.69,29740.85,28147.81,29610.44,0
2023-04-11 00:00:00,29611.28,30531.03,29569.18,30202.13,0
2023-04-12 00:00:00,30198.38,30470.89,29639.19,29894.57,0
2023-04-13 00:00:00,29894.53,30586.95,29863.03,30386.42,0
2023-04-14 00:00:00,30388.0,30995.58,29986.52,30483.75,0
2023-04-15 00:00:00,30483.68,30602.06,30213.99,30311.18,0
2023-04-16 00:00:00,30305.91,30550.87,30124.66,30300.59,0
2023-04-17 00:00:00,30297.09,30320.62,29231.05,29451.97,0
2023-04-18 00:00:00,29452.42,30484.31,29111.92,30387.29,0
2023-04-19 00:00:00,30388.26,30416.36,28583.21,28793.45,0
2023-04-20 00:00:00,28789.18,29077.81,27982.87,28228.01,0
2023-04-21 00:00:00,28225.55,28349.06,27122.38,27234.47,0
2023-04-22 00:00:00,27234.79,27865.36,27108.88,27797.66,0
2023-04-23 00:00:00,27800.24,27801.41,27310.83,27584.55,0
2023-04-24 00:00:00,27579.48,27978.21,26959.71,27498.43,0
2023-04-25 00:00:00,27499.21,28387.84,27176.76,28303.58,0
2023-04-26 00:00:00,28299.53,30035.48,27211.41,28416.97,0
2023-04-27 00:00:00,28419.74,29874.91,28382.01,29497.24,0
2023-04-28 00:00:00,29498.3,29613.7,28908.72,29346.24,0
2023-04-29 00:00:00,29346.34,29476.75,29044.19,29250.37,0
2023-04-30 00:00:00,29252.26,29949.31,29103.83,29255.02,0
2023-05-01 00:00:00,29256.02,29364.49,27642.93,28073.81,0
2023-05-02 00:00:00,28075.02,28891.9,27858.63,28669.42,0
2023-05-03 00:00:00,28671.32,29280.26,28113.74,29035.18,0
2023-05-04 00:00:00,29032.73,29377.9,28676.55,28840.21,0
2023-05-05 00:00:00,28842.13,29688.97,28819.7,29530.0,0
2023-05-06 00:00:00,29531.27,29850.81,28377.18,28908.73,0
2023-05-07 00:00:00,28908.55,29189.51,28411.64,28462.5,0
2023-05-08 00:00:00,28462.62,28669.49,27267.42,27681.43,0
2023-05-09 00:00:00,27681.28,27829.39,27359.39,27634.83,0
2023-05-10 00:00:00,27633.32,28320.14,26809.48,27607.33,0
2023-05-11 00:00:00,27608.64,27634.46,26716.69,26989.72,0
2023-05-12 00:00:00,26989.5,27095.7,25806.6,26801.14,0
2023-05-13 00:00:00,26802.26,27042.91,26693.58,26781.74,0
2023-05-14 00:00:00,26783.36,27197.18,26573.39,26922.97,0
2023-05-15 00:00:00,26923.45,27680.11,26716.22,27168.73,0
2023-05-16 00:00:00,27168.08,27296.51,26853.23,27042.51,0
2023-05-17 00:00:00,27042.22,27490.76,26546.51,27414.48,0
2023-05-18 00:00:00,27415.56,27492.34,26357.28,26820.5,0
2023-05-19 00:00:00,26821.82,27184.07,26634.34,26889.73,0
2023-05-20 00:00:00,26888.1,27152.06,26836.46,27119.69,0
2023-05-21 00:00:00,27118.07,27274.84,26656.22,26751.94,0
2023-05-22 00:00:00,26752.14,27088.87,26529.7,26845.45,0
2023-05-23 00:00:00,26843.2,27490.37,26794.04,27222.88,0
2023-05-24 00:00:00,27223.86,27225.1,26055.34,26309.72,0
2023-05-25 00:00:00,26307.96,26612.24,25863.96,26476.18,0
2023-05-26 00:00:00,26476.19,26931.55,26323.11,26706.98,0
2023-05-27 00:00:00,26707.21,26897.69,26544.51,26874.26,0
2023-05-28 00:00:00,26875.45,28257.21,26769.85,28077.22,0
2023-05-29 00:00:00,28076.31,28475.79,27528.6,27752.11,0
2023-05-30 00:00:00,27753.35,28073.26,27566.49,27711.66,0
2023-05-31 00:00:00,27710.13,27857.71,26838.63,27220.49,0
2023-06-01 00:00:00,27221.6,27353.52,26614.13,26825.68,0
2023-06-02 00:00:00,26826.14,27298.16,26479.62,27244.72,0
2023-06-03 00:00:00,27242.93,27328.62,26919.23,27072.3,0
2023-06-04 00:00:00,27073.73,27463.37,26945.78,27113.7,0
2023-06-05 00:00:00,27110.59,27134.62,25375.87,25732.16,0
2023-06-06 00:00:00,25734.02,27367.18,25336.06,27247.12,0
2023-06-07 00:00:00,27248.2,27392.35,26129.41,26341.67,0
2023-06-08 00:00:00,26342.71,26820.08,26197.75,26511.33,0
2023-06-09 00:00:00,26509.8,26784.04,26279.32,26484.78,0
2023-06-10 00:00:00,26483.94,26533.78,25386.06,25863.92,0
2023-06-11 00:00:00,25862.41,26221.99,25647.59,25932.64,0
2023-06-12 00:00:00,25933.75,26113.77,25618.31,25901.23,0
2023-06-13 00:00:00,25902.05,26425.33,25698.6,25928.88,0
2023-06-14 00:00:00,25926.98,26080.96,24805.37,25117.79,0
2023-06-15 00:00:00,25115.99,25746.25,24756.01,25586.65,0
2023-06-16 00:00:00,25585.53,26484.16,25180.23,26346.19,0
2023-06-17 00:00:00,26346.24,26772.42,26179.25,26516.42,0
2023-06-18 00:00:00,26516.74,26693.64,26244.63,26343.91,0
2023-06-19 00:00:00,26344.89,27051.2,26254.16,26846.07,0
2023-06-20 00:00:00,26847.24,28418.11,26646.23,28325.58,0
2023-06-21 00:00:00,28325.7,30739.6,28271.77,29987.77,0
2023-06-22 00:00:00,29988.4,30496.74,29565.51,29880.65,0
2023-06-23 00:00:00,29882.02,31401.59,29800.55,30707.95,0
2023-06-24 00:00:00,30709.49,30814.95,30260.91,30544.55,0
2023-06-25 00:00:00,30545.47,31048.14,30290.26,30472.31,0
2023-06-26 00:00:00,30473.22,30655.12,29923.05,30268.55,0
2023-06-27 00:00:00,30267.1,31017.07,30222.92,30705.15,0
2023-06-28 00:00:00,30703.38,30719.18,29845.53,30068.89,0
2023-06-29 00:00:00,30068.56,30834.35,30037.1,30447.49,0
2023-06-30 00:00:00,30448.6,31269.15,29447.67,30468.62,0
2023-07-01 00:00:00,30469.44,30660.5,30309.21,30592.83,0
2023-07-02 00:00:00,30591.29,30797.63,30147.74,30621.29,0
2023-07-03 00:00:00,30623.25,31378.97,30571.31,31147.59,0
2023-07-04 00:00:00,31147.37,31316.17,30613.35,30763.83,0
2023-07-05 00:00:00,30764.72,30880.98,30199.34,30500.15,0
2023-07-06 00:00:00,30500.82,31487.64,29850.72,29889.76,0
2023-07-07 00:00:00,29887.9,30456.86,29697.03,30351.36,0
2023-07-08 00:00:00,30351.37,30388.44,30032.07,30292.07,0
2023-07-09 00:00:00,30292.61,30428.6,30057.86,30162.05,0
2023-07-10 00:00:00,30159.16,31052.24,29938.47,30413.02,0
2023-07-11 00:00:00,30412.55,30806.57,30295.79,30630.68,0
2023-07-12 00:00:00,30629.27,30969.19,30197.64,30372.51,0
2023-07-13 00:00:00,30371.04,31798.89,30240.5,31457.02,0
2023-07-14 00:00:00,31458.5,31618.15,29901.14,30307.74,0
2023-07-15 00:00:00,30308.17,30389.02,30226.2,30274.14,0
2023-07-16 00:00:00,30275.01,30440.42,30040.99,30227.59,0
2023-07-17 00:00:00,30228.37,30327.3,29657.89,30130.61,0
2023-07-18 00:00:00,30131.61,30247.53,29499.18,29837.42,0
2023-07-19 00:00:00,29837.71,30180.85,29736.03,29896.52,0
2023-07-20 00:00:00,29896.45,30406.86,29544.95,29787.96,0
2023-07-21 00:00:00,29787.77,30051.91,29707.93,29891.66,0
2023-07-22 00:00:00,29892.02,29988.87,29600.59,29776.19,0
2023-07-23 00:00:00,29777.1,30341.99,29711.25,30073.04,0
2023-07-24 00:00:00,30073.15,30088.12,28839.09,29180.91,0
2023-07-25 00:00:00,29179.91,29367.34,29046.83,29219.28,0
2023-07-26 00:00:00,29220.26,29669.7,29093.26,29352.79,0
2023-07-27 00:00:00,29352.7,29547.0,29071.16,29215.56,0
2023-07-28 00:00:00,29215.86,29518.89,29112.92,29311.04,0
2023-07-29 00:00:00,29311.27,29400.15,29250.79,29348.25,0
2023-07-30 00:00:00,29345.6,29442.48,29027.75,29276.81,0
2023-07-31 00:00:00,29277.28,29501.94,29086.07,29213.93,0
2023-08-01 00:00:00,29214.48,29706.82,28559.35,29681.21,0
2023-08-02 00:00:00,29682.27,30029.31,28923.69,29168.14,0
2023-08-03 00:00:00,29166.95,29388.0,28928.9,29167.45,0
2023-08-04 00:00:00,29167.84,29300.51,28786.33,29085.78,0
2023-08-05 00:00:00,29085.96,29118.84,28949.71,29043.59,0
2023-08-06 00:00:00,29043.84,29171.97,28962.96,29055.84,0
2023-08-07 00:00:00,29052.71,29246.89,28671.28,29188.77,0
2023-08-08 00:00:00,29185.79,30198.89,29124.81,29746.85,0
2023-08-09 00:00:00,29746.85,30116.58,29324.54,29550.64,0
2023-08-10 00:00:00,29549.57,29696.34,29297.68,29402.45,0
2023-08-11 00:00:00,29401.46,29509.43,29206.52,29381.49,0
2023-08-12 00:00:00,29381.67,29461.07,29328.11,29393.24,0
2023-08-13 00:00:00,29393.34,29428.25,29234.39,29269.2,0
2023-08-14 00:00:00,29270.04,29649.21,29057.52,29394.8,0
2023-08-15 00:00:00,29394.45,29444.1,29037.58,29177.81,0
2023-08-16 00:00:00,29177.9,29217.39,28678.48,28686.44,0
2023-08-17 00:00:00,28686.09,28740.95,25706.95,26630.75,0
2023-08-18 00:00:00,26630.79,26849.1,25622.59,26050.42,0
2023-08-19 00:00:00,26049.17,26276.55,25784.02,26089.48,0
2023-08-20 00:00:00,26088.3,26297.56,25951.76,26191.17,0
2023-08-21 00:00:00,26192.7,26238.22,25809.55,26111.98,0
2023-08-22 00:00:00,26112.8,26132.48,25352.01,26053.66,0
2023-08-23 00:00:00,26054.99,26826.08,25795.41,26434.75,0
2023-08-24 00:00:00,26434.47,26577.13,25857.69,26168.96,0
2023-08-25 00:00:00,26168.65,26293.16,25753.58,26030.1,0
2023-08-26 00:00:00,26028.92,26093.44,25953.97,25988.97,0
2023-08-27 00:00:00,25989.44,26156.95,25937.14,26068.86,0
2023-08-28 00:00:00,26069.01,26211.12,25838.89,26089.55,0
2023-08-29 00:00:00,26088.03,28143.33,25887.56,27715.24,0
2023-08-30 00:00:00,27714.09,27765.0,27035.53,27316.1,0
2023-08-31 00:00:00,27316.07,27538.33,25671.17,25936.87,0
2023-09-01 00:00:00,25936.41,26135.31,25293.37,25790.83,0
2023-09-02 00:00:00,25788.5,25987.19,25735.15,25859.12,0
2023-09-03 00:00:00,25860.38,26121.49,25783.12,25964.16,0
2023-09-04 00:00:00,25964.99,26096.79,25615.11,25750.54,0
2023-09-05 00:00:00,25750.48,25872.74,25538.26,25776.34,0
2023-09-06 00:00:00,25777.54,26006.75,25361.66,25739.57,0
2023-09-07 00:00:00,25740.08,26438.12,25585.55,26272.26,0
2023-09-08 00:00:00,26270.69,26455.58,25637.0,25900.19,0
2023-09-09 00:00:00,25899.87,25931.97,25783.62,25894.41,0
2023-09-10 00:00:00,25894.83,26020.56,25564.99,25834.28,0
2023-09-11 00:00:00,25834.83,25898.33,24881.65,25143.04,0
2023-09-12 00:00:00,25142.8,26534.53,25115.9,25829.75,0
2023-09-13 00:00:00,25828.59,26410.14,25755.81,26222.89,0
2023-09-14 00:00:00,26222.45,26839.88,26125.86,26514.36,0
2023-09-15 00:00:00,26515.33,26875.76,26220.5,26606.65,0
2023-09-16 00:00:00,26607.12,26775.07,26452.14,26557.64,0
2023-09-17 00:00:00,26558.36,26615.23,26406.13,26519.28,0
2023-09-18 00:00:00,26518.57,27431.35,26406.09,26766.27,0
2023-09-19 00:00:00,26761.11,27490.33,26675.43,27222.15,0
2023-09-20 00:00:00,27222.09,27404.89,26822.57,27120.19,0
2023-09-21 00:00:00,27121.9,27160.47,26369.17,26574.89,0
2023-09-22 00:00:00,26575.53,26736.59,26481.02,26576.29,0
2023-09-23 00:00:00,26576.55,26636.79,26510.29,26575.69,0
2023-09-24 00:00:00,26575.76,26727.75,26136.86,26259.14,0
2023-09-25 00:00:00,26253.88,26442.22,25995.43,26298.96,0
2023-09-26 00:00:00,26299.45,26401.68,26078.46,26221.54,0
2023-09-27 00:00:00,26221.52,26836.11,26096.82,26374.25,0
2023-09-28 00:00:00,26373.3,27294.67,26326.35,27026.02,0
2023-09-29 00:00:00,27025.78,27238.43,26686.47,26897.94,0
2023-09-30 00:00:00,26899.22,27092.97,26877.54,26951.25,0
2023-10-01 00:00:00,26951.24,28044.91,26945.68,27987.01,0
2023-10-02 00:00:00,27983.93,28577.7,27301.73,27493.49,0
2023-10-03 00:00:00,27495.04,27666.62,27156.14,27416.33,0
2023-10-04 00:00:00,27416.94,27822.7,27199.64,27782.17,0
2023-10-05 00:00:00,27780.74,28108.95,27347.3,27399.28,0
2023-10-06 00:00:00,27399.4,28248.13,27177.16,27915.12,0
2023-10-07 00:00:00,27916.27,28000.87,27815.46,27941.82,0
2023-10-08 00:00:00,27941.6,28083.11,27681.31,27904.41,0
2023-10-09 00:00:00,27905.53,27974.82,27281.87,27577.47,0
2023-10-10 00:00:00,27577.94,27700.57,27281.6,27384.09,0
2023-10-11 00:00:00,27385.13,27468.97,26512.02,26851.46,0
2023-10-12 00:00:00,26851.34,26925.04,26552.69,26752.19,0
2023-10-13 00:00:00,26750.96,27103.62,26648.59,26842.95,0
2023-10-14 00:00:00,26842.91,26967.24,26787.18,26837.11,0
2023-10-15 00:00:00,26837.07,27276.76,26792.56,27132.73,0
2023-10-16 00:00:00,27132.65,29967.82,27089.48,28490.49,0
2023-10-17 00:00:00,28490.55,28593.14,28066.11,28375.34,0
2023-10-18 00:00:00,28374.54,28952.86,28127.17,28304.27,0
2023-10-19 00:00:00,28304.15,28904.96,28110.96,28716.16,0
2023-10-20 00:00:00,28716.37,30213.51,28575.12,29662.24,0
2023-10-21 00:00:00,29662.55,30327.52,29433.19,29886.77,0
2023-10-22 00:00:00,29887.92,30190.83,29642.81,29988.98,0
2023-10-23 00:00:00,29987.41,33737.62,29882.26,33043.34,0
2023-10-24 00:00:00,33045.88,35123.95,32823.29,33914.17,0
2023-10-25 00:00:00,33912.94,35114.46,33683.29,34467.19,0
2023-10-26 00:00:00,34467.35,34809.42,33728.6,34146.03,0
2023-10-27 00:00:00,34146.09,34235.51,33391.45,33892.14,0
2023-10-28 00:00:00,33892.51,34480.49,33863.26,34068.81,0
2023-10-29 00:00:00,34068.83,34742.05,33924.27,34513.84,0
2023-10-30 00:00:00,34513.38,34834.95,34071.79,34461.41,0
2023-10-31 00:00:00,34461.48,34697.35,34065.01,34623.64,0
2023-11-01 00:00:00,34623.5,35579.78,34076.46,35408.69,0
2023-11-02 00:00:00,35408.92,35922.68,34292.22,34913.44,0
2023-11-03 00:00:00,34913.98,34919.39,34112.32,34719.63,0
2023-11-04 00:00:00,34719.7,35266.82,34589.58,35067.18,0
2023-11-05 00:00:00,35067.22,35375.51,34455.26,35017.47,0
2023-11-06 00:00:00,35017.42,35286.19,34748.55,35028.34,0
2023-11-07 00:00:00,35026.59,35882.94,34510.72,35391.52,0
2023-11-08 00:00:00,35392.95,36067.98,35052.71,35594.33,0
2023-11-09 00:00:00,35591.09,37922.54,35513.4,36664.33,0
2023-11-10 00:00:00,36665.89,37492.15,36300.48,37263.77,0
2023-11-11 00:00:00,37263.3,37365.95,36578.52,37092.19,0
2023-11-12 00:00:00,37088.24,37177.95,36703.81,37000.55,0
2023-11-13 00:00:00,36999.67,37376.83,36329.07,36446.31,0
2023-11-14 00:00:00,36447.79,36720.83,34898.84,35524.13,0
2023-11-15 00:00:00,35525.3,37914.85,35333.08,37807.11,0
2023-11-16 00:00:00,37807.46,37890.81,35478.27,36139.97,0
2023-11-17 00:00:00,36139.38,36780.4,35861.33,36603.58,0
2023-11-18 00:00:00,36605.79,36854.75,36177.43,36560.29,0
2023-11-19 00:00:00,36561.16,37510.53,36365.45,37379.4,0
2023-11-20 00:00:00,37379.59,37760.83,36696.34,37434.82,0
2023-11-21 00:00:00,37441.79,37660.52,35692.19,35711.13,0
2023-11-22 00:00:00,35722.02,37856.72,35616.24,37394.62,0
2023-11-23 00:00:00,37400.76,37644.1,36841.45,37251.8,0
2023-11-24 00:00:00,37255.25,38441.4,37201.17,37705.62,0
2023-11-25 00:00:00,37710.41,37905.94,37548.96,37779.73,0
2023-11-26 00:00:00,37782.53,37823.71,37115.86,37451.26,0
2023-11-27 00:00:00,37454.29,37562.68,36679.71,37235.16,0
2023-11-28 00:00:00,37232.26,38386.61,36851.25,37817.3,0
2023-11-29 00:00:00,37813.7,38422.81,37553.12,37847.33,0
2023-11-30 00:00:00,37848.22,38148.09,37474.61,37696.94,0
2023-12-01 00:00:00,37702.56,38950.35,37591.51,38674.41,0
2023-12-02 00:00:00,38677.3,39687.81,38632.6,39430.05,0
2023-12-03 00:00:00,39429.88,40154.63,39250.01,39944.05,0
2023-12-04 00:00:00,39944.5,42356.3,39933.44,41920.3,0
2023-12-05 00:00:00,41911.51,44495.01,41161.29,44061.54,0
2023-12-06 00:00:00,44066.79,44291.84,43355.77,43740.1,0
2023-12-07 00:00:00,43740.59,44060.99,42792.51,43232.1,0
2023-12-08 00:00:00,43229.86,44722.75,43018.54,44159.46,0
2023-12-09 00:00:00,44160.45,44352.18,43542.2,43690.86,0
2023-12-10 00:00:00,43693.69,44025.72,43522.08,43742.47,0
2023-12-11 00:00:00,43747.68,43776.55,40159.47,41228.17,0
2023-12-12 00:00:00,41226.19,42076.84,40634.51,41479.5,0
2023-12-13 00:00:00,41477.36,43436.92,40573.13,42845.55,0
2023-12-14 00:00:00,42849.06,43394.65,41423.43,43000.99,0
2023-12-15 00:00:00,43003.6,43067.4,41643.93,41905.59,0
2023-12-16 00:00:00,41908.02,42670.23,41604.21,42213.07,0
2023-12-17 00:00:00,42205.79,42339.74,41197.45,41351.74,0
2023-12-18 00:00:00,41351.33,42717.48,40481.37,42624.74,0
2023-12-19 00:00:00,42620.55,43464.12,41774.7,42242.09,0
2023-12-20 00:00:00,42246.32,44315.57,42157.07,43663.46,0
2023-12-21 00:00:00,43651.93,44241.89,43271.32,43864.69,0
2023-12-22 00:00:00,43861.68,44427.8,43390.91,43988.32,0
2023-12-23 00:00:00,43992.02,44029.68,43286.71,43724.26,0
2023-12-24 00:00:00,43720.48,43951.28,42649.44,42991.39,0
2023-12-25 00:00:00,42989.9,43819.88,42705.74,43578.95,0
2023-12-26 00:00:00,43581.95,43598.93,41607.37,42491.16,0
2023-12-27 00:00:00,42493.85,43687.95,42075.38,43444.49,0
2023-12-28 00:00:00,43447.57,43809.12,42242.4,42555.89,0
2023-12-29 00:00:00,42556.62,43118.21,41267.02,42047.06,0
2023-12-30 00:00:00,42049.25,42627.34,41477.79,42087.98,0
2023-12-31 00:00:00,42088.61,42895.94,41921.87,42243.48,0
2024-01-01 00:00:00,42244.09,44252.84,42141.93,44243.47,0
2024-01-02 00:00:00,44238.0,45912.4,44197.18,44936.41,0
2024-01-03 00:00:00,44951.71,45517.65,41142.58,42834.86,0
2024-01-04 00:00:00,42835.67,44778.81,42592.05,44186.37,0
2024-01-05 00:00:00,44185.18,44351.44,42529.58,44171.06,0
2024-01-06 00:00:00,44170.38,44246.69,43414.93,43951.07,0
2024-01-07 00:00:00,43943.12,44492.55,43603.55,43921.07,0
2024-01-08 00:00:00,43924.49,47281.97,43202.67,46973.91,0
2024-01-09 00:00:00,46977.63,47864.1,44821.6,46085.01,0
2024-01-10 00:00:00,46079.04,47673.05,44278.03,46639.32,0
2024-01-11 00:00:00,46654.81,48983.91,45515.8,46298.5,0
2024-01-12 00:00:00,46296.44,46479.46,41447.6,42763.83,0
2024-01-13 00:00:00,42772.08,43260.46,42404.08,42832.7,0
2024-01-14 00:00:00,42821.26,43077.5,41647.6,41656.98,0
2024-01-15 00:00:00,41655.68,43339.01,41650.65,42482.81,0
2024-01-16 00:00:00,42472.1,43570.17,42024.15,43126.94,0
2024-01-17 00:00:00,43134.68,43206.09,42145.49,42737.53,0
2024-01-18 00:00:00,42732.23,42903.51,40581.81,41290.35,0
2024-01-19 00:00:00,41290.35,42182.23,40253.77,41617.43,0
2024-01-20 00:00:00,41621.21,41860.8,41404.86,41665.53,0
2024-01-21 00:00:00,41672.42,41881.08,41475.16,41568.29,0
2024-01-22 00:00:00,41571.93,41670.96,39335.77,39497.14,0
2024-01-23 00:00:00,39498.55,40164.61,38489.99,39842.74,0
2024-01-24 00:00:00,39858.94,40537.41,39384.78,40091.48,0
2024-01-25 00:00:00,40081.97,40295.04,39484.69,39912.76,0
2024-01-26 00:00:00,39959.94,42230.29,39800.85,41786.06,0
2024-01-27 00:00:00,41814.31,42202.19,41368.67,42122.77,0
2024-01-28 00:00:00,42114.99,42836.91,41585.63,42030.34,0
2024-01-29 00:00:00,42030.61,43313.47,41774.32,43295.77,0
2024-01-30 00:00:00,43297.48,43847.61,42653.86,42949.16,0
2024-01-31 00:00:00,42946.93,43735.64,42260.73,42560.23,0
2024-02-01 00:00:00,42552.06,43283.45,41830.32,43091.71,0
2024-02-02 00:00:00,43095.46,43438.4,42537.25,43168.51,0
2024-02-03 00:00:00,43170.39,43330.33,42834.27,42977.34,0
2024-02-04 00:00:00,42976.47,43089.09,42245.67,42595.5,0
2024-02-05 00:00:00,42559.9,43529.26,42212.74,42678.9,0
2024-02-06 00:00:00,42668.84,43355.42,42522.82,43058.32,0
2024-02-07 00:00:00,43068.62,44374.4,42714.48,44297.09,0
2024-02-08 00:00:00,44317.23,45596.12,44301.93,45278.89,0
2024-02-09 00:00:00,45272.51,48206.77,45207.65,47094.22,0
2024-02-10 00:00:00,47101.84,48160.48,46830.5,47733.58,0
2024-02-11 00:00:00,47725.34,48561.32,47524.21,48273.37,0
2024-02-12 00:00:00,48298.63,50256.03,47646.54,49901.26,0
2024-02-13 00:00:00,49888.68,50316.93,48268.87,49726.26,0
2024-02-14 00:00:00,49704.87,52010.24,49232.77,51733.7,0
2024-02-15 00:00:00,51760.38,52771.79,51245.41,51902.2,0
2024-02-16 00:00:00,51879.23,52551.84,51537.03,52112.97,0
2024-02-17 00:00:00,52105.78,52170.19,50570.03,51613.87,0
2024-02-18 00:00:00,51571.32,52353.36,51105.88,52041.66,0
2024-02-19 00:00:00,52065.14,52474.46,51603.8,51704.75,0
2024-02-20 00:00:00,51708.52,52925.83,50675.25,52190.47,0
2024-02-21 00:00:00,52194.46,52321.5,50495.01,51775.6,0
2024-02-22 00:00:00,51821.76,52022.5,50865.93,51277.17,0
2024-02-23 00:00:00,51207.07,51509.63,50450.63,50690.89,0
2024-02-24 00:00:00,50702.09,51654.64,50502.44,51542.29,0
2024-02-25 00:00:00,51529.22,51927.61,51187.14,51670.05,0
2024-02-26 00:00:00,51664.27,54851.06,50848.85,54467.24,0
2024-02-27 00:00:00,54448.23,57617.26,54404.76,57053.73,0
2024-02-28 00:00:00,57055.65,63943.86,56658.1,62462.4,0
2024-02-29 00:00:00,62446.55,63645.78,60290.19,61159.12,0
2024-03-01 00:00:00,61147.36,63181.69,60690.87,62355.61,0
2024-03-02 00:00:00,62372.59,62437.56,61550.36,61984.41,0
2024-03-03 00:00:00,61975.98,63257.98,61296.1,63157.06,0
2024-03-04 00:00:00,63136.54,68482.17,62331.47,68270.82,0
2024-03-05 00:00:00,68250.79,69156.55,59187.01,63731.53,0
2024-03-06 00:00:00,63738.64,67648.0,62741.99,66032.92,0
2024-03-07 00:00:00,66062.78,68066.72,65542.9,66862.06,0
2024-03-08 00:00:00,66851.84,69991.55,66135.02,68212.6,0
2024-03-09 00:00:00,68189.64,68635.57,67927.18,68400.0,0
2024-03-10 00:00:00,68390.01,69950.61,68109.12,68962.05,0
2024-03-11 00:00:00,68960.68,72750.75,67033.37,72062.28,0
2024-03-12 00:00:00,72046.88,72873.86,68434.43,71378.57,0
2024-03-13 00:00:00,71346.91,73657.22,71162.07,73004.54,0
2024-03-14 00:00:00,73030.99,73706.93,68436.14,71313.64,0
2024-03-15 00:00:00,71300.98,72395.27,65465.36,69382.62,0
2024-03-16 00:00:00,69490.33,70102.88,64721.77,65251.93,0
2024-03-17 00:00:00,65193.9,68884.25,64464.39,68362.74,0
2024-03-18 00:00:00,68356.86,68904.26,66515.62,67552.59,0
2024-03-19 00:00:00,67576.46,68118.46,61477.86,61930.35,0
2024-03-20 00:00:00,61908.96,68156.75,60724.29,67925.95,0
2024-03-21 00:00:00,67838.34,68230.85,64526.92,65458.96,0
2024-03-22 00:00:00,65476.34,66664.69,62223.46,63773.02,0
2024-03-23 00:00:00,63790.2,66032.34,62968.86,64097.51,0
2024-03-24 00:00:00,64007.13,67618.7,63775.2,67213.48,0
2024-03-25 00:00:00,67217.83,71133.81,66368.85,69888.2,0
2024-03-26 00:00:00,69888.32,71488.21,69277.86,69978.77,0
2024-03-27 00:00:00,69970.67,71656.93,68299.03,69422.83,0
2024-03-28 00:00:00,69404.3,71541.01,68836.41,70697.09,0
2024-03-29 00:00:00,70752.58,70916.31,68993.14,69870.15,0
2024-03-30 00:00:00,69860.11,70341.24,69530.4,69639.55,0
2024-03-31 00:00:00,69595.54,71356.03,69573.55,71288.85,0
2024-04-01 00:00:00,71243.5,71261.3,67983.42,69683.7,0
2024-04-02 00:00:00,69654.25,69698.62,64550.78,65368.55,0
2024-04-03 00:00:00,65406.48,66888.68,64519.22,65934.97,0
2024-04-04 00:00:00,65947.75,69350.38,65041.33,68494.98,0
2024-04-05 00:00:00,68501.24,68750.73,65888.29,67796.3,0
2024-04-06 00:00:00,67822.0,69654.0,67431.49,68889.02,0
2024-04-07 00:00:00,68875.92,70244.75,68793.38,69319.6,0
2024-04-08 00:00:00,69323.16,72688.69,69002.47,71567.18,0
2024-04-09 00:00:00,71573.84,71722.54,68117.84,69071.4,0
2024-04-10 00:00:00,69068.09,71154.57,67403.75,70535.86,0
2024-04-11 00:00:00,70596.81,71275.73,69502.47,69995.05,0
2024-04-12 00:00:00,69993.4,71202.41,65090.16,67088.81,0
2024-04-13 00:00:00,67044.6,67935.59,61450.2,63860.04,0
2024-04-14 00:00:00,64020.52,65874.72,62099.46,65745.67,0
2024-04-15 00:00:00,65735.23,66864.66,62254.18,63438.24,0
2024-04-16 00:00:00,63475.01,64401.34,61529.24,63846.43,0
2024-04-17 00:00:00,63800.43,64516.91,59619.97,61256.44,0
2024-04-18 00:00:00,61244.16,64162.52,60725.61,63515.28,0
2024-04-19 00:00:00,63489.45,65499.96,59537.38,63828.64,0
2024-04-20 00:00:00,63866.16,65438.32,63078.61,64954.94,0
2024-04-21 00:00:00,64962.43,65690.35,64199.91,64916.54,0
2024-04-22 00:00:00,64916.28,67252.41,64489.05,66827.97,0
2024-04-23 00:00:00,66824.37,67188.6,65777.95,66389.33,0
2024-04-24 00:00:00,66391.03,67067.07,63524.68,64237.79,0
2024-04-25 00:00:00,64247.95,65283.9,62726.45,64480.32,0
2024-04-26 00:00:00,64478.86,64802.43,63252.2,63730.84,0
2024-04-27 00:00:00,63735.5,63917.39,62338.67,63433.2,0
2024-04-28 00:00:00,63424.68,64359.16,62745.29,63103.66,0
2024-04-29 00:00:00,63109.01,64246.19,61766.12,63869.04,0
2024-04-30 00:00:00,63860.69,64715.82,59066.44,60604.29,0
2024-05-01 00:00:00,60611.58,60802.63,56550.38,58297.12,0
2024-05-02 00:00:00,58301.07,59616.45,56908.86,59054.9,0
2024-05-03 00:00:00,59062.82,63365.36,58807.49,62895.9,0
2024-05-04 00:00:00,62896.29,64516.95,62548.13,63905.08,0
2024-05-05 00:00:00,63893.52,64607.7,62915.65,64024.46,0
2024-05-06 00:00:00,64021.05,65496.77,62695.56,63160.65,0
2024-05-07 00:00:00,63160.1,64405.88,62246.09,62335.88,0
2024-05-08 00:00:00,62339.0,63028.82,60867.31,61173.81,0
2024-05-09 00:00:00,61178.77,63441.99,60607.52,63089.41,0
2024-05-10 00:00:00,63090.53,63490.42,60160.32,60771.96,0
2024-05-11 00:00:00,60768.83,61486.74,60447.25,60821.48,0
2024-05-12 00:00:00,60824.02,61875.6,60571.25,61463.38,0
2024-05-13 00:00:00,61465.17,63477.52,60750.24,62950.15,0
2024-05-14 00:00:00,62942.63,63100.09,61054.53,61531.3,0
2024-05-15 00:00:00,61534.57,66447.84,61288.17,66201.93,0
2024-05-16 00:00:00,66209.54,66712.91,64590.85,65231.64,0
2024-05-17 00:00:00,65232.85,67494.26,65085.62,67032.52,0
2024-05-18 00:00:00,67029.38,67425.75,66532.55,66895.69,0
2024-05-19 00:00:00,66885.17,67671.51,65809.0,66227.31,0
2024-05-20 00:00:00,66231.8,71474.02,66007.15,71435.24,0
2024-05-21 00:00:00,71438.9,71900.34,69097.12,70129.83,0
2024-05-22 00:00:00,70133.95,70637.13,68770.02,69120.41,0
2024-05-23 00:00:00,69125.67,70008.17,66209.75,67954.42,0
2024-05-24 00:00:00,67959.57,69300.48,66564.98,68508.49,0
2024-05-25 00:00:00,68511.87,69633.28,68471.66,69311.9,0
2024-05-26 00:00:00,69312.71,69535.78,67970.66,68444.94,0
2024-05-27 00:00:00,68444.61,70602.03,68174.48,69379.9,0
2024-05-28 00:00:00,69379.34,69542.16,67189.73,68290.88,0
2024-05-29 00:00:00,68294.25,68891.08,67044.45,67566.21,0
2024-05-30 00:00:00,67573.35,69547.1,67052.83,68291.96,0
2024-05-31 00:00:00,68298.37,69018.62,66574.58,67478.68,0
2024-06-01 00:00:00,67480.39,67834.02,67333.38,67693.8,0
2024-06-02 00:00:00,67701.39,68434.49,67228.21,67729.6,0
2024-06-03 00:00:00,67733.46,70260.84,67532.94,68789.71,0
2024-06-04 00:00:00,68783.65,71086.3,68522.39,70524.08,0
2024-06-05 00:00:00,70520.69,71708.62,70323.91,71073.84,0
2024-06-06 00:00:00,71080.35,71626.78,70070.76,70757.21,0
2024-06-07 00:00:00,70750.49,71919.91,68343.39,69308.25,0
2024-06-08 00:00:00,69303.45,69577.82,69126.74,69308.84,0
2024-06-09 00:00:00,69311.64,69849.13,69089.06,69597.6,0
2024-06-10 00:00:00,69604.19,70185.11,69109.23,69489.47,0
2024-06-11 00:00:00,69490.11,69541.43,66051.91,67253.56,0
2024-06-12 00:00:00,67259.07,70034.33,66830.77,68244.71,0
2024-06-13 00:00:00,68247.16,68398.04,66192.78,66741.28,0
2024-06-14 00:00:00,66739.78,67314.08,65003.16,65963.93,0
2024-06-15 00:00:00,65960.37,66413.3,65808.67,66175.0,0
2024-06-16 00:00:00,66167.12,66927.49,65988.11,66619.26,0
2024-06-17 00:00:00,66618.2,67252.68,65034.71,66476.44,0
2024-06-18 00:00:00,66469.98,66564.2,64020.43,65157.12,0
2024-06-19 00:00:00,65158.14,65725.32,64628.8,64943.37,0
2024-06-20 00:00:00,64939.62,66474.36,64512.83,64841.84,0
2024-06-21 00:00:00,64837.94,65043.42,63357.35,64119.78,0
2024-06-22 00:00:00,64120.36,64477.83,63926.98,64214.91,0
2024-06-23 00:00:00,64220.87,64483.12,63137.87,63187.95,0
2024-06-24 00:00:00,63193.23,63369.47,58454.62,60225.68,0
2024-06-25 00:00:00,60226.65,62425.94,60186.24,61802.43,0
2024-06-26 00:00:00,61806.63,62450.45,60671.09,60832.58,0
2024-06-27 00:00:00,60836.36,62392.54,60563.02,61653.8,0
2024-06-28 00:00:00,61650.24,62190.86,59960.72,60370.61,0
2024-06-29 00:00:00,60370.76,61186.26,60337.53,60928.08,0
2024-06-30 00:00:00,60929.27,63009.9,60641.63,62720.8,0
2024-07-01 00:00:00,62717.49,63844.67,62465.82,62857.52,0
2024-07-02 00:00:00,62852.81,63245.61,61726.0,62075.49,0
2024-07-03 00:00:00,62073.22,62248.4,59309.61,60162.4,0
2024-07-04 00:00:00,60163.23,60456.28,56702.87,56996.9,0
2024-07-05 00:00:00,56996.46,57505.9,53535.22,56639.39,0
2024-07-06 00:00:00,56633.39,58513.67,56034.12,58270.53,0
2024-07-07 00:00:00,58268.54,58477.29,55735.52,55890.92,0
2024-07-08 00:00:00,55885.58,58242.06,54288.31,56734.76,0
2024-07-09 00:00:00,56740.74,58317.05,56305.1,58073.94,0
2024-07-10 00:00:00,58074.22,59492.73,57179.86,57749.86,0
2024-07-11 00:00:00,57747.52,59461.56,57083.92,57381.09,0
2024-07-12 00:00:00,57378.2,58591.34,56540.47,57922.49,0
2024-07-13 00:00:00,57921.8,59901.45,57776.96,59242.34,0
2024-07-14 00:00:00,59234.4,61465.19,59224.36,60838.36,0
2024-07-15 00:00:00,60839.52,64945.99,60683.2,64767.74,0
2024-07-16 00:00:00,64764.88,65378.51,62420.1,65075.37,0
2024-07-17 00:00:00,65081.31,66094.71,63869.88,64126.62,0
2024-07-18 00:00:00,64128.12,65113.3,63226.17,64023.01,0
2024-07-19 00:00:00,64027.72,67487.71,63306.17,66662.5,0
2024-07-20 00:00:00,66667.5,67650.92,66249.76,67108.03,0
2024-07-21 00:00:00,67113.38,68398.09,65823.08,68193.77,0
2024-07-22 00:00:00,68191.97,68509.95,66526.99,67548.21,0
2024-07-23 00:00:00,67550.47,67781.74,65420.65,65944.78,0
2024-07-24 00:00:00,65946.49,67101.09,65111.62,65371.89,0
2024-07-25 00:00:00,65370.22,66126.88,63410.12,65788.32,0
2024-07-26 00:00:00,65784.78,68235.05,65686.55,67927.61,0
2024-07-27 00:00:00,67924.65,69411.45,66573.95,67885.39,0
2024-07-28 00:00:00,67890.96,68320.43,66976.17,68214.36,0
2024-07-29 00:00:00,68205.62,70044.51,66459.81,66752.55,0
2024-07-30 00:00:00,66755.02,66989.13,65331.87,66190.13,0
2024-07-31 00:00:00,66190.59,66838.75,64487.28,64616.02,0
2024-08-01 00:00:00,64614.88,65600.28,62202.67,65300.37,0
2024-08-02 00:00:00,65295.61,65577.39,61325.98,61443.37,0
2024-08-03 00:00:00,61445.69,62225.47,59784.37,60673.17,0
2024-08-04 00:00:00,60673.16,61095.87,56976.48,58081.98,0
2024-08-05 00:00:00,58091.28,58231.9,48940.98,54042.04,0
2024-08-06 00:00:00,54044.87,57137.16,53978.42,56093.47,0
2024-08-07 00:00:00,56094.33,57780.09,54567.61,55134.19,0
2024-08-08 00:00:00,55134.66,62800.28,54736.7,61707.13,0
2024-08-09 00:00:00,61707.13,61772.37,59532.82,60850.64,0
2024-08-10 00:00:00,60850.64,61492.5,60242.07,60928.52,0
2024-08-11 00:00:00,60928.54,61997.69,58305.95,58747.54,0
2024-08-12 00:00:00,58747.54,60708.41,57652.46,59370.06,0
2024-08-13 00:00:00,59370.06,61615.99,58434.81,60601.79,0
2024-08-14 00:00:00,60601.79,61913.93,58434.09,58713.75,0
2024-08-15 00:00:00,58713.51,59881.99,55980.98,57543.49,0
2024-08-16 00:00:00,57543.79,59887.51,57069.58,58910.5,0
2024-08-17 00:00:00,58910.5,59767.49,58814.76,59528.71,0
2024-08-18 00:00:00,59528.72,60327.99,58437.69,58460.59,0
2024-08-19 00:00:00,58460.59,59656.04,57830.52,59471.69,0
2024-08-20 00:00:00,59471.47,61446.81,58569.07,59047.4,0
2024-08-21 00:00:00,59047.2,61841.63,58811.88,61139.17,0
2024-08-22 00:00:00,61139.17,61399.48,59708.1,60373.28,0
2024-08-23 00:00:00,60373.28,65099.05,60322.32,64091.67,0
2024-08-24 00:00:00,64091.67,64553.71,63584.7,64196.34,0
2024-08-25 00:00:00,64196.33,65230.94,63794.72,64258.44,0
2024-08-26 00:00:00,64258.44,64515.04,62799.91,62827.96,0
2024-08-27 00:00:00,62827.96,63225.41,57990.06,59441.05,0
2024-08-28 00:00:00,59441.05,60260.47,57881.76,59077.36,0
2024-08-29 00:00:00,59077.36,61203.5,58739.18,59401.9,0
2024-08-30 00:00:00,59401.49,59979.6,57693.04,59186.78,0
2024-08-31 00:00:00,59186.78,59526.63,58770.85,59019.93,0
2024-09-01 00:00:00,59015.84,59136.83,57187.73,57335.55,0
2024-09-02 00:00:00,57335.75,59478.66,57151.28,59185.75,0
2024-09-03 00:00:00,59185.75,59869.1,57390.52,57503.58,0
2024-09-04 00:00:00,57503.58,58571.01,55624.69,58007.27,0
2024-09-05 00:00:00,58007.26,58386.69,55654.92,56201.33,0
2024-09-06 00:00:00,56201.33,57044.12,52549.39,53993.89,0
2024-09-07 00:00:00,53994.16,54917.75,53788.33,54184.56,0
2024-09-08 00:00:00,54184.67,55364.16,53651.49,54911.15,0
2024-09-09 00:00:00,54911.15,58195.4,54605.98,57067.5,0
2024-09-10 00:00:00,57067.5,58088.86,56417.51,57675.46,0
2024-09-11 00:00:00,57675.57,58051.63,55584.22,57376.74,0
2024-09-12 00:00:00,57376.74,58604.68,57352.63,58171.69,0
2024-09-13 00:00:00,58171.69,60675.47,57648.44,60531.27,0
2024-09-14 00:00:00,60531.1,60651.28,59421.75,60023.46,0
2024-09-15 00:00:00,60023.5,60415.97,58717.18,59166.66,0
2024-09-16 00:00:00,59166.65,59243.81,57495.5,58238.52,0
2024-09-17 00:00:00,58238.52,61383.7,57641.33,60336.04,0
2024-09-18 00:00:00,60335.74,61801.5,59177.27,61765.37,0
2024-09-19 00:00:00,61765.52,63911.07,61576.74,62963.58,0
2024-09-20 00:00:00,62963.58,64150.03,62318.01,63176.07,0
2024-09-21 00:00:00,63176.07,63557.97,62693.29,63341.42,0
2024-09-22 00:00:00,63341.42,64021.86,62369.71,63580.14,0
2024-09-23 00:00:00,63580.14,64761.63,62557.81,63333.9,0
2024-09-24 00:00:00,63333.9,64690.11,62697.63,64260.35,0
2024-09-25 00:00:00,64260.67,64825.5,62918.11,63115.39,0
2024-09-26 00:00:00,63115.18,65864.01,62641.7,65185.12,0
2024-09-27 00:00:00,65184.98,66511.63,64841.13,65788.1,0
2024-09-28 00:00:00,65788.11,66285.41,65428.5,65870.68,0
2024-09-29 00:00:00,65870.3,66105.86,65440.58,65607.07,0
2024-09-30 00:00:00,65607.07,65620.43,62831.6,63314.34,0
2024-10-01 00:00:00,63314.34,64110.61,60133.16,60783.7,0
2024-10-02 00:00:00,60783.7,62383.02,59943.19,60610.94,0
2024-10-03 00:00:00,60610.94,61468.98,59830.97,60719.67,0
2024-10-04 00:00:00,60719.67,62506.61,60420.92,62095.17,0
2024-10-05 00:00:00,62095.17,62370.97,61669.12,62026.12,0
2024-10-06 00:00:00,62026.12,62999.73,61772.64,62824.84,0
2024-10-07 00:00:00,62824.94,64476.17,62111.31,62200.22,0
2024-10-08 00:00:00,62200.23,63194.62,61812.74,62128.8,0
2024-10-09 00:00:00,62128.95,62546.18,60225.05,60585.43,0
2024-10-10 00:00:00,60585.43,61258.94,58857.02,60296.88,0
2024-10-11 00:00:00,60296.88,63469.36,60042.67,62543.0,0
2024-10-12 00:00:00,62543.7,63536.72,62492.16,63225.04,0
2024-10-13 00:00:00,63225.01,63313.78,62059.5,62895.86,0
2024-10-14 00:00:00,62895.86,66512.79,62471.12,66057.46,0
2024-10-15 00:00:00,66057.46,67947.76,64756.93,67061.31,0
2024-10-16 00:00:00,67061.31,68433.79,66741.74,67607.99,0
2024-10-17 00:00:00,67607.99,67942.95,66617.79,67398.06,0
2024-10-18 00:00:00,67398.06,69002.16,67157.75,68403.09,0
2024-10-19 00:00:00,68403.09,68670.75,67983.99,68347.49,0
2024-10-20 00:00:00,68350.98,69387.65,68047.1,68965.77,0
2024-10-21 00:00:00,68965.77,69497.65,66777.73,67340.15,0
2024-10-22 00:00:00,67340.15,67790.39,66505.28,67356.76,0
2024-10-23 00:00:00,67356.76,67390.91,65146.99,66586.72,0
2024-10-24 00:00:00,66586.72,68828.61,66425.21,68130.38,0
2024-10-25 00:00:00,68130.04,68739.88,65483.14,66579.57,0
2024-10-26 00:00:00,66579.57,67387.77,66325.8,67002.03,0
2024-10-27 00:00:00,67002.05,68287.18,66816.27,67967.64,0
2024-10-28 00:00:00,67967.64,70307.54,67549.07,69910.88,0
2024-10-29 00:00:00,69910.88,73626.95,69705.02,72674.89,0
2024-10-30 00:00:00,72674.08,72929.24,71362.57,72304.86,0
2024-10-31 00:00:00,72304.86,72630.35,69543.24,70199.91,0
2024-11-01 00:00:00,70199.91,71581.45,68735.69,69460.16,0
2024-11-02 00:00:00,69460.32,69885.39,68952.62,69296.65,0
2024-11-03 00:00:00,69296.64,69325.56,67450.2,68704.99,0
2024-11-04 00:00:00,68704.81,69450.38,66806.81,67801.12,0
2024-11-05 00:00:00,67801.12,70569.99,67419.34,69389.34,0
2024-11-06 00:00:00,69389.34,76470.02,69300.55,75589.85,0
2024-11-07 00:00:00,75589.85,76935.25,74402.63,75892.63,0
2024-11-08 00:00:00,75893.73,77248.97,75585.64,76484.18,0
2024-11-09 00:00:00,76484.41,76900.61,75686.63,76665.37,0
2024-11-10 00:00:00,76665.37,81607.05,76483.14,80360.51,0
2024-11-11 00:00:00,80360.51,89724.77,80214.82,88698.0,0
2024-11-12 00:00:00,88698.58,90011.59,85062.82,87987.95,0
2024-11-13 00:00:00,87987.94,93489.92,86193.08,90456.31,0
2024-11-14 00:00:00,90456.23,91827.48,86648.79,87314.05,0
2024-11-15 00:00:00,87314.05,91920.67,87056.2,91014.72,0
2024-11-16 00:00:00,91014.47,91803.49,90021.17,90545.3,0
2024-11-17 00:00:00,90572.85,91433.02,88648.51,89833.48,0
2024-11-18 00:00:00,89833.48,92670.74,89327.7,90465.19,0
2024-11-19 00:00:00,90464.89,93996.89,90358.14,92348.72,0
2024-11-20 00:00:00,92349.3,94919.79,91490.84,94344.6,0
2024-11-21 00:00:00,94343.59,99093.52,94052.99,98402.98,0
2024-11-22 00:00:00,98402.95,99728.71,97120.46,98924.26,0
2024-11-23 00:00:00,98924.25,98947.18,97169.33,97713.35,0
2024-11-24 00:00:00,97713.38,98605.73,95750.78,97978.32,0
2024-11-25 00:00:00,97978.32,98958.72,92586.31,93009.04,0
2024-11-26 00:00:00,93009.34,95081.9,90685.18,91912.29,0
2024-11-27 00:00:00,91912.29,97391.74,91752.59,96009.1,0
2024-11-28 00:00:00,96009.09,96733.19,94710.57,95723.79,0
2024-11-29 00:00:00,95723.78,98797.08,95429.17,97549.1,0
2024-11-30 00:00:00,97549.1,97559.04,96173.27,96489.24,0
2024-12-01 00:00:00,96489.24,97973.44,95730.32,97317.63,0
2024-12-02 00:00:00,97317.63,98297.53,94423.04,95895.9,0
2024-12-03 00:00:00,95895.91,96383.55,93573.91,95998.34,0
2024-12-04 00:00:00,95998.34,99187.8,94685.95,98688.95,0
2024-12-05 00:00:00,98688.94,104320.47,90796.3,96986.04,0
2024-12-06 00:00:00,96986.04,102019.81,96406.55,99827.79,0
2024-12-07 00:00:00,99827.78,100563.85,98927.9,99899.27,0
2024-12-08 00:00:00,99899.16,101478.35,98666.39,101219.15,0
2024-12-09 00:00:00,101219.14,101317.89,93994.62,97355.59,0
2024-12-10 00:00:00,97355.66,98344.12,94206.25,96650.99,0
2024-12-11 00:00:00,96650.97,101953.26,95682.41,101163.64,0
2024-12-12 00:00:00,101168.2,102537.41,99225.29,99989.07,0
2024-12-13 00:00:00,99989.37,101919.05,99185.3,101385.87,0
2024-12-14 00:00:00,101387.54,102622.74,100545.07,101396.02,0
2024-12-15 00:00:00,101396.0,105295.33,101213.18,104396.58,0
2024-12-16 00:00:00,104397.16,107778.4,103161.92,106004.95,0
2024-12-17 00:00:00,106004.95,108321.39,105220.3,106051.24,0
2024-12-18 00:00:00,106051.24,106463.73,99871.71,100067.38,0
2024-12-19 00:00:00,100076.17,102739.86,95487.27,97283.6,0
2024-12-20 00:00:00,97283.6,98052.33,92112.42,97738.04,0
2024-12-21 00:00:00,97738.04,98985.33,96364.7,97237.85,0
2024-12-22 00:00:00,97239.04,97409.98,94147.85,95097.12,0
2024-12-23 00:00:00,95097.13,96483.57,92370.26,94798.48,0
2024-12-24 00:00:00,94798.48,99544.91,93410.54,98623.68,0
2024-12-25 00:00:00,98624.57,99526.76,97530.94,99366.73,0
2024-12-26 00:00:00,99366.74,99931.99,95045.52,95673.48,0
2024-12-27 00:00:00,95673.71,97430.3,93310.89,94172.19,0
2024-12-28 00:00:00,94172.19,95601.06,94009.32,95186.57,0
2024-12-29 00:00:00,95186.6,95230.11,92875.09,93627.63,0
2024-12-30 00:00:00,93627.63,94950.02,91282.62,92670.26,0
2024-12-31 00:00:00,92670.27,96199.24,91910.5,93440.46,0
2025-01-01 00:00:00,93440.45,95077.71,92724.57,94449.46,0
2025-01-02 00:00:00,94449.62,97757.52,94212.27,96885.86,0
2025-01-03 00:00:00,96883.96,98948.14,96046.95,98105.15,0
2025-01-04 00:00:00,98105.15,98764.52,97476.28,98190.73,0
2025-01-05 00:00:00,98190.72,98834.02,97214.13,98354.14,0
2025-01-06 00:00:00,98354.62,102496.47,97889.71,102247.32,0
2025-01-07 00:00:00,102247.32,102777.55,96088.59,96957.25,0
2025-01-08 00:00:00,96955.18,97262.68,92437.67,95047.5,0
2025-01-09 00:00:00,95032.91,95366.09,91120.14,92516.82,0
2025-01-10 00:00:00,92516.82,95856.38,92171.72,94688.44,0
2025-01-11 00:00:00,94688.44,94994.3,93760.42,94565.37,0
2025-01-12 00:00:00,94565.35,95436.36,93619.32,94490.25,0
2025-01-13 00:00:00,94490.25,95909.95,88988.99,94517.09,0
2025-01-14 00:00:00,94515.39,97439.42,94329.11,96574.36,0
2025-01-15 00:00:00,96574.36,100743.87,96496.21,100506.91,0
2025-01-16 00:00:00,100506.91,100903.06,97267.07,99975.51,0
2025-01-17 00:00:00,99975.38,105888.63,99934.88,104094.96,0
2025-01-18 00:00:00,104094.96,104981.37,102178.21,104466.33,0
2025-01-19 00:00:00,104466.31,106381.03,99474.47,101186.18,0
2025-01-20 00:00:00,101188.73,109872.92,99396.96,102131.82,0
2025-01-21 00:00:00,102131.8,107298.93,99967.85,106169.81,0
2025-01-22 00:00:00,106169.81,106455.99,103264.79,103651.23,0
2025-01-23 00:00:00,103651.23,106926.44,101164.91,103921.43,0
2025-01-24 00:00:00,103921.42,107185.08,102691.89,104781.92,0
2025-01-25 00:00:00,104781.93,105283.41,104011.43,104698.94,0
2025-01-26 00:00:00,104698.94,105472.27,102437.69,102548.61,0
2025-01-27 00:00:00,102548.61,103213.3,97654.45,102128.42,0
2025-01-28 00:00:00,102128.42,103859.79,100213.25,101302.12,0
2025-01-29 00:00:00,101302.12,104797.08,101292.5,103743.95,0
2025-01-30 00:00:00,103742.61,106491.15,103259.41,104721.14,0
2025-01-31 00:00:00,104721.3,106091.19,101499.17,102416.21,0
2025-02-01 00:00:00,102416.07,102801.17,100194.81,100592.14,0
2025-02-02 00:00:00,100591.88,101444.4,95986.22,97591.39,0
2025-02-03 00:00:00,97591.4,102563.48,91076.71,101384.08,0
2025-02-04 00:00:00,101383.69,101742.28,96151.06,97745.97,0
2025-02-05 00:00:00,97745.96,99144.83,96154.39,96613.7,0
2025-02-06 00:00:00,96616.72,99126.52,95705.95,96613.0,0
2025-02-07 00:00:00,96612.58,100133.95,95603.95,96561.6,0
2025-02-08 00:00:00,96560.17,96950.36,95659.64,96528.79,0
2025-02-09 00:00:00,96529.75,97353.39,94701.54,96507.5,0
2025-02-10 00:00:00,96508.84,98371.93,95263.55,97414.33,0
2025-02-11 00:00:00,97415.49,98513.93,94839.22,95826.88,0
2025-02-12 00:00:00,95826.67,98146.39,94075.43,97822.06,0
2025-02-13 00:00:00,97823.71,98093.06,95213.65,96646.9,0
2025-02-14 00:00:00,96646.65,98790.57,96248.95,97458.73,0
2025-02-15 00:00:00,97458.92,97921.45,97199.1,97526.92,0
2025-02-16 00:00:00,97526.87,97657.11,96045.37,96114.47,0
2025-02-17 00:00:00,96118.31,97091.09,95159.78,95829.02,0
2025-02-18 00:00:00,95828.55,96799.11,93316.25,95683.48,0
2025-02-19 00:00:00,95683.91,96939.38,95033.06,96655.33,0
2025-02-20 00:00:00,96655.76,98745.97,96429.31,98296.06,0
2025-02-21 00:00:00,98294.21,99481.06,94765.83,96195.89,0
2025-02-22 00:00:00,96195.96,97060.58,95796.27,96618.3,0
2025-02-23 00:00:00,96617.7,96733.15,95226.7,96331.2,0
2025-02-24 00:00:00,96331.34,96587.7,91353.45,91575.92,0
2025-02-25 00:00:00,91576.76,92595.15,85935.93,88645.05,0
2025-02-26 00:00:00,88644.94,89377.28,82224.37,84200.86,0
2025-02-27 00:00:00,84201.06,87083.78,82621.07,84690.42,0
2025-02-28 00:00:00,84690.42,85160.53,78212.1,84347.28,0
2025-03-01 00:00:00,84347.29,86590.4,83812.84,86082.48,0
2025-03-02 00:00:00,86081.54,95153.38,85080.59,94269.96,0
2025-03-03 00:00:00,94271.14,94427.59,85029.04,86199.19,0
2025-03-04 00:00:00,86199.19,88951.81,81472.13,87223.0,0
2025-03-05 00:00:00,87222.98,91063.31,86334.56,90645.24,0
2025-03-06 00:00:00,90645.49,92902.77,87835.72,89965.47,0
2025-03-07 00:00:00,89965.46,91325.67,84611.29,86803.45,0
2025-03-08 00:00:00,86804.3,86921.16,85198.78,86236.45,0
2025-03-09 00:00:00,86236.43,86528.33,79982.56,80733.21,0
2025-03-10 00:00:00,80733.48,84073.74,77444.04,78630.85,0
2025-03-11 00:00:00,78630.85,83661.42,76587.33,82931.74,0
2025-03-12 00:00:00,82932.2,84541.88,80631.47,83701.72,0
2025-03-13 00:00:00,83702.37,84362.59,79932.43,81180.65,0
2025-03-14 00:00:00,81180.63,85346.15,80864.86,83991.41,0
2025-03-15 00:00:00,83991.4,84698.07,83616.09,84343.77,0
2025-03-16 00:00:00,84342.93,85168.72,81993.49,82591.26,0
2025-03-17 00:00:00,82591.11,84767.06,82408.7,84013.31,0
2025-03-18 00:00:00,84013.55,84040.25,81143.36,82732.79,0
2025-03-19 00:00:00,82732.79,87096.75,82546.75,86920.55,0
2025-03-20 00:00:00,86920.5,87553.13,83628.48,84213.11,0
2025-03-21 00:00:00,84213.86,84841.7,83151.0,84088.91,0
2025-03-22 00:00:00,84088.78,84537.58,83625.8,83847.55,0
2025-03-23 00:00:00,83847.32,86203.54,83811.75,86123.04,0
2025-03-24 00:00:00,86123.04,88795.94,85536.07,87498.8,0
2025-03-25 00:00:00,87498.8,88579.75,86291.67,87434.8,0
2025-03-26 00:00:00,87433.21,88312.35,85873.82,86969.55,0
2025-03-27 00:00:00,86969.55,87803.76,85779.11,87201.06,0
2025-03-28 00:00:00,87201.21,87500.33,83572.85,84417.94,0
2025-03-29 00:00:00,84416.69,84625.62,81639.93,82660.68,0
2025-03-30 00:00:00,82660.55,83576.48,81540.21,82427.07,0
2025-03-31 00:00:00,82428.45,83954.75,81267.39,82539.39,0
2025-04-01 00:00:00,82538.31,85593.43,82403.42,85183.31,0
2025-04-02 00:00:00,85183.46,88516.91,82229.73,82416.72,0
2025-04-03 00:00:00,82417.09,83854.32,81109.37,83146.75,0
2025-04-04 00:00:00,83149.41,84736.48,81569.09,83851.1,0
2025-04-05 00:00:00,83851.48,84257.67,82345.73,83526.27,0
2025-04-06 00:00:00,83535.53,83800.74,77022.08,78302.02,0
2025-04-07 00:00:00,78301.22,81151.2,74360.24,79169.77,0
2025-04-08 00:00:00,79169.3,80858.35,76112.24,76190.16,0
2025-04-09 00:00:00,76191.23,83676.65,74468.3,82677.36,0
2025-04-10 00:00:00,82677.44,82809.89,78355.14,79529.07,0
2025-04-11 00:00:00,79529.54,84356.17,78893.74,83431.19,0
2025-04-12 00:00:00,83421.36,85969.18,82772.59,85260.82,0
2025-04-13 00:00:00,85262.78,86147.82,82975.91,83705.51,0
2025-04-14 00:00:00,83702.67,85801.79,83619.03,84572.69,0
2025-04-15 00:00:00,84571.7,86493.84,83589.85,83646.48,0
2025-04-16 00:00:00,83646.2,85572.53,83085.62,84019.49,0
2025-04-17 00:00:00,84019.53,85484.32,83677.41,84925.98,0
2025-04-18 00:00:00,84924.97,85110.54,84247.83,84434.82,0
2025-04-19 00:00:00,84434.95,85652.16,84329.4,85049.09,0
2025-04-20 00:00:00,85046.78,85289.82,83872.87,85134.14,0
2025-04-21 00:00:00,85134.4,88498.75,85092.56,87525.15,0
2025-04-22 00:00:00,87525.79,94100.7,87080.72,93422.11,0
2025-04-23 00:00:00,93421.47,94738.14,91887.61,93678.67,0
2025-04-24 00:00:00,93679.12,94032.23,91630.78,93973.92,0
2025-04-25 00:00:00,93973.39,95891.99,92805.49,94648.4,0
2025-04-26 00:00:00,94648.4,95213.97,93855.76,94624.26,0
2025-04-27 00:00:00,94626.2,95327.63,93553.65,93701.62,0
2025-04-28 00:00:00,93701.54,95618.5,92762.51,94994.43,0
2025-04-29 00:00:00,94993.57,95446.85,93714.03,94259.14,0
2025-04-30 00:00:00,94259.1,95224.18,92926.81,94142.25,0
2025-05-01 00:00:00,94142.7,97470.59,94093.22,96414.4,0
2025-05-02 00:00:00,96417.08,97900.64,96284.82,96844.02,0
2025-05-03 00:00:00,96842.22,96894.09,95741.59,95877.93,0
2025-05-04 00:00:00,95880.17,96337.65,94192.23,94316.96,0
2025-05-05 00:00:00,94316.65,95240.46,93562.7,94759.51,0
2025-05-06 00:00:00,94758.62,96920.01,93327.92,96828.97,0
2025-05-07 00:00:00,96828.97,97744.78,95766.96,97021.99,0
2025-05-08 00:00:00,97022.37,104306.89,96844.35,103241.17,0
2025-05-09 00:00:00,103241.17,104404.04,102283.35,102930.63,0
2025-05-10 00:00:00,102931.24,104991.35,102775.7,104765.32,0
2025-05-11 00:00:00,104763.66,104939.78,103261.79,104073.55,0
2025-05-12 00:00:00,104072.34,105846.14,100680.28,102838.78,0
2025-05-13 00:00:00,102839.27,105002.71,101459.96,104121.62,0
2025-05-14 00:00:00,104120.39,104374.87,102576.13,103489.96,0
2025-05-15 00:00:00,103490.76,104198.36,101363.81,103774.41,0
2025-05-16 00:00:00,103774.41,104580.88,103104.12,103458.74,0
2025-05-17 00:00:00,103451.08,103715.67,102609.2,103148.75,0
2025-05-18 00:00:00,103139.36,106672.24,103096.66,106445.41,0
2025-05-19 00:00:00,106444.74,107131.97,102019.38,105549.37,0
2025-05-20 00:00:00,105549.33,107313.96,104161.41,106820.37,0
2025-05-21 00:00:00,106820.55,110792.45,106030.34,109609.87,0
2025-05-22 00:00:00,109609.57,111908.95,109132.09,111600.61,0
2025-05-23 00:00:00,111600.46,111712.93,106712.04,107243.79,0
2025-05-24 00:00:00,107243.37,109445.0,106801.0,107664.73,0
2025-05-25 00:00:00,107666.31,109268.01,106463.02,108919.75,0
2025-05-26 00:00:00,108920.55,110411.62,108581.17,109390.57,0
2025-05-27 00:00:00,109390.57,110686.15,107457.73,108909.46,0
2025-05-28 00:00:00,108905.18,109271.7,106733.79,107785.37,0
2025-05-29 00:00:00,107784.95,108908.85,105198.26,105553.67,0
2025-05-30 00:00:00,105553.62,106348.02,103586.97,103991.46,0
2025-05-31 00:00:00,103991.39,104948.62,103047.89,104613.74,0
2025-06-01 00:00:00,104613.03,105929.28,103724.24,105698.13,0
2025-06-02 00:00:00,105698.05,106019.47,103653.52,105939.23,0
2025-06-03 00:00:00,105939.22,106884.09,104844.92,105383.7,0
2025-06-04 00:00:00,105383.23,106021.64,104141.21,104677.65,0
2025-06-05 00:00:00,104677.72,105962.08,100367.83,101544.87,0
2025-06-06 00:00:00,101544.72,105457.23,101106.11,104374.15,0
2025-06-07 00:00:00,104374.04,106042.71,103937.79,105659.05,0
2025-06-08 00:00:00,105658.67,106616.77,105010.93,105777.81,0
2025-06-09 00:00:00,105777.82,110770.84,105358.93,110245.4,0
2025-06-10 00:00:00,110245.19,110396.18,108337.81,110197.93,0
2025-06-11 00:00:00,110198.06,110349.76,108032.94,108643.71,0
2025-06-12 00:00:00,108643.8,108837.33,105665.93,105682.86,0
2025-06-13 00:00:00,105682.86,106269.13,102653.2,106135.82,0
2025-06-14 00:00:00,106135.81,106284.9,104294.84,105482.22,0
2025-06-15 00:00:00,105483.19,106257.82,104490.05,105651.27,0
2025-06-16 00:00:00,105651.23,109034.93,105016.38,106876.84,0
2025-06-17 00:00:00,106876.75,107859.22,103226.8,104559.67,0
2025-06-18 00:00:00,104559.14,105634.25,103455.65,104922.71,0
2025-06-19 00:00:00,104923.94,105299.46,103873.8,104670.59,0
2025-06-20 00:00:00,104669.77,106645.24,102218.05,103192.49,0
2025-06-21 00:00:00,103192.49,103971.27,100805.81,102070.16,0
2025-06-22 00:00:00,102076.63,103327.53,98231.72,100951.65,0
2025-06-23 00:00:00,100951.58,106200.36,99592.94,105495.38,0
2025-06-24 00:00:00,105495.43,106358.57,104713.12,106142.87,0
2025-06-25 00:00:00,106142.85,108203.29,105874.39,107371.81,0
2025-06-26 00:00:00,107372.7,108350.68,106573.08,107017.62,0
2025-06-27 00:00:00,107017.75,107802.18,106394.68,107112.6,0
2025-06-28 00:00:00,107112.68,107604.91,106867.51,107361.8,0
2025-06-29 00:00:00,107362.21,108546.17,107206.22,108336.42,0
2025-06-30 00:00:00,108336.31,108808.25,106739.05,107194.73,0
2025-07-01 00:00:00,107194.61,107622.44,105315.65,105789.71,0
2025-07-02 00:00:00,105788.73,109805.97,105195.71,108886.07,0
2025-07-03 00:00:00,108885.82,110587.61,108568.24,109615.63,0
2025-07-04 00:00:00,109615.23,109832.08,107280.98,108047.36,0
2025-07-05 00:00:00,108047.23,108476.27,107795.63,108266.47,0
2025-07-06 00:00:00,108267.13,109761.89,107841.0,109232.04,0
2025-07-07 00:00:00,109233.43,109760.81,107502.24,108284.76,0
2025-07-08 00:00:00,108284.67,109273.45,107461.13,108953.88,0
2025-07-09 00:00:00,108953.61,112055.15,108334.02,111234.28,0
2025-07-10 00:00:00,111236.46,117478.93,110476.65,115924.97,0
2025-07-11 00:00:00,115924.7,118899.42,115125.38,117484.42,0
2025-07-12 00:00:00,117484.53,118187.99,116808.84,117381.8,0
2025-07-13 00:00:00,117381.05,119508.94,117147.47,119024.53,0
2025-07-14 00:00:00,119023.59,123254.18,118824.36,119828.71,0
2025-07-15 00:00:00,119828.05,119929.93,115611.44,117714.99,0
2025-07-16 00:00:00,117714.99,120126.41,116974.58,118601.88,0
2025-07-17 00:00:00,118601.58,120978.2,117375.53,119226.1,0
2025-07-18 00:00:00,119226.11,120879.12,116864.32,117976.38,0
2025-07-19 00:00:00,117976.12,118504.85,117294.11,117855.62,0
2025-07-20 00:00:00,117854.91,118880.31,116418.0,117271.98,0
2025-07-21 00:00:00,117271.98,119708.2,116507.71,117394.12,0
2025-07-22 00:00:00,117394.03,120338.12,116047.87,119984.61,0
2025-07-23 00:00:00,119984.48,120140.28,117313.26,118819.23,0
2025-07-24 00:00:00,118819.21,119543.85,117122.45,118355.75,0
2025-07-25 00:00:00,118357.65,118483.28,114719.89,117645.58,0
2025-07-26 00:00:00,117645.58,118388.34,117158.22,117946.0,0
2025-07-27 00:00:00,117957.21,119812.32,117849.6,119469.47,0
2025-07-28 00:00:00,119468.02,119857.93,117407.67,118116.35,0
2025-07-29 00:00:00,118117.02,119358.49,116925.37,117982.39,0
2025-07-30 00:00:00,117980.99,118876.2,115794.28,117871.33,0
2025-07-31 00:00:00,117871.58,118991.62,115570.68,115853.68,0
2025-08-01 00:00:00,115854.84,116201.06,112663.2,113264.38,0
2025-08-02 00:00:00,113264.62,114081.91,111964.62,112567.49,0
2025-08-03 00:00:00,112566.61,114909.08,111909.33,114291.41,0
2025-08-04 00:00:00,114290.88,115828.57,114155.59,115126.41,0
2025-08-05 00:00:00,115126.36,115181.66,112599.95,114141.37,0
2025-08-06 00:00:00,114141.64,115831.88,113320.41,115112.61,0
2025-08-07 00:00:00,115112.13,117710.53,114325.97,117531.33,0
2025-08-08 00:00:00,117531.46,117683.18,115872.04,116672.4,0
2025-08-09 00:00:00,116672.39,117943.58,116317.92,116431.39,0
2025-08-10 00:00:00,116431.47,119358.53,116410.74,119294.9,0
2025-08-11 00:00:00,119295.37,122346.93,118134.18,118720.65,0
2025-08-12 00:00:00,118720.34,120319.17,118166.78,120118.39,0
2025-08-13 00:00:00,120118.39,123749.62,118902.99,123353.79,0
2025-08-14 00:00:00,123354.37,124560.48,117183.52,118371.06,0
2025-08-15 00:00:00,118371.02,119313.38,116832.15,117404.77,0
2025-08-16 00:00:00,117404.49,117981.03,117196.7,117447.65,0
2025-08-17 00:00:00,117445.82,118631.79,117237.82,117475.48,0
2025-08-18 00:00:00,117474.83,117614.7,114681.0,116286.49,0
2025-08-19 00:00:00,116286.23,116773.71,112691.31,112856.19,0
2025-08-20 00:00:00,112854.71,114631.39,112343.17,114271.66,0
2025-08-21 00:00:00,114271.67,114819.5,111950.85,112471.35,0
2025-08-22 00:00:00,112470.12,117429.4,111642.37,116893.96,0
2025-08-23 00:00:00,116894.29,116995.23,114508.96,115375.24,0
2025-08-24 00:00:00,115375.26,115628.05,110532.66,113476.01,0
2025-08-25 00:00:00,113475.01,113643.4,109258.17,110129.49,0
2025-08-26 00:00:00,110128.93,112401.58,108674.52,111785.46,0
2025-08-27 00:00:00,111785.47,112651.12,110348.99,111244.67,0
2025-08-28 00:00:00,111244.63,113488.6,110849.75,112568.76,0
2025-08-29 00:00:00,112568.65,112641.59,107452.91,108380.14,0
2025-08-30 00:00:00,108380.2,108933.54,107327.15,108812.76,0
2025-08-31 00:00:00,108812.82,109501.38,108059.62,108255.07,0
2025-09-01 00:00:00,108255.1,109912.82,107247.18,109226.45,0
2025-09-02 00:00:00,109226.39,111798.18,108388.54,111235.77,0
2025-09-03 00:00:00,111234.74,112617.65,110530.01,111752.62,0
2025-09-04 00:00:00,111752.61,112224.19,109318.54,110720.81,0
2025-09-05 00:00:00,110720.81,113398.82,110192.36,110673.29,0
2025-09-06 00:00:00,110673.46,111316.31,109940.05,110217.31,0
2025-09-07 00:00:00,110216.81,111616.41,110195.05,111124.18,0
2025-09-08 00:00:00,111123.02,112939.92,110593.79,112076.7,0
2025-09-09 00:00:00,112076.63,113283.9,110750.54,111539.4,0
2025-09-10 00:00:00,111539.41,114349.91,110907.35,113972.14,0
2025-09-11 00:00:00,113972.55,115545.5,113429.28,115523.25,0
2025-09-12 00:00:00,115523.24,116803.57,114766.98,116112.95,0
2025-09-13 00:00:00,116113.02,116372.21,115167.74,115967.33,0
2025-09-14 00:00:00,115967.52,116217.23,115164.99,115315.7,0
2025-09-15 00:00:00,115316.68,116806.83,114404.31,115385.39,0
2025-09-16 00:00:00,115385.71,117009.28,114717.55,116824.78,0
2025-09-17 00:00:00,116824.55,117342.37,114727.71,116481.96,0
2025-09-18 00:00:00,116481.88,117993.49,116109.02,117113.91,0
2025-09-19 00:00:00,117113.46,117515.85,115131.63,115685.37,0
2025-09-20 00:00:00,115687.36,116193.34,115461.52,115740.27,0
2025-09-21 00:00:00,115740.0,115900.4,115237.7,115286.65,0
2025-09-22 00:00:00,115286.65,115446.51,111666.53,112735.02,0
2025-09-23 00:00:00,112734.31,113373.21,111488.01,112026.27,0
2025-09-24 00:00:00,112026.48,114004.01,111059.13,113350.68,0
2025-09-25 00:00:00,113351.07,113566.28,108644.83,109029.43,0
2025-09-26 00:00:00,109029.43,110381.18,108663.46,109691.29,0
2025-09-27 00:00:00,109690.95,109816.95,109115.04,109673.79,0
2025-09-28 00:00:00,109673.88,112389.75,109223.75,112208.46,0
2025-09-29 00:00:00,112207.52,114495.1,111585.22,114364.36,0
2025-09-30 00:00:00,114368.4,114882.48,112699.34,114066.23,0
2025-10-01 00:00:00,114065.86,118726.78,113970.35,118654.06,0
2025-10-02 00:00:00,118654.06,121122.22,118330.28,120622.55,0
2025-10-03 00:00:00,120622.01,124000.61,119322.93,122324.58,0
2025-10-04 00:00:00,122324.68,122911.26,121557.63,122452.04,0
2025-10-05 00:00:00,122450.94,125882.56,122192.7,123521.42,0
2025-10-06 00:00:00,123520.21,126304.25,123105.0,124713.7,0
2025-10-07 00:00:00,124716.95,125249.61,120630.09,121392.99,0
2025-10-08 00:00:00,121398.36,124254.22,121088.93,123324.34,0
2025-10-09 00:00:00,123332.76,123821.78,119708.63,121687.51,0
2025-10-10 00:00:00,121689.81,122572.91,103597.89,112952.33,0
2025-10-11 00:00:00,112950.35,113449.38,109673.2,110766.41,0
2025-10-12 00:00:00,110773.49,115865.0,109685.8,115061.83,0
2025-10-13 00:00:00,115061.7,116077.81,113744.42,115267.31,0
2025-10-14 00:00:00,115267.44,115513.7,109941.54,113080.82,0
2025-10-15 00:00:00,113077.51,113665.96,110199.17,110795.66,0
2025-10-16 00:00:00,110794.93,112035.52,107437.21,108197.28,0
2025-10-17 00:00:00,108192.38,109267.66,103506.14,106470.03,0
2025-10-18 00:00:00,106469.91,107545.05,106354.33,107205.49,0
2025-10-19 00:00:00,107204.87,109491.99,106115.23,108681.26,0
2025-10-20 00:00:00,108677.15,111737.57,107460.46,110567.14,0
2025-10-21 00:00:00,110567.26,114080.27,107484.29,108358.15,0
2025-10-22 00:00:00,108350.03,109197.26,106639.24,107578.19,0
2025-10-23 00:00:00,107580.84,111338.25,107504.09,110099.42,0
2025-10-24 00:00:00,110104.19,112151.58,109706.9,111031.02,0
2025-10-25 00:00:00,111030.82,111963.55,110682.18,111654.22,0
2025-10-26 00:00:00,111654.58,115549.61,111261.07,114553.11,0
2025-10-27 00:00:00,114552.83,116411.9,113828.16,114101.78,0
2025-10-28 00:00:00,114101.66,116104.14,112196.59,112897.58,0
2025-10-29 00:00:00,112897.7,113670.2,109112.6,110034.13,0
2025-10-30 00:00:00,110034.24,111610.6,106237.63,108294.84,0
2025-10-31 00:00:00,108296.56,111098.36,108258.57,109550.17,0
2025-11-01 00:00:00,109549.08,110519.42,109336.18,110042.56,0
2025-11-02 00:00:00,110042.15,111195.91,109411.62,110522.04,0
2025-11-03 00:00:00,110523.69,110749.52,105296.94,106559.86,0
2025-11-04 00:00:00,106560.45,107277.11,98880.19,101458.41,0
2025-11-05 00:00:00,101469.72,104535.91,98931.63,103875.5,0
2025-11-06 00:00:00,103865.38,104201.05,100210.33,101293.01,0
2025-11-07 00:00:00,101298.17,104054.55,99163.94,103283.51,0
2025-11-08 00:00:00,103283.19,103339.02,101407.72,102282.32,0
2025-11-09 00:00:00,102282.85,105455.82,101319.2,104689.19,0
2025-11-10 00:00:00,104686.19,106666.46,104225.62,105976.68,0
2025-11-11 00:00:00,105978.78,107474.23,102430.52,103009.95,0
2025-11-12 00:00:00,103012.77,105320.86,100735.13,101635.61,0
2025-11-13 00:00:00,101634.23,104037.13,97922.67,99618.59,0
2025-11-14 00:00:00,99613.83,99835.84,93910.56,94502.86,0
2025-11-15 00:00:00,94496.62,96742.85,94475.9,95536.09,0
2025-11-16 00:00:00,95539.48,96550.82,92906.24,94175.62,0
2025-11-17 00:00:00,94173.84,95954.86,91156.92,92101.54,0
2025-11-18 00:00:00,92101.48,93767.07,89061.76,92910.28,0
2025-11-19 00:00:00,92911.2,92932.19,88484.73,91460.45,0
2025-11-20 00:00:00,91449.88,93076.04,85986.49,86522.43,0
2025-11-21 00:00:00,86525.4,87395.88,80535.75,85060.75,0
2025-11-22 00:00:00,85064.54,85565.94,83422.48,84680.59,0
2025-11-23 00:00:00,84677.17,88117.39,84613.69,86804.61,0
2025-11-24 00:00:00,86805.69,89217.15,85213.02,88264.91,0
2025-11-25 00:00:00,88264.15,88484.3,86056.69,87326.18,0
2025-11-26 00:00:00,87328.46,90625.8,86277.75,90475.12,0
2025-11-27 00:00:00,90473.84,91944.46,90057.77,91321.41,0
2025-11-28 00:00:00,91314.66,93116.1,90213.2,90911.65,0
2025-11-29 00:00:00,90908.33,91188.56,90173.3,90827.79,0
2025-11-30 00:00:00,90827.85,91972.24,90348.7,90371.36,0
2025-12-01 00:00:00,90370.03,90431.81,83794.86,86280.01,0
2025-12-02 00:00:00,86278.51,92336.98,86181.97,91308.83,0
2025-12-03 00:00:00,91309.47,94218.46,91014.71,93453.55,0
2025-12-04 00:00:00,93450.66,94089.29,90886.5,92092.66,0
2025-12-05 00:00:00,92093.52,92728.17,88050.58,89335.05,0
2025-12-06 00:00:00,89335.46,90313.74,88914.91,89232.2,0
2025-12-07 00:00:00,89258.79,91780.64,87730.22,90396.02,0
2025-12-08 00:00:00,90395.57,92301.93,89600.2,90663.31,0
2025-12-09 00:00:00,90663.2,94605.9,89463.44,92688.76,0
2025-12-10 00:00:00,92688.84,94506.27,91565.29,92030.97,0
2025-12-11 00:00:00,92026.33,93595.61,89253.34,92544.84,0
2025-12-12 00:00:00,92541.76,92781.82,89471.64,90280.68,0
2025-12-13 00:00:00,90282.05,90653.98,89756.45,90256.34,0
2025-12-14 00:00:00,90250.22,90495.75,87561.12,88173.19,0
2025-12-15 00:00:00,88165.21,90021.61,85096.49,86406.54,0
2025-12-16 00:00:00,86416.47,88145.47,85245.07,87842.12,0
2025-12-17 00:00:00,87838.75,90360.87,85265.35,86199.4,0
2025-12-18 00:00:00,86199.49,89437.49,84393.35,85442.47,0
2025-12-19 00:00:00,85442.62,89358.98,85048.98,88091.54,0
2025-12-20 00:00:00,88092.02,88546.62,87753.01,88316.14,0
2025-12-21 00:00:00,88316.33,89047.97,87547.34,88631.2,0
2025-12-22 00:00:00,88638.55,90573.04,87858.85,88559.98,0
2025-12-23 00:00:00,88563.4,88889.07,86527.87,87437.03,0
2025-12-24 00:00:00,87437.78,88002.62,86351.14,87610.26,0
2025-12-25 00:00:00,87610.33,88549.11,86891.51,87166.93,0
2025-12-26 00:00:00,87164.76,89510.53,86582.54,87286.73,0
2025-12-27 00:00:00,87283.45,87935.89,87156.74,87823.21,0
2025-12-28 00:00:00,87798.88,88034.6,87352.49,87876.01,0
2025-12-29 00:00:00,87870.04,90321.29,86681.38,87107.53,0
2025-12-30 00:00:00,87107.65,89313.4,86709.73,88408.99,0
2025-12-31 00:00:00,88408.89,89123.52,87077.42,87507.73,0
2026-01-01 00:00:00,87507.82,88800.65,87379.33,88733.79,0
2026-01-02 00:00:00,88733.95,90942.72,88254.03,89954.51,0
2026-01-03 00:00:00,89947.22,90693.04,89263.59,90582.25,0
2026-01-04 00:00:00,90581.29,91780.14,90581.29,91488.33,0
2026-01-05 00:00:00,91484.85,94816.27,91464.97,93870.62,0
2026-01-06 00:00:00,93872.83,94432.23,91198.12,93713.3,0
2026-01-07 00:00:00,93713.15,93718.52,90576.08,91279.42,0
2026-01-08 00:00:00,91284.62,91604.46,89174.25,91025.51,0
2026-01-09 00:00:00,91025.85,91945.69,89584.4,90513.19,0
2026-01-10 00:00:00,90509.29,90709.94,90263.05,90388.59,0
2026-01-11 00:00:00,90388.42,91166.78,90091.61,90874.3,0
2026-01-12 00:00:00,90862.52,92400.22,89998.18,91193.84,0
2026-01-13 00:00:00,91187.84,96730.78,90929.15,95376.06,0
2026-01-14 00:00:00,95376.8,97968.49,94420.59,96955.27,0
2026-01-15 00:00:00,96955.15,97180.02,95092.85,95587.59,0
2026-01-16 00:00:00,95590.0,95834.54,94231.51,95504.7,0
2026-01-17 00:00:00,95501.68,95633.01,94978.48,95118.69,0
2026-01-18 00:00:00,95118.55,95496.25,93565.6,93639.75,0
2026-01-19 00:00:00,93639.83,93639.83,91858.97,92570.84,0
2026-01-20 00:00:00,92562.82,92808.78,87696.18,88322.45,0
2026-01-21 00:00:00,88323.62,90500.14,87167.72,89358.62,0
2026-01-22 00:00:00,89358.71,90273.55,88410.38,89470.07,0
2026-01-23 00:00:00,89470.72,91133.36,88442.52,89484.25,0
2026-01-24 00:00:00,89486.07,89794.71,89019.27,89092.8,0
2026-01-25 00:00:00,89092.6,89180.68,85962.61,86569.02,0
2026-01-26 00:00:00,86567.9,88780.2,86401.16,88242.0,0
2026-01-27 00:00:00,88243.23,89429.32,87187.04,89126.74,0
2026-01-28 00:00:00,89125.38,90496.15,88706.9,89160.41,0
2026-01-29 00:00:00,89159.3,89219.22,83223.37,84508.59,0
2026-01-30 00:00:00,84505.38,84604.23,80935.37,84106.76,0
2026-01-31 00:00:00,84107.55,84147.83,75480.52,78630.76,0
2026-02-01 00:00:00,78654.77,79349.55,75613.41,76899.0,0
2026-02-02 00:00:00,76898.02,79317.84,74524.98,78664.72,0
2026-02-03 00:00:00,78662.85,79132.94,72845.86,75658.95,0
2026-02-04 00:00:00,75658.69,76893.35,71695.75,73000.81,0
2026-02-05 00:00:00,72998.18,73180.92,62111.7,62790.83,0
2026-02-06 00:00:00,62791.15,71689.21,59779.75,70521.16,0
2026-02-07 00:00:00,70521.24,71657.79,67272.91,69240.03,0
2026-02-08 00:00:00,69242.02,72255.4,68833.27,70273.12,0
2026-02-09 00:00:00,70267.85,71390.51,68227.8,70105.74,0
2026-02-10 00:00:00,70105.97,70502.98,67849.22,68794.25,0
2026-02-11 00:00:00,68795.48,69248.48,65703.64,67016.61,0
2026-02-12 00:00:00,67025.04,68384.32,65059.73,66213.8,0
2026-02-13 00:00:00,66213.74,69442.5,65794.59,68806.85,0
2026-02-14 00:00:00,68816.48,70553.64,68683.27,69792.63,0
2026-02-15 00:00:00,69793.24,70937.11,68027.23,68788.0,0
2026-02-16 00:00:00,68786.12,70099.81,67236.47,68845.39,0
2026-02-17 00:00:00,68845.73,69210.29,66558.86,67469.56,0
2026-02-18 00:00:00,67468.75,68438.66,65814.88,66411.74,0
2026-02-19 00:00:00,66410.3,67293.45,65595.51,66972.63,0
2026-02-20 00:00:00,66966.4,68297.9,66414.88,67972.21,0
2026-02-21 00:00:00,67981.37,68694.17,67495.82,67954.94,0
2026-02-22 00:00:00,67950.33,68229.67,67138.79,67609.32,0
2026-02-23 00:00:00,67615.81,67649.68,63851.71,64622.61,0
2026-02-24 00:00:00,64624.06,64983.42,62406.98,64058.78,0
2026-02-25 00:00:00,64059.65,70052.69,63892.8,67989.89,0
2026-02-26 00:00:00,67989.26,68869.89,66483.35,67485.36,0
2026-02-27 00:00:00,67479.9,68215.64,64894.9,65855.89,0
2026-02-28 00:00:00,65853.85,67768.14,63002.43,66969.97,0
2026-03-01 00:00:00,66959.27,68208.1,65018.19,65766.16,0
2026-03-02 00:00:00,65766.34,70143.63,65237.78,68827.7,0
2026-03-03 00:00:00,68828.61,69256.71,66091.47,68330.2,0
2026-03-04 00:00:00,68329.54,74123.3,67376.66,72681.73,0
2026-03-05 00:00:00,72684.61,73578.31,70641.61,70865.92,0
2026-03-06 00:00:00,70875.12,71427.19,67726.76,68108.12,0
2026-03-07 00:00:00,68107.1,68547.53,66888.12,67265.86,0
2026-03-08 00:00:00,67262.94,68191.65,65608.01,65971.88,0
2026-03-09 00:00:00,65972.11,69542.04,65800.04,68429.31,0
2026-03-10 00:00:00,68428.97,71785.58,68382.78,69947.32,0
2026-03-11 00:00:00,69954.4,71336.52,68963.84,70201.31,0
2026-03-12 00:00:00,70203.12,70814.01,69191.41,70523.87,0
2026-03-13 00:00:00,70520.46,73939.49,70386.25,70935.24,0
2026-03-14 00:00:00,70937.72,71310.22,70301.97,71212.75,0
2026-03-15 00:00:00,71219.5,73225.83,70859.25,72812.15,0
2026-03-16 00:00:00,72818.79,74925.16,72268.82,74873.5,0
2026-03-17 00:00:00,74867.53,76011.84,73386.1,73936.94,0
2026-03-18 00:00:00,73930.31,74691.93,70481.37,71231.16,0
2026-03-19 00:00:00,71230.44,71620.63,68782.39,69913.42,0
2026-03-20 00:00:00,69913.23,71359.63,69357.2,70489.91,0
2026-03-21 00:00:00,70487.26,71094.18,68541.88,68907.03,0
2026-03-22 00:00:00,68919.55,69580.09,67323.47,67845.73,0
2026-03-23 00:00:00,67844.7,71814.33,67421.39,70866.74,0
2026-03-24 00:00:00,70873.78,71392.14,68876.74,70519.35,0
2026-03-25 00:00:00,70527.35,72040.9,70364.27,71308.4,0
2026-03-26 00:00:00,71297.52,71404.5,68099.05,68768.81,0
2026-03-27 00:00:00,68769.14,69132.17,65479.34,66352.96,0
2026-03-28 00:00:00,66345.96,67261.24,65865.61,66320.68,0
2026-03-29 00:00:00,66319.74,67074.23,64925.79,65959.44,0
2026-03-30 00:00:00,65961.45,68128.88,65727.61,66744.43,0
2026-03-31 00:00:00,66736.14,68541.08,65914.41,68220.13,0
2026-04-01 00:00:00,68209.63,69291.59,67505.19,68110.49,0
2026-04-02 00:00:00,68108.51,68652.17,65682.9,66887.13,0
2026-04-03 00:00:00,66889.92,67371.31,66263.19,66945.71,0
2026-04-04 00:00:00,66946.89,67571.23,66766.25,67290.7,0
2026-04-05 00:00:00,67296.12,69120.0,66587.66,68998.46,0
2026-04-06 00:00:00,69000.06,70368.57,68263.53,68834.55,0
2026-04-07 00:00:00,68832.48,72762.35,67711.07,71895.61,0
2026-04-08 00:00:00,71893.94,72886.2,70682.03,71073.26,0
2026-04-09 00:00:00,71067.92,73174.3,70451.42,71778.89,0
2026-04-10 00:00:00,71780.28,73485.81,71417.08,72982.15,0
2026-04-11 00:00:00,72981.48,73847.75,72537.38,73084.66,0
2026-04-12 00:00:00,73084.13,73160.86,70504.09,70743.56,0
2026-04-13 00:00:00,70746.38,74933.67,70563.28,74449.54,0
2026-04-14 00:00:00,74448.97,76114.96,73840.2,74169.06,0
2026-04-15 00:00:00,74171.72,75464.7,73533.27,74831.3,0
2026-04-16 00:00:00,74829.58,75557.94,73309.25,75160.94,0
2026-04-17 00:00:00,75161.47,78404.83,74527.11,77097.59,0
2026-04-18 00:00:00,77095.16,77457.03,75457.44,75730.32,0
2026-04-19 00:00:00,75729.98,76274.3,73782.31,73823.92,0
2026-04-20 00:00:00,73827.08,76613.55,73726.86,75868.18,0
2026-04-21 00:00:00,75868.91,76959.47,74824.99,76348.32,0
2026-04-22 00:00:00,76353.11,79519.63,76145.11,78211.51,0
2026-04-23 00:00:00,78209.26,78701.81,76755.7,78270.56,0
2026-04-24 00:00:00,78276.1,78610.61,77269.97,77458.63,0
2026-04-25 00:00:00,77450.38,77905.13,77167.84,77637.96,0
2026-04-26 00:00:00,77639.57,78991.18,77339.65,78666.81,0
2026-04-27 00:00:00,78667.9,79509.98,76425.03,77352.15,0
2026-04-28 00:00:00,77353.19,77488.36,75641.09,76312.53,0
2026-04-29 00:00:00,76314.59,77909.1,74878.8,75752.8,0
2026-04-30 00:00:00,75752.86,76645.79,75276.99,76314.47,0
2026-05-01 00:00:00,76316.55,78927.86,76268.86,78229.63,0
2026-05-02 00:00:00,78224.26,79174.72,78013.12,78678.7,0
2026-05-03 00:00:00,78684.37,79452.65,78061.13,78565.6,0
2026-05-04 00:00:00,78558.18,80789.42,78176.1,79848.46,0
2026-05-05 00:00:00,79845.98,81785.74,79775.23,80901.61,0
2026-05-06 00:00:00,80897.69,82840.99,80708.02,81424.0,0
2026-05-07 00:00:00,81425.13,81713.44,79476.9,80009.88,0
2026-05-08 00:00:00,80009.79,80512.21,79158.14,80187.85,0
2026-05-09 00:00:00,80189.73,81076.22,80108.15,80655.42,0
2026-05-10 00:00:00,80650.96,82472.3,80256.04,82198.21,0
2026-05-11 00:00:00,82193.39,82373.49,80411.75,81718.03,0
2026-05-12 00:00:00,81718.28,81774.99,79801.71,80485.12,0
2026-05-13 00:00:00,80483.56,81286.96,78705.17,79292.03,0
2026-05-14 00:00:00,79292.79,82051.46,78877.04,81076.84,0
2026-05-15 00:00:00,81076.82,81652.83,78591.69,79067.78,0
2026-05-16 00:00:00,79069.02,79187.34,77600.5,78102.91,0
2026-05-17 00:00:00,78103.05,78576.62,76673.8,77401.57,0
2026-05-18 00:00:00,77412.7,77760.79,75985.45,76937.9,0
2026-05-19 00:00:00,76934.82,77364.61,76068.59,76775.38,0
2026-05-20 00:00:00,76772.6,77794.99,76440.98,77470.99,0
2026-05-21 00:00:00,77474.38,78144.5,76646.59,77555.11,0
2026-05-22 00:00:00,77555.55,77830.6,75260.94,75446.78,0
2026-05-23 00:00:00,75453.55,77317.53,74154.51,76638.13,0
2026-05-24 00:00:00,76657.63,77529.75,75993.72,76982.14,0
2026-05-25 00:00:00,76984.08,77848.45,76822.02,77242.49,0
2026-05-26 00:00:00,77243.31,78002.01,75551.08,75823.21,0
2026-05-27 00:00:00,75823.3,76058.02,74123.35,74323.57,0
2026-05-28 00:00:00,74318.14,74462.45,72446.99,73510.55,0
2026-05-29 00:00:00,73516.58,74228.51,72378.42,73364.55,0
2026-05-30 00:00:00,73373.47,74007.35,73081.39,73760.99,0
