time,open,high,low,close,tick_volume,spread,real_volume
2024-02-21 20:00:00,51009.86,51913.7,50801.56,51775.6,24192,3180,0
2024-02-22 00:00:00,51821.76,51842.6,51103.06,51539.74,22572,3123,0
2024-02-22 04:00:00,51535.65,51859.92,51253.78,51751.18,21735,3089,0
2024-02-22 08:00:00,51756.78,51980.71,51460.88,51581.27,23674,3240,0
2024-02-22 12:00:00,51580.97,51695.11,50865.93,51536.99,29149,3417,0
2024-02-22 16:00:00,51536.57,51695.55,51341.14,51465.22,23573,3571,0
2024-02-22 20:00:00,51466.03,52022.5,51145.28,51277.17,25443,3390,0
2024-02-23 00:00:00,51207.07,51509.63,50875.81,51049.44,23105,3851,0
2024-02-23 04:00:00,51046.16,51259.86,50812.69,50865.25,21290,4259,0
2024-02-23 08:00:00,50865.34,51224.82,50759.42,51174.47,22915,4245,0
2024-02-23 12:00:00,51170.04,51258.67,50721.3,50872.57,27942,4169,0
2024-02-23 16:00:00,50874.77,51165.03,50564.66,51079.86,24744,4372,0
2024-02-23 20:00:00,51073.96,51128.3,50450.63,50690.89,20051,4338,0
2024-02-24 00:00:00,50702.09,50875.75,50502.44,50804.26,19570,4609,0
2024-02-24 04:00:00,50805.29,51051.66,50766.87,51034.67,15521,4299,0
2024-02-24 08:00:00,51027.94,51113.94,50894.85,51055.9,16122,4217,0
2024-02-24 12:00:00,51055.79,51110.09,50969.07,51042.76,16018,3786,0
2024-02-24 16:00:00,51043.43,51654.64,51029.43,51535.18,19463,3428,0
2024-02-24 20:00:00,51537.64,51648.72,51383.14,51542.29,16952,3267,0
2024-02-25 00:00:00,51529.22,51859.25,51389.61,51603.97,18415,3132,0
2024-02-25 04:00:00,51603.74,51779.79,51475.94,51678.04,16411,3265,0
2024-02-25 08:00:00,51674.06,51731.03,51476.96,51605.46,15959,3234,0
2024-02-25 12:00:00,51605.68,51729.32,51376.52,51461.38,16951,3226,0
2024-02-25 16:00:00,51463.5,51697.73,51187.14,51617.99,18677,3788,0
2024-02-25 20:00:00,51616.1,51927.61,51572.42,51670.05,18591,3648,0
2024-02-26 00:00:00,51664.27,51739.39,51338.93,51496.71,18317,3887,0
2024-02-26 04:00:00,51500.2,51567.32,51217.25,51244.87,16679,4298,0
2024-02-26 08:00:00,51243.98,51345.4,50848.85,51023.43,21590,4485,0
2024-02-26 12:00:00,51027.79,52873.96,50865.17,52863.99,25609,2680,0
2024-02-26 16:00:00,52862.1,54469.7,52743.15,54442.78,28789,2604,0
2024-02-26 20:00:00,54435.06,54851.06,54231.26,54467.24,26293,2603,0
2024-02-27 00:00:00,54448.23,56967.56,54404.76,55632.67,31065,2613,0
2024-02-27 04:00:00,55634.77,56438.89,55496.72,56052.89,24894,3172,0
2024-02-27 08:00:00,56057.29,56810.49,56003.49,56510.55,26750,3100,0
2024-02-27 12:00:00,56512.72,57384.14,56444.79,56739.49,40950,3102,0
2024-02-27 16:00:00,56741.2,57617.26,56206.92,57341.13,35542,3043,0
2024-02-27 20:00:00,57336.99,57376.41,56558.45,57053.73,28432,3691,0
2024-02-28 00:00:00,57055.65,57128.52,56658.1,56896.95,23542,3617,0
2024-02-28 04:00:00,56901.86,58336.44,56852.91,58217.44,25541,3159,0
2024-02-28 08:00:00,58222.66,59468.18,58136.95,58929.87,41147,2963,0
2024-02-28 12:00:00,58933.8,61301.88,58875.5,60898.3,43351,2859,0
2024-02-28 16:00:00,60900.7,63943.86,58619.2,60865.64,60441,3440,0
2024-02-28 20:00:00,60870.95,62689.26,59721.51,62462.4,36795,3524,0
2024-02-29 00:00:00,62446.55,62453.51,60938.38,61545.26,37561,4246,0
2024-02-29 04:00:00,61535.92,63645.78,61244.0,62702.03,43053,3415,0
2024-02-29 08:00:00,62698.91,63303.43,62061.47,62871.98,38740,3441,0
2024-02-29 12:00:00,62878.81,63573.62,61993.97,62750.1,40501,3151,0
2024-02-29 16:00:00,62752.22,62885.05,60290.19,61586.0,55648,3436,0
2024-02-29 20:00:00,61592.35,62309.47,60596.73,61159.12,41363,3319,0
2024-03-01 00:00:00,61147.36,61753.35,60690.87,61003.18,33290,3998,0
2024-03-01 04:00:00,61014.07,61789.29,60976.65,61401.48,28282,3906,0
2024-03-01 08:00:00,61396.5,62267.28,61298.52,61846.09,31608,3574,0
2024-03-01 12:00:00,61844.22,62694.85,61014.9,61218.57,40499,3722,0
2024-03-01 16:00:00,61215.82,62467.99,61161.43,62186.0,33483,3726,0
2024-03-01 20:00:00,62190.86,63181.69,62190.86,62355.61,27262,3275,0
2024-03-02 00:00:00,62372.59,62437.56,61913.53,62278.11,26660,3362,0
2024-03-02 04:00:00,62278.87,62294.85,61740.05,62013.27,25296,3030,0
2024-03-02 08:00:00,62019.97,62145.41,61642.95,61835.84,24073,4457,0
2024-03-02 12:00:00,61836.21,62179.59,61550.36,61759.51,23124,4626,0
2024-03-02 16:00:00,61763.01,62138.06,61633.75,62133.87,19315,4407,0
2024-03-02 20:00:00,62133.7,62222.02,61675.97,61984.41,19999,4452,0
2024-03-03 00:00:00,61975.98,61994.28,61596.37,61901.38,18921,4517,0
2024-03-03 04:00:00,61900.64,62086.3,61296.1,61577.68,20711,3952,0
2024-03-03 08:00:00,61574.1,61890.98,61367.58,61812.83,22453,4577,0
2024-03-03 12:00:00,61811.62,62638.53,61770.25,62155.9,30166,3365,0
2024-03-03 16:00:00,62156.19,63032.27,62056.45,62755.48,27807,2926,0
2024-03-03 20:00:00,62755.11,63257.98,62588.13,63157.06,24681,2935,0
2024-03-04 00:00:00,63136.54,64283.3,62331.47,63483.39,44378,2838,0
2024-03-04 04:00:00,63486.14,64307.57,63212.12,64069.22,28376,2928,0
2024-03-04 08:00:00,64065.25,65549.33,64001.38,65227.47,45511,2793,0
2024-03-04 12:00:00,65232.15,66622.46,64614.25,66447.24,45637,2690,0
2024-03-04 16:00:00,66446.13,67506.6,66031.84,67421.42,49894,2801,0
2024-03-04 20:00:00,67417.14,68482.17,66756.14,68270.82,39418,2743,0
2024-03-05 00:00:00,68250.79,68694.06,67536.8,68157.88,33278,2711,0
2024-03-05 04:00:00,68156.63,68359.96,65024.16,66143.09,42206,2648,0
2024-03-05 08:00:00,66149.99,67139.71,65486.68,66616.46,38456,2937,0
2024-03-05 12:00:00,66617.89,69156.55,66322.94,66688.32,49492,2600,0
2024-03-05 16:00:00,66694.93,66917.31,59187.01,61369.82,79201,2794,0
2024-03-05 20:00:00,61375.32,64420.55,61237.16,63731.53,62344,3959,0
2024-03-06 00:00:00,63738.64,64201.22,62741.99,63240.48,40885,4738,0
2024-03-06 04:00:00,63240.51,66748.5,63231.55,66620.52,46642,4593,0
2024-03-06 08:00:00,66624.88,67648.0,65982.58,67326.12,54029,4282,0
2024-03-06 12:00:00,67333.92,67605.47,64603.85,66458.66,68731,3919,0
2024-03-06 16:00:00,66464.97,67570.43,66232.22,66786.96,52775,4120,0
2024-03-06 20:00:00,66792.83,67483.88,65649.08,66032.92,36996,4089,0
2024-03-07 00:00:00,66062.78,66476.83,65542.9,65819.53,37687,4780,0
2024-03-07 04:00:00,65823.58,66452.38,65607.22,66364.55,37232,5126,0
2024-03-07 08:00:00,66371.05,67279.38,66304.1,66897.27,37581,5135,0
2024-03-07 12:00:00,66896.51,67976.97,66528.0,67278.5,40265,4815,0
2024-03-07 16:00:00,67274.47,68066.72,67030.92,67540.78,37460,4667,0
2024-03-07 20:00:00,67536.86,68012.84,66815.77,66862.06,30149,4447,0
2024-03-08 00:00:00,66851.84,67307.77,66763.47,67166.91,25215,5175,0
2024-03-08 04:00:00,67161.48,67695.22,66760.09,67291.29,24059,5171,0
2024-03-08 08:00:00,67292.97,67781.31,67073.51,67740.25,24367,5249,0
2024-03-08 12:00:00,67740.93,69991.55,67247.45,67626.83,37232,4221,0
2024-03-08 16:00:00,67635.96,68955.55,66135.02,68944.86,48065,4698,0
2024-03-08 20:00:00,68941.09,69428.03,67904.61,68212.6,31383,4385,0
2024-03-09 00:00:00,68189.64,68384.92,67927.18,68312.33,19902,4661,0
2024-03-09 04:00:00,68317.7,68635.57,68138.9,68347.51,18059,3017,0
2024-03-09 08:00:00,68342.8,68544.75,67993.18,68386.52,19879,5242,0
2024-03-09 12:00:00,68390.92,68632.27,68143.7,68367.68,19384,5226,0
2024-03-09 16:00:00,68368.89,68445.7,68039.19,68275.58,19513,5308,0
2024-03-09 20:00:00,68267.52,68520.61,68251.97,68400.0,16725,5279,0
2024-03-10 00:00:00,68390.01,69297.41,68259.0,69131.39,24783,4883,0
2024-03-10 04:00:00,69130.69,69664.79,69005.49,69399.17,21567,4082,0
2024-03-10 08:00:00,69397.32,69950.61,69175.16,69592.2,27503,3963,0
2024-03-10 12:00:00,69594.81,69896.55,68721.56,69248.79,30034,3911,0
2024-03-10 16:00:00,69248.44,69803.79,69160.83,69412.39,22821,5036,0
2024-03-10 20:00:00,69415.89,69492.88,68109.12,68962.05,29392,5254,0
2024-03-11 00:00:00,68960.68,68985.77,67033.37,68556.61,38836,5068,0
2024-03-11 04:00:00,68565.49,71234.36,68380.28,70991.77,34537,4515,0
2024-03-11 08:00:00,70999.16,72228.83,70972.98,71445.74,36908,3898,0
2024-03-11 12:00:00,71454.7,72591.17,71248.0,71954.35,46017,4057,0
2024-03-11 16:00:00,71962.29,72750.75,71709.23,71983.06,34982,3416,0
2024-03-11 20:00:00,71976.77,72665.02,71794.57,72062.28,25360,4042,0
2024-03-12 00:00:00,72046.88,72452.88,71256.6,71562.96,29181,4746,0
2024-03-12 04:00:00,71572.52,72309.15,71211.66,72087.06,32832,5318,0
2024-03-12 08:00:00,72076.89,72276.92,71331.17,71947.55,29406,5396,0
2024-03-12 12:00:00,71949.09,72873.86,70772.75,71571.36,40807,4864,0
2024-03-12 16:00:00,71577.07,71726.84,68434.43,71285.83,54542,5334,0
2024-03-12 20:00:00,71289.04,71463.17,70510.24,71378.57,23916,5398,0
2024-03-13 00:00:00,71346.91,72194.71,71162.07,71993.61,25984,5393,0
2024-03-13 04:00:00,72003.01,73123.74,71855.61,72861.11,26465,4523,0
2024-03-13 08:00:00,72872.33,73657.22,72848.44,73035.9,28279,5104,0
2024-03-13 12:00:00,73035.64,73167.88,71302.26,72602.6,41608,5422,0
2024-03-13 16:00:00,72597.93,73389.43,72301.4,73355.93,31661,5469,0
2024-03-13 20:00:00,73359.58,73437.01,72761.48,73004.54,23620,5471,0
2024-03-14 00:00:00,73030.99,73272.0,72439.63,73186.24,24195,5838,0
2024-03-14 04:00:00,73186.92,73706.93,72606.93,73172.78,28639,4893,0
2024-03-14 08:00:00,73175.21,73503.34,72540.9,72820.82,25999,5294,0
2024-03-14 12:00:00,72820.71,73001.32,70408.13,70762.23,44697,5435,0
2024-03-14 16:00:00,70753.13,71364.73,68436.14,69272.41,57561,5337,0
2024-03-14 20:00:00,69263.15,71657.5,69146.22,71313.64,37746,5367,0
2024-03-15 00:00:00,71300.98,72395.27,66529.61,68192.05,56119,5262,0
2024-03-15 04:00:00,68198.83,68806.37,66867.59,68339.26,59328,5299,0
2024-03-15 08:00:00,68350.08,68545.85,65465.36,67714.82,70125,5221,0
2024-03-15 12:00:00,67718.99,68713.09,67363.17,68155.94,56150,5255,0
2024-03-15 16:00:00,68151.59,70594.58,67391.66,68965.72,58734,5195,0
2024-03-15 20:00:00,68962.0,69786.85,67390.92,69382.62,44333,5195,0
2024-03-16 00:00:00,69490.33,70102.88,68901.7,69196.47,34499,4635,0
2024-03-16 04:00:00,69194.72,69460.17,68548.49,69416.18,27334,5039,0
2024-03-16 08:00:00,69419.31,69427.28,67639.8,68250.54,31414,5010,0
2024-03-16 12:00:00,68240.94,68452.15,67410.73,68337.62,33084,5309,0
2024-03-16 16:00:00,68339.04,68386.15,66564.53,66812.69,42541,5267,0
2024-03-16 20:00:00,66811.77,67483.79,64721.77,65251.93,53238,5196,0
2024-03-17 00:00:00,65193.9,66556.17,65044.3,66495.23,44762,5200,0
2024-03-17 04:00:00,66489.24,66526.87,64464.39,65546.56,41195,5169,0
2024-03-17 08:00:00,65538.76,67449.16,65168.99,66895.83,44230,5002,0
2024-03-17 12:00:00,66889.86,68086.55,66322.76,67922.45,40125,5180,0
2024-03-17 16:00:00,67918.67,68642.21,67718.62,68493.68,33060,4268,0
2024-03-17 20:00:00,68500.91,68884.25,67909.83,68362.74,34812,4199,0
2024-03-18 00:00:00,68356.86,68408.05,66727.43,67932.59,45540,4616,0
2024-03-18 04:00:00,67934.89,68904.26,67614.77,68125.15,38473,4579,0
2024-03-18 08:00:00,68132.86,68431.06,67237.88,68197.93,42378,5009,0
2024-03-18 12:00:00,68193.59,68559.49,66515.62,67433.46,53147,4738,0
2024-03-18 16:00:00,67443.15,68081.25,66530.84,66883.76,48800,5188,0
2024-03-18 20:00:00,66882.02,67992.94,66882.02,67552.59,32949,5057,0
2024-03-19 00:00:00,67576.46,68118.46,64792.21,65835.66,58252,5134,0
2024-03-19 04:00:00,65828.42,65944.45,63523.13,64599.36,55360,5158,0
2024-03-19 08:00:00,64604.93,64617.4,62407.11,63018.47,60967,5099,0
2024-03-19 12:00:00,63021.36,64053.54,62322.2,63934.75,54492,5106,0
2024-03-19 16:00:00,63928.97,65747.36,63825.12,64352.84,49078,4866,0
2024-03-19 20:00:00,64357.03,64492.45,61477.86,61930.35,47594,4922,0
2024-03-20 00:00:00,61908.96,63437.3,61558.03,61835.2,55409,4958,0
2024-03-20 04:00:00,61832.85,63197.25,60724.29,62974.14,53218,4540,0
2024-03-20 08:00:00,62970.29,63913.91,62602.58,63367.66,38727,4081,0
2024-03-20 12:00:00,63372.93,64382.38,63028.71,63592.95,47319,4168,0
2024-03-20 16:00:00,63593.76,65970.28,62016.54,65749.07,65333,4135,0
2024-03-20 20:00:00,65746.64,68156.75,65623.52,67925.95,56087,4249,0
2024-03-21 00:00:00,67838.34,68230.85,66339.25,66648.37,43668,4272,0
2024-03-21 04:00:00,66647.0,67364.03,66050.78,66988.59,42319,4509,0
2024-03-21 08:00:00,66993.35,67689.76,66631.79,67021.63,39081,4249,0
2024-03-21 12:00:00,67016.59,67707.04,66021.63,66560.25,49299,4234,0
2024-03-21 16:00:00,66565.33,66981.9,64818.1,65207.68,48824,3169,0
2024-03-21 20:00:00,65199.35,65895.32,64526.92,65458.96,39985,4437,0
2024-03-22 00:00:00,65476.34,66154.13,65070.85,65961.88,37121,4437,0
2024-03-22 04:00:00,65967.06,66664.69,65715.03,66184.19,29316,4037,0
2024-03-22 08:00:00,66183.85,66379.76,64025.89,64241.73,36415,4378,0
2024-03-22 12:00:00,64232.97,64624.05,62507.3,63828.46,56275,3675,0
2024-03-22 16:00:00,63832.02,64158.93,62683.77,63840.51,42672,5007,0
2024-03-22 20:00:00,63846.86,63988.94,62223.46,63773.02,37625,4897,0
2024-03-23 00:00:00,63790.2,64344.15,62968.86,63536.61,28280,4391,0
2024-03-23 04:00:00,63532.68,64857.37,63480.4,64586.58,27223,3394,0
2024-03-23 08:00:00,64586.67,64882.74,64175.4,64653.95,27691,2627,0
2024-03-23 12:00:00,64653.75,65431.24,64275.55,65108.56,31340,2639,0
2024-03-23 16:00:00,65113.98,66032.34,64766.24,64850.38,29169,2616,0
2024-03-23 20:00:00,64850.57,65208.79,63893.53,64097.51,25008,2632,0
2024-03-24 00:00:00,64007.13,64725.61,63933.28,64000.41,26584,2635,0
2024-03-24 04:00:00,64003.06,64572.43,63775.2,64552.61,23748,3401,0
2024-03-24 08:00:00,64557.12,65381.42,64464.2,65358.4,27625,3026,0
2024-03-24 12:00:00,65362.14,65957.81,65211.07,65681.38,29169,2616,0
2024-03-24 16:00:00,65685.37,66061.56,64581.74,65843.25,32910,2600,0
2024-03-24 20:00:00,65849.73,67618.7,65717.43,67213.48,36095,2663,0
2024-03-25 00:00:00,67217.83,67339.85,66368.85,67326.73,33444,2931,0
2024-03-25 04:00:00,67319.72,67740.81,66745.08,66873.92,28643,3168,0
2024-03-25 08:00:00,66873.6,67401.56,66760.32,66841.67,27827,3031,0
2024-03-25 12:00:00,66843.09,70026.67,66799.01,69797.24,45293,3039,0
2024-03-25 16:00:00,69806.2,71032.19,69433.89,70987.98,36701,3020,0
2024-03-25 20:00:00,70979.76,71133.81,69546.8,69888.2,32622,3111,0
2024-03-26 00:00:00,69888.32,70600.64,69671.61,70423.33,28204,3577,0
2024-03-26 04:00:00,70425.77,71488.21,70232.97,70502.41,25062,4173,0
2024-03-26 08:00:00,70504.95,71262.09,70269.21,70670.45,28032,5006,0
2024-03-26 12:00:00,70677.77,71112.71,69277.86,70230.48,41103,4523,0
2024-03-26 16:00:00,70237.87,70499.31,69402.56,69473.38,36611,4467,0
2024-03-26 20:00:00,69468.18,70290.22,69351.72,69978.77,30111,4502,0
2024-03-27 00:00:00,69970.67,70725.14,69792.11,70326.68,27719,4437,0
2024-03-27 04:00:00,70321.81,70544.34,69614.35,69722.51,25500,4470,0
2024-03-27 08:00:00,69718.74,70314.51,69415.36,70203.55,27376,5330,0
2024-03-27 12:00:00,70204.59,71656.93,68441.5,68796.19,49574,5234,0
2024-03-27 16:00:00,68798.87,69426.96,68299.03,68573.76,42899,5291,0
2024-03-27 20:00:00,68582.25,69599.93,68541.59,69422.83,31123,5342,0
2024-03-28 00:00:00,69404.3,69943.72,68836.41,69262.06,33621,5353,0
2024-03-28 04:00:00,69259.2,70398.34,69202.62,70321.54,28840,5344,0
2024-03-28 08:00:00,70326.3,70902.4,70226.5,70568.35,30289,4932,0
2024-03-28 12:00:00,70572.12,71541.01,70279.33,71266.69,39401,4719,0
2024-03-28 16:00:00,71269.95,71283.98,70318.16,70772.82,31080,5240,0
2024-03-28 20:00:00,70767.2,71075.26,70539.5,70697.09,25099,5244,0
2024-03-29 00:00:00,70752.58,70916.31,70281.94,70440.67,24376,5464,0
2024-03-29 04:00:00,70441.66,70517.33,69751.49,69761.97,25177,5394,0
2024-03-29 08:00:00,69768.2,70355.45,69562.26,70179.9,26745,5416,0
2024-03-29 12:00:00,70179.58,70624.77,68993.14,69160.75,28081,5365,0
2024-03-29 16:00:00,69159.64,69688.9,69067.2,69677.34,23032,5359,0
2024-03-29 20:00:00,69680.88,69969.68,69296.8,69870.15,20523,5371,0
2024-03-30 00:00:00,69860.11,70175.74,69745.76,69816.43,14667,5384,0
2024-03-30 04:00:00,69817.17,70341.24,69775.11,69866.46,19185,5384,0
2024-03-30 08:00:00,69861.61,70206.52,69812.61,70190.75,18017,5390,0
2024-03-30 12:00:00,70189.12,70281.09,69925.42,70022.2,17460,5368,0
2024-03-30 16:00:00,70022.86,70298.95,69701.36,69906.37,19575,5369,0
2024-03-30 20:00:00,69904.13,69942.95,69530.4,69639.55,18705,5381,0
2024-03-31 00:00:00,69595.54,70158.33,69573.55,69920.48,18226,5391,0
2024-03-31 04:00:00,69924.51,70421.52,69875.51,70281.38,17951,5348,0
2024-03-31 08:00:00,70275.59,70434.04,70146.24,70355.06,16921,5340,0
2024-03-31 12:00:00,70355.75,70737.57,70264.23,70371.29,18951,5292,0
2024-03-31 16:00:00,70373.89,71191.44,70303.03,70979.62,21845,5333,0
2024-03-31 20:00:00,70972.14,71356.03,70592.71,71288.85,20882,5414,0
2024-04-01 00:00:00,71243.5,71261.3,70457.21,70552.51,22110,5407,0
2024-04-01 04:00:00,70557.58,70636.67,68904.64,69622.24,29650,5404,0
2024-04-01 08:00:00,69629.47,69802.58,69113.04,69477.66,25974,5370,0
2024-04-01 12:00:00,69474.03,70086.41,68105.28,68196.58,36296,5452,0
2024-04-01 16:00:00,68188.22,69855.88,67983.42,69686.02,35566,5328,0
2024-04-01 20:00:00,69686.32,69903.47,69320.92,69683.7,22825,5392,0
2024-04-02 00:00:00,69654.25,69698.62,65945.23,66706.64,40315,5052,0
2024-04-02 04:00:00,66703.02,67152.12,66095.46,66449.58,28517,5246,0
2024-04-02 08:00:00,66459.14,66704.36,64885.25,65530.96,40522,5191,0
2024-04-02 12:00:00,65537.44,66262.4,64550.78,64890.71,45495,5177,0
2024-04-02 16:00:00,64895.34,66218.82,64573.27,65922.87,41066,5179,0
2024-04-02 20:00:00,65916.19,66113.84,65185.93,65368.55,31634,5208,0
2024-04-03 00:00:00,65406.48,66282.62,64519.22,66208.45,35654,5144,0
2024-04-03 04:00:00,66208.42,66506.98,65906.0,66108.84,26037,5231,0
2024-04-03 08:00:00,66108.02,66657.72,65503.24,66080.02,29892,5190,0
2024-04-03 12:00:00,66082.82,66888.68,65574.38,65809.13,38634,5146,0
2024-04-03 16:00:00,65815.84,66568.49,65428.74,65760.56,32760,5167,0
2024-04-03 20:00:00,65757.21,66304.72,65427.77,65934.97,24935,5110,0
2024-04-04 00:00:00,65947.75,66363.51,65469.44,65587.01,26480,5300,0
2024-04-04 04:00:00,65581.94,66253.18,65041.33,66037.35,24977,5200,0
2024-04-04 08:00:00,66041.96,66454.24,65929.65,66275.38,20913,5390,0
2024-04-04 12:00:00,66273.61,67966.04,66266.41,67619.82,32063,5376,0
2024-04-04 16:00:00,67624.48,69350.38,67506.92,68455.45,37901,5330,0
2024-04-04 20:00:00,68463.71,68567.1,67292.21,68494.98,32731,5223,0
2024-04-05 00:00:00,68501.24,68750.73,67414.74,67847.0,31771,6806,0
2024-04-05 04:00:00,67850.49,68024.78,66369.08,66903.47,32033,5159,0
2024-04-05 08:00:00,66904.37,67651.0,66317.4,66488.47,38397,5240,0
2024-04-05 12:00:00,66481.55,68593.77,65888.29,68212.04,46513,5226,0
2024-04-05 16:00:00,68205.36,68401.8,67259.75,67339.34,33281,5287,0
2024-04-05 20:00:00,67347.51,67973.26,67271.04,67796.3,23161,5289,0
2024-04-06 00:00:00,67822.0,68068.67,67431.49,67794.6,21495,5827,0
2024-04-06 04:00:00,67796.05,68240.42,67603.59,67975.88,19990,5295,0
2024-04-06 08:00:00,67975.5,68120.6,67599.25,67667.95,18434,5297,0
2024-04-06 12:00:00,67661.54,68294.08,67534.65,68090.19,22812,5304,0
2024-04-06 16:00:00,68090.04,68475.01,67907.81,68242.36,20564,5595,0
2024-04-06 20:00:00,68234.09,69654.0,68101.58,68889.02,22242,5966,0
2024-04-07 00:00:00,68875.92,69768.61,68793.38,69408.71,24025,5698,0
2024-04-07 04:00:00,69411.12,69490.68,69061.08,69357.68,19317,6454,0
2024-04-07 08:00:00,69361.83,69531.92,69165.33,69358.92,18071,6221,0
2024-04-07 12:00:00,69358.92,69849.45,69196.14,69540.54,21254,6237,0
2024-04-07 16:00:00,69544.17,70244.75,68813.61,69046.37,25045,5363,0
2024-04-07 20:00:00,69048.87,69455.99,68851.03,69319.6,21583,6829,0
2024-04-08 00:00:00,69323.16,69774.45,69002.47,69443.57,21798,6421,0
2024-04-08 04:00:00,69438.13,70817.31,69218.3,70628.24,21732,5387,0
2024-04-08 08:00:00,70617.39,72567.33,70574.04,72298.79,33933,5340,0
2024-04-08 12:00:00,72307.19,72688.69,71183.52,71725.44,31621,5288,0
2024-04-08 16:00:00,71719.57,72107.04,71252.44,71667.68,27730,5731,0
2024-04-08 20:00:00,71671.08,71960.41,71399.65,71567.18,18740,5421,0
2024-04-09 00:00:00,71573.84,71722.54,70792.63,71244.39,25577,5431,0
2024-04-09 04:00:00,71245.41,71317.17,70147.71,70357.42,28728,5406,0
2024-04-09 08:00:00,70360.01,70881.1,69545.21,70750.52,27258,5376,0
2024-04-09 12:00:00,70747.9,70940.53,68450.15,69184.16,35611,5344,0
2024-04-09 16:00:00,69168.16,69276.52,68117.84,68949.56,33390,5348,0
2024-04-09 20:00:00,68943.81,69415.13,68781.44,69071.4,21761,6672,0
2024-04-10 00:00:00,69068.09,69564.85,68412.2,69106.26,31441,6925,0
2024-04-10 04:00:00,69116.35,69510.82,68904.24,69307.96,22622,6153,0
2024-04-10 08:00:00,69307.78,69321.22,68552.85,68985.36,29767,5367,0
2024-04-10 12:00:00,68992.7,69193.18,67403.75,68627.56,38473,5299,0
2024-04-10 16:00:00,68632.12,70072.02,68501.27,70072.02,34817,5363,0
2024-04-10 20:00:00,70090.49,71154.57,69541.8,70535.86,27023,5385,0
2024-04-11 00:00:00,70596.81,71040.54,70234.72,70800.77,26056,6848,0
2024-04-11 04:00:00,70799.31,71275.73,70341.13,70699.62,24431,6359,0
2024-04-11 08:00:00,70705.55,71230.72,69833.13,69977.79,29245,7149,0
2024-04-11 12:00:00,69985.95,71073.24,69502.47,70005.98,37144,5358,0
2024-04-11 16:00:00,70005.19,70557.28,69548.07,70471.37,28124,5369,0
2024-04-11 20:00:00,70468.29,70758.99,69777.59,69995.05,23270,6520,0
2024-04-12 00:00:00,69993.4,70992.24,69993.4,70929.36,25761,5417,0
2024-04-12 04:00:00,70939.89,71202.41,70521.94,70753.26,22628,6345,0
2024-04-12 08:00:00,70752.95,70947.16,70459.5,70872.33,20936,6730,0
2024-04-12 12:00:00,70872.09,70947.43,69167.29,69274.68,28328,5328,0
2024-04-12 16:00:00,69277.22,69556.33,65090.16,66800.94,49100,5133,0
2024-04-12 20:00:00,66808.71,67456.88,66617.24,67088.81,25761,6734,0
2024-04-13 00:00:00,67044.6,67135.69,65672.15,67113.31,31053,5223,0
2024-04-13 04:00:00,67116.78,67931.28,66941.97,67416.55,26194,5278,0
2024-04-13 08:00:00,67403.54,67822.82,67027.51,67345.8,23353,6732,0
2024-04-13 12:00:00,67335.56,67935.59,67106.57,67665.4,25908,5288,0
2024-04-13 16:00:00,67670.51,67773.24,63964.78,64771.2,37456,5062,0
2024-04-13 20:00:00,64764.64,65626.71,61450.2,63860.04,52838,4288,0
2024-04-14 00:00:00,64020.52,64383.36,62099.46,63339.02,36360,4396,0
2024-04-14 04:00:00,63340.5,64928.79,63282.48,64505.43,22375,4220,0
2024-04-14 08:00:00,64502.1,64917.03,63903.21,64231.38,23714,3799,0
2024-04-14 12:00:00,64234.67,64900.3,63442.15,64205.48,33851,3743,0
2024-04-14 16:00:00,64211.36,64780.49,62594.23,64212.24,40632,3692,0
2024-04-14 20:00:00,64209.45,65874.72,63352.28,65745.67,38025,3922,0
2024-04-15 00:00:00,65735.23,65979.75,64949.3,65194.08,35244,4436,0
2024-04-15 04:00:00,65194.27,66653.44,64717.11,66310.37,30841,4518,0
2024-04-15 08:00:00,66305.18,66864.66,65835.22,65922.09,27850,4599,0
2024-04-15 12:00:00,65927.74,66473.23,63829.02,64628.65,39123,4024,0
2024-04-15 16:00:00,64628.52,64917.79,62254.18,63317.52,46319,4080,0
2024-04-15 20:00:00,63309.9,63665.31,62627.57,63438.24,31378,4310,0
2024-04-16 00:00:00,63475.01,63935.06,62731.31,62965.01,34092,4561,0
2024-04-16 04:00:00,62971.2,63858.33,61529.24,63551.44,33293,4666,0
2024-04-16 08:00:00,63552.88,63735.95,61563.25,63121.43,34339,4312,0
2024-04-16 12:00:00,63125.86,63486.7,61706.09,61756.61,48138,4319,0
2024-04-16 16:00:00,61749.59,63299.13,61648.11,62666.3,41872,4852,0
2024-04-16 20:00:00,62672.52,64401.34,62537.28,63846.43,26517,4930,0
2024-04-17 00:00:00,63800.43,64314.66,63577.15,63846.18,29589,5217,0
2024-04-17 04:00:00,63842.59,64516.91,63251.64,63255.14,26882,4460,0
2024-04-17 08:00:00,63251.76,63615.6,62514.69,62610.97,28103,4677,0
2024-04-17 12:00:00,62604.88,62983.37,59795.16,60255.68,47126,4527,0
2024-04-17 16:00:00,60248.87,61979.56,59619.97,60955.6,49591,4902,0
2024-04-17 20:00:00,60963.32,61761.94,60728.16,61256.44,31274,4777,0
2024-04-18 00:00:00,61244.16,62258.11,60875.56,62010.66,29283,4852,0
2024-04-18 04:00:00,62003.26,62105.01,60725.61,61134.76,28586,4674,0
2024-04-18 08:00:00,61140.15,63133.81,60771.91,62615.84,27467,4299,0
2024-04-18 12:00:00,62617.16,64162.52,61551.05,63537.16,34602,4188,0
2024-04-18 16:00:00,63524.8,63910.4,62317.5,63515.88,29558,3939,0
2024-04-18 20:00:00,63518.39,63851.51,63126.74,63515.28,21063,4024,0
2024-04-19 00:00:00,63489.45,63514.67,59537.38,61743.58,41453,4040,0
2024-04-19 04:00:00,61752.19,65188.77,61693.37,64629.43,35614,3865,0
2024-04-19 08:00:00,64622.72,65427.5,64183.04,64929.36,27549,3739,0
2024-04-19 12:00:00,64922.43,65499.96,63875.14,64459.57,30002,3513,0
2024-04-19 16:00:00,64457.6,64823.56,63512.61,64350.86,27416,3481,0
2024-04-19 20:00:00,64354.6,64532.69,62961.44,63828.64,21608,3517,0
2024-04-20 00:00:00,63866.16,64245.5,63078.61,64001.33,24559,3557,0
2024-04-20 04:00:00,64008.78,64303.1,63841.27,63991.09,17134,4958,0
2024-04-20 08:00:00,63997.87,64042.18,63283.6,63761.4,19435,4264,0
2024-04-20 12:00:00,63768.32,64988.3,63578.64,64829.87,19949,5873,0
2024-04-20 16:00:00,64830.57,65438.32,64470.37,64855.36,22630,3953,0
2024-04-20 20:00:00,64858.24,65033.37,64525.78,64954.94,17749,4300,0
2024-04-21 00:00:00,64962.43,65690.35,64561.53,65181.25,17617,3906,0
2024-04-21 04:00:00,65181.12,65272.28,64850.05,65155.07,17033,6094,0
2024-04-21 08:00:00,65154.9,65433.69,64752.86,65224.18,17462,5780,0
2024-04-21 12:00:00,65219.85,65373.84,64746.7,65034.29,18777,4741,0
2024-04-21 16:00:00,65035.48,65083.83,64199.91,64535.58,20222,4727,0
2024-04-21 20:00:00,64542.72,65140.53,64291.03,64916.54,18951,4648,0
2024-04-22 00:00:00,64916.28,66071.93,64489.05,65700.47,22630,4378,0
2024-04-22 04:00:00,65704.9,66542.35,65475.19,65956.24,22403,4645,0
2024-04-22 08:00:00,65962.5,66244.94,65709.55,65895.03,19402,4389,0
2024-04-22 12:00:00,65903.76,66515.41,65634.63,66002.54,23460,3892,0
2024-04-22 16:00:00,66011.97,66875.23,65908.99,66540.07,20944,3657,0
2024-04-22 20:00:00,66548.16,67252.41,66308.27,66827.97,20149,3428,0
2024-04-23 00:00:00,66824.37,67188.6,66447.48,66464.18,18054,3295,0
2024-04-23 04:00:00,66457.05,66679.12,66045.59,66127.71,17886,3977,0
2024-04-23 08:00:00,66131.15,66331.87,65815.3,66067.69,17452,4205,0
2024-04-23 12:00:00,66076.93,67157.54,65777.95,66423.92,25078,4316,0
2024-04-23 16:00:00,66429.69,66919.17,66310.53,66462.96,20050,4200,0
2024-04-23 20:00:00,66464.62,66489.3,65963.1,66389.33,18875,5906,0
2024-04-24 00:00:00,66391.03,66881.56,66356.85,66606.51,19848,4394,0
2024-04-24 04:00:00,66610.47,67067.07,66507.44,66603.23,19128,6972,0
2024-04-24 08:00:00,66598.08,66742.16,66155.74,66593.95,18486,4086,0
2024-04-24 12:00:00,66592.67,66724.4,64472.86,64594.93,25777,3711,0
2024-04-24 16:00:00,64584.66,65095.73,63696.48,63907.47,24212,4084,0
2024-04-24 20:00:00,63912.1,64407.32,63524.68,64237.79,22562,3778,0
2024-04-25 00:00:00,64247.95,64710.4,63812.4,64250.41,22191,4043,0
2024-04-25 04:00:00,64245.54,64385.03,63734.43,63976.83,19565,4053,0
2024-04-25 08:00:00,63979.16,64180.06,63278.9,63836.54,22310,3849,0
2024-04-25 12:00:00,63835.81,64250.95,62726.45,64117.54,31470,3866,0
2024-04-25 16:00:00,64125.72,64928.93,63922.48,64719.98,23055,3804,0
2024-04-25 20:00:00,64718.73,65283.9,64391.17,64480.32,17423,3822,0
2024-04-26 00:00:00,64478.86,64677.71,63883.83,64380.36,17746,3710,0
2024-04-26 04:00:00,64382.29,64633.47,63916.3,64274.97,17621,3676,0
2024-04-26 08:00:00,64277.46,64582.58,64028.75,64230.77,17048,5487,0
2024-04-26 12:00:00,64228.84,64802.43,63301.23,63471.61,25975,3722,0
2024-04-26 16:00:00,63471.2,64171.67,63252.2,63649.29,20120,4112,0
2024-04-26 20:00:00,63659.78,64113.51,63645.74,63730.84,16657,4100,0
2024-04-27 00:00:00,63735.5,63917.39,62338.67,63055.97,21461,4130,0
2024-04-27 04:00:00,63052.93,63167.39,62738.1,62935.1,16890,4448,0
2024-04-27 08:00:00,62936.43,63020.1,62624.19,62820.21,15711,4916,0
2024-04-27 12:00:00,62816.36,63388.42,62745.3,62928.5,17089,4989,0
2024-04-27 16:00:00,62930.89,63599.32,62712.02,63309.46,19537,4493,0
2024-04-27 20:00:00,63313.17,63552.1,63097.19,63433.2,15965,4507,0
2024-04-28 00:00:00,63424.68,64359.16,63409.05,64015.09,17022,3507,0
2024-04-28 04:00:00,64014.81,64062.86,63743.32,63880.49,16218,3720,0
2024-04-28 08:00:00,63880.51,63976.36,63334.56,63467.51,15934,4472,0
2024-04-28 12:00:00,63463.28,63836.64,63385.17,63543.0,16053,4763,0
2024-04-28 16:00:00,63542.97,63986.09,63445.98,63721.9,16183,4545,0
2024-04-28 20:00:00,63719.54,63763.38,62745.29,63103.66,18702,4449,0
2024-04-29 00:00:00,63109.01,63350.27,62129.43,62297.3,19913,4483,0
2024-04-29 04:00:00,62293.06,62658.76,61906.15,62399.53,21265,4470,0
2024-04-29 08:00:00,62392.51,62704.29,62142.16,62251.03,18732,4793,0
2024-04-29 12:00:00,62253.51,63102.38,61766.12,63044.68,26009,4467,0
2024-04-29 16:00:00,63050.31,63227.53,62498.75,62940.9,20712,4490,0
2024-04-29 20:00:00,62936.35,64246.19,62804.72,63869.04,18840,4103,0
2024-04-30 00:00:00,63860.69,64715.82,63099.79,63648.42,20725,3661,0
2024-04-30 04:00:00,63648.04,63712.89,63038.78,63123.19,17720,4293,0
2024-04-30 08:00:00,63128.63,63234.02,60898.36,61177.68,28296,4219,0
2024-04-30 12:00:00,61175.23,61496.05,60481.23,60699.54,38079,4413,0
2024-04-30 16:00:00,60705.05,60823.61,59066.44,59159.49,37389,4381,0
2024-04-30 20:00:00,59164.93,60995.95,59136.92,60604.29,27013,4386,0
2024-05-01 00:00:00,60611.58,60802.63,59526.83,60151.27,25512,4370,0
2024-05-01 04:00:00,60158.66,60288.83,57128.82,57485.19,30350,4147,0
2024-05-01 08:00:00,57492.19,57862.03,56550.38,57829.14,32516,4193,0
2024-05-01 12:00:00,57826.3,58240.5,56618.03,56867.47,33433,3880,0
2024-05-01 16:00:00,56858.85,59391.94,56574.01,56925.09,33339,3713,0
2024-05-01 20:00:00,56926.89,58489.1,56694.37,58297.12,23128,4033,0
2024-05-02 00:00:00,58301.07,58515.8,56908.86,57407.46,21962,4060,0
2024-05-02 04:00:00,57402.6,57933.03,57195.61,57652.45,19176,4252,0
2024-05-02 08:00:00,57654.6,58669.65,57537.84,58573.33,22876,4217,0
2024-05-02 12:00:00,58572.59,59495.53,58243.83,59290.08,31119,3996,0
2024-05-02 16:00:00,59284.65,59600.22,58945.6,59377.12,24916,3895,0
2024-05-02 20:00:00,59372.96,59616.45,58649.57,59054.9,20930,3885,0
2024-05-03 00:00:00,59062.82,60029.69,58807.49,59743.43,23677,3889,0
2024-05-03 04:00:00,59738.97,59864.59,59056.57,59178.5,19615,3969,0
2024-05-03 08:00:00,59182.06,59578.23,58838.5,59288.37,22096,3994,0
2024-05-03 12:00:00,59290.25,62148.99,58974.24,61708.12,33997,2835,0
2024-05-03 16:00:00,61711.33,62208.6,61555.46,62073.32,26866,2799,0
2024-05-03 20:00:00,62074.11,63365.36,61965.02,62895.9,27475,2866,0
2024-05-04 00:00:00,62896.29,63594.68,62548.13,62729.17,22932,2654,0
2024-05-04 04:00:00,62729.91,63480.0,62667.93,62989.51,22153,2367,0
2024-05-04 08:00:00,62989.57,64516.95,62945.89,63888.12,24119,2061,0
2024-05-04 12:00:00,63887.56,64164.61,63415.51,63599.2,23577,2270,0
2024-05-04 16:00:00,63599.31,64000.5,63313.16,63919.3,19392,2677,0
2024-05-04 20:00:00,63917.61,64191.54,63533.18,63905.08,17228,2394,0
2024-05-05 00:00:00,63893.52,64181.65,62915.65,63247.9,24944,2272,0
2024-05-05 04:00:00,63254.92,63974.24,63141.34,63743.32,19322,2255,0
2024-05-05 08:00:00,63740.35,63946.45,63557.63,63843.72,16518,2131,0
2024-05-05 12:00:00,63842.67,64607.7,63648.99,64429.48,20958,2035,0
2024-05-05 16:00:00,64427.4,64518.32,63826.56,63892.3,19014,2157,0
2024-05-05 20:00:00,63896.09,64228.47,63564.98,64024.46,19844,2650,0
2024-05-06 00:00:00,64021.05,64475.7,63719.37,63881.48,19979,2698,0
2024-05-06 04:00:00,63888.02,64567.7,63772.03,64512.57,21172,2607,0
2024-05-06 08:00:00,64519.67,65496.77,63815.55,64231.03,28910,2234,0
2024-05-06 12:00:00,64224.52,64329.77,62877.42,63616.0,32503,2503,0
2024-05-06 16:00:00,63622.54,63767.21,62695.56,63188.6,26394,3203,0
2024-05-06 20:00:00,63188.71,63623.15,63021.68,63160.65,21148,3110,0
2024-05-07 00:00:00,63160.1,63977.14,62849.03,63240.87,24770,2882,0
2024-05-07 04:00:00,63240.94,63872.68,63071.84,63671.9,24698,2923,0
2024-05-07 08:00:00,63666.51,64405.88,63344.11,63511.8,25287,2657,0
2024-05-07 12:00:00,63506.2,64303.89,63077.46,63731.8,26051,2591,0
2024-05-07 16:00:00,63732.62,63891.83,62783.93,63062.29,23387,3096,0
2024-05-07 20:00:00,63067.79,63224.98,62246.09,62335.88,23671,3246,0
2024-05-08 00:00:00,62339.0,62972.02,62121.77,62886.9,23955,3499,0
2024-05-08 04:00:00,62885.68,63028.82,62055.49,62217.66,23555,3022,0
2024-05-08 08:00:00,62210.56,62543.43,62065.53,62262.78,23696,3306,0
2024-05-08 12:00:00,62258.83,62807.22,61721.42,62247.45,27275,3506,0
2024-05-08 16:00:00,62247.27,62782.05,61926.66,62169.9,23837,3237,0
2024-05-08 20:00:00,62171.37,62251.28,60867.31,61173.81,27362,3334,0
2024-05-09 00:00:00,61178.77,61792.0,61091.13,61670.57,20425,3608,0
2024-05-09 04:00:00,61677.49,61796.05,61105.9,61249.18,21212,3440,0
2024-05-09 08:00:00,61248.83,61461.25,60607.52,61050.84,24134,3525,0
2024-05-09 12:00:00,61047.91,62287.79,60853.5,62157.49,26187,2929,0
2024-05-09 16:00:00,62162.91,62676.07,61755.43,62466.14,22955,3148,0
2024-05-09 20:00:00,62465.87,63441.99,62358.58,63089.41,24161,3148,0
2024-05-10 00:00:00,63090.53,63116.68,62647.33,62928.52,20935,3172,0
2024-05-10 04:00:00,62929.06,63403.09,62642.86,63094.94,20191,3320,0
2024-05-10 08:00:00,63092.69,63365.19,62792.24,63316.85,18108,3717,0
2024-05-10 12:00:00,63314.22,63490.42,60649.27,60944.63,30128,3051,0
2024-05-10 16:00:00,60940.95,61305.57,60160.32,60667.5,29928,3718,0
2024-05-10 20:00:00,60670.58,60993.07,60413.78,60771.96,18882,3943,0
2024-05-11 00:00:00,60768.83,61076.13,60601.41,60704.01,17433,4182,0
2024-05-11 04:00:00,60705.1,61085.47,60665.61,61013.03,16814,3015,0
2024-05-11 08:00:00,61015.32,61063.58,60447.25,60697.08,18186,2965,0
2024-05-11 12:00:00,60696.57,61486.74,60609.88,61151.04,19580,2958,0
2024-05-11 16:00:00,61154.75,61404.69,60996.13,61133.67,18095,3204,0
2024-05-11 20:00:00,61132.84,61169.69,60725.19,60821.48,16172,3079,0
2024-05-12 00:00:00,60824.02,61102.84,60781.43,60924.02,16242,3196,0
2024-05-12 04:00:00,60927.55,61115.21,60571.25,60826.81,16074,3205,0
2024-05-12 08:00:00,60826.08,61348.98,60771.99,61127.67,18136,3155,0
2024-05-12 12:00:00,61129.48,61548.69,61062.04,61411.14,17722,3012,0
2024-05-12 16:00:00,61407.02,61875.6,61140.8,61398.3,20028,2645,0
2024-05-12 20:00:00,61400.27,61531.63,60843.18,61463.38,18547,2950,0
2024-05-13 00:00:00,61465.17,61800.78,60750.24,61157.12,24127,2878,0
2024-05-13 04:00:00,61156.9,62465.94,60769.66,62328.01,22397,2601,0
2024-05-13 08:00:00,62335.04,63292.96,62322.71,62741.4,26699,2265,0
2024-05-13 12:00:00,62744.89,63224.24,62379.9,63009.59,25762,2304,0
2024-05-13 16:00:00,63007.8,63477.52,62527.72,63197.22,26293,2198,0
2024-05-13 20:00:00,63196.37,63212.57,62690.71,62950.15,18057,2170,0
2024-05-14 00:00:00,62942.63,63100.09,62173.0,62433.6,20161,2210,0
2024-05-14 04:00:00,62430.46,62714.45,61401.64,62002.91,23925,2264,0
2024-05-14 08:00:00,61997.68,62012.06,61482.07,61770.0,23184,2279,0
2024-05-14 12:00:00,61768.78,62298.79,61080.52,61755.79,39315,2353,0
2024-05-14 16:00:00,61757.41,61799.37,61054.53,61563.74,26310,2366,0
2024-05-14 20:00:00,61560.52,61762.41,61411.79,61531.3,20545,2573,0
2024-05-15 00:00:00,61534.57,62021.51,61288.17,61938.73,22741,2459,0
2024-05-15 04:00:00,61943.08,62246.67,61782.35,62172.44,19999,2321,0
2024-05-15 08:00:00,62176.59,63002.42,61885.95,62448.73,29438,2372,0
2024-05-15 12:00:00,62450.6,65109.94,62394.61,64745.74,38567,2088,0
2024-05-15 16:00:00,64739.83,66447.84,64712.73,66027.44,31256,2254,0
2024-05-15 20:00:00,66023.54,66430.33,65738.16,66201.93,22900,2344,0
2024-05-16 00:00:00,66209.54,66674.5,65700.1,65982.34,22722,2421,0
2024-05-16 04:00:00,65974.48,66257.83,65620.25,66128.04,18569,2402,0
2024-05-16 08:00:00,66123.48,66559.45,65994.41,66500.37,19367,2179,0
2024-05-16 12:00:00,66506.26,66712.91,65355.48,65806.91,26593,2169,0
2024-05-16 16:00:00,65807.36,65833.78,64590.85,65171.03,25045,2061,0
2024-05-16 20:00:00,65174.22,65495.98,64987.7,65231.64,18172,2390,0
2024-05-17 00:00:00,65232.85,65881.68,65085.62,65558.99,19638,2369,0
2024-05-17 04:00:00,65554.16,66483.22,65344.44,66363.47,21018,2459,0
2024-05-17 08:00:00,66372.16,66559.41,66028.97,66207.38,22272,2577,0
2024-05-17 12:00:00,66199.82,67494.26,65795.16,67234.19,27374,2408,0
2024-05-17 16:00:00,67237.66,67352.94,66204.69,67075.47,23005,2467,0
2024-05-17 20:00:00,67079.78,67086.45,66670.77,67032.52,16611,2636,0
2024-05-18 00:00:00,67029.38,67100.8,66725.54,66960.71,17844,2638,0
2024-05-18 04:00:00,66960.16,67268.27,66712.42,66893.22,17844,2570,0
2024-05-18 08:00:00,66900.09,67425.75,66838.03,67235.28,17354,2272,0
2024-05-18 12:00:00,67233.57,67272.17,66532.55,66815.56,20871,2491,0
2024-05-18 16:00:00,66816.41,66994.38,66680.12,66888.76,16372,2890,0
2024-05-18 20:00:00,66891.6,67044.03,66791.85,66895.69,17038,2782,0
2024-05-19 00:00:00,66885.17,67285.62,66811.17,67163.97,16286,2337,0
2024-05-19 04:00:00,67164.16,67341.69,66888.55,67310.13,15711,2528,0
2024-05-19 08:00:00,67312.43,67671.51,66943.51,67311.74,21808,2309,0
2024-05-19 12:00:00,67311.92,67319.49,66658.75,66869.36,20825,2736,0
2024-05-19 16:00:00,66870.95,66993.14,65809.0,65990.11,20306,2682,0
2024-05-19 20:00:00,65989.59,66424.96,65920.7,66227.31,17723,2793,0
2024-05-20 00:00:00,66231.8,66731.01,66007.15,66633.44,21807,2933,0
2024-05-20 04:00:00,66633.72,67272.81,66245.22,66796.88,24039,2582,0
2024-05-20 08:00:00,66801.45,67337.94,66691.42,66960.85,20358,2564,0
2024-05-20 12:00:00,66959.5,67485.9,66703.81,67418.6,23068,2452,0
2024-05-20 16:00:00,67412.7,70075.34,67366.61,70043.53,33496,2530,0
2024-05-20 20:00:00,70042.49,71474.02,68880.06,71435.24,32968,2521,0
2024-05-21 00:00:00,71438.9,71900.34,70665.91,71214.82,23267,2409,0
2024-05-21 04:00:00,71223.5,71356.49,70750.89,70879.55,19321,3187,0
2024-05-21 08:00:00,70880.55,71415.26,70776.74,71071.65,21472,3589,0
2024-05-21 12:00:00,71076.0,71408.47,69604.81,69774.52,27890,2680,0
2024-05-21 16:00:00,69770.4,70239.83,69097.12,69256.39,24087,2683,0
2024-05-21 20:00:00,69254.64,70389.34,69206.17,70129.83,20811,2963,0
2024-05-22 00:00:00,70133.95,70358.59,69788.14,69948.45,18606,3734,0
2024-05-22 04:00:00,69949.62,70047.71,69168.29,69702.88,18929,3030,0
2024-05-22 08:00:00,69707.83,70248.97,69613.1,69718.48,18510,3490,0
2024-05-22 12:00:00,69705.48,70567.1,69366.87,70404.41,24073,2836,0
2024-05-22 16:00:00,70404.74,70637.13,69192.17,69597.04,28883,2802,0
2024-05-22 20:00:00,69600.35,69946.81,68770.02,69120.41,28751,2897,0
2024-05-23 00:00:00,69125.67,69612.01,69125.56,69407.2,26116,3022,0
2024-05-23 04:00:00,69406.69,69835.3,69292.17,69719.87,22755,3057,0
2024-05-23 08:00:00,69722.22,70000.81,69460.21,69931.51,23417,3064,0
2024-05-23 12:00:00,69937.69,70008.17,67531.47,68032.11,35088,2919,0
2024-05-23 16:00:00,68031.43,68140.1,66670.81,67110.0,30348,2998,0
2024-05-23 20:00:00,67112.2,68290.88,66209.75,67954.42,31970,2837,0
2024-05-24 00:00:00,67959.57,68011.76,67568.98,67850.91,22224,3412,0
2024-05-24 04:00:00,67853.93,67890.66,66755.92,67104.05,24306,3011,0
2024-05-24 08:00:00,67104.95,67487.35,66564.98,67275.52,24027,3334,0
2024-05-24 12:00:00,67277.37,68420.96,66860.81,68244.29,25815,2938,0
2024-05-24 16:00:00,68246.36,69300.48,67855.46,69149.56,28096,2868,0
2024-05-24 20:00:00,69146.24,69253.35,68435.04,68508.49,18326,3065,0
2024-05-25 00:00:00,68511.87,68891.7,68471.66,68717.72,17704,2886,0
2024-05-25 04:00:00,68713.57,68805.25,68582.77,68723.96,16219,3046,0
2024-05-25 08:00:00,68724.8,69633.28,68687.25,69099.01,18562,2290,0
2024-05-25 12:00:00,69099.3,69310.92,68822.79,68951.38,19966,3041,0
2024-05-25 16:00:00,68950.63,69264.84,68853.06,69165.7,15869,3057,0
2024-05-25 20:00:00,69164.92,69373.63,69032.62,69311.9,15682,3056,0
2024-05-26 00:00:00,69312.71,69349.99,68793.87,69064.75,18161,3054,0
2024-05-26 04:00:00,69068.95,69426.92,68866.74,69334.88,16215,3057,0
2024-05-26 08:00:00,69336.94,69535.78,68954.04,69130.94,18025,2869,0
2024-05-26 12:00:00,69126.97,69372.1,68653.26,68855.04,19249,3161,0
2024-05-26 16:00:00,68858.62,68969.17,68665.0,68846.59,17075,3150,0
2024-05-26 20:00:00,68846.65,68867.91,67970.66,68444.94,18603,2866,0
2024-05-27 00:00:00,68444.61,69282.47,68398.49,68855.84,21502,2994,0
2024-05-27 04:00:00,68852.04,68874.46,68245.75,68591.8,20542,3246,0
2024-05-27 08:00:00,68590.52,68870.64,68174.48,68362.11,21988,3951,0
2024-05-27 12:00:00,68365.11,70451.85,68254.13,70279.74,27446,3145,0
2024-05-27 16:00:00,70281.81,70602.03,68993.82,69188.25,20955,2942,0
2024-05-27 20:00:00,69193.11,69844.33,69129.1,69379.9,15315,4771,0
2024-05-28 00:00:00,69379.34,69542.16,67691.07,67998.57,15860,3347,0
2024-05-28 04:00:00,68001.86,68084.14,67437.1,67631.53,15408,4491,0
2024-05-28 08:00:00,67623.7,68832.55,67515.29,68325.76,16979,3361,0
2024-05-28 12:00:00,68325.05,68508.45,67455.23,68274.42,20787,3978,0
2024-05-28 16:00:00,68275.01,68554.65,67189.73,68346.81,19382,3878,0
2024-05-28 20:00:00,68347.62,68605.36,68040.37,68290.88,15970,3910,0
2024-05-29 00:00:00,68294.25,68887.52,68160.19,68752.66,17854,3866,0
2024-05-29 04:00:00,68754.77,68891.08,67871.14,67885.03,17576,4070,0
2024-05-29 08:00:00,67887.25,67987.65,67556.05,67694.78,17808,3328,0
2024-05-29 12:00:00,67687.69,68228.42,67244.24,67327.04,30086,3346,0
2024-05-29 16:00:00,67333.28,67709.69,67067.29,67214.07,59226,3464,0
2024-05-29 20:00:00,67216.97,67778.68,67044.45,67566.21,42641,3659,0
2024-05-30 00:00:00,67573.35,68132.27,67381.06,68046.65,32401,3814,0
2024-05-30 04:00:00,68053.44,68376.97,67459.21,67547.01,35149,3320,0
2024-05-30 08:00:00,67548.78,68084.3,67052.83,67755.27,52666,3431,0
2024-05-30 12:00:00,67761.07,68829.56,67665.91,68483.76,63869,3495,0
2024-05-30 16:00:00,68483.92,69547.1,68325.76,68639.23,55641,3497,0
2024-05-30 20:00:00,68644.4,68651.01,67975.18,68291.96,55857,3321,0
2024-05-31 00:00:00,68298.37,68732.74,68221.79,68512.83,42412,3889,0
2024-05-31 04:00:00,68515.85,68630.07,68029.77,68124.36,41645,3880,0
2024-05-31 08:00:00,68132.46,68437.13,67803.95,68294.87,43402,3720,0
2024-05-31 12:00:00,68288.63,69018.62,67103.89,67145.91,53971,3427,0
2024-05-31 16:00:00,67142.42,67907.56,66574.58,67527.58,56227,3471,0
2024-05-31 20:00:00,67535.19,67716.19,67125.88,67478.68,35027,3487,0
2024-06-01 00:00:00,67480.39,67711.0,67333.38,67649.54,40654,3566,0
2024-06-01 04:00:00,67657.32,67772.01,67468.6,67564.66,29509,3387,0
2024-06-01 08:00:00,67570.72,67689.25,67478.9,67595.77,23491,3344,0
2024-06-01 12:00:00,67589.45,67834.02,67560.84,67611.05,27600,3320,0
2024-06-01 16:00:00,67611.39,67794.21,67495.05,67687.08,25626,3333,0
2024-06-01 20:00:00,67678.21,67806.02,67600.8,67693.8,28758,3347,0
2024-06-02 00:00:00,67701.39,67858.27,67573.12,67712.35,27712,3480,0
2024-06-02 04:00:00,67713.07,67805.97,67633.07,67653.07,25950,3320,0
2024-06-02 08:00:00,67654.05,68238.96,67303.77,68198.34,20154,3343,0
2024-06-02 12:00:00,68200.04,68434.49,67726.07,68083.35,17800,3942,0
2024-06-02 16:00:00,68084.18,68152.13,67228.21,67698.15,17555,3642,0
2024-06-02 20:00:00,67697.92,67937.92,67509.81,67729.6,16676,3627,0
2024-06-03 00:00:00,67733.46,68736.87,67532.94,68335.17,18499,3683,0
2024-06-03 04:00:00,68340.83,69201.75,68228.43,68872.87,21546,3206,0
2024-06-03 08:00:00,68877.7,69338.76,68826.41,69074.74,20262,2733,0
2024-06-03 12:00:00,69069.03,70260.84,68518.25,69570.53,28368,2729,0
2024-06-03 16:00:00,69575.41,69684.27,68752.92,69173.69,22803,3349,0
2024-06-03 20:00:00,69179.08,69505.4,68717.64,68789.71,19457,3282,0
2024-06-04 00:00:00,68783.65,69358.75,68629.87,69153.92,19981,3479,0
2024-06-04 04:00:00,69150.29,69264.03,68721.37,68980.05,19488,3481,0
2024-06-04 08:00:00,68985.82,69181.94,68522.39,68935.96,20249,3275,0
2024-06-04 12:00:00,68934.02,70540.6,68836.92,70439.54,29517,3112,0
2024-06-04 16:00:00,70442.38,71086.3,70057.34,70433.1,26532,2673,0
2024-06-04 20:00:00,70435.61,70738.91,70131.78,70524.08,18597,2857,0
2024-06-05 00:00:00,70520.69,71259.09,70415.74,70914.77,22060,2709,0
2024-06-05 04:00:00,70919.25,71318.36,70780.28,71146.05,20467,2415,0
2024-06-05 08:00:00,71145.67,71193.5,70627.57,70902.58,19269,2631,0
2024-06-05 12:00:00,70901.35,71683.64,70323.91,71541.16,25189,2831,0
2024-06-05 16:00:00,71540.91,71708.62,70821.89,71251.0,23607,2668,0
2024-06-05 20:00:00,71253.48,71346.67,70748.9,71073.84,18610,2785,0
2024-06-06 00:00:00,71080.35,71227.77,70855.79,71051.75,17644,2995,0
2024-06-06 04:00:00,71051.19,71106.05,70759.18,70983.02,18223,3057,0
2024-06-06 08:00:00,70986.28,71157.67,70855.32,71127.62,17674,3081,0
2024-06-06 12:00:00,71131.27,71626.78,70927.72,71255.38,25173,3000,0
2024-06-06 16:00:00,71254.89,71348.73,70386.34,70434.87,21646,3192,0
2024-06-06 20:00:00,70434.84,70937.98,70070.76,70757.21,18847,2866,0
2024-06-07 00:00:00,70750.49,70994.77,70624.4,70969.25,17664,3189,0
2024-06-07 04:00:00,70967.59,71402.18,70941.49,71018.52,18966,2411,0
2024-06-07 08:00:00,71020.29,71673.92,70938.76,71673.92,17879,2895,0
2024-06-07 12:00:00,71677.91,71919.91,70563.91,71051.68,23893,2589,0
2024-06-07 16:00:00,71053.04,71161.91,68343.39,69206.61,35845,3029,0
2024-06-07 20:00:00,69204.08,69497.3,68908.08,69308.25,20077,3170,0
2024-06-08 00:00:00,69303.45,69512.23,69226.61,69380.81,17064,3048,0
2024-06-08 04:00:00,69386.15,69569.57,69180.38,69569.57,15502,3169,0
2024-06-08 08:00:00,69572.88,69577.82,69246.99,69335.09,16128,3117,0
2024-06-08 12:00:00,69336.91,69488.19,69126.74,69408.41,17741,3032,0
2024-06-08 16:00:00,69404.21,69492.12,69259.18,69478.66,16861,2781,0
2024-06-08 20:00:00,69474.1,69480.39,69246.15,69308.84,16185,2801,0
2024-06-09 00:00:00,69311.64,69314.75,69089.06,69214.52,15900,3300,0
2024-06-09 04:00:00,69215.31,69406.71,69170.43,69257.7,15802,2950,0
2024-06-09 08:00:00,69258.94,69373.95,69214.26,69339.05,14983,3258,0
2024-06-09 12:00:00,69341.11,69782.88,69206.04,69508.61,19630,3073,0
2024-06-09 16:00:00,69507.42,69849.13,69466.46,69698.56,17115,2797,0
2024-06-09 20:00:00,69701.16,69796.04,69561.33,69597.6,16332,2707,0
2024-06-10 00:00:00,69604.19,69797.29,69392.96,69615.0,16001,3105,0
2024-06-10 04:00:00,69618.17,69664.28,69206.18,69266.47,16508,3198,0
2024-06-10 08:00:00,69260.27,69526.59,69109.23,69437.93,17613,3459,0
2024-06-10 12:00:00,69441.05,70185.11,69167.18,70028.2,19379,3328,0
2024-06-10 16:00:00,70030.3,70103.4,69331.69,69430.51,18734,2857,0
2024-06-10 20:00:00,69434.68,69664.49,69279.74,69489.47,16411,3263,0
2024-06-11 00:00:00,69490.11,69541.43,67851.11,68405.13,19836,3275,0
2024-06-11 04:00:00,68399.48,68399.48,67259.65,67473.89,24961,3156,0
2024-06-11 08:00:00,67479.02,67601.19,66666.71,66807.67,25071,3333,0
2024-06-11 12:00:00,66806.92,67230.64,66051.91,66181.2,28337,3318,0
2024-06-11 16:00:00,66182.65,67568.37,66101.2,67357.6,27854,3319,0
2024-06-11 20:00:00,67356.71,67556.82,67113.63,67253.56,19211,3338,0
2024-06-12 00:00:00,67259.07,67552.66,66830.77,67375.51,21095,3327,0
2024-06-12 04:00:00,67373.78,67572.27,67120.16,67406.8,20251,3325,0
2024-06-12 08:00:00,67400.8,68041.3,67290.98,67733.92,20532,3295,0
2024-06-12 12:00:00,67734.82,70034.33,67685.85,69757.65,27353,2672,0
2024-06-12 16:00:00,69760.44,69891.8,67203.9,67503.63,33183,2661,0
2024-06-12 20:00:00,67501.2,68636.27,67382.52,68244.71,22323,3082,0
2024-06-13 00:00:00,68247.16,68365.43,66941.7,67418.87,27782,3111,0
2024-06-13 04:00:00,67417.66,67724.5,67268.14,67707.72,24052,3192,0
2024-06-13 08:00:00,67705.36,67957.25,67142.52,67695.88,23694,3066,0
2024-06-13 12:00:00,67694.13,68398.04,66303.53,66396.04,34455,3236,0
2024-06-13 16:00:00,66399.19,67020.77,66192.78,66515.41,24905,3322,0
2024-06-13 20:00:00,66520.68,66942.84,66432.97,66741.28,20422,3311,0
2024-06-14 00:00:00,66739.78,66978.3,66394.59,66684.43,22628,3331,0
2024-06-14 04:00:00,66685.09,67148.91,66620.98,66838.51,19641,3331,0
2024-06-14 08:00:00,66835.86,67160.24,66689.17,66966.14,20050,3333,0
2024-06-14 12:00:00,66966.8,67314.08,66243.04,66327.69,25076,3325,0
2024-06-14 16:00:00,66328.61,66458.13,65003.16,65451.99,34548,3298,0
2024-06-14 20:00:00,65457.34,66566.4,65410.73,65963.93,23095,3306,0
2024-06-15 00:00:00,65960.37,66240.3,65913.44,66200.49,18094,3317,0
2024-06-15 04:00:00,66205.58,66353.07,65977.77,66005.02,18648,3312,0
2024-06-15 08:00:00,66009.14,66289.88,65998.93,66230.34,16353,3313,0
2024-06-15 12:00:00,66227.98,66413.3,66107.98,66262.76,17714,3314,0
2024-06-15 16:00:00,66264.87,66319.0,66018.86,66115.75,16823,3314,0
2024-06-15 20:00:00,66108.72,66251.32,65808.67,66175.0,15957,3309,0
2024-06-16 00:00:00,66167.12,66224.1,66002.27,66093.2,15345,3312,0
2024-06-16 04:00:00,66093.0,66307.13,65988.11,66197.72,14976,3312,0
2024-06-16 08:00:00,66199.67,66727.11,66116.13,66437.01,16076,3250,0
2024-06-16 12:00:00,66433.99,66737.03,66393.88,66645.6,16461,3114,0
2024-06-16 16:00:00,66650.46,66701.44,66429.65,66487.46,16214,3000,0
2024-06-16 20:00:00,66486.1,66927.49,66381.78,66619.26,18202,3316,0
2024-06-17 00:00:00,66618.2,66863.49,66100.92,66158.46,19916,3311,0
2024-06-17 04:00:00,66155.07,66514.75,65872.85,66124.13,18659,3307,0
2024-06-17 08:00:00,66120.01,66262.24,65503.88,65752.65,22690,3287,0
2024-06-17 12:00:00,65748.29,65768.64,65034.71,65327.05,24846,3289,0
2024-06-17 16:00:00,65329.11,67252.68,65137.05,66617.04,28097,3145,0
2024-06-17 20:00:00,66619.39,66723.17,66110.07,66476.44,21787,3232,0
2024-06-18 00:00:00,66469.98,66564.2,64534.78,65503.29,32166,3275,0
2024-06-18 04:00:00,65505.41,65856.33,65349.66,65697.64,21858,3125,0
2024-06-18 08:00:00,65697.31,65785.68,65100.91,65370.96,20386,3047,0
2024-06-18 12:00:00,65374.78,65457.45,64260.82,64696.92,41215,3145,0
2024-06-18 16:00:00,64701.94,64905.46,64020.43,64372.11,31643,3276,0
2024-06-18 20:00:00,64370.07,65305.09,64155.56,65157.12,24593,3280,0
2024-06-19 00:00:00,65158.14,65578.92,64765.59,65385.65,25232,3277,0
2024-06-19 04:00:00,65389.68,65725.32,65173.28,65310.39,19639,3111,0
2024-06-19 08:00:00,65307.43,65513.81,64974.05,65205.65,18669,3270,0
2024-06-19 12:00:00,65206.71,65297.91,64712.67,64894.32,20008,3266,0
2024-06-19 16:00:00,64897.27,65250.6,64736.68,64845.92,18225,3287,0
2024-06-19 20:00:00,64848.36,65085.64,64628.8,64943.37,16968,3289,0
2024-06-20 00:00:00,64939.62,65386.5,64791.08,65177.52,20117,3291,0
2024-06-20 04:00:00,65172.76,65950.52,65071.15,65847.8,19382,3214,0
2024-06-20 08:00:00,65849.04,66474.36,65544.88,66162.6,18860,3153,0
2024-06-20 12:00:00,66162.18,66297.96,64605.06,64797.03,28845,3218,0
2024-06-20 16:00:00,64796.83,65172.67,64512.83,65000.43,28095,3285,0
2024-06-20 20:00:00,64999.35,65168.31,64811.7,64841.84,16733,3294,0
2024-06-21 00:00:00,64837.94,65043.42,64335.79,64468.15,20473,3284,0
2024-06-21 04:00:00,64467.46,64734.3,64155.04,64168.03,19110,3285,0
2024-06-21 08:00:00,64175.51,64357.65,63505.34,63739.12,25827,3267,0
2024-06-21 12:00:00,63740.4,64325.69,63357.35,63704.5,29073,3262,0
2024-06-21 16:00:00,63706.26,64219.78,63422.59,64209.75,25745,3262,0
2024-06-21 20:00:00,64205.21,64445.08,63817.65,64119.78,17525,3270,0
2024-06-22 00:00:00,64120.36,64330.75,63926.98,64298.03,16751,3272,0
2024-06-22 04:00:00,64298.78,64477.83,64225.61,64457.35,15707,3200,0
2024-06-22 08:00:00,64456.41,64475.03,64175.92,64214.41,15378,3174,0
2024-06-22 12:00:00,64214.34,64348.2,64186.05,64246.06,15173,3277,0
2024-06-22 16:00:00,64245.1,64339.78,64190.11,64240.94,14292,3277,0
2024-06-22 20:00:00,64241.08,64317.29,64191.21,64214.91,14606,3277,0
2024-06-23 00:00:00,64220.87,64483.12,64218.41,64389.15,16154,3279,0
2024-06-23 04:00:00,64389.17,64406.44,64292.89,64367.79,14565,3281,0
2024-06-23 08:00:00,64365.31,64398.94,64215.53,64297.03,14681,3330,0
2024-06-23 12:00:00,64296.66,64388.31,64013.39,64069.65,15276,3274,0
2024-06-23 16:00:00,64068.18,64146.6,63891.29,64111.07,15973,3271,0
2024-06-23 20:00:00,64104.84,64132.31,63137.87,63187.95,21128,3266,0
2024-06-24 00:00:00,63193.23,63369.47,62680.71,62866.83,23950,3248,0
2024-06-24 04:00:00,62867.75,62946.86,62121.18,62444.87,23833,3238,0
2024-06-24 08:00:00,62444.96,62981.25,60639.73,61273.26,30494,3208,0
2024-06-24 12:00:00,61269.68,61678.46,60619.74,60795.99,29000,3208,0
2024-06-24 16:00:00,60796.5,60997.65,59010.21,59284.72,40052,3175,0
2024-06-24 20:00:00,59281.26,60372.69,58454.62,60225.68,27775,3166,0
2024-06-25 00:00:00,60226.65,61601.07,60186.24,61311.27,25694,3182,0
2024-06-25 04:00:00,61314.11,61435.81,60579.8,60664.57,22798,3175,0
2024-06-25 08:00:00,60667.03,61552.51,60649.62,61174.79,22255,3192,0
2024-06-25 12:00:00,61175.75,62137.24,60942.68,61801.44,31311,3166,0
2024-06-25 16:00:00,61805.41,62425.94,61125.17,61993.74,25741,3143,0
2024-06-25 20:00:00,61996.54,62200.03,61638.04,61802.43,19467,3146,0
2024-06-26 00:00:00,61806.63,62450.45,61638.0,61940.92,20290,3176,0
2024-06-26 04:00:00,61944.82,62006.74,61508.03,61729.79,19649,3182,0
2024-06-26 08:00:00,61725.8,61767.27,61186.62,61457.5,19428,3181,0
2024-06-26 12:00:00,61457.26,61991.46,61193.72,61461.68,24724,3189,0
2024-06-26 16:00:00,61464.32,61544.7,60671.09,60968.89,21693,3193,0
2024-06-26 20:00:00,60973.05,61112.89,60684.91,60832.58,18650,3202,0
2024-06-27 00:00:00,60836.36,61233.1,60743.16,61018.0,19779,3203,0
2024-06-27 04:00:00,61017.09,61167.84,60563.02,60739.54,18980,3198,0
2024-06-27 08:00:00,60741.42,61392.39,60677.45,61133.08,20077,3167,0
2024-06-27 12:00:00,61130.89,62392.54,61084.49,61564.46,25295,3043,0
2024-06-27 16:00:00,61562.62,62033.46,61347.91,61393.55,21188,3172,0
2024-06-27 20:00:00,61395.75,61664.18,61299.57,61653.8,16471,3174,0
2024-06-28 00:00:00,61650.24,62190.86,61425.18,61780.81,20476,3193,0
2024-06-28 04:00:00,61781.71,61801.38,61190.17,61292.03,18040,3178,0
2024-06-28 08:00:00,61290.25,61746.24,61155.87,61628.62,19107,3202,0
2024-06-28 12:00:00,61629.68,61803.23,60657.14,60997.98,30722,3172,0
2024-06-28 16:00:00,60998.87,61056.34,59973.39,60007.36,27194,3190,0
2024-06-28 20:00:00,60011.64,60383.69,59960.72,60370.61,19126,3191,0
2024-06-29 00:00:00,60370.76,60962.69,60337.53,60706.46,18258,3198,0
2024-06-29 04:00:00,60706.33,61089.25,60646.94,60998.57,16233,3083,0
2024-06-29 08:00:00,60994.58,61186.26,60826.39,61045.98,15453,3038,0
2024-06-29 12:00:00,61045.93,61130.46,60868.02,61047.79,17431,3024,0
2024-06-29 16:00:00,61047.86,61095.05,60853.4,61001.65,15987,3112,0
2024-06-29 20:00:00,61001.49,61058.11,60814.41,60928.08,16770,3111,0
2024-06-30 00:00:00,60929.27,61035.56,60707.15,60844.23,17410,3154,0
2024-06-30 04:00:00,60843.79,61740.9,60641.63,61468.46,18530,2910,0
2024-06-30 08:00:00,61469.19,61658.79,61299.31,61474.6,18738,2596,0
2024-06-30 12:00:00,61477.41,61788.22,61257.21,61659.38,19451,2316,0
2024-06-30 16:00:00,61660.01,62074.46,61498.94,61988.61,18946,2291,0
2024-06-30 20:00:00,61991.23,63009.9,61787.58,62720.8,22907,2574,0
2024-07-01 00:00:00,62717.49,63775.65,62513.28,63355.98,25056,2656,0
2024-07-01 04:00:00,63352.96,63411.7,63162.25,63242.76,18265,3104,0
2024-07-01 08:00:00,63244.78,63290.59,62540.74,62599.43,20089,2909,0
2024-07-01 12:00:00,62597.67,63110.28,62465.82,63096.82,30261,3168,0
2024-07-01 16:00:00,63097.96,63844.67,62920.56,63163.54,26737,2912,0
2024-07-01 20:00:00,63164.47,63390.48,62772.75,62857.52,18634,2977,0
2024-07-02 00:00:00,62852.81,63245.61,62722.07,63070.29,18880,3018,0
2024-07-02 04:00:00,63071.64,63191.82,62502.04,62551.1,18984,3128,0
2024-07-02 08:00:00,62549.39,62818.21,62341.05,62778.2,19842,3236,0
2024-07-02 12:00:00,62776.26,63096.26,61765.45,61879.88,29216,3225,0
2024-07-02 16:00:00,61878.76,62318.68,61726.0,61860.15,22634,3224,0
2024-07-02 20:00:00,61864.2,62138.74,61770.58,62075.49,18675,3225,0
2024-07-03 00:00:00,62073.22,62248.4,60566.24,60923.94,24231,3201,0
2024-07-03 04:00:00,60928.1,61118.18,60730.18,60803.67,20585,3204,0
2024-07-03 08:00:00,60801.72,60933.72,59511.59,60316.5,28078,3182,0
2024-07-03 12:00:00,60319.49,60601.74,59667.36,60112.21,32726,3183,0
2024-07-03 16:00:00,60111.81,60609.4,59564.89,59587.89,28539,3181,0
2024-07-03 20:00:00,59591.22,60332.41,59309.61,60162.4,25230,3177,0
2024-07-04 00:00:00,60163.23,60456.28,57911.93,59064.94,39804,3148,0
2024-07-04 04:00:00,59067.0,59098.68,58008.51,58143.94,30712,3150,0
2024-07-04 08:00:00,58141.96,58431.0,56950.78,57699.65,39526,3129,0
2024-07-04 12:00:00,57698.5,58252.68,56702.87,58053.48,41442,3124,0
2024-07-04 16:00:00,58043.79,58616.44,57654.2,58244.75,25713,3143,0
2024-07-04 20:00:00,58244.55,58733.52,56889.23,56996.9,28921,3128,0
2024-07-05 00:00:00,56996.46,57505.9,55051.66,55216.88,68894,3091,0
2024-07-05 04:00:00,55218.89,55352.75,53535.22,54347.04,43619,3063,0
2024-07-05 08:00:00,54346.28,55631.71,53855.81,55436.02,36638,3067,0
2024-07-05 12:00:00,55440.04,56683.17,54785.47,56647.18,34411,3079,0
2024-07-05 16:00:00,56649.56,57010.25,55834.33,56466.28,28990,3035,0
2024-07-05 20:00:00,56469.74,56905.4,56298.01,56639.39,19282,3010,0
2024-07-06 00:00:00,56633.39,57017.95,56166.71,56391.55,21593,3023,0
2024-07-06 04:00:00,56391.87,56677.66,56034.12,56601.81,16543,3097,0
2024-07-06 08:00:00,56596.4,56893.16,56412.73,56734.31,18131,3006,0
2024-07-06 12:00:00,56736.17,57487.94,56498.03,57355.36,21967,2950,0
2024-07-06 16:00:00,57357.96,58142.56,57212.14,57898.08,22051,2964,0
2024-07-06 20:00:00,57899.7,58513.67,57850.31,58270.53,20508,3016,0
2024-07-07 00:00:00,58268.54,58477.29,57895.15,58026.57,21731,3092,0
2024-07-07 04:00:00,58028.12,58058.04,57094.02,57402.05,20791,3132,0
2024-07-07 08:00:00,57405.26,57956.26,57390.07,57514.8,20516,2908,0
2024-07-07 12:00:00,57515.09,57685.5,56588.25,56861.11,30191,3121,0
2024-07-07 16:00:00,56857.37,57433.44,56754.15,57191.8,23867,3124,0
2024-07-07 20:00:00,57186.76,57384.85,55735.52,55890.92,33609,3101,0
2024-07-08 00:00:00,55885.58,56059.35,54288.31,55183.3,50261,3085,0
2024-07-08 04:00:00,55181.24,55943.71,54968.22,55889.46,31835,3035,0
2024-07-08 08:00:00,55892.08,58242.06,55764.87,57207.55,36992,2229,0
2024-07-08 12:00:00,57205.22,57625.04,54978.11,55760.24,43901,2588,0
2024-07-08 16:00:00,55760.31,56587.17,55407.6,56504.57,32148,2613,0
2024-07-08 20:00:00,56508.66,57015.26,56194.47,56734.76,25032,2606,0
2024-07-09 00:00:00,56740.74,57384.31,56305.1,57217.5,29961,2622,0
2024-07-09 04:00:00,57219.3,57790.63,57048.82,57161.49,25427,2509,0
2024-07-09 08:00:00,57164.25,57925.95,57057.08,57481.36,24373,2491,0
2024-07-09 12:00:00,57482.12,58136.77,56951.46,57521.4,31834,2567,0
2024-07-09 16:00:00,57521.46,58309.84,57407.82,57886.37,26273,2556,0
2024-07-09 20:00:00,57886.42,58317.05,57734.71,58073.94,22392,2600,0
2024-07-10 00:00:00,58074.22,58248.37,57377.8,58217.16,23949,2480,0
2024-07-10 04:00:00,58220.25,59492.73,58211.81,59040.55,27399,2301,0
2024-07-10 08:00:00,59041.01,59093.21,58345.88,58533.86,26243,2444,0
2024-07-10 12:00:00,58536.39,58611.44,57507.09,57745.87,31328,2621,0
2024-07-10 16:00:00,57741.3,58064.46,57386.01,57417.0,24009,2968,0
2024-07-10 20:00:00,57414.89,57913.82,57179.86,57749.86,21143,2854,0
2024-07-11 00:00:00,57747.52,58429.94,57083.92,57607.33,28102,2844,0
2024-07-11 04:00:00,57606.68,58338.43,57515.39,58219.49,24975,2808,0
2024-07-11 08:00:00,58216.98,58922.76,58066.23,58811.54,27628,2693,0
2024-07-11 12:00:00,58811.9,59461.56,57274.62,57434.46,39676,2669,0
2024-07-11 16:00:00,57435.27,58035.71,57207.23,57430.63,25320,2769,0
2024-07-11 20:00:00,57425.7,57661.67,57157.51,57381.09,22077,2827,0
2024-07-12 00:00:00,57378.2,57598.49,56540.47,56937.28,30245,2694,0
2024-07-12 04:00:00,56939.36,57467.13,56718.78,57124.4,24130,2761,0
2024-07-12 08:00:00,57122.2,57378.56,56781.2,57252.39,24763,2817,0
2024-07-12 12:00:00,57247.2,58320.55,57093.39,58239.49,31597,2695,0
2024-07-12 16:00:00,58234.34,58591.34,57551.99,57628.79,27096,2698,0
2024-07-12 20:00:00,57624.24,57964.16,57180.07,57922.49,20117,2762,0
2024-07-13 00:00:00,57921.8,58039.62,57779.5,57868.44,17772,2782,0
2024-07-13 04:00:00,57868.24,58246.0,57776.96,58202.46,17355,2661,0
2024-07-13 08:00:00,58207.19,58878.33,57955.4,58559.43,21672,2391,0
2024-07-13 12:00:00,58561.77,58918.61,58447.56,58869.25,21086,2310,0
2024-07-13 16:00:00,58870.0,59000.67,58603.86,58671.43,19031,2210,0
2024-07-13 20:00:00,58670.61,59901.45,58315.49,59242.34,23607,2439,0
2024-07-14 00:00:00,59234.4,59899.97,59224.36,59484.48,23972,2235,0
2024-07-14 04:00:00,59487.58,60394.89,59447.38,60122.64,24306,2178,0
2024-07-14 08:00:00,60119.83,60455.22,59928.57,60174.32,20668,2053,0
2024-07-14 12:00:00,60170.76,60272.35,59506.2,60111.47,27245,2419,0
2024-07-14 16:00:00,60119.92,60254.85,59927.86,59964.64,21922,2603,0
2024-07-14 20:00:00,59966.8,61465.19,59909.44,60838.36,36671,2580,0
2024-07-15 00:00:00,60839.52,62866.44,60683.2,62704.5,41556,2055,0
2024-07-15 04:00:00,62712.7,63108.37,62464.95,62881.25,33428,2001,0
2024-07-15 08:00:00,62878.75,63265.1,62336.59,62492.58,32011,2004,0
2024-07-15 12:00:00,62495.62,63357.09,62481.39,63086.38,40766,2246,0
2024-07-15 16:00:00,63089.24,63894.73,62930.51,63403.67,40811,2191,0
2024-07-15 20:00:00,63408.77,64945.99,63338.22,64767.74,38055,2217,0
2024-07-16 00:00:00,64764.88,64988.95,64473.02,64762.47,32612,2236,0
2024-07-16 04:00:00,64765.58,64981.51,62753.73,62947.71,45896,2368,0
2024-07-16 08:00:00,62953.17,63891.59,62420.1,63795.92,41389,2732,0
2024-07-16 12:00:00,63797.82,64991.28,63109.12,64907.03,53580,2552,0
2024-07-16 16:00:00,64909.96,65236.65,64141.39,65191.21,39461,2776,0
2024-07-16 20:00:00,65187.71,65378.51,64178.58,65075.37,32489,2683,0
2024-07-17 00:00:00,65081.31,66094.71,64978.32,65723.47,36030,2753,0
2024-07-17 04:00:00,65726.86,66028.23,65222.99,65256.66,30687,2622,0
2024-07-17 08:00:00,65260.96,65536.52,64575.4,64724.65,34902,2657,0
2024-07-17 12:00:00,64727.46,65401.56,64555.69,64749.86,47401,2915,0
2024-07-17 16:00:00,64751.92,64784.5,63869.88,64574.62,38375,2721,0
2024-07-17 20:00:00,64569.0,64704.66,64064.48,64126.62,29605,2732,0
2024-07-18 00:00:00,64128.12,65076.76,63921.65,64854.36,33933,2711,0
2024-07-18 04:00:00,64856.11,65073.1,64407.75,64659.13,25726,2735,0
2024-07-18 08:00:00,64656.66,64954.02,64451.39,64768.78,25954,2747,0
2024-07-18 12:00:00,64769.03,65113.3,63417.63,63545.07,41834,2746,0
2024-07-18 16:00:00,63543.02,63982.3,63226.17,63533.84,37314,2800,0
2024-07-18 20:00:00,63536.24,64144.45,63427.23,64023.01,24706,2794,0
2024-07-19 00:00:00,64027.72,64381.64,63306.17,64339.17,32489,2657,0
2024-07-19 04:00:00,64336.69,64489.22,63634.18,63735.75,26795,2580,0
2024-07-19 08:00:00,63730.34,64217.62,63402.71,64141.44,32114,2478,0
2024-07-19 12:00:00,64141.14,65881.15,64056.62,65837.11,49662,2471,0
2024-07-19 16:00:00,65835.62,67487.71,65814.5,67207.22,54922,2153,0
2024-07-19 20:00:00,67205.53,67379.9,66608.6,66662.5,27477,2412,0
2024-07-20 00:00:00,66667.5,66844.13,66249.76,66613.5,28249,2361,0
2024-07-20 04:00:00,66615.78,66767.56,66430.42,66564.8,21764,2446,0
2024-07-20 08:00:00,66565.44,66736.27,66460.45,66490.97,20486,2510,0
2024-07-20 12:00:00,66491.85,66837.11,66292.57,66811.35,22559,2578,0
2024-07-20 16:00:00,66809.48,67650.92,66681.07,67224.13,34937,2546,0
2024-07-20 20:00:00,67222.93,67481.58,66784.18,67108.03,25558,2397,0
2024-07-21 00:00:00,67113.38,67441.08,66938.53,67139.85,24706,2365,0
2024-07-21 04:00:00,67138.76,67222.75,66579.17,66675.14,24622,2622,0
2024-07-21 08:00:00,66679.23,67058.94,66651.67,66849.45,21687,2590,0
2024-07-21 12:00:00,66846.63,67539.52,66575.74,67168.16,29094,2245,0
2024-07-21 16:00:00,67166.48,67731.83,65823.08,67419.28,49534,2266,0
2024-07-21 20:00:00,67421.76,68398.09,67265.89,68193.77,42345,2336,0
2024-07-22 00:00:00,68191.97,68509.95,67732.12,67858.68,36715,2250,0
2024-07-22 04:00:00,67861.53,68009.78,67103.35,67216.78,34454,2375,0
2024-07-22 08:00:00,67219.08,67574.28,66904.38,67485.05,33600,2837,0
2024-07-22 12:00:00,67481.09,68002.15,66526.99,67044.55,48637,2533,0
2024-07-22 16:00:00,67047.39,68285.62,66776.98,68264.25,37376,2833,0
2024-07-22 20:00:00,68266.15,68307.6,67246.7,67548.21,36041,2817,0
2024-07-23 00:00:00,67550.47,67781.74,67175.35,67471.03,33870,2792,0
2024-07-23 04:00:00,67476.53,67534.8,66224.8,66567.37,37974,2839,0
2024-07-23 08:00:00,66567.05,67138.77,66449.46,66671.32,35303,3110,0
2024-07-23 12:00:00,66675.61,67332.68,65964.03,66602.41,54603,2794,0
2024-07-23 16:00:00,66600.17,66772.28,65420.65,65514.91,40341,2048,0
2024-07-23 20:00:00,65512.8,66052.79,65461.05,65944.78,29260,3212,0
2024-07-24 00:00:00,65946.49,66129.72,65454.75,66044.2,24853,3230,0
2024-07-24 04:00:00,66044.22,66083.82,65602.03,66067.73,23409,3238,0
2024-07-24 08:00:00,66071.07,66590.24,65986.12,66353.28,26545,2770,0
2024-07-24 12:00:00,66350.48,67101.09,66090.47,66176.11,35175,2794,0
2024-07-24 16:00:00,66177.67,66722.23,65575.36,65653.18,36169,2905,0
2024-07-24 20:00:00,65654.88,66087.51,65111.62,65371.89,38948,2839,0
2024-07-25 00:00:00,65370.22,65622.26,63866.96,64096.51,55499,2958,0
2024-07-25 04:00:00,64100.36,64403.48,63788.69,64129.71,34599,3075,0
2024-07-25 08:00:00,64124.06,64484.66,63878.98,64104.39,35154,3066,0
2024-07-25 12:00:00,64108.65,65034.16,63410.12,64800.35,45713,2878,0
2024-07-25 16:00:00,64800.57,65177.17,64384.28,64669.94,44086,2678,0
2024-07-25 20:00:00,64665.67,66126.88,64408.97,65788.32,35608,2625,0
2024-07-26 00:00:00,65784.78,67469.73,65686.55,66989.79,38829,2475,0
2024-07-26 04:00:00,66992.79,67167.99,66813.22,66885.12,26389,2630,0
2024-07-26 08:00:00,66881.13,67504.14,66877.38,67303.37,24256,2413,0
2024-07-26 12:00:00,67301.85,68037.48,66879.38,67562.48,51290,2375,0
2024-07-26 16:00:00,67562.45,68176.39,67282.82,68014.27,39460,2406,0
2024-07-26 20:00:00,68011.15,68235.05,67391.37,67927.61,29402,2400,0
2024-07-27 00:00:00,67924.65,68123.49,67630.99,67790.2,24814,2162,0
2024-07-27 04:00:00,67795.84,68333.38,67771.86,68070.06,18964,2003,0
2024-07-27 08:00:00,68071.6,68302.02,67887.91,68236.02,18127,2000,0
2024-07-27 12:00:00,68237.83,69411.45,68215.52,68883.88,26341,2004,0
2024-07-27 16:00:00,68882.22,69042.52,67768.84,68241.91,25675,2275,0
2024-07-27 20:00:00,68245.05,69118.48,66573.95,67885.39,34427,2237,0
2024-07-28 00:00:00,67890.96,68305.75,67227.92,67884.87,19576,2300,0
2024-07-28 04:00:00,67884.25,68026.3,66976.17,67506.63,19037,2550,0
2024-07-28 08:00:00,67506.01,67991.43,67154.01,67800.06,18287,2713,0
2024-07-28 12:00:00,67805.67,68106.03,67511.1,67617.78,20163,2510,0
2024-07-28 16:00:00,67616.54,68320.43,67555.41,68095.67,19774,2343,0
2024-07-28 20:00:00,68096.8,68286.65,67756.41,68214.36,19448,2272,0
2024-07-29 00:00:00,68205.62,69766.51,68121.22,69317.43,24903,2055,0
2024-07-29 04:00:00,69317.56,69869.98,69212.37,69521.89,20448,2002,0
2024-07-29 08:00:00,69516.89,69862.31,69340.3,69593.12,24250,2001,0
2024-07-29 12:00:00,69591.65,70044.51,67624.46,68064.27,58113,2001,0
2024-07-29 16:00:00,68069.38,68096.2,66459.81,67226.13,47052,2825,0
2024-07-29 20:00:00,67230.93,67541.95,66554.71,66752.55,34309,2955,0
2024-07-30 00:00:00,66755.02,66866.57,65869.61,66605.28,48755,2875,0
2024-07-30 04:00:00,66608.77,66989.13,66284.22,66913.13,36302,2837,0
2024-07-30 08:00:00,66917.48,66967.78,66367.22,66544.31,34787,2889,0
2024-07-30 12:00:00,66549.78,66924.95,65547.24,66186.63,51861,2981,0
2024-07-30 16:00:00,66191.55,66540.07,65547.93,65910.14,46762,2978,0
2024-07-30 20:00:00,65912.13,66352.24,65331.87,66190.13,35743,2887,0
2024-07-31 00:00:00,66190.59,66422.15,65854.34,66040.91,29183,2913,0
2024-07-31 04:00:00,66038.77,66532.9,65473.83,66172.93,31374,3211,0
2024-07-31 08:00:00,66175.71,66360.64,65892.6,66049.3,25789,3298,0
2024-07-31 12:00:00,66051.64,66838.75,65924.81,66363.49,41061,3310,0
2024-07-31 16:00:00,66366.07,66817.24,64962.78,65258.63,46073,3223,0
2024-07-31 20:00:00,65253.83,65411.77,64487.28,64616.02,45991,3263,0
2024-08-01 00:00:00,64614.88,64834.54,63682.14,63871.16,41910,3263,0
2024-08-01 04:00:00,63869.13,64478.51,63514.91,64287.6,40088,3260,0
2024-08-01 08:00:00,64283.84,64688.81,64264.01,64673.95,27149,3275,0
2024-08-01 12:00:00,64668.34,64932.56,62630.28,62847.91,46836,3223,0
2024-08-01 16:00:00,62849.67,63444.03,62202.67,63357.28,63385,3230,0
2024-08-01 20:00:00,63354.43,65600.28,63287.98,65300.37,50730,3169,0
2024-08-02 00:00:00,65295.61,65577.39,63644.94,64563.46,44907,3091,0
2024-08-02 04:00:00,64566.87,64630.75,63799.15,64151.59,42656,3048,0
2024-08-02 08:00:00,64154.72,64833.11,64008.54,64681.48,38673,3173,0
2024-08-02 12:00:00,64681.96,65475.42,62498.78,63401.91,66463,2649,0
2024-08-02 16:00:00,63400.95,63603.79,62481.73,62602.44,54231,2867,0
2024-08-02 20:00:00,62606.21,63049.43,61325.98,61443.37,53218,2732,0
2024-08-03 00:00:00,61445.69,61833.51,60371.93,61769.24,48675,3108,0
2024-08-03 04:00:00,61764.16,61852.06,61452.94,61678.09,25560,2453,0
2024-08-03 08:00:00,61674.2,61970.69,61434.5,61914.7,25282,2521,0
2024-08-03 12:00:00,61911.26,62225.47,61555.16,61596.38,35290,2002,0
2024-08-03 16:00:00,61596.02,61714.74,59822.75,60154.03,51912,2002,0
2024-08-03 20:00:00,60155.43,60832.82,59784.37,60673.17,44869,3129,0
2024-08-04 00:00:00,60673.16,61095.87,60259.28,60693.71,44716,3144,0
2024-08-04 04:00:00,60693.71,60902.45,60192.12,60313.86,35265,3190,0
2024-08-04 08:00:00,60313.85,60979.53,60034.28,60859.39,42966,2995,0
2024-08-04 12:00:00,60859.39,61068.12,58845.41,58989.71,58722,2597,0
2024-08-04 16:00:00,58989.71,59429.88,56976.48,59191.15,79967,3134,0
2024-08-04 20:00:00,59191.15,59531.28,57915.23,58081.98,55697,2900,0
2024-08-05 00:00:00,58091.28,58231.9,52218.46,53859.85,123715,2355,0
2024-08-05 04:00:00,53859.85,54536.88,48940.98,52704.29,135892,2262,0
2024-08-05 08:00:00,52703.68,53275.1,50644.41,51359.57,118162,2085,0
2024-08-05 12:00:00,51359.57,55042.49,49544.5,54387.25,157143,2150,0
2024-08-05 16:00:00,54380.66,55624.49,52587.62,53516.78,110100,2076,0
2024-08-05 20:00:00,53513.48,55254.71,53503.89,54042.04,69983,2117,0
2024-08-06 00:00:00,54044.87,56321.25,53978.42,55729.71,77961,2117,0
2024-08-06 04:00:00,55729.71,56219.83,55296.39,56067.2,69691,2075,0
2024-08-06 08:00:00,56067.21,56200.3,54643.48,55284.85,82536,2075,0
2024-08-06 12:00:00,55284.85,56703.22,54403.65,56490.12,97993,2002,0
2024-08-06 16:00:00,56489.95,57137.16,56320.77,56869.27,70116,2018,0
2024-08-06 20:00:00,56872.37,57040.64,55895.19,56093.47,56491,2087,0
2024-08-07 00:00:00,56094.33,57351.93,55620.73,56902.59,65476,2038,0
2024-08-07 04:00:00,56902.59,57312.49,56583.48,56979.59,53735,2070,0
2024-08-07 08:00:00,56979.59,57780.09,56910.78,57025.79,57707,2000,0
2024-08-07 12:00:00,57025.78,57530.37,55671.93,56110.94,82555,2119,0
2024-08-07 16:00:00,56110.94,56351.68,54683.54,54788.02,76646,2049,0
2024-08-07 20:00:00,54788.02,55587.44,54567.61,55134.19,56873,2065,0
2024-08-08 00:00:00,55134.66,57730.42,54736.7,57125.76,67016,2089,0
2024-08-08 04:00:00,57125.4,57493.14,56724.92,57263.39,53176,2089,0
2024-08-08 08:00:00,57263.57,57737.81,57029.83,57375.01,50356,2060,0
2024-08-08 12:00:00,57375.01,59540.67,56738.16,59444.04,90299,2120,0
2024-08-08 16:00:00,59443.86,59896.3,59287.1,59484.76,65566,2017,0
2024-08-08 20:00:00,59485.61,62800.28,59372.84,61707.13,62261,2040,0
2024-08-09 00:00:00,61707.13,61772.37,60778.5,61368.03,50896,2242,0
2024-08-09 04:00:00,61368.49,61397.83,60574.04,60876.94,46357,2316,0
2024-08-09 08:00:00,60876.94,61225.09,60173.63,60661.25,49217,2238,0
2024-08-09 12:00:00,60661.25,61106.9,59532.82,59806.82,76458,2318,0
2024-08-09 16:00:00,59806.33,60764.49,59719.77,60695.55,56128,2493,0
2024-08-09 20:00:00,60695.55,61011.57,59928.38,60850.64,45710,2450,0
2024-08-10 00:00:00,60850.64,61492.5,60263.63,60450.11,44551,2413,0
2024-08-10 04:00:00,60450.47,60864.68,60242.07,60850.4,34475,2638,0
2024-08-10 08:00:00,60850.4,61128.92,60620.07,60927.82,42064,2308,0
2024-08-10 12:00:00,60927.82,60957.73,60408.96,60521.1,39924,2424,0
2024-08-10 16:00:00,60521.1,61221.48,60397.14,61039.23,35583,2417,0
2024-08-10 20:00:00,61039.23,61183.19,60757.31,60928.52,26795,2377,0
2024-08-11 00:00:00,60928.54,61387.22,60896.78,61104.53,30709,2222,0
2024-08-11 04:00:00,61104.54,61277.2,60884.47,61262.79,27780,2292,0
2024-08-11 08:00:00,61262.79,61997.69,60432.08,60684.65,41669,2091,0
2024-08-11 12:00:00,60684.65,60785.42,59955.93,60147.48,48924,3078,0
2024-08-11 16:00:00,60147.48,60370.84,59552.35,59646.49,38775,3047,0
2024-08-11 20:00:00,59646.49,59706.41,58305.95,58747.54,61553,2522,0
2024-08-12 00:00:00,58747.54,59102.52,58127.62,58537.08,49263,2499,0
2024-08-12 04:00:00,58537.08,59001.07,57652.46,58690.44,49158,2519,0
2024-08-12 08:00:00,58690.44,60001.1,58141.63,59875.71,60452,2432,0
2024-08-12 12:00:00,59876.2,60708.41,57824.05,60220.2,88561,2414,0
2024-08-12 16:00:00,60220.2,60444.91,58445.41,59057.88,62723,2296,0
2024-08-12 20:00:00,59060.19,59752.79,58575.17,59370.06,47081,2401,0
2024-08-13 00:00:00,59370.06,59943.27,58885.55,59062.61,47032,2645,0
2024-08-13 04:00:00,59062.61,59495.03,58856.92,59260.4,42246,2489,0
2024-08-13 08:00:00,59260.4,59354.21,58434.81,58865.32,44465,2601,0
2024-08-13 12:00:00,58865.32,59811.77,58731.93,59490.53,66532,2595,0
2024-08-13 16:00:00,59490.53,61615.99,59470.69,60832.88,66073,2229,0
2024-08-13 20:00:00,60832.88,61161.23,60396.98,60601.79,34156,2377,0
2024-08-14 00:00:00,60601.79,61348.6,60440.89,60987.07,38074,2539,0
2024-08-14 04:00:00,60988.01,61188.33,60653.9,60953.6,37907,2434,0
2024-08-14 08:00:00,60953.6,61479.8,60661.64,61333.91,43642,2618,0
2024-08-14 12:00:00,61333.91,61913.93,58846.24,59477.74,79509,2464,0
2024-08-14 16:00:00,59480.03,59507.48,58586.48,58925.04,52494,2481,0
2024-08-14 20:00:00,58922.65,59213.13,58434.09,58713.75,31890,2534,0
2024-08-15 00:00:00,58713.51,59087.72,58020.89,58462.79,40781,2577,0
2024-08-15 04:00:00,58462.79,58647.73,57686.03,58038.96,44700,2664,0
2024-08-15 08:00:00,58038.96,58882.43,57942.67,58762.12,47758,2755,0
2024-08-15 12:00:00,58762.12,59795.43,58554.97,59707.72,67876,2665,0
2024-08-15 16:00:00,59707.72,59881.99,56648.91,57035.4,70457,2454,0
2024-08-15 20:00:00,57038.11,57889.65,55980.98,57543.49,49215,2635,0
2024-08-16 00:00:00,57543.79,58500.02,57069.58,57895.87,47327,2711,0
2024-08-16 04:00:00,57895.87,58665.42,57804.14,58467.53,42407,2651,0
2024-08-16 08:00:00,58467.54,58708.31,58225.16,58409.68,43234,2514,0
2024-08-16 12:00:00,58409.85,58937.18,57529.54,58065.4,78250,2374,0
2024-08-16 16:00:00,58065.4,59887.51,57990.36,59749.02,65529,2484,0
2024-08-16 20:00:00,59749.02,59782.98,58775.07,58910.5,40312,2438,0
2024-08-17 00:00:00,58910.5,59427.7,58814.76,59196.6,41036,2538,0
2024-08-17 04:00:00,59196.6,59322.28,59101.35,59302.85,34548,2809,0
2024-08-17 08:00:00,59302.85,59524.72,59092.28,59178.26,32841,2739,0
2024-08-17 12:00:00,59178.26,59721.25,59129.18,59437.27,36806,2830,0
2024-08-17 16:00:00,59437.27,59767.49,59332.07,59517.36,32608,2922,0
2024-08-17 20:00:00,59517.35,59552.0,59184.42,59528.71,25682,2693,0
2024-08-18 00:00:00,59528.72,60301.83,59328.33,59385.84,32971,2686,0
2024-08-18 04:00:00,59385.85,59731.01,59283.48,59606.28,33199,3139,0
2024-08-18 08:00:00,59606.28,60245.96,59460.75,60050.25,39302,2764,0
2024-08-18 12:00:00,60049.71,60327.99,59689.44,59898.08,37166,2996,0
2024-08-18 16:00:00,59898.1,59986.41,59398.45,59744.2,33540,2837,0
2024-08-18 20:00:00,59744.33,59929.5,58437.69,58460.59,32139,2667,0
2024-08-19 00:00:00,58460.59,58820.87,58241.0,58780.43,43955,2682,0
2024-08-19 04:00:00,58780.69,58793.92,58393.17,58546.76,33574,2850,0
2024-08-19 08:00:00,58546.76,58728.51,57830.52,58427.03,41000,2592,0
2024-08-19 12:00:00,58427.03,59018.41,58092.11,58574.55,54548,2611,0
2024-08-19 16:00:00,58573.86,59329.93,58412.27,58994.16,41408,2664,0
2024-08-19 20:00:00,58990.21,59656.04,58933.71,59471.69,29149,2662,0
2024-08-20 00:00:00,59471.47,60942.27,59401.21,60659.33,44113,2462,0
2024-08-20 04:00:00,60656.69,61446.81,60610.69,60945.65,42309,2434,0
2024-08-20 08:00:00,60945.65,61008.51,60432.97,60547.1,33629,2461,0
2024-08-20 12:00:00,60547.7,60976.27,58708.0,58835.72,60680,2435,0
2024-08-20 16:00:00,58835.71,59628.9,58569.07,59537.81,43528,2604,0
2024-08-20 20:00:00,59547.21,59754.64,58900.39,59047.4,29287,2574,0
2024-08-21 00:00:00,59047.2,59552.61,58811.88,59358.8,33653,2497,0
2024-08-21 04:00:00,59358.79,59761.77,59223.74,59719.67,32779,2512,0
2024-08-21 08:00:00,59719.2,59923.14,59097.83,59372.62,41992,2486,0
2024-08-21 12:00:00,59372.62,60238.32,58860.19,59537.06,65328,2379,0
2024-08-21 16:00:00,59537.06,61646.38,59386.23,61580.11,54603,2419,0
2024-08-21 20:00:00,61585.01,61841.63,60884.79,61139.17,44345,2291,0
2024-08-22 00:00:00,61139.17,61204.56,59708.1,60553.73,42727,2365,0
2024-08-22 04:00:00,60553.61,61097.83,60454.89,60970.56,37558,2440,0
2024-08-22 08:00:00,60970.71,61399.48,60786.86,61316.66,38620,2522,0
2024-08-22 12:00:00,61316.67,61389.56,60102.99,60401.83,58373,2417,0
2024-08-22 16:00:00,60401.83,60589.12,60139.26,60304.5,38654,2522,0
2024-08-22 20:00:00,60304.5,60702.44,60278.15,60373.28,23391,2589,0
2024-08-23 00:00:00,60373.28,60998.44,60322.32,60605.11,26249,2657,0
2024-08-23 04:00:00,60605.1,61386.66,60582.59,61077.03,31335,2482,0
2024-08-23 08:00:00,61077.03,61342.04,60661.29,60725.06,32956,2514,0
2024-08-23 12:00:00,60725.06,62337.42,60718.13,61528.55,65926,2536,0
2024-08-23 16:00:00,61523.72,63889.44,61321.95,63657.43,66274,2175,0
2024-08-23 20:00:00,63657.43,65099.05,63521.96,64091.67,52793,2128,0
2024-08-24 00:00:00,64091.67,64249.73,63672.51,63880.02,44919,2481,0
2024-08-24 04:00:00,63880.03,64396.95,63865.8,64362.33,37832,2132,0
2024-08-24 08:00:00,64361.96,64553.71,63920.8,63950.43,38838,2159,0
2024-08-24 12:00:00,63950.43,64282.86,63881.73,64002.73,41112,2437,0
2024-08-24 16:00:00,64002.73,64486.21,63951.91,64242.68,36397,2364,0
2024-08-24 20:00:00,64242.54,64373.37,63584.7,64196.34,32922,2424,0
2024-08-25 00:00:00,64196.33,64628.89,64025.81,64132.03,33782,2160,0
2024-08-25 04:00:00,64131.59,64254.9,63815.31,63905.77,33087,2517,0
2024-08-25 08:00:00,63905.77,64059.46,63794.72,63910.49,29861,3014,0
2024-08-25 12:00:00,63910.49,64341.03,63833.68,64174.44,30599,2399,0
2024-08-25 16:00:00,64174.85,64291.4,64020.04,64216.37,23093,2489,0
2024-08-25 20:00:00,64216.36,65230.94,64160.89,64258.44,31337,2297,0
2024-08-26 00:00:00,64258.44,64515.04,63787.67,64131.71,37534,2507,0
2024-08-26 04:00:00,64131.71,64231.28,63558.67,63624.4,30816,2627,0
2024-08-26 08:00:00,63624.4,64059.13,63191.78,63868.46,41277,2507,0
2024-08-26 12:00:00,63868.46,63985.93,63044.66,63526.85,53764,2497,0
2024-08-26 16:00:00,63525.15,63908.7,63176.78,63348.1,40061,2465,0
2024-08-26 20:00:00,63348.1,63563.1,62799.91,62827.96,30211,2491,0
2024-08-27 00:00:00,62827.96,63225.05,62638.38,62986.12,31469,2459,0
2024-08-27 04:00:00,62986.12,63225.41,62732.8,62908.61,29256,2442,0
2024-08-27 08:00:00,62908.61,63018.09,62206.45,62405.4,35694,2465,0
2024-08-27 12:00:00,62405.55,62498.57,61405.93,61653.93,51395,2787,0
2024-08-27 16:00:00,61653.14,62191.2,61473.56,62092.62,37129,2977,0
2024-08-27 20:00:00,62093.32,62099.48,57990.06,59441.05,61342,2404,0
2024-08-28 00:00:00,59441.05,59684.41,58911.84,59650.39,46239,2460,0
2024-08-28 04:00:00,59650.4,59698.17,58561.52,58648.28,36436,2291,0
2024-08-28 08:00:00,58648.28,60260.47,58579.69,59959.76,47912,2221,0
2024-08-28 12:00:00,59959.76,60193.48,58468.99,59035.41,61177,2300,0
2024-08-28 16:00:00,59035.13,59874.24,57881.76,58942.83,58320,2307,0
2024-08-28 20:00:00,58939.82,59643.46,58670.17,59077.36,42721,2433,0
2024-08-29 00:00:00,59077.36,59373.65,58907.99,59207.97,30701,2483,0
2024-08-29 04:00:00,59207.97,59801.58,59123.43,59617.38,34537,2479,0
2024-08-29 08:00:00,59617.38,60506.52,59405.23,60093.91,40486,2466,0
2024-08-29 12:00:00,60093.81,61203.5,60009.92,60807.58,66154,2329,0
2024-08-29 16:00:00,60807.58,60987.88,58930.05,59300.78,59112,2270,0
2024-08-29 20:00:00,59300.77,59692.84,58739.18,59401.9,36394,2375,0
2024-08-30 00:00:00,59401.49,59534.68,58945.5,59077.17,36025,2245,0
2024-08-30 04:00:00,59077.17,59631.26,58727.37,59316.78,38714,2301,0
2024-08-30 08:00:00,59316.78,59710.04,59309.76,59438.3,35878,2470,0
2024-08-30 12:00:00,59438.3,59979.6,57934.45,58108.29,70396,2227,0
2024-08-30 16:00:00,58108.29,59425.22,57693.04,58732.17,62326,2476,0
2024-08-30 20:00:00,58732.17,59363.28,58732.15,59186.78,33890,2215,0
2024-08-31 00:00:00,59186.78,59526.63,59116.97,59288.04,33660,2466,0
2024-08-31 04:00:00,59288.04,59408.02,59104.11,59129.51,32527,2266,0
2024-08-31 08:00:00,59129.58,59233.18,58865.98,59167.69,35275,2376,0
2024-08-31 12:00:00,59172.94,59301.26,58942.23,59068.66,38843,2160,0
2024-08-31 16:00:00,59068.66,59184.49,58770.85,58907.64,30370,2490,0
2024-08-31 20:00:00,58907.64,59193.42,58820.95,59019.93,21478,2621,0
2024-09-01 00:00:00,59015.84,59136.83,58304.59,58558.74,31198,2695,0
2024-09-01 04:00:00,58558.74,58634.74,57786.22,58512.27,40081,2882,0
2024-09-01 08:00:00,58512.44,58541.7,57868.22,58281.25,35179,2880,0
2024-09-01 12:00:00,58281.25,58411.8,57187.73,58256.17,48035,2528,0
2024-09-01 16:00:00,58256.17,58841.68,57911.67,58549.11,41798,2545,0
2024-09-01 20:00:00,58549.51,58702.71,57227.0,57335.55,43663,2586,0
2024-09-02 00:00:00,57335.75,57809.23,57151.28,57775.79,41225,2671,0
2024-09-02 04:00:00,57775.79,58030.06,57385.47,57592.85,34110,2649,0
2024-09-02 08:00:00,57594.06,58715.87,57554.68,58462.55,47047,2246,0
2024-09-02 12:00:00,58462.55,58836.51,58122.96,58568.96,43871,2215,0
2024-09-02 16:00:00,58568.96,58705.63,58318.63,58485.23,34207,2266,0
2024-09-02 20:00:00,58485.23,59478.66,58417.47,59185.75,33738,2079,0
2024-09-03 00:00:00,59185.75,59869.1,59079.72,59161.05,33290,2079,0
2024-09-03 04:00:00,59161.05,59303.59,58911.18,59150.52,32374,2424,0
2024-09-03 08:00:00,59150.52,59249.72,58749.03,59099.57,34959,2309,0
2024-09-03 12:00:00,59099.57,59390.6,57558.2,57728.59,58501,2321,0
2024-09-03 16:00:00,57728.81,58296.2,57596.36,58063.54,43961,2686,0
2024-09-03 20:00:00,58067.13,58272.83,57390.52,57503.58,27464,2476,0
2024-09-04 00:00:00,57503.58,57972.69,55624.69,56712.71,56645,2239,0
2024-09-04 04:00:00,56712.85,56929.5,56197.66,56801.33,39809,2266,0
2024-09-04 08:00:00,56801.33,56961.77,56494.79,56623.53,38533,2244,0
2024-09-04 12:00:00,56623.53,58196.89,56207.72,58158.44,64442,2110,0
2024-09-04 16:00:00,58161.61,58571.01,57680.46,58089.19,51127,2031,0
2024-09-04 20:00:00,58089.19,58439.68,57853.57,58007.27,28592,2207,0
2024-09-05 00:00:00,58007.26,58386.69,56960.18,57177.15,36518,2217,0
2024-09-05 04:00:00,57177.15,57343.5,56573.94,57186.33,38337,2232,0
2024-09-05 08:00:00,57186.18,57266.87,56624.23,56704.64,35079,2321,0
2024-09-05 12:00:00,56704.64,57349.61,55819.37,55986.7,69150,2531,0
2024-09-05 16:00:00,55986.7,56743.32,55791.87,56058.12,52242,2492,0
2024-09-05 20:00:00,56054.33,56279.11,55654.92,56201.33,32396,2512,0
2024-09-06 00:00:00,56201.33,56889.98,56001.74,56613.49,37696,2446,0
2024-09-06 04:00:00,56613.49,56784.15,55295.74,55813.43,42626,2403,0
2024-09-06 08:00:00,55813.42,56298.21,55655.2,56021.41,42196,2379,0
2024-09-06 12:00:00,56021.41,57044.12,53809.79,54034.83,87553,2234,0
2024-09-06 16:00:00,54034.83,54429.53,53255.46,53536.49,71297,2800,0
2024-09-06 20:00:00,53536.49,54005.08,52549.39,53993.89,55822,2579,0
2024-09-07 00:00:00,53994.16,54120.56,53788.33,53864.44,41501,2569,0
2024-09-07 04:00:00,53864.45,54452.71,53850.78,54324.88,43387,2328,0
2024-09-07 08:00:00,54322.88,54554.54,54222.94,54377.51,35622,2168,0
2024-09-07 12:00:00,54377.51,54894.67,54375.97,54836.44,40945,1972,0
2024-09-07 16:00:00,54836.45,54917.75,54028.43,54433.53,42311,1938,0
2024-09-07 20:00:00,54433.54,54477.71,53839.29,54184.56,32575,2229,0
2024-09-08 00:00:00,54184.67,54529.18,53975.46,54413.87,33510,2547,0
2024-09-08 04:00:00,54414.72,54598.7,54284.55,54475.54,34118,2412,0
2024-09-08 08:00:00,54475.54,54750.26,54380.09,54601.65,31138,2117,0
2024-09-08 12:00:00,54601.64,54604.85,53665.11,53721.58,42308,2273,0
2024-09-08 16:00:00,53721.58,54560.67,53651.49,54367.03,35238,1970,0
2024-09-08 20:00:00,54367.03,55364.16,54210.85,54911.15,40027,2001,0
2024-09-09 00:00:00,54911.15,55411.9,54723.76,55153.45,47121,2198,0
2024-09-09 04:00:00,55153.18,55188.24,54605.98,54985.97,41000,2231,0
2024-09-09 08:00:00,54985.98,55586.28,54974.89,55299.72,39593,2049,0
2024-09-09 12:00:00,55299.62,55852.54,54838.64,55431.54,61177,2002,0
2024-09-09 16:00:00,55431.54,57226.19,55391.18,57140.27,58999,1781,0
2024-09-09 20:00:00,57140.27,58195.4,56845.72,57067.5,41545,1791,0
2024-09-10 00:00:00,57067.5,57105.9,56540.74,56550.92,38757,2035,0
2024-09-10 04:00:00,56551.05,57329.42,56417.51,57238.45,39961,2121,0
2024-09-10 08:00:00,57238.45,57407.5,56918.78,57252.22,38108,2077,0
2024-09-10 12:00:00,57252.22,57503.82,56544.25,56619.21,63821,2113,0
2024-09-10 16:00:00,56618.36,58088.86,56584.03,57987.64,52917,2000,0
2024-09-10 20:00:00,57988.36,58016.77,57474.63,57675.46,30956,2011,0
2024-09-11 00:00:00,57675.57,57781.98,56689.52,56849.21,43775,2059,0
2024-09-11 04:00:00,56849.21,56849.21,56108.98,56743.18,45622,2176,0
2024-09-11 08:00:00,56743.11,56911.67,56379.02,56832.79,44321,2077,0
2024-09-11 12:00:00,56832.79,57198.25,55584.22,56734.63,77205,2081,0
2024-09-11 16:00:00,56734.77,58051.63,56674.7,57630.19,61113,1890,0
2024-09-11 20:00:00,57633.49,57733.65,57245.74,57376.74,27516,1989,0
2024-09-12 00:00:00,57376.74,58525.64,57365.61,58275.75,44043,1926,0
2024-09-12 04:00:00,58275.75,58474.65,57880.48,58165.34,39408,1890,0
2024-09-12 08:00:00,58165.34,58404.1,57916.38,58085.9,34410,1890,0
2024-09-12 12:00:00,58085.8,58604.68,57352.63,57528.43,64159,1960,0
2024-09-12 16:00:00,57528.43,58499.52,57503.51,58427.3,46346,2071,0
2024-09-12 20:00:00,58427.3,58431.73,57805.83,58171.69,27123,2120,0
2024-09-13 00:00:00,58171.69,58289.01,57857.63,57886.31,28370,2161,0
2024-09-13 04:00:00,57885.64,58167.91,57766.43,58139.75,26058,2079,0
2024-09-13 08:00:00,58139.76,58393.3,57853.78,57913.22,30351,2208,0
2024-09-13 12:00:00,57913.22,59772.89,57648.44,59697.23,57737,2027,0
2024-09-13 16:00:00,59697.23,60031.49,59335.68,59759.29,52322,1868,0
2024-09-13 20:00:00,59759.68,60675.47,59639.46,60531.27,38996,1957,0
2024-09-14 00:00:00,60531.1,60651.28,60319.79,60348.59,35091,1892,0
2024-09-14 04:00:00,60348.59,60373.64,59900.2,60143.16,35586,1995,0
2024-09-14 08:00:00,60143.18,60169.97,59635.45,59744.53,29722,2603,0
2024-09-14 12:00:00,59744.74,60050.32,59668.82,59895.7,35856,2875,0
2024-09-14 16:00:00,59895.7,59999.98,59421.75,59847.21,32290,2339,0
2024-09-14 20:00:00,59847.2,60184.46,59804.01,60023.46,28285,2392,0
2024-09-15 00:00:00,60023.5,60299.09,60013.79,60183.64,29649,2146,0
2024-09-15 04:00:00,60183.64,60246.91,60102.92,60207.14,24889,2111,0
2024-09-15 08:00:00,60206.23,60224.59,59902.2,60019.91,28097,2255,0
2024-09-15 12:00:00,60020.34,60415.97,59879.08,60342.52,34340,2074,0
2024-09-15 16:00:00,60341.77,60360.05,59712.15,59892.39,32400,2038,0
2024-09-15 20:00:00,59892.39,59953.4,58717.18,59166.66,37834,2189,0
2024-09-16 00:00:00,59166.65,59243.81,58116.43,58583.6,46631,2232,0
2024-09-16 04:00:00,58583.59,58978.01,58312.51,58917.73,35074,2707,0
2024-09-16 08:00:00,58917.73,59198.35,58503.13,58671.0,38709,2517,0
2024-09-16 12:00:00,58671.21,58806.87,57581.97,57897.78,52620,2514,0
2024-09-16 16:00:00,57897.78,58283.07,57495.5,57966.93,42268,2626,0
2024-09-16 20:00:00,57966.93,58438.99,57609.96,58238.52,29020,2591,0
2024-09-17 00:00:00,58238.52,58371.87,57641.33,58096.73,33851,2524,0
2024-09-17 04:00:00,58096.73,58813.4,58050.87,58712.95,29293,2223,0
2024-09-17 08:00:00,58712.96,59343.93,58648.2,59122.15,36878,1947,0
2024-09-17 12:00:00,59123.87,61383.7,58909.65,61140.21,65128,1781,0
2024-09-17 16:00:00,61140.21,61273.91,59641.58,59990.87,55193,1785,0
2024-09-17 20:00:00,59990.92,60463.23,59748.5,60336.04,34792,1988,0
2024-09-18 00:00:00,60335.74,60802.46,59900.86,60535.44,34488,2004,0
2024-09-18 04:00:00,60535.14,60709.05,60203.85,60436.39,29680,2100,0
2024-09-18 08:00:00,60436.39,60436.39,59396.62,59867.33,38208,2170,0
2024-09-18 12:00:00,59867.33,60176.84,59299.31,59443.51,48955,2303,0
2024-09-18 16:00:00,59443.5,61348.6,59177.27,60065.88,82203,2194,0
2024-09-18 20:00:00,60065.88,61801.5,59471.94,61765.37,39814,2018,0
2024-09-19 00:00:00,61765.52,62621.03,61576.74,62141.34,49790,1849,0
2024-09-19 04:00:00,62141.23,62218.63,61834.13,62133.06,35645,1816,0
2024-09-19 08:00:00,62133.21,62770.92,61906.08,62689.97,38703,1921,0
2024-09-19 12:00:00,62689.97,63563.88,62636.17,63186.42,61346,1832,0
2024-09-19 16:00:00,63186.59,63911.07,62976.68,63288.8,55059,1800,0
2024-09-19 20:00:00,63288.8,63288.8,62650.35,62963.58,33350,1904,0
2024-09-20 00:00:00,62963.58,63765.94,62603.78,63753.96,41862,2046,0
2024-09-20 04:00:00,63753.96,64150.03,63385.07,63532.16,47548,1943,0
2024-09-20 08:00:00,63532.16,63706.93,63107.0,63432.51,35820,2185,0
2024-09-20 12:00:00,63432.51,63543.15,62550.9,63134.94,59533,2429,0
2024-09-20 16:00:00,63136.74,63276.36,62318.01,62778.35,48333,2434,0
2024-09-20 20:00:00,62779.17,63272.75,62674.22,63176.07,31198,2424,0
2024-09-21 00:00:00,63176.07,63280.08,62774.78,62855.38,34089,2557,0
2024-09-21 04:00:00,62855.38,63114.56,62693.29,63062.97,34269,2853,0
2024-09-21 08:00:00,63062.97,63128.5,62949.93,63075.43,24921,2888,0
2024-09-21 12:00:00,63075.43,63298.06,62995.76,63150.26,33310,2479,0
2024-09-21 16:00:00,63150.26,63381.77,63064.58,63180.12,24708,2353,0
2024-09-21 20:00:00,63180.12,63557.97,63018.81,63341.42,23427,2818,0
2024-09-22 00:00:00,63341.42,63437.32,62810.62,63104.57,32952,2917,0
2024-09-22 04:00:00,63104.57,63201.66,62822.84,62932.49,23819,2948,0
2024-09-22 08:00:00,62932.49,63028.47,62528.77,62751.6,31586,3018,0
2024-09-22 12:00:00,62751.69,62918.54,62457.18,62641.56,33962,3017,0
2024-09-22 16:00:00,62641.56,63216.89,62462.0,63147.5,26042,2870,0
2024-09-22 20:00:00,63147.5,64021.86,62369.71,63580.14,38963,2246,0
2024-09-23 00:00:00,63580.14,64761.63,62557.81,64342.88,54039,2088,0
2024-09-23 04:00:00,64343.07,64453.75,63377.05,63541.22,34690,2281,0
2024-09-23 08:00:00,63540.99,63684.2,63286.43,63404.39,31537,2804,0
2024-09-23 12:00:00,63404.39,63784.27,63014.59,63620.71,51950,2885,0
2024-09-23 16:00:00,63620.51,63825.78,63079.99,63303.14,35175,2881,0
2024-09-23 20:00:00,63303.14,63496.08,63073.88,63333.9,22056,2917,0
2024-09-24 00:00:00,63333.9,63401.73,62697.63,63111.37,32658,2755,0
2024-09-24 04:00:00,63111.37,63570.41,62922.53,63550.73,25971,2705,0
2024-09-24 08:00:00,63550.74,63969.08,63369.46,63476.67,31321,2295,0
2024-09-24 12:00:00,63476.67,63778.43,62706.41,63145.5,43067,2487,0
2024-09-24 16:00:00,63145.8,64402.39,63073.86,64309.52,35500,2375,0
2024-09-24 20:00:00,64309.52,64690.11,63969.92,64260.35,32241,2232,0
2024-09-25 00:00:00,64260.67,64825.5,63981.7,64454.57,31852,2516,0
2024-09-25 04:00:00,64454.57,64461.89,63629.61,63834.07,25314,2647,0
2024-09-25 08:00:00,63834.07,63909.48,63390.65,63827.6,27275,2864,0
2024-09-25 12:00:00,63827.6,64005.63,63296.33,63497.74,44502,2900,0
2024-09-25 16:00:00,63497.74,63665.18,62979.66,63162.57,35080,2938,0
2024-09-25 20:00:00,63162.57,63569.64,62918.11,63115.39,26396,2691,0
2024-09-26 00:00:00,63115.18,63541.45,62641.7,63510.57,30147,2785,0
2024-09-26 04:00:00,63510.87,63871.98,63336.12,63852.77,26962,2484,0
2024-09-26 08:00:00,63852.77,64513.13,63585.85,64397.77,31519,2353,0
2024-09-26 12:00:00,64397.77,65576.04,64150.54,65243.46,59596,1988,0
2024-09-26 16:00:00,65247.48,65864.01,64721.89,64740.41,45357,1984,0
2024-09-26 20:00:00,64740.41,65267.61,64651.65,65185.12,29274,2571,0
2024-09-27 00:00:00,65184.98,65453.41,64841.13,65383.37,30912,2193,0
2024-09-27 04:00:00,65382.74,65589.75,65120.69,65500.76,33208,2444,0
2024-09-27 08:00:00,65500.76,66022.51,65349.09,65450.69,36822,2340,0
2024-09-27 12:00:00,65450.68,66511.63,65330.85,66041.7,52229,2082,0
2024-09-27 16:00:00,66041.69,66401.04,65526.61,65664.47,39592,2255,0
2024-09-27 20:00:00,65664.47,65993.81,65626.3,65788.1,25769,2619,0
2024-09-28 00:00:00,65788.11,66285.41,65724.22,66095.45,30392,2171,0
2024-09-28 04:00:00,66095.45,66115.01,65751.76,65832.05,27642,2222,0
2024-09-28 08:00:00,65832.05,65832.43,65462.16,65814.34,33225,3005,0
2024-09-28 12:00:00,65814.74,65845.3,65428.5,65634.37,29858,2951,0
2024-09-28 16:00:00,65634.12,65836.65,65496.65,65748.63,23117,2844,0
2024-09-28 20:00:00,65748.67,66023.85,65434.7,65870.68,21014,2890,0
2024-09-29 00:00:00,65870.3,65998.43,65640.87,65827.65,26459,2589,0
2024-09-29 04:00:00,65828.37,65828.37,65440.58,65480.13,21545,2682,0
2024-09-29 08:00:00,65480.13,65737.25,65441.02,65701.27,22079,3077,0
2024-09-29 12:00:00,65701.27,65873.37,65526.02,65768.71,25946,2463,0
2024-09-29 16:00:00,65768.12,65994.89,65661.16,65967.97,21383,2108,0
2024-09-29 20:00:00,65967.98,66105.86,65531.4,65607.07,22903,2245,0
2024-09-30 00:00:00,65607.07,65620.43,64208.69,64594.88,39128,3014,0
2024-09-30 04:00:00,64594.85,64740.09,64338.27,64589.99,29492,3062,0
2024-09-30 08:00:00,64589.98,64604.34,63256.02,63830.23,44400,3038,0
2024-09-30 12:00:00,63830.39,64181.79,63540.84,63570.94,45289,2876,0
2024-09-30 16:00:00,63570.94,63742.01,63032.06,63473.65,43650,3037,0
2024-09-30 20:00:00,63474.15,63852.51,62831.6,63314.34,31757,3020,0
2024-10-01 00:00:00,63314.34,63713.33,62997.18,63688.49,37618,3023,0
2024-10-01 04:00:00,63688.49,64110.61,63603.61,64041.98,31305,2996,0
2024-10-01 08:00:00,64041.98,64097.66,63697.14,63709.56,28493,2982,0
2024-10-01 12:00:00,63709.56,63801.85,61780.46,62600.48,62560,2941,0
2024-10-01 16:00:00,62600.03,62746.72,61053.29,61733.45,66790,2907,0
2024-10-01 20:00:00,61733.75,61743.44,60133.16,60783.7,49269,2651,0
2024-10-02 00:00:00,60783.7,61860.52,60707.37,61720.62,39284,2775,0
2024-10-02 04:00:00,61720.61,61926.74,61316.63,61698.19,39466,2726,0
2024-10-02 08:00:00,61698.18,61891.0,60846.9,61132.35,44427,2683,0
2024-10-02 12:00:00,61131.73,61922.58,60495.92,61855.85,63678,2676,0
2024-10-02 16:00:00,61855.85,62383.02,59943.19,60162.87,62344,2635,0
2024-10-02 20:00:00,60154.99,60975.48,60084.7,60610.94,43220,2827,0
2024-10-03 00:00:00,60610.94,61445.83,60489.86,61443.5,40971,2864,0
2024-10-03 04:00:00,61443.5,61468.98,60798.05,60899.23,35551,2649,0
2024-10-03 08:00:00,60899.59,61044.47,60108.8,60738.19,46459,2719,0
2024-10-03 12:00:00,60738.19,60909.13,59830.97,60624.53,73660,2793,0
2024-10-03 16:00:00,60624.53,61035.8,59902.74,61013.76,48136,2518,0
2024-10-03 20:00:00,61010.81,61084.63,60582.63,60719.67,29078,2525,0
2024-10-04 00:00:00,60719.67,61260.41,60420.92,60942.47,34954,2528,0
2024-10-04 04:00:00,60942.47,61500.34,60914.46,61429.86,26898,2524,0
2024-10-04 08:00:00,61429.85,61647.68,61242.91,61429.09,33531,2468,0
2024-10-04 12:00:00,61429.09,61997.22,60762.61,61859.73,63739,2365,0
2024-10-04 16:00:00,61859.68,62490.52,61632.1,62388.94,46584,2140,0
2024-10-04 20:00:00,62391.93,62506.61,61969.4,62095.17,30633,2125,0
2024-10-05 00:00:00,62095.17,62210.09,61676.79,61868.08,33410,2347,0
2024-10-05 04:00:00,61868.27,62276.89,61822.39,62071.95,34645,2138,0
2024-10-05 08:00:00,62071.95,62324.42,62068.44,62175.02,31941,1986,0
2024-10-05 12:00:00,62175.02,62370.97,62072.37,62143.24,32533,1889,0
2024-10-05 16:00:00,62142.54,62165.86,61746.4,61832.85,26720,2593,0
2024-10-05 20:00:00,61832.85,62087.29,61669.12,62026.12,25138,2944,0
2024-10-06 00:00:00,62026.12,62120.4,61838.12,61854.02,25709,2928,0
2024-10-06 04:00:00,61854.02,61987.67,61772.64,61929.08,25091,2854,0
2024-10-06 08:00:00,61929.08,62143.37,61894.09,62066.83,25852,2772,0
2024-10-06 12:00:00,62066.83,62768.02,62029.21,62703.58,34151,1781,0
2024-10-06 16:00:00,62703.58,62999.73,62526.34,62642.39,35653,1782,0
2024-10-06 20:00:00,62642.38,62919.29,62283.79,62824.84,30915,1933,0
2024-10-07 00:00:00,62824.94,63991.08,62661.61,63522.14,44088,1782,0
2024-10-07 04:00:00,63522.14,63723.95,63295.23,63537.96,31923,1865,0
2024-10-07 08:00:00,63537.96,63715.0,62616.94,63116.46,35604,2094,0
2024-10-07 12:00:00,63116.52,64476.17,62806.65,63647.52,53927,1955,0
2024-10-07 16:00:00,63647.52,63907.16,62714.85,63377.81,46299,2261,0
2024-10-07 20:00:00,63377.81,63409.77,62111.31,62200.22,34758,2324,0
2024-10-08 00:00:00,62200.23,62809.16,62122.15,62619.93,38667,2478,0
2024-10-08 04:00:00,62619.93,62780.42,61975.39,62288.44,37659,2512,0
2024-10-08 08:00:00,62288.44,62653.62,62159.44,62608.35,33419,2453,0
2024-10-08 12:00:00,62608.35,63194.62,61847.36,62265.53,57073,2341,0
2024-10-08 16:00:00,62265.53,62568.98,61812.74,62215.23,42405,2366,0
2024-10-08 20:00:00,62219.93,62559.33,61985.98,62128.8,27671,2464,0
2024-10-09 00:00:00,62128.95,62482.19,61968.25,62370.77,32204,2512,0
2024-10-09 04:00:00,62370.77,62546.18,62173.48,62242.6,26417,2385,0
2024-10-09 08:00:00,62242.6,62262.48,62011.58,62155.26,27493,2507,0
2024-10-09 12:00:00,62155.26,62394.14,61565.58,62294.03,48858,2341,0
2024-10-09 16:00:00,62294.03,62324.68,60752.56,60973.94,43018,2286,0
2024-10-09 20:00:00,60973.94,61051.1,60225.05,60585.43,34821,2474,0
2024-10-10 00:00:00,60585.43,60892.07,60310.21,60805.39,31595,2617,0
2024-10-10 04:00:00,60805.39,61081.05,60750.93,60825.73,29749,2522,0
2024-10-10 08:00:00,60825.74,61258.94,60560.05,61192.66,34490,2434,0
2024-10-10 12:00:00,61192.66,61253.09,60378.59,60740.95,51177,2389,0
2024-10-10 16:00:00,60740.95,60985.21,58857.02,59685.6,52589,2763,0
2024-10-10 20:00:00,59685.6,60301.95,59527.6,60296.88,32243,2547,0
2024-10-11 00:00:00,60296.88,60728.45,60042.67,60555.96,32795,2531,0
2024-10-11 04:00:00,60555.96,60873.66,60525.36,60624.01,28792,2502,0
2024-10-11 08:00:00,60624.15,61230.15,60593.91,61139.91,29883,2302,0
2024-10-11 12:00:00,61140.43,62485.24,61084.36,62268.65,51864,2056,0
2024-10-11 16:00:00,62268.66,63469.36,62145.73,63102.34,46524,1781,0
2024-10-11 20:00:00,63099.55,63214.4,62360.61,62543.0,33026,1856,0
2024-10-12 00:00:00,62543.7,63098.4,62492.16,62577.48,41317,1987,0
2024-10-12 04:00:00,62577.15,62816.05,62577.15,62762.12,32438,2173,0
2024-10-12 08:00:00,62762.12,63276.72,62679.48,62950.96,36370,1799,0
2024-10-12 12:00:00,62950.96,63536.72,62836.35,63197.34,42109,1780,0
2024-10-12 16:00:00,63197.08,63429.79,62922.88,63020.23,33017,1916,0
2024-10-12 20:00:00,63020.23,63404.38,63017.69,63225.04,27459,2028,0
2024-10-13 00:00:00,63225.01,63313.78,62676.09,62735.48,33003,1967,0
2024-10-13 04:00:00,62735.48,63017.32,62721.23,62859.98,28495,2520,0
2024-10-13 08:00:00,62860.23,62990.83,62533.59,62577.57,28597,2876,0
2024-10-13 12:00:00,62577.57,62854.65,62059.5,62246.32,37376,2859,0
2024-10-13 16:00:00,62246.32,62929.0,62185.14,62755.88,36636,1964,0
2024-10-13 20:00:00,62755.89,63159.61,62633.8,62895.86,33807,2294,0
2024-10-14 00:00:00,62895.86,64397.04,62471.12,64300.73,42821,1781,0
2024-10-14 04:00:00,64300.73,64682.89,63760.43,64603.05,42246,1782,0
2024-10-14 08:00:00,64603.05,65146.35,64308.48,64891.53,44227,1786,0
2024-10-14 12:00:00,64891.53,66268.0,64626.81,65841.82,58290,1785,0
2024-10-14 16:00:00,65841.82,66056.91,65501.42,65918.8,42568,1795,0
2024-10-14 20:00:00,65918.8,66512.79,65713.27,66057.46,30518,1780,0
2024-10-15 00:00:00,66057.46,66316.45,65282.34,65370.42,38891,1785,0
2024-10-15 04:00:00,65370.42,65816.34,65180.49,65627.32,36799,1904,0
2024-10-15 08:00:00,65627.32,65831.45,65260.9,65379.76,39773,2011,0
2024-10-15 12:00:00,65388.75,67947.76,64756.93,65967.21,80185,1781,0
2024-10-15 16:00:00,65967.21,67382.24,65931.13,66965.55,61213,2032,0
2024-10-15 20:00:00,66965.54,67152.03,66108.87,67061.31,40953,2022,0
2024-10-16 00:00:00,67061.31,67592.66,66741.74,67112.22,42235,1987,0
2024-10-16 04:00:00,67112.22,67390.58,66771.12,66971.38,44018,2000,0
2024-10-16 08:00:00,66971.38,68433.79,66906.47,67899.24,51480,1787,0
2024-10-16 12:00:00,67898.62,68320.26,67110.78,67758.66,72700,1836,0
2024-10-16 16:00:00,67759.05,68127.34,67478.15,67733.3,44483,1935,0
2024-10-16 20:00:00,67731.0,67980.69,67475.09,67607.99,29954,1970,0
2024-10-17 00:00:00,67607.99,67942.95,67374.53,67585.86,33183,1970,0
2024-10-17 04:00:00,67586.38,67586.38,67044.48,67266.03,38964,2191,0
2024-10-17 08:00:00,67266.02,67514.95,66767.19,66823.3,39344,2235,0
2024-10-17 12:00:00,66823.3,67683.37,66617.79,67568.09,62203,2328,0
2024-10-17 16:00:00,67568.09,67583.62,66685.47,66789.27,45831,2243,0
2024-10-17 20:00:00,66789.26,67466.55,66769.97,67398.06,28881,2203,0
2024-10-18 00:00:00,67398.06,68252.42,67157.75,67540.45,41901,2203,0
2024-10-18 04:00:00,67540.45,68386.41,67519.57,67959.58,41105,2211,0
2024-10-18 08:00:00,67959.58,68044.6,67641.4,67680.54,36952,2293,0
2024-10-18 12:00:00,67680.54,68868.54,67601.85,68715.36,57058,1976,0
2024-10-18 16:00:00,68715.36,69002.16,68341.33,68588.53,44395,1826,0
2024-10-18 20:00:00,68588.53,68673.24,68144.91,68403.09,31481,2191,0
2024-10-19 00:00:00,68403.09,68670.75,68264.9,68423.14,27556,2537,0
2024-10-19 04:00:00,68423.14,68541.89,68261.82,68329.58,22965,2964,0
2024-10-19 08:00:00,68329.58,68447.31,68039.96,68054.81,28172,3134,0
2024-10-19 12:00:00,68054.81,68327.64,68046.67,68201.98,32349,3134,0
2024-10-19 16:00:00,68201.98,68219.03,67983.99,68156.93,22619,3133,0
2024-10-19 20:00:00,68156.93,68398.28,68135.2,68347.49,22638,3136,0
2024-10-20 00:00:00,68350.98,68429.66,68047.1,68144.9,19746,3110,0
2024-10-20 04:00:00,68144.9,68409.89,68123.08,68336.74,23412,2945,0
2024-10-20 08:00:00,68337.66,68484.01,68327.66,68406.06,25258,2436,0
2024-10-20 12:00:00,68406.07,68752.98,68178.74,68607.0,31889,1810,0
2024-10-20 16:00:00,68607.0,68647.83,68394.73,68505.22,23688,2206,0
2024-10-20 20:00:00,68505.22,69387.65,68446.76,68965.77,38423,2329,0
2024-10-21 00:00:00,68965.77,69497.65,68548.78,68903.23,36579,2330,0
2024-10-21 04:00:00,68903.23,69151.2,68439.63,68483.57,33025,2951,0
2024-10-21 08:00:00,68483.57,68633.61,68087.66,68187.46,36100,3131,0
2024-10-21 12:00:00,68187.45,68286.61,66777.73,67283.14,46105,3016,0
2024-10-21 16:00:00,67288.98,67933.39,66813.8,67747.96,40220,2839,0
2024-10-21 20:00:00,67747.96,67926.84,67313.01,67340.15,30341,2734,0
2024-10-22 00:00:00,67340.15,67665.36,66505.28,67348.7,41084,2480,0
2024-10-22 04:00:00,67348.7,67756.72,67222.42,67344.78,31661,2753,0
2024-10-22 08:00:00,67344.77,67477.78,66665.9,67216.75,42230,2736,0
2024-10-22 12:00:00,67216.75,67638.97,66535.06,67203.48,55329,2612,0
2024-10-22 16:00:00,67203.1,67591.76,66827.36,67432.15,39512,2739,0
2024-10-22 20:00:00,67432.15,67790.39,67212.93,67356.76,26904,2720,0
2024-10-23 00:00:00,67356.76,67390.91,66782.85,66984.23,28331,2794,0
2024-10-23 04:00:00,66984.23,67222.6,66688.25,66748.56,29876,2874,0
2024-10-23 08:00:00,66748.56,66945.42,66087.49,66343.45,38372,2949,0
2024-10-23 12:00:00,66343.45,66822.69,65810.77,66109.4,49510,2787,0
2024-10-23 16:00:00,66109.4,66474.89,65146.99,66368.56,52838,2573,0
2024-10-23 20:00:00,66368.85,66743.01,66221.54,66586.72,31121,2681,0
2024-10-24 00:00:00,66586.72,67550.05,66425.21,67125.81,38498,2579,0
2024-10-24 04:00:00,67125.81,67405.64,66970.71,67029.61,32617,2686,0
2024-10-24 08:00:00,67029.61,67241.29,66625.43,67211.87,37894,2707,0
2024-10-24 12:00:00,67211.87,67934.21,67176.92,67629.22,54760,2299,0
2024-10-24 16:00:00,67629.22,68294.99,67275.62,68283.06,40323,2132,0
2024-10-24 20:00:00,68283.2,68828.61,67929.62,68130.38,36150,2307,0
2024-10-25 00:00:00,68130.04,68219.16,67756.55,67959.57,33974,2763,0
2024-10-25 04:00:00,67959.57,67993.74,67162.79,67460.77,33551,2733,0
2024-10-25 08:00:00,67460.72,68146.29,67246.24,68065.92,37633,2719,0
2024-10-25 12:00:00,68065.92,68739.88,67393.89,67643.99,55150,2441,0
2024-10-25 16:00:00,67643.99,67829.43,65887.62,66749.48,68981,2308,0
2024-10-25 20:00:00,66749.47,67294.2,65483.14,66579.57,55384,2537,0
2024-10-26 00:00:00,66579.57,66937.58,66325.8,66819.77,52865,2256,0
2024-10-26 04:00:00,66819.77,67176.4,66688.22,66931.51,45572,2043,0
2024-10-26 08:00:00,66931.87,67218.58,66890.25,67064.92,36967,2136,0
2024-10-26 12:00:00,67064.93,67112.19,66623.99,66795.79,41056,2206,0
2024-10-26 16:00:00,66795.79,67106.59,66701.05,67095.48,40349,1863,0
2024-10-26 20:00:00,67095.49,67387.77,66986.44,67002.03,30112,1863,0
2024-10-27 00:00:00,67002.05,67225.93,66816.27,67185.06,32105,2382,0
2024-10-27 04:00:00,67185.06,67215.11,67018.99,67131.26,31208,2280,0
2024-10-27 08:00:00,67131.26,67197.25,66971.55,67063.05,27796,2266,0
2024-10-27 12:00:00,67063.05,67791.86,67050.14,67718.03,41499,1784,0
2024-10-27 16:00:00,67719.23,67941.65,67455.83,67772.36,34476,1782,0
2024-10-27 20:00:00,67772.37,68287.18,67646.81,67967.64,37228,1783,0
2024-10-28 00:00:00,67967.64,68067.85,67597.55,67666.47,34087,1881,0
2024-10-28 04:00:00,67666.47,68623.6,67549.07,68380.33,35553,1823,0
2024-10-28 08:00:00,68380.33,68810.92,68169.34,68721.31,37194,1782,0
2024-10-28 12:00:00,68721.31,69255.86,68387.1,68461.44,55838,1783,0
2024-10-28 16:00:00,68460.34,69896.74,68418.38,69613.25,44907,1781,0
2024-10-28 20:00:00,69613.24,70307.54,69387.57,69910.88,41861,1784,0
2024-10-29 00:00:00,69910.88,71540.0,69705.02,70850.62,49351,1784,0
2024-10-29 04:00:00,70850.62,71295.88,70741.63,70942.54,40260,1827,0
2024-10-29 08:00:00,70942.54,71537.56,70895.17,71403.16,39323,1784,0
2024-10-29 12:00:00,71403.16,72385.23,70847.29,72356.14,57583,1782,0
2024-10-29 16:00:00,72355.34,73626.95,72311.77,72468.45,60792,1785,0
2024-10-29 20:00:00,72468.45,72913.55,71792.87,72674.89,46128,1948,0
2024-10-30 00:00:00,72674.08,72728.9,71934.54,72166.18,39487,2281,0
2024-10-30 04:00:00,72166.4,72557.73,72039.51,72167.47,33094,2502,0
2024-10-30 08:00:00,72167.47,72550.1,71865.25,71931.74,33835,2443,0
2024-10-30 12:00:00,71931.74,72434.57,71362.57,72002.98,61699,2490,0
2024-10-30 16:00:00,72002.86,72149.08,71577.38,71765.67,42201,2463,0
2024-10-30 20:00:00,71764.86,72929.24,71563.45,72304.86,39332,2233,0
2024-10-31 00:00:00,72304.86,72546.83,71968.83,72302.66,31208,2469,0
2024-10-31 04:00:00,72302.66,72425.36,72080.09,72353.6,28845,2578,0
2024-10-31 08:00:00,72353.59,72630.35,72074.58,72134.7,29920,2246,0
2024-10-31 12:00:00,72134.7,72190.94,70333.89,70524.1,58862,2513,0
2024-10-31 16:00:00,70524.1,70803.63,69913.73,69990.26,47303,2337,0
2024-10-31 20:00:00,69990.26,70550.01,69543.24,70199.91,37387,2423,0
2024-11-01 00:00:00,70199.91,70367.28,68735.69,69277.22,50469,2636,0
2024-11-01 04:00:00,69277.21,69635.04,68980.8,69180.05,37062,2708,0
2024-11-01 08:00:00,69180.06,70165.58,69145.8,69937.11,37246,2635,0
2024-11-01 12:00:00,69936.87,71581.45,68984.48,69334.39,66599,2264,0
2024-11-01 16:00:00,69334.39,70487.99,68741.69,69187.72,63285,2258,0
2024-11-01 20:00:00,69181.94,69578.41,68783.61,69460.16,38140,2682,0
2024-11-02 00:00:00,69460.32,69885.39,69442.39,69562.54,35357,2514,0
2024-11-02 04:00:00,69562.54,69789.47,69393.46,69767.72,34643,2548,0
2024-11-02 08:00:00,69767.72,69803.25,69359.94,69570.58,36011,2423,0
2024-11-02 12:00:00,69570.59,69647.51,68952.62,69319.27,43372,2634,0
2024-11-02 16:00:00,69319.27,69549.04,69148.61,69442.04,31633,2750,0
2024-11-02 20:00:00,69442.04,69515.59,69093.94,69296.65,24853,2609,0
2024-11-03 00:00:00,69296.64,69325.56,67789.54,68323.84,44887,2950,0
2024-11-03 04:00:00,68323.37,68727.1,68242.93,68334.17,42563,2847,0
2024-11-03 08:00:00,68334.17,68549.25,68142.69,68297.58,34310,2957,0
2024-11-03 12:00:00,68297.58,68479.75,67450.2,68041.77,49789,3092,0
2024-11-03 16:00:00,68041.77,68656.51,67633.83,68632.0,44435,2216,0
2024-11-03 20:00:00,68632.0,69311.69,68442.56,68704.99,46397,1948,0
2024-11-04 00:00:00,68704.81,69450.38,68145.92,68973.81,52406,2095,0
2024-11-04 04:00:00,68973.81,69335.84,68523.34,68523.49,39851,2071,0
2024-11-04 08:00:00,68524.89,68985.97,68375.12,68716.49,47136,2142,0
2024-11-04 12:00:00,68717.23,69195.44,68117.0,68588.83,51756,2089,0
2024-11-04 16:00:00,68588.83,68788.16,67198.09,67805.83,48819,2222,0
2024-11-04 20:00:00,67805.83,68063.05,66806.81,67801.12,46041,2201,0
2024-11-05 00:00:00,67801.12,68205.4,67419.34,68183.14,43485,2097,0
2024-11-05 04:00:00,68183.22,68949.6,68154.64,68861.91,39537,1936,0
2024-11-05 08:00:00,68861.77,69064.58,68559.29,68777.72,41854,1916,0
2024-11-05 12:00:00,68777.72,70312.86,68632.16,69641.81,58101,2019,0
2024-11-05 16:00:00,69641.81,70569.99,68698.66,68982.18,54227,2169,0
2024-11-05 20:00:00,68983.77,69912.8,68812.7,69389.34,47126,2226,0
2024-11-06 00:00:00,69389.34,75438.22,69300.55,74314.47,91534,1800,0
2024-11-06 04:00:00,74314.56,75416.25,73053.13,73362.24,82709,1840,0
2024-11-06 08:00:00,73362.24,74493.75,72651.01,74308.36,69383,2152,0
2024-11-06 12:00:00,74308.22,74795.21,73525.03,74349.87,72367,2120,0
2024-11-06 16:00:00,74349.73,75925.12,74158.99,75871.87,60079,1947,0
2024-11-06 20:00:00,75871.87,76470.02,75543.14,75589.85,54579,1935,0
2024-11-07 00:00:00,75589.85,76047.8,74994.88,75039.97,55625,2135,0
2024-11-07 04:00:00,75039.62,75063.05,74402.63,74760.57,44183,2387,0
2024-11-07 08:00:00,74760.57,75166.57,74682.22,74748.27,45564,2489,0
2024-11-07 12:00:00,74748.27,76130.54,74527.66,76118.31,56350,2459,0
2024-11-07 16:00:00,76118.31,76776.79,75603.69,76577.63,70141,2148,0
2024-11-07 20:00:00,76577.64,76935.25,75493.62,75892.63,53838,2090,0
2024-11-08 00:00:00,75893.73,76386.83,75585.64,75924.37,51247,2191,0
2024-11-08 04:00:00,75924.37,76285.07,75712.8,76211.95,45858,2135,0
2024-11-08 08:00:00,76211.95,76374.16,75804.25,75983.38,43071,2186,0
2024-11-08 12:00:00,75983.38,76654.5,75647.98,76464.97,53968,2009,0
2024-11-08 16:00:00,76464.97,77248.97,75838.55,76960.03,56664,1784,0
2024-11-08 20:00:00,76960.03,77150.16,76286.12,76484.18,47421,1813,0
2024-11-09 00:00:00,76484.41,76632.48,76121.01,76335.79,42379,1966,0
2024-11-09 04:00:00,76335.79,76799.1,76289.42,76526.83,43267,1780,0
2024-11-09 08:00:00,76526.82,76736.58,76364.69,76497.55,41212,1781,0
2024-11-09 12:00:00,76497.55,76557.11,76246.34,76299.5,34672,1942,0
2024-11-09 16:00:00,76299.5,76698.14,75686.63,76175.17,43860,2121,0
2024-11-09 20:00:00,76175.29,76900.61,76131.08,76665.37,36777,1787,0
2024-11-10 00:00:00,76665.37,77501.55,76483.14,77162.28,51552,1801,0
2024-11-10 04:00:00,77163.22,79732.27,77095.31,78777.78,68714,1903,0
2024-11-10 08:00:00,78777.09,80102.05,78776.89,79854.58,53033,1877,0
2024-11-10 12:00:00,79857.23,80134.71,79168.98,79688.05,60955,1781,0
2024-11-10 16:00:00,79688.05,81120.74,79322.74,79728.54,60451,1780,0
2024-11-10 20:00:00,79728.54,81607.05,78461.52,80360.51,68700,1866,0
2024-11-11 00:00:00,80360.51,81917.18,80214.82,81638.78,61265,1780,0
2024-11-11 04:00:00,81637.66,81759.26,80438.13,81137.02,57898,1783,0
2024-11-11 08:00:00,81137.28,82406.97,81053.34,82167.93,57702,1783,0
2024-11-11 12:00:00,82167.93,84384.97,81488.78,84135.57,77949,1780,0
2024-11-11 16:00:00,84135.57,86951.6,83885.42,86226.38,83967,1780,0
2024-11-11 20:00:00,86226.38,89724.77,86170.64,88698.0,84722,2099,0
2024-11-12 00:00:00,88698.58,89549.66,86629.86,88147.84,84639,2480,0
2024-11-12 04:00:00,88147.84,90011.59,87793.49,89074.01,69943,2796,0
2024-11-12 08:00:00,89073.58,89502.42,85382.94,87189.88,92271,2523,0
2024-11-12 12:00:00,87189.88,87902.97,85062.82,86648.67,100987,2620,0
2024-11-12 16:00:00,86648.67,89899.14,85784.32,88813.22,84397,2499,0
2024-11-12 20:00:00,88813.22,89999.19,87459.02,87987.95,68459,2295,0
2024-11-13 00:00:00,87987.94,88641.73,87091.07,87220.1,72177,2300,0
2024-11-13 04:00:00,87220.1,87774.24,86193.08,87436.85,65618,2272,0
2024-11-13 08:00:00,87436.86,88175.38,87143.49,87732.95,57378,2352,0
2024-11-13 12:00:00,87728.92,92887.57,87568.0,92701.36,96350,1780,0
2024-11-13 16:00:00,92693.67,93489.92,90043.62,90231.35,99080,1780,0
2024-11-13 20:00:00,90231.34,91232.95,87993.29,90456.31,82746,2400,0
2024-11-14 00:00:00,90456.23,90634.2,89531.47,89959.68,66591,2731,0
2024-11-14 04:00:00,89959.68,90879.21,89085.05,90792.4,57053,3051,0
2024-11-14 08:00:00,90792.41,91718.31,90360.25,91522.48,69881,2907,0
2024-11-14 12:00:00,91524.94,91827.48,87814.71,87949.32,85966,2900,0
2024-11-14 16:00:00,87950.4,89716.47,87507.06,89476.74,70639,2917,0
2024-11-14 20:00:00,89476.74,89477.05,86648.79,87314.05,74179,2378,0
2024-11-15 00:00:00,87314.05,88505.11,87226.84,88231.63,60730,2581,0
2024-11-15 04:00:00,88231.63,88428.86,87056.2,87648.33,55598,2512,0
2024-11-15 08:00:00,87648.44,89787.46,87372.34,89739.62,58945,2590,0
2024-11-15 12:00:00,89739.62,90746.39,87721.85,88400.33,80457,2531,0
2024-11-15 16:00:00,88400.34,90879.88,88345.05,90397.2,71722,2406,0
2024-11-15 20:00:00,90397.2,91920.67,90349.93,91014.72,59080,2040,0
2024-11-16 00:00:00,91014.47,91730.37,90844.25,91247.77,51738,1789,0
2024-11-16 04:00:00,91247.77,91803.49,91057.83,91111.28,47370,1993,0
2024-11-16 08:00:00,91111.27,91598.59,90967.4,91148.5,45081,1901,0
2024-11-16 12:00:00,91148.5,91300.69,90021.17,90479.64,59852,2230,0
2024-11-16 16:00:00,90479.64,91401.78,90158.33,91091.75,52882,1980,0
2024-11-16 20:00:00,91091.9,91169.22,90260.12,90545.3,40577,2238,0
2024-11-17 00:00:00,90572.85,90896.15,89320.88,90248.61,53513,2394,0
2024-11-17 04:00:00,90248.61,90876.12,90146.4,90498.04,49911,1919,0
2024-11-17 08:00:00,90498.02,91433.02,90424.4,90631.37,50693,1780,0
2024-11-17 12:00:00,90631.38,91140.61,89855.78,90216.71,53807,2350,0
2024-11-17 16:00:00,90215.16,90605.16,89623.43,90003.25,46114,3288,0
2024-11-17 20:00:00,90003.25,90190.17,88648.51,89833.48,51100,3438,0
2024-11-18 00:00:00,89833.48,90931.24,89605.6,90634.31,55078,2738,0
2024-11-18 04:00:00,90634.31,92320.72,90423.75,91681.96,49147,2075,0
2024-11-18 08:00:00,91688.74,92224.34,89965.47,90219.69,53702,2398,0
2024-11-18 12:00:00,90219.7,92670.74,89327.7,92378.86,78861,1907,0
2024-11-18 16:00:00,92379.99,92654.27,89630.52,90623.15,74454,1946,0
2024-11-18 20:00:00,90623.15,92051.46,90235.0,90465.19,58708,2258,0
2024-11-19 00:00:00,90464.89,91554.12,90358.14,91425.5,47967,2854,0
2024-11-19 04:00:00,91425.49,92056.99,91208.92,91622.91,47183,2060,0
2024-11-19 08:00:00,91622.92,91940.21,91156.65,91640.38,48754,2169,0
2024-11-19 12:00:00,91639.77,92864.11,90974.44,92431.3,74591,1828,0
2024-11-19 16:00:00,92431.3,93996.89,92210.22,93286.93,69048,1780,0
2024-11-19 20:00:00,93280.63,93619.41,91338.82,92348.72,57663,1783,0
2024-11-20 00:00:00,92349.3,92485.01,91490.84,92045.12,48310,3249,0
2024-11-20 04:00:00,92045.12,92895.78,91856.81,92878.93,48168,2612,0
2024-11-20 08:00:00,92878.93,93728.82,92750.8,93490.68,53399,1783,0
2024-11-20 12:00:00,93489.85,94900.49,93336.13,94810.77,71212,1980,0
2024-11-20 16:00:00,94810.01,94919.79,93187.22,94066.08,71785,1781,0
2024-11-20 20:00:00,94066.39,94681.76,93814.23,94344.6,52262,1780,0
2024-11-21 00:00:00,94343.59,95990.08,94052.99,95815.69,54404,1780,0
2024-11-21 04:00:00,95814.76,97880.52,95813.32,96922.78,66256,1787,0
2024-11-21 08:00:00,96922.78,98351.87,96715.68,97941.24,56102,1780,0
2024-11-21 12:00:00,97942.9,98223.51,95584.65,96661.45,79001,2280,0
2024-11-21 16:00:00,96652.91,99093.52,96296.94,97832.77,76132,1892,0
2024-11-21 20:00:00,97832.77,98801.92,97554.15,98402.98,55548,2330,0
2024-11-22 00:00:00,98402.95,99401.56,97859.95,98858.98,54225,2314,0
2024-11-22 04:00:00,98858.98,99532.09,98531.52,99250.28,47242,2345,0
2024-11-22 08:00:00,99250.28,99336.93,98221.15,98875.44,47043,2905,0
2024-11-22 12:00:00,98875.44,98964.58,97120.46,98753.62,72143,3380,0
2024-11-22 16:00:00,98753.62,99728.71,98309.54,99140.42,65262,2780,0
2024-11-22 20:00:00,99140.41,99521.33,98530.86,98924.26,52279,2827,0
2024-11-23 00:00:00,98924.25,98947.18,98217.46,98635.75,48820,3624,0
2024-11-23 04:00:00,98635.75,98741.36,98208.92,98492.32,39710,3740,0
2024-11-23 08:00:00,98492.32,98562.55,98234.14,98388.3,33777,3740,0
2024-11-23 12:00:00,98388.26,98910.21,98374.0,98472.49,41082,3727,0
2024-11-23 16:00:00,98472.5,98551.65,97427.12,97581.93,48884,3726,0
2024-11-23 20:00:00,97581.92,98119.78,97169.33,97713.35,41908,3721,0
2024-11-24 00:00:00,97713.38,98605.73,97659.06,98222.33,36839,3604,0
2024-11-24 04:00:00,98222.32,98444.18,97895.49,98437.46,34704,3724,0
2024-11-24 08:00:00,98437.46,98504.42,97280.7,97331.89,38501,3712,0
2024-11-24 12:00:00,97331.89,97726.88,95938.03,95956.35,61982,3685,0
2024-11-24 16:00:00,95952.1,96813.95,95750.78,96370.99,52917,3681,0
2024-11-24 20:00:00,96370.99,98447.73,96238.9,97978.32,46668,3691,0
2024-11-25 00:00:00,97978.32,98147.6,96953.61,97985.1,52801,3705,0
2024-11-25 04:00:00,97983.87,98431.1,97635.95,98113.15,48103,3594,0
2024-11-25 08:00:00,98113.53,98958.72,97908.85,98198.98,49021,3314,0
2024-11-25 12:00:00,98197.82,98325.9,94573.13,96040.94,77073,3649,0
2024-11-25 16:00:00,96041.36,96554.1,94415.83,94666.24,69170,3668,0
2024-11-25 20:00:00,94666.24,95327.46,92586.31,93009.04,67379,3554,0
2024-11-26 00:00:00,93009.34,95035.67,92760.64,94585.24,60192,3587,0
2024-11-26 04:00:00,94585.24,95081.9,93578.52,93842.34,52816,3561,0
2024-11-26 08:00:00,93842.34,93842.34,91383.28,92275.03,81861,3516,0
2024-11-26 12:00:00,92278.13,93567.47,91666.15,92853.85,87460,3431,0
2024-11-26 16:00:00,92853.85,94747.54,91501.61,91622.09,78737,3306,0
2024-11-26 20:00:00,91617.5,92339.67,90685.18,91912.29,65264,3558,0
2024-11-27 00:00:00,91912.29,93073.86,91752.59,92577.34,60094,3587,0
2024-11-27 04:00:00,92577.34,93712.32,92322.49,93639.1,54484,3582,0
2024-11-27 08:00:00,93639.1,93952.01,93154.62,93418.69,52964,3271,0
2024-11-27 12:00:00,93418.69,95964.67,92874.04,95677.59,87919,2015,0
2024-11-27 16:00:00,95683.32,96836.78,95321.54,96818.37,145744,1951,0
2024-11-27 20:00:00,96818.37,97391.74,95871.45,96009.1,111025,1953,0
2024-11-28 00:00:00,96009.09,96733.19,94930.02,95588.81,116403,2484,0
2024-11-28 04:00:00,95588.81,96084.72,95199.61,95449.2,112489,2202,0
2024-11-28 08:00:00,95449.21,95900.02,94710.57,95565.47,115112,2470,0
2024-11-28 12:00:00,95565.47,96344.56,94968.13,95082.07,124806,2947,0
2024-11-28 16:00:00,95082.07,95503.83,94864.94,95171.86,90790,3500,0
2024-11-28 20:00:00,95171.87,96128.02,94731.06,95723.79,87181,3098,0
2024-11-29 00:00:00,95723.78,96988.84,95429.17,96689.57,104584,2576,0
2024-11-29 04:00:00,96690.01,96731.67,95675.15,95700.83,90555,2535,0
2024-11-29 08:00:00,95700.82,97492.75,95698.51,97356.81,93359,2197,0
2024-11-29 12:00:00,97356.92,98797.08,96853.57,98170.46,61978,1780,0
2024-11-29 16:00:00,98170.46,98616.23,96945.97,97453.5,58985,1874,0
2024-11-29 20:00:00,97453.5,97770.49,97121.96,97549.1,42190,2991,0
2024-11-30 00:00:00,97549.1,97559.04,96389.31,96735.33,45499,3095,0
2024-11-30 04:00:00,96735.33,97340.6,96637.05,96880.8,44687,3673,0
2024-11-30 08:00:00,96880.8,97082.1,96173.27,96351.5,40734,3624,0
2024-11-30 12:00:00,96351.5,96845.03,96322.77,96742.18,42961,3369,0
2024-11-30 16:00:00,96744.54,97171.34,96613.04,97113.45,39925,2951,0
2024-11-30 20:00:00,97113.45,97160.43,96393.91,96489.24,34407,2951,0
2024-12-01 00:00:00,96489.24,96758.06,95730.32,96432.34,47463,3507,0
2024-12-01 04:00:00,96432.37,96636.15,96273.98,96597.72,39680,2798,0
2024-12-01 08:00:00,96597.5,97313.78,96549.52,97218.34,43328,1929,0
2024-12-01 12:00:00,97218.34,97533.59,96786.93,97144.54,41667,1783,0
2024-12-01 16:00:00,97144.54,97655.71,97053.89,97260.79,33888,1975,0
2024-12-01 20:00:00,97260.79,97973.44,96871.66,97317.63,39782,2011,0
2024-12-02 00:00:00,97317.63,98297.53,96406.78,96560.04,50126,2252,0
2024-12-02 04:00:00,96560.04,97047.93,95797.79,96052.1,53281,3438,0
2024-12-02 08:00:00,96051.6,96176.06,94855.18,95181.54,56834,3661,0
2024-12-02 12:00:00,95181.54,97354.84,94815.15,97169.74,64586,2842,0
2024-12-02 16:00:00,97160.73,97493.15,94423.04,95871.07,67942,2477,0
2024-12-02 20:00:00,95871.08,96410.66,95133.47,95895.9,50545,2800,0
2024-12-03 00:00:00,95895.91,96383.55,95469.49,96162.85,52046,3096,0
2024-12-03 04:00:00,96162.85,96355.31,95319.9,95593.8,46037,2827,0
2024-12-03 08:00:00,95593.83,95729.38,94648.87,95031.92,42619,3627,0
2024-12-03 12:00:00,95031.18,96382.37,93573.91,95798.49,71490,1970,0
2024-12-03 16:00:00,95798.49,96289.71,94947.73,95503.74,61537,2334,0
2024-12-03 20:00:00,95503.74,96281.59,95344.74,95998.34,49238,2118,0
2024-12-04 00:00:00,95998.34,96779.56,95319.43,95903.3,50989,2166,0
2024-12-04 04:00:00,95903.3,96874.77,95834.12,96724.03,41871,1947,0
2024-12-04 08:00:00,96724.03,97070.3,96286.61,96317.25,44066,1815,0
2024-12-04 12:00:00,96317.25,96676.61,95418.73,95886.14,61159,2637,0
2024-12-04 16:00:00,95886.14,97400.03,94685.95,97373.8,63805,1864,0
2024-12-04 20:00:00,97373.79,99187.8,97285.51,98688.95,65297,1780,0
2024-12-05 00:00:00,98688.94,104320.47,98008.58,102966.84,91189,1780,0
2024-12-05 04:00:00,102965.39,103573.74,101351.66,102308.81,65374,1780,0
2024-12-05 08:00:00,102308.81,103263.99,102289.67,102622.11,56275,1780,0
2024-12-05 12:00:00,102622.11,103666.08,100976.85,101371.32,70959,1781,0
2024-12-05 16:00:00,101371.32,102065.73,98566.93,98972.48,72915,2874,0
2024-12-05 20:00:00,98972.48,99492.18,90796.3,96986.04,90144,2364,0
2024-12-06 00:00:00,96986.04,98794.21,96406.55,97714.83,67495,2769,0
2024-12-06 04:00:00,97714.83,98327.68,97354.08,98187.81,45450,3189,0
2024-12-06 08:00:00,98183.52,98761.39,97699.45,98126.78,51861,2743,0
2024-12-06 12:00:00,98126.78,99644.01,97549.23,99463.65,70309,2150,0
2024-12-06 16:00:00,99463.65,101936.56,98914.36,101576.02,65211,1783,0
2024-12-06 20:00:00,101576.02,102019.81,99124.79,99827.79,50133,1785,0
2024-12-07 00:00:00,99827.78,100563.85,99426.31,99522.04,53371,2194,0
2024-12-07 04:00:00,99522.05,99849.26,98927.9,99488.81,51133,3359,0
2024-12-07 08:00:00,99488.82,99958.33,99369.89,99701.96,44646,2721,0
2024-12-07 12:00:00,99701.7,99905.39,99101.47,99822.29,42328,3578,0
2024-12-07 16:00:00,99822.28,100365.79,99524.53,100183.47,37591,1886,0
2024-12-07 20:00:00,100183.42,100541.08,99650.2,99899.27,37004,1780,0
2024-12-08 00:00:00,99899.16,100444.29,99682.73,100008.93,40064,1781,0
2024-12-08 04:00:00,100008.93,100108.12,99368.18,99726.12,35078,2340,0
2024-12-08 08:00:00,99726.13,99901.33,98666.39,99762.89,42351,2623,0
2024-12-08 12:00:00,99763.31,100585.06,99377.22,99944.77,48695,1781,0
2024-12-08 16:00:00,99944.77,100234.95,99498.0,100146.14,42984,2785,0
2024-12-08 20:00:00,100146.14,101478.35,99770.79,101219.15,41237,2579,0
2024-12-09 00:00:00,101219.14,101317.89,98487.93,99128.62,53215,2574,0
2024-12-09 04:00:00,99128.63,99783.14,98357.55,99621.0,52028,3637,0
2024-12-09 08:00:00,99621.0,99747.35,98011.64,98057.37,57695,3645,0
2024-12-09 12:00:00,98057.36,100491.58,97465.19,97749.5,69991,2905,0
2024-12-09 16:00:00,97749.5,98360.62,96894.13,96992.01,63709,3709,0
2024-12-09 20:00:00,96994.91,97584.77,93994.62,97355.59,82462,3525,0
2024-12-10 00:00:00,97355.66,98206.73,95587.44,96958.27,66645,3653,0
2024-12-10 04:00:00,96958.55,97540.85,95919.77,97200.21,53393,3488,0
2024-12-10 08:00:00,97200.22,97966.99,96939.49,97769.44,52351,3044,0
2024-12-10 12:00:00,97769.44,98344.12,95608.25,95650.09,78029,2896,0
2024-12-10 16:00:00,95650.09,96515.1,94206.25,95869.21,86177,1969,0
2024-12-10 20:00:00,95869.74,97298.88,95625.21,96650.99,54133,1895,0
2024-12-11 00:00:00,96650.97,97700.13,95682.41,97449.98,65849,1887,0
2024-12-11 04:00:00,97449.27,97858.74,97225.42,97389.4,47153,1847,0
2024-12-11 08:00:00,97389.41,98571.94,97358.84,98369.72,56974,1808,0
2024-12-11 12:00:00,98369.72,100924.83,98137.18,100426.13,67251,1787,0
2024-12-11 16:00:00,100426.04,101251.34,99650.88,101215.07,63911,1793,0
2024-12-11 20:00:00,101215.07,101953.26,100924.73,101163.64,51703,1792,0
2024-12-12 00:00:00,101168.2,101881.65,100350.74,101063.57,53556,1788,0
2024-12-12 04:00:00,101064.25,101221.36,100393.45,100487.78,45286,1808,0
2024-12-12 08:00:00,100487.78,101142.83,100128.6,100321.42,45734,1807,0
2024-12-12 12:00:00,100321.42,101879.84,100319.78,101793.12,64571,1780,0
2024-12-12 16:00:00,101793.12,102537.41,99225.29,99422.28,63437,1783,0
2024-12-12 20:00:00,99422.29,100493.22,99400.08,99989.07,52711,1818,0
2024-12-13 00:00:00,99989.37,100349.51,99185.3,99748.64,47773,1818,0
2024-12-13 04:00:00,99748.64,100246.96,99485.16,100144.87,43333,1825,0
2024-12-13 08:00:00,100144.87,100782.12,99871.39,100324.62,46725,1805,0
2024-12-13 12:00:00,100324.62,101432.47,99710.87,99898.83,55708,2885,0
2024-12-13 16:00:00,99891.93,101919.05,99792.68,101451.64,57012,2885,0
2024-12-13 20:00:00,101451.64,101875.59,101066.86,101385.87,41077,2894,0
2024-12-14 00:00:00,101387.54,102622.74,101117.12,102044.74,50438,2885,0
2024-12-14 04:00:00,102044.74,102115.04,101555.14,101793.11,45162,2885,0
2024-12-14 08:00:00,101793.11,101855.46,101277.38,101537.62,41925,2880,0
2024-12-14 12:00:00,101537.62,101738.53,100758.91,101597.33,45678,2880,0
2024-12-14 16:00:00,101597.33,101715.2,100784.43,101311.55,44258,2880,0
2024-12-14 20:00:00,101311.55,101469.38,100545.07,101396.02,37344,2880,0
2024-12-15 00:00:00,101396.0,102148.69,101213.18,101680.51,42027,2880,0
2024-12-15 04:00:00,101680.51,102804.14,101472.23,101672.62,41724,2880,0
2024-12-15 08:00:00,101672.62,102655.62,101530.21,102601.51,40117,2880,0
2024-12-15 12:00:00,102601.52,103292.61,102384.32,102633.23,49297,2880,0
2024-12-15 16:00:00,102633.23,103441.61,102515.14,103181.15,38758,2880,0
2024-12-15 20:00:00,103181.39,105295.33,102551.58,104396.58,47306,2880,0
2024-12-16 00:00:00,104397.16,106589.06,104174.39,104482.82,57680,2880,0
2024-12-16 04:00:00,104482.83,105364.31,104368.32,104916.42,44266,2880,0
2024-12-16 08:00:00,104916.42,104957.6,103504.9,103620.51,46390,2880,0
2024-12-16 12:00:00,103620.5,106439.95,103161.92,106262.16,65722,2880,0
2024-12-16 16:00:00,106270.34,107778.4,105742.77,106535.44,62586,2880,0
2024-12-16 20:00:00,106535.44,106613.35,105402.06,106004.95,45919,2880,0
2024-12-17 00:00:00,106004.95,106969.42,105597.96,106808.69,45782,2880,0
2024-12-17 04:00:00,106808.69,107082.86,106309.64,106752.09,43559,2880,0
2024-12-17 08:00:00,106752.09,107450.22,106632.4,106749.85,47089,2880,0
2024-12-17 12:00:00,106749.85,108321.39,105614.02,106385.59,64235,2880,0
2024-12-17 16:00:00,106385.59,107579.59,106074.13,106389.62,59534,2880,0
2024-12-17 20:00:00,106389.62,106847.96,105220.3,106051.24,47920,2880,0
2024-12-18 00:00:00,106051.24,106463.73,104443.27,104640.73,52915,2880,0
2024-12-18 04:00:00,104640.72,104640.72,103059.55,104156.28,57436,2880,0
2024-12-18 08:00:00,104156.28,104993.72,103642.66,104975.43,48869,2900,0
2024-12-18 12:00:00,104967.34,105340.86,103555.7,104331.33,64948,2900,0
2024-12-18 16:00:00,104331.34,104923.41,102715.91,102722.45,72427,2900,0
2024-12-18 20:00:00,102723.79,102896.05,99871.71,100067.38,89383,2899,0
2024-12-19 00:00:00,100076.17,101240.67,98628.55,101108.44,72283,2899,0
2024-12-19 04:00:00,101108.44,101721.37,100550.27,101633.4,52132,2900,0
2024-12-19 08:00:00,101633.4,102590.25,101360.36,102412.37,49541,2900,0
2024-12-19 12:00:00,102409.52,102739.86,99378.47,100570.99,76445,2899,0
2024-12-19 16:00:00,100570.99,101135.64,96046.87,96981.62,104378,2899,0
2024-12-19 20:00:00,96980.58,98217.77,95487.27,97283.6,81834,2899,0
2024-12-20 00:00:00,97283.6,97639.63,95786.98,96932.91,72984,2899,0
2024-12-20 04:00:00,96932.91,98052.33,96199.61,97613.66,62063,2899,0
2024-12-20 08:00:00,97613.51,97658.45,92476.48,92583.89,92932,2898,0
2024-12-20 12:00:00,92583.88,97499.48,92112.42,96900.73,99945,2898,0
2024-12-20 16:00:00,96901.83,97694.57,96208.59,97085.58,74999,2899,0
2024-12-20 20:00:00,97085.58,97761.88,95368.87,97738.04,59082,2899,0
2024-12-21 00:00:00,97738.04,97759.24,97142.89,97439.81,50791,2899,0
2024-12-21 04:00:00,97439.81,98781.91,97327.76,98723.43,27007,2899,0
2024-12-21 08:00:00,98784.7,98985.33,97736.77,98218.55,39695,2880,0
2024-12-21 12:00:00,98218.56,98242.79,96364.7,97489.14,64028,2880,0
2024-12-21 16:00:00,97489.14,97696.23,96775.27,97210.61,54696,2880,0
2024-12-21 20:00:00,97210.61,98019.06,96498.55,97237.85,53333,2880,0
2024-12-22 00:00:00,97239.04,97409.98,96499.68,96946.66,48530,2880,0
2024-12-22 04:00:00,96946.66,97040.59,95822.18,96172.6,49574,2880,0
2024-12-22 08:00:00,96172.6,97301.04,96143.16,97069.26,50391,2880,0
2024-12-22 12:00:00,97069.26,97251.88,95051.77,95312.74,57775,2880,0
2024-12-22 16:00:00,95312.35,96435.27,94615.52,94762.06,55731,2880,0
2024-12-22 20:00:00,94762.06,95759.42,94147.85,95097.12,57388,2880,0
2024-12-23 00:00:00,95097.13,95970.79,93572.89,95945.03,69891,2880,0
2024-12-23 04:00:00,95945.03,96456.67,94593.69,95332.14,57088,2880,0
2024-12-23 08:00:00,95332.14,96483.57,94963.34,95831.71,53373,2880,0
2024-12-23 12:00:00,95831.71,96320.8,92944.21,93102.48,71446,2880,0
2024-12-23 16:00:00,93102.47,94148.04,92546.03,92918.79,63933,2880,0
2024-12-23 20:00:00,92918.79,95453.9,92370.26,94798.48,62007,2880,0
2024-12-24 00:00:00,94798.48,94798.52,93410.54,94239.79,58513,2880,0
2024-12-24 04:00:00,94239.93,94581.87,93681.26,94089.9,49058,2880,0
2024-12-24 08:00:00,94089.9,94525.05,93687.57,94275.23,47167,2880,0
2024-12-24 12:00:00,94275.23,98299.43,93951.87,98264.81,61931,2880,0
2024-12-24 16:00:00,98264.81,99544.91,97527.52,97576.01,66768,2880,0
2024-12-24 20:00:00,97573.41,99094.34,97225.9,98623.68,54857,2880,0
2024-12-25 00:00:00,98624.57,98813.91,97607.06,97956.28,50624,2880,0
2024-12-25 04:00:00,97956.27,98497.06,97742.93,97991.47,47657,2880,0
2024-12-25 08:00:00,97991.47,99274.21,97683.47,97840.91,51103,2880,0
2024-12-25 12:00:00,97841.2,98773.76,97530.94,98449.52,57383,2880,0
2024-12-25 16:00:00,98447.35,99235.76,98027.16,98972.99,45637,2880,0
2024-12-25 20:00:00,98972.99,99526.76,98263.92,99366.73,43242,2880,0
2024-12-26 00:00:00,99366.74,99931.99,98387.32,98917.98,49591,2880,0
2024-12-26 04:00:00,98917.98,98919.21,97540.79,97573.39,46048,2880,0
2024-12-26 08:00:00,97573.4,97626.24,95045.52,95595.2,56451,2880,0
2024-12-26 12:00:00,95595.2,96175.42,95128.79,95959.99,64365,2899,0
2024-12-26 16:00:00,95959.99,96566.29,95321.64,96009.14,54657,2899,0
2024-12-26 20:00:00,96008.86,96031.99,95176.6,95673.48,42589,2899,0
2024-12-27 00:00:00,95673.71,96343.98,95282.77,96304.6,43358,2899,0
2024-12-27 04:00:00,96304.6,96528.66,94527.89,94970.75,49872,2898,0
2024-12-27 08:00:00,94968.11,97430.3,94968.11,96843.64,64879,2899,0
2024-12-27 12:00:00,96843.64,96948.67,93874.43,94416.58,66446,2898,0
2024-12-27 16:00:00,94418.32,94856.16,93310.89,94629.27,67038,2898,0
2024-12-27 20:00:00,94629.75,94716.99,93996.07,94172.19,42048,2898,0
2024-12-28 00:00:00,94172.19,94599.72,94009.32,94451.76,35659,2898,0
2024-12-28 04:00:00,94451.42,94669.98,94163.51,94245.97,35680,2898,0
2024-12-28 08:00:00,94245.97,94771.56,94170.67,94625.54,36911,2898,0
2024-12-28 12:00:00,94625.51,95223.51,94223.14,94302.98,43911,2898,0
2024-12-28 16:00:00,94302.98,95090.23,94245.25,94894.0,42217,2898,0
2024-12-28 20:00:00,94894.0,95601.06,94738.51,95186.57,36795,2898,0
2024-12-29 00:00:00,95186.6,95227.66,94693.4,95066.44,36390,2898,0
2024-12-29 04:00:00,95066.44,95192.22,94861.2,95165.47,36086,2898,0
2024-12-29 08:00:00,95165.48,95230.11,94901.48,94930.1,27038,2898,0
2024-12-29 12:00:00,94930.09,95102.63,93865.57,94394.05,45683,2898,0
2024-12-29 16:00:00,94394.05,94463.45,93259.98,93478.0,43273,2898,0
2024-12-29 20:00:00,93475.68,93830.34,92875.09,93627.63,42776,2898,0
2024-12-30 00:00:00,93627.63,94142.72,93222.18,93520.62,47196,2898,0
2024-12-30 04:00:00,93519.53,93878.01,93010.52,93526.56,43207,2898,0
2024-12-30 08:00:00,93526.56,93911.35,93286.21,93752.95,42534,2898,0
2024-12-30 12:00:00,93752.6,94102.4,91282.62,91896.51,70174,2898,0
2024-12-30 16:00:00,91896.51,94605.15,91598.47,94329.87,67158,2898,0
2024-12-30 20:00:00,94329.87,94950.02,91770.92,92670.26,60221,2898,0
2024-12-31 00:00:00,92670.27,92797.57,91910.5,92405.92,46621,2898,0
2024-12-31 04:00:00,92405.92,92975.65,92260.21,92806.49,43771,2898,0
2024-12-31 08:00:00,92806.42,94696.99,92786.76,94103.25,57830,2898,0
2024-12-31 12:00:00,94103.25,96199.24,94102.74,95332.73,66279,2898,0
2024-12-31 16:00:00,95332.68,95508.22,93029.89,94053.3,63436,2898,0
2024-12-31 20:00:00,94052.71,94127.84,93233.73,93440.46,39147,2898,0
2025-01-01 00:00:00,93440.45,94358.9,93329.67,93704.93,39767,2898,0
2025-01-01 04:00:00,93704.93,93786.69,93372.51,93543.86,36949,2898,0
2025-01-01 08:00:00,93543.86,93622.78,92724.57,93313.99,43260,2898,0
2025-01-01 12:00:00,93315.32,94401.17,93257.0,94315.11,49642,2898,0
2025-01-01 16:00:00,94315.11,94677.68,93604.41,94472.33,45314,2898,0
2025-01-01 20:00:00,94472.33,95077.71,94392.75,94449.46,40013,2898,0
2025-01-02 00:00:00,94449.62,95422.47,94212.27,94882.39,50719,2898,0
2025-01-02 04:00:00,94882.39,95937.17,94854.78,95783.74,45921,2898,0
2025-01-02 08:00:00,95784.14,96836.35,95575.02,96671.31,48730,2880,0
2025-01-02 12:00:00,96671.32,97400.27,95888.21,96390.98,66729,2880,0
2025-01-02 16:00:00,96390.1,97678.93,95978.79,97228.8,63486,2880,0
2025-01-02 20:00:00,97228.8,97757.52,96568.26,96885.86,42054,2880,0
2025-01-03 00:00:00,96883.96,97257.56,96557.13,96952.95,43343,2880,0
2025-01-03 04:00:00,96952.96,96952.96,96212.88,96267.08,46212,2880,0
2025-01-03 08:00:00,96266.83,96757.48,96046.95,96651.2,49792,2880,0
2025-01-03 12:00:00,96651.2,97634.88,96389.47,97476.8,66781,2880,0
2025-01-03 16:00:00,97475.98,98948.14,97262.6,98544.44,65599,2880,0
2025-01-03 20:00:00,98544.45,98704.95,97985.05,98105.15,42982,2880,0
2025-01-04 00:00:00,98105.15,98241.55,97722.4,98136.11,43064,2880,0
2025-01-04 04:00:00,98136.11,98290.17,97782.43,98232.15,39379,2880,0
2025-01-04 08:00:00,98232.03,98277.69,97476.28,97827.07,43511,2880,0
2025-01-04 12:00:00,97827.07,98132.88,97486.94,97630.5,48425,2899,0
2025-01-04 16:00:00,97630.5,98349.11,97535.92,98149.29,40773,2880,0
2025-01-04 20:00:00,98146.44,98764.52,98086.71,98190.73,39548,2880,0
2025-01-05 00:00:00,98190.72,98376.05,98006.28,98135.6,37528,2880,0
2025-01-05 04:00:00,98135.6,98472.79,98135.6,98226.65,37615,2880,0
2025-01-05 08:00:00,98226.65,98226.65,97534.27,97606.18,40652,2880,0
2025-01-05 12:00:00,97606.17,98283.37,97214.13,98020.7,47000,2899,0
2025-01-05 16:00:00,98025.98,98331.73,97548.93,98059.12,38978,2880,0
2025-01-05 20:00:00,98058.89,98834.02,97997.15,98354.14,36911,2880,0
2025-01-06 00:00:00,98354.62,99286.38,97889.71,99007.0,44859,2880,0
2025-01-06 04:00:00,99007.24,99905.57,99004.43,99296.9,45151,2880,0
2025-01-06 08:00:00,99294.88,99617.25,98638.85,99225.24,44637,2880,0
2025-01-06 12:00:00,99225.24,102496.47,98665.11,102144.15,66549,2880,0
2025-01-06 16:00:00,102151.03,102474.33,101277.83,101830.75,54283,2880,0
2025-01-06 20:00:00,101830.48,102377.68,101628.62,102247.32,37180,2880,0
2025-01-07 00:00:00,102247.32,102777.55,101520.67,101701.19,40070,2880,0
2025-01-07 04:00:00,101701.19,102032.19,101594.55,101696.01,37952,2880,0
2025-01-07 08:00:00,101696.01,102001.52,100445.11,100797.96,41858,2880,0
2025-01-07 12:00:00,100797.96,100931.89,97086.96,97897.34,71088,2880,0
2025-01-07 16:00:00,97897.56,98297.36,96268.79,96397.94,69046,2880,0
2025-01-07 20:00:00,96397.94,97198.3,96088.59,96957.25,55482,2899,0
2025-01-08 00:00:00,96955.18,97262.68,96221.6,96518.03,46850,2899,0
2025-01-08 04:00:00,96518.54,96676.57,95212.1,95647.56,59388,2899,0
2025-01-08 08:00:00,95647.37,96126.94,94471.9,95056.55,57041,2898,0
2025-01-08 12:00:00,95056.82,96042.22,94567.09,95430.93,77432,2898,0
2025-01-08 16:00:00,95430.93,95431.14,92437.67,94205.17,84969,2898,0
2025-01-08 20:00:00,94204.44,95294.83,93537.94,95047.5,54371,2898,0
2025-01-09 00:00:00,95032.91,95366.09,93400.62,93952.12,56589,2898,0
2025-01-09 04:00:00,93952.12,94592.39,93135.33,93157.83,51693,2898,0
2025-01-09 08:00:00,93157.83,93825.46,92658.8,93393.78,55429,2898,0
2025-01-09 12:00:00,93393.78,94575.6,91692.31,94230.9,71943,2898,0
2025-01-09 16:00:00,94230.89,94688.57,91837.2,91855.03,71611,2898,0
2025-01-09 20:00:00,91851.73,92691.52,91120.14,92516.82,66374,2898,0
2025-01-10 00:00:00,92516.82,93720.27,92448.97,93686.65,53445,2898,0
2025-01-10 04:00:00,93686.65,95036.84,93478.87,94535.01,52073,2898,0
2025-01-10 08:00:00,94531.41,95328.72,94405.75,95103.01,52102,2898,0
2025-01-10 12:00:00,95103.01,95165.65,92171.72,93705.02,90580,2898,0
2025-01-10 16:00:00,93706.25,95856.38,93126.28,95334.87,83304,2898,0
2025-01-10 20:00:00,95334.88,95480.35,94545.36,94688.44,44990,2898,0
2025-01-11 00:00:00,94688.44,94707.64,94023.66,94134.23,43306,2898,0
2025-01-11 04:00:00,94133.94,94386.73,93760.42,94186.82,49048,2898,0
2025-01-11 08:00:00,94186.96,94748.1,93955.1,94577.37,48837,2898,0
2025-01-11 12:00:00,94577.37,94614.77,94237.25,94360.05,48804,2898,0
2025-01-11 16:00:00,94360.05,94680.33,93904.13,94141.17,42042,2898,0
2025-01-11 20:00:00,94141.17,94994.3,94086.2,94565.37,43172,2898,0
2025-01-12 00:00:00,94565.35,94663.15,94246.1,94578.8,39745,2898,0
2025-01-12 04:00:00,94578.8,94644.81,94218.92,94275.84,35646,2898,0
2025-01-12 08:00:00,94275.83,94336.16,93619.32,94188.88,40127,2898,0
2025-01-12 12:00:00,94194.42,95436.36,94104.29,95030.33,49888,2898,0
2025-01-12 16:00:00,95031.29,95295.37,94512.3,94614.14,44454,2898,0
2025-01-12 20:00:00,94614.14,94763.14,93695.58,94490.25,44003,2898,0
2025-01-13 00:00:00,94490.25,95909.95,93822.13,94185.62,63872,2898,0
2025-01-13 04:00:00,94185.62,94884.11,93178.8,93525.13,53343,2898,0
2025-01-13 08:00:00,93525.13,93590.51,90739.78,90788.67,60082,2898,0
2025-01-13 12:00:00,90788.67,93098.06,88988.99,92117.21,93260,2897,0
2025-01-13 16:00:00,92114.8,92529.08,91226.32,92284.75,75709,2898,0
2025-01-13 20:00:00,92284.75,94742.88,91875.56,94517.09,57553,2898,0
2025-01-14 00:00:00,94515.39,95280.07,94329.11,94823.38,54675,2898,0
2025-01-14 04:00:00,94823.38,95443.18,94678.05,94809.22,50322,2898,0
2025-01-14 08:00:00,94809.22,97439.42,94809.21,96518.48,61867,2880,0
2025-01-14 12:00:00,96518.42,97272.05,95697.48,96465.73,75724,2880,0
2025-01-14 16:00:00,96465.73,97095.83,95298.05,96545.82,67169,2880,0
2025-01-14 20:00:00,96545.82,96921.34,96133.98,96574.36,44732,2880,0
2025-01-15 00:00:00,96574.36,97577.76,96496.21,97309.62,49036,2880,0
2025-01-15 04:00:00,97309.62,97709.55,96712.39,97292.18,46473,2880,0
2025-01-15 08:00:00,97292.4,97530.39,96508.26,96746.76,45446,2880,0
2025-01-15 12:00:00,96746.76,99832.76,96527.3,99026.74,74581,2880,0
2025-01-15 16:00:00,99026.74,100114.08,98614.1,99908.93,56992,2880,0
2025-01-15 20:00:00,99910.77,100743.87,99482.98,100506.91,46231,2880,0
2025-01-16 00:00:00,100506.91,100903.06,99142.68,99465.92,56691,2880,0
2025-01-16 04:00:00,99465.93,99891.9,99298.07,99813.21,45278,2880,0
2025-01-16 08:00:00,99813.21,99831.8,98556.61,99114.13,55402,2880,0
2025-01-16 12:00:00,99114.13,99513.73,97267.07,99255.61,73346,2880,0
2025-01-16 16:00:00,99255.61,100457.63,99050.43,100414.52,64791,2880,0
2025-01-16 20:00:00,100414.51,100642.12,99343.4,99975.51,49975,2880,0
2025-01-17 00:00:00,99975.38,102131.54,99934.88,100996.42,51602,2880,0
2025-01-17 04:00:00,100996.42,101855.77,100878.03,101418.8,46001,2880,0
2025-01-17 08:00:00,101418.8,102548.29,101408.38,102185.75,50034,2880,0
2025-01-17 12:00:00,102185.75,104247.46,102134.08,104002.07,65431,2880,0
2025-01-17 16:00:00,104002.07,105882.09,103832.85,105864.15,62256,2880,0
2025-01-17 20:00:00,105864.15,105888.63,104078.76,104094.96,54009,2880,0
2025-01-18 00:00:00,104094.96,104698.23,103031.28,103540.45,52271,2880,0
2025-01-18 04:00:00,103540.67,103714.09,102512.46,102732.9,59203,2880,0
2025-01-18 08:00:00,102732.9,103831.36,102178.21,103528.2,57108,2880,0
2025-01-18 12:00:00,103529.51,104981.37,103041.75,104536.4,59603,2880,0
2025-01-18 16:00:00,104536.4,104685.68,103089.95,104336.16,59687,2880,0
2025-01-18 20:00:00,104336.17,104679.72,103715.83,104466.33,45395,2880,0
2025-01-19 00:00:00,104466.31,105409.52,103916.08,104915.74,48791,2880,0
2025-01-19 04:00:00,104915.74,105546.33,104146.09,105033.05,47293,2880,0
2025-01-19 08:00:00,105033.05,105357.04,103333.78,104248.17,62369,2880,0
2025-01-19 12:00:00,104248.16,105651.48,104165.45,104826.72,62959,2880,0
2025-01-19 16:00:00,104826.71,106195.03,104411.38,106171.46,45641,2880,0
2025-01-19 20:00:00,106171.45,106381.03,99474.47,101186.18,94091,2880,0
2025-01-20 00:00:00,101188.73,102159.36,99396.96,101730.71,94853,2880,0
2025-01-20 04:00:00,101730.72,109872.92,101386.26,107051.54,88517,2880,0
2025-01-20 08:00:00,107058.52,109174.51,107015.5,108182.59,72902,2880,0
2025-01-20 12:00:00,108183.45,108676.54,104414.88,104875.5,92049,2880,0
2025-01-20 16:00:00,104878.72,106963.0,100420.44,103607.14,118534,2880,0
2025-01-20 20:00:00,103607.05,104250.38,101612.44,102131.82,68666,2880,0
2025-01-21 00:00:00,102131.8,103177.38,99967.85,102845.9,85079,2880,0
2025-01-21 04:00:00,102845.55,102867.79,100973.56,101883.86,66579,2880,0
2025-01-21 08:00:00,101883.85,103937.17,101624.09,103714.28,63663,2900,0
2025-01-21 12:00:00,103714.28,105314.11,102751.82,103891.42,79422,2900,0
2025-01-21 16:00:00,103892.93,107298.93,103742.96,107069.97,79588,2880,0
2025-01-21 20:00:00,107069.97,107260.19,105457.54,106169.81,60895,2880,0
2025-01-22 00:00:00,106169.81,106455.99,105481.35,105659.88,52768,2880,0
2025-01-22 04:00:00,105659.88,105995.33,105050.87,105066.02,49631,2880,0
2025-01-22 08:00:00,105066.37,105455.12,104615.39,105101.03,51934,2880,0
2025-01-22 12:00:00,105101.03,105588.14,103597.86,104144.7,70670,2880,0
2025-01-22 16:00:00,104144.7,104738.37,103264.79,104627.66,63534,2900,0
2025-01-22 20:00:00,104627.91,104834.12,103564.96,103651.23,47512,2900,0
2025-01-23 00:00:00,103651.23,103758.63,101976.61,102325.68,57604,2900,0
2025-01-23 04:00:00,102325.68,102862.91,101436.0,102589.55,53975,2900,0
2025-01-23 08:00:00,102589.55,102595.65,101164.91,101886.45,52025,2900,0
2025-01-23 12:00:00,101886.45,106015.43,101216.33,105288.19,89740,2900,0
2025-01-23 16:00:00,105294.4,106926.44,103382.49,103767.22,85377,2880,0
2025-01-23 20:00:00,103762.88,106446.58,102205.46,103921.43,89327,2880,0
2025-01-24 00:00:00,103921.42,104282.19,102691.89,103862.96,56268,2880,0
2025-01-24 04:00:00,103862.39,105361.21,103760.62,105022.61,54878,2880,0
2025-01-24 08:00:00,105022.62,105782.53,104897.62,105426.16,46191,2880,0
2025-01-24 12:00:00,105426.15,106317.13,104637.84,105859.95,59650,2880,0
2025-01-24 16:00:00,105858.98,107185.08,105605.17,105779.43,59280,2880,0
2025-01-24 20:00:00,105779.43,105781.53,104393.83,104781.92,52641,2880,0
2025-01-25 00:00:00,104781.93,105188.87,104270.0,105116.39,43101,2880,0
2025-01-25 04:00:00,105116.96,105117.75,104122.93,104307.03,39605,2880,0
2025-01-25 08:00:00,104307.03,104641.88,104011.43,104608.36,41382,2900,0
2025-01-25 12:00:00,104608.37,105072.69,104382.72,104853.85,44082,2900,0
2025-01-25 16:00:00,104853.85,105283.41,104400.53,105013.3,43579,2900,0
2025-01-25 20:00:00,105020.16,105239.06,104630.31,104698.94,34160,2900,0
2025-01-26 00:00:00,104698.94,105182.74,104441.22,105020.5,33245,2900,0
2025-01-26 04:00:00,105019.89,105472.27,104870.02,104942.87,37031,2900,0
2025-01-26 08:00:00,104943.03,105190.34,104335.8,104763.14,32984,2900,0
2025-01-26 12:00:00,104763.13,105032.06,104648.68,104915.66,31497,2900,0
2025-01-26 16:00:00,104915.66,105224.24,104844.71,105035.14,28208,2880,0
2025-01-26 20:00:00,105035.09,105150.04,102437.69,102548.61,49098,2880,0
2025-01-27 00:00:00,102548.61,103213.3,100648.1,101390.75,77081,2900,0
2025-01-27 04:00:00,101390.77,101391.94,97654.45,98980.19,83556,2899,0
2025-01-27 08:00:00,98980.06,99473.55,98179.13,98651.49,80401,2899,0
2025-01-27 12:00:00,98651.49,102360.63,98616.84,101131.97,94409,2899,0
2025-01-27 16:00:00,101131.78,101275.68,98744.97,99622.99,85943,2899,0
2025-01-27 20:00:00,99622.99,102480.38,99517.77,102128.42,82515,2899,0
2025-01-28 00:00:00,102128.42,102974.14,101385.33,102699.05,79690,2900,0
2025-01-28 04:00:00,102699.05,103428.71,102575.38,102849.37,77978,2900,0
2025-01-28 08:00:00,102849.41,103226.01,102436.92,102808.2,76748,2900,0
2025-01-28 12:00:00,102808.6,103859.79,101843.34,102793.89,82222,2900,0
2025-01-28 16:00:00,102791.45,103145.67,101808.34,102438.56,77344,2900,0
2025-01-28 20:00:00,102428.17,102569.61,100213.25,101302.12,80098,2900,0
2025-01-29 00:00:00,101302.12,102342.57,101292.5,102034.95,77577,2900,0
2025-01-29 04:00:00,102034.95,102861.47,101960.31,102736.2,76184,2900,0
2025-01-29 08:00:00,102736.08,103028.89,102153.58,102614.67,77733,2900,0
2025-01-29 12:00:00,102616.31,102799.81,101542.37,101957.03,77188,2900,0
2025-01-29 16:00:00,101958.05,104016.31,101400.87,103575.83,85666,2900,0
2025-01-29 20:00:00,103575.61,104797.08,102823.15,103743.95,82331,2900,0
2025-01-30 00:00:00,103742.61,105373.21,103259.41,105242.67,75107,2880,0
2025-01-30 04:00:00,105242.67,105650.28,104826.94,105141.08,78370,2880,0
2025-01-30 08:00:00,105141.08,105595.44,104955.75,105326.72,79783,2880,0
2025-01-30 12:00:00,105331.94,106491.15,104660.51,105609.8,82328,2880,0
2025-01-30 16:00:00,105609.8,106053.93,104786.17,105758.09,79094,2880,0
2025-01-30 20:00:00,105757.11,105866.33,104664.3,104721.14,76103,2880,0
2025-01-31 00:00:00,104721.3,105027.14,103867.98,104266.11,79179,2880,0
2025-01-31 04:00:00,104266.49,104800.07,103906.62,104175.54,81518,2880,0
2025-01-31 08:00:00,104175.42,104856.18,103874.82,104708.55,80733,2880,0
2025-01-31 12:00:00,104715.32,106091.19,104068.14,105499.88,82225,2880,0
2025-01-31 16:00:00,105497.29,105626.83,102089.82,102263.61,84568,2880,0
2025-01-31 20:00:00,102263.61,102493.75,101499.17,102416.21,80251,2900,0
2025-02-01 00:00:00,102416.07,102801.17,102170.33,102239.32,83726,2900,0
2025-02-01 04:00:00,102239.41,102583.14,102093.83,102160.48,78346,2900,0
2025-02-01 08:00:00,102160.46,102266.53,101350.39,101999.88,81275,2900,0
2025-02-01 12:00:00,101999.16,102335.44,101698.46,102063.45,81285,2900,0
2025-02-01 16:00:00,102063.26,102298.94,101404.03,101639.45,80389,2900,0
2025-02-01 20:00:00,101639.45,101639.45,100194.81,100592.14,78796,2900,0
2025-02-02 00:00:00,100591.88,101444.4,99039.04,99102.85,78946,2899,0
2025-02-02 04:00:00,99098.22,100467.54,98908.22,99537.8,81458,2899,0
2025-02-02 08:00:00,99536.86,100021.56,98512.7,98772.82,79395,2899,0
2025-02-02 12:00:00,98772.88,99334.14,98044.45,99263.27,81262,2899,0
2025-02-02 16:00:00,99267.44,99291.22,96645.63,98138.09,90085,2899,0
2025-02-02 20:00:00,98133.05,98497.88,95986.22,97591.39,91659,2899,0
2025-02-03 00:00:00,97591.4,97684.18,91076.71,94028.66,130816,2898,0
2025-02-03 04:00:00,94028.66,95489.97,92628.18,95386.91,89384,2898,0
2025-02-03 08:00:00,95387.61,96049.42,94869.81,95160.49,91791,2898,0
2025-02-03 12:00:00,95160.3,99520.58,94125.28,98880.39,108721,2898,0
2025-02-03 16:00:00,98876.86,101968.59,98067.96,101958.55,94248,2899,0
2025-02-03 20:00:00,101956.08,102563.48,100982.75,101384.08,90206,2900,0
2025-02-04 00:00:00,101383.69,101742.28,100537.97,100613.79,86805,2900,0
2025-02-04 04:00:00,100614.01,100764.63,98205.63,98407.12,90417,2899,0
2025-02-04 08:00:00,98407.12,99404.12,97807.9,98958.86,86250,2899,0
2025-02-04 12:00:00,98959.47,100397.92,98249.93,99350.33,96654,2899,0
2025-02-04 16:00:00,99349.68,100797.78,98742.72,98856.02,87785,2899,0
2025-02-04 20:00:00,98854.12,99419.15,96151.06,97745.97,96828,2899,0
2025-02-05 00:00:00,97745.96,98944.27,97074.22,98004.04,84860,2899,0
2025-02-05 04:00:00,98004.04,98315.86,97313.56,97831.74,80623,2899,0
2025-02-05 08:00:00,97831.81,98218.66,97227.49,98200.67,83192,2899,0
2025-02-05 12:00:00,98200.67,99144.83,97720.95,98072.4,88601,2899,0
2025-02-05 16:00:00,98071.87,98266.06,96452.11,97366.72,83734,2899,0
2025-02-05 20:00:00,97366.69,97714.62,96154.39,96613.7,78459,2899,0
2025-02-06 00:00:00,96616.72,97499.54,96438.22,97337.85,80627,2899,0
2025-02-06 04:00:00,97337.85,98415.76,97249.71,98201.03,80069,2899,0
2025-02-06 08:00:00,98201.03,99126.52,97899.23,98868.03,85285,2899,0
2025-02-06 12:00:00,98867.98,99059.07,96914.54,97349.34,87992,2899,0
2025-02-06 16:00:00,97348.47,97578.66,95705.95,96033.51,85283,2899,0
2025-02-06 20:00:00,96034.44,97141.88,95810.26,96613.0,78536,2899,0
2025-02-07 00:00:00,96612.58,97884.28,96450.02,97463.57,78619,2899,0
2025-02-07 04:00:00,97466.05,97888.78,96593.01,96759.11,80456,2899,0
2025-02-07 08:00:00,96759.86,97752.2,96625.54,97723.48,81064,2899,0
2025-02-07 12:00:00,97722.51,100133.95,97162.25,98270.4,98488,2899,0
2025-02-07 16:00:00,98270.4,98570.59,96845.06,96873.48,88439,2899,0
2025-02-07 20:00:00,96873.48,96935.89,95603.95,96561.6,83701,2899,0
2025-02-08 00:00:00,96560.17,96950.36,96387.77,96736.25,83864,2899,0
2025-02-08 04:00:00,96736.27,96739.24,95768.58,96234.67,81862,2880,0
2025-02-08 08:00:00,96234.67,96331.05,95845.07,96119.38,83391,2880,0
2025-02-08 12:00:00,96119.98,96529.89,95659.64,95853.64,82050,2899,0
2025-02-08 16:00:00,95853.02,96815.42,95725.72,96654.31,81906,2899,0
2025-02-08 20:00:00,96658.28,96780.57,96389.74,96528.79,79706,2899,0
2025-02-09 00:00:00,96529.75,97342.82,96411.72,97327.25,79171,2899,0
2025-02-09 04:00:00,97327.22,97353.39,96772.64,97080.63,81535,2899,0
2025-02-09 08:00:00,97081.25,97339.12,96560.83,96587.59,78830,2899,0
2025-02-09 12:00:00,96587.56,96743.39,95701.29,96519.49,80942,2899,0
2025-02-09 16:00:00,96519.32,96615.69,95877.5,96058.16,79041,2899,0
2025-02-09 20:00:00,96058.08,96787.8,94701.54,96507.5,82207,2898,0
2025-02-10 00:00:00,96508.84,97156.9,95263.55,96831.88,83405,2899,0
2025-02-10 04:00:00,96831.01,97657.44,96641.35,97426.0,83734,2899,0
2025-02-10 08:00:00,97426.7,97980.05,97339.11,97675.16,88900,2899,0
2025-02-10 12:00:00,97674.92,98371.93,96840.23,97232.36,89834,2899,0
2025-02-10 16:00:00,97231.95,97647.13,96852.12,97384.41,87054,2899,0
2025-02-10 20:00:00,97384.68,97491.65,97118.86,97414.33,91176,2899,0
2025-02-11 00:00:00,97415.49,98152.68,97391.52,97583.4,87534,2899,0
2025-02-11 04:00:00,97583.8,98513.93,97526.47,98269.63,85687,2899,0
2025-02-11 08:00:00,98269.38,98345.1,97857.73,98134.78,83851,2899,0
2025-02-11 12:00:00,98135.12,98143.56,96563.97,97055.98,87370,2899,0
2025-02-11 16:00:00,97055.98,97090.18,94839.22,95019.35,84845,2898,0
2025-02-11 20:00:00,95019.35,96563.57,94893.09,95826.88,84752,2899,0
2025-02-12 00:00:00,95826.67,96326.98,95104.37,95287.63,82468,2899,0
2025-02-12 04:00:00,95287.63,96231.29,95240.93,96123.98,82943,2899,0
2025-02-12 08:00:00,96119.69,96518.51,95932.0,96140.09,87085,2899,0
2025-02-12 12:00:00,96141.28,96662.22,94075.43,95829.54,98608,2898,0
2025-02-12 16:00:00,95829.56,97768.74,95126.97,97182.63,87210,2899,0
2025-02-12 20:00:00,97182.63,98146.39,96849.7,97822.06,84534,2899,0
2025-02-13 00:00:00,97823.71,98093.06,97283.81,97410.87,82776,2899,0
2025-02-13 04:00:00,97412.19,97474.13,95754.03,96052.44,84702,2899,0
2025-02-13 08:00:00,96053.32,96379.19,95596.89,95950.41,89199,2899,0
2025-02-13 12:00:00,95950.47,96500.79,95354.68,96031.72,87369,2899,0
2025-02-13 16:00:00,96029.26,96410.29,95213.65,95675.54,79180,2899,0
2025-02-13 20:00:00,95675.65,96836.8,95630.25,96646.9,78866,2899,0
2025-02-14 00:00:00,96646.65,97237.19,96404.02,97164.63,80998,2899,0
2025-02-14 04:00:00,97163.71,97275.36,96573.21,96946.59,76244,2899,0
2025-02-14 08:00:00,96946.66,97190.93,96784.5,96892.88,81328,2899,0
2025-02-14 12:00:00,96892.87,97575.58,96248.95,96962.02,86705,2899,0
2025-02-14 16:00:00,96960.63,98790.57,96494.82,97866.95,86956,2899,0
2025-02-14 20:00:00,97875.53,98212.19,96655.86,97458.73,83915,2899,0
2025-02-15 00:00:00,97458.92,97921.45,97199.1,97588.57,84440,2899,0
2025-02-15 04:00:00,97588.6,97717.23,97288.52,97314.31,79137,2880,0
2025-02-15 08:00:00,97314.63,97675.13,97250.8,97560.02,77997,2880,0
2025-02-15 12:00:00,97560.46,97884.34,97358.89,97562.76,77213,2880,0
2025-02-15 16:00:00,97562.98,97649.23,97268.82,97507.11,77150,2880,0
2025-02-15 20:00:00,97507.23,97680.6,97359.09,97526.92,73874,2880,0
2025-02-16 00:00:00,97526.87,97657.11,97375.36,97494.53,74873,2880,0
2025-02-16 04:00:00,97493.85,97616.78,97134.58,97212.24,73302,2880,0
2025-02-16 08:00:00,97209.98,97373.11,97030.69,97300.52,78517,2880,0
2025-02-16 12:00:00,97300.28,97307.83,96669.85,96894.97,80499,2899,0
2025-02-16 16:00:00,96895.6,97179.52,96614.23,97051.06,77219,2899,0
2025-02-16 20:00:00,97051.63,97280.3,96045.37,96114.47,79061,2899,0
2025-02-17 00:00:00,96118.31,96687.16,96046.39,96229.15,82401,2899,0
2025-02-17 04:00:00,96230.19,96529.16,95812.69,96103.82,83113,2899,0
2025-02-17 08:00:00,96103.27,96454.21,95979.74,96100.74,84134,2899,0
2025-02-17 12:00:00,96100.65,97091.09,95557.47,95680.05,83201,2899,0
2025-02-17 16:00:00,95680.05,95977.54,95159.78,95535.98,81518,2899,0
2025-02-17 20:00:00,95536.9,96493.01,95496.84,95829.02,83071,2899,0
2025-02-18 00:00:00,95828.55,96399.49,95562.32,96274.77,85403,2899,0
2025-02-18 04:00:00,96274.21,96379.53,95214.95,95463.63,88511,2899,0
2025-02-18 08:00:00,95463.66,95918.08,95026.82,95643.49,89098,2899,0
2025-02-18 12:00:00,95643.49,96799.11,95141.2,95542.69,89293,2899,0
2025-02-18 16:00:00,95542.69,95645.02,93316.25,94067.48,83984,2898,0
2025-02-18 20:00:00,94067.28,95709.68,93689.58,95683.48,85675,2898,0
2025-02-19 00:00:00,95683.91,96000.31,95057.2,95763.48,87453,2899,0
2025-02-19 04:00:00,95763.14,95911.36,95033.06,95718.85,87640,2899,0
2025-02-19 08:00:00,95718.85,96535.8,95648.18,96452.37,88951,2899,0
2025-02-19 12:00:00,96451.34,96742.84,95552.27,95978.35,89043,2899,0
2025-02-19 16:00:00,95978.35,96543.11,95408.81,96244.97,86460,2899,0
2025-02-19 20:00:00,96246.29,96939.38,96116.73,96655.33,83302,2899,0
2025-02-20 00:00:00,96655.76,97400.22,96429.31,97069.61,86472,2899,0
2025-02-20 04:00:00,97069.54,97358.64,96786.55,96886.44,86567,2899,0
2025-02-20 08:00:00,96885.84,97398.2,96803.62,97199.73,85380,2899,0
2025-02-20 12:00:00,97200.51,98055.89,96798.29,96927.68,86880,2880,0
2025-02-20 16:00:00,96931.07,98559.66,96891.81,98431.82,86621,2880,0
2025-02-20 20:00:00,98431.86,98745.97,97994.23,98296.06,85724,2880,0
2025-02-21 00:00:00,98294.21,98496.15,98071.67,98137.21,88731,2880,0
2025-02-21 04:00:00,98136.93,98597.42,98092.44,98181.85,88251,2880,0
2025-02-21 08:00:00,98181.86,98925.97,98097.28,98642.43,88878,2880,0
2025-02-21 12:00:00,98642.24,99481.06,97182.06,98092.46,93711,2880,0
2025-02-21 16:00:00,98092.49,98758.49,95189.9,95245.05,90358,2880,0
2025-02-21 20:00:00,95243.54,96216.63,94765.83,96195.89,89104,2898,0
2025-02-22 00:00:00,96195.96,96488.28,95796.27,96328.63,87998,2899,0
2025-02-22 04:00:00,96329.52,96637.14,96289.18,96318.31,84843,2880,0
2025-02-22 08:00:00,96317.69,96664.48,96153.9,96620.35,84310,2880,0
2025-02-22 12:00:00,96619.35,97060.58,96516.06,96633.4,85191,2880,0
2025-02-22 16:00:00,96632.88,96890.81,96412.86,96691.01,84807,2880,0
2025-02-22 20:00:00,96691.46,96779.62,96543.53,96618.3,78806,2880,0
2025-02-23 00:00:00,96617.7,96733.15,96437.99,96503.47,80177,2880,0
2025-02-23 04:00:00,96503.1,96635.03,96203.9,96587.49,83473,2880,0
2025-02-23 08:00:00,96586.42,96586.42,96117.35,96164.77,82556,2880,0
2025-02-23 12:00:00,96164.46,96218.28,95430.37,95471.48,85418,2899,0
2025-02-23 16:00:00,95471.14,95930.03,95226.7,95808.98,85995,2899,0
2025-02-23 20:00:00,95809.77,96407.28,95579.43,96331.2,81727,2899,0
2025-02-24 00:00:00,96331.34,96587.7,95352.94,95481.02,85912,2899,0
2025-02-24 04:00:00,95481.05,96024.47,95084.28,95937.63,86112,2899,0
2025-02-24 08:00:00,95937.55,96246.89,95381.38,95893.6,86982,2899,0
2025-02-24 12:00:00,95893.6,96171.15,93812.81,94310.39,85518,2898,0
2025-02-24 16:00:00,94315.08,95230.04,93663.98,93952.35,83978,2898,0
2025-02-24 20:00:00,93953.39,94580.49,91353.45,91575.92,88624,2898,0
2025-02-25 00:00:00,91576.76,92595.15,90929.34,92224.88,90298,2898,0
2025-02-25 04:00:00,92224.89,92382.99,88353.02,89437.84,97360,2897,0
2025-02-25 08:00:00,89428.29,90081.97,86815.92,89223.11,100234,2897,0
2025-02-25 12:00:00,89223.12,89575.67,85935.93,87143.85,110902,2897,0
2025-02-25 16:00:00,87146.15,87989.12,86096.54,87858.45,96419,2880,0
2025-02-25 20:00:00,87858.07,89411.25,87520.22,88645.05,91390,2880,0
2025-02-26 00:00:00,88644.94,89377.28,88023.48,88831.98,85732,2897,0
2025-02-26 04:00:00,88831.89,89208.37,88344.38,88671.0,85402,2897,0
2025-02-26 08:00:00,88671.78,89315.37,88067.95,88567.28,86690,2897,0
2025-02-26 12:00:00,88567.42,88655.64,85374.12,87518.74,100446,2897,0
2025-02-26 16:00:00,87518.42,87763.99,83327.36,83844.16,110615,2896,0
2025-02-26 20:00:00,83844.15,85381.09,82224.37,84200.86,105306,2896,0
2025-02-27 00:00:00,84201.06,85451.79,84005.86,85246.55,88095,2896,0
2025-02-27 04:00:00,85242.56,86729.93,84695.51,86230.14,88454,2896,0
2025-02-27 08:00:00,86231.14,87083.78,85820.55,86658.24,90065,2897,0
2025-02-27 12:00:00,86657.31,86764.37,84616.21,85488.56,104512,2896,0
2025-02-27 16:00:00,85488.56,85682.64,83541.39,84066.82,89223,2896,0
2025-02-27 20:00:00,84066.32,84920.78,82621.07,84690.42,91400,2896,0
2025-02-28 00:00:00,84690.42,84867.65,79547.11,80449.32,113874,2895,0
2025-02-28 04:00:00,80454.22,80976.87,78807.5,79171.25,108882,2895,0
2025-02-28 08:00:00,79171.21,80855.16,78212.1,80536.3,99606,2895,0
2025-02-28 12:00:00,80532.32,84488.93,80069.84,84065.72,111537,2896,0
2025-02-28 16:00:00,84058.86,85160.53,83201.94,84455.99,99796,2896,0
2025-02-28 20:00:00,84455.99,84816.1,83637.92,84347.28,85740,2896,0
2025-03-01 00:00:00,84347.29,85695.86,83812.84,85340.32,87898,2896,0
2025-03-01 04:00:00,85338.65,86590.4,84729.66,84752.38,86912,2880,0
2025-03-01 08:00:00,84748.57,85563.82,84377.89,84651.81,88645,2880,0
2025-03-01 12:00:00,84654.18,84987.47,84343.28,84814.27,87190,2880,0
2025-03-01 16:00:00,84814.27,85622.6,84708.09,85494.07,80828,2880,0
2025-03-01 20:00:00,85494.97,86296.88,85304.53,86082.48,83247,2880,0
2025-03-02 00:00:00,86081.54,86557.95,85638.93,85885.45,82145,2880,0
2025-03-02 04:00:00,85885.43,86603.3,85527.98,86262.69,83597,2880,0
2025-03-02 08:00:00,86262.73,86290.59,85658.11,86117.57,84408,2880,0
2025-03-02 12:00:00,86117.6,88710.48,85080.59,87474.7,93580,2880,0
2025-03-02 16:00:00,87473.6,95153.38,87317.92,93513.58,125301,2880,0
2025-03-02 20:00:00,93512.47,94851.22,93490.93,94269.96,89831,2880,0
2025-03-03 00:00:00,94271.14,94427.59,92418.03,92688.68,90366,2880,0
2025-03-03 04:00:00,92688.83,93351.84,91155.79,92378.82,90385,2880,0
2025-03-03 08:00:00,92378.82,92972.45,91098.11,92788.62,94014,2880,0
2025-03-03 12:00:00,92783.26,93735.78,89100.0,90014.23,110492,2880,0
2025-03-03 16:00:00,90014.23,90955.97,85452.78,85515.11,119759,2880,0
2025-03-03 20:00:00,85515.11,86991.22,85029.04,86199.19,105531,2880,0
2025-03-04 00:00:00,86199.19,86777.68,82451.3,84013.81,115005,2880,0
2025-03-04 04:00:00,84014.69,84643.47,83141.26,83205.79,92957,2880,0
2025-03-04 08:00:00,83205.25,84429.11,83033.39,83958.6,89573,2880,0
2025-03-04 12:00:00,83964.38,84974.52,81472.13,82980.16,124361,2880,0
2025-03-04 16:00:00,82980.15,88540.33,81946.58,88194.18,116114,2880,0
2025-03-04 20:00:00,88194.19,88951.81,86565.06,87223.0,94064,2880,0
2025-03-05 00:00:00,87222.98,87888.12,86334.56,86830.57,93149,2880,0
2025-03-05 04:00:00,86833.75,87709.51,86704.98,87605.94,82791,2880,0
2025-03-05 08:00:00,87599.84,90665.82,87563.02,89799.7,92973,2880,0
2025-03-05 12:00:00,89800.43,90984.86,87884.14,88317.47,110991,2880,0
2025-03-05 16:00:00,88317.46,90496.85,87545.47,89775.5,103705,2880,0
2025-03-05 20:00:00,89775.14,91063.31,89684.47,90645.24,85270,2880,0
2025-03-06 00:00:00,90645.49,92121.07,89988.86,91682.23,90955,2880,0
2025-03-06 04:00:00,91682.16,92902.77,91289.84,91390.64,86632,2880,0
2025-03-06 08:00:00,91391.24,91725.34,90622.49,91399.9,89143,2880,0
2025-03-06 12:00:00,91399.79,91509.02,89101.3,90876.45,105503,2880,0
2025-03-06 16:00:00,90878.05,91127.79,87835.72,88553.13,101187,2880,0
2025-03-06 20:00:00,88553.35,90821.12,88475.89,89965.47,89570,2880,0
2025-03-07 00:00:00,89965.46,91325.67,84611.29,87010.12,115343,2880,0
2025-03-07 04:00:00,87009.94,88634.13,86859.71,88378.08,88182,2880,0
2025-03-07 08:00:00,88375.57,89735.91,87995.77,88996.25,88069,2880,0
2025-03-07 12:00:00,88995.27,91159.77,88061.37,88490.44,113601,2880,0
2025-03-07 16:00:00,88498.22,89048.34,86509.03,87819.97,113018,2880,0
2025-03-07 20:00:00,87817.89,88525.48,85569.39,86803.45,101281,2880,0
2025-03-08 00:00:00,86804.3,86921.16,85198.78,85910.33,85977,2880,0
2025-03-08 04:00:00,85907.79,86680.27,85632.28,86222.46,84888,2880,0
2025-03-08 08:00:00,86222.09,86488.71,85750.15,85946.67,81405,2880,0
2025-03-08 12:00:00,85947.28,86658.56,85801.86,86421.61,82893,2880,0
2025-03-08 16:00:00,86419.01,86500.68,85639.42,86248.73,81073,2880,0
2025-03-08 20:00:00,86248.92,86524.53,85855.14,86236.45,75688,2880,0
2025-03-09 00:00:00,86236.43,86528.33,85967.97,86153.04,75285,2880,0
2025-03-09 04:00:00,86153.44,86217.24,85827.93,86045.32,72419,2880,0
2025-03-09 08:00:00,86045.99,86137.3,84658.26,85058.21,78306,2896,0
2025-03-09 12:00:00,85058.44,85101.4,82719.65,83085.83,87899,2896,0
2025-03-09 16:00:00,83085.99,83785.0,82218.96,82664.32,93551,2896,0
2025-03-09 20:00:00,82663.47,83561.05,79982.56,80733.21,93391,2896,0
2025-03-10 00:00:00,80733.48,82747.46,80044.07,82054.41,96023,2896,0
2025-03-10 04:00:00,82052.94,82817.75,81981.2,82314.98,87447,2896,0
2025-03-10 08:00:00,82315.01,84073.74,81145.18,83624.83,101866,2896,0
2025-03-10 12:00:00,83624.77,83823.27,79187.1,80070.74,122335,2895,0
2025-03-10 16:00:00,80071.94,80273.97,77444.04,79059.98,117674,2315,0
2025-03-10 20:00:00,79047.39,79926.33,78403.98,78630.85,92805,2315,0
2025-03-11 00:00:00,78630.85,80014.58,76587.33,79601.81,113972,2315,0
2025-03-11 04:00:00,79601.81,80714.12,79525.86,80525.7,91497,2315,0
2025-03-11 08:00:00,80525.99,82159.34,80419.79,81786.7,91594,2316,0
2025-03-11 12:00:00,81786.25,82338.86,79084.59,81276.05,125085,2315,0
2025-03-11 16:00:00,81275.37,83661.42,80686.4,83109.14,104905,2316,0
2025-03-11 20:00:00,83111.02,83328.0,82554.58,82931.74,84847,2316,0
2025-03-12 00:00:00,82932.2,83823.37,82126.59,82166.44,86684,2316,0
2025-03-12 04:00:00,82166.22,82586.27,81339.55,82480.07,90281,2316,0
2025-03-12 08:00:00,82479.26,83116.18,82044.88,83037.26,94449,2316,0
2025-03-12 12:00:00,83038.04,84541.88,80631.47,81773.8,113398,2316,0
2025-03-12 16:00:00,81771.9,83181.19,81649.54,82918.48,95747,2316,0
2025-03-12 20:00:00,82918.48,83915.55,82718.11,83701.72,85830,2316,0
2025-03-13 00:00:00,83702.37,84362.59,83299.51,83572.69,87953,2316,0
2025-03-13 04:00:00,83572.6,83706.06,82823.19,83161.3,89420,2316,0
2025-03-13 08:00:00,83162.21,83529.83,82381.47,82940.91,89999,2316,0
2025-03-13 12:00:00,82935.54,83948.7,80967.7,81073.65,103744,2316,0
2025-03-13 16:00:00,81073.43,81292.33,79932.43,80230.19,94148,2315,0
2025-03-13 20:00:00,80234.48,81543.96,80204.12,81180.65,86416,2316,0
2025-03-14 00:00:00,81180.63,82300.04,80864.86,81907.24,87428,2316,0
2025-03-14 04:00:00,81908.28,82478.88,81779.62,82166.38,86530,2316,0
2025-03-14 08:00:00,82163.55,83387.14,82160.99,83262.08,90936,2316,0
2025-03-14 12:00:00,83262.5,85346.15,82642.05,84765.74,101562,2316,0
2025-03-14 16:00:00,84769.9,84986.37,83958.74,84573.06,91593,2316,0
2025-03-14 20:00:00,84573.06,84573.06,83715.25,83991.41,87000,2316,0
2025-03-15 00:00:00,83991.4,84698.07,83958.61,84505.12,84285,2316,0
2025-03-15 04:00:00,84505.33,84571.61,83788.14,83839.23,85932,2300,0
2025-03-15 08:00:00,83839.44,84186.31,83616.09,84092.64,86758,2300,0
2025-03-15 12:00:00,84092.52,84493.1,84002.4,84360.28,85081,2300,0
2025-03-15 16:00:00,84360.52,84520.32,84093.83,84309.37,81251,2300,0
2025-03-15 20:00:00,84309.83,84492.88,84229.23,84343.77,81782,2880,0
2025-03-16 00:00:00,84342.93,84405.4,83706.46,84339.86,77128,2880,0
2025-03-16 04:00:00,84339.79,84441.67,83967.7,84295.99,73070,2880,0
2025-03-16 08:00:00,84297.1,84355.22,82401.02,82467.42,80192,2880,0
2025-03-16 12:00:00,82467.42,83501.05,82440.08,83317.47,85329,2896,0
2025-03-16 16:00:00,83317.53,85168.72,82536.24,83116.7,87740,2896,0
2025-03-16 20:00:00,83116.96,83466.93,81993.49,82591.26,84924,2896,0
2025-03-17 00:00:00,82591.11,83748.18,82524.43,83678.09,85524,2896,0
2025-03-17 04:00:00,83678.16,83888.63,82653.02,83554.5,88805,2896,0
2025-03-17 08:00:00,83557.25,83792.97,83186.56,83503.01,88904,2896,0
2025-03-17 12:00:00,83502.64,83997.9,82408.7,83543.41,98619,2896,0
2025-03-17 16:00:00,83542.93,84767.06,83097.62,84488.72,88889,2896,0
2025-03-17 20:00:00,84488.72,84512.67,83737.49,84013.31,84179,2896,0
2025-03-18 00:00:00,84013.55,84040.25,82954.22,83158.93,83810,2896,0
2025-03-18 04:00:00,83158.95,83297.55,82251.41,83192.18,85779,2896,0
2025-03-18 08:00:00,83193.18,83493.79,82499.64,82603.76,85582,2896,0
2025-03-18 12:00:00,82603.43,82842.13,81143.36,81623.03,93331,2896,0
2025-03-18 16:00:00,81623.04,82503.55,81253.78,82331.83,87919,2896,0
2025-03-18 20:00:00,82331.84,82844.59,81885.49,82732.79,86244,2896,0
2025-03-19 00:00:00,82732.79,83264.65,82546.75,83062.01,89802,2896,0
2025-03-19 04:00:00,83062.02,83424.26,82797.33,83208.92,88675,2896,0
2025-03-19 08:00:00,83218.22,84148.57,83211.54,83914.15,89940,2896,0
2025-03-19 12:00:00,83913.13,84931.88,83512.34,84775.79,93499,2896,0
2025-03-19 16:00:00,84776.07,86016.02,83579.94,85481.83,102715,2896,0
2025-03-19 20:00:00,85481.72,87096.75,85278.77,86920.55,86431,2897,0
2025-03-20 00:00:00,86920.5,87553.13,85642.11,85935.72,87861,2897,0
2025-03-20 04:00:00,85935.76,86059.1,85442.97,85841.49,86056,2897,0
2025-03-20 08:00:00,85843.01,86362.4,84745.43,85517.59,92334,2896,0
2025-03-20 12:00:00,85515.53,86552.13,84567.16,84714.84,95571,2896,0
2025-03-20 16:00:00,84707.46,84890.56,83628.48,84145.01,87415,2896,0
2025-03-20 20:00:00,84146.49,84602.53,83889.49,84213.11,86043,2896,0
2025-03-21 00:00:00,84213.86,84841.7,84159.56,84431.28,90563,2896,0
2025-03-21 04:00:00,84429.87,84818.68,83695.25,83908.97,87710,2896,0
2025-03-21 08:00:00,83908.54,84350.87,83699.81,84033.4,89215,2896,0
2025-03-21 12:00:00,84032.91,84358.58,83151.0,83557.65,92786,2896,0
2025-03-21 16:00:00,83557.99,84416.83,83345.42,83948.23,86815,2896,0
2025-03-21 20:00:00,83951.58,84582.76,83792.88,84088.91,81487,2896,0
2025-03-22 00:00:00,84088.78,84306.95,83963.4,84238.83,84598,2896,0
2025-03-22 04:00:00,84238.77,84429.3,84142.87,84276.3,90898,2880,0
2025-03-22 08:00:00,84275.95,84537.58,84096.22,84227.83,87976,2880,0
2025-03-22 12:00:00,84227.83,84294.57,83947.41,84099.8,83309,2880,0
2025-03-22 16:00:00,84098.09,84349.2,84045.98,84189.88,84817,2880,0
2025-03-22 20:00:00,84190.22,84227.9,83625.8,83847.55,83396,2880,0
2025-03-23 00:00:00,83847.32,84283.3,83811.75,84228.47,85854,2880,0
2025-03-23 04:00:00,84229.15,84314.37,84056.93,84258.57,85365,2880,0
2025-03-23 08:00:00,84258.58,85059.27,84238.29,84701.91,84425,2880,0
2025-03-23 12:00:00,84702.09,85269.04,84572.6,85187.14,86757,2880,0
2025-03-23 16:00:00,85187.37,85454.69,84795.82,85024.02,84466,2880,0
2025-03-23 20:00:00,85023.81,86203.54,84937.42,86123.04,85810,2880,0
2025-03-24 00:00:00,86123.04,86710.81,85536.07,86566.11,89951,2880,0
2025-03-24 04:00:00,86566.44,87330.02,86562.71,86884.44,90042,2880,0
2025-03-24 08:00:00,86881.33,87936.02,86859.46,87704.1,92682,2880,0
2025-03-24 12:00:00,87706.6,88795.94,87127.44,88328.33,93242,2880,0
2025-03-24 16:00:00,88328.38,88548.68,87675.66,88231.48,91227,2880,0
2025-03-24 20:00:00,88236.74,88515.6,87038.37,87498.8,84923,2880,0
2025-03-25 00:00:00,87498.8,87699.96,86319.88,86522.68,88171,2880,0
2025-03-25 04:00:00,86522.36,86903.21,86291.67,86438.9,89226,2880,0
2025-03-25 08:00:00,86439.86,87512.5,86388.76,87374.01,91086,2880,0
2025-03-25 12:00:00,87373.26,88283.2,86924.02,87778.24,94014,2880,0
2025-03-25 16:00:00,87778.38,88344.61,87580.3,88127.63,89266,2880,0
2025-03-25 20:00:00,88121.19,88579.75,87147.64,87434.8,86570,2880,0
2025-03-26 00:00:00,87433.21,87933.88,87040.99,87185.9,86201,2880,0
2025-03-26 04:00:00,87187.04,88312.35,87070.85,88160.07,86797,2880,0
2025-03-26 08:00:00,88159.9,88297.01,87828.14,87980.97,87377,2880,0
2025-03-26 12:00:00,87980.97,88040.24,86469.93,86789.38,93330,2880,0
2025-03-26 16:00:00,86788.73,87101.99,85873.82,86599.08,86141,2880,0
2025-03-26 20:00:00,86598.61,87451.43,86530.47,86969.55,87320,2880,0
2025-03-27 00:00:00,86969.55,87803.76,86841.43,87694.7,87874,2880,0
2025-03-27 04:00:00,87695.0,87725.12,87272.05,87432.56,86540,2880,0
2025-03-27 08:00:00,87432.54,87633.64,86797.79,86962.23,90028,2880,0
2025-03-27 12:00:00,86962.13,87582.08,85779.11,86954.24,94930,2880,0
2025-03-27 16:00:00,86953.6,87446.67,86751.37,87092.89,89704,2880,0
2025-03-27 20:00:00,87096.29,87765.78,86931.3,87201.06,82383,2880,0
2025-03-28 00:00:00,87201.21,87500.33,86700.18,86764.01,85780,2880,0
2025-03-28 04:00:00,86764.13,86812.98,85135.52,85200.74,88522,2880,0
2025-03-28 08:00:00,85200.74,85437.98,84771.44,85227.59,88267,2880,0
2025-03-28 12:00:00,85226.89,85591.6,83910.25,84047.1,92912,2880,0
2025-03-28 16:00:00,84047.41,84215.35,83572.85,83785.24,86114,2880,0
2025-03-28 20:00:00,83785.18,84537.34,83690.46,84417.94,86218,2896,0
2025-03-29 00:00:00,84416.69,84625.62,83709.77,84164.45,87564,2896,0
2025-03-29 04:00:00,84163.96,84268.63,83656.28,83747.63,86885,2880,0
2025-03-29 08:00:00,83747.4,83964.64,81986.08,82288.54,88017,2896,0
2025-03-29 12:00:00,82288.22,82898.34,82137.08,82438.47,88988,2896,0
2025-03-29 16:00:00,82443.5,82789.13,81639.93,82772.33,84726,2896,0
2025-03-29 20:00:00,82772.9,82806.97,82265.26,82660.68,80791,2896,0
2025-03-30 00:00:00,82660.55,83537.12,82506.31,83108.04,86298,2896,0
2025-03-30 04:00:00,83108.04,83357.29,82867.91,83117.19,85126,2896,0
2025-03-30 08:00:00,83116.52,83576.48,82969.49,83129.97,85035,2896,0
2025-03-30 12:00:00,83130.29,83286.87,82576.57,82741.22,85796,2896,0
2025-03-30 16:00:00,82740.75,82908.11,82024.75,82571.14,84458,2896,0
2025-03-30 20:00:00,82571.12,82800.1,81540.21,82427.07,83204,2896,0
2025-03-31 00:00:00,82428.45,82491.92,81270.85,81544.46,89004,2896,0
2025-03-31 04:00:00,81544.71,82335.61,81399.77,81944.44,89594,2896,0
2025-03-31 08:00:00,81945.59,82299.67,81267.39,82227.98,87959,2896,0
2025-03-31 12:00:00,82227.7,83954.75,81636.62,83433.71,100286,2896,0
2025-03-31 16:00:00,83434.27,83713.31,82373.53,82434.29,89932,2896,0
2025-03-31 20:00:00,82436.85,82896.48,82238.62,82539.39,83619,2896,0
2025-04-01 00:00:00,82538.31,83260.88,82403.42,82974.61,85640,2896,0
2025-04-01 04:00:00,82974.92,83622.67,82871.39,83462.94,88019,2896,0
2025-04-01 08:00:00,83462.65,84490.88,83456.89,83895.72,91573,2896,0
2025-04-01 12:00:00,83895.48,85510.88,82485.52,85295.95,95728,2896,0
2025-04-01 16:00:00,85297.04,85511.44,84685.2,84957.48,91572,2896,0
2025-04-01 20:00:00,84949.26,85593.43,84753.73,85183.31,84816,2896,0
2025-04-02 00:00:00,85183.46,85278.6,84478.45,84507.35,91321,2896,0
2025-04-02 04:00:00,84507.7,84705.21,83887.93,84402.6,90547,2896,0
2025-04-02 08:00:00,84402.3,85466.74,84241.61,84543.86,91631,2896,0
2025-04-02 12:00:00,84538.94,87325.16,84429.63,86763.78,104358,2880,0
2025-04-02 16:00:00,86751.96,87291.68,86142.41,86853.33,91816,2880,0
2025-04-02 20:00:00,86853.76,88516.91,82229.73,82416.72,103457,2880,0
2025-04-03 00:00:00,82417.09,83854.32,82066.51,83436.77,95976,2880,0
2025-04-03 04:00:00,83436.77,83691.36,82913.62,83392.84,91082,2880,0
2025-04-03 08:00:00,83392.62,83742.9,82950.39,83010.4,92585,2880,0
2025-04-03 12:00:00,83010.13,83065.33,81109.37,81960.51,105889,2880,0
2025-04-03 16:00:00,81960.88,82421.96,81460.87,81939.35,92863,2880,0
2025-04-03 20:00:00,81938.22,83277.51,81704.97,83146.75,88203,2880,0
2025-04-04 00:00:00,83149.41,83351.57,82525.06,82753.1,90895,2880,0
2025-04-04 04:00:00,82753.18,83984.33,82531.64,83961.08,90451,2880,0
2025-04-04 08:00:00,83961.47,84736.48,81569.09,82589.65,101106,2880,0
2025-04-04 12:00:00,82591.08,83655.37,81760.35,82802.05,119738,2880,0
2025-04-04 16:00:00,82802.42,84581.61,82673.37,83985.43,101708,2880,0
2025-04-04 20:00:00,83978.41,84433.36,83447.87,83851.1,85489,2880,0
2025-04-05 00:00:00,83851.48,84257.67,83331.7,83571.97,85903,2880,0
2025-04-05 04:00:00,83572.01,83836.11,83293.29,83496.11,84373,2880,0
2025-04-05 08:00:00,83496.86,83881.87,83330.21,83428.94,84404,2880,0
2025-04-05 12:00:00,83428.93,83527.3,82345.73,82596.04,89667,2880,0
2025-04-05 16:00:00,82595.81,83155.96,82572.78,82847.77,84998,2880,0
2025-04-05 20:00:00,82846.14,83709.56,82809.95,83526.27,81035,2880,0
2025-04-06 00:00:00,83535.53,83800.74,83140.23,83331.99,85310,2880,0
2025-04-06 04:00:00,83332.0,83530.23,82972.53,82984.75,87181,2880,0
2025-04-06 08:00:00,82985.43,83133.49,82582.16,82781.36,85920,2880,0
2025-04-06 12:00:00,82780.27,82925.86,82145.79,82493.5,86924,2880,0
2025-04-06 16:00:00,82493.52,82523.84,78609.21,79552.59,98009,2880,0
2025-04-06 20:00:00,79550.95,79851.3,77022.08,78302.02,103408,2880,0
2025-04-07 00:00:00,78301.22,79252.4,77231.38,77594.5,103793,2880,0
2025-04-07 04:00:00,77594.39,77884.48,74360.24,74979.75,113002,2880,0
2025-04-07 08:00:00,74980.09,77492.26,74946.81,76595.81,105852,2880,0
2025-04-07 12:00:00,76595.54,81151.2,75702.69,78420.13,145931,2880,0
2025-04-07 16:00:00,78420.62,79367.43,77247.78,78080.96,116674,2880,0
2025-04-07 20:00:00,78081.37,80223.81,78054.64,79169.77,89252,2880,0
2025-04-08 00:00:00,79169.3,80858.35,78743.08,79891.32,92156,2880,0
2025-04-08 04:00:00,79891.23,80402.54,79181.75,79446.78,88609,2880,0
2025-04-08 08:00:00,79446.53,80064.01,78771.66,79967.55,91845,2880,0
2025-04-08 12:00:00,79967.56,80358.53,78123.58,78462.76,106752,2880,0
2025-04-08 16:00:00,78462.71,78495.64,76225.21,76734.27,111469,2880,0
2025-04-08 20:00:00,76731.16,77202.81,76112.24,76190.16,87265,2880,0
2025-04-09 00:00:00,76191.23,76754.53,74468.3,74928.14,100387,2880,0
2025-04-09 04:00:00,74926.75,77922.19,74819.51,77658.34,100038,2880,0
2025-04-09 08:00:00,77658.14,77854.12,75652.36,76109.47,99642,2880,0
2025-04-09 12:00:00,76109.48,78255.4,75903.91,77174.37,114170,2880,0
2025-04-09 16:00:00,77173.81,83025.81,77042.5,82335.3,122467,2880,0
2025-04-09 20:00:00,82340.51,83676.65,82048.2,82677.36,91203,2880,0
2025-04-10 00:00:00,82677.44,82809.89,81455.89,81779.35,91501,2880,0
2025-04-10 04:00:00,81779.25,82387.93,81298.68,81609.62,92348,2880,0
2025-04-10 08:00:00,81609.82,82158.7,81316.26,81868.16,93132,2880,0
2025-04-10 12:00:00,81869.08,82510.18,78506.88,78688.33,107993,2880,0
2025-04-10 16:00:00,78688.33,79966.69,78355.14,79583.73,100695,2880,0
2025-04-10 20:00:00,79579.83,79989.98,79292.47,79529.07,84487,2880,0
2025-04-11 00:00:00,79529.54,80866.28,78893.74,80792.2,90271,2880,0
2025-04-11 04:00:00,80792.19,81423.8,80459.58,81252.5,88517,2880,0
2025-04-11 08:00:00,81252.01,82992.22,80755.33,82100.97,92257,2880,0
2025-04-11 12:00:00,82100.85,83333.49,81324.92,82514.4,101725,2880,0
2025-04-11 16:00:00,82513.21,84240.48,81994.01,83881.8,94612,2880,0
2025-04-11 20:00:00,83881.8,84356.17,83144.19,83431.19,87729,2880,0
2025-04-12 00:00:00,83421.36,83595.67,82772.59,82951.71,90557,2880,0
2025-04-12 04:00:00,82952.09,83808.11,82818.46,83708.6,90938,2880,0
2025-04-12 08:00:00,83709.0,84019.49,83256.28,83495.96,89141,2880,0
2025-04-12 12:00:00,83496.36,85437.53,83433.89,85018.9,91235,2880,0
2025-04-12 16:00:00,85018.53,85294.44,84414.58,84955.3,87969,2880,0
2025-04-12 20:00:00,84955.68,85969.18,84878.26,85260.82,82166,2880,0
2025-04-13 00:00:00,85262.78,86147.82,84731.96,85433.93,88626,2880,0
2025-04-13 04:00:00,85435.39,85458.71,84358.09,84390.37,88123,2880,0
2025-04-13 08:00:00,84392.34,84952.15,84192.52,84516.63,92230,2880,0
2025-04-13 12:00:00,84519.42,84685.22,83424.21,83808.79,90837,2880,0
2025-04-13 16:00:00,83809.51,85003.83,82989.94,83939.03,91537,2880,0
2025-04-13 20:00:00,83936.3,84424.78,82975.91,83705.51,86818,2880,0
2025-04-14 00:00:00,83702.67,85526.83,83619.03,84544.88,89359,2880,0
2025-04-14 04:00:00,84545.0,85077.66,84182.53,84566.06,88934,2880,0
2025-04-14 08:00:00,84566.13,84976.28,84219.66,84935.6,90391,2880,0
2025-04-14 12:00:00,84934.39,85801.79,83688.99,84073.21,84010,2880,0
2025-04-14 16:00:00,84073.21,85207.54,83825.39,84912.73,91180,2880,0
2025-04-14 20:00:00,84912.91,84966.15,84388.94,84572.69,81281,2880,0
2025-04-15 00:00:00,84571.7,85416.32,84314.57,85363.33,84080,2880,0
2025-04-15 04:00:00,85363.27,85878.76,85140.97,85728.84,84844,2880,0
2025-04-15 08:00:00,85729.27,86023.34,85329.96,85582.14,84039,2880,0
2025-04-15 12:00:00,85581.59,86493.84,84612.78,84909.66,91748,2880,0
2025-04-15 16:00:00,84909.57,85149.47,83891.9,83963.21,84474,2880,0
2025-04-15 20:00:00,83965.08,84226.1,83589.85,83646.48,84536,2880,0
2025-04-16 00:00:00,83646.2,83948.83,83085.62,83678.38,86623,2880,0
2025-04-16 04:00:00,83678.81,83826.17,83198.46,83352.73,87317,2880,0
2025-04-16 08:00:00,83352.74,84143.3,83119.37,84061.51,89318,2880,0
2025-04-16 12:00:00,84066.37,85294.66,83475.16,84881.28,91589,2880,0
2025-04-16 16:00:00,84881.28,85572.53,83230.58,84316.3,94327,2880,0
2025-04-16 20:00:00,84316.3,84692.28,84001.25,84019.49,81508,2880,0
2025-04-17 00:00:00,84019.53,84499.06,83787.95,83969.42,82756,2880,0
2025-04-17 04:00:00,83979.61,85078.49,83866.71,84670.66,87061,2880,0
2025-04-17 08:00:00,84670.89,84768.56,84143.44,84545.92,88763,2880,0
2025-04-17 12:00:00,84547.07,84862.64,83677.41,84516.22,88560,2880,0
2025-04-17 16:00:00,84516.25,85484.32,84362.57,84822.15,86257,2880,0
2025-04-17 20:00:00,84822.15,85129.29,84674.67,84925.98,81136,2880,0
2025-04-18 00:00:00,84924.97,85110.54,84684.04,84790.03,80528,2880,0
2025-04-18 04:00:00,84790.11,84809.53,84330.47,84603.97,83983,2880,0
2025-04-18 08:00:00,84603.47,84731.98,84402.74,84601.66,85005,2880,0
2025-04-18 12:00:00,84603.32,84695.9,84292.23,84324.95,83565,2880,0
2025-04-18 16:00:00,84326.08,84611.07,84247.83,84505.65,80575,2880,0
2025-04-18 20:00:00,84506.02,84639.33,84288.29,84434.82,80164,2880,0
2025-04-19 00:00:00,84434.95,84953.62,84329.4,84839.51,79151,2880,0
2025-04-19 04:00:00,84839.3,85237.6,84836.92,85193.45,86459,2880,0
2025-04-19 08:00:00,85192.83,85429.63,85074.59,85186.97,83442,2880,0
2025-04-19 12:00:00,85187.6,85652.16,85042.98,85166.36,84886,2880,0
2025-04-19 16:00:00,85166.25,85295.16,84623.02,85045.83,87494,2880,0
2025-04-19 20:00:00,85054.59,85352.82,84952.37,85049.09,83212,2880,0
2025-04-20 00:00:00,85046.78,85289.82,84990.96,85130.54,79868,2880,0
2025-04-20 04:00:00,85130.35,85213.33,84626.78,84717.28,83996,2880,0
2025-04-20 08:00:00,84717.06,84743.33,83872.87,84066.19,88487,2896,0
2025-04-20 12:00:00,84065.57,84641.15,84028.04,84313.8,85942,2896,0
2025-04-20 16:00:00,84313.74,84625.72,84228.82,84593.55,81528,2896,0
2025-04-20 20:00:00,84593.11,85273.82,84551.48,85134.14,83251,2880,0
2025-04-21 00:00:00,85134.4,87630.05,85092.56,87169.78,92021,2880,0
2025-04-21 04:00:00,87169.12,87721.56,86999.9,87410.27,86198,2880,0
2025-04-21 08:00:00,87411.49,87772.96,86606.72,86932.74,87266,2880,0
2025-04-21 12:00:00,86932.95,88498.75,86758.02,88092.39,93921,2880,0
2025-04-21 16:00:00,88093.12,88298.85,86380.5,87414.65,88473,2880,0
2025-04-21 20:00:00,87414.65,87658.85,86888.61,87525.15,83266,2880,0
2025-04-22 00:00:00,87525.79,88896.37,87080.72,88152.63,90038,2880,0
2025-04-22 04:00:00,88152.83,88488.3,87944.48,88474.97,86415,2880,0
2025-04-22 08:00:00,88474.35,88687.5,88212.05,88594.74,89665,2880,0
2025-04-22 12:00:00,88594.77,91441.29,88462.04,90999.62,101627,2880,0
2025-04-22 16:00:00,90998.7,91735.57,90665.13,91408.51,90915,2880,0
2025-04-22 20:00:00,91409.5,94100.7,91042.38,93422.11,92577,2880,0
2025-04-23 00:00:00,93421.47,93888.37,92541.75,93115.71,90883,2880,0
2025-04-23 04:00:00,93116.23,94264.49,92969.75,94104.78,91450,2880,0
2025-04-23 08:00:00,94106.09,94465.12,93240.93,93395.19,91133,2880,0
2025-04-23 12:00:00,93393.82,94738.14,91887.61,93138.61,99470,2880,0
2025-04-23 16:00:00,93139.95,94201.61,92862.17,93464.95,89713,2880,0
2025-04-23 20:00:00,93465.25,93937.4,93203.85,93678.67,82933,2880,0
2025-04-24 00:00:00,93679.12,93784.46,92609.6,92651.17,85106,2880,0
2025-04-24 04:00:00,92651.22,92897.1,92083.14,92183.46,87213,2880,0
2025-04-24 08:00:00,92183.59,92682.58,91630.78,92622.13,88396,2880,0
2025-04-24 12:00:00,92622.8,93469.73,92428.37,93197.66,90657,2880,0
2025-04-24 16:00:00,93197.28,93673.09,92649.62,93557.42,87347,2880,0
2025-04-24 20:00:00,93557.42,94032.23,93005.01,93973.92,83552,2880,0
2025-04-25 00:00:00,93973.39,94457.24,92805.49,93278.65,88751,2880,0
2025-04-25 04:00:00,93278.63,93854.19,92971.12,93754.59,88143,2880,0
2025-04-25 08:00:00,93755.7,94663.96,93513.83,94634.1,88385,2880,0
2025-04-25 12:00:00,94631.43,95891.99,93900.52,95088.55,98132,2880,0
2025-04-25 16:00:00,95089.87,95577.08,94352.32,95343.3,89661,2880,0
2025-04-25 20:00:00,95343.3,95400.37,94457.96,94648.4,83855,2880,0
2025-04-26 00:00:00,94648.4,95213.97,94534.79,94720.11,87461,2880,0
2025-04-26 04:00:00,94715.27,94808.98,94297.97,94545.39,90101,2880,0
2025-04-26 08:00:00,94545.4,94697.88,93957.82,94115.17,91096,2880,0
2025-04-26 12:00:00,94115.94,94415.64,93855.76,94377.64,89156,2880,0
2025-04-26 16:00:00,94378.93,94384.33,94053.35,94268.21,84755,2880,0
2025-04-26 20:00:00,94268.65,94905.32,94060.55,94624.26,83952,2880,0
2025-04-27 00:00:00,94626.2,95327.63,94020.04,94124.37,86114,2880,0
2025-04-27 04:00:00,94124.37,94251.04,93553.65,94035.77,85147,2880,0
2025-04-27 08:00:00,94035.63,94305.06,93824.09,93855.22,86837,2880,0
2025-04-27 12:00:00,93856.83,94174.66,93566.82,93878.5,87893,2880,0
2025-04-27 16:00:00,93878.2,94415.03,93679.78,94400.1,85038,2880,0
2025-04-27 20:00:00,94400.1,94533.54,93594.59,93701.62,83548,2898,0
2025-04-28 00:00:00,93701.54,93991.07,92762.51,93837.68,87520,2898,0
2025-04-28 04:00:00,93836.93,94801.73,93836.26,94677.65,87873,2898,0
2025-04-28 08:00:00,94677.87,95552.12,94292.41,95320.92,89514,2880,0
2025-04-28 12:00:00,95322.05,95618.5,93560.2,93833.76,91092,2880,0
2025-04-28 16:00:00,93826.16,94948.49,93407.31,94807.82,88781,2880,0
2025-04-28 20:00:00,94807.82,95161.19,94275.18,94994.43,84882,2880,0
2025-04-29 00:00:00,94993.57,95432.56,94399.8,94617.84,85359,2880,0
2025-04-29 04:00:00,94618.32,94971.54,94166.46,94929.5,88024,2880,0
2025-04-29 08:00:00,94930.07,95298.31,94720.36,95107.24,89000,2880,0
2025-04-29 12:00:00,95107.98,95292.59,94491.64,94817.95,87761,2880,0
2025-04-29 16:00:00,94817.84,95446.85,94621.57,95292.59,83297,2880,0
2025-04-29 20:00:00,95292.59,95391.58,93714.03,94259.14,83718,2880,0
2025-04-30 00:00:00,94259.1,95148.52,94136.96,95051.16,88505,2880,0
2025-04-30 04:00:00,95051.16,95224.18,94469.95,94595.27,84427,2880,0
2025-04-30 08:00:00,94594.87,95210.39,94470.53,95139.33,82677,2880,0
2025-04-30 12:00:00,95138.15,95179.58,92926.81,93972.03,92992,2880,0
2025-04-30 16:00:00,93971.66,94501.56,93477.17,94133.49,84621,2880,0
2025-04-30 20:00:00,94125.17,94791.85,93972.21,94142.25,81091,2880,0
2025-05-01 00:00:00,94142.7,95019.74,94093.22,94755.47,81487,2880,0
2025-05-01 04:00:00,94755.16,95184.41,94673.18,94849.59,60305,2880,0
2025-05-01 08:00:00,95089.48,96392.58,95050.66,96153.4,79600,1440,0
2025-05-01 12:00:00,96153.29,97470.59,95772.55,96851.83,95066,1440,0
2025-05-01 16:00:00,96849.03,97374.05,96383.25,96464.54,86139,1440,0
2025-05-01 20:00:00,96465.78,96864.57,96101.7,96414.4,81623,1440,0
2025-05-02 00:00:00,96417.08,97204.09,96384.06,97079.13,85947,1440,0
2025-05-02 04:00:00,97078.77,97278.95,96284.82,96297.84,90527,1440,0
2025-05-02 08:00:00,96297.85,97067.93,96284.97,96888.62,88021,1440,0
2025-05-02 12:00:00,96888.41,97900.64,96582.02,97293.9,93070,1440,0
2025-05-02 16:00:00,97293.92,97782.46,96712.46,96869.19,89639,1440,0
2025-05-02 20:00:00,96870.65,97104.22,96515.0,96844.02,88018,1440,0
2025-05-03 00:00:00,96842.22,96894.09,96265.06,96317.27,91297,1440,0
2025-05-03 04:00:00,96317.7,96586.85,96106.87,96324.07,92014,1440,0
2025-05-03 08:00:00,96323.79,96423.39,95884.77,95986.49,89118,1440,0
2025-05-03 12:00:00,95987.3,96523.14,95920.87,96410.53,91545,1440,0
2025-05-03 16:00:00,96410.88,96424.74,95873.62,96344.4,88579,1440,0
2025-05-03 20:00:00,96344.21,96457.07,95741.59,95877.93,85594,1440,0
2025-05-04 00:00:00,95880.17,96337.65,95579.94,95770.06,90028,1440,0
2025-05-04 04:00:00,95770.13,96171.25,95708.75,95921.48,87512,1440,0
2025-05-04 08:00:00,95921.56,95969.45,95300.03,95440.61,89317,1440,0
2025-05-04 12:00:00,95440.61,95736.14,95221.09,95486.76,89466,1449,0
2025-05-04 16:00:00,95486.83,95676.47,95229.65,95614.32,87505,1449,0
2025-05-04 20:00:00,95613.83,95826.23,94192.23,94316.96,89379,1449,0
2025-05-05 00:00:00,94316.65,94832.84,93562.7,94050.66,92663,1449,0
2025-05-05 04:00:00,94050.64,94839.56,94009.08,94767.66,91823,1449,0
2025-05-05 08:00:00,94767.11,94797.66,93930.93,94080.37,92339,1449,0
2025-05-05 12:00:00,94082.64,94554.96,93577.76,93735.13,95667,1449,0
2025-05-05 16:00:00,93735.91,94928.63,93714.21,94359.86,90426,1449,0
2025-05-05 20:00:00,94356.03,95240.46,93823.62,94759.51,91551,1449,0
2025-05-06 00:00:00,94758.62,94953.34,93996.14,94459.72,90315,1449,0
2025-05-06 04:00:00,94462.37,94634.66,94284.99,94382.58,90263,1449,0
2025-05-06 08:00:00,94382.5,94394.83,93701.39,93800.83,94834,1449,0
2025-05-06 12:00:00,93798.84,94757.85,93327.92,94582.15,97255,1449,0
2025-05-06 16:00:00,94581.6,95216.09,94207.79,95010.54,91305,1440,0
2025-05-06 20:00:00,95010.42,96920.01,94458.0,96828.97,92495,1440,0
2025-05-07 00:00:00,96828.97,97744.78,96172.84,96489.05,94845,1440,0
2025-05-07 04:00:00,96488.31,96994.52,96280.06,96968.97,90011,1440,0
2025-05-07 08:00:00,96969.47,97107.52,96799.5,97035.75,88576,1440,0
2025-05-07 12:00:00,97035.97,97495.53,96656.37,96890.16,93619,1440,0
2025-05-07 16:00:00,96890.79,96935.08,95766.96,96164.56,95269,1440,0
2025-05-07 20:00:00,96159.64,97386.65,96045.63,97021.99,86276,1440,0
2025-05-08 00:00:00,97022.37,99219.84,96844.35,99106.48,93927,1440,0
2025-05-08 04:00:00,99106.76,99401.82,98661.88,99217.12,92301,1440,0
2025-05-08 08:00:00,99216.56,99876.24,99163.31,99379.61,94054,1440,0
2025-05-08 12:00:00,99380.23,101553.72,99046.23,100794.92,100245,1440,0
2025-05-08 16:00:00,100794.56,101774.67,100602.03,101313.47,96594,1440,0
2025-05-08 20:00:00,101313.47,104306.89,101285.23,103241.17,93613,1440,0
2025-05-09 00:00:00,103241.17,103259.28,102311.25,102409.26,94833,1440,0
2025-05-09 04:00:00,102409.25,104404.04,102334.13,103646.89,97423,1440,0
2025-05-09 08:00:00,103647.23,103974.67,102388.76,102923.95,102224,1440,0
2025-05-09 12:00:00,102924.3,103791.96,102385.53,102871.58,99666,1440,0
2025-05-09 16:00:00,102870.98,103371.03,102283.35,103185.59,93653,1440,0
2025-05-09 20:00:00,103185.68,103420.85,102685.1,102930.63,88011,1440,0
2025-05-10 00:00:00,102931.24,103250.12,102775.7,103180.45,91669,1440,0
2025-05-10 04:00:00,103180.46,104100.11,102998.2,103744.2,93254,1440,0
2025-05-10 08:00:00,103744.62,104089.03,103327.45,103378.9,96717,1440,0
2025-05-10 12:00:00,103378.74,103773.45,103004.02,103066.64,95191,1440,0
2025-05-10 16:00:00,103067.16,103569.31,102912.41,103123.04,93522,1440,0
2025-05-10 20:00:00,103127.02,104991.35,102987.38,104765.32,92792,1440,0
2025-05-11 00:00:00,104763.66,104939.78,103406.53,103981.82,94013,1440,0
2025-05-11 04:00:00,103952.44,104367.56,103261.79,103321.78,91115,1440,0
2025-05-11 08:00:00,103321.79,104762.82,103312.17,104597.53,98493,1440,0
2025-05-11 12:00:00,104597.21,104859.2,103711.1,104091.59,95896,1440,0
2025-05-11 16:00:00,104092.18,104806.62,103687.21,104383.58,88553,1440,0
2025-05-11 20:00:00,104376.09,104553.33,103499.75,104073.55,87155,1450,0
2025-05-12 00:00:00,104072.34,105135.76,103631.44,104027.55,91395,1450,0
2025-05-12 04:00:00,104028.82,105846.14,103663.14,104422.6,94479,1450,0
2025-05-12 08:00:00,104422.6,104684.3,103513.34,103672.44,94004,1450,0
2025-05-12 12:00:00,103672.44,104591.47,102361.06,102513.4,99629,1450,0
2025-05-12 16:00:00,102513.4,103096.5,100680.28,101860.13,95734,1450,0
2025-05-12 20:00:00,101860.11,103169.63,101764.81,102838.78,88691,1450,0
2025-05-13 00:00:00,102839.27,102843.76,101459.96,101753.58,93299,1450,0
2025-05-13 04:00:00,101753.39,102994.39,101637.05,102717.54,91858,1450,0
2025-05-13 08:00:00,102717.53,103845.8,102583.86,103746.59,93277,1450,0
2025-05-13 12:00:00,103746.59,103995.97,102834.87,103703.83,97869,1450,0
2025-05-13 16:00:00,103703.73,105002.71,103560.99,104794.35,93798,1440,0
2025-05-13 20:00:00,104794.36,104956.39,103856.32,104121.62,86353,2880,0
2025-05-14 00:00:00,104120.39,104131.85,103388.83,103522.75,88896,2880,0
2025-05-14 04:00:00,103522.75,103929.36,103299.55,103677.16,92036,2880,0
2025-05-14 08:00:00,103678.47,104146.81,102837.46,103943.34,93537,2880,0
2025-05-14 12:00:00,103943.08,104374.87,102816.63,103509.09,93125,2880,0
2025-05-14 16:00:00,103508.15,103726.44,102576.13,103324.98,86552,2880,0
2025-05-14 20:00:00,103324.98,103652.23,103281.38,103489.96,81119,2880,0
2025-05-15 00:00:00,103490.76,103878.24,102723.4,102774.05,86859,2880,0
2025-05-15 04:00:00,102766.17,102969.05,101687.39,101758.88,89648,2880,0
2025-05-15 08:00:00,101759.03,102440.52,101472.1,102398.8,89757,2880,0
2025-05-15 12:00:00,102398.34,103320.66,101363.81,103287.24,94993,2880,0
2025-05-15 16:00:00,103287.68,104198.36,102541.77,103173.36,91143,2880,0
2025-05-15 20:00:00,103173.38,103992.34,102719.97,103774.41,86249,2880,0
2025-05-16 00:00:00,103774.41,104477.74,103462.37,104019.8,89849,2880,0
2025-05-16 04:00:00,104019.89,104201.01,103686.16,103710.06,88610,2880,0
2025-05-16 08:00:00,103710.62,103938.34,103104.12,103674.85,89857,2880,0
2025-05-16 12:00:00,103674.85,104308.11,103349.19,104185.9,91978,2880,0
2025-05-16 16:00:00,104186.43,104580.88,103572.41,104011.33,88105,2880,0
2025-05-16 20:00:00,104011.33,104037.51,103385.52,103458.74,85895,2880,0
2025-05-17 00:00:00,103451.08,103609.08,102609.2,103500.32,91558,2880,0
2025-05-17 04:00:00,103502.92,103715.67,103265.64,103456.06,89253,2880,0
2025-05-17 08:00:00,103456.13,103580.25,102766.06,103018.27,90111,2880,0
2025-05-17 12:00:00,103018.44,103200.15,102652.54,102960.01,87789,2900,0
2025-05-17 16:00:00,102960.58,103367.98,102766.53,103177.42,85291,2900,0
2025-05-17 20:00:00,103177.27,103496.68,102910.03,103148.75,81222,2900,0
2025-05-18 00:00:00,103139.36,103441.92,103096.66,103284.95,82479,2900,0
2025-05-18 04:00:00,103284.81,104013.09,103284.81,103947.56,87240,2880,0
2025-05-18 08:00:00,103947.56,104122.73,103787.38,103801.18,88326,2880,0
2025-05-18 12:00:00,103802.6,105670.46,103679.39,105497.13,89885,2880,0
2025-05-18 16:00:00,105496.43,106009.1,103841.67,103885.79,91027,2880,0
2025-05-18 20:00:00,103884.95,106672.24,103271.93,106445.41,92106,2880,0
2025-05-19 00:00:00,106444.74,107131.97,103510.38,103580.44,90334,2880,0
2025-05-19 04:00:00,103580.44,103740.96,102019.38,103192.71,91802,2880,0
2025-05-19 08:00:00,103192.75,103394.04,102729.41,102932.52,88543,2880,0
2025-05-19 12:00:00,102932.33,104982.01,102068.76,104795.75,94446,2880,0
2025-05-19 16:00:00,104795.75,105553.38,104489.35,105492.3,91047,2880,0
2025-05-19 20:00:00,105490.98,105823.97,104994.13,105549.37,84306,2880,0
2025-05-20 00:00:00,105549.33,106838.72,105461.01,105707.23,90761,2880,0
2025-05-20 04:00:00,105707.19,106398.22,104860.93,104984.43,89399,2880,0
2025-05-20 08:00:00,104984.44,105398.66,104808.51,105198.54,89891,2880,0
2025-05-20 12:00:00,105198.51,105410.07,104161.41,105346.01,91165,2880,0
2025-05-20 16:00:00,105344.65,107262.97,105063.53,106997.28,90353,2880,0
2025-05-20 20:00:00,106997.28,107313.96,105889.88,106820.37,87495,2880,0
2025-05-21 00:00:00,106820.55,107197.45,106181.29,106841.9,87730,2880,0
2025-05-21 04:00:00,106841.83,107989.4,106421.03,106483.03,91040,2880,0
2025-05-21 08:00:00,106483.03,106777.64,106030.34,106519.1,88873,2880,0
2025-05-21 12:00:00,106519.1,109476.61,106308.62,108957.49,94127,2880,0
2025-05-21 16:00:00,108957.49,109814.48,106092.08,108622.25,101986,2880,0
2025-05-21 20:00:00,108619.95,110792.45,107718.13,109609.87,89655,2880,0
2025-05-22 00:00:00,109609.57,111847.24,109132.09,111726.46,96247,2880,0
2025-05-22 04:00:00,111727.96,111742.24,110381.49,110962.59,93922,2880,0
2025-05-22 08:00:00,110962.25,111269.16,110207.47,110901.59,93225,2880,0
2025-05-22 12:00:00,110901.17,111519.88,110464.0,111195.7,95827,2880,0
2025-05-22 16:00:00,111201.32,111908.95,110830.85,111120.39,89011,2880,0
2025-05-22 20:00:00,111125.19,111636.8,110682.99,111600.61,90625,2880,0
2025-05-23 00:00:00,111600.46,111712.93,110926.81,111003.88,91594,2880,0
2025-05-23 04:00:00,111003.89,111117.85,110299.45,110641.44,92324,2880,0
2025-05-23 08:00:00,110641.87,111296.29,108774.99,109017.09,94199,2880,0
2025-05-23 12:00:00,109020.29,109970.9,107220.6,108890.86,102955,2880,0
2025-05-23 16:00:00,108894.11,109779.18,107928.2,108655.22,91526,2880,0
2025-05-23 20:00:00,108654.29,108678.8,106712.04,107243.79,86652,2880,0
2025-05-24 00:00:00,107243.37,108276.82,106801.0,108231.64,90155,2880,0
2025-05-24 04:00:00,108231.5,108488.8,107452.57,107499.56,89093,2880,0
2025-05-24 08:00:00,107499.6,109445.0,107496.74,109163.26,89152,2880,0
2025-05-24 12:00:00,109163.78,109239.82,108458.57,108881.93,85720,2880,0
2025-05-24 16:00:00,108886.33,109156.93,108619.41,108847.81,82605,2901,0
2025-05-24 20:00:00,108847.8,109008.95,107371.2,107664.73,83355,2901,0
2025-05-25 00:00:00,107666.31,108160.51,107093.04,107991.77,86771,2901,0
2025-05-25 04:00:00,107991.43,108194.52,107310.06,107580.03,83821,2901,0
2025-05-25 08:00:00,107580.39,107598.84,106579.34,107164.72,87311,2901,0
2025-05-25 12:00:00,107164.73,107678.32,106463.02,106888.97,88110,2901,0
2025-05-25 16:00:00,106888.38,107915.43,106538.42,107676.31,82725,2901,0
2025-05-25 20:00:00,107674.69,109268.01,107113.13,108919.75,87025,2901,0
2025-05-26 00:00:00,108920.55,109814.66,108581.17,109541.05,87950,2901,0
2025-05-26 04:00:00,109541.05,110145.44,109258.9,110053.89,88980,2901,0
2025-05-26 08:00:00,110054.1,110156.91,109502.98,109721.3,87730,2901,0
2025-05-26 12:00:00,109721.28,110404.29,109439.34,109977.56,87382,2901,0
2025-05-26 16:00:00,109977.83,110411.62,108790.61,109069.12,85908,2901,0
2025-05-26 20:00:00,109070.79,109883.31,108898.15,109390.57,83727,2901,0
2025-05-27 00:00:00,109390.57,109647.83,107457.73,108858.09,89872,2901,0
2025-05-27 04:00:00,108857.57,109629.18,108499.29,109501.48,90905,2901,0
2025-05-27 08:00:00,109501.49,109909.88,109392.11,109558.73,90922,2901,0
2025-05-27 12:00:00,109557.97,110686.15,108623.95,110093.51,98729,2901,0
2025-05-27 16:00:00,110093.51,110462.07,109512.51,109825.55,97005,2901,0
2025-05-27 20:00:00,109825.55,109864.23,108549.94,108909.46,87731,2901,0
2025-05-28 00:00:00,108905.18,109271.7,108339.54,108818.32,88235,2901,0
2025-05-28 04:00:00,108815.91,109054.56,108570.21,108782.57,87735,2901,0
2025-05-28 08:00:00,108783.26,109101.8,108188.95,108827.73,88485,2901,0
2025-05-28 12:00:00,108827.37,109035.35,107023.92,107099.63,88084,2901,0
2025-05-28 16:00:00,107099.63,107829.52,106891.44,106905.45,86407,2901,0
2025-05-28 20:00:00,106905.46,108044.7,106733.79,107785.37,86954,2901,0
2025-05-29 00:00:00,107784.95,108516.11,107441.67,108060.79,89405,2901,0
2025-05-29 04:00:00,108061.1,108130.77,106940.89,107867.56,89088,2901,0
2025-05-29 08:00:00,107867.3,108908.85,107668.73,108764.9,97514,2901,0
2025-05-29 12:00:00,108765.06,108791.24,106456.34,107029.12,95983,2901,0
2025-05-29 16:00:00,107029.1,107180.95,105599.31,105722.88,87646,2901,0
2025-05-29 20:00:00,105722.72,106453.01,105198.26,105553.67,90015,2901,0
2025-05-30 00:00:00,105553.62,106218.31,104543.64,106051.58,94777,2900,0
2025-05-30 04:00:00,106051.59,106348.02,104710.62,105034.72,93796,2900,0
2025-05-30 08:00:00,105035.36,106005.0,104599.37,105882.5,92877,2900,0
2025-05-30 12:00:00,105881.63,106009.14,105039.23,105539.75,93950,2901,0
2025-05-30 16:00:00,105539.65,105558.3,103646.63,104627.01,92749,2900,0
2025-05-30 20:00:00,104607.36,104887.1,103586.97,103991.46,90412,2900,0
2025-05-31 00:00:00,103991.39,104303.82,103047.89,103673.89,89450,2900,0
2025-05-31 04:00:00,103673.89,103916.61,103473.5,103741.88,92467,2900,0
2025-05-31 08:00:00,103742.41,103812.73,103268.45,103496.06,90151,2900,0
2025-05-31 12:00:00,103496.59,104900.95,103473.67,104576.82,95162,2900,0
2025-05-31 16:00:00,104576.57,104840.02,104275.34,104730.35,90337,2900,0
2025-05-31 20:00:00,104731.5,104948.62,104498.7,104613.74,86752,2900,0
2025-06-01 00:00:00,104613.03,104670.23,103899.83,104370.48,89372,2900,0
2025-06-01 04:00:00,104370.84,104762.25,104189.31,104269.95,89524,2900,0
2025-06-01 08:00:00,104270.13,104458.49,103724.24,104073.89,89767,2900,0
2025-06-01 12:00:00,104071.61,104837.0,103738.79,104736.42,90749,2900,0
2025-06-01 16:00:00,104735.37,105366.7,104363.77,105149.13,90300,2900,0
2025-06-01 20:00:00,105148.91,105929.28,104924.18,105698.13,85776,2900,0
2025-06-02 00:00:00,105698.05,105809.98,104626.77,104892.7,88111,2900,0
2025-06-02 04:00:00,104892.12,105517.0,104644.74,105459.61,88476,2900,0
2025-06-02 08:00:00,105459.59,106019.47,103958.45,104076.92,89859,2900,0
2025-06-02 12:00:00,104066.73,104700.53,103653.52,104494.21,94814,2900,0
2025-06-02 16:00:00,104494.74,104798.2,104048.09,104451.83,90088,2900,0
2025-06-02 20:00:00,104450.23,106017.19,104450.23,105939.23,88751,2900,0
2025-06-03 00:00:00,105939.22,106586.56,105351.94,105524.2,92049,2901,0
2025-06-03 04:00:00,105523.94,105550.36,105097.41,105172.49,90904,2901,0
2025-06-03 08:00:00,105171.99,105358.7,104844.92,105292.85,91880,2900,0
2025-06-03 12:00:00,105293.12,106884.09,105032.22,106666.08,95625,2901,0
2025-06-03 16:00:00,106666.63,106744.4,105593.56,106291.78,91488,2181,0
2025-06-03 20:00:00,106291.2,106332.23,105275.51,105383.7,87078,2181,0
2025-06-04 00:00:00,105383.23,105859.06,105114.48,105528.85,87631,2181,0
2025-06-04 04:00:00,105528.79,105622.75,105218.66,105290.99,88074,2181,0
2025-06-04 08:00:00,105290.93,106021.64,105060.16,105067.18,89279,2181,0
2025-06-04 12:00:00,105066.84,105568.12,104141.21,105302.62,92462,2180,0
2025-06-04 16:00:00,105301.67,105465.56,104829.9,104888.27,88880,2180,0
2025-06-04 20:00:00,104888.27,105051.33,104356.04,104677.65,88515,2180,0
2025-06-05 00:00:00,104677.72,105218.81,104613.04,105021.98,88009,2180,0
2025-06-05 04:00:00,105021.88,105216.21,104323.05,104491.6,88262,2180,0
2025-06-05 08:00:00,104491.54,104922.71,104371.6,104798.45,88346,2180,0
2025-06-05 12:00:00,104798.1,105962.08,103864.02,104554.71,92986,2180,0
2025-06-05 16:00:00,104563.64,104622.23,101556.43,101919.41,91491,2180,0
2025-06-05 20:00:00,101919.41,102168.86,100367.83,101544.87,95446,2180,0
2025-06-06 00:00:00,101544.72,102601.84,101106.11,102579.26,91196,2180,0
2025-06-06 04:00:00,102579.26,103599.54,102451.42,103257.16,91328,2180,0
2025-06-06 08:00:00,103256.35,104117.75,103253.0,104044.9,92327,2180,0
2025-06-06 12:00:00,104044.55,105457.23,103625.47,105188.15,94729,2180,0
2025-06-06 16:00:00,105185.65,105398.12,104097.58,104274.99,90785,2160,0
2025-06-06 20:00:00,104274.99,104676.46,104199.53,104374.15,85452,2160,0
2025-06-07 00:00:00,104374.04,105019.44,103937.79,104975.28,90084,2160,0
2025-06-07 04:00:00,104975.28,105447.69,104731.05,104959.79,90505,2160,0
2025-06-07 08:00:00,104959.32,105374.39,104767.28,105243.56,88906,2160,0
2025-06-07 12:00:00,105240.39,105928.29,105240.39,105671.71,91144,2160,0
2025-06-07 16:00:00,105670.07,106008.5,105358.64,105846.22,87015,2160,0
2025-06-07 20:00:00,105847.08,106042.71,105628.69,105659.05,84093,2160,0
2025-06-08 00:00:00,105658.67,105896.74,105472.26,105581.13,85583,2160,0
2025-06-08 04:00:00,105583.09,105751.6,105492.54,105521.32,82859,2160,0
2025-06-08 08:00:00,105521.62,105781.54,105010.93,105741.65,86500,2160,0
2025-06-08 12:00:00,105741.62,106225.61,105596.09,106089.95,88791,2160,0
2025-06-08 16:00:00,106088.98,106455.9,106053.15,106375.72,89066,2160,0
2025-06-08 20:00:00,106375.85,106616.77,105623.14,105777.81,89502,2160,0
2025-06-09 00:00:00,105777.82,106051.52,105358.93,105730.69,86780,2160,0
2025-06-09 04:00:00,105728.0,105800.41,105359.43,105628.11,89036,2160,0
2025-06-09 08:00:00,105628.17,107917.91,105531.49,107848.58,93460,2160,0
2025-06-09 12:00:00,107846.98,108123.1,106925.87,107719.14,94160,2160,0
2025-06-09 16:00:00,107719.14,108893.36,107708.42,108671.25,89293,2160,0
2025-06-09 20:00:00,108670.81,110770.84,108540.59,110245.4,92776,2160,0
2025-06-10 00:00:00,110245.19,110310.72,109361.79,109578.14,91355,2160,0
2025-06-10 04:00:00,109578.36,109750.25,109125.22,109262.27,91131,2160,0
2025-06-10 08:00:00,109261.22,109872.92,109090.27,109572.89,93651,2160,0
2025-06-10 12:00:00,109572.89,109917.07,108337.81,109031.7,93126,2160,0
2025-06-10 16:00:00,109031.7,110396.18,108516.21,109468.34,90448,2181,0
2025-06-10 20:00:00,109468.17,110242.63,109205.09,110197.93,89795,2181,0
2025-06-11 00:00:00,110198.06,110219.32,109466.8,109651.62,89167,2181,0
2025-06-11 04:00:00,109651.84,109682.9,109282.49,109375.36,91096,2181,0
2025-06-11 08:00:00,109375.21,109613.59,109114.95,109203.66,92044,2181,0
2025-06-11 12:00:00,109203.72,110349.76,108965.51,109704.68,93556,2181,0
2025-06-11 16:00:00,109705.08,109782.54,108371.87,108724.72,90226,2181,0
2025-06-11 20:00:00,108722.19,109207.11,108032.94,108643.71,91177,2181,0
2025-06-12 00:00:00,108643.8,108837.33,107687.91,107816.69,89266,2181,0
2025-06-12 04:00:00,107816.69,107977.4,107287.73,107602.83,90289,2181,0
2025-06-12 08:00:00,107602.65,107829.77,106869.24,106914.2,89103,2181,0
2025-06-12 12:00:00,106914.11,107855.11,106585.17,107030.92,94731,2181,0
2025-06-12 16:00:00,107028.84,108493.74,106692.06,106834.75,92257,2181,0
2025-06-12 20:00:00,106834.75,107004.32,105665.93,105682.86,88061,2181,0
2025-06-13 00:00:00,105682.86,105726.48,102653.2,104304.7,103752,2180,0
2025-06-13 04:00:00,104313.29,104931.66,103800.86,104863.15,94428,2180,0
2025-06-13 08:00:00,104863.15,105482.57,104360.89,105022.98,94260,2180,0
2025-06-13 12:00:00,105022.83,105805.51,104069.79,105472.49,97188,2180,0
2025-06-13 16:00:00,105472.22,105997.46,104659.13,105104.12,96451,2180,0
2025-06-13 20:00:00,105104.12,106269.13,105020.95,106135.82,83636,2180,0
2025-06-14 00:00:00,106135.81,106284.9,105214.35,105263.18,87040,2181,0
2025-06-14 04:00:00,105262.9,105447.85,104783.27,105083.15,85657,2180,0
2025-06-14 08:00:00,105084.17,105147.27,104817.79,105088.76,84729,2180,0
2025-06-14 12:00:00,105087.06,105151.86,104628.2,104843.35,85327,2180,0
2025-06-14 16:00:00,104843.72,105079.03,104354.66,104635.84,88634,2180,0
2025-06-14 20:00:00,104642.33,105566.36,104294.84,105482.22,86060,2180,0
2025-06-15 00:00:00,105483.19,105770.39,105319.82,105553.56,84894,2181,0
2025-06-15 04:00:00,105550.43,106257.82,105258.53,105488.13,87635,2160,0
2025-06-15 08:00:00,105488.08,105565.91,104874.68,104980.87,87932,2180,0
2025-06-15 12:00:00,104980.84,105924.88,104954.69,105632.78,88095,2180,0
2025-06-15 16:00:00,105633.37,105841.47,105100.21,105365.41,88309,2181,0
2025-06-15 20:00:00,105365.43,105699.42,104490.05,105651.27,87910,2180,0
2025-06-16 00:00:00,105651.23,106070.63,105016.38,106008.57,88614,2180,0
2025-06-16 04:00:00,106008.55,107373.5,105957.48,107135.99,93098,2181,0
2025-06-16 08:00:00,107135.79,107318.61,106630.4,106942.26,92043,2181,0
2025-06-16 12:00:00,106942.67,107849.67,106520.52,107512.39,92013,2181,0
2025-06-16 16:00:00,107512.45,108990.18,107390.52,108722.24,91072,2181,0
2025-06-16 20:00:00,108719.78,109034.93,106764.06,106876.84,88342,2181,0
2025-06-17 00:00:00,106876.75,107859.22,106184.51,107700.37,94323,2181,0
2025-06-17 04:00:00,107700.8,107805.6,106513.04,106814.81,90096,2181,0
2025-06-17 08:00:00,106814.61,106902.86,105484.1,105635.11,89282,2181,0
2025-06-17 12:00:00,105635.28,105876.5,104067.7,104178.09,92465,2180,0
2025-06-17 16:00:00,104178.09,105324.1,103226.8,104684.65,93514,2180,0
2025-06-17 20:00:00,104683.73,104891.69,104198.45,104559.67,88024,2180,0
2025-06-18 00:00:00,104559.14,105307.79,104340.91,105241.45,86276,2180,0
2025-06-18 04:00:00,105241.51,105634.25,104693.76,104957.61,88614,2180,0
2025-06-18 08:00:00,104957.21,105331.51,104134.89,104800.74,90175,2180,0
2025-06-18 12:00:00,104800.53,105370.74,103765.36,104810.03,95271,2180,0
2025-06-18 16:00:00,104809.95,104868.69,103455.65,103792.54,94879,2180,0
2025-06-18 20:00:00,103792.54,105176.87,103597.33,104922.71,89148,2180,0
2025-06-19 00:00:00,104923.94,105299.46,104453.04,105131.69,84998,2180,0
2025-06-19 04:00:00,105131.59,105267.36,104606.76,104634.48,84485,2180,0
2025-06-19 08:00:00,104634.52,105119.18,104608.32,104778.49,87764,2180,0
2025-06-19 12:00:00,104778.46,104924.51,104043.23,104068.93,93652,2180,0
2025-06-19 16:00:00,104069.35,104815.02,103873.8,104221.48,109628,2160,0
2025-06-19 20:00:00,104221.21,104923.01,104116.93,104670.59,103584,2180,0
2025-06-20 00:00:00,104669.77,104826.5,104368.69,104603.11,81835,2180,0
2025-06-20 04:00:00,104603.5,105873.62,104193.28,105863.91,88098,2180,0
2025-06-20 08:00:00,105864.47,106645.24,105825.79,106060.32,89908,2160,0
2025-06-20 12:00:00,106059.81,106257.37,103828.71,104175.59,91442,2160,0
2025-06-20 16:00:00,104175.59,104223.43,102218.05,103213.88,91237,2180,0
2025-06-20 20:00:00,103213.72,103768.12,102853.34,103192.49,87550,2180,0
2025-06-21 00:00:00,103192.49,103626.74,103015.34,103417.07,88733,2180,0
2025-06-21 04:00:00,103416.66,103549.67,103230.76,103398.07,85477,2160,0
2025-06-21 08:00:00,103396.46,103971.27,103392.18,103828.44,89212,2160,0
2025-06-21 12:00:00,103828.24,103897.26,103206.29,103498.81,89047,2160,0
2025-06-21 16:00:00,103499.15,103595.5,102088.58,102161.03,85599,2160,0
2025-06-21 20:00:00,102161.04,102813.05,100805.81,102070.16,90607,2160,0
2025-06-22 00:00:00,102076.63,103327.53,101757.52,102284.52,91018,2160,0
2025-06-22 04:00:00,102285.35,102900.68,102164.09,102369.21,88980,2160,0
2025-06-22 08:00:00,102369.24,102747.13,101991.56,102689.63,88928,2160,0
2025-06-22 12:00:00,102689.78,102787.43,98934.59,98961.41,99871,2160,0
2025-06-22 16:00:00,98961.42,100398.47,98728.74,98937.23,90161,2160,0
2025-06-22 20:00:00,98937.46,101067.92,98231.72,100951.65,91496,2160,0
2025-06-23 00:00:00,100951.58,101648.14,100491.01,101144.12,88965,2160,0
2025-06-23 04:00:00,101144.41,102128.31,100955.22,101906.64,90232,2160,0
2025-06-23 08:00:00,101906.84,102065.36,101081.15,101273.52,91621,2160,0
2025-06-23 12:00:00,101273.52,102646.71,100760.39,101399.77,97225,2160,0
2025-06-23 16:00:00,101399.77,103338.59,99592.94,103184.97,98630,2160,0
2025-06-23 20:00:00,103186.04,106200.36,102902.64,105495.38,91803,2160,0
2025-06-24 00:00:00,105495.43,105657.34,104820.0,104993.02,87379,2160,0
2025-06-24 04:00:00,104993.02,105962.29,104776.78,105057.1,89965,2160,0
2025-06-24 08:00:00,105058.32,105671.29,104713.12,105283.65,86841,2160,0
2025-06-24 12:00:00,105283.05,105816.07,104856.44,105307.17,92261,2160,0
2025-06-24 16:00:00,105317.78,106358.57,105241.04,105705.35,89414,2160,0
2025-06-24 20:00:00,105704.86,106207.28,105498.26,106142.87,83597,2160,0
2025-06-25 00:00:00,106142.85,106875.82,105874.39,106277.65,87052,2160,0
2025-06-25 04:00:00,106277.64,106794.25,106030.59,106681.52,85620,2160,0
2025-06-25 08:00:00,106682.15,107290.59,106383.29,107241.88,91767,2160,0
2025-06-25 12:00:00,107242.05,108203.29,106794.22,107075.39,93159,2160,0
2025-06-25 16:00:00,107075.49,107978.59,106953.76,107809.92,91460,2160,0
2025-06-25 20:00:00,107809.92,108080.44,107114.5,107371.81,88427,2160,0
2025-06-26 00:00:00,107372.7,108350.68,107152.46,107908.52,87312,2160,0
2025-06-26 04:00:00,107908.52,108128.76,107554.09,107855.32,84345,2160,0
2025-06-26 08:00:00,107855.52,108221.87,107141.02,107383.32,92706,2160,0
2025-06-26 12:00:00,107383.55,107804.57,106573.08,107340.52,92256,2160,0
2025-06-26 16:00:00,107339.63,107723.06,107042.53,107565.97,86640,2160,0
2025-06-26 20:00:00,107565.97,108069.26,106879.32,107017.62,92049,2160,0
2025-06-27 00:00:00,107017.75,107595.12,106434.79,107548.26,90031,2160,0
2025-06-27 04:00:00,107548.12,107802.18,106904.7,106925.18,89893,2160,0
2025-06-27 08:00:00,106925.58,107229.69,106710.39,107028.79,90029,2160,0
2025-06-27 12:00:00,107028.99,107498.49,106394.68,107377.53,92484,2160,0
2025-06-27 16:00:00,107377.34,107777.91,106463.58,106872.17,91095,2160,0
2025-06-27 20:00:00,106862.94,107371.06,106841.29,107112.6,88134,2160,0
2025-06-28 00:00:00,107112.68,107429.94,106867.51,107360.09,89108,2160,0
2025-06-28 04:00:00,107361.91,107562.88,107231.91,107533.26,89189,2160,0
2025-06-28 08:00:00,107532.99,107562.66,107294.88,107409.22,90323,2160,0
2025-06-28 12:00:00,107409.46,107604.91,107139.97,107503.21,89167,2160,0
2025-06-28 16:00:00,107503.24,107593.61,107250.74,107260.17,89707,2160,0
2025-06-28 20:00:00,107259.33,107430.7,107191.56,107361.8,88315,2160,0
2025-06-29 00:00:00,107362.21,107567.69,107206.22,107268.35,89582,2160,0
2025-06-29 04:00:00,107268.45,107462.82,107257.47,107462.82,92189,2160,0
2025-06-29 08:00:00,107455.02,108516.51,107432.66,108484.93,95879,2160,0
2025-06-29 12:00:00,108481.41,108546.17,107649.62,107750.0,87103,2160,0
2025-06-29 16:00:00,107750.65,107814.71,107316.93,107417.22,85699,2160,0
2025-06-29 20:00:00,107417.69,108453.06,107267.4,108336.42,85560,2160,0
2025-06-30 00:00:00,108336.31,108808.25,108219.43,108521.71,85842,2160,0
2025-06-30 04:00:00,108520.78,108561.11,107483.03,107632.97,87933,2160,0
2025-06-30 08:00:00,107632.01,107978.05,107376.49,107666.07,89722,2160,0
2025-06-30 12:00:00,107666.39,107894.09,106739.05,107631.3,90658,2160,0
2025-06-30 16:00:00,107632.19,107912.08,107185.81,107803.38,88903,2160,0
2025-06-30 20:00:00,107803.18,107842.97,106981.42,107194.73,83239,2160,0
2025-07-01 00:00:00,107194.61,107622.44,107082.18,107245.4,83372,2160,0
2025-07-01 04:00:00,107245.45,107282.79,106677.44,107273.34,88033,2160,0
2025-07-01 08:00:00,107273.34,107273.34,106436.93,106722.31,92044,2160,0
2025-07-01 12:00:00,106721.97,107294.26,105738.24,106083.43,95468,2160,0
2025-07-01 16:00:00,106083.42,106426.29,105459.93,105472.8,90183,2160,0
2025-07-01 20:00:00,105472.84,106224.49,105315.65,105789.71,90278,2160,0
2025-07-02 00:00:00,105788.73,106384.56,105195.71,106350.83,91084,2160,0
2025-07-02 04:00:00,106350.9,107288.43,106270.98,107164.06,94446,2160,0
2025-07-02 08:00:00,107164.0,107936.95,107163.9,107571.19,96355,2160,0
2025-07-02 12:00:00,107571.28,108869.88,107241.01,108819.5,93888,2160,0
2025-07-02 16:00:00,108819.5,109805.97,108727.27,109733.96,93699,2160,0
2025-07-02 20:00:00,109733.34,109744.5,108759.38,108886.07,87282,2160,0
2025-07-03 00:00:00,108885.82,109166.99,108568.24,108696.42,86367,2160,0
2025-07-03 04:00:00,108698.8,109619.19,108611.0,109330.28,91134,2160,0
2025-07-03 08:00:00,109330.27,110337.46,109330.24,109621.73,92226,2160,0
2025-07-03 12:00:00,109621.36,110587.61,108773.21,109180.02,97455,2160,0
2025-07-03 16:00:00,109179.7,109954.8,109046.62,109813.13,90634,2160,0
2025-07-03 20:00:00,109813.19,110058.74,109568.65,109615.63,82824,2160,0
2025-07-04 00:00:00,109615.23,109832.08,109137.69,109301.37,83362,2160,0
2025-07-04 04:00:00,109301.16,109391.34,108728.38,108739.19,87294,2160,0
2025-07-04 08:00:00,108739.19,109158.29,108559.85,108923.95,92557,2160,0
2025-07-04 12:00:00,108923.49,109008.88,107513.21,107617.65,92739,2160,0
2025-07-04 16:00:00,107618.1,107974.64,107280.98,107518.9,93505,2160,0
2025-07-04 20:00:00,107518.62,108339.1,107473.45,108047.36,93626,2160,0
2025-07-05 00:00:00,108047.23,108333.26,107795.63,108195.72,92080,2160,0
2025-07-05 04:00:00,108195.71,108476.27,108044.04,108120.69,91405,2160,0
2025-07-05 08:00:00,108121.97,108277.85,107923.98,108161.6,94748,2160,0
2025-07-05 12:00:00,108161.79,108302.27,108017.22,108128.7,96703,2160,0
2025-07-05 16:00:00,108128.19,108230.31,107912.44,108169.07,98009,2160,0
2025-07-05 20:00:00,108169.61,108288.76,108016.66,108266.47,92136,2160,0
2025-07-06 00:00:00,108267.13,108312.17,108059.69,108098.37,82694,2160,0
2025-07-06 04:00:00,108098.71,108260.55,107969.95,108096.7,96204,2160,0
2025-07-06 08:00:00,108096.12,108196.23,107841.0,108104.38,90705,2160,0
2025-07-06 12:00:00,108104.1,109187.82,108072.67,108947.66,90915,2160,0
2025-07-06 16:00:00,108947.34,109016.58,108306.84,108578.49,85600,2160,0
2025-07-06 20:00:00,108578.63,109761.89,108559.97,109232.04,85578,2160,0
2025-07-07 00:00:00,109233.43,109760.81,108685.85,109423.13,92551,2160,0
2025-07-07 04:00:00,109423.18,109486.6,108679.25,109097.96,97474,2160,0
2025-07-07 08:00:00,109098.63,109139.16,108582.2,108686.1,96764,2160,0
2025-07-07 12:00:00,108686.12,108690.32,107976.57,108355.49,92149,2160,0
2025-07-07 16:00:00,108355.49,108560.43,107502.24,108096.98,84582,2160,0
2025-07-07 20:00:00,108096.97,108346.18,107797.77,108284.76,95136,2160,0
2025-07-08 00:00:00,108284.67,108574.21,107461.13,107917.16,95101,2160,0
2025-07-08 04:00:00,107917.19,108525.73,107762.24,108512.88,96493,2160,0
2025-07-08 08:00:00,108511.71,109055.42,108259.73,108795.74,97468,2160,0
2025-07-08 12:00:00,108795.72,109273.45,108210.9,108287.53,96062,2160,0
2025-07-08 16:00:00,108287.58,109190.33,108093.45,108797.2,94162,2160,0
2025-07-08 20:00:00,108796.94,109004.96,108626.45,108953.88,95002,2160,0
2025-07-09 00:00:00,108953.61,109176.51,108347.83,108383.84,95491,2160,0
2025-07-09 04:00:00,108383.84,108968.54,108334.02,108765.06,95690,2160,0
2025-07-09 08:00:00,108765.2,109165.93,108582.96,109095.07,95400,2160,0
2025-07-09 12:00:00,109095.1,109807.22,108494.95,109088.65,92832,2160,0
2025-07-09 16:00:00,109088.59,112055.15,109034.19,111729.44,97053,2160,0
2025-07-09 20:00:00,111729.44,111941.94,110517.42,111234.28,92737,2160,0
2025-07-10 00:00:00,111236.46,111550.9,110852.75,111026.05,87538,2160,0
2025-07-10 04:00:00,111026.06,111429.51,110896.63,111204.6,88525,2160,0
2025-07-10 08:00:00,111204.34,111390.1,110834.99,111021.98,87992,2160,0
2025-07-10 12:00:00,111021.74,111422.59,110476.65,111395.36,94365,2160,0
2025-07-10 16:00:00,111395.86,113725.06,111313.1,113265.29,99178,2160,0
2025-07-10 20:00:00,113247.09,117478.93,113202.11,115924.97,104625,2160,0
2025-07-11 00:00:00,115924.7,116935.8,115125.38,116856.44,100890,2160,0
2025-07-11 04:00:00,116853.43,118437.36,116436.91,117526.07,103455,2160,0
2025-07-11 08:00:00,117526.76,118899.42,117525.64,117751.87,102141,2160,0
2025-07-11 12:00:00,117751.86,118218.78,116717.08,116905.63,100894,2160,0
2025-07-11 16:00:00,116905.66,118123.43,116586.31,118063.61,102428,2160,0
2025-07-11 20:00:00,118070.11,118080.43,117090.63,117484.42,102994,2160,0
2025-07-12 00:00:00,117484.53,117844.85,117053.68,117757.95,106376,2160,0
2025-07-12 04:00:00,117753.54,118059.14,117458.96,117710.16,105742,2160,0
2025-07-12 08:00:00,117710.4,118187.99,117589.73,117780.56,103698,2160,0
2025-07-12 12:00:00,117780.2,117825.81,116808.84,117035.21,102942,2160,0
2025-07-12 16:00:00,117033.85,117610.66,116957.89,117515.15,105757,2160,0
2025-07-12 20:00:00,117514.92,117517.61,116937.14,117381.8,112179,2160,0
2025-07-13 00:00:00,117381.05,117786.98,117147.47,117684.63,112412,2160,0
2025-07-13 04:00:00,117683.94,117991.15,117602.74,117911.57,111805,2160,0
2025-07-13 08:00:00,117911.67,118052.43,117609.84,118017.13,100529,2160,0
2025-07-13 12:00:00,118017.18,119508.94,117912.85,118617.83,96819,2160,0
2025-07-13 16:00:00,118617.66,119427.75,118308.99,118897.62,90847,2160,0
2025-07-13 20:00:00,118897.34,119305.36,118165.42,119024.53,88970,2160,0
2025-07-14 00:00:00,119023.59,121672.35,118824.36,120685.27,95320,2160,0
2025-07-14 04:00:00,120684.74,123254.18,120453.86,122718.34,101612,2283,0
2025-07-14 08:00:00,122718.34,122750.36,121248.05,121352.5,96782,2160,0
2025-07-14 12:00:00,121354.2,122064.58,119506.15,119780.37,94311,2160,0
2025-07-14 16:00:00,119781.08,120471.78,119117.11,119885.79,92328,2160,0
2025-07-14 20:00:00,119887.08,120431.8,119455.91,119828.71,82864,2160,0
2025-07-15 00:00:00,119828.05,119929.93,116745.53,117101.88,94912,2160,0
2025-07-15 04:00:00,117102.12,117706.6,116154.83,116699.51,93694,2160,0
2025-07-15 08:00:00,116699.26,117185.19,116215.01,117054.98,90418,2160,0
2025-07-15 12:00:00,117055.05,118410.94,115611.44,116308.76,104198,2160,0
2025-07-15 16:00:00,116308.97,117662.66,115943.95,116381.68,103285,2160,0
2025-07-15 20:00:00,116379.6,117941.38,116133.07,117714.99,106556,2160,0
2025-07-16 00:00:00,117714.99,118201.18,116974.58,117421.2,106922,2160,0
2025-07-16 04:00:00,117421.28,118310.98,117200.81,118181.29,109733,2160,0
2025-07-16 08:00:00,118181.43,119298.01,118104.24,118748.2,106891,2160,0
2025-07-16 12:00:00,118748.19,119795.1,118130.86,119113.26,101093,2160,0
2025-07-16 16:00:00,119113.55,119978.15,118488.14,119240.63,103628,2160,0
2025-07-16 20:00:00,119240.08,120126.41,118377.02,118601.88,106786,2160,0
2025-07-17 00:00:00,118601.58,119171.38,117662.5,118077.52,107609,2160,0
2025-07-17 04:00:00,118077.52,118807.95,117823.84,118313.12,108654,2160,0
2025-07-17 08:00:00,118313.12,119217.95,117942.7,117956.99,105937,2160,0
2025-07-17 12:00:00,117956.85,119113.45,117375.53,118887.05,98024,2160,0
2025-07-17 16:00:00,118890.5,119921.05,118308.3,118993.66,99266,2160,0
2025-07-17 20:00:00,118993.66,120978.2,118395.04,119226.1,99400,2160,0
2025-07-18 00:00:00,119226.11,120843.65,119042.94,120264.69,102574,2160,0
2025-07-18 04:00:00,120264.68,120879.12,119332.94,119399.81,102342,2160,0
2025-07-18 08:00:00,119399.78,119531.41,118390.09,119196.37,100581,2160,0
2025-07-18 12:00:00,119196.89,119570.69,117294.55,117867.27,97693,2160,0
2025-07-18 16:00:00,117868.84,118105.66,117129.7,117414.29,91902,2160,0
2025-07-18 20:00:00,117413.9,118075.86,116864.32,117976.38,91973,2160,0
2025-07-19 00:00:00,117976.12,118450.7,117687.7,118383.58,93698,2160,0
2025-07-19 04:00:00,118383.67,118436.45,118099.49,118227.55,91802,2160,0
2025-07-19 08:00:00,118227.36,118504.85,117976.29,118350.92,90238,2160,0
2025-07-19 12:00:00,118351.7,118357.76,117625.34,118057.82,94376,2160,0
2025-07-19 16:00:00,118057.66,118177.55,117594.47,118017.29,88399,2160,0
2025-07-19 20:00:00,118018.35,118168.81,117294.11,117855.62,86572,2160,0
2025-07-20 00:00:00,117854.91,118193.89,117647.09,117980.98,88722,2160,0
2025-07-20 04:00:00,117980.91,118244.64,117766.39,118026.72,88390,2160,0
2025-07-20 08:00:00,118026.72,118329.49,117812.16,117889.52,91994,2160,0
2025-07-20 12:00:00,117883.34,118812.87,117714.63,118682.5,89921,2160,0
2025-07-20 16:00:00,118681.95,118880.31,117904.69,118146.64,92018,2160,0
2025-07-20 20:00:00,118147.32,118232.01,116418.0,117271.98,91551,2160,0
2025-07-21 00:00:00,117271.98,118626.53,116507.71,118401.87,92523,2160,0
2025-07-21 04:00:00,118401.77,119708.2,118175.21,119393.37,93838,2160,0
2025-07-21 08:00:00,119392.79,119533.56,118042.28,118066.22,94679,2160,0
2025-07-21 12:00:00,118065.54,119254.79,117735.18,118348.49,97845,2160,0
2025-07-21 16:00:00,118350.4,118433.01,116681.01,116798.6,96836,2160,0
2025-07-21 20:00:00,116798.29,117667.42,116668.69,117394.12,97175,2160,0
2025-07-22 00:00:00,117394.03,117985.12,116047.87,117215.18,97649,2160,0
2025-07-22 04:00:00,117213.91,118604.26,116546.14,118002.19,99742,2160,0
2025-07-22 08:00:00,118002.97,119248.26,117453.41,119196.46,105350,2160,0
2025-07-22 12:00:00,119195.94,119643.75,117540.19,118950.87,109639,2160,0
2025-07-22 16:00:00,118950.84,120338.12,118394.94,119283.83,107861,2160,0
2025-07-22 20:00:00,119280.95,120275.05,119203.99,119984.61,109676,2160,0
2025-07-23 00:00:00,119984.48,120140.28,118515.06,118622.14,110859,2160,0
2025-07-23 04:00:00,118622.36,119020.93,118276.58,118369.08,112175,2160,0
2025-07-23 08:00:00,118368.07,118671.58,117823.58,118578.22,113195,2160,0
2025-07-23 12:00:00,118577.97,118807.29,117313.26,118645.46,102622,2160,0
2025-07-23 16:00:00,118646.5,118646.5,117342.41,118450.74,97277,2160,0
2025-07-23 20:00:00,118449.91,118832.55,117405.43,118819.23,111860,2160,0
2025-07-24 00:00:00,118819.21,119373.59,118529.71,118567.36,112323,2160,0
2025-07-24 04:00:00,118567.36,118646.82,117122.45,118457.95,92894,2160,0
2025-07-24 08:00:00,118457.96,118884.98,117952.5,118621.64,108327,2160,0
2025-07-24 12:00:00,118621.64,119543.85,117842.11,119144.91,106561,2160,0
2025-07-24 16:00:00,119145.36,119465.58,118355.43,118988.82,111245,2160,0
2025-07-24 20:00:00,118988.93,119050.66,118169.75,118355.75,105774,2160,0
2025-07-25 00:00:00,118357.65,118483.28,115349.0,115413.92,103633,2160,0
2025-07-25 04:00:00,115413.91,116170.62,114719.89,115332.46,103819,2160,0
2025-07-25 08:00:00,115337.25,116836.77,114993.79,116554.67,103839,2160,0
2025-07-25 12:00:00,116550.64,116684.65,114864.62,115746.82,102120,2160,0
2025-07-25 16:00:00,115747.61,117081.66,115488.92,116747.49,94763,2160,0
2025-07-25 20:00:00,116748.48,117694.34,116615.78,117645.58,92834,2160,0
2025-07-26 00:00:00,117645.58,117788.4,117158.22,117526.46,93468,2160,0
2025-07-26 04:00:00,117526.28,117593.58,117347.45,117365.74,96738,2160,0
2025-07-26 08:00:00,117365.94,118306.37,117358.31,117832.22,96207,2160,0
2025-07-26 12:00:00,117832.76,118309.7,117824.54,118184.4,93802,2160,0
2025-07-26 16:00:00,118184.95,118388.34,117986.84,118292.67,93099,2160,0
2025-07-26 20:00:00,118288.65,118338.87,117911.23,117946.0,90383,2160,0
2025-07-27 00:00:00,117957.21,118422.76,117849.6,118222.43,91999,2160,0
2025-07-27 04:00:00,118220.77,118500.9,118110.34,118154.53,90185,2160,0
2025-07-27 08:00:00,118154.37,118346.21,117859.6,118129.33,93950,2160,0
2025-07-27 12:00:00,118129.33,118663.39,117907.19,118643.42,90758,2160,0
2025-07-27 16:00:00,118642.73,119565.72,118642.73,118994.66,94079,2160,0
2025-07-27 20:00:00,118994.66,119812.32,118721.12,119469.47,91770,2160,0
2025-07-28 00:00:00,119468.02,119857.93,118994.1,119310.37,93940,2160,0
2025-07-28 04:00:00,119311.37,119730.44,118778.4,118905.93,94854,2160,0
2025-07-28 08:00:00,118903.46,119150.58,118503.57,118845.18,92484,2160,0
2025-07-28 12:00:00,118848.86,119143.76,117951.24,118214.43,100731,2160,0
2025-07-28 16:00:00,118214.64,118416.96,117407.67,118077.19,94452,2160,0
2025-07-28 20:00:00,118077.3,118399.42,117493.27,118116.35,91644,2160,0
2025-07-29 00:00:00,118117.02,118877.21,117480.37,118849.85,92915,2160,0
2025-07-29 04:00:00,118849.95,119358.49,118481.62,118951.09,93512,2160,0
2025-07-29 08:00:00,118957.24,119115.48,118181.63,118613.58,92086,2160,0
2025-07-29 12:00:00,118613.45,119122.77,117228.98,117379.96,93572,2160,0
2025-07-29 16:00:00,117379.96,118095.74,116925.37,117558.29,94644,2160,0
2025-07-29 20:00:00,117558.29,118044.46,117096.82,117982.39,88688,2160,0
2025-07-30 00:00:00,117980.99,118309.26,117457.67,118204.08,89969,2160,0
2025-07-30 04:00:00,118206.61,118474.27,117701.54,118169.11,90861,2160,0
2025-07-30 08:00:00,118168.7,118527.53,117368.4,117619.83,91484,2160,0
2025-07-30 12:00:00,117619.83,118876.2,117382.69,118043.1,91879,2160,0
2025-07-30 16:00:00,118043.1,118085.61,115794.28,116992.48,93580,2160,0
2025-07-30 20:00:00,116992.48,117976.72,116950.42,117871.33,89899,2160,0
2025-07-31 00:00:00,117871.58,118655.93,117816.34,118507.55,92024,2160,0
2025-07-31 04:00:00,118507.55,118991.62,118299.44,118702.17,92120,2160,0
2025-07-31 08:00:00,118702.26,118808.19,118296.12,118381.48,89601,2160,0
2025-07-31 12:00:00,118383.75,118714.39,117821.74,118314.28,93687,2160,0
2025-07-31 16:00:00,118315.34,118916.9,116760.24,116796.23,94776,2160,0
2025-07-31 20:00:00,116796.2,117005.16,115570.68,115853.68,92859,2160,0
2025-08-01 00:00:00,115854.84,116201.06,114397.02,115770.38,94796,2160,0
2025-08-01 04:00:00,115770.52,116056.61,114663.88,115096.58,92942,2160,0
2025-08-01 08:00:00,115096.58,115400.65,114114.25,115361.4,94462,2160,0
2025-08-01 12:00:00,115360.95,116115.67,113955.16,115415.65,101783,2160,0
2025-08-01 16:00:00,115416.08,115776.81,113155.31,113267.01,94418,2160,0
2025-08-01 20:00:00,113265.52,114066.58,112663.2,113264.38,94588,2160,0
2025-08-02 00:00:00,113264.62,113940.64,113154.34,113927.9,91877,2160,0
2025-08-02 04:00:00,113928.46,114075.5,113441.45,113981.32,100313,2160,0
2025-08-02 08:00:00,113981.14,114081.91,113403.5,113810.41,90546,2160,0
2025-08-02 12:00:00,113811.03,113822.66,112815.18,112857.12,91821,2160,0
2025-08-02 16:00:00,112857.03,113441.11,111964.62,112226.56,92672,2160,0
2025-08-02 20:00:00,112226.56,113092.99,112058.23,112567.49,87207,2160,0
2025-08-03 00:00:00,112566.61,113794.16,111909.33,113657.11,88675,2160,0
2025-08-03 04:00:00,113657.3,113790.24,113354.98,113770.36,85445,2160,0
2025-08-03 08:00:00,113771.7,114329.04,113590.19,113941.44,87860,2160,0
2025-08-03 12:00:00,113940.78,114193.79,113653.42,114016.26,90897,2160,0
2025-08-03 16:00:00,114015.65,114909.08,113835.16,114419.58,88777,2160,0
2025-08-03 20:00:00,114419.48,114722.41,114127.26,114291.41,84581,2160,0
2025-08-04 00:00:00,114290.88,115120.54,114180.45,114670.93,89973,2160,0
2025-08-04 04:00:00,114670.85,114866.98,114174.92,114730.68,92125,2160,0
2025-08-04 08:00:00,114730.98,114857.09,114261.3,114546.18,89588,2160,0
2025-08-04 12:00:00,114546.18,115576.44,114155.59,114894.55,95564,2160,0
2025-08-04 16:00:00,114894.8,115828.57,114756.65,114809.35,91704,2160,0
2025-08-04 20:00:00,114809.5,115438.11,114640.52,115126.41,87901,2160,0
2025-08-05 00:00:00,115126.36,115181.66,114254.12,114254.66,86904,2160,0
2025-08-05 04:00:00,114255.01,114525.37,113688.43,113967.91,89170,2160,0
2025-08-05 08:00:00,113967.89,115138.85,113911.97,114846.36,90336,2160,0
2025-08-05 12:00:00,114846.59,114935.16,112599.95,112886.0,96650,2160,0
2025-08-05 16:00:00,112887.19,113763.1,112766.25,113613.12,92572,2160,0
2025-08-05 20:00:00,113613.12,114251.66,113275.77,114141.37,88353,2160,0
2025-08-06 00:00:00,114141.64,114162.27,113382.53,113503.88,88951,2160,0
2025-08-06 04:00:00,113503.61,114428.36,113320.41,114280.34,89837,2160,0
2025-08-06 08:00:00,114280.34,114486.87,113745.56,114301.55,88944,2160,0
2025-08-06 12:00:00,114300.39,115644.79,113586.6,115506.03,93683,2160,0
2025-08-06 16:00:00,115506.04,115831.88,115038.87,115377.18,94467,2160,0
2025-08-06 20:00:00,115376.98,115400.48,114885.82,115112.61,87104,2160,0
2025-08-07 00:00:00,115112.13,115310.3,114462.02,114633.56,89356,2160,0
2025-08-07 04:00:00,114633.6,114986.39,114325.97,114894.54,91443,2160,0
2025-08-07 08:00:00,114894.54,116881.52,114876.97,116566.41,95112,2160,0
2025-08-07 12:00:00,116566.78,116858.42,116057.01,116732.19,94897,2160,0
2025-08-07 16:00:00,116732.02,117627.59,115647.03,117544.39,92051,2160,0
2025-08-07 20:00:00,117544.39,117710.53,117072.41,117531.33,90155,2160,0
2025-08-08 00:00:00,117531.46,117683.18,116666.88,116728.16,93749,2160,0
2025-08-08 04:00:00,116728.07,116997.82,116360.96,116874.38,92922,2160,0
2025-08-08 08:00:00,116874.29,116990.24,116321.99,116937.63,90888,2160,0
2025-08-08 12:00:00,116936.91,117313.3,115872.04,116194.17,93355,2160,0
2025-08-08 16:00:00,116194.17,116939.78,115972.22,116445.45,93041,2160,0
2025-08-08 20:00:00,116445.45,117002.03,116296.91,116672.4,89041,2160,0
2025-08-09 00:00:00,116672.39,116740.51,116317.92,116369.91,88361,2160,0
2025-08-09 04:00:00,116370.79,116990.58,116335.33,116729.25,89834,2160,0
2025-08-09 08:00:00,116729.28,117943.58,116717.22,117094.46,91884,2160,0
2025-08-09 12:00:00,117094.17,117226.79,116653.78,116859.11,90558,2160,0
2025-08-09 16:00:00,116853.86,116920.13,116484.35,116535.83,90060,2160,0
2025-08-09 20:00:00,116536.06,117019.84,116358.87,116431.39,88668,2160,0
2025-08-10 00:00:00,116431.47,118524.3,116410.74,118514.79,95477,2160,0
2025-08-10 04:00:00,118509.8,118763.08,117447.71,117787.87,94340,2160,0
2025-08-10 08:00:00,117789.4,118514.16,117586.67,118324.53,92533,2160,0
2025-08-10 12:00:00,118326.44,119152.47,118215.06,118820.05,95384,2160,0
2025-08-10 16:00:00,118819.71,118972.01,118441.11,118667.94,94116,2160,0
2025-08-10 20:00:00,118669.0,119358.53,118077.23,119294.9,86449,2160,0
2025-08-11 00:00:00,119295.37,122233.21,118981.53,121725.13,94538,2160,0
2025-08-11 04:00:00,121723.59,122346.93,121433.52,121515.32,96697,2160,0
2025-08-11 08:00:00,121515.1,121792.41,120203.31,120488.62,95978,2160,0
2025-08-11 12:00:00,120488.61,120606.49,119322.4,120311.94,97912,2160,0
2025-08-11 16:00:00,120312.02,120821.5,118542.08,119076.79,93898,2160,0
2025-08-11 20:00:00,119076.79,119225.93,118134.18,118720.65,91696,2160,0
2025-08-12 00:00:00,118720.34,119357.44,118620.29,118894.25,91379,2160,0
2025-08-12 04:00:00,118894.26,119211.5,118416.78,119027.81,90655,2160,0
2025-08-12 08:00:00,119027.99,119090.72,118166.78,118485.27,91176,2160,0
2025-08-12 12:00:00,118484.32,119978.02,118251.44,119930.38,90956,2160,0
2025-08-12 16:00:00,119930.37,120204.7,119181.53,119646.96,65288,2160,0
2025-08-12 20:00:00,119648.06,120319.17,119481.81,120118.39,62638,2160,0
2025-08-13 00:00:00,120118.39,120172.82,119053.61,119461.58,59921,2160,0
2025-08-13 04:00:00,119461.65,119832.08,118902.99,119576.68,54022,2160,0
2025-08-13 08:00:00,119576.68,120724.81,119442.44,120554.01,59104,2160,0
2025-08-13 12:00:00,120554.01,122232.6,120098.48,120937.33,77444,2160,0
2025-08-13 16:00:00,120937.33,122895.17,120931.72,122785.27,69665,2160,0
2025-08-13 20:00:00,122785.7,123749.62,122358.97,123353.79,66457,2160,0
2025-08-14 00:00:00,123354.37,124560.48,123291.71,123393.19,70618,2160,0
2025-08-14 04:00:00,123394.16,123474.59,121332.35,121764.3,70553,2160,0
2025-08-14 08:00:00,121764.34,122081.85,120728.0,121016.0,64844,2160,0
2025-08-14 12:00:00,121015.47,121207.96,117519.64,118282.21,94810,2160,0
2025-08-14 16:00:00,118281.61,118599.48,117183.52,118015.61,73909,2160,0
2025-08-14 20:00:00,118011.79,118609.68,117373.77,118371.06,60672,2160,0
2025-08-15 00:00:00,118371.02,119198.62,118103.92,119069.5,62333,2160,0
2025-08-15 04:00:00,119069.5,119313.38,118715.7,119033.82,62665,2160,0
2025-08-15 08:00:00,119033.19,119240.73,118667.78,119061.85,59793,2160,0
2025-08-15 12:00:00,119064.09,119202.04,116846.19,117315.82,80954,2160,0
2025-08-15 16:00:00,117315.68,117941.08,116832.15,116985.02,71426,2160,0
2025-08-15 20:00:00,116985.21,117834.57,116916.17,117404.77,56685,2160,0
2025-08-16 00:00:00,117404.49,117980.14,117295.29,117513.83,53361,2160,0
2025-08-16 04:00:00,117513.62,117981.03,117360.93,117676.96,51462,2160,0
2025-08-16 08:00:00,117676.96,117776.79,117196.7,117446.54,48755,2160,0
2025-08-16 12:00:00,117448.42,117899.35,117377.88,117751.47,50681,2160,0
2025-08-16 16:00:00,117751.15,117885.98,117693.08,117736.44,46787,2160,0
2025-08-16 20:00:00,117736.43,117780.26,117246.71,117447.65,44185,2160,0
2025-08-17 00:00:00,117445.82,117829.2,117237.82,117749.04,44235,2160,0
2025-08-17 04:00:00,117748.79,118307.64,117739.93,118074.6,42645,2160,0
2025-08-17 08:00:00,118074.19,118560.46,117987.8,118362.38,44773,2160,0
2025-08-17 12:00:00,118359.96,118631.79,118110.64,118285.5,45313,2160,0
2025-08-17 16:00:00,118286.92,118364.4,117352.37,117640.19,52269,2160,0
2025-08-17 20:00:00,117641.81,118066.45,117430.59,117475.48,50724,2160,0
2025-08-18 00:00:00,117474.83,117614.7,115047.63,115378.09,67799,2160,0
2025-08-18 04:00:00,115378.09,115800.14,114928.83,115274.48,64613,2160,0
2025-08-18 08:00:00,115274.24,115456.47,114681.0,115000.3,59936,2160,0
2025-08-18 12:00:00,114999.1,116239.96,114863.28,116186.55,68676,2160,0
2025-08-18 16:00:00,116187.12,116870.41,115877.57,116360.43,63870,2160,0
2025-08-18 20:00:00,116360.25,117038.34,116033.11,116286.49,55811,2160,0
2025-08-19 00:00:00,116286.23,116773.71,114836.29,114857.42,68003,2160,0
2025-08-19 04:00:00,114857.43,115516.92,114407.91,115014.03,62925,2160,0
2025-08-19 08:00:00,115014.52,115701.43,114823.91,115539.19,56955,2160,0
2025-08-19 12:00:00,115539.26,115919.86,113548.12,113790.77,71719,2160,0
2025-08-19 16:00:00,113793.86,113895.67,112728.74,113103.45,70350,2160,0
2025-08-19 20:00:00,113103.63,113570.48,112691.31,112856.19,62228,2160,0
2025-08-20 00:00:00,112854.71,113643.08,112543.26,113509.09,64197,2160,0
2025-08-20 04:00:00,113508.94,113850.55,113405.44,113490.38,57364,2160,0
2025-08-20 08:00:00,113490.46,114030.22,113034.1,113649.5,59708,2160,0
2025-08-20 12:00:00,113650.2,114326.2,112343.17,113349.01,81889,2160,0
2025-08-20 16:00:00,113350.55,114471.29,113243.82,114258.75,78211,2160,0
2025-08-20 20:00:00,114258.75,114631.39,113984.69,114271.66,62642,2160,0
2025-08-21 00:00:00,114271.67,114819.5,113882.33,113953.58,62116,2160,0
2025-08-21 04:00:00,113953.77,114029.12,113553.29,113875.9,58467,2160,0
2025-08-21 08:00:00,113875.73,113989.18,112939.2,113114.48,57856,2160,0
2025-08-21 12:00:00,113113.0,113971.32,112581.09,112772.85,77189,2160,0
2025-08-21 16:00:00,112772.92,112951.66,111950.85,112144.97,69799,2160,0
2025-08-21 20:00:00,112145.17,112834.37,112011.64,112471.35,59551,2160,0
2025-08-22 00:00:00,112470.12,113489.56,112283.75,112889.16,61413,2160,0
2025-08-22 04:00:00,112889.08,113352.01,112652.84,113053.27,57831,2160,0
2025-08-22 08:00:00,113053.38,113273.18,112134.19,112279.9,59792,2160,0
2025-08-22 12:00:00,112279.52,117307.4,111642.37,116368.71,94858,2160,0
2025-08-22 16:00:00,116371.13,117429.4,116085.52,116656.77,76618,2160,0
2025-08-22 20:00:00,116657.12,117177.99,116526.36,116893.96,63548,2160,0
2025-08-23 00:00:00,116894.29,116995.23,115397.95,115516.57,67398,2160,0
2025-08-23 04:00:00,115516.59,115987.41,115486.17,115751.93,62016,2160,0
2025-08-23 08:00:00,115752.28,115833.01,115174.27,115258.34,48547,2160,0
2025-08-23 12:00:00,115258.34,115439.16,114508.96,114781.5,61480,2160,0
2025-08-23 16:00:00,114781.35,115161.72,114636.39,115090.77,57848,2160,0
2025-08-23 20:00:00,115090.72,115385.36,114953.83,115375.24,60583,2160,0
2025-08-24 00:00:00,115375.26,115628.05,114885.7,114976.34,64338,2160,0
2025-08-24 04:00:00,114977.32,115244.9,114793.77,114842.08,60524,2160,0
2025-08-24 08:00:00,114842.99,115008.83,114546.01,114689.72,59400,2160,0
2025-08-24 12:00:00,114689.56,114836.19,114315.28,114370.8,66518,2160,0
2025-08-24 16:00:00,114370.67,114884.77,110532.66,112569.62,85726,2160,0
2025-08-24 20:00:00,112569.56,113685.25,111588.59,113476.01,84364,2160,0
2025-08-25 00:00:00,113475.01,113643.4,112112.79,112885.2,80017,2160,0
2025-08-25 04:00:00,112884.57,113037.35,111250.89,111483.02,79342,2160,0
2025-08-25 08:00:00,111481.96,111813.67,110878.28,111189.7,83243,2160,0
2025-08-25 12:00:00,111188.64,112574.25,110532.13,112186.33,91129,2160,0
2025-08-25 16:00:00,112186.33,112936.92,110630.45,110695.21,86983,2160,0
2025-08-25 20:00:00,110695.21,111085.07,109258.17,110129.49,96113,2160,0
2025-08-26 00:00:00,110128.93,110128.93,108674.52,109882.95,90841,2160,0
2025-08-26 04:00:00,109882.96,110566.17,109759.27,110298.24,80114,2160,0
2025-08-26 08:00:00,110298.23,110456.52,109555.98,109871.62,73176,2160,0
2025-08-26 12:00:00,109868.18,110814.77,109377.15,109655.17,91586,2160,0
2025-08-26 16:00:00,109656.69,111181.56,109426.01,111111.42,83900,2160,0
2025-08-26 20:00:00,111111.42,112401.58,110911.8,111785.46,77314,2160,0
2025-08-27 00:00:00,111785.47,111831.3,110919.99,111433.46,77526,2160,0
2025-08-27 04:00:00,111432.2,111746.82,110618.36,110730.76,73916,2160,0
2025-08-27 08:00:00,110730.73,111402.07,110348.99,111326.75,74500,2160,0
2025-08-27 12:00:00,111324.24,112651.12,111008.72,112022.23,90501,2160,0
2025-08-27 16:00:00,112021.72,112625.17,111547.32,112077.37,88213,2160,0
2025-08-27 20:00:00,112077.06,112456.05,110901.8,111244.67,86479,2160,0
2025-08-28 00:00:00,111244.63,112059.54,110849.75,112006.74,81362,2160,0
2025-08-28 04:00:00,112006.91,113373.59,111941.78,113126.37,76847,2160,0
2025-08-28 08:00:00,113126.02,113354.8,112816.79,112924.63,70993,2160,0
2025-08-28 12:00:00,112924.79,113488.6,112385.13,112676.36,87469,2160,0
2025-08-28 16:00:00,112677.29,113209.21,111883.13,111900.2,82647,2160,0
2025-08-28 20:00:00,111900.41,112580.7,111850.21,112568.76,74160,2160,0
2025-08-29 00:00:00,112568.65,112641.59,111295.53,111717.6,80939,2160,0
2025-08-29 04:00:00,111717.69,111869.54,109890.66,110012.97,78732,1121,0
2025-08-29 08:00:00,110014.44,110291.36,109401.6,110098.81,83862,2160,0
2025-08-29 12:00:00,110098.81,111545.83,108072.37,108393.66,100996,2160,0
2025-08-29 16:00:00,108393.62,108849.72,107907.56,108207.13,90581,2160,0
2025-08-29 20:00:00,108205.89,108556.96,107452.91,108380.14,79656,2160,0
2025-08-30 00:00:00,108380.2,108442.28,107327.15,108423.46,82373,2160,0
2025-08-30 04:00:00,108423.61,108673.43,108095.21,108512.47,74986,2160,0
2025-08-30 08:00:00,108512.39,108791.51,108391.77,108677.29,65675,2160,0
2025-08-30 12:00:00,108677.29,108933.54,108194.89,108864.88,73677,2160,0
2025-08-30 16:00:00,108862.91,108915.2,108614.26,108836.1,69448,2160,0
2025-08-30 20:00:00,108836.93,108847.94,108465.8,108812.76,68140,2160,0
2025-08-31 00:00:00,108812.82,109501.38,108799.66,109227.59,72463,2160,0
2025-08-31 04:00:00,109227.66,109245.67,108498.79,108718.77,64775,2160,0
2025-08-31 08:00:00,108718.9,109117.05,108300.8,108391.24,66611,2160,0
2025-08-31 12:00:00,108391.25,108851.76,108189.08,108793.78,71160,2160,0
2025-08-31 16:00:00,108793.7,109253.29,108541.87,108923.02,70925,2160,0
2025-08-31 20:00:00,108922.2,109240.17,108059.62,108255.07,68828,2160,0
2025-09-01 00:00:00,108255.1,108490.86,107384.62,107648.63,84994,2160,0
2025-09-01 04:00:00,107652.0,109441.66,107247.18,109431.94,81065,2160,0
2025-09-01 08:00:00,109431.94,109912.82,108161.51,108773.02,85175,2160,0
2025-09-01 12:00:00,108769.05,109528.4,108564.19,108780.65,89211,2160,0
2025-09-01 16:00:00,108780.71,109332.64,108392.29,109206.28,81694,2160,0
2025-09-01 20:00:00,109206.33,109446.23,107446.58,109226.45,83617,2160,0
2025-09-02 00:00:00,109226.39,110636.58,108876.3,110323.31,83143,2160,0
2025-09-02 04:00:00,110323.36,110629.98,109980.96,110240.15,75005,2160,0
2025-09-02 08:00:00,110240.0,110720.85,109563.55,109752.78,72756,2160,0
2025-09-02 12:00:00,109751.08,111798.18,108388.54,110853.29,100997,2160,0
2025-09-02 16:00:00,110846.81,111142.14,110168.94,110800.2,92393,2160,0
2025-09-02 20:00:00,110800.14,111557.91,110699.3,111235.77,76416,2160,0
2025-09-03 00:00:00,111234.74,111794.6,110880.91,111046.46,81662,2160,0
2025-09-03 04:00:00,111043.17,111168.76,110530.01,111095.75,71610,2160,0
2025-09-03 08:00:00,111095.37,111727.93,110887.66,111461.23,73409,2160,0
2025-09-03 12:00:00,111461.23,112526.03,111033.52,112239.23,92417,2160,0
2025-09-03 16:00:00,112238.5,112617.65,111684.95,112234.47,82171,2160,0
2025-09-03 20:00:00,112234.7,112301.93,111642.6,111752.62,70145,2160,0
2025-09-04 00:00:00,111752.61,112224.19,111160.22,111196.3,75593,2160,0
2025-09-04 04:00:00,111194.72,111362.16,110310.77,110483.9,72487,2160,0
2025-09-04 08:00:00,110483.66,111185.62,110432.68,110848.35,67609,2160,0
2025-09-04 12:00:00,110848.35,111150.38,109318.54,109501.18,88437,2160,0
2025-09-04 16:00:00,109494.26,110199.19,109343.33,109809.8,84162,2160,0
2025-09-04 20:00:00,109809.84,111765.99,109748.24,110720.81,72474,2160,0
2025-09-05 00:00:00,110720.81,111489.43,110429.91,111317.31,76201,2160,0
2025-09-05 04:00:00,111317.32,113004.64,111132.88,112948.61,75003,2160,0
2025-09-05 08:00:00,112948.38,113004.13,112123.55,112347.61,72244,2160,0
2025-09-05 12:00:00,112348.27,113398.82,110265.53,110717.25,104232,2160,0
2025-09-05 16:00:00,110716.77,111642.33,110192.36,111618.28,88047,2160,0
2025-09-05 20:00:00,111623.27,111716.63,110374.4,110673.29,73299,2160,0
2025-09-06 00:00:00,110673.46,111316.31,110549.49,111087.58,67828,2160,0
2025-09-06 04:00:00,111087.86,111088.08,110695.96,110839.04,51850,2160,0
2025-09-06 08:00:00,110838.57,110975.64,110664.49,110784.74,53831,2160,0
2025-09-06 12:00:00,110785.4,111019.73,110350.35,110401.65,61970,2160,0
2025-09-06 16:00:00,110401.55,110433.59,109940.05,110055.85,72237,2160,0
2025-09-06 20:00:00,110056.12,110311.46,110040.8,110217.31,59998,2160,0
2025-09-07 00:00:00,110216.81,110763.8,110195.05,110641.89,61329,2160,0
2025-09-07 04:00:00,110641.72,110934.59,110467.78,110770.46,55622,2160,0
2025-09-07 08:00:00,110770.94,111390.84,110713.25,111305.99,58218,2160,0
2025-09-07 12:00:00,111303.78,111421.03,111037.9,111319.92,60997,2160,0
2025-09-07 16:00:00,111319.7,111377.67,110857.2,111253.35,63417,1800,0
2025-09-07 20:00:00,111253.39,111616.41,110983.21,111124.18,66079,1800,0
2025-09-08 00:00:00,111123.02,111370.75,110593.79,111042.46,76026,1800,0
2025-09-08 04:00:00,111042.56,111610.84,110888.95,111278.1,65404,1800,0
2025-09-08 08:00:00,111278.1,112178.78,111232.18,112039.63,74744,1800,0
2025-09-08 12:00:00,112040.4,112939.92,111858.49,112639.51,84726,1800,0
2025-09-08 16:00:00,112639.6,112701.65,111982.92,112094.48,80942,1800,0
2025-09-08 20:00:00,112099.68,112527.52,111896.6,112076.7,68643,1800,0
2025-09-09 00:00:00,112076.63,112119.96,111092.77,111708.01,75067,1800,0
2025-09-09 04:00:00,111708.02,113283.9,111621.32,112985.89,74927,1800,0
2025-09-09 08:00:00,112989.27,113171.82,112391.07,112450.66,65241,1800,0
2025-09-09 12:00:00,112452.6,112967.97,110750.54,110879.49,88965,1800,0
2025-09-09 16:00:00,110879.51,111397.43,110774.95,111286.85,78417,1800,0
2025-09-09 20:00:00,111286.85,111736.11,111081.25,111539.4,69338,1800,0
2025-09-10 00:00:00,111539.41,111589.61,110907.35,111543.45,73633,1800,0
2025-09-10 04:00:00,111542.88,112586.41,111359.73,112538.81,70364,1800,0
2025-09-10 08:00:00,112535.94,112855.55,112096.61,112297.9,68917,1800,0
2025-09-10 12:00:00,112297.67,114349.91,112294.47,113883.5,93021,1800,0
2025-09-10 16:00:00,113883.5,114118.99,113171.25,113599.73,82703,1800,0
2025-09-10 20:00:00,113599.73,114075.91,113540.5,113972.14,69815,1800,0
2025-09-11 00:00:00,113972.55,114480.77,113685.27,114419.4,72059,1800,0
2025-09-11 04:00:00,114419.7,114501.26,113971.94,114108.56,71241,1800,0
2025-09-11 08:00:00,114108.61,114235.18,113785.2,114045.84,67129,1800,0
2025-09-11 12:00:00,114045.47,114764.15,113429.28,114195.1,95528,1800,0
2025-09-11 16:00:00,114194.79,114661.27,114110.88,114471.48,78543,1800,0
2025-09-11 20:00:00,114471.48,115545.5,114278.46,115523.25,69774,1800,0
2025-09-12 00:00:00,115523.24,116371.72,115082.46,115238.94,81924,1800,0
2025-09-12 04:00:00,115239.89,115718.8,115111.5,115143.57,72711,1800,0
2025-09-12 08:00:00,115143.02,115317.77,114903.58,114954.43,69166,1800,0
2025-09-12 12:00:00,114954.25,115524.56,114766.98,115164.39,83212,1800,0
2025-09-12 16:00:00,115164.39,116803.57,115071.85,116772.88,87456,1800,0
2025-09-12 20:00:00,116772.75,116772.75,115839.11,116112.95,77135,1800,0
2025-09-13 00:00:00,116113.02,116372.21,115641.21,116014.53,75798,1800,0
2025-09-13 04:00:00,116015.57,116022.55,115716.48,115842.17,62296,1800,0
2025-09-13 08:00:00,115842.1,116259.67,115830.25,116035.12,61968,1800,0
2025-09-13 12:00:00,116036.82,116137.7,115657.18,115828.17,71235,1800,0
2025-09-13 16:00:00,115828.02,115895.46,115167.74,115848.03,74664,1800,0
2025-09-13 20:00:00,115847.13,116050.76,115838.14,115967.33,63310,1800,0
2025-09-14 00:00:00,115967.52,116175.13,115682.98,115737.59,70693,1800,0
2025-09-14 04:00:00,115737.99,116007.47,115514.95,115855.37,61419,1800,0
2025-09-14 08:00:00,115855.72,116217.23,115798.29,115860.71,58641,1800,0
2025-09-14 12:00:00,115860.66,115940.98,115209.75,115270.52,74586,1800,0
2025-09-14 16:00:00,115271.02,115719.06,115234.05,115697.59,65226,1800,0
2025-09-14 20:00:00,115699.06,116142.85,115164.99,115315.7,67634,1800,0
2025-09-15 00:00:00,115316.68,115624.7,114865.28,115468.83,74075,1800,0
2025-09-15 04:00:00,115468.99,116806.83,115420.31,115859.58,78427,1800,0
2025-09-15 08:00:00,115858.9,115862.54,114665.15,115092.18,79628,1800,0
2025-09-15 12:00:00,115092.21,115124.67,114404.31,114869.22,86633,1800,0
2025-09-15 16:00:00,114866.56,115585.53,114607.18,115319.41,82996,1800,0
2025-09-15 20:00:00,115319.98,115643.17,115217.55,115385.39,72554,1800,0
2025-09-16 00:00:00,115385.71,115562.54,114961.59,115335.32,73967,1800,0
2025-09-16 04:00:00,115335.39,116039.92,114946.35,115868.97,73675,1800,0
2025-09-16 08:00:00,115866.57,116011.19,115215.67,115291.56,71535,1800,0
2025-09-16 12:00:00,115292.08,115942.61,114717.55,115936.93,83571,1800,0
2025-09-16 16:00:00,115936.46,116919.47,115618.77,116854.48,83918,1800,0
2025-09-16 20:00:00,116851.38,117009.28,116625.28,116824.78,68697,1800,0
2025-09-17 00:00:00,116824.55,117159.11,116407.33,116415.68,72112,1800,0
2025-09-17 04:00:00,116414.9,117342.37,116195.83,117209.76,72218,1800,0
2025-09-17 08:00:00,117209.62,117247.9,116267.78,116282.55,67394,1800,0
2025-09-17 12:00:00,116282.37,116555.89,115474.98,115902.7,80434,1800,0
2025-09-17 16:00:00,115902.69,116393.22,114727.71,115695.78,96501,1800,0
2025-09-17 20:00:00,115691.42,117035.8,115352.61,116481.96,76533,1800,0
2025-09-18 00:00:00,116481.88,117956.81,116109.02,117625.82,80242,1800,0
2025-09-18 04:00:00,117625.82,117800.03,116906.99,117109.34,72368,1800,0
2025-09-18 08:00:00,117109.28,117455.65,117027.7,117100.31,70363,1800,0
2025-09-18 12:00:00,117100.82,117904.26,117001.97,117630.39,85840,1800,0
2025-09-18 16:00:00,117631.01,117993.49,117228.86,117502.51,81925,1800,0
2025-09-18 20:00:00,117502.59,117713.44,116609.45,117113.91,70398,1800,0
2025-09-19 00:00:00,117113.46,117515.85,116904.61,117023.03,74734,1800,0
2025-09-19 04:00:00,117024.08,117171.08,116676.53,116954.71,72089,1800,0
2025-09-19 08:00:00,116954.43,117155.85,116345.1,116437.02,71946,1800,0
2025-09-19 12:00:00,116436.57,116578.53,115484.76,115930.36,91550,1800,0
2025-09-19 16:00:00,115931.05,116193.79,115137.12,115174.02,83710,1800,0
2025-09-19 20:00:00,115174.03,115722.41,115131.63,115685.37,69794,1800,0
2025-09-20 00:00:00,115687.36,115794.86,115464.88,115509.39,62355,1800,0
2025-09-20 04:00:00,115509.08,116053.39,115461.52,116017.43,56377,1800,0
2025-09-20 08:00:00,116017.41,116031.92,115710.61,115940.92,54388,1800,0
2025-09-20 12:00:00,115941.01,116193.34,115856.66,116053.4,60639,1800,0
2025-09-20 16:00:00,116052.76,116156.95,115758.23,115763.24,61538,1800,0
2025-09-20 20:00:00,115764.01,116018.5,115670.7,115740.27,55899,1800,0
2025-09-21 00:00:00,115740.0,115799.65,115496.35,115723.69,56213,1800,0
2025-09-21 04:00:00,115727.65,115896.61,115543.73,115888.38,53842,1800,0
2025-09-21 08:00:00,115892.29,115900.4,115385.77,115669.68,57343,1800,0
2025-09-21 12:00:00,115668.93,115818.65,115520.36,115590.84,59974,1800,0
2025-09-21 16:00:00,115590.87,115728.77,115262.94,115553.83,64182,1800,0
2025-09-21 20:00:00,115553.81,115620.87,115237.7,115286.65,63497,1800,0
2025-09-22 00:00:00,115286.65,115446.51,114187.3,114714.62,82655,1800,0
2025-09-22 04:00:00,114711.97,114725.75,111666.53,112583.02,83998,1800,0
2025-09-22 08:00:00,112594.8,113051.89,112247.62,112955.91,78291,1800,0
2025-09-22 12:00:00,112955.87,113541.2,112448.19,112901.31,88040,1800,0
2025-09-22 16:00:00,112901.41,112973.16,111980.94,112190.2,83674,1800,0
2025-09-22 20:00:00,112189.71,113049.13,112031.58,112735.02,73833,1800,0
2025-09-23 00:00:00,112734.31,112940.54,111547.91,112417.37,80383,1800,0
2025-09-23 04:00:00,112418.38,113196.44,111935.9,113154.07,76129,1800,0
2025-09-23 08:00:00,113154.01,113348.3,112730.4,113059.43,70491,1800,0
2025-09-23 12:00:00,113059.56,113373.21,112529.29,112928.85,83617,1800,0
2025-09-23 16:00:00,112928.89,113022.75,111550.43,111675.08,89070,1800,0
2025-09-23 20:00:00,111675.24,112263.37,111488.01,112026.27,73922,1800,0
2025-09-24 00:00:00,112026.48,112540.63,111702.95,111724.43,80225,1800,0
2025-09-24 04:00:00,111724.88,112813.11,111059.13,112625.11,73416,1800,0
2025-09-24 08:00:00,112624.74,113189.75,112424.58,113045.51,64667,1800,0
2025-09-24 12:00:00,113045.37,113948.95,112835.02,113405.3,80880,1800,0
2025-09-24 16:00:00,113404.27,114004.01,113194.02,113471.65,80009,1800,0
2025-09-24 20:00:00,113469.95,113695.68,113227.34,113350.68,70065,1800,0
2025-09-25 00:00:00,113351.07,113566.28,112227.25,112543.59,85568,1800,0
2025-09-25 04:00:00,112536.49,112639.27,111453.29,111774.28,83534,1800,0
2025-09-25 08:00:00,111773.84,112287.63,111293.76,111376.42,77360,1800,0
2025-09-25 12:00:00,111376.27,111772.31,110622.77,111637.28,96255,1800,0
2025-09-25 16:00:00,111637.23,111747.66,108644.83,109402.51,95470,1800,0
2025-09-25 20:00:00,109403.81,109732.86,108793.07,109029.43,82438,1800,0
2025-09-26 00:00:00,109029.43,109861.95,108837.1,109623.57,85475,1800,0
2025-09-26 04:00:00,109623.67,109688.83,108981.09,109398.91,77829,1800,0
2025-09-26 08:00:00,109400.59,109781.62,108663.46,109188.41,77060,1800,0
2025-09-26 12:00:00,109187.93,109846.69,108793.43,109080.05,94057,1800,0
2025-09-26 16:00:00,109080.47,110381.18,109067.16,109219.55,89143,1800,0
2025-09-26 20:00:00,109219.55,109751.32,109140.44,109691.29,69887,1800,0
2025-09-27 00:00:00,109690.95,109816.95,109362.28,109610.98,66911,1800,0
2025-09-27 04:00:00,109611.03,109808.26,109382.86,109457.12,56477,1800,0
2025-09-27 08:00:00,109457.1,109541.4,109115.04,109368.03,60715,1800,0
2025-09-27 12:00:00,109369.64,109538.62,109235.72,109435.18,62289,1800,0
2025-09-27 16:00:00,109435.01,109495.88,109282.09,109461.33,60371,1800,0
2025-09-27 20:00:00,109461.31,109749.71,109391.24,109673.79,57404,1800,0
2025-09-28 00:00:00,109673.88,109847.81,109371.88,109486.87,64533,1800,0
2025-09-28 04:00:00,109486.81,109590.77,109297.65,109555.71,49606,1800,0
2025-09-28 08:00:00,109556.12,109635.45,109280.74,109416.29,56422,1800,0
2025-09-28 12:00:00,109417.97,110077.84,109223.75,110077.84,65034,1800,0
2025-09-28 16:00:00,110073.62,110432.06,110019.37,110363.94,68307,1800,0
2025-09-28 20:00:00,110364.35,112389.75,110313.96,112208.46,75744,1800,0
2025-09-29 00:00:00,112207.52,112359.02,111593.64,111904.94,78016,1800,0
2025-09-29 04:00:00,111905.82,111943.67,111585.22,111899.43,67041,1800,0
2025-09-29 08:00:00,111899.76,112471.04,111899.19,112142.9,70965,1800,0
2025-09-29 12:00:00,112143.13,114315.44,111925.62,113873.52,90374,1800,0
2025-09-29 16:00:00,113873.41,114475.27,113506.59,114332.08,83285,1800,0
2025-09-29 20:00:00,114333.36,114495.1,114069.6,114364.36,70486,1800,0
2025-09-30 00:00:00,114368.4,114882.48,114106.89,114431.65,77049,1800,0
2025-09-30 04:00:00,114432.29,114437.0,113631.74,113767.04,68933,1800,0
2025-09-30 08:00:00,113767.22,113805.31,112699.34,113096.72,74334,1800,0
2025-09-30 12:00:00,113096.77,113733.57,112899.97,113141.01,89887,1800,0
2025-09-30 16:00:00,113140.94,114597.91,112801.68,114379.66,85242,1800,0
2025-09-30 20:00:00,114379.64,114794.43,113781.62,114066.23,71542,1800,0
2025-10-01 00:00:00,114065.86,114579.44,113970.35,114197.26,77836,1800,0
2025-10-01 04:00:00,114196.96,114768.58,114151.07,114563.61,75112,1800,0
2025-10-01 08:00:00,114563.72,116842.3,114505.68,116823.59,84725,1800,0
2025-10-01 12:00:00,116822.86,117754.6,116396.86,117489.66,91392,1800,0
2025-10-01 16:00:00,117491.58,118313.64,116774.78,117488.59,84094,1800,0
2025-10-01 20:00:00,117488.39,118726.78,117213.87,118654.06,75253,1800,0
2025-10-02 00:00:00,118654.06,119555.01,118434.64,118795.4,87088,1800,0
2025-10-02 04:00:00,118795.45,118989.24,118330.28,118566.25,74124,1800,0
2025-10-02 08:00:00,118566.25,118997.8,118416.02,118830.63,69515,1800,0
2025-10-02 12:00:00,118830.27,120013.89,118578.35,119996.04,90355,1800,0
2025-10-02 16:00:00,119996.44,121122.22,119430.73,120915.27,91219,1800,0
2025-10-02 20:00:00,120915.37,121023.61,120139.92,120622.55,75752,1800,0
2025-10-03 00:00:00,120622.01,120654.27,119908.3,120326.08,74322,1800,0
2025-10-03 04:00:00,120326.35,120420.11,119690.46,119737.01,67570,1800,0
2025-10-03 08:00:00,119736.78,120612.59,119322.93,120430.12,72435,1800,0
2025-10-03 12:00:00,120430.16,122512.57,119963.96,122372.56,89359,1800,0
2025-10-03 16:00:00,122373.23,124000.61,121533.9,122751.38,99869,1800,0
2025-10-03 20:00:00,122751.38,122838.42,122082.8,122324.58,72919,1800,0
2025-10-04 00:00:00,122324.68,122424.88,121759.71,122315.73,75097,1800,0
2025-10-04 04:00:00,122317.6,122911.26,122295.5,122392.16,39644,1800,0
2025-10-04 08:00:00,122394.19,122618.67,122022.66,122045.12,24622,1800,0
2025-10-04 12:00:00,122044.86,122583.71,121754.65,121863.9,27598,1800,0
2025-10-04 16:00:00,121867.57,122043.74,121557.63,122035.37,26137,1800,0
2025-10-04 20:00:00,122034.95,122482.66,121913.96,122452.04,23339,1800,0
2025-10-05 00:00:00,122450.94,124436.75,122192.7,123819.44,30869,1800,0
2025-10-05 04:00:00,123819.07,125882.56,123761.8,124747.61,35750,1800,0
2025-10-05 08:00:00,124747.37,124871.71,122522.37,123474.51,34440,1800,0
2025-10-05 12:00:00,123474.67,123479.86,122679.5,122837.2,28038,1800,0
2025-10-05 16:00:00,122836.89,123507.08,122303.76,122620.62,29383,1800,0
2025-10-05 20:00:00,122620.46,123564.05,122496.57,123521.42,25377,1800,0
2025-10-06 00:00:00,123520.21,124420.06,123105.0,123893.92,32959,1800,0
2025-10-06 04:00:00,123887.89,124214.78,123310.11,123424.72,27507,1800,0
2025-10-06 08:00:00,123425.2,124588.33,123422.63,124257.94,24474,1800,0
2025-10-06 12:00:00,124258.23,125476.13,124218.39,125067.03,18385,1800,0
2025-10-06 16:00:00,125067.41,126304.25,124858.65,125469.7,13775,1800,0
2025-10-06 20:00:00,125466.6,125618.5,124564.3,124713.7,8400,1800,0
2025-10-07 00:00:00,124716.95,125158.66,124161.91,124384.91,8465,1800,0
2025-10-07 04:00:00,124382.5,124735.25,123626.64,123747.29,8557,1800,0
2025-10-07 08:00:00,123742.06,124626.41,123386.08,124554.41,8428,1800,0
2025-10-07 12:00:00,124555.66,125249.61,121230.55,121898.79,25446,1800,0
2025-10-07 16:00:00,121896.82,122170.05,120630.09,121706.87,16685,1800,0
2025-10-07 20:00:00,121709.02,122366.92,121321.03,121392.99,8720,1800,0
2025-10-08 00:00:00,121398.36,122300.69,121234.3,121435.75,11063,1800,0
2025-10-08 04:00:00,121436.28,121967.17,121088.93,121642.15,9482,1800,0
2025-10-08 08:00:00,121642.28,123248.47,121541.72,122911.45,10768,1800,0
2025-10-08 12:00:00,122912.77,123396.19,121690.42,122216.87,18718,1800,0
2025-10-08 16:00:00,122215.45,124254.22,122132.06,123462.73,16170,1800,0
2025-10-08 20:00:00,123465.9,123751.81,122814.37,123324.34,6642,1800,0
2025-10-09 00:00:00,123332.76,123382.94,121481.66,122067.96,9520,1800,0
2025-10-09 04:00:00,122068.43,122298.09,121745.56,121943.99,6884,1800,0
2025-10-09 08:00:00,121946.72,122881.71,121158.11,122774.06,10477,1800,0
2025-10-09 12:00:00,122768.29,123821.78,120696.8,121187.51,21798,1800,0
2025-10-09 16:00:00,121190.73,121550.33,119708.63,121044.75,16907,1800,0
2025-10-09 20:00:00,121050.32,121847.17,120915.34,121687.51,6589,1800,0
2025-10-10 00:00:00,121689.81,121955.37,120963.22,121069.69,7416,1800,0
2025-10-10 04:00:00,121066.2,121805.07,120908.89,120985.2,7619,1800,0
2025-10-10 08:00:00,120989.12,121833.6,120963.0,121588.07,7390,1800,0
2025-10-10 12:00:00,121586.37,122572.91,118486.62,119063.94,31117,1800,0
2025-10-10 16:00:00,119063.26,119496.26,115944.96,116671.93,30254,1800,0
2025-10-10 20:00:00,116685.31,117220.78,103597.89,112952.33,183617,1800,0
2025-10-11 00:00:00,112950.35,113449.38,111152.43,112410.33,35082,2700,0
2025-10-11 04:00:00,112408.75,113099.11,110191.39,110501.26,19572,2700,0
2025-10-11 08:00:00,110501.11,112461.86,110258.94,112387.94,16695,1800,0
2025-10-11 12:00:00,112381.13,112632.35,111894.93,111908.3,11310,1800,0
2025-10-11 16:00:00,111903.13,112290.35,110967.36,111296.12,13156,1800,0
2025-10-11 20:00:00,111290.72,111484.66,109673.2,110766.41,22718,1800,0
2025-10-12 00:00:00,110773.49,111490.81,109685.8,110790.38,22847,1800,0
2025-10-12 04:00:00,110791.55,112255.53,110705.49,111619.6,10832,1800,0
2025-10-12 08:00:00,111619.72,112190.47,111190.57,111889.1,9436,1800,0
2025-10-12 12:00:00,111886.3,113800.67,111206.45,113246.93,28530,1800,0
2025-10-12 16:00:00,113249.89,114776.85,113249.89,114418.02,24196,1800,0
2025-10-12 20:00:00,114417.85,115865.0,114354.26,115061.83,20064,1800,0
2025-10-13 00:00:00,115061.7,116077.81,114714.49,114925.18,18134,1800,0
2025-10-13 04:00:00,114924.45,115628.17,114480.62,115480.61,12669,1800,0
2025-10-13 08:00:00,115475.77,115514.53,113744.42,114272.03,14027,1800,0
2025-10-13 12:00:00,114275.86,115642.01,113877.76,114412.12,31386,1800,0
2025-10-13 16:00:00,114413.56,115980.49,114294.6,115885.66,17591,1800,0
2025-10-13 20:00:00,115888.96,115990.94,115075.42,115267.31,7699,1800,0
2025-10-14 00:00:00,115267.44,115513.7,113335.86,113582.08,12011,1800,0
2025-10-14 04:00:00,113581.94,113753.38,111443.58,111792.77,22289,1800,0
2025-10-14 08:00:00,111789.42,112235.49,110113.87,111387.28,20732,1800,0
2025-10-14 12:00:00,111395.4,112967.31,109941.54,112946.98,33428,1800,0
2025-10-14 16:00:00,112941.36,113609.58,111749.62,112654.17,30157,1800,0
2025-10-14 20:00:00,112656.13,113626.63,112276.91,113080.82,10603,1800,0
2025-10-15 00:00:00,113077.51,113665.96,111856.04,112073.91,15915,1800,0
2025-10-15 04:00:00,112079.15,112743.42,111791.98,112639.94,12562,1800,0
2025-10-15 08:00:00,112637.03,113580.2,111768.69,111995.16,13790,1800,0
2025-10-15 12:00:00,111993.43,112321.5,110433.18,110862.93,29516,1800,0
2025-10-15 16:00:00,110861.96,111607.58,110199.17,111303.53,18425,1800,0
2025-10-15 20:00:00,111307.36,111616.32,110530.56,110795.66,14167,1800,0
2025-10-16 00:00:00,110794.93,111922.6,110392.52,111380.97,12143,1800,0
2025-10-16 04:00:00,111383.43,111812.43,110580.07,110601.22,11835,1800,0
2025-10-16 08:00:00,110599.89,111761.23,109520.4,111441.32,18423,1800,0
2025-10-16 12:00:00,111445.76,112035.52,109750.18,110778.68,21961,1800,0
2025-10-16 16:00:00,108313.83,108793.08,107710.25,108247.03,16779,1800,0
2025-10-16 20:00:00,108243.41,108533.11,107437.21,108197.28,13971,1800,0
2025-10-17 00:00:00,108192.38,109261.82,107945.42,109204.59,11112,1800,0
2025-10-17 04:00:00,109210.16,109267.66,105503.7,105615.57,22601,1800,0
2025-10-17 08:00:00,105616.89,106706.22,103506.14,105682.0,38158,1800,0
2025-10-17 12:00:00,105681.06,106858.08,104558.5,106798.98,37455,1800,0
2025-10-17 16:00:00,106804.94,107567.93,106080.11,106485.51,22499,1800,0
2025-10-17 20:00:00,106487.84,107471.02,106356.14,106470.03,8500,1800,0
2025-10-18 00:00:00,106469.91,107343.59,106354.33,107117.35,8339,1800,0
2025-10-18 04:00:00,107116.58,107545.05,106472.14,106743.35,7831,1800,0
2025-10-18 08:00:00,106740.64,107274.43,106641.85,107240.37,7008,1800,0
2025-10-18 12:00:00,107240.78,107343.88,106760.55,106985.11,7346,1800,0
2025-10-18 16:00:00,106984.53,107138.75,106498.23,107107.55,6114,1800,0
2025-10-18 20:00:00,107107.38,107382.12,106871.01,107205.49,5481,1800,0
2025-10-19 00:00:00,107204.87,107394.06,106762.01,107287.85,6163,1800,0
2025-10-19 04:00:00,107288.69,107314.77,106570.62,106803.67,5488,1800,0
2025-10-19 08:00:00,106803.78,108284.58,106115.23,107805.21,18944,1800,0
2025-10-19 12:00:00,107804.44,108656.7,107387.8,108514.8,11668,1800,0
2025-10-19 16:00:00,108514.24,109491.99,108273.73,108941.48,9630,1800,0
2025-10-19 20:00:00,108940.43,109412.43,108493.96,108681.26,7881,1800,0
2025-10-20 00:00:00,108677.15,110467.97,107460.46,110174.56,16591,1800,0
2025-10-20 04:00:00,110172.44,111438.81,109963.04,111201.87,13311,1800,0
2025-10-20 08:00:00,111198.16,111707.67,110646.08,111046.41,11186,1800,0
2025-10-20 12:00:00,111047.33,111737.57,110601.18,111175.06,16321,1800,0
2025-10-20 16:00:00,111178.33,111342.19,109876.49,110832.36,18432,1800,0
2025-10-20 20:00:00,110829.5,111306.28,110432.83,110567.14,7694,1800,0
2025-10-21 00:00:00,110567.26,110567.26,109087.73,109095.17,10755,1800,0
2025-10-21 04:00:00,109092.46,109092.46,107484.29,108099.81,17589,1800,0
2025-10-21 08:00:00,108100.32,108831.68,107509.04,108592.56,10211,1800,0
2025-10-21 12:00:00,108599.05,113606.85,107846.45,113480.2,34545,1800,0
2025-10-21 16:00:00,113475.65,114080.27,111373.79,111833.83,26080,1800,0
2025-10-21 20:00:00,111840.35,111868.8,108107.39,108358.15,22861,1800,0
2025-10-22 00:00:00,108350.03,108734.21,107879.81,108276.27,13250,1800,0
2025-10-22 04:00:00,108275.34,108695.45,107650.14,108367.67,9539,1800,0
2025-10-22 08:00:00,108367.51,108408.45,106639.24,107586.29,14080,1800,0
2025-10-22 12:00:00,107583.98,109197.26,107476.07,108416.13,30743,1800,0
2025-10-22 16:00:00,108412.84,108818.45,107462.2,107871.11,22271,1800,0
2025-10-22 20:00:00,107870.08,108074.64,106649.97,107578.19,16311,1800,0
2025-10-23 00:00:00,107580.84,108737.76,107504.09,108394.29,9388,1800,0
2025-10-23 04:00:00,108395.77,110354.48,108350.72,109282.04,11265,1800,0
2025-10-23 08:00:00,109278.5,109935.18,109106.4,109281.39,9369,1800,0
2025-10-23 12:00:00,109281.94,110151.21,108700.54,109941.14,20256,1800,0
2025-10-23 16:00:00,109927.91,111338.25,109660.37,110240.56,15470,1800,0
2025-10-23 20:00:00,110239.47,110242.27,109343.41,110099.42,8311,1800,0
2025-10-24 00:00:00,110104.19,110871.22,110020.48,110480.39,8252,1800,0
2025-10-24 04:00:00,110480.66,111578.68,110357.61,111092.77,9439,1800,0
2025-10-24 08:00:00,111090.66,111522.87,110610.09,111084.54,8675,1800,0
2025-10-24 12:00:00,111090.94,112151.58,109706.9,110063.24,24795,1800,0
2025-10-24 16:00:00,110066.28,110958.16,109801.82,110624.81,10026,1800,0
2025-10-24 20:00:00,110622.23,111166.03,110475.58,111031.02,5895,1800,0
2025-10-25 00:00:00,111030.82,111253.04,110682.18,111044.95,4853,1800,0
2025-10-25 04:00:00,111043.0,111841.27,111043.0,111505.66,4976,1800,0
2025-10-25 08:00:00,111508.6,111859.04,111386.51,111591.61,5645,1800,0
2025-10-25 12:00:00,111591.92,111963.55,111337.76,111410.75,6146,1800,0
2025-10-25 16:00:00,111410.89,111749.15,111171.15,111637.81,5064,1800,0
2025-10-25 20:00:00,111641.63,111700.85,111351.17,111654.22,4498,1800,0
2025-10-26 00:00:00,111654.58,111928.53,111261.07,111281.03,5622,1800,0
2025-10-26 04:00:00,111281.14,111737.44,111263.38,111728.36,3772,1800,0
2025-10-26 08:00:00,111728.46,113492.7,111719.28,113296.22,10200,1800,0
2025-10-26 12:00:00,113291.01,114048.18,113269.09,113685.78,11277,1800,0
2025-10-26 16:00:00,113687.0,113813.28,113274.0,113595.38,5324,1800,0
2025-10-26 20:00:00,113594.94,115549.61,112883.37,114553.11,14195,1800,0
2025-10-27 00:00:00,114552.83,115467.74,114354.73,114979.56,11158,1800,0
2025-10-27 04:00:00,114984.87,116411.9,114968.8,115558.85,9866,1800,0
2025-10-27 08:00:00,115559.1,115611.21,114813.77,115353.21,10464,1800,0
2025-10-27 12:00:00,115352.95,115438.47,114477.48,114968.73,15099,1800,0
2025-10-27 16:00:00,114968.53,115806.71,114770.75,114948.93,10360,1800,0
2025-10-27 20:00:00,114946.54,114946.54,113828.16,114101.78,9304,1800,0
2025-10-28 00:00:00,114101.66,114541.24,113561.67,113901.77,10140,1800,0
2025-10-28 04:00:00,113903.17,114362.4,113464.56,114173.41,8039,1800,0
2025-10-28 08:00:00,114171.65,114663.65,114098.3,114333.3,6247,1800,0
2025-10-28 12:00:00,114336.99,116104.14,114127.83,114618.03,17927,1800,0
2025-10-28 16:00:00,114621.1,115598.13,113544.63,113681.21,15202,1800,0
2025-10-28 20:00:00,113688.03,113695.66,112196.59,112897.58,16064,1800,0
2025-10-29 00:00:00,112897.7,112981.54,112081.93,112525.08,9748,1800,0
2025-10-29 04:00:00,112525.19,113590.35,112501.7,113575.09,8640,1800,0
2025-10-29 08:00:00,113588.95,113644.8,112731.92,113144.19,8483,1800,0
2025-10-29 12:00:00,113143.82,113670.2,111380.08,111505.54,16644,1800,0
2025-10-29 16:00:00,111509.84,112013.5,109112.6,110652.69,40908,1800,0
2025-10-29 20:00:00,110656.81,111809.76,109737.69,110034.13,11865,1800,0
2025-10-30 00:00:00,110034.24,111016.08,109715.68,110746.25,12038,1800,0
2025-10-30 04:00:00,110740.81,111610.6,107922.82,111351.1,27989,1800,0
2025-10-30 08:00:00,111362.04,111445.04,109681.63,109708.27,11145,1800,0
2025-10-30 12:00:00,109708.06,109783.41,107304.24,107708.71,31286,1800,0
2025-10-30 16:00:00,107710.11,108220.37,106237.63,106512.11,22492,1800,0
2025-10-30 20:00:00,106508.21,108335.65,106288.47,108294.84,14470,1800,0
2025-10-31 00:00:00,108296.56,110006.39,108258.57,109201.98,14604,1800,0
2025-10-31 04:00:00,109201.69,110213.28,109075.01,109396.84,10767,1800,0
2025-10-31 08:00:00,109403.88,110504.98,109150.61,110375.24,10931,1800,0
2025-10-31 12:00:00,110372.49,111098.36,109322.3,110141.83,22918,1800,0
2025-10-31 16:00:00,110140.34,110244.55,108562.31,109764.14,19898,1800,0
2025-10-31 20:00:00,109763.81,109769.88,109252.46,109550.17,6994,1800,0
2025-11-01 00:00:00,109549.08,110274.95,109336.18,110162.46,6208,1800,0
2025-11-01 04:00:00,110169.63,110519.42,109871.86,110011.13,6340,1800,0
2025-11-01 08:00:00,110019.88,110214.93,109775.04,110067.05,5068,1800,0
2025-11-01 12:00:00,110069.49,110291.69,109645.77,110257.07,6159,1800,0
2025-11-01 16:00:00,110248.63,110479.59,110135.42,110255.3,5284,1800,0
2025-11-01 20:00:00,110256.69,110489.05,109801.14,110042.56,5075,1800,0
2025-11-02 00:00:00,110042.15,110225.76,109842.75,110005.42,4759,1800,0
2025-11-02 04:00:00,110002.64,110993.71,109968.0,110857.64,7703,1800,0
2025-11-02 08:00:00,110866.37,111186.97,110318.42,111133.12,8144,1800,0
2025-11-02 12:00:00,111135.59,111195.91,110060.58,110104.69,10709,1800,0
2025-11-02 16:00:00,110104.32,110323.76,109713.16,110156.18,8065,1800,0
2025-11-02 20:00:00,110158.63,110729.49,109411.62,110522.04,8354,1800,0
2025-11-03 00:00:00,110523.69,110749.52,107895.45,107935.58,20305,1800,0
2025-11-03 04:00:00,107935.44,108118.14,106980.07,107444.14,17668,1800,0
2025-11-03 08:00:00,107439.24,107909.06,106715.74,107773.45,14880,1800,0
2025-11-03 12:00:00,107772.66,108303.83,105513.11,105727.84,30009,1800,0
2025-11-03 16:00:00,105729.68,107770.96,105296.94,107059.38,27919,1800,0
2025-11-03 20:00:00,107059.53,107141.7,105780.97,106559.86,18448,1800,0
2025-11-04 00:00:00,106560.45,107277.11,105821.37,107108.45,17337,1800,0
2025-11-04 04:00:00,107108.62,107260.59,104134.74,104452.76,28464,1800,0
2025-11-04 08:00:00,104451.98,104658.62,103537.54,104542.23,22256,1800,0
2025-11-04 12:00:00,104541.08,104805.48,102850.17,103155.26,32452,1800,0
2025-11-04 16:00:00,103154.17,103464.56,99937.37,100476.38,56604,1800,0
2025-11-04 20:00:00,100477.04,101855.07,98880.19,101458.41,49356,1800,0
2025-11-05 00:00:00,101469.72,102260.07,98931.63,102123.99,39950,1800,0
2025-11-05 04:00:00,102124.18,102356.55,101476.13,101987.56,16833,1800,0
2025-11-05 08:00:00,101980.44,102196.48,101170.68,102059.89,18112,1800,0
2025-11-05 12:00:00,102056.83,103789.86,101899.7,103704.66,27391,1800,0
2025-11-05 16:00:00,103707.77,104535.49,103037.69,103993.34,19158,1800,0
2025-11-05 20:00:00,103998.81,104535.91,103273.27,103875.5,12499,1800,0
2025-11-06 00:00:00,103865.38,103938.67,102709.41,103634.75,14744,1800,0
2025-11-06 04:00:00,103634.93,104201.05,102891.97,103171.1,12906,1800,0
2025-11-06 08:00:00,103167.93,103432.62,102630.36,103197.22,12726,1800,0
2025-11-06 12:00:00,103198.34,103578.6,101557.14,101963.69,31768,1800,0
2025-11-06 16:00:00,101966.99,102340.44,100210.33,101340.23,33881,1800,0
2025-11-06 20:00:00,101339.88,101596.44,100484.0,101293.01,17342,1800,0
2025-11-07 00:00:00,101298.17,102302.42,100687.27,101858.68,20972,1800,0
2025-11-07 04:00:00,101858.81,102466.7,101510.3,101964.48,10858,1800,0
2025-11-07 08:00:00,101958.08,102009.37,99733.0,100341.69,17530,1800,0
2025-11-07 12:00:00,100331.98,101196.05,99163.94,100715.04,38018,1800,0
2025-11-07 16:00:00,100717.65,103347.33,100426.05,103347.33,30981,1800,0
2025-11-07 20:00:00,103345.37,104054.55,102892.98,103283.51,13589,1800,0
2025-11-08 00:00:00,103283.19,103339.02,102463.64,102524.81,12498,1800,0
2025-11-08 04:00:00,102524.18,102780.65,101852.22,102287.06,10982,1800,0
2025-11-08 08:00:00,102287.21,102636.76,101656.76,101807.12,8774,1800,0
2025-11-08 12:00:00,101798.94,102149.21,101407.72,101686.88,11955,1800,0
2025-11-08 16:00:00,101685.67,102194.37,101484.04,101948.17,9292,1800,0
2025-11-08 20:00:00,101948.26,102453.95,101915.72,102282.32,5891,1800,0
2025-11-09 00:00:00,102282.85,102311.06,101319.2,101634.93,9315,1800,0
2025-11-09 04:00:00,101635.87,102102.82,101607.43,101919.76,7419,1800,0
2025-11-09 08:00:00,101918.11,102294.53,101487.81,102224.3,9031,1800,0
2025-11-09 12:00:00,102233.37,104202.86,102029.01,103733.14,17197,1800,0
2025-11-09 16:00:00,103732.08,104795.46,103297.98,104792.65,13111,1800,0
2025-11-09 20:00:00,104790.96,105455.82,104047.7,104689.19,14440,1800,0
2025-11-10 00:00:00,104686.19,106666.46,104225.62,106012.06,21290,1800,0
2025-11-10 04:00:00,106019.27,106526.62,105815.27,106436.51,10756,1800,0
2025-11-10 08:00:00,106436.39,106600.81,105796.83,106162.32,10156,1800,0
2025-11-10 12:00:00,106159.75,106585.87,104638.35,105054.18,21118,1800,0
2025-11-10 16:00:00,105053.7,106066.68,104753.51,105797.88,16453,1800,0
2025-11-10 20:00:00,105796.69,106265.87,105217.23,105976.68,12055,1800,0
2025-11-11 00:00:00,105978.78,107474.23,105458.07,106427.86,21429,1800,0
2025-11-11 04:00:00,106432.15,106520.81,104709.93,104760.95,13332,1800,0
2025-11-11 08:00:00,104762.19,105494.36,104736.01,105286.77,10974,1800,0
2025-11-11 12:00:00,105288.75,105487.26,103150.55,103437.0,21937,1800,0
2025-11-11 16:00:00,103455.93,103710.38,102791.77,103102.45,17635,1800,0
2025-11-11 20:00:00,103102.57,103195.6,102430.52,103009.95,13663,1800,0
2025-11-12 00:00:00,103012.77,103406.72,102630.9,103275.6,13008,1800,0
2025-11-12 04:00:00,103270.82,103633.25,102973.93,103103.47,7801,1800,0
2025-11-12 08:00:00,103103.02,105197.03,103103.02,105014.41,14419,1800,0
2025-11-12 12:00:00,105015.03,105320.86,101936.27,102149.69,24347,1800,0
2025-11-12 16:00:00,102151.91,102273.41,100735.13,101272.39,26080,1800,0
2025-11-12 20:00:00,101272.96,101983.93,101108.58,101635.61,11176,1800,0
2025-11-13 00:00:00,101634.23,102598.67,100889.12,102108.79,18625,1800,0
2025-11-13 04:00:00,102104.91,104037.13,101625.81,103439.97,18601,1800,0
2025-11-13 08:00:00,103438.21,103782.05,102532.89,102901.58,13610,1800,0
2025-11-13 12:00:00,102899.72,103453.19,101142.49,101352.48,32166,1800,0
2025-11-13 16:00:00,101350.71,101508.72,98071.48,98620.72,38316,1800,0
2025-11-13 20:00:00,98623.04,100449.47,97922.67,99618.59,25012,1800,0
2025-11-14 00:00:00,99613.83,99835.84,98641.1,99090.47,23540,1800,0
2025-11-14 04:00:00,99093.77,99141.55,95847.03,97087.19,40687,1800,0
2025-11-14 08:00:00,97087.21,97492.79,95601.54,96111.3,23634,1800,0
2025-11-14 12:00:00,96106.83,97233.97,94480.42,96721.2,56038,1800,0
2025-11-14 16:00:00,96724.28,97343.31,94723.9,95696.4,32375,1800,0
2025-11-14 20:00:00,95696.9,95868.65,93910.56,94502.86,25080,1800,0
2025-11-15 00:00:00,94496.62,96742.85,94475.9,96340.26,18671,1800,0
2025-11-15 04:00:00,96339.7,96524.4,95859.02,96261.52,9734,1800,0
2025-11-15 08:00:00,96261.22,96288.26,95546.07,95622.98,11026,1800,0
2025-11-15 12:00:00,95565.7,96422.82,95492.33,96209.84,11184,1800,0
2025-11-15 16:00:00,96209.73,96335.22,95656.04,95943.14,10566,1800,0
2025-11-15 20:00:00,95943.36,95954.03,95040.22,95536.09,9474,1800,0
2025-11-16 00:00:00,95539.48,95909.01,94782.21,95747.94,12379,1800,0
2025-11-16 04:00:00,95746.11,96130.32,95567.0,96014.84,6630,1800,0
2025-11-16 08:00:00,96016.39,96550.82,95421.7,95568.11,10745,1800,0
2025-11-16 12:00:00,95565.56,95842.27,94293.15,94506.99,13681,1800,0
2025-11-16 16:00:00,94511.82,95512.66,93674.57,93973.77,30600,1800,0
2025-11-16 20:00:00,93974.3,94687.67,92906.24,94175.62,27920,1800,0
2025-11-17 00:00:00,94173.84,95498.03,93697.25,95426.41,20702,1800,0
2025-11-17 04:00:00,95435.07,95809.5,94813.33,95556.15,12164,1800,0
2025-11-17 08:00:00,95565.8,95951.27,95229.69,95488.59,10878,1800,0
2025-11-17 12:00:00,95487.48,95954.86,93477.1,93871.68,42582,1800,0
2025-11-17 16:00:00,93873.35,94331.08,91461.51,91567.48,41694,1800,0
2025-11-17 20:00:00,91563.17,92295.45,91156.92,92101.54,23451,1800,0
2025-11-18 00:00:00,92101.48,92242.95,89583.99,90730.54,35383,1800,0
2025-11-18 04:00:00,90728.83,90758.89,89061.76,90392.17,27760,1800,0
2025-11-18 08:00:00,90391.24,91504.48,90389.58,91407.31,17853,1800,0
2025-11-18 12:00:00,91407.22,92950.17,90821.05,92828.74,39230,1800,0
2025-11-18 16:00:00,92824.38,93767.07,92497.29,93122.55,25947,1800,0
2025-11-18 20:00:00,93125.96,93379.63,92402.02,92910.28,12631,1800,0
2025-11-19 00:00:00,92911.2,92932.19,91578.81,91815.05,19145,1800,0
2025-11-19 04:00:00,91812.68,91955.9,89952.07,91798.26,19683,1800,0
2025-11-19 08:00:00,91799.58,91893.79,91015.9,91338.47,12410,1800,0
2025-11-19 12:00:00,91338.35,92333.29,89795.2,89877.64,29657,1800,0
2025-11-19 16:00:00,89874.73,90164.29,88518.39,88783.67,31450,1800,0
2025-11-19 20:00:00,88784.52,91503.03,88484.73,91460.45,24021,1800,0
2025-11-20 00:00:00,91449.88,92719.35,91092.09,92356.56,16484,1800,0
2025-11-20 04:00:00,92359.37,93076.04,91590.87,92224.56,13142,1800,0
2025-11-20 08:00:00,92224.67,92311.99,91339.39,91841.41,11692,1800,0
2025-11-20 12:00:00,91838.52,92438.25,89728.66,89758.95,37988,1800,0
2025-11-20 16:00:00,89759.35,89810.54,85986.49,86795.6,64761,1800,0
2025-11-20 20:00:00,86792.6,88144.54,86209.29,86522.43,25380,1800,0
2025-11-21 00:00:00,86525.4,87395.88,85236.17,85714.61,33914,1800,0
2025-11-21 04:00:00,85714.08,86248.72,81156.8,83917.3,40284,1800,0
2025-11-21 08:00:00,83917.61,84586.58,81531.34,82201.98,49055,1800,0
2025-11-21 12:00:00,82205.68,85406.35,80535.75,82848.39,78126,1800,0
2025-11-21 16:00:00,82844.77,85491.66,82233.3,84137.89,56053,1800,0
2025-11-21 20:00:00,84135.54,85354.91,83382.66,85060.75,26647,1800,0
2025-11-22 00:00:00,85064.54,85565.94,84138.82,84374.21,17917,1800,0
2025-11-22 04:00:00,84381.98,84735.42,83759.75,84512.98,14495,1800,0
2025-11-22 08:00:00,84514.33,84525.81,83422.48,84031.98,16135,1800,0
2025-11-22 12:00:00,84032.58,84694.16,83562.52,84214.24,16702,1800,0
2025-11-22 16:00:00,84215.77,84846.61,84153.49,84550.62,10947,1800,0
2025-11-22 20:00:00,84550.48,85211.26,84175.2,84680.59,11532,1800,0
2025-11-23 00:00:00,84677.17,86298.07,84613.69,86252.5,17538,1800,0
2025-11-23 04:00:00,86254.41,86818.0,85396.66,85725.56,11617,1800,0
2025-11-23 08:00:00,85728.81,86430.92,85711.76,86294.04,11666,1800,0
2025-11-23 12:00:00,86283.78,87213.5,86218.77,87034.32,17018,1800,0
2025-11-23 16:00:00,87033.68,87651.95,86455.59,87297.02,15968,1800,0
2025-11-23 20:00:00,87297.58,88117.39,86698.35,86804.61,16287,1800,0
2025-11-24 00:00:00,86805.69,88013.69,85898.85,87412.19,26096,1800,0
2025-11-24 04:00:00,87413.89,87793.26,86400.99,87006.21,19981,1800,0
2025-11-24 08:00:00,87004.14,87004.14,85637.47,86214.77,17432,1800,0
2025-11-24 12:00:00,86216.02,86685.97,85213.02,86563.68,30671,1800,0
2025-11-24 16:00:00,86562.12,88823.75,86562.12,88304.02,22557,1800,0
2025-11-24 20:00:00,88303.26,89217.15,88215.01,88264.91,11441,1800,0
2025-11-25 00:00:00,88264.15,88264.15,87422.29,87782.27,13084,1800,0
2025-11-25 04:00:00,87773.19,88484.3,87306.58,87369.03,9755,1800,0
2025-11-25 08:00:00,87378.67,87600.35,86643.31,87332.12,10812,1800,0
2025-11-25 12:00:00,87333.33,87757.21,86056.69,86951.44,23597,1800,0
2025-11-25 16:00:00,86950.73,88102.06,86125.75,86827.72,19455,1800,0
2025-11-25 20:00:00,86836.64,87862.6,86542.61,87326.18,13783,1800,0
2025-11-26 00:00:00,87328.46,88195.95,87032.23,87093.09,12595,1800,0
2025-11-26 04:00:00,87092.97,87940.54,86861.71,87896.4,9453,1800,0
2025-11-26 08:00:00,87899.84,87907.27,86633.45,87065.23,9110,1800,0
2025-11-26 12:00:00,87063.53,87666.66,86277.75,86944.31,19598,1800,0
2025-11-26 16:00:00,86945.2,90399.02,86931.1,89952.47,22250,1800,0
2025-11-26 20:00:00,89943.42,90625.8,89490.75,90475.12,11597,1800,0
2025-11-27 00:00:00,90473.84,91885.81,90057.77,91079.12,14615,1800,0
2025-11-27 04:00:00,91078.95,91540.67,90877.16,91395.84,9905,1800,0
2025-11-27 08:00:00,91396.15,91944.46,91205.9,91368.34,8292,1800,0
2025-11-27 12:00:00,91367.23,91445.23,90426.23,90944.38,11707,1800,0
2025-11-27 16:00:00,90940.64,91834.44,90830.47,91520.25,10671,1800,0
2025-11-27 20:00:00,91521.39,91593.15,91091.46,91321.41,7790,1800,0
2025-11-28 00:00:00,91314.66,91403.64,90639.46,91190.5,9918,1800,0
2025-11-28 04:00:00,91194.44,91704.89,90836.04,90885.2,7900,1800,0
2025-11-28 08:00:00,90883.02,92021.53,90879.42,91422.16,12474,1800,0
2025-11-28 12:00:00,91421.62,93116.1,91360.41,92361.41,20005,1800,0
2025-11-28 16:00:00,92363.66,92391.99,90213.2,91157.39,19780,1800,0
2025-11-28 20:00:00,91156.06,91271.66,90717.48,90911.65,7854,1800,0
2025-11-29 00:00:00,90908.33,91136.25,90551.87,90686.34,6238,1800,0
2025-11-29 04:00:00,90685.71,90935.78,90317.18,90576.9,6257,1800,0
2025-11-29 08:00:00,90578.43,90747.67,90392.11,90691.1,6034,1800,0
2025-11-29 12:00:00,90694.39,91134.42,90548.74,91087.01,6344,1800,0
2025-11-29 16:00:00,91092.74,91188.56,90173.3,90668.9,8753,1800,0
2025-11-29 20:00:00,90668.97,91077.65,90429.63,90827.79,6683,1800,0
2025-11-30 00:00:00,90827.85,91072.12,90481.24,90926.87,5614,1800,0
2025-11-30 04:00:00,90927.66,91058.29,90687.27,90983.91,5094,1800,0
2025-11-30 08:00:00,90981.88,91641.96,90946.35,91060.59,8207,1800,0
2025-11-30 12:00:00,91062.77,91972.24,91014.19,91452.32,9057,1800,0
2025-11-30 16:00:00,91452.61,91856.75,91145.26,91462.41,6765,1800,0
2025-11-30 20:00:00,91462.64,91626.5,90348.7,90371.36,9025,1800,0
2025-12-01 00:00:00,90370.03,90431.81,86161.65,86352.02,39113,1800,0
2025-12-01 04:00:00,86353.89,86571.48,85603.24,86535.26,15101,1800,0
2025-12-01 08:00:00,86531.32,86931.57,86115.25,86122.54,10648,1800,0
2025-12-01 12:00:00,86124.2,86658.78,83794.86,84669.39,35143,1800,0
2025-12-01 16:00:00,84670.73,85561.62,84021.04,85019.07,26881,1800,0
2025-12-01 20:00:00,85015.3,86876.83,84991.49,86280.01,18144,1800,0
2025-12-02 00:00:00,86278.51,87371.28,86181.97,86969.29,17403,1800,0
2025-12-02 04:00:00,86968.19,87277.79,86811.37,87008.75,10162,1800,0
2025-12-02 08:00:00,87006.07,87612.85,86348.09,87375.55,12302,1800,0
2025-12-02 12:00:00,87375.42,91221.61,87042.87,90852.48,31609,1800,0
2025-12-02 16:00:00,90858.26,92336.98,90212.19,91922.51,26334,1800,0
2025-12-02 20:00:00,91919.37,92040.42,90745.14,91308.83,14399,1800,0
2025-12-03 00:00:00,91309.47,93104.39,91014.71,92641.37,20764,1800,0
2025-12-03 04:00:00,92639.16,93979.42,92628.74,93019.8,20036,1800,0
2025-12-03 08:00:00,93021.63,93400.22,92669.52,93020.77,13818,1800,0
2025-12-03 12:00:00,93020.9,93713.05,91725.93,92391.72,35467,1800,0
2025-12-03 16:00:00,92392.09,93525.4,91785.34,93038.21,21432,1800,0
2025-12-03 20:00:00,93040.73,94218.46,92832.46,93453.55,16424,1800,0
2025-12-04 00:00:00,93450.66,94089.29,92681.74,93550.26,16542,1800,0
2025-12-04 04:00:00,93542.04,93597.64,92783.18,93401.84,10137,1800,0
2025-12-04 08:00:00,93407.33,93643.76,92731.84,92956.81,10887,1800,0
2025-12-04 12:00:00,92958.93,93285.54,91809.35,92992.28,24153,1800,0
2025-12-04 16:00:00,92991.5,93202.14,90886.5,91992.4,25351,1800,0
2025-12-04 20:00:00,91990.36,92742.38,91696.63,92092.66,13319,1800,0
2025-12-05 00:00:00,92093.52,92728.17,91980.47,92170.26,9432,1800,0
2025-12-05 04:00:00,92166.04,92519.47,91811.71,92279.38,8381,1800,0
2025-12-05 08:00:00,92283.65,92283.65,91004.08,91375.69,12186,1800,0
2025-12-05 12:00:00,91373.15,91499.9,89907.43,90471.76,28435,1800,0
2025-12-05 16:00:00,90471.57,90528.79,88050.58,89663.69,36394,1800,0
2025-12-05 20:00:00,89651.95,89771.55,88908.63,89335.05,11538,1800,0
2025-12-06 00:00:00,89335.46,89814.0,89044.45,89688.18,8413,1800,0
2025-12-06 04:00:00,89690.67,89779.94,89465.06,89612.23,5636,1800,0
2025-12-06 08:00:00,89612.28,89737.46,89222.2,89645.49,7314,1800,0
2025-12-06 12:00:00,89642.06,90313.74,89485.88,89775.4,8754,1800,0
2025-12-06 16:00:00,89775.32,89993.57,89256.46,89428.79,7982,1800,0
2025-12-06 20:00:00,89429.91,89640.2,88914.91,89232.2,7694,1800,0
2025-12-07 00:00:00,89258.79,89757.4,89175.61,89731.67,7075,1800,0
2025-12-07 04:00:00,89733.32,89805.62,89199.9,89387.05,5942,1800,0
2025-12-07 08:00:00,89390.56,89539.18,89059.22,89158.43,6745,1800,0
2025-12-07 12:00:00,89158.42,89736.26,87730.22,89549.96,20741,1800,0
2025-12-07 16:00:00,89546.99,91780.64,89107.23,91436.16,21024,1800,0
2025-12-07 20:00:00,91435.08,91523.98,88939.02,90396.02,20740,1800,0
2025-12-08 00:00:00,90395.57,91706.38,89843.99,91077.09,17451,1800,0
2025-12-08 04:00:00,91081.62,91887.54,91012.25,91570.81,10429,1800,0
2025-12-08 08:00:00,91573.9,92301.93,91475.05,91967.04,11099,1800,0
2025-12-08 12:00:00,91973.51,92149.77,89600.2,89955.14,27050,1800,0
2025-12-08 16:00:00,89953.28,90524.13,89660.02,90129.94,24069,1800,0
2025-12-08 20:00:00,90134.58,91396.13,90134.29,90663.31,13845,1800,0
2025-12-09 00:00:00,90663.2,90863.91,89810.67,90417.53,12788,1800,0
2025-12-09 04:00:00,90416.95,90527.76,89463.44,90488.97,10340,1800,0
2025-12-09 08:00:00,90495.03,90622.89,89905.19,90393.37,9778,1800,0
2025-12-09 12:00:00,90396.65,92899.06,89999.84,92713.5,26756,1800,0
2025-12-09 16:00:00,92701.73,94605.9,92683.49,93821.72,28619,1800,0
2025-12-09 20:00:00,93817.26,93866.77,92251.75,92688.76,17595,1800,0
2025-12-10 00:00:00,92688.84,92799.02,91965.99,92416.36,10994,1800,0
2025-12-10 04:00:00,92418.27,92803.86,92388.49,92796.29,7730,1800,0
2025-12-10 08:00:00,92797.06,93279.18,91761.34,92125.07,12760,1800,0
2025-12-10 12:00:00,92125.45,92240.42,91565.29,92065.97,18140,1800,0
2025-12-10 16:00:00,92069.67,93271.56,91666.62,92982.66,35549,1800,0
2025-12-10 20:00:00,92985.97,94506.27,91883.48,92030.97,29752,1800,0
2025-12-11 00:00:00,92026.33,92104.1,89403.73,89887.89,24491,1800,0
2025-12-11 04:00:00,89887.24,90510.1,89695.22,90285.84,11025,1800,0
2025-12-11 08:00:00,90285.24,90528.88,89978.27,90248.21,8274,1800,0
2025-12-11 12:00:00,90248.56,90664.27,89253.34,89879.93,22334,1800,0
2025-12-11 16:00:00,89878.18,91558.36,89319.72,90853.97,23625,1800,0
2025-12-11 20:00:00,90853.99,93595.61,90798.46,92544.84,23808,1800,0
2025-12-12 00:00:00,92541.76,92781.82,91465.17,92304.67,14128,1800,0
2025-12-12 04:00:00,92301.04,92744.29,92075.16,92441.32,7622,1800,0
2025-12-12 08:00:00,92440.75,92647.07,92086.23,92432.55,7819,1800,0
2025-12-12 12:00:00,92425.64,92690.15,89767.09,89942.34,24378,1800,0
2025-12-12 16:00:00,89931.69,90683.91,89471.64,90196.35,29038,1800,0
2025-12-12 20:00:00,90197.78,90402.55,89886.95,90280.68,9085,1800,0
2025-12-13 00:00:00,90282.05,90475.09,90113.49,90348.27,4305,1800,0
2025-12-13 04:00:00,90349.86,90424.78,90264.51,90342.34,3300,1800,0
2025-12-13 08:00:00,90345.64,90653.98,90291.88,90359.68,5403,1800,0
2025-12-13 12:00:00,90361.66,90494.69,89927.93,90107.72,6287,1800,0
2025-12-13 16:00:00,90111.27,90286.38,89986.21,90193.25,4796,1800,0
2025-12-13 20:00:00,90207.75,90303.86,89756.45,90256.34,6031,1800,0
2025-12-14 00:00:00,90250.22,90495.75,90130.92,90273.72,5056,1800,0
2025-12-14 04:00:00,90274.66,90353.23,90050.89,90265.57,4151,1800,0
2025-12-14 08:00:00,90258.74,90304.26,88586.29,89367.79,11365,1800,0
2025-12-14 12:00:00,89361.92,89682.67,88867.43,89020.85,13331,1800,0
2025-12-14 16:00:00,89025.31,89410.73,88495.09,88645.46,12669,1800,0
2025-12-14 20:00:00,88644.82,88834.87,87561.12,88173.19,15558,1800,0
2025-12-15 00:00:00,88165.21,90021.61,88059.14,89287.85,17723,1800,0
2025-12-15 04:00:00,89289.77,89923.9,89273.27,89743.18,9096,1800,0
2025-12-15 08:00:00,89746.65,89990.6,89572.13,89652.47,8218,1800,0
2025-12-15 12:00:00,89652.33,89879.55,86600.43,87031.77,33361,1800,0
2025-12-15 16:00:00,87034.56,87217.04,85096.49,86133.83,34536,1800,0
2025-12-15 20:00:00,86132.14,86451.95,85494.3,86406.54,15162,1800,0
2025-12-16 00:00:00,86416.47,86504.04,85356.42,85852.01,14507,1800,0
2025-12-16 04:00:00,85851.07,86602.51,85245.07,85995.47,11195,1800,0
2025-12-16 08:00:00,85996.45,87317.47,85894.15,87237.77,12722,1800,0
2025-12-16 12:00:00,87235.43,88145.47,86067.61,87953.8,39078,1800,0
2025-12-16 16:00:00,87950.68,88035.66,87034.13,87555.68,22304,1800,0
2025-12-16 20:00:00,87555.49,87922.68,87313.3,87842.12,9908,1800,0
2025-12-17 00:00:00,87838.75,87935.48,87116.27,87190.11,10188,1800,0
2025-12-17 04:00:00,87191.7,87366.61,86180.92,87015.38,12879,1800,0
2025-12-17 08:00:00,87016.34,87106.36,86195.55,86956.06,11156,1800,0
2025-12-17 12:00:00,86957.95,90360.87,86770.33,87214.89,46331,1800,0
2025-12-17 16:00:00,87203.78,87738.38,85265.35,85982.68,41659,1800,0
2025-12-17 20:00:00,85982.57,86408.36,85621.95,86199.4,13125,1800,0
2025-12-18 00:00:00,86199.49,86846.94,85817.86,86573.75,13228,1800,0
2025-12-18 04:00:00,86578.04,86859.28,86329.74,86782.99,8528,1800,0
2025-12-18 08:00:00,86781.82,87415.47,86636.85,87235.3,10434,1800,0
2025-12-18 12:00:00,87253.89,89437.49,87066.56,88456.97,43666,1800,0
2025-12-18 16:00:00,88456.78,88482.52,84425.64,84428.57,45220,1800,0
2025-12-18 20:00:00,84429.96,85798.09,84393.35,85442.47,21622,1800,0
2025-12-19 00:00:00,85442.62,87523.2,85048.98,86841.69,21596,1800,0
2025-12-19 04:00:00,86838.88,88335.84,86611.27,87893.92,17416,1800,0
2025-12-19 08:00:00,87894.05,88329.16,87667.68,88155.35,12970,1800,0
2025-12-19 12:00:00,88156.1,89358.98,87449.17,87906.21,31052,1800,0
2025-12-19 16:00:00,87903.91,88843.73,86773.98,87781.53,25536,1800,0
2025-12-19 20:00:00,87771.22,88376.61,87534.67,88091.54,12118,1800,0
2025-12-20 00:00:00,88092.02,88296.48,87909.76,88165.98,6263,1800,0
2025-12-20 04:00:00,88167.37,88546.62,88072.25,88228.34,5826,1800,0
2025-12-20 08:00:00,88228.45,88388.66,88049.08,88234.37,6204,1800,0
2025-12-20 12:00:00,88233.73,88310.41,87753.01,88132.74,7461,1800,0
2025-12-20 16:00:00,88133.92,88383.82,88051.13,88187.37,4912,1800,0
2025-12-20 20:00:00,88184.78,88423.77,88111.42,88316.14,5498,1800,0
2025-12-21 00:00:00,88316.33,88398.24,87823.76,88040.83,6328,1800,0
2025-12-21 04:00:00,88042.43,88182.59,88006.42,88140.54,4817,1800,0
2025-12-21 08:00:00,88140.44,89047.97,88098.69,88567.23,10425,1800,0
2025-12-21 12:00:00,88566.75,88887.78,87547.34,88042.2,16887,1800,0
2025-12-21 16:00:00,88036.38,88597.59,87908.76,88455.45,8784,1800,0
2025-12-21 20:00:00,88455.36,88793.58,88060.35,88631.2,8385,1800,0
2025-12-22 00:00:00,88638.55,89596.63,87861.23,88734.91,21599,1800,0
2025-12-22 04:00:00,88736.65,89180.54,88670.13,89127.31,9949,1800,0
2025-12-22 08:00:00,89125.74,90086.6,89050.85,89899.24,14336,1800,0
2025-12-22 12:00:00,89900.2,90573.04,89129.42,89701.25,28242,1800,0
2025-12-22 16:00:00,89704.18,90097.19,87906.49,88007.02,18330,1800,0
2025-12-22 20:00:00,88005.52,88799.4,87858.85,88559.98,11842,1800,0
2025-12-23 00:00:00,88563.4,88889.07,87720.9,88122.38,12135,1800,0
2025-12-23 04:00:00,88108.89,88321.08,86959.91,87507.64,13305,1800,0
2025-12-23 08:00:00,87508.03,87831.79,87223.92,87802.12,8038,1800,0
2025-12-23 12:00:00,87802.55,87908.99,86527.87,87389.27,20995,1800,0
2025-12-23 16:00:00,87387.32,88240.49,87101.56,87691.74,18651,1800,0
2025-12-23 20:00:00,87688.97,88319.71,87117.5,87437.03,11454,1800,0
2025-12-24 00:00:00,87437.78,87779.97,86790.56,87282.16,11054,1800,0
2025-12-24 04:00:00,87282.05,87402.47,86716.88,86848.46,7728,1800,0
2025-12-24 08:00:00,86848.91,87295.28,86654.9,87143.65,7255,1800,0
2025-12-24 12:00:00,87145.87,87436.07,86351.14,86975.33,16018,1800,0
2025-12-24 16:00:00,86970.2,87625.19,86841.86,87492.92,11915,1800,0
2025-12-24 20:00:00,87492.29,88002.62,87456.92,87610.26,6622,1800,0
2025-12-25 00:00:00,87610.33,87902.37,87437.17,87781.8,6917,1800,0
2025-12-25 04:00:00,87782.6,87809.35,87583.96,87775.38,4883,1800,0
2025-12-25 08:00:00,87774.76,87835.72,87189.5,87448.41,7361,1800,0
2025-12-25 12:00:00,87454.85,88549.11,87341.03,88313.41,9681,1800,0
2025-12-25 16:00:00,88315.24,88422.83,87918.97,88091.31,7981,1800,0
2025-12-25 20:00:00,88083.85,88114.86,86891.51,87166.93,10648,1800,0
2025-12-26 00:00:00,87164.76,89381.04,86816.02,88761.7,19872,1800,0
2025-12-26 04:00:00,88760.76,89510.53,88263.25,88395.24,10859,1800,0
2025-12-26 08:00:00,88395.69,88860.72,88344.47,88475.49,9297,1800,0
2025-12-26 12:00:00,88473.98,89003.17,86582.54,87066.5,22834,1800,0
2025-12-26 16:00:00,87069.51,87516.16,86724.33,87423.8,13099,1800,0
2025-12-26 20:00:00,87423.94,87719.73,87231.29,87286.73,7294,1800,0
2025-12-27 00:00:00,87283.45,87466.8,87156.74,87446.52,5243,1800,0
2025-12-27 04:00:00,87447.99,87648.25,87343.25,87470.14,4358,1800,0
2025-12-27 08:00:00,87477.49,87614.18,87304.21,87423.41,5129,1800,0
2025-12-27 12:00:00,87425.8,87539.8,87245.55,87503.88,4820,1800,0
2025-12-27 16:00:00,87506.82,87530.47,87383.84,87510.21,4241,1800,0
2025-12-27 20:00:00,87510.31,87935.89,87429.93,87823.21,5803,1800,0
2025-12-28 00:00:00,87798.88,87890.91,87642.22,87658.85,4947,1800,0
2025-12-28 04:00:00,87655.58,87766.93,87535.09,87655.97,4444,1800,0
2025-12-28 08:00:00,87666.07,87944.11,87646.08,87807.8,5348,1800,0
2025-12-28 12:00:00,87807.96,88034.6,87714.53,87773.28,5293,1800,0
2025-12-28 16:00:00,87774.25,87859.9,87414.41,87446.57,5858,1800,0
2025-12-28 20:00:00,87447.17,87985.62,87352.49,87876.01,6311,1800,0
2025-12-29 00:00:00,87870.04,90076.08,87726.26,90021.88,17880,1800,0
2025-12-29 04:00:00,90009.68,90321.29,89389.45,89510.43,10105,1800,0
2025-12-29 08:00:00,89510.57,89722.22,87441.33,87448.05,13751,1800,0
2025-12-29 12:00:00,87458.76,88088.73,86681.38,87584.51,22340,1800,0
2025-12-29 16:00:00,87582.67,87908.32,87194.59,87251.02,12305,1800,0
2025-12-29 20:00:00,87249.33,87488.96,86952.37,87107.53,7513,1800,0
2025-12-30 00:00:00,87107.65,87321.23,86709.73,87253.47,9227,1800,0
2025-12-30 04:00:00,87253.38,87510.33,87028.34,87377.62,6733,1800,0
2025-12-30 08:00:00,87375.32,88114.8,87370.75,87793.25,10662,1800,0
2025-12-30 12:00:00,87796.07,89069.83,87706.66,88912.13,18913,1800,0
2025-12-30 16:00:00,88913.47,89313.4,87869.98,88139.58,14925,1800,0
2025-12-30 20:00:00,88136.49,88485.01,87773.34,88408.99,7704,1800,0
2025-12-31 00:00:00,88408.89,88710.3,88063.28,88333.69,9063,1800,0
2025-12-31 04:00:00,88329.79,88531.04,88202.85,88497.59,6061,1800,0
2025-12-31 08:00:00,88497.5,88938.96,88270.98,88903.41,7347,1800,0
2025-12-31 12:00:00,88900.22,89123.52,87661.87,87832.83,14915,1800,0
2025-12-31 16:00:00,87833.4,87934.39,87264.0,87391.94,12261,1800,0
2025-12-31 20:00:00,87386.5,87747.85,87077.42,87507.73,6900,1800,0
2026-01-01 00:00:00,87507.82,87942.9,87489.54,87704.59,5578,1800,0
2026-01-01 04:00:00,87704.5,87711.39,87379.33,87484.42,4569,1800,0
2026-01-01 08:00:00,87477.65,87885.86,87456.75,87873.81,4926,1800,0
2026-01-01 12:00:00,87875.69,88009.19,87689.18,87914.24,5694,1800,0
2026-01-01 16:00:00,87914.34,88397.42,87756.53,88276.3,6853,1800,0
2026-01-01 20:00:00,88275.19,88800.65,88108.68,88733.79,6634,1800,0
2026-01-02 00:00:00,88733.95,89029.36,88254.03,88839.69,9036,1800,0
2026-01-02 04:00:00,88841.3,88990.17,88460.13,88762.18,6442,1800,0
2026-01-02 08:00:00,88764.02,89841.71,88702.09,89411.08,10702,1800,0
2026-01-02 12:00:00,89408.62,90095.98,88391.2,89352.7,23813,1800,0
2026-01-02 16:00:00,89346.91,90942.72,89131.03,89855.2,26592,1800,0
2026-01-02 20:00:00,89854.34,90371.97,89567.29,89954.51,9906,1800,0
2026-01-03 00:00:00,89947.22,90371.84,89923.32,90282.32,6544,1800,0
2026-01-03 04:00:00,90283.57,90449.85,89263.59,89532.0,7801,1800,0
2026-01-03 08:00:00,89533.57,89949.41,89388.09,89697.57,7893,1800,0
2026-01-03 12:00:00,89697.79,90192.08,89602.27,89921.74,6826,1800,0
2026-01-03 16:00:00,89929.94,90167.15,89862.26,90078.42,5637,1800,0
2026-01-03 20:00:00,90078.31,90693.04,89960.35,90582.25,7052,1800,0
2026-01-04 00:00:00,90581.29,91585.66,90581.29,91195.42,11997,1800,0
2026-01-04 04:00:00,91189.61,91780.14,91140.36,91471.66,8829,1800,0
2026-01-04 08:00:00,91471.76,91586.9,91104.29,91266.91,8826,1800,0
2026-01-04 12:00:00,91266.56,91370.18,90980.25,91283.22,8446,1800,0
2026-01-04 16:00:00,91282.5,91424.21,90798.45,91109.04,8186,1800,0
2026-01-04 20:00:00,91109.14,91564.91,91079.87,91488.33,8361,1800,0
2026-01-05 00:00:00,91484.85,93371.16,91464.97,92837.5,19425,1800,0
2026-01-05 04:00:00,92829.13,92923.87,92087.9,92479.47,8888,1800,0
2026-01-05 08:00:00,92481.94,93105.93,92266.91,93074.54,9335,1800,0
2026-01-05 12:00:00,93082.17,94009.58,92355.51,93921.03,22811,1800,0
2026-01-05 16:00:00,93921.09,94519.02,93227.08,94282.68,18604,1800,0
2026-01-05 20:00:00,94283.22,94816.27,93802.45,93870.62,11811,1800,0
2026-01-06 00:00:00,93872.83,94170.77,93507.74,93752.82,9989,1800,0
2026-01-06 04:00:00,93754.29,93998.21,93095.98,93217.32,8831,1800,0
2026-01-06 08:00:00,93216.01,93875.11,93127.07,93812.75,7956,1800,0
2026-01-06 12:00:00,93813.73,94432.23,93313.22,93616.49,19159,1800,0
2026-01-06 16:00:00,93606.01,93746.55,91198.12,92030.02,24039,1800,0
2026-01-06 20:00:00,92029.94,93806.9,92029.94,93713.3,15008,1800,0
2026-01-07 00:00:00,93713.15,93718.52,92173.69,92758.77,12976,1800,0
2026-01-07 04:00:00,92759.5,92871.25,92430.94,92820.08,7902,1800,0
2026-01-07 08:00:00,92817.9,92911.25,91514.24,92004.22,11034,1800,0
2026-01-07 12:00:00,92006.95,92214.33,90951.95,91268.57,21453,1800,0
2026-01-07 16:00:00,91268.57,91714.17,90576.08,91082.82,16629,1800,0
2026-01-07 20:00:00,91083.0,91409.83,90675.32,91279.42,10877,1800,0
2026-01-08 00:00:00,91284.62,91604.46,90497.56,90713.59,10934,1800,0
2026-01-08 04:00:00,90713.33,91079.8,89511.41,90419.64,13337,1800,0
2026-01-08 08:00:00,90423.93,90658.13,89655.54,90094.45,11742,1800,0
2026-01-08 12:00:00,90101.08,90737.31,89174.25,90674.11,22534,1800,0
2026-01-08 16:00:00,90671.36,91402.77,90212.39,90859.87,16425,1800,0
2026-01-08 20:00:00,90859.77,91415.21,90475.9,91025.51,10044,1800,0
2026-01-09 00:00:00,91025.85,91570.37,90758.16,91120.06,10448,1800,0
2026-01-09 04:00:00,91118.7,91142.66,90632.17,90650.79,7482,1800,0
2026-01-09 08:00:00,90652.71,90748.25,89584.4,90332.48,11227,1800,0
2026-01-09 12:00:00,90332.57,91945.69,89744.04,91076.08,24589,1800,0
2026-01-09 16:00:00,91079.88,91690.14,90070.97,90216.59,18431,1800,0
2026-01-09 20:00:00,90218.02,90606.34,90003.64,90513.19,9120,1800,0
2026-01-10 00:00:00,90509.29,90658.31,90382.78,90501.73,5620,1800,0
2026-01-10 04:00:00,90502.75,90560.97,90263.05,90540.11,4953,1800,0
2026-01-10 08:00:00,90537.17,90709.94,90487.94,90605.28,5625,1800,0
2026-01-10 12:00:00,90605.2,90667.1,90404.51,90535.43,4461,1800,0
2026-01-10 16:00:00,90517.53,90618.05,90377.61,90497.34,3552,1800,0
2026-01-10 20:00:00,90499.11,90535.41,90271.85,90388.59,4260,1800,0
2026-01-11 00:00:00,90388.42,90621.82,90324.39,90616.16,4519,1800,0
2026-01-11 04:00:00,90606.6,90727.42,90462.4,90576.78,3892,1800,0
2026-01-11 08:00:00,90585.38,90698.01,90483.87,90632.76,4342,1800,0
2026-01-11 12:00:00,90628.16,91071.14,90575.2,90738.39,6604,1800,0
2026-01-11 16:00:00,90747.15,91166.78,90524.03,90546.07,6313,1800,0
2026-01-11 20:00:00,90548.33,90916.36,90091.61,90874.3,9264,1800,0
2026-01-12 00:00:00,90862.52,92400.22,90550.09,91683.11,17858,1800,0
2026-01-12 04:00:00,91686.33,92162.88,91256.13,91285.24,8732,1800,0
2026-01-12 08:00:00,91283.7,91505.65,90231.43,90485.92,12306,1800,0
2026-01-12 12:00:00,90486.02,91589.02,89998.18,91566.08,18191,1800,0
2026-01-12 16:00:00,91566.22,92250.33,90947.59,91786.6,18013,1800,0
2026-01-12 20:00:00,91789.45,91982.45,90842.72,91193.84,9054,1800,0
2026-01-13 00:00:00,91187.84,91459.85,90929.15,91308.3,7845,1800,0
2026-01-13 04:00:00,91309.86,92185.96,91238.39,91829.81,9983,1800,0
2026-01-13 08:00:00,91830.76,92599.2,91815.67,91908.35,9698,1800,0
2026-01-13 12:00:00,91910.44,93406.17,91677.09,93406.17,22281,1800,0
2026-01-13 16:00:00,93410.67,94223.78,93012.5,94207.93,18559,1800,0
2026-01-13 20:00:00,94207.8,96730.78,94043.35,95376.06,21972,1800,0
2026-01-14 00:00:00,95376.8,95678.95,95083.63,95663.47,11391,1800,0
2026-01-14 04:00:00,95664.05,95760.69,94420.59,95172.67,10619,1800,0
2026-01-14 08:00:00,95169.19,95302.23,94690.07,94763.23,9433,1800,0
2026-01-14 12:00:00,94763.1,97104.59,94634.4,96757.3,23466,1800,0
2026-01-14 16:00:00,96757.4,97824.23,96224.49,97265.07,22355,1800,0
2026-01-14 20:00:00,97266.57,97968.49,96766.48,96955.27,13926,1800,0
2026-01-15 00:00:00,96955.15,97005.82,95744.27,95944.07,12874,1800,0
2026-01-15 04:00:00,95944.9,96745.7,95906.86,96630.06,10191,1800,0
2026-01-15 08:00:00,96626.61,97180.02,96269.09,96566.57,9071,1800,0
2026-01-15 12:00:00,96564.91,97128.98,95402.44,96732.09,22294,1800,0
2026-01-15 16:00:00,96729.62,97041.48,95095.24,95474.68,19177,1800,0
2026-01-15 20:00:00,95472.16,95849.28,95092.85,95587.59,9305,1800,0
2026-01-16 00:00:00,95590.0,95834.54,95278.24,95313.58,7324,1800,0
2026-01-16 04:00:00,95313.4,95800.52,95117.76,95624.12,7665,1800,0
2026-01-16 08:00:00,95625.15,95819.05,95217.99,95389.97,6424,1800,0
2026-01-16 12:00:00,95389.23,95767.72,94231.51,94538.0,17422,1800,0
2026-01-16 16:00:00,94542.72,95179.87,94451.56,94947.34,12176,1800,0
2026-01-16 20:00:00,94948.95,95577.71,94627.58,95504.7,7719,1800,0
2026-01-17 00:00:00,95501.68,95540.17,95138.73,95313.71,4525,1800,0
2026-01-17 04:00:00,95314.79,95346.64,95008.52,95063.72,3281,1800,0
2026-01-17 08:00:00,95061.41,95296.34,94978.48,95288.01,4488,1800,0
2026-01-17 12:00:00,95281.25,95633.01,95153.69,95540.47,5487,1800,0
2026-01-17 16:00:00,95540.29,95540.29,95171.82,95263.94,4953,1800,0
2026-01-17 20:00:00,95263.89,95372.77,95005.68,95118.69,4574,1800,0
2026-01-18 00:00:00,95118.55,95201.79,94825.48,95145.26,5383,1800,0
2026-01-18 04:00:00,95146.55,95232.1,94980.95,94992.23,4179,1800,0
2026-01-18 08:00:00,94992.38,95254.58,94976.83,95127.93,4824,1800,0
2026-01-18 12:00:00,95133.33,95317.71,94857.6,95063.07,5358,1800,0
2026-01-18 16:00:00,95063.18,95494.41,95027.8,95335.3,6097,1800,0
2026-01-18 20:00:00,95333.78,95496.25,93565.6,93639.75,11125,1800,0
2026-01-19 00:00:00,93639.83,93639.83,91858.97,92655.09,26501,1800,0
2026-01-19 04:00:00,92649.46,92801.58,92341.32,92781.76,7689,1800,0
2026-01-19 08:00:00,92784.3,93317.61,92638.07,93137.84,8311,1800,0
2026-01-19 12:00:00,93140.26,93174.78,92641.31,93001.25,8334,1800,0
2026-01-19 16:00:00,93002.72,93367.48,92868.91,93046.52,7006,1800,0
2026-01-19 20:00:00,93054.29,93298.39,92079.14,92570.84,8277,1800,0
2026-01-20 00:00:00,92562.82,92808.78,92176.25,92363.62,9307,1800,0
2026-01-20 04:00:00,92368.82,92404.89,90669.29,91078.6,15896,1800,0
2026-01-20 08:00:00,91079.07,91365.75,90556.88,91136.79,10378,1800,0
2026-01-20 12:00:00,91141.89,91302.13,89753.24,90577.02,24093,1800,0
2026-01-20 16:00:00,90576.16,90887.82,89175.93,89600.7,19871,1800,0
2026-01-20 20:00:00,89600.54,89728.33,87696.18,88322.45,16819,1800,0
2026-01-21 00:00:00,88323.62,89495.68,88133.82,89318.21,11676,1800,0
2026-01-21 04:00:00,89318.9,90010.21,88977.95,89100.97,8525,1800,0
2026-01-21 08:00:00,89100.26,89388.54,88574.73,88696.21,8932,1800,0
2026-01-21 12:00:00,88690.02,90500.14,88047.41,90196.18,30056,1800,0
2026-01-21 16:00:00,90204.87,90386.85,87167.72,90280.58,41422,1800,0
2026-01-21 20:00:00,90278.56,90319.74,89271.0,89358.62,15576,1800,0
2026-01-22 00:00:00,89358.71,90273.55,89358.71,89800.25,10488,1800,0
2026-01-22 04:00:00,89797.96,90128.45,89697.36,89729.95,6901,1800,0
2026-01-22 08:00:00,89731.88,90073.4,89656.57,89840.68,7135,1800,0
2026-01-22 12:00:00,89847.11,90247.47,88410.38,88898.18,21947,1800,0
2026-01-22 16:00:00,88898.79,89844.16,88575.18,89683.86,19204,1800,0
2026-01-22 20:00:00,89685.56,89872.27,89037.9,89470.07,8918,1800,0
2026-01-23 00:00:00,89470.72,89897.48,89346.74,89827.55,7022,1800,0
2026-01-23 04:00:00,89828.24,89993.34,89284.04,89419.48,7861,1800,0
2026-01-23 08:00:00,89419.88,89514.68,88731.73,89092.12,9130,1800,0
2026-01-23 12:00:00,89091.27,89770.51,88442.52,89642.28,17644,1800,0
2026-01-23 16:00:00,89642.15,91133.36,89364.22,89886.26,22353,1800,0
2026-01-23 20:00:00,89881.02,90064.25,89097.11,89484.25,9914,1800,0
2026-01-24 00:00:00,89486.07,89794.71,89297.92,89643.52,4848,1800,0
2026-01-24 04:00:00,89643.46,89738.23,89426.55,89478.83,3631,1800,0
2026-01-24 08:00:00,89476.58,89547.79,89432.2,89448.84,2652,1800,0
2026-01-24 12:00:00,89448.98,89462.02,89031.52,89144.2,4571,1800,0
2026-01-24 16:00:00,89147.71,89318.48,89019.27,89190.89,3984,1800,0
2026-01-24 20:00:00,89190.97,89351.23,89065.94,89092.8,3531,1800,0
2026-01-25 00:00:00,89092.6,89180.68,88695.73,88809.02,4622,1800,0
2026-01-25 04:00:00,88810.87,88951.62,88498.92,88525.02,4660,1800,0
2026-01-25 08:00:00,88524.85,88620.8,87982.09,88427.13,6676,1800,0
2026-01-25 12:00:00,88430.0,88859.41,88233.06,88329.63,7162,1800,0
2026-01-25 16:00:00,88326.14,88335.98,86073.22,86407.79,25186,1800,0
2026-01-25 20:00:00,86407.83,86921.61,85962.61,86569.02,15571,1800,0
2026-01-26 00:00:00,86567.9,87856.2,86401.16,87157.25,14337,1800,0
2026-01-26 04:00:00,87152.01,87984.74,87105.21,87905.69,9086,1800,0
2026-01-26 08:00:00,87906.51,88296.57,87488.4,87749.86,8093,1800,0
2026-01-26 12:00:00,87748.71,88780.2,87235.86,87553.27,20073,1800,0
2026-01-26 16:00:00,87555.34,88450.6,86916.22,87913.25,16439,1800,0
2026-01-26 20:00:00,87910.23,88582.17,87439.39,88242.0,8719,1800,0
2026-01-27 00:00:00,88243.23,88801.66,88097.31,88677.59,7628,1800,0
2026-01-27 04:00:00,88672.06,88912.72,88159.16,88219.27,6378,1800,0
2026-01-27 08:00:00,88218.71,88295.11,87610.05,87862.14,6940,1800,0
2026-01-27 12:00:00,87859.35,88339.41,87432.42,87911.96,14556,1800,0
2026-01-27 16:00:00,87911.49,88712.13,87187.04,88293.51,21144,1800,0
2026-01-27 20:00:00,88292.1,89429.32,88250.87,89126.74,12945,1800,0
2026-01-28 00:00:00,89125.38,89383.18,88849.25,88994.52,8039,1800,0
2026-01-28 04:00:00,88994.78,89278.31,88706.9,89012.06,7394,1800,0
2026-01-28 08:00:00,89007.98,90043.66,88732.1,89950.3,10232,1800,0
2026-01-28 12:00:00,89949.81,90372.93,88767.16,89353.91,19285,1800,0
2026-01-28 16:00:00,89356.26,90496.15,88883.1,89271.46,21728,1800,0
2026-01-28 20:00:00,89271.89,89781.0,88721.13,89160.41,11284,1800,0
2026-01-29 00:00:00,89159.3,89219.22,87555.23,87902.4,14538,1800,0
2026-01-29 04:00:00,87895.57,88293.5,87757.74,88220.22,6708,1800,0
2026-01-29 08:00:00,88217.58,88357.15,87591.31,87682.23,7854,1800,0
2026-01-29 12:00:00,87682.35,88030.83,84220.0,84796.32,24702,1800,0
2026-01-29 16:00:00,84797.91,85501.13,83223.37,83847.65,30770,1800,0
2026-01-29 20:00:00,83854.39,84605.79,83646.89,84508.59,10392,1800,0
2026-01-30 00:00:00,84505.38,84604.23,80935.37,82547.53,35370,1800,0
2026-01-30 04:00:00,82547.01,83208.67,81919.52,82655.28,14630,1800,0
2026-01-30 08:00:00,82652.6,83173.36,82006.36,83007.17,14889,1800,0
2026-01-30 12:00:00,83008.83,83682.62,82234.56,82757.83,29150,1800,0
2026-01-30 16:00:00,82756.92,84520.91,81731.29,84122.23,39758,1800,0
2026-01-30 20:00:00,84126.74,84359.56,83398.04,84106.76,19061,1800,0
2026-01-31 00:00:00,84107.55,84147.83,83666.17,83875.43,7087,1800,0
2026-01-31 04:00:00,83874.6,83999.17,83243.22,83404.59,5942,1800,0
2026-01-31 08:00:00,83403.05,83484.39,82422.46,82873.99,13171,1800,0
2026-01-31 12:00:00,82871.24,83002.96,80677.91,81179.64,29298,1800,0
2026-01-31 16:00:00,81179.55,82104.11,75480.52,77633.35,85948,1800,0
2026-01-31 20:00:00,77636.05,79139.34,76967.36,78630.76,29248,1800,0
2026-02-01 00:00:00,78654.77,79349.55,78189.33,78780.05,19368,1800,0
2026-02-01 04:00:00,78789.09,79053.81,77872.25,78278.87,13004,1800,0
2026-02-01 08:00:00,78278.75,79162.39,78060.93,78687.67,14390,1800,0
2026-02-01 12:00:00,78681.76,78701.91,76702.94,77534.8,28958,1800,0
2026-02-01 16:00:00,77525.48,78391.41,76906.66,77088.38,27503,1800,0
2026-02-01 20:00:00,77090.18,77715.83,75613.41,76899.0,43947,1800,0
2026-02-02 00:00:00,76898.02,78078.65,74524.98,76214.37,60069,1800,0
2026-02-02 04:00:00,76214.61,76876.0,74817.04,76566.2,53988,1800,0
2026-02-02 08:00:00,76561.27,77891.03,76517.84,77672.9,24876,1800,0
2026-02-02 12:00:00,77676.15,79317.84,77496.95,78816.17,41307,1800,0
2026-02-02 16:00:00,78813.11,79266.65,78211.45,78281.39,25149,1800,0
2026-02-02 20:00:00,78278.84,78911.0,77812.62,78664.72,15341,1800,0
2026-02-03 00:00:00,78662.85,79132.94,77571.41,78679.81,18921,1800,0
2026-02-03 04:00:00,78673.78,78926.53,77871.62,78711.28,14657,1800,0
2026-02-03 08:00:00,78713.04,79021.16,77861.81,78004.02,16621,1800,0
2026-02-03 12:00:00,78003.26,78387.03,76966.77,78059.27,34081,1800,0
2026-02-03 16:00:00,78060.6,78067.91,72845.86,74830.98,60807,1800,0
2026-02-03 20:00:00,74829.27,76872.46,74488.36,75658.95,31838,1800,0
2026-02-04 00:00:00,75658.69,76893.35,75350.93,76603.02,19809,1800,0
2026-02-04 04:00:00,76603.45,76744.88,76009.74,76407.8,11081,1800,0
2026-02-04 08:00:00,76410.5,76502.21,75546.49,75910.29,15662,1800,0
2026-02-04 12:00:00,75910.32,76163.56,73678.66,74016.77,48411,1800,0
2026-02-04 16:00:00,74019.33,74128.08,71984.03,73769.54,66185,1800,0
2026-02-04 20:00:00,73767.4,73999.52,71695.75,73000.81,31751,1800,0
2026-02-05 00:00:00,72998.18,73180.92,71013.81,71087.48,45221,1800,0
2026-02-05 04:00:00,71088.72,71495.89,69982.83,70593.79,41435,1800,0
2026-02-05 08:00:00,70596.48,71847.81,69790.86,70186.53,32907,1800,0
2026-02-05 12:00:00,70188.03,70760.14,66552.19,67367.56,87137,1800,0
2026-02-05 16:00:00,67371.75,68555.75,65042.5,65123.51,91500,1800,0
2026-02-05 20:00:00,65126.12,65564.96,62111.7,62790.83,114757,1800,0
2026-02-06 00:00:00,62791.15,65930.31,59779.75,64081.59,120500,1800,0
2026-02-06 04:00:00,64077.13,66726.92,63875.14,64767.68,44156,1800,0
2026-02-06 08:00:00,64764.23,66701.42,64390.81,66537.83,35925,1800,0
2026-02-06 12:00:00,66534.84,69157.39,66016.19,68605.68,62178,1800,0
2026-02-06 16:00:00,68603.32,71462.71,68386.27,70657.01,56290,1800,0
2026-02-06 20:00:00,70659.44,71689.21,69775.39,70521.16,31160,1800,0
2026-02-07 00:00:00,70521.24,70896.04,69660.03,70878.42,25640,1800,0
2026-02-07 04:00:00,70880.7,71657.79,67272.91,68043.32,42918,1800,0
2026-02-07 08:00:00,68049.91,68780.37,67539.01,67927.05,24865,1800,0
2026-02-07 12:00:00,67920.09,69946.01,67845.94,69084.75,37092,1800,0
2026-02-07 16:00:00,69091.64,69851.89,68482.19,69328.0,34559,1800,0
2026-02-07 20:00:00,69305.93,69683.01,68721.3,69240.03,12775,1800,0
2026-02-08 00:00:00,69242.02,69655.16,68833.27,69052.95,13820,1800,0
2026-02-08 04:00:00,69051.96,69662.94,68906.04,69637.9,10121,1800,0
2026-02-08 08:00:00,69638.92,71160.8,69449.28,70931.45,23954,1800,0
2026-02-08 12:00:00,70923.98,71514.19,70639.28,71131.49,20102,1800,0
2026-02-08 16:00:00,71119.58,71474.93,70191.0,71376.33,19203,1800,0
2026-02-08 20:00:00,71371.48,72255.4,69919.77,70273.12,26891,1800,0
2026-02-09 00:00:00,70267.85,71390.51,69996.25,71234.4,29127,1800,0
2026-02-09 04:00:00,71228.39,71288.04,70226.4,70370.41,15663,1800,0
2026-02-09 08:00:00,70369.55,70555.88,68341.72,68861.12,25714,1800,0
2026-02-09 12:00:00,68865.25,69828.9,68227.8,69528.05,38220,1800,0
2026-02-09 16:00:00,69523.23,71042.55,69034.22,70913.96,33750,1800,0
2026-02-09 20:00:00,70912.66,71094.81,69769.41,70105.74,16922,1800,0
2026-02-10 00:00:00,70105.97,70502.98,69148.88,69460.9,16547,1800,0
2026-02-10 04:00:00,69460.06,69869.19,68621.48,68864.08,16325,1800,0
2026-02-10 08:00:00,68865.6,69350.84,68383.34,68458.46,13583,1800,0
2026-02-10 12:00:00,68458.93,69542.85,67849.22,69242.75,38559,1800,0
2026-02-10 16:00:00,69239.4,69964.08,68552.69,69019.76,30424,1800,0
2026-02-10 20:00:00,69023.04,69101.63,68296.9,68794.25,14090,1800,0
2026-02-11 00:00:00,68795.48,69248.48,67951.63,68139.28,14151,1800,0
2026-02-11 04:00:00,68130.1,68278.96,66495.89,66983.06,25484,1800,0
2026-02-11 08:00:00,66980.36,67088.99,66330.29,67021.63,17162,1800,0
2026-02-11 12:00:00,67015.09,68811.13,65703.64,66480.63,56565,1800,0
2026-02-11 16:00:00,66477.75,67812.45,65817.41,67532.04,39277,1800,0
2026-02-11 20:00:00,67530.23,68296.23,66723.6,67016.61,19816,1800,0
2026-02-12 00:00:00,67025.04,67996.73,66988.71,67523.46,16249,1800,0
2026-02-12 04:00:00,67525.11,67635.73,66603.48,67158.11,14945,1800,0
2026-02-12 08:00:00,67153.36,68254.29,66840.55,68021.01,15655,1800,0
2026-02-12 12:00:00,68018.46,68384.32,66955.61,67084.37,34556,1800,0
2026-02-12 16:00:00,67091.66,67205.45,65059.73,65742.25,50849,1800,0
2026-02-12 20:00:00,65744.19,66427.51,65140.84,66213.8,18296,1800,0
2026-02-13 00:00:00,66213.74,66759.63,65794.59,66499.44,15229,1800,0
2026-02-13 04:00:00,66490.65,66625.58,65943.42,66141.75,12997,1800,0
2026-02-13 08:00:00,66141.93,67177.77,66114.19,67113.52,15533,1800,0
2026-02-13 12:00:00,67112.7,69277.61,66804.74,68637.48,43925,1800,0
2026-02-13 16:00:00,68639.99,69442.5,68486.07,68891.26,29425,1800,0
2026-02-13 20:00:00,68903.78,69052.3,68633.7,68806.85,12589,1800,0
2026-02-14 00:00:00,68816.48,69112.09,68710.81,68936.6,7344,1800,0
2026-02-14 04:00:00,68929.87,69301.64,68683.27,69177.31,6405,1800,0
2026-02-14 08:00:00,69170.92,70553.64,69164.21,70449.99,14522,1800,0
2026-02-14 12:00:00,70446.15,70489.67,69164.3,69767.59,16737,1800,0
2026-02-14 16:00:00,69764.5,69898.92,69254.45,69846.47,12033,1800,0
2026-02-14 20:00:00,69837.99,70225.5,69618.57,69792.63,10237,1800,0
2026-02-15 00:00:00,69793.24,69959.49,69199.18,69925.45,12486,1800,0
2026-02-15 04:00:00,69928.28,70897.71,69914.91,70785.7,12767,1800,0
2026-02-15 08:00:00,70779.85,70937.11,70123.94,70257.92,11538,1800,0
2026-02-15 12:00:00,70255.32,70391.35,68728.53,69057.83,19351,1800,0
2026-02-15 16:00:00,69055.19,69066.41,68027.23,68241.0,18236,1800,0
2026-02-15 20:00:00,68241.42,69043.31,68071.02,68788.0,12384,1800,0
2026-02-16 00:00:00,68786.12,69027.04,68107.09,68382.82,12309,1800,0
2026-02-16 04:00:00,68388.14,68855.42,68177.2,68532.71,9181,1800,0
2026-02-16 08:00:00,68533.71,69027.93,68297.24,68755.05,10584,1800,0
2026-02-16 12:00:00,68751.11,70099.81,67236.47,67505.24,34980,1800,0
2026-02-16 16:00:00,67506.36,68209.15,67460.07,67883.69,14241,1800,0
2026-02-16 20:00:00,67881.07,68951.63,67769.31,68845.39,11572,1800,0
2026-02-17 00:00:00,68845.73,69210.29,68332.52,68436.8,14291,1800,0
2026-02-17 04:00:00,68436.07,68668.13,67843.2,68351.15,11316,1800,0
2026-02-17 08:00:00,68356.93,68444.76,67633.62,67805.82,11025,1800,0
2026-02-17 12:00:00,67806.84,68341.0,66558.86,67349.33,31322,1800,0
2026-02-17 16:00:00,67350.03,68204.24,66834.17,67758.03,29856,1800,0
2026-02-17 20:00:00,67758.08,67897.48,67332.18,67469.56,11264,1800,0
2026-02-18 00:00:00,67468.75,67658.28,66838.27,67582.98,10636,1800,0
2026-02-18 04:00:00,67584.83,68193.07,67446.02,68067.7,9070,1800,0
2026-02-18 08:00:00,68078.34,68438.66,67049.22,67348.56,12467,1800,0
2026-02-18 12:00:00,67346.93,68324.25,66675.81,67657.97,24951,1800,0
2026-02-18 16:00:00,67657.08,67674.11,65814.88,66137.71,26276,1800,0
2026-02-18 20:00:00,66143.38,66499.93,65982.27,66411.74,11994,1800,0
2026-02-19 00:00:00,66410.3,66974.18,66294.59,66931.61,9935,1800,0
2026-02-19 04:00:00,66931.23,67293.45,66635.68,67164.01,9132,1800,0
2026-02-19 08:00:00,67160.07,67160.07,66428.66,66462.62,10187,1800,0
2026-02-19 12:00:00,66459.59,66733.66,65595.51,66356.93,25777,1800,0
2026-02-19 16:00:00,66355.07,67179.93,65849.13,67018.91,22626,1800,0
2026-02-19 20:00:00,67018.19,67154.88,66605.2,66972.63,10063,1800,0
2026-02-20 00:00:00,66966.4,67489.85,66906.86,67317.6,10112,1800,0
2026-02-20 04:00:00,67316.86,67996.71,67068.11,67800.66,10024,1800,0
2026-02-20 08:00:00,67801.57,68297.9,67257.52,67302.47,10821,1800,0
2026-02-20 12:00:00,67304.0,68094.05,66414.88,67552.53,34115,1800,0
2026-02-20 16:00:00,67562.74,67993.37,66923.44,67613.04,26388,1800,0
2026-02-20 20:00:00,67611.57,68224.17,67485.85,67972.21,9452,1800,0
2026-02-21 00:00:00,67981.37,68090.38,67495.82,67641.14,6669,1800,0
2026-02-21 04:00:00,67647.43,67905.26,67553.44,67834.48,5024,1800,0
2026-02-21 08:00:00,67828.77,68288.19,67776.12,68071.22,6440,1800,0
2026-02-21 12:00:00,68063.0,68694.17,67890.1,68583.75,8259,1800,0
2026-02-21 16:00:00,68587.26,68649.89,68072.35,68529.57,7731,1800,0
2026-02-21 20:00:00,68529.12,68578.18,67871.54,67954.94,6842,1800,0
2026-02-22 00:00:00,67950.33,68209.45,67773.19,68018.3,6875,1800,0
2026-02-22 04:00:00,68020.09,68210.65,67847.01,67981.79,4903,1800,0
2026-02-22 08:00:00,67978.75,68229.67,67887.23,68185.74,4966,1800,0
2026-02-22 12:00:00,68185.7,68219.51,67276.35,67666.63,10107,1800,0
2026-02-22 16:00:00,67667.12,67704.41,67138.79,67388.1,6363,1800,0
2026-02-22 20:00:00,67386.88,67719.31,67304.93,67609.32,6765,1800,0
2026-02-23 00:00:00,67615.81,67649.68,64255.67,64910.95,30433,1800,0
2026-02-23 04:00:00,64939.46,65997.44,64639.42,65925.77,12295,1800,0
2026-02-23 08:00:00,65923.38,66594.66,65540.74,66193.49,12494,1800,0
2026-02-23 12:00:00,66197.78,66508.53,65501.15,65635.2,22830,1800,0
2026-02-23 16:00:00,65636.05,65715.42,64047.65,64275.65,25774,1800,0
2026-02-23 20:00:00,64274.3,65000.55,63851.71,64622.61,12956,1800,0
2026-02-24 00:00:00,64624.06,64983.42,63295.82,63568.3,25139,1800,0
2026-02-24 04:00:00,63568.5,63602.66,62665.58,63152.78,19709,1800,0
2026-02-24 08:00:00,63153.22,63406.77,62904.43,63197.35,12055,1800,0
2026-02-24 12:00:00,63199.51,64029.19,62406.98,63955.59,28074,1800,0
2026-02-24 16:00:00,63957.77,64747.05,63681.17,64438.78,20184,1800,0
2026-02-24 20:00:00,64436.24,64591.15,63791.11,64058.78,10358,1800,0
2026-02-25 00:00:00,64059.65,66308.12,63892.8,65388.96,25387,1800,0
2026-02-25 04:00:00,65385.69,65652.55,64732.64,65018.98,12579,1800,0
2026-02-25 08:00:00,65014.1,65696.68,64941.44,65417.56,10532,1800,0
2026-02-25 12:00:00,65418.8,67593.28,65291.06,67402.5,28721,1800,0
2026-02-25 16:00:00,67401.86,69579.31,67394.71,69041.59,32006,1800,0
2026-02-25 20:00:00,69042.11,70052.69,67582.92,67989.89,25504,1800,0
2026-02-26 00:00:00,67989.26,68715.07,67718.03,68209.52,19355,1800,0
2026-02-26 04:00:00,68209.28,68869.89,67812.28,67834.48,13650,1800,0
2026-02-26 08:00:00,67838.16,68719.26,67772.03,68052.07,12375,1800,0
2026-02-26 12:00:00,68051.98,68298.41,66747.98,67391.78,31054,1800,0
2026-02-26 16:00:00,67392.56,67916.6,66483.35,67579.74,26659,1800,0
2026-02-26 20:00:00,67580.4,67823.05,67136.08,67485.36,10423,1800,0
2026-02-27 00:00:00,67479.9,67709.09,66869.22,67590.56,13996,1800,0
2026-02-27 04:00:00,67590.86,68215.64,67440.73,67672.45,12096,1800,0
2026-02-27 08:00:00,67671.87,68164.78,65944.87,66127.1,20033,1800,0
2026-02-27 12:00:00,66123.75,66345.37,65649.79,66098.6,27337,1800,0
2026-02-27 16:00:00,66097.77,66121.6,65088.97,65365.0,19663,1800,0
2026-02-27 20:00:00,65372.42,65947.28,64894.9,65855.89,11354,1800,0
2026-02-28 00:00:00,65853.85,66024.31,65692.34,65794.21,7310,1800,0
2026-02-28 04:00:00,65788.25,65815.86,63002.43,63814.84,30824,1800,0
2026-02-28 08:00:00,63823.24,64306.89,63345.2,63842.75,17784,1800,0
2026-02-28 12:00:00,63844.9,65363.26,63814.1,64834.94,24751,1800,0
2026-02-28 16:00:00,64831.36,66674.59,64664.95,66343.12,20029,1800,0
2026-02-28 20:00:00,66348.41,67768.14,66173.38,66969.97,22995,1800,0
2026-03-01 00:00:00,66959.27,68208.1,66039.5,67505.9,25131,1800,0
2026-03-01 04:00:00,67506.61,67607.56,66773.97,67136.39,12027,1800,0
2026-03-01 08:00:00,67147.79,67298.4,66202.12,66467.02,13529,1800,0
2026-03-01 12:00:00,66451.86,67365.58,66123.01,66852.24,20792,1800,0
2026-03-01 16:00:00,66855.37,67115.68,65704.94,65951.91,20192,1800,0
2026-03-01 20:00:00,65948.8,66813.89,65018.19,65766.16,22612,1800,0
2026-03-02 00:00:00,65766.34,67113.73,65740.53,66805.47,26515,1800,0
2026-03-02 04:00:00,66811.12,66991.12,65536.81,65996.05,17493,1800,0
2026-03-02 08:00:00,65999.12,66729.44,65632.41,66352.54,18387,1800,0
2026-03-02 12:00:00,66345.61,69628.39,65237.78,69127.88,46360,1800,0
2026-03-02 16:00:00,69116.66,70143.63,68568.27,68965.33,33993,1800,0
2026-03-02 20:00:00,68966.47,69556.95,68575.29,68827.7,19901,1800,0
2026-03-03 00:00:00,68828.61,69256.71,68157.3,68359.96,19400,1800,0
2026-03-03 04:00:00,68362.92,68566.78,67771.43,68162.66,15904,1800,0
2026-03-03 08:00:00,68162.56,68306.51,66295.49,67012.33,25192,1800,0
2026-03-03 12:00:00,67010.37,67975.44,66091.47,67715.35,44227,1800,0
2026-03-03 16:00:00,67712.98,68991.26,67456.71,68440.09,43699,1800,0
2026-03-03 20:00:00,68441.16,68861.4,67802.55,68330.2,16995,1800,0
2026-03-04 00:00:00,68329.54,68909.57,67376.66,67712.84,23731,1800,0
2026-03-04 04:00:00,67714.98,69680.83,67437.69,69479.77,21037,1800,0
2026-03-04 08:00:00,69486.57,71901.28,69120.06,71098.67,36739,1800,0
2026-03-04 12:00:00,71099.07,73497.2,70576.68,73396.48,45769,1800,0
2026-03-04 16:00:00,73394.07,74123.3,72539.19,73670.99,34672,1800,0
2026-03-04 20:00:00,73670.24,73758.89,72307.94,72681.73,17118,1800,0
2026-03-05 00:00:00,72684.61,73351.12,72337.17,72517.42,19125,1800,0
2026-03-05 04:00:00,72516.49,73109.8,71783.09,72064.03,16230,1800,0
2026-03-05 08:00:00,72062.34,73578.31,71758.6,72926.07,22635,1800,0
2026-03-05 12:00:00,72932.31,73091.98,71161.56,71662.45,37363,1800,0
2026-03-05 16:00:00,71650.97,71662.44,70641.61,70895.67,29116,1800,0
2026-03-05 20:00:00,70904.79,71578.48,70763.76,70865.92,14991,1800,0
2026-03-06 00:00:00,70875.12,71427.19,70370.34,71074.82,16357,1800,0
2026-03-06 04:00:00,71069.2,71200.0,70124.06,71060.33,15969,1800,0
2026-03-06 08:00:00,71058.15,71070.91,70186.81,70217.21,15863,1800,0
2026-03-06 12:00:00,70217.22,70354.95,68150.09,68491.58,40932,1800,0
2026-03-06 16:00:00,68492.52,68790.35,67726.76,68116.95,26317,1800,0
2026-03-06 20:00:00,68111.81,68438.01,67745.97,68108.12,12023,1800,0
2026-03-07 00:00:00,68107.1,68547.53,68033.45,68080.84,8258,1800,0
2026-03-07 04:00:00,68086.94,68149.63,67425.5,67834.0,10094,1800,0
2026-03-07 08:00:00,67833.92,68241.84,67689.51,68011.81,8475,1800,0
2026-03-07 12:00:00,68011.87,68091.25,67600.19,67871.16,9067,1800,0
2026-03-07 16:00:00,67873.41,67946.28,66888.12,67076.54,10501,1800,0
2026-03-07 20:00:00,67075.51,67478.89,67059.96,67265.86,8876,1800,0
2026-03-08 00:00:00,67262.94,67488.01,66785.86,66996.37,9893,1800,0
2026-03-08 04:00:00,66994.09,67457.25,66534.82,67294.84,10314,1800,0
2026-03-08 08:00:00,67294.31,68191.65,67140.04,67509.2,12225,1800,0
2026-03-08 12:00:00,67498.16,67635.22,66778.35,67200.14,16337,1800,0
2026-03-08 16:00:00,67197.19,67475.69,66733.78,67317.31,11959,1800,0
2026-03-08 20:00:00,67314.34,67521.94,65608.01,65971.88,22555,1800,0
2026-03-09 00:00:00,65972.11,67669.98,65800.04,67186.4,28704,1800,0
2026-03-09 04:00:00,67191.56,68053.61,66855.21,67524.21,19575,1800,0
2026-03-09 08:00:00,67527.93,68458.77,67320.91,67738.98,20152,1800,0
2026-03-09 12:00:00,67740.81,69502.22,67731.16,68881.6,32654,1800,0
2026-03-09 16:00:00,68886.44,69542.04,68234.1,68996.75,25390,1800,0
2026-03-09 20:00:00,69009.22,69160.92,68377.81,68429.31,12663,1800,0
2026-03-10 00:00:00,68428.97,70588.82,68382.78,69431.46,20894,1800,0
2026-03-10 04:00:00,69430.92,70538.93,69429.98,70401.49,16221,1800,0
2026-03-10 08:00:00,70409.88,71300.22,70355.73,70601.69,17718,1800,0
2026-03-10 12:00:00,70602.65,71785.58,69222.87,71340.12,37609,1800,0
2026-03-10 16:00:00,71342.53,71738.94,69718.34,70047.55,32839,1800,0
2026-03-10 20:00:00,70044.31,70429.69,69434.95,69947.32,12443,1800,0
2026-03-11 00:00:00,69954.4,70178.01,69489.5,69551.07,13669,1800,0
2026-03-11 04:00:00,69552.93,70288.5,69377.47,69650.23,12797,1800,0
2026-03-11 08:00:00,69650.74,69789.84,69121.13,69184.73,12865,1800,0
2026-03-11 12:00:00,69174.65,71092.55,68963.84,70242.92,38601,1800,0
2026-03-11 16:00:00,70242.77,71336.52,70161.1,70650.13,25253,1800,0
2026-03-11 20:00:00,70649.17,70973.56,70120.82,70201.31,11285,1800,0
2026-03-12 00:00:00,70203.12,70353.94,69215.51,69441.96,14219,1800,0
2026-03-12 04:00:00,69441.72,69856.3,69191.41,69816.61,10289,1800,0
2026-03-12 08:00:00,69818.04,70814.01,69570.8,70431.11,14142,1800,0
2026-03-12 12:00:00,70439.87,70687.48,69345.54,70324.25,31556,1800,0
2026-03-12 16:00:00,70325.05,70586.94,69763.95,70448.69,23360,1800,0
2026-03-12 20:00:00,70443.33,70756.56,70000.19,70523.87,11036,1800,0
2026-03-13 00:00:00,70520.46,72004.25,70386.25,71390.67,22341,1800,0
2026-03-13 04:00:00,71390.74,71688.24,71174.46,71630.98,11752,1800,0
2026-03-13 08:00:00,71628.78,72605.12,71379.8,72241.47,15311,1800,0
2026-03-13 12:00:00,72237.59,73939.49,71739.24,71841.41,35292,1800,0
2026-03-13 16:00:00,71843.73,72262.03,70838.17,71191.37,24020,1800,0
2026-03-13 20:00:00,71194.38,71491.5,70544.07,70935.24,10895,1800,0
2026-03-14 00:00:00,70937.72,71183.38,70466.58,71077.33,9155,1800,0
2026-03-14 04:00:00,71076.55,71310.22,70301.97,70606.77,9300,1800,0
2026-03-14 08:00:00,70609.52,70791.6,70382.25,70742.87,7109,1800,0
2026-03-14 12:00:00,70747.19,70955.79,70485.87,70592.24,7328,1800,0
2026-03-14 16:00:00,70592.98,70748.65,70485.96,70698.45,5392,1800,0
2026-03-14 20:00:00,70698.71,71267.37,70644.84,71212.75,7124,1800,0
2026-03-15 00:00:00,71219.5,71644.82,70859.25,71364.68,9803,1800,0
2026-03-15 04:00:00,71360.47,71792.18,71316.71,71456.09,7518,1800,0
2026-03-15 08:00:00,71456.4,71940.93,71456.4,71839.05,7705,1800,0
2026-03-15 12:00:00,71841.77,71851.17,71264.21,71484.01,9252,1800,0
2026-03-15 16:00:00,71481.98,71996.27,71299.13,71552.17,8456,1800,0
2026-03-15 20:00:00,71551.14,73225.83,71430.68,72812.15,19394,1800,0
2026-03-16 00:00:00,72818.79,74319.34,72268.82,73574.99,18741,1800,0
2026-03-16 04:00:00,73577.05,74469.42,73372.37,73454.73,16130,1800,0
2026-03-16 08:00:00,73452.83,73852.26,72871.68,73562.09,12781,1800,0
2026-03-16 12:00:00,73555.15,74526.75,72978.35,73282.01,27780,1800,0
2026-03-16 16:00:00,73279.38,74433.18,73149.19,73964.76,20129,1800,0
2026-03-16 20:00:00,73957.16,74925.16,73850.97,74873.5,14785,1800,0
2026-03-17 00:00:00,74867.53,76011.84,74268.75,74471.26,24256,1800,0
2026-03-17 04:00:00,74471.37,74685.61,73767.61,74260.4,14117,1800,0
2026-03-17 08:00:00,74260.33,74463.73,73552.94,74023.65,12438,1800,0
2026-03-17 12:00:00,74034.11,74912.46,73386.1,73937.72,24031,1800,0
2026-03-17 16:00:00,73936.94,74827.55,73870.22,74520.49,15266,1800,0
2026-03-17 20:00:00,74523.41,74810.03,73877.26,73936.94,9658,1800,0
2026-03-18 00:00:00,73930.31,74691.93,73549.4,74463.57,11913,1800,0
2026-03-18 04:00:00,74466.67,74510.61,73701.62,73893.58,8797,1800,0
2026-03-18 08:00:00,73890.87,74309.97,72800.06,72955.71,13055,1800,0
2026-03-18 12:00:00,72953.68,73007.4,70849.48,71470.95,29216,1800,0
2026-03-18 16:00:00,71470.93,72017.77,70892.57,71065.22,21499,1800,0
2026-03-18 20:00:00,71056.72,71440.62,70481.37,71231.16,12036,1800,0
2026-03-19 00:00:00,71230.44,71620.63,70886.21,71210.66,12270,1800,0
2026-03-19 04:00:00,71213.26,71213.26,69476.15,70183.97,16541,1800,0
2026-03-19 08:00:00,70185.28,70568.13,69887.32,69956.57,13869,1800,0
2026-03-19 12:00:00,69956.48,70167.72,68782.39,69395.08,30543,1800,0
2026-03-19 16:00:00,69400.01,70599.16,69093.66,70266.59,22596,1800,0
2026-03-19 20:00:00,70266.79,70687.59,69706.77,69913.42,10548,1800,0
2026-03-20 00:00:00,69913.23,70798.77,69826.34,70721.27,12223,1800,0
2026-03-20 04:00:00,70723.99,70967.91,70180.1,70849.0,11491,1800,0
2026-03-20 08:00:00,70851.04,71359.63,70194.57,70463.76,14260,1800,0
2026-03-20 12:00:00,70464.01,70680.7,69458.93,69835.42,28746,1400,0
2026-03-20 16:00:00,69836.61,70183.98,69357.2,70166.12,21942,1400,0
2026-03-20 20:00:00,70167.89,70913.43,69730.01,70489.91,11828,1400,0
2026-03-21 00:00:00,70487.26,70817.53,70415.06,70656.7,8125,1400,0
2026-03-21 04:00:00,70650.66,70870.2,70599.24,70704.35,7079,1400,0
2026-03-21 08:00:00,70704.29,70749.0,70476.83,70632.85,6505,1400,0
2026-03-21 12:00:00,70633.14,71094.18,70432.93,70614.87,8216,1400,0
2026-03-21 16:00:00,70611.92,70640.73,70169.64,70370.81,6671,1400,0
2026-03-21 20:00:00,70370.79,70501.93,68541.88,68907.03,11207,1400,0
2026-03-22 00:00:00,68919.55,69580.09,68225.21,69319.7,20710,1400,0
2026-03-22 04:00:00,69322.64,69520.33,68873.47,68912.15,8949,1400,0
2026-03-22 08:00:00,68912.02,68975.62,68063.56,68208.06,12290,1400,0
2026-03-22 12:00:00,68210.43,69023.92,68173.51,68834.68,11661,1400,0
2026-03-22 16:00:00,68836.98,68880.4,68128.3,68195.79,9635,1400,0
2026-03-22 20:00:00,68198.49,68496.43,67323.47,67845.73,18757,1400,0
2026-03-23 00:00:00,67844.7,68570.84,67421.39,68056.29,20430,1400,0
2026-03-23 04:00:00,68056.0,68890.09,67476.64,68291.43,19676,1400,0
2026-03-23 08:00:00,68293.75,71485.7,67887.99,70103.49,41049,1400,0
2026-03-23 12:00:00,70106.06,71814.33,69642.87,70125.45,46353,1400,0
2026-03-23 16:00:00,70125.33,71237.12,70104.94,70651.72,26721,1400,0
2026-03-23 20:00:00,70651.8,70985.97,70366.56,70866.74,11584,1400,0
2026-03-24 00:00:00,70873.78,71076.33,70249.23,70520.82,16620,1400,0
2026-03-24 04:00:00,70516.51,71392.14,70090.17,71275.2,14493,1400,0
2026-03-24 08:00:00,71268.25,71353.32,70821.54,71135.13,13854,1400,0
2026-03-24 12:00:00,71137.47,71166.01,69472.98,69835.9,31891,1400,0
2026-03-24 16:00:00,69833.67,69985.2,68876.74,69335.05,21950,1400,0
2026-03-24 20:00:00,69328.08,70806.77,69241.41,70519.35,16575,1400,0
2026-03-25 00:00:00,70527.35,71022.04,70364.27,70689.59,13165,1400,0
2026-03-25 04:00:00,70686.39,71318.13,70648.36,70912.02,10191,1400,0
2026-03-25 08:00:00,70913.6,72040.9,70762.85,71674.76,13389,1400,0
2026-03-25 12:00:00,71675.18,71950.97,70547.2,70811.57,25999,1400,0
2026-03-25 16:00:00,70799.97,71735.69,70643.42,70855.28,17197,1400,0
2026-03-25 20:00:00,70860.52,71573.29,70599.57,71308.4,9983,1400,0
2026-03-26 00:00:00,71297.52,71404.5,70643.64,70861.39,11092,1400,0
2026-03-26 04:00:00,70875.7,70881.29,69745.07,70060.2,12813,1400,0
2026-03-26 08:00:00,70057.02,70128.41,69138.56,69243.01,14328,1400,0
2026-03-26 12:00:00,69240.69,69862.3,68573.82,69040.03,22288,1400,0
2026-03-26 16:00:00,69037.27,69118.0,68099.05,68477.07,16073,1400,0
2026-03-26 20:00:00,68479.51,69436.51,68371.45,68768.81,15229,1400,0
2026-03-27 00:00:00,68769.14,69132.17,68461.05,68717.02,10524,1400,0
2026-03-27 04:00:00,68717.61,68911.99,68248.03,68480.42,10787,1400,0
2026-03-27 08:00:00,68483.83,68592.67,66185.87,66665.34,21023,1400,0
2026-03-27 12:00:00,66667.13,66747.27,65673.64,66077.53,23599,1400,0
2026-03-27 16:00:00,66076.63,66249.17,65479.34,65983.69,18991,1400,0
2026-03-27 20:00:00,65980.9,66374.06,65743.45,66352.96,7975,1400,0
2026-03-28 00:00:00,66345.96,66467.9,65865.61,66172.25,7848,1400,0
2026-03-28 04:00:00,66179.66,66524.61,66049.15,66498.41,6171,1400,0
2026-03-28 08:00:00,66497.33,66522.24,66066.53,66269.17,5736,1400,0
2026-03-28 12:00:00,66270.62,67261.24,66175.19,66959.18,11338,1400,0
2026-03-28 16:00:00,66958.93,67049.51,66625.01,66855.1,7269,1400,0
2026-03-28 20:00:00,66855.04,66963.2,66213.85,66320.68,7770,1400,0
2026-03-29 00:00:00,66319.74,67074.23,66214.43,66847.28,8523,1400,0
2026-03-29 04:00:00,66851.54,66881.31,66490.46,66606.89,7079,1400,0
2026-03-29 08:00:00,66603.07,66963.54,66340.41,66758.45,7990,1400,0
2026-03-29 12:00:00,66752.41,66816.05,66256.47,66464.93,10266,1400,0
2026-03-29 16:00:00,66468.35,66600.42,66087.96,66286.36,8366,1400,0
2026-03-29 20:00:00,66291.91,66744.61,64925.79,65959.44,19660,1400,0
2026-03-30 00:00:00,65961.45,67436.75,65727.61,67100.9,26656,1400,0
2026-03-30 04:00:00,67100.87,67754.93,67087.13,67559.05,14686,1400,0
2026-03-30 08:00:00,67552.61,67952.9,67296.76,67620.76,12202,1400,0
2026-03-30 12:00:00,67621.48,68128.88,67027.03,67577.52,21619,1400,0
2026-03-30 16:00:00,67574.91,67597.7,66169.18,66480.21,17024,1400,0
2026-03-30 20:00:00,66477.86,66948.49,66349.12,66744.43,10161,1400,0
2026-03-31 00:00:00,66736.14,68350.01,66473.38,67648.03,19154,1400,0
2026-03-31 04:00:00,67648.65,67831.19,67038.68,67310.52,12684,1400,0
2026-03-31 08:00:00,67310.54,67445.75,65914.41,66617.5,17394,1400,0
2026-03-31 12:00:00,66625.06,67733.1,66348.26,66683.58,26354,1400,0
2026-03-31 16:00:00,66685.54,68541.08,66667.44,67765.92,27412,1400,0
2026-03-31 20:00:00,67761.25,68358.39,67757.18,68220.13,11777,1400,0
2026-04-01 00:00:00,68209.63,68311.82,67505.19,68112.25,13607,1400,0
2026-04-01 04:00:00,68105.21,69291.59,67933.31,68656.17,14803,1400,0
2026-04-01 08:00:00,68641.55,68824.48,68351.94,68686.5,11645,1400,0
2026-04-01 12:00:00,68684.33,68947.79,67889.14,68894.73,23573,1400,0
2026-04-01 16:00:00,68893.96,69149.73,67901.46,68154.47,16667,1400,0
2026-04-01 20:00:00,68139.97,68535.74,67941.47,68110.49,10560,1400,0
2026-04-02 00:00:00,68108.51,68652.17,66476.02,66551.85,28357,1400,0
2026-04-02 04:00:00,66552.6,66918.5,66188.59,66899.67,10731,1400,0
2026-04-02 08:00:00,66902.69,66902.69,66092.55,66183.74,10307,1400,0
2026-04-02 12:00:00,66188.18,67101.23,65682.9,66836.7,25870,1400,0
2026-04-02 16:00:00,66827.69,67432.38,66577.98,66967.27,14852,1400,0
2026-04-02 20:00:00,66972.16,67098.67,66705.04,66887.13,8125,1400,0
2026-04-03 00:00:00,66889.92,66992.23,66263.19,66570.32,11262,1400,0
2026-04-03 04:00:00,66571.12,67263.97,66395.26,67043.16,10459,1400,0
2026-04-03 08:00:00,67035.5,67288.82,66661.43,67007.7,8568,1400,0
2026-04-03 12:00:00,67011.65,67371.31,66498.53,66816.05,11693,1400,0
2026-04-03 16:00:00,66825.34,67072.93,66748.15,66867.06,6724,1400,0
2026-04-03 20:00:00,66866.97,66980.98,66808.72,66945.71,5364,1400,0
2026-04-04 00:00:00,66946.89,66952.85,66794.99,66821.46,4484,1400,0
2026-04-04 04:00:00,66819.72,67050.47,66766.25,66996.31,4251,1400,0
2026-04-04 08:00:00,67003.89,67233.83,66889.68,67148.89,4724,1400,0
2026-04-04 12:00:00,67137.62,67571.23,67015.28,67370.98,5762,1400,0
2026-04-04 16:00:00,67379.85,67544.07,67235.99,67273.47,5807,1400,0
2026-04-04 20:00:00,67277.55,67472.57,67164.23,67290.7,4807,1400,0
2026-04-05 00:00:00,67296.12,67298.88,66926.55,67130.71,4862,1400,0
2026-04-05 04:00:00,67122.19,67179.68,66587.66,66805.08,6366,1400,0
2026-04-05 08:00:00,66802.44,67141.8,66793.13,66979.89,5273,1400,0
2026-04-05 12:00:00,66979.17,67834.47,66658.35,67284.29,9457,1400,0
2026-04-05 16:00:00,67284.45,67549.81,67144.04,67333.98,6758,1400,0
2026-04-05 20:00:00,67334.61,69120.0,67307.5,68998.46,15018,1400,0
2026-04-06 00:00:00,69000.06,69587.63,68737.52,69101.25,16967,1400,0
2026-04-06 04:00:00,69100.73,69345.98,68783.25,69099.18,9422,1400,0
2026-04-06 08:00:00,69102.49,70272.2,69051.88,69617.55,12195,1400,0
2026-04-06 12:00:00,69615.41,69980.81,69117.04,69964.1,18115,1400,0
2026-04-06 16:00:00,69969.32,70368.57,69267.19,69752.39,15008,1400,0
2026-04-06 20:00:00,69737.32,69994.51,68263.53,68834.55,12077,1400,0
2026-04-07 00:00:00,68832.48,69128.04,68257.7,68778.04,13163,1400,0
2026-04-07 04:00:00,68760.19,68984.55,68419.26,68614.6,8166,1400,0
2026-04-07 08:00:00,68616.32,69259.03,68049.78,68331.36,13711,1400,0
2026-04-07 12:00:00,68324.65,68638.86,67711.07,68144.13,18410,1400,0
2026-04-07 16:00:00,68143.26,69078.41,68051.95,68986.18,16155,1400,0
2026-04-07 20:00:00,68989.45,72762.35,68989.45,71895.61,34421,1400,0
2026-04-08 00:00:00,71893.94,72111.71,71206.37,71280.31,13336,1400,0
2026-04-08 04:00:00,71278.96,71944.11,71271.48,71640.1,9040,1400,0
2026-04-08 08:00:00,71643.1,71959.87,71397.91,71690.96,8922,1400,0
2026-04-08 12:00:00,71694.12,72886.2,70682.03,71300.33,26215,1400,0
2026-04-08 16:00:00,71299.22,71974.24,71003.43,71338.44,16471,1400,0
2026-04-08 20:00:00,71330.32,71749.23,70891.31,71073.26,9592,1400,0
2026-04-09 00:00:00,71067.92,71201.85,70451.42,70994.96,12636,1400,0
2026-04-09 04:00:00,70993.73,71135.32,70687.51,70982.89,7815,1400,0
2026-04-09 08:00:00,70987.59,71585.72,70864.28,71144.97,8201,1400,0
2026-04-09 12:00:00,71144.53,72363.27,70505.61,72148.63,22233,1400,0
2026-04-09 16:00:00,72149.98,72568.69,71723.77,72099.38,20071,1400,0
2026-04-09 20:00:00,72098.93,73174.3,71569.85,71778.89,15541,1400,0
2026-04-10 00:00:00,71780.28,72398.3,71581.3,71872.67,13170,1400,0
2026-04-10 04:00:00,71873.71,72287.0,71420.49,71498.74,8701,1400,0
2026-04-10 08:00:00,71503.34,72281.59,71417.08,72132.16,8908,1400,0
2026-04-10 12:00:00,72138.66,73334.54,71908.47,72481.29,21878,1400,0
2026-04-10 16:00:00,72488.23,73298.09,72399.76,73261.67,12265,1400,0
2026-04-10 20:00:00,73259.3,73485.81,72737.59,72982.15,8665,1400,0
2026-04-11 00:00:00,72981.48,73144.52,72691.73,72908.6,6235,1400,0
2026-04-11 04:00:00,72909.83,72985.93,72634.43,72774.81,5556,1400,0
2026-04-11 08:00:00,72775.1,72953.13,72647.51,72938.62,5315,1400,0
2026-04-11 12:00:00,72938.52,73023.17,72537.38,72879.57,7131,1400,0
2026-04-11 16:00:00,72877.96,73847.75,72841.14,73703.93,10364,1400,0
2026-04-11 20:00:00,73704.24,73726.74,72922.75,73084.66,8605,1400,0
2026-04-12 00:00:00,73084.13,73160.86,71329.59,71626.27,16239,1400,0
2026-04-12 04:00:00,71629.61,71813.67,71430.99,71703.63,7241,1400,0
2026-04-12 08:00:00,71703.74,71820.0,71364.07,71494.14,6299,1400,0
2026-04-12 12:00:00,71491.2,71533.88,70618.76,70918.26,11497,1400,0
2026-04-12 16:00:00,70919.78,71267.44,70837.71,71111.33,6775,1400,0
2026-04-12 20:00:00,71110.44,71484.78,70504.09,70743.56,12809,1400,0
2026-04-13 00:00:00,70746.38,71293.23,70614.88,70986.02,10737,1400,0
2026-04-13 04:00:00,70986.22,71162.95,70676.62,70833.56,8434,1400,0
2026-04-13 08:00:00,70834.62,71012.56,70563.28,70929.94,8369,1400,0
2026-04-13 12:00:00,70932.72,72519.84,70753.56,71892.51,21120,1400,0
2026-04-13 16:00:00,71897.19,73534.01,71695.03,73357.62,18067,1400,0
2026-04-13 20:00:00,73354.22,74933.67,73053.05,74449.54,20733,1400,0
2026-04-14 00:00:00,74448.97,74642.48,73998.31,74473.89,10758,1400,0
2026-04-14 04:00:00,74478.63,74973.48,74187.9,74584.69,8656,1400,0
2026-04-14 08:00:00,74583.12,74948.99,74320.11,74405.76,9314,1400,0
2026-04-14 12:00:00,74403.28,76114.96,74292.07,75362.38,24534,1400,0
2026-04-14 16:00:00,75359.16,75752.28,73882.4,74283.54,17911,1400,0
2026-04-14 20:00:00,74288.07,74485.06,73840.2,74169.06,11283,1400,0
2026-04-15 00:00:00,74171.72,74827.93,74148.67,74376.26,11224,1400,0
2026-04-15 04:00:00,74376.35,74476.66,73533.27,73774.23,10089,1400,0
2026-04-15 08:00:00,73764.06,74289.36,73697.3,74227.04,10321,1400,0
2026-04-15 12:00:00,74228.93,74540.27,73593.01,73849.08,18154,1400,0
2026-04-15 16:00:00,73848.15,75307.82,73766.89,75040.46,15501,1400,0
2026-04-15 20:00:00,75046.19,75464.7,74521.82,74831.3,12069,1400,0
2026-04-16 00:00:00,74829.58,75293.76,74445.09,74907.27,12127,1400,0
2026-04-16 04:00:00,74897.92,75192.28,74635.91,74714.63,8789,1400,0
2026-04-16 08:00:00,74713.23,74921.16,74283.7,74581.71,10219,1400,0
2026-04-16 12:00:00,74581.29,75040.1,73309.25,74707.91,23502,1400,0
2026-04-16 16:00:00,74716.04,75433.46,73901.86,75364.3,19948,1400,0
2026-04-16 20:00:00,75366.38,75557.94,74811.64,75160.94,12065,1400,0
2026-04-17 00:00:00,75161.47,75179.58,74527.11,74634.26,9575,1400,0
2026-04-17 04:00:00,74629.97,75116.77,74557.86,75097.55,8227,1400,0
2026-04-17 08:00:00,75091.85,76390.1,75004.57,75613.31,15642,1400,0
2026-04-17 12:00:00,75610.31,78119.59,75550.57,77827.98,38558,1400,0
2026-04-17 16:00:00,77827.68,78404.83,76989.19,77431.84,21392,1400,0
2026-04-17 20:00:00,77442.35,77658.38,76917.87,77097.59,9949,1400,0
2026-04-18 00:00:00,77095.16,77457.03,76987.23,77044.03,8358,1400,0
2026-04-18 04:00:00,77044.73,77306.46,76898.41,77015.86,6803,1400,0
2026-04-18 08:00:00,77019.54,77066.91,75774.75,76055.67,11986,1400,0
2026-04-18 12:00:00,76058.64,76403.92,75806.26,76187.65,10003,1400,0
2026-04-18 16:00:00,76194.38,76244.33,75457.44,75667.86,9673,1400,0
2026-04-18 20:00:00,75673.31,75925.95,75622.55,75730.32,6821,1400,0
2026-04-19 00:00:00,75729.98,75876.38,75389.27,75544.29,8208,1400,0
2026-04-19 04:00:00,75544.75,75820.6,74907.74,75284.21,8396,1400,0
2026-04-19 08:00:00,75283.16,75671.68,74942.47,75623.12,9186,1400,0
2026-04-19 12:00:00,75636.67,76274.3,75419.08,75884.47,14628,1400,0
2026-04-19 16:00:00,75880.8,75892.09,74606.78,74979.0,16402,1400,0
2026-04-19 20:00:00,74979.16,74983.24,73782.31,73823.92,18380,1400,0
2026-04-20 00:00:00,73827.08,74776.19,73726.86,74664.02,11826,1400,0
2026-04-20 04:00:00,74666.88,75602.19,74115.37,74858.39,12893,1400,0
2026-04-20 08:00:00,74860.52,75437.99,74630.62,75209.64,12698,1400,0
2026-04-20 12:00:00,75214.2,75816.55,74726.03,75737.66,29533,1400,0
2026-04-20 16:00:00,75745.62,76514.09,75304.74,76318.98,16338,1400,0
2026-04-20 20:00:00,76317.64,76613.55,75643.21,75868.18,9492,1400,0
2026-04-21 00:00:00,75868.91,76293.11,75505.21,75728.88,9708,1400,0
2026-04-21 04:00:00,75724.89,76343.67,75620.69,76113.19,8624,1400,0
2026-04-21 08:00:00,76114.74,76959.47,76084.28,76477.18,12397,1400,0
2026-04-21 12:00:00,76484.23,76625.28,75424.71,75848.22,24221,1400,0
2026-04-21 16:00:00,75850.37,76209.52,74824.99,75027.34,23170,1400,0
2026-04-21 20:00:00,75029.81,76453.22,74980.0,76348.32,12372,1400,0
2026-04-22 00:00:00,76353.11,77751.95,76145.11,77539.26,15431,1400,0
2026-04-22 04:00:00,77538.24,78480.94,77376.02,78026.23,12693,1400,0
2026-04-22 08:00:00,78027.59,78431.32,77939.31,78315.28,10058,1400,0
2026-04-22 12:00:00,78316.35,79446.96,78127.1,79314.84,22755,1400,0
2026-04-22 16:00:00,79316.53,79519.63,78640.14,78871.77,13621,1400,0
2026-04-22 20:00:00,78869.8,78944.29,78173.94,78211.51,8984,1400,0
2026-04-23 00:00:00,78209.26,78607.08,77469.21,77760.7,18000,1400,0
2026-04-23 04:00:00,77756.77,78370.81,77694.4,78073.69,9829,1400,0
2026-04-23 08:00:00,78076.19,78209.86,76755.7,77715.67,11638,1400,0
2026-04-23 12:00:00,77729.06,78701.81,77395.92,78394.01,19089,1400,0
2026-04-23 16:00:00,78399.52,78543.37,76975.11,77734.93,22598,1400,0
2026-04-23 20:00:00,77732.53,78359.85,77657.25,78270.56,8465,1400,0
2026-04-24 00:00:00,78276.1,78610.61,77572.52,77749.14,10590,1400,0
2026-04-24 04:00:00,77742.23,78082.93,77455.87,77677.25,8723,1400,0
2026-04-24 08:00:00,77676.89,78402.11,77420.02,78253.77,11549,1400,0
2026-04-24 12:00:00,78253.24,78497.0,77590.75,78059.23,18354,1400,0
2026-04-24 16:00:00,78060.32,78090.42,77373.06,77655.8,11359,1400,0
2026-04-24 20:00:00,77653.74,77788.59,77269.97,77458.63,6613,1400,0
2026-04-25 00:00:00,77450.38,77739.29,77327.3,77693.72,5379,1400,0
2026-04-25 04:00:00,77687.46,77720.88,77463.12,77502.9,4773,1400,0
2026-04-25 08:00:00,77513.04,77905.13,77499.29,77699.54,5438,1400,0
2026-04-25 12:00:00,77705.69,77771.49,77328.06,77353.4,5677,1400,0
2026-04-25 16:00:00,77353.18,77479.55,77167.84,77324.44,6276,1400,0
2026-04-25 20:00:00,77325.46,77667.9,77310.83,77637.96,5297,1400,0
2026-04-26 00:00:00,77639.57,77656.72,77339.65,77403.74,5173,1400,0
2026-04-26 04:00:00,77398.22,78217.46,77385.83,78116.0,7070,1400,0
2026-04-26 08:00:00,78119.95,78241.39,77935.51,78108.13,5493,1400,0
2026-04-26 12:00:00,78106.31,78190.28,77777.53,78061.73,6556,1400,0
2026-04-26 16:00:00,78062.97,78524.46,77861.25,78252.37,7511,1400,0
2026-04-26 20:00:00,78258.03,78991.18,77854.58,78666.81,13778,1400,0
2026-04-27 00:00:00,78667.9,79509.98,78397.07,79119.4,15483,1400,0
2026-04-27 04:00:00,79135.46,79178.83,77462.53,77612.03,13768,1400,0
2026-04-27 08:00:00,77611.36,77995.76,77555.24,77839.27,7404,1400,0
2026-04-27 12:00:00,77836.69,78270.23,76552.01,76785.83,18963,1400,0
2026-04-27 16:00:00,76777.87,76929.62,76425.03,76871.67,10981,1400,0
2026-04-27 20:00:00,76874.91,77450.1,76751.92,77352.15,6447,1400,0
2026-04-28 00:00:00,77353.19,77488.36,76655.85,76803.03,9351,1400,0
2026-04-28 04:00:00,76804.3,77158.98,76387.83,76869.64,8619,1400,0
2026-04-28 08:00:00,76871.21,77000.09,76104.86,76225.48,9227,1400,0
2026-04-28 12:00:00,76222.0,76425.58,75641.09,76041.64,17940,1400,0
2026-04-28 16:00:00,76050.35,76369.11,75859.69,76319.71,9527,1400,0
2026-04-28 20:00:00,76318.95,76483.66,76165.7,76312.53,6189,1400,0
2026-04-29 00:00:00,76314.59,77118.07,76152.81,76980.05,9633,1400,0
2026-04-29 04:00:00,76990.6,77448.85,76860.01,77019.33,8163,1400,0
2026-04-29 08:00:00,77019.91,77909.1,76939.54,77574.46,9901,1400,0
2026-04-29 12:00:00,77571.31,77589.19,75676.16,75877.66,17036,1400,0
2026-04-29 16:00:00,75893.17,76221.12,74878.8,75526.0,17075,1400,0
2026-04-29 20:00:00,75521.85,76069.74,75452.43,75752.8,9422,1400,0
2026-04-30 00:00:00,75752.86,76460.08,75457.49,75889.55,12644,1400,0
2026-04-30 04:00:00,75888.91,76152.32,75276.99,76128.64,10023,1400,0
2026-04-30 08:00:00,76139.5,76326.95,75836.46,76035.21,8619,1400,0
2026-04-30 12:00:00,76031.12,76645.79,76003.94,76436.98,15688,1400,0
2026-04-30 16:00:00,76430.84,76485.93,76059.54,76375.98,9008,1400,0
2026-04-30 20:00:00,76372.99,76543.23,76154.32,76314.47,6220,1400,0
2026-05-01 00:00:00,76316.55,77436.09,76268.86,77094.33,8701,1400,0
2026-05-01 04:00:00,77096.18,77179.5,76841.88,77103.16,6813,1400,0
2026-05-01 08:00:00,77103.09,77600.2,77023.22,77444.3,6739,1400,0
2026-05-01 12:00:00,77445.59,78927.86,77384.63,78424.59,17748,1400,0
2026-05-01 16:00:00,78424.24,78686.9,78105.24,78359.2,10970,1400,0
2026-05-01 20:00:00,78361.37,78429.06,77744.63,78229.63,7001,1400,0
2026-05-02 00:00:00,78224.26,78541.3,78153.39,78405.17,6067,1400,0
2026-05-02 04:00:00,78407.37,78441.29,78013.12,78223.01,5053,1400,0
2026-05-02 08:00:00,78223.82,78401.11,78085.19,78137.37,4283,1400,0
2026-05-02 12:00:00,78133.49,78490.36,78093.43,78482.72,4605,1400,0
2026-05-02 16:00:00,78477.1,78607.34,78306.05,78472.2,4492,1400,0
2026-05-02 20:00:00,78475.92,79174.72,78403.26,78678.7,6202,1400,0
2026-05-03 00:00:00,78684.37,78756.45,78100.73,78184.39,6322,1400,0
2026-05-03 04:00:00,78189.26,78445.8,78061.13,78356.29,5095,1400,0
2026-05-03 08:00:00,78352.66,78848.48,78325.55,78655.02,5641,1400,0
2026-05-03 12:00:00,78658.02,78880.97,78572.07,78652.49,5719,1400,0
2026-05-03 16:00:00,78652.78,78856.65,78538.89,78757.77,5118,1400,0
2026-05-03 20:00:00,78750.66,79452.65,78459.42,78565.6,12453,1400,0
2026-05-04 00:00:00,78558.18,80451.27,78255.79,80298.89,19836,1400,0
2026-05-04 04:00:00,80297.05,80623.33,79472.73,79692.69,10224,1400,0
2026-05-04 08:00:00,79693.18,79916.7,78176.1,78779.24,17415,1400,0
2026-05-04 12:00:00,78767.4,80563.39,78475.47,80020.39,23861,1400,0
2026-05-04 16:00:00,80023.3,80789.42,79595.15,80048.1,16452,1400,0
2026-05-04 20:00:00,80041.08,80394.95,79727.62,79848.46,6892,1400,0
2026-05-05 00:00:00,79845.98,81089.38,79775.23,80870.62,9703,1400,0
2026-05-05 04:00:00,80867.82,81332.27,80706.87,80851.34,9616,1400,0
2026-05-05 08:00:00,80846.77,81114.88,80508.25,81020.74,7289,1400,0
2026-05-05 12:00:00,81021.73,81709.43,80924.08,81539.39,16397,1400,0
2026-05-05 16:00:00,81540.12,81681.8,81047.63,81606.41,9626,1400,0
2026-05-05 20:00:00,81590.59,81785.74,80762.65,80901.61,11361,1400,0
2026-05-06 00:00:00,80897.69,81743.62,80708.02,81579.03,10334,1400,0
2026-05-06 04:00:00,81579.13,81635.71,81029.22,81365.72,8199,1400,0
2026-05-06 08:00:00,81363.98,82840.99,81308.06,82516.74,15269,1400,0
2026-05-06 12:00:00,82518.72,82539.38,81108.78,81686.63,19282,1400,0
2026-05-06 16:00:00,81688.84,81890.46,81166.62,81443.36,10538,1400,0
2026-05-06 20:00:00,81441.48,81702.86,80967.97,81424.0,7571,1400,0
2026-05-07 00:00:00,81425.13,81478.15,80820.53,80842.46,10094,1400,0
2026-05-07 04:00:00,80845.62,81713.44,80712.07,81515.64,8321,1400,0
2026-05-07 08:00:00,81515.74,81596.01,80547.37,80861.43,8966,1400,0
2026-05-07 12:00:00,80857.67,81200.38,79643.66,79895.2,18014,1400,0
2026-05-07 16:00:00,79898.06,80282.08,79476.9,80135.07,13923,1400,0
2026-05-07 20:00:00,80137.36,80373.59,79564.57,80009.88,8155,1400,0
2026-05-08 00:00:00,80009.79,80146.93,79158.14,79568.26,10189,1400,0
2026-05-08 04:00:00,79560.52,79774.75,79227.82,79658.38,8791,1400,0
2026-05-08 08:00:00,79661.87,80332.64,79647.5,80219.29,8911,1400,0
2026-05-08 12:00:00,80227.86,80512.21,79515.39,80123.16,17070,1400,0
2026-05-08 16:00:00,80128.06,80294.27,79702.9,80162.88,11188,1400,0
2026-05-08 20:00:00,80165.51,80412.64,80065.9,80187.85,6195,1400,0
2026-05-09 00:00:00,80189.73,80563.99,80113.12,80384.79,5951,1400,0
2026-05-09 04:00:00,80383.79,80676.18,80108.15,80215.89,5744,1400,0
2026-05-09 08:00:00,80215.26,80434.08,80149.78,80332.39,4826,1400,0
2026-05-09 12:00:00,80330.83,80597.85,80223.33,80515.97,5354,1400,0
2026-05-09 16:00:00,80521.29,81076.22,80468.19,80920.93,7053,1400,0
2026-05-09 20:00:00,80922.06,80935.23,80600.78,80655.42,4913,1400,0
2026-05-10 00:00:00,80650.96,80883.76,80541.21,80755.82,5604,1400,0
2026-05-10 04:00:00,80758.8,80830.46,80634.1,80718.07,4834,1400,0
2026-05-10 08:00:00,80725.81,80965.06,80665.72,80812.98,5359,1400,0
2026-05-10 12:00:00,80811.43,81440.45,80773.75,81391.83,7488,1400,0
2026-05-10 16:00:00,81395.64,81587.37,81135.2,81420.63,7683,1400,0
2026-05-10 20:00:00,81421.05,82472.3,80256.04,82198.21,19949,1400,0
2026-05-11 00:00:00,82193.39,82373.49,80487.11,80714.21,15979,1400,0
2026-05-11 04:00:00,80715.88,81040.18,80615.33,80720.71,7705,1400,0
2026-05-11 08:00:00,80711.19,81201.82,80593.73,81187.23,7849,1400,0
2026-05-11 12:00:00,81190.18,81445.37,80411.75,81409.0,15461,1400,0
2026-05-11 16:00:00,81426.28,82131.52,81313.98,81946.67,12815,1400,0
2026-05-11 20:00:00,81949.73,82068.26,81561.07,81718.03,7607,1400,0
2026-05-12 00:00:00,81718.28,81774.99,80677.56,81033.62,9482,1400,0
2026-05-12 04:00:00,81041.97,81293.28,80769.87,80831.47,6647,1400,0
2026-05-12 08:00:00,80829.88,80943.42,80450.12,80746.53,7447,1400,0
2026-05-12 12:00:00,80751.78,80983.01,80143.34,80294.92,15239,1400,0
2026-05-12 16:00:00,80298.27,80850.37,79801.71,80814.44,10437,1400,0
2026-05-12 20:00:00,80816.08,80872.48,80408.81,80485.12,6229,1400,0
2026-05-13 00:00:00,80483.56,81286.96,80379.95,81241.39,8448,1400,0
2026-05-13 04:00:00,81235.68,81268.5,80858.29,80989.1,5320,1400,0
2026-05-13 08:00:00,81004.44,81280.65,80457.27,80475.13,7367,1400,0
2026-05-13 12:00:00,80474.5,80571.2,78753.65,78794.89,16867,1400,0
2026-05-13 16:00:00,78797.18,79782.02,78705.17,79614.35,9891,1400,0
2026-05-13 20:00:00,79616.24,79740.04,79180.13,79292.03,7594,1400,0
2026-05-14 00:00:00,79292.79,79664.6,78877.04,79008.39,10737,1400,0
2026-05-14 04:00:00,79009.26,79970.92,78940.88,79713.33,8871,1400,0
2026-05-14 08:00:00,79713.43,79909.89,79183.64,79212.1,8078,1400,0
2026-05-14 12:00:00,79219.47,81320.57,79193.89,81282.7,17386,1400,0
2026-05-14 16:00:00,81285.42,82051.46,81071.14,81425.62,17122,1400,0
2026-05-14 20:00:00,81426.28,81618.61,81024.27,81076.84,7587,1400,0
2026-05-15 00:00:00,81076.82,81652.83,80720.78,81046.87,12517,1400,0
2026-05-15 04:00:00,81035.5,81091.06,80289.84,80807.65,11155,1400,0
2026-05-15 08:00:00,80813.53,80825.09,80355.84,80608.55,8816,1400,0
2026-05-15 12:00:00,80605.5,80632.78,78591.69,79120.32,21024,1400,0
2026-05-15 16:00:00,79113.03,79535.61,78993.33,79096.43,10564,1400,0
2026-05-15 20:00:00,79095.14,79180.25,78846.63,79067.78,6224,1400,0
2026-05-16 00:00:00,79069.02,79187.34,78951.24,79046.1,5348,1400,0
2026-05-16 04:00:00,79042.54,79085.84,78014.71,78330.84,8960,1400,0
2026-05-16 08:00:00,78328.58,78517.73,77600.5,78052.27,10116,1400,0
2026-05-16 12:00:00,78051.76,78316.96,77801.46,78193.61,7272,1400,0
2026-05-16 16:00:00,78197.48,78344.94,78066.5,78230.71,5412,1400,0
2026-05-16 20:00:00,78231.4,78291.66,78082.85,78102.91,4654,1400,0
2026-05-17 00:00:00,78103.05,78201.31,77682.02,77984.61,7562,1400,0
2026-05-17 04:00:00,77984.53,78297.49,77951.8,78145.26,4843,1400,0
2026-05-17 08:00:00,78153.21,78576.62,77989.16,78383.36,6498,1400,0
2026-05-17 12:00:00,78383.41,78521.37,77801.42,78013.42,7288,1400,0
2026-05-17 16:00:00,78010.52,78434.68,77809.93,78362.25,6439,1400,0
2026-05-17 20:00:00,78360.85,78454.33,76673.8,77401.57,13373,1400,0
2026-05-18 00:00:00,77412.7,77434.07,76647.56,76890.83,16571,1400,0
2026-05-18 04:00:00,76890.49,77046.21,76518.29,77021.36,9833,1400,0
2026-05-18 08:00:00,77020.3,77358.42,76605.68,77240.53,9288,1400,0
2026-05-18 12:00:00,77247.07,77760.79,75985.45,76374.07,23968,1400,0
2026-05-18 16:00:00,76374.4,76932.57,76074.87,76861.96,16158,1400,0
2026-05-18 20:00:00,76867.11,77171.84,76735.61,76937.9,7988,1400,0
2026-05-19 00:00:00,76934.82,77364.61,76415.37,76723.02,10235,1400,0
2026-05-19 04:00:00,76721.92,77225.14,76561.45,77173.03,8403,1400,0
2026-05-19 08:00:00,77172.39,77263.27,76553.67,76640.95,9158,1400,0
2026-05-19 12:00:00,76636.91,76993.86,76068.59,76458.76,15890,1400,0
2026-05-19 16:00:00,76461.16,77014.06,76333.23,76755.59,9624,1400,0
2026-05-19 20:00:00,76753.98,76978.52,76573.31,76775.38,6043,1400,0
2026-05-20 00:00:00,76772.6,76861.05,76440.98,76646.52,10129,1400,0
2026-05-20 04:00:00,76649.38,77400.79,76604.05,77199.64,7159,1400,0
2026-05-20 08:00:00,77194.74,77597.56,77120.36,77300.75,6045,1400,0
2026-05-20 12:00:00,77301.22,77794.99,76812.7,77385.46,16910,1400,0
2026-05-20 16:00:00,77382.27,77643.79,76929.51,77600.92,10661,1400,0
2026-05-20 20:00:00,77594.02,77706.56,77137.52,77470.99,7438,1400,0
2026-05-21 00:00:00,77474.38,78115.69,77427.67,77995.24,7578,1400,0
2026-05-21 04:00:00,77989.14,78098.44,77429.57,77795.07,6658,1400,0
2026-05-21 08:00:00,77796.13,78144.5,77053.69,77122.16,10023,1400,0
2026-05-21 12:00:00,77124.6,77337.98,76646.59,77183.78,15050,1400,0
2026-05-21 16:00:00,77185.07,78023.72,76912.92,77620.41,14162,1400,0
2026-05-21 20:00:00,77625.5,77745.62,77449.37,77555.11,5989,1400,0
2026-05-22 00:00:00,77555.55,77744.55,77246.89,77708.54,6844,1400,0
2026-05-22 04:00:00,77706.82,77830.6,77186.8,77320.31,6124,1400,0
2026-05-22 08:00:00,77323.45,77462.75,77073.86,77349.67,6567,1400,0
2026-05-22 12:00:00,77348.86,77502.1,76472.89,76696.93,11841,1400,0
2026-05-22 16:00:00,76688.97,77016.48,75561.19,75781.6,14361,1400,0
2026-05-22 20:00:00,75781.2,75999.0,75260.94,75446.78,8871,1400,0
2026-05-23 00:00:00,75453.55,75582.26,75113.08,75544.55,7739,1400,0
2026-05-23 04:00:00,75540.77,75569.81,74154.51,74528.56,8355,1400,0
2026-05-23 08:00:00,74534.87,74787.0,74255.2,74702.43,6620,1400,0
2026-05-23 12:00:00,74709.97,75624.32,74566.76,75425.48,7669,1400,0
2026-05-23 16:00:00,75425.7,75947.88,75265.86,75892.96,7948,1400,0
2026-05-23 20:00:00,75887.27,77317.53,75848.84,76638.13,15569,1400,0
2026-05-24 00:00:00,76657.63,76909.32,76521.24,76638.91,6320,1400,0
2026-05-24 04:00:00,76643.33,76981.71,76540.84,76717.44,5529,1400,0
2026-05-24 08:00:00,76712.28,77529.75,76624.68,77218.77,7090,1400,0
2026-05-24 12:00:00,77218.69,77224.57,76092.61,76283.61,9912,1400,0
2026-05-24 16:00:00,76285.78,76714.3,76266.9,76667.81,7584,1400,0
2026-05-24 20:00:00,76668.39,77131.31,75993.72,76982.14,12627,1400,0
2026-05-25 00:00:00,76984.08,77401.2,76822.02,76929.87,9628,1400,0
2026-05-25 04:00:00,76929.83,77588.09,76885.68,77311.75,7573,1400,0
2026-05-25 08:00:00,77309.53,77627.49,77183.99,77282.93,6106,1400,0
2026-05-25 12:00:00,77282.35,77848.45,77195.7,77544.01,7863,1400,0
2026-05-25 16:00:00,77543.76,77752.4,77269.29,77359.29,6013,1400,0
2026-05-25 20:00:00,77355.03,77438.17,76970.57,77242.49,6943,1400,0
2026-05-26 00:00:00,77243.31,77281.8,76382.26,76582.19,9768,1400,0
2026-05-26 04:00:00,76586.71,76983.01,76503.98,76623.39,6219,1400,0
2026-05-26 08:00:00,76634.62,77543.38,76477.26,77101.65,9283,1400,0
2026-05-26 12:00:00,77101.03,78002.01,76165.1,76399.58,19687,1400,0
2026-05-26 16:00:00,76407.25,76610.66,75632.01,75917.44,12716,1400,0
2026-05-26 20:00:00,75922.54,76075.3,75551.08,75823.21,7208,1400,0
2026-05-27 00:00:00,75823.3,76003.04,75468.4,75545.08,7386,1400,0
2026-05-27 04:00:00,75543.69,75857.24,75184.06,75845.84,7156,1400,0
2026-05-27 08:00:00,75837.92,75956.97,75578.3,75646.29,6392,1400,0
2026-05-27 12:00:00,75648.56,76058.02,74626.32,75198.37,18389,1400,0
2026-05-27 16:00:00,75201.8,75280.02,74514.32,74921.74,11452,1400,0
2026-05-27 20:00:00,74921.82,75286.53,74123.35,74323.57,12832,1400,0
2026-05-28 00:00:00,74318.14,74462.45,72951.37,73139.0,15579,1400,0
2026-05-28 04:00:00,73138.95,73383.76,72583.01,73355.82,11637,1400,0
2026-05-28 08:00:00,73355.43,73503.62,73061.13,73379.63,7156,1400,0
2026-05-28 12:00:00,73381.15,73459.89,72446.99,72799.99,18278,1400,0
2026-05-28 16:00:00,72797.1,73642.26,72591.0,73304.37,10840,1400,0
2026-05-28 20:00:00,73301.63,73854.15,73122.8,73510.55,6937,1400,0
2026-05-29 00:00:00,73516.58,73774.71,73076.35,73200.23,7810,1400,0
2026-05-29 04:00:00,73200.16,73843.81,73086.69,73431.99,6759,1400,0
2026-05-29 08:00:00,73422.55,73803.38,73234.2,73379.9,6395,1400,0
2026-05-29 12:00:00,73382.09,74104.52,72378.42,73700.32,19963,1400,0
2026-05-29 16:00:00,73701.55,74228.51,73063.64,73408.44,14052,1400,0
2026-05-29 20:00:00,73402.4,73757.76,73209.76,73364.55,6818,1400,0
2026-05-30 00:00:00,73373.47,73698.86,73297.98,73425.72,5179,1400,0
2026-05-30 04:00:00,73426.29,73623.72,73081.39,73449.87,5738,1400,0
2026-05-30 08:00:00,73446.45,73581.72,73392.12,73497.11,4040,1400,0
2026-05-30 12:00:00,73502.05,74007.35,73480.07,73806.78,5716,1400,0
2026-05-30 16:00:00,73810.2,74035.84,73693.97,73901.16,4923,1400,0
2026-05-30 20:00:00,73896.88,73953.0,73670.33,73782.04,4964,1400,0
2026-05-31 00:00:00,73777.04,74172.68,73734.4,74037.72,6012,1400,0
2026-05-31 04:00:00,74038.16,74114.38,73710.69,73758.58,4634,1400,0
2026-05-31 08:00:00,73758.5,73923.78,73613.97,73833.11,4790,1400,0
2026-05-31 12:00:00,73827.85,73915.28,73356.96,73535.9,6602,1400,0
2026-05-31 16:00:00,73544.15,73642.12,73282.15,73443.31,5645,1400,0
2026-05-31 20:00:00,73443.43,74101.02,73392.71,73583.17,8196,1400,0
2026-06-01 00:00:00,73583.42,73994.67,73105.31,73663.97,11389,1400,0
2026-06-01 04:00:00,73664.87,73749.18,72594.36,72711.66,9952,1400,0
2026-06-01 08:00:00,72711.72,73010.19,72127.02,72393.91,8954,1400,0
2026-06-01 12:00:00,72398.64,72524.69,70932.86,71009.68,24361,1400,0
2026-06-01 16:00:00,71005.89,71705.02,70564.38,71495.33,13233,1400,0
2026-06-01 20:00:00,71493.61,71613.02,70739.97,71317.09,9607,1400,0
2026-06-02 00:00:00,71322.32,71325.02,69975.12,70832.97,14563,1400,0
2026-06-02 04:00:00,70833.42,70949.57,69610.78,70015.07,14363,1400,0
2026-06-02 08:00:00,70011.83,70077.33,69206.92,69353.76,13560,1400,0
2026-06-02 12:00:00,69354.53,69435.89,66940.08,67183.68,31670,1400,0
2026-06-02 16:00:00,67183.56,68034.28,66316.73,67213.72,22202,1400,0
2026-06-02 20:00:00,67219.05,67829.95,66084.62,66660.72,26974,1400,0
2026-06-03 00:00:00,66658.03,67125.41,65317.76,65767.09,20550,1400,0
2026-06-03 04:00:00,65760.77,67426.67,65732.08,67127.3,19646,1400,0
2026-06-03 08:00:00,67126.59,67388.16,66549.18,66972.8,11615,1400,0
2026-06-03 12:00:00,66974.11,67158.29,65960.18,65973.56,25811,1400,0
2026-06-03 16:00:00,65982.91,66288.26,65138.5,65382.79,25048,1400,0
2026-06-03 20:00:00,65373.79,65768.15,63988.64,64055.82,32378,1400,0
2026-06-04 00:00:00,64049.4,64338.83,62982.58,63228.07,10263,1400,0
