time,open,high,low,close,tick_volume,spread,real_volume
2025-11-07 17:00:00,101091.55,102661.81,100862.04,102320.45,8327,1800,0
2025-11-07 18:00:00,102318.03,102795.9,102225.84,102541.97,7894,1800,0
2025-11-07 19:00:00,102542.35,103347.33,102414.93,103347.33,5989,1800,0
2025-11-07 20:00:00,103345.37,103861.81,102892.98,103736.78,5827,1800,0
2025-11-07 21:00:00,103737.14,103840.02,103291.19,103839.39,2978,1800,0
2025-11-07 22:00:00,103839.88,104054.55,103540.43,103574.94,2583,1800,0
2025-11-07 23:00:00,103580.36,103726.13,103260.85,103283.51,2201,1800,0
2025-11-08 00:00:00,103283.19,103339.02,102463.64,102637.64,3848,1800,0
2025-11-08 01:00:00,102640.17,103163.36,102582.3,102927.15,3121,1800,0
2025-11-08 02:00:00,102927.63,103280.38,102697.37,102797.97,2720,1800,0
2025-11-08 03:00:00,102791.46,103242.39,102523.21,102524.81,2809,1800,0
2025-11-08 04:00:00,102524.18,102780.65,102325.56,102502.84,3080,1800,0
2025-11-08 05:00:00,102501.89,102674.79,102217.53,102245.91,2454,1800,0
2025-11-08 06:00:00,102246.6,102465.27,102031.13,102167.19,2921,1800,0
2025-11-08 07:00:00,102169.36,102348.51,101852.22,102287.06,2527,1800,0
2025-11-08 08:00:00,102287.21,102636.76,102107.17,102381.49,2368,1800,0
2025-11-08 09:00:00,102383.58,102553.04,102166.85,102342.54,1839,1800,0
2025-11-08 10:00:00,102342.35,102521.86,102242.85,102420.58,1639,1800,0
2025-11-08 11:00:00,102420.18,102592.45,101656.76,101807.12,2928,1800,0
2025-11-08 12:00:00,101798.94,102059.38,101680.03,102003.65,2735,1800,0
2025-11-08 13:00:00,102006.31,102149.21,101655.98,101764.39,2884,1800,0
2025-11-08 14:00:00,101760.68,102052.83,101407.72,101792.36,3666,1800,0
2025-11-08 15:00:00,101789.3,101921.5,101451.3,101686.88,2670,1800,0
2025-11-08 16:00:00,101685.67,101922.75,101484.04,101815.59,3061,1800,0
2025-11-08 17:00:00,101815.69,101991.59,101545.31,101959.1,2211,1800,0
2025-11-08 18:00:00,101960.3,102194.37,101802.68,102101.08,1969,1800,0
2025-11-08 19:00:00,102100.07,102154.06,101494.12,101948.17,2051,1800,0
2025-11-08 20:00:00,101948.26,102132.76,101915.72,102039.18,1515,1800,0
2025-11-08 21:00:00,102035.83,102345.86,101991.49,102240.11,1603,1800,0
2025-11-08 22:00:00,102240.0,102390.73,102137.94,102334.79,1302,1800,0
2025-11-08 23:00:00,102334.1,102453.95,102249.25,102282.32,1471,1800,0
2025-11-09 00:00:00,102282.85,102311.06,101598.3,101760.3,2431,1800,0
2025-11-09 01:00:00,101759.41,102073.45,101651.24,102011.27,2116,1800,0
2025-11-09 02:00:00,102011.47,102011.47,101539.07,101605.68,2064,1800,0
2025-11-09 03:00:00,101608.28,101780.7,101319.2,101634.93,2704,1800,0
2025-11-09 04:00:00,101635.87,102102.82,101607.43,101701.55,2020,1800,0
2025-11-09 05:00:00,101701.61,101996.38,101647.67,101894.87,1950,1800,0
2025-11-09 06:00:00,101901.7,101939.9,101673.81,101721.8,1588,1800,0
2025-11-09 07:00:00,101721.73,101956.77,101636.42,101919.76,1861,1800,0
2025-11-09 08:00:00,101918.11,102031.47,101793.82,101959.59,1758,1800,0
2025-11-09 09:00:00,101966.95,102107.25,101607.76,101642.39,2182,1800,0
2025-11-09 10:00:00,101642.28,101899.74,101487.81,101847.37,2388,1800,0
2025-11-09 11:00:00,101847.49,102294.53,101847.49,102224.3,2703,1800,0
2025-11-09 12:00:00,102233.37,102407.9,102029.01,102064.96,2353,1800,0
2025-11-09 13:00:00,102069.62,102969.2,102048.12,102887.02,3483,1800,0
2025-11-09 14:00:00,102886.98,104025.37,102734.89,103020.3,6961,1800,0
2025-11-09 15:00:00,103017.52,104202.86,102941.01,103733.14,4400,1800,0
2025-11-09 16:00:00,103732.08,103889.64,103297.98,103823.09,3442,1800,0
2025-11-09 17:00:00,103822.99,103947.4,103314.15,103613.77,2739,1800,0
2025-11-09 18:00:00,103613.64,104580.43,103487.23,104489.49,2961,1800,0
2025-11-09 19:00:00,104481.82,104795.46,104118.8,104792.65,3969,1800,0
2025-11-09 20:00:00,104790.96,105057.87,104378.6,104607.64,3360,1800,0
2025-11-09 21:00:00,104609.77,104824.33,104275.82,104508.34,2591,1800,0
2025-11-09 22:00:00,104504.92,104802.93,104047.7,104697.1,3255,1800,0
2025-11-09 23:00:00,104701.59,105455.82,104503.99,104689.19,5234,1800,0
2025-11-10 00:00:00,104686.19,106500.77,104225.62,106283.41,7496,1800,0
2025-11-10 01:00:00,106282.69,106666.46,105694.78,105703.84,6171,1800,0
2025-11-10 02:00:00,105703.72,106039.2,105574.76,105985.22,3746,1800,0
2025-11-10 03:00:00,105981.72,106267.33,105822.84,106012.06,3877,1800,0
2025-11-10 04:00:00,106019.27,106292.42,105815.27,106135.83,2783,1800,0
2025-11-10 05:00:00,106138.78,106457.26,105978.2,106084.5,3055,1800,0
2025-11-10 06:00:00,106084.25,106295.08,105928.01,106193.76,2486,1800,0
2025-11-10 07:00:00,106193.09,106526.62,106119.43,106436.51,2432,1800,0
2025-11-10 08:00:00,106436.39,106546.64,105876.51,105956.8,2753,1800,0
2025-11-10 09:00:00,105956.63,106600.81,105796.83,106434.72,3282,1800,0
2025-11-10 10:00:00,106435.51,106448.61,105940.48,105972.3,2064,1800,0
2025-11-10 11:00:00,105975.18,106310.58,105923.72,106162.32,2057,1800,0
2025-11-10 12:00:00,106159.75,106201.72,105855.38,105926.16,2837,1800,0
2025-11-10 13:00:00,105928.25,106585.87,105887.55,106521.27,3710,1800,0
2025-11-10 14:00:00,106518.98,106518.98,104638.35,104863.97,6769,1800,0
2025-11-10 15:00:00,104861.49,105604.71,104639.71,105054.18,7802,1800,0
2025-11-10 16:00:00,105053.7,105337.57,104753.51,105197.82,6088,1800,0
2025-11-10 17:00:00,105195.41,105952.85,105138.84,105915.2,3650,1800,0
2025-11-10 18:00:00,105920.69,106066.68,105432.15,105452.44,3244,1800,0
2025-11-10 19:00:00,105448.8,106025.6,105362.39,105797.88,3471,1800,0
2025-11-10 20:00:00,105796.69,106265.87,105783.0,105977.29,3499,1800,0
2025-11-10 21:00:00,105980.28,105995.91,105217.23,105598.7,3267,1800,0
2025-11-10 22:00:00,105597.82,106103.28,105331.7,106019.09,2306,1800,0
2025-11-10 23:00:00,106023.59,106246.36,105845.48,105976.68,2983,1800,0
2025-11-11 00:00:00,105978.78,106123.15,105458.07,106104.45,3691,1800,0
2025-11-11 01:00:00,106106.12,107474.23,105990.04,106068.82,7469,1800,0
2025-11-11 02:00:00,106069.29,107111.45,105567.76,106611.45,6348,1800,0
2025-11-11 03:00:00,106615.9,107052.54,106324.13,106427.86,3921,1800,0
2025-11-11 04:00:00,106432.15,106520.81,105665.23,105728.3,3221,1800,0
2025-11-11 05:00:00,105728.49,105728.49,105118.25,105231.57,3714,1800,0
2025-11-11 06:00:00,105230.32,105322.23,104852.25,105222.44,3161,1800,0
2025-11-11 07:00:00,105224.72,105305.75,104709.93,104760.95,3236,1800,0
2025-11-11 08:00:00,104762.19,105236.97,104736.01,105124.5,3133,1800,0
2025-11-11 09:00:00,105134.36,105475.87,104887.5,104955.69,2795,1800,0
2025-11-11 10:00:00,104952.13,105224.71,104903.44,105148.92,2560,1800,0
2025-11-11 11:00:00,105143.12,105494.36,105121.93,105286.77,2486,1800,0
2025-11-11 12:00:00,105288.75,105487.26,104379.58,104529.34,4009,1800,0
2025-11-11 13:00:00,104523.41,104694.73,104185.0,104383.11,4601,1800,0
2025-11-11 14:00:00,104388.26,104663.9,103827.57,104546.95,5989,1800,0
2025-11-11 15:00:00,104546.17,104546.17,103150.55,103437.0,7338,1800,0
2025-11-11 16:00:00,103455.93,103710.38,103183.29,103387.79,5232,1800,0
2025-11-11 17:00:00,103396.32,103614.83,102791.77,103299.12,4835,1800,0
2025-11-11 18:00:00,103297.09,103537.6,103037.66,103368.93,3966,1800,0
2025-11-11 19:00:00,103368.53,103433.22,102815.2,103102.45,3602,1800,0
2025-11-11 20:00:00,103102.57,103195.6,102625.92,102772.55,4451,1800,0
2025-11-11 21:00:00,102775.09,103063.16,102430.52,102602.47,3704,1800,0
2025-11-11 22:00:00,102600.66,103121.43,102457.24,102949.99,2340,1800,0
2025-11-11 23:00:00,102950.18,103178.4,102757.63,103009.95,3168,1800,0
2025-11-12 00:00:00,103012.77,103298.93,102778.51,102852.79,4003,1800,0
2025-11-12 01:00:00,102849.95,103331.05,102630.9,103216.41,3904,1800,0
2025-11-12 02:00:00,103215.88,103374.51,102892.15,103104.38,2933,1800,0
2025-11-12 03:00:00,103106.53,103406.72,103050.29,103275.6,2168,1800,0
2025-11-12 04:00:00,103270.82,103429.63,102973.93,103206.75,2035,1800,0
2025-11-12 05:00:00,103205.76,103445.79,103192.67,103366.21,1906,1800,0
2025-11-12 06:00:00,103366.49,103633.25,103317.56,103337.93,2031,1800,0
2025-11-12 07:00:00,103335.38,103527.31,103037.0,103103.47,1829,1800,0
2025-11-12 08:00:00,103103.02,104207.17,103103.02,104129.38,3771,1800,0
2025-11-12 09:00:00,104133.2,105076.27,104115.84,104506.02,4570,1800,0
2025-11-12 10:00:00,104504.15,105032.14,104491.76,104877.1,2964,1800,0
2025-11-12 11:00:00,104870.23,105197.03,104724.16,105014.41,3114,1800,0
2025-11-12 12:00:00,105015.03,105320.86,104807.87,104972.63,2853,1800,0
2025-11-12 13:00:00,104971.74,105167.03,104587.33,105031.31,3104,1800,0
2025-11-12 14:00:00,105033.46,105033.46,103580.65,103979.58,6871,1800,0
2025-11-12 15:00:00,103980.16,104309.25,101936.27,102149.69,11519,1800,0
2025-11-12 16:00:00,102151.91,102273.41,101303.48,101420.66,10353,1800,0
2025-11-12 17:00:00,101423.2,102137.75,101385.61,101728.09,5901,1800,0
2025-11-12 18:00:00,101726.43,101944.02,101385.42,101522.26,4087,1800,0
2025-11-12 19:00:00,101522.28,101553.25,100735.13,101272.39,5739,1800,0
2025-11-12 20:00:00,101272.96,101819.88,101108.58,101518.1,3798,1800,0
2025-11-12 21:00:00,101523.71,101904.66,101487.96,101904.66,2235,1800,0
2025-11-12 22:00:00,101905.41,101979.79,101423.13,101949.01,2154,1800,0
2025-11-12 23:00:00,101948.63,101983.93,101442.43,101635.61,2989,1800,0
2025-11-13 00:00:00,101634.23,102035.49,101439.84,101849.2,3121,1800,0
2025-11-13 01:00:00,101847.01,102598.67,101814.11,101991.26,5343,1800,0
2025-11-13 02:00:00,101998.24,102325.92,101950.43,102045.11,3051,1800,0
2025-11-13 03:00:00,102045.21,102548.14,100889.12,102108.79,7110,1800,0
2025-11-13 04:00:00,102104.91,102386.68,101625.81,102090.06,4773,1800,0
2025-11-13 05:00:00,102079.83,103378.89,101753.83,103102.27,4534,1800,0
2025-11-13 06:00:00,103107.11,103670.64,102882.17,103564.13,4962,1800,0
2025-11-13 07:00:00,103565.16,104037.13,103279.17,103439.97,4332,1800,0
2025-11-13 08:00:00,103438.21,103782.05,103240.13,103638.82,3445,1800,0
2025-11-13 09:00:00,103645.08,103713.7,102532.89,102794.68,5034,1800,0
2025-11-13 10:00:00,102792.83,103271.54,102740.31,102961.96,2684,1800,0
2025-11-13 11:00:00,102962.05,103130.95,102660.47,102901.58,2447,1800,0
2025-11-13 12:00:00,102899.72,103251.48,102703.25,103117.94,3174,1800,0
2025-11-13 13:00:00,103115.9,103137.08,102109.39,102300.34,5271,1800,0
2025-11-13 14:00:00,102298.27,103453.19,101700.31,102847.02,11734,1800,0
2025-11-13 15:00:00,102845.32,102976.84,101142.49,101352.48,11987,1800,0
2025-11-13 16:00:00,101350.71,101508.72,100481.04,100577.61,9313,1800,0
2025-11-13 17:00:00,100582.39,100778.71,99553.42,99602.1,8682,1800,0
2025-11-13 18:00:00,99600.94,99867.2,98071.48,98521.07,12444,1800,0
2025-11-13 19:00:00,98521.1,99189.13,98250.94,98620.72,7877,1800,0
2025-11-13 20:00:00,98623.04,98935.11,97922.67,98084.53,10517,1800,0
2025-11-13 21:00:00,98087.42,98840.86,97934.8,98734.04,5030,1800,0
2025-11-13 22:00:00,98727.95,99887.35,98630.88,99792.32,4382,1800,0
2025-11-13 23:00:00,99794.57,100449.47,99491.58,99618.59,5083,1800,0
2025-11-14 00:00:00,99613.83,99732.03,98665.44,98925.11,8801,1800,0
2025-11-14 01:00:00,98926.89,99518.19,98641.1,99207.1,6846,1800,0
2025-11-14 02:00:00,99206.22,99835.84,99194.09,99569.17,3959,1800,0
2025-11-14 03:00:00,99567.65,99605.21,98738.1,99090.47,3934,1800,0
2025-11-14 04:00:00,99093.77,99141.55,96628.49,97774.78,13143,1800,0
2025-11-14 05:00:00,97771.76,97985.75,96987.51,97474.46,8287,1800,0
2025-11-14 06:00:00,97475.52,97550.25,95847.03,97496.13,9405,1800,0
2025-11-14 07:00:00,97490.89,97686.68,96705.99,97087.19,9852,1800,0
2025-11-14 08:00:00,97087.21,97399.83,96700.25,97310.56,6029,1800,0
2025-11-14 09:00:00,97309.49,97492.79,96605.75,96790.18,5889,1800,0
2025-11-14 10:00:00,96785.3,97242.63,96616.9,96705.87,3893,1800,0
2025-11-14 11:00:00,96695.01,96895.35,95601.54,96111.3,7823,1800,0
2025-11-14 12:00:00,96106.83,96110.58,94481.87,95289.84,12717,1800,0
2025-11-14 13:00:00,95296.66,95634.86,94480.42,95149.26,12072,1800,0
2025-11-14 14:00:00,95146.05,96728.39,94854.71,96454.79,16659,1800,0
2025-11-14 15:00:00,96466.39,97233.97,95764.03,96721.2,14590,1800,0
2025-11-14 16:00:00,96724.28,97343.31,96191.52,96941.78,9233,1800,0
2025-11-14 17:00:00,96947.76,97066.85,95526.35,95788.53,7200,1800,0
2025-11-14 18:00:00,95787.82,96269.83,94878.71,95002.61,8428,1800,0
2025-11-14 19:00:00,95000.25,95852.96,94723.9,95696.4,7514,1800,0
2025-11-14 20:00:00,95696.9,95868.65,94122.24,94294.06,8358,1800,0
2025-11-14 21:00:00,94291.04,95058.68,94146.04,94960.16,5247,1800,0
2025-11-14 22:00:00,94959.57,95392.04,94595.87,95095.21,4505,1800,0
2025-11-14 23:00:00,95089.96,95089.96,93910.56,94502.86,6970,1800,0
2025-11-15 00:00:00,94496.62,95337.55,94475.9,95057.19,5948,1800,0
2025-11-15 01:00:00,95063.39,95702.15,94661.24,95561.57,4402,1800,0
2025-11-15 02:00:00,95569.61,96399.14,95318.29,96396.4,3931,1800,0
2025-11-15 03:00:00,96393.91,96742.85,96048.73,96340.26,4390,1800,0
2025-11-15 04:00:00,96339.7,96446.4,95859.02,96037.58,2788,1800,0
2025-11-15 05:00:00,96037.71,96363.82,95902.96,96282.65,2208,1800,0
2025-11-15 06:00:00,96282.3,96524.4,95876.3,96058.3,2331,1800,0
2025-11-15 07:00:00,96058.12,96313.96,95894.58,96261.52,2407,1800,0
2025-11-15 08:00:00,96261.22,96288.26,95563.44,95829.4,3752,1800,0
2025-11-15 09:00:00,95827.62,96069.57,95589.22,95734.1,2747,1800,0
2025-11-15 10:00:00,95739.77,95990.12,95616.21,95876.16,2418,1800,0
2025-11-15 11:00:00,95883.16,95912.89,95546.07,95622.98,2109,1800,0
2025-11-15 12:00:00,95565.7,95802.07,95492.33,95738.27,2286,1800,0
2025-11-15 13:00:00,95732.76,96314.27,95650.55,96305.95,3095,1800,0
2025-11-15 14:00:00,96302.82,96422.82,95948.33,96181.74,3203,1800,0
2025-11-15 15:00:00,96180.81,96366.49,96039.17,96209.84,2600,1800,0
2025-11-15 16:00:00,96209.73,96271.27,95656.04,96081.06,3120,1800,0
2025-11-15 17:00:00,96079.64,96335.22,95768.65,96162.74,3617,1800,0
2025-11-15 18:00:00,96164.39,96279.86,95862.31,95976.01,2320,1800,0
2025-11-15 19:00:00,95978.2,96083.12,95840.5,95943.14,1509,1800,0
2025-11-15 20:00:00,95943.36,95954.03,95040.22,95211.73,2711,1800,0
2025-11-15 21:00:00,95208.18,95604.05,95050.89,95207.62,2849,1800,0
2025-11-15 22:00:00,95212.25,95593.09,95149.94,95541.9,2341,1800,0
2025-11-15 23:00:00,95542.0,95629.2,95420.44,95536.09,1573,1800,0
2025-11-16 00:00:00,95539.48,95647.12,95136.17,95304.91,2302,1800,0
2025-11-16 01:00:00,95302.46,95442.29,94782.21,95209.9,4469,1800,0
2025-11-16 02:00:00,95208.57,95904.2,95031.55,95892.78,3498,1800,0
2025-11-16 03:00:00,95895.52,95909.01,95545.47,95747.94,2110,1800,0
2025-11-16 04:00:00,95746.11,95853.58,95567.0,95745.84,1835,1800,0
2025-11-16 05:00:00,95744.87,96130.32,95736.17,95816.47,1965,1800,0
2025-11-16 06:00:00,95816.34,95964.84,95677.74,95729.23,1492,1800,0
2025-11-16 07:00:00,95732.65,96026.88,95656.77,96014.84,1338,1800,0
2025-11-16 08:00:00,96016.39,96163.66,95783.1,96035.61,2104,1800,0
2025-11-16 09:00:00,96038.7,96550.82,95856.62,96544.84,2467,1800,0
2025-11-16 10:00:00,96542.65,96542.65,96301.81,96367.64,2161,1800,0
2025-11-16 11:00:00,96369.44,96375.68,95421.7,95568.11,4013,1800,0
2025-11-16 12:00:00,95565.56,95842.27,95359.02,95688.59,3188,1800,0
2025-11-16 13:00:00,95685.16,95793.46,95055.4,95356.16,3340,1800,0
2025-11-16 14:00:00,95358.21,95613.54,95244.03,95471.51,2475,1800,0
2025-11-16 15:00:00,95473.29,95492.37,94293.15,94506.99,4678,1800,0
2025-11-16 16:00:00,94511.82,94875.2,93968.26,94155.15,9409,1800,0
2025-11-16 17:00:00,94160.91,94461.09,93674.57,94302.02,6617,1800,0
2025-11-16 18:00:00,94298.81,95512.66,93717.16,93991.42,9160,1800,0
2025-11-16 19:00:00,93989.5,94543.21,93872.43,93973.77,5414,1800,0
2025-11-16 20:00:00,93974.3,94687.67,93892.82,94030.72,3865,1800,0
2025-11-16 21:00:00,94031.57,94151.77,93264.98,93448.23,5776,1800,0
2025-11-16 22:00:00,93454.03,94435.78,92966.0,94116.54,6698,1800,0
2025-11-16 23:00:00,94119.15,94468.94,92906.24,94175.62,11581,1800,0
2025-11-17 00:00:00,94173.84,95315.77,93697.25,95231.53,8743,1800,0
2025-11-17 01:00:00,95230.17,95449.85,94651.28,94705.42,4852,1800,0
2025-11-17 02:00:00,94704.84,95347.04,94640.96,94902.11,3988,1800,0
2025-11-17 03:00:00,94901.8,95498.03,94892.09,95426.41,3119,1800,0
2025-11-17 04:00:00,95435.07,95503.21,94813.33,95037.55,3720,1800,0
2025-11-17 05:00:00,95038.6,95205.53,94830.05,95058.62,2503,1800,0
2025-11-17 06:00:00,95061.2,95260.84,94818.87,95194.31,2498,1800,0
2025-11-17 07:00:00,95194.53,95809.5,95123.32,95556.15,3443,1800,0
2025-11-17 08:00:00,95565.8,95951.27,95442.93,95539.52,2976,1800,0
2025-11-17 09:00:00,95541.62,95799.24,95229.69,95568.88,2959,1800,0
2025-11-17 10:00:00,95568.22,95807.58,95456.68,95572.92,2383,1800,0
2025-11-17 11:00:00,95574.29,95859.98,95308.77,95488.59,2560,1800,0
2025-11-17 12:00:00,95487.48,95503.24,95179.26,95241.68,2544,1800,0
2025-11-17 13:00:00,95246.31,95301.5,93477.1,93868.81,7111,1800,0
2025-11-17 14:00:00,93857.09,95954.86,93665.99,94685.61,17262,1800,0
2025-11-17 15:00:00,94687.13,94933.76,93698.05,93871.68,15665,1800,0
2025-11-17 16:00:00,93873.35,94331.08,92964.73,94213.6,11843,1800,0
2025-11-17 17:00:00,94218.66,94304.64,92566.25,92670.83,9785,1800,0
2025-11-17 18:00:00,92673.6,93120.49,92320.59,92449.55,10311,1800,0
2025-11-17 19:00:00,92449.35,92560.4,91461.51,91567.48,9755,1800,0
2025-11-17 20:00:00,91563.17,92107.27,91156.92,91819.71,10562,1800,0
2025-11-17 21:00:00,91816.07,92145.94,91391.98,91836.1,5337,1800,0
2025-11-17 22:00:00,91824.87,92295.45,91686.86,92135.5,3384,1800,0
2025-11-17 23:00:00,92137.44,92176.5,91669.65,92101.54,4168,1800,0
2025-11-18 00:00:00,92101.48,92242.95,91067.57,92043.86,6778,1800,0
2025-11-18 01:00:00,92047.82,92106.43,91493.53,91627.17,6390,1800,0
2025-11-18 02:00:00,91622.93,91627.76,90568.25,90754.84,10115,1800,0
2025-11-18 03:00:00,90755.53,90813.09,89583.99,90730.54,12100,1800,0
2025-11-18 04:00:00,90728.83,90758.89,89061.76,89970.23,10347,1800,0
2025-11-18 05:00:00,89970.6,90385.19,89599.27,90107.6,5823,1800,0
2025-11-18 06:00:00,90108.17,90118.28,89256.61,89536.52,5147,1800,0
2025-11-18 07:00:00,89539.23,90435.34,89220.71,90392.17,6443,1800,0
2025-11-18 08:00:00,90391.24,91341.32,90389.58,91116.45,6248,1800,0
2025-11-18 09:00:00,91115.12,91382.12,90780.64,91286.62,4296,1800,0
2025-11-18 10:00:00,91286.36,91500.71,91141.45,91468.62,3924,1800,0
2025-11-18 11:00:00,91468.16,91504.48,91132.08,91407.31,3385,1800,0
2025-11-18 12:00:00,91407.22,91786.68,90990.72,91416.4,4594,1800,0
2025-11-18 13:00:00,91416.45,91558.44,90821.05,91374.27,4898,1800,0
2025-11-18 14:00:00,91372.59,92346.03,91098.79,91272.92,12597,1800,0
2025-11-18 15:00:00,91268.58,92950.17,90910.47,92828.74,17141,1800,0
2025-11-18 16:00:00,92824.38,93767.07,92497.29,93435.23,10047,1800,0
2025-11-18 17:00:00,93435.35,93601.92,92744.83,93200.73,6905,1800,0
2025-11-18 18:00:00,93204.9,93713.11,93088.59,93265.58,4546,1800,0
2025-11-18 19:00:00,93273.37,93554.7,92922.61,93122.55,4449,1800,0
2025-11-18 20:00:00,93125.96,93239.53,92602.13,92738.06,4330,1800,0
2025-11-18 21:00:00,92740.53,92992.54,92402.02,92438.53,3003,1800,0
2025-11-18 22:00:00,92433.27,93379.63,92423.88,93105.78,2567,1800,0
2025-11-18 23:00:00,93106.94,93121.83,92677.46,92910.28,2731,1800,0
2025-11-19 00:00:00,92911.2,92932.19,91876.25,92361.99,5436,1800,0
2025-11-19 01:00:00,92362.15,92594.53,91869.64,92383.85,5237,1800,0
2025-11-19 02:00:00,92378.97,92802.07,92204.3,92502.97,4107,1800,0
2025-11-19 03:00:00,92501.33,92576.2,91578.81,91815.05,4365,1800,0
2025-11-19 04:00:00,91812.68,91909.25,91084.72,91092.28,4363,1800,0
2025-11-19 05:00:00,91096.83,91202.96,89952.07,90390.6,6246,1800,0
2025-11-19 06:00:00,90383.41,91039.65,90208.68,90919.19,4848,1800,0
2025-11-19 07:00:00,90913.63,91955.9,90874.84,91798.26,4226,1800,0
2025-11-19 08:00:00,91799.58,91893.79,91254.29,91413.67,3667,1800,0
2025-11-19 09:00:00,91410.55,91458.69,91015.9,91458.69,3481,1800,0
2025-11-19 10:00:00,91458.47,91635.31,91157.19,91233.4,2757,1800,0
2025-11-19 11:00:00,91230.58,91711.75,91224.49,91338.47,2505,1800,0
2025-11-19 12:00:00,91338.35,91805.52,91131.23,91713.3,2966,1800,0
2025-11-19 13:00:00,91714.13,91839.71,91166.14,91330.94,3998,1800,0
2025-11-19 14:00:00,91328.36,91803.66,90970.89,91646.83,9545,1800,0
2025-11-19 15:00:00,91652.68,92333.29,89795.2,89877.64,13148,1800,0
2025-11-19 16:00:00,89874.73,90164.29,89382.92,89822.9,10244,1800,0
2025-11-19 17:00:00,89825.17,90061.7,88787.3,89407.81,7403,1800,0
2025-11-19 18:00:00,89407.93,89562.42,88697.99,89138.43,6756,1800,0
2025-11-19 19:00:00,89139.72,89278.86,88518.39,88783.67,7047,1800,0
2025-11-19 20:00:00,88784.52,89598.06,88484.73,89399.21,6489,1800,0
2025-11-19 21:00:00,89401.47,90751.02,89336.45,90501.64,8582,1800,0
2025-11-19 22:00:00,90498.23,90545.96,89996.56,90374.49,3967,1800,0
2025-11-19 23:00:00,90377.33,91503.03,90377.33,91460.45,4983,1800,0
2025-11-20 00:00:00,91449.88,92223.3,91092.09,91803.31,4566,1800,0
2025-11-20 01:00:00,91804.56,92634.38,91727.48,92505.72,4437,1800,0
2025-11-20 02:00:00,92505.64,92719.35,92232.94,92509.79,4043,1800,0
2025-11-20 03:00:00,92510.67,92641.2,92286.1,92356.56,3438,1800,0
2025-11-20 04:00:00,92359.37,92900.84,92049.27,92873.08,3319,1800,0
2025-11-20 05:00:00,92872.35,93076.04,92484.08,92541.15,3046,1800,0
2025-11-20 06:00:00,92541.16,92777.87,91590.87,91887.33,3661,1800,0
2025-11-20 07:00:00,91894.58,92356.27,91706.4,92224.56,3116,1800,0
2025-11-20 08:00:00,92224.67,92311.99,91950.77,92036.75,2740,1800,0
2025-11-20 09:00:00,92034.32,92049.41,91339.39,91801.37,3184,1800,0
2025-11-20 10:00:00,91813.01,91970.45,91500.92,91708.79,3097,1800,0
2025-11-20 11:00:00,91708.67,91934.12,91387.72,91841.41,2671,1800,0
2025-11-20 12:00:00,91838.52,91912.66,91590.83,91743.02,2993,1800,0
2025-11-20 13:00:00,91743.31,92438.25,91392.32,91430.83,8726,1800,0
2025-11-20 14:00:00,91430.6,91590.03,90354.14,90999.32,14937,1800,0
2025-11-20 15:00:00,91001.67,91078.27,89728.66,89758.95,11332,1800,0
2025-11-20 16:00:00,89759.35,89810.54,87370.57,87794.29,19484,1800,0
2025-11-20 17:00:00,87790.11,88060.45,86247.4,87133.3,21636,1800,0
2025-11-20 18:00:00,87133.44,87665.09,86210.3,86379.49,12410,1800,0
2025-11-20 19:00:00,86374.54,87051.61,85986.49,86795.6,11231,1800,0
2025-11-20 20:00:00,86792.6,87002.87,86209.29,86337.2,7854,1800,0
2025-11-20 21:00:00,86336.97,87561.77,86301.8,87188.35,5329,1800,0
2025-11-20 22:00:00,87185.79,88144.54,87094.82,87959.07,5134,1800,0
2025-11-20 23:00:00,87964.27,88063.86,86449.44,86522.43,7063,1800,0
2025-11-21 00:00:00,86525.4,87395.88,86475.33,87177.12,6970,1800,0
2025-11-21 01:00:00,87178.92,87362.26,86720.93,86939.05,6113,1800,0
2025-11-21 02:00:00,86936.72,86966.62,85236.17,85353.6,11315,1800,0
2025-11-21 03:00:00,85350.95,86033.31,85333.94,85714.61,9516,1800,0
2025-11-21 04:00:00,85714.08,86018.7,85285.89,85939.66,7288,1800,0
2025-11-21 05:00:00,85940.3,86248.72,85718.84,86075.05,5837,1800,0
2025-11-21 06:00:00,86079.21,86152.72,85420.51,85460.95,5768,1800,0
2025-11-21 07:00:00,85465.21,85648.75,81156.8,83917.3,21391,1800,0
2025-11-21 08:00:00,83917.61,84586.58,83469.49,83529.49,12680,1800,0
2025-11-21 09:00:00,83536.39,83884.69,81989.34,82106.63,11642,1800,0
2025-11-21 10:00:00,82105.91,82801.86,81531.34,82595.59,15600,1800,0
2025-11-21 11:00:00,82598.1,83229.12,82082.03,82201.98,9133,1800,0
2025-11-21 12:00:00,82205.68,83500.82,80535.75,83173.26,24895,1800,0
2025-11-21 13:00:00,83168.44,84338.48,83004.0,84017.88,13549,1800,0
2025-11-21 14:00:00,84017.07,85406.35,83456.07,84755.81,19278,1800,0
2025-11-21 15:00:00,84764.61,85017.61,82650.13,82848.39,20404,1800,0
2025-11-21 16:00:00,82844.77,84840.12,82233.3,84820.03,19326,1800,0
2025-11-21 17:00:00,84824.69,85491.66,84488.32,84798.73,14326,1800,0
2025-11-21 18:00:00,84798.3,85020.74,83223.5,84514.34,14349,1800,0
2025-11-21 19:00:00,84511.67,84953.22,84001.14,84137.89,8052,1800,0
2025-11-21 20:00:00,84135.54,84591.74,83382.66,84507.62,10202,1800,0
2025-11-21 21:00:00,84504.07,85354.91,84284.68,85115.68,6165,1800,0
2025-11-21 22:00:00,85117.16,85345.48,84190.65,84215.49,5497,1800,0
2025-11-21 23:00:00,84221.5,85298.27,84048.08,85060.75,4783,1800,0
2025-11-22 00:00:00,85064.54,85565.94,84491.11,84666.75,5444,1800,0
2025-11-22 01:00:00,84669.32,85139.32,84518.06,85093.63,4462,1800,0
2025-11-22 02:00:00,85098.43,85136.57,84207.44,84453.58,4067,1800,0
2025-11-22 03:00:00,84454.87,84547.17,84138.82,84374.21,3944,1800,0
2025-11-22 04:00:00,84381.98,84492.39,83759.75,84171.15,4979,1800,0
2025-11-22 05:00:00,84171.11,84255.16,83805.3,84219.82,3942,1800,0
2025-11-22 06:00:00,84218.64,84735.42,84011.56,84577.3,2876,1800,0
2025-11-22 07:00:00,84482.02,84606.04,84326.27,84512.98,2698,1800,0
2025-11-22 08:00:00,84514.33,84525.81,83870.03,83960.26,3932,1800,0
2025-11-22 09:00:00,83964.78,84286.01,83789.73,83869.32,3865,1800,0
2025-11-22 10:00:00,83875.15,84156.53,83422.48,83632.28,4334,1800,0
2025-11-22 11:00:00,83630.59,84294.22,83521.02,84031.98,4004,1800,0
2025-11-22 12:00:00,84032.58,84100.41,83562.52,83826.24,3569,1800,0
2025-11-22 13:00:00,83829.53,84074.65,83587.39,83884.55,3833,1800,0
2025-11-22 14:00:00,83888.43,84694.16,83873.92,84432.83,5498,1800,0
2025-11-22 15:00:00,84434.09,84510.13,83947.82,84214.24,3802,1800,0
2025-11-22 16:00:00,84215.77,84846.61,84153.49,84641.33,3502,1800,0
2025-11-22 17:00:00,84649.95,84672.63,84357.97,84497.45,2857,1800,0
2025-11-22 18:00:00,84499.9,84627.61,84409.97,84605.87,2363,1800,0
2025-11-22 19:00:00,84600.09,84742.01,84454.46,84550.62,2225,1800,0
2025-11-22 20:00:00,84550.48,84760.88,84185.85,84409.98,2581,1800,0
2025-11-22 21:00:00,84408.28,84465.24,84175.2,84346.3,2398,1800,0
2025-11-22 22:00:00,84346.4,85211.26,84220.48,85003.36,3093,1800,0
2025-11-22 23:00:00,85008.28,85127.72,84605.2,84680.59,3460,1800,0
2025-11-23 00:00:00,84677.17,85266.73,84613.69,84911.97,4056,1800,0
2025-11-23 01:00:00,84918.54,86185.04,84893.57,85826.45,4940,1800,0
2025-11-23 02:00:00,85825.74,86298.07,85619.08,85944.88,5126,1800,0
2025-11-23 03:00:00,85944.71,86252.5,85755.29,86252.5,3416,1800,0
2025-11-23 04:00:00,86254.41,86818.0,86101.83,86490.8,4654,1800,0
2025-11-23 05:00:00,86491.47,86531.85,85942.85,86300.53,2787,1800,0
2025-11-23 06:00:00,86304.53,86460.32,85814.33,85814.33,2697,1800,0
2025-11-23 07:00:00,85815.87,85871.13,85396.66,85725.56,1479,1800,0
2025-11-23 08:00:00,85728.81,86142.36,85711.76,86088.5,3024,1800,0
2025-11-23 09:00:00,86085.97,86430.92,86020.01,86345.85,2749,1800,0
2025-11-23 10:00:00,86346.27,86414.99,85994.66,86020.72,2664,1800,0
2025-11-23 11:00:00,86021.12,86370.49,85787.75,86294.04,3229,1800,0
2025-11-23 12:00:00,86283.78,86852.73,86218.77,86484.6,4476,1800,0
2025-11-23 13:00:00,86486.46,86889.6,86273.74,86881.9,3632,1800,0
2025-11-23 14:00:00,86882.75,87172.1,86440.0,86513.12,4811,1800,0
2025-11-23 15:00:00,86519.72,87213.5,86399.85,87034.32,4099,1800,0
2025-11-23 16:00:00,87033.68,87466.16,86628.02,86649.91,4810,1800,0
2025-11-23 17:00:00,86651.68,86927.02,86455.59,86698.54,4240,1800,0
2025-11-23 18:00:00,86698.65,87226.13,86683.54,86960.04,3271,1800,0
2025-11-23 19:00:00,86961.4,87651.95,86888.1,87297.02,3647,1800,0
2025-11-23 20:00:00,87297.58,87667.0,87187.68,87438.21,3323,1800,0
2025-11-23 21:00:00,87442.43,87961.71,87120.16,87957.42,3142,1800,0
2025-11-23 22:00:00,87957.11,88117.39,87527.75,87974.46,3955,1800,0
2025-11-23 23:00:00,87982.76,88064.45,86698.35,86804.61,5867,1800,0
2025-11-24 00:00:00,86805.69,87179.97,85898.85,86702.32,6983,1800,0
2025-11-24 01:00:00,86694.43,87046.03,86351.86,87021.8,6519,1800,0
2025-11-24 02:00:00,87027.36,88013.69,86967.86,87489.1,8013,1800,0
2025-11-24 03:00:00,87488.08,87758.76,87153.42,87412.19,4581,1800,0
2025-11-24 04:00:00,87413.89,87557.31,86400.99,86687.08,5353,1800,0
2025-11-24 05:00:00,86684.58,87793.26,86625.25,87416.06,5589,1800,0
2025-11-24 06:00:00,87418.8,87472.59,86761.88,86862.49,4764,1800,0
2025-11-24 07:00:00,86859.48,87306.45,86647.7,87006.21,4275,1800,0
2025-11-24 08:00:00,87004.14,87004.14,86666.35,86913.7,4371,1800,0
2025-11-24 09:00:00,86914.55,86914.55,85755.22,85897.73,5710,1800,0
2025-11-24 10:00:00,85896.6,86142.56,85637.47,85996.91,4077,1800,0
2025-11-24 11:00:00,85996.37,86387.22,85777.05,86214.77,3274,1800,0
2025-11-24 12:00:00,86216.02,86270.54,85819.46,85952.19,3988,1800,0
2025-11-24 13:00:00,85947.34,86528.82,85897.3,86098.3,4051,1800,0
2025-11-24 14:00:00,86095.57,86621.44,85213.02,86113.64,11438,1800,0
2025-11-24 15:00:00,86117.79,86685.97,85850.73,86563.68,11194,1800,0
2025-11-24 16:00:00,86562.12,87679.6,86562.12,87131.38,7105,1800,0
2025-11-24 17:00:00,87135.72,88415.27,86905.19,88336.79,6611,1800,0
2025-11-24 18:00:00,88333.91,88695.63,88151.66,88685.19,5173,1800,0
2025-11-24 19:00:00,88683.75,88823.75,88075.35,88304.02,3668,1800,0
2025-11-24 20:00:00,88303.26,89217.15,88303.26,89068.49,4570,1800,0
2025-11-24 21:00:00,89061.29,89120.41,88703.54,88737.4,3086,1800,0
2025-11-24 22:00:00,88737.9,89077.16,88570.98,88607.93,1464,1800,0
2025-11-24 23:00:00,88603.7,88668.44,88215.01,88264.91,2321,1800,0
2025-11-25 00:00:00,88264.15,88264.15,87835.44,88077.62,3527,1800,0
2025-11-25 01:00:00,88078.13,88183.09,87679.07,87704.09,3439,1800,0
2025-11-25 02:00:00,87709.62,87921.11,87422.29,87882.26,3383,1800,0
2025-11-25 03:00:00,87883.2,88026.66,87520.51,87782.27,2735,1800,0
2025-11-25 04:00:00,87773.19,88484.3,87749.08,88312.47,2760,1800,0
2025-11-25 05:00:00,88312.36,88312.36,87901.83,88088.51,2151,1800,0
2025-11-25 06:00:00,88086.57,88127.62,87771.66,87976.62,2088,1800,0
2025-11-25 07:00:00,87978.44,88037.65,87306.58,87369.03,2756,1800,0
2025-11-25 08:00:00,87378.67,87600.35,86967.08,86985.16,3074,1800,0
2025-11-25 09:00:00,86987.66,87219.14,86643.31,87203.16,3573,1800,0
2025-11-25 10:00:00,87200.55,87400.24,86918.87,87381.16,2295,1800,0
2025-11-25 11:00:00,87377.05,87516.66,87281.08,87332.12,1870,1800,0
2025-11-25 12:00:00,87333.33,87757.21,87332.15,87486.33,3221,1800,0
2025-11-25 13:00:00,87487.63,87689.19,86829.09,87039.17,4242,1800,0
2025-11-25 14:00:00,87047.46,87275.31,86056.69,86694.1,8374,1800,0
2025-11-25 15:00:00,86691.53,87273.32,86154.32,86951.44,7760,1800,0
2025-11-25 16:00:00,86950.73,87250.8,86657.14,87064.19,5325,1800,0
2025-11-25 17:00:00,87065.48,88102.06,86987.28,87584.69,4674,1800,0
2025-11-25 18:00:00,87585.91,87790.11,87180.34,87193.21,3940,1800,0
2025-11-25 19:00:00,87187.91,87296.73,86125.75,86827.72,5516,1800,0
2025-11-25 20:00:00,86836.64,87429.02,86657.43,87358.23,3964,1800,0
2025-11-25 21:00:00,87346.22,87413.96,86938.65,86993.69,2842,1800,0
2025-11-25 22:00:00,86999.03,87685.6,86542.61,87602.27,3559,1800,0
2025-11-25 23:00:00,87601.94,87862.6,87282.75,87326.18,3418,1800,0
2025-11-26 00:00:00,87328.46,87737.58,87313.11,87543.47,3168,1800,0
2025-11-26 01:00:00,87542.64,88195.95,87289.16,87882.34,3718,1800,0
2025-11-26 02:00:00,87883.61,88056.01,87618.2,87679.95,2768,1800,0
2025-11-26 03:00:00,87680.64,87850.58,87032.23,87093.09,2941,1800,0
2025-11-26 04:00:00,87092.97,87325.45,86861.71,87193.63,2297,1800,0
2025-11-26 05:00:00,87190.77,87718.68,87173.88,87486.33,2296,1800,0
2025-11-26 06:00:00,87483.52,87854.96,87411.84,87755.36,2580,1800,0
2025-11-26 07:00:00,87750.25,87940.54,87657.52,87896.4,2280,1800,0
2025-11-26 08:00:00,87899.84,87907.27,87361.77,87375.75,2287,1800,0
2025-11-26 09:00:00,87379.33,87414.67,86702.68,86802.95,2472,1800,0
2025-11-26 10:00:00,86800.49,87024.85,86633.45,86921.01,2258,1800,0
2025-11-26 11:00:00,86920.15,87084.7,86805.16,87065.23,2093,1800,0
2025-11-26 12:00:00,87063.53,87153.52,86277.75,86623.31,3892,1800,0
2025-11-26 13:00:00,86617.47,87103.7,86532.14,87093.69,3429,1800,0
2025-11-26 14:00:00,87097.34,87666.66,86784.13,86884.94,6022,1800,0
2025-11-26 15:00:00,86884.8,87334.57,86628.54,86944.31,6255,1800,0
2025-11-26 16:00:00,86945.2,87931.48,86931.1,87793.71,4457,1800,0
2025-11-26 17:00:00,87794.81,89947.97,87679.03,89812.98,7355,1800,0
2025-11-26 18:00:00,89813.1,90399.02,89656.23,90132.35,6501,1800,0
2025-11-26 19:00:00,90124.24,90177.51,89717.36,89952.47,3937,1800,0
2025-11-26 20:00:00,89943.42,90103.14,89490.75,89852.44,3835,1800,0
2025-11-26 21:00:00,89853.64,90498.98,89792.72,90180.49,2914,1800,0
2025-11-26 22:00:00,90181.14,90625.8,90103.93,90365.35,2676,1800,0
2025-11-26 23:00:00,90362.67,90588.67,90290.36,90475.12,2172,1800,0
2025-11-27 00:00:00,90473.84,90570.72,90057.77,90462.16,2741,1800,0
2025-11-27 01:00:00,90462.01,91224.81,90361.58,91131.74,3507,1800,0
2025-11-27 02:00:00,91130.65,91885.81,90867.09,91373.9,5115,1800,0
2025-11-27 03:00:00,91371.61,91591.99,91023.25,91079.12,3252,1800,0
2025-11-27 04:00:00,91078.95,91343.21,91033.46,91260.45,2474,1800,0
2025-11-27 05:00:00,91257.76,91540.67,90877.16,90947.76,3054,1800,0
2025-11-27 06:00:00,90946.28,91429.33,90943.68,91228.16,2149,1800,0
2025-11-27 07:00:00,91228.76,91493.35,91116.43,91395.84,2228,1800,0
2025-11-27 08:00:00,91396.15,91513.33,91205.9,91474.02,1954,1800,0
2025-11-27 09:00:00,91474.11,91944.46,91469.94,91562.64,2489,1800,0
2025-11-27 10:00:00,91564.44,91732.48,91340.17,91594.4,2183,1800,0
2025-11-27 11:00:00,91594.5,91613.95,91292.69,91368.34,1666,1800,0
2025-11-27 12:00:00,91367.23,91445.23,90931.06,90974.72,2349,1800,0
2025-11-27 13:00:00,90975.45,91057.5,90426.23,90840.45,3736,1800,0
2025-11-27 14:00:00,90843.9,90967.98,90557.01,90771.74,2892,1800,0
2025-11-27 15:00:00,90770.17,90973.82,90609.34,90944.38,2730,1800,0
2025-11-27 16:00:00,90940.64,91552.99,90830.47,91438.59,3638,1800,0
2025-11-27 17:00:00,91438.67,91627.2,91286.57,91458.0,2625,1800,0
2025-11-27 18:00:00,91457.68,91834.44,91331.28,91769.89,2368,1800,0
2025-11-27 19:00:00,91773.36,91773.36,91486.24,91520.25,2040,1800,0
2025-11-27 20:00:00,91521.39,91591.46,91385.45,91427.84,1904,1800,0
2025-11-27 21:00:00,91426.12,91593.15,91188.79,91402.44,1968,1800,0
2025-11-27 22:00:00,91404.84,91578.22,91091.46,91314.8,2155,1800,0
2025-11-27 23:00:00,91310.96,91554.26,91210.53,91321.41,1763,1800,0
2025-11-28 00:00:00,91314.66,91403.64,91047.06,91187.94,2050,1800,0
2025-11-28 01:00:00,91189.2,91195.82,90772.6,90777.11,2901,1800,0
2025-11-28 02:00:00,90778.37,91121.39,90639.46,91060.55,3080,1800,0
2025-11-28 03:00:00,91058.52,91289.26,90971.88,91190.5,1887,1800,0
2025-11-28 04:00:00,91194.44,91470.19,91109.09,91400.18,1937,1800,0
2025-11-28 05:00:00,91401.23,91704.89,91279.47,91592.85,2184,1800,0
2025-11-28 06:00:00,91588.35,91588.35,91138.35,91273.67,1853,1800,0
2025-11-28 07:00:00,91276.16,91552.89,90836.04,90885.2,1926,1800,0
2025-11-28 08:00:00,90883.02,91702.89,90879.42,91669.55,3359,1800,0
2025-11-28 09:00:00,91664.27,91880.24,91424.22,91589.01,3167,1800,0
2025-11-28 10:00:00,91588.79,91860.15,91465.39,91833.8,2032,1800,0
2025-11-28 11:00:00,91839.6,92021.53,91047.24,91422.16,3916,1800,0
2025-11-28 12:00:00,91421.62,91678.93,91384.7,91504.08,2224,1800,0
2025-11-28 13:00:00,91504.63,92661.78,91360.41,92363.25,4594,1800,0
2025-11-28 14:00:00,92363.08,93116.1,91818.44,92255.38,8252,1800,0
2025-11-28 15:00:00,92253.3,92803.62,91972.51,92361.41,4935,1800,0
2025-11-28 16:00:00,92363.66,92391.99,90873.72,90943.47,6153,1800,0
2025-11-28 17:00:00,90942.89,91217.58,90213.2,90689.93,6837,1800,0
2025-11-28 18:00:00,90695.26,90988.87,90424.09,90838.2,4254,1800,0
2025-11-28 19:00:00,90841.83,91212.12,90828.28,91157.39,2536,1800,0
2025-11-28 20:00:00,91156.06,91243.58,90865.82,91213.61,2072,1800,0
2025-11-28 21:00:00,91212.83,91271.66,90900.32,90903.52,1752,1800,0
2025-11-28 22:00:00,90896.26,91172.27,90717.48,91127.14,2407,1800,0
2025-11-28 23:00:00,91141.29,91213.69,90899.56,90911.65,1623,1800,0
2025-11-29 00:00:00,90908.33,90983.46,90777.77,90895.16,1730,1800,0
2025-11-29 01:00:00,90895.5,91136.25,90808.7,90891.02,1559,1800,0
2025-11-29 02:00:00,90891.4,90947.27,90551.87,90802.11,1661,1800,0
2025-11-29 03:00:00,90802.24,90884.31,90664.33,90686.34,1288,1800,0
2025-11-29 04:00:00,90685.71,90928.13,90555.69,90909.5,1212,1800,0
2025-11-29 05:00:00,90909.7,90935.78,90729.75,90764.86,1113,1800,0
2025-11-29 06:00:00,90766.14,90838.04,90317.18,90567.94,2297,1800,0
2025-11-29 07:00:00,90564.22,90682.87,90376.13,90576.9,1635,1800,0
2025-11-29 08:00:00,90578.43,90747.67,90491.36,90639.82,1685,1800,0
2025-11-29 09:00:00,90640.94,90691.51,90518.14,90583.73,1468,1800,0
2025-11-29 10:00:00,90583.61,90665.34,90392.11,90571.78,1518,1800,0
2025-11-29 11:00:00,90574.8,90701.94,90478.35,90691.1,1363,1800,0
2025-11-29 12:00:00,90694.39,90830.66,90548.74,90637.8,1437,1800,0
2025-11-29 13:00:00,90641.85,90839.06,90606.46,90804.5,1371,1800,0
2025-11-29 14:00:00,90804.02,90804.02,90642.24,90650.16,1412,1800,0
2025-11-29 15:00:00,90651.16,91134.42,90651.16,91087.01,2124,1800,0
2025-11-29 16:00:00,91092.74,91188.56,90879.32,91021.07,1772,1800,0
2025-11-29 17:00:00,91021.58,91050.49,90454.84,90455.65,2286,1800,0
2025-11-29 18:00:00,90457.47,90754.89,90173.3,90720.88,3060,1800,0
2025-11-29 19:00:00,90720.64,90871.45,90618.38,90668.9,1635,1800,0
2025-11-29 20:00:00,90668.97,91060.63,90429.63,90981.36,1959,1800,0
2025-11-29 21:00:00,90977.63,91077.65,90827.05,91031.58,1611,1800,0
2025-11-29 22:00:00,91029.05,91033.47,90720.19,90779.16,1850,1800,0
2025-11-29 23:00:00,90781.82,90921.42,90710.75,90827.79,1263,1800,0
2025-11-30 00:00:00,90827.85,90962.73,90789.47,90905.31,1303,1800,0
2025-11-30 01:00:00,90913.5,91072.12,90877.97,90927.22,1276,1800,0
2025-11-30 02:00:00,90926.8,91056.29,90766.62,90811.54,1304,1800,0
2025-11-30 03:00:00,90814.22,90937.46,90481.24,90926.87,1731,1800,0
2025-11-30 04:00:00,90927.66,90993.4,90802.71,90861.63,1275,1800,0
2025-11-30 05:00:00,90859.4,90862.78,90687.27,90802.6,1256,1800,0
2025-11-30 06:00:00,90800.36,90948.87,90734.71,90905.19,1262,1800,0
2025-11-30 07:00:00,90905.19,91058.29,90867.57,90983.91,1301,1800,0
2025-11-30 08:00:00,90981.88,91453.63,90946.35,91189.33,2528,1800,0
2025-11-30 09:00:00,91196.32,91641.96,91133.84,91406.65,2379,1800,0
2025-11-30 10:00:00,91404.63,91467.11,91198.62,91241.14,1625,1800,0
2025-11-30 11:00:00,91241.44,91405.12,90996.77,91060.59,1675,1800,0
2025-11-30 12:00:00,91062.77,91543.31,91014.19,91475.1,2123,1800,0
2025-11-30 13:00:00,91475.15,91972.24,91399.37,91764.3,2964,1800,0
2025-11-30 14:00:00,91767.61,91778.2,91253.04,91494.9,2066,1800,0
2025-11-30 15:00:00,91494.56,91613.58,91318.79,91452.32,1904,1800,0
2025-11-30 16:00:00,91452.61,91856.75,91406.8,91833.86,1816,1800,0
2025-11-30 17:00:00,91827.31,91827.31,91323.06,91495.07,1944,1800,0
2025-11-30 18:00:00,91494.23,91494.23,91145.26,91458.62,1672,1800,0
2025-11-30 19:00:00,91456.99,91498.66,91305.23,91462.41,1333,1800,0
2025-11-30 20:00:00,91462.64,91626.5,91169.9,91309.1,1604,1800,0
2025-11-30 21:00:00,91303.7,91337.14,90878.6,91177.81,2041,1800,0
2025-11-30 22:00:00,91179.34,91337.74,91039.72,91221.11,1826,1800,0
2025-11-30 23:00:00,91222.6,91253.22,90348.7,90371.36,3554,1800,0
2025-12-01 00:00:00,90370.03,90431.81,86982.7,87009.06,19160,1800,0
2025-12-01 01:00:00,87006.97,87748.4,86937.64,87170.41,8879,1800,0
2025-12-01 02:00:00,87171.26,87511.06,86466.29,86726.06,5931,1800,0
2025-12-01 03:00:00,86737.49,86825.16,86161.65,86352.02,5143,1800,0
2025-12-01 04:00:00,86353.89,86356.99,85693.93,85803.52,4872,1800,0
2025-12-01 05:00:00,85805.67,86011.34,85603.24,85998.48,3680,1800,0
2025-12-01 06:00:00,86001.77,86362.22,85965.78,86241.16,3338,1800,0
2025-12-01 07:00:00,86242.49,86571.48,86049.77,86535.26,3211,1800,0
2025-12-01 08:00:00,86531.32,86884.27,86379.52,86863.62,2841,1800,0
2025-12-01 09:00:00,86864.64,86931.57,86508.45,86695.18,3129,1800,0
2025-12-01 10:00:00,86695.61,86805.49,86534.32,86635.59,2107,1800,0
2025-12-01 11:00:00,86637.07,86694.17,86115.25,86122.54,2571,1800,0
2025-12-01 12:00:00,86124.2,86208.83,84727.11,85412.94,6644,1800,0
2025-12-01 13:00:00,85410.5,86135.25,85320.97,85961.8,6534,1800,0
2025-12-01 14:00:00,85965.09,86658.78,85844.83,86047.15,8594,1800,0
2025-12-01 15:00:00,86048.43,86123.56,83794.86,84669.39,13371,1800,0
2025-12-01 16:00:00,84670.73,85446.74,84021.04,84540.06,9249,1800,0
2025-12-01 17:00:00,84541.45,85261.03,84429.91,84929.89,6283,1800,0
2025-12-01 18:00:00,84932.92,85561.62,84698.82,85180.02,5673,1800,0
2025-12-01 19:00:00,85182.84,85291.85,84587.98,85019.07,5676,1800,0
2025-12-01 20:00:00,85015.3,85834.2,84991.49,85508.71,6569,1800,0
2025-12-01 21:00:00,85512.43,86507.11,85489.16,86436.24,5073,1800,0
2025-12-01 22:00:00,86433.11,86876.83,86302.58,86579.56,3692,1800,0
2025-12-01 23:00:00,86580.25,86830.6,86242.12,86280.01,2810,1800,0
2025-12-02 00:00:00,86278.51,86666.33,86181.97,86516.98,3945,1800,0
2025-12-02 01:00:00,86516.89,87371.28,86382.38,86451.79,6112,1800,0
2025-12-02 02:00:00,86453.66,86857.78,86257.36,86534.38,4019,1800,0
2025-12-02 03:00:00,86533.53,87096.7,86195.97,86969.29,3327,1800,0
2025-12-02 04:00:00,86968.19,87277.79,86890.43,86966.27,3243,1800,0
2025-12-02 05:00:00,86969.76,87119.64,86811.37,87009.33,2649,1800,0
2025-12-02 06:00:00,87001.46,87183.67,86852.91,87079.16,2258,1800,0
2025-12-02 07:00:00,87079.42,87116.55,86874.74,87008.75,2012,1800,0
2025-12-02 08:00:00,87006.07,87057.35,86348.09,86467.04,3143,1800,0
2025-12-02 09:00:00,86464.06,86996.61,86443.32,86758.89,3062,1800,0
2025-12-02 10:00:00,86757.78,87612.78,86748.93,87270.78,2954,1800,0
2025-12-02 11:00:00,87273.3,87612.85,86987.2,87375.55,3143,1800,0
2025-12-02 12:00:00,87375.42,87556.55,87202.12,87264.07,2630,1800,0
2025-12-02 13:00:00,87264.11,87892.41,87042.87,87727.19,4057,1800,0
2025-12-02 14:00:00,87728.7,89280.56,87596.48,89271.77,10344,1800,0
2025-12-02 15:00:00,89264.34,91221.61,89264.34,90852.48,14578,1800,0
2025-12-02 16:00:00,90858.26,91347.78,90212.19,90764.36,9092,1800,0
2025-12-02 17:00:00,90763.37,92022.04,90742.78,91475.06,7169,1800,0
2025-12-02 18:00:00,91475.32,92279.27,91354.36,91959.41,6022,1800,0
2025-12-02 19:00:00,91960.34,92336.98,91852.46,91922.51,4051,1800,0
2025-12-02 20:00:00,91919.37,91955.02,90745.14,91051.63,5711,1800,0
2025-12-02 21:00:00,91052.42,91663.78,90984.19,91590.43,3171,1800,0
2025-12-02 22:00:00,91590.31,92040.42,91533.09,91999.89,2936,1800,0
2025-12-02 23:00:00,91997.66,92010.64,91287.53,91308.83,2581,1800,0
2025-12-03 00:00:00,91309.47,91777.65,91014.71,91684.79,4766,1800,0
2025-12-03 01:00:00,91673.68,92512.47,91483.78,92266.11,4907,1800,0
2025-12-03 02:00:00,92270.58,93072.5,92158.21,92828.05,6863,1800,0
2025-12-03 03:00:00,92833.68,93104.39,92591.98,92641.37,4228,1800,0
2025-12-03 04:00:00,92639.16,93486.66,92628.74,93370.2,5454,1800,0
2025-12-03 05:00:00,93368.66,93677.23,93111.25,93648.69,5383,1800,0
2025-12-03 06:00:00,93649.38,93979.42,93160.61,93453.79,5144,1800,0
2025-12-03 07:00:00,93453.22,93488.77,92874.54,93019.8,4055,1800,0
2025-12-03 08:00:00,93021.63,93202.81,92684.04,92782.26,3617,1800,0
2025-12-03 09:00:00,92776.95,93231.13,92716.87,93187.23,3612,1800,0
2025-12-03 10:00:00,93192.92,93400.22,92869.71,92958.52,3327,1800,0
2025-12-03 11:00:00,92956.28,93073.98,92669.52,93020.77,3262,1800,0
2025-12-03 12:00:00,93020.9,93133.86,92706.12,92951.34,3277,1800,0
2025-12-03 13:00:00,92952.55,93295.07,92893.77,93146.67,3640,1800,0
2025-12-03 14:00:00,93149.89,93713.05,91725.93,92365.12,17775,1800,0
2025-12-03 15:00:00,92367.71,93016.0,91948.97,92391.72,10775,1800,0
2025-12-03 16:00:00,92392.09,92766.74,91785.34,92261.88,6898,1800,0
2025-12-03 17:00:00,92257.18,93053.14,92205.14,92971.2,5726,1800,0
2025-12-03 18:00:00,92975.87,93525.4,92385.58,92635.16,5181,1800,0
2025-12-03 19:00:00,92635.0,93110.95,92537.88,93038.21,3627,1800,0
2025-12-03 20:00:00,93040.73,93408.75,92832.46,92991.93,4198,1800,0
2025-12-03 21:00:00,92988.9,93795.67,92858.91,93710.71,3439,1800,0
2025-12-03 22:00:00,93708.66,94218.46,93306.97,93789.59,4646,1800,0
2025-12-03 23:00:00,93786.8,94110.04,93369.91,93453.55,4141,1800,0
2025-12-04 00:00:00,93450.66,93506.48,92681.74,93075.84,4256,1800,0
2025-12-04 01:00:00,93075.71,93773.47,92994.75,93212.9,4696,1800,0
2025-12-04 02:00:00,93215.52,94080.98,93127.15,93942.29,4351,1800,0
2025-12-04 03:00:00,93939.08,94089.29,93393.83,93550.26,3239,1800,0
2025-12-04 04:00:00,93542.04,93597.64,93211.82,93363.81,2632,1800,0
2025-12-04 05:00:00,93364.76,93384.36,92783.18,92983.3,2660,1800,0
2025-12-04 06:00:00,92985.76,93385.5,92847.57,93158.22,2674,1800,0
2025-12-04 07:00:00,93158.27,93433.25,92902.9,93401.84,2171,1800,0
2025-12-04 08:00:00,93407.33,93621.23,93044.42,93263.53,2779,1800,0
2025-12-04 09:00:00,93266.85,93643.76,93242.36,93460.51,2850,1800,0
2025-12-04 10:00:00,93460.89,93579.37,93161.86,93268.41,2546,1800,0
2025-12-04 11:00:00,93266.41,93328.6,92731.84,92956.81,2712,1800,0
2025-12-04 12:00:00,92958.93,93210.88,92778.61,93002.5,2605,1800,0
2025-12-04 13:00:00,93002.32,93064.43,92430.49,92530.61,4738,1800,0
2025-12-04 14:00:00,92528.23,92833.08,91809.35,91909.74,7712,1800,0
2025-12-04 15:00:00,91907.04,93285.54,91897.51,92992.28,9098,1800,0
2025-12-04 16:00:00,92991.5,93202.14,92280.27,92447.89,6256,1800,0
2025-12-04 17:00:00,92447.8,92565.07,91773.13,92445.89,5618,1800,0
2025-12-04 18:00:00,92445.08,92582.16,91966.67,92149.82,4547,1800,0
2025-12-04 19:00:00,92150.07,92201.94,90886.5,91992.4,8930,1800,0
2025-12-04 20:00:00,91990.36,92564.73,91696.63,92499.61,5567,1800,0
2025-12-04 21:00:00,92496.62,92742.38,92095.93,92177.95,3208,1800,0
2025-12-04 22:00:00,92179.21,92513.59,92165.78,92359.95,2283,1800,0
2025-12-04 23:00:00,92360.75,92474.4,92078.23,92092.66,2261,1800,0
2025-12-05 00:00:00,92093.52,92498.96,92072.3,92316.39,2628,1800,0
2025-12-05 01:00:00,92317.33,92625.33,92242.66,92381.79,2479,1800,0
2025-12-05 02:00:00,92378.96,92728.17,92263.56,92539.48,2199,1800,0
2025-12-05 03:00:00,92539.38,92683.08,91980.47,92170.26,2126,1800,0
2025-12-05 04:00:00,92166.04,92419.41,91811.71,92044.76,2532,1800,0
2025-12-05 05:00:00,92044.31,92226.46,91890.29,91957.42,2028,1800,0
2025-12-05 06:00:00,91955.58,92309.55,91914.71,92296.62,1884,1800,0
2025-12-05 07:00:00,92291.62,92519.47,92217.71,92279.38,1937,1800,0
2025-12-05 08:00:00,92283.65,92283.65,91913.25,92131.61,2093,1800,0
2025-12-05 09:00:00,92132.98,92133.05,91004.08,91149.42,4578,1800,0
2025-12-05 10:00:00,91136.76,91518.88,91106.57,91298.25,2739,1800,0
2025-12-05 11:00:00,91301.91,91589.86,91137.95,91375.69,2776,1800,0
2025-12-05 12:00:00,91373.15,91450.27,91083.31,91261.85,2639,1800,0
2025-12-05 13:00:00,91262.81,91387.04,90245.08,90494.72,6075,1800,0
2025-12-05 14:00:00,90491.12,90768.21,89907.43,90303.26,8480,1800,0
2025-12-05 15:00:00,90304.07,91499.9,90270.74,90471.76,11241,1800,0
2025-12-05 16:00:00,90471.57,90528.79,88050.58,88833.4,15414,1800,0
2025-12-05 17:00:00,88839.44,89547.87,88623.74,89347.52,8227,1800,0
2025-12-05 18:00:00,89341.52,89823.13,88922.11,88967.81,6477,1800,0
2025-12-05 19:00:00,88969.81,89830.56,88836.07,89663.69,6276,1800,0
2025-12-05 20:00:00,89651.95,89771.55,89205.81,89321.73,4190,1800,0
2025-12-05 21:00:00,89324.11,89505.94,89090.55,89196.4,2788,1800,0
2025-12-05 22:00:00,89200.62,89389.62,88908.63,89252.68,2492,1800,0
2025-12-05 23:00:00,89258.24,89401.63,88945.68,89335.05,2068,1800,0
2025-12-06 00:00:00,89335.46,89488.23,89044.45,89420.48,2122,1800,0
2025-12-06 01:00:00,89434.9,89516.98,89205.68,89336.8,2002,1800,0
2025-12-06 02:00:00,89338.37,89416.05,89175.02,89387.17,1975,1800,0
2025-12-06 03:00:00,89387.71,89814.0,89384.53,89688.18,2314,1800,0
2025-12-06 04:00:00,89690.67,89727.19,89525.77,89666.38,1836,1800,0
2025-12-06 05:00:00,89663.44,89749.73,89529.25,89606.46,1532,1800,0
2025-12-06 06:00:00,89605.2,89779.94,89531.54,89700.34,724,1800,0
2025-12-06 07:00:00,89699.81,89727.7,89465.06,89612.23,1544,1800,0
2025-12-06 08:00:00,89612.28,89658.27,89222.2,89291.13,2270,1800,0
2025-12-06 09:00:00,89289.57,89686.93,89266.19,89586.95,1875,1800,0
2025-12-06 10:00:00,89588.84,89697.82,89461.25,89511.96,1560,1800,0
2025-12-06 11:00:00,89510.73,89737.46,89494.75,89645.49,1609,1800,0
2025-12-06 12:00:00,89642.06,89663.69,89562.05,89588.51,1374,1800,0
2025-12-06 13:00:00,89594.93,89800.56,89580.88,89672.62,1332,1800,0
2025-12-06 14:00:00,89664.11,90313.74,89649.89,90006.84,2861,1800,0
2025-12-06 15:00:00,90006.82,90060.73,89485.88,89775.4,3187,1800,0
2025-12-06 16:00:00,89775.32,89993.57,89675.04,89722.04,2112,1800,0
2025-12-06 17:00:00,89720.17,89853.41,89607.89,89723.76,1934,1800,0
2025-12-06 18:00:00,89724.13,89808.18,89528.46,89670.38,1558,1800,0
2025-12-06 19:00:00,89669.91,89764.56,89256.46,89428.79,2378,1800,0
2025-12-06 20:00:00,89429.91,89584.81,89328.89,89562.69,1563,1800,0
2025-12-06 21:00:00,89561.48,89640.2,89406.57,89437.24,1868,1800,0
2025-12-06 22:00:00,89437.28,89548.19,89261.33,89305.94,1523,1800,0
2025-12-06 23:00:00,89306.25,89353.37,88914.91,89232.2,2740,1800,0
2025-12-07 00:00:00,89258.79,89570.74,89175.61,89398.04,2321,1800,0
2025-12-07 01:00:00,89417.23,89597.03,89301.56,89302.46,1713,1800,0
2025-12-07 02:00:00,89300.9,89699.57,89300.9,89625.43,1560,1800,0
2025-12-07 03:00:00,89619.02,89757.4,89551.35,89731.67,1481,1800,0
2025-12-07 04:00:00,89733.32,89805.62,89492.1,89553.86,1537,1800,0
2025-12-07 05:00:00,89553.89,89580.82,89424.19,89517.25,1194,1800,0
2025-12-07 06:00:00,89516.36,89714.47,89492.38,89714.15,1310,1800,0
2025-12-07 07:00:00,89714.07,89747.91,89199.9,89387.05,1901,1800,0
2025-12-07 08:00:00,89390.56,89539.18,89184.87,89315.47,1791,1800,0
2025-12-07 09:00:00,89319.51,89415.48,89059.22,89117.01,1782,1800,0
2025-12-07 10:00:00,89116.59,89409.21,89099.0,89248.32,1758,1800,0
2025-12-07 11:00:00,89244.91,89293.79,89147.1,89158.43,1414,1800,0
2025-12-07 12:00:00,89158.42,89599.13,89124.29,89480.52,1796,1800,0
2025-12-07 13:00:00,89481.6,89527.17,88623.16,89058.41,3292,1800,0
2025-12-07 14:00:00,89063.58,89119.64,87730.22,88230.03,8545,1800,0
2025-12-07 15:00:00,88226.98,89736.26,88167.45,89549.96,7108,1800,0
2025-12-07 16:00:00,89546.99,89929.42,89107.23,89903.97,4526,1800,0
2025-12-07 17:00:00,89907.81,91308.39,89620.4,90951.87,8438,1800,0
2025-12-07 18:00:00,90951.31,91780.64,90951.31,91374.49,5346,1800,0
2025-12-07 19:00:00,91378.26,91556.54,91219.4,91436.16,2714,1800,0
2025-12-07 20:00:00,91435.08,91523.98,91315.16,91433.9,2034,1800,0
2025-12-07 21:00:00,91441.23,91441.23,89851.69,90230.37,4501,1800,0
2025-12-07 22:00:00,90221.77,90258.62,88939.02,89604.61,9515,1800,0
2025-12-07 23:00:00,89599.73,90498.82,89527.42,90396.02,4690,1800,0
2025-12-08 00:00:00,90395.57,90612.24,89843.99,90353.12,4361,1800,0
2025-12-08 01:00:00,90357.51,91706.38,90301.42,90919.57,5967,1800,0
2025-12-08 02:00:00,90919.25,91455.17,90801.78,91367.36,4215,1800,0
2025-12-08 03:00:00,91367.46,91431.34,90979.67,91077.09,2908,1800,0
2025-12-08 04:00:00,91081.62,91490.27,91012.25,91288.48,2754,1800,0
2025-12-08 05:00:00,91285.29,91449.66,91035.4,91323.36,2565,1800,0
2025-12-08 06:00:00,91324.2,91653.16,91240.47,91468.57,2376,1800,0
2025-12-08 07:00:00,91472.0,91887.54,91341.33,91570.81,2734,1800,0
2025-12-08 08:00:00,91573.9,91953.51,91475.05,91829.22,2595,1800,0
2025-12-08 09:00:00,91825.88,92301.93,91783.72,91912.83,3868,1800,0
2025-12-08 10:00:00,91913.04,92227.02,91820.23,92128.16,2444,1800,0
2025-12-08 11:00:00,92126.13,92190.4,91858.17,91967.04,2192,1800,0
2025-12-08 12:00:00,91973.51,91995.83,91665.07,91768.51,2588,1800,0
2025-12-08 13:00:00,91764.65,92149.77,91263.68,91461.96,4164,1800,0
2025-12-08 14:00:00,91461.83,91784.14,90764.64,90843.85,9108,1800,0
2025-12-08 15:00:00,90848.63,91010.3,89600.2,89955.14,11190,1800,0
2025-12-08 16:00:00,89953.28,90486.89,89660.02,89982.55,7185,1800,0
2025-12-08 17:00:00,89982.5,90350.29,89688.77,90259.78,5786,1800,0
2025-12-08 18:00:00,90261.05,90524.13,89719.41,89916.62,5996,1800,0
2025-12-08 19:00:00,89919.49,90370.91,89845.2,90129.94,5102,1800,0
2025-12-08 20:00:00,90134.58,90940.19,90134.29,90802.72,4859,1800,0
2025-12-08 21:00:00,90801.79,91396.13,90670.92,91307.09,3577,1800,0
2025-12-08 22:00:00,91310.2,91390.68,90718.79,90826.44,2478,1800,0
2025-12-08 23:00:00,90825.65,91031.62,90481.69,90663.31,2931,1800,0
2025-12-09 00:00:00,90663.2,90863.91,90350.6,90397.1,3082,1800,0
2025-12-09 01:00:00,90406.82,90580.02,89959.86,90069.27,3798,1800,0
2025-12-09 02:00:00,90069.52,90390.83,89977.45,90076.15,2987,1800,0
2025-12-09 03:00:00,90077.8,90462.0,89810.67,90417.53,2921,1800,0
2025-12-09 04:00:00,90416.95,90520.63,89731.39,89922.74,2509,1800,0
2025-12-09 05:00:00,89923.14,90208.76,89463.44,89902.55,2905,1800,0
2025-12-09 06:00:00,89902.25,90233.25,89773.06,90160.39,2448,1800,0
2025-12-09 07:00:00,90160.57,90527.76,90083.48,90488.97,2478,1800,0
2025-12-09 08:00:00,90495.03,90622.89,90353.12,90493.45,2275,1800,0
2025-12-09 09:00:00,90491.23,90501.21,90125.44,90144.62,2271,1800,0
2025-12-09 10:00:00,90146.21,90354.63,89905.19,90298.36,2934,1800,0
2025-12-09 11:00:00,90300.51,90402.26,90131.8,90393.37,2298,1800,0
2025-12-09 12:00:00,90396.65,90710.3,90315.82,90572.33,2685,1800,0
2025-12-09 13:00:00,90573.38,90857.73,90154.51,90427.01,3038,1800,0
2025-12-09 14:00:00,90426.76,90641.28,89999.84,90361.98,7145,1800,0
2025-12-09 15:00:00,90361.88,92899.06,90283.1,92713.5,13888,1800,0
2025-12-09 16:00:00,92701.73,94484.73,92683.49,94198.11,12122,1800,0
2025-12-09 17:00:00,94197.54,94605.9,93548.61,93929.66,7512,1800,0
2025-12-09 18:00:00,93932.87,94190.65,93666.29,93936.4,4893,1800,0
2025-12-09 19:00:00,93937.07,94252.13,93652.88,93821.72,4092,1800,0
2025-12-09 20:00:00,93817.26,93866.77,92779.67,93127.35,6525,1800,0
2025-12-09 21:00:00,93125.57,93248.59,92251.75,92647.75,4630,1800,0
2025-12-09 22:00:00,92648.89,93051.89,92501.1,92878.47,3785,1800,0
2025-12-09 23:00:00,92877.63,92986.49,92545.86,92688.76,2655,1800,0
2025-12-10 00:00:00,92688.84,92799.02,92050.43,92133.71,3355,1800,0
2025-12-10 01:00:00,92136.28,92413.85,91965.99,92323.51,3079,1800,0
2025-12-10 02:00:00,92325.35,92579.44,92031.54,92512.13,2666,1800,0
2025-12-10 03:00:00,92518.22,92581.19,92348.26,92416.36,1894,1800,0
2025-12-10 04:00:00,92418.27,92680.5,92388.49,92567.57,2289,1800,0
2025-12-10 05:00:00,92569.55,92755.43,92527.69,92558.12,1932,1800,0
2025-12-10 06:00:00,92559.57,92756.68,92401.71,92697.45,1735,1800,0
2025-12-10 07:00:00,92693.05,92803.86,92495.17,92796.29,1774,1800,0
2025-12-10 08:00:00,92797.06,92817.8,92548.24,92606.56,1969,1800,0
2025-12-10 09:00:00,92604.52,92952.48,92426.96,92925.33,2331,1800,0
2025-12-10 10:00:00,92931.27,93279.18,92132.01,92274.52,4722,1800,0
2025-12-10 11:00:00,92272.84,92441.8,91761.34,92125.07,3738,1800,0
2025-12-10 12:00:00,92125.45,92218.2,91819.04,91985.68,2986,1800,0
2025-12-10 13:00:00,91986.05,92240.42,91940.55,92097.34,2765,1800,0
2025-12-10 14:00:00,92089.21,92114.9,91593.14,91838.83,5766,1800,0
2025-12-10 15:00:00,91836.44,92162.9,91565.29,92065.97,6623,1800,0
2025-12-10 16:00:00,92069.67,92600.63,91893.31,92178.45,5445,1800,0
2025-12-10 17:00:00,92178.34,92526.3,92090.7,92391.24,4699,1800,0
2025-12-10 18:00:00,92390.39,93045.52,91985.91,92489.15,6080,1800,0
2025-12-10 19:00:00,92490.08,93271.56,91666.62,92982.66,19325,1800,0
2025-12-10 20:00:00,92985.97,94506.27,92269.18,92487.13,15642,1800,0
2025-12-10 21:00:00,92490.18,92805.26,91883.48,92373.12,7123,1800,0
2025-12-10 22:00:00,92384.84,92724.1,91953.43,92536.41,4003,1800,0
2025-12-10 23:00:00,92535.05,92613.95,91950.33,92030.97,2984,1800,0
2025-12-11 00:00:00,92026.33,92104.1,91057.47,91407.88,4948,1800,0
2025-12-11 01:00:00,91410.12,91431.94,90663.7,90702.98,6094,1800,0
2025-12-11 02:00:00,90703.25,90703.25,89882.94,90098.7,7064,1800,0
2025-12-11 03:00:00,90098.92,90098.92,89403.73,89887.89,6385,1800,0
2025-12-11 04:00:00,89887.24,90510.1,89695.22,90445.5,3974,1800,0
2025-12-11 05:00:00,90446.12,90446.12,90075.68,90319.72,2399,1800,0
2025-12-11 06:00:00,90320.07,90463.21,89969.75,90300.97,2511,1800,0
2025-12-11 07:00:00,90297.54,90344.45,90084.95,90285.84,2141,1800,0
2025-12-11 08:00:00,90285.24,90288.85,89978.27,90200.9,2627,1800,0
2025-12-11 09:00:00,90200.81,90528.88,90148.89,90253.63,2466,1800,0
2025-12-11 10:00:00,90252.56,90367.67,90170.03,90331.31,1686,1800,0
2025-12-11 11:00:00,90331.38,90433.91,90212.17,90248.21,1495,1800,0
2025-12-11 12:00:00,90248.56,90396.7,90014.87,90043.14,2044,1800,0
2025-12-11 13:00:00,90043.74,90176.46,89856.54,90103.31,2515,1800,0
2025-12-11 14:00:00,90103.14,90498.35,89253.34,89549.62,8031,1800,0
2025-12-11 15:00:00,89544.94,90664.27,89403.78,89879.93,9744,1800,0
2025-12-11 16:00:00,89878.18,90180.42,89319.72,89739.04,7236,1800,0
2025-12-11 17:00:00,89731.36,90263.28,89618.9,89990.61,4449,1800,0
2025-12-11 18:00:00,89986.75,91210.69,89889.95,90702.38,5943,1800,0
2025-12-11 19:00:00,90698.72,91558.36,90579.34,90853.97,5997,1800,0
2025-12-11 20:00:00,90853.99,91860.86,90798.46,91791.91,5729,1800,0
2025-12-11 21:00:00,91794.07,93595.61,91704.59,92879.02,8982,1800,0
2025-12-11 22:00:00,92877.35,93221.75,92100.82,92378.47,5202,1800,0
2025-12-11 23:00:00,92379.25,92838.21,92345.57,92544.84,3895,1800,0
2025-12-12 00:00:00,92541.76,92668.75,91465.17,91597.1,3702,1800,0
2025-12-12 01:00:00,91599.62,92335.54,91542.22,92181.67,4270,1800,0
2025-12-12 02:00:00,92181.57,92761.33,91934.21,92604.79,3557,1800,0
2025-12-12 03:00:00,92608.16,92781.82,92182.53,92304.67,2599,1800,0
2025-12-12 04:00:00,92301.04,92476.91,92141.02,92403.13,1831,1800,0
2025-12-12 05:00:00,92415.69,92517.12,92075.16,92450.4,1961,1800,0
2025-12-12 06:00:00,92444.72,92744.29,92408.03,92520.63,2067,1800,0
2025-12-12 07:00:00,92518.08,92585.17,92267.24,92441.32,1763,1800,0
2025-12-12 08:00:00,92440.75,92500.74,92099.8,92368.82,2224,1800,0
2025-12-12 09:00:00,92354.81,92563.12,92086.23,92524.41,2083,1800,0
2025-12-12 10:00:00,92527.0,92647.07,92420.21,92504.16,1797,1800,0
2025-12-12 11:00:00,92503.78,92503.78,92280.4,92432.55,1715,1800,0
2025-12-12 12:00:00,92425.64,92445.02,92079.68,92440.68,1822,1800,0
2025-12-12 13:00:00,92437.12,92530.35,92245.55,92323.12,1906,1800,0
2025-12-12 14:00:00,92324.5,92690.15,91899.5,92460.81,6222,1800,0
2025-12-12 15:00:00,92456.22,92473.99,89767.09,89942.34,14428,1800,0
2025-12-12 16:00:00,89931.69,90446.1,89471.64,90048.06,11806,1800,0
2025-12-12 17:00:00,90048.99,90635.02,89834.86,90105.99,6992,1800,0
2025-12-12 18:00:00,90106.5,90683.91,90044.98,90393.61,5686,1800,0
2025-12-12 19:00:00,90394.4,90427.43,90007.78,90196.35,4554,1800,0
2025-12-12 20:00:00,90197.78,90349.62,89886.95,90217.64,4182,1800,0
2025-12-12 21:00:00,90218.42,90360.38,90107.37,90194.31,2001,1800,0
2025-12-12 22:00:00,90191.5,90400.1,90184.13,90349.15,1528,1800,0
2025-12-12 23:00:00,90351.14,90402.55,90231.05,90280.68,1374,1800,0
2025-12-13 00:00:00,90282.05,90442.89,90202.64,90319.79,1317,1800,0
2025-12-13 01:00:00,90325.73,90361.66,90113.49,90224.71,1035,1800,0
2025-12-13 02:00:00,90221.34,90318.89,90210.73,90234.22,1015,1800,0
2025-12-13 03:00:00,90237.79,90475.09,90198.72,90348.27,938,1800,0
2025-12-13 04:00:00,90349.86,90424.78,90270.0,90373.56,962,1800,0
2025-12-13 05:00:00,90378.8,90395.73,90264.51,90337.26,884,1800,0
2025-12-13 06:00:00,90337.08,90366.81,90273.06,90331.65,672,1800,0
2025-12-13 07:00:00,90347.5,90414.95,90328.63,90342.34,782,1800,0
2025-12-13 08:00:00,90345.64,90584.57,90320.31,90468.55,1642,1800,0
2025-12-13 09:00:00,90466.2,90527.45,90385.57,90430.2,1174,1800,0
2025-12-13 10:00:00,90432.77,90653.98,90416.4,90603.39,1228,1800,0
2025-12-13 11:00:00,90601.02,90621.71,90291.88,90359.68,1359,1800,0
2025-12-13 12:00:00,90361.66,90494.69,90293.24,90359.58,1329,1800,0
2025-12-13 13:00:00,90365.74,90471.51,90201.88,90272.09,1493,1800,0
2025-12-13 14:00:00,90270.8,90362.68,89927.93,90101.71,1924,1800,0
2025-12-13 15:00:00,90092.19,90302.7,90046.83,90107.72,1541,1800,0
2025-12-13 16:00:00,90111.27,90286.38,90035.42,90109.05,1403,1800,0
2025-12-13 17:00:00,90108.53,90122.43,89986.21,90072.27,1330,1800,0
2025-12-13 18:00:00,90068.78,90203.48,90049.57,90135.96,1169,1800,0
2025-12-13 19:00:00,90131.18,90245.4,90113.22,90193.25,894,1800,0
2025-12-13 20:00:00,90207.75,90237.66,90047.36,90116.47,982,1800,0
2025-12-13 21:00:00,90114.08,90195.12,89756.45,90179.73,1755,1800,0
2025-12-13 22:00:00,90178.37,90283.63,90012.79,90139.21,1806,1800,0
2025-12-13 23:00:00,90138.35,90303.86,90067.33,90256.34,1488,1800,0
2025-12-14 00:00:00,90250.22,90495.75,90130.92,90356.62,1792,1800,0
2025-12-14 01:00:00,90356.7,90455.15,90206.32,90303.57,1331,1800,0
2025-12-14 02:00:00,90309.81,90402.19,90254.67,90304.58,1063,1800,0
2025-12-14 03:00:00,90308.85,90323.23,90249.65,90273.72,870,1800,0
2025-12-14 04:00:00,90274.66,90353.23,90129.64,90214.77,1090,1800,0
2025-12-14 05:00:00,90209.22,90244.71,90050.89,90205.73,1119,1800,0
2025-12-14 06:00:00,90205.2,90262.89,90107.57,90161.57,1196,1800,0
2025-12-14 07:00:00,90162.59,90285.17,90087.81,90265.57,746,1800,0
2025-12-14 08:00:00,90258.74,90304.26,90119.0,90130.42,1221,1800,0
2025-12-14 09:00:00,90130.32,90169.17,90015.4,90037.66,1191,1800,0
2025-12-14 10:00:00,90037.54,90135.64,89792.59,89861.08,2131,1800,0
2025-12-14 11:00:00,89859.52,89875.03,88586.29,89367.79,6822,1800,0
2025-12-14 12:00:00,89361.92,89682.67,89115.68,89430.63,3679,1800,0
2025-12-14 13:00:00,89427.19,89511.97,89085.29,89488.85,3053,1800,0
2025-12-14 14:00:00,89488.99,89574.2,88878.39,89110.55,3688,1800,0
2025-12-14 15:00:00,89114.69,89184.1,88867.43,89020.85,2911,1800,0
2025-12-14 16:00:00,89025.31,89410.73,88499.74,88842.96,3700,1800,0
2025-12-14 17:00:00,88842.64,89043.2,88597.17,88816.04,3715,1800,0
2025-12-14 18:00:00,88812.59,89076.82,88714.04,89002.12,2648,1800,0
2025-12-14 19:00:00,89000.67,89005.74,88495.09,88645.46,2606,1800,0
2025-12-14 20:00:00,88644.82,88834.87,88354.81,88566.63,3112,1800,0
2025-12-14 21:00:00,88561.95,88722.26,88347.68,88452.01,2320,1800,0
2025-12-14 22:00:00,88455.0,88623.21,87991.77,88404.87,3914,1800,0
2025-12-14 23:00:00,88404.01,88620.59,87561.12,88173.19,6212,1800,0
2025-12-15 00:00:00,88165.21,88701.63,88059.14,88451.82,5013,1800,0
2025-12-15 01:00:00,88460.17,89342.68,88412.59,89240.91,5020,1800,0
2025-12-15 02:00:00,89242.32,90021.61,89230.77,89318.83,4929,1800,0
2025-12-15 03:00:00,89319.77,89550.92,89228.97,89287.85,2761,1800,0
2025-12-15 04:00:00,89289.77,89801.75,89273.27,89671.95,2737,1800,0
2025-12-15 05:00:00,89672.66,89760.8,89488.55,89615.18,1956,1800,0
2025-12-15 06:00:00,89619.12,89923.9,89469.54,89747.65,2048,1800,0
2025-12-15 07:00:00,89752.95,89839.23,89517.49,89743.18,2355,1800,0
2025-12-15 08:00:00,89746.65,89904.74,89643.64,89769.88,2011,1800,0
2025-12-15 09:00:00,89770.22,89990.6,89770.22,89862.78,2107,1800,0
2025-12-15 10:00:00,89861.53,89990.45,89692.8,89869.44,2475,1800,0
2025-12-15 11:00:00,89868.86,89909.71,89572.13,89652.47,1625,1800,0
2025-12-15 12:00:00,89652.33,89770.31,89421.53,89695.78,2267,1800,0
2025-12-15 13:00:00,89698.24,89747.4,89264.43,89423.02,2594,1800,0
2025-12-15 14:00:00,89423.08,89879.55,87832.85,88033.87,10319,1800,0
2025-12-15 15:00:00,88029.55,88184.62,86600.43,87031.77,18181,1800,0
2025-12-15 16:00:00,87034.56,87217.04,86015.78,86368.66,11015,1800,0
2025-12-15 17:00:00,86367.82,86488.37,85569.34,85753.52,8011,1800,0
2025-12-15 18:00:00,85750.8,86277.85,85096.49,86170.97,8079,1800,0
2025-12-15 19:00:00,86168.92,86552.47,85847.17,86133.83,7431,1800,0
2025-12-15 20:00:00,86132.14,86183.39,85592.52,85760.25,6206,1800,0
2025-12-15 21:00:00,85765.52,86291.55,85494.3,86203.34,3757,1800,0
2025-12-15 22:00:00,86207.29,86246.98,85795.02,86244.7,2438,1800,0
2025-12-15 23:00:00,86245.93,86451.95,86085.86,86406.54,2761,1800,0
2025-12-16 00:00:00,86416.47,86504.04,85820.54,85848.12,3098,1800,0
2025-12-16 01:00:00,85847.79,86152.51,85645.42,85869.64,4274,1800,0
2025-12-16 02:00:00,85869.17,86207.48,85780.07,85910.72,3459,1800,0
2025-12-16 03:00:00,85914.45,85995.15,85356.42,85852.01,3676,1800,0
2025-12-16 04:00:00,85851.07,85906.45,85245.07,85820.64,3277,1800,0
2025-12-16 05:00:00,85810.34,86197.3,85771.98,86005.01,2730,1800,0
2025-12-16 06:00:00,86009.61,86597.48,86009.61,86481.38,1962,1800,0
2025-12-16 07:00:00,86481.52,86602.51,85830.06,85995.47,3226,1800,0
2025-12-16 08:00:00,85996.45,86368.63,85894.15,86259.17,2720,1800,0
2025-12-16 09:00:00,86255.69,86408.49,86164.87,86323.32,2181,1800,0
2025-12-16 10:00:00,86325.48,87313.98,86243.37,86948.63,4611,1800,0
2025-12-16 11:00:00,86954.12,87317.47,86789.05,87237.77,3210,1800,0
2025-12-16 12:00:00,87235.43,87474.95,87042.71,87186.56,3139,1800,0
2025-12-16 13:00:00,87184.51,87790.54,86391.51,86425.91,9916,1800,0
2025-12-16 14:00:00,86422.83,87750.67,86067.61,87276.51,14160,1800,0
2025-12-16 15:00:00,87265.67,88145.47,86819.11,87953.8,11863,1800,0
2025-12-16 16:00:00,87950.68,88035.66,87360.76,87561.47,8258,1800,0
2025-12-16 17:00:00,87557.79,87829.64,87066.07,87106.44,5125,1800,0
2025-12-16 18:00:00,87112.8,88002.48,87034.13,87766.43,4802,1800,0
2025-12-16 19:00:00,87770.05,87778.05,87262.19,87555.68,4119,1800,0
2025-12-16 20:00:00,87555.49,87824.74,87313.3,87547.67,3897,1800,0
2025-12-16 21:00:00,87547.98,87894.12,87475.87,87740.3,2045,1800,0
2025-12-16 22:00:00,87739.83,87922.68,87614.81,87778.47,1837,1800,0
2025-12-16 23:00:00,87787.8,87855.33,87574.99,87842.12,2129,1800,0
2025-12-17 00:00:00,87838.75,87838.75,87387.42,87509.58,2627,1800,0
2025-12-17 01:00:00,87507.84,87935.48,87449.81,87530.25,2674,1800,0
2025-12-17 02:00:00,87533.07,87574.59,87163.98,87459.76,2891,1800,0
2025-12-17 03:00:00,87461.48,87592.73,87116.27,87190.11,1996,1800,0
2025-12-17 04:00:00,87191.7,87366.61,86685.89,86728.34,2714,1800,0
2025-12-17 05:00:00,86734.0,86743.02,86180.92,86604.36,4155,1800,0
2025-12-17 06:00:00,86604.16,86978.78,86556.72,86747.29,2905,1800,0
2025-12-17 07:00:00,86747.4,87142.63,86556.18,87015.38,3105,1800,0
2025-12-17 08:00:00,87016.34,87021.41,86281.81,86369.6,2951,1800,0
2025-12-17 09:00:00,86369.48,86570.35,86216.36,86391.14,2560,1800,0
2025-12-17 10:00:00,86388.42,86813.82,86195.55,86588.73,3180,1800,0
2025-12-17 11:00:00,86587.98,87106.36,86520.62,86956.06,2465,1800,0
2025-12-17 12:00:00,86957.95,87189.56,86783.24,86990.68,3113,1800,0
2025-12-17 13:00:00,86985.68,87829.38,86770.33,87596.79,5302,1800,0
2025-12-17 14:00:00,87600.05,89666.13,87131.89,89637.2,14140,1800,0
2025-12-17 15:00:00,89632.09,90360.87,87103.93,87214.89,23776,1800,0
2025-12-17 16:00:00,87203.78,87738.38,86129.28,86944.3,17770,1800,0
2025-12-17 17:00:00,86940.86,87088.68,86219.57,86387.21,7903,1800,0
2025-12-17 18:00:00,86385.52,86813.87,85603.22,85787.12,7720,1800,0
2025-12-17 19:00:00,85788.17,86147.23,85265.35,85982.68,8266,1800,0
2025-12-17 20:00:00,85982.57,86211.5,85621.95,85855.83,5612,1800,0
2025-12-17 21:00:00,85853.9,86020.24,85660.7,85943.38,2812,1800,0
2025-12-17 22:00:00,85947.06,86408.36,85851.14,86313.71,2512,1800,0
2025-12-17 23:00:00,86313.54,86313.54,85905.15,86199.4,2189,1800,0
2025-12-18 00:00:00,86199.49,86284.23,86007.87,86182.5,2330,1800,0
2025-12-18 01:00:00,86182.63,86205.54,85817.86,86088.42,3470,1800,0
2025-12-18 02:00:00,86090.68,86846.94,85974.77,86646.48,4577,1800,0
2025-12-18 03:00:00,86641.95,86657.06,86218.27,86573.75,2851,1800,0
2025-12-18 04:00:00,86578.04,86859.28,86550.32,86726.63,2108,1800,0
2025-12-18 05:00:00,86718.42,86731.29,86329.74,86401.66,2266,1800,0
2025-12-18 06:00:00,86399.16,86625.52,86363.71,86609.14,1986,1800,0
2025-12-18 07:00:00,86600.49,86828.99,86547.07,86782.99,2168,1800,0
2025-12-18 08:00:00,86781.82,87095.14,86636.85,86930.75,3032,1800,0
2025-12-18 09:00:00,86929.17,87360.35,86750.8,87231.24,2964,1800,0
2025-12-18 10:00:00,87230.0,87415.47,87162.59,87310.91,2263,1800,0
2025-12-18 11:00:00,87307.41,87319.25,87012.43,87235.3,2175,1800,0
2025-12-18 12:00:00,87253.89,87405.66,87066.56,87214.94,2618,1800,0
2025-12-18 13:00:00,87215.05,89170.96,87210.7,88796.49,12848,1800,0
2025-12-18 14:00:00,88793.19,89437.49,87675.02,88310.85,17019,1800,0
2025-12-18 15:00:00,88302.05,89309.22,87918.34,88456.97,11181,1800,0
2025-12-18 16:00:00,88456.78,88482.52,87773.16,87945.54,7215,1800,0
2025-12-18 17:00:00,87950.76,87981.13,85407.64,86430.8,17898,1800,0
2025-12-18 18:00:00,86431.77,86838.49,85654.81,85931.35,7729,1800,0
2025-12-18 19:00:00,85928.36,85979.32,84425.64,84428.57,12378,1800,0
2025-12-18 20:00:00,84429.96,85228.67,84393.35,84531.3,9434,1800,0
2025-12-18 21:00:00,84523.57,85798.09,84505.57,85578.82,6217,1800,0
2025-12-18 22:00:00,85581.79,85714.66,85225.41,85531.41,3219,1800,0
2025-12-18 23:00:00,85531.6,85578.52,85259.08,85442.47,2752,1800,0
2025-12-19 00:00:00,85442.62,85551.45,85234.69,85547.67,2643,1800,0
2025-12-19 01:00:00,85547.67,85547.67,85048.98,85265.92,3104,1800,0
2025-12-19 02:00:00,85264.52,85898.96,85067.07,85589.89,3935,1800,0
2025-12-19 03:00:00,85587.48,87523.2,85546.4,86841.69,11914,1800,0
2025-12-19 04:00:00,86838.88,87322.27,86771.95,87045.61,4619,1800,0
2025-12-19 05:00:00,87050.63,87181.17,86611.27,87077.73,3396,1800,0
2025-12-19 06:00:00,87075.57,87432.68,86846.63,87431.49,2935,1800,0
2025-12-19 07:00:00,87428.12,88335.84,87409.4,87893.92,6466,1800,0
2025-12-19 08:00:00,87894.05,88160.45,87667.68,88042.71,4132,1800,0
2025-12-19 09:00:00,88036.04,88115.95,87841.61,88044.24,3016,1800,0
2025-12-19 10:00:00,88042.17,88313.09,87841.21,88223.09,2998,1800,0
2025-12-19 11:00:00,88219.39,88329.16,88080.83,88155.35,2824,1800,0
2025-12-19 12:00:00,88156.1,88221.57,87786.21,87820.94,3871,1800,0
2025-12-19 13:00:00,87820.78,88166.68,87773.5,87935.26,3198,1800,0
2025-12-19 14:00:00,87948.75,88524.27,87449.17,88115.56,10379,1800,0
2025-12-19 15:00:00,88112.02,89358.98,87635.29,87906.21,13604,1800,0
2025-12-19 16:00:00,87903.91,88843.73,87810.38,87929.47,7460,1800,0
2025-12-19 17:00:00,87929.33,88294.99,86811.05,86886.59,8471,1800,0
2025-12-19 18:00:00,86887.01,87408.87,86773.98,87102.77,4806,1800,0
2025-12-19 19:00:00,87102.64,88070.09,87071.87,87781.53,4799,1800,0
2025-12-19 20:00:00,87771.22,88363.5,87534.67,88041.18,5259,1800,0
2025-12-19 21:00:00,88031.45,88045.09,87728.95,87789.6,2373,1800,0
2025-12-19 22:00:00,87790.69,88376.61,87787.18,88289.35,2799,1800,0
2025-12-19 23:00:00,88279.66,88307.16,88077.35,88091.54,1687,1800,0
2025-12-20 00:00:00,88092.02,88138.72,87909.76,87964.44,2039,1800,0
2025-12-20 01:00:00,87963.84,88127.35,87956.87,88033.32,1356,1800,0
2025-12-20 02:00:00,88036.29,88270.6,87943.02,88158.41,1528,1800,0
2025-12-20 03:00:00,88158.31,88296.48,88120.31,88165.98,1340,1800,0
2025-12-20 04:00:00,88167.37,88293.97,88072.25,88248.9,1435,1800,0
2025-12-20 05:00:00,88256.91,88546.62,88220.14,88253.77,1765,1800,0
2025-12-20 06:00:00,88253.67,88401.93,88234.44,88266.03,1243,1800,0
2025-12-20 07:00:00,88265.0,88300.74,88142.17,88228.34,1383,1800,0
2025-12-20 08:00:00,88228.45,88388.66,88212.89,88212.89,1643,1800,0
2025-12-20 09:00:00,88210.6,88303.87,88176.56,88187.09,1437,1800,0
2025-12-20 10:00:00,88187.0,88240.25,88079.33,88119.0,1560,1800,0
2025-12-20 11:00:00,88118.9,88266.36,88049.08,88234.37,1564,1800,0
2025-12-20 12:00:00,88233.73,88310.41,88137.97,88194.73,1260,1800,0
2025-12-20 13:00:00,88195.5,88299.2,87753.01,88215.78,2677,1800,0
2025-12-20 14:00:00,88215.41,88241.02,87957.81,88210.25,1943,1800,0
2025-12-20 15:00:00,88209.53,88227.7,87956.77,88132.74,1581,1800,0
2025-12-20 16:00:00,88133.92,88198.12,88081.76,88109.09,1284,1800,0
2025-12-20 17:00:00,88109.33,88214.03,88051.13,88153.77,1302,1800,0
2025-12-20 18:00:00,88152.29,88383.82,88103.43,88271.21,1071,1800,0
2025-12-20 19:00:00,88273.21,88291.74,88158.47,88187.37,1255,1800,0
2025-12-20 20:00:00,88184.78,88291.08,88168.31,88233.11,1079,1800,0
2025-12-20 21:00:00,88233.02,88423.77,88137.2,88185.12,1428,1800,0
2025-12-20 22:00:00,88185.0,88304.77,88111.42,88243.36,1528,1800,0
2025-12-20 23:00:00,88243.87,88381.02,88207.26,88316.14,1463,1800,0
2025-12-21 00:00:00,88316.33,88398.24,88258.09,88341.95,1308,1800,0
2025-12-21 01:00:00,88340.7,88341.06,87961.73,87988.17,1561,1800,0
2025-12-21 02:00:00,87996.14,88116.72,87823.76,87924.54,2038,1800,0
2025-12-21 03:00:00,87924.45,88130.81,87907.41,88040.83,1421,1800,0
2025-12-21 04:00:00,88042.43,88117.24,88006.42,88047.42,1136,1800,0
2025-12-21 05:00:00,88047.44,88127.61,88019.53,88101.1,1247,1800,0
2025-12-21 06:00:00,88099.49,88182.59,88036.75,88063.28,1277,1800,0
2025-12-21 07:00:00,88064.0,88148.05,88014.96,88140.54,1157,1800,0
2025-12-21 08:00:00,88140.44,88723.33,88098.69,88494.09,2554,1800,0
2025-12-21 09:00:00,88493.99,89047.97,88456.69,88866.55,3549,1800,0
2025-12-21 10:00:00,88868.78,88936.18,88536.76,88628.95,2756,1800,0
2025-12-21 11:00:00,88636.05,88719.7,88538.14,88567.23,1566,1800,0
2025-12-21 12:00:00,88566.75,88887.78,88419.1,88584.57,2723,1800,0
2025-12-21 13:00:00,88600.76,88668.39,87547.34,87638.4,7357,1800,0
2025-12-21 14:00:00,87635.86,88133.11,87582.9,88023.09,4037,1800,0
2025-12-21 15:00:00,88031.77,88241.15,87768.86,88042.2,2770,1800,0
2025-12-21 16:00:00,88036.38,88344.9,87947.69,88313.79,2380,1800,0
2025-12-21 17:00:00,88314.75,88463.89,88233.44,88289.02,2026,1800,0
2025-12-21 18:00:00,88286.33,88432.25,87908.76,88411.12,2343,1800,0
2025-12-21 19:00:00,88414.4,88597.59,88173.77,88455.45,2035,1800,0
2025-12-21 20:00:00,88455.36,88482.47,88193.63,88215.49,1490,1800,0
2025-12-21 21:00:00,88215.54,88352.28,88060.35,88134.91,1732,1800,0
2025-12-21 22:00:00,88135.43,88472.93,88083.91,88449.73,1937,1800,0
2025-12-21 23:00:00,88451.05,88793.58,88333.4,88631.2,3226,1800,0
2025-12-22 00:00:00,88638.55,89596.63,88573.08,88590.22,7848,1800,0
2025-12-22 01:00:00,88581.17,89262.04,88479.46,88591.72,4659,1800,0
2025-12-22 02:00:00,88596.09,88636.76,87861.23,88440.16,5615,1800,0
2025-12-22 03:00:00,88440.07,88824.79,88240.15,88734.91,3477,1800,0
2025-12-22 04:00:00,88736.65,89000.96,88670.13,88869.77,2965,1800,0
2025-12-22 05:00:00,88870.71,88976.83,88718.44,88803.56,2381,1800,0
2025-12-22 06:00:00,88794.87,88986.72,88689.13,88880.74,2302,1800,0
2025-12-22 07:00:00,88880.74,89180.54,88844.9,89127.31,2301,1800,0
2025-12-22 08:00:00,89125.74,89876.97,89050.85,89308.17,5190,1800,0
2025-12-22 09:00:00,89308.04,89796.69,89253.56,89779.37,3040,1800,0
2025-12-22 10:00:00,89772.61,89837.43,89558.22,89738.3,2686,1800,0
2025-12-22 11:00:00,89738.4,90086.6,89608.29,89899.24,3420,1800,0
2025-12-22 12:00:00,89900.2,90573.04,89811.66,90172.34,4794,1800,0
2025-12-22 13:00:00,90165.87,90290.94,89683.79,89881.45,3898,1800,0
2025-12-22 14:00:00,89884.11,90269.74,89401.02,90100.5,9135,1800,0
2025-12-22 15:00:00,90099.03,90438.27,89129.42,89701.25,10415,1800,0
2025-12-22 16:00:00,89704.18,90097.19,89469.43,89510.22,5072,1800,0
2025-12-22 17:00:00,89509.42,89551.58,89040.64,89266.1,4251,1800,0
2025-12-22 18:00:00,89266.25,89487.13,89096.85,89101.04,3221,1800,0
2025-12-22 19:00:00,89098.88,89109.06,87906.49,88007.02,5786,1800,0
2025-12-22 20:00:00,88005.52,88442.27,87858.85,88305.79,4996,1800,0
2025-12-22 21:00:00,88300.78,88575.79,88179.36,88232.96,2296,1800,0
2025-12-22 22:00:00,88230.16,88799.4,88086.48,88599.59,2427,1800,0
2025-12-22 23:00:00,88600.37,88647.34,88366.72,88559.98,2123,1800,0
2025-12-23 00:00:00,88563.4,88889.07,88435.06,88714.2,2545,1800,0
2025-12-23 01:00:00,88715.21,88837.39,88362.1,88453.58,2470,1800,0
2025-12-23 02:00:00,88454.22,88700.85,88050.62,88148.93,3451,1800,0
2025-12-23 03:00:00,88149.73,88305.27,87720.9,88122.38,3669,1800,0
2025-12-23 04:00:00,88108.89,88321.08,87861.03,87870.02,2334,1800,0
2025-12-23 05:00:00,87865.06,87963.17,87532.59,87699.23,3205,1800,0
2025-12-23 06:00:00,87698.73,87726.96,86959.91,87340.13,5184,1800,0
2025-12-23 07:00:00,87340.53,87634.3,87302.52,87507.64,2582,1800,0
2025-12-23 08:00:00,87508.03,87640.01,87358.25,87404.86,2138,1800,0
2025-12-23 09:00:00,87393.82,87574.55,87223.92,87469.2,2233,1800,0
2025-12-23 10:00:00,87476.3,87613.47,87438.51,87548.32,1550,1800,0
2025-12-23 11:00:00,87550.81,87831.79,87496.6,87802.12,2117,1800,0
2025-12-23 12:00:00,87802.55,87908.99,87531.4,87727.16,2405,1800,0
2025-12-23 13:00:00,87722.2,87848.48,87360.55,87563.3,3818,1800,0
2025-12-23 14:00:00,87567.57,87791.21,86527.87,86825.98,8110,1800,0
2025-12-23 15:00:00,86825.85,87510.28,86648.64,87389.27,6662,1800,0
2025-12-23 16:00:00,87387.32,88141.59,87270.21,87948.22,6486,1800,0
2025-12-23 17:00:00,87948.63,88240.49,87112.67,87123.9,4950,1800,0
2025-12-23 18:00:00,87124.0,88124.33,87101.56,87914.18,4368,1800,0
2025-12-23 19:00:00,87917.12,87992.99,87576.42,87691.74,2847,1800,0
2025-12-23 20:00:00,87688.97,88319.71,87462.44,87621.85,3919,1800,0
2025-12-23 21:00:00,87624.97,87801.64,87472.82,87671.56,2416,1800,0
2025-12-23 22:00:00,87669.34,87728.83,87184.04,87356.18,2584,1800,0
2025-12-23 23:00:00,87360.14,87468.89,87117.5,87437.03,2535,1800,0
2025-12-24 00:00:00,87437.78,87626.9,87194.26,87591.35,2308,1800,0
2025-12-24 01:00:00,87592.86,87779.97,87437.0,87567.36,2640,1800,0
2025-12-24 02:00:00,87568.3,87606.54,86865.14,87068.63,3398,1800,0
2025-12-24 03:00:00,87069.19,87337.03,86790.56,87282.16,2708,1800,0
2025-12-24 04:00:00,87282.05,87402.47,87020.47,87090.06,1916,1800,0
2025-12-24 05:00:00,87091.28,87196.93,86716.88,86887.6,2253,1800,0
2025-12-24 06:00:00,86895.01,87006.68,86717.89,86950.97,1892,1800,0
2025-12-24 07:00:00,86952.13,87123.11,86835.17,86848.46,1667,1800,0
2025-12-24 08:00:00,86848.91,87009.56,86687.13,86726.79,2012,1800,0
2025-12-24 09:00:00,86726.72,86843.55,86654.9,86739.13,1730,1800,0
2025-12-24 10:00:00,86735.89,87145.1,86730.34,87034.05,1761,1800,0
2025-12-24 11:00:00,87033.95,87295.28,87030.43,87143.65,1752,1800,0
2025-12-24 12:00:00,87145.87,87436.07,87064.33,87371.5,1799,1800,0
2025-12-24 13:00:00,87365.82,87393.11,86988.02,87229.1,1995,1800,0
2025-12-24 14:00:00,87229.38,87400.66,86351.14,86937.27,6338,1800,0
2025-12-24 15:00:00,86924.48,87166.13,86509.54,86975.33,5886,1800,0
2025-12-24 16:00:00,86970.2,87625.19,86841.86,87216.58,4994,1800,0
2025-12-24 17:00:00,87224.3,87520.19,87181.41,87245.52,3283,1800,0
2025-12-24 18:00:00,87251.61,87445.13,87154.76,87402.02,2151,1800,0
2025-12-24 19:00:00,87401.76,87517.97,87264.31,87492.92,1487,1800,0
2025-12-24 20:00:00,87492.29,87619.88,87456.92,87483.26,1339,1800,0
2025-12-24 21:00:00,87484.02,87727.72,87484.02,87626.22,1248,1800,0
2025-12-24 22:00:00,87626.33,88002.62,87618.27,87933.96,1867,1800,0
2025-12-24 23:00:00,87934.26,87962.84,87520.77,87610.26,2168,1800,0
2025-12-25 00:00:00,87610.33,87683.29,87437.17,87501.49,2137,1800,0
2025-12-25 01:00:00,87503.87,87689.56,87496.5,87646.76,1637,1800,0
2025-12-25 02:00:00,87646.65,87902.37,87500.19,87817.76,1702,1800,0
2025-12-25 03:00:00,87829.21,87867.06,87710.58,87781.8,1441,1800,0
2025-12-25 04:00:00,87782.6,87785.85,87673.68,87721.97,1322,1800,0
2025-12-25 05:00:00,87719.4,87730.17,87583.96,87687.35,1308,1800,0
2025-12-25 06:00:00,87691.22,87793.07,87617.48,87768.24,1124,1800,0
2025-12-25 07:00:00,87770.5,87809.35,87689.56,87775.38,1129,1800,0
2025-12-25 08:00:00,87774.76,87835.72,87288.96,87515.96,2551,1800,0
2025-12-25 09:00:00,87527.44,87537.69,87379.12,87459.15,1494,1800,0
2025-12-25 10:00:00,87462.4,87471.52,87189.5,87349.9,1836,1800,0
2025-12-25 11:00:00,87350.2,87527.87,87340.06,87448.41,1480,1800,0
2025-12-25 12:00:00,87454.85,87534.83,87412.99,87499.41,1422,1800,0
2025-12-25 13:00:00,87497.98,87622.51,87341.03,87566.69,1759,1800,0
2025-12-25 14:00:00,87566.57,87713.93,87486.21,87660.07,1789,1800,0
2025-12-25 15:00:00,87663.31,88549.11,87651.41,88313.41,4711,1800,0
2025-12-25 16:00:00,88315.24,88422.83,87918.97,88019.05,2840,1800,0
2025-12-25 17:00:00,88018.7,88147.81,87923.44,88070.17,2019,1800,0
2025-12-25 18:00:00,88070.16,88260.7,88065.23,88171.2,1755,1800,0
2025-12-25 19:00:00,88173.72,88195.69,88000.15,88091.31,1367,1800,0
2025-12-25 20:00:00,88083.85,88114.86,87570.5,87820.68,2073,1800,0
2025-12-25 21:00:00,87828.72,87925.49,87746.84,87846.84,1424,1800,0
2025-12-25 22:00:00,87846.88,87867.4,87236.85,87584.59,2754,1800,0
2025-12-25 23:00:00,87585.08,87713.58,86891.51,87166.93,4397,1800,0
2025-12-26 00:00:00,87164.76,87269.02,86816.02,87063.83,3465,1800,0
2025-12-26 01:00:00,87062.61,87451.94,87058.96,87358.68,2462,1800,0
2025-12-26 02:00:00,87358.64,89381.04,87355.17,89110.18,9847,1800,0
2025-12-26 03:00:00,89106.54,89194.99,88619.02,88761.7,4098,1800,0
2025-12-26 04:00:00,88760.76,89060.05,88429.7,88877.7,2886,1800,0
2025-12-26 05:00:00,88886.28,88972.8,88738.11,88921.88,2144,1800,0
2025-12-26 06:00:00,88922.37,89163.48,88921.98,89059.43,2217,1800,0
2025-12-26 07:00:00,89060.42,89510.53,88263.25,88395.24,3612,1800,0
2025-12-26 08:00:00,88395.69,88827.22,88344.47,88659.77,3546,1800,0
2025-12-26 09:00:00,88661.16,88860.72,88569.13,88760.8,2052,1800,0
2025-12-26 10:00:00,88750.55,88824.0,88606.1,88696.17,1941,1800,0
2025-12-26 11:00:00,88696.56,88699.84,88457.12,88475.49,1758,1800,0
2025-12-26 12:00:00,88473.98,88705.3,88473.98,88612.99,1896,1800,0
2025-12-26 13:00:00,88613.45,89003.17,88545.01,88933.15,2302,1800,0
2025-12-26 14:00:00,88929.85,89001.02,87273.99,87318.19,8030,1800,0
2025-12-26 15:00:00,87318.48,87320.9,86582.54,87066.5,10606,1800,0
2025-12-26 16:00:00,87069.51,87318.85,86757.13,86789.72,4768,1800,0
2025-12-26 17:00:00,86789.62,87385.36,86724.33,87248.14,3761,1800,0
2025-12-26 18:00:00,87248.54,87301.65,87049.63,87196.62,2582,1800,0
2025-12-26 19:00:00,87196.49,87516.16,87154.51,87423.8,1988,1800,0
2025-12-26 20:00:00,87423.94,87719.73,87307.97,87518.41,2393,1800,0
2025-12-26 21:00:00,87516.41,87632.14,87370.82,87394.25,1706,1800,0
2025-12-26 22:00:00,87393.25,87518.83,87231.29,87474.98,1600,1800,0
2025-12-26 23:00:00,87471.41,87483.87,87257.27,87286.73,1595,1800,0
2025-12-27 00:00:00,87283.45,87343.06,87156.74,87322.62,1552,1800,0
2025-12-27 01:00:00,87319.92,87424.59,87251.01,87407.12,1328,1800,0
2025-12-27 02:00:00,87407.2,87439.7,87317.7,87385.51,1132,1800,0
2025-12-27 03:00:00,87383.82,87466.8,87307.21,87446.52,1231,1800,0
2025-12-27 04:00:00,87447.99,87462.83,87392.63,87413.02,956,1800,0
2025-12-27 05:00:00,87413.32,87451.42,87377.87,87439.17,887,1800,0
2025-12-27 06:00:00,87439.08,87499.08,87343.25,87401.97,1112,1800,0
2025-12-27 07:00:00,87399.14,87648.25,87399.14,87470.14,1403,1800,0
2025-12-27 08:00:00,87477.49,87609.31,87473.86,87527.92,1212,1800,0
2025-12-27 09:00:00,87519.2,87614.18,87482.94,87557.11,1237,1800,0
2025-12-27 10:00:00,87560.49,87578.8,87304.21,87443.84,1407,1800,0
2025-12-27 11:00:00,87449.73,87493.91,87383.59,87423.41,1273,1800,0
2025-12-27 12:00:00,87425.8,87466.14,87360.32,87414.8,1072,1800,0
2025-12-27 13:00:00,87414.67,87431.55,87245.55,87395.03,1341,1800,0
2025-12-27 14:00:00,87395.13,87498.87,87335.76,87479.79,1215,1800,0
2025-12-27 15:00:00,87479.22,87539.8,87406.32,87503.88,1192,1800,0
2025-12-27 16:00:00,87506.82,87530.47,87383.84,87451.24,1256,1800,0
2025-12-27 17:00:00,87452.6,87511.44,87405.97,87494.69,1067,1800,0
2025-12-27 18:00:00,87495.13,87523.4,87401.64,87435.31,961,1800,0
2025-12-27 19:00:00,87436.73,87525.95,87426.15,87510.21,957,1800,0
2025-12-27 20:00:00,87510.31,87579.6,87469.28,87503.86,962,1800,0
2025-12-27 21:00:00,87504.13,87614.76,87493.59,87597.15,954,1800,0
2025-12-27 22:00:00,87599.3,87899.73,87429.93,87500.13,2171,1800,0
2025-12-27 23:00:00,87500.7,87935.89,87486.32,87823.21,1716,1800,0
2025-12-28 00:00:00,87798.88,87890.91,87642.22,87782.1,1643,1800,0
2025-12-28 01:00:00,87782.5,87878.72,87670.62,87723.11,1443,1800,0
2025-12-28 02:00:00,87717.3,87805.08,87682.93,87731.54,921,1800,0
2025-12-28 03:00:00,87726.02,87775.29,87655.59,87658.85,940,1800,0
2025-12-28 04:00:00,87655.58,87766.93,87616.35,87658.58,1106,1800,0
2025-12-28 05:00:00,87660.29,87660.29,87535.09,87592.41,1258,1800,0
2025-12-28 06:00:00,87588.52,87723.11,87567.35,87657.29,1062,1800,0
2025-12-28 07:00:00,87654.75,87662.76,87588.6,87655.97,1018,1800,0
2025-12-28 08:00:00,87666.07,87912.57,87659.32,87736.3,1372,1800,0
2025-12-28 09:00:00,87740.69,87829.31,87646.08,87731.0,1152,1800,0
2025-12-28 10:00:00,87725.29,87944.11,87720.81,87789.66,1526,1800,0
2025-12-28 11:00:00,87789.93,87862.64,87740.4,87807.8,1298,1800,0
2025-12-28 12:00:00,87807.96,87823.92,87714.53,87781.48,1110,1800,0
2025-12-28 13:00:00,87783.45,87880.24,87722.22,87821.52,1331,1800,0
2025-12-28 14:00:00,87826.92,88034.6,87822.91,87851.13,1538,1800,0
2025-12-28 15:00:00,87851.25,87939.54,87749.99,87773.28,1314,1800,0
2025-12-28 16:00:00,87774.25,87833.22,87665.53,87744.98,1404,1800,0
2025-12-28 17:00:00,87746.51,87859.9,87680.84,87680.84,1093,1800,0
2025-12-28 18:00:00,87703.43,87703.43,87414.41,87527.95,2005,1800,0
2025-12-28 19:00:00,87528.03,87620.27,87424.84,87446.57,1356,1800,0
2025-12-28 20:00:00,87447.17,87584.27,87367.58,87439.52,1199,1800,0
2025-12-28 21:00:00,87441.6,87525.79,87352.49,87524.51,1164,1800,0
2025-12-28 22:00:00,87528.15,87923.3,87402.9,87831.78,1648,1800,0
2025-12-28 23:00:00,87827.58,87985.62,87566.26,87876.01,2300,1800,0
2025-12-29 00:00:00,87870.04,88374.62,87726.26,88209.98,3913,1800,0
2025-12-29 01:00:00,88204.72,88407.56,87789.1,88359.79,3426,1800,0
2025-12-29 02:00:00,88359.33,89287.88,88359.33,89069.44,6017,1800,0
2025-12-29 03:00:00,89080.12,90076.08,88991.07,90021.88,4524,1800,0
2025-12-29 04:00:00,90009.68,90321.29,89835.32,90049.42,3258,1800,0
2025-12-29 05:00:00,90050.07,90203.44,89820.55,89883.81,2249,1800,0
2025-12-29 06:00:00,89883.28,90031.18,89648.41,89677.3,2013,1800,0
2025-12-29 07:00:00,89677.55,89759.55,89389.45,89510.43,2585,1800,0
2025-12-29 08:00:00,89510.57,89722.22,89346.54,89452.54,2388,1800,0
2025-12-29 09:00:00,89452.79,89512.3,87662.22,88008.11,5762,1800,0
2025-12-29 10:00:00,88000.46,88168.88,87534.15,87683.77,3207,1800,0
2025-12-29 11:00:00,87682.47,87689.24,87441.33,87448.05,2394,1800,0
2025-12-29 12:00:00,87458.76,87529.41,86681.38,87271.04,6426,1800,0
2025-12-29 13:00:00,87269.36,87420.77,87042.52,87280.69,2852,1800,0
2025-12-29 14:00:00,87280.67,88088.73,87139.93,87331.59,7287,1800,0
2025-12-29 15:00:00,87332.73,87817.06,87091.78,87584.51,5775,1800,0
2025-12-29 16:00:00,87582.67,87753.06,87339.19,87517.84,3828,1800,0
2025-12-29 17:00:00,87533.27,87761.77,87235.35,87746.01,3068,1800,0
2025-12-29 18:00:00,87746.54,87908.32,87248.59,87358.25,2945,1800,0
2025-12-29 19:00:00,87360.13,87571.38,87194.59,87251.02,2464,1800,0
2025-12-29 20:00:00,87249.33,87488.96,86965.57,87094.54,2822,1800,0
2025-12-29 21:00:00,87092.12,87264.02,87061.83,87221.77,1536,1800,0
2025-12-29 22:00:00,87221.72,87294.26,86952.37,87243.25,1649,1800,0
2025-12-29 23:00:00,87236.65,87298.66,87057.1,87107.53,1506,1800,0
2025-12-30 00:00:00,87107.65,87249.17,86987.73,87139.55,1911,1800,0
2025-12-30 01:00:00,87139.46,87240.57,86988.62,87198.97,1767,1800,0
2025-12-30 02:00:00,87202.18,87230.28,86850.97,86982.6,2675,1800,0
2025-12-30 03:00:00,86986.76,87321.23,86709.73,87253.47,2874,1800,0
2025-12-30 04:00:00,87253.38,87385.86,87170.19,87195.6,1856,1800,0
2025-12-30 05:00:00,87193.73,87257.39,87028.34,87142.47,1608,1800,0
2025-12-30 06:00:00,87134.29,87415.8,87116.56,87332.58,1627,1800,0
2025-12-30 07:00:00,87335.55,87510.33,87244.41,87377.62,1642,1800,0
2025-12-30 08:00:00,87375.32,88114.8,87370.75,87744.44,4092,1800,0
2025-12-30 09:00:00,87742.39,87918.17,87523.79,87880.31,2337,1800,0
2025-12-30 10:00:00,87873.27,88078.44,87776.41,87836.49,2275,1800,0
2025-12-30 11:00:00,87836.84,87925.44,87634.88,87793.25,1958,1800,0
2025-12-30 12:00:00,87796.07,87981.68,87787.49,87907.02,1828,1800,0
2025-12-30 13:00:00,87911.87,88032.12,87788.14,87985.64,2245,1800,0
2025-12-30 14:00:00,87985.71,88904.7,87706.66,88757.62,7243,1800,0
2025-12-30 15:00:00,88753.49,89069.83,88085.91,88912.13,7597,1800,0
2025-12-30 16:00:00,88913.47,89313.4,88475.24,88652.98,5836,1800,0
2025-12-30 17:00:00,88657.16,88822.2,88039.21,88296.79,3438,1800,0
2025-12-30 18:00:00,88296.56,88423.52,88044.84,88220.87,2621,1800,0
2025-12-30 19:00:00,88217.28,88357.65,87869.98,88139.58,3030,1800,0
2025-12-30 20:00:00,88136.49,88142.76,87773.34,87850.39,2331,1800,0
2025-12-30 21:00:00,87854.91,88244.07,87789.07,88197.09,1838,1800,0
2025-12-30 22:00:00,88200.97,88387.32,88174.26,88322.93,1663,1800,0
2025-12-30 23:00:00,88321.69,88485.01,88253.63,88408.99,1872,1800,0
2025-12-31 00:00:00,88408.89,88408.89,88135.86,88154.49,1973,1800,0
2025-12-31 01:00:00,88153.58,88694.58,88063.28,88537.07,2600,1800,0
2025-12-31 02:00:00,88537.48,88651.98,88404.72,88570.76,2325,1800,0
2025-12-31 03:00:00,88570.74,88710.3,88260.24,88333.69,2165,1800,0
2025-12-31 04:00:00,88329.79,88442.5,88202.85,88211.13,1703,1800,0
2025-12-31 05:00:00,88217.75,88417.01,88217.75,88340.81,1540,1800,0
2025-12-31 06:00:00,88343.53,88453.84,88343.53,88391.43,1248,1800,0
2025-12-31 07:00:00,88393.68,88531.04,88311.99,88497.59,1570,1800,0
2025-12-31 08:00:00,88497.5,88620.54,88270.98,88318.12,1650,1800,0
2025-12-31 09:00:00,88317.78,88602.41,88317.78,88548.57,1670,1800,0
2025-12-31 10:00:00,88547.82,88778.39,88547.48,88726.54,1754,1800,0
2025-12-31 11:00:00,88731.7,88938.96,88686.44,88903.41,2273,1800,0
2025-12-31 12:00:00,88900.22,88935.6,88627.34,88660.95,2162,1800,0
2025-12-31 13:00:00,88659.65,88950.18,88625.28,88879.39,2116,1800,0
2025-12-31 14:00:00,88876.68,89123.52,88161.98,88380.17,5403,1800,0
2025-12-31 15:00:00,88376.56,88389.93,87661.87,87832.83,5234,1800,0
2025-12-31 16:00:00,87833.4,87934.39,87264.0,87546.08,5002,1800,0
2025-12-31 17:00:00,87544.86,87631.03,87362.58,87483.76,2940,1800,0
2025-12-31 18:00:00,87483.72,87853.23,87435.33,87567.19,2361,1800,0
2025-12-31 19:00:00,87567.17,87745.98,87372.02,87391.94,1958,1800,0
2025-12-31 20:00:00,87386.5,87548.99,87077.42,87492.88,2606,1800,0
2025-12-31 21:00:00,87496.43,87722.22,87496.43,87653.35,1583,1800,0
2025-12-31 22:00:00,87653.01,87747.85,87511.51,87594.24,1507,1800,0
2025-12-31 23:00:00,87594.15,87599.13,87470.23,87507.73,1204,1800,0
2026-01-01 00:00:00,87507.82,87701.65,87489.54,87652.17,1302,1800,0
2026-01-01 01:00:00,87649.17,87907.8,87646.91,87793.16,1657,1800,0
2026-01-01 02:00:00,87794.09,87942.9,87737.55,87761.1,1544,1800,0
2026-01-01 03:00:00,87761.2,87873.69,87672.23,87704.59,1075,1800,0
2026-01-01 04:00:00,87704.5,87711.39,87379.33,87425.03,1596,1800,0
2026-01-01 05:00:00,87424.95,87596.74,87422.77,87553.71,1057,1800,0
2026-01-01 06:00:00,87553.49,87553.49,87473.96,87504.61,815,1800,0
2026-01-01 07:00:00,87506.0,87527.65,87433.24,87484.42,1101,1800,0
2026-01-01 08:00:00,87477.65,87658.23,87456.75,87613.83,1317,1800,0
2026-01-01 09:00:00,87613.92,87809.85,87591.77,87737.94,1220,1800,0
2026-01-01 10:00:00,87736.34,87747.41,87650.15,87725.65,1033,1800,0
2026-01-01 11:00:00,87724.24,87885.86,87702.9,87873.81,1356,1800,0
2026-01-01 12:00:00,87875.69,87902.61,87783.42,87796.47,1327,1800,0
2026-01-01 13:00:00,87804.68,87890.7,87716.71,87782.58,1238,1800,0
2026-01-01 14:00:00,87783.73,87854.82,87689.18,87834.78,1517,1800,0
2026-01-01 15:00:00,87834.47,88009.19,87801.42,87914.24,1612,1800,0
2026-01-01 16:00:00,87914.34,87934.86,87756.53,87874.59,1456,1800,0
2026-01-01 17:00:00,87874.68,88397.42,87846.15,88200.5,2180,1800,0
2026-01-01 18:00:00,88204.74,88250.87,87982.3,88072.49,1717,1800,0
2026-01-01 19:00:00,88072.39,88309.01,87948.38,88276.3,1500,1800,0
2026-01-01 20:00:00,88275.19,88276.95,88108.68,88147.12,1332,1800,0
2026-01-01 21:00:00,88147.2,88319.51,88122.85,88277.56,1156,1800,0
2026-01-01 22:00:00,88277.4,88581.82,88274.57,88527.31,1738,1800,0
2026-01-01 23:00:00,88530.38,88800.65,88346.5,88733.79,2408,1800,0
2026-01-02 00:00:00,88733.95,88791.57,88473.11,88731.01,2366,1800,0
2026-01-02 01:00:00,88738.04,88771.99,88421.92,88533.33,1743,1800,0
2026-01-02 02:00:00,88539.05,88574.01,88254.03,88530.81,1878,1800,0
2026-01-02 03:00:00,88534.19,89029.36,88458.57,88839.69,3049,1800,0
2026-01-02 04:00:00,88841.3,88892.15,88511.31,88536.74,1750,1800,0
2026-01-02 05:00:00,88535.52,88691.46,88460.13,88654.74,1315,1800,0
2026-01-02 06:00:00,88657.72,88990.17,88612.38,88833.89,1793,1800,0
2026-01-02 07:00:00,88841.36,88971.68,88720.94,88762.18,1584,1800,0
2026-01-02 08:00:00,88764.02,89093.6,88702.09,89060.69,1898,1800,0
2026-01-02 09:00:00,89055.93,89391.45,88985.1,89359.46,3005,1800,0
2026-01-02 10:00:00,89363.66,89841.71,89323.15,89563.09,3413,1800,0
2026-01-02 11:00:00,89565.72,89583.98,89258.7,89411.08,2386,1800,0
2026-01-02 12:00:00,89408.62,89502.89,89286.13,89315.52,2166,1800,0
2026-01-02 13:00:00,89313.09,89615.45,89224.21,89283.31,1995,1800,0
2026-01-02 14:00:00,89280.22,90095.98,88391.2,89520.5,9667,1800,0
2026-01-02 15:00:00,89520.38,89824.0,88729.3,89352.7,9985,1800,0
2026-01-02 16:00:00,89346.91,90806.58,89131.03,90315.29,9922,1800,0
2026-01-02 17:00:00,90314.02,90942.72,90151.39,90338.97,6810,1800,0
2026-01-02 18:00:00,90338.56,90525.47,89505.96,89725.0,5036,1800,0
2026-01-02 19:00:00,89727.42,90113.71,89595.24,89855.2,4824,1800,0
2026-01-02 20:00:00,89854.34,90031.43,89567.29,89678.52,3843,1800,0
2026-01-02 21:00:00,89680.11,90142.26,89666.0,90017.59,2141,1800,0
2026-01-02 22:00:00,90017.1,90371.97,89972.88,90159.46,2376,1800,0
2026-01-02 23:00:00,90159.3,90166.99,89853.6,89954.51,1546,1800,0
2026-01-03 00:00:00,89947.22,90157.43,89923.32,90118.31,1814,1800,0
2026-01-03 01:00:00,90117.68,90255.99,90025.63,90226.71,1630,1800,0
2026-01-03 02:00:00,90228.61,90371.84,90083.05,90283.32,1577,1800,0
2026-01-03 03:00:00,90282.19,90342.69,90151.61,90282.32,1523,1800,0
2026-01-03 04:00:00,90283.57,90449.85,89995.38,90123.64,1680,1800,0
2026-01-03 05:00:00,90128.72,90165.37,89884.1,89995.34,1525,1800,0
2026-01-03 06:00:00,89995.17,90102.03,89810.95,89830.72,1471,1800,0
2026-01-03 07:00:00,89830.46,89915.37,89263.59,89532.0,3125,1800,0
2026-01-03 08:00:00,89533.57,89800.82,89388.09,89625.18,2557,1800,0
2026-01-03 09:00:00,89628.61,89949.41,89587.28,89755.77,2319,1800,0
2026-01-03 10:00:00,89762.48,89838.98,89665.88,89713.85,1716,1800,0
2026-01-03 11:00:00,89716.4,89740.83,89628.2,89697.57,1301,1800,0
2026-01-03 12:00:00,89697.79,90004.84,89602.27,89989.17,1723,1800,0
2026-01-03 13:00:00,89971.34,90006.3,89864.99,89945.3,1565,1800,0
2026-01-03 14:00:00,89946.97,90192.08,89903.58,90078.47,1992,1800,0
2026-01-03 15:00:00,90078.26,90078.26,89906.36,89921.74,1546,1800,0
2026-01-03 16:00:00,89929.94,90167.15,89862.26,90059.37,1932,1800,0
2026-01-03 17:00:00,90055.33,90082.31,89969.73,90046.55,1268,1800,0
2026-01-03 18:00:00,90049.19,90143.01,89970.98,90087.59,1216,1800,0
2026-01-03 19:00:00,90090.69,90101.91,89998.26,90078.42,1221,1800,0
2026-01-03 20:00:00,90078.31,90323.19,89960.35,90301.49,1536,1800,0
2026-01-03 21:00:00,90299.88,90692.48,90277.71,90505.68,2005,1800,0
2026-01-03 22:00:00,90503.74,90693.04,90433.24,90549.23,1796,1800,0
2026-01-03 23:00:00,90549.4,90653.18,90408.96,90582.25,1715,1800,0
2026-01-04 00:00:00,90581.29,91585.66,90581.29,91281.4,5547,1800,0
2026-01-04 01:00:00,91282.69,91439.47,90959.4,91176.12,2628,1800,0
2026-01-04 02:00:00,91176.56,91262.44,91036.58,91098.04,1793,1800,0
2026-01-04 03:00:00,91098.14,91316.85,91039.04,91195.42,2029,1800,0
2026-01-04 04:00:00,91189.61,91552.94,91140.36,91354.03,2013,1800,0
2026-01-04 05:00:00,91360.77,91448.39,91294.52,91432.53,1663,1800,0
2026-01-04 06:00:00,91432.62,91780.14,91179.78,91195.63,2999,1800,0
2026-01-04 07:00:00,91199.02,91505.0,91169.72,91471.66,2154,1800,0
2026-01-04 08:00:00,91471.76,91501.11,91104.29,91319.26,2518,1800,0
2026-01-04 09:00:00,91319.14,91439.47,91206.11,91407.02,2137,1800,0
2026-01-04 10:00:00,91403.73,91586.9,91368.2,91548.81,2162,1800,0
2026-01-04 11:00:00,91548.49,91551.15,91190.61,91266.91,2009,1800,0
2026-01-04 12:00:00,91266.56,91324.65,91031.48,91094.47,2211,1800,0
2026-01-04 13:00:00,91095.47,91240.16,90980.25,91224.09,2020,1800,0
2026-01-04 14:00:00,91224.18,91370.18,91098.2,91297.56,2189,1800,0
2026-01-04 15:00:00,91297.44,91348.45,91049.13,91283.22,2026,1800,0
2026-01-04 16:00:00,91282.5,91424.21,91200.18,91282.31,2075,1800,0
2026-01-04 17:00:00,91282.17,91412.81,91251.39,91299.52,1614,1800,0
2026-01-04 18:00:00,91305.54,91305.88,90933.7,91161.51,2008,1800,0
2026-01-04 19:00:00,91152.92,91183.28,90798.45,91109.04,2489,1800,0
2026-01-04 20:00:00,91109.14,91311.45,91079.87,91285.25,1562,1800,0
2026-01-04 21:00:00,91286.64,91394.76,91135.3,91241.51,1734,1800,0
2026-01-04 22:00:00,91240.43,91361.36,91095.03,91178.91,1694,1800,0
2026-01-04 23:00:00,91179.55,91564.91,91179.55,91488.33,3371,1800,0
2026-01-05 00:00:00,91484.85,92391.87,91464.97,92368.8,6662,1800,0
2026-01-05 01:00:00,92369.92,93371.16,92226.35,92934.28,6983,1800,0
2026-01-05 02:00:00,92939.57,93131.66,92687.64,92991.15,3295,1800,0
2026-01-05 03:00:00,92993.41,93169.32,92824.36,92837.5,2485,1800,0
2026-01-05 04:00:00,92829.13,92923.87,92285.7,92560.61,2973,1800,0
2026-01-05 05:00:00,92560.67,92687.36,92301.43,92324.1,2156,1800,0
2026-01-05 06:00:00,92322.84,92464.68,92087.9,92440.55,2176,1800,0
2026-01-05 07:00:00,92444.78,92601.9,92425.94,92479.47,1583,1800,0
2026-01-05 08:00:00,92481.94,92734.58,92396.67,92423.79,2110,1800,0
2026-01-05 09:00:00,92423.45,92811.81,92266.91,92647.21,2496,1800,0
2026-01-05 10:00:00,92645.92,93105.91,92616.65,93028.62,2410,1800,0
2026-01-05 11:00:00,93031.47,93105.93,92834.33,93074.54,2319,1800,0
2026-01-05 12:00:00,93082.17,93177.71,92693.93,92821.59,2575,1800,0
2026-01-05 13:00:00,92820.45,92967.57,92480.41,92690.91,3055,1800,0
2026-01-05 14:00:00,92693.07,93650.05,92355.51,93386.92,8865,1800,0
2026-01-05 15:00:00,93389.73,94009.58,93117.56,93921.03,8316,1800,0
2026-01-05 16:00:00,93921.09,94074.53,93561.46,93674.11,5298,1800,0
2026-01-05 17:00:00,93674.35,94466.17,93227.08,94298.05,5253,1800,0
2026-01-05 18:00:00,94301.06,94519.02,93895.0,94432.9,4567,1800,0
2026-01-05 19:00:00,94429.45,94496.62,94121.38,94282.68,3486,1800,0
2026-01-05 20:00:00,94283.22,94816.27,94033.51,94181.68,4577,1800,0
2026-01-05 21:00:00,94184.11,94238.93,93802.45,94087.99,2677,1800,0
2026-01-05 22:00:00,94086.95,94403.97,93994.89,94174.35,2087,1800,0
2026-01-05 23:00:00,94178.07,94203.24,93853.74,93870.62,2470,1800,0
2026-01-06 00:00:00,93872.83,93998.31,93544.29,93809.88,2825,1800,0
2026-01-06 01:00:00,93807.25,94170.77,93726.24,93776.37,2891,1800,0
2026-01-06 02:00:00,93770.62,93875.08,93507.74,93629.57,2230,1800,0
2026-01-06 03:00:00,93629.47,93930.58,93594.16,93752.82,2043,1800,0
2026-01-06 04:00:00,93754.29,93998.21,93715.93,93786.51,1788,1800,0
2026-01-06 05:00:00,93786.1,93819.63,93539.89,93571.41,1994,1800,0
2026-01-06 06:00:00,93563.6,93934.69,93521.23,93744.26,2283,1800,0
2026-01-06 07:00:00,93752.67,93770.13,93095.98,93217.32,2766,1800,0
2026-01-06 08:00:00,93216.01,93390.88,93127.07,93197.77,2158,1800,0
2026-01-06 09:00:00,93197.89,93531.64,93185.1,93419.84,2095,1800,0
2026-01-06 10:00:00,93419.93,93627.19,93360.57,93536.82,1775,1800,0
2026-01-06 11:00:00,93547.5,93875.11,93532.06,93812.75,1928,1800,0
2026-01-06 12:00:00,93813.73,93960.73,93746.37,93829.11,1907,1800,0
2026-01-06 13:00:00,93825.01,93842.83,93596.47,93694.91,2197,1800,0
2026-01-06 14:00:00,93695.35,94432.23,93481.55,93806.32,8077,1800,0
2026-01-06 15:00:00,93808.9,94286.05,93313.22,93616.49,6978,1800,0
2026-01-06 16:00:00,93606.01,93746.55,92277.33,92648.0,7657,1800,0
2026-01-06 17:00:00,92648.03,92726.72,91475.19,91539.32,7180,1800,0
2026-01-06 18:00:00,91538.65,92189.81,91198.12,91982.65,6236,1800,0
2026-01-06 19:00:00,91984.19,92298.4,91835.56,92030.02,2966,1800,0
2026-01-06 20:00:00,92029.94,92652.25,92029.94,92452.73,2936,1800,0
2026-01-06 21:00:00,92452.44,93806.9,92316.22,93208.14,6241,1800,0
2026-01-06 22:00:00,93208.02,93496.19,92914.38,93326.29,3074,1800,0
2026-01-06 23:00:00,93327.6,93742.0,93279.54,93713.3,2757,1800,0
2026-01-07 00:00:00,93713.15,93718.52,92585.83,92654.58,3423,1800,0
2026-01-07 01:00:00,92651.94,92846.06,92265.45,92378.71,4157,1800,0
2026-01-07 02:00:00,92376.5,92998.7,92173.69,92895.92,3086,1800,0
2026-01-07 03:00:00,92896.88,93060.14,92679.22,92758.77,2310,1800,0
2026-01-07 04:00:00,92759.5,92871.25,92535.2,92603.16,2175,1800,0
2026-01-07 05:00:00,92607.92,92796.54,92430.94,92475.28,2165,1800,0
2026-01-07 06:00:00,92479.79,92844.28,92446.5,92548.84,1888,1800,0
2026-01-07 07:00:00,92560.5,92834.36,92560.5,92820.08,1674,1800,0
2026-01-07 08:00:00,92817.9,92911.25,92620.97,92647.79,2048,1800,0
2026-01-07 09:00:00,92647.03,92647.03,91528.41,91635.47,4343,1800,0
2026-01-07 10:00:00,91637.12,91926.16,91514.24,91885.21,2495,1800,0
2026-01-07 11:00:00,91887.73,92186.38,91846.32,92004.22,2148,1800,0
2026-01-07 12:00:00,92006.95,92113.08,91892.19,91923.05,2246,1800,0
2026-01-07 13:00:00,91921.56,92214.33,91777.0,91964.72,2749,1800,0
2026-01-07 14:00:00,91968.08,92081.74,91269.9,91900.55,7622,1800,0
2026-01-07 15:00:00,91903.19,91939.2,90951.95,91268.57,8836,1800,0
2026-01-07 16:00:00,91268.57,91714.17,91057.73,91183.26,5015,1800,0
2026-01-07 17:00:00,91185.61,91628.91,90936.57,91163.81,3998,1800,0
2026-01-07 18:00:00,91158.55,91361.15,90645.68,90804.71,3940,1800,0
2026-01-07 19:00:00,90803.17,91181.62,90576.08,91082.82,3676,1800,0
2026-01-07 20:00:00,91083.0,91207.0,90675.32,90940.33,3501,1800,0
2026-01-07 21:00:00,90939.83,91142.48,90932.0,90988.3,1900,1800,0
2026-01-07 22:00:00,90978.72,91300.52,90779.92,91086.29,2292,1800,0
2026-01-07 23:00:00,91088.71,91409.83,90914.26,91279.42,3184,1800,0
2026-01-08 00:00:00,91284.62,91441.68,90978.88,91297.3,2516,1800,0
2026-01-08 01:00:00,91302.63,91604.46,91196.71,91318.53,2200,1800,0
2026-01-08 02:00:00,91320.25,91378.91,90641.2,90858.48,3372,1800,0
2026-01-08 03:00:00,90856.93,91030.19,90497.56,90713.59,2846,1800,0
2026-01-08 04:00:00,90713.33,91067.5,90587.93,90914.27,2513,1800,0
2026-01-08 05:00:00,90914.25,91079.8,90663.83,90705.32,2061,1800,0
2026-01-08 06:00:00,90713.1,90758.18,89750.0,89773.92,4317,1800,0
2026-01-08 07:00:00,89764.37,90464.86,89511.41,90419.64,4446,1800,0
2026-01-08 08:00:00,90423.93,90658.13,90026.95,90114.06,3000,1800,0
2026-01-08 09:00:00,90114.33,90264.9,89836.79,89902.01,2960,1800,0
2026-01-08 10:00:00,89905.16,90391.78,89655.54,90297.31,3088,1800,0
2026-01-08 11:00:00,90286.04,90381.14,89890.81,90094.45,2694,1800,0
2026-01-08 12:00:00,90101.08,90118.85,89661.04,89859.58,3058,1800,0
2026-01-08 13:00:00,89859.67,89993.89,89737.54,89839.26,2247,1800,0
2026-01-08 14:00:00,89836.91,90073.11,89174.25,89916.73,9047,1800,0
2026-01-08 15:00:00,89910.29,90737.31,89703.04,90674.11,8182,1800,0
2026-01-08 16:00:00,90671.36,90849.23,90212.39,90849.23,5339,1800,0
2026-01-08 17:00:00,90849.68,91373.58,90750.23,91294.05,4733,1800,0
2026-01-08 18:00:00,91291.08,91402.77,90858.98,91035.93,3418,1800,0
2026-01-08 19:00:00,91036.2,91251.06,90722.23,90859.87,2935,1800,0
2026-01-08 20:00:00,90859.77,90922.54,90475.9,90835.42,3608,1800,0
2026-01-08 21:00:00,90845.81,91263.73,90828.71,91190.26,2312,1800,0
2026-01-08 22:00:00,91190.36,91415.21,90945.1,91166.65,2221,1800,0
2026-01-08 23:00:00,91169.73,91265.18,90965.03,91025.51,1903,1800,0
2026-01-09 00:00:00,91025.85,91231.48,90974.83,91207.93,2045,1800,0
2026-01-09 01:00:00,91211.03,91570.37,90758.16,90957.28,3583,1800,0
2026-01-09 02:00:00,90957.38,91396.93,90911.37,90956.16,2626,1800,0
2026-01-09 03:00:00,90956.05,91176.27,90867.07,91120.06,2194,1800,0
2026-01-09 04:00:00,91118.7,91142.66,90822.93,90921.84,1715,1800,0
2026-01-09 05:00:00,90921.59,91024.91,90809.45,90982.5,1864,1800,0
2026-01-09 06:00:00,90982.65,91043.77,90882.11,91015.53,1888,1800,0
2026-01-09 07:00:00,91016.49,91024.06,90632.17,90650.79,2015,1800,0
2026-01-09 08:00:00,90652.71,90748.25,89584.4,89919.95,4512,1800,0
2026-01-09 09:00:00,89918.99,90375.53,89887.23,90238.12,2833,1800,0
2026-01-09 10:00:00,90238.03,90456.47,90157.65,90384.2,1945,1800,0
2026-01-09 11:00:00,90384.11,90580.18,90296.84,90332.48,1937,1800,0
2026-01-09 12:00:00,90332.57,90505.84,90119.83,90350.07,2072,1800,0
2026-01-09 13:00:00,90344.15,90947.63,90292.23,90502.34,3953,1800,0
2026-01-09 14:00:00,90501.13,90590.43,89837.96,90057.02,6884,1800,0
2026-01-09 15:00:00,90069.69,91945.69,89744.04,91076.08,11680,1800,0
2026-01-09 16:00:00,91079.88,91690.14,91057.35,91539.19,5958,1800,0
2026-01-09 17:00:00,91539.69,91593.14,90904.42,91325.26,4224,1800,0
2026-01-09 18:00:00,91326.88,91418.86,90232.84,90723.88,4690,1800,0
2026-01-09 19:00:00,90723.07,90731.9,90070.97,90216.59,3559,1800,0
2026-01-09 20:00:00,90218.02,90484.0,90122.97,90190.74,3396,1800,0
2026-01-09 21:00:00,90193.59,90531.97,90003.64,90423.81,2256,1800,0
2026-01-09 22:00:00,90424.64,90593.03,90233.34,90503.17,1932,1800,0
2026-01-09 23:00:00,90506.22,90606.34,90470.0,90513.19,1536,1800,0
2026-01-10 00:00:00,90509.29,90559.21,90382.78,90464.82,1497,1800,0
2026-01-10 01:00:00,90464.72,90604.91,90444.35,90561.2,1572,1800,0
2026-01-10 02:00:00,90560.73,90658.31,90472.98,90554.48,1233,1800,0
2026-01-10 03:00:00,90558.36,90565.52,90426.26,90501.73,1318,1800,0
2026-01-10 04:00:00,90502.75,90524.71,90263.05,90337.08,1375,1800,0
2026-01-10 05:00:00,90336.95,90490.92,90298.05,90469.64,1266,1800,0
2026-01-10 06:00:00,90470.54,90485.7,90347.22,90389.45,1067,1800,0
2026-01-10 07:00:00,90389.34,90560.97,90373.94,90540.11,1245,1800,0
2026-01-10 08:00:00,90537.17,90619.29,90487.94,90533.08,1495,1800,0
2026-01-10 09:00:00,90531.19,90638.64,90497.03,90634.08,1420,1800,0
2026-01-10 10:00:00,90633.97,90709.94,90584.55,90699.72,1531,1800,0
2026-01-10 11:00:00,90700.25,90706.15,90572.56,90605.28,1179,1800,0
2026-01-10 12:00:00,90605.2,90667.1,90541.03,90610.54,1194,1800,0
2026-01-10 13:00:00,90607.4,90643.72,90510.95,90531.56,1204,1800,0
2026-01-10 14:00:00,90530.74,90544.51,90404.51,90474.21,1058,1800,0
2026-01-10 15:00:00,90474.55,90548.05,90448.81,90535.43,1005,1800,0
2026-01-10 16:00:00,90517.53,90603.4,90473.22,90555.23,1035,1800,0
2026-01-10 17:00:00,90555.37,90618.05,90422.42,90434.9,903,1800,0
2026-01-10 18:00:00,90437.13,90477.49,90377.61,90461.48,837,1800,0
2026-01-10 19:00:00,90461.04,90508.93,90446.67,90497.34,777,1800,0
2026-01-10 20:00:00,90499.11,90535.41,90441.72,90457.25,682,1800,0
2026-01-10 21:00:00,90457.27,90457.27,90369.18,90386.97,1054,1800,0
2026-01-10 22:00:00,90387.07,90467.73,90271.85,90307.17,1317,1800,0
2026-01-10 23:00:00,90307.07,90441.23,90306.89,90388.59,1207,1800,0
2026-01-11 00:00:00,90388.42,90519.94,90324.39,90497.47,1087,1800,0
2026-01-11 01:00:00,90497.41,90546.38,90430.12,90500.86,1105,1800,0
2026-01-11 02:00:00,90502.36,90621.82,90484.58,90567.77,1227,1800,0
2026-01-11 03:00:00,90564.73,90616.16,90507.0,90616.16,1100,1800,0
2026-01-11 04:00:00,90606.6,90665.61,90532.45,90654.27,1095,1800,0
2026-01-11 05:00:00,90654.18,90727.42,90615.76,90645.88,1019,1800,0
2026-01-11 06:00:00,90645.78,90676.78,90462.4,90609.05,934,1800,0
2026-01-11 07:00:00,90607.05,90626.28,90544.11,90576.78,844,1800,0
2026-01-11 08:00:00,90585.38,90698.01,90483.87,90664.16,1323,1800,0
2026-01-11 09:00:00,90663.72,90685.14,90549.07,90607.04,1193,1800,0
2026-01-11 10:00:00,90611.73,90624.38,90551.81,90604.86,938,1800,0
2026-01-11 11:00:00,90612.44,90632.76,90568.62,90632.76,888,1800,0
2026-01-11 12:00:00,90628.16,90887.71,90588.82,90807.03,1567,1800,0
2026-01-11 13:00:00,90808.09,90849.44,90693.65,90731.95,1404,1800,0
2026-01-11 14:00:00,90734.23,91071.14,90732.5,90996.94,1493,1800,0
2026-01-11 15:00:00,90998.16,91030.08,90575.2,90738.39,2140,1800,0
2026-01-11 16:00:00,90747.15,91166.78,90746.0,90910.7,2295,1800,0
2026-01-11 17:00:00,90913.53,91015.32,90760.6,90847.4,1457,1800,0
2026-01-11 18:00:00,90850.17,90853.51,90653.57,90756.2,1298,1800,0
2026-01-11 19:00:00,90759.83,90801.75,90524.03,90546.07,1263,1800,0
2026-01-11 20:00:00,90548.33,90603.56,90235.77,90560.35,2305,1800,0
2026-01-11 21:00:00,90550.88,90707.35,90449.86,90622.28,1507,1800,0
2026-01-11 22:00:00,90621.54,90621.54,90314.81,90397.43,1744,1800,0
2026-01-11 23:00:00,90397.52,90916.36,90091.61,90874.3,3708,1800,0
2026-01-12 00:00:00,90862.52,91131.58,90550.09,91131.58,4163,1800,0
2026-01-12 01:00:00,91139.93,91675.48,90954.63,91281.84,5496,1800,0
2026-01-12 02:00:00,91285.09,92275.81,91230.38,92074.83,4548,1800,0
2026-01-12 03:00:00,92084.68,92400.22,91672.29,91683.11,3651,1800,0
2026-01-12 04:00:00,91686.33,92162.88,91618.07,92042.86,2357,1800,0
2026-01-12 05:00:00,92038.33,92140.72,91899.18,91978.96,1849,1800,0
2026-01-12 06:00:00,91980.53,92078.7,91673.92,91702.78,1986,1800,0
2026-01-12 07:00:00,91713.01,91839.97,91256.13,91285.24,2540,1800,0
2026-01-12 08:00:00,91283.7,91505.65,90261.75,90624.57,5166,1800,0
2026-01-12 09:00:00,90637.03,90823.1,90519.83,90568.54,2804,1800,0
2026-01-12 10:00:00,90580.36,90672.0,90231.43,90316.93,2363,1800,0
2026-01-12 11:00:00,90313.4,90700.8,90294.0,90485.92,1973,1800,0
2026-01-12 12:00:00,90486.02,90749.1,90486.02,90660.92,1871,1800,0
2026-01-12 13:00:00,90662.8,90713.85,90408.71,90516.98,2147,1800,0
2026-01-12 14:00:00,90515.42,91017.16,89998.18,90780.81,7373,1800,0
2026-01-12 15:00:00,90784.65,91589.02,90585.74,91566.08,6800,1800,0
2026-01-12 16:00:00,91566.22,92250.33,91482.44,92051.47,5882,1800,0
2026-01-12 17:00:00,92051.61,92238.58,90947.59,91428.84,5830,1800,0
2026-01-12 18:00:00,91446.35,91877.1,91322.12,91619.67,3591,1800,0
2026-01-12 19:00:00,91619.67,91811.34,91349.21,91786.6,2710,1800,0
2026-01-12 20:00:00,91789.45,91982.45,91327.71,91402.94,2681,1800,0
2026-01-12 21:00:00,91398.71,91447.32,90842.72,90981.22,2529,1800,0
2026-01-12 22:00:00,90978.69,91354.17,90969.61,91154.87,2198,1800,0
2026-01-12 23:00:00,91155.33,91225.1,90968.73,91193.84,1646,1800,0
2026-01-13 00:00:00,91187.84,91459.85,91131.1,91371.13,2053,1800,0
2026-01-13 01:00:00,91370.71,91451.27,90929.15,91084.18,2110,1800,0
2026-01-13 02:00:00,91083.5,91273.95,90978.1,91026.3,1839,1800,0
2026-01-13 03:00:00,91027.22,91362.79,91008.0,91308.3,1843,1800,0
2026-01-13 04:00:00,91309.86,91544.23,91238.39,91401.92,1689,1800,0
2026-01-13 05:00:00,91402.48,92143.65,91362.62,91823.03,3589,1800,0
2026-01-13 06:00:00,91822.89,92185.96,91692.94,92074.07,2580,1800,0
2026-01-13 07:00:00,92083.84,92113.5,91795.57,91829.81,2125,1800,0
2026-01-13 08:00:00,91830.76,92163.55,91815.67,92074.54,2034,1800,0
2026-01-13 09:00:00,92071.66,92599.2,91839.6,92189.15,3677,1800,0
2026-01-13 10:00:00,92192.3,92263.49,91921.9,92043.0,2100,1800,0
2026-01-13 11:00:00,92043.12,92163.66,91865.44,91908.35,1887,1800,0
2026-01-13 12:00:00,91910.44,92063.35,91803.38,92021.03,1857,1800,0
2026-01-13 13:00:00,92022.28,92504.86,91805.55,91976.34,4639,1800,0
2026-01-13 14:00:00,91976.19,92843.75,91677.09,92382.63,7609,1800,0
2026-01-13 15:00:00,92378.94,93406.17,92037.22,93406.17,8176,1800,0
2026-01-13 16:00:00,93410.67,93736.88,93012.5,93361.33,5776,1800,0
2026-01-13 17:00:00,93362.58,93474.34,93063.87,93187.34,4415,1800,0
2026-01-13 18:00:00,93184.85,93852.73,93143.01,93591.4,4342,1800,0
2026-01-13 19:00:00,93591.5,94223.78,93437.58,94207.93,4026,1800,0
2026-01-13 20:00:00,94207.8,94509.33,94092.45,94403.97,4499,1800,0
2026-01-13 21:00:00,94406.04,94521.85,94043.35,94081.43,2416,1800,0
2026-01-13 22:00:00,94082.1,96730.78,94065.73,95728.44,10619,1800,0
2026-01-13 23:00:00,95740.18,96098.36,95031.34,95376.06,4438,1800,0
2026-01-14 00:00:00,95376.8,95618.33,95138.24,95203.96,3672,1800,0
2026-01-14 01:00:00,95205.02,95551.52,95083.63,95196.53,3008,1800,0
2026-01-14 02:00:00,95197.81,95530.75,95153.6,95315.63,2605,1800,0
2026-01-14 03:00:00,95309.26,95678.95,95236.95,95663.47,2106,1800,0
2026-01-14 04:00:00,95664.05,95760.69,95182.6,95203.66,2489,1800,0
2026-01-14 05:00:00,95200.35,95251.01,94918.29,94988.18,2699,1800,0
2026-01-14 06:00:00,94988.81,95005.72,94420.59,94996.5,3087,1800,0
2026-01-14 07:00:00,94996.95,95227.92,94815.03,95172.67,2344,1800,0
2026-01-14 08:00:00,95169.19,95302.23,94860.36,94880.78,2054,1800,0
2026-01-14 09:00:00,94880.65,95153.21,94843.93,95050.07,2210,1800,0
2026-01-14 10:00:00,95047.37,95263.26,94854.69,95060.3,2735,1800,0
2026-01-14 11:00:00,95057.34,95071.84,94690.07,94763.23,2434,1800,0
2026-01-14 12:00:00,94763.1,95127.17,94634.4,95033.5,1964,1800,0
2026-01-14 13:00:00,95033.1,95196.04,94842.01,94964.38,2546,1800,0
2026-01-14 14:00:00,94960.99,96802.66,94941.55,96468.8,9412,1800,0
2026-01-14 15:00:00,96470.0,97104.59,96163.79,96757.3,9544,1800,0
2026-01-14 16:00:00,96757.4,97720.85,96725.28,97299.06,6598,1800,0
2026-01-14 17:00:00,97298.9,97824.23,96763.25,96962.76,5596,1800,0
2026-01-14 18:00:00,96964.7,97134.14,96224.49,96807.07,5601,1800,0
2026-01-14 19:00:00,96799.54,97657.58,96674.62,97265.07,4560,1800,0
2026-01-14 20:00:00,97266.57,97968.49,97194.54,97663.07,5740,1800,0
2026-01-14 21:00:00,97659.52,97728.64,97386.17,97568.55,2882,1800,0
2026-01-14 22:00:00,97564.84,97593.93,96766.48,96868.41,2742,1800,0
2026-01-14 23:00:00,96870.81,97389.18,96855.97,96955.27,2562,1800,0
2026-01-15 00:00:00,96955.15,97005.82,96480.12,96648.58,2889,1800,0
2026-01-15 01:00:00,96641.94,96978.61,96289.01,96430.03,3183,1800,0
2026-01-15 02:00:00,96433.2,96601.2,96075.34,96322.87,3192,1800,0
2026-01-15 03:00:00,96324.12,96381.6,95744.27,95944.07,3610,1800,0
2026-01-15 04:00:00,95944.9,96360.49,95906.86,96298.63,2668,1800,0
2026-01-15 05:00:00,96293.82,96509.3,96205.28,96402.17,2478,1800,0
2026-01-15 06:00:00,96401.17,96559.96,96146.64,96217.54,2532,1800,0
2026-01-15 07:00:00,96220.55,96745.7,96153.89,96630.06,2513,1800,0
2026-01-15 08:00:00,96626.61,96665.11,96269.09,96614.46,2308,1800,0
2026-01-15 09:00:00,96614.04,97180.02,96534.15,97031.69,2823,1800,0
2026-01-15 10:00:00,97028.39,97050.2,96718.45,96787.37,1994,1800,0
2026-01-15 11:00:00,96789.71,96911.9,96547.78,96566.57,1946,1800,0
2026-01-15 12:00:00,96564.91,96992.75,96483.37,96952.16,2160,1800,0
2026-01-15 13:00:00,96952.55,97012.2,96580.97,96830.22,2674,1800,0
2026-01-15 14:00:00,96835.67,97128.98,95556.31,96024.43,8070,1800,0
2026-01-15 15:00:00,96022.18,96773.82,95402.44,96732.09,9390,1800,0
2026-01-15 16:00:00,96729.62,96936.23,96218.91,96683.9,6482,1800,0
2026-01-15 17:00:00,96684.78,97041.48,96369.83,96585.61,3891,1800,0
2026-01-15 18:00:00,96583.76,96595.12,95705.88,95823.01,4033,1800,0
2026-01-15 19:00:00,95822.92,95904.42,95095.24,95474.68,4771,1800,0
2026-01-15 20:00:00,95472.16,95637.31,95092.85,95231.15,3543,1800,0
2026-01-15 21:00:00,95234.15,95603.75,95163.88,95558.85,1855,1800,0
2026-01-15 22:00:00,95555.42,95849.28,95452.93,95553.6,1954,1800,0
2026-01-15 23:00:00,95552.9,95693.48,95370.22,95587.59,1953,1800,0
2026-01-16 00:00:00,95590.0,95800.67,95537.11,95609.78,1852,1800,0
2026-01-16 01:00:00,95609.67,95834.54,95386.9,95637.31,1966,1800,0
2026-01-16 02:00:00,95632.42,95657.8,95355.7,95470.36,2129,1800,0
2026-01-16 03:00:00,95470.6,95554.19,95278.24,95313.58,1377,1800,0
2026-01-16 04:00:00,95313.4,95551.86,95117.76,95231.31,2038,1800,0
2026-01-16 05:00:00,95231.75,95672.78,95209.27,95629.75,2286,1800,0
2026-01-16 06:00:00,95644.48,95800.52,95485.95,95702.29,1795,1800,0
2026-01-16 07:00:00,95706.45,95767.81,95446.3,95624.12,1546,1800,0
2026-01-16 08:00:00,95625.15,95819.05,95542.68,95646.41,1781,1800,0
2026-01-16 09:00:00,95645.72,95747.92,95548.52,95582.93,1431,1800,0
2026-01-16 10:00:00,95580.08,95606.49,95268.63,95275.64,1592,1800,0
2026-01-16 11:00:00,95272.43,95444.27,95217.99,95389.97,1620,1800,0
2026-01-16 12:00:00,95389.23,95548.93,95318.53,95419.02,1594,1800,0
2026-01-16 13:00:00,95420.05,95555.67,95240.73,95412.47,1872,1800,0
2026-01-16 14:00:00,95412.67,95767.72,95139.15,95150.76,4985,1800,0
2026-01-16 15:00:00,95154.97,95645.23,94231.51,94538.0,8971,1800,0
2026-01-16 16:00:00,94542.72,94953.79,94451.56,94826.41,4476,1800,0
2026-01-16 17:00:00,94826.29,95093.48,94506.05,95025.64,2928,1800,0
2026-01-16 18:00:00,95024.81,95179.87,94921.86,94952.93,2563,1800,0
2026-01-16 19:00:00,94946.6,95013.73,94781.98,94947.34,2209,1800,0
2026-01-16 20:00:00,94948.95,95548.08,94627.58,95532.34,2517,1800,0
2026-01-16 21:00:00,95527.15,95577.71,95311.09,95483.81,2149,1800,0
2026-01-16 22:00:00,95507.59,95547.87,95214.83,95469.19,1851,1800,0
2026-01-16 23:00:00,95469.09,95545.04,95381.16,95504.7,1202,1800,0
2026-01-17 00:00:00,95501.68,95540.17,95380.5,95429.23,1273,1800,0
2026-01-17 01:00:00,95416.99,95490.25,95345.2,95357.48,1102,1800,0
2026-01-17 02:00:00,95365.57,95381.93,95138.73,95311.32,1235,1800,0
2026-01-17 03:00:00,95313.79,95345.71,95227.22,95313.71,915,1800,0
2026-01-17 04:00:00,95314.79,95332.0,95216.77,95274.78,1026,1800,0
2026-01-17 05:00:00,95277.03,95346.64,95233.55,95281.46,789,1800,0
2026-01-17 06:00:00,95281.49,95296.38,95143.66,95219.78,911,1800,0
2026-01-17 07:00:00,95133.55,95148.07,95008.52,95063.72,555,1800,0
2026-01-17 08:00:00,95061.41,95224.88,94978.48,95212.93,1382,1800,0
2026-01-17 09:00:00,95207.92,95271.89,95134.37,95226.12,971,1800,0
2026-01-17 10:00:00,95227.58,95241.51,95068.51,95074.2,890,1800,0
2026-01-17 11:00:00,95074.11,95296.34,95031.95,95288.01,1245,1800,0
2026-01-17 12:00:00,95281.25,95368.44,95196.84,95222.64,978,1800,0
2026-01-17 13:00:00,95224.74,95402.75,95153.69,95402.15,1251,1800,0
2026-01-17 14:00:00,95399.46,95497.15,95311.37,95427.19,1466,1800,0
2026-01-17 15:00:00,95426.04,95633.01,95390.12,95540.47,1792,1800,0
2026-01-17 16:00:00,95540.29,95540.29,95171.82,95267.62,1684,1800,0
2026-01-17 17:00:00,95266.16,95405.43,95244.5,95329.8,1214,1800,0
2026-01-17 18:00:00,95330.17,95434.97,95300.33,95395.48,1079,1800,0
2026-01-17 19:00:00,95397.15,95397.15,95244.21,95263.94,976,1800,0
2026-01-17 20:00:00,95263.89,95353.73,95240.61,95337.52,737,1800,0
2026-01-17 21:00:00,95336.95,95372.77,95237.05,95271.6,930,1800,0
2026-01-17 22:00:00,95270.88,95274.72,95005.68,95124.33,1544,1800,0
2026-01-17 23:00:00,95124.44,95178.26,95073.66,95118.69,1363,1800,0
2026-01-18 00:00:00,95118.55,95201.79,95020.18,95074.75,1261,1800,0
2026-01-18 01:00:00,95077.6,95077.73,94825.48,94926.24,1552,1800,0
2026-01-18 02:00:00,94925.68,95027.71,94833.41,94987.36,1247,1800,0
2026-01-18 03:00:00,94984.28,95176.07,94970.76,95145.26,1323,1800,0
2026-01-18 04:00:00,95146.55,95152.4,95034.17,95065.01,1000,1800,0
2026-01-18 05:00:00,95064.98,95232.1,95009.26,95142.61,1207,1800,0
2026-01-18 06:00:00,95144.24,95165.19,95098.73,95129.07,1134,1800,0
2026-01-18 07:00:00,95128.43,95128.43,94980.95,94992.23,838,1800,0
2026-01-18 08:00:00,94992.38,95159.2,94976.83,95133.58,1144,1800,0
2026-01-18 09:00:00,95133.68,95242.55,95106.77,95217.15,1099,1800,0
2026-01-18 10:00:00,95217.53,95254.58,95039.89,95128.39,1348,1800,0
2026-01-18 11:00:00,95128.48,95143.12,95038.33,95127.93,1233,1800,0
2026-01-18 12:00:00,95133.33,95143.97,95039.3,95073.08,910,1800,0
2026-01-18 13:00:00,95070.03,95166.28,94857.6,95103.43,1597,1800,0
2026-01-18 14:00:00,95103.11,95317.71,94888.78,94915.19,1501,1800,0
2026-01-18 15:00:00,94915.04,95079.52,94864.0,95063.07,1350,1800,0
2026-01-18 16:00:00,95063.18,95155.09,95027.8,95128.6,1491,1800,0
2026-01-18 17:00:00,95130.55,95237.7,95091.81,95214.85,1268,1800,0
2026-01-18 18:00:00,95213.01,95492.95,95125.12,95410.28,1806,1800,0
2026-01-18 19:00:00,95413.46,95494.41,95289.06,95335.3,1532,1800,0
2026-01-18 20:00:00,95333.78,95415.03,95253.02,95269.21,1387,1800,0
2026-01-18 21:00:00,95278.09,95394.11,95242.64,95380.96,1080,1800,0
2026-01-18 22:00:00,95380.85,95496.25,95353.72,95447.92,1166,1800,0
2026-01-18 23:00:00,95440.41,95450.95,93565.6,93639.75,7492,1800,0
2026-01-19 00:00:00,93639.83,93639.83,91858.97,92668.38,17032,1800,0
2026-01-19 01:00:00,92666.94,92838.93,92190.03,92541.37,4700,1800,0
2026-01-19 02:00:00,92543.13,92637.61,92334.59,92510.79,2766,1800,0
2026-01-19 03:00:00,92513.37,92742.27,92447.36,92655.09,2003,1800,0
2026-01-19 04:00:00,92649.46,92701.57,92446.01,92611.45,1856,1800,0
2026-01-19 05:00:00,92622.67,92769.38,92454.2,92480.17,2086,1800,0
2026-01-19 06:00:00,92486.04,92592.52,92341.32,92548.17,1945,1800,0
2026-01-19 07:00:00,92549.33,92801.58,92506.59,92781.76,1802,1800,0
2026-01-19 08:00:00,92784.3,93317.61,92638.07,93200.1,2917,1800,0
2026-01-19 09:00:00,93204.03,93217.61,92880.75,92998.8,2265,1800,0
2026-01-19 10:00:00,93000.0,93030.01,92828.63,93012.37,1439,1800,0
2026-01-19 11:00:00,93012.43,93255.94,92900.98,93137.84,1690,1800,0
2026-01-19 12:00:00,93140.26,93174.78,92941.96,93021.78,1910,1800,0
2026-01-19 13:00:00,93020.89,93099.25,92727.4,92981.05,1904,1800,0
2026-01-19 14:00:00,92980.65,92988.5,92641.31,92759.12,2477,1800,0
2026-01-19 15:00:00,92766.15,93044.92,92756.0,93001.25,2043,1800,0
2026-01-19 16:00:00,93002.72,93367.48,92933.28,93244.41,2158,1800,0
2026-01-19 17:00:00,93246.85,93342.94,93091.97,93183.54,1782,1800,0
2026-01-19 18:00:00,93183.99,93208.41,92868.91,93004.04,1642,1800,0
2026-01-19 19:00:00,93003.92,93099.86,92931.56,93046.52,1424,1800,0
2026-01-19 20:00:00,93054.29,93223.65,93030.66,93090.02,1277,1800,0
2026-01-19 21:00:00,93092.58,93298.39,92929.56,92944.2,1337,1800,0
2026-01-19 22:00:00,92943.94,93001.97,92487.25,92507.15,1908,1800,0
2026-01-19 23:00:00,92507.25,92684.07,92079.14,92570.84,3755,1800,0
2026-01-20 00:00:00,92562.82,92808.78,92289.85,92642.03,2664,1800,0
2026-01-20 01:00:00,92644.43,92804.7,92442.93,92653.77,2384,1800,0
2026-01-20 02:00:00,92654.7,92665.72,92291.82,92482.37,2337,1800,0
2026-01-20 03:00:00,92482.27,92587.82,92176.25,92363.62,1922,1800,0
2026-01-20 04:00:00,92368.82,92404.89,91897.48,91999.44,2235,1800,0
2026-01-20 05:00:00,91999.61,92014.87,91206.02,91542.48,5022,1800,0
2026-01-20 06:00:00,91543.1,91562.81,90669.29,90836.42,5535,1800,0
2026-01-20 07:00:00,90832.02,91212.74,90760.41,91078.6,3104,1800,0
2026-01-20 08:00:00,91079.07,91150.6,90556.88,91004.98,4241,1800,0
2026-01-20 09:00:00,90999.24,91000.26,90793.81,90937.5,2547,1800,0
2026-01-20 10:00:00,90934.34,91199.43,90892.06,91163.02,1790,1800,0
2026-01-20 11:00:00,91162.77,91365.75,91118.57,91136.79,1800,1800,0
2026-01-20 12:00:00,91141.89,91230.17,90955.85,91201.08,1837,1800,0
2026-01-20 13:00:00,91193.33,91215.95,90678.83,90869.57,3131,1800,0
2026-01-20 14:00:00,90870.76,91302.13,90185.87,90458.71,9400,1800,0
2026-01-20 15:00:00,90456.37,90715.11,89753.24,90577.02,9725,1800,0
2026-01-20 16:00:00,90576.16,90887.82,89916.46,90070.83,5296,1800,0
2026-01-20 17:00:00,90068.85,90419.98,89315.04,89672.37,5968,1800,0
2026-01-20 18:00:00,89673.37,89857.54,89264.51,89385.63,4334,1800,0
2026-01-20 19:00:00,89387.62,89695.78,89175.93,89600.7,4273,1800,0
2026-01-20 20:00:00,89600.54,89728.33,89260.47,89601.66,4128,1800,0
2026-01-20 21:00:00,89614.6,89712.54,89285.19,89342.48,2302,1800,0
2026-01-20 22:00:00,89341.48,89515.86,87696.18,88391.62,5596,1800,0
2026-01-20 23:00:00,88384.06,88413.86,87768.05,88322.45,4793,1800,0
2026-01-21 00:00:00,88323.62,88866.35,88133.82,88817.75,3954,1800,0
2026-01-21 01:00:00,88810.85,89054.91,88722.48,88912.6,2767,1800,0
2026-01-21 02:00:00,88914.55,89246.1,88869.76,88938.98,2571,1800,0
2026-01-21 03:00:00,88939.97,89495.68,88918.42,89318.21,2384,1800,0
2026-01-21 04:00:00,89318.9,89548.11,89232.13,89326.55,1740,1800,0
2026-01-21 05:00:00,89325.95,90010.21,89309.81,89858.59,2203,1800,0
2026-01-21 06:00:00,89858.69,89858.69,89386.9,89558.05,2168,1800,0
2026-01-21 07:00:00,89557.93,89665.59,88977.95,89100.97,2414,1800,0
2026-01-21 08:00:00,89100.26,89277.79,88876.32,89091.27,2613,1800,0
2026-01-21 09:00:00,89085.5,89388.54,88961.64,89010.41,2184,1800,0
2026-01-21 10:00:00,89010.52,89292.36,88948.78,89140.12,1939,1800,0
2026-01-21 11:00:00,89136.43,89287.8,88574.73,88696.21,2196,1800,0
2026-01-21 12:00:00,88690.02,88763.82,88047.41,88643.24,5518,1800,0
2026-01-21 13:00:00,88630.35,88951.12,88458.81,88576.4,3597,1800,0
2026-01-21 14:00:00,88573.95,89920.74,88511.9,89702.33,12789,1800,0
2026-01-21 15:00:00,89702.94,90500.14,89654.74,90196.18,8152,1800,0
2026-01-21 16:00:00,90204.87,90296.25,87510.81,87522.84,10006,1800,0
2026-01-21 17:00:00,87528.15,88084.97,87167.72,87840.43,12155,1800,0
2026-01-21 18:00:00,87845.46,88579.16,87486.09,88383.39,6747,1800,0
2026-01-21 19:00:00,88382.89,90386.85,88185.49,90280.58,12514,1800,0
2026-01-21 20:00:00,90278.56,90303.79,89373.85,90140.27,7566,1800,0
2026-01-21 21:00:00,90145.87,90274.42,89855.3,90180.9,2683,1800,0
2026-01-21 22:00:00,90169.19,90319.74,89669.6,89691.89,2200,1800,0
2026-01-21 23:00:00,89701.08,90146.37,89271.0,89358.62,3127,1800,0
2026-01-22 00:00:00,89358.71,89957.22,89358.71,89820.44,2714,1800,0
2026-01-22 01:00:00,89821.23,90120.52,89724.14,90018.63,2976,1800,0
2026-01-22 02:00:00,90013.28,90273.55,89746.94,89842.19,2793,1800,0
2026-01-22 03:00:00,89842.04,90074.98,89600.32,89800.25,2005,1800,0
2026-01-22 04:00:00,89797.96,89992.53,89719.58,89908.73,1743,1800,0
2026-01-22 05:00:00,89909.68,89990.78,89824.52,89934.13,1547,1800,0
2026-01-22 06:00:00,89930.02,90128.45,89798.0,90081.8,1922,1800,0
2026-01-22 07:00:00,90081.9,90107.72,89697.36,89729.95,1689,1800,0
2026-01-22 08:00:00,89731.88,89886.16,89656.57,89835.77,1846,1800,0
2026-01-22 09:00:00,89835.87,90042.9,89787.7,89958.98,1488,1800,0
2026-01-22 10:00:00,89956.42,90025.92,89864.77,89990.29,1726,1800,0
2026-01-22 11:00:00,89988.3,90073.4,89802.64,89840.68,2075,1800,0
2026-01-22 12:00:00,89847.11,90002.52,89779.69,89920.12,1628,1800,0
2026-01-22 13:00:00,89915.55,90247.47,89397.34,89526.6,3398,1800,0
2026-01-22 14:00:00,89524.76,89663.8,88962.09,89016.54,7292,1800,0
2026-01-22 15:00:00,89006.07,89369.12,88410.38,88898.18,9629,1800,0
2026-01-22 16:00:00,88898.79,89183.44,88575.18,88954.25,6546,1800,0
2026-01-22 17:00:00,88954.15,89533.59,88919.12,89448.35,4968,1800,0
2026-01-22 18:00:00,89451.41,89715.25,89199.8,89249.37,3883,1800,0
2026-01-22 19:00:00,89250.1,89844.16,89009.53,89683.86,3807,1800,0
2026-01-22 20:00:00,89685.56,89872.27,89295.64,89319.77,3072,1800,0
2026-01-22 21:00:00,89325.65,89579.26,89142.32,89170.91,2173,1800,0
2026-01-22 22:00:00,89166.65,89481.73,89037.9,89244.13,1771,1800,0
2026-01-22 23:00:00,89243.15,89499.4,89070.84,89470.07,1902,1800,0
2026-01-23 00:00:00,89470.72,89552.69,89346.74,89433.31,1683,1800,0
2026-01-23 01:00:00,89436.19,89848.81,89436.19,89830.94,2029,1800,0
2026-01-23 02:00:00,89827.08,89897.48,89545.91,89547.18,1775,1800,0
2026-01-23 03:00:00,89544.19,89834.45,89524.9,89827.55,1535,1800,0
2026-01-23 04:00:00,89828.24,89993.34,89769.37,89859.64,1603,1800,0
2026-01-23 05:00:00,89856.26,89873.43,89359.83,89495.88,1968,1800,0
2026-01-23 06:00:00,89494.48,89687.0,89284.04,89398.05,2287,1800,0
2026-01-23 07:00:00,89405.09,89573.03,89324.82,89419.48,2003,1800,0
2026-01-23 08:00:00,89419.88,89514.68,89012.16,89104.88,2721,1800,0
2026-01-23 09:00:00,89101.62,89270.83,88762.84,88862.66,2498,1800,0
2026-01-23 10:00:00,88873.83,89047.06,88731.73,88937.6,1990,1800,0
2026-01-23 11:00:00,88938.55,89242.08,88879.99,89092.12,1921,1800,0
2026-01-23 12:00:00,89091.27,89261.76,88970.8,89139.22,1502,1800,0
2026-01-23 13:00:00,89139.29,89336.12,89109.34,89238.64,1639,1800,0
2026-01-23 14:00:00,89236.42,89618.91,88518.7,88902.85,6877,1800,0
2026-01-23 15:00:00,88907.35,89770.51,88442.52,89642.28,7626,1800,0
2026-01-23 16:00:00,89642.15,90390.77,89364.22,90017.67,6682,1800,0
2026-01-23 17:00:00,90017.59,91133.36,89866.53,90505.9,6485,1800,0
2026-01-23 18:00:00,90508.58,90948.52,90338.04,90423.96,4261,1800,0
2026-01-23 19:00:00,90423.85,90442.79,89492.74,89886.26,4925,1800,0
2026-01-23 20:00:00,89881.02,90064.25,89097.11,89392.21,4872,1800,0
2026-01-23 21:00:00,89390.78,89599.88,89200.45,89240.36,2056,1800,0
2026-01-23 22:00:00,89238.38,89654.38,89225.35,89519.76,1791,1800,0
2026-01-23 23:00:00,89520.76,89526.2,89350.26,89484.25,1195,1800,0
2026-01-24 00:00:00,89486.07,89522.6,89297.92,89326.06,1254,1800,0
2026-01-24 01:00:00,89320.56,89473.57,89320.56,89420.0,1124,1800,0
2026-01-24 02:00:00,89423.3,89591.34,89423.3,89573.21,1036,1800,0
2026-01-24 03:00:00,89571.94,89794.71,89530.7,89643.52,1434,1800,0
2026-01-24 04:00:00,89643.46,89726.8,89578.04,89717.93,1012,1800,0
2026-01-24 05:00:00,89716.31,89738.23,89627.39,89663.13,875,1800,0
2026-01-24 06:00:00,89664.77,89665.73,89500.38,89515.94,903,1800,0
2026-01-24 07:00:00,89511.48,89559.75,89426.55,89478.83,841,1800,0
2026-01-24 08:00:00,89476.58,89547.79,89438.9,89523.23,721,1800,0
2026-01-24 09:00:00,89525.39,89525.97,89443.21,89462.35,366,1800,0
2026-01-24 10:00:00,89461.52,89511.81,89432.2,89483.05,836,1800,0
2026-01-24 11:00:00,89482.34,89544.24,89448.84,89448.84,729,1800,0
2026-01-24 12:00:00,89448.98,89462.02,89345.05,89392.28,998,1800,0
2026-01-24 13:00:00,89390.34,89410.88,89225.3,89225.3,729,1800,0
2026-01-24 14:00:00,89224.73,89379.15,89031.52,89326.73,1547,1800,0
2026-01-24 15:00:00,89326.56,89370.42,89114.39,89144.2,1297,1800,0
2026-01-24 16:00:00,89147.71,89222.6,89019.27,89142.03,1293,1800,0
2026-01-24 17:00:00,89142.28,89273.25,89105.4,89249.98,1091,1800,0
2026-01-24 18:00:00,89256.05,89318.48,89219.01,89255.49,806,1800,0
2026-01-24 19:00:00,89255.12,89263.45,89123.89,89190.89,794,1800,0
2026-01-24 20:00:00,89190.97,89272.26,89183.07,89239.04,672,1800,0
2026-01-24 21:00:00,89240.95,89254.23,89118.02,89249.75,822,1800,0
2026-01-24 22:00:00,89249.2,89351.23,89153.54,89291.23,907,1800,0
2026-01-24 23:00:00,89291.15,89338.82,89065.94,89092.8,1130,1800,0
2026-01-25 00:00:00,89092.6,89170.18,89031.88,89169.65,1011,1800,0
2026-01-25 01:00:00,89169.54,89180.68,88939.97,89035.15,1169,1800,0
2026-01-25 02:00:00,89027.14,89122.13,88983.04,89001.09,974,1800,0
2026-01-25 03:00:00,89001.21,89041.26,88695.73,88809.02,1468,1800,0
2026-01-25 04:00:00,88810.87,88951.62,88794.31,88882.06,1052,1800,0
2026-01-25 05:00:00,88884.49,88914.66,88733.94,88853.01,1063,1800,0
2026-01-25 06:00:00,88848.63,88855.07,88508.11,88699.53,1731,1800,0
2026-01-25 07:00:00,88697.46,88701.89,88498.92,88525.02,814,1800,0
2026-01-25 08:00:00,88524.85,88620.8,87982.09,88148.91,2168,1800,0
2026-01-25 09:00:00,88146.64,88361.25,88089.87,88268.57,1787,1800,0
2026-01-25 10:00:00,88267.83,88546.02,88262.5,88510.14,1578,1800,0
2026-01-25 11:00:00,88505.52,88570.43,88382.29,88427.13,1143,1800,0
2026-01-25 12:00:00,88430.0,88667.61,88301.36,88647.26,1968,1800,0
2026-01-25 13:00:00,88648.21,88859.41,88517.61,88784.52,1673,1800,0
2026-01-25 14:00:00,88785.37,88817.19,88480.31,88570.92,1893,1800,0
2026-01-25 15:00:00,88570.78,88633.76,88233.06,88329.63,1628,1800,0
2026-01-25 16:00:00,88326.14,88335.98,87426.61,87960.38,7590,1800,0
2026-01-25 17:00:00,87961.63,87987.55,87624.9,87760.67,2892,1800,0
2026-01-25 18:00:00,87760.46,87860.25,86690.76,87288.93,7354,1800,0
2026-01-25 19:00:00,87291.86,87395.41,86073.22,86407.79,7350,1800,0
2026-01-25 20:00:00,86407.83,86624.66,86119.99,86564.06,3954,1800,0
2026-01-25 21:00:00,86556.65,86921.61,86293.06,86472.14,3149,1800,0
2026-01-25 22:00:00,86470.99,86613.48,86072.77,86437.85,3172,1800,0
2026-01-25 23:00:00,86434.06,86694.04,85962.61,86569.02,5296,1800,0
2026-01-26 00:00:00,86567.9,87087.98,86401.16,86744.17,3725,1800,0
2026-01-26 01:00:00,86744.76,87721.89,86702.03,87578.55,4846,1800,0
2026-01-26 02:00:00,87585.84,87856.2,87318.53,87440.52,3340,1800,0
2026-01-26 03:00:00,87437.17,87571.63,86943.61,87157.25,2426,1800,0
2026-01-26 04:00:00,87152.01,87819.64,87105.21,87626.82,2490,1800,0
2026-01-26 05:00:00,87628.62,87840.32,87538.07,87692.42,2013,1800,0
2026-01-26 06:00:00,87693.71,87919.85,87629.64,87828.8,2243,1800,0
2026-01-26 07:00:00,87830.12,87984.74,87590.11,87905.69,2340,1800,0
2026-01-26 08:00:00,87906.51,88296.57,87728.58,87888.85,2750,1800,0
2026-01-26 09:00:00,87889.34,87908.88,87488.4,87572.19,2312,1800,0
2026-01-26 10:00:00,87572.08,87864.99,87549.71,87795.96,1687,1800,0
2026-01-26 11:00:00,87797.95,87898.36,87663.69,87749.86,1344,1800,0
2026-01-26 12:00:00,87748.71,87881.42,87631.39,87701.49,1658,1800,0
2026-01-26 13:00:00,87702.17,87953.93,87582.65,87856.24,2138,1800,0
2026-01-26 14:00:00,87855.94,88440.78,87342.41,88076.01,7246,1800,0
2026-01-26 15:00:00,88075.81,88780.2,87235.86,87553.27,9031,1800,0
2026-01-26 16:00:00,87555.34,87870.06,87098.38,87523.58,6051,1800,0
2026-01-26 17:00:00,87524.77,87698.18,86916.22,87598.07,3803,1800,0
2026-01-26 18:00:00,87595.42,88330.55,87549.12,88310.87,3710,1800,0
2026-01-26 19:00:00,88312.44,88450.6,87850.7,87913.25,2875,1800,0
2026-01-26 20:00:00,87910.23,88038.4,87439.39,87535.46,2371,1800,0
2026-01-26 21:00:00,87536.79,88148.32,87472.58,87967.53,2389,1800,0
2026-01-26 22:00:00,87967.63,88186.52,87896.8,88040.57,1851,1800,0
2026-01-26 23:00:00,88034.28,88582.17,87926.26,88242.0,2108,1800,0
2026-01-27 00:00:00,88243.23,88374.56,88103.82,88264.24,1764,1800,0
2026-01-27 01:00:00,88265.48,88634.45,88097.31,88468.97,1933,1800,0
2026-01-27 02:00:00,88465.66,88760.89,88439.78,88710.8,2099,1800,0
2026-01-27 03:00:00,88701.97,88801.66,88467.47,88677.59,1832,1800,0
2026-01-27 04:00:00,88672.06,88912.72,88404.37,88469.66,2056,1800,0
2026-01-27 05:00:00,88473.17,88495.16,88279.36,88355.0,1438,1800,0
2026-01-27 06:00:00,88354.11,88423.72,88159.16,88217.07,1515,1800,0
2026-01-27 07:00:00,88216.94,88454.9,88200.28,88219.27,1369,1800,0
2026-01-27 08:00:00,88218.71,88295.11,88002.19,88055.89,1751,1800,0
2026-01-27 09:00:00,88055.77,88055.77,87734.15,87764.51,1897,1800,0
2026-01-27 10:00:00,87764.1,87928.19,87628.18,87658.76,1655,1800,0
2026-01-27 11:00:00,87668.73,87979.48,87610.05,87862.14,1637,1800,0
2026-01-27 12:00:00,87859.35,88044.95,87820.93,87869.24,1420,1800,0
2026-01-27 13:00:00,87867.19,87959.3,87663.7,87867.92,1699,1800,0
2026-01-27 14:00:00,87867.81,88339.41,87531.31,87621.38,5780,1800,0
2026-01-27 15:00:00,87624.98,88074.38,87432.42,87911.96,5657,1800,0
2026-01-27 16:00:00,87911.49,88712.13,87870.22,88523.99,6512,1800,0
2026-01-27 17:00:00,88520.53,88580.37,87187.04,87438.24,6578,1800,0
2026-01-27 18:00:00,87437.2,88401.2,87339.59,88158.64,4834,1800,0
2026-01-27 19:00:00,88164.32,88436.1,87920.83,88293.51,3220,1800,0
2026-01-27 20:00:00,88292.1,89394.1,88250.87,89298.21,5693,1800,0
2026-01-27 21:00:00,89296.21,89429.32,88885.24,88962.11,3015,1800,0
2026-01-27 22:00:00,88966.45,89324.03,88894.02,89138.63,2202,1800,0
2026-01-27 23:00:00,89139.97,89423.64,89024.55,89126.74,2035,1800,0
2026-01-28 00:00:00,89125.38,89358.11,89026.32,89352.91,1812,1800,0
2026-01-28 01:00:00,89352.12,89383.18,89069.78,89278.55,2109,1800,0
2026-01-28 02:00:00,89276.53,89336.73,88977.13,89154.95,2105,1800,0
2026-01-28 03:00:00,89154.17,89194.52,88849.25,88994.52,2013,1800,0
2026-01-28 04:00:00,88994.78,89045.52,88706.9,88858.01,1776,1800,0
2026-01-28 05:00:00,88860.46,88988.34,88721.36,88969.73,1751,1800,0
2026-01-28 06:00:00,88973.19,89278.31,88973.19,89209.19,2135,1800,0
2026-01-28 07:00:00,89209.46,89231.52,88972.17,89012.06,1732,1800,0
2026-01-28 08:00:00,89007.98,89142.85,88761.01,88811.58,2115,1800,0
2026-01-28 09:00:00,88819.77,89451.14,88732.1,89445.97,2312,1800,0
2026-01-28 10:00:00,89445.07,89590.92,89198.98,89275.14,2696,1800,0
2026-01-28 11:00:00,89280.92,90043.66,89189.04,89950.3,3109,1800,0
2026-01-28 12:00:00,89949.81,90061.92,89662.34,89883.85,3152,1800,0
2026-01-28 13:00:00,89884.66,90372.93,89833.46,90146.98,3583,1800,0
2026-01-28 14:00:00,90150.45,90150.45,89317.55,89495.44,6222,1800,0
2026-01-28 15:00:00,89491.37,89736.37,88767.16,89353.91,6328,1800,0
2026-01-28 16:00:00,89356.26,89710.59,89115.47,89508.59,4338,1800,0
2026-01-28 17:00:00,89506.87,90496.15,89147.71,90041.25,4470,1800,0
2026-01-28 18:00:00,90050.83,90057.61,89199.57,89414.64,4127,1800,0
2026-01-28 19:00:00,89412.01,89606.34,88883.1,89271.46,8793,1800,0
2026-01-28 20:00:00,89271.89,89781.0,88862.71,89006.38,4229,1800,0
2026-01-28 21:00:00,89003.99,89352.77,88721.13,89276.49,3253,1800,0
2026-01-28 22:00:00,89278.66,89347.04,88992.54,89241.71,1568,1800,0
2026-01-28 23:00:00,89241.85,89337.78,89061.41,89160.41,2234,1800,0
2026-01-29 00:00:00,89159.3,89219.22,88761.47,89014.69,2707,1800,0
2026-01-29 01:00:00,89011.56,89033.9,88396.88,88463.92,3333,1800,0
2026-01-29 02:00:00,88464.02,88625.01,87555.23,87768.23,5263,1800,0
2026-01-29 03:00:00,87778.32,88122.64,87631.98,87902.4,3235,1800,0
2026-01-29 04:00:00,87895.57,88206.55,87757.74,88166.52,2025,1800,0
2026-01-29 05:00:00,88166.53,88268.03,88000.95,88047.48,1673,1800,0
2026-01-29 06:00:00,88046.58,88202.93,88024.42,88172.19,1493,1800,0
2026-01-29 07:00:00,88172.16,88293.5,88112.09,88220.22,1517,1800,0
2026-01-29 08:00:00,88217.58,88357.15,87765.04,87916.66,2550,1800,0
2026-01-29 09:00:00,87915.01,88016.9,87735.72,87743.89,1698,1800,0
2026-01-29 10:00:00,87738.9,87864.26,87660.69,87807.18,1622,1800,0
2026-01-29 11:00:00,87806.82,87923.98,87591.31,87682.23,1984,1800,0
2026-01-29 12:00:00,87682.35,87983.93,87661.16,87962.18,1631,1800,0
2026-01-29 13:00:00,87962.19,88030.83,87801.02,87905.82,1428,1800,0
2026-01-29 14:00:00,87909.63,87931.81,86839.79,86863.7,4619,1800,0
2026-01-29 15:00:00,86864.47,86900.45,84220.0,84796.32,17024,1800,0
2026-01-29 16:00:00,84797.91,85263.61,84121.71,85124.15,9493,1800,0
2026-01-29 17:00:00,85133.57,85501.13,83860.27,84137.6,6614,1800,0
2026-01-29 18:00:00,84141.11,84503.37,83247.64,83336.01,9135,1800,0
2026-01-29 19:00:00,83326.59,84187.64,83223.37,83847.65,5528,1800,0
2026-01-29 20:00:00,83854.39,84234.87,83646.89,84043.04,3665,1800,0
2026-01-29 21:00:00,84047.4,84510.17,84037.21,84381.86,3062,1800,0
2026-01-29 22:00:00,84381.43,84475.98,84159.43,84423.74,1563,1800,0
2026-01-29 23:00:00,84423.02,84605.79,84290.43,84508.59,2102,1800,0
2026-01-30 00:00:00,84505.38,84604.23,84006.45,84050.74,2093,1800,0
2026-01-30 01:00:00,84044.17,84059.28,80935.37,82336.61,16815,1800,0
2026-01-30 02:00:00,82338.41,82422.3,81011.64,82031.52,12252,1800,0
2026-01-30 03:00:00,82030.98,82614.57,81899.6,82547.53,4210,1800,0
2026-01-30 04:00:00,82547.01,83192.15,82539.47,82807.27,3494,1800,0
2026-01-30 05:00:00,82806.11,83208.67,82751.44,82775.72,2576,1800,0
2026-01-30 06:00:00,82774.59,82792.76,81919.52,82463.64,4325,1800,0
2026-01-30 07:00:00,82463.74,82972.33,82319.56,82655.28,4235,1800,0
2026-01-30 08:00:00,82652.6,82829.32,82277.67,82523.79,3740,1800,0
2026-01-30 09:00:00,82524.33,82693.59,82006.36,82218.26,4288,1800,0
2026-01-30 10:00:00,82217.86,82765.16,82023.02,82687.76,3728,1800,0
2026-01-30 11:00:00,82690.25,83173.36,82522.74,83007.17,3133,1800,0
2026-01-30 12:00:00,83008.83,83200.35,82489.76,82642.56,3157,1800,0
2026-01-30 13:00:00,82644.2,82938.22,82257.63,82606.59,4891,1800,0
2026-01-30 14:00:00,82599.39,83682.62,82591.82,82977.17,9417,1800,0
2026-01-30 15:00:00,82980.26,83490.82,82234.56,82757.83,11685,1800,0
2026-01-30 16:00:00,82756.92,83376.52,82416.17,83017.46,8819,1800,0
2026-01-30 17:00:00,83018.62,83353.0,82494.1,82807.63,7968,1800,0
2026-01-30 18:00:00,82805.1,84055.21,81731.29,83795.36,13427,1800,0
2026-01-30 19:00:00,83799.86,84520.91,83774.95,84122.23,9544,1800,0
2026-01-30 20:00:00,84126.74,84166.65,83398.04,83762.62,10249,1800,0
2026-01-30 21:00:00,83766.77,84359.56,83640.89,84119.14,4230,1800,0
2026-01-30 22:00:00,84116.75,84176.88,83758.54,84078.99,2661,1800,0
2026-01-30 23:00:00,84080.32,84163.76,83785.15,84106.76,1921,1800,0
2026-01-31 00:00:00,84107.55,84147.83,83865.51,83936.54,1875,1800,0
2026-01-31 01:00:00,83934.51,84121.73,83748.64,83865.7,1854,1800,0
2026-01-31 02:00:00,83865.59,84035.98,83666.17,83972.19,1894,1800,0
2026-01-31 03:00:00,83973.34,84080.31,83873.36,83875.43,1464,1800,0
2026-01-31 04:00:00,83874.6,83999.17,83778.31,83842.07,1324,1800,0
2026-01-31 05:00:00,83841.98,83957.29,83734.45,83855.29,1448,1800,0
2026-01-31 06:00:00,83853.55,83898.96,83494.16,83623.13,1170,1800,0
2026-01-31 07:00:00,83624.68,83654.63,83243.22,83404.59,2000,1800,0
2026-01-31 08:00:00,83403.05,83484.39,82422.46,82920.33,5747,1800,0
2026-01-31 09:00:00,82923.13,83150.36,82732.46,82973.5,3133,1800,0
2026-01-31 10:00:00,82977.07,83056.6,82767.02,83021.89,2105,1800,0
2026-01-31 11:00:00,83014.69,83014.69,82697.32,82873.99,2186,1800,0
2026-01-31 12:00:00,82871.24,83002.96,82561.84,82629.7,2821,1800,0
2026-01-31 13:00:00,82624.83,82783.82,82337.0,82621.8,3544,1800,0
2026-01-31 14:00:00,82621.92,82794.81,80677.91,81360.17,16361,1800,0
2026-01-31 15:00:00,81356.26,81668.0,80957.66,81179.64,6572,1800,0
2026-01-31 16:00:00,81179.55,82104.11,79955.77,80227.59,16262,1800,0
2026-01-31 17:00:00,80226.94,80424.66,77948.0,78774.54,27756,1800,0
2026-01-31 18:00:00,78773.91,79025.56,75480.52,77928.09,28269,1800,0
2026-01-31 19:00:00,77932.46,78471.65,77073.85,77633.35,13661,1800,0
2026-01-31 20:00:00,77636.05,78026.13,76967.36,77882.71,9677,1800,0
2026-01-31 21:00:00,77878.58,78283.61,77262.76,78200.84,8024,1800,0
2026-01-31 22:00:00,78202.64,78391.34,77869.83,78049.85,4551,1800,0
2026-01-31 23:00:00,78046.59,79139.34,77958.23,78630.76,6996,1800,0
2026-02-01 00:00:00,78654.77,79349.55,78535.91,78817.72,6611,1800,0
2026-02-01 01:00:00,78806.32,78862.88,78189.33,78426.5,5103,1800,0
2026-02-01 02:00:00,78428.82,78974.97,78278.9,78808.68,4379,1800,0
2026-02-01 03:00:00,78804.22,78919.4,78578.55,78780.05,3275,1800,0
2026-02-01 04:00:00,78789.09,79053.81,78630.37,78883.98,2826,1800,0
2026-02-01 05:00:00,78885.11,78922.31,78438.1,78529.42,2701,1800,0
2026-02-01 06:00:00,78528.65,78744.27,78168.13,78217.64,2961,1800,0
2026-02-01 07:00:00,78217.26,78636.76,77872.25,78278.87,4516,1800,0
2026-02-01 08:00:00,78278.75,78789.15,78159.25,78512.79,3476,1800,0
2026-02-01 09:00:00,78516.02,79073.71,78452.49,78957.17,2844,1800,0
2026-02-01 10:00:00,78955.78,79162.39,78060.93,78206.15,4909,1800,0
2026-02-01 11:00:00,78206.4,78817.41,78206.4,78687.67,3161,1800,0
2026-02-01 12:00:00,78681.76,78700.5,78173.39,78389.79,2640,1800,0
2026-02-01 13:00:00,78395.83,78701.91,78120.38,78254.38,3125,1800,0
2026-02-01 14:00:00,78254.72,78453.41,77165.13,78148.36,10140,1800,0
2026-02-01 15:00:00,78150.46,78186.85,76702.94,77534.8,13053,1800,0
2026-02-01 16:00:00,77525.48,77768.66,77015.44,77409.94,9732,1800,0
2026-02-01 17:00:00,77402.51,77678.25,77222.25,77671.43,6011,1800,0
2026-02-01 18:00:00,77673.16,78391.41,77632.95,77942.04,6883,1800,0
2026-02-01 19:00:00,77940.53,78030.99,76906.66,77088.38,4877,1800,0
2026-02-01 20:00:00,77090.18,77666.75,76499.64,77024.77,7323,1800,0
2026-02-01 21:00:00,77025.35,77103.07,76264.28,76447.5,8500,1800,0
2026-02-01 22:00:00,76435.68,77715.83,76361.09,77158.02,8564,1800,0
2026-02-01 23:00:00,77162.16,77557.86,75613.41,76899.0,19560,1800,0
2026-02-02 00:00:00,76898.02,78078.65,76533.28,77597.31,12139,1800,0
2026-02-02 01:00:00,77593.96,77878.95,76532.86,77447.44,12753,1800,0
2026-02-02 02:00:00,77451.98,77493.63,76352.88,76405.47,9784,1800,0
2026-02-02 03:00:00,76406.91,76498.18,74524.98,76214.37,25393,1800,0
2026-02-02 04:00:00,76214.61,76534.72,75238.81,75805.68,11990,1800,0
2026-02-02 05:00:00,75804.48,75913.35,74817.04,75402.37,13346,1800,0
2026-02-02 06:00:00,75402.49,76752.55,74856.77,76455.56,18103,1800,0
2026-02-02 07:00:00,76457.86,76876.0,76225.54,76566.2,10549,1800,0
2026-02-02 08:00:00,76561.27,77107.96,76517.84,76779.84,8650,1800,0
2026-02-02 09:00:00,76786.13,77733.26,76553.57,77630.02,7493,1800,0
2026-02-02 10:00:00,77629.13,77783.25,77373.26,77412.0,4429,1800,0
2026-02-02 11:00:00,77416.09,77891.03,77351.61,77672.9,4304,1800,0
2026-02-02 12:00:00,77676.15,78352.7,77620.92,77924.72,5244,1800,0
2026-02-02 13:00:00,77923.7,78429.64,77721.33,78137.54,5189,1800,0
2026-02-02 14:00:00,78142.3,78815.62,77543.68,77781.04,15019,1800,0
2026-02-02 15:00:00,77789.05,79317.84,77496.95,78816.17,15855,1800,0
2026-02-02 16:00:00,78813.11,79266.65,78521.61,78577.89,8742,1800,0
2026-02-02 17:00:00,78575.34,79176.67,78541.7,78939.78,6255,1800,0
2026-02-02 18:00:00,78939.24,78943.38,78304.43,78508.86,5355,1800,0
2026-02-02 19:00:00,78503.84,78637.32,78211.45,78281.39,4797,1800,0
2026-02-02 20:00:00,78278.84,78615.09,77812.62,77937.73,6092,1800,0
2026-02-02 21:00:00,77947.4,78494.71,77844.96,78456.43,3561,1800,0
2026-02-02 22:00:00,78457.62,78794.23,78450.85,78730.18,2431,1800,0
2026-02-02 23:00:00,78731.5,78911.0,78493.75,78664.72,3257,1800,0
2026-02-03 00:00:00,78662.85,79042.63,78337.42,78989.93,3958,1800,0
2026-02-03 01:00:00,78993.56,79132.94,78640.38,78948.53,4345,1800,0
2026-02-03 02:00:00,78948.41,78948.41,77711.73,77731.22,4759,1800,0
2026-02-03 03:00:00,77734.84,78840.78,77571.41,78679.81,5859,1800,0
2026-02-03 04:00:00,78673.78,78926.53,78395.79,78727.63,3375,1800,0
2026-02-03 05:00:00,78726.93,78740.13,78147.34,78168.57,3225,1800,0
2026-02-03 06:00:00,78167.87,78601.72,77871.62,78523.56,3991,1800,0
2026-02-03 07:00:00,78523.72,78873.29,78409.79,78711.28,4066,1800,0
2026-02-03 08:00:00,78713.04,79021.16,78386.59,78682.19,4247,1800,0
2026-02-03 09:00:00,78682.32,78778.59,77861.81,78313.49,5592,1800,0
2026-02-03 10:00:00,78313.63,78486.83,77981.78,78047.7,3457,1800,0
2026-02-03 11:00:00,78048.79,78281.65,77919.51,78004.02,3325,1800,0
2026-02-03 12:00:00,78003.26,78342.0,77901.1,78255.0,3373,1800,0
2026-02-03 13:00:00,78255.67,78387.03,78099.13,78219.71,3270,1800,0
2026-02-03 14:00:00,78217.46,78355.67,77093.57,77140.19,11441,1800,0
2026-02-03 15:00:00,77138.72,78151.68,76966.77,78059.27,15997,1800,0
2026-02-03 16:00:00,78060.6,78067.91,76395.67,76418.48,11777,1800,0
2026-02-03 17:00:00,76424.46,76456.53,74782.16,74814.39,12697,1800,0
2026-02-03 18:00:00,74818.96,75215.16,73049.9,73060.63,17799,1800,0
2026-02-03 19:00:00,73050.82,75175.01,72845.86,74830.98,18534,1800,0
2026-02-03 20:00:00,74829.27,76638.41,74488.36,76375.27,13966,1800,0
2026-02-03 21:00:00,76371.68,76872.46,76008.82,76142.83,6597,1800,0
2026-02-03 22:00:00,76142.91,76212.43,75306.57,75603.69,5730,1800,0
2026-02-03 23:00:00,75601.02,75911.0,75321.92,75658.95,5545,1800,0
2026-02-04 00:00:00,75658.69,76171.98,75350.93,75812.58,5000,1800,0
2026-02-04 01:00:00,75816.13,76683.97,75816.13,76310.38,5684,1800,0
2026-02-04 02:00:00,76312.06,76509.51,75602.81,75848.26,4833,1800,0
2026-02-04 03:00:00,75848.42,76893.35,75795.15,76603.02,4292,1800,0
2026-02-04 04:00:00,76603.45,76744.88,76313.78,76386.82,2614,1800,0
2026-02-04 05:00:00,76391.33,76440.85,76009.74,76192.06,2697,1800,0
2026-02-04 06:00:00,76190.48,76697.03,76159.64,76550.22,2679,1800,0
2026-02-04 07:00:00,76544.28,76566.04,76232.36,76407.8,3091,1800,0
2026-02-04 08:00:00,76410.5,76495.0,75968.73,76476.54,4026,1800,0
2026-02-04 09:00:00,76474.88,76502.21,75843.75,76011.54,3698,1800,0
2026-02-04 10:00:00,76016.18,76232.38,75943.2,76191.37,3197,1800,0
2026-02-04 11:00:00,76189.99,76189.99,75546.49,75910.29,4741,1800,0
2026-02-04 12:00:00,75910.32,76163.56,75885.3,76070.11,3419,1800,0
2026-02-04 13:00:00,76063.63,76082.93,74739.88,74750.51,5644,1800,0
2026-02-04 14:00:00,74749.62,75688.2,74138.28,74251.85,15661,1800,0
2026-02-04 15:00:00,74256.93,75215.34,73678.66,74016.77,23687,1800,0
2026-02-04 16:00:00,74019.33,74128.08,72947.26,73506.75,17596,1800,0
2026-02-04 17:00:00,73505.18,73728.44,71984.03,72423.77,18765,1800,0
2026-02-04 18:00:00,72423.65,73980.03,72101.83,73277.56,18336,1800,0
2026-02-04 19:00:00,73281.6,73869.73,72876.74,73769.54,11488,1800,0
2026-02-04 20:00:00,73767.4,73999.52,73246.68,73348.73,6640,1800,0
2026-02-04 21:00:00,73345.89,73489.38,72010.74,72630.86,7241,1800,0
2026-02-04 22:00:00,72636.38,73509.27,71695.75,72369.98,9790,1800,0
2026-02-04 23:00:00,72367.7,73367.17,72287.15,73000.81,8080,1800,0
2026-02-05 00:00:00,72998.18,73145.08,72572.49,72705.77,5690,1800,0
2026-02-05 01:00:00,72708.61,73180.92,71821.15,72241.28,12275,1800,0
2026-02-05 02:00:00,72243.74,72690.6,71141.26,71314.33,14875,1800,0
2026-02-05 03:00:00,71310.57,71722.07,71013.81,71087.48,12381,1800,0
2026-02-05 04:00:00,71088.72,71305.97,70565.61,70730.23,12489,1800,0
2026-02-05 05:00:00,70745.33,71007.31,69982.83,70583.87,11675,1800,0
2026-02-05 06:00:00,70585.91,70841.89,70273.78,70807.85,8744,1800,0
2026-02-05 07:00:00,70805.03,71495.89,70477.58,70593.79,8527,1800,0
2026-02-05 08:00:00,70596.48,71391.57,70509.48,70908.48,7668,1800,0
2026-02-05 09:00:00,70909.51,71847.81,70886.82,71432.75,7629,1800,0
2026-02-05 10:00:00,71433.93,71597.67,70506.98,70721.94,5833,1800,0
2026-02-05 11:00:00,70716.6,70923.87,69790.86,70186.53,11777,1800,0
2026-02-05 12:00:00,70188.03,70481.05,69029.71,69440.38,15400,1800,0
2026-02-05 13:00:00,69439.99,69697.56,69117.19,69546.12,10534,1800,0
2026-02-05 14:00:00,69546.95,70760.14,69155.68,69285.7,22129,1800,0
2026-02-05 15:00:00,69282.16,69492.19,66552.19,67367.56,39074,1800,0
2026-02-05 16:00:00,67371.75,68555.75,66817.71,68168.46,24531,1800,0
2026-02-05 17:00:00,68170.91,68250.41,66020.39,66052.97,25790,1800,0
2026-02-05 18:00:00,66052.83,66416.67,65243.54,66197.27,22467,1800,0
2026-02-05 19:00:00,66193.9,66500.74,65042.5,65123.51,18712,1800,0
2026-02-05 20:00:00,65126.12,65564.96,62111.7,63638.89,41454,1800,0
2026-02-05 21:00:00,63618.5,64645.89,62747.09,63080.34,33705,1800,0
2026-02-05 22:00:00,63081.21,64488.3,62555.3,63789.94,22281,1800,0
2026-02-05 23:00:00,63774.43,64776.61,62582.21,62790.83,17317,1800,0
2026-02-06 00:00:00,62791.15,63751.74,59779.75,63401.0,61895,1800,0
2026-02-06 01:00:00,63397.43,65675.32,63397.43,65619.94,27111,1800,0
2026-02-06 02:00:00,65624.92,65930.31,64113.9,64913.48,17774,1800,0
2026-02-06 03:00:00,64915.29,65088.41,63677.38,64081.59,13720,1800,0
2026-02-06 04:00:00,64077.13,64932.23,63875.14,64828.71,9218,1800,0
2026-02-06 05:00:00,64827.84,66726.92,64716.26,66311.08,12232,1800,0
2026-02-06 06:00:00,66307.73,66701.21,64780.44,64893.69,12285,1800,0
2026-02-06 07:00:00,64892.83,65469.02,64555.59,64767.68,10421,1800,0
2026-02-06 08:00:00,64764.23,65125.96,64390.81,64803.63,11489,1800,0
2026-02-06 09:00:00,64805.6,66077.64,64671.06,65710.13,10078,1800,0
2026-02-06 10:00:00,65712.74,66149.5,65446.01,65883.89,7887,1800,0
2026-02-06 11:00:00,65879.54,66701.42,65675.27,66537.83,6471,1800,0
2026-02-06 12:00:00,66534.84,66539.97,66016.19,66471.49,6426,1800,0
2026-02-06 13:00:00,66474.46,67624.79,66394.02,67251.38,12188,1800,0
2026-02-06 14:00:00,67255.78,68592.37,66556.58,68161.39,20874,1800,0
2026-02-06 15:00:00,68170.04,69157.39,67729.35,68605.68,22690,1800,0
2026-02-06 16:00:00,68603.32,70196.49,68386.27,69918.96,16413,1800,0
2026-02-06 17:00:00,69912.54,71462.71,69545.18,70704.9,15674,1800,0
2026-02-06 18:00:00,70695.39,70770.35,69282.79,69712.3,15040,1800,0
2026-02-06 19:00:00,69714.6,70883.54,69576.06,70657.01,9163,1800,0
2026-02-06 20:00:00,70659.44,70945.87,69929.72,69937.13,9816,1800,0
2026-02-06 21:00:00,69943.06,70464.62,69775.39,70306.17,6265,1800,0
2026-02-06 22:00:00,70308.84,71518.54,70217.28,71287.4,7945,1800,0
2026-02-06 23:00:00,71283.76,71689.21,70438.57,70521.16,7134,1800,0
2026-02-07 00:00:00,70521.24,70548.47,69660.03,69909.76,10127,1800,0
2026-02-07 01:00:00,69909.86,70639.17,69687.35,70432.93,5567,1800,0
2026-02-07 02:00:00,70434.77,70586.62,70094.91,70305.58,4659,1800,0
2026-02-07 03:00:00,70303.84,70896.04,70228.56,70878.42,5287,1800,0
2026-02-07 04:00:00,70880.7,71657.79,70550.07,70715.94,8410,1800,0
2026-02-07 05:00:00,70713.4,71140.93,69907.61,70124.31,6407,1800,0
2026-02-07 06:00:00,70116.81,70271.28,68713.78,68749.95,7649,1800,0
2026-02-07 07:00:00,68756.71,69058.64,67272.91,68043.32,20452,1800,0
2026-02-07 08:00:00,68049.91,68780.37,67709.64,68463.22,8819,1800,0
2026-02-07 09:00:00,68471.18,68738.84,67840.41,68089.47,6082,1800,0
2026-02-07 10:00:00,68086.71,68267.15,67539.01,67948.78,5394,1800,0
2026-02-07 11:00:00,67948.39,68128.85,67639.97,67927.05,4570,1800,0
2026-02-07 12:00:00,67920.09,69946.01,67845.94,68957.89,15463,1800,0
2026-02-07 13:00:00,68956.52,69309.62,68747.74,69024.82,6096,1800,0
2026-02-07 14:00:00,69022.52,69123.24,68245.1,68583.73,6718,1800,0
2026-02-07 15:00:00,68572.34,69714.07,68475.29,69084.75,8815,1800,0
2026-02-07 16:00:00,69091.64,69851.89,68768.38,68891.37,20592,1800,0
2026-02-07 17:00:00,68906.84,69380.52,68482.19,69145.11,5609,1800,0
2026-02-07 18:00:00,69138.06,69649.88,68940.84,69447.09,5049,1800,0
2026-02-07 19:00:00,69458.67,69529.26,69203.26,69328.0,3309,1800,0
2026-02-07 20:00:00,69305.93,69683.01,69190.28,69575.6,2971,1800,0
2026-02-07 21:00:00,69575.96,69651.17,69300.14,69462.11,2940,1800,0
2026-02-07 22:00:00,69447.55,69652.15,69271.84,69360.49,2417,1800,0
2026-02-07 23:00:00,69364.85,69428.64,68721.3,69240.03,4447,1800,0
2026-02-08 00:00:00,69242.02,69386.31,68833.27,69073.6,3844,1800,0
2026-02-08 01:00:00,69073.32,69466.02,69031.25,69324.8,3543,1800,0
2026-02-08 02:00:00,69329.56,69655.16,69090.97,69313.33,3636,1800,0
2026-02-08 03:00:00,69313.49,69397.5,69001.75,69052.95,2797,1800,0
2026-02-08 04:00:00,69051.96,69310.66,68906.04,69278.71,2682,1800,0
2026-02-08 05:00:00,69282.75,69374.82,69082.66,69168.81,2141,1800,0
2026-02-08 06:00:00,69168.01,69367.59,69035.23,69303.21,2449,1800,0
2026-02-08 07:00:00,69309.83,69662.94,69157.25,69637.9,2849,1800,0
2026-02-08 08:00:00,69638.92,70736.35,69449.28,70585.62,7874,1800,0
2026-02-08 09:00:00,70588.23,70641.36,70025.84,70040.04,5221,1800,0
2026-02-08 10:00:00,70043.02,70393.34,69814.13,70202.61,4731,1800,0
2026-02-08 11:00:00,70198.69,71160.8,70151.23,70931.45,6128,1800,0
2026-02-08 12:00:00,70923.98,71236.32,70639.28,71169.1,4729,1800,0
2026-02-08 13:00:00,71167.79,71474.61,70899.2,71451.61,4979,1800,0
2026-02-08 14:00:00,71453.95,71514.19,71025.1,71208.2,4203,1800,0
2026-02-08 15:00:00,71194.47,71414.92,70728.1,71131.49,6191,1800,0
2026-02-08 16:00:00,71119.58,71205.47,70191.0,70376.99,6369,1800,0
2026-02-08 17:00:00,70374.69,70824.42,70353.74,70730.07,4758,1800,0
2026-02-08 18:00:00,70735.37,71357.9,70681.47,71083.68,4786,1800,0
2026-02-08 19:00:00,71082.19,71474.93,71082.19,71376.33,3290,1800,0
2026-02-08 20:00:00,71371.48,71374.97,70643.23,70785.5,3734,1800,0
2026-02-08 21:00:00,70794.68,71099.17,70489.59,70643.89,3445,1800,0
2026-02-08 22:00:00,70646.72,71066.47,70592.41,71022.77,3186,1800,0
2026-02-08 23:00:00,71011.61,72255.4,69919.77,70273.12,16526,1800,0
2026-02-09 00:00:00,70267.85,70726.52,70050.64,70440.7,7849,1800,0
2026-02-09 01:00:00,70437.71,70875.57,69996.25,70321.99,9142,1800,0
2026-02-09 02:00:00,70312.93,70962.28,70159.99,70579.42,6449,1800,0
2026-02-09 03:00:00,70580.33,71390.51,70556.05,71234.4,5687,1800,0
2026-02-09 04:00:00,71228.39,71288.04,70841.94,70940.83,4003,1800,0
2026-02-09 05:00:00,70934.94,71056.41,70734.2,70979.27,3298,1800,0
2026-02-09 06:00:00,70979.81,70983.13,70226.4,70595.89,4548,1800,0
2026-02-09 07:00:00,70590.62,70850.78,70285.6,70370.41,3814,1800,0
2026-02-09 08:00:00,70369.55,70555.88,69342.73,69806.49,7096,1800,0
2026-02-09 09:00:00,69802.85,70060.57,69399.73,69572.39,4627,1800,0
2026-02-09 10:00:00,69573.29,69666.82,68341.72,68661.93,9018,1800,0
2026-02-09 11:00:00,68662.24,68957.12,68508.84,68861.12,4973,1800,0
2026-02-09 12:00:00,68865.25,69187.73,68791.0,69079.28,4268,1800,0
2026-02-09 13:00:00,69073.84,69246.01,68519.18,68529.94,4760,1800,0
2026-02-09 14:00:00,68539.29,69710.54,68227.8,69215.98,17194,1800,0
2026-02-09 15:00:00,69218.59,69828.9,68763.39,69528.05,11998,1800,0
2026-02-09 16:00:00,69523.23,70383.46,69034.22,70045.74,10568,1800,0
2026-02-09 17:00:00,70038.48,71004.02,69812.98,70562.83,9128,1800,0
2026-02-09 18:00:00,70566.11,70975.42,70032.46,70365.62,8327,1800,0
2026-02-09 19:00:00,70364.84,71042.55,70206.68,70913.96,5727,1800,0
2026-02-09 20:00:00,70912.66,71094.81,70442.62,70695.72,5651,1800,0
2026-02-09 21:00:00,70700.1,70778.4,69769.41,70359.38,4645,1800,0
2026-02-09 22:00:00,70354.57,70676.12,70223.78,70322.68,3550,1800,0
2026-02-09 23:00:00,70321.91,70532.48,70030.93,70105.74,3076,1800,0
2026-02-10 00:00:00,70105.97,70216.78,69689.99,69779.02,3517,1800,0
2026-02-10 01:00:00,69782.52,70502.98,69775.27,70446.55,4263,1800,0
2026-02-10 02:00:00,70447.0,70447.0,69936.99,70055.94,3321,1800,0
2026-02-10 03:00:00,70067.47,70133.19,69148.88,69460.9,5446,1800,0
2026-02-10 04:00:00,69460.06,69869.19,69408.64,69782.85,3073,1800,0
2026-02-10 05:00:00,69789.16,69818.91,69158.71,69406.26,3808,1800,0
2026-02-10 06:00:00,69409.68,69454.77,68621.48,68867.68,5638,1800,0
2026-02-10 07:00:00,68872.82,69150.24,68796.84,68864.08,3806,1800,0
2026-02-10 08:00:00,68865.6,69170.19,68648.99,69064.63,3863,1800,0
2026-02-10 09:00:00,69062.25,69350.84,68880.01,69087.15,3340,1800,0
2026-02-10 10:00:00,69087.56,69202.89,68841.06,68854.9,2575,1800,0
2026-02-10 11:00:00,68861.42,69019.79,68383.34,68458.46,3805,1800,0
2026-02-10 12:00:00,68458.93,68798.04,68344.34,68545.61,3989,1800,0
2026-02-10 13:00:00,68544.53,69085.79,68289.68,68955.0,5515,1800,0
2026-02-10 14:00:00,68957.97,69542.85,67849.22,68400.2,14821,1800,0
2026-02-10 15:00:00,68390.43,69477.88,68229.31,69242.75,14234,1800,0
2026-02-10 16:00:00,69239.4,69781.31,68889.22,69479.54,9623,1800,0
2026-02-10 17:00:00,69483.46,69964.08,69260.48,69888.03,6603,1800,0
2026-02-10 18:00:00,69898.29,69909.48,68552.69,68843.79,8255,1800,0
2026-02-10 19:00:00,68849.5,69272.25,68649.15,69019.76,5943,1800,0
2026-02-10 20:00:00,69023.04,69101.63,68576.54,68718.34,4843,1800,0
2026-02-10 21:00:00,68710.43,68969.82,68296.9,68598.68,3840,1800,0
2026-02-10 22:00:00,68602.58,68810.43,68508.07,68642.67,2827,1800,0
2026-02-10 23:00:00,68636.81,68821.73,68445.92,68794.25,2580,1800,0
2026-02-11 00:00:00,68795.48,69194.46,68726.15,69132.86,3054,1800,0
2026-02-11 01:00:00,69134.64,69248.48,68852.41,68939.35,2819,1800,0
2026-02-11 02:00:00,68940.12,69123.29,68559.29,68635.49,3270,1800,0
2026-02-11 03:00:00,68636.55,68706.32,67951.63,68139.28,5008,1800,0
2026-02-11 04:00:00,68130.1,68278.96,67309.5,67532.88,7900,1800,0
2026-02-11 05:00:00,67536.32,67777.61,67342.61,67351.26,4442,1800,0
2026-02-11 06:00:00,67356.12,67447.97,66495.89,66724.03,8081,1800,0
2026-02-11 07:00:00,66753.29,67213.34,66592.95,66983.06,5061,1800,0
2026-02-11 08:00:00,66980.36,67088.99,66743.61,66936.23,4308,1800,0
2026-02-11 09:00:00,66940.06,67073.22,66678.62,66835.44,3621,1800,0
2026-02-11 10:00:00,66842.25,66855.87,66330.29,66503.96,4805,1800,0
2026-02-11 11:00:00,66504.87,67084.15,66473.42,67021.63,4428,1800,0
2026-02-11 12:00:00,67015.09,67397.22,66919.36,67099.79,4396,1800,0
2026-02-11 13:00:00,67110.75,67645.1,66759.31,67429.05,8959,1800,0
2026-02-11 14:00:00,67418.25,68811.13,66384.94,66541.08,21410,1800,0
2026-02-11 15:00:00,66549.51,66783.09,65703.64,66480.63,21800,1800,0
2026-02-11 16:00:00,66477.75,67248.97,65894.02,65992.11,12743,1800,0
2026-02-11 17:00:00,65990.53,66876.69,65817.41,66462.06,9890,1800,0
2026-02-11 18:00:00,66466.46,67265.37,66084.43,67233.88,8661,1800,0
2026-02-11 19:00:00,67225.13,67812.45,67056.57,67532.04,7983,1800,0
2026-02-11 20:00:00,67530.23,67703.02,67112.38,67506.75,5678,1800,0
2026-02-11 21:00:00,67509.65,68296.23,67350.86,67751.21,5561,1800,0
2026-02-11 22:00:00,67755.9,67818.18,67314.79,67364.4,3914,1800,0
2026-02-11 23:00:00,67373.44,67507.69,66723.6,67016.61,4663,1800,0
2026-02-12 00:00:00,67025.04,67660.82,66988.71,67399.13,4115,1800,0
2026-02-12 01:00:00,67401.23,67996.73,67399.56,67643.62,4866,1800,0
2026-02-12 02:00:00,67645.71,67750.24,67340.15,67389.02,4130,1800,0
2026-02-12 03:00:00,67388.06,67544.87,67243.26,67523.46,3138,1800,0
2026-02-12 04:00:00,67525.11,67635.73,66937.88,66961.18,3978,1800,0
2026-02-12 05:00:00,66960.26,67156.52,66603.48,67089.26,4473,1800,0
2026-02-12 06:00:00,67082.2,67304.19,66945.95,67071.76,3420,1800,0
2026-02-12 07:00:00,67077.65,67270.69,66868.14,67158.11,3074,1800,0
2026-02-12 08:00:00,67153.36,67296.2,66840.55,67075.72,3394,1800,0
2026-02-12 09:00:00,67080.63,67674.97,66990.57,67490.91,3634,1800,0
2026-02-12 10:00:00,67490.8,67978.5,67364.39,67957.11,3781,1800,0
2026-02-12 11:00:00,67951.41,68254.29,67691.55,68021.01,4846,1800,0
2026-02-12 12:00:00,68018.46,68113.79,67668.44,67830.37,3822,1800,0
2026-02-12 13:00:00,67831.51,68363.88,67627.11,68328.31,5239,1800,0
2026-02-12 14:00:00,68328.28,68384.32,67434.44,67522.46,10940,1800,0
2026-02-12 15:00:00,67525.28,67975.21,66955.61,67084.37,14555,1800,0
2026-02-12 16:00:00,67091.66,67205.45,65490.42,65817.2,20297,1800,0
2026-02-12 17:00:00,65810.54,66212.49,65293.66,65358.76,12316,1800,0
2026-02-12 18:00:00,65361.89,65744.83,65059.73,65536.42,10696,1800,0
2026-02-12 19:00:00,65540.73,66068.31,65203.68,65742.25,7540,1800,0
2026-02-12 20:00:00,65744.19,65985.96,65140.84,65375.36,6940,1800,0
2026-02-12 21:00:00,65379.43,65847.24,65374.44,65786.18,3949,1800,0
2026-02-12 22:00:00,65781.64,66348.96,65564.45,66219.05,3380,1800,0
2026-02-12 23:00:00,66219.46,66427.51,66088.56,66213.8,4027,1800,0
2026-02-13 00:00:00,66213.74,66467.0,65794.59,65842.31,4133,1800,0
2026-02-13 01:00:00,65846.37,66566.07,65846.37,66390.31,4246,1800,0
2026-02-13 02:00:00,66390.35,66712.1,66310.1,66598.84,3417,1800,0
2026-02-13 03:00:00,66606.74,66759.63,66397.79,66499.44,3433,1800,0
2026-02-13 04:00:00,66490.65,66625.58,66245.91,66282.21,3124,1800,0
2026-02-13 05:00:00,66282.39,66452.15,66117.43,66124.67,3012,1800,0
2026-02-13 06:00:00,66121.05,66340.75,65943.42,66309.79,3196,1800,0
2026-02-13 07:00:00,66308.32,66524.59,65978.04,66141.75,3665,1800,0
2026-02-13 08:00:00,66141.93,66687.7,66114.19,66643.48,4010,1800,0
2026-02-13 09:00:00,66628.4,67020.73,66545.13,66890.45,3888,1800,0
2026-02-13 10:00:00,66890.55,67065.78,66730.34,66913.03,3794,1800,0
2026-02-13 11:00:00,66923.72,67177.77,66730.41,67113.52,3841,1800,0
2026-02-13 12:00:00,67112.7,67161.46,66865.98,67024.67,3365,1800,0
2026-02-13 13:00:00,67021.39,67569.42,66877.72,67215.37,7913,1800,0
2026-02-13 14:00:00,67215.27,67985.78,66804.74,67686.88,14136,1800,0
2026-02-13 15:00:00,67689.27,69277.61,67640.42,68637.48,18511,1800,0
2026-02-13 16:00:00,68639.99,69442.5,68486.07,68919.9,11102,1800,0
2026-02-13 17:00:00,68919.83,69209.8,68570.39,68992.14,7400,1800,0
2026-02-13 18:00:00,68990.41,69370.53,68838.73,69090.99,6373,1800,0
2026-02-13 19:00:00,69089.22,69196.29,68865.75,68891.26,4550,1800,0
2026-02-13 20:00:00,68903.78,68928.22,68633.7,68735.24,5129,1800,0
2026-02-13 21:00:00,68733.2,69052.3,68686.77,68838.34,2756,1800,0
2026-02-13 22:00:00,68838.45,68963.77,68671.28,68942.86,2552,1800,0
2026-02-13 23:00:00,68945.8,68976.75,68774.44,68806.85,2152,1800,0
2026-02-14 00:00:00,68816.48,69112.09,68710.81,69052.41,2290,1800,0
2026-02-14 01:00:00,69049.75,69078.39,68872.66,68923.04,2007,1800,0
2026-02-14 02:00:00,68922.2,68967.93,68792.96,68832.97,1650,1800,0
2026-02-14 03:00:00,68836.65,68991.7,68807.44,68936.6,1397,1800,0
2026-02-14 04:00:00,68929.87,68956.09,68737.05,68764.1,1381,1800,0
2026-02-14 05:00:00,68763.83,68873.56,68699.74,68742.1,1445,1800,0
2026-02-14 06:00:00,68743.29,68898.19,68683.27,68884.2,1445,1800,0
2026-02-14 07:00:00,68884.28,69301.64,68838.95,69177.31,2134,1800,0
2026-02-14 08:00:00,69170.92,69832.74,69164.21,69696.0,4627,1800,0
2026-02-14 09:00:00,69698.26,69869.03,69521.43,69668.87,2589,1800,0
2026-02-14 10:00:00,69665.81,69668.48,69533.94,69621.5,1729,1800,0
2026-02-14 11:00:00,69630.03,70553.64,69620.53,70449.99,5577,1800,0
2026-02-14 12:00:00,70446.15,70489.67,69537.45,69608.06,4570,1800,0
2026-02-14 13:00:00,69605.54,69741.47,69164.3,69433.18,5117,1800,0
2026-02-14 14:00:00,69432.37,69840.38,69302.29,69689.9,3462,1800,0
2026-02-14 15:00:00,69690.61,70022.47,69531.15,69767.59,3588,1800,0
2026-02-14 16:00:00,69764.5,69794.13,69254.45,69719.19,4380,1800,0
2026-02-14 17:00:00,69719.62,69898.92,69568.98,69700.79,3118,1800,0
2026-02-14 18:00:00,69698.66,69824.7,69635.49,69740.98,2137,1800,0
2026-02-14 19:00:00,69736.94,69896.72,69567.94,69846.47,2398,1800,0
2026-02-14 20:00:00,69837.99,69992.72,69669.24,69975.25,2257,1800,0
2026-02-14 21:00:00,69966.87,70225.5,69618.57,69892.84,2988,1800,0
2026-02-14 22:00:00,69891.39,70060.1,69721.63,69930.62,2550,1800,0
2026-02-14 23:00:00,69927.61,69982.05,69670.1,69792.63,2442,1800,0
2026-02-15 00:00:00,69793.24,69822.26,69547.52,69726.54,2476,1800,0
2026-02-15 01:00:00,69722.97,69870.16,69307.22,69659.44,3358,1800,0
2026-02-15 02:00:00,69656.63,69721.54,69307.74,69434.12,2920,1800,0
2026-02-15 03:00:00,69447.03,69959.49,69199.18,69925.45,3732,1800,0
2026-02-15 04:00:00,69928.28,70494.26,69914.91,70148.85,4375,1800,0
2026-02-15 05:00:00,70148.98,70454.49,70097.69,70243.55,2360,1800,0
2026-02-15 06:00:00,70236.95,70520.3,70140.82,70366.48,2414,1800,0
2026-02-15 07:00:00,70355.62,70897.71,70298.19,70785.7,3618,1800,0
2026-02-15 08:00:00,70779.85,70937.11,70123.94,70402.46,4421,1800,0
2026-02-15 09:00:00,70398.42,70625.92,70321.72,70385.17,2542,1800,0
2026-02-15 10:00:00,70382.21,70481.61,70173.16,70387.55,2766,1800,0
2026-02-15 11:00:00,70391.73,70520.72,70221.66,70257.92,1809,1800,0
2026-02-15 12:00:00,70255.32,70391.35,69255.79,69265.81,4915,1800,0
2026-02-15 13:00:00,69268.78,69586.88,68728.53,68895.06,6846,1800,0
2026-02-15 14:00:00,68893.72,69184.01,68794.1,69131.61,4346,1800,0
2026-02-15 15:00:00,69126.87,69231.37,68843.14,69057.83,3244,1800,0
2026-02-15 16:00:00,69055.19,69066.41,68741.51,68962.72,2879,1800,0
2026-02-15 17:00:00,68976.96,69053.01,68140.68,68593.42,5462,1800,0
2026-02-15 18:00:00,68590.07,68758.6,68309.63,68405.43,5022,1800,0
2026-02-15 19:00:00,68405.27,68511.21,68027.23,68241.0,4873,1800,0
2026-02-15 20:00:00,68241.42,68520.74,68071.02,68405.97,2613,1800,0
2026-02-15 21:00:00,68410.57,68926.71,68410.57,68783.86,2733,1800,0
2026-02-15 22:00:00,68784.94,69043.31,68731.7,68959.48,2595,1800,0
2026-02-15 23:00:00,68955.55,68955.55,68281.44,68788.0,4443,1800,0
2026-02-16 00:00:00,68786.12,69027.04,68641.9,68808.75,3348,1800,0
2026-02-16 01:00:00,68807.75,68998.8,68400.66,68583.65,3131,1800,0
2026-02-16 02:00:00,68581.99,68701.27,68198.38,68293.22,3301,1800,0
2026-02-16 03:00:00,68297.06,68432.83,68107.09,68382.82,2529,1800,0
2026-02-16 04:00:00,68388.14,68855.42,68367.87,68816.03,2539,1800,0
2026-02-16 05:00:00,68819.37,68848.29,68250.16,68347.99,2375,1800,0
2026-02-16 06:00:00,68343.93,68498.38,68177.2,68403.54,1909,1800,0
2026-02-16 07:00:00,68404.53,68632.19,68328.62,68532.71,2358,1800,0
2026-02-16 08:00:00,68533.71,68753.69,68488.92,68717.95,2260,1800,0
2026-02-16 09:00:00,68721.43,69027.93,68690.78,68946.86,2733,1800,0
2026-02-16 10:00:00,68944.87,68944.87,68644.29,68756.77,2216,1800,0
2026-02-16 11:00:00,68761.28,68881.25,68297.24,68755.05,3375,1800,0
2026-02-16 12:00:00,68751.11,69813.96,68748.41,69725.0,6847,1800,0
2026-02-16 13:00:00,69711.74,70099.81,68178.04,68363.83,11268,1800,0
2026-02-16 14:00:00,68349.78,68686.47,68209.88,68384.15,6663,1800,0
2026-02-16 15:00:00,68384.28,68566.07,67236.47,67505.24,10202,1800,0
2026-02-16 16:00:00,67506.36,67944.16,67460.07,67845.04,5662,1800,0
2026-02-16 17:00:00,67835.33,68032.76,67537.7,67898.53,3770,1800,0
2026-02-16 18:00:00,67902.76,68209.15,67778.64,67820.91,2717,1800,0
2026-02-16 19:00:00,67824.6,68094.69,67767.26,67883.69,2092,1800,0
2026-02-16 20:00:00,67881.07,68524.55,67769.31,68478.74,2724,1800,0
2026-02-16 21:00:00,68479.26,68898.61,68373.85,68808.28,3051,1800,0
2026-02-16 22:00:00,68810.45,68855.38,68449.52,68556.15,3024,1800,0
2026-02-16 23:00:00,68554.02,68951.63,68493.22,68845.39,2773,1800,0
2026-02-17 00:00:00,68845.73,69005.92,68651.47,68837.69,3295,1800,0
2026-02-17 01:00:00,68840.49,68973.04,68527.82,68574.61,3083,1800,0
2026-02-17 02:00:00,68574.66,69210.29,68332.52,68796.01,4818,1800,0
2026-02-17 03:00:00,68794.57,68833.17,68425.5,68436.8,3095,1800,0
2026-02-17 04:00:00,68436.07,68668.13,68232.76,68430.99,2654,1800,0
2026-02-17 05:00:00,68438.28,68477.86,67843.2,68201.8,3845,1800,0
2026-02-17 06:00:00,68201.36,68491.22,68186.32,68354.93,2341,1800,0
2026-02-17 07:00:00,68353.39,68442.13,68116.31,68351.15,2476,1800,0
2026-02-17 08:00:00,68356.93,68444.76,68074.06,68132.83,2510,1800,0
2026-02-17 09:00:00,68132.92,68270.93,67934.82,68081.67,2695,1800,0
2026-02-17 10:00:00,68081.54,68158.94,67635.08,67808.84,3282,1800,0
2026-02-17 11:00:00,67800.74,67893.73,67633.62,67805.82,2538,1800,0
2026-02-17 12:00:00,67806.84,68254.16,67770.14,67883.46,3031,1800,0
2026-02-17 13:00:00,67883.57,68341.0,67681.63,68089.84,4702,1800,0
2026-02-17 14:00:00,68099.62,68296.88,66651.4,66830.15,12060,1800,0
2026-02-17 15:00:00,66829.3,67366.09,66558.86,67349.33,11529,1800,0
2026-02-17 16:00:00,67350.03,68125.26,67270.95,67487.49,10366,1800,0
2026-02-17 17:00:00,67489.47,67689.69,66834.17,67202.52,7936,1800,0
2026-02-17 18:00:00,67201.04,68204.24,67072.15,68041.91,6502,1800,0
2026-02-17 19:00:00,68042.39,68200.26,67685.47,67758.03,5052,1800,0
2026-02-17 20:00:00,67758.08,67889.94,67421.3,67695.11,4537,1800,0
2026-02-17 21:00:00,67697.59,67897.48,67484.89,67627.84,2505,1800,0
2026-02-17 22:00:00,67623.1,67748.53,67455.85,67493.14,1824,1800,0
2026-02-17 23:00:00,67491.47,67576.19,67332.18,67469.56,2398,1800,0
2026-02-18 00:00:00,67468.75,67593.15,67235.92,67235.98,2571,1800,0
2026-02-18 01:00:00,67245.11,67337.78,66838.27,67126.46,3320,1800,0
2026-02-18 02:00:00,67127.79,67386.58,67097.33,67282.96,2437,1800,0
2026-02-18 03:00:00,67283.04,67658.28,67277.32,67582.98,2308,1800,0
2026-02-18 04:00:00,67584.83,67866.2,67446.02,67782.16,2210,1800,0
2026-02-18 05:00:00,67784.55,67901.74,67551.29,67603.37,2262,1800,0
2026-02-18 06:00:00,67601.92,67943.13,67564.28,67808.67,2088,1800,0
2026-02-18 07:00:00,67803.81,68193.07,67650.16,68067.7,2510,1800,0
2026-02-18 08:00:00,68078.34,68438.66,68013.99,68090.0,3345,1800,0
2026-02-18 09:00:00,68091.83,68239.49,67961.34,68113.86,2147,1800,0
2026-02-18 10:00:00,68114.45,68148.0,67682.03,67759.3,2394,1800,0
2026-02-18 11:00:00,67757.2,67774.97,67049.22,67348.56,4581,1800,0
2026-02-18 12:00:00,67346.93,67654.92,67297.38,67435.59,3352,1800,0
2026-02-18 13:00:00,67436.39,67571.38,67007.33,67208.85,3322,1800,0
2026-02-18 14:00:00,67208.44,67339.21,66675.81,67186.39,9239,1800,0
2026-02-18 15:00:00,67181.28,68324.25,67150.45,67657.97,9038,1800,0
2026-02-18 16:00:00,67657.08,67674.11,66935.58,67095.17,7212,1800,0
2026-02-18 17:00:00,67096.69,67452.32,67007.75,67142.51,4303,1800,0
2026-02-18 18:00:00,67144.33,67192.74,66128.79,66324.47,6562,1800,0
2026-02-18 19:00:00,66322.09,66587.16,65814.88,66137.71,8199,1800,0
2026-02-18 20:00:00,66143.38,66499.93,66085.82,66229.33,4772,1800,0
2026-02-18 21:00:00,66231.6,66459.91,65982.27,66288.65,2903,1800,0
2026-02-18 22:00:00,66287.21,66451.87,66180.32,66367.59,2074,1800,0
2026-02-18 23:00:00,66367.74,66471.37,66222.31,66411.74,2245,1800,0
2026-02-19 00:00:00,66410.3,66566.97,66294.59,66400.87,2273,1800,0
2026-02-19 01:00:00,66400.15,66843.13,66398.54,66817.23,2854,1800,0
2026-02-19 02:00:00,66827.26,66934.01,66593.24,66782.58,2685,1800,0
2026-02-19 03:00:00,66782.51,66974.18,66684.4,66931.61,2123,1800,0
2026-02-19 04:00:00,66931.23,67037.21,66710.59,66762.23,2088,1800,0
2026-02-19 05:00:00,66763.57,66858.58,66635.68,66833.54,2182,1800,0
2026-02-19 06:00:00,66834.03,67271.75,66819.34,67114.15,2522,1800,0
2026-02-19 07:00:00,67115.63,67293.45,66986.46,67164.01,2340,1800,0
2026-02-19 08:00:00,67160.07,67160.07,66745.62,66914.87,2624,1800,0
2026-02-19 09:00:00,66924.23,67158.0,66712.44,66802.67,2711,1800,0
2026-02-19 10:00:00,66802.93,66936.81,66691.91,66791.88,2525,1800,0
2026-02-19 11:00:00,66786.98,66899.09,66428.66,66462.62,2327,1800,0
2026-02-19 12:00:00,66459.59,66649.91,66274.36,66488.28,2807,1800,0
2026-02-19 13:00:00,66488.75,66526.96,65715.23,65901.07,5266,1800,0
2026-02-19 14:00:00,65898.94,66642.8,65595.51,66382.79,9317,1800,0
2026-02-19 15:00:00,66388.8,66733.66,65924.79,66356.93,8387,1800,0
2026-02-19 16:00:00,66355.07,66485.84,65849.13,66266.07,5979,1800,0
2026-02-19 17:00:00,66261.19,67035.35,66129.01,66325.11,6243,1800,0
2026-02-19 18:00:00,66327.81,67059.62,66204.39,66992.71,5641,1800,0
2026-02-19 19:00:00,66993.83,67179.93,66664.66,67018.91,4763,1800,0
2026-02-19 20:00:00,67018.19,67154.88,66783.18,67128.66,3445,1800,0
2026-02-19 21:00:00,67131.31,67149.52,66864.26,66897.55,2071,1800,0
2026-02-19 22:00:00,66898.21,66970.7,66605.2,66868.22,2408,1800,0
2026-02-19 23:00:00,66876.39,67000.3,66779.36,66972.63,2139,1800,0
2026-02-20 00:00:00,66966.4,67489.85,66906.86,67183.23,3604,1800,0
2026-02-20 01:00:00,67194.97,67326.73,67102.28,67246.08,2469,1800,0
2026-02-20 02:00:00,67245.8,67316.24,67138.29,67213.5,1953,1800,0
2026-02-20 03:00:00,67206.93,67462.96,67200.78,67317.6,2086,1800,0
2026-02-20 04:00:00,67316.86,67357.02,67068.11,67224.11,2255,1800,0
2026-02-20 05:00:00,67224.75,67996.71,67170.81,67760.11,3230,1800,0
2026-02-20 06:00:00,67761.12,67875.06,67628.19,67816.27,2500,1800,0
2026-02-20 07:00:00,67813.83,67968.62,67729.41,67800.66,2039,1800,0
2026-02-20 08:00:00,67801.57,67922.15,67713.76,67839.15,1901,1800,0
2026-02-20 09:00:00,67836.13,68203.45,67836.13,68174.94,2990,1800,0
2026-02-20 10:00:00,68174.84,68297.9,67747.78,67921.65,2689,1800,0
2026-02-20 11:00:00,67923.38,67960.4,67257.52,67302.47,3241,1800,0
2026-02-20 12:00:00,67304.0,67574.87,67239.56,67497.88,2823,1800,0
2026-02-20 13:00:00,67502.12,67519.64,66414.88,66790.32,6698,1800,0
2026-02-20 14:00:00,66775.89,67307.04,66629.55,67057.53,8016,1800,0
2026-02-20 15:00:00,67061.94,68094.05,66510.24,67552.53,16578,1800,0
2026-02-20 16:00:00,67562.74,67904.89,67266.32,67776.72,7786,1800,0
2026-02-20 17:00:00,67773.77,67775.34,66923.44,67576.17,7987,1800,0
2026-02-20 18:00:00,67578.12,67990.96,67428.37,67908.54,6896,1800,0
2026-02-20 19:00:00,67911.82,67993.37,67515.89,67613.04,3719,1800,0
2026-02-20 20:00:00,67611.57,67810.75,67485.85,67734.48,2706,1800,0
2026-02-20 21:00:00,67728.71,67808.3,67602.43,67798.04,2052,1800,0
2026-02-20 22:00:00,67788.36,68115.56,67602.66,68042.08,2479,1800,0
2026-02-20 23:00:00,68041.98,68224.17,67870.22,67972.21,2215,1800,0
2026-02-21 00:00:00,67981.37,68014.31,67736.72,67810.21,1775,1800,0
2026-02-21 01:00:00,67810.61,67985.36,67802.54,67932.84,1476,1800,0
2026-02-21 02:00:00,67933.69,68090.38,67885.51,67973.73,1339,1800,0
2026-02-21 03:00:00,67978.1,67978.23,67495.82,67641.14,2079,1800,0
2026-02-21 04:00:00,67647.43,67829.71,67553.44,67778.09,1508,1800,0
2026-02-21 05:00:00,67780.38,67864.8,67758.67,67832.05,1223,1800,0
2026-02-21 06:00:00,67832.98,67905.26,67712.08,67763.93,1236,1800,0
2026-02-21 07:00:00,67763.01,67862.91,67716.4,67834.48,1057,1800,0
2026-02-21 08:00:00,67828.77,68050.01,67776.12,68021.14,1491,1800,0
2026-02-21 09:00:00,68028.9,68288.19,67937.33,68124.15,1940,1800,0
2026-02-21 10:00:00,68122.09,68220.15,68107.43,68182.58,1367,1800,0
2026-02-21 11:00:00,68183.74,68270.77,68044.96,68071.22,1642,1800,0
2026-02-21 12:00:00,68063.0,68191.82,67890.1,68166.76,1711,1800,0
2026-02-21 13:00:00,68172.85,68245.03,68074.96,68220.24,1455,1800,0
2026-02-21 14:00:00,68219.76,68656.1,68151.61,68422.46,3086,1800,0
2026-02-21 15:00:00,68428.0,68694.17,68387.61,68583.75,2007,1800,0
2026-02-21 16:00:00,68587.26,68613.87,68072.35,68303.79,2769,1800,0
2026-02-21 17:00:00,68311.71,68465.47,68165.64,68426.75,1754,1800,0
2026-02-21 18:00:00,68418.65,68619.74,68346.87,68556.83,1777,1800,0
2026-02-21 19:00:00,68554.52,68649.89,68491.35,68529.57,1431,1800,0
2026-02-21 20:00:00,68529.12,68578.18,68132.21,68196.01,1546,1800,0
2026-02-21 21:00:00,68195.19,68369.85,68154.15,68351.32,1442,1800,0
2026-02-21 22:00:00,68350.08,68418.08,67871.54,67950.35,2098,1800,0
2026-02-21 23:00:00,67950.77,68103.46,67911.21,67954.94,1756,1800,0
2026-02-22 00:00:00,67950.33,68036.83,67773.19,67907.57,1857,1800,0
2026-02-22 01:00:00,67907.7,68149.09,67895.75,68134.4,1522,1800,0
2026-02-22 02:00:00,68125.48,68209.45,67847.74,67885.14,1849,1800,0
2026-02-22 03:00:00,67885.87,68041.68,67794.93,68018.3,1647,1800,0
2026-02-22 04:00:00,68020.09,68062.04,67928.52,67955.89,1270,1800,0
2026-02-22 05:00:00,67955.86,67989.59,67847.01,67945.1,1082,1800,0
2026-02-22 06:00:00,67948.03,68210.65,67929.38,68023.8,1317,1800,0
2026-02-22 07:00:00,68026.28,68078.39,67956.45,67981.79,1234,1800,0
2026-02-22 08:00:00,67978.75,68006.43,67887.23,67909.53,1291,1800,0
2026-02-22 09:00:00,67918.59,68090.46,67918.59,68033.18,1252,1800,0
2026-02-22 10:00:00,68034.22,68145.65,67985.23,68096.44,1128,1800,0
2026-02-22 11:00:00,68111.64,68229.67,68095.77,68185.74,1295,1800,0
2026-02-22 12:00:00,68185.7,68219.51,67835.28,67907.3,2071,1800,0
2026-02-22 13:00:00,67900.82,68017.67,67546.25,67638.7,2853,1800,0
2026-02-22 14:00:00,67636.81,67676.26,67324.13,67415.32,2751,1800,0
2026-02-22 15:00:00,67426.59,67802.28,67276.35,67666.63,2432,1800,0
2026-02-22 16:00:00,67667.12,67704.41,67484.91,67595.24,1588,1800,0
2026-02-22 17:00:00,67595.21,67604.52,67138.79,67360.28,2149,1800,0
2026-02-22 18:00:00,67354.09,67438.3,67282.13,67381.08,1410,1800,0
2026-02-22 19:00:00,67379.52,67458.83,67361.24,67388.1,1216,1800,0
2026-02-22 20:00:00,67386.88,67450.0,67304.93,67360.21,1285,1800,0
2026-02-22 21:00:00,67363.33,67614.53,67363.33,67565.2,1203,1800,0
2026-02-22 22:00:00,67565.27,67719.31,67437.01,67640.64,1987,1800,0
2026-02-22 23:00:00,67635.51,67692.14,67422.04,67609.32,2290,1800,0
2026-02-23 00:00:00,67615.81,67649.68,66675.81,66717.46,3472,1800,0
2026-02-23 01:00:00,66716.67,66716.67,64255.67,64402.83,17866,1800,0
2026-02-23 02:00:00,64402.93,64895.69,64280.47,64761.46,5877,1800,0
2026-02-23 03:00:00,64769.88,65074.04,64669.16,64910.95,3218,1800,0
2026-02-23 04:00:00,64939.46,65010.47,64639.42,64794.99,2547,1800,0
2026-02-23 05:00:00,64794.35,65205.21,64776.63,65039.9,2799,1800,0
2026-02-23 06:00:00,65043.06,65797.4,64991.85,65731.75,3731,1800,0
2026-02-23 07:00:00,65730.52,65997.44,65606.25,65925.77,3218,1800,0
2026-02-23 08:00:00,65923.38,65945.02,65540.74,65655.3,2982,1800,0
2026-02-23 09:00:00,65652.55,66453.84,65649.61,66386.19,4109,1800,0
2026-02-23 10:00:00,66386.15,66594.66,66188.65,66310.55,3134,1800,0
2026-02-23 11:00:00,66312.65,66477.19,66088.22,66193.49,2269,1800,0
2026-02-23 12:00:00,66197.78,66508.53,65880.07,66278.37,3614,1800,0
2026-02-23 13:00:00,66282.11,66433.18,66084.97,66127.61,3247,1800,0
2026-02-23 14:00:00,66123.94,66259.55,65501.15,65895.44,8520,1800,0
2026-02-23 15:00:00,65895.21,66246.99,65559.35,65635.2,7449,1800,0
2026-02-23 16:00:00,65636.05,65715.42,65142.8,65353.71,6750,1800,0
2026-02-23 17:00:00,65356.55,65439.82,64117.95,64796.52,8035,1800,0
2026-02-23 18:00:00,64793.57,65154.73,64556.21,64603.19,5853,1800,0
2026-02-23 19:00:00,64605.59,64841.38,64047.65,64275.65,5136,1800,0
2026-02-23 20:00:00,64274.3,64465.69,63851.71,64450.62,5058,1800,0
2026-02-23 21:00:00,64447.59,64759.89,64429.27,64568.95,2830,1800,0
2026-02-23 22:00:00,64565.44,65000.55,64527.12,64702.46,2788,1800,0
2026-02-23 23:00:00,64694.23,64878.81,64485.29,64622.61,2280,1800,0
2026-02-24 00:00:00,64624.06,64983.42,64620.52,64896.25,2582,1800,0
2026-02-24 01:00:00,64900.34,64905.83,63383.2,64132.14,10949,1800,0
2026-02-24 02:00:00,64132.07,64475.0,63959.78,64082.02,4873,1800,0
2026-02-24 03:00:00,64081.36,64081.36,63295.82,63568.3,6735,1800,0
2026-02-24 04:00:00,63568.5,63602.66,62827.33,63338.77,6684,1800,0
2026-02-24 05:00:00,63330.7,63517.14,62665.58,63074.04,5408,1800,0
2026-02-24 06:00:00,63065.95,63302.18,62854.32,63057.18,3758,1800,0
2026-02-24 07:00:00,63059.72,63344.33,62884.83,63152.78,3859,1800,0
2026-02-24 08:00:00,63153.22,63406.77,62966.79,63359.7,3481,1800,0
2026-02-24 09:00:00,63364.28,63399.8,62904.43,63236.43,3430,1800,0
2026-02-24 10:00:00,63235.12,63357.71,63079.02,63265.26,2537,1800,0
2026-02-24 11:00:00,63265.68,63306.93,63024.0,63197.35,2607,1800,0
2026-02-24 12:00:00,63199.51,63324.84,62931.81,62954.44,2728,1800,0
2026-02-24 13:00:00,62952.34,63088.72,62406.98,62877.13,5645,1800,0
2026-02-24 14:00:00,62873.23,63826.22,62734.8,63458.69,10655,1800,0
2026-02-24 15:00:00,63462.24,64029.19,63288.22,63955.59,9046,1800,0
2026-02-24 16:00:00,63957.77,64418.73,63681.17,64247.98,7739,1800,0
2026-02-24 17:00:00,64247.93,64523.03,64030.21,64205.54,4623,1800,0
2026-02-24 18:00:00,64201.71,64508.02,63876.01,64409.02,3881,1800,0
2026-02-24 19:00:00,64409.44,64747.05,64232.28,64438.78,3941,1800,0
2026-02-24 20:00:00,64436.24,64591.15,64305.98,64452.5,2888,1800,0
2026-02-24 21:00:00,64448.41,64456.11,63791.11,64026.71,2889,1800,0
2026-02-24 22:00:00,64031.27,64232.47,63957.21,64117.71,2113,1800,0
2026-02-24 23:00:00,64114.72,64255.3,63837.91,64058.78,2468,1800,0
2026-02-25 00:00:00,64059.65,64321.78,63892.8,64210.98,2500,1800,0
2026-02-25 01:00:00,64211.14,66305.99,64129.3,65877.37,13211,1800,0
2026-02-25 02:00:00,65876.22,66308.12,65832.48,65875.51,5202,1800,0
2026-02-25 03:00:00,65876.02,65953.84,65324.65,65388.96,4474,1800,0
2026-02-25 04:00:00,65385.69,65652.55,65099.72,65451.57,3322,1800,0
2026-02-25 05:00:00,65456.07,65508.94,64732.64,64877.36,3912,1800,0
2026-02-25 06:00:00,64874.53,65122.02,64842.74,64891.44,2446,1800,0
2026-02-25 07:00:00,64893.33,65184.92,64750.11,65018.98,2899,1800,0
2026-02-25 08:00:00,65014.1,65569.66,64941.44,65511.59,3338,1800,0
2026-02-25 09:00:00,65499.86,65696.68,65402.72,65537.69,2637,1800,0
2026-02-25 10:00:00,65536.4,65657.58,65317.74,65390.72,2201,1800,0
2026-02-25 11:00:00,65383.99,65472.51,65171.19,65417.56,2356,1800,0
2026-02-25 12:00:00,65418.8,66243.4,65291.06,66060.13,4529,1800,0
2026-02-25 13:00:00,66066.0,66703.55,65996.62,66228.39,4700,1800,0
2026-02-25 14:00:00,66232.14,67018.13,66194.05,66959.16,9134,1800,0
2026-02-25 15:00:00,66951.61,67593.28,66704.58,67402.5,10358,1800,0
2026-02-25 16:00:00,67401.86,68364.93,67394.71,68300.38,8324,1800,0
2026-02-25 17:00:00,68313.79,68907.34,68033.26,68679.5,9260,1800,0
2026-02-25 18:00:00,68676.61,69579.31,68386.17,69348.23,8590,1800,0
2026-02-25 19:00:00,69348.12,69416.48,68780.13,69041.59,5832,1800,0
2026-02-25 20:00:00,69042.11,69397.75,68618.76,69157.58,4974,1800,0
2026-02-25 21:00:00,69157.72,70052.69,68765.67,68923.39,8814,1800,0
2026-02-25 22:00:00,68931.4,69201.11,68052.69,68445.0,5579,1800,0
2026-02-25 23:00:00,68438.36,68695.45,67582.92,67989.89,6137,1800,0
2026-02-26 00:00:00,67989.26,68549.65,67718.03,68322.65,6690,1800,0
2026-02-26 01:00:00,68322.7,68715.07,68204.94,68257.76,4765,1800,0
2026-02-26 02:00:00,68258.22,68367.32,67788.18,68252.15,4667,1800,0
2026-02-26 03:00:00,68249.51,68390.5,68041.48,68209.52,3233,1800,0
2026-02-26 04:00:00,68209.28,68869.89,68165.61,68567.21,4009,1800,0
2026-02-26 05:00:00,68566.71,68572.35,68104.84,68443.91,3693,1800,0
2026-02-26 06:00:00,68441.58,68532.58,68050.22,68179.29,2964,1800,0
2026-02-26 07:00:00,68180.33,68297.8,67812.28,67834.48,2984,1800,0
2026-02-26 08:00:00,67838.16,68252.58,67772.03,67948.85,3675,1800,0
2026-02-26 09:00:00,67952.22,68636.68,67923.26,68576.49,3348,1800,0
2026-02-26 10:00:00,68582.46,68719.26,68241.72,68299.63,2857,1800,0
2026-02-26 11:00:00,68299.56,68398.66,67974.14,68052.07,2495,1800,0
2026-02-26 12:00:00,68051.98,68298.41,67990.76,68177.74,3014,1800,0
2026-02-26 13:00:00,68177.64,68220.04,67821.03,67892.61,3219,1800,0
2026-02-26 14:00:00,67885.56,68282.14,67253.14,67684.06,11651,1800,0
2026-02-26 15:00:00,67679.17,67734.11,66747.98,67391.78,13170,1800,0
2026-02-26 16:00:00,67392.56,67572.53,66483.35,66643.37,9607,1800,0
2026-02-26 17:00:00,66643.08,67055.28,66582.59,66819.49,6379,1800,0
2026-02-26 18:00:00,66817.53,67375.16,66557.62,67298.62,5628,1800,0
2026-02-26 19:00:00,67296.69,67916.6,67273.86,67579.74,5045,1800,0
2026-02-26 20:00:00,67580.4,67823.05,67279.87,67428.13,3396,1800,0
2026-02-26 21:00:00,67427.74,67586.13,67136.08,67462.32,2671,1800,0
2026-02-26 22:00:00,67459.85,67636.8,67298.41,67559.9,1953,1800,0
2026-02-26 23:00:00,67559.68,67657.12,67383.45,67485.36,2403,1800,0
2026-02-27 00:00:00,67479.9,67541.44,66980.35,67220.22,3543,1800,0
2026-02-27 01:00:00,67221.18,67381.94,66869.22,67353.3,4429,1800,0
2026-02-27 02:00:00,67357.88,67537.51,67256.98,67257.39,3063,1800,0
2026-02-27 03:00:00,67259.63,67709.09,67074.98,67590.56,2961,1800,0
2026-02-27 04:00:00,67590.86,68215.64,67556.95,67749.56,4522,1800,0
2026-02-27 05:00:00,67734.59,67927.02,67660.06,67721.56,2554,1800,0
2026-02-27 06:00:00,67723.15,67829.96,67508.34,67660.17,2299,1800,0
2026-02-27 07:00:00,67652.68,67767.0,67440.73,67672.45,2721,1800,0
2026-02-27 08:00:00,67671.87,68091.86,67650.34,67933.26,3329,1800,0
2026-02-27 09:00:00,67935.23,68164.78,67271.74,67350.58,4388,1800,0
2026-02-27 10:00:00,67355.56,67421.89,66565.56,66609.51,5948,1800,0
2026-02-27 11:00:00,66609.59,66777.61,65944.87,66127.1,6368,1800,0
2026-02-27 12:00:00,66123.75,66225.22,65733.52,65932.4,4531,1800,0
2026-02-27 13:00:00,65929.68,66345.37,65649.79,66271.68,6228,1800,0
2026-02-27 14:00:00,66269.57,66337.02,65684.91,65876.69,9185,1800,0
2026-02-27 15:00:00,65872.25,66314.32,65836.42,66098.6,7393,1800,0
2026-02-27 16:00:00,66097.77,66121.6,65442.1,65472.16,5821,1800,0
2026-02-27 17:00:00,65477.75,65744.28,65088.97,65695.65,6342,1800,0
2026-02-27 18:00:00,65697.11,65799.33,65208.65,65298.7,4260,1800,0
2026-02-27 19:00:00,65294.12,65450.08,65151.95,65365.0,3240,1800,0
2026-02-27 20:00:00,65372.42,65663.16,65368.01,65577.12,3158,1800,0
2026-02-27 21:00:00,65584.89,65747.05,65375.97,65512.27,2311,1800,0
2026-02-27 22:00:00,65523.87,65660.33,64894.9,65618.44,3377,1800,0
2026-02-27 23:00:00,65615.88,65947.28,65537.64,65855.89,2508,1800,0
2026-02-28 00:00:00,65853.85,66007.07,65692.34,65927.12,2056,1800,0
2026-02-28 01:00:00,65926.71,65971.41,65717.07,65757.46,1963,1800,0
2026-02-28 02:00:00,65764.51,66024.31,65747.05,65952.04,1625,1800,0
2026-02-28 03:00:00,65950.51,65972.63,65719.4,65794.21,1666,1800,0
2026-02-28 04:00:00,65788.25,65815.86,65456.48,65661.6,2028,1800,0
2026-02-28 05:00:00,65657.76,65719.96,65480.71,65571.73,1814,1800,0
2026-02-28 06:00:00,65579.22,65587.91,63002.43,63206.97,16654,1800,0
2026-02-28 07:00:00,63208.86,64325.58,63007.07,63814.84,10328,1800,0
2026-02-28 08:00:00,63823.24,63882.76,63390.68,63470.23,5341,1800,0
2026-02-28 09:00:00,63468.39,63944.72,63345.2,63647.82,4730,1800,0
2026-02-28 10:00:00,63640.89,64054.79,63452.18,63992.01,3905,1800,0
2026-02-28 11:00:00,63991.97,64306.89,63772.03,63842.75,3808,1800,0
2026-02-28 12:00:00,63844.9,64095.94,63814.1,64011.82,2645,1800,0
2026-02-28 13:00:00,64022.63,65216.03,63894.17,65090.43,7020,1800,0
2026-02-28 14:00:00,65097.49,65363.26,64257.5,64428.75,9898,1800,0
2026-02-28 15:00:00,64424.95,65023.89,64200.87,64834.94,5188,1800,0
2026-02-28 16:00:00,64831.36,65203.35,64664.95,65096.34,3864,1800,0
2026-02-28 17:00:00,65096.02,65617.89,64824.58,65418.88,3451,1800,0
2026-02-28 18:00:00,65416.72,66179.43,65166.25,65899.85,5976,1800,0
2026-02-28 19:00:00,65905.73,66674.59,65590.1,66343.12,6738,1800,0
2026-02-28 20:00:00,66348.41,67175.44,66173.38,66957.53,7039,1800,0
2026-02-28 21:00:00,66956.76,67028.99,66356.02,66719.95,5050,1800,0
2026-02-28 22:00:00,66725.31,67768.14,66600.35,67110.48,7444,1800,0
2026-02-28 23:00:00,67111.42,67212.05,66721.89,66969.97,3462,1800,0
2026-03-01 00:00:00,66959.27,67118.37,66601.04,66787.65,3543,1800,0
2026-03-01 01:00:00,66781.39,67718.45,66039.5,67344.24,7783,1800,0
2026-03-01 02:00:00,67344.73,68208.1,67327.8,67614.26,9726,1800,0
2026-03-01 03:00:00,67610.75,67819.36,67371.58,67505.9,4079,1800,0
2026-03-01 04:00:00,67506.61,67607.56,67067.34,67340.38,3548,1800,0
2026-03-01 05:00:00,67333.03,67571.94,67187.74,67297.51,2398,1800,0
2026-03-01 06:00:00,67298.4,67353.49,66773.97,66917.77,3221,1800,0
2026-03-01 07:00:00,66915.47,67233.91,66786.62,67136.39,2860,1800,0
2026-03-01 08:00:00,67147.79,67298.4,66450.35,66563.54,3917,1800,0
2026-03-01 09:00:00,66554.75,66775.59,66227.76,66396.4,4410,1800,0
2026-03-01 10:00:00,66394.65,66737.15,66202.12,66463.55,3131,1800,0
2026-03-01 11:00:00,66463.56,66670.19,66365.59,66467.02,2071,1800,0
2026-03-01 12:00:00,66451.86,66553.97,66233.27,66301.26,2579,1800,0
2026-03-01 13:00:00,66292.73,67365.58,66123.01,66948.55,6855,1800,0
2026-03-01 14:00:00,66948.76,67314.36,66733.63,66860.58,7311,1800,0
2026-03-01 15:00:00,66844.99,67252.39,66816.41,66852.24,4047,1800,0
2026-03-01 16:00:00,66855.37,67115.68,65803.7,66139.65,7190,1800,0
2026-03-01 17:00:00,66127.39,66220.1,65704.94,65991.07,5895,1800,0
2026-03-01 18:00:00,65990.31,66692.06,65970.54,66312.03,4246,1800,0
2026-03-01 19:00:00,66311.98,66345.52,65767.61,65951.91,2861,1800,0
2026-03-01 20:00:00,65948.8,65968.61,65055.81,65293.82,5369,1800,0
2026-03-01 21:00:00,65292.74,65765.49,65271.6,65664.72,2939,1800,0
2026-03-01 22:00:00,65664.29,66813.89,65018.19,65259.45,7080,1800,0
2026-03-01 23:00:00,65256.7,66084.07,65096.0,65766.16,7224,1800,0
2026-03-02 00:00:00,65766.34,66778.8,65740.53,66505.28,7419,1800,0
2026-03-02 01:00:00,66503.17,67113.73,66353.58,66538.57,8212,1800,0
2026-03-02 02:00:00,66538.66,66616.7,65867.81,66278.24,5536,1800,0
2026-03-02 03:00:00,66280.21,67048.87,66107.02,66805.47,5348,1800,0
2026-03-02 04:00:00,66811.12,66978.22,66618.0,66855.7,3774,1800,0
2026-03-02 05:00:00,66857.09,66991.12,66537.11,66734.18,3641,1800,0
2026-03-02 06:00:00,66740.17,66740.17,66037.14,66212.57,4820,1800,0
2026-03-02 07:00:00,66212.38,66214.28,65536.81,65996.05,5258,1800,0
2026-03-02 08:00:00,65999.12,66304.4,65632.41,66272.02,5780,1800,0
2026-03-02 09:00:00,66273.63,66729.44,66147.88,66164.71,5057,1800,0
2026-03-02 10:00:00,66160.09,66391.4,66072.3,66314.73,3560,1800,0
2026-03-02 11:00:00,66311.64,66484.76,65984.63,66352.54,3990,1800,0
2026-03-02 12:00:00,66345.61,66396.7,65897.73,65940.07,3477,1800,0
2026-03-02 13:00:00,65936.05,66135.57,65325.57,65418.95,6438,1800,0
2026-03-02 14:00:00,65418.41,67216.42,65237.78,67152.23,15397,1800,0
2026-03-02 15:00:00,67146.42,69628.39,66972.36,69127.88,21048,1800,0
2026-03-02 16:00:00,69116.66,70143.63,68910.75,69460.11,14323,1800,0
2026-03-02 17:00:00,69456.89,69598.66,68783.31,69197.73,8146,1800,0
2026-03-02 18:00:00,69199.0,69290.16,68733.88,68885.2,6222,1800,0
2026-03-02 19:00:00,68887.87,69069.24,68568.27,68965.33,5302,1800,0
2026-03-02 20:00:00,68966.47,69525.64,68575.29,69124.0,7856,1800,0
2026-03-02 21:00:00,69121.48,69556.95,68994.28,69416.48,4085,1800,0
2026-03-02 22:00:00,69418.59,69509.54,69136.61,69451.99,3512,1800,0
2026-03-02 23:00:00,69442.56,69487.4,68718.39,68827.7,4448,1800,0
2026-03-03 00:00:00,68828.61,69160.15,68621.56,69072.12,4580,1800,0
2026-03-03 01:00:00,69073.75,69256.71,68730.31,68748.02,5262,1800,0
2026-03-03 02:00:00,68750.13,68766.66,68157.3,68489.33,6194,1800,0
2026-03-03 03:00:00,68493.03,68538.03,68195.28,68359.96,3364,1800,0
2026-03-03 04:00:00,68362.92,68444.26,68031.31,68110.21,3393,1800,0
2026-03-03 05:00:00,68109.68,68566.78,67829.98,67931.81,4775,1800,0
2026-03-03 06:00:00,67925.71,68239.83,67771.43,68080.96,3870,1800,0
2026-03-03 07:00:00,68081.21,68269.96,67925.25,68162.66,3866,1800,0
2026-03-03 08:00:00,68162.56,68306.51,66873.82,66989.87,7062,1800,0
2026-03-03 09:00:00,66989.99,67175.2,66295.49,66628.67,7276,1800,0
2026-03-03 10:00:00,66625.05,67030.17,66408.3,66842.61,5366,1800,0
2026-03-03 11:00:00,66833.81,67155.81,66734.62,67012.33,5488,1800,0
2026-03-03 12:00:00,67010.37,67975.44,67010.37,67372.72,6433,1800,0
2026-03-03 13:00:00,67375.16,67417.46,66602.46,66908.3,6545,1800,0
2026-03-03 14:00:00,66903.72,67573.92,66091.47,66552.82,15347,1800,0
2026-03-03 15:00:00,66545.51,67844.15,66430.38,67715.35,15902,1800,0
2026-03-03 16:00:00,67712.98,68991.26,67456.71,68161.84,17354,1800,0
2026-03-03 17:00:00,68169.54,68406.16,67605.6,68313.46,10431,1800,0
2026-03-03 18:00:00,68304.28,68927.14,67966.94,68630.2,7951,1800,0
2026-03-03 19:00:00,68631.59,68881.3,68305.47,68440.09,7963,1800,0
2026-03-03 20:00:00,68441.16,68597.26,68069.2,68265.74,6169,1800,0
2026-03-03 21:00:00,68259.21,68269.22,67802.55,68004.89,3657,1800,0
2026-03-03 22:00:00,68005.26,68515.19,68003.85,68297.95,3523,1800,0
2026-03-03 23:00:00,68306.49,68861.4,68234.29,68330.2,3646,1800,0
2026-03-04 00:00:00,68329.54,68414.59,67850.4,68096.21,4801,1800,0
2026-03-04 01:00:00,68102.17,68909.57,67955.67,68424.52,6453,1800,0
2026-03-04 02:00:00,68421.61,68452.84,67973.67,68320.1,5226,1800,0
2026-03-04 03:00:00,68311.26,68390.84,67376.66,67712.84,7251,1800,0
2026-03-04 04:00:00,67714.98,67956.36,67437.69,67780.85,5138,1800,0
2026-03-04 05:00:00,67781.56,68373.34,67660.41,68201.3,4831,1800,0
2026-03-04 06:00:00,68200.1,68676.42,68022.13,68496.28,4861,1800,0
2026-03-04 07:00:00,68498.05,69680.83,68324.98,69479.77,6207,1800,0
2026-03-04 08:00:00,69486.57,71200.6,69120.06,71010.14,11201,1800,0
2026-03-04 09:00:00,71017.53,71901.28,70708.07,71515.01,12497,1800,0
2026-03-04 10:00:00,71519.71,71876.48,71186.53,71333.6,7816,1800,0
2026-03-04 11:00:00,71328.5,71503.22,70923.93,71098.67,5225,1800,0
2026-03-04 12:00:00,71099.07,71357.59,70576.68,71331.31,5675,1800,0
2026-03-04 13:00:00,71332.22,71624.31,71195.42,71465.85,6078,1800,0
2026-03-04 14:00:00,71468.36,72657.02,71269.1,71638.38,17249,1800,0
2026-03-04 15:00:00,71620.67,73497.2,71599.32,73396.48,16767,1800,0
2026-03-04 16:00:00,73394.07,73546.1,72539.19,73325.19,11661,1800,0
2026-03-04 17:00:00,73322.88,73785.77,72939.61,73236.14,9497,1800,0
2026-03-04 18:00:00,73228.8,73760.16,72917.03,73729.61,5681,1800,0
2026-03-04 19:00:00,73714.96,74123.3,73535.67,73670.99,7833,1800,0
2026-03-04 20:00:00,73670.24,73758.89,73050.09,73059.37,5201,1800,0
2026-03-04 21:00:00,73033.18,73357.28,72896.65,73327.79,3835,1800,0
2026-03-04 22:00:00,73326.97,73555.87,72631.03,72716.55,3695,1800,0
2026-03-04 23:00:00,72720.62,72902.68,72307.94,72681.73,4387,1800,0
2026-03-05 00:00:00,72684.61,73030.53,72546.54,72777.62,4836,1800,0
2026-03-05 01:00:00,72787.04,73351.12,72408.63,72547.48,6231,1800,0
2026-03-05 02:00:00,72549.94,72910.74,72337.17,72510.71,4460,1800,0
2026-03-05 03:00:00,72507.83,72768.74,72341.01,72517.42,3598,1800,0
2026-03-05 04:00:00,72516.49,73109.8,72452.06,72827.96,3784,1800,0
2026-03-05 05:00:00,72826.78,72939.19,72252.25,72432.49,3337,1800,0
2026-03-05 06:00:00,72432.84,72680.03,72045.26,72551.42,4816,1800,0
2026-03-05 07:00:00,72552.23,72692.32,71783.09,72064.03,4293,1800,0
2026-03-05 08:00:00,72062.34,72381.69,71758.6,72344.44,5162,1800,0
2026-03-05 09:00:00,72342.13,72899.81,72298.77,72613.26,5982,1800,0
2026-03-05 10:00:00,72614.56,73578.31,72526.26,73405.33,6123,1800,0
2026-03-05 11:00:00,73401.55,73464.61,72795.91,72926.07,5368,1800,0
2026-03-05 12:00:00,72932.31,73091.98,72664.54,72892.63,5177,1800,0
2026-03-05 13:00:00,72899.01,72957.41,72186.43,72482.87,6403,1800,0
2026-03-05 14:00:00,72476.49,72861.98,71949.59,72623.06,12199,1800,0
2026-03-05 15:00:00,72625.7,72793.88,71161.56,71662.45,13584,1800,0
2026-03-05 16:00:00,71650.97,71662.44,70792.5,71312.59,8870,1800,0
2026-03-05 17:00:00,71310.03,71586.81,70641.61,70703.46,8482,1800,0
2026-03-05 18:00:00,70701.36,71091.51,70649.42,70986.61,6498,1800,0
2026-03-05 19:00:00,70990.19,71442.17,70858.08,70895.67,5266,1800,0
2026-03-05 20:00:00,70904.79,71389.1,70823.91,71238.03,6137,1800,0
2026-03-05 21:00:00,71236.52,71578.48,71021.06,71138.31,3272,1800,0
2026-03-05 22:00:00,71133.31,71376.41,71050.03,71209.16,2848,1800,0
2026-03-05 23:00:00,71209.26,71300.01,70763.76,70865.92,2734,1800,0
2026-03-06 00:00:00,70875.12,71058.48,70763.86,70984.89,3079,1800,0
2026-03-06 01:00:00,70979.81,71294.02,70370.34,71250.01,5700,1800,0
2026-03-06 02:00:00,71252.25,71427.19,71016.69,71233.41,4370,1800,0
2026-03-06 03:00:00,71231.85,71288.48,70980.75,71074.82,3208,1800,0
2026-03-06 04:00:00,71069.2,71121.66,70244.83,70615.37,4131,1800,0
2026-03-06 05:00:00,70618.66,70665.42,70124.06,70425.85,4825,1800,0
2026-03-06 06:00:00,70426.77,70851.07,70257.96,70596.94,3156,1800,0
2026-03-06 07:00:00,70597.33,71200.0,70453.36,71060.33,3857,1800,0
2026-03-06 08:00:00,71058.15,71070.91,70719.19,70777.85,3802,1800,0
2026-03-06 09:00:00,70778.9,70812.13,70279.71,70560.04,5037,1800,0
2026-03-06 10:00:00,70557.2,70796.01,70444.73,70521.54,3432,1800,0
2026-03-06 11:00:00,70522.34,70653.68,70186.81,70217.21,3592,1800,0
2026-03-06 12:00:00,70217.22,70236.91,69644.02,69925.53,5757,1800,0
2026-03-06 13:00:00,69923.96,70354.95,69201.2,69214.56,8923,1800,0
2026-03-06 14:00:00,69217.65,69279.63,68150.09,68398.88,15783,1800,0
2026-03-06 15:00:00,68395.19,69121.04,68289.02,68491.58,10469,1800,0
2026-03-06 16:00:00,68492.52,68790.35,68203.29,68440.86,7987,1800,0
2026-03-06 17:00:00,68440.65,68639.84,67726.76,67945.46,7678,1800,0
2026-03-06 18:00:00,67945.31,68475.42,67930.42,68169.19,6085,1800,0
2026-03-06 19:00:00,68168.52,68477.04,67978.62,68116.95,4567,1800,0
2026-03-06 20:00:00,68111.81,68273.28,67745.97,68099.22,5288,1800,0
2026-03-06 21:00:00,68101.52,68324.62,67907.31,68286.25,2707,1800,0
2026-03-06 22:00:00,68285.59,68438.01,68205.8,68322.11,2060,1800,0
2026-03-06 23:00:00,68325.37,68368.71,68072.87,68108.12,1968,1800,0
2026-03-07 00:00:00,68107.1,68378.49,68098.35,68272.1,2161,1800,0
2026-03-07 01:00:00,68273.83,68358.29,68162.29,68248.83,1894,1800,0
2026-03-07 02:00:00,68249.62,68357.89,68033.45,68328.65,1963,1800,0
2026-03-07 03:00:00,68328.5,68547.53,68071.38,68080.84,2240,1800,0
2026-03-07 04:00:00,68086.94,68149.63,67776.87,68051.55,2355,1800,0
2026-03-07 05:00:00,68053.46,68132.4,67888.22,68017.31,1991,1800,0
2026-03-07 06:00:00,68006.65,68024.89,67585.66,67691.53,2681,1800,0
2026-03-07 07:00:00,67688.58,67855.22,67425.5,67834.0,3067,1800,0
2026-03-07 08:00:00,67833.92,68062.38,67689.51,67798.67,2245,1800,0
2026-03-07 09:00:00,67792.65,68067.05,67720.49,67992.37,2034,1800,0
2026-03-07 10:00:00,67991.76,68103.72,67855.3,67881.97,1815,1800,0
2026-03-07 11:00:00,67887.63,68241.84,67822.93,68011.81,2381,1800,0
2026-03-07 12:00:00,68011.87,68082.55,67879.4,67985.49,1674,1800,0
2026-03-07 13:00:00,67986.04,68077.57,67836.08,67913.49,1962,1800,0
2026-03-07 14:00:00,67916.23,68091.25,67600.19,68019.08,3048,1800,0
2026-03-07 15:00:00,68017.46,68027.54,67762.74,67871.16,2383,1800,0
2026-03-07 16:00:00,67873.41,67884.12,67677.8,67792.11,2063,1800,0
2026-03-07 17:00:00,67791.18,67946.28,67756.09,67782.86,1482,1800,0
2026-03-07 18:00:00,67788.16,67788.16,67431.41,67572.95,2798,1800,0
2026-03-07 19:00:00,67568.45,67571.02,66888.12,67076.54,4158,1800,0
2026-03-07 20:00:00,67075.51,67430.51,67059.96,67380.13,2571,1800,0
2026-03-07 21:00:00,67380.67,67478.89,67258.05,67445.25,2201,1800,0
2026-03-07 22:00:00,67449.33,67474.13,67084.1,67255.59,2298,1800,0
2026-03-07 23:00:00,67252.93,67402.77,67162.64,67265.86,1806,1800,0
2026-03-08 00:00:00,67262.94,67488.01,67164.34,67176.8,1952,1800,0
2026-03-08 01:00:00,67189.03,67350.96,67082.89,67291.88,2198,1800,0
2026-03-08 02:00:00,67291.61,67415.09,66785.86,66927.0,3242,1800,0
2026-03-08 03:00:00,66924.22,67077.77,66820.06,66996.37,2501,1800,0
2026-03-08 04:00:00,66994.09,67077.13,66534.82,66633.37,2794,1800,0
2026-03-08 05:00:00,66633.67,67251.23,66616.1,67147.07,2879,1800,0
2026-03-08 06:00:00,67140.15,67226.04,67013.41,67162.44,2188,1800,0
2026-03-08 07:00:00,67155.75,67457.25,67136.15,67294.84,2453,1800,0
2026-03-08 08:00:00,67294.31,67580.29,67140.04,67519.83,2209,1800,0
2026-03-08 09:00:00,67519.86,67906.64,67454.06,67691.04,3189,1800,0
2026-03-08 10:00:00,67695.63,68191.65,67679.86,67886.93,3078,1800,0
2026-03-08 11:00:00,67887.97,67889.11,67399.33,67509.2,3749,1800,0
2026-03-08 12:00:00,67498.16,67635.22,66879.78,67306.98,4811,1800,0
2026-03-08 13:00:00,67321.44,67438.9,66778.35,67225.62,4918,1800,0
2026-03-08 14:00:00,67221.79,67431.05,67032.7,67322.07,3607,1800,0
2026-03-08 15:00:00,67314.46,67362.78,67051.13,67200.14,3001,1800,0
2026-03-08 16:00:00,67197.19,67255.96,66779.39,66848.13,2945,1800,0
2026-03-08 17:00:00,66847.0,67170.7,66772.22,67050.95,2883,1800,0
2026-03-08 18:00:00,67037.58,67061.27,66733.78,66803.3,2652,1800,0
2026-03-08 19:00:00,66802.24,67475.69,66758.25,67317.31,3479,1800,0
2026-03-08 20:00:00,67314.34,67521.94,67012.18,67216.33,2940,1800,0
2026-03-08 21:00:00,67219.55,67254.42,66688.15,67007.97,2882,1800,0
2026-03-08 22:00:00,67010.03,67010.03,65608.01,66224.05,10838,1800,0
2026-03-08 23:00:00,66230.6,66556.19,65899.1,65971.88,5895,1800,0
2026-03-09 00:00:00,65972.11,66754.73,65800.04,66348.55,7788,1800,0
2026-03-09 01:00:00,66348.64,66689.46,66099.36,66178.7,6531,1800,0
2026-03-09 02:00:00,66179.05,66709.24,65935.48,66520.32,6156,1800,0
2026-03-09 03:00:00,66528.51,67669.98,66488.01,67186.4,8229,1800,0
2026-03-09 04:00:00,67191.56,67609.67,67092.46,67126.16,4398,1800,0
2026-03-09 05:00:00,67130.78,68053.61,67100.9,67891.12,5579,1800,0
2026-03-09 06:00:00,67890.0,67919.02,67197.72,67259.43,4343,1800,0
2026-03-09 07:00:00,67261.1,67564.22,66855.21,67524.21,5255,1800,0
2026-03-09 08:00:00,67527.93,67907.75,67361.7,67793.69,5441,1800,0
2026-03-09 09:00:00,67797.87,68458.77,67554.56,67970.22,5889,1800,0
2026-03-09 10:00:00,67958.6,68080.27,67520.57,67583.1,5003,1800,0
2026-03-09 11:00:00,67582.43,67856.22,67320.91,67738.98,3819,1800,0
2026-03-09 12:00:00,67740.81,68329.16,67731.16,68134.8,4367,1800,0
2026-03-09 13:00:00,68141.11,69301.71,68112.8,68967.89,11349,1800,0
2026-03-09 14:00:00,68965.87,69502.22,68684.59,69155.61,10842,1800,0
2026-03-09 15:00:00,69161.46,69268.34,68731.14,68881.6,6096,1800,0
2026-03-09 16:00:00,68886.44,69239.82,68635.37,68964.35,5887,1800,0
2026-03-09 17:00:00,68960.44,69101.04,68250.19,68595.99,5696,1800,0
2026-03-09 18:00:00,68597.17,68720.93,68234.1,68357.26,4215,1800,0
2026-03-09 19:00:00,68370.72,69542.04,68370.17,68996.75,9592,1800,0
2026-03-09 20:00:00,69009.22,69160.92,68758.4,68967.71,3872,1800,0
2026-03-09 21:00:00,68966.99,69110.14,68655.88,68920.96,2870,1800,0
2026-03-09 22:00:00,68920.73,69035.76,68595.27,68634.14,3201,1800,0
2026-03-09 23:00:00,68635.59,68702.49,68377.81,68429.31,2720,1800,0
2026-03-10 00:00:00,68428.97,69293.39,68382.78,69158.15,4218,1800,0
2026-03-10 01:00:00,69156.24,69392.96,68772.53,69256.74,4091,1800,0
2026-03-10 02:00:00,69254.22,70588.82,69091.33,70262.15,7540,1800,0
2026-03-10 03:00:00,70251.61,70376.99,69376.26,69431.46,5045,1800,0
2026-03-10 04:00:00,69430.92,70131.29,69429.98,70067.6,4362,1800,0
2026-03-10 05:00:00,70068.12,70370.5,69874.36,69980.99,4006,1800,0
2026-03-10 06:00:00,69981.51,70201.88,69749.74,69912.18,3406,1800,0
2026-03-10 07:00:00,69911.76,70538.93,69817.32,70401.49,4447,1800,0
2026-03-10 08:00:00,70409.88,71096.7,70355.73,70682.61,6251,1800,0
2026-03-10 09:00:00,70683.48,71300.22,70639.79,71052.21,4676,1800,0
2026-03-10 10:00:00,71049.34,71087.57,70657.5,70781.7,3543,1800,0
2026-03-10 11:00:00,70769.89,70874.04,70535.69,70601.69,3248,1800,0
2026-03-10 12:00:00,70602.65,70638.12,70279.9,70535.6,3668,1800,0
2026-03-10 13:00:00,70537.25,70938.69,69711.48,69919.92,9541,1800,0
2026-03-10 14:00:00,69917.1,71529.57,69222.87,71472.14,13784,1800,0
2026-03-10 15:00:00,71469.3,71785.58,70901.16,71340.12,10616,1800,0
2026-03-10 16:00:00,71342.53,71738.94,70946.96,71263.92,7320,1800,0
2026-03-10 17:00:00,71271.8,71471.53,70514.16,70877.48,7298,1800,0
2026-03-10 18:00:00,70878.42,70925.18,69885.44,70024.85,11334,1800,0
2026-03-10 19:00:00,70024.67,70300.6,69718.34,70047.55,6887,1800,0
2026-03-10 20:00:00,70044.31,70368.38,70001.03,70251.93,2996,1800,0
2026-03-10 21:00:00,70251.25,70429.69,69529.19,69754.09,3267,1800,0
2026-03-10 22:00:00,69744.44,69879.9,69434.95,69699.74,2939,1800,0
2026-03-10 23:00:00,69698.9,69987.95,69693.02,69947.32,3241,1800,0
2026-03-11 00:00:00,69954.4,70178.01,69758.64,70050.01,4044,1800,0
2026-03-11 01:00:00,70052.98,70158.19,69869.39,70074.28,3464,1800,0
2026-03-11 02:00:00,70079.11,70129.22,69598.67,69811.85,3212,1800,0
2026-03-11 03:00:00,69811.12,69904.23,69489.5,69551.07,2949,1800,0
2026-03-11 04:00:00,69552.93,70288.5,69492.96,70126.35,3297,1800,0
2026-03-11 05:00:00,70128.96,70195.31,69377.47,69504.49,3566,1800,0
2026-03-11 06:00:00,69503.66,70000.68,69483.83,69933.56,2901,1800,0
2026-03-11 07:00:00,69933.7,70029.36,69489.26,69650.23,3033,1800,0
2026-03-11 08:00:00,69650.74,69789.84,69485.37,69645.01,3531,1800,0
2026-03-11 09:00:00,69639.8,69764.37,69356.86,69466.07,2974,1800,0
2026-03-11 10:00:00,69466.63,69716.37,69379.81,69612.29,2746,1800,0
2026-03-11 11:00:00,69622.21,69677.93,69121.13,69184.73,3614,1800,0
2026-03-11 12:00:00,69174.65,69787.07,68963.84,69350.77,5668,1800,0
2026-03-11 13:00:00,69352.0,71092.55,69321.63,70185.08,11871,1800,0
2026-03-11 14:00:00,70186.54,70990.55,69967.2,70592.11,11941,1800,0
2026-03-11 15:00:00,70593.28,70668.33,69669.27,70242.92,9121,1800,0
2026-03-11 16:00:00,70242.77,70843.27,70161.1,70589.93,7369,1800,0
2026-03-11 17:00:00,70591.87,71336.52,70515.08,70783.59,8639,1800,0
2026-03-11 18:00:00,70777.78,70914.14,70417.45,70628.63,5479,1800,0
2026-03-11 19:00:00,70627.73,70763.4,70386.25,70650.13,3766,1800,0
2026-03-11 20:00:00,70649.17,70717.72,70397.84,70630.95,2375,1800,0
2026-03-11 21:00:00,70640.92,70796.49,70503.56,70739.74,2067,1800,0
2026-03-11 22:00:00,70741.11,70973.56,70235.92,70382.74,3508,1800,0
2026-03-11 23:00:00,70382.45,70516.0,70120.82,70201.31,3335,1800,0
2026-03-12 00:00:00,70203.12,70353.94,70126.02,70211.98,3345,1800,0
2026-03-12 01:00:00,70209.08,70237.71,69740.33,69816.87,3890,1800,0
2026-03-12 02:00:00,69819.2,69885.45,69215.51,69287.67,4088,1800,0
2026-03-12 03:00:00,69285.59,69626.9,69243.24,69441.96,2896,1800,0
2026-03-12 04:00:00,69441.72,69680.17,69290.11,69368.5,2701,1800,0
2026-03-12 05:00:00,69367.64,69545.48,69191.41,69468.58,2771,1800,0
2026-03-12 06:00:00,69462.52,69565.74,69352.06,69491.8,2285,1800,0
2026-03-12 07:00:00,69495.4,69856.3,69397.69,69816.61,2532,1800,0
2026-03-12 08:00:00,69818.04,70109.86,69696.09,69901.75,3244,1800,0
2026-03-12 09:00:00,69900.24,70391.42,69570.8,69940.97,3632,1800,0
2026-03-12 10:00:00,69938.68,70516.65,69840.77,70410.01,3769,1800,0
2026-03-12 11:00:00,70412.38,70814.01,70361.66,70431.11,3497,1800,0
2026-03-12 12:00:00,70439.87,70633.81,70279.21,70388.73,3581,1800,0
2026-03-12 13:00:00,70385.83,70533.76,69677.08,69979.67,7985,1800,0
2026-03-12 14:00:00,69976.99,70687.48,69345.54,69592.53,10670,1800,0
2026-03-12 15:00:00,69592.44,70584.31,69469.65,70324.25,9320,1800,0
2026-03-12 16:00:00,70325.05,70586.94,69909.17,70378.43,8269,1800,0
2026-03-12 17:00:00,70377.44,70563.67,70076.6,70220.47,5599,1800,0
2026-03-12 18:00:00,70220.34,70310.57,69788.81,69820.6,4937,1800,0
2026-03-12 19:00:00,69820.24,70568.06,69763.95,70448.69,4555,1800,0
2026-03-12 20:00:00,70443.33,70570.89,70116.08,70162.64,2589,1800,0
2026-03-12 21:00:00,70169.4,70480.68,70169.4,70271.08,2076,1800,0
2026-03-12 22:00:00,70276.17,70319.26,70000.19,70165.06,2461,1800,0
2026-03-12 23:00:00,70169.54,70756.56,70152.85,70523.87,3910,1800,0
2026-03-13 00:00:00,70520.46,72004.25,70386.25,71467.12,10129,1800,0
2026-03-13 01:00:00,71465.98,71772.49,71270.26,71664.9,5001,1800,0
2026-03-13 02:00:00,71666.35,71704.41,71029.72,71141.96,3783,1800,0
2026-03-13 03:00:00,71143.28,71515.35,70943.24,71390.67,3428,1800,0
2026-03-13 04:00:00,71390.74,71506.76,71229.0,71376.16,2569,1800,0
2026-03-13 05:00:00,71383.48,71638.85,71223.66,71545.77,2942,1800,0
2026-03-13 06:00:00,71559.0,71600.67,71174.46,71359.22,3094,1800,0
2026-03-13 07:00:00,71351.43,71688.24,71232.28,71630.98,3147,1800,0
2026-03-13 08:00:00,71628.78,72201.46,71379.8,71835.47,4637,1800,0
2026-03-13 09:00:00,71831.32,72101.07,71588.39,72007.46,3108,1800,0
2026-03-13 10:00:00,72011.0,72605.12,71994.96,72465.48,4338,1800,0
2026-03-13 11:00:00,72466.88,72536.23,72211.42,72241.47,3228,1800,0
2026-03-13 12:00:00,72237.59,72925.28,72216.9,72780.96,4836,1800,0
2026-03-13 13:00:00,72787.01,73611.33,72686.81,73393.83,9417,1800,0
2026-03-13 14:00:00,73393.51,73939.49,72382.35,72397.59,11235,1800,0
2026-03-13 15:00:00,72399.94,72867.02,71739.24,71841.41,9804,1800,0
2026-03-13 16:00:00,71843.73,72140.02,71161.22,71892.32,8233,1800,0
2026-03-13 17:00:00,71890.49,72262.03,70902.8,71041.1,6892,1800,0
2026-03-13 18:00:00,71049.44,71353.49,70838.17,71057.13,4977,1800,0
2026-03-13 19:00:00,71056.14,71308.12,70990.36,71191.37,3918,1800,0
2026-03-13 20:00:00,71194.38,71487.11,71139.8,71348.64,2312,1800,0
2026-03-13 21:00:00,71350.56,71491.5,71059.83,71106.41,2501,1800,0
2026-03-13 22:00:00,71106.49,71183.85,70544.07,70818.53,3520,1800,0
2026-03-13 23:00:00,70821.12,71015.05,70689.99,70935.24,2562,1800,0
2026-03-14 00:00:00,70937.72,70959.12,70550.68,70634.98,2591,1800,0
2026-03-14 01:00:00,70635.44,70908.45,70466.58,70826.32,2263,1800,0
2026-03-14 02:00:00,70823.88,70902.26,70732.5,70801.05,1978,1800,0
2026-03-14 03:00:00,70805.3,71183.38,70805.3,71077.33,2323,1800,0
2026-03-14 04:00:00,71076.55,71310.22,71018.87,71037.11,2149,1800,0
2026-03-14 05:00:00,71039.13,71162.35,70910.98,71017.81,1817,1800,0
2026-03-14 06:00:00,71013.36,71014.45,70301.97,70638.36,3020,1800,0
2026-03-14 07:00:00,70646.49,70746.74,70484.14,70606.77,2314,1800,0
2026-03-14 08:00:00,70609.52,70712.69,70533.69,70587.22,1909,1800,0
2026-03-14 09:00:00,70588.74,70748.53,70405.36,70515.56,1908,1800,0
2026-03-14 10:00:00,70514.62,70592.46,70382.25,70568.79,1727,1800,0
2026-03-14 11:00:00,70568.31,70791.6,70553.94,70742.87,1565,1800,0
2026-03-14 12:00:00,70747.19,70847.61,70607.12,70774.83,1789,1800,0
2026-03-14 13:00:00,70774.53,70944.67,70713.89,70862.04,1823,1800,0
2026-03-14 14:00:00,70866.96,70955.79,70565.1,70607.22,1917,1800,0
2026-03-14 15:00:00,70613.46,70742.05,70485.87,70592.24,1799,1800,0
2026-03-14 16:00:00,70592.98,70715.22,70485.96,70681.48,1656,1800,0
2026-03-14 17:00:00,70678.54,70746.58,70585.91,70621.68,1300,1800,0
2026-03-14 18:00:00,70620.51,70708.48,70544.89,70666.4,1171,1800,0
2026-03-14 19:00:00,70658.33,70748.65,70586.24,70698.45,1265,1800,0
2026-03-14 20:00:00,70698.71,70874.03,70644.84,70808.58,1456,1800,0
2026-03-14 21:00:00,70801.65,70823.14,70655.78,70805.29,1537,1800,0
2026-03-14 22:00:00,70806.13,70811.37,70694.9,70715.49,1405,1800,0
2026-03-14 23:00:00,70726.41,71267.37,70726.41,71212.75,2726,1800,0
2026-03-15 00:00:00,71219.5,71225.5,70959.34,70995.25,2328,1800,0
2026-03-15 01:00:00,70994.97,71045.19,70859.25,71000.86,1785,1800,0
2026-03-15 02:00:00,71005.28,71644.82,71005.28,71444.67,3544,1800,0
2026-03-15 03:00:00,71443.49,71530.84,71230.68,71364.68,2146,1800,0
2026-03-15 04:00:00,71360.47,71671.63,71316.71,71583.6,2348,1800,0
2026-03-15 05:00:00,71583.5,71792.18,71476.63,71499.62,2292,1800,0
2026-03-15 06:00:00,71498.38,71595.81,71385.4,71455.26,1662,1800,0
2026-03-15 07:00:00,71455.85,71622.82,71401.86,71456.09,1216,1800,0
2026-03-15 08:00:00,71456.4,71727.29,71456.4,71708.37,1995,1800,0
2026-03-15 09:00:00,71713.92,71940.93,71699.99,71788.18,2409,1800,0
2026-03-15 10:00:00,71793.69,71916.64,71720.43,71782.14,1627,1800,0
2026-03-15 11:00:00,71780.49,71890.17,71643.59,71839.05,1674,1800,0
2026-03-15 12:00:00,71841.77,71851.17,71566.77,71622.67,1822,1800,0
2026-03-15 13:00:00,71617.06,71687.22,71264.21,71592.44,3386,1800,0
2026-03-15 14:00:00,71588.9,71636.51,71339.64,71619.05,2213,1800,0
2026-03-15 15:00:00,71620.13,71631.43,71409.05,71484.01,1831,1800,0
2026-03-15 16:00:00,71481.98,71588.1,71299.13,71441.59,2158,1800,0
2026-03-15 17:00:00,71442.12,71996.27,71407.33,71817.32,2229,1800,0
2026-03-15 18:00:00,71818.51,71895.79,71312.93,71390.78,2296,1800,0
2026-03-15 19:00:00,71386.7,71589.52,71335.24,71552.17,1773,1800,0
2026-03-15 20:00:00,71551.14,71938.36,71430.68,71732.15,2219,1800,0
2026-03-15 21:00:00,71735.03,72238.77,71629.61,72120.06,3407,1800,0
2026-03-15 22:00:00,72124.02,73148.74,71718.1,72755.23,6737,1800,0
2026-03-15 23:00:00,72748.18,73225.83,72417.54,72812.15,7031,1800,0
2026-03-16 00:00:00,72818.79,73025.15,72447.06,72540.58,4363,1800,0
2026-03-16 01:00:00,72543.81,72861.46,72268.82,72762.55,4322,1800,0
2026-03-16 02:00:00,72766.85,72867.4,72370.54,72517.16,2764,1800,0
2026-03-16 03:00:00,72514.83,74319.34,72435.02,73574.99,7292,1800,0
2026-03-16 04:00:00,73577.05,74469.42,73576.48,73819.99,5438,1800,0
2026-03-16 05:00:00,73822.13,74259.08,73700.97,74202.65,4232,1800,0
2026-03-16 06:00:00,74195.61,74204.75,73582.64,73710.69,3319,1800,0
2026-03-16 07:00:00,73702.72,73927.0,73372.37,73454.73,3141,1800,0
2026-03-16 08:00:00,73452.83,73782.1,72871.68,73140.95,4305,1800,0
2026-03-16 09:00:00,73140.52,73336.19,73055.41,73259.85,2651,1800,0
2026-03-16 10:00:00,73262.37,73799.96,73195.24,73788.68,3213,1800,0
2026-03-16 11:00:00,73792.23,73852.26,73494.47,73562.09,2612,1800,0
2026-03-16 12:00:00,73555.15,74069.4,73452.08,73866.24,4159,1800,0
2026-03-16 13:00:00,73864.82,74526.75,73776.94,74112.05,6881,1800,0
2026-03-16 14:00:00,74115.64,74496.85,72978.35,73560.68,10013,1800,0
2026-03-16 15:00:00,73560.98,74055.66,73181.83,73282.01,6727,1800,0
2026-03-16 16:00:00,73279.38,73925.97,73149.19,73760.9,5209,1800,0
2026-03-16 17:00:00,73762.63,74086.8,73638.17,73946.59,4764,1800,0
2026-03-16 18:00:00,73939.25,74363.94,73841.11,73913.2,5002,1800,0
2026-03-16 19:00:00,73915.37,74433.18,73767.7,73964.76,5154,1800,0
2026-03-16 20:00:00,73957.16,74240.1,73850.97,74226.08,2424,1800,0
2026-03-16 21:00:00,74226.26,74815.25,74150.22,74397.85,4381,1800,0
2026-03-16 22:00:00,74392.99,74904.72,74362.61,74754.13,4360,1800,0
2026-03-16 23:00:00,74751.98,74925.16,74238.86,74873.5,3620,1800,0
2026-03-17 00:00:00,74867.53,75514.91,74594.0,75310.48,7086,1800,0
2026-03-17 01:00:00,75307.58,76011.84,75058.33,75614.97,7836,1800,0
2026-03-17 02:00:00,75610.11,75677.26,75106.5,75197.47,3896,1800,0
2026-03-17 03:00:00,75206.0,75325.41,74268.75,74471.26,5438,1800,0
2026-03-17 04:00:00,74471.37,74685.61,73984.54,74239.73,4340,1800,0
2026-03-17 05:00:00,74241.36,74455.61,73767.61,74044.96,3447,1800,0
2026-03-17 06:00:00,74043.45,74278.39,73872.76,74074.03,3430,1800,0
2026-03-17 07:00:00,74075.84,74459.86,74049.45,74260.4,2900,1800,0
2026-03-17 08:00:00,74260.33,74463.73,74096.67,74190.89,3103,1800,0
2026-03-17 09:00:00,74187.33,74410.73,73836.57,73944.74,3076,1800,0
2026-03-17 10:00:00,73946.31,73979.72,73552.94,73734.55,3348,1800,0
2026-03-17 11:00:00,73735.98,74252.49,73680.09,74023.65,2911,1800,0
2026-03-17 12:00:00,74034.11,74184.83,73665.71,73733.02,3398,1800,0
2026-03-17 13:00:00,73730.0,74190.41,73386.1,73630.93,6240,1800,0
2026-03-17 14:00:00,73632.83,74452.49,73429.15,74392.37,7008,1800,0
2026-03-17 15:00:00,74393.78,74912.46,73674.02,73937.72,7385,1800,0
2026-03-17 16:00:00,73936.94,74363.44,73870.22,74170.7,4703,1800,0
2026-03-17 17:00:00,74170.57,74610.85,74014.75,74531.67,3629,1800,0
2026-03-17 18:00:00,74536.06,74785.16,74396.93,74685.1,3560,1800,0
2026-03-17 19:00:00,74689.16,74827.55,74451.57,74520.49,3374,1800,0
2026-03-17 20:00:00,74523.41,74707.14,74387.52,74528.2,2046,1800,0
2026-03-17 21:00:00,74530.16,74810.03,74463.5,74705.14,2168,1800,0
2026-03-17 22:00:00,74704.07,74798.71,73947.3,74333.44,2730,1800,0
2026-03-17 23:00:00,74333.52,74427.73,73877.26,73936.94,2714,1800,0
2026-03-18 00:00:00,73930.31,74084.15,73549.4,73863.46,4061,1800,0
2026-03-18 01:00:00,73866.36,74226.74,73828.3,74082.83,2922,1800,0
2026-03-18 02:00:00,74074.52,74494.36,74045.95,74359.93,2397,1800,0
2026-03-18 03:00:00,74356.79,74691.93,74259.92,74463.57,2533,1800,0
2026-03-18 04:00:00,74466.67,74510.61,74150.39,74198.42,2076,1800,0
2026-03-18 05:00:00,74197.32,74333.79,73847.46,73975.21,2339,1800,0
2026-03-18 06:00:00,73979.66,74248.6,73948.16,73971.44,2130,1800,0
2026-03-18 07:00:00,73965.81,74018.25,73701.62,73893.58,2252,1800,0
2026-03-18 08:00:00,73890.87,74135.96,73864.06,74055.21,2286,1800,0
2026-03-18 09:00:00,74055.17,74309.97,74029.32,74183.24,1896,1800,0
2026-03-18 10:00:00,74177.82,74272.76,73808.99,73951.9,2092,1800,0
2026-03-18 11:00:00,73944.66,74083.88,72800.06,72955.71,6781,1800,0
2026-03-18 12:00:00,72953.68,73007.4,72270.01,72365.04,7384,1800,0
2026-03-18 13:00:00,72368.7,72573.56,71968.57,72136.46,6966,1800,0
2026-03-18 14:00:00,72135.31,72232.55,71045.79,71209.97,8346,1800,0
2026-03-18 15:00:00,71203.37,71527.89,70849.48,71470.95,6520,1800,0
2026-03-18 16:00:00,71470.93,71574.51,71023.23,71326.92,4771,1800,0
2026-03-18 17:00:00,71327.53,71756.13,71191.47,71602.08,4117,1800,0
2026-03-18 18:00:00,71598.8,72017.77,70943.09,71099.52,7879,1800,0
2026-03-18 19:00:00,71098.63,71500.21,70892.57,71065.22,4732,1800,0
2026-03-18 20:00:00,71056.72,71331.8,70481.37,71216.41,4354,1800,0
2026-03-18 21:00:00,71213.65,71440.62,71150.4,71259.67,2434,1800,0
2026-03-18 22:00:00,71251.72,71264.38,70923.87,71140.72,2508,1800,0
2026-03-18 23:00:00,71142.86,71358.71,71051.48,71231.16,2740,1800,0
2026-03-19 00:00:00,71230.44,71313.06,70960.06,70998.62,3196,1800,0
2026-03-19 01:00:00,70997.6,71189.92,70938.32,71104.88,2858,1800,0
2026-03-19 02:00:00,71105.84,71260.34,70886.21,71058.59,2861,1800,0
2026-03-19 03:00:00,71058.85,71620.63,71050.8,71210.66,3355,1800,0
2026-03-19 04:00:00,71213.26,71213.26,70645.26,70816.88,3587,1800,0
2026-03-19 05:00:00,70815.04,70906.73,70632.81,70824.12,2879,1800,0
2026-03-19 06:00:00,70821.55,70984.63,70485.83,70570.17,3280,1800,0
2026-03-19 07:00:00,70577.91,70606.06,69476.15,70183.97,6795,1800,0
2026-03-19 08:00:00,70185.28,70292.41,69887.32,69991.04,4046,1800,0
2026-03-19 09:00:00,69991.14,70568.13,69973.59,70491.69,4432,1800,0
2026-03-19 10:00:00,70485.26,70525.77,70105.93,70122.89,2695,1800,0
2026-03-19 11:00:00,70132.79,70261.57,69893.94,69956.57,2696,1800,0
2026-03-19 12:00:00,69956.48,69956.48,69087.67,69295.77,5045,1800,0
2026-03-19 13:00:00,69295.6,70083.15,69064.81,69896.41,9663,1800,0
2026-03-19 14:00:00,69902.43,70167.72,69070.88,69465.9,8045,1800,0
2026-03-19 15:00:00,69463.39,69909.83,68782.39,69395.08,7790,1800,0
2026-03-19 16:00:00,69400.01,69636.23,69147.9,69443.37,5941,1800,0
2026-03-19 17:00:00,69445.7,69947.79,69093.66,69837.06,5157,1800,0
2026-03-19 18:00:00,69836.9,69926.47,69558.18,69806.21,3619,1800,0
2026-03-19 19:00:00,69799.33,70599.16,69784.54,70266.59,7879,1800,0
2026-03-19 20:00:00,70266.79,70682.58,70179.39,70478.96,2506,1800,0
2026-03-19 21:00:00,70470.48,70687.59,70363.98,70405.82,2429,1800,0
2026-03-19 22:00:00,70407.88,70500.75,69944.68,70176.48,2745,1800,0
2026-03-19 23:00:00,70178.81,70287.5,69706.77,69913.42,2868,1800,0
2026-03-20 00:00:00,69913.23,70310.86,69826.34,70182.17,2972,1800,0
2026-03-20 01:00:00,70182.97,70586.15,70174.74,70397.79,3319,1800,0
2026-03-20 02:00:00,70401.83,70516.15,70070.65,70396.28,2780,1800,0
2026-03-20 03:00:00,70396.96,70798.77,70368.94,70721.27,3152,1800,0
2026-03-20 04:00:00,70723.99,70967.91,70543.81,70756.5,2928,1800,0
2026-03-20 05:00:00,70757.8,70864.9,70493.76,70593.86,2423,1800,0
2026-03-20 06:00:00,70589.77,70646.59,70323.0,70487.48,2673,1800,0
2026-03-20 07:00:00,70486.06,70931.54,70180.1,70849.0,3467,1800,0
2026-03-20 08:00:00,70851.04,71359.63,70773.7,71021.1,4267,1800,0
2026-03-20 09:00:00,71018.8,71038.78,70404.95,70568.84,3926,1800,0
2026-03-20 10:00:00,70564.55,70665.15,70194.57,70597.88,3285,1800,0
2026-03-20 11:00:00,70601.67,70814.35,70285.64,70463.76,2782,1800,0
2026-03-20 12:00:00,70464.01,70680.7,70232.55,70328.72,3022,1800,0
2026-03-20 13:00:00,70329.84,70608.1,69770.02,69855.51,7657,1400,0
2026-03-20 14:00:00,69854.23,70256.13,69570.26,69725.51,10301,1400,0
2026-03-20 15:00:00,69728.58,69996.23,69458.93,69835.42,7766,1400,0
2026-03-20 16:00:00,69836.61,70095.92,69583.12,69802.9,5522,1400,0
2026-03-20 17:00:00,69805.05,70037.32,69357.2,69977.52,5773,1400,0
2026-03-20 18:00:00,69979.05,70061.33,69493.87,69738.99,5660,1400,0
2026-03-20 19:00:00,69740.29,70183.98,69641.14,70166.12,4987,1400,0
2026-03-20 20:00:00,70167.89,70249.64,69730.01,70041.84,2990,1400,0
2026-03-20 21:00:00,70033.83,70736.65,69922.02,70528.06,3457,1400,0
2026-03-20 22:00:00,70513.47,70913.43,70512.47,70752.59,2878,1400,0
2026-03-20 23:00:00,70751.53,70762.7,70402.38,70489.91,2503,1400,0
2026-03-21 00:00:00,70487.26,70817.53,70451.72,70667.74,2345,1400,0
2026-03-21 01:00:00,70668.37,70748.36,70431.46,70451.56,2010,1400,0
2026-03-21 02:00:00,70451.23,70777.88,70415.06,70716.15,2032,1400,0
2026-03-21 03:00:00,70716.06,70774.86,70603.59,70656.7,1738,1400,0
2026-03-21 04:00:00,70650.66,70823.03,70599.24,70631.28,1892,1400,0
2026-03-21 05:00:00,70631.36,70818.25,70610.33,70689.34,1795,1400,0
2026-03-21 06:00:00,70689.18,70808.29,70673.7,70759.7,1705,1400,0
2026-03-21 07:00:00,70754.57,70870.2,70652.22,70704.35,1687,1400,0
2026-03-21 08:00:00,70704.29,70749.0,70476.83,70576.12,1962,1400,0
2026-03-21 09:00:00,70578.32,70715.21,70548.76,70640.22,1766,1400,0
2026-03-21 10:00:00,70646.99,70683.42,70536.25,70589.26,1454,1400,0
2026-03-21 11:00:00,70593.18,70642.88,70547.89,70632.85,1323,1400,0
2026-03-21 12:00:00,70633.14,70793.05,70633.14,70693.6,1591,1400,0
2026-03-21 13:00:00,70694.52,70793.15,70682.01,70708.37,1399,1400,0
2026-03-21 14:00:00,70709.93,71094.18,70562.76,70619.18,2858,1400,0
2026-03-21 15:00:00,70622.85,70751.92,70432.93,70614.87,2368,1400,0
2026-03-21 16:00:00,70611.92,70640.73,70223.78,70290.49,2107,1400,0
2026-03-21 17:00:00,70296.68,70415.45,70169.64,70295.45,1831,1400,0
2026-03-21 18:00:00,70294.5,70521.8,70268.03,70364.66,1512,1400,0
2026-03-21 19:00:00,70362.14,70433.61,70302.9,70370.81,1221,1400,0
2026-03-21 20:00:00,70370.79,70486.08,70333.17,70439.87,1315,1400,0
2026-03-21 21:00:00,70439.82,70501.93,70237.71,70333.93,1373,1400,0
2026-03-21 22:00:00,70334.85,70367.78,70243.92,70263.02,1478,1400,0
2026-03-21 23:00:00,70270.21,70276.89,68541.88,68907.03,7041,1400,0
2026-03-22 00:00:00,68919.55,69146.6,68225.21,68919.45,10305,1400,0
2026-03-22 01:00:00,68920.76,69090.48,68734.49,68954.44,3675,1400,0
2026-03-22 02:00:00,68956.89,69403.93,68922.98,69268.23,3343,1400,0
2026-03-22 03:00:00,69255.69,69580.09,69099.45,69319.7,3387,1400,0
2026-03-22 04:00:00,69322.64,69520.33,69189.93,69325.57,2726,1400,0
2026-03-22 05:00:00,69325.65,69343.62,69120.84,69130.28,1903,1400,0
2026-03-22 06:00:00,69126.07,69237.33,69036.51,69138.66,1933,1400,0
2026-03-22 07:00:00,69144.37,69230.27,68873.47,68912.15,2387,1400,0
2026-03-22 08:00:00,68912.02,68975.62,68538.23,68774.21,3812,1400,0
2026-03-22 09:00:00,68771.14,68888.15,68563.75,68802.49,2541,1400,0
2026-03-22 10:00:00,68800.44,68838.31,68562.14,68628.4,2071,1400,0
2026-03-22 11:00:00,68625.68,68679.99,68063.56,68208.06,3866,1400,0
2026-03-22 12:00:00,68210.43,68757.0,68173.51,68640.72,3247,1400,0
2026-03-22 13:00:00,68651.34,68943.22,68523.41,68691.97,3195,1400,0
2026-03-22 14:00:00,68692.86,68923.21,68523.37,68699.03,2703,1400,0
2026-03-22 15:00:00,68702.84,69023.92,68691.99,68834.68,2516,1400,0
2026-03-22 16:00:00,68836.98,68880.4,68654.38,68783.61,2055,1400,0
2026-03-22 17:00:00,68785.77,68849.24,68655.04,68662.49,1990,1400,0
2026-03-22 18:00:00,68658.35,68742.93,68322.03,68598.65,2599,1400,0
2026-03-22 19:00:00,68607.19,68622.14,68128.3,68195.79,2991,1400,0
2026-03-22 20:00:00,68198.49,68496.43,68067.61,68157.43,2538,1400,0
2026-03-22 21:00:00,68160.18,68223.48,67323.47,67892.73,6623,1400,0
2026-03-22 22:00:00,67871.42,68392.18,67549.21,68310.98,5805,1400,0
2026-03-22 23:00:00,68319.85,68452.95,67809.1,67845.73,3791,1400,0
2026-03-23 00:00:00,67844.7,68142.79,67421.39,67651.2,7069,1400,0
2026-03-23 01:00:00,67650.63,68143.47,67505.67,67894.2,5583,1400,0
2026-03-23 02:00:00,67896.59,68385.98,67770.95,68293.51,4208,1400,0
2026-03-23 03:00:00,68301.18,68570.84,68029.54,68056.29,3570,1400,0
2026-03-23 04:00:00,68056.0,68520.42,68029.09,68515.18,3074,1400,0
2026-03-23 05:00:00,68511.2,68890.09,68508.14,68879.97,4096,1400,0
2026-03-23 06:00:00,68871.58,68877.59,67660.07,67850.63,5747,1400,0
2026-03-23 07:00:00,67848.89,68442.37,67476.64,68291.43,6759,1400,0
2026-03-23 08:00:00,68293.75,68685.05,68282.59,68407.25,5423,1400,0
2026-03-23 09:00:00,68404.5,68449.36,67887.99,68318.65,4177,1400,0
2026-03-23 10:00:00,68317.65,68699.96,68265.63,68513.35,3985,1400,0
2026-03-23 11:00:00,68515.12,71485.7,68515.12,70103.49,27464,1400,0
2026-03-23 12:00:00,70106.06,70863.07,69642.87,70711.04,11910,1400,0
2026-03-23 13:00:00,70712.38,71581.7,70559.33,71466.47,13810,1400,0
2026-03-23 14:00:00,71470.95,71814.33,71100.55,71427.52,11058,1400,0
2026-03-23 15:00:00,71434.76,71657.43,70076.13,70125.45,9575,1400,0
2026-03-23 16:00:00,70125.33,70737.13,70104.94,70549.49,9832,1400,0
2026-03-23 17:00:00,70553.8,71106.26,70326.4,71053.36,7062,1400,0
2026-03-23 18:00:00,71049.7,71182.63,70845.22,71042.02,5609,1400,0
2026-03-23 19:00:00,71046.0,71237.12,70623.94,70651.72,4218,1400,0
2026-03-23 20:00:00,70651.8,70964.4,70528.19,70888.63,2540,1400,0
2026-03-23 21:00:00,70890.09,70985.97,70797.23,70833.99,1987,1400,0
2026-03-23 22:00:00,70834.97,70882.32,70485.99,70744.49,3365,1400,0
2026-03-23 23:00:00,70744.21,70978.66,70366.56,70866.74,3692,1400,0
2026-03-24 00:00:00,70873.78,71076.33,70384.76,70653.03,5137,1400,0
2026-03-24 01:00:00,70650.91,70859.72,70249.23,70493.16,4561,1400,0
2026-03-24 02:00:00,70493.49,70682.24,70340.0,70417.66,3971,1400,0
2026-03-24 03:00:00,70415.46,70568.88,70364.82,70520.82,2951,1400,0
2026-03-24 04:00:00,70516.51,70723.59,70220.72,70354.48,3327,1400,0
2026-03-24 05:00:00,70357.35,70359.92,70090.17,70251.65,3506,1400,0
2026-03-24 06:00:00,70253.14,70550.87,70219.37,70514.11,2707,1400,0
2026-03-24 07:00:00,70515.72,71392.14,70441.54,71275.2,4953,1400,0
2026-03-24 08:00:00,71268.25,71323.9,70826.64,70937.12,4267,1400,0
2026-03-24 09:00:00,70936.46,71353.32,70821.54,71300.72,3044,1400,0
2026-03-24 10:00:00,71301.01,71317.18,71065.97,71252.9,2765,1400,0
2026-03-24 11:00:00,71245.38,71315.71,70924.36,71135.13,3778,1400,0
2026-03-24 12:00:00,71137.47,71166.01,70831.99,70945.47,3388,1400,0
2026-03-24 13:00:00,70938.48,71047.58,69899.08,70079.13,9071,1400,0
2026-03-24 14:00:00,70081.81,70443.99,69472.98,69843.38,11528,1400,0
2026-03-24 15:00:00,69844.99,70245.08,69733.26,69835.9,7904,1400,0
2026-03-24 16:00:00,69833.67,69985.2,69274.76,69451.42,6022,1400,0
2026-03-24 17:00:00,69454.12,69489.63,68876.74,69199.9,7324,1400,0
2026-03-24 18:00:00,69207.15,69726.16,69121.19,69401.31,5116,1400,0
2026-03-24 19:00:00,69399.93,69660.07,69217.73,69335.05,3488,1400,0
2026-03-24 20:00:00,69328.08,70268.08,69241.41,70070.45,5996,1400,0
2026-03-24 21:00:00,70068.32,70379.8,69857.88,70290.36,3709,1400,0
2026-03-24 22:00:00,70288.4,70542.27,70077.26,70277.96,3797,1400,0
2026-03-24 23:00:00,70282.9,70806.77,70217.72,70519.35,3073,1400,0
2026-03-25 00:00:00,70527.35,71022.04,70434.37,70805.79,3893,1400,0
2026-03-25 01:00:00,70803.5,70951.88,70597.11,70648.59,3559,1400,0
2026-03-25 02:00:00,70649.72,70735.87,70451.49,70489.44,2897,1400,0
2026-03-25 03:00:00,70491.23,70775.82,70364.27,70689.59,2816,1400,0
2026-03-25 04:00:00,70686.39,70945.07,70648.36,70933.47,2326,1400,0
2026-03-25 05:00:00,70931.23,71318.13,70892.47,71081.5,3132,1400,0
2026-03-25 06:00:00,71082.16,71248.45,70948.6,70975.14,2306,1400,0
2026-03-25 07:00:00,70979.2,71245.53,70857.92,70912.02,2427,1400,0
2026-03-25 08:00:00,70913.6,71490.79,70762.85,71213.68,3823,1400,0
2026-03-25 09:00:00,71203.51,71399.98,71070.82,71316.01,2753,1400,0
2026-03-25 10:00:00,71323.66,71623.99,71263.56,71483.48,2670,1400,0
2026-03-25 11:00:00,71483.48,72040.9,71433.66,71674.76,4143,1400,0
2026-03-25 12:00:00,71675.18,71946.0,71098.14,71693.6,5867,1400,0
2026-03-25 13:00:00,71695.61,71950.97,71486.4,71554.77,6426,1400,0
2026-03-25 14:00:00,71555.28,71682.53,71195.48,71209.39,6726,1400,0
2026-03-25 15:00:00,71212.23,71296.46,70547.2,70811.57,6980,1400,0
2026-03-25 16:00:00,70799.97,71735.69,70675.03,71301.1,6084,1400,0
2026-03-25 17:00:00,71301.32,71373.94,70673.15,70755.61,4177,1400,0
2026-03-25 18:00:00,70757.72,71125.08,70643.42,70791.53,3564,1400,0
2026-03-25 19:00:00,70791.89,71081.28,70738.37,70855.28,3372,1400,0
2026-03-25 20:00:00,70860.52,71032.87,70599.57,70977.74,2347,1400,0
2026-03-25 21:00:00,70978.63,71157.34,70911.86,71000.54,2193,1400,0
2026-03-25 22:00:00,71000.1,71573.29,70913.32,71340.53,2948,1400,0
2026-03-25 23:00:00,71340.22,71411.94,71150.05,71308.4,2495,1400,0
2026-03-26 00:00:00,71297.52,71404.5,71093.29,71262.04,2827,1400,0
2026-03-26 01:00:00,71263.04,71343.94,71118.47,71212.78,2682,1400,0
2026-03-26 02:00:00,71213.92,71255.79,70643.64,70849.57,3107,1400,0
2026-03-26 03:00:00,70848.72,70945.39,70645.83,70861.39,2476,1400,0
2026-03-26 04:00:00,70875.7,70881.29,70676.62,70734.93,2058,1400,0
2026-03-26 05:00:00,70735.01,70765.25,69900.36,69976.02,4041,1400,0
2026-03-26 06:00:00,69970.85,70120.34,69799.46,70053.57,3545,1400,0
2026-03-26 07:00:00,70061.62,70135.51,69745.07,70060.2,3169,1400,0
2026-03-26 08:00:00,70057.02,70100.29,69762.55,69983.27,3213,1400,0
2026-03-26 09:00:00,69979.21,70128.41,69361.32,69529.05,4623,1400,0
2026-03-26 10:00:00,69528.42,69697.46,69415.54,69477.81,2996,1400,0
2026-03-26 11:00:00,69479.48,69615.9,69138.56,69243.01,3496,1400,0
2026-03-26 12:00:00,69240.69,69435.82,69179.57,69393.85,2767,1400,0
2026-03-26 13:00:00,69394.01,69862.3,69165.49,69603.67,6020,1400,0
2026-03-26 14:00:00,69616.41,69799.82,69207.37,69436.47,6728,1400,0
2026-03-26 15:00:00,69444.4,69464.84,68573.82,69040.03,6773,1400,0
2026-03-26 16:00:00,69037.27,69037.27,68769.91,68878.88,4153,1400,0
2026-03-26 17:00:00,68877.73,69118.0,68301.2,68440.85,3895,1400,0
2026-03-26 18:00:00,68438.41,68565.83,68099.05,68432.02,5054,1400,0
2026-03-26 19:00:00,68441.38,68636.41,68292.34,68477.07,2971,1400,0
2026-03-26 20:00:00,68479.51,69436.51,68371.45,68949.71,6688,1400,0
2026-03-26 21:00:00,68946.87,69153.5,68818.38,68867.07,2648,1400,0
2026-03-26 22:00:00,68870.44,68973.58,68532.0,68839.95,3370,1400,0
2026-03-26 23:00:00,68844.31,68948.57,68575.03,68768.81,2523,1400,0
2026-03-27 00:00:00,68769.14,68914.9,68461.05,68716.19,3294,1400,0
2026-03-27 01:00:00,68716.34,69022.38,68634.69,68998.82,2599,1400,0
2026-03-27 02:00:00,69004.44,69132.17,68811.96,68868.26,2378,1400,0
2026-03-27 03:00:00,68871.96,68880.85,68617.56,68717.02,2253,1400,0
2026-03-27 04:00:00,68717.61,68750.33,68248.03,68523.74,3085,1400,0
2026-03-27 05:00:00,68521.21,68819.54,68452.52,68573.79,2665,1400,0
2026-03-27 06:00:00,68575.94,68805.27,68512.18,68601.82,2136,1400,0
2026-03-27 07:00:00,68603.78,68911.99,68393.43,68480.42,2901,1400,0
2026-03-27 08:00:00,68483.83,68592.67,67558.42,67862.69,5381,1400,0
2026-03-27 09:00:00,67863.68,67904.32,67488.51,67644.91,3637,1400,0
2026-03-27 10:00:00,67645.24,67728.3,66266.33,66467.49,7423,1400,0
2026-03-27 11:00:00,66470.76,66811.56,66185.87,66665.34,4582,1400,0
2026-03-27 12:00:00,66667.13,66747.27,66382.9,66580.45,3384,1400,0
2026-03-27 13:00:00,66581.93,66701.01,65935.75,66151.71,6726,1400,0
2026-03-27 14:00:00,66151.07,66376.37,65673.64,66160.03,7692,1400,0
2026-03-27 15:00:00,66157.79,66596.78,65907.2,66077.53,5797,1400,0
2026-03-27 16:00:00,66076.63,66137.58,65730.0,65931.69,5149,1400,0
2026-03-27 17:00:00,65935.2,66249.17,65525.95,65585.17,4975,1400,0
2026-03-27 18:00:00,65589.17,65917.24,65479.34,65782.2,4729,1400,0
2026-03-27 19:00:00,65793.02,66095.61,65635.48,65983.69,4138,1400,0
2026-03-27 20:00:00,65980.9,66099.33,65743.45,65966.79,2776,1400,0
2026-03-27 21:00:00,65963.59,66139.13,65946.75,66019.47,1809,1400,0
2026-03-27 22:00:00,66021.04,66037.94,65857.69,65975.78,1690,1400,0
2026-03-27 23:00:00,65981.13,66374.06,65909.94,66352.96,1700,1400,0
2026-03-28 00:00:00,66345.96,66467.9,66227.39,66385.99,1953,1400,0
2026-03-28 01:00:00,66375.66,66375.66,65990.56,66120.62,2050,1400,0
2026-03-28 02:00:00,66121.5,66206.44,65865.61,66005.17,2096,1400,0
2026-03-28 03:00:00,66006.16,66198.23,66004.56,66172.25,1749,1400,0
2026-03-28 04:00:00,66179.66,66261.36,66049.15,66228.41,1591,1400,0
2026-03-28 05:00:00,66226.4,66335.37,66151.47,66294.9,1511,1400,0
2026-03-28 06:00:00,66294.17,66451.93,66250.92,66340.25,1669,1400,0
2026-03-28 07:00:00,66346.3,66524.61,66323.57,66498.41,1400,1400,0
2026-03-28 08:00:00,66497.33,66522.24,66335.04,66361.84,1573,1400,0
2026-03-28 09:00:00,66362.08,66362.08,66182.17,66256.54,1462,1400,0
2026-03-28 10:00:00,66259.22,66367.47,66066.53,66169.18,1553,1400,0
2026-03-28 11:00:00,66169.28,66312.53,66140.1,66269.17,1148,1400,0
2026-03-28 12:00:00,66270.62,66490.27,66175.19,66410.83,1673,1400,0
2026-03-28 13:00:00,66406.58,67131.23,66347.82,66798.31,3725,1400,0
2026-03-28 14:00:00,66788.74,66924.25,66616.93,66702.32,2723,1400,0
2026-03-28 15:00:00,66696.72,67261.24,66650.6,66959.18,3217,1400,0
2026-03-28 16:00:00,66958.93,67049.51,66794.59,66869.77,2150,1400,0
2026-03-28 17:00:00,66860.44,66939.18,66625.01,66797.47,2216,1400,0
2026-03-28 18:00:00,66797.27,66912.99,66778.01,66854.07,1511,1400,0
2026-03-28 19:00:00,66864.58,66907.21,66747.61,66855.1,1392,1400,0
2026-03-28 20:00:00,66855.04,66963.2,66844.15,66864.11,1539,1400,0
2026-03-28 21:00:00,66858.67,66877.05,66519.82,66623.08,1834,1400,0
2026-03-28 22:00:00,66620.46,66733.99,66537.76,66700.45,1894,1400,0
2026-03-28 23:00:00,66699.72,66699.72,66213.85,66320.68,2503,1400,0
2026-03-29 00:00:00,66319.74,66454.12,66214.43,66416.99,2190,1400,0
2026-03-29 01:00:00,66413.42,66568.54,66315.22,66507.88,2126,1400,0
2026-03-29 02:00:00,66506.12,66797.65,66471.54,66740.99,2096,1400,0
2026-03-29 03:00:00,66741.32,67074.23,66691.22,66847.28,2111,1400,0
2026-03-29 04:00:00,66851.54,66881.31,66654.58,66684.74,1782,1400,0
2026-03-29 05:00:00,66684.65,66781.81,66535.2,66714.86,2024,1400,0
2026-03-29 06:00:00,66711.02,66819.64,66582.92,66673.99,1674,1400,0
2026-03-29 07:00:00,66673.09,66700.05,66490.46,66606.89,1599,1400,0
2026-03-29 08:00:00,66603.07,66722.09,66537.49,66663.91,1530,1400,0
2026-03-29 09:00:00,66666.23,66718.15,66473.11,66563.47,1808,1400,0
2026-03-29 10:00:00,66561.23,66561.23,66340.41,66452.84,1993,1400,0
2026-03-29 11:00:00,66453.51,66963.54,66442.19,66758.45,2659,1400,0
2026-03-29 12:00:00,66752.41,66811.66,66639.56,66784.87,1935,1400,0
2026-03-29 13:00:00,66788.1,66816.05,66460.25,66519.79,2752,1400,0
2026-03-29 14:00:00,66520.77,66737.43,66395.8,66527.71,2725,1400,0
2026-03-29 15:00:00,66529.01,66663.96,66256.47,66464.93,2854,1400,0
2026-03-29 16:00:00,66468.35,66600.42,66360.75,66443.72,2491,1400,0
2026-03-29 17:00:00,66445.54,66487.94,66087.96,66321.04,2523,1400,0
2026-03-29 18:00:00,66320.77,66499.08,66250.0,66360.8,1816,1400,0
2026-03-29 19:00:00,66360.2,66427.18,66258.3,66286.36,1536,1400,0
2026-03-29 20:00:00,66291.91,66744.61,66288.18,66543.39,1866,1400,0
2026-03-29 21:00:00,66549.82,66706.8,66451.88,66639.27,1786,1400,0
2026-03-29 22:00:00,66650.7,66662.58,64925.79,65800.9,8907,1400,0
2026-03-29 23:00:00,65800.07,66334.18,65795.77,65959.44,7101,1400,0
2026-03-30 00:00:00,65961.45,67017.54,65727.61,66205.92,10440,1400,0
2026-03-30 01:00:00,66210.44,66775.03,66210.44,66597.3,6102,1400,0
2026-03-30 02:00:00,66599.32,67436.75,66503.78,67053.94,6159,1400,0
2026-03-30 03:00:00,67053.25,67262.26,66906.59,67100.9,3955,1400,0
2026-03-30 04:00:00,67100.87,67597.56,67087.13,67541.37,4594,1400,0
2026-03-30 05:00:00,67546.94,67754.93,67364.85,67437.79,3884,1400,0
2026-03-30 06:00:00,67437.07,67523.88,67203.27,67242.07,3141,1400,0
2026-03-30 07:00:00,67236.51,67585.54,67157.9,67559.05,3067,1400,0
2026-03-30 08:00:00,67552.61,67889.24,67532.42,67601.15,3774,1400,0
2026-03-30 09:00:00,67598.8,67634.52,67392.78,67426.46,2353,1400,0
2026-03-30 10:00:00,67426.83,67461.68,67296.76,67435.09,2086,1400,0
2026-03-30 11:00:00,67438.78,67952.9,67417.65,67620.76,3989,1400,0
2026-03-30 12:00:00,67621.48,67929.17,67597.67,67840.72,3091,1400,0
2026-03-30 13:00:00,67845.72,68128.88,67377.36,67468.96,5511,1400,0
2026-03-30 14:00:00,67470.75,67827.13,67027.03,67741.13,7530,1400,0
2026-03-30 15:00:00,67732.98,67857.11,67348.56,67577.52,5487,1400,0
2026-03-30 16:00:00,67574.91,67597.7,67155.44,67311.22,3853,1400,0
2026-03-30 17:00:00,67309.6,67414.0,66583.23,66774.29,5181,1400,0
2026-03-30 18:00:00,66775.01,66866.25,66435.62,66592.37,3767,1400,0
2026-03-30 19:00:00,66589.36,66612.88,66169.18,66480.21,4223,1400,0
2026-03-30 20:00:00,66477.86,66630.14,66452.14,66593.04,2299,1400,0
2026-03-30 21:00:00,66588.6,66931.73,66528.63,66743.12,2659,1400,0
2026-03-30 22:00:00,66741.47,66948.49,66625.66,66717.55,2425,1400,0
2026-03-30 23:00:00,66716.31,66748.56,66349.12,66744.43,2778,1400,0
2026-03-31 00:00:00,66736.14,67252.46,66473.38,67149.08,5203,1400,0
2026-03-31 01:00:00,67163.86,68350.01,66988.47,67873.48,7321,1400,0
2026-03-31 02:00:00,67868.68,68048.96,67709.99,67887.36,3632,1400,0
2026-03-31 03:00:00,67885.08,67953.67,67583.52,67648.03,2998,1400,0
2026-03-31 04:00:00,67648.65,67831.19,67422.73,67486.55,3111,1400,0
2026-03-31 05:00:00,67484.79,67736.38,67329.28,67627.39,3211,1400,0
2026-03-31 06:00:00,67627.56,67652.12,67264.84,67428.65,3040,1400,0
2026-03-31 07:00:00,67435.25,67463.36,67038.68,67310.52,3322,1400,0
2026-03-31 08:00:00,67310.54,67445.75,66613.35,66708.38,4120,1400,0
2026-03-31 09:00:00,66709.28,66859.03,65914.41,66070.91,5144,1400,0
2026-03-31 10:00:00,66071.32,66414.16,66030.65,66308.56,3254,1400,0
2026-03-31 11:00:00,66309.68,66814.33,66172.5,66617.5,4876,1400,0
2026-03-31 12:00:00,66625.06,66873.44,66443.53,66581.33,3958,1400,0
2026-03-31 13:00:00,66594.61,67354.55,66591.78,67241.14,6118,1400,0
2026-03-31 14:00:00,67230.6,67733.1,66348.26,66521.69,8964,1400,0
2026-03-31 15:00:00,66526.51,67230.92,66526.51,66683.58,7314,1400,0
2026-03-31 16:00:00,66685.54,67963.77,66667.44,67605.6,9744,1400,0
2026-03-31 17:00:00,67598.11,68541.08,67337.08,67469.5,9408,1400,0
2026-03-31 18:00:00,67471.09,67890.07,67454.03,67780.51,4369,1400,0
2026-03-31 19:00:00,67779.8,67979.87,67637.6,67765.92,3891,1400,0
2026-03-31 20:00:00,67761.25,68210.07,67757.18,68192.76,3167,1400,0
2026-03-31 21:00:00,68184.85,68358.39,67821.86,68202.12,3118,1400,0
2026-03-31 22:00:00,68201.85,68282.55,67889.15,68107.9,2719,1400,0
2026-03-31 23:00:00,68112.95,68316.04,68025.93,68220.13,2773,1400,0
2026-04-01 00:00:00,68209.63,68285.74,67784.68,68262.89,3815,1400,0
2026-04-01 01:00:00,68263.16,68311.82,67688.62,67724.81,3504,1400,0
2026-04-01 02:00:00,67724.71,67855.95,67505.19,67605.09,3291,1400,0
2026-04-01 03:00:00,67600.54,68184.8,67600.54,68112.25,2997,1400,0
2026-04-01 04:00:00,68105.21,68433.73,67933.31,68253.52,2810,1400,0
2026-04-01 05:00:00,68251.68,68712.14,68089.82,68402.15,3708,1400,0
2026-04-01 06:00:00,68395.46,69208.77,68392.08,69063.19,4426,1400,0
2026-04-01 07:00:00,69063.54,69291.59,68630.38,68656.17,3859,1400,0
2026-04-01 08:00:00,68641.55,68824.48,68427.77,68628.54,3559,1400,0
2026-04-01 09:00:00,68620.53,68704.97,68351.94,68618.97,2960,1400,0
2026-04-01 10:00:00,68619.05,68640.38,68367.99,68550.15,2642,1400,0
2026-04-01 11:00:00,68552.16,68719.24,68474.2,68686.5,2484,1400,0
2026-04-01 12:00:00,68684.33,68768.88,68216.63,68370.66,4668,1400,0
2026-04-01 13:00:00,68370.24,68659.42,67889.14,68094.18,7046,1400,0
2026-04-01 14:00:00,68079.64,68666.84,68020.01,68565.45,6959,1400,0
2026-04-01 15:00:00,68574.71,68947.79,68389.72,68894.73,4900,1400,0
2026-04-01 16:00:00,68893.96,68978.72,68577.43,68796.58,4134,1400,0
2026-04-01 17:00:00,68795.73,69149.73,68215.13,68254.26,4594,1400,0
2026-04-01 18:00:00,68254.67,68298.49,67901.46,68062.42,4734,1400,0
2026-04-01 19:00:00,68061.24,68274.98,67999.92,68154.47,3205,1400,0
2026-04-01 20:00:00,68139.97,68234.84,67941.47,68186.39,2312,1400,0
2026-04-01 21:00:00,68186.31,68535.74,68151.56,68342.3,2616,1400,0
2026-04-01 22:00:00,68340.49,68345.82,68055.72,68109.21,3048,1400,0
2026-04-01 23:00:00,68111.97,68244.45,67975.47,68110.49,2584,1400,0
2026-04-02 00:00:00,68108.51,68652.17,68030.22,68579.5,3824,1400,0
2026-04-02 01:00:00,68579.23,68579.23,67018.66,67347.81,14554,1400,0
2026-04-02 02:00:00,67341.45,67341.45,66611.86,66839.01,6193,1400,0
2026-04-02 03:00:00,66846.18,66959.05,66476.02,66551.85,3786,1400,0
2026-04-02 04:00:00,66552.6,66640.33,66188.59,66318.26,3198,1400,0
2026-04-02 05:00:00,66316.08,66634.76,66286.24,66568.01,2730,1400,0
2026-04-02 06:00:00,66578.02,66801.18,66521.84,66660.51,2467,1400,0
2026-04-02 07:00:00,66661.81,66918.5,66530.58,66899.67,2336,1400,0
2026-04-02 08:00:00,66902.69,66902.69,66381.77,66431.64,2347,1400,0
2026-04-02 09:00:00,66428.42,66493.89,66255.62,66441.46,2495,1400,0
2026-04-02 10:00:00,66451.04,66494.46,66188.91,66441.23,2729,1400,0
2026-04-02 11:00:00,66443.32,66471.98,66092.55,66183.74,2736,1400,0
2026-04-02 12:00:00,66188.18,66229.47,65927.0,66035.39,3721,1400,0
2026-04-02 13:00:00,66037.06,66264.86,65682.9,66243.5,6730,1400,0
2026-04-02 14:00:00,66246.44,67101.23,66139.34,66842.65,9831,1400,0
2026-04-02 15:00:00,66841.45,66983.64,66618.2,66836.7,5588,1400,0
2026-04-02 16:00:00,66827.69,67261.27,66727.41,67075.96,4648,1400,0
2026-04-02 17:00:00,67076.91,67432.38,66641.48,66675.35,4005,1400,0
2026-04-02 18:00:00,66674.12,67060.84,66577.98,66962.26,3371,1400,0
2026-04-02 19:00:00,66962.34,67105.05,66855.82,66967.27,2828,1400,0
2026-04-02 20:00:00,66972.16,67098.67,66773.51,66922.85,2078,1400,0
2026-04-02 21:00:00,66934.04,67010.12,66705.04,66929.33,1964,1400,0
2026-04-02 22:00:00,66927.09,67034.88,66803.34,66984.33,2112,1400,0
2026-04-02 23:00:00,66984.4,67094.3,66835.77,66887.13,1971,1400,0
2026-04-03 00:00:00,66889.92,66992.23,66687.18,66776.72,2396,1400,0
2026-04-03 01:00:00,66774.46,66898.88,66462.19,66614.16,2969,1400,0
2026-04-03 02:00:00,66605.15,66742.16,66263.19,66520.76,3653,1400,0
2026-04-03 03:00:00,66520.69,66720.21,66473.05,66570.32,2244,1400,0
2026-04-03 04:00:00,66571.12,66694.4,66486.19,66599.29,2172,1400,0
2026-04-03 05:00:00,66608.22,66808.81,66395.26,66605.1,2501,1400,0
2026-04-03 06:00:00,66595.96,66794.01,66538.36,66784.85,2577,1400,0
2026-04-03 07:00:00,66781.06,67263.97,66745.39,67043.16,3209,1400,0
2026-04-03 08:00:00,67035.5,67288.82,66891.74,66959.82,2655,1400,0
2026-04-03 09:00:00,66958.53,66998.78,66728.62,66859.86,1964,1400,0
2026-04-03 10:00:00,66855.09,66890.5,66661.43,66866.92,1993,1400,0
2026-04-03 11:00:00,66869.65,67059.79,66815.45,67007.7,1956,1400,0
2026-04-03 12:00:00,67011.65,67371.31,66626.88,66706.8,3824,1400,0
2026-04-03 13:00:00,66724.62,66739.14,66498.53,66670.84,3052,1400,0
2026-04-03 14:00:00,66663.12,66995.11,66618.93,66929.37,2601,1400,0
2026-04-03 15:00:00,66925.08,67017.96,66789.14,66816.05,2216,1400,0
2026-04-03 16:00:00,66825.34,67072.93,66802.18,66992.01,1781,1400,0
2026-04-03 17:00:00,66995.42,67071.03,66748.15,66836.16,2000,1400,0
2026-04-03 18:00:00,66829.42,66918.68,66765.62,66812.28,1381,1400,0
2026-04-03 19:00:00,66815.43,66900.27,66759.06,66867.06,1562,1400,0
2026-04-03 20:00:00,66866.97,66910.67,66817.45,66821.26,1248,1400,0
2026-04-03 21:00:00,66823.76,66980.98,66808.72,66949.95,1354,1400,0
2026-04-03 22:00:00,66959.6,66965.37,66834.02,66879.83,1556,1400,0
2026-04-03 23:00:00,66877.43,66949.11,66816.35,66945.71,1206,1400,0
2026-04-04 00:00:00,66946.89,66952.85,66866.45,66893.25,1244,1400,0
2026-04-04 01:00:00,66894.24,66917.36,66817.32,66844.31,1074,1400,0
2026-04-04 02:00:00,66845.98,66907.12,66794.99,66831.25,1204,1400,0
2026-04-04 03:00:00,66830.63,66895.59,66815.6,66821.46,962,1400,0
2026-04-04 04:00:00,66819.72,66861.67,66766.25,66850.35,866,1400,0
2026-04-04 05:00:00,66853.32,66919.56,66830.4,66896.95,1190,1400,0
2026-04-04 06:00:00,66896.62,67050.47,66896.62,67001.9,1191,1400,0
2026-04-04 07:00:00,67004.86,67041.92,66921.5,66996.31,1004,1400,0
2026-04-04 08:00:00,67003.89,67052.38,66889.68,66928.28,1119,1400,0
2026-04-04 09:00:00,66932.36,66983.99,66906.55,66973.88,1057,1400,0
2026-04-04 10:00:00,66964.9,67172.29,66892.47,67149.16,1253,1400,0
2026-04-04 11:00:00,67148.73,67233.83,67065.01,67148.89,1295,1400,0
2026-04-04 12:00:00,67137.62,67172.22,67045.49,67079.34,1238,1400,0
2026-04-04 13:00:00,67086.11,67272.78,67064.84,67190.32,1366,1400,0
2026-04-04 14:00:00,67187.46,67209.33,67015.28,67189.01,1117,1400,0
2026-04-04 15:00:00,67188.95,67571.23,67159.74,67370.98,2041,1400,0
2026-04-04 16:00:00,67379.85,67520.18,67304.28,67360.02,1682,1400,0
2026-04-04 17:00:00,67359.95,67408.73,67270.93,67321.56,1243,1400,0
2026-04-04 18:00:00,67317.47,67367.56,67235.99,67284.02,1202,1400,0
2026-04-04 19:00:00,67292.88,67544.07,67254.8,67273.47,1680,1400,0
2026-04-04 20:00:00,67277.55,67294.27,67164.23,67261.08,1080,1400,0
2026-04-04 21:00:00,67258.55,67472.57,67204.8,67349.44,1253,1400,0
2026-04-04 22:00:00,67350.02,67458.61,67316.27,67383.58,1288,1400,0
2026-04-04 23:00:00,67383.44,67389.92,67226.29,67290.7,1186,1400,0
2026-04-05 00:00:00,67296.12,67298.88,67139.28,67189.11,1321,1400,0
2026-04-05 01:00:00,67185.26,67223.45,67054.06,67065.19,1151,1400,0
2026-04-05 02:00:00,67076.55,67169.34,66926.55,67154.8,1400,1400,0
2026-04-05 03:00:00,67152.16,67181.13,67066.58,67130.71,990,1400,0
2026-04-05 04:00:00,67122.19,67179.68,67046.92,67081.27,1222,1400,0
2026-04-05 05:00:00,67082.44,67134.65,66848.94,66925.18,1450,1400,0
2026-04-05 06:00:00,66925.62,66939.32,66587.66,66787.61,2257,1400,0
2026-04-05 07:00:00,66788.71,66896.97,66695.55,66805.08,1437,1400,0
2026-04-05 08:00:00,66802.44,66932.96,66793.13,66915.18,1293,1400,0
2026-04-05 09:00:00,66923.42,67034.38,66869.56,67002.8,1304,1400,0
2026-04-05 10:00:00,67000.42,67141.8,66936.34,67022.94,1360,1400,0
2026-04-05 11:00:00,67025.12,67073.03,66950.01,66979.89,1316,1400,0
2026-04-05 12:00:00,66979.17,66980.36,66658.35,66768.07,2159,1400,0
2026-04-05 13:00:00,66758.6,66908.19,66672.31,66873.28,1786,1400,0
2026-04-05 14:00:00,66865.58,66952.07,66787.2,66902.81,1369,1400,0
2026-04-05 15:00:00,66902.73,67834.47,66807.46,67284.29,4143,1400,0
2026-04-05 16:00:00,67284.45,67396.41,67144.04,67191.67,1979,1400,0
2026-04-05 17:00:00,67192.77,67384.62,67157.49,67343.05,1728,1400,0
2026-04-05 18:00:00,67327.86,67438.08,67242.95,67386.79,1504,1400,0
2026-04-05 19:00:00,67382.03,67549.81,67260.71,67333.98,1547,1400,0
2026-04-05 20:00:00,67334.61,67691.84,67307.5,67636.51,1578,1400,0
2026-04-05 21:00:00,67636.38,67666.48,67383.1,67527.18,2063,1400,0
2026-04-05 22:00:00,67511.16,68354.51,67317.51,68313.45,5276,1400,0
2026-04-05 23:00:00,68317.01,69120.0,68229.71,68998.46,6101,1400,0
2026-04-06 00:00:00,69000.06,69587.63,69000.06,69056.62,6082,1400,0
2026-04-06 01:00:00,69053.47,69114.97,68759.75,68786.68,3644,1400,0
2026-04-06 02:00:00,68784.4,69393.77,68737.52,69191.19,4580,1400,0
2026-04-06 03:00:00,69188.83,69236.36,69029.61,69101.25,2661,1400,0
2026-04-06 04:00:00,69100.73,69197.8,68944.84,69112.13,2190,1400,0
2026-04-06 05:00:00,69118.31,69228.18,69054.36,69171.95,1802,1400,0
2026-04-06 06:00:00,69163.96,69345.98,68783.25,68966.27,3046,1400,0
2026-04-06 07:00:00,68966.37,69201.35,68803.24,69099.18,2384,1400,0
2026-04-06 08:00:00,69102.49,69338.71,69051.88,69200.84,2302,1400,0
2026-04-06 09:00:00,69206.74,70272.2,69185.91,69723.01,5052,1400,0
2026-04-06 10:00:00,69728.59,69983.2,69686.35,69761.12,2764,1400,0
2026-04-06 11:00:00,69759.59,69762.93,69550.41,69617.55,2077,1400,0
2026-04-06 12:00:00,69615.41,69632.27,69303.23,69368.35,2393,1400,0
2026-04-06 13:00:00,69374.18,69547.15,69223.88,69419.83,4356,1400,0
2026-04-06 14:00:00,69420.77,69815.54,69117.04,69645.81,6799,1400,0
2026-04-06 15:00:00,69650.46,69980.81,69521.44,69964.1,4567,1400,0
2026-04-06 16:00:00,69969.32,70368.57,69783.46,69805.43,4246,1400,0
2026-04-06 17:00:00,69801.75,69831.85,69267.19,69569.87,4847,1400,0
2026-04-06 18:00:00,69573.51,70000.08,69462.34,69885.83,3449,1400,0
2026-04-06 19:00:00,69888.86,69897.75,69574.5,69752.39,2466,1400,0
2026-04-06 20:00:00,69737.32,69994.51,69602.73,69825.48,1997,1400,0
2026-04-06 21:00:00,69823.64,69833.79,69428.34,69512.56,2187,1400,0
2026-04-06 22:00:00,69506.5,69588.77,68805.82,68812.24,3145,1400,0
2026-04-06 23:00:00,68810.91,68904.39,68263.53,68834.55,4748,1400,0
2026-04-07 00:00:00,68832.48,69128.04,68709.97,68771.7,4138,1400,0
2026-04-07 01:00:00,68771.91,68903.4,68321.08,68380.91,4071,1400,0
2026-04-07 02:00:00,68381.75,68711.76,68257.7,68654.08,3057,1400,0
2026-04-07 03:00:00,68652.6,68799.07,68609.48,68778.04,1897,1400,0
2026-04-07 04:00:00,68760.19,68984.55,68525.96,68852.22,2338,1400,0
2026-04-07 05:00:00,68859.77,68867.1,68594.87,68658.22,1884,1400,0
2026-04-07 06:00:00,68656.09,68656.42,68419.26,68561.89,2130,1400,0
2026-04-07 07:00:00,68562.62,68697.33,68485.06,68614.6,1814,1400,0
2026-04-07 08:00:00,68616.32,68989.75,68588.06,68932.19,2972,1400,0
2026-04-07 09:00:00,68940.6,69259.03,68917.91,69144.37,2745,1400,0
2026-04-07 10:00:00,69143.78,69208.12,68187.42,68218.45,4852,1400,0
2026-04-07 11:00:00,68218.91,68449.0,68049.78,68331.36,3142,1400,0
2026-04-07 12:00:00,68324.65,68596.28,68050.6,68394.54,3994,1400,0
2026-04-07 13:00:00,68392.26,68638.86,68178.63,68216.11,4227,1400,0
2026-04-07 14:00:00,68214.5,68251.65,67748.63,67843.59,5954,1400,0
2026-04-07 15:00:00,67842.34,68258.5,67711.07,68144.13,4235,1400,0
2026-04-07 16:00:00,68143.26,68444.06,68051.95,68215.27,3685,1400,0
2026-04-07 17:00:00,68208.46,69001.48,68171.17,68692.23,3793,1400,0
2026-04-07 18:00:00,68692.93,68769.09,68330.3,68437.38,2754,1400,0
2026-04-07 19:00:00,68436.82,69078.41,68328.9,68986.18,5923,1400,0
2026-04-07 20:00:00,68989.45,69523.73,68989.45,69310.07,4189,1400,0
2026-04-07 21:00:00,69297.94,70212.13,69288.92,69909.93,5840,1400,0
2026-04-07 22:00:00,69909.0,71521.56,69909.0,71491.29,12371,1400,0
2026-04-07 23:00:00,71493.18,72762.35,71178.82,71895.61,12021,1400,0
2026-04-08 00:00:00,71893.94,72111.71,71527.43,71691.61,5131,1400,0
2026-04-08 01:00:00,71694.17,71751.0,71433.79,71464.76,3103,1400,0
2026-04-08 02:00:00,71466.73,71722.58,71206.37,71351.29,3143,1400,0
2026-04-08 03:00:00,71352.5,71475.31,71257.19,71280.31,1959,1400,0
2026-04-08 04:00:00,71278.96,71681.9,71271.48,71542.94,2385,1400,0
2026-04-08 05:00:00,71544.91,71831.67,71539.23,71725.82,2153,1400,0
2026-04-08 06:00:00,71724.74,71944.11,71562.37,71725.42,2303,1400,0
2026-04-08 07:00:00,71726.18,71903.49,71575.23,71640.1,2199,1400,0
2026-04-08 08:00:00,71643.1,71825.77,71629.12,71799.1,2371,1400,0
2026-04-08 09:00:00,71797.69,71959.87,71572.27,71669.48,2231,1400,0
2026-04-08 10:00:00,71670.16,71790.17,71431.26,71466.67,1892,1400,0
2026-04-08 11:00:00,71466.39,71725.97,71397.91,71690.96,2428,1400,0
2026-04-08 12:00:00,71694.12,72214.97,71573.55,72064.87,3555,1400,0
2026-04-08 13:00:00,72062.84,72886.2,71484.71,71591.46,10008,1400,0
2026-04-08 14:00:00,71588.61,71756.25,70682.03,70904.91,8114,1400,0
2026-04-08 15:00:00,70911.62,71360.3,70808.97,71300.33,4538,1400,0
2026-04-08 16:00:00,71299.22,71701.74,71242.44,71593.08,3724,1400,0
2026-04-08 17:00:00,71593.09,71974.24,71486.51,71890.78,4195,1400,0
2026-04-08 18:00:00,71890.8,71890.8,71064.99,71100.78,5116,1400,0
2026-04-08 19:00:00,71092.44,71381.1,71003.43,71338.44,3436,1400,0
2026-04-08 20:00:00,71330.32,71493.11,71260.21,71374.44,1849,1400,0
2026-04-08 21:00:00,71374.37,71749.23,71325.31,71555.26,2083,1400,0
2026-04-08 22:00:00,71554.27,71580.2,71055.97,71059.58,2599,1400,0
2026-04-08 23:00:00,71049.89,71225.05,70891.31,71073.26,3061,1400,0
2026-04-09 00:00:00,71067.92,71145.81,70642.27,70803.61,3713,1400,0
2026-04-09 01:00:00,70804.22,70963.1,70451.42,70934.78,4181,1400,0
2026-04-09 02:00:00,70934.69,71201.85,70800.63,71062.65,2647,1400,0
2026-04-09 03:00:00,71057.2,71121.16,70844.28,70994.96,2095,1400,0
2026-04-09 04:00:00,70993.73,71018.46,70737.2,70796.05,1750,1400,0
2026-04-09 05:00:00,70795.95,71099.69,70687.51,70987.33,2230,1400,0
2026-04-09 06:00:00,70994.11,71098.29,70816.56,71031.23,2017,1400,0
2026-04-09 07:00:00,71033.24,71135.32,70943.6,70982.89,1818,1400,0
2026-04-09 08:00:00,70987.59,71386.44,70864.28,71252.82,2145,1400,0
2026-04-09 09:00:00,71254.15,71585.72,71101.59,71529.48,2216,1400,0
2026-04-09 10:00:00,71530.66,71548.39,71276.25,71279.87,1825,1400,0
2026-04-09 11:00:00,71277.69,71358.05,71049.05,71144.97,2015,1400,0
2026-04-09 12:00:00,71144.53,71332.08,71021.82,71284.36,2647,1400,0
2026-04-09 13:00:00,71281.02,71358.34,70621.13,70797.22,4957,1400,0
2026-04-09 14:00:00,70797.22,71269.07,70505.61,71120.55,5317,1400,0
2026-04-09 15:00:00,71123.24,72363.27,70927.34,72148.63,9312,1400,0
2026-04-09 16:00:00,72149.98,72417.24,71723.77,72095.65,5832,1400,0
2026-04-09 17:00:00,72093.6,72568.69,72066.08,72348.76,5753,1400,0
2026-04-09 18:00:00,72352.34,72389.76,71733.47,71879.96,4818,1400,0
2026-04-09 19:00:00,71879.2,72304.83,71731.67,72099.38,3668,1400,0
2026-04-09 20:00:00,72098.93,72467.06,71988.54,72425.91,2451,1400,0
2026-04-09 21:00:00,72426.51,72712.49,72140.98,72279.47,3600,1400,0
2026-04-09 22:00:00,72279.31,73174.3,71939.41,71939.41,5355,1400,0
2026-04-09 23:00:00,71942.73,72040.47,71569.85,71778.89,4135,1400,0
2026-04-10 00:00:00,71780.28,72037.88,71581.3,71966.99,4178,1400,0
2026-04-10 01:00:00,71948.38,72398.3,71662.63,72165.04,4216,1400,0
2026-04-10 02:00:00,72160.53,72291.57,71917.13,71962.44,2667,1400,0
2026-04-10 03:00:00,71962.74,72031.8,71809.04,71872.67,2109,1400,0
2026-04-10 04:00:00,71873.71,72222.23,71813.49,72127.17,2156,1400,0
2026-04-10 05:00:00,72125.67,72287.0,72012.23,72132.2,2013,1400,0
2026-04-10 06:00:00,72142.54,72193.35,71789.16,71812.41,2188,1400,0
2026-04-10 07:00:00,71810.44,71858.27,71420.49,71498.74,2344,1400,0
2026-04-10 08:00:00,71503.34,71762.95,71417.08,71599.07,2251,1400,0
2026-04-10 09:00:00,71599.15,71882.71,71587.63,71771.54,2353,1400,0
2026-04-10 10:00:00,71774.77,71948.06,71698.14,71917.78,1848,1400,0
2026-04-10 11:00:00,71924.46,72281.59,71895.72,72132.16,2456,1400,0
2026-04-10 12:00:00,72138.66,72496.38,72008.46,72266.45,4126,1400,0
2026-04-10 13:00:00,72264.43,72432.29,71908.47,72326.88,4703,1400,0
2026-04-10 14:00:00,72329.68,73191.93,72255.76,72933.05,7569,1400,0
2026-04-10 15:00:00,72936.62,73334.54,72370.19,72481.29,5480,1400,0
2026-04-10 16:00:00,72488.23,73080.27,72399.76,73023.54,4178,1400,0
2026-04-10 17:00:00,73022.36,73175.7,72810.66,73144.04,2916,1400,0
2026-04-10 18:00:00,73140.43,73202.74,72898.76,73127.81,2514,1400,0
2026-04-10 19:00:00,73127.95,73298.09,72929.2,73261.67,2657,1400,0
2026-04-10 20:00:00,73259.3,73485.81,73069.77,73375.26,3009,1400,0
2026-04-10 21:00:00,73376.49,73388.7,72946.31,73215.65,2229,1400,0
2026-04-10 22:00:00,73216.07,73270.56,72737.59,72901.35,1901,1400,0
2026-04-10 23:00:00,72901.75,72993.73,72802.68,72982.15,1526,1400,0
2026-04-11 00:00:00,72981.48,72981.48,72809.81,72860.91,1617,1400,0
2026-04-11 01:00:00,72857.32,73041.22,72691.73,72986.7,1612,1400,0
2026-04-11 02:00:00,72984.13,73144.52,72935.06,73001.18,1593,1400,0
2026-04-11 03:00:00,72996.82,73109.35,72836.27,72908.6,1413,1400,0
2026-04-11 04:00:00,72909.83,72985.93,72702.4,72837.76,1550,1400,0
2026-04-11 05:00:00,72838.32,72871.67,72692.54,72761.68,1377,1400,0
2026-04-11 06:00:00,72757.96,72810.06,72634.43,72799.97,1524,1400,0
2026-04-11 07:00:00,72795.04,72866.66,72697.28,72774.81,1105,1400,0
2026-04-11 08:00:00,72775.1,72843.31,72653.97,72698.64,1193,1400,0
2026-04-11 09:00:00,72693.74,72952.04,72647.51,72941.73,1774,1400,0
2026-04-11 10:00:00,72934.13,72953.13,72796.17,72864.29,1222,1400,0
2026-04-11 11:00:00,72864.19,72941.03,72847.29,72938.62,1126,1400,0
2026-04-11 12:00:00,72938.52,73023.17,72829.32,72964.13,1284,1400,0
2026-04-11 13:00:00,72974.23,72974.23,72537.38,72677.41,2363,1400,0
2026-04-11 14:00:00,72684.12,72791.0,72624.37,72720.81,1600,1400,0
2026-04-11 15:00:00,72730.94,72938.57,72701.68,72879.57,1884,1400,0
2026-04-11 16:00:00,72877.96,73247.65,72841.14,73068.71,2287,1400,0
2026-04-11 17:00:00,73069.85,73208.9,72970.03,73123.55,1774,1400,0
2026-04-11 18:00:00,73122.11,73773.53,73065.75,73581.47,3324,1400,0
2026-04-11 19:00:00,73578.7,73847.75,73495.8,73703.93,2979,1400,0
2026-04-11 20:00:00,73704.24,73726.74,73251.48,73330.33,2176,1400,0
2026-04-11 21:00:00,73333.71,73565.74,73226.2,73471.09,2107,1400,0
2026-04-11 22:00:00,73463.32,73607.82,73265.52,73396.31,1981,1400,0
2026-04-11 23:00:00,73391.43,73391.43,72922.75,73084.66,2341,1400,0
2026-04-12 00:00:00,73084.13,73147.73,72886.01,73093.53,2283,1400,0
2026-04-12 01:00:00,73093.38,73160.86,71329.59,71667.33,6988,1400,0
2026-04-12 02:00:00,71664.12,72043.38,71359.08,71792.0,4494,1400,0
2026-04-12 03:00:00,71791.56,71893.12,71606.84,71626.27,2474,1400,0
2026-04-12 04:00:00,71629.61,71715.93,71457.43,71492.08,2208,1400,0
2026-04-12 05:00:00,71492.18,71813.67,71430.99,71729.82,2063,1400,0
2026-04-12 06:00:00,71722.65,71784.04,71662.39,71683.14,1546,1400,0
2026-04-12 07:00:00,71677.81,71779.52,71610.32,71703.63,1424,1400,0
2026-04-12 08:00:00,71703.74,71820.0,71621.17,71658.97,1619,1400,0
2026-04-12 09:00:00,71656.13,71666.58,71527.76,71572.32,1358,1400,0
2026-04-12 10:00:00,71564.73,71717.11,71364.07,71469.4,1922,1400,0
2026-04-12 11:00:00,71473.83,71568.48,71441.47,71494.14,1400,1400,0
2026-04-12 12:00:00,71491.2,71533.88,71094.24,71107.08,2713,1400,0
2026-04-12 13:00:00,71106.65,71167.58,70867.31,70922.04,3350,1400,0
2026-04-12 14:00:00,70921.14,71119.95,70708.7,70778.77,2951,1400,0
2026-04-12 15:00:00,70777.5,70959.41,70618.76,70918.26,2483,1400,0
2026-04-12 16:00:00,70919.78,70987.65,70837.71,70956.92,1934,1400,0
2026-04-12 17:00:00,70955.09,71248.07,70917.05,71161.52,2051,1400,0
2026-04-12 18:00:00,71165.57,71243.34,71077.43,71160.73,1623,1400,0
2026-04-12 19:00:00,71160.04,71267.44,71086.68,71111.33,1167,1400,0
2026-04-12 20:00:00,71110.44,71468.0,70973.63,71356.48,1871,1400,0
2026-04-12 21:00:00,71350.16,71484.78,71178.26,71390.68,1911,1400,0
2026-04-12 22:00:00,71385.97,71385.97,70504.09,70903.64,5856,1400,0
2026-04-12 23:00:00,70903.11,70910.65,70563.71,70743.56,3171,1400,0
2026-04-13 00:00:00,70746.38,71284.58,70614.88,71180.65,3586,1400,0
2026-04-13 01:00:00,71168.5,71241.83,71029.66,71197.81,2719,1400,0
2026-04-13 02:00:00,71197.93,71293.23,70985.99,71095.06,2325,1400,0
2026-04-13 03:00:00,71093.82,71171.2,70924.62,70986.02,2107,1400,0
2026-04-13 04:00:00,70986.22,71162.95,70857.66,70904.31,2032,1400,0
2026-04-13 05:00:00,70905.58,70945.05,70676.62,70891.1,2173,1400,0
2026-04-13 06:00:00,70894.23,71124.43,70882.69,71047.8,1954,1400,0
2026-04-13 07:00:00,71049.75,71094.37,70689.0,70833.56,2275,1400,0
2026-04-13 08:00:00,70834.62,70887.55,70563.28,70688.43,2360,1400,0
2026-04-13 09:00:00,70698.85,70925.76,70677.98,70796.27,1954,1400,0
2026-04-13 10:00:00,70794.74,70859.06,70682.69,70765.85,1870,1400,0
2026-04-13 11:00:00,70769.53,71012.56,70744.44,70929.94,2185,1400,0
2026-04-13 12:00:00,70932.72,71234.07,70753.56,71085.89,2629,1400,0
2026-04-13 13:00:00,71086.15,71716.91,70823.55,71672.24,5704,1400,0
2026-04-13 14:00:00,71672.76,72439.83,71400.55,72422.91,6995,1400,0
2026-04-13 15:00:00,72420.4,72519.84,71684.2,71892.51,5792,1400,0
2026-04-13 16:00:00,71897.19,72480.93,71695.03,72240.85,6228,1400,0
2026-04-13 17:00:00,72238.15,72629.28,72098.65,72186.89,3985,1400,0
2026-04-13 18:00:00,72187.78,72504.35,72086.45,72457.37,2839,1400,0
2026-04-13 19:00:00,72455.68,73534.01,72326.93,73357.62,5015,1400,0
2026-04-13 20:00:00,73354.22,73438.1,73053.05,73187.21,3689,1400,0
2026-04-13 21:00:00,73187.54,73403.9,73116.18,73211.28,2320,1400,0
2026-04-13 22:00:00,73211.37,74782.56,73197.44,74655.13,9357,1400,0
2026-04-13 23:00:00,74659.63,74933.67,74415.63,74449.54,5367,1400,0
2026-04-14 00:00:00,74448.97,74553.47,74115.56,74183.96,3326,1400,0
2026-04-14 01:00:00,74179.04,74469.05,73998.31,74402.86,2823,1400,0
2026-04-14 02:00:00,74419.44,74642.48,74309.65,74360.75,2646,1400,0
2026-04-14 03:00:00,74360.62,74531.23,74270.79,74473.89,1963,1400,0
2026-04-14 04:00:00,74478.63,74547.52,74381.48,74416.11,1920,1400,0
2026-04-14 05:00:00,74416.01,74466.97,74187.9,74247.82,1733,1400,0
2026-04-14 06:00:00,74247.63,74594.59,74247.63,74551.46,1790,1400,0
2026-04-14 07:00:00,74550.17,74973.48,74458.62,74584.69,3213,1400,0
2026-04-14 08:00:00,74583.12,74948.99,74486.38,74784.66,2800,1400,0
2026-04-14 09:00:00,74788.45,74873.67,74469.45,74541.4,2352,1400,0
2026-04-14 10:00:00,74537.11,74649.84,74366.31,74377.19,2103,1400,0
2026-04-14 11:00:00,74371.54,74491.7,74320.11,74405.76,2059,1400,0
2026-04-14 12:00:00,74403.28,74526.77,74292.07,74481.66,2562,1400,0
2026-04-14 13:00:00,74492.18,75593.77,74433.46,75570.83,6722,1400,0
2026-04-14 14:00:00,75568.48,76114.96,75054.36,75054.36,8923,1400,0
2026-04-14 15:00:00,75060.51,75487.25,74596.73,75362.38,6327,1400,0
2026-04-14 16:00:00,75359.16,75752.28,74535.65,74689.19,4812,1400,0
2026-04-14 17:00:00,74681.03,74993.12,74284.14,74793.9,4357,1400,0
2026-04-14 18:00:00,74796.69,74854.6,73882.4,74144.01,4471,1400,0
2026-04-14 19:00:00,74144.26,74458.84,73942.01,74283.54,4271,1400,0
2026-04-14 20:00:00,74288.07,74485.06,74045.43,74148.59,2680,1400,0
2026-04-14 21:00:00,74147.56,74371.66,73975.47,74296.55,2407,1400,0
2026-04-14 22:00:00,74296.09,74424.93,73840.2,74052.18,3339,1400,0
2026-04-14 23:00:00,74057.73,74273.77,74031.06,74169.06,2857,1400,0
2026-04-15 00:00:00,74171.72,74718.25,74148.67,74595.46,3796,1400,0
2026-04-15 01:00:00,74598.76,74827.93,74521.37,74649.04,2894,1400,0
2026-04-15 02:00:00,74649.39,74730.49,74210.74,74355.2,2616,1400,0
2026-04-15 03:00:00,74357.59,74408.83,74193.59,74376.26,1918,1400,0
2026-04-15 04:00:00,74376.35,74476.66,74280.94,74364.82,1879,1400,0
2026-04-15 05:00:00,74362.73,74470.29,73888.17,74042.91,2796,1400,0
2026-04-15 06:00:00,74044.82,74078.0,73886.51,73920.36,1975,1400,0
2026-04-15 07:00:00,73920.04,74055.76,73533.27,73774.23,3439,1400,0
2026-04-15 08:00:00,73764.06,74221.11,73697.3,74136.52,2392,1400,0
2026-04-15 09:00:00,74133.76,74211.84,73922.41,74033.74,2146,1400,0
2026-04-15 10:00:00,74028.31,74285.16,73805.93,73891.71,3029,1400,0
2026-04-15 11:00:00,73895.54,74289.36,73883.03,74227.04,2754,1400,0
2026-04-15 12:00:00,74228.93,74540.27,74061.71,74298.04,2691,1400,0
2026-04-15 13:00:00,74299.0,74467.7,73815.09,74072.09,5153,1400,0
2026-04-15 14:00:00,74065.49,74531.26,73828.42,74165.23,5743,1400,0
2026-04-15 15:00:00,74167.32,74317.97,73593.01,73849.08,4567,1400,0
2026-04-15 16:00:00,73848.15,74201.27,73766.89,73950.14,4211,1400,0
2026-04-15 17:00:00,73948.66,74258.55,73918.71,74152.84,3567,1400,0
2026-04-15 18:00:00,74150.25,74428.43,74081.47,74400.75,3342,1400,0
2026-04-15 19:00:00,74397.87,75307.82,74367.81,75040.46,4381,1400,0
2026-04-15 20:00:00,75046.19,75072.44,74521.82,74852.35,3407,1400,0
2026-04-15 21:00:00,74853.35,74877.75,74565.61,74769.55,2339,1400,0
2026-04-15 22:00:00,74763.14,75464.7,74751.79,74987.1,3713,1400,0
2026-04-15 23:00:00,74991.38,74991.38,74627.96,74831.3,2610,1400,0
2026-04-16 00:00:00,74829.58,74891.92,74445.09,74828.29,2943,1400,0
2026-04-16 01:00:00,74817.21,74817.21,74469.04,74670.91,2789,1400,0
2026-04-16 02:00:00,74672.0,75293.76,74602.29,74894.05,3681,1400,0
2026-04-16 03:00:00,74894.34,75173.73,74872.28,74907.27,2714,1400,0
2026-04-16 04:00:00,74897.92,75192.28,74729.44,74955.62,2550,1400,0
2026-04-16 05:00:00,74956.13,75155.18,74904.99,75065.78,1967,1400,0
2026-04-16 06:00:00,75069.0,75131.4,74863.51,75038.5,1910,1400,0
2026-04-16 07:00:00,75025.8,75098.87,74635.91,74714.63,2362,1400,0
2026-04-16 08:00:00,74713.23,74763.58,74513.86,74685.85,2622,1400,0
2026-04-16 09:00:00,74683.0,74921.16,74599.09,74616.87,2269,1400,0
2026-04-16 10:00:00,74613.49,74675.73,74283.7,74330.81,3028,1400,0
2026-04-16 11:00:00,74332.14,74598.69,74295.84,74581.71,2300,1400,0
2026-04-16 12:00:00,74581.29,74877.95,74572.9,74625.65,2416,1400,0
2026-04-16 13:00:00,74625.72,75040.1,73309.25,73795.46,7787,1400,0
2026-04-16 14:00:00,73795.98,74210.13,73421.96,73976.35,7179,1400,0
2026-04-16 15:00:00,73976.22,74908.96,73936.46,74707.91,6120,1400,0
2026-04-16 16:00:00,74716.04,74959.37,74064.69,74180.21,5828,1400,0
2026-04-16 17:00:00,74178.24,74460.65,73901.86,74346.63,4869,1400,0
2026-04-16 18:00:00,74346.1,75117.57,74240.85,75043.68,4702,1400,0
2026-04-16 19:00:00,75044.77,75433.46,74751.79,75364.3,4549,1400,0
2026-04-16 20:00:00,75366.38,75557.94,75012.62,75236.69,3606,1400,0
2026-04-16 21:00:00,75237.17,75297.08,74811.64,74952.99,3142,1400,0
2026-04-16 22:00:00,74956.69,75139.37,74837.18,74890.86,2829,1400,0
2026-04-16 23:00:00,74885.95,75198.8,74848.9,75160.94,2488,1400,0
2026-04-17 00:00:00,75161.47,75179.58,74891.2,74949.28,2536,1400,0
2026-04-17 01:00:00,74951.32,75057.16,74581.17,74762.16,2819,1400,0
2026-04-17 02:00:00,74763.38,74825.33,74527.11,74720.2,2082,1400,0
2026-04-17 03:00:00,74722.88,74868.37,74614.09,74634.26,2138,1400,0
2026-04-17 04:00:00,74629.97,74872.05,74591.0,74809.5,1871,1400,0
2026-04-17 05:00:00,74801.93,74824.34,74557.86,74657.77,2058,1400,0
2026-04-17 06:00:00,74648.94,74963.78,74608.62,74955.37,2016,1400,0
2026-04-17 07:00:00,74949.92,75116.77,74940.76,75097.55,2282,1400,0
2026-04-17 08:00:00,75091.85,75906.72,75004.57,75799.89,3618,1400,0
2026-04-17 09:00:00,75798.5,76390.1,75517.43,75790.44,5774,1400,0
2026-04-17 10:00:00,75781.75,75908.25,75094.2,75290.9,3663,1400,0
2026-04-17 11:00:00,75289.6,75637.89,75257.53,75613.31,2587,1400,0
2026-04-17 12:00:00,75610.31,76301.02,75550.57,76250.24,5811,1400,0
2026-04-17 13:00:00,76256.52,77464.16,76075.97,77376.63,15122,1400,0
2026-04-17 14:00:00,77379.56,78119.59,77045.3,77961.34,9701,1400,0
2026-04-17 15:00:00,77956.07,78056.21,77472.18,77827.98,7924,1400,0
2026-04-17 16:00:00,77827.68,78404.83,77754.77,77902.47,5606,1400,0
2026-04-17 17:00:00,77897.15,77966.11,77128.94,77542.94,6818,1400,0
2026-04-17 18:00:00,77541.38,77612.36,77108.72,77187.65,4845,1400,0
2026-04-17 19:00:00,77188.89,77525.62,76989.19,77431.84,4123,1400,0
2026-04-17 20:00:00,77442.35,77658.38,77183.15,77358.75,2752,1400,0
2026-04-17 21:00:00,77357.47,77530.37,77304.62,77469.82,2384,1400,0
2026-04-17 22:00:00,77469.06,77553.68,77283.61,77338.12,2386,1400,0
2026-04-17 23:00:00,77338.26,77338.26,76917.87,77097.59,2427,1400,0
2026-04-18 00:00:00,77095.16,77281.38,76998.27,77195.08,2501,1400,0
2026-04-18 01:00:00,77198.06,77365.54,77143.02,77242.35,2032,1400,0
2026-04-18 02:00:00,77240.42,77457.03,77150.04,77315.45,1916,1400,0
2026-04-18 03:00:00,77315.36,77330.39,76987.23,77044.03,1909,1400,0
2026-04-18 04:00:00,77044.73,77191.62,76901.97,77139.76,1990,1400,0
2026-04-18 05:00:00,77143.62,77306.46,77136.22,77160.69,1604,1400,0
2026-04-18 06:00:00,77161.74,77240.97,77084.02,77146.9,1623,1400,0
2026-04-18 07:00:00,77138.36,77159.17,76898.41,77015.86,1586,1400,0
2026-04-18 08:00:00,77019.54,77066.91,76524.75,76748.54,3180,1400,0
2026-04-18 09:00:00,76741.34,76746.23,76411.33,76619.34,2316,1400,0
2026-04-18 10:00:00,76623.22,76623.22,76159.44,76218.22,2916,1400,0
2026-04-18 11:00:00,76214.61,76219.93,75774.75,76055.67,3574,1400,0
2026-04-18 12:00:00,76058.64,76342.3,76058.64,76231.63,2916,1400,0
2026-04-18 13:00:00,76229.32,76248.2,75806.26,76146.93,2866,1400,0
2026-04-18 14:00:00,76147.03,76315.91,75992.99,76271.27,2181,1400,0
2026-04-18 15:00:00,76275.53,76403.92,76008.66,76187.65,2040,1400,0
2026-04-18 16:00:00,76194.38,76244.33,75651.04,75964.13,2743,1400,0
2026-04-18 17:00:00,75964.25,75997.48,75787.82,75854.18,1842,1400,0
2026-04-18 18:00:00,75853.61,75870.53,75457.44,75664.1,3231,1400,0
2026-04-18 19:00:00,75667.19,75826.04,75594.06,75667.86,1857,1400,0
2026-04-18 20:00:00,75673.31,75871.36,75622.55,75779.38,1754,1400,0
2026-04-18 21:00:00,75775.64,75865.52,75629.12,75840.68,1761,1400,0
2026-04-18 22:00:00,75840.77,75913.04,75634.13,75844.69,1660,1400,0
2026-04-18 23:00:00,75855.78,75925.95,75720.06,75730.32,1646,1400,0
2026-04-19 00:00:00,75729.98,75876.38,75574.75,75693.79,2065,1400,0
2026-04-19 01:00:00,75693.9,75826.86,75485.61,75642.94,1916,1400,0
2026-04-19 02:00:00,75642.32,75757.04,75414.95,75526.68,2199,1400,0
2026-04-19 03:00:00,75521.32,75675.24,75389.27,75544.29,2028,1400,0
2026-04-19 04:00:00,75544.75,75820.6,75442.8,75690.83,2228,1400,0
2026-04-19 05:00:00,75690.87,75722.01,75538.61,75578.79,1403,1400,0
2026-04-19 06:00:00,75578.87,75582.99,75303.4,75435.62,1997,1400,0
2026-04-19 07:00:00,75437.61,75441.66,74907.74,75284.21,2768,1400,0
2026-04-19 08:00:00,75283.16,75332.41,75107.2,75285.94,2000,1400,0
2026-04-19 09:00:00,75284.5,75305.05,74942.47,75044.61,2215,1400,0
2026-04-19 10:00:00,75047.46,75267.89,74960.19,75243.79,2110,1400,0
2026-04-19 11:00:00,75243.88,75671.68,75233.46,75623.12,2861,1400,0
2026-04-19 12:00:00,75636.67,75745.49,75452.88,75605.81,2783,1400,0
2026-04-19 13:00:00,75605.09,76274.3,75579.4,75954.66,4284,1400,0
2026-04-19 14:00:00,75954.55,76184.43,75700.11,76053.09,3513,1400,0
2026-04-19 15:00:00,76055.01,76198.22,75419.08,75884.47,4048,1400,0
2026-04-19 16:00:00,75880.8,75892.09,75315.3,75415.26,4163,1400,0
2026-04-19 17:00:00,75414.79,75415.07,74644.46,74821.46,5139,1400,0
2026-04-19 18:00:00,74817.98,74946.79,74606.78,74800.02,4379,1400,0
2026-04-19 19:00:00,74802.45,75107.75,74802.45,74979.0,2721,1400,0
2026-04-19 20:00:00,74979.16,74983.24,74439.3,74664.0,3415,1400,0
2026-04-19 21:00:00,74666.81,74843.15,74381.5,74448.48,3194,1400,0
2026-04-19 22:00:00,74449.87,74455.07,73782.31,74064.22,8141,1400,0
2026-04-19 23:00:00,74066.13,74085.95,73805.83,73823.92,3630,1400,0
2026-04-20 00:00:00,73827.08,74390.5,73726.86,74299.48,3959,1400,0
2026-04-20 01:00:00,74296.39,74776.19,74229.18,74617.19,3211,1400,0
2026-04-20 02:00:00,74614.59,74662.35,74320.35,74438.21,2482,1400,0
2026-04-20 03:00:00,74436.22,74672.02,74376.31,74664.02,2174,1400,0
2026-04-20 04:00:00,74666.88,74672.1,74452.95,74584.42,1771,1400,0
2026-04-20 05:00:00,74585.69,74586.49,74115.37,74290.18,2246,1400,0
2026-04-20 06:00:00,74288.21,74917.63,74272.69,74825.98,3076,1400,0
2026-04-20 07:00:00,74830.82,75602.19,74677.83,74858.39,5800,1400,0
2026-04-20 08:00:00,74860.52,75030.23,74630.62,74757.7,3565,1400,0
2026-04-20 09:00:00,74758.0,75264.12,74718.31,75094.59,3446,1400,0
2026-04-20 10:00:00,75096.17,75437.99,75021.83,75059.33,2777,1400,0
2026-04-20 11:00:00,75054.56,75309.01,74966.63,75209.64,2910,1400,0
2026-04-20 12:00:00,75214.2,75683.12,75025.93,75315.94,4054,1400,0
2026-04-20 13:00:00,75321.07,75457.46,74872.02,75299.52,7695,1400,0
2026-04-20 14:00:00,75292.47,75810.61,74947.09,75076.98,9704,1400,0
2026-04-20 15:00:00,75068.43,75816.55,74726.03,75737.66,8080,1400,0
2026-04-20 16:00:00,75745.62,75756.1,75312.63,75377.7,4278,1400,0
2026-04-20 17:00:00,75368.31,76043.63,75304.74,75927.44,4401,1400,0
2026-04-20 18:00:00,75936.87,76499.17,75936.87,76451.86,4980,1400,0
2026-04-20 19:00:00,76457.37,76514.09,76170.24,76318.98,2679,1400,0
2026-04-20 20:00:00,76317.64,76613.55,76148.47,76318.73,2365,1400,0
2026-04-20 21:00:00,76318.61,76407.49,75794.71,75982.62,2455,1400,0
2026-04-20 22:00:00,75981.3,76181.32,75916.17,76004.72,2490,1400,0
2026-04-20 23:00:00,75996.78,75996.78,75643.21,75868.18,2182,1400,0
2026-04-21 00:00:00,75868.91,76122.0,75718.33,76120.02,2766,1400,0
2026-04-21 01:00:00,76114.61,76293.11,75876.15,75957.2,2551,1400,0
2026-04-21 02:00:00,75956.84,75963.88,75590.63,75607.19,2215,1400,0
2026-04-21 03:00:00,75610.03,75752.12,75505.21,75728.88,2176,1400,0
2026-04-21 04:00:00,75724.89,75859.83,75620.69,75840.48,1820,1400,0
2026-04-21 05:00:00,75835.41,76022.06,75796.11,75826.07,1863,1400,0
2026-04-21 06:00:00,75819.95,76158.03,75721.25,76002.21,2079,1400,0
2026-04-21 07:00:00,76001.32,76343.67,75831.61,76113.19,2862,1400,0
2026-04-21 08:00:00,76114.74,76959.47,76084.28,76532.61,3287,1400,0
2026-04-21 09:00:00,76530.67,76613.78,76173.99,76388.47,3039,1400,0
2026-04-21 10:00:00,76390.75,76902.9,76370.21,76775.5,2908,1400,0
2026-04-21 11:00:00,76775.31,76793.6,76357.48,76477.18,3163,1400,0
2026-04-21 12:00:00,76484.23,76558.19,75701.24,76036.74,4308,1400,0
2026-04-21 13:00:00,76038.97,76209.05,75743.22,75924.11,5749,1400,0
2026-04-21 14:00:00,75927.85,76625.28,75623.71,75687.87,7129,1400,0
2026-04-21 15:00:00,75686.93,76005.04,75424.71,75848.22,7035,1400,0
2026-04-21 16:00:00,75850.37,76209.52,75756.97,75791.34,4725,1400,0
2026-04-21 17:00:00,75789.55,75927.32,75059.08,75559.24,7310,1400,0
2026-04-21 18:00:00,75559.62,75679.67,75310.59,75616.11,4722,1400,0
2026-04-21 19:00:00,75603.13,75932.92,74824.99,75027.34,6413,1400,0
2026-04-21 20:00:00,75029.81,75870.41,74980.0,75711.32,4755,1400,0
2026-04-21 21:00:00,75708.36,75789.76,75458.53,75552.23,1927,1400,0
2026-04-21 22:00:00,75548.24,75667.48,75301.57,75655.39,2595,1400,0
2026-04-21 23:00:00,75643.43,76453.22,75630.11,76348.32,3095,1400,0
2026-04-22 00:00:00,76353.11,76529.34,76223.88,76383.49,3195,1400,0
2026-04-22 01:00:00,76379.43,76441.25,76145.11,76318.95,2515,1400,0
2026-04-22 02:00:00,76319.05,77663.29,76223.49,77609.22,6046,1400,0
2026-04-22 03:00:00,77617.72,77751.95,77413.44,77539.26,3675,1400,0
2026-04-22 04:00:00,77538.24,77723.12,77376.02,77531.67,2561,1400,0
2026-04-22 05:00:00,77521.36,78480.94,77448.02,77978.18,5166,1400,0
2026-04-22 06:00:00,77976.2,78050.86,77891.54,78005.62,2393,1400,0
2026-04-22 07:00:00,78004.07,78138.05,77823.37,78026.23,2573,1400,0
2026-04-22 08:00:00,78027.59,78219.82,77939.31,78011.87,2674,1400,0
2026-04-22 09:00:00,78010.06,78200.19,77954.23,78005.31,2491,1400,0
2026-04-22 10:00:00,78008.89,78190.78,77951.54,78161.59,2111,1400,0
2026-04-22 11:00:00,78168.63,78431.32,78110.77,78315.28,2782,1400,0
2026-04-22 12:00:00,78316.35,78554.66,78127.1,78252.54,3388,1400,0
2026-04-22 13:00:00,78253.06,78880.33,78184.4,78871.25,6977,1400,0
2026-04-22 14:00:00,78874.33,79226.92,78616.71,79053.88,7160,1400,0
2026-04-22 15:00:00,79069.46,79446.96,78857.99,79314.84,5230,1400,0
2026-04-22 16:00:00,79316.53,79519.63,78640.14,78774.95,4432,1400,0
2026-04-22 17:00:00,78776.57,79062.82,78711.87,78938.56,3599,1400,0
2026-04-22 18:00:00,78943.62,79195.61,78840.75,79049.22,2408,1400,0
2026-04-22 19:00:00,79056.11,79098.45,78716.06,78871.77,3182,1400,0
2026-04-22 20:00:00,78869.8,78944.29,78418.81,78466.24,2403,1400,0
2026-04-22 21:00:00,78468.03,78859.14,78442.18,78785.63,1799,1400,0
2026-04-22 22:00:00,78775.3,78859.63,78477.09,78629.48,2191,1400,0
2026-04-22 23:00:00,78622.11,78635.17,78173.94,78211.51,2591,1400,0
2026-04-23 00:00:00,78209.26,78607.08,77604.25,78456.11,6381,1400,0
2026-04-23 01:00:00,78456.43,78510.2,78082.9,78380.84,3729,1400,0
2026-04-23 02:00:00,78386.17,78390.19,77781.44,77968.94,4205,1400,0
2026-04-23 03:00:00,77956.1,78060.95,77469.21,77760.7,3685,1400,0
2026-04-23 04:00:00,77756.77,77980.81,77694.4,77924.43,2641,1400,0
2026-04-23 05:00:00,77946.75,78153.56,77783.49,78065.81,2217,1400,0
2026-04-23 06:00:00,78067.43,78370.81,78064.71,78237.63,2556,1400,0
2026-04-23 07:00:00,78239.14,78279.85,77991.24,78073.69,2415,1400,0
2026-04-23 08:00:00,78076.19,78209.86,77727.89,77876.48,2643,1400,0
2026-04-23 09:00:00,77874.85,77886.29,77447.97,77666.47,2942,1400,0
2026-04-23 10:00:00,77661.27,77740.11,76755.7,77426.89,3363,1400,0
2026-04-23 11:00:00,77430.97,77780.16,77378.73,77715.67,2690,1400,0
2026-04-23 12:00:00,77729.06,77907.12,77539.62,77895.07,3737,1400,0
2026-04-23 13:00:00,77893.29,77946.75,77395.92,77543.93,4781,1400,0
2026-04-23 14:00:00,77542.95,78239.4,77434.96,78200.91,5737,1400,0
2026-04-23 15:00:00,78195.82,78701.81,77998.15,78394.01,4834,1400,0
2026-04-23 16:00:00,78399.52,78543.37,78044.14,78129.12,3683,1400,0
2026-04-23 17:00:00,78128.53,78211.67,76975.11,77786.44,9911,1400,0
2026-04-23 18:00:00,77787.17,78180.15,77688.7,77694.47,5515,1400,0
2026-04-23 19:00:00,77692.1,77920.94,77608.31,77734.93,3489,1400,0
2026-04-23 20:00:00,77732.53,78072.68,77657.25,77901.09,2394,1400,0
2026-04-23 21:00:00,77900.2,78106.21,77800.8,77878.51,1686,1400,0
2026-04-23 22:00:00,77878.57,78359.85,77878.57,78249.67,2467,1400,0
2026-04-23 23:00:00,78250.75,78329.82,78039.55,78270.56,1918,1400,0
2026-04-24 00:00:00,78276.1,78526.34,78178.98,78437.33,2519,1400,0
2026-04-24 01:00:00,78446.03,78471.73,77966.16,78433.85,2756,1400,0
2026-04-24 02:00:00,78434.77,78610.61,78066.78,78144.96,2361,1400,0
2026-04-24 03:00:00,78144.58,78203.71,77572.52,77749.14,2954,1400,0
2026-04-24 04:00:00,77742.23,77878.71,77484.28,77683.22,2207,1400,0
2026-04-24 05:00:00,77681.74,78082.93,77455.87,77979.09,2337,1400,0
2026-04-24 06:00:00,77979.81,78010.94,77767.66,77803.25,2162,1400,0
2026-04-24 07:00:00,77799.21,77878.26,77556.94,77677.25,2017,1400,0
2026-04-24 08:00:00,77676.89,78036.07,77582.84,77805.6,2402,1400,0
2026-04-24 09:00:00,77807.66,77828.92,77420.02,77552.28,2244,1400,0
2026-04-24 10:00:00,77547.82,77804.29,77458.84,77761.12,2168,1400,0
2026-04-24 11:00:00,77761.73,78402.11,77761.73,78253.77,4735,1400,0
2026-04-24 12:00:00,78253.24,78366.8,78027.39,78297.07,2854,1400,0
2026-04-24 13:00:00,78298.62,78497.0,77922.39,78100.86,5071,1400,0
2026-04-24 14:00:00,78103.28,78103.28,77700.02,78061.76,5260,1400,0
2026-04-24 15:00:00,78061.69,78262.51,77590.75,78059.23,5169,1400,0
2026-04-24 16:00:00,78060.32,78090.42,77591.93,77786.29,3406,1400,0
2026-04-24 17:00:00,77783.29,77851.46,77466.77,77706.31,3141,1400,0
2026-04-24 18:00:00,77704.41,77741.41,77373.06,77633.77,2588,1400,0
2026-04-24 19:00:00,77635.58,77769.21,77542.76,77655.8,2224,1400,0
2026-04-24 20:00:00,77653.74,77788.59,77463.26,77749.29,1775,1400,0
2026-04-24 21:00:00,77748.31,77784.9,77558.34,77559.81,1620,1400,0
2026-04-24 22:00:00,77562.21,77648.3,77269.97,77355.12,1793,1400,0
2026-04-24 23:00:00,77352.97,77475.48,77348.99,77458.63,1425,1400,0
2026-04-25 00:00:00,77450.38,77529.41,77327.3,77468.91,1338,1400,0
2026-04-25 01:00:00,77473.66,77639.4,77445.96,77554.51,1400,1400,0
2026-04-25 02:00:00,77559.01,77667.64,77514.78,77630.23,1202,1400,0
2026-04-25 03:00:00,77630.14,77739.29,77570.72,77693.72,1439,1400,0
2026-04-25 04:00:00,77687.46,77720.88,77612.93,77640.77,1171,1400,0
2026-04-25 05:00:00,77636.96,77636.96,77498.17,77538.77,1218,1400,0
2026-04-25 06:00:00,77540.64,77599.46,77496.59,77518.65,1114,1400,0
2026-04-25 07:00:00,77517.52,77584.42,77463.12,77502.9,1270,1400,0
2026-04-25 08:00:00,77513.04,77676.14,77499.29,77661.95,1256,1400,0
2026-04-25 09:00:00,77668.46,77800.84,77595.37,77742.68,1276,1400,0
2026-04-25 10:00:00,77745.17,77905.13,77735.69,77807.91,1454,1400,0
2026-04-25 11:00:00,77810.53,77810.73,77631.17,77699.54,1452,1400,0
2026-04-25 12:00:00,77705.69,77733.45,77555.16,77577.85,1385,1400,0
2026-04-25 13:00:00,77575.5,77733.15,77575.5,77705.15,1170,1400,0
2026-04-25 14:00:00,77701.09,77771.49,77641.58,77679.48,1410,1400,0
2026-04-25 15:00:00,77672.45,77734.93,77328.06,77353.4,1712,1400,0
2026-04-25 16:00:00,77353.18,77479.55,77167.84,77421.6,2151,1400,0
2026-04-25 17:00:00,77423.77,77430.51,77215.76,77275.65,1533,1400,0
2026-04-25 18:00:00,77267.73,77412.19,77227.02,77315.14,1319,1400,0
2026-04-25 19:00:00,77312.75,77361.97,77199.61,77324.44,1273,1400,0
2026-04-25 20:00:00,77325.46,77503.54,77310.83,77486.32,1291,1400,0
2026-04-25 21:00:00,77486.03,77555.38,77415.48,77549.17,1487,1400,0
2026-04-25 22:00:00,77544.03,77658.15,77504.89,77576.57,1278,1400,0
2026-04-25 23:00:00,77576.73,77667.9,77541.81,77637.96,1241,1400,0
2026-04-26 00:00:00,77639.57,77656.72,77467.54,77514.26,1451,1400,0
2026-04-26 01:00:00,77528.76,77586.94,77464.38,77481.03,1309,1400,0
2026-04-26 02:00:00,77480.95,77609.96,77470.94,77544.23,1095,1400,0
2026-04-26 03:00:00,77531.79,77564.26,77339.65,77403.74,1318,1400,0
2026-04-26 04:00:00,77398.22,77838.1,77385.83,77774.78,1637,1400,0
2026-04-26 05:00:00,77774.89,78217.46,77725.83,78008.2,2605,1400,0
2026-04-26 06:00:00,78007.92,78067.41,77901.17,78006.31,1546,1400,0
2026-04-26 07:00:00,78019.81,78144.55,77969.61,78116.0,1282,1400,0
2026-04-26 08:00:00,78119.95,78241.39,78034.62,78050.51,1498,1400,0
2026-04-26 09:00:00,78035.07,78068.27,77935.51,78018.16,1425,1400,0
2026-04-26 10:00:00,78018.22,78072.67,77964.32,78012.53,1239,1400,0
2026-04-26 11:00:00,78019.85,78170.27,78015.06,78108.13,1331,1400,0
2026-04-26 12:00:00,78106.31,78125.32,77777.53,77837.72,1546,1400,0
2026-04-26 13:00:00,77844.68,78002.77,77794.55,77988.39,1613,1400,0
2026-04-26 14:00:00,77975.16,78190.28,77883.42,78099.0,1981,1400,0
2026-04-26 15:00:00,78105.44,78136.27,77965.26,78061.73,1416,1400,0
2026-04-26 16:00:00,78062.97,78113.49,77946.23,77946.89,1229,1400,0
2026-04-26 17:00:00,77942.94,78076.43,77861.25,78036.76,1436,1400,0
2026-04-26 18:00:00,78036.24,78375.1,78000.34,78284.62,2138,1400,0
2026-04-26 19:00:00,78287.09,78524.46,78018.47,78252.37,2708,1400,0
2026-04-26 20:00:00,78258.03,78409.96,78168.68,78219.04,1647,1400,0
2026-04-26 21:00:00,78217.17,78991.18,77854.58,78439.7,3444,1400,0
2026-04-26 22:00:00,78427.73,78879.14,77974.8,78336.79,4701,1400,0
2026-04-26 23:00:00,78327.55,78925.91,78042.43,78666.81,3986,1400,0
2026-04-27 00:00:00,78667.9,79393.48,78397.07,79263.95,4610,1400,0
2026-04-27 01:00:00,79299.59,79509.98,78727.39,79298.74,5819,1400,0
2026-04-27 02:00:00,79294.13,79323.58,79035.66,79143.43,2706,1400,0
2026-04-27 03:00:00,79140.75,79338.06,79086.15,79119.4,2348,1400,0
2026-04-27 04:00:00,79135.46,79178.83,78886.74,78936.07,2190,1400,0
2026-04-27 05:00:00,78938.28,78957.02,77578.62,77792.6,6199,1400,0
2026-04-27 06:00:00,77792.26,77889.54,77462.53,77702.13,3096,1400,0
2026-04-27 07:00:00,77709.64,77748.07,77569.89,77612.03,2283,1400,0
2026-04-27 08:00:00,77611.36,77824.85,77555.24,77803.67,2348,1400,0
2026-04-27 09:00:00,77805.32,77995.76,77704.9,77899.03,1903,1400,0
2026-04-27 10:00:00,77897.99,77950.51,77785.81,77855.45,1561,1400,0
2026-04-27 11:00:00,77849.28,77895.65,77739.82,77839.27,1592,1400,0
2026-04-27 12:00:00,77836.69,77881.57,77606.7,77672.66,1928,1400,0
2026-04-27 13:00:00,77674.01,77970.02,77564.84,77738.2,4025,1400,0
2026-04-27 14:00:00,77742.3,78270.23,77672.69,77825.56,4857,1400,0
2026-04-27 15:00:00,77827.64,77844.36,76552.01,76785.83,8153,1400,0
2026-04-27 16:00:00,76777.87,76861.77,76523.54,76616.01,3379,1400,0
2026-04-27 17:00:00,76616.28,76929.62,76596.68,76721.34,2831,1400,0
2026-04-27 18:00:00,76719.47,76881.78,76637.95,76812.18,2035,1400,0
2026-04-27 19:00:00,76809.78,76885.57,76425.03,76871.67,2736,1400,0
2026-04-27 20:00:00,76874.91,77072.9,76815.56,76946.66,1532,1400,0
2026-04-27 21:00:00,76953.23,76985.91,76778.31,76778.62,1469,1400,0
2026-04-27 22:00:00,76779.95,77073.69,76751.92,77055.57,1796,1400,0
2026-04-27 23:00:00,77055.45,77450.1,77002.29,77352.15,1650,1400,0
2026-04-28 00:00:00,77353.19,77488.36,77198.9,77371.22,2537,1400,0
2026-04-28 01:00:00,77366.19,77388.39,77019.55,77087.4,2209,1400,0
2026-04-28 02:00:00,77086.86,77224.28,76664.12,76876.3,2751,1400,0
2026-04-28 03:00:00,76875.6,76901.59,76655.85,76803.03,1854,1400,0
2026-04-28 04:00:00,76804.3,76955.97,76685.04,76872.83,1816,1400,0
2026-04-28 05:00:00,76878.33,77158.98,76792.67,76883.08,1942,1400,0
2026-04-28 06:00:00,76881.1,77022.19,76566.99,76704.44,2063,1400,0
2026-04-28 07:00:00,76691.19,76920.91,76387.83,76869.64,2798,1400,0
2026-04-28 08:00:00,76871.21,77000.09,76728.73,76851.3,2221,1400,0
2026-04-28 09:00:00,76841.64,76857.14,76480.49,76583.16,2032,1400,0
2026-04-28 10:00:00,76574.26,76690.52,76456.87,76606.24,1747,1400,0
2026-04-28 11:00:00,76606.13,76639.22,76104.86,76225.48,3227,1400,0
2026-04-28 12:00:00,76222.0,76425.58,76147.59,76371.03,3106,1400,0
2026-04-28 13:00:00,76359.12,76414.98,75932.09,76171.47,5181,1400,0
2026-04-28 14:00:00,76172.7,76194.18,75641.09,75939.27,5964,1400,0
2026-04-28 15:00:00,75937.81,76076.72,75812.08,76041.64,3689,1400,0
2026-04-28 16:00:00,76050.35,76211.03,75859.69,76106.02,3106,1400,0
2026-04-28 17:00:00,76101.92,76249.75,75930.26,76165.72,2550,1400,0
2026-04-28 18:00:00,76166.61,76272.78,76109.4,76210.88,2022,1400,0
2026-04-28 19:00:00,76210.99,76369.11,76037.85,76319.71,1849,1400,0
2026-04-28 20:00:00,76318.95,76473.27,76311.19,76451.55,1458,1400,0
2026-04-28 21:00:00,76451.87,76483.66,76250.37,76352.47,1532,1400,0
2026-04-28 22:00:00,76352.54,76436.86,76196.1,76226.35,1603,1400,0
2026-04-28 23:00:00,76226.25,76358.64,76165.7,76312.53,1596,1400,0
2026-04-29 00:00:00,76314.59,76545.2,76245.51,76496.22,2057,1400,0
2026-04-29 01:00:00,76490.95,76659.59,76152.81,76557.86,2635,1400,0
2026-04-29 02:00:00,76559.58,76649.13,76376.3,76512.18,1824,1400,0
2026-04-29 03:00:00,76507.39,77118.07,76482.97,76980.05,3117,1400,0
2026-04-29 04:00:00,76990.6,77448.85,76860.01,77242.36,2709,1400,0
2026-04-29 05:00:00,77240.34,77322.17,77166.96,77281.37,1839,1400,0
2026-04-29 06:00:00,77278.91,77325.19,76917.7,77014.14,1933,1400,0
2026-04-29 07:00:00,77018.0,77173.07,76992.56,77019.33,1682,1400,0
2026-04-29 08:00:00,77019.91,77144.02,76939.54,77016.76,1649,1400,0
2026-04-29 09:00:00,77016.03,77796.48,76943.25,77640.28,3170,1400,0
2026-04-29 10:00:00,77638.29,77909.1,77538.06,77604.71,2967,1400,0
2026-04-29 11:00:00,77607.3,77692.57,77468.91,77574.46,2115,1400,0
2026-04-29 12:00:00,77571.31,77589.19,76973.05,77126.76,3133,1400,0
2026-04-29 13:00:00,77116.65,77247.02,76385.43,76761.85,4990,1400,0
2026-04-29 14:00:00,76760.66,76866.58,76446.81,76560.42,3865,1400,0
2026-04-29 15:00:00,76560.93,76626.23,75676.16,75877.66,5048,1400,0
2026-04-29 16:00:00,75893.17,76112.67,75648.52,75767.41,3450,1400,0
2026-04-29 17:00:00,75769.69,76143.51,75756.61,76136.9,2987,1400,0
2026-04-29 18:00:00,76141.6,76221.12,74878.8,75482.22,7552,1400,0
2026-04-29 19:00:00,75475.11,75576.15,75256.63,75526.0,3086,1400,0
2026-04-29 20:00:00,75521.85,75837.95,75452.43,75647.4,3462,1400,0
2026-04-29 21:00:00,75647.4,76069.74,75566.56,75893.82,1970,1400,0
2026-04-29 22:00:00,75888.6,75981.57,75787.37,75888.38,1924,1400,0
2026-04-29 23:00:00,75887.68,75961.13,75648.84,75752.8,2066,1400,0
2026-04-30 00:00:00,75752.86,76311.61,75607.55,76218.22,3240,1400,0
2026-04-30 01:00:00,76216.27,76460.08,76137.38,76215.52,2774,1400,0
2026-04-30 02:00:00,76213.81,76325.38,75457.49,75667.01,4415,1400,0
2026-04-30 03:00:00,75667.36,75967.37,75613.69,75889.55,2215,1400,0
2026-04-30 04:00:00,75888.91,75945.35,75367.02,75455.33,2988,1400,0
2026-04-30 05:00:00,75456.42,75724.31,75276.99,75568.51,2486,1400,0
2026-04-30 06:00:00,75560.09,75844.98,75533.14,75723.07,2301,1400,0
2026-04-30 07:00:00,75732.72,76152.32,75677.88,76128.64,2248,1400,0
2026-04-30 08:00:00,76139.5,76185.65,75976.72,76023.06,1929,1400,0
2026-04-30 09:00:00,76021.05,76326.95,75969.1,76058.99,2407,1400,0
2026-04-30 10:00:00,76062.17,76140.08,75934.92,76001.6,1979,1400,0
2026-04-30 11:00:00,75996.87,76230.72,75836.46,76035.21,2304,1400,0
2026-04-30 12:00:00,76031.12,76390.23,76003.94,76263.25,2257,1400,0
2026-04-30 13:00:00,76269.48,76645.79,76067.48,76386.83,4533,1400,0
2026-04-30 14:00:00,76389.25,76559.88,76050.47,76264.1,5375,1400,0
2026-04-30 15:00:00,76260.9,76621.57,76124.78,76436.98,3523,1400,0
2026-04-30 16:00:00,76430.84,76453.63,76176.66,76217.85,2474,1400,0
2026-04-30 17:00:00,76214.43,76298.34,76059.54,76204.88,2395,1400,0
2026-04-30 18:00:00,76205.78,76442.82,76156.72,76310.1,2155,1400,0
2026-04-30 19:00:00,76314.87,76485.93,76271.31,76375.98,1984,1400,0
2026-04-30 20:00:00,76372.99,76543.23,76272.61,76454.67,1755,1400,0
2026-04-30 21:00:00,76442.21,76505.28,76192.07,76204.73,1499,1400,0
2026-04-30 22:00:00,76204.14,76417.4,76154.32,76207.19,1548,1400,0
2026-04-30 23:00:00,76206.46,76347.89,76173.04,76314.47,1418,1400,0
2026-05-01 00:00:00,76316.55,76561.85,76268.86,76421.65,1773,1400,0
2026-05-01 01:00:00,76421.52,76750.73,76407.65,76651.02,1602,1400,0
2026-05-01 02:00:00,76660.16,76716.4,76500.29,76567.44,1460,1400,0
2026-05-01 03:00:00,76564.78,77436.09,76523.46,77094.33,3866,1400,0
2026-05-01 04:00:00,77096.18,77179.5,76906.5,77004.06,1870,1400,0
2026-05-01 05:00:00,77000.65,77162.9,76990.16,77140.18,1510,1400,0
2026-05-01 06:00:00,77143.28,77161.31,76841.88,76956.36,1846,1400,0
2026-05-01 07:00:00,76963.3,77127.88,76924.56,77103.16,1587,1400,0
2026-05-01 08:00:00,77103.09,77482.0,77023.22,77347.09,2070,1400,0
2026-05-01 09:00:00,77356.81,77376.05,77171.41,77253.59,1362,1400,0
2026-05-01 10:00:00,77256.06,77419.35,77133.6,77275.97,1481,1400,0
2026-05-01 11:00:00,77277.35,77600.2,77237.39,77444.3,1826,1400,0
2026-05-01 12:00:00,77445.59,78170.55,77384.63,77886.97,3968,1400,0
2026-05-01 13:00:00,77888.41,78927.86,77888.41,78747.97,5361,1400,0
2026-05-01 14:00:00,78748.44,78900.08,78038.97,78345.94,4498,1400,0
2026-05-01 15:00:00,78345.13,78741.42,78165.0,78424.59,3921,1400,0
2026-05-01 16:00:00,78424.24,78686.9,78146.06,78201.96,3722,1400,0
2026-05-01 17:00:00,78201.19,78593.11,78105.24,78536.3,2762,1400,0
2026-05-01 18:00:00,78536.91,78627.59,78359.71,78421.38,2448,1400,0
2026-05-01 19:00:00,78421.6,78548.64,78303.74,78359.2,2038,1400,0
2026-05-01 20:00:00,78361.37,78429.06,77744.63,77859.88,2056,1400,0
2026-05-01 21:00:00,77855.6,78204.2,77845.24,78195.09,1895,1400,0
2026-05-01 22:00:00,78196.0,78419.07,78127.68,78135.25,1668,1400,0
2026-05-01 23:00:00,78133.88,78248.13,78028.65,78229.63,1382,1400,0
2026-05-02 00:00:00,78224.26,78395.95,78153.39,78338.68,1695,1400,0
2026-05-02 01:00:00,78339.2,78452.5,78278.44,78334.01,1443,1400,0
2026-05-02 02:00:00,78333.53,78518.08,78242.65,78355.74,1436,1400,0
2026-05-02 03:00:00,78349.85,78541.3,78211.77,78405.17,1493,1400,0
2026-05-02 04:00:00,78407.37,78441.29,78111.47,78174.02,1452,1400,0
2026-05-02 05:00:00,78172.33,78248.53,78013.12,78176.1,1392,1400,0
2026-05-02 06:00:00,78178.67,78362.35,78130.68,78306.54,1195,1400,0
2026-05-02 07:00:00,78305.53,78344.8,78191.01,78223.01,1014,1400,0
2026-05-02 08:00:00,78223.82,78354.17,78151.09,78303.12,1147,1400,0
2026-05-02 09:00:00,78307.03,78401.11,78202.46,78288.4,1071,1400,0
2026-05-02 10:00:00,78293.13,78319.7,78209.85,78238.31,945,1400,0
2026-05-02 11:00:00,78245.31,78249.09,78085.19,78137.37,1120,1400,0
2026-05-02 12:00:00,78133.49,78269.28,78093.43,78195.83,996,1400,0
2026-05-02 13:00:00,78195.92,78435.84,78195.92,78368.1,1207,1400,0
2026-05-02 14:00:00,78366.62,78490.36,78297.2,78399.98,1316,1400,0
2026-05-02 15:00:00,78409.12,78482.72,78350.9,78482.72,1086,1400,0
2026-05-02 16:00:00,78477.1,78607.34,78413.23,78442.99,1443,1400,0
2026-05-02 17:00:00,78437.22,78477.78,78353.27,78379.65,1024,1400,0
2026-05-02 18:00:00,78377.8,78491.09,78306.05,78454.25,1094,1400,0
2026-05-02 19:00:00,78451.86,78517.21,78423.69,78472.2,931,1400,0
2026-05-02 20:00:00,78475.92,78488.08,78403.26,78446.12,840,1400,0
2026-05-02 21:00:00,78447.49,79174.72,78432.58,78725.2,2329,1400,0
2026-05-02 22:00:00,78732.98,78865.89,78599.5,78823.57,1732,1400,0
2026-05-02 23:00:00,78813.72,78817.77,78615.99,78678.7,1301,1400,0
2026-05-03 00:00:00,78684.37,78756.45,78475.72,78542.85,1608,1400,0
2026-05-03 01:00:00,78537.59,78542.26,78138.34,78238.64,1997,1400,0
2026-05-03 02:00:00,78236.98,78313.93,78102.38,78161.52,1514,1400,0
2026-05-03 03:00:00,78157.19,78212.86,78100.73,78184.39,1203,1400,0
2026-05-03 04:00:00,78189.26,78234.36,78100.29,78167.07,1171,1400,0
2026-05-03 05:00:00,78165.61,78247.67,78146.38,78236.22,1059,1400,0
2026-05-03 06:00:00,78234.77,78344.73,78061.13,78279.83,1315,1400,0
2026-05-03 07:00:00,78280.67,78445.8,78270.71,78356.29,1550,1400,0
2026-05-03 08:00:00,78352.66,78496.77,78352.66,78377.77,1234,1400,0
2026-05-03 09:00:00,78380.58,78613.5,78325.55,78517.27,1460,1400,0
2026-05-03 10:00:00,78517.19,78530.79,78388.5,78407.98,1170,1400,0
2026-05-03 11:00:00,78398.44,78848.48,78368.25,78655.02,1777,1400,0
2026-05-03 12:00:00,78658.02,78880.97,78655.05,78736.56,1677,1400,0
2026-05-03 13:00:00,78747.1,78769.96,78572.07,78657.34,1211,1400,0
2026-05-03 14:00:00,78654.58,78782.08,78592.48,78720.61,1364,1400,0
2026-05-03 15:00:00,78730.56,78808.81,78605.12,78652.49,1467,1400,0
2026-05-03 16:00:00,78652.78,78780.51,78568.16,78649.15,1341,1400,0
2026-05-03 17:00:00,78646.96,78812.95,78538.89,78721.87,1463,1400,0
2026-05-03 18:00:00,78727.43,78747.95,78608.58,78719.0,1098,1400,0
2026-05-03 19:00:00,78717.35,78856.65,78657.29,78757.77,1216,1400,0
2026-05-03 20:00:00,78750.66,79289.18,78712.92,78912.46,2135,1400,0
2026-05-03 21:00:00,78915.92,79049.72,78640.22,78818.02,2073,1400,0
2026-05-03 22:00:00,78822.04,79452.65,78817.76,79154.86,4821,1400,0
2026-05-03 23:00:00,79160.33,79284.68,78459.42,78565.6,3424,1400,0
2026-05-04 00:00:00,78558.18,78566.97,78255.79,78520.29,3044,1400,0
2026-05-04 01:00:00,78522.05,79872.55,78394.72,79768.17,5115,1400,0
2026-05-04 02:00:00,79772.84,80427.56,79508.07,80151.97,8033,1400,0
2026-05-04 03:00:00,80165.47,80451.27,79892.02,80298.89,3644,1400,0
2026-05-04 04:00:00,80297.05,80623.33,80204.24,80319.86,3525,1400,0
2026-05-04 05:00:00,80330.07,80387.68,79936.4,80006.61,2249,1400,0
2026-05-04 06:00:00,80007.0,80038.98,79472.73,79862.98,2623,1400,0
2026-05-04 07:00:00,79859.92,79945.19,79649.72,79692.69,1827,1400,0
2026-05-04 08:00:00,79693.18,79792.03,79568.81,79684.1,2060,1400,0
2026-05-04 09:00:00,79684.21,79916.7,79619.22,79821.37,1875,1400,0
2026-05-04 10:00:00,79825.17,79866.55,78176.1,78917.42,10402,1400,0
2026-05-04 11:00:00,78925.61,79123.71,78681.11,78779.24,3078,1400,0
2026-05-04 12:00:00,78767.4,79019.79,78695.13,78841.32,2615,1400,0
2026-05-04 13:00:00,78838.71,79123.92,78560.56,78771.31,4735,1400,0
2026-05-04 14:00:00,78769.33,80563.39,78475.47,80212.97,7315,1400,0
2026-05-04 15:00:00,80200.86,80375.14,79312.87,80020.39,9196,1400,0
2026-05-04 16:00:00,80023.3,80393.16,79595.15,80011.88,6840,1400,0
2026-05-04 17:00:00,80009.97,80789.42,80007.73,80384.85,4553,1400,0
2026-05-04 18:00:00,80384.64,80436.23,80014.65,80102.5,2703,1400,0
2026-05-04 19:00:00,80102.39,80135.69,79860.15,80048.1,2356,1400,0
2026-05-04 20:00:00,80041.08,80165.24,79876.92,79926.41,1714,1400,0
2026-05-04 21:00:00,79932.2,80378.99,79932.2,80253.82,1744,1400,0
2026-05-04 22:00:00,80252.81,80394.95,80029.73,80053.04,1752,1400,0
2026-05-04 23:00:00,80049.37,80049.37,79727.62,79848.46,1682,1400,0
2026-05-05 00:00:00,79845.98,80180.43,79775.23,80154.86,2199,1400,0
2026-05-05 01:00:00,80154.78,80375.75,80057.1,80337.31,1910,1400,0
2026-05-05 02:00:00,80327.74,80902.21,80277.93,80554.98,2682,1400,0
2026-05-05 03:00:00,80554.87,81089.38,80435.65,80870.62,2912,1400,0
2026-05-05 04:00:00,80867.82,80980.23,80706.87,80888.34,2236,1400,0
2026-05-05 05:00:00,80886.55,81332.27,80817.73,80965.93,3109,1400,0
2026-05-05 06:00:00,80965.3,81011.75,80774.64,80956.21,2010,1400,0
2026-05-05 07:00:00,80954.95,81146.3,80822.82,80851.34,2261,1400,0
2026-05-05 08:00:00,80846.77,80883.75,80694.39,80813.36,1588,1400,0
2026-05-05 09:00:00,80811.55,80816.63,80508.25,80579.8,1814,1400,0
2026-05-05 10:00:00,80573.11,80837.01,80513.58,80836.38,1734,1400,0
2026-05-05 11:00:00,80836.9,81114.88,80771.92,81020.74,2153,1400,0
2026-05-05 12:00:00,81021.73,81317.58,80924.08,81266.4,2371,1400,0
2026-05-05 13:00:00,81266.48,81709.43,81184.84,81324.61,4942,1400,0
2026-05-05 14:00:00,81326.44,81504.01,80929.37,81330.53,5620,1400,0
2026-05-05 15:00:00,81328.86,81701.99,81228.56,81539.39,3464,1400,0
2026-05-05 16:00:00,81540.12,81635.93,81047.63,81293.73,3377,1400,0
2026-05-05 17:00:00,81289.16,81473.17,81174.38,81270.25,2191,1400,0
2026-05-05 18:00:00,81275.25,81610.3,81275.25,81505.89,2138,1400,0
2026-05-05 19:00:00,81506.53,81681.8,81394.64,81606.41,1920,1400,0
2026-05-05 20:00:00,81590.59,81773.88,81509.48,81640.08,2374,1400,0
2026-05-05 21:00:00,81637.1,81785.74,81294.16,81403.99,2534,1400,0
2026-05-05 22:00:00,81411.24,81609.61,80789.37,81124.28,3876,1400,0
2026-05-05 23:00:00,81124.49,81219.38,80762.65,80901.61,2577,1400,0
2026-05-06 00:00:00,80897.69,81261.49,80708.02,81005.98,2944,1400,0
2026-05-06 01:00:00,81006.01,81529.95,80964.86,81422.48,2671,1400,0
2026-05-06 02:00:00,81423.19,81436.65,81030.63,81353.25,2261,1400,0
2026-05-06 03:00:00,81353.86,81743.62,81335.35,81579.03,2458,1400,0
2026-05-06 04:00:00,81579.13,81635.71,81245.63,81329.78,2298,1400,0
2026-05-06 05:00:00,81321.17,81338.54,81029.22,81315.29,2119,1400,0
2026-05-06 06:00:00,81313.54,81507.65,81194.74,81467.93,1893,1400,0
2026-05-06 07:00:00,81465.83,81610.45,81298.08,81365.72,1889,1400,0
2026-05-06 08:00:00,81363.98,81988.03,81308.06,81944.11,3573,1400,0
2026-05-06 09:00:00,81945.99,82052.52,81657.74,81991.96,3580,1400,0
2026-05-06 10:00:00,81993.05,82393.74,81956.01,82282.29,4019,1400,0
2026-05-06 11:00:00,82279.99,82840.99,82242.17,82516.74,4097,1400,0
2026-05-06 12:00:00,82518.72,82539.38,82149.36,82230.23,3289,1400,0
2026-05-06 13:00:00,82219.9,82222.1,81573.7,81655.66,6386,1400,0
2026-05-06 14:00:00,81666.18,81979.5,81108.78,81509.97,5932,1400,0
2026-05-06 15:00:00,81511.67,81805.52,81286.35,81686.63,3675,1400,0
2026-05-06 16:00:00,81688.84,81890.46,81412.62,81611.94,3254,1400,0
2026-05-06 17:00:00,81605.17,81696.48,81366.54,81446.44,2516,1400,0
2026-05-06 18:00:00,81446.69,81555.81,81251.32,81337.4,2663,1400,0
2026-05-06 19:00:00,81338.22,81504.72,81166.62,81443.36,2105,1400,0
2026-05-06 20:00:00,81441.48,81702.86,81290.62,81418.2,1904,1400,0
2026-05-06 21:00:00,81429.01,81622.28,81285.02,81541.15,1576,1400,0
2026-05-06 22:00:00,81542.62,81547.08,81230.68,81332.63,1887,1400,0
2026-05-06 23:00:00,81328.67,81447.68,80967.97,81424.0,2204,1400,0
2026-05-07 00:00:00,81425.13,81478.15,80963.59,81011.14,2669,1400,0
2026-05-07 01:00:00,81005.32,81289.49,80820.53,81160.42,3180,1400,0
2026-05-07 02:00:00,81165.76,81177.55,80878.97,81116.2,2444,1400,0
2026-05-07 03:00:00,81114.8,81114.8,80820.7,80842.46,1801,1400,0
2026-05-07 04:00:00,80845.62,80989.04,80712.07,80976.14,1852,1400,0
2026-05-07 05:00:00,80977.0,81170.53,80955.86,81079.11,1695,1400,0
2026-05-07 06:00:00,81081.21,81439.81,80873.88,81432.41,2268,1400,0
2026-05-07 07:00:00,81435.06,81713.44,81379.99,81515.64,2506,1400,0
2026-05-07 08:00:00,81515.74,81596.01,81188.86,81220.16,2415,1400,0
2026-05-07 09:00:00,81217.64,81223.44,80829.97,80918.33,2300,1400,0
2026-05-07 10:00:00,80918.59,81002.15,80547.37,80829.44,2293,1400,0
2026-05-07 11:00:00,80832.56,81048.55,80767.15,80861.43,1958,1400,0
2026-05-07 12:00:00,80857.67,81200.38,80819.07,81149.06,2424,1400,0
2026-05-07 13:00:00,81148.38,81158.44,80227.97,80480.22,5386,1400,0
2026-05-07 14:00:00,80480.36,80687.87,80034.31,80156.08,5475,1400,0
2026-05-07 15:00:00,80163.88,80264.05,79643.66,79895.2,4729,1400,0
2026-05-07 16:00:00,79898.06,80007.45,79686.16,79778.17,3837,1400,0
2026-05-07 17:00:00,79790.52,80127.44,79476.9,80092.15,4275,1400,0
2026-05-07 18:00:00,80088.35,80282.08,79993.5,80203.8,3202,1400,0
2026-05-07 19:00:00,80200.37,80213.05,79914.2,80135.07,2609,1400,0
2026-05-07 20:00:00,80137.36,80373.59,79835.07,79871.14,2091,1400,0
2026-05-07 21:00:00,79870.58,79923.18,79614.97,79721.56,1856,1400,0
2026-05-07 22:00:00,79715.54,79976.54,79564.57,79893.91,2577,1400,0
2026-05-07 23:00:00,79878.33,80065.24,79850.05,80009.88,1631,1400,0
2026-05-08 00:00:00,80009.79,80146.93,79706.33,79824.82,2058,1400,0
2026-05-08 01:00:00,79827.46,79891.79,79591.94,79730.81,2247,1400,0
2026-05-08 02:00:00,79729.7,79751.72,79309.5,79467.99,3169,1400,0
2026-05-08 03:00:00,79465.55,79665.27,79158.14,79568.26,2715,1400,0
2026-05-08 04:00:00,79560.52,79746.39,79537.81,79646.82,2015,1400,0
2026-05-08 05:00:00,79644.08,79774.75,79580.87,79585.31,1723,1400,0
2026-05-08 06:00:00,79591.52,79648.6,79428.51,79504.49,2442,1400,0
2026-05-08 07:00:00,79502.09,79717.79,79227.82,79658.38,2611,1400,0
2026-05-08 08:00:00,79661.87,79983.48,79647.5,79873.67,2267,1400,0
2026-05-08 09:00:00,79873.37,80058.25,79772.41,79849.69,1932,1400,0
2026-05-08 10:00:00,79851.15,80272.67,79755.67,80203.3,2464,1400,0
2026-05-08 11:00:00,80204.54,80332.64,80114.69,80219.29,2248,1400,0
2026-05-08 12:00:00,80227.86,80512.21,79950.65,80018.15,3038,1400,0
2026-05-08 13:00:00,80023.82,80092.74,79515.39,79627.11,4189,1400,0
2026-05-08 14:00:00,79634.52,80439.23,79624.54,80134.13,5683,1400,0
2026-05-08 15:00:00,80129.21,80190.39,79589.99,80123.16,4160,1400,0
2026-05-08 16:00:00,80128.06,80177.87,79716.97,79775.97,2953,1400,0
2026-05-08 17:00:00,79778.97,80254.49,79702.9,80060.39,3331,1400,0
2026-05-08 18:00:00,80061.82,80294.27,80049.31,80073.87,2804,1400,0
2026-05-08 19:00:00,80071.4,80179.82,79930.06,80162.88,2100,1400,0
2026-05-08 20:00:00,80165.51,80295.53,80065.9,80125.52,1756,1400,0
2026-05-08 21:00:00,80121.35,80258.26,80097.1,80242.14,1526,1400,0
2026-05-08 22:00:00,80238.7,80412.64,80215.31,80267.21,1598,1400,0
2026-05-08 23:00:00,80265.66,80293.59,80100.01,80187.85,1315,1400,0
2026-05-09 00:00:00,80189.73,80236.51,80113.12,80228.54,1384,1400,0
2026-05-09 01:00:00,80225.08,80445.72,80204.64,80321.47,1580,1400,0
2026-05-09 02:00:00,80330.11,80483.09,80309.43,80416.43,1544,1400,0
2026-05-09 03:00:00,80418.57,80563.99,80300.7,80384.79,1443,1400,0
2026-05-09 04:00:00,80383.79,80676.18,80363.76,80374.99,1693,1400,0
2026-05-09 05:00:00,80380.87,80483.01,80342.98,80379.73,1292,1400,0
2026-05-09 06:00:00,80374.71,80429.67,80185.13,80248.12,1507,1400,0
2026-05-09 07:00:00,80254.44,80299.56,80108.15,80215.89,1252,1400,0
2026-05-09 08:00:00,80215.26,80434.08,80196.59,80405.04,1413,1400,0
2026-05-09 09:00:00,80394.73,80406.1,80190.83,80226.43,1254,1400,0
2026-05-09 10:00:00,80222.99,80337.79,80149.78,80255.59,1228,1400,0
2026-05-09 11:00:00,80255.45,80373.69,80235.34,80332.39,931,1400,0
2026-05-09 12:00:00,80330.83,80418.13,80255.31,80386.83,1135,1400,0
2026-05-09 13:00:00,80386.74,80413.71,80304.11,80383.14,1118,1400,0
2026-05-09 14:00:00,80389.56,80433.67,80239.68,80321.5,1595,1400,0
2026-05-09 15:00:00,80317.84,80597.85,80223.33,80515.97,1506,1400,0
2026-05-09 16:00:00,80521.29,80796.45,80468.19,80617.87,2015,1400,0
2026-05-09 17:00:00,80618.56,80925.4,80604.53,80800.49,1987,1400,0
2026-05-09 18:00:00,80800.22,81076.22,80766.82,80894.42,1690,1400,0
2026-05-09 19:00:00,80895.51,80952.09,80767.29,80920.93,1361,1400,0
2026-05-09 20:00:00,80922.06,80935.23,80714.94,80795.86,1254,1400,0
2026-05-09 21:00:00,80793.63,80886.51,80718.64,80770.21,1164,1400,0
2026-05-09 22:00:00,80772.77,80820.36,80653.39,80759.91,1235,1400,0
2026-05-09 23:00:00,80751.71,80839.51,80600.78,80655.42,1260,1400,0
2026-05-10 00:00:00,80650.96,80750.06,80603.3,80660.43,1509,1400,0
2026-05-10 01:00:00,80656.86,80674.45,80541.21,80669.94,1281,1400,0
2026-05-10 02:00:00,80672.04,80774.87,80585.16,80762.01,1440,1400,0
2026-05-10 03:00:00,80762.74,80883.76,80684.55,80755.82,1374,1400,0
2026-05-10 04:00:00,80758.8,80830.46,80713.51,80743.21,1198,1400,0
2026-05-10 05:00:00,80737.73,80800.73,80654.35,80686.61,1289,1400,0
2026-05-10 06:00:00,80686.53,80743.92,80634.1,80726.33,1136,1400,0
2026-05-10 07:00:00,80726.12,80787.92,80700.69,80718.07,1211,1400,0
2026-05-10 08:00:00,80725.81,80893.1,80697.32,80828.89,1405,1400,0
2026-05-10 09:00:00,80824.37,80901.29,80736.59,80799.03,1163,1400,0
2026-05-10 10:00:00,80787.74,80873.39,80665.72,80850.34,1331,1400,0
2026-05-10 11:00:00,80846.85,80965.06,80736.86,80812.98,1460,1400,0
2026-05-10 12:00:00,80811.43,80948.39,80773.75,80912.5,1556,1400,0
2026-05-10 13:00:00,80911.64,81004.77,80859.05,80952.4,1615,1400,0
2026-05-10 14:00:00,80948.23,81009.18,80803.35,80971.59,1649,1400,0
2026-05-10 15:00:00,80971.41,81440.45,80923.29,81391.83,2668,1400,0
2026-05-10 16:00:00,81395.64,81494.8,81173.14,81349.68,2320,1400,0
2026-05-10 17:00:00,81349.6,81587.37,81206.72,81465.0,2186,1400,0
2026-05-10 18:00:00,81463.58,81486.17,81211.41,81261.59,1624,1400,0
2026-05-10 19:00:00,81261.7,81477.15,81135.2,81420.63,1553,1400,0
2026-05-10 20:00:00,81421.05,81448.87,80256.04,80711.16,4617,1400,0
2026-05-10 21:00:00,80709.88,80937.88,80553.91,80703.53,3097,1400,0
2026-05-10 22:00:00,80702.56,82166.78,80638.51,82044.78,7307,1400,0
2026-05-10 23:00:00,82044.31,82472.3,82041.62,82198.21,4928,1400,0
2026-05-11 00:00:00,82193.39,82373.49,81255.57,81447.73,5086,1400,0
2026-05-11 01:00:00,81450.5,81743.55,81266.99,81484.76,3984,1400,0
2026-05-11 02:00:00,81480.26,81552.0,81088.22,81155.0,3195,1400,0
2026-05-11 03:00:00,81160.45,81176.19,80487.11,80714.21,3714,1400,0
2026-05-11 04:00:00,80715.88,80863.45,80615.33,80799.83,2020,1400,0
2026-05-11 05:00:00,80800.19,80965.79,80728.93,80826.82,1791,1400,0
2026-05-11 06:00:00,80826.72,81040.18,80733.02,80807.25,1955,1400,0
2026-05-11 07:00:00,80807.97,80830.69,80647.68,80720.71,1939,1400,0
2026-05-11 08:00:00,80711.19,80847.17,80593.73,80744.08,2054,1400,0
2026-05-11 09:00:00,80741.01,80980.55,80732.95,80935.2,1706,1400,0
2026-05-11 10:00:00,80941.2,81193.07,80909.31,80929.88,2138,1400,0
2026-05-11 11:00:00,80930.76,81201.82,80883.05,81187.23,1951,1400,0
2026-05-11 12:00:00,81190.18,81347.31,80999.7,81031.34,2490,1400,0
2026-05-11 13:00:00,81044.33,81312.62,80722.54,81024.7,4050,1400,0
2026-05-11 14:00:00,81025.48,81228.1,80411.75,80902.84,5073,1400,0
2026-05-11 15:00:00,80915.94,81445.37,80785.61,81409.0,3848,1400,0
2026-05-11 16:00:00,81426.28,81905.06,81313.98,81541.93,4328,1400,0
2026-05-11 17:00:00,81543.3,82054.58,81330.67,81921.52,3354,1400,0
2026-05-11 18:00:00,81930.01,82131.52,81805.88,81849.76,2833,1400,0
2026-05-11 19:00:00,81848.11,82084.95,81715.67,81946.67,2300,1400,0
2026-05-11 20:00:00,81949.73,82068.26,81734.67,81802.35,2199,1400,0
2026-05-11 21:00:00,81803.24,81905.22,81565.42,81816.38,1870,1400,0
2026-05-11 22:00:00,81815.95,81962.46,81705.71,81808.2,1990,1400,0
2026-05-11 23:00:00,81794.85,81798.87,81561.07,81718.03,1548,1400,0
2026-05-12 00:00:00,81718.28,81774.99,81446.82,81533.48,1846,1400,0
2026-05-12 01:00:00,81521.17,81601.31,80677.56,81168.39,3860,1400,0
2026-05-12 02:00:00,81167.22,81324.19,81048.65,81234.8,2086,1400,0
2026-05-12 03:00:00,81233.35,81271.43,80989.59,81033.62,1690,1400,0
2026-05-12 04:00:00,81041.97,81280.87,80971.03,81207.4,1626,1400,0
2026-05-12 05:00:00,81205.99,81293.28,81153.05,81198.23,1312,1400,0
2026-05-12 06:00:00,81199.76,81283.28,80979.43,80999.81,1474,1400,0
2026-05-12 07:00:00,80993.43,81112.63,80769.87,80831.47,2235,1400,0
2026-05-12 08:00:00,80829.88,80943.42,80730.1,80804.31,1913,1400,0
2026-05-12 09:00:00,80812.13,80931.76,80680.93,80803.19,1933,1400,0
2026-05-12 10:00:00,80803.04,80815.76,80563.06,80647.01,1692,1400,0
2026-05-12 11:00:00,80649.07,80772.81,80450.12,80746.53,1909,1400,0
2026-05-12 12:00:00,80751.78,80983.01,80581.21,80862.77,2816,1400,0
2026-05-12 13:00:00,80862.85,80910.19,80360.92,80435.2,3592,1400,0
2026-05-12 14:00:00,80448.09,80878.08,80361.76,80520.62,4825,1400,0
2026-05-12 15:00:00,80507.53,80644.24,80143.34,80294.92,4006,1400,0
2026-05-12 16:00:00,80298.27,80396.15,79801.71,79976.12,3747,1400,0
2026-05-12 17:00:00,79976.64,80572.44,79907.18,80493.87,2752,1400,0
2026-05-12 18:00:00,80495.71,80734.56,80393.07,80639.96,2046,1400,0
2026-05-12 19:00:00,80647.66,80850.37,80637.35,80814.44,1892,1400,0
2026-05-12 20:00:00,80816.08,80872.48,80606.1,80672.54,1472,1400,0
2026-05-12 21:00:00,80673.05,80718.81,80466.49,80566.7,1446,1400,0
2026-05-12 22:00:00,80562.66,80781.77,80562.66,80633.44,1605,1400,0
2026-05-12 23:00:00,80626.28,80699.81,80408.81,80485.12,1706,1400,0
2026-05-13 00:00:00,80483.56,80753.85,80379.95,80690.82,2152,1400,0
2026-05-13 01:00:00,80694.15,81181.37,80647.22,80980.18,2745,1400,0
2026-05-13 02:00:00,80990.19,81256.12,80906.2,81039.17,1958,1400,0
2026-05-13 03:00:00,81040.38,81286.96,80951.95,81241.39,1593,1400,0
2026-05-13 04:00:00,81235.68,81268.5,81089.51,81213.09,1356,1400,0
2026-05-13 05:00:00,81212.61,81225.27,80968.09,81006.47,1340,1400,0
2026-05-13 06:00:00,81002.58,81141.26,80937.36,80954.68,1341,1400,0
2026-05-13 07:00:00,80952.16,81031.41,80858.29,80989.1,1283,1400,0
2026-05-13 08:00:00,81004.44,81172.62,80906.47,81162.04,1715,1400,0
2026-05-13 09:00:00,81164.88,81280.65,81093.21,81254.31,1651,1400,0
2026-05-13 10:00:00,81254.22,81265.63,80766.15,80784.18,1802,1400,0
2026-05-13 11:00:00,80781.87,80830.92,80457.27,80475.13,2199,1400,0
2026-05-13 12:00:00,80474.5,80571.2,79811.29,80173.71,4142,1400,0
2026-05-13 13:00:00,80175.73,80327.43,79541.71,79613.0,4617,1400,0
2026-05-13 14:00:00,79610.59,79872.26,79433.9,79736.93,4084,1400,0
2026-05-13 15:00:00,79731.82,79829.25,78753.65,78794.89,4024,1400,0
2026-05-13 16:00:00,78797.18,79198.34,78705.17,79064.83,3552,1400,0
2026-05-13 17:00:00,79064.95,79547.47,79064.95,79478.79,2095,1400,0
2026-05-13 18:00:00,79479.09,79782.02,79479.09,79573.8,2171,1400,0
2026-05-13 19:00:00,79569.78,79619.56,79358.02,79614.35,2073,1400,0
2026-05-13 20:00:00,79616.24,79740.04,79572.78,79677.24,1512,1400,0
2026-05-13 21:00:00,79676.8,79681.38,79293.22,79362.31,2019,1400,0
2026-05-13 22:00:00,79365.24,79441.94,79180.13,79390.7,2075,1400,0
2026-05-13 23:00:00,79389.81,79467.98,79187.47,79292.03,1988,1400,0
2026-05-14 00:00:00,79292.79,79664.6,79265.92,79542.63,2391,1400,0
2026-05-14 01:00:00,79541.87,79660.07,79366.11,79571.05,2318,1400,0
2026-05-14 02:00:00,79575.53,79652.81,79177.83,79325.41,2072,1400,0
2026-05-14 03:00:00,79324.63,79431.51,78877.04,79008.39,3956,1400,0
2026-05-14 04:00:00,79009.26,79442.35,78940.88,79406.11,2454,1400,0
2026-05-14 05:00:00,79406.2,79970.92,79331.36,79771.9,2596,1400,0
2026-05-14 06:00:00,79768.03,79907.61,79718.59,79775.56,2033,1400,0
2026-05-14 07:00:00,79771.07,79908.66,79657.05,79713.33,1788,1400,0
2026-05-14 08:00:00,79713.43,79909.89,79589.35,79785.04,2085,1400,0
2026-05-14 09:00:00,79790.47,79880.87,79535.43,79592.21,1970,1400,0
2026-05-14 10:00:00,79595.48,79738.58,79368.45,79537.74,2117,1400,0
2026-05-14 11:00:00,79536.41,79581.55,79183.64,79212.1,1906,1400,0
2026-05-14 12:00:00,79219.47,79753.09,79193.89,79748.53,2379,1400,0
2026-05-14 13:00:00,79743.32,80048.6,79634.31,79677.96,4651,1400,0
2026-05-14 14:00:00,79675.94,81012.03,79517.04,80945.32,5911,1400,0
2026-05-14 15:00:00,80948.77,81320.57,80786.58,81282.7,4445,1400,0
2026-05-14 16:00:00,81285.42,81898.65,81071.14,81872.74,5207,1400,0
2026-05-14 17:00:00,81875.94,82051.46,81256.33,81676.53,5535,1400,0
2026-05-14 18:00:00,81676.92,81973.69,81435.01,81573.38,3509,1400,0
2026-05-14 19:00:00,81589.04,81713.88,81316.99,81425.62,2871,1400,0
2026-05-14 20:00:00,81426.28,81618.61,81143.58,81402.34,2533,1400,0
2026-05-14 21:00:00,81413.03,81522.11,81248.72,81367.14,1792,1400,0
2026-05-14 22:00:00,81378.42,81554.03,81314.47,81452.39,1705,1400,0
2026-05-14 23:00:00,81448.11,81450.34,81024.27,81076.84,1557,1400,0
2026-05-15 00:00:00,81076.82,81652.83,81039.56,81494.3,2708,1400,0
2026-05-15 01:00:00,81496.4,81604.66,81088.32,81121.14,3417,1400,0
2026-05-15 02:00:00,81114.46,81350.9,80720.78,81282.63,4063,1400,0
2026-05-15 03:00:00,81283.37,81328.88,80910.29,81046.87,2329,1400,0
2026-05-15 04:00:00,81035.5,81091.06,80685.95,80719.78,2230,1400,0
2026-05-15 05:00:00,80720.49,80873.59,80290.86,80339.77,3918,1400,0
2026-05-15 06:00:00,80342.58,80631.4,80289.84,80560.99,2601,1400,0
2026-05-15 07:00:00,80561.43,81000.08,80543.2,80807.65,2406,1400,0
2026-05-15 08:00:00,80813.53,80825.09,80389.7,80637.01,2616,1400,0
2026-05-15 09:00:00,80640.49,80672.22,80355.84,80469.01,2380,1400,0
2026-05-15 10:00:00,80468.94,80767.97,80386.18,80704.07,2156,1400,0
2026-05-15 11:00:00,80703.67,80756.46,80570.56,80608.55,1664,1400,0
2026-05-15 12:00:00,80605.5,80632.78,80300.44,80384.74,2129,1400,0
2026-05-15 13:00:00,80384.63,80384.63,78649.51,78712.91,7759,1400,0
2026-05-15 14:00:00,78724.16,79306.09,78591.69,79120.56,7314,1400,0
2026-05-15 15:00:00,79122.85,79347.71,78973.27,79120.32,3822,1400,0
2026-05-15 16:00:00,79113.03,79363.56,79089.12,79258.38,2988,1400,0
2026-05-15 17:00:00,79256.59,79479.85,79183.95,79430.86,2639,1400,0
2026-05-15 18:00:00,79429.53,79535.61,79119.11,79223.44,2638,1400,0
2026-05-15 19:00:00,79223.9,79251.08,78993.33,79096.43,2299,1400,0
2026-05-15 20:00:00,79095.14,79180.25,78941.79,79079.35,1815,1400,0
2026-05-15 21:00:00,79079.43,79159.38,78846.63,78935.43,1836,1400,0
2026-05-15 22:00:00,78935.64,79107.97,78920.73,79056.9,1393,1400,0
2026-05-15 23:00:00,79054.6,79129.32,79026.29,79067.78,1180,1400,0
2026-05-16 00:00:00,79069.02,79187.34,79022.7,79065.69,1342,1400,0
2026-05-16 01:00:00,79069.64,79138.26,78951.24,79113.48,1502,1400,0
2026-05-16 02:00:00,79111.1,79162.02,79023.77,79098.7,1354,1400,0
2026-05-16 03:00:00,79101.5,79144.15,79008.28,79046.1,1150,1400,0
2026-05-16 04:00:00,79042.54,79085.84,78796.9,78988.86,1514,1400,0
2026-05-16 05:00:00,78989.02,79003.83,78877.93,78986.03,1342,1400,0
2026-05-16 06:00:00,78987.59,79018.73,78408.8,78615.95,2292,1400,0
2026-05-16 07:00:00,78614.85,78614.85,78014.71,78330.84,3812,1400,0
2026-05-16 08:00:00,78328.58,78517.73,78283.67,78366.99,1669,1400,0
2026-05-16 09:00:00,78374.85,78399.92,77839.19,78042.39,3541,1400,0
2026-05-16 10:00:00,78043.45,78071.62,77600.5,77929.0,3105,1400,0
2026-05-16 11:00:00,77928.35,78160.23,77928.35,78052.27,1801,1400,0
2026-05-16 12:00:00,78051.76,78105.71,77879.57,77978.64,1581,1400,0
2026-05-16 13:00:00,77973.6,77984.11,77801.46,77977.4,1787,1400,0
2026-05-16 14:00:00,77985.09,78316.96,77848.61,78085.63,2161,1400,0
2026-05-16 15:00:00,78086.26,78250.37,78024.93,78193.61,1743,1400,0
2026-05-16 16:00:00,78197.48,78344.94,78066.5,78170.65,1840,1400,0
2026-05-16 17:00:00,78172.41,78296.21,78152.61,78158.57,1247,1400,0
2026-05-16 18:00:00,78157.31,78295.9,78105.05,78206.56,1208,1400,0
2026-05-16 19:00:00,78202.05,78281.3,78170.26,78230.71,1117,1400,0
2026-05-16 20:00:00,78231.4,78291.66,78165.76,78209.71,1069,1400,0
2026-05-16 21:00:00,78208.41,78275.44,78171.49,78227.56,1299,1400,0
2026-05-16 22:00:00,78225.1,78252.93,78136.93,78152.61,1159,1400,0
2026-05-16 23:00:00,78152.11,78243.13,78082.85,78102.91,1127,1400,0
2026-05-17 00:00:00,78103.05,78201.31,77761.05,77913.71,1665,1400,0
2026-05-17 01:00:00,77917.51,78078.71,77682.02,77695.81,2666,1400,0
2026-05-17 02:00:00,77693.65,77906.83,77693.65,77856.9,1797,1400,0
2026-05-17 03:00:00,77857.05,78056.61,77846.57,77984.61,1434,1400,0
2026-05-17 04:00:00,77984.53,78187.19,77951.8,78122.32,1401,1400,0
2026-05-17 05:00:00,78125.54,78297.49,78067.59,78091.75,1318,1400,0
2026-05-17 06:00:00,78090.4,78186.37,77981.91,78076.54,1164,1400,0
2026-05-17 07:00:00,78077.45,78177.03,78018.84,78145.26,960,1400,0
2026-05-17 08:00:00,78153.21,78169.83,77989.16,78060.69,1365,1400,0
2026-05-17 09:00:00,78058.82,78268.51,78042.93,78210.1,1257,1400,0
2026-05-17 10:00:00,78215.45,78576.62,78203.0,78426.68,2140,1400,0
2026-05-17 11:00:00,78428.77,78447.05,78251.28,78383.36,1736,1400,0
2026-05-17 12:00:00,78383.41,78521.37,78287.45,78333.03,1621,1400,0
2026-05-17 13:00:00,78341.08,78342.31,78126.78,78180.4,1679,1400,0
2026-05-17 14:00:00,78180.49,78189.96,77801.42,78013.87,2403,1400,0
2026-05-17 15:00:00,78015.05,78098.7,77881.54,78013.42,1585,1400,0
2026-05-17 16:00:00,78010.52,78169.53,77979.89,78009.25,1411,1400,0
2026-05-17 17:00:00,78009.17,78065.47,77809.93,78044.94,1743,1400,0
2026-05-17 18:00:00,78048.8,78239.6,77967.68,78216.95,1763,1400,0
2026-05-17 19:00:00,78217.63,78434.68,78166.97,78362.25,1522,1400,0
2026-05-17 20:00:00,78360.85,78395.13,78196.02,78225.17,1414,1400,0
2026-05-17 21:00:00,78225.47,78454.33,78183.23,78354.92,1434,1400,0
2026-05-17 22:00:00,78352.8,78373.89,77761.57,77948.43,3464,1400,0
2026-05-17 23:00:00,77957.47,77964.79,76673.8,77401.57,7061,1400,0
2026-05-18 00:00:00,77412.7,77434.07,76859.86,77158.15,6265,1400,0
2026-05-18 01:00:00,77160.88,77237.79,76686.16,77069.49,5115,1400,0
2026-05-18 02:00:00,77070.63,77173.02,76647.56,76783.38,2799,1400,0
2026-05-18 03:00:00,76794.78,76987.76,76757.67,76890.83,2392,1400,0
2026-05-18 04:00:00,76890.49,77033.1,76718.3,76976.71,2119,1400,0
2026-05-18 05:00:00,76981.07,77041.55,76835.27,76875.39,2179,1400,0
2026-05-18 06:00:00,76872.98,76931.22,76518.29,76875.33,2994,1400,0
2026-05-18 07:00:00,76878.31,77046.21,76711.73,77021.36,2541,1400,0
2026-05-18 08:00:00,77020.3,77137.75,76829.36,76966.85,2271,1400,0
2026-05-18 09:00:00,76973.43,76999.43,76811.43,76888.83,1802,1400,0
2026-05-18 10:00:00,76890.54,76907.07,76656.5,76729.91,1955,1400,0
2026-05-18 11:00:00,76730.94,77358.42,76605.68,77240.53,3260,1400,0
2026-05-18 12:00:00,77247.07,77760.79,77232.42,77605.26,4246,1400,0
2026-05-18 13:00:00,77605.81,77608.94,76639.02,76892.5,6683,1400,0
2026-05-18 14:00:00,76906.48,76918.86,76179.85,76350.81,7547,1400,0
2026-05-18 15:00:00,76347.91,76443.63,75985.45,76374.07,5492,1400,0
2026-05-18 16:00:00,76374.4,76616.33,76138.67,76346.83,4056,1400,0
2026-05-18 17:00:00,76361.79,76701.84,76310.17,76640.88,3055,1400,0
2026-05-18 18:00:00,76632.13,76653.11,76074.87,76188.06,3578,1400,0
2026-05-18 19:00:00,76189.29,76932.57,76165.12,76861.96,5469,1400,0
2026-05-18 20:00:00,76867.11,77127.24,76813.11,76835.74,2256,1400,0
2026-05-18 21:00:00,76837.41,77133.18,76735.61,77036.54,2031,1400,0
2026-05-18 22:00:00,77036.75,77171.84,76868.17,77014.46,2106,1400,0
2026-05-18 23:00:00,77017.89,77112.24,76879.93,76937.9,1595,1400,0
2026-05-19 00:00:00,76934.82,77364.61,76886.08,77082.61,2695,1400,0
2026-05-19 01:00:00,77077.6,77101.36,76598.9,76609.9,2823,1400,0
2026-05-19 02:00:00,76607.87,76951.16,76415.37,76550.11,2828,1400,0
2026-05-19 03:00:00,76553.27,76806.61,76514.82,76723.02,1889,1400,0
2026-05-19 04:00:00,76721.92,76893.39,76628.15,76855.6,1810,1400,0
2026-05-19 05:00:00,76856.36,76957.07,76561.45,76841.86,2322,1400,0
2026-05-19 06:00:00,76842.39,77050.48,76813.12,76960.99,2066,1400,0
2026-05-19 07:00:00,76961.19,77225.14,76902.66,77173.03,2205,1400,0
2026-05-19 08:00:00,77172.39,77263.27,76902.25,76993.92,2316,1400,0
2026-05-19 09:00:00,76992.89,77009.92,76631.34,76748.47,2411,1400,0
2026-05-19 10:00:00,76747.32,77045.74,76625.19,76977.73,2478,1400,0
2026-05-19 11:00:00,76980.8,77014.37,76553.67,76640.95,1953,1400,0
2026-05-19 12:00:00,76636.91,76917.71,76572.39,76867.62,1774,1400,0
2026-05-19 13:00:00,76872.67,76993.86,76512.78,76804.97,5105,1400,0
2026-05-19 14:00:00,76808.51,76954.05,76068.59,76333.06,5955,1400,0
2026-05-19 15:00:00,76331.62,76619.81,76262.53,76458.76,3056,1400,0
2026-05-19 16:00:00,76461.16,76858.74,76333.23,76814.99,2752,1400,0
2026-05-19 17:00:00,76825.23,76959.7,76683.8,76773.73,2781,1400,0
2026-05-19 18:00:00,76773.82,76880.85,76669.13,76729.79,2080,1400,0
2026-05-19 19:00:00,76729.87,77014.06,76690.42,76755.59,2011,1400,0
2026-05-19 20:00:00,76753.98,76972.96,76753.98,76942.1,1164,1400,0
2026-05-19 21:00:00,76942.21,76978.52,76894.36,76912.23,1286,1400,0
2026-05-19 22:00:00,76910.79,76910.79,76573.31,76643.95,1990,1400,0
2026-05-19 23:00:00,76635.93,76915.07,76597.27,76775.38,1603,1400,0
2026-05-20 00:00:00,76772.6,76829.76,76440.98,76710.42,2780,1400,0
2026-05-20 01:00:00,76707.51,76861.05,76455.28,76743.26,3164,1400,0
2026-05-20 02:00:00,76740.53,76844.01,76519.82,76616.01,2318,1400,0
2026-05-20 03:00:00,76615.05,76750.16,76527.17,76646.52,1867,1400,0
2026-05-20 04:00:00,76649.38,76771.41,76604.05,76698.71,1457,1400,0
2026-05-20 05:00:00,76697.99,77261.64,76697.99,77123.74,2387,1400,0
2026-05-20 06:00:00,77124.52,77348.27,77106.87,77334.23,1743,1400,0
2026-05-20 07:00:00,77335.27,77400.79,77149.44,77199.64,1572,1400,0
2026-05-20 08:00:00,77194.74,77556.32,77120.36,77377.14,1843,1400,0
2026-05-20 09:00:00,77376.91,77467.78,77271.95,77405.05,1454,1400,0
2026-05-20 10:00:00,77406.31,77597.56,77406.31,77423.75,1456,1400,0
2026-05-20 11:00:00,77423.77,77483.95,77238.63,77300.75,1292,1400,0
2026-05-20 12:00:00,77301.22,77688.6,77275.98,77548.66,1604,1400,0
2026-05-20 13:00:00,77552.16,77584.34,76884.78,77136.33,4481,1400,0
2026-05-20 14:00:00,77138.44,77512.72,76812.7,77371.85,6356,1400,0
2026-05-20 15:00:00,77370.1,77794.99,77226.57,77385.46,4469,1400,0
2026-05-20 16:00:00,77382.27,77488.97,76929.51,77254.44,3270,1400,0
2026-05-20 17:00:00,77248.02,77643.79,77148.48,77494.74,2808,1400,0
2026-05-20 18:00:00,77492.99,77560.8,77308.05,77337.02,2397,1400,0
2026-05-20 19:00:00,77336.41,77641.14,77267.04,77600.92,2186,1400,0
2026-05-20 20:00:00,77594.02,77699.43,77402.52,77637.29,2285,1400,0
2026-05-20 21:00:00,77632.91,77706.56,77428.5,77433.25,1443,1400,0
2026-05-20 22:00:00,77432.94,77432.94,77137.52,77430.23,2210,1400,0
2026-05-20 23:00:00,77434.5,77484.05,77299.06,77470.99,1500,1400,0
2026-05-21 00:00:00,77474.38,78001.74,77427.67,77885.11,2236,1400,0
2026-05-21 01:00:00,77885.64,78115.69,77717.08,77782.92,2301,1400,0
2026-05-21 02:00:00,77782.63,78029.84,77738.88,77876.95,1758,1400,0
2026-05-21 03:00:00,77875.37,78026.91,77823.36,77995.24,1283,1400,0
2026-05-21 04:00:00,77989.14,78098.44,77879.19,77956.22,1368,1400,0
2026-05-21 05:00:00,77952.97,78071.33,77620.84,77758.72,1617,1400,0
2026-05-21 06:00:00,77756.74,77801.58,77450.29,77544.21,1842,1400,0
2026-05-21 07:00:00,77544.28,77823.5,77429.57,77795.07,1831,1400,0
2026-05-21 08:00:00,77796.13,78144.5,77796.13,77850.42,2722,1400,0
2026-05-21 09:00:00,77844.43,77914.59,77544.33,77551.7,1731,1400,0
2026-05-21 10:00:00,77551.85,77611.99,77094.46,77128.04,3446,1400,0
2026-05-21 11:00:00,77129.96,77300.85,77053.69,77122.16,2124,1400,0
2026-05-21 12:00:00,77124.6,77289.62,76983.73,77202.4,2168,1400,0
2026-05-21 13:00:00,77203.01,77280.46,76646.59,77052.17,5081,1400,0
2026-05-21 14:00:00,77048.58,77171.32,76693.67,76900.78,4497,1400,0
2026-05-21 15:00:00,76898.8,77337.98,76808.44,77183.78,3304,1400,0
2026-05-21 16:00:00,77185.07,77276.11,76912.92,77113.82,2496,1400,0
2026-05-21 17:00:00,77114.19,78023.72,77088.59,77800.34,5179,1400,0
2026-05-21 18:00:00,77794.38,77862.09,77175.71,77308.21,3988,1400,0
2026-05-21 19:00:00,77301.41,77728.15,77284.56,77620.41,2499,1400,0
2026-05-21 20:00:00,77625.5,77732.5,77561.51,77627.79,1531,1400,0
2026-05-21 21:00:00,77628.01,77745.62,77565.65,77603.45,1371,1400,0
2026-05-21 22:00:00,77607.1,77684.8,77474.85,77553.14,1551,1400,0
2026-05-21 23:00:00,77554.38,77679.79,77449.37,77555.11,1536,1400,0
2026-05-22 00:00:00,77555.55,77567.64,77289.72,77309.02,2044,1400,0
2026-05-22 01:00:00,77314.78,77591.65,77246.89,77544.34,1835,1400,0
2026-05-22 02:00:00,77545.89,77663.81,77518.44,77592.39,1633,1400,0
2026-05-22 03:00:00,77591.81,77744.55,77591.81,77708.54,1332,1400,0
2026-05-22 04:00:00,77706.82,77830.6,77556.53,77574.77,1364,1400,0
2026-05-22 05:00:00,77575.84,77653.07,77373.67,77413.81,1416,1400,0
2026-05-22 06:00:00,77412.37,77452.95,77269.38,77345.44,1769,1400,0
2026-05-22 07:00:00,77346.89,77468.19,77186.8,77320.31,1575,1400,0
2026-05-22 08:00:00,77323.45,77462.75,77112.54,77189.1,2261,1400,0
2026-05-22 09:00:00,77190.14,77279.57,77110.56,77217.07,1603,1400,0
2026-05-22 10:00:00,77210.91,77284.31,77166.96,77227.45,1226,1400,0
2026-05-22 11:00:00,77232.53,77349.67,77073.86,77349.67,1477,1400,0
2026-05-22 12:00:00,77348.86,77502.1,77295.7,77438.7,1800,1400,0
2026-05-22 13:00:00,77444.26,77475.58,77020.76,77202.54,3322,1400,0
2026-05-22 14:00:00,77200.92,77200.92,76639.47,76673.58,3582,1400,0
2026-05-22 15:00:00,76672.3,76934.62,76472.89,76696.93,3137,1400,0
2026-05-22 16:00:00,76688.97,76915.79,76664.23,76861.4,2251,1400,0
2026-05-22 17:00:00,76864.73,77016.48,76655.6,76655.6,2634,1400,0
2026-05-22 18:00:00,76662.42,76814.91,75989.67,76441.2,3599,1400,0
2026-05-22 19:00:00,76441.21,76508.56,75561.19,75781.6,5877,1400,0
2026-05-22 20:00:00,75781.2,75999.0,75724.8,75891.37,2631,1400,0
2026-05-22 21:00:00,75894.7,75997.41,75838.74,75883.39,1637,1400,0
2026-05-22 22:00:00,75884.77,75901.37,75447.67,75646.1,2076,1400,0
2026-05-22 23:00:00,75653.74,75793.45,75260.94,75446.78,2527,1400,0
2026-05-23 00:00:00,75453.55,75547.23,75113.08,75268.29,3491,1400,0
2026-05-23 01:00:00,75273.44,75423.15,75256.88,75401.86,1663,1400,0
2026-05-23 02:00:00,75410.36,75495.35,75325.07,75479.41,1487,1400,0
2026-05-23 03:00:00,75474.74,75582.26,75460.48,75544.55,1098,1400,0
2026-05-23 04:00:00,75540.77,75569.81,75416.02,75453.36,1113,1400,0
2026-05-23 05:00:00,75453.74,75478.88,75377.36,75401.5,1011,1400,0
2026-05-23 06:00:00,75403.07,75415.09,75288.19,75309.1,1168,1400,0
2026-05-23 07:00:00,75312.72,75351.27,74154.51,74528.56,5063,1400,0
2026-05-23 08:00:00,74534.87,74672.35,74255.2,74588.31,2986,1400,0
2026-05-23 09:00:00,74596.47,74682.41,74526.77,74583.12,1375,1400,0
2026-05-23 10:00:00,74580.29,74707.54,74569.95,74627.89,1171,1400,0
2026-05-23 11:00:00,74625.52,74787.0,74614.98,74702.43,1088,1400,0
2026-05-23 12:00:00,74709.97,74718.67,74566.76,74668.91,1281,1400,0
2026-05-23 13:00:00,74668.51,75185.13,74658.91,75130.05,2440,1400,0
2026-05-23 14:00:00,75126.27,75624.32,75021.9,75435.65,2048,1400,0
2026-05-23 15:00:00,75438.37,75591.42,75305.53,75425.48,1900,1400,0
2026-05-23 16:00:00,75425.7,75549.18,75313.29,75342.13,1614,1400,0
2026-05-23 17:00:00,75353.58,75436.24,75265.86,75396.24,1757,1400,0
2026-05-23 18:00:00,75398.81,75935.77,75368.0,75748.62,2759,1400,0
2026-05-23 19:00:00,75748.54,75947.88,75685.0,75892.96,1818,1400,0
2026-05-23 20:00:00,75887.27,77219.64,75848.84,77179.35,6386,1400,0
2026-05-23 21:00:00,77173.66,77317.53,76438.66,76708.87,5037,1400,0
2026-05-23 22:00:00,76718.32,76800.91,76288.77,76475.87,2289,1400,0
2026-05-23 23:00:00,76475.78,76735.27,76431.38,76638.13,1857,1400,0
2026-05-24 00:00:00,76657.63,76853.95,76521.24,76738.74,1720,1400,0
2026-05-24 01:00:00,76745.66,76830.37,76645.48,76791.6,1649,1400,0
2026-05-24 02:00:00,76788.54,76866.74,76590.67,76721.56,1367,1400,0
2026-05-24 03:00:00,76715.57,76909.32,76599.69,76638.91,1584,1400,0
2026-05-24 04:00:00,76643.33,76763.89,76621.22,76684.77,1218,1400,0
2026-05-24 05:00:00,76679.98,76771.19,76540.84,76715.26,1331,1400,0
2026-05-24 06:00:00,76713.47,76981.71,76618.61,76889.78,1517,1400,0
2026-05-24 07:00:00,76889.69,76927.53,76681.49,76717.44,1463,1400,0
2026-05-24 08:00:00,76712.28,76759.02,76624.68,76721.75,1163,1400,0
2026-05-24 09:00:00,76722.73,76955.35,76708.12,76923.16,1554,1400,0
2026-05-24 10:00:00,76923.56,77529.75,76817.31,77090.95,2544,1400,0
2026-05-24 11:00:00,77084.85,77257.29,77077.68,77218.77,1829,1400,0
2026-05-24 12:00:00,77218.69,77224.57,76929.13,77014.56,1659,1400,0
2026-05-24 13:00:00,77018.01,77030.8,76582.48,76695.55,2267,1400,0
2026-05-24 14:00:00,76696.62,76751.91,76092.61,76364.57,4180,1400,0
2026-05-24 15:00:00,76361.35,76451.14,76241.74,76283.61,1806,1400,0
2026-05-24 16:00:00,76285.78,76658.7,76266.9,76574.26,2375,1400,0
2026-05-24 17:00:00,76579.93,76714.3,76458.36,76597.53,1837,1400,0
2026-05-24 18:00:00,76593.08,76690.03,76477.31,76555.69,1756,1400,0
2026-05-24 19:00:00,76555.18,76687.08,76508.51,76667.81,1616,1400,0
2026-05-24 20:00:00,76668.39,76708.78,76493.96,76560.88,1947,1400,0
2026-05-24 21:00:00,76565.13,76653.29,75993.72,76047.04,2831,1400,0
2026-05-24 22:00:00,76048.48,76925.19,76025.0,76716.54,4779,1400,0
2026-05-24 23:00:00,76716.87,77131.31,76709.59,76982.14,3070,1400,0
2026-05-25 00:00:00,76984.08,77199.95,76975.4,77058.43,2794,1400,0
2026-05-25 01:00:00,77061.02,77157.66,76822.02,76858.59,2257,1400,0
2026-05-25 02:00:00,76861.2,77401.2,76861.2,77016.08,2727,1400,0
2026-05-25 03:00:00,77013.34,77077.83,76898.87,76929.87,1850,1400,0
2026-05-25 04:00:00,76929.83,77358.15,76885.68,77297.31,1825,1400,0
2026-05-25 05:00:00,77297.29,77411.29,77216.68,77315.89,1708,1400,0
2026-05-25 06:00:00,77319.43,77588.09,77120.56,77339.18,2097,1400,0
2026-05-25 07:00:00,77341.98,77438.29,77078.7,77311.75,1943,1400,0
2026-05-25 08:00:00,77309.53,77381.78,77183.99,77364.68,1491,1400,0
2026-05-25 09:00:00,77363.58,77627.49,77324.09,77515.03,1757,1400,0
2026-05-25 10:00:00,77508.39,77606.61,77404.93,77462.51,1363,1400,0
2026-05-25 11:00:00,77463.55,77463.55,77236.63,77282.93,1495,1400,0
2026-05-25 12:00:00,77282.35,77364.06,77207.7,77285.56,1749,1400,0
2026-05-25 13:00:00,77287.31,77383.66,77195.7,77259.12,1616,1400,0
2026-05-25 14:00:00,77259.14,77704.33,77232.36,77634.2,2180,1400,0
2026-05-25 15:00:00,77637.77,77848.45,77475.18,77544.01,2318,1400,0
2026-05-25 16:00:00,77543.76,77752.4,77434.9,77653.37,1704,1400,0
2026-05-25 17:00:00,77654.0,77733.77,77465.52,77487.44,1646,1400,0
2026-05-25 18:00:00,77487.2,77590.82,77460.22,77484.15,1217,1400,0
2026-05-25 19:00:00,77489.55,77493.2,77269.29,77359.29,1446,1400,0
2026-05-25 20:00:00,77355.03,77438.17,77136.0,77204.51,1587,1400,0
2026-05-25 21:00:00,77217.07,77328.59,77193.58,77306.68,1418,1400,0
2026-05-25 22:00:00,77309.16,77386.37,76970.57,77046.51,2347,1400,0
2026-05-25 23:00:00,77045.07,77305.41,77000.31,77242.49,1591,1400,0
2026-05-26 00:00:00,77243.31,77281.8,76492.82,76717.64,3190,1400,0
2026-05-26 01:00:00,76713.45,76816.49,76497.43,76671.4,2680,1400,0
2026-05-26 02:00:00,76686.78,76752.25,76423.08,76590.05,2147,1400,0
2026-05-26 03:00:00,76587.25,76636.62,76382.26,76582.19,1751,1400,0
2026-05-26 04:00:00,76586.71,76744.48,76521.45,76659.81,1410,1400,0
2026-05-26 05:00:00,76659.73,76904.52,76618.98,76831.82,1394,1400,0
2026-05-26 06:00:00,76829.52,76983.01,76684.11,76831.57,1661,1400,0
2026-05-26 07:00:00,76831.17,76845.23,76503.98,76623.39,1754,1400,0
2026-05-26 08:00:00,76634.62,76764.69,76590.98,76639.3,1377,1400,0
2026-05-26 09:00:00,76635.13,76730.01,76548.58,76587.68,1528,1400,0
2026-05-26 10:00:00,76587.57,77543.38,76477.26,77336.47,4198,1400,0
2026-05-26 11:00:00,77337.01,77427.66,77079.27,77101.65,2180,1400,0
2026-05-26 12:00:00,77101.03,77152.48,76792.58,77049.34,2248,1400,0
2026-05-26 13:00:00,77051.22,77375.53,76577.57,77143.36,4082,1400,0
2026-05-26 14:00:00,77145.39,78002.01,76624.15,76818.69,7629,1400,0
2026-05-26 15:00:00,76810.68,76923.73,76165.1,76399.58,5728,1400,0
2026-05-26 16:00:00,76407.25,76610.66,76096.43,76462.74,3730,1400,0
2026-05-26 17:00:00,76454.73,76545.5,75736.35,75824.07,4129,1400,0
2026-05-26 18:00:00,75828.34,76171.88,75632.01,75724.63,2726,1400,0
2026-05-26 19:00:00,75723.99,75971.6,75673.62,75917.44,2131,1400,0
2026-05-26 20:00:00,75922.54,76075.3,75873.3,76008.52,1808,1400,0
2026-05-26 21:00:00,76008.22,76016.42,75734.81,75794.99,1510,1400,0
2026-05-26 22:00:00,75795.95,75900.37,75551.08,75633.95,2137,1400,0
2026-05-26 23:00:00,75634.15,75885.11,75634.15,75823.21,1753,1400,0
2026-05-27 00:00:00,75823.3,75983.96,75760.87,75966.01,1828,1400,0
2026-05-27 01:00:00,75971.7,76003.04,75703.09,75762.21,1911,1400,0
2026-05-27 02:00:00,75764.86,75792.08,75565.35,75758.33,1812,1400,0
2026-05-27 03:00:00,75754.01,75844.41,75468.4,75545.08,1835,1400,0
2026-05-27 04:00:00,75543.69,75590.07,75184.06,75438.69,2193,1400,0
2026-05-27 05:00:00,75440.74,75625.65,75440.74,75589.17,1755,1400,0
2026-05-27 06:00:00,75587.13,75781.62,75555.3,75712.48,1638,1400,0
2026-05-27 07:00:00,75711.83,75857.24,75632.14,75845.84,1570,1400,0
2026-05-27 08:00:00,75837.92,75956.97,75714.97,75756.58,1600,1400,0
2026-05-27 09:00:00,75752.98,75859.01,75578.3,75790.48,1569,1400,0
2026-05-27 10:00:00,75799.27,75921.05,75739.23,75778.33,1546,1400,0
2026-05-27 11:00:00,75777.63,75908.95,75622.77,75646.29,1677,1400,0
2026-05-27 12:00:00,75648.56,76058.02,75433.51,75570.09,3479,1400,0
2026-05-27 13:00:00,75563.59,75646.03,74727.73,74937.91,6062,1400,0
2026-05-27 14:00:00,74938.43,75131.59,74626.32,74893.01,5078,1400,0
2026-05-27 15:00:00,74895.5,75392.56,74838.32,75198.37,3770,1400,0
2026-05-27 16:00:00,75201.8,75280.02,74858.7,75170.08,2873,1400,0
2026-05-27 17:00:00,75172.17,75222.42,74537.69,74728.67,3497,1400,0
2026-05-27 18:00:00,74728.05,74890.51,74514.32,74887.97,2899,1400,0
2026-05-27 19:00:00,74885.88,74964.1,74794.25,74921.74,2183,1400,0
2026-05-27 20:00:00,74921.82,75286.53,74901.01,75126.82,1774,1400,0
2026-05-27 21:00:00,75126.74,75132.64,74222.1,74366.31,4473,1400,0
2026-05-27 22:00:00,74368.97,74654.71,74139.08,74314.13,4113,1400,0
2026-05-27 23:00:00,74315.39,74454.94,74123.35,74323.57,2472,1400,0
2026-05-28 00:00:00,74318.14,74461.12,74235.59,74433.87,2484,1400,0
2026-05-28 01:00:00,74436.83,74462.45,74011.66,74219.24,3528,1400,0
2026-05-28 02:00:00,74219.61,74283.62,73981.82,74161.09,2691,1400,0
2026-05-28 03:00:00,74169.51,74254.9,72951.37,73139.0,6876,1400,0
2026-05-28 04:00:00,73138.95,73142.26,72583.01,73050.41,4834,1400,0
2026-05-28 05:00:00,73056.42,73056.42,72776.16,72874.62,2471,1400,0
2026-05-28 06:00:00,72874.46,73091.23,72632.4,73078.35,2281,1400,0
2026-05-28 07:00:00,73083.57,73383.76,73013.95,73355.82,2051,1400,0
2026-05-28 08:00:00,73355.43,73373.31,73061.13,73196.91,1928,1400,0
2026-05-28 09:00:00,73195.34,73442.31,73126.94,73407.62,1722,1400,0
2026-05-28 10:00:00,73407.54,73503.62,73214.23,73265.72,1755,1400,0
2026-05-28 11:00:00,73264.52,73411.37,73178.94,73379.63,1751,1400,0
2026-05-28 12:00:00,73381.15,73459.89,73117.49,73400.89,2131,1400,0
2026-05-28 13:00:00,73399.05,73458.91,72630.18,72883.79,4199,1400,0
2026-05-28 14:00:00,72884.74,73448.97,72446.99,72896.33,8189,1400,0
2026-05-28 15:00:00,72902.82,73063.08,72559.97,72799.99,3759,1400,0
2026-05-28 16:00:00,72797.1,73321.52,72591.0,73318.93,3635,1400,0
2026-05-28 17:00:00,73328.46,73638.49,73180.5,73440.88,2825,1400,0
2026-05-28 18:00:00,73440.64,73642.26,73388.81,73533.7,2340,1400,0
2026-05-28 19:00:00,73534.71,73534.71,73250.56,73304.37,2040,1400,0
2026-05-28 20:00:00,73301.63,73616.92,73122.8,73467.59,2082,1400,0
2026-05-28 21:00:00,73471.28,73817.36,73449.84,73717.96,1836,1400,0
2026-05-28 22:00:00,73715.28,73854.15,73337.8,73379.32,1662,1400,0
2026-05-28 23:00:00,73379.22,73613.63,73377.29,73510.55,1357,1400,0
2026-05-29 00:00:00,73516.58,73760.42,73514.16,73626.59,2029,1400,0
2026-05-29 01:00:00,73632.06,73774.71,73350.61,73481.96,2084,1400,0
2026-05-29 02:00:00,73479.15,73545.89,73076.35,73123.94,2027,1400,0
2026-05-29 03:00:00,73125.88,73356.03,73125.88,73200.23,1670,1400,0
2026-05-29 04:00:00,73200.16,73410.72,73086.69,73394.97,1639,1400,0
2026-05-29 05:00:00,73394.55,73626.05,73377.19,73593.01,1745,1400,0
2026-05-29 06:00:00,73594.99,73843.81,73527.84,73686.43,1586,1400,0
2026-05-29 07:00:00,73687.55,73727.62,73267.59,73431.99,1789,1400,0
2026-05-29 08:00:00,73422.55,73739.77,73409.64,73563.56,1892,1400,0
2026-05-29 09:00:00,73563.49,73803.38,73541.15,73648.12,1545,1400,0
2026-05-29 10:00:00,73647.94,73648.18,73481.22,73528.49,1339,1400,0
2026-05-29 11:00:00,73526.42,73601.56,73234.2,73379.9,1619,1400,0
2026-05-29 12:00:00,73382.09,73382.09,73093.18,73190.15,1969,1400,0
2026-05-29 13:00:00,73190.08,73237.36,72787.71,73039.35,4046,1400,0
2026-05-29 14:00:00,73042.2,73124.62,72378.42,72976.37,6547,1400,0
2026-05-29 15:00:00,72979.12,74104.52,72877.32,73700.32,7401,1400,0
2026-05-29 16:00:00,73701.55,74023.29,73452.46,73952.6,4341,1400,0
2026-05-29 17:00:00,73961.53,74228.51,73794.93,73858.45,3337,1400,0
2026-05-29 18:00:00,73868.62,73963.57,73063.64,73272.01,3618,1400,0
2026-05-29 19:00:00,73269.85,73630.14,73125.0,73408.44,2756,1400,0
2026-05-29 20:00:00,73402.4,73668.62,73402.4,73585.36,1980,1400,0
2026-05-29 21:00:00,73580.24,73757.76,73286.84,73315.33,1773,1400,0
2026-05-29 22:00:00,73314.96,73472.47,73262.9,73375.81,1572,1400,0
2026-05-29 23:00:00,73369.44,73418.22,73209.76,73364.55,1493,1400,0
2026-05-30 00:00:00,73373.47,73479.53,73297.98,73403.59,1568,1400,0
2026-05-30 01:00:00,73403.71,73570.55,73360.68,73559.8,1255,1400,0
2026-05-30 02:00:00,73555.2,73687.33,73506.34,73681.28,1093,1400,0
2026-05-30 03:00:00,73682.31,73698.86,73414.43,73425.72,1263,1400,0
2026-05-30 04:00:00,73426.29,73486.04,73081.39,73300.1,1884,1400,0
2026-05-30 05:00:00,73304.97,73539.36,73243.48,73495.85,1550,1400,0
2026-05-30 06:00:00,73498.63,73623.72,73421.33,73487.16,1265,1400,0
2026-05-30 07:00:00,73485.67,73503.26,73375.65,73449.87,1039,1400,0
2026-05-30 08:00:00,73446.45,73470.63,73392.12,73428.5,1009,1400,0
2026-05-30 09:00:00,73417.57,73518.74,73398.67,73506.29,946,1400,0
2026-05-30 10:00:00,73506.75,73581.72,73485.39,73544.08,1141,1400,0
2026-05-30 11:00:00,73543.04,73554.31,73452.99,73497.11,944,1400,0
2026-05-30 12:00:00,73502.05,73632.08,73480.07,73587.05,976,1400,0
2026-05-30 13:00:00,73592.78,73746.07,73561.54,73726.23,1202,1400,0
2026-05-30 14:00:00,73720.85,74007.35,73695.45,73827.03,2003,1400,0
2026-05-30 15:00:00,73823.01,73938.84,73718.16,73806.78,1535,1400,0
2026-05-30 16:00:00,73810.2,73876.12,73763.77,73830.12,1176,1400,0
2026-05-30 17:00:00,73824.95,73923.55,73693.97,73903.46,1314,1400,0
2026-05-30 18:00:00,73897.95,74035.84,73815.7,73929.32,1262,1400,0
2026-05-30 19:00:00,73932.02,73960.17,73847.46,73901.16,1171,1400,0
2026-05-30 20:00:00,73896.88,73908.0,73802.67,73865.31,1166,1400,0
2026-05-30 21:00:00,73866.81,73953.0,73816.32,73881.23,1167,1400,0
2026-05-30 22:00:00,73873.86,73873.86,73670.33,73764.24,1393,1400,0
2026-05-30 23:00:00,73772.55,73895.25,73673.4,73782.04,1238,1400,0
2026-05-31 00:00:00,73777.04,73933.31,73734.4,73910.93,1276,1400,0
2026-05-31 01:00:00,73912.01,74172.68,73898.29,73943.7,1602,1400,0
2026-05-31 02:00:00,73945.62,74137.6,73752.04,73977.16,1738,1400,0
2026-05-31 03:00:00,73977.15,74115.1,73944.56,74037.72,1396,1400,0
2026-05-31 04:00:00,74038.16,74114.38,73987.39,74064.15,1202,1400,0
2026-05-31 05:00:00,74068.04,74098.26,73943.71,73946.99,1188,1400,0
2026-05-31 06:00:00,73950.16,73998.92,73876.92,73938.35,1050,1400,0
2026-05-31 07:00:00,73933.06,73936.63,73710.69,73758.58,1194,1400,0
2026-05-31 08:00:00,73758.5,73874.33,73732.6,73830.19,1208,1400,0
2026-05-31 09:00:00,73835.07,73923.78,73692.36,73740.24,1157,1400,0
2026-05-31 10:00:00,73739.41,73788.87,73613.97,73781.68,1307,1400,0
2026-05-31 11:00:00,73785.41,73869.85,73779.61,73833.11,1118,1400,0
2026-05-31 12:00:00,73827.85,73900.15,73761.98,73804.08,1234,1400,0
2026-05-31 13:00:00,73808.5,73915.28,73686.3,73761.11,1108,1400,0
2026-05-31 14:00:00,73761.1,73761.1,73356.96,73509.8,2896,1400,0
2026-05-31 15:00:00,73510.39,73678.37,73477.09,73535.9,1364,1400,0
2026-05-31 16:00:00,73544.15,73624.29,73282.15,73434.33,1900,1400,0
2026-05-31 17:00:00,73427.41,73642.12,73350.96,73609.28,1252,1400,0
2026-05-31 18:00:00,73608.4,73609.41,73460.98,73501.25,1229,1400,0
2026-05-31 19:00:00,73499.08,73543.42,73338.31,73443.31,1264,1400,0
2026-05-31 20:00:00,73443.43,73661.43,73443.43,73633.61,1302,1400,0
2026-05-31 21:00:00,73633.45,73827.74,73512.6,73782.71,2111,1400,0
2026-05-31 22:00:00,73782.26,73896.55,73572.28,73841.83,2249,1400,0
2026-05-31 23:00:00,73845.88,74101.02,73392.71,73583.17,2534,1400,0
2026-06-01 00:00:00,73583.42,73994.67,73537.05,73782.31,2915,1400,0
2026-06-01 01:00:00,73778.07,73819.86,73168.23,73198.19,3086,1400,0
2026-06-01 02:00:00,73196.27,73793.45,73105.31,73686.56,2957,1400,0
2026-06-01 03:00:00,73685.65,73929.24,73620.08,73663.97,2431,1400,0
2026-06-01 04:00:00,73664.87,73749.18,73232.84,73424.28,2337,1400,0
2026-06-01 05:00:00,73419.57,73446.57,73211.96,73266.4,1815,1400,0
2026-06-01 06:00:00,73267.59,73285.91,72846.42,73042.03,2906,1400,0
2026-06-01 07:00:00,73037.79,73111.0,72594.36,72711.66,2894,1400,0
2026-06-01 08:00:00,72711.72,72841.12,72509.18,72815.19,2576,1400,0
2026-06-01 09:00:00,72814.47,73010.19,72727.75,72792.27,2094,1400,0
2026-06-01 10:00:00,72791.84,72823.76,72490.44,72667.85,1952,1400,0
2026-06-01 11:00:00,72668.32,72679.2,72127.02,72393.91,2332,1400,0
2026-06-01 12:00:00,72398.64,72524.69,71795.13,72118.56,5014,1400,0
2026-06-01 13:00:00,72118.18,72147.01,71260.04,71603.97,8912,1400,0
2026-06-01 14:00:00,71613.96,71779.02,71284.2,71445.07,5767,1400,0
2026-06-01 15:00:00,71445.36,71568.14,70932.86,71009.68,4668,1400,0
2026-06-01 16:00:00,71005.89,71514.55,70564.38,71448.43,4561,1400,0
2026-06-01 17:00:00,71449.68,71705.02,71354.31,71549.87,3918,1400,0
2026-06-01 18:00:00,71547.52,71595.74,71275.1,71404.71,2419,1400,0
2026-06-01 19:00:00,71404.04,71577.48,71285.83,71495.33,2335,1400,0
2026-06-01 20:00:00,71493.61,71613.02,71310.59,71361.52,1802,1400,0
2026-06-01 21:00:00,71360.36,71365.1,70842.92,70949.84,2567,1400,0
2026-06-01 22:00:00,70948.13,71372.36,70739.97,71305.3,2884,1400,0
2026-06-01 23:00:00,71306.11,71494.58,71127.45,71317.09,2354,1400,0
2026-06-02 00:00:00,71322.32,71325.02,70997.41,71191.45,2570,1400,0
2026-06-02 01:00:00,71195.41,71286.7,70483.84,70561.4,3619,1400,0
2026-06-02 02:00:00,70557.48,70784.5,69975.12,70753.68,5844,1400,0
2026-06-02 03:00:00,70749.61,70949.92,70690.01,70832.97,2530,1400,0
2026-06-02 04:00:00,70833.42,70949.57,70602.32,70708.83,2369,1400,0
2026-06-02 05:00:00,70704.94,70745.77,70145.27,70153.44,3671,1400,0
2026-06-02 06:00:00,70168.83,70340.5,69817.83,70003.65,3782,1400,0
2026-06-02 07:00:00,70004.18,70176.86,69610.78,70015.07,4541,1400,0
2026-06-02 08:00:00,70011.83,70077.33,69603.85,69727.46,3730,1400,0
2026-06-02 09:00:00,69729.56,69748.31,69206.92,69320.68,4617,1400,0
2026-06-02 10:00:00,69322.94,69652.82,69240.79,69527.17,2921,1400,0
2026-06-02 11:00:00,69526.95,69555.02,69287.49,69353.76,2292,1400,0
2026-06-02 12:00:00,69354.53,69435.89,68880.05,68899.36,3965,1400,0
2026-06-02 13:00:00,68908.35,69098.58,68625.43,68687.33,5888,1400,0
2026-06-02 14:00:00,68689.19,68717.46,67485.84,67891.55,11193,1400,0
2026-06-02 15:00:00,67881.65,67971.82,66940.08,67183.68,10624,1400,0
2026-06-02 16:00:00,67183.56,68034.28,67096.25,67310.03,6898,1400,0
2026-06-02 17:00:00,67310.79,67736.71,67246.84,67374.6,4445,1400,0
2026-06-02 18:00:00,67376.04,67555.05,66994.14,67218.09,3917,1400,0
2026-06-02 19:00:00,67221.48,67404.82,66316.73,67213.72,6942,1400,0
2026-06-02 20:00:00,67219.05,67581.58,66799.79,67482.24,5625,1400,0
2026-06-02 21:00:00,67490.68,67829.95,67305.99,67461.43,4034,1400,0
2026-06-02 22:00:00,67460.33,67460.33,66140.27,66300.15,8550,1400,0
2026-06-02 23:00:00,66297.13,66776.69,66084.62,66660.72,8765,1400,0
2026-06-03 00:00:00,66658.03,67125.41,66549.83,66834.86,4547,1400,0
2026-06-03 01:00:00,66837.29,66958.2,66367.9,66823.71,3978,1400,0
2026-06-03 02:00:00,66823.02,66852.12,66474.62,66518.68,3761,1400,0
2026-06-03 03:00:00,66516.83,66574.01,65317.76,65767.09,8264,1400,0
2026-06-03 04:00:00,65760.77,66536.19,65732.08,66384.24,5569,1400,0
2026-06-03 05:00:00,66383.8,67312.88,66371.69,67223.22,6480,1400,0
2026-06-03 06:00:00,67220.72,67426.67,66861.06,66897.66,4338,1400,0
2026-06-03 07:00:00,66892.3,67246.12,66769.68,67127.3,3259,1400,0
2026-06-03 08:00:00,67126.59,67174.47,66868.01,66927.38,3242,1400,0
2026-06-03 09:00:00,66925.4,67226.25,66549.18,66974.48,3232,1400,0
2026-06-03 10:00:00,66977.06,67388.16,66965.44,67193.59,2977,1400,0
2026-06-03 11:00:00,67196.32,67279.34,66955.42,66972.8,2164,1400,0
2026-06-03 12:00:00,66974.11,67075.94,66685.8,66990.82,3363,1400,0
2026-06-03 13:00:00,66995.26,67158.29,66524.06,66803.12,7520,1400,0
2026-06-03 14:00:00,66796.69,66891.74,66533.36,66763.0,7590,1400,0
2026-06-03 15:00:00,66763.71,66799.94,65960.18,65973.56,7338,1400,0
2026-06-03 16:00:00,65982.91,66288.26,65449.74,65964.65,10250,1400,0
2026-06-03 17:00:00,65969.35,66098.57,65603.26,65876.04,5476,1400,0
2026-06-03 18:00:00,65876.28,66087.71,65639.94,65941.17,4280,1400,0
2026-06-03 19:00:00,65939.17,65968.3,65138.5,65382.79,5042,1400,0
2026-06-03 20:00:00,65373.79,65517.96,64650.04,64910.39,7172,1400,0
2026-06-03 21:00:00,64907.73,65768.15,64855.18,65675.56,6381,1400,0
2026-06-03 22:00:00,65673.6,65756.96,64678.79,64817.35,9576,1400,0
2026-06-03 23:00:00,64814.94,64898.15,63988.64,64055.82,9249,1400,0
2026-06-04 00:00:00,64049.4,64338.83,62982.58,63228.07,10263,1400,0
