tree
version=v4
num_class=1
num_tree_per_iteration=1
label_index=0
max_feature_idx=46
objective=binary sigmoid:1
feature_names=D1_Ret_1 D1_Body_Ratio D1_ATR_14 D1_RSI_14 D1_MACD D1_Vol_ZScore D1_Bollinger_Width D1_ADX_14 H4_Trend_Strength H4_ATR_Ratio H4_RSI_Divergence H4_vs_D1_Alignment XAUUSDc_return Cross_DXY_Return Cross_EURUSD_Return Cross_Risk_On_Off Derived_Weekday_Sin Derived_Weekday_Cos Derived_Days_To_MonthEnd Derived_Is_MonthEnd_Week Derived_Weekend_Gap Derived_Vol_Regime Derived_Momentum_5D Derived_Momentum_20D tick_return hl_ratio co_ratio avg_spread OIM tick_velocity AUDJPYc_return EURUSDc_return USDJPYc_return TF_OU_Theta TF_Hurst Cross_BTC_Gold_Ratio Cross_BTC_Gold_Ratio_ROC oof_pred oof_pred_zscore_20 atr_percentile_100 vol_zscore hurst_m5 session_sin session_cos spread_zscore oim_divergence toxicity_score
feature_infos=[-13.986119270324707:12.311240196228027] [-0.92213797569274902:0.86255699396133423] [2334.031494140625:4728.697265625] [15.833520889282227:69.849876403808594] [-5873.50048828125:1539.5223388671875] none [0.02222600020468235:0.22283299267292023] [17.339462280273438:58.266666412353516] [-15.919281005859375:8.39447021484375] [0.26976498961448669:0.55751800537109375] [-26.852569580078125:18.72735595703125] [-1:1] none [-1.2582850456237793:0.98352199792861938] [-0.98352199792861938:1.2582850456237793] [-1:1] [-0.97492802143096924:0.97492802143096924] [-0.90096902847290039:1] [0:0.96774202585220337] [0:1] [-13.986119270324707:12.311240196228027] [0:0.98439997434616089] [-20.144699096679688:10.364812850952148] [-34.253673553466797:16.88249397277832] none [0.00012544206401798874:0.019905319437384605] [0.98096048831939697:1.0152201652526855] [0.018500102683901787:0.038969609886407852] [-1:1] [0.0080000003799796104:4.9640002250671387] [-0.23106153309345245:0.5319100022315979] [-0.15586920082569122:0.08568156510591507] [-0.12433983385562897:0.081614717841148376] [9.9999999392252903e-09:18.420680999755859] [0.41025948524475098:0.75801640748977661] none none [0.0053260619224207544:0.99938021520809261] [-5:2.7898321337433489] [0:1] none [0.41025948524475098:0.75801640748977661] none none [-4.3988877519158356:13.311378635475139] none [3.3661775556255971e-09:2.1267923065857563e-06]
tree_sizes=3314 3468 3445 3452 3469 3467 3456 3465 3452 3461 3471 3447 3471 3467 3475 3463 3463 3442 3469 3467 3477 3457 3476 3454 3473 3444 3477 3476 3469 3482 3474 3464 3460 3460 3453 3475 3479 3475 3455 3446 3443 3473 3473 3477 3472 3467 3449 3471 3473 3420 3458 3467 3470 3455 3466 3463 3445 3472 3472 3471 3464 3414 3458 3491 3463 3469 3452 3447 3470 3489 3449 3433 3467 3468 3462 3440 3472 3442 3473 3464 3483 3468 3489 3468 3473 3487 3475 3455 3471 3455 3441 3446 3487 3432 3457 3473 3473 3484 3463 3462 3480 3465 3487 3484 3466 3491 3473 3480 3483 3478 3451 3472 3474 3454 3469 3451 3471 3487 3463 3476 3488 3471 3487 3476 3454 3468 3469 3460 3474 3470 3460 3488 3486 3465 3473 3457 3474 3484 3475 3469 3452 3477 3479 3483 3440 3492 3485 3457 3476 3480 3464 3454 3486 3479 3472 3457 3469 3465 3480 3500 3485 3493 3482 3472 3478 3478 3475 3474 3475 3484 3479 3483 3469 3460 3482 3481 3488 3492 3454 3438 3486 3476 3492 3484 3479 3491 3471 3480 3490 3477 3476 3481 3443 3489 3479 3480 3499 3466 3477 3472 3490 3486 3493 3477 3469 3478 3500 3480 3483 3473

Tree=0
num_leaves=31
num_cat=0
split_feature=37 37 37 3 13 13 46 13 0 44 7 7 8 7 13 33 34 33 38 37 30 46 3 44 9 34 37 38 33 28
split_gain=385.212 70.2364 62.0392 10.3691 9.91658 10.5016 9.15579 9.53256 9.22472 6.67631 6.35644 8.00927 8.93464 7.64116 10.4731 5.77934 5.72148 9.00887 6.16188 5.66862 5.75796 5.57264 5.51072 7.73916 5.46009 5.35994 5.78869 5.31802 4.76985 4.74789
threshold=0.63561832395545115 0.90160011258851724 0.32407000768948008 30.525362014770511 0.182268001139164 0.10255200043320657 3.6463632330573428e-07 -0.40952649712562555 0.65623000264167797 -0.90244013648216559 25.398866653442386 24.825585365295414 1.0000000180025095e-35 27.90232086181641 0.13647849857807162 0.19023579359054568 0.62560543417930614 0.15138461440801623 0.43349448892972581 0.75621612977670383 0.0035527519648894672 1.0322089800174569e-07 40.019796371459968 0.99395022566214608 0.34812349081039434 0.72619628906250011 0.47481702346319804 -3.0200722941757774 0.31402653455734258 0.3389397412538529
decision_type=2 2 2 2 2 2 2 2 2 2 2 2 2 2 2 2 2 2 2 2 2 2 2 2 2 2 2 2 2 2
left_child=2 3 4 -2 5 27 7 -5 19 15 11 12 24 21 25 -6 -10 18 -18 20 -9 -12 23 -21 -4 26 29 -1 -14 -15
right_child=1 -3 10 6 9 -7 -8 8 16 -11 13 -13 28 14 -16 -17 17 -19 -20 22 -22 -23 -24 -25 -26 -27 -28 -29 -30 -31
leaf_value=0.62896172737219258 0.64738296378352944 0.64531655529933574 0.62026522737514134 0.62754360071922322 0.62930927620254051 0.63073962715312881 0.6246628977472406 0.63822455747675766 0.62416736583458376 0.6110768973394205 0.61789161193559383 0.64344278932440369 0.63954602475300648 0.61571869647059685 0.63677313491719389 0.61544529462686448 0.63621188830990449 0.63833107345837337 0.62179607740836429 0.62908947576914565 0.62878867167732333 0.62807617726658282 0.64342215988575369 0.64242618256081463 0.63378257151033934 0.63530711171248055 0.62941304455175806 0.61867621180981069 0.62921373026889793 0.62826949909759122
leaf_weight=5.8886049389839163 7.247513771057128 167.59875595569611 9.2858770191669482 12.456664294004439 4.9826657176017752 9.7388466298580152 7.7004833817481986 20.383632481098179 6.3415745496749869 23.327934950590134 11.777209877967836 5.6621201336383811 10.64478585124016 8.6064226031303424 14.721512347459791 8.8329074084758741 4.7561809122562391 21.516056507825851 7.2475137710571289 7.9269681870937374 9.2858770191669446 10.871270656585692 30.348963916301727 9.2858770191669446 4.5296961069107047 5.8886049389839163 15.174481958150862 65.680593550205231 7.4739985764026633 5.2091505229473105
leaf_count=26 32 740 41 55 22 43 34 90 28 103 52 25 47 38 65 39 21 95 32 35 41 48 134 41 20 26 67 290 33 23
internal_value=0.633694 0.640912 0.623823 0.635793 0.618802 0.620829 0.635164 0.635802 0.636694 0.614437 0.629255 0.632627 0.630654 0.627519 0.629762 0.620305 0.632809 0.634438 0.627564 0.638711 0.635231 0.62269 0.640853 0.636235 0.624617 0.626774 0.625007 0.619501 0.635227 0.620305
internal_weight=540.393 312.096 228.297 144.497 118.452 81.308 137.25 129.549 117.093 37.1435 109.845 37.5965 31.9344 72.2487 49.6002 13.8156 39.8613 33.5198 12.0037 77.2313 29.6695 22.6485 47.5618 17.2128 13.8156 34.8787 28.9901 71.5692 18.1188 13.8156
internal_count=2386 1378 1008 638 523 359 606 572 517 164 485 166 141 319 219 61 176 148 53 341 131 100 210 76 61 154 128 316 80 61
is_linear=0
shrinkage=1


Tree=1
num_leaves=31
num_cat=0
split_feature=37 37 37 10 33 37 25 33 38 13 27 29 34 29 27 27 38 37 33 29 16 25 3 6 39 27 3 34 33 34
split_gain=369.07 66.6007 66.5571 9.84815 8.6368 8.53688 8.61978 6.67243 8.81014 6.44246 14.7022 8.46142 11.6136 7.57336 7.87612 10.3721 6.68063 6.3232 6.23613 6.08972 9.60566 12.7298 9.41634 9.04023 8.14372 6.84206 10.1088 5.98952 6.53038 5.97716
threshold=0.63561832395545115 0.26966688573445136 0.90160011258851724 -11.208739280700682 0.038738718256354339 0.10539046456080788 0.0005307241517584772 0.22778946161270144 -0.95217788863302655 -0.092675499618053422 0.020237275399267677 0.7775000035762788 0.69290855526924144 0.98550000786781322 0.020844638347625736 0.020675732754170898 0.49563279429848922 0.97718315352418672 1.0002853572368624 0.331499993801117 0.60785751044750225 0.0016767203342169525 42.985136032104499 0.067668996751308455 0.082903780068728533 0.020564319565892223 45.723354339599616 0.64675152301788341 0.15138461440801623 0.67368516325950634
decision_type=2 2 2 2 2 2 2 2 2 2 2 2 2 2 2 2 2 2 2 2 2 2 2 2 2 2 2 2 2 2
left_child=1 5 4 -3 -2 -1 -7 8 -8 10 -6 12 16 14 15 27 -12 -4 19 20 21 23 -22 25 -24 26 -5 -11 -29 -21
right_child=2 3 17 18 9 6 7 -9 -10 13 11 -13 -14 -15 -16 -17 -18 -19 -20 29 22 -23 24 -25 -26 -27 -28 28 -30 -31
leaf_value=-0.019384959451525931 -0.0049607747408654803 0.0011602986259759117 0.009813500505894324 0.0054266634436591007 0.012146198595833227 -0.00042795559561766618 -0.013964329255081507 -0.017740849949141532 -0.00059044451752193132 -0.0033310192980469111 0.0052959494407079158 0.0082941736883405844 -0.01451263835064481 -0.0064655711876452993 0.0080961910249250212 -0.011602953891710266 -0.0094804499956140618 0.013889390876387162 -0.015688588267419954 0.0037576671339436293 -0.01246181811925101 -0.020632549439611028 0.011576360750322121 0.003648842917354326 -0.0036042330032512943 -0.017284252434061037 -0.011044318449255606 -0.0015373309312917605 0.0083622471422082571 -0.0048217026653850281
leaf_weight=39.598245725035667 14.725294694304464 22.671703025698662 97.944367051124573 5.2119949162006476 7.022389590740203 4.9994778931140891 19.338827475905422 28.895262286067009 6.8223136216402045 9.054492458701132 8.1502348929643684 4.5324521511793128 9.9737110137939435 5.8923473358154288 44.781902447342873 4.7529007494449607 4.760034203529357 68.154836058616638 6.3596061170101157 11.344821840524672 5.6737551391124752 9.0846638232469541 5.8977301418781272 6.1177461594343177 8.3846525698900205 8.184274956583975 12.039968624711035 8.8348611891269666 24.865455597639084 27.217499628663063
leaf_count=174 65 100 434 23 31 22 85 127 30 40 36 20 44 26 198 21 21 302 28 50 25 40 26 27 37 36 53 39 110 120
internal_value=0.000118563 -0.0095623 0.00715955 -0.00477818 0.00225619 -0.0156953 -0.0132177 -0.014358 -0.0105303 0.00306819 -0.000626723 -0.00396695 -0.00646444 0.00437372 0.00508285 0.00221035 -0.000106261 0.0114993 -0.00606351 -0.00542093 -0.00740351 -0.0101931 -0.00165038 -0.00710025 0.00263178 -0.00972887 -0.00600804 0.00379275 0.00574052 -0.00226864
internal_weight=541.288 227.843 313.445 128.188 147.346 99.6541 60.0559 55.0564 26.1611 132.621 34.4388 27.4164 22.884 98.182 92.2896 47.5077 12.9103 166.099 105.517 99.1571 60.5948 40.6386 19.9561 31.554 14.2824 25.4362 17.252 42.7548 33.7003 38.5623
internal_count=2390 1003 1387 565 651 438 264 242 115 586 152 121 101 434 408 210 57 736 465 437 267 179 88 139 63 112 76 189 149 170
is_linear=0
shrinkage=0.01


Tree=2
num_leaves=31
num_cat=0
split_feature=37 37 37 44 20 25 29 13 20 46 37 6 38 44 44 3 6 26 33 16 44 23 37 25 29 37 1 38 8 26
split_gain=367.166 84.3635 29.0123 11.3839 13.702 10.2061 11.4043 9.89565 9.45132 9.2455 9.24137 8.86319 11.2299 6.87381 11.7728 8.37028 8.41539 7.93178 6.33527 6.27588 6.09233 6.06186 5.90829 5.48134 5.43847 5.11913 5.05624 5.3743 6.85304 4.96139
threshold=0.75621612977670383 0.32407000768948008 0.90160011258851724 -3.0309317354864791 4.2511276006698617 0.00095578870968893181 0.17650000005960467 -0.40952649712562555 0.65623000264167797 1.2473838732702133e-07 0.10539046456080788 0.05413199961185456 -0.78180145008089408 -0.22875800649865921 -0.41229946448904514 38.90239334106446 0.07775099948048593 0.99992263317108165 0.17080055922269824 1.0000000180025095e-35 0.059596384408801682 -4.7838590145111075 0.52651234566660043 0.0016062014619819822 0.082499999552965178 0.46720719433613367 0.29185500741004949 -2.2463945577527036 2.5797339677810673 0.99996075034141552
decision_type=2 2 2 2 2 2 2 2 2 2 2 2 2 2 2 2 2 2 2 2 2 2 2 2 2 2 2 2 2 2
left_child=1 10 7 -3 5 20 29 -2 -9 13 26 21 -13 14 19 16 -15 -17 -10 23 24 -12 -21 -8 -5 -11 -1 -28 -29 -7
right_child=2 3 -4 4 -6 6 9 8 18 25 11 12 -14 15 -16 17 -18 -19 -20 22 -22 -23 -24 -25 -26 -27 27 28 -30 -31
leaf_value=-0.022401115205123973 -0.007927058589520997 0.011045202452889442 0.011123770212708729 -0.0020100127224483223 -0.014376466762821656 0 -0.002771374235398247 0.0071410699028911385 -0.0070476843740917977 -0.0047071919260314992 0.0019867505642942505 -0.017681975948452399 -0.0010517434900349485 -0.014042421583504596 -0.023372033400753861 0.010165809325581211 -0.0016196814616412842 -0.0035498596416788093 0.0036036959643220862 -0.0084941293290348649 -0.0007550690085149441 -0.010112780032410416 0.006540159834832914 -0.016495881734717308 -0.013541812961929411 0.0032514187263546291 -0.0050496158087763197 -0.020404157802457853 -0.0060046364798961175 0.013425641303836134
leaf_weight=17.856007009744644 6.3628708869218817 5.2047871351242057 165.4984222650528 5.6834496408701005 11.354347810149191 4.5309841483831388 5.448393061757093 55.74032162129879 8.8539836406707781 10.896746397018431 4.5574340373277655 33.112563982605934 4.7880876809358588 8.4150397181511014 4.5554599016904751 8.1577942967414874 15.868055462837217 8.3970089405775052 14.689441069960592 4.537895202636717 8.6266698986291868 32.402718707919121 5.8897485584020615 6.8200258165597916 17.236015990376472 29.927581712603569 4.7999030649662044 15.792627140879633 4.577058494091033 6.5673904716968536
leaf_count=78 28 23 736 25 50 20 24 247 39 48 20 145 21 37 20 36 70 37 65 20 38 142 26 30 76 132 21 69 20 29
internal_value=-0.000143108 -0.00789113 0.00867599 -0.00333201 -0.00380397 -0.00299635 -0.00165217 0.00392692 0.00489964 -0.00264498 -0.0143761 -0.0121776 -0.0156156 -0.00490117 -0.00879502 -0.00226321 -0.00600559 0.00316929 -0.000372543 -0.00573562 -0.00805707 -0.00859251 0 -0.0105534 -0.0107468 0.00109638 -0.0181409 -0.0150023 -0.0172626 0.00793808
internal_weight=537.149 286.004 251.145 168.117 162.913 151.558 120.012 85.6466 79.2837 108.914 117.886 74.8608 37.9007 68.0894 27.2515 40.8379 24.2831 16.5548 23.5434 22.6961 31.5461 36.9602 10.4276 12.2684 22.9195 40.8243 43.0256 25.1696 20.3697 11.0984
internal_count=2372 1257 1115 741 718 668 529 379 351 480 516 328 166 300 120 180 107 73 104 100 139 162 46 54 101 180 188 110 89 49
is_linear=0
shrinkage=0.01


Tree=3
num_leaves=31
num_cat=0
split_feature=37 37 37 26 37 26 25 7 29 14 9 37 37 23 25 11 0 7 2 25 34 39 28 33 9 25 28 0 26 28
split_gain=356.977 57.1228 48.1423 10.8356 9.93453 9.51157 9.46455 11.2881 8.54886 8.0555 7.09071 6.6655 9.45163 8.66038 8.06341 7.60756 7.5371 6.05408 10.2092 8.34599 8.3227 5.80177 5.81967 8.53666 7.55191 5.56242 5.57359 5.38034 5.3298 7.17063
threshold=0.64364489226843835 0.85588966133151145 0.32407000768948008 1.0024638772010805 0.9605884686436067 0.99811869859695446 0.0025067973183467989 25.499053955078129 0.088500000536441817 -0.65583050251007069 0.38267450034618383 0.46720719433613367 0.39170113449735361 -3.5049760341644283 0.00058246671687811624 1.0000000180025095e-35 -0.026183499954640862 25.398866653442386 3376.2656250000005 0.0020027811406180267 0.70640540122985851 0.055555555555555559 0.36099931597709661 0.18200140446424487 0.40105749666690832 0.0029431553557515149 -0.58552372455596913 1.0000000180025095e-35 1.0004652142524721 0.19090837985277179
decision_type=2 2 2 2 2 2 2 2 2 2 2 2 2 2 2 2 2 2 2 2 2 2 2 2 2 2 2 2 2 2
left_child=2 6 3 8 10 -4 9 -8 -1 -2 -3 12 13 -7 -13 16 -14 20 -19 -20 -16 -10 23 -23 -25 -9 -27 -28 29 -11
right_child=1 4 5 -5 -6 11 7 25 21 28 -12 14 15 -15 17 -17 -18 18 19 -21 -22 22 -24 24 -26 26 27 -29 -30 -31
leaf_value=-0.00099878335419867261 0.014814803226020405 0.005698002240144385 0.0065900253806807363 -3.7726473783635856e-05 0.012791877928948966 0.0037030348125886708 -0.014749913288627362 -0.0071981173065320458 -0.012151811625035716 0.0032448850061052494 0.011143796548935894 -0.015338286417521996 0.0025579112673259881 -0.0083775791801726836 0.0080892485796894339 -0.018862073067544602 -0.013087488330582313 -0.010248028739032182 -0.0069301213776803506 0.0061880855588181648 -0.0052726173997866589 -0.0085381152753362007 -0.022073818238309961 -0.021428308926530613 -0.0096521794455327638 0.010232909124707781 0.0047170034174860882 -0.0046372984715997044 0.0077574509322044976 -0.0057915095840180156
leaf_weight=4.7954999804496756 6.0847228467464438 53.947742998600006 7.0383595228195182 5.7250050753355017 95.41485533118248 9.5460918545722979 5.8997920155525199 8.3718201965093595 47.945999413728714 37.521322801709175 45.348969966173172 4.7914745807647696 4.7763928472995758 15.046913385391234 11.326732978224756 10.70973964035511 7.9832266718149185 15.919151261448858 8.4284282624721545 11.113714233040808 7.700411081314086 14.890363737940786 17.452001929283142 20.453532874584202 8.2580865472555143 6.3344891518354407 11.519866839051252 12.937729850411413 16.252619087696075 11.310835659503935
leaf_count=21 27 240 31 25 426 42 26 37 209 166 202 21 21 66 50 47 35 70 37 49 34 65 76 89 36 28 51 57 72 50
internal_value=0.000130315 0.00715151 -0.00919836 -0.0136388 0.0104627 -0.00454173 0.00159188 -0.00197687 -0.0143137 0.0038652 0.00820388 -0.0052864 -0.00806407 -0.00365183 -0.00300772 -0.01261 -0.00717873 -0.00187899 -0.00432707 0.00047288 0.00263004 -0.0148889 -0.0169986 -0.0148984 -0.0181212 0 0.00194855 -0.000189306 0.00280503 0.00112382
internal_weight=544.846 310.945 233.901 119.52 194.712 114.381 116.233 45.0637 113.795 71.1695 99.2967 107.342 48.0624 24.593 59.2799 23.4694 12.7596 54.4884 35.4613 19.5421 19.0271 109 61.054 43.602 28.7116 39.1639 30.7921 24.4576 65.0848 48.8322
internal_count=2406 1382 1024 521 868 503 514 199 496 315 442 472 211 108 261 103 56 240 156 86 84 475 266 190 125 173 136 108 288 216
is_linear=0
shrinkage=0.01


Tree=4
num_leaves=31
num_cat=0
split_feature=38 1 38 8 44 9 1 21 18 38 13 0 44 38 26 44 28 22 0 2 27 29 1 9 27 44 27 29 44 44
split_gain=273.277 28.8782 25.1365 16.2671 15.6385 15.5125 14.8531 13.9164 12.0544 10.9841 8.76424 13.1227 15.6427 8.67107 9.55994 8.38562 8.36113 7.94597 7.90574 10.6042 9.34242 6.85659 6.85367 6.43212 7.61216 10.9995 8.50682 7.05534 6.09396 5.76963
threshold=-0.010248791202891318 -0.050292000174522393 -1.1662927185526819 -2.3110140562057491 -0.22875800649865921 0.46447350084781652 -0.28113849461078638 1.0000000180025095e-35 0.11808750033378602 1.1566280586262259 0.21479249745607379 0.30329549312591558 0.025118373159247427 0.63160108176671859 0.99839711189270031 -2.7319157346573504 -0.67646768689155568 -7.3595340251922599 -0.053657501935958855 3996.561157226563 0.020844638347625736 0.48550000786781317 0.10875800251960756 0.3107724934816361 0.019933653064072136 -2.5153126286523149 0.02628402411937714 0.2754999995231629 1.1736293517664647 -0.86932500740233909
decision_type=2 2 2 2 2 2 2 2 2 2 2 2 2 2 2 2 2 2 2 2 2 2 2 2 2 2 2 2 2 2
left_child=2 13 3 17 6 9 -4 -6 -9 16 11 12 -5 14 -2 -8 -3 -1 20 -20 -10 -22 -17 27 25 -25 28 -18 -26 -16
right_child=1 5 4 10 7 -7 15 8 18 -11 -12 -13 -14 -15 29 22 23 -19 19 -21 21 -23 -24 24 26 -27 -28 -29 -30 -31
leaf_value=0.0051821483322444725 -0.0043144754991407538 0.0079115595908873983 0.0069677904002650431 0.0052376438047544039 0.0084893152627310269 0.012805064382454399 0.00056520860805577857 -0.012943415236927465 -0.019084647909375901 0.0074111399805581266 -0.019989839027999799 -0.015706206110543814 -0.01397251416046944 0.010574135828897838 -0.00092261426690006475 -0.0039363478399731307 -0.011398551772126902 -0.0081232813049248558 0.0055539824400092875 -0.0068203044070562482 0.0018342091823524581 -0.011858090247262729 -0.014330193801694781 0.0022620891398851947 0.0049089863139891929 -0.015696677772698436 -0.0072431935949630226 0.0013035275680895783 -0.0047505617578061697 0.0090059092260928036
leaf_weight=5.0202919393777838 8.1137290745973569 12.599016666412352 4.9878062456846228 7.9855832904577282 10.450822517275808 14.086480930447577 5.4637915045022956 11.883989095687864 4.5544074326753607 27.366063326597214 21.232420951128006 34.079073309898376 8.7232822328805906 111.10708051919937 6.7527722865343085 8.1989121586084348 10.409604206681253 33.2850301861763 20.628444015979774 10.26115360856056 10.443571120500563 5.4385379254817954 35.078937143087387 7.008509173989296 45.588063672184944 6.3579805642366392 8.3616770356893522 7.2351582199335089 7.4356412887573233 35.95503357052803
leaf_count=22 36 56 22 35 46 63 24 52 20 122 92 148 38 497 30 36 46 145 91 45 46 24 153 31 202 28 37 32 33 160
internal_value=-0.0001228 0.00608546 -0.00817983 -0.0116807 -0.00513328 0.00285473 -0.00923645 -0.00211834 -0.00389858 0.00177935 -0.0144923 -0.0121396 -0.00475547 0.00899759 0.00551727 -0.010926 0.000296316 -0.00634448 -0.00176381 0.00140238 -0.0065817 -0.00283676 -0.0123978 -0.000738702 0.000533123 -0.00625915 0.00203616 -0.00615577 0.00352919 0.00741421
internal_weight=546.093 308.377 237.716 110.326 127.39 146.448 53.7294 73.6609 63.2101 132.362 72.0204 50.7879 16.7089 161.929 50.8215 48.7416 104.996 38.3053 51.3261 30.8896 20.4365 15.8821 43.2778 92.3966 74.7519 13.3665 61.3854 17.6448 53.0237 42.7078
internal_count=2412 1373 1039 480 559 650 235 324 278 587 313 221 73 723 226 213 465 167 226 136 90 70 189 409 331 59 272 78 235 190
is_linear=0
shrinkage=0.01


Tree=5
num_leaves=31
num_cat=0
split_feature=37 37 37 46 33 44 3 34 20 34 46 44 20 27 29 38 38 38 38 38 9 25 25 3 10 37 38 21 22 3
split_gain=320.606 63.9399 52.7433 13.7051 11.4985 11.0688 14.9619 9.54878 9.7645 8.41444 7.83437 8.31553 7.77889 9.48141 7.57131 7.36811 8.22733 7.26554 6.77952 6.39115 6.38582 6.35523 6.28081 5.9752 5.64231 5.6352 7.17192 5.51573 5.41718 5.32661
threshold=0.63561832395545115 0.90160011258851724 0.30801775057565067 3.2831635898235037e-07 0.15523530542850497 -2.9202155500791673 52.084484100341804 0.72860822081565868 0.37716600298881536 0.55477905273437511 9.5226409737591205e-08 0.75099113291852559 0.65623000264167797 0.020387510769069198 0.44949999451637274 -2.8030649757936845 -0.69996777904647267 -0.32296973068872492 -0.39981023934827697 -0.038453664400120373 0.38267450034618383 0.0019761973526328806 0.0028821397572755818 54.130971908569343 -8.439363479614256 0.85025590610701507 0.28265951603706935 1.0000000180025095e-35 -0.56008300185203541 43.465270996093757
decision_type=2 2 2 2 2 2 2 2 2 2 2 2 2 2 2 2 2 2 2 2 2 2 2 2 2 2 2 2 2 2
left_child=2 3 15 4 12 -4 10 8 -8 -6 18 -12 13 -2 -14 -1 -17 -10 24 21 23 -11 -13 -3 -7 26 -21 -28 -20 -5
right_child=1 20 5 29 9 6 7 -9 17 19 11 22 14 -15 -16 16 -18 -19 28 25 -22 -23 -24 -25 -26 -27 27 -29 -30 -31
leaf_value=-0.0048748860183607931 -0.0091873757387911249 0.0091811218299477221 0.01064768745580748 -0.0027779488209378608 -0.0085855136543212564 0.0055215502997490017 -0.00077827142499969546 0.00071005178658225447 -0.024530735123014444 0.0037162158915277172 0.0076108895792415445 0.0045343160346162986 -0.001706836131537273 0.005748933606098479 -0.016260905062324631 -0.015199551017550333 -0.0038217824657026016 -0.011679252022045923 -0.017718442046815022 0.010389872244681639 0.012464693546367228 -0.010702431413839626 -0.0078479415390586699 -0.002594254229598521 -0.0044429551523754302 0.010386055454338381 -0.004912999521881037 0.0041405785417235634 -0.0054205845845089863 -0.017052266573625772
leaf_weight=9.2048490941524488 5.6472656577825573 59.970520332455635 4.7511825561523429 6.5662143230438215 4.5272700488567343 7.2700583487749091 5.4786745160818127 6.1698970794677725 6.8947703689336803 8.7971787154674512 13.161496281623842 6.5921171605587032 9.3100467920303327 15.998946666717528 5.918595850467681 98.287660032510757 7.1348422467708579 14.64187180995941 5.942271575331687 14.880365312099455 102.77681313455105 4.5320543199777594 10.245756834745405 4.4609739631414405 24.01290358603001 23.548648685216904 8.3542799502611143 31.747948363423347 10.013458013534544 4.5439755469560623
leaf_count=40 25 269 21 29 20 32 24 27 30 39 58 29 41 71 26 425 31 64 26 66 462 20 45 20 105 105 37 141 44 20
internal_value=7.163e-05 0.00668144 -0.00888506 0.00179596 0.00269323 -0.00408792 -0.00474006 -0.0103545 -0.0129116 0.00451203 -0.00230463 0.00166392 -0.00203327 0.0017819 -0.00749768 -0.0136886 -0.0144433 -0.0159341 -0.00484422 0.00517704 0.0108901 -0.00115497 -0.00294303 0.00834759 -0.00208516 0.0062646 0.00446561 0.00222209 -0.0101447 -0.00880527
internal_weight=541.383 311.581 229.802 144.373 133.263 115.174 110.423 33.1852 27.0153 96.3877 77.2381 29.9994 36.8749 21.6462 15.2286 114.627 105.423 21.5366 47.2387 91.8605 167.208 13.3292 16.8379 64.4315 31.283 78.5312 54.9826 40.1022 15.9557 11.1102
internal_count=2392 1391 1001 640 591 505 484 145 118 428 339 132 163 96 67 496 456 94 207 408 751 59 74 289 137 349 244 178 70 49
is_linear=0
shrinkage=0.01


Tree=6
num_leaves=31
num_cat=0
split_feature=37 37 37 26 9 23 37 25 23 11 33 37 29 25 10 39 34 9 37 22 17 37 37 0 33 34 1 27 34 14
split_gain=349.588 69.3278 32.039 13.7746 11.3253 14.3343 9.9619 11.3387 9.79348 11.2636 8.56754 7.36731 6.95573 9.93619 7.49174 6.57567 6.51177 6.44156 6.00285 5.97298 5.63005 6.51602 5.89598 6.67168 5.79092 5.2127 7.16811 7.66631 7.27259 6.48063
threshold=0.75621612977670383 0.32407000768948008 0.90160011258851724 1.0024638772010805 0.33404949307441717 -3.5049760341644283 0.48303648310948094 0.00058246671687811624 -3.0434554815292354 1.0000000180025095e-35 0.038738718256354339 0.15552279367115948 0.17650000005960467 0.00084606269956566404 -7.9427919387817374 0.28960573476702517 0.65532872080802929 0.33568349480628973 0.96218455027683458 -7.3595340251922599 -0.5617450177669524 0.21838823831286799 0.28841249833872767 1.0014564990997317 0.22778946161270144 0.7225504219532014 0.11490450054407121 0.025230848230421547 0.6701573133468629 0.017547499854117635
decision_type=2 2 2 2 2 2 2 2 2 2 2 2 2 2 2 2 2 2 2 2 2 2 2 2 2 2 2 2 2 2
left_child=1 3 4 11 5 -2 8 -8 9 -3 -6 -1 13 -9 16 -12 -14 -16 -4 -17 21 -13 23 -22 -25 26 -10 28 -28 -30
right_child=2 6 18 -5 10 -7 7 12 25 -11 15 20 14 -15 17 19 -18 -19 -20 -21 22 -23 -24 24 -26 -27 27 -29 29 -31
leaf_value=-0.016538664548865895 0.0041612817510046189 0.004706033181512791 0.0088813750847008092 0.0029789728616797014 -0.0064341637373395389 -0.0110250365310272 -0.013096664915501969 -0.0039697565473487259 -0.0029899595596731055 -0.011013425421134261 0.010662114698660187 -0.013860188878854046 -0.0059935782341158381 0.010149387886276659 -0.01165397513513947 0.014590066689331249 0.0038229676889240632 -0.0026866221694014608 0.012884522972255692 0.0021989059454074421 -0.0064292539642420519 0.00026641163085024334 -0.020964757552206625 -0.0093605481793753754 -0.020767941006019693 -0.0017948344789978487 -0.0021011116081251671 -0.025098337507631432 -0.023540371277509561 -0.0077085038760767756
leaf_weight=59.268073290586472 15.527533859014513 12.293237119913103 68.905387580394745 4.8413675874471656 4.9830328822135916 10.179815232753752 7.9806902408599845 8.1913276016712206 7.5274484902620342 7.0902985334396353 27.332506895065308 5.326138034462927 8.8384247273206693 12.18070277571678 10.258865699172018 4.4831247627735129 27.149855688214302 38.158909827470779 93.027820393443108 28.565402746200562 16.645921498537064 7.8529381453990936 8.0958881676197034 9.490731209516527 9.7594654858112317 6.8682621270418158 6.1798506230115953 5.3098906427621833 5.5304253101348859 5.5106358528137207
leaf_count=255 69 54 310 21 22 45 35 36 33 31 122 23 39 54 45 20 120 168 420 127 72 34 35 41 42 30 27 23 24 24
internal_value=-6.63656e-05 -0.00755456 0.00852276 -0.0133239 0.00375534 -0.001833 -0.00340462 -0.00167475 -0.00684178 -0.00101967 0.00596792 -0.0140123 -0.000783576 0.00443176 -0.00205792 0.0070169 0.00137447 -0.00462736 0.0111938 0.00394891 -0.0113515 -0.00542873 -0.0130868 -0.011229 -0.015273 -0.00985992 -0.0116576 -0.0144832 -0.0110264 -0.0158685
internal_weight=543.354 290.349 253.005 121.281 91.0714 25.7073 169.069 112.759 56.31 19.3835 65.3641 116.439 104.778 20.372 84.4061 60.381 35.9883 48.4178 161.933 33.0485 57.1711 13.1791 43.992 35.8961 19.2502 36.9265 30.0583 22.5308 17.2209 11.0411
internal_count=2401 1266 1135 523 405 114 743 497 246 85 291 502 462 90 372 269 159 213 730 147 247 57 190 155 83 161 131 98 75 48
is_linear=0
shrinkage=0.01


Tree=7
num_leaves=31
num_cat=0
split_feature=37 37 37 25 26 37 37 18 18 46 6 7 25 0 17 27 30 14 44 18 14 37 38 44 3 38 25 34 26 26
split_gain=311.078 62.2002 36.3318 16.675 10.1072 9.97853 8.44621 8.30201 7.90266 10.1577 7.34183 8.63666 8.05812 6.98249 6.70025 6.6943 6.29965 6.50892 5.62601 8.09975 5.57209 5.2119 6.27998 5.15837 15.776 8.29114 5.42301 4.86164 4.80538 7.63975
threshold=0.6231970345522303 0.85025590610701507 0.32407000768948008 0.0018424842273816468 1.0024638772010805 0.96218455027683458 0.1187286690518255 0.64400899410247814 0.54205048084259044 1.8601484917060659e-07 0.07775099948048593 25.398866653442386 0.00094379863003268849 -0.73244249820709217 1.0000000180025095e-35 0.020374061539769176 0.011898347176611425 0.09267549961805345 0.094889889405859143 0.86405548453331005 0.017547499854117635 0.52651234566660043 -0.69996777904647267 -0.31454888157866284 33.524375915527351 0.76389026853840225 0.002418835181742907 0.73749077320098888 1.0004652142524721 0.99982362985610973
decision_type=2 2 2 2 2 2 2 2 2 2 2 2 2 2 2 2 2 2 2 2 2 2 2 2 2 2 2 2 2 2
left_child=2 7 4 10 6 27 20 8 9 28 11 12 -4 -9 18 -13 17 -5 19 -8 -1 22 -18 25 -25 26 -15 -3 29 -2
right_child=1 5 3 16 -6 -7 14 13 -10 -11 -12 15 -14 23 -16 -17 21 -19 -20 -21 -22 -23 -24 24 -26 -27 -28 -29 -30 -31
leaf_value=-0.020282696669184325 0.0043196132191279145 0.0079278208347844121 -0.01133290061147825 0.0066378826133909009 0.00097313410076262097 0.012005720532976483 0.0032045441974680711 0.0059936644537036546 0.0089699469353209556 -0.0085858165410548203 0.0010189272502140365 -0.0051987183846945433 -0.00076519329180139647 0.009139164269510348 -0.014641320170856471 -0.017760963435115178 -0.0022082231361985893 -0.0026676916503494976 -0.011492561426169966 -0.011632267351332506 -0.012538521265922189 0.0020579151402115494 -0.017418926567097127 4.0768599118816996e-05 -0.021499484886782928 -0.0096502699996923388 -0.0043203225663379372 -0.002511886603282268 0.0070995060012615007 -0.0043891919681354119
leaf_weight=25.027844712138176 23.92002160847187 101.8531971424818 14.438873097300531 16.163619607687 4.8439057916402808 94.393127948045731 8.097828194499014 6.7291540354490271 14.823019251227377 9.532102167606352 7.0447707176208487 6.1938525587320354 14.787979513406752 6.9596293866634387 33.72447444498539 16.375305250287056 6.1619363427162179 13.711133599281309 22.284244880080223 6.4922967702150336 17.502169042825699 6.1204480379819861 5.063185542821885 7.2579308748245221 6.1470915079116821 7.9306665658950797 5.0028097778558731 4.4709524363279334 16.219272777438164 17.198255032300949
leaf_count=107 106 458 63 71 21 428 35 30 66 42 31 27 65 31 145 71 27 60 96 28 75 27 22 32 27 35 22 20 72 76
internal_value=-8.87954e-05 0.0061977 -0.00913973 -0.0048706 -0.012962 0.00961692 -0.0135678 0.000547919 0.00238224 0.000895796 -0.00841891 -0.00972131 -0.00604087 -0.00316748 -0.0113708 -0.0143956 -0.000419515 0.00233904 -0.00832104 -0.00336369 -0.0171561 -0.00521415 -0.00925066 -0.00506118 -0.00984887 -0.00175184 0.00343822 0.00747748 0.00250168 0.000650969
internal_weight=546.471 322.437 224.034 106.061 117.973 200.717 113.129 121.72 81.6927 66.8697 58.8408 51.796 29.2269 40.0273 70.5988 22.5692 47.2203 29.8748 36.8744 14.5901 42.53 17.3456 11.2251 33.2981 13.405 19.8931 11.9624 106.324 57.3375 41.1183
internal_count=2416 1445 971 464 507 906 486 539 362 296 257 226 128 177 304 98 207 131 159 63 182 76 49 147 59 88 53 478 254 182
is_linear=0
shrinkage=0.01


Tree=8
num_leaves=31
num_cat=0
split_feature=37 37 37 44 0 29 3 33 46 44 28 28 38 37 1 44 1 1 27 4 44 6 39 44 38 10 38 37 38 3
split_gain=319.173 62.2044 37.88 14.5729 16.5836 11.165 9.32221 8.26129 9.05291 8.26269 7.66987 9.27238 7.04817 7.49114 7.80621 7.38726 6.76639 6.72994 6.92803 6.58269 7.60459 6.11023 6.5978 6.08547 6.421 5.76341 5.60553 5.5739 5.33558 5.06332
threshold=0.6231970345522303 0.90160011258851724 0.32407000768948008 -2.8018245202483523 5.39595651626587 0.331499993801117 29.812106132507328 0.15523530542850497 3.060747415403664e-07 1.5635983061108172 -0.58552372455596913 -0.43276537954807276 -0.30003403533580536 0.44862021092944265 -0.12936449795961377 -0.37613044684651148 0.44905799627304083 0.32088449597358709 0.024519846774637703 -556.78210449218739 -1.0000000180025095e-35 0.032694499939680106 0.81029040404040409 -2.6667297963575969 -3.330004926002434 -0.14175799861550328 -0.010248791202891318 0.97718315352418672 -0.44497905033697677 44.739616394042976
decision_type=2 2 2 2 2 2 2 2 2 2 2 2 2 2 2 2 2 2 2 2 2 2 2 2 2 2 2 2 2 2
left_child=2 6 23 -4 5 12 -2 10 9 21 -8 -12 13 15 -15 -5 -16 25 -19 20 -7 -9 -23 -1 -25 -13 -11 -3 -22 -17
right_child=1 27 3 4 -6 19 7 8 -10 26 11 17 -14 14 16 29 -18 18 -20 -21 28 22 -24 24 -26 -27 -28 -29 -30 -31
leaf_value=-0.0011415372682998489 0.014607067676557048 0.0092593053790853211 0.011247861637597589 -5.6235216214874902e-05 -0.022828607574621448 0.011955197428160584 0.0076361374337616649 -0.0034315287780887567 -0.01046149239304513 -0.012772381524363021 -0.017086773985625806 -0.0017768682951276754 -0.011456347118800029 -0.0091484378655359508 0.011872991175142896 -0.007202151266617599 -0.0023752568547402621 -0.0013316227996819938 -0.015524500352302874 -0.0066617214216471935 0.0033187746951008428 0.0064339986300287868 -0.0055567276302027225 -0.001266510625152528 -0.01354739012337576 0.0099275133346721119 0.0016966275603317387 0.013085793074854668 -0.0078370721155797025 -0.019250120877279328
leaf_weight=4.6495275497436515 5.5720129013061515 94.256570607423782 5.4366828799247733 7.5935367941856393 5.0982013642787924 6.5740308314561871 6.7792339920997611 7.9282755851745597 4.557338058948516 4.5410061925649643 4.5403282493352881 12.856752485036848 22.496709689497948 5.982173919677737 6.3602657169103605 9.1640204936265928 6.6384406387805939 8.8872999399900419 5.7203173488378516 10.301087781786917 12.522432014346125 72.454382106661797 4.7342967092990866 4.6346640139818183 112.5714598596096 6.0730726271867779 6.0458254814147931 70.454547762870789 6.3765532225370398 6.2220166325569162
leaf_count=20 25 427 24 33 22 29 30 35 20 20 20 57 98 26 28 40 29 39 25 45 55 323 21 20 482 27 27 321 28 27
internal_value=0.000106808 0.00666178 -0.00877552 -0.00452286 -0.00535626 -0.00443571 0.00200849 0.00150814 0.00310708 0.00377389 -0.00204244 -0.00380726 -0.00691905 -0.00444119 0.000160095 -0.00826935 0.00455748 -0.00193428 -0.00702529 1.76729e-05 0.00277336 0.00481597 0.00567938 -0.0126261 -0.0130718 0.00195802 -0.00447743 0.0109091 -0.000414033 -0.0122317
internal_weight=548.023 315.401 232.622 110.766 105.329 100.231 150.69 145.118 100.261 95.7038 44.857 38.0778 64.4572 41.9605 18.9809 22.9796 12.9987 33.5374 14.6076 35.7741 25.473 85.117 77.1887 121.856 117.206 18.9298 10.5868 164.711 18.899 15.386
internal_count=2423 1417 1006 484 460 438 669 644 446 426 198 168 281 183 83 100 57 148 64 157 112 379 344 522 502 84 47 748 83 67
is_linear=0
shrinkage=0.01


Tree=9
num_leaves=31
num_cat=0
split_feature=37 37 37 10 25 37 29 38 13 13 37 34 33 34 33 2 33 16 37 3 22 34 30 25 37 34 13 34 8 0
split_gain=296.429 72.8778 26.667 10.5201 10.1686 8.53754 7.72943 6.00513 8.2554 14.9348 6.28545 6.25502 7.61561 5.2381 5.96478 11.4054 6.59894 5.81804 5.72687 5.65195 5.25409 10.5286 7.35632 6.9981 5.12222 5.09818 10.4457 4.47841 5.64325 4.43609
threshold=0.75621612977670383 0.32407000768948008 0.86344190732857673 -10.204450130462645 0.00094379863003268849 0.9605884686436067 0.58949998021125805 -1.0179741482541516 0.182268001139164 0.12407950311899187 0.27721120237880992 0.70728337764740001 0.31988872587680822 0.74258419871330272 0.42447377741336828 3795.4301757812505 0.77173560857772838 1.0000000180025095e-35 0.68241419327221964 34.97826004028321 -1.9028739929199217 0.72619628906250011 0.007701385999098421 0.00075410096906125556 0.82743436460026487 0.7147672474384309 -0.10135399922728537 0.73112145066261303 0.99511799216270458 0.048949500545859344
decision_type=2 2 2 2 2 2 2 2 2 2 2 2 2 2 2 2 2 2 2 2 2 2 2 2 2 2 2 2 2 2
left_child=1 7 6 4 -3 27 -2 8 9 25 11 12 -9 14 18 16 -16 -18 19 -5 22 23 -21 -22 -8 29 -27 -4 -29 -1
right_child=2 3 5 13 -6 -7 24 10 -10 -11 -12 -13 -14 -15 15 -17 17 -19 -20 20 21 -23 -24 -25 -26 26 -28 28 -30 -31
leaf_value=-0.0079658956214278005 0.0040658443300074986 -0.0088444128968797851 0.0083795202226145758 0.0017717927852888046 0.004026917625455529 0.012010173119717905 0.00046885395890594632 0.0093112663473190801 -0.017893753726958866 0.0029040053280322406 -0.017787843961919438 -0.011878702102145131 -0.0081343049499362063 0.0056141044753569395 0.0047509096141120869 -0.015031454611826102 0.0019853834434813652 -0.012969267237339668 -0.001332549674812478 -0.018842871675226965 0.0019930201179955442 0.0054881309030438644 -0.00434658878397949 -0.010279659817734502 -0.011881081694767013 -0.016881499484925747 0.00026064557594348143 0.0084101267245228345 -0.0069672543182584187 -0.015858262994713594
leaf_weight=9.5635418444871885 47.074436128139496 7.3191437274217597 87.326923176646233 5.934233531355857 34.799520164728165 91.211956903338432 8.1525222063064557 4.8872229456901604 32.258426547050476 6.2834487855434409 4.6668632477521887 6.7635221481323233 4.9085380285978317 5.2468975335359564 19.818061351776127 4.8212787657976142 5.2645224779844266 4.8236308991909027 21.535630911588669 9.4715068489313108 5.2658041566610327 6.166486829519271 5.9617454707622519 31.238120019435883 5.4346920251846305 6.3141726553440094 7.7153749912977201 4.870331868529318 4.4610382169485092 43.844635590910912
leaf_count=41 210 32 395 26 154 417 36 21 137 27 20 29 21 23 87 21 23 21 95 41 23 27 26 136 24 27 33 22 20 187
internal_value=-0.000113187 -0.00689463 0.00792821 -0.00255423 0.00175087 0.00979033 0.00213811 -0.0126012 -0.0135896 -0.011671 -0.00757875 -0.00455202 0.000474586 -0.0040067 -0.00443893 -0.000905903 0.0013805 -0.00512411 -0.0058583 -0.00736025 -0.00831154 -0.00643108 -0.0133715 -0.00848136 -0.0044486 -0.0130462 -0.00744849 0.00767499 0.000956723 -0.0144812
internal_weight=543.404 294.872 248.532 167.667 42.1187 187.87 60.6617 127.206 105.98 73.7212 21.2261 16.5593 9.79576 125.548 120.301 34.7275 29.9062 10.0882 85.5735 64.0379 58.1037 42.6704 15.4333 36.5039 13.5872 67.4377 14.0295 96.6583 9.33137 53.4082
internal_count=2402 1278 1124 735 186 854 270 543 452 315 91 71 42 549 526 152 131 44 374 279 253 186 67 159 60 288 60 437 42 228
is_linear=0
shrinkage=0.01


Tree=10
num_leaves=31
num_cat=0
split_feature=37 37 37 44 29 9 18 38 4 10 38 44 25 28 26 38 33 10 27 37 6 46 26 34 30 26 33 38 34 33
split_gain=300.016 77.3699 24.0215 15.635 10.3601 9.97428 9.63826 9.16322 9.16253 10.5981 8.80108 8.35128 8.10443 7.62315 7.47675 7.53217 7.30218 7.17967 7.29142 6.68275 6.3803 8.37782 6.30271 5.90921 6.07377 6.81317 8.16597 6.93119 5.75493 5.73436
threshold=0.75621612977670383 0.30801775057565067 0.90160011258851724 -3.1551613232378553 0.98550000786781322 0.33404949307441717 0.52592149376869213 -2.8030649757936845 -4388.4682617187491 7.3034453392028817 -0.67728635685073624 1.5635983061108172 0.00094379863003268849 0.51641523838043224 1.0011281967163088 0.78277816289496538 0.30500392615795141 -12.466910839080809 0.026212384924292568 0.52651234566660043 0.049659000709652908 5.9133055430392322e-08 0.99967727065086376 0.62180799245834362 0.024119341745972637 1.0010190010070803 0.11118323728442193 -0.89199870688090843 0.68981280922889721 0.11481887102127077
decision_type=2 2 2 2 2 2 2 2 2 2 2 2 2 2 2 2 2 2 2 2 2 2 2 2 2 2 2 2 2 2
left_child=1 7 4 -3 5 14 8 -1 -5 11 20 22 -8 17 15 16 -2 -14 -19 -15 -9 -22 -10 -24 25 26 -25 -28 -29 -23
right_child=2 3 -4 6 -6 -7 12 10 9 -11 -12 -13 13 19 -16 -17 -18 18 -20 -21 21 29 23 24 -26 -27 27 28 -30 -31
leaf_value=-0.0029941034238630359 -0.0097034635174370106 0.014658722120220218 0.010334886061727586 0.010311378811940419 -0.0078746675958331243 0.007139876596824855 -0.012946252994434193 -0.011108704149359421 0.002395851109136799 0.0074976834335453947 -0.0020994803493034424 -0.012791700546201988 0.0066742119380066439 -0.01876346470324226 -0.011580741199516268 0.009195924791375279 0.0063145474612076547 -0.0013326962983596837 -0.010382060342526034 -0.0045542266349911575 -0.022652989140480577 -0.0080647500324959355 -0.013561894037951548 -0.014998076527289574 -0.013162897891072065 0.0084100326328195116 -0.0094500048288343672 0.010176156521285241 -0.0016669904978294495 -0.016355425807211953
leaf_weight=8.3987888395786268 6.7483792454004341 4.9366621971130362 162.860367000103 6.5313498377799979 6.8098124712705603 57.069557666778564 13.179631188511847 34.522844821214676 21.618648335337639 10.431177988648413 6.0558657497167578 8.0321446359157544 7.2109768390655509 6.0084705799818021 4.7539600878953925 8.7390570044517499 4.7108103185892105 30.848687872290611 12.631376042962073 7.9536942839622498 17.690522372722626 11.962439700961111 5.7493499517440787 4.8235730975866344 4.8035960793495169 5.9350634813308707 6.6908300220966295 6.1405285596847632 11.623618915677069 36.256041958928108
leaf_count=36 30 22 745 29 30 256 57 147 95 46 26 35 32 26 21 39 21 135 55 35 75 51 25 21 21 26 29 27 51 154
internal_value=6.12956e-05 -0.00686827 0.00805007 -0.00267527 0.00384303 0.00483647 -0.00319219 -0.0132441 -0.000992933 -0.0018756 -0.0140396 -0.00319349 -0.00578503 -0.00429203 -0.000399329 0.00222721 -0.00303437 -0.00245374 -0.00400236 -0.0108301 -0.0147468 -0.0166175 -0.00201733 -0.00412446 -0.00271321 -0.00122618 -0.00323556 -0.00082313 0.0024049 -0.0143403
internal_weight=541.728 290.036 251.692 175.149 88.8316 82.0218 170.213 114.887 92.3799 85.8485 106.488 75.4174 77.8328 64.6532 24.9522 20.1982 11.4592 50.691 43.4801 13.9622 100.432 65.909 67.3852 45.7666 40.0172 35.2136 29.2786 24.455 17.7641 48.2185
internal_count=2398 1256 1142 767 397 367 745 489 405 376 453 330 340 283 111 90 51 222 190 61 427 280 295 200 175 154 128 107 78 205
is_linear=0
shrinkage=0.01


Tree=11
num_leaves=31
num_cat=0
split_feature=38 38 0 33 8 23 46 46 8 9 7 9 0 46 7 44 25 46 39 44 9 10 33 44 44 10 26 38 33 46
split_gain=244.129 28.2573 23.3744 15.0147 14.2989 13.9685 12.3124 7.75487 10.8443 8.09342 7.66364 7.0665 6.96471 6.86794 6.82521 9.0479 6.68951 6.64822 7.55395 6.50068 9.64366 13.0769 10.9066 7.15924 6.42635 6.14867 8.61562 6.41991 6.00569 5.94519
threshold=-0.010248791202891318 -1.0993804756120993 -0.083535503596067415 0.18200140446424487 -2.841416478157043 1.0000000180025095e-35 5.9133055430392322e-08 1.5671085539006496e-07 2.4334089756011967 0.39948000013828283 27.90232086181641 0.3787084966897965 2.7174900770187382 3.2831635898235037e-07 22.984282493591312 -0.076258601977240034 0.0025604055263102059 5.9133055430392322e-08 0.21717171717171721 0.51723356529235842 0.33864499628543859 -3.334458470344543 0.57542824745178234 -0.22875800649865921 -2.2033685110095687 3.3433824777603154 1.0020633935928347 1.2447509854617111 0.12162960320711137 7.4780127609573278e-08
decision_type=2 2 2 2 2 2 2 2 2 2 2 2 2 2 2 2 2 2 2 2 2 2 2 2 2 2 2 2 2 2
left_child=1 4 13 7 6 19 -1 8 11 -9 -8 28 17 14 15 -2 -14 -7 24 23 21 -21 29 -3 -19 26 27 -5 -4 -22
right_child=2 5 3 25 -6 12 10 9 -10 -11 -12 -13 16 -15 -16 -17 -18 18 -20 20 22 -23 -24 -25 -26 -27 -28 -29 -30 -31
leaf_value=-0.017875325867074226 -0.0090377570171081886 -0.0051076145498925351 0.0016141425109908038 0.0038974368100268453 -0.012840951099472322 0.0021111059721269712 0.0090325576370911976 0.0081018967588800828 -0.013592125401197384 -0.0067848277654019972 -0.0046466764288533632 0.0083803054953444228 -0.019188064860751208 0 0.0099903006744249921 0.009562025535917713 -0.0056830548767036358 -0.0026577549478450017 0.0005540210801617347 0.00043880872776668183 -0.0072414682410947041 -0.021633788121391689 -0.012503881679574674 0.0055603819613206382 -0.015677932657129613 0.011143669060504915 -0.0087787329303516265 0.011624021258886681 -0.011491679443488787 0.0051047969334859665
leaf_weight=6.1049429923295966 4.47388656437397 8.5613645911216754 7.4295455366373115 63.456544265151024 84.190673425793648 8.9715299159288389 4.8331665545702007 12.845986217260362 8.8800426274538022 4.9320780336856833 23.298407435417175 6.2444193661212912 8.701697573065756 7.9630519449710837 143.37503428757191 5.9636362791061384 6.9342530369758597 5.9649991840124139 7.3648974299430838 4.7600174397230148 4.779380336403853 5.7964532226324064 5.9720564782619467 22.365357682108879 11.64412580430508 16.884974494576454 4.5020113736391059 13.16606894135475 6.2903297394514084 18.635732546448708
leaf_count=26 20 37 33 284 358 39 21 57 39 22 100 28 37 36 654 27 30 26 32 21 21 25 26 98 50 77 20 60 28 82
internal_value=0.000428859 -0.00714557 0.00633765 0.00340188 -0.0106174 -0.00371781 -0.00509898 -0.0012505 -0.00446276 0.00390116 -0.00223741 -0.000304705 -0.00778599 0.0089524 0.00942094 0.0014845 -0.0133366 -0.00516826 -0.00782113 -0.000850623 -0.00352231 -0.0116765 -0.000529588 0.00256801 -0.0113638 0.0056242 0.00445078 0.00525155 -0.00436197 0.00252213
internal_weight=545.287 238.879 306.408 144.632 118.427 120.452 34.2365 46.6224 28.8443 17.7781 28.1316 19.9643 49.5815 161.776 153.813 10.4375 15.636 33.9456 24.974 70.8704 39.9436 10.5565 29.3872 30.9267 17.6091 98.0096 81.1246 76.6226 13.7199 23.4151
internal_count=2414 1029 1385 648 505 524 147 207 128 79 121 89 214 737 701 47 67 147 108 310 175 46 129 135 76 441 364 344 61 103
is_linear=0
shrinkage=0.01


Tree=12
num_leaves=31
num_cat=0
split_feature=37 37 37 44 44 44 37 16 1 29 34 27 44 33 10 0 3 30 27 4 33 46 17 10 6 34 37 21 34 23
split_gain=303.746 67.0487 23.7367 12.6801 16.8647 11.436 9.92553 9.71279 8.20583 10.0472 8.69136 7.74586 7.10241 7.06757 7.49358 11.5474 6.31877 5.91704 11.2793 5.81125 5.69256 5.56396 5.52476 5.47353 5.51658 5.42264 5.3152 5.55021 6.67953 5.21609
threshold=0.75904105166395808 0.44862021092944265 0.90160011258851724 -0.064417433304945274 -3.0309317354864791 -0.43145420262934497 0.1187286690518255 0.87837952375411998 0.16780500113964084 0.43250000476837164 0.71077197790145885 0.026807173155248169 -2.8018245202483523 0.024383860640227798 -2.7650724649429317 -0.50731351971626271 47.632505416870124 0.001834704715292901 0.020528990775346759 -5667.8798828124991 0.27630662918090826 1.0799468252280129e-07 -1.0000000180025095e-35 -6.0935151576995841 0.063634499907493605 0.63488784432411205 0.97718315352418672 0.054700000211596496 0.6701573133468629 5.6055195331573495
decision_type=2 2 2 2 2 2 2 2 2 2 2 2 2 2 2 2 2 2 2 2 2 2 2 2 2 2 2 2 2 2
left_child=1 6 13 4 -3 7 20 8 10 -10 -6 -5 -8 -2 15 -15 -7 18 -17 -14 21 22 -1 -13 -25 -16 27 28 -4 -21
right_child=2 3 26 11 5 16 12 -9 9 -11 -12 23 19 14 25 17 -18 -19 -20 29 -22 -23 -24 24 -26 -27 -28 -29 -30 -31
leaf_value=-0.012021988579016315 -0.0074619192490678081 0.012595785423748467 0.0099815636048714938 0.0035402624801738241 0.0080605981653883024 -0.0070459065635934291 0.0017328229810959445 -0.014504517314069139 -0.011068319524827824 0.0052366050565570465 -0.0064192682199743067 0.0018527772166070354 -0.018147212241277879 0.0073883969086384936 -0.00076924558722704206 0.0024813254683434061 -0.023237805534707393 0.0033784280041418797 -0.014435242164767262 -0.0083736934957571001 -0.018072461420676377 -0.019561935752788022 0.00076470583516920708 -0.00093226424926088334 -0.015918120742436554 0.0098506390156751673 0.012476205917694119 0.010073975503893088 -0.0006782137435217768 -0.014202963216329554
leaf_weight=8.7588629722595215 5.1986560821533194 4.9154072552919379 10.912735655903818 48.481410712003708 11.306687712669374 4.8031529039144498 5.0870984792709342 7.568577527999877 13.794529885053636 5.0284310430288306 6.3551512807607642 8.3256227225065249 8.6865120828151685 19.972148582339287 5.5959434956312171 7.1853424608707455 5.5575478971004486 9.4335693866014463 8.3421582430601102 87.431455880403519 28.063305646181107 5.2155801057815543 5.2167778462171563 4.803580090403555 5.3032192140817642 27.54442273080349 66.539771690964699 71.44784289598465 12.236212983727453 19.734606102108955
leaf_count=37 23 22 50 214 50 21 22 33 60 22 28 37 37 90 25 32 24 42 37 374 118 22 22 21 23 124 308 328 56 84
internal_value=-0.000217372 -0.00705856 0.00801958 -0.00153927 -0.00490494 -0.00652439 -0.0111919 -0.00425007 -0.00206168 -0.00665506 0.00278729 0.00143286 -0.00963431 0.0036597 0.00442164 0.00172589 -0.0159661 -0.00277637 -0.00657733 -0.0101431 -0.0151284 -0.0107001 -0.00720645 -0.00404533 -0.0089725 0.00803041 0.0102628 0.00868381 0.00432526 -0.00946871
internal_weight=538.846 294.438 244.409 126.243 59.3295 54.4141 168.194 44.0534 36.4848 18.823 17.6618 66.9138 120.94 83.2722 78.0736 44.9332 10.3607 24.9611 15.5275 115.853 47.2545 19.1912 13.9756 18.4324 10.1068 33.1404 161.137 94.5968 23.1489 107.166
internal_count=2386 1271 1115 555 260 238 716 193 160 82 78 295 517 373 350 201 45 111 69 495 199 81 59 81 44 149 742 434 106 458
is_linear=0
shrinkage=0.01


Tree=13
num_leaves=31
num_cat=0
split_feature=37 37 37 44 23 44 38 39 25 44 44 37 3 37 27 44 26 27 33 1 1 38 27 30 46 41 17 37 26 38
split_gain=297.997 69.2659 21.7173 12.0833 12.4526 13.1503 11.0455 8.85999 8.30876 8.76349 8.36158 7.91719 7.33275 7.80962 9.13932 6.47777 6.39287 5.70041 5.2751 5.23447 5.21622 4.63412 4.57266 4.34803 4.17416 5.76536 4.18753 4.85079 4.10565 4.07027
threshold=0.75621612977670383 0.32407000768948008 0.9605884686436067 -3.0309317354864791 1.1767594814300539 -0.71121377389699203 -2.8030649757936845 0.76845376845376856 0.00058246671687811624 1.5635983061108172 -0.84224119624820359 0.86344190732857673 52.084484100341804 0.6231970345522303 0.024717378430068496 -2.6667297963575969 1.0031949877738955 0.020653685554862026 0.3453239649534226 -0.12936449795961377 0.69822099804878246 -0.55763148545704866 0.020054486580193046 0.0047631072811782369 7.7995208136039319e-08 0.73112145066261303 1.0000000180025095e-35 0.94732774073111825 0.99969878792762767 -1.5274733938292093
decision_type=2 2 2 2 2 2 2 2 2 2 2 2 2 2 2 2 2 2 2 2 2 2 2 2 2 2 2 2 2 2
left_child=1 6 11 -3 7 12 -1 8 -5 10 -10 16 -6 14 22 -8 20 -12 19 -9 -2 -7 -14 -23 26 -26 27 28 -13 -17
right_child=2 3 -4 4 5 21 15 18 9 -11 17 24 13 -15 -16 29 -18 -19 -20 -21 -22 23 -24 -25 25 -27 -28 -29 -30 -31
leaf_value=-0.0017512503438650434 0.004682438311654543 0.012487684052817676 0.011704516922468169 -0.010407090048173424 0.0037864606492335477 -0.0065074401011337504 -0.0019589986277322551 -0.0100019063820301 -0.0084614485225631923 -0.0061416896772158724 0.0078872931066830791 0.0008704299318019682 -0.0075166964889109809 0.0010438932421795277 -0.016702128736338639 -0.016042160933976663 -0.0084059866874582178 0.0013990537835065931 -0.013870491800351948 0.0047127179732956593 -0.0056728720422845793 -0.011880981680180805 0.0035729519340971052 -0.024263872258045497 0.010162724201325244 -5.5394811648025792e-05 -0.00064077808021681816 -0.0009396955225203196 0.012314903583058147 -0.011970736453617641
leaf_weight=8.9210482686758024 53.087623879313469 4.8856872469186774 94.767178252339363 6.4482761323451987 10.457729473710058 7.9424657672643688 4.9290901720523825 4.6027895212173471 5.7447852343320838 12.838111713528631 23.101465255022049 4.3834829181432786 12.44598506391049 11.995370626449583 9.1081249564886075 52.987296119332314 4.5460005849599829 33.788290247321129 7.3734778910875312 4.7913663685321817 5.1854386776685706 8.9916236102581006 5.0748099833726874 4.8948489874601355 52.470721587538719 5.9515345245599738 10.294567912817 5.6707747727632514 13.115967407822607 56.577068746089935
leaf_count=38 238 22 440 28 46 34 21 20 25 56 102 20 54 53 39 223 20 149 32 21 23 39 22 21 240 27 47 26 60 239
internal_value=-0.000134193 -0.00688709 0.00792506 -0.00282154 -0.00327555 -0.00647161 -0.01262 -0.000964722 0.000382129 0.00132973 0.00288442 0.00559738 -0.00355837 -0.00557748 -0.00859033 -0.0134559 0.00282919 0.00406052 -0.00756751 -0.00242099 0.0037357 -0.0129303 -0.00424584 -0.0164596 0.00747387 0.00910639 0.00457541 0.00692873 0.0095262 -0.0139617
internal_weight=547.373 297.9 249.473 174.485 169.6 70.911 123.415 98.6886 81.9209 75.4727 62.6345 154.706 49.082 38.6243 26.6289 114.493 62.8191 56.8898 16.7676 9.39416 58.2731 21.8289 17.5208 13.8865 91.887 58.4223 33.4648 23.1702 17.4995 109.564
internal_count=2425 1284 1141 763 741 308 521 433 360 332 276 701 214 168 115 483 281 251 73 41 261 94 76 60 420 267 153 106 80 462
is_linear=0
shrinkage=0.01


Tree=14
num_leaves=31
num_cat=0
split_feature=37 37 37 44 0 26 13 44 13 1 6 46 46 3 44 46 30 44 46 7 44 28 34 37 6 26 26 27 46 17
split_gain=269.339 63.8982 27.8349 18.5005 13.0405 9.68056 9.13803 8.80945 9.56541 6.95767 6.39475 6.84274 8.3315 10.6975 12.3841 8.19018 6.24234 5.83611 5.74412 6.2381 7.83029 7.20862 6.29972 5.48198 5.92447 5.28581 5.13683 5.11056 5.04739 4.87631
threshold=0.75904105166395808 0.32407000768948008 0.9605884686436067 -2.8018245202483523 3.4126900434494023 1.0025375485420229 0.182268001139164 1.1084365797966418 0.10810850188136102 -0.05223449878394603 0.073612999171018614 3.060747415403664e-07 1.2473838732702133e-07 38.90239334106446 -0.076258601977240034 4.2656842427058049e-08 0.023001638241112236 -0.36623733278069942 4.7184788930171376e-08 31.139095306396488 -1.2412216276174604 -0.1243959106504917 0.69616511464118969 0.049732954781863063 0.21215049922466281 1.0005990862846377 1.0008167624473574 0.020653685554862026 1.9045281947518241e-07 1.0000000180025095e-35
decision_type=2 2 2 2 2 2 2 2 2 2 2 2 2 2 2 2 2 2 2 2 2 2 2 2 2 2 2 2 2 2
left_child=1 5 9 -3 10 6 7 8 23 -2 11 12 13 -5 17 -16 28 18 -15 20 22 -22 -20 -1 25 -25 -6 -17 -14 -11
right_child=2 3 -4 4 26 -7 -8 -9 -10 29 -12 -13 16 14 15 27 -18 -19 19 -21 21 -23 -24 24 -26 -27 -28 -29 -30 -31
leaf_value=-0.018471645017606196 0.007448793093552856 0.01084251032407528 0.012103047942775343 -0.01419285244626565 -0.014587559377369261 0.00095546577128726036 -0.016413544303237392 -0.016031328560917341 0.0051279606743847477 0.0051702202994875161 0.0021373803685320078 -0.014336354564257929 0.0022599787907111608 -0.012607349010533212 -0.0066416065729988198 0.0089532530978947387 -0.0053838607692601945 -0.013789279780695326 -0.0029923344213592137 0.0066067311200056567 0.0087179181949391255 -0.0047415341045036127 -0.016237020105381982 -0.005090760097607977 -0.018853860803416087 -0.014594022929960098 -0.0035335650140431371 -0.0016369894043165762 0.014858321460934441 0.00021781886312899812
leaf_weight=6.2077255696058264 69.627023845911026 9.6621783375740034 91.785203456878662 9.2665517926216108 13.043388903141024 5.3884319216012946 41.259192764759064 20.907046526670456 4.7018702775239936 48.346074119210243 26.689371660351753 5.2735924869775763 9.9983405619859713 6.9608270674943844 7.1218193918466595 14.474683165550234 6.161708176136016 7.6769247353076997 7.4055792838334984 5.9001776725053778 6.1735729426145527 10.767828404903423 7.4146637916564941 32.212428793311119 4.7474724352359763 7.3560110181570044 6.6936334818601599 6.3769809752702704 4.7729439884424201 34.474291935563087
leaf_count=26 318 43 428 40 56 23 173 88 20 219 118 23 44 30 31 64 27 33 32 26 27 47 32 136 20 31 29 28 21 155
internal_value=-1.5929e-05 -0.00645392 0.00774551 -0.00250732 -0.00331506 -0.0119626 -0.0125644 -0.0104465 -0.00828898 0.00510917 -0.00224651 -0.00326697 -0.00271702 -0.0040489 -0.00284926 0.00249073 0.00292463 -0.00572386 -0.00428618 -0.00269243 -0.00446658 0.000126886 -0.00975017 -0.00956501 -0.00825609 -0.00691502 -0.0109258 0.0056744 0.00647058 0.00312357
internal_weight=538.848 294.615 244.233 171.835 162.173 122.78 117.392 76.1326 55.2255 152.447 142.436 115.746 110.473 89.5396 80.2731 27.9735 20.933 52.2996 44.6226 37.6618 31.7616 16.9414 14.8202 50.5236 44.3159 39.5684 19.737 20.8517 14.7713 82.8204
internal_count=2388 1268 1120 751 708 517 494 321 233 692 623 505 482 390 350 123 92 227 194 164 138 74 64 213 187 167 85 92 65 374
is_linear=0
shrinkage=0.01


Tree=15
num_leaves=31
num_cat=0
split_feature=37 37 37 44 37 26 44 44 30 38 33 13 38 20 22 1 25 3 37 41 28 16 1 38 33 33 44 39 44 38
split_gain=280.406 46.4277 45.2484 13.4365 9.33355 8.99025 8.82114 8.32695 8.19826 7.20054 11.3276 11.1379 8.57966 7.16623 7.03777 7.03689 7.2266 7.03679 6.84579 6.84157 6.83588 6.80804 6.80604 10.5578 6.67194 6.50582 6.47121 5.76795 9.72 5.69446
threshold=0.67716933005920199 0.85588966133151145 0.32407000768948008 -2.8018245202483523 0.9605884686436067 1.0021684765815737 1.0000000180025095e-35 0.6845066369317313 -0.020051084458827969 -1.0655159458811039 0.22970361262559894 0.21479249745607379 -2.8030649757936845 0.071775499731302275 -0.37281650304794306 0.11490450054407121 0.0017929511959664526 41.413154602050788 0.8029854362321166 0.70601579546928417 -0.58552372455596913 -0.60785751044750203 0.10875800251960756 -1.7081786047893588 0.07267335802316667 0.26889935135841375 2.2038147186390806 0.2070707070707071 1.2541729630841878 -0.95217788863302655
decision_type=2 2 2 2 2 2 2 2 2 2 2 2 2 2 2 2 2 2 2 2 2 2 2 2 2 2 2 2 2 2
left_child=2 5 9 -4 -3 8 15 13 18 11 19 12 -1 21 26 16 25 -7 -2 -11 -10 -8 23 -14 -24 -5 27 -9 -29 -12
right_child=1 4 3 6 -6 17 7 14 20 10 29 -13 22 -15 -16 -17 -18 -19 -20 -21 -22 -23 24 -25 -26 -27 -28 28 -30 -31
leaf_value=-0.0012552889034645328 -0.0096912560007470887 0.0073929082127616409 0.010261108418048916 0.00080449109860943253 0.011939590396518025 0.00023191967706588383 0.0036888941514835911 0.0060136188870429539 0.010175106909751118 0.0092128817584590395 -0.0042938376783872934 -0.018998481263441717 -0.015548292295701352 0.0078034261645093988 -0.015998644967803916 -0.0091665358890533344 0.0069520675531502497 -0.016874953046710047 0.0040832546557179371 -0.006019816439000192 0.0020951042514398823 -0.012200162970823164 -0.0034643339609345702 0.0005765534657535161 -0.015479860723076612 -0.012734340784430476 -0.011456579676927354 -0.011818565991400224 0.0026167568438758312 -0.018342125164359898
leaf_weight=7.9993487298488608 9.5120911002159101 94.172271087765694 6.509791448712348 6.8700271248817462 91.788700416684151 4.7318390607833845 6.1231603622436523 8.6578563153743762 12.702857732772825 4.6885182708501834 4.7575369179248801 25.432752221822739 7.1268130540847805 13.412692651152609 4.6352059841155997 44.235808551311493 6.1342958062887183 4.5575163662433624 5.5817701965570441 7.5661614686250687 61.38670726120472 4.594314783811571 5.4705666899681082 8.993122532963751 44.908333092927933 6.9443928152322769 6.922969549894332 8.2931946367025393 10.250690355896948 8.5578399151563627
leaf_count=34 42 432 29 30 430 21 27 38 57 20 20 106 30 59 20 190 27 20 25 32 274 20 23 38 188 30 30 36 45 36
internal_value=-0.00014391 0.00670825 -0.00767001 -0.00360452 0.0096477 0.00114295 -0.00433021 -0.00164358 0.0021296 -0.0119831 -0.00711699 -0.0132098 -0.0111975 0.00293562 -0.00452034 -0.00694044 -0.00193315 -0.00814484 -0.00453822 -8.35985e-05 0.00350577 -0.00307972 -0.0123747 -0.00654269 -0.0142044 -0.0059721 -0.00288982 -0.000638929 -0.00381413 -0.0134667
internal_weight=543.519 284.434 259.085 133.584 185.961 98.4728 127.075 62.8901 89.1834 125.501 25.5701 99.9309 74.4982 24.1302 38.7599 64.1845 19.9487 9.28936 15.0939 12.2547 74.0896 10.7175 66.4988 16.1199 50.3789 13.8144 34.1247 27.2017 18.5439 13.3154
internal_count=2409 1301 1108 581 862 439 552 275 398 527 108 419 313 106 169 277 87 41 67 52 331 47 279 68 211 60 149 119 81 56
is_linear=0
shrinkage=0.01


Tree=16
num_leaves=31
num_cat=0
split_feature=37 37 37 14 37 46 37 1 44 3 27 0 0 29 22 7 41 23 37 46 46 30 37 37 28 2 46 33 7 28
split_gain=261.429 53.6169 43.5717 10.3037 8.5677 10.5628 8.49552 6.68854 6.59155 11.1934 8.73792 6.30955 9.49012 9.08782 9.0438 5.79907 5.79089 8.67719 5.43679 5.30868 4.96014 4.91381 7.22124 5.72847 6.1137 4.86957 4.71928 4.544 4.43602 5.04658
threshold=0.65061814566983367 0.85588966133151145 0.2375684916372196 -0.0059345001354813567 0.46720719433613367 9.3940131562961911e-08 0.9605884686436067 -0.30239449441432947 -1.0000000180025095e-35 37.249834060668952 0.019720087759196762 0.59896200895309459 1.2744385004043581 0.25349999964237219 1.3384035229682925 25.576539993286136 0.73112145066261303 -3.0434554815292354 0.79696439844135514 3.060747415403664e-07 9.5226409737591205e-08 -0.015408577397465704 0.75904105166395808 0.70981885623007324 -0.026298373937606808 2599.3066406250005 1.1244319809762556e-07 0.34884758293628698 54.460174560546882 0.81527757644653331
decision_type=2 2 2 2 2 2 2 2 2 2 2 2 2 2 2 2 2 2 2 2 2 2 2 2 2 2 2 2 2 2
left_child=2 3 11 19 -4 8 16 -5 10 -10 -6 -1 -13 27 20 -7 28 -18 21 25 -15 -9 23 24 -23 -2 -17 -14 29 -3
right_child=1 6 4 7 5 15 -8 18 9 -11 -12 12 13 14 -16 26 17 -19 -20 -21 -22 22 -24 -25 -26 -27 -28 -29 -30 -31
leaf_value=-0.016662521198793662 -0.0014664517059660553 0.0098149210093500337 -0.0066450276439638037 0.0059662205623002285 0.0018419475458302144 0.011395545862563403 0.011790424611611212 -0.011407376594935379 -0.014061561437976542 0.0038590390000296684 -0.012890098225597928 0.0019141986889984833 -0.011929864515835055 0.0051835219639390483 -0.013625798681268292 0.0075363413561017611 0.0089073191693523918 -0.0092736846573209172 -0.010974600383293009 -0.0061162305150904827 -0.0073340861327215517 0.010272282485657754 0.010521707533646124 -0.0094883876421123954 -0.0059172335153505756 0.0054454639902611606 -0.002295276106821292 -0.020726349290464588 0.0019704602674792964 -0.0010560859340616247
leaf_weight=34.75065752863884 12.556743681430815 68.179538607597351 84.233207404613495 6.7179172039031974 5.2347486615180996 5.8421828001737621 88.398593097925186 4.7704566270113018 4.6188678294420269 13.163107872009276 15.577694103121756 4.9670400023460379 12.910202473402025 5.4731722772121447 13.848664760589598 6.5901925265789059 5.455673485994339 4.8706010431051237 10.188673973083494 5.4825614690780631 7.1140918880701065 4.4911614954471624 4.7207080125808707 7.9582819044589987 4.5838404595851916 48.892805531620979 17.869649812579155 13.49920232594013 10.25886996090412 4.3597165644168845
leaf_count=145 56 314 360 30 23 26 416 21 20 58 67 21 54 23 58 29 25 22 45 24 30 20 21 35 20 219 78 56 47 20
internal_value=-0.00019047 0.00620469 -0.0077915 0.00069703 -0.00450266 -0.00186305 0.00954552 -0.00308028 -0.00533494 -0.000792519 -0.00914578 -0.0132108 -0.0110936 -0.0123364 -0.00806762 0.00252906 0.00739346 0.000229264 -0.00477452 0.00316391 -0.00181443 -0.00232308 -0.000242138 -0.00332766 0.0020105 0.00401673 0.000332831 -0.0165251 0.00827353 0.00914724
internal_weight=537.579 291.886 245.693 110.363 153.13 68.8964 181.523 43.431 38.5944 17.782 20.8124 92.563 57.8124 52.8453 26.4359 30.302 93.1244 10.3263 36.7131 66.9321 12.5873 26.5244 21.754 17.0333 9.075 61.4495 24.4598 26.4094 82.7981 72.5393
internal_count=2383 1335 1048 491 661 301 844 192 168 78 90 387 242 221 111 133 428 47 162 299 53 117 96 75 40 275 107 110 381 334
is_linear=0
shrinkage=0.01


Tree=17
num_leaves=31
num_cat=0
split_feature=37 37 37 37 10 33 9 44 18 41 41 0 41 10 33 1 13 44 8 29 44 37 23 26 3 28 29 41 9 28
split_gain=285.082 63.3893 21.8286 16.0698 11.8057 11.6458 8.77035 8.09023 11.1135 12.9707 9.0463 7.07429 6.95345 7.7136 6.89465 7.23921 6.74554 5.69982 5.89309 5.36527 4.89317 4.83313 4.83226 5.15219 6.57396 4.8722 4.8001 4.7537 4.74042 4.64254
threshold=0.75904105166395808 0.2375684916372196 0.90160011258851724 0.46720719433613367 -13.37386894226074 0.024383860640227798 0.3291774988174439 -3.0309317354864791 0.61002299189567577 0.68278983235359203 0.69491010904312145 -0.083535503596067415 0.72963505983352672 -0.14175799861550328 0.74999144673347484 -0.36555400490760798 -0.5911470055580138 -1.801589864710168 -2.3110140562057491 0.45749999582767492 -0.74884378778620009 0.97718315352418672 -4.7838590145111075 0.9999816119670869 36.766637802124031 0.49213473498821264 0.10050000250339509 0.7225504219532014 0.36458700895309454 -0.46101845800876612
decision_type=2 2 2 2 2 2 2 2 2 2 2 2 2 2 2 2 2 2 2 2 2 2 2 2 2 2 2 2 2 2
left_child=1 17 5 22 -5 -2 11 -6 10 20 14 -7 13 19 15 -9 -8 -1 -19 28 -10 26 23 24 -3 -25 -4 -24 -12 -17
right_child=2 3 21 4 7 6 16 8 9 -11 12 -13 -14 -15 -16 29 -18 18 -20 -21 -22 -23 27 25 -26 -27 -28 -29 -30 -31
leaf_value=-0.005812403380200312 -0.010117027770028942 -0.014891529824404757 -0.0014191617180695556 0.0079352218789683487 0.010297402062482508 0.0075613533758906865 -0.0038592707267757044 -0.0061740468184920631 -0.0076496501589664277 -0.0025697291626720258 -0.015995079099035581 -0.004550691966864198 0.0041796842738857235 0.0032212908749464381 -0.0059781281572274161 -0.00075230155120778756 0.0079163139491222924 -0.0097408963040249586 -0.015819765112181781 0 -0.021058218036613313 0.012310761276160121 -0.010022878727551145 0.0074489713271355907 0.00050270060122331757 -0.0042131066305752607 0.0091573546873576356 -0.002169361304642208 -0.0042475252349019029 0.0089852323460213775
leaf_weight=9.7817385643720609 5.4272471368312827 6.3589113950729388 4.3055431544780722 12.760825768113135 4.8359569758176795 7.0567852258682278 5.1720270961523047 5.0114088058471671 5.0713768303394318 19.751102447509766 11.007927611470228 14.612766951322554 7.2675730735063544 5.891061723232272 7.3431974202394477 6.1325444132089642 53.467830196022987 23.891578480601311 61.317286789417267 4.5542092323303214 7.222099766135214 65.027981489896774 43.93369472026825 6.0727335363626471 4.6375408172607422 8.3831341266632062 91.436244368553162 9.8345221132040006 5.4871679693460456 20.819374099373821
leaf_count=41 24 27 20 57 22 32 23 22 22 86 48 65 32 26 32 27 243 100 255 20 31 308 187 26 20 36 426 42 24 92
internal_value=2.72025e-05 -0.00656177 0.00797915 -0.00338888 -0.00111728 0.00387895 0.00484863 -0.00217896 -0.00276921 -0.00767661 -0.000608987 -0.0005438 -0.0043737 -0.00672501 0.0026448 0.00466947 0.00685588 -0.0133004 -0.0141405 -0.00955803 -0.0157139 0.0101557 -0.00690184 -0.00323107 -0.00836317 0.000634807 0.00867031 -0.00861168 -0.0121966 0.00673803
internal_weight=543.873 297.367 246.506 202.376 123.156 85.7367 80.3094 110.395 105.559 32.0446 73.5145 21.6696 34.2079 26.9404 39.3065 31.9633 58.6399 94.9906 85.2089 21.0493 12.2935 160.77 79.2205 25.4523 10.9965 14.4559 95.7418 53.7682 16.4951 26.9519
internal_count=2416 1275 1141 879 541 387 363 484 462 139 323 97 150 118 173 141 266 396 355 92 53 754 338 109 47 62 446 229 72 119
is_linear=0
shrinkage=0.01


Tree=18
num_leaves=31
num_cat=0
split_feature=37 37 37 37 13 46 25 20 30 39 2 27 18 30 39 8 10 34 17 13 38 2 38 1 11 27 7 18 38 3
split_gain=273.327 57.0246 26.7355 14.1118 8.94146 9.67515 8.54032 8.42104 5.60209 7.50075 6.78847 6.78305 9.28936 5.16077 5.14772 5.07567 10.7413 6.11829 4.68258 5.37642 4.88402 6.92972 4.91982 8.3661 5.82537 5.0785 7.12465 4.67911 4.67057 8.76299
threshold=0.75621612977670383 0.2375684916372196 0.90160011258851724 0.46720719433613367 -0.40952649712562555 3.2831635898235037e-07 0.00058246671687811624 3.8205720186233525 0.053267935290932662 0.79166666666666674 3557.917114257813 0.019380687735974792 0.16993050277233127 0.053267935290932662 0.5590277777777779 1.2055044770240786 -9.3951220512390119 0.69984236359596264 0.81174498796463024 -0.50479000806808461 -0.39981023934827697 3263.619506835938 -1.4321937993959413 -0.25575350224971766 1.0000000180025095e-35 0.025888551026582721 27.480632781982425 0.084101498126983656 1.2276611460874933 56.852973937988288
decision_type=2 2 2 2 2 2 2 2 2 2 2 2 2 2 2 2 2 2 2 2 2 2 2 2 2 2 2 2 2 2
left_child=1 15 4 18 -2 13 -5 8 9 10 11 -8 27 28 -14 -1 -17 -18 20 -20 22 -22 24 -24 -3 26 -25 -13 29 -6
right_child=2 3 -4 6 5 -7 7 -9 -10 -11 -12 12 14 -15 -16 16 17 -19 19 -21 21 -23 23 25 -26 -27 -28 -29 -30 -31
leaf_value=-0.014258795281363191 -0.0071278619768014983 -0.0043190788181221773 0.010403700510016045 -0.010753017211552736 0.006028715476066232 -0.00824534694427362 0.011192038011968958 -0.0091822248525165653 -0.010269463098335031 -0.0074759692506008533 0.0086343210202257832 -0.0004733910657536473 -0.0033860755416997789 -0.0048908518407163922 0.0071368146502753171 0.0027628177859551116 -0.01757079491065679 -0.0061117121053357671 -0.007586499803797676 0.0063006905207752895 -0.0057937809345700213 -0.021831758982348817 0.0075221827717286858 -0.0064502325725381473 -0.015691263525366123 -0.013152886912860597 0.0071074722204352648 0.0098174482568469789 0.012538986160187121 -0.0079542631724105559
leaf_weight=68.556912004947662 7.034404754638671 8.7165617346763611 155.36220580339432 8.5821153372526151 61.058646574616432 5.4359129965305319 5.5965051651000968 9.9476998597383481 4.5747916698455802 9.4380995333194715 12.552674129605291 6.8408531546592739 46.557570919394493 4.4431534260511389 5.0173280239105216 5.9485982358455685 10.639196231961252 9.1273400336503965 5.4086251854896545 5.5224366784095746 5.8714253008365613 5.4331013113260269 5.0878046900033906 19.472072392702113 10.208138793706894 7.7660568654537192 4.6815375834703437 11.478022143244742 9.6640334725379926 4.6915186494588843
leaf_count=285 31 37 732 37 277 24 25 43 20 41 56 30 204 20 22 25 44 38 23 24 25 23 22 83 43 33 20 51 44 21
internal_value=0.000135066 -0.00639878 0.00786832 -0.00335071 0.00358451 0.00448701 -0.0011933 -0.000442942 0.000407269 0.000928587 0.00184835 0.000696806 -0.000144066 0.00537544 -0.0023312 -0.0128041 -0.00884674 -0.0123872 -0.00666028 -0.00048644 -0.00764693 -0.0137134 -0.0063807 -0.00419585 -0.0105561 -0.00611253 -0.00376273 0.00593852 0.00599922 0.00500523
internal_weight=540.715 293.025 247.69 198.753 92.3277 85.2933 120.586 112.004 102.056 97.4811 88.043 75.4903 69.8938 79.8574 51.5749 94.272 25.7151 19.7665 78.1678 10.9311 67.2367 11.3045 55.9322 37.0075 18.9247 31.9197 24.1536 18.3189 75.4142 65.7502
internal_count=2403 1254 1149 862 417 386 529 492 449 429 388 332 307 362 226 392 107 82 333 47 286 48 238 158 80 136 103 81 342 298
is_linear=0
shrinkage=0.01


Tree=19
num_leaves=31
num_cat=0
split_feature=37 37 44 37 33 37 22 27 23 3 38 8 18 44 30 26 41 33 30 44 26 0 38 27 44 44 41 27 23 33
split_gain=251.736 71.0612 16.3192 15.3175 10.5914 9.43336 8.57454 7.12708 7.80397 6.97364 7.2745 6.96734 10.1575 10.216 8.32328 6.19099 8.53024 6.08794 5.79567 5.71462 5.61706 5.71959 5.60344 5.14089 5.12496 5.4042 7.75571 7.21679 10.5309 5.03523
threshold=0.46720719433613367 0.85588966133151145 -1.801589864710168 0.13261182571498967 0.27630662918090826 0.95952951257432106 -0.44775299727916712 0.020560076460242275 -2.1146094799041744 30.525362014770511 1.1766577304395884 6.1046984195709237 0.52592149376869213 -3.1551613232378553 -0.0057351107243448487 0.99937376379966747 0.65457817912101757 0.32239012420177465 -0.0028465747600421305 -1.5521823723640245 1.002379894256592 0.071775499731302275 0.56704018028900993 0.020221595652401451 -1.1232085349074692 -0.034078933388681336 0.7003709375858308 0.02696425095200539 -4.7838590145111075 0.27867466211318975
decision_type=2 2 2 2 2 2 2 2 2 2 2 2 2 2 2 2 2 2 2 2 2 2 2 2 2 2 2 2 2 2
left_child=2 9 4 6 -1 22 29 8 -5 -2 11 12 20 -14 -15 -16 -17 -18 -10 -7 21 -11 -3 -20 -9 26 -26 -27 -29 -4
right_child=1 5 3 7 -6 19 -8 24 18 10 -12 -13 13 14 15 16 17 -19 23 -21 -22 -23 -24 -25 25 27 -28 28 -30 -31
leaf_value=0.0051103655908938577 0.010172066009632079 0.011237024114746435 -0.0023545002157875474 0.0011237017429053195 -0.0093036359194106494 0.0021526353043419778 -0.019056034289155747 -0.020776474923951124 -0.01696700113963593 -0.00071711551699068317 0.010984630249075445 0.0084877298797444121 0.010123538204147259 -0.012253836591924458 0.0036011896400020968 -0.012901820281030547 -0.0050440426837816688 0.0051591624697963625 -0.0010573430878556978 0.011955515900373706 -0.0088176944316470558 0.0043535413230920417 0.0052876743032769296 -0.011667344768362507 -0.011979981320148589 -0.013877031508021885 0.0025967475925054414 0.0018047823379407056 -0.014634834496101168 -0.014744331394563855
leaf_weight=11.037794366478922 6.6529556661844245 21.195981130003929 6.2373434454202634 12.165359959006308 9.2564800232648832 6.7057546973228446 30.341508030891418 5.0121416747570029 6.1961200535297385 46.100171640515327 5.5361956357955924 7.9775869846343985 4.6203693002462378 12.848172917962073 10.383663564920424 10.092470511794088 20.812677547335628 7.9457081705331793 10.885863959789281 87.075572192668915 5.2636623680591574 42.353336796164513 70.022102296352386 8.0989803075790388 6.927446708083151 38.222602769732475 7.3550535589456558 8.4609169363975507 6.9517313390970221 7.4942220747470856
leaf_count=47 30 98 26 52 39 32 125 21 26 204 25 36 21 56 46 44 91 35 46 415 23 188 325 34 29 161 31 36 29 31
internal_value=-4.83231e-05 0.00466773 -0.00992331 -0.0110321 -0.0014284 0.00902199 -0.0160502 -0.0090048 -0.00537622 0.000199011 -0.000182337 -0.000561695 -0.00102295 -0.00400582 -0.00508804 -0.00317674 -0.00501855 -0.00218222 -0.00854803 0.0112683 0.00109145 0.0017017 0.00669184 -0.00567341 -0.0108393 -0.0100618 -0.00443802 -0.0115298 -0.00559223 -0.00924646
internal_weight=540.23 365.586 174.644 154.349 20.2943 184.999 44.0731 110.276 37.3463 180.587 173.934 168.398 160.42 66.7031 62.0827 49.2345 38.8509 28.7584 25.181 93.7813 93.7172 88.4535 91.2181 18.9848 72.9299 67.9178 14.2825 53.6353 15.4126 13.7316
internal_count=2402 1669 733 647 86 870 182 465 158 799 769 744 708 293 272 216 170 126 106 447 415 392 423 80 307 286 60 226 65 57
is_linear=0
shrinkage=0.01


Tree=20
num_leaves=31
num_cat=0
split_feature=37 37 37 37 9 46 30 26 17 28 9 29 37 27 18 27 6 46 39 28 29 37 18 37 27 22 9 37 16 46
split_gain=253.099 72.6635 10.1465 9.1776 9.00381 7.96234 7.16837 7.15001 8.0575 6.70795 7.53867 9.53788 6.34807 6.89647 8.00027 6.29233 7.29439 6.25002 6.16389 6.80492 5.52406 7.20613 5.0921 4.96376 6.7657 8.19751 4.80462 4.80054 4.77648 4.47576
threshold=0.85025590610701507 0.32407000768948008 0.56580402118102324 0.90160011258851724 0.33198650181293493 9.0407526451229339e-08 -0.043200047686696046 0.99903398752212536 -0.5617450177669524 0.51641523838043224 0.39948000013828283 0.39550000429153448 0.057691606747407219 0.020844638347625736 0.22004599869251254 0.020382364280521873 0.053562499582767494 5.4311123290415733e-08 0.71572871572871588 -0.026298373937606808 0.40549999475479132 0.17744447906193481 0.55990800261497509 0.80660626119733825 0.019756515510380272 -1.1259055137634275 0.3291774988174439 0.74345201265465222 1.0000000180025095e-35 6.6011954442729432e-08
decision_type=2 2 2 2 2 2 2 2 2 2 2 2 2 2 2 2 2 2 2 2 2 2 2 2 2 2 2 2 2 2
left_child=1 5 4 26 17 12 -7 28 -9 10 11 29 -1 14 -14 16 23 -3 -17 -20 -10 -22 -15 24 -4 -26 -2 -18 -8 -6
right_child=3 2 15 -5 9 6 7 8 20 -11 -12 -13 13 22 -16 18 27 -19 19 -21 21 -23 -24 -25 25 -27 -28 -29 -30 -31
leaf_value=-0.019378602060514283 -0.00094365092997636759 -0.0066671643607830663 0.0046024862940615046 0.010368415043474669 -0.0063436862623720914 0.0030053445111042948 -0.021399983153220985 0.0046048269583387532 -0.0033969030483629744 -0.013432235187160054 0.00078168479035355218 -0.00032799307403510238 -0.015341675422215095 -0.012143587803827956 -0.005339078023860298 0.0026291085851181456 -0.0033219522813716625 0.0032582827009811155 0.0016152649958046995 -0.010365280382189923 -0.019899410292676771 -0.0041777308276080647 -0.021085603522630125 -0.013955215677863612 0.0015292338435557845 -0.012520651629955437 0.00705854097086252 0.0095916982438975212 -0.0077315953343614768 -0.01697599114917114
leaf_weight=14.121300354599951 10.621274814009665 9.2721437811851519 6.7354040145874086 149.58779680728912 7.5062706321477952 5.2563096135854712 6.7322813123464567 5.2188774347305289 10.343312367796903 12.15709540247917 14.78583589196205 10.455934539437292 12.316595554351805 20.259116858243946 24.45477882027626 76.399866208434105 5.2500680983066541 19.530704170465469 10.353352785110475 8.4346108287572843 7.2482851147651655 5.2498498260974884 10.66660290956497 6.0815416127443305 6.5726998448371949 10.576700493693346 23.715376287698746 5.9711889922618866 4.81666499376297 9.8789007514715177
leaf_count=58 48 40 30 710 32 22 28 22 43 52 64 45 51 84 102 340 23 85 46 37 30 22 44 27 29 46 109 27 20 42
internal_value=-0.000184718 -0.00521717 -0.00173549 0.0092923 -0.00447673 -0.0112484 -0.00777675 -0.00923672 -0.00641183 -0.00685299 -0.00492616 -0.00798522 -0.0131281 -0.0117829 -0.0087491 -4.59564e-05 -0.00331382 1.64953e-05 0.00135954 -0.0037367 -0.00898163 -0.0134605 -0.015318 -0.00589629 -0.00375301 -0.00710025 0.00455865 0.00348551 -0.0159005 -0.0125051
internal_weight=530.571 346.646 219.962 183.924 83.5869 126.684 44.8656 39.6093 28.0603 54.784 42.6269 27.8411 81.8184 67.6971 36.7714 136.375 41.1876 28.8028 95.1878 18.788 22.8414 12.4981 30.9257 29.9663 23.8848 17.1494 34.3367 11.2213 11.5489 17.3852
internal_count=2358 1491 965 867 360 526 187 165 117 235 183 119 339 281 153 605 182 125 423 83 95 52 128 132 105 75 157 50 48 74
is_linear=0
shrinkage=0.01


Tree=21
num_leaves=31
num_cat=0
split_feature=37 37 37 44 0 18 23 44 37 1 38 13 44 29 23 44 38 44 38 1 10 29 22 44 37 28 9 1 44 7
split_gain=256.348 53.0447 18.5984 14.2305 11.9255 7.59792 7.14297 7.67184 7.0659 6.82567 6.57295 6.48221 6.1475 5.93839 5.72465 5.30177 8.36925 5.04084 4.9 5.8321 4.80485 5.34687 8.4373 6.72412 4.75765 4.94988 6.06521 4.6609 4.56793 4.53577
threshold=0.75904105166395808 0.32407000768948008 0.85588966133151145 -2.8018245202483523 4.2511276006698617 0.86405548453331005 -2.1146094799041744 -0.51494935671937536 0.9605884686436067 0.11490450054407121 -2.8030649757936845 -0.40952649712562555 -2.6667297963575969 0.4994999915361405 -2.3859670162200923 -0.10537862459406119 -0.89199870688090843 -1.2412216276174604 -1.5274733938292093 -0.1834749951958656 5.2584295272827157 0.39249999821186071 -1.2948280572891233 0.075037762550618725 0.95648319474691723 0.82698044180870067 0.33668150007724768 0.10875800251960756 -1.3936874598403406 24.728457450866703
decision_type=2 2 2 2 2 2 2 2 2 2 2 2 2 2 2 2 2 2 2 2 2 2 2 2 2 2 2 2 2 2
left_child=1 10 5 -3 6 11 14 9 24 -8 -1 -2 -12 17 20 -9 -17 -11 29 -20 21 22 -5 -24 25 26 -4 -25 -10 -14
right_child=2 3 8 4 -6 -7 7 15 28 13 12 -13 18 -15 -16 16 -18 -19 19 -21 -22 -23 23 27 -26 -27 -28 -29 -30 -31
leaf_value=-0.0033592080723449163 -0.0060441444949581149 0.0088895142104567833 0.0041943972002388089 -0.0092220070781878476 -0.013296921096650019 -0.006694150199359236 0.0034060679458568282 -0.014249418666525916 0.0042588889086959611 -0.011116386236400837 -0.00040365219138927401 0.0053924261565359123 -0.0086708298894391852 0.0036792086588467157 0.01023057838619363 -0.013781618727899918 0.0029487714997159494 -0.0017701069161470402 -0.00089274040366322692 -0.011304733914522839 0.0051814970639071515 0.0021882004845089446 -0.0052942637764107495 0.0084355848489058704 -0.0016107344901849043 -0.0019644360034308207 0.010085553847800917 -0.0024197951418217299 0.011940097112361818 -0.016245435278593217
leaf_weight=10.498548731207846 5.4916505664587012 10.018661320209501 25.958610951900482 18.735534608364098 11.09578365087509 7.6612311303615561 13.426180824637411 12.050378262996675 9.1800588220357877 14.28653843700886 4.7314435839653006 39.98954401910305 11.167499795556067 5.9765562564134589 4.4787496775388709 5.3312325179576874 6.4277421087026578 10.183890491724016 6.2209383249282828 54.525776281952858 9.9742016941308957 19.768171682953835 16.140520825982104 9.1976970136165601 5.5349816828966132 4.7496223449707022 59.745627045631409 6.625094234943389 81.459595680236816 39.796076506376266
leaf_count=44 24 45 120 81 47 34 59 51 44 61 20 181 46 26 20 23 28 44 26 226 44 87 70 41 26 22 280 29 392 164
internal_value=-4.60029e-05 -0.00619742 0.00766268 -0.00259679 -0.00331088 0.00241214 -0.00257001 -0.00499303 0.00915032 -0.00247201 -0.0111111 0.00397934 -0.0117979 -0.00509946 -0.000623461 -0.00956689 -0.00460431 -0.00729047 -0.0122708 -0.0102581 -0.00125215 -0.00218302 -0.00390806 -0.000743012 0.00721492 0.0077672 0.00831983 0.00384092 0.0111787 -0.0146254
internal_weight=540.428 300.657 239.771 173.717 163.698 53.1424 152.602 67.6825 186.628 43.8732 126.94 45.4812 116.442 30.447 84.92 23.8094 11.759 24.4704 111.71 60.7467 80.4412 70.467 50.6988 31.9633 95.9888 90.4539 85.7042 15.8228 90.6397 50.9636
internal_count=2405 1282 1123 756 711 239 664 292 884 190 526 205 482 131 372 102 51 105 462 252 352 308 221 140 448 422 400 70 436 210
is_linear=0
shrinkage=0.01


Tree=22
num_leaves=31
num_cat=0
split_feature=37 37 37 37 44 44 27 9 37 23 46 44 23 46 28 8 44 33 27 46 0 10 39 46 34 1 38 34 39 23
split_gain=236.193 50.0502 22.128 11.2266 9.99201 12.6089 10.4084 9.55501 9.80273 9.7457 9.57357 9.1866 8.81816 8.05523 6.06177 7.88739 9.37281 7.04113 6.43205 6.158 6.44857 8.06755 6.06302 5.91807 5.84204 7.74029 6.83698 8.96851 5.76559 5.62811
threshold=0.75904105166395808 0.43467481639369016 0.9605884686436067 0.1187286690518255 -0.064417433304945274 -0.43145420262934497 0.026807173155248169 0.3291774988174439 0.90160011258851724 -3.5049760341644283 3.6463632330573428e-07 -3.0309317354864791 -1.8812044858932493 2.485276912257084e-07 -0.24449184536933896 -3.3788095712661739 -0.02829525894835945 0.29408346116542822 0.02696425095200539 4.4465626853639946e-08 3.4126900434494023 -4.5518593788146964 0.35323826500297095 6.7012836458550517e-08 0.70288875699043285 0.12733300030231479 -0.085754516149248269 0.67099624872207653 0.79166666666666674 -2.1146094799041744
decision_type=2 2 2 2 2 2 2 2 2 2 2 2 2 2 2 2 2 2 2 2 2 2 2 2 2 2 2 2 2 2
left_child=1 3 7 -1 5 11 28 8 9 23 -9 -3 -7 14 19 18 17 -17 -16 -5 21 29 -23 -2 25 -13 -27 -28 -6 -21
right_child=2 4 -4 13 6 12 -8 10 -10 -11 -12 24 -14 -15 15 16 -18 -19 -20 20 -22 22 -24 -25 -26 26 27 -29 -30 -31
leaf_value=-0.013553723851159103 -0.0049822766340131301 0.010568229960261568 0.011502225266465776 -0.022521955268873465 0.0056702258800028849 -0.0027710376482705658 -0.0045933875285175743 0.0074724213345003275 0.0070539593992419419 -0.010777735247258904 -0.0056136441593602265 0.0061338456830180082 -0.0208078866309424 0.00041929796919636033 -0.0049686920140708905 -0.00033865614716181318 -0.013645926103629203 -0.009828895913740008 0.0095024482384186391 -0.0070999747965062509 -0.020307553883502413 -0.0074662718114684281 0.0057500085740108311 0.007628710618482068 -0.0075402294763606079 -0.014001258845835177 -0.007643324378706266 0.0093998801383937767 -0.0033932130116192008 -0.021125552541292378
leaf_weight=47.262069046497345 6.4341802150011089 5.2433313578367224 92.066104784607887 4.7758079171180716 39.719942957162857 4.8259970992803574 19.252397477626801 105.38175073266029 16.426589712500572 9.4991083890199643 5.7451021969318381 11.071638688445093 6.6434495449066144 10.83574742078781 8.3291220515966398 16.634518951177597 20.63714894652367 15.053484842181204 4.7261226028203955 6.2260495573282242 5.3014192432165137 10.743682891130449 4.9382163137197486 8.4159096628427488 18.885444343090057 5.2021533697843578 7.183463975787161 5.2517351508140564 8.304210811853407 5.9980514645576459
leaf_count=194 29 24 445 20 176 21 84 489 77 42 26 49 28 46 35 70 86 63 20 26 22 45 21 38 82 22 31 23 36 25
internal_value=0.000356533 -0.00569185 0.00762506 -0.00942174 -0.00110378 -0.00392391 0.00157885 0.00526256 0.00108944 -0.00290588 0.00678246 -0.00182783 -0.0133945 -0.00769258 -0.00855221 -0.0066525 -0.00838504 -0.00489522 0.000226394 -0.0117699 -0.0101305 -0.00809582 -0.00323105 0.00210101 -0.00323372 -0.000349749 -0.00448776 -0.000348156 0.00407843 -0.0141787
internal_weight=537.014 293.045 243.969 161.461 131.584 64.3072 67.2766 151.903 40.7758 24.3492 111.127 52.8378 11.4694 114.199 103.364 65.3804 52.3252 31.688 13.0552 37.9832 33.2074 27.906 15.6819 14.8501 47.5944 28.709 17.6374 12.4352 48.0242 12.2241
internal_count=2395 1249 1146 673 576 280 296 701 186 109 515 231 49 479 433 274 219 133 55 159 139 117 66 67 207 125 76 54 212 51
is_linear=0
shrinkage=0.01


Tree=23
num_leaves=31
num_cat=0
split_feature=37 37 37 44 0 9 3 37 25 29 29 44 1 1 30 9 29 44 44 6 2 37 37 2 37 34 18 39 2 4
split_gain=243.264 49.9551 23.6073 12.9135 13.7822 9.38 8.56696 8.10943 7.98951 7.40401 10.7643 8.26788 7.40118 6.09252 5.98185 8.73207 7.15401 6.52852 5.92508 5.89408 6.14505 6.23478 5.58343 8.38302 5.5012 5.41293 5.08229 6.08178 6.62388 5.02722
threshold=0.75621612977670383 0.32407000768948008 0.85588966133151145 -3.0309317354864791 5.39595651626587 0.33668150007724768 55.181695938110359 0.1187286690518255 0.00058246671687811624 0.17650000005960467 0.14950000494718554 -1.0000000180025095e-35 0.70726749300956737 0.29185500741004949 0.010504854377359154 0.30865299701690679 0.35649999976158148 0.71039880672191547 -1.9425331284228891 0.060706499963998801 3098.0195312500005 0.2375684916372196 0.80660626119733825 2599.3066406250005 0.46720719433613367 0.71925178170204174 0.1359445005655289 0.76845376845376856 3492.044799804688 -342.90599060058588
decision_type=2 2 2 2 2 2 2 2 2 2 2 2 2 2 2 2 2 2 2 2 2 2 2 2 2 2 2 2 2 2
left_child=1 7 12 -3 8 6 -4 13 -5 10 11 -10 22 -1 24 -16 17 -17 -7 -9 -21 -22 -2 -24 25 29 -26 28 -28 -11
right_child=2 3 5 4 -6 18 -8 19 9 14 -12 -13 -14 -15 15 16 -18 -19 -20 20 21 -23 23 -25 26 -27 27 -29 -30 -31
leaf_value=-0.018505093209352001 0.0062662688866990382 0.012495046265697883 0.006731586116990919 -0.010210408351351546 -0.015119618455098618 0.0020727013776793367 -0.0069307902893955657 -0.006424743873246189 -0.010496912397882554 0.0012184572735149698 0.010190232504083246 0.0058811440315343433 -0.010185913174552606 -0.011064446021861594 -0.018648103657082183 -0.013757227069464773 -3.0642450147771206e-05 -0.00057990477029070417 0.010998988142448617 -0.019977429244193236 -0.013838264759499111 -0.0028483881403075389 -0.01227915768754202 0.0022763176637275681 0.0096537965167138706 -0.013038309457903905 -0.0011895784544532953 -0.010284538001390731 0.0080260528167636087 -0.0099422564058302305
leaf_weight=19.08693040907383 25.457494184374809 5.4491348117589942 41.926051169633865 11.719076827168463 8.7926306873559934 8.2345446646213514 5.0000512450933448 47.354253053665161 6.7442580014467239 13.034562155604366 11.820516049861906 5.4426108896732348 4.5845732092857352 30.946454212069511 4.5891195684671393 10.309953317046167 20.418763846158981 6.154831498861312 131.11813518404961 7.7530332207679775 12.854428619146349 9.1252553164958936 4.6730392128229168 22.974799335002899 5.6555215418338767 6.0998338162899008 32.883223593235016 5.3065269887447348 10.077538251876829 5.6618197262287149
leaf_count=78 115 25 198 50 37 39 23 197 29 56 52 24 20 127 20 44 89 27 629 32 53 38 21 104 25 26 144 23 45 24
internal_value=3.76507e-05 -0.0060329 0.00743826 -0.00247967 -0.00298842 0.00917002 0.00524293 -0.0107756 -0.00228865 -0.00163129 0.00341083 -0.00311281 0.00182299 -0.0139541 -0.00264873 -0.00572278 -0.00404147 -0.00892492 0.0104806 -0.00868422 -0.0122157 -0.00935448 0.0028957 -0.000183197 -0.00101129 -0.00490504 0.000766497 -0.000271967 0.000962578 -0.00214305
internal_weight=541.249 297.28 243.969 170.16 164.711 186.279 46.9261 127.12 155.918 144.199 24.0074 12.1869 57.6899 50.0334 120.192 41.4727 36.8835 16.4648 139.353 77.087 29.7327 21.9797 53.1053 27.6478 78.719 24.7962 53.9228 48.2673 42.9608 18.6964
internal_count=2414 1265 1149 740 715 889 221 525 678 628 105 53 260 205 523 180 160 71 668 320 123 91 240 125 343 106 237 212 189 80
is_linear=0
shrinkage=0.01


Tree=24
num_leaves=31
num_cat=0
split_feature=37 37 37 23 39 44 37 46 26 37 10 10 27 46 22 13 29 46 13 44 44 44 44 27 27 4 25 39 33 13
split_gain=234.468 37.5241 29.3677 8.48906 9.02041 8.81709 8.17736 7.4424 7.41119 7.33237 7.28592 6.95368 6.52151 6.26292 7.58192 6.1055 7.016 7.09402 5.78111 8.59365 5.48701 5.47135 5.2834 5.0312 6.64366 11.6293 4.95957 5.83203 4.89756 4.77164
threshold=0.62936454503493133 0.90160011258851724 0.3149972589403765 -2.1146094799041744 0.92012227538543334 -2.8018245202483523 0.1187286690518255 9.7178309989103396e-08 0.99908214807510387 0.9605884686436067 -13.37386894226074 -12.018223285675047 0.026691175065934662 2.8353762206834398e-07 -2.9368635416030879 -0.032884499058127396 0.33650000393390661 8.6471082586790055e-08 0.182268001139164 -0.58913934644430144 -1.5521823723640245 -0.16895630690911143 0.76512320721089566 0.025617944076657299 0.020844638347625736 -1754.111877441406 0.00086779249249957513 0.082903780068728533 0.33934843540191656 -0.084959000349044786
decision_type=2 2 2 2 2 2 2 2 2 2 2 2 2 2 2 2 2 2 2 2 2 2 2 2 2 2 2 2 2 2
left_child=2 10 6 4 7 -5 18 12 29 -3 -2 -12 26 15 -15 16 17 -13 19 -1 -11 -21 -9 24 25 -17 -4 -28 -23 -7
right_child=1 9 3 5 -6 8 -8 22 -10 20 11 13 -14 14 -16 23 -18 -19 -20 21 -22 28 -24 -25 -26 -27 27 -29 -30 -31
leaf_value=-0.0011748721536813532 0.0076410263119819294 0.0067641845913785159 -0.0061423587322830047 0.0056535271861612325 -0.012408376709406584 -0.0067846457625745293 -0.0084822006834055236 0.01469037079717582 -0.0094566617745570486 0.0025560308810512809 -0.0076401707985358823 -0.0015565380966307619 -0.0095497843951031728 0.0046573173494032808 -0.011501193803203684 -0.010364180469755005 -0.0060275875054551925 0.011492587888801765 -0.018434236765403712 -0.021434383756441463 0.011984587668237503 -0.0044526421716642841 0.0022073278869476783 0.00029992078692686375 0.011470405193589904 0.0058136570514958274 0.0083918419208496003 -0.003194891882432634 -0.015249643035139582 0.0071891230108357997
leaf_weight=7.0401806086301795 22.551195025444031 63.663716003298759 7.659703046083453 5.3900149315595618 5.8760291039943686 4.7093270570039749 73.586966127157211 4.9428993463516262 41.223263442516327 7.0259161740541449 7.7308667302131644 10.722201362252241 8.5884354561567289 4.7744825184345245 6.9130994826555234 4.9778013229370108 14.341949030756949 6.5863345861434928 18.181424587965012 7.1038061976432827 83.810767441987991 7.7804014682769802 11.261113628745077 22.451860383152962 15.725924238562582 34.036053940653801 10.064642384648325 7.3568445891141883 10.28868046402931 4.8571020215749723
leaf_count=29 103 302 33 24 25 20 305 22 175 34 34 48 37 21 30 22 63 30 74 29 409 32 49 101 72 154 44 32 42 21
internal_value=0.000174189 0.00596087 -0.00730996 -0.00357841 -0.000790557 -0.00632083 -0.0106651 0.000580315 -0.00761986 0.00942533 0.00240115 0.00146683 -0.00207759 0.0020651 -0.00483195 0.00281865 -0.000852018 0.00338903 -0.0138097 -0.0111197 0.0112699 -0.0138457 0.00614326 0.00433581 0.00596935 0.00370273 0.000469135 0.00345155 -0.0107057 0.000207692
internal_weight=541.223 305.312 235.911 111.929 55.7497 56.1797 123.981 49.8736 50.7897 154.5 150.812 128.261 33.6696 120.53 11.6876 108.842 31.6505 17.3085 50.3945 32.2131 90.8367 25.1729 16.204 77.1916 54.7398 39.0139 25.0812 17.4215 18.0691 9.56643
internal_count=2416 1423 993 482 242 240 511 217 216 745 678 575 146 541 51 490 141 78 206 132 443 103 71 349 248 176 109 76 74 41
is_linear=0
shrinkage=0.01


Tree=25
num_leaves=31
num_cat=0
split_feature=37 37 37 44 33 44 44 27 13 8 0 39 26 8 28 28 13 44 8 8 26 23 39 44 29 13 27 10 21 33
split_gain=212.846 48.5157 23.5797 12.8891 8.47745 7.97952 10.1734 9.18211 7.79358 7.77013 7.73312 7.40524 7.4456 6.93025 6.83417 8.3492 6.78993 6.66781 6.46528 6.38016 6.30498 6.21824 6.18204 7.08648 5.4626 7.49106 6.63702 5.69173 5.42766 5.25672
threshold=0.75904105166395808 0.32407000768948008 0.90160011258851724 -3.0309317354864791 0.024383860640227798 -0.034078933388681336 -0.41229946448904514 0.026653586886823181 0.182268001139164 -0.18540800362825391 -0.73244249820709217 0.045454545454545463 1.0003445744514468 0.041185500100255019 0.14413080364465716 0.53670424222946178 0.13647849857807162 1.1084365797966418 -2.9440950155258174 6.9072718620300302 0.99919214844703685 -2.960344552993774 0.71572871572871588 1.2658425545018326 0.83500000834465038 0.0059345001354813584 0.020237275399267677 -5.5320188999176017 0.22654999792575839 0.37606890499591833
decision_type=2 2 2 2 2 2 2 2 2 2 2 2 2 2 2 2 2 2 2 2 2 2 2 2 2 2 2 2 2 2
left_child=1 8 4 -3 -2 6 13 22 16 -8 -6 12 -10 -5 20 -16 17 21 -19 -4 -9 -1 28 -24 25 26 -12 -27 -7 -28
right_child=2 3 19 5 10 7 9 14 11 -11 24 -13 -14 -15 15 -17 -18 18 -20 -21 -22 -23 23 -25 -26 27 29 -29 -30 -31
leaf_value=-0.0021844622371608707 -0.0080874047229147032 0.012449287359351323 0.0098490462827079649 0.0022770195396290428 0.0084830816333942693 0.0016369532432380521 -0.018059008844066162 -0.003039745231472153 -0.014248938853909654 -0.0044442780919150097 0.0050707816169922983 -0.017273866229002684 0.00077713427985656421 -0.0050559553671885695 0.0087455063784018169 -0.0071195520399280803 0.0023560867124330434 -0.0090890255334608074 -0.020136310066385391 -0.0025109331156448057 -0.015530128934206185 -0.0096814213661484076 -0.010880999830441064 0.0033640385291226916 -0.0086289672035275711 0 -0.012236466796635622 0.0085645411200990697 0.010094526910773059 0.0013325427164213467
leaf_weight=16.163611173629761 6.328482210636138 5.6177441477775565 143.15023984014988 17.11527855694294 24.652611389756203 29.787367478013039 9.2270704507827777 8.4978913664817863 7.5390508919954282 8.2014075666666013 7.2670988440513637 26.658798217773438 5.5731316059827805 49.640621542930603 6.1736800372600538 6.9272864311933517 5.0167260766029349 12.872798278927805 10.025902882218359 4.1325160562992087 8.1649233400821668 38.342897728085518 6.9986953884363157 6.6546944677829742 4.5189306735992423 11.976392194628714 7.201121121644972 21.644080132246017 10.300885707139967 4.4566095173358917
leaf_count=67 28 26 693 74 114 131 39 37 31 35 33 109 23 214 27 30 21 53 41 20 35 158 30 29 20 54 32 100 46 20
internal_value=-4.77796e-05 -0.00569966 0.00704442 -0.00228764 0.00292931 -0.00279442 -0.00496674 -0.00058916 -0.010525 -0.0117712 0.00380355 -0.0142125 -0.00782911 -0.00316033 -0.00504475 0.000290538 -0.00871843 -0.0094512 -0.0140359 0.00949399 -0.00927593 -0.00748462 0.0018647 -0.00389125 0.00175313 0.00267968 -0.00230809 0.00551546 0.00385476 -0.00699693
internal_weight=530.829 295.5 235.328 173.308 88.0453 167.69 84.1844 83.5054 122.193 17.4285 81.7168 39.771 13.1122 66.7559 29.7638 13.101 82.4219 77.4052 22.8987 147.283 16.6628 54.5065 53.7416 13.6534 57.0642 52.5453 18.9248 33.6205 40.0883 11.6577
internal_count=2370 1256 1114 753 401 727 362 365 503 74 373 163 54 288 129 57 340 319 94 713 72 225 236 59 259 239 85 154 177 52
is_linear=0
shrinkage=0.01


Tree=26
num_leaves=31
num_cat=0
split_feature=37 37 37 44 44 44 22 25 9 44 27 7 25 37 28 8 25 46 8 44 44 44 10 44 28 38 13 1 44 9
split_gain=212.064 37.7755 35.1749 8.96492 8.51023 11.3905 9.96415 8.28863 7.85059 9.13325 7.32142 12.5202 6.33866 6.05219 6.14857 6.00179 8.62775 5.76579 5.28491 5.73321 6.35173 5.3433 6.0381 5.17617 4.84625 4.83016 7.89484 6.60123 8.31845 6.54737
threshold=0.67274043001872974 0.90160011258851724 0.32407000768948008 -2.9202155500791673 -0.22036614911335095 -0.43145420262934497 -1.6687070131301878 0.0029013606254011397 0.3291774988174439 -0.11060575675674583 0.025644190609455112 48.380487442016609 0.0005307241517584772 0.48303648310948094 -0.36897726356983179 -4.1900434494018546 0.0019895698642358188 2.6523232559101164e-07 -1.4354774951934812 -0.85985650046269535 -1.0852131763965438 -1.8422409774848056 -4.4671795368194571 2.2344437809952562 -0.19483100622892377 -1.0868995809218649 0.21479249745607379 0.10875800251960756 0.052965772860564843 0.36741951107978826
decision_type=2 2 2 2 2 2 2 2 2 2 2 2 2 2 2 2 2 2 2 2 2 2 2 2 2 2 2 2 2 2
left_child=2 8 25 -4 5 7 15 18 9 -2 12 -12 -10 24 -15 23 -17 -14 -5 20 21 -20 -23 -6 -8 26 27 28 -1 -27
right_child=1 -3 3 4 6 -7 13 -9 10 -11 11 -13 17 14 -16 16 -18 -19 19 -21 -22 22 -24 -25 -26 29 -28 -29 -30 -31
leaf_value=0.0064430761046002519 -0.0075908205587554333 0.0096446733642923197 0.010393962681780227 0.0016302897580448173 0.0025941382113037941 -0.017213485565885631 0.0066577725610396645 0.0043394456661512903 -0.0045046889465527006 0.0025550281796355391 -0.0094564515266919967 0.0046165141787663441 0.0075846060831269799 -0.0018051255413085597 0.010965755735066272 -0.018501657238523556 -0.0031852644079629375 -0.0020409790872825948 -0.0032702191571271095 -0.016360496308916461 0.0047490188707693462 -0.020097506059896061 -0.0051081093133651901 -0.0083872020412492192 -0.0056689785545213037 -0.0086238283200871305 -0.016430858909354432 -0.011374655841453963 -0.0084638863808047509 0.0039626855313899404
leaf_weight=5.0371980071067837 15.169204935431479 148.99644283950329 4.8483724892139426 7.0204183757305136 13.839562743902208 7.8956153243780127 4.6102791875600806 8.96362356841564 5.5528995394706717 20.907581865787506 9.9738401770591754 16.829801395535469 54.223039880394936 5.194785669445996 12.335519567131993 5.9355277419090298 10.073538675904272 6.8076657354831687 12.872924223542212 6.362261280417445 4.6449185758829108 5.6788075417280197 5.6140622198581713 6.0770928263664237 9.5933816432952899 24.15397217869759 23.339531302452087 54.165915831923485 13.292058467864988 4.8015433549880973
leaf_count=21 67 724 22 30 60 33 20 39 25 94 44 77 248 23 55 25 44 30 55 27 20 24 24 26 41 100 95 222 55 20
internal_value=0.000168291 0.00621088 -0.00639142 -0.00277006 -0.00328944 -0.00606291 -0.000848654 -0.00429219 0.00224691 -0.00169254 0.00377966 -0.000598659 0.00555543 0.00321089 0.00713584 -0.00446126 -0.00900565 0.00649298 -0.00615547 -0.00773805 -0.00574937 -0.00781973 -0.0128438 -0.000731759 -0.00157943 -0.010196 -0.0112956 -0.00960815 -0.0043002 -0.0064958
internal_weight=534.811 278.46 256.351 131.561 126.712 59.0526 67.6597 51.157 129.464 36.0768 93.3872 26.8036 66.5836 31.734 17.5303 35.9257 16.0091 61.0307 42.1934 35.173 28.8107 24.1658 11.2929 19.9167 14.2037 124.79 95.8347 72.4952 18.3293 28.9555
internal_count=2390 1309 1081 568 546 252 294 219 585 161 424 121 303 139 78 155 69 278 180 150 123 103 48 86 61 513 393 298 76 120
is_linear=0
shrinkage=0.01


Tree=27
num_leaves=31
num_cat=0
split_feature=38 9 38 44 23 38 46 33 46 25 23 1 44 38 30 29 29 33 1 33 34 1 46 7 9 44 34 8 2 34
split_gain=174.422 24.516 21.7124 13.4129 11.2906 10.3719 10.2737 9.2082 16.9647 10.8822 8.39733 9.56636 9.46924 8.2035 8.07862 7.42776 7.78111 7.23607 7.09592 6.70087 6.61142 6.24783 6.89787 6.17951 8.21783 5.99116 7.68442 10.8482 5.84055 7.93126
threshold=-0.010248791202891318 0.38267450034618383 -1.1662927185526819 0.012946062815286773 -5.5258288383483878 -3.6791016703196555 3.6463632330573428e-07 0.18200140446424487 1.5800165042470188e-07 0.002829945995472372 -2.1146094799041744 -0.28113849461078638 -2.7319157346573504 0.49563279429848922 0.051621794700622566 0.24949999898672107 0.30349999666213995 0.1336924806237221 -0.15377149730920789 0.12162960320711137 0.71314680576324474 0.64156350493431102 8.7333957668031945e-08 25.754496574401859 0.33198650181293493 0.51723356529235842 0.6202247440814973 -4.1900434494018546 3621.7995605468755 0.65803697705268871
decision_type=2 2 2 2 2 2 2 2 2 2 2 2 2 2 2 2 2 2 2 2 2 2 2 2 2 2 2 2 2 2
left_child=2 3 5 4 -2 -1 13 8 23 -9 25 -12 -13 17 18 -7 -17 -3 -5 -20 -21 22 -18 24 -6 -4 -27 -28 29 -24
right_child=1 6 10 14 7 15 -8 9 -10 -11 11 12 -14 -15 -16 16 21 -19 19 20 -22 -23 28 -25 -26 26 27 -29 -30 -31
leaf_value=0.0035052384930455418 -0.014035953820393372 -0.0043682442742589136 0.0025690935175665072 0.0091994386196347765 -0.012525173643663502 -0.012805325020075786 -0.0037493422403531047 0.0050481917167614779 0.0069577676420949589 -0.0092399443119263527 0.0060630469140751635 0.0062259161824916379 -0.008596179529286152 0.0099595953057468184 -0.0069880364351460654 0.00050794950136371091 -0.017506497131199176 0.0067943220922199767 0.01160492860810519 0.0029664005651067939 -0.0092656632193659997 -0.015781455211860945 0.0022235120434822373 -0.019896272829350355 0.0040452803366626613 -0.015554474656934368 0.0049380207034957083 -0.0067583969063014573 0.0041277398380235751 -0.012300229101489547
leaf_weight=5.4764881432056418 5.8261172175407401 7.5934712886810329 26.120522439479828 35.321826696395874 7.7587562948465401 59.431055918335915 6.9190859198570243 38.674474745988846 8.5567648410797101 6.0457029789686194 5.616324469447135 4.531809762120246 54.185491994023323 102.88468952476978 4.9817458391189566 9.6668398231267911 4.8328143209219006 22.759497657418251 6.9715189337730399 24.228629544377331 5.2852744907140723 11.156971916556357 5.5268420428037706 4.7253054529428473 4.6524762511253357 4.6635985523462287 13.416546672582625 18.938365608453751 5.8688605576753607 10.841405987739561
leaf_count=23 27 34 114 168 34 244 32 177 38 27 25 20 227 498 23 40 20 105 32 113 24 46 23 21 21 20 59 82 25 45
internal_value=-0.000210846 0.00496294 -0.00652756 0.00218431 -0.000775544 -0.0097275 0.0079859 0.00032581 -0.00441902 0.00307797 -0.00368267 -0.00622582 -0.00742657 0.00860517 0.00513317 -0.0104147 -0.00740678 0.00396375 0.00599655 0.00285181 0.000718255 -0.00943046 -0.00672762 -0.0101652 -0.00625096 -0.00106985 -0.00366446 -0.00187718 -0.00427238 -0.00735175
internal_weight=533.459 293.185 240.274 153.029 76.2396 112.801 140.157 70.4135 25.6933 44.7202 127.473 64.3336 58.7173 133.238 76.789 107.325 47.8937 30.353 71.8072 36.4854 29.5139 38.2269 27.0699 17.1365 12.4112 63.139 37.0185 32.3549 22.2371 16.3682
internal_count=2387 1374 1013 705 345 466 669 318 114 204 547 272 247 637 360 443 199 139 337 169 137 159 113 76 55 275 161 141 93 68
is_linear=0
shrinkage=0.01


Tree=28
num_leaves=31
num_cat=0
split_feature=37 37 37 26 9 9 37 13 44 20 26 8 27 22 29 20 20 44 39 20 27 3 46 29 8 9 27 39 46 27
split_gain=215.257 60.251 8.22075 7.74995 6.60466 7.17743 6.3382 6.29659 7.14891 9.47511 6.14703 5.54758 5.54129 5.36417 5.2746 8.12807 7.67766 5.27068 5.04863 4.80958 5.27338 5.37311 5.18585 6.15819 7.11071 8.42634 7.10565 5.38036 12.6736 8.06053
threshold=0.85025590610701507 0.32407000768948008 0.46720719433613367 1.0024638772010805 0.3120150119066239 0.44116349518299108 0.98366682711739506 0.21479249745607379 1.1084365797966418 0.048949500545859344 0.99914526939392101 -2.841416478157043 0.02696425095200539 -1.9028739929199217 0.3014999926090241 -1.425040006637573 1.4168825149536135 -0.86932500740233909 0.48989898989899 2.7174900770187382 0.026260502636432651 47.869728088378913 3.6463632330573428e-07 0.15550000220537188 -1.0116574764251707 0.33482100069522863 0.02743610925972462 0.66161616161616166 1.4620411084000801e-07 0.020844638347625736
decision_type=2 2 2 2 2 2 2 2 2 2 2 2 2 2 2 2 2 2 2 2 2 2 2 2 2 2 2 2 2 2
left_child=1 3 4 7 -3 10 13 8 9 -1 -6 12 -10 -2 15 -15 -17 -11 -19 22 21 -21 23 24 -4 -26 27 -25 29 -29
right_child=6 2 19 -5 5 -7 -8 -9 11 17 -12 -13 -14 14 -16 16 -18 18 -20 20 -22 -23 -24 26 25 -27 -28 28 -30 -31
leaf_value=0.0009384988573192906 0.010020454375611151 0.002911498211528979 -0.011674406812809292 0.0010648964475523397 -9.0695109915883888e-05 0.0049026164354477189 0.011934249096951349 -0.014101638455246335 -0.015926689995268316 -0.0035623929630294892 -0.010095225344346391 -0.020357092086624326 -0.0030701620649498319 -0.0069896532801293791 0.0089164762953199452 0.0069094456799865993 -0.0065141814327888724 -0.012674469676750635 -0.0024420131900223631 0.0068297578593022905 -0.0095074257369770071 -0.0055128815914860822 -0.0079819597764394443 0.0034261272026892336 -0.0069215362261430772 0.0057320938067736572 -0.0080746201111291591 -0.018197403178441259 0.0094492287202465955 -0.0014454693956665809
leaf_weight=11.337827324867247 56.233581274747849 8.5984540432691556 7.5725246369838741 5.7770842611789694 7.9646271467208853 4.6638882905244818 47.664640828967094 37.308741867542267 7.0962653011083621 13.380630210041998 30.116540044546127 8.5930588841438276 6.8159331381320953 6.0460576564073554 34.19832269847393 35.549205079674721 4.6833567768335334 31.06161430478096 6.0668053925037375 5.9410060197114971 11.256643608212469 8.3504939377307874 7.1262229532003394 87.729612812399864 10.109365016222002 10.741714239120482 6.7598814815282813 4.8908323496580142 5.7612111866474143 7.1541429311037064
leaf_count=47 272 37 33 24 34 20 237 152 29 55 127 35 28 29 164 170 22 127 25 26 48 36 31 392 44 48 30 21 26 32
internal_value=-2.61369e-06 -0.00458716 -0.00146578 -0.0100784 -0.00497814 -0.00659163 0.00874666 -0.0106162 -0.00904792 -0.00723693 -0.0080347 -0.0139265 -0.00976618 0.00762007 0.00592003 0.00366975 0.00530977 -0.00909007 -0.0110404 -0.000417699 -0.00441749 -0.000300731 0.000269236 0.000699561 -0.00343894 -0.000358873 0.0017581 0.00240443 -0.00256458 -0.00842372
internal_weight=536.55 352.175 224.737 127.438 51.3435 42.7451 184.375 121.661 84.3521 61.8469 38.0812 22.5053 13.9122 136.711 80.4769 46.2786 40.2326 50.509 37.1284 173.394 25.5481 14.2915 147.846 140.719 28.4236 20.8511 112.296 105.536 17.8062 12.045
internal_count=2401 1507 985 522 218 181 894 498 346 254 161 92 57 657 385 221 192 207 152 767 110 62 657 626 125 92 501 471 79 53
is_linear=0
shrinkage=0.01


Tree=29
num_leaves=31
num_cat=0
split_feature=20 9 13 25 23 1 23 22 29 44 27 44 20 34 46 46 46 27 39 39 27 21 34 33 34 27 1 1 44 9
split_gain=79.6456 36.707 23.3607 17.9616 15.929 18.184 15.6534 17.0914 24.9617 16.0547 11.3353 11.2264 11.1904 10.6118 9.35236 8.50124 7.85174 7.68746 12.5417 7.51206 7.56357 7.39145 7.12077 6.96816 6.4495 6.43641 6.78086 6.44216 6.32726 7.72657
threshold=0.30329549312591558 0.40329450368881231 0.23035350441932681 0.0012850618804804983 0.37639250047504907 0.32088449597358709 -2.2434965372085567 -0.63242098689079274 0.39149999618530279 -0.84224119624820359 0.026882947422564033 -2.5153126286523149 4.2511276006698617 0.54577690362930309 7.2280783679268679e-08 1.5282560707427629e-07 3.5108708163778421e-07 0.026653586886823181 0.095959595959595981 0.082903780068728533 0.019732351414859298 0.054700000211596496 0.72345885634422313 0.17080055922269824 0.7070441246032716 0.020516301505267624 0.66481450200080883 0.81803449988365184 -0.41229946448904514 0.32762148976325994
decision_type=2 2 2 2 2 2 2 2 2 2 2 2 2 2 2 2 2 2 2 2 2 2 2 2 2 2 2 2 2 2
left_child=1 2 6 19 5 -5 7 8 22 -9 16 23 28 -7 -4 -16 21 -15 -19 20 -2 -3 -1 -6 -20 27 -27 -22 29 -13
right_child=3 10 14 4 11 13 -8 9 -10 -11 -12 12 -14 17 15 -17 -18 18 24 -21 25 -23 -24 -25 -26 26 -28 -29 -30 -31
leaf_value=-0.0072641543844768775 0.0054111781865716288 0.00094796180741827762 -0.016035514373639603 -0.0093691473720497829 -0.0059083129001399302 -0.01096594589855973 0.0081195906135225482 -0.011954060850042941 0.0057577769387510049 0.0062369206669189072 -0.0044146613104465143 -0.013856194228236503 -0.014153020555296847 0.0060467557074560486 0.0012267250829891831 -0.014027338431810223 -0.0012579062840384417 0.0074072075514467969 -0.0016819538556635803 -0.013234205590511377 -0.0080961985943850592 0.010132535103584545 -0.02044660423965327 0.0076585455212742825 -0.017063484570967322 -0.0095086974321813376 0.0013959168396618024 -0.020714735700732061 -0.010868250162411363 -0.0015851803383997414
leaf_weight=25.237091481685642 5.006738454103469 9.92755278944969 9.4590440988540667 14.660382479429243 5.9498314410448065 5.0821284949779502 33.370443105697632 5.3197560161352149 16.263143315911293 44.405944555997849 6.9526793509721747 5.7727972418069831 16.078308880329132 47.69147415459156 11.524512201547624 5.1753040552139273 7.3623831719160071 9.1406508088111895 6.7098923623561841 20.96543675661087 22.289400026202205 96.457928091287613 5.0198425054550162 9.848108306527136 4.7211759388446808 9.8555356264114398 12.997251480817793 5.1422870606183997 13.352100461721419 43.665061265230179
leaf_count=109 22 45 39 61 26 22 158 23 74 205 31 24 66 217 50 22 34 41 29 89 93 467 21 45 20 42 56 21 56 189
internal_value=-3.3438e-05 0.00369655 0.000481251 -0.00401995 -0.00230827 0.000744466 0.00222823 0.000168885 -0.00417246 0.00425066 0.00783407 -0.00515457 -0.00669792 0.00278961 -0.00811241 -0.00349637 0.00859476 0.00384287 -0.00122257 -0.00809876 -0.00611306 0.00928655 -0.00954431 0.00248106 -0.00821433 -0.00728882 -0.0032842 -0.0105646 -0.00475356 -0.00306332
internal_weight=535.404 276.476 155.775 258.929 182.672 88.0057 129.616 96.2458 46.5201 49.7257 120.701 94.6662 78.8683 73.3453 26.1589 16.6998 113.748 68.2632 20.5717 76.2566 55.2912 106.385 30.2569 15.7979 11.4311 50.2845 22.8528 27.4317 62.79 49.4379
internal_count=2397 1278 701 1119 796 390 590 432 204 228 577 406 335 329 111 72 546 307 90 323 234 512 130 71 49 212 98 114 269 213
is_linear=0
shrinkage=0.01


Tree=30
num_leaves=31
num_cat=0
split_feature=37 37 37 10 37 39 28 10 28 46 46 20 39 30 44 46 29 29 27 4 44 34 34 26 27 37 28 38 30 46
split_gain=210.889 60.7624 8.07628 7.46682 7.28427 6.66441 6.57774 6.09641 5.82936 5.64255 5.48438 9.75448 6.23656 6.44093 8.08559 6.7146 8.23951 6.47507 5.08929 4.62631 7.91527 5.57808 5.53989 5.98324 4.86237 5.28924 5.08612 4.62499 5.11252 4.50812
threshold=0.84721530650643995 0.32407000768948008 0.96218455027683458 -13.37386894226074 0.1187286690518255 0.74376899696048648 -0.34904523193836207 -16.420830726623532 0.82698044180870067 7.6773624862244993e-08 1.0075760543167779e-07 3.4126900434494023 0.39696969696969703 -0.0018763057305477557 0.3091178397912186 8.2630535878805181e-08 0.18750000000000003 0.20549999922513965 0.019197205081582073 -971.15264892578114 1.2268885139730281 0.72673895955085765 0.70448890328407299 1.0011697411537173 0.026125960052013401 0.75904105166395808 0.28342761099338537 -0.87914978871617488 0.01749213878065348 7.0375729397393479e-08
decision_type=2 2 2 2 2 2 2 2 2 2 2 2 2 2 2 2 2 2 2 2 2 2 2 2 2 2 2 2 2 2
left_child=1 4 8 7 -1 10 -6 9 -2 -3 11 12 13 15 18 16 -5 -16 -15 24 21 22 23 -21 -12 26 -26 -20 -29 -7
right_child=2 3 -4 5 6 29 -8 -9 -10 -11 19 -13 -14 14 17 -17 -18 -19 27 20 -22 -23 -24 -25 25 -27 -28 28 -30 -31
leaf_value=-0.013062475726511267 0.0074200884517437674 0.0071039843567372116 0.01108873301660598 -0.012918825394349692 -0.012565106978283065 -0.015082889724778243 -0.0060848347882753772 0.0093142175446422858 -0.002817667292403452 -0.006411394111541395 0.0098394977083114694 -0.015866731145889351 0.0054479083185005536 0.0053329998571992766 0.011999079085909747 -0.016179773246154636 0.0036568055328410538 -0.0012740597080316215 -0.01254352248587213 0.0057625404877096765 -0.011124804150801812 0.0097120001122601614 -0.008745851290724839 -0.0075287495086858551 -0.0063507985299173552 0.010257340398918938 0.0049728299941402708 -0.0016312457759721788 -0.011477356273049867 -0.0044946341634447603
leaf_weight=48.830824866890907 91.976267516613007 5.1506012827157992 84.831505417823792 5.1204878389835375 22.94704358279705 4.9888488352298763 54.41591802239418 11.177079409360884 5.7223179936408988 7.3545061647891998 9.4892661124467867 5.1927307099103919 10.199142813682554 6.2525999397039405 7.1348537057638151 6.4722615331411353 6.8337277472019196 7.1893608868122101 5.7441847622394482 11.569322749972352 6.652966082096099 5.6559336930513373 6.8799538016319266 4.6332950592041007 9.3335541635751778 4.8191782534122458 6.6767861396074286 39.348315507173545 6.0816555619239798 23.077835753560066
leaf_count=198 439 23 424 22 94 21 224 51 27 33 42 22 45 28 32 28 30 32 24 51 29 25 30 20 40 22 29 172 26 100
internal_value=9.81117e-05 -0.00445265 0.00880792 -0.00130841 -0.00999627 -0.00194282 -0.00803363 0.00397539 0.00680796 -0.000753154 -0.00119359 -0.00260716 -0.00189615 -0.00274296 -0.00136676 -0.00801151 -0.00340854 0.00530528 -0.0030547 0.00106275 -0.00137104 0.000883026 -0.00126977 0.00187756 0.0039318 0.0011585 -0.00156488 -0.00410744 -0.00299361 -0.00645906
internal_weight=531.752 349.222 182.53 223.028 126.194 199.346 77.363 23.6822 97.6986 12.5051 171.28 105.569 100.377 90.1774 71.751 18.4265 11.9542 14.3242 57.4268 65.7103 35.3915 28.7385 23.0826 16.2026 30.3188 20.8295 16.0103 51.1742 45.43 28.0667
internal_count=2383 1493 890 977 516 870 318 107 466 56 749 461 439 394 314 80 52 64 250 288 155 126 101 71 133 91 69 222 198 121
is_linear=0
shrinkage=0.01


Tree=31
num_leaves=31
num_cat=0
split_feature=37 37 38 44 33 9 37 13 39 23 44 0 37 38 0 25 7 0 33 0 44 0 29 25 33 25 22 44 29 44
split_gain=201.389 56.1294 8.24045 8.00878 7.5382 7.3895 6.79141 7.63303 6.96438 6.85449 11.6162 8.32573 6.29125 5.9296 10.6225 9.4425 6.8549 5.63114 6.92415 6.7778 5.46374 5.38384 7.85967 5.91035 5.22271 5.16221 5.14297 5.10786 6.1974 4.99854
threshold=0.85025590610701507 0.32407000768948008 -2.8030649757936845 -3.2476009500128158 0.090425327420234694 0.38267450034618383 0.68669666511009819 -0.032884499058127396 0.92012227538543334 -0.79582402110099781 -0.71121377389699203 0.37716600298881536 0.79696439844135514 -1.5274733938292093 0.026813500560820106 0.0023413712624460463 24.728457450866703 -2.1030044555664058 0.74999144673347484 0.071775499731302275 -1.9425331284228891 -0.50731351971626271 0.17449999600648883 0.00094379863003268849 0.64373236894607555 0.00058246671687811624 1.0000000180025095e-35 -0.0094549511071802383 0.64550000429153453 2.4047871285601308
decision_type=2 2 2 2 2 2 2 2 2 2 2 2 2 2 2 2 2 2 2 2 2 2 2 2 2 2 2 2 2 2
left_child=1 2 -1 -3 -4 21 8 12 9 17 11 -11 26 16 -15 -16 -6 -5 -19 -20 -7 27 23 -23 -13 -9 -8 -2 -29 -22
right_child=5 3 4 6 13 20 7 25 -10 10 -12 24 -14 14 15 -17 -18 18 19 -21 29 22 -24 -25 -26 -27 -28 28 -30 -31
leaf_value=-0.00088988617308132824 0.0027662837831604627 0.011860264204571208 -0.0046960297352116251 -0.0099606413363598663 -0.0069993856030336277 0.0018117017364715851 0.0018328676488304266 -0.0067654685698662247 -0.012412138096650996 0.0055370126301319059 -0.010855674389433731 -0.006360102152981606 -0.011493716380655328 0.0014011981709688656 -0.013663541455509871 -0.002666782704574855 -0.016584221357785783 0.0022119035575215345 -0.015530725847086603 0.0010664111859987784 0.011773216183089033 0.0026071211402110468 0.006028211071278898 -0.01297588694371672 0.0043539372860270228 0.0033624071930121757 -0.010081492973303329 0.013432740896127145 0.0014161404172713019 0.0047031774233115839
leaf_weight=9.9382408410310727 10.695529595017431 4.3218546956777564 19.464461296796799 5.3373207598924628 10.347206220030783 7.4151687473058692 15.603549897670751 5.3856763839721671 7.5707491040229788 11.185844883322714 21.438909322023392 25.618483737111095 7.7243912518024436 7.7449691891670218 34.613992527127266 10.4560270011425 34.033477529883385 48.874030157923698 4.6742856800556165 4.8376382291316986 85.150181084871292 5.2410036921501142 29.158601745963097 4.2775423377752304 5.3384755849838248 55.231274783611298 4.5895039141178122 22.185597032308582 5.5839224457740775 12.10135644674301
leaf_count=41 52 20 80 23 42 36 69 24 32 49 90 109 34 32 141 43 138 214 20 21 422 25 139 20 23 250 20 109 27 60
internal_value=-2.28326e-05 -0.00441464 -0.00975138 -0.00144053 -0.0104963 0.00852865 -0.00170749 0.000434449 -0.00312018 -0.00255044 -0.00487146 -0.001785 -0.00386995 -0.0116416 -0.009288 -0.011146 -0.0143928 -0.000214905 0.000674406 -0.00706233 0.0102768 0.00613355 0.00344273 -0.00435386 -0.00447222 0.00243644 -0.000862102 0.00879733 0.0110661 0.0109095
internal_weight=536.139 354.33 126.598 227.732 116.66 181.809 223.41 88.5344 134.876 127.305 63.5817 42.1428 27.9174 97.1957 52.815 45.07 44.3807 63.7233 58.386 9.51192 104.667 77.1422 38.6771 9.51855 30.957 60.617 20.1931 38.465 27.7695 97.2515
internal_count=2405 1515 517 998 476 890 978 397 581 549 271 181 123 396 216 184 180 278 255 41 518 372 184 45 132 274 89 188 136 482
is_linear=0
shrinkage=0.01


Tree=32
num_leaves=31
num_cat=0
split_feature=37 37 37 33 37 25 14 30 46 44 44 27 27 28 30 2 1 28 26 1 10 0 38 1 38 34 29 22 34 22
split_gain=219.701 41.2533 18.4214 11.1067 10.5723 9.12326 7.94873 7.86272 7.2681 6.3827 11.8121 8.41836 9.79421 7.4775 8.69319 7.15719 6.27293 8.52496 5.9833 6.75543 5.26285 5.18402 4.97605 16.1684 9.0304 8.05092 13.7625 5.04966 4.98503 5.8633
threshold=0.75621612977670383 0.46720719433613367 0.90160011258851724 0.024383860640227798 0.10539046456080788 0.00056825880892574798 0.45041999220848089 0.051621794700622566 3.2831635898235037e-07 -2.5523943065914989 -0.10537862459406119 0.020653685554862026 0.020884498022496704 0.44202499091625219 -0.0057351107243448487 4442.7468261718759 0.20375099778175357 -0.1678059250116348 0.99976560473442089 -0.33359099924564356 1.5908929705619814 0.10407599806785585 -1.5274733938292093 -0.26879200339317316 -3.0200722941757774 0.6701573133468629 0.36050000786781317 -1.0000000180025095e-35 0.72402137517929088 7.3973400592803964
decision_type=2 2 2 2 2 2 2 2 2 2 2 2 2 2 2 2 2 2 2 2 2 2 2 2 2 2 2 2 2 2
left_child=1 4 3 -2 -1 -3 8 9 20 -7 13 21 -13 14 -11 18 -16 -18 19 -14 -5 -12 24 -24 -6 26 -26 -27 29 -25
right_child=2 5 -4 6 22 7 -8 -9 -10 10 11 12 15 -15 16 -17 17 -19 -20 -21 -22 -23 23 28 25 27 -28 -29 -30 -31
leaf_value=-0.012537304246052424 -0.0098884325066047919 -0.010942788300096111 0.0095197839480354422 0.0048846497023381282 0.0017500564436291012 0.0083129858359508972 -0.0052537006630991945 -0.011025800813126546 -0.0065270203989431933 -0.009418648471195749 0.0016899395795556525 -0.012751194354681623 -0.010313763599102375 -0.012436678504005781 0.0081654418627655819 -0.0094422540382995968 -0.011875001821285786 0.0047561618378714364 0.0078010287898502371 0.0040896594775880306 0.011370267622469865 0.012801718926754585 0.006975319473339632 -0.007284837164449027 0.0019961022577695024 -0.018588561758486364 -0.018822841972934285 -0.0070596739698279357 -0.0013045319378287297 -0.018734453254150456
leaf_weight=47.992795467376709 5.4474392235279074 8.4289999604225141 146.96590024232864 58.254382491111755 5.4824413508176795 9.2657852023839933 7.2182300537824622 6.2514640241861335 4.5079050660133353 10.634670585393907 7.4361158460378745 5.1298011243343344 4.9804802834987631 9.0766326040029508 8.5747394859790749 4.651519462466239 5.6322832852602005 6.481858164072035 16.401499554514885 8.8930122703313845 16.474210187792778 10.393067076802252 8.9111091196537 68.201110929250717 8.5109894424676877 15.924572631716726 4.8834630995988837 5.6239928305149105 13.189722687005995 4.8845917880535117
leaf_count=194 24 36 730 269 23 42 32 27 20 46 33 22 22 39 38 20 24 28 73 39 77 47 38 284 35 65 20 23 55 20
internal_value=0.000133245 -0.00547681 0.0073196 0.00378377 -0.00847289 -0.000964981 0.00466722 -0.00020822 0.00558908 0.000420924 -0.000320621 0.00256309 0 -0.00447322 -0.00210159 0.00191978 0.00163869 -0.00292829 0.00372373 -0.0010463 0.00634108 0.00825832 -0.00701895 -0.00573457 -0.00999688 -0.0118682 -0.00560338 -0.0156723 -0.00706547 -0.00808827
internal_weight=544.705 305.837 238.868 91.9022 183.605 122.232 86.4547 113.803 79.2365 107.551 98.2857 57.8855 40.0563 40.4002 31.3236 34.9265 20.6889 12.1141 30.275 13.8735 74.7286 17.8292 135.612 95.1865 40.4255 34.943 13.3945 21.5486 86.2754 73.0857
internal_count=2445 1293 1152 422 757 536 398 500 366 473 431 256 176 175 136 154 90 52 134 61 346 80 563 397 166 143 55 88 359 304
is_linear=0
shrinkage=0.01


Tree=33
num_leaves=31
num_cat=0
split_feature=38 9 46 38 30 23 44 26 38 46 27 9 38 22 34 30 38 9 20 10 10 27 26 2 30 28 34 34 44 30
split_gain=161.901 25.1063 17.5042 14.1946 12.5845 11.0936 17.1114 11.0902 9.00782 8.37594 9.63247 7.77947 8.05712 7.54044 7.34608 7.32322 6.16417 10.279 6.45143 5.46457 5.44305 5.21393 5.47122 5.18488 5.1397 5.49444 5.93232 5.10332 7.04512 4.95412
threshold=-0.57580690852788496 0.36348350346088415 3.926531045794213e-07 0.49563279429848922 0.057184683158993728 1.1767594814300539 -0.46288629100928119 1.0027483701705935 -1.1662927185526819 7.9315963457557039e-08 0.027320726774632934 0.44413100183010107 0.42727816345876918 1.2420715093612673 0.70338472723960888 0.013366015162318947 -2.8030649757936845 0.33864499628543859 -1.6826924681663511 5.2584295272827157 -8.439363479614256 0.025259153917431835 0.99933964014053356 3996.561157226563 -0.023257269524037835 -0.35670739412307734 0.66789972782135021 0.71240183711051952 -0.064417433304945274 -0.01053767232224345
decision_type=2 2 2 2 2 2 2 2 2 2 2 2 2 2 2 2 2 2 2 2 2 2 2 2 2 2 2 2 2 2
left_child=7 4 3 11 5 9 -7 8 16 15 29 12 27 19 -4 -2 17 -1 -18 20 23 22 -20 -10 -24 -26 -27 28 -3 -11
right_child=1 2 14 -5 -6 6 -8 -9 13 10 -12 -13 -14 -15 -16 -17 18 -19 21 -21 -22 -23 24 -25 25 26 -28 -29 -30 -31
leaf_value=-0.013624128397162318 0.0023289621258275948 -0.0052153866718628898 -0.01603534594244492 0.0090834477689348964 -0.014486637318990605 0.00013140483559591666 -0.01602745773798929 0.0050805192957378408 0.010164327982939821 0.0024927520888975126 -0.004316299051797293 0.0098985235871437115 -0.010569206870519716 -0.0096423119882253668 0.0012254880189661579 -0.007579577807853002 -0.0028658110783412851 0.0048847819423483733 -0.0018004298989073493 0.0066349212064546548 -0.00662644164419864 -0.014526241935285469 -0.020388072019198053 -0.0043125163782485451 -0.017329253413350423 -0.0015496081913456974 -0.010606113964797661 0.0079860814606552283 0.004448370838415496 0.010263131993104167
leaf_weight=5.1009913831949216 48.747003152966499 12.702765718102453 4.4031384140253049 120.59565037488937 4.9267727583646765 47.303659379482269 7.4853645116090766 6.3686195611953726 4.4581529498100299 11.697056636214255 7.0053556263446799 13.367171108722685 5.0139092504978171 21.944007307291031 5.2056655287742615 8.6812408715486509 9.9839465767145139 6.9097935557365417 8.2525078654289228 5.7314039617776862 21.87495456635952 36.195269331336021 5.1456571221351615 5.2174311578273773 7.6074174046516339 10.940663501620298 23.22629202902317 12.719897001981733 18.209244638681415 31.446594819426537
leaf_count=21 224 55 20 595 22 208 31 27 20 55 31 63 23 91 24 39 42 29 34 25 92 147 21 22 31 45 95 57 83 149
internal_value=4.91153e-05 0.00391946 0.00638494 0.00708036 0.00107856 0.00156565 -0.0020832 -0.00771836 -0.00819911 0.0034335 0.00641814 0.00316054 0.00127202 -0.00499075 -0.00666481 0.000803166 -0.00986062 -0.00294099 -0.0106671 -0.00220764 -0.00386144 -0.0115045 -0.00948139 0.00229133 -0.0108044 -0.00955414 -0.00774828 0.00267667 0.000440956 0.0081902
internal_weight=538.468 359.51 192.217 182.609 167.293 162.366 54.789 178.957 172.588 107.577 50.149 62.013 48.6458 59.2259 9.6088 57.4282 113.363 12.0108 101.352 37.2819 31.5505 91.3678 55.1725 9.67558 46.92 41.7744 34.167 43.6319 30.912 43.1437
internal_count=2421 1679 920 876 759 737 239 742 715 498 235 281 218 250 44 263 465 50 415 159 134 373 226 42 192 171 140 195 138 204
is_linear=0
shrinkage=0.01


Tree=34
num_leaves=31
num_cat=0
split_feature=37 37 10 39 37 9 7 27 25 34 34 10 17 9 44 18 44 46 33 37 26 25 39 33 20 20 16 25 37 34
split_gain=179.999 55.699 10.8953 9.14937 9.0642 7.86002 6.31269 5.82135 6.34475 6.97409 7.70023 9.12334 8.61394 6.88754 6.39566 8.62846 6.43622 6.16873 6.14087 5.51163 5.31152 6.16295 7.88118 8.17668 6.73226 5.76135 5.28833 5.24637 5.11883 5.11503
threshold=0.85588966133151145 0.44862021092944265 -13.37386894226074 0.74873737373737381 0.13883669175100252 0.38267450034618383 57.859636306762702 0.019197205081582073 0.00058246671687811624 0.70427918434143078 0.70875766873359691 -4.161395549774169 0.81174498796463024 0.33568349480628973 -0.78780868747331545 0.59389400482177745 1.4349224580026572 1.3369514843646018e-07 0.29652924835681921 0.72398092352534704 1.000211834907532 0.0038766626967117195 0.082903780068728533 0.17892184853553775 2.0754505395889287 -1.2172889709472654 -1.0000000180025095e-35 0.0018424842273816468 0.72398092352534704 0.65734019875526439
decision_type=2 2 2 2 2 2 2 2 2 2 2 2 2 2 2 2 2 2 2 2 2 2 2 2 2 2 2 2 2 2
left_child=1 4 -3 6 -1 -2 7 -4 -9 13 -11 12 19 18 -15 16 -16 -17 28 -12 25 22 26 -24 -25 -6 -22 -28 -10 -20
right_child=5 2 3 -5 20 -7 -8 8 9 10 11 -13 -14 14 15 17 -18 -19 29 -21 21 -23 23 24 -26 -27 27 -29 -30 -31
leaf_value=-0.011392866040936143 0.0058236389148625823 0.0064387634195665023 0.0066976959584567775 -0.0069762541484903601 0 0.010236037461661089 0.0080455065398772046 -0.0086996597995816684 -0.0011500609364877941 -0.013133177334778638 -0.013902259121784112 0.0047039359001465027 0.0027686919387063099 0.010451721392440206 0.0098616826935012097 -0.01324025016640137 -0.0036838017858098187 0.0013083354006051887 -0.0028972954324583649 -0.000881022433894596 -0.0063328180702128603 0.0051758325198971427 -0.01877477797666028 -0.0100562014783225 0.0042563212274482854 -0.0092387865448985557 0.0099195750759996561 -0.0037985039159535139 -0.013616182363301744 0.0081390973747057609
leaf_weight=56.435823261737823 70.382638931274414 21.660297870635986 9.7552917301654798 22.657408162951469 7.6721448302268973 101.4353361427784 8.71863244473934 10.459946751594542 7.0854048728942889 7.164458528161048 10.668931514024736 13.432251408696173 7.9645560085773459 11.311052918434134 12.306813314557088 5.0746320039033872 4.7014925479888907 6.3866068571805954 9.6322089731693286 4.9191633611917487 9.2364312410354632 6.3866261541843405 6.5714871734380749 9.4438848942518216 4.8260251134634009 61.975338280200958 6.1991456151008588 4.7951241880655289 6.4213930666446686 7.2037131637334815
leaf_count=228 343 99 44 98 32 509 39 45 31 31 46 60 35 51 56 22 21 28 42 22 38 27 27 39 20 256 26 20 28 32
internal_value=1.46707e-05 -0.00399253 -0.000208009 -0.0010854 -0.00807373 0.00843882 -0.000142181 -0.000685989 -0.00127638 -0.000581132 -0.00369625 -0.00181075 -0.00557258 0.00136836 0.00410984 0.00152741 0.0060593 -0.00510557 -0.00219467 -0.00988868 -0.00645728 -0.00382529 -0.0052584 -0.00956308 -0.00515024 -0.00822836 -0.00074937 0.00386602 -0.0072067 0.00178606
internal_weight=532.884 361.066 187.524 165.864 173.542 171.818 143.207 134.488 124.733 114.273 44.1494 36.9849 23.5527 70.1233 39.7806 28.4695 17.0083 11.4612 30.3427 15.5881 117.106 47.4587 41.0721 20.8414 14.2699 69.6475 20.2307 10.9943 13.5068 16.8359
internal_count=2395 1543 830 731 713 852 633 594 550 505 194 163 103 311 178 127 77 50 133 68 485 197 170 86 59 288 84 46 59 74
is_linear=0
shrinkage=0.01


Tree=35
num_leaves=31
num_cat=0
split_feature=37 37 37 25 37 30 46 1 9 29 29 38 29 18 44 0 1 38 34 22 44 29 28 34 25 44 27 30 1 0
split_gain=195.527 43.4611 18.9744 8.40816 8.16059 7.41002 7.02624 6.57176 6.51339 7.82365 6.89826 6.11688 5.78027 5.8864 5.44091 5.00765 4.75138 6.82725 6.43198 4.9875 8.1587 7.64119 5.10906 4.70792 5.10366 4.35784 4.31455 4.12791 4.34103 4.24487
threshold=0.75904105166395808 0.46720719433613367 0.9605884686436067 0.00091893668286502372 0.1187286690518255 0.051621794700622566 4.1388832017704926e-07 0.63102951645851146 0.31797999143600469 0.2295000031590462 0.38549999892711645 -3.0200722941757774 0.17650000005960467 0.10195849835872652 -2.5523943065914989 4.2511276006698617 -0.26879200339317316 -1.5274733938292093 0.73545539379119884 4.0816555023193368 -0.74884378778620009 0.20949999988079074 -0.56010687351226796 0.56230545043945324 0.00044480044743977493 0.059596384408801682 0.019732351414859298 0.06030621565878392 0.44555449485778814 -0.64282497763633717
decision_type=2 2 2 2 2 2 2 2 2 2 2 2 2 2 2 2 2 2 2 2 2 2 2 2 2 2 2 2 2 2
left_child=1 4 6 25 7 12 8 -1 9 -2 -11 -6 -5 -14 -15 -16 17 -13 19 20 21 -18 -22 -10 -25 26 -3 28 29 -24
right_child=2 3 -4 5 11 -7 -8 -9 23 10 -12 16 13 14 15 -17 18 -19 -20 -21 22 -23 27 24 -26 -27 -28 -29 -30 -31
leaf_value=-0.014849828955150119 -0.0060874590579231879 -0.00074997281546111574 0.010512243234530328 0.0085045615184594255 0.0037304170253319906 -0.0095119104475290869 -0.0063315111760324973 -0.0070625089368421502 -0.0031230106419352301 0.010215186366506635 -0.0019248699744339945 -0.0092766661712395306 0.0080857969984145048 0.0089362586973271013 -0.0005230075639169146 -0.010044722618191526 -0.0081343187955063619 0.0034932712639552128 0.00049974799920675557 -0.013118577691684284 -0.015712021280848434 0.0078337042702349667 -0.013917720931675322 -0.0039201584616107817 0.0070255376672958862 0.0010105649405836852 -0.012210609650514879 0.00060969304788330389 -0.011632290940566066 -0.0036539924039327154
leaf_weight=31.029144152998924 10.458341136574747 4.8170554935932222 86.596823215484619 9.3587285131216031 4.7711780518293372 6.9880042225122443 5.5188572853803626 18.062913835048676 5.0579542219638816 10.113820001482965 8.3751533925533277 7.778996109962466 8.5739381462335569 5.4488213062286368 67.338478788733482 5.9527865350246421 5.8364061415195447 8.7120714932680112 7.4276171922683707 23.562141746282578 10.204483821988104 5.9508751183748245 5.0822054445743516 4.2658653259277335 101.61757057905197 5.6529462933540335 11.822278261184691 5.0057741999626151 26.062814578413963 21.205622598528869
leaf_count=125 48 21 442 42 20 30 25 73 24 48 39 32 38 25 296 25 24 37 31 97 42 25 21 20 485 25 50 21 107 88
internal_value=-0.000124629 -0.00536632 0.00679844 -0.000847091 -0.00850874 0.000343809 0.00457413 -0.0120251 0.00501574 0.000748745 0.0046814 -0.00718128 0.00107566 0.000259135 -0.000589595 -0.00132263 -0.00760226 -0.00248977 -0.00835437 -0.00900299 -0.00775333 0 -0.00909092 0.00611842 0.00657184 -0.00640632 -0.00897682 -0.00787024 -0.00869977 -0.00572139
internal_weight=538.65 306.645 232.004 125.953 180.692 103.661 145.408 49.0921 139.889 28.9473 18.489 131.6 96.6728 87.314 78.7401 73.2913 126.829 16.4911 110.338 102.91 79.3482 11.7873 67.5609 110.941 105.883 22.2923 16.6393 57.3564 52.3506 26.2878
internal_count=2426 1295 1131 552 743 456 689 198 664 135 87 545 426 384 346 321 525 69 456 425 328 49 279 529 505 96 71 237 216 109
is_linear=0
shrinkage=0.01


Tree=36
num_leaves=31
num_cat=0
split_feature=37 37 37 10 46 13 33 38 34 30 13 37 2 27 37 26 37 25 29 28 25 30 25 27 10 13 33 29 34 9
split_gain=176.572 42.9195 19.1226 11.0946 7.46282 9.78561 7.14064 8.42665 7.01336 6.73847 6.19138 6.0622 5.43681 5.64598 5.17302 8.28542 4.68383 6.91518 10.6333 5.71466 5.15603 7.1074 5.78336 4.79042 4.87233 5.47983 6.50008 6.79818 4.47179 4.40893
threshold=0.75621612977670383 0.2375684916372196 0.90160011258851724 -13.689263820648192 3.060747415403664e-07 -0.10135399922728537 0.26022408902645117 -0.89199870688090843 0.73314717411994945 0.0046649386640638122 0.21479249745607379 0.97718315352418672 2589.803833007813 0.027028735727071766 0.13261182571498967 1.0000009536743166 0.46720719433613367 0.00091893668286502372 0.17650000005960467 -0.73211088776588429 0.001653716142755002 -0.01053767232224345 0.0014143140870146456 0.026807173155248169 -10.204450130462645 0.37764449417591101 0.35634756088256841 0.40549999475479132 0.69491010904312145 0.33416999876499182
decision_type=2 2 2 2 2 2 2 2 2 2 2 2 2 2 2 2 2 2 2 2 2 2 2 2 2 2 2 2 2 2
left_child=1 6 4 -3 5 9 7 10 12 -2 28 -4 -7 29 -8 -16 -5 -18 -19 -20 21 -21 -23 24 -22 26 27 -26 -1 -14
right_child=2 3 11 16 -6 8 14 -9 -10 -11 -12 -13 13 -15 15 -17 17 18 19 20 23 22 -24 -25 25 -27 -28 -29 -30 -31
leaf_value=-0.01283974926116235 -0.0094015010633406067 0.0060284587576498573 0.0070560811157918011 -0.0049794711376748915 -0.0078684493864127382 -0.00071853750647794573 -0.015817805730245951 0.0046429865721441168 -0.0060625094828080789 0.0039514673251630121 -0.015770739068047789 0.011273224202867983 0.0038408133669738855 -0.0017603504517946236 -0.014889729093795769 -0.0018151201355745957 -0.0069997805789381333 0.0090046655882036718 0.0086982936216203378 0.012565347750560445 0.0049940363388228841 -0.0069372141301123095 0.0056417415778055435 -0.0098577348026741181 -0.016192903519620647 0.0038984489637881431 0.00073486407040526615 -0.0042858259680198223 -0.0040646181802646529 0.010996974125888919
leaf_weight=8.3687729239463824 8.4760440140962583 14.306728899478911 83.726879611611366 76.005598783493042 5.9131933599710456 8.8409960120916349 30.581454664468765 4.864501640200614 4.7514805346727362 6.552903711795806 10.419698819518088 61.546786695718765 12.894731193780897 5.4034277796745291 10.851811453700067 9.0964022278785688 20.29000324010849 10.218698233366011 4.7603767514228812 4.6839934438467052 7.1048883944749752 8.2977441996335966 6.3184057027101508 11.16351807117462 7.9637363404035701 7.0507625341415396 10.1059203594923 12.89555102586746 20.910544171929359 30.375385403633118
leaf_count=34 38 64 416 317 26 40 123 20 22 30 42 317 59 25 44 37 87 46 21 21 32 36 28 48 34 31 44 56 85 144
internal_value=5.85396e-05 -0.00503306 0.00666421 -0.0024074 0.00281928 0.00365894 -0.0105687 -0.00756748 0.00541197 -0.00352562 -0.00909671 0.00885612 0.00638615 0.00769596 -0.0131756 -0.00901637 -0.00306151 -0.00173417 -0.000537001 -0.00177268 -0.00245598 0.00196218 -0.00143013 -0.00398952 -0.00249694 -0.00393261 -0.00575473 -0.00893504 -0.00664198 0.00890123
internal_weight=524.741 296.259 228.482 201.166 83.2082 77.295 95.0932 44.5635 62.266 15.0289 39.699 145.274 57.5145 48.6735 50.5297 19.9482 186.859 110.854 90.5636 80.3449 75.5845 19.3001 14.6161 56.2844 45.1209 38.016 30.9652 20.8593 29.2793 43.2701
internal_count=2367 1250 1117 865 384 358 385 181 290 68 161 733 268 228 204 81 801 484 397 351 330 85 64 245 197 165 134 90 119 203
is_linear=0
shrinkage=0.01


Tree=37
num_leaves=31
num_cat=0
split_feature=37 37 37 44 13 10 46 9 0 46 44 0 0 30 30 25 46 27 3 27 7 34 30 37 23 33 0 27 16 34
split_gain=179.065 38.6793 23.2304 10.1807 9.55948 9.52654 8.38102 9.34055 7.22821 6.46029 6.17631 10.6981 7.9466 7.22993 7.09749 11.8939 8.0332 5.58429 7.94392 4.8977 6.40935 4.58262 4.57786 4.41709 5.61747 6.66027 4.31178 4.15934 3.8638 3.76412
threshold=0.75904105166395808 0.32786063007132366 0.90160011258851724 -3.0309317354864791 -0.40952649712562555 -13.37386894226074 3.2831635898235037e-07 0.3291774988174439 5.39595651626587 1.0322089800174569e-07 0.038644833177277675 0.071775499731302275 1.4623594880104067 0.018056614324450496 -0.0037662478862330313 0.00094379863003268849 7.6773624862244993e-08 0.020844638347625736 36.766637802124031 0.026434563100337986 18.892075538635257 0.68705186247825634 0.0035527519648894672 0.98366682711739506 2.7286300659179692 0.18545573204755786 0.35418500006198889 0.026784881018102173 1.0000000180025095e-35 0.54013150930404674
decision_type=2 2 2 2 2 2 2 2 2 2 2 2 2 2 2 2 2 2 2 2 2 2 2 2 2 2 2 2 2 2
left_child=1 29 4 -3 -2 22 7 19 9 10 13 17 -13 14 28 26 -17 -12 -19 20 -6 -14 -5 24 -4 -26 -16 -9 -7 -1
right_child=2 3 23 5 6 8 -8 27 -10 -11 11 12 21 -15 15 16 -18 18 -20 -21 -22 -23 -24 -25 25 -27 -28 -29 -30 -31
leaf_value=-0.0016580753297941908 -0.0085784261550579787 0.012035517184916798 0.0091287504829391328 0.008485983456348439 0.0046033985274126048 -0.018210902421990402 -0.0091172477291272969 0.007901753371119518 -0.011882256101202998 0.00014080524652145424 -0.014033890229916737 0.0093930515998202884 0.0039111442031458631 -0.016602940350963286 -0.0027596822223359702 0.0087398558879265339 -0.0057654910031129745 -0.011411204382357779 0.0067029180186345318 0.007873164860145318 -0.0081124426258315195 -0.0079089962350479028 -0.0029326616914479844 0.011728098560592749 -0.0047174994421565171 0.0070436656847511527 -0.012652595777846914 7.509711771536628e-05 -0.0059676345118021825 -0.0096141107806225028
leaf_weight=6.6231613457202902 7.0123672336339942 4.9153560996055594 77.629254698753357 11.048694193363188 5.938862740993506 5.3049158602952939 4.7935351282358161 43.373598963022232 8.9175167232751829 53.383963704109192 7.116687789559367 10.734531342983248 6.1492230743169767 6.2166518270969382 8.4235261082649249 10.338659286499025 5.8524703681468955 4.662776902317999 4.7747546583414078 4.5936117917299262 11.129413560032843 6.6796737015247345 4.904468744993209 45.521001726388931 6.8847955912351635 14.993293732404707 10.092286005616186 8.3559013456106168 5.8435921519994736 121.65401108562946
leaf_count=27 31 23 390 50 27 22 21 205 37 232 30 48 27 26 36 45 25 20 21 21 50 29 22 236 34 75 42 39 25 494
internal_value=8.03625e-07 -0.00503966 0.00665214 -0.00197781 0.00248752 -0.00239462 0.00350249 0.00435163 -0.00315878 -0.00260974 -0.00421176 -0.00122736 0.00306762 -0.00648508 -0.00505849 -0.00277438 0.00343214 -0.00738264 -0.00216764 -0.0011187 -0.00362871 -0.00217952 0.00491686 0.00908837 0.00786019 0.00329243 -0.00824466 0.00665939 -0.0119925 -0.00921273
internal_weight=533.863 303.637 230.226 175.36 85.1973 170.444 78.1849 73.3914 154.491 145.574 92.1897 40.1176 23.5634 52.0721 45.8554 34.7069 16.1911 16.5542 9.43753 21.6619 17.0683 12.8289 15.9532 145.028 99.5073 21.8781 18.5158 51.7295 11.1485 128.277
internal_count=2410 1281 1129 760 394 737 363 342 665 628 396 175 104 221 195 148 70 71 41 98 77 56 72 735 499 109 78 244 47 521
is_linear=0
shrinkage=0.01


Tree=38
num_leaves=31
num_cat=0
split_feature=37 37 37 6 39 37 23 34 34 0 46 1 26 34 2 4 27 37 27 33 27 26 29 46 8 6 37 3 37 26
split_gain=189.448 50.6281 8.67534 8.37175 7.95878 7.64919 7.56812 8.01794 7.06938 6.53891 8.20165 6.51426 5.93462 5.72462 7.67454 5.54472 5.51748 5.25908 7.88274 4.95159 5.13565 5.52746 4.53421 5.55346 4.39087 4.33755 7.63461 7.48041 5.45335 5.18544
threshold=0.85588966133151145 0.30801775057565067 0.63561832395545115 0.056751500815153129 0.92012227538543334 0.9605884686436067 2.5504955053329472 0.72673895955085765 0.65042108297348034 -1.9610569477081297 9.3940131562961911e-08 0.11490450054407121 1.0025375485420229 0.71515920758247387 4442.7468261718759 -1167.6916503906248 0.025197686627507213 0.057691606747407219 0.027532018721103672 0.038738718256354339 0.020482184365391735 1.000194311141968 0.18349999934434894 1.2680326287743709e-07 4.2216238975524911 0.051688499748706825 0.24407272087384266 44.954353332519538 0.25059519874526542 1.0000904798507693
decision_type=2 2 2 2 2 2 2 2 2 2 2 2 2 2 2 2 2 2 2 2 2 2 2 2 2 2 2 2 2 2
left_child=1 12 4 8 6 -2 9 11 22 -3 15 -8 17 14 -5 -11 -13 -1 25 -10 21 -21 -4 -24 -7 26 27 -19 -27 -30
right_child=5 2 3 13 -6 24 7 -9 19 10 -12 16 -14 -15 -16 -17 -18 18 -20 20 -22 -23 23 -25 -26 28 -28 -29 29 -31
leaf_value=-0.014736557557819458 0.0063248643415994244 -0.011383652088904017 -0.00010833173947623204 0.0065810925927755285 -0.013232316471508852 0.011234226259379466 0 0.0030370969252936264 -0.0093151025056368696 -0.0052341971784807297 0.0052612507730974267 -0.0071672838981077496 0.0010105978341663463 -0.0023257662513766339 -0.0066071922021540665 0.0025946495553524343 -0.017115266104619112 0.0050992813333221093 -0.019869317156076198 -0.0074963727098371772 0.004741913710571582 0.0028713207483955258 -0.019653460999180663 -0.0045200939165874606 0.0031209722083280268 -0.011706595482109077 -0.013435131564457305 -0.0060378481118833751 -0.010006310914071066 0.0029770786637147353
leaf_weight=19.179855033755302 91.938927218317986 4.967789575457572 5.1450276821851721 37.646201089024544 7.6181762814521781 79.099092751741409 8.8137292414903623 8.4378859996795637 5.0841805487871161 24.403317317366596 22.269486203789711 23.045491710305217 5.0708746761083594 13.735988110303877 4.840906247496604 14.071688801050188 7.7596702575683585 8.0865853130817431 6.1863825917243949 10.396403864026071 19.485230445861816 9.8293886333703977 4.7595440298318845 5.4314180910587311 7.7690385878086081 41.820307821035385 9.292247608304022 22.215040102601051 6.3945532888174039 5.6112061738967896
leaf_count=77 449 21 23 172 32 410 38 36 22 105 97 97 21 62 21 60 32 33 25 46 88 44 21 24 40 169 38 90 26 23
internal_value=-3.97863e-05 -0.00420499 -0.00149779 0.000445794 -0.00336785 0.00837548 -0.00268748 -0.00570092 -0.0021363 -0.000463183 0.000430718 -0.00759005 -0.00938795 0.00322401 0.00504298 -0.00234568 -0.00975276 -0.00984074 -0.00887415 -0.000102332 0.00107249 -0.00241932 -0.00797342 -0.0118074 0.0105245 -0.00811488 -0.00552164 -0.0030258 -0.00999012 -0.00388111
internal_weight=540.406 361.599 237.742 116.354 121.387 178.807 113.769 48.0568 60.1312 65.7123 60.7445 39.6189 123.857 56.2231 42.4871 38.475 30.8052 118.786 99.6063 44.7952 39.711 20.2258 15.336 10.191 86.8681 93.4199 39.5939 30.3016 53.8261 12.0058
internal_count=2442 1543 1041 523 518 899 486 203 268 283 262 167 502 255 193 165 129 481 404 200 178 90 68 45 450 379 161 123 218 49
is_linear=0
shrinkage=0.01


Tree=39
num_leaves=31
num_cat=0
split_feature=37 37 37 23 27 17 37 26 34 37 33 38 17 22 2 26 33 6 26 11 38 38 30 33 33 10 37 14 4 18
split_gain=173.662 52.8035 11.1248 9.44502 9.49539 6.82752 6.65915 6.46222 8.23202 5.82582 5.49557 5.68449 4.80006 4.4943 4.15708 4.81754 7.63201 4.15261 4.05843 6.19108 3.9882 5.96444 9.63724 4.79229 5.72566 5.81722 6.24082 4.19565 4.07255 4.72151
threshold=0.52651234566660043 0.90160011258851724 0.2375684916372196 -2.8781729936599727 0.026543287560343746 -0.5617450177669524 0.46720719433613367 1.0021684765815737 0.65236902236938488 0.98366682711739506 0.27630662918090826 -0.95217788863302655 0.81174498796463024 -2.9368635416030879 2461.5639648437505 1.000872075557709 0.30500392615795141 0.042949000373482711 1.0010190010070803 1.0000000180025095e-35 1.1566280586262259 0.89041108614121367 0.0085360305383801478 0.42447377741336828 0.49182736873626715 -5.8343186378478995 0.62936454503493133 -0.030081500299274918 -5700.4511718749991 0.16993050277233127
decision_type=2 2 2 2 2 2 2 2 2 2 2 2 2 2 2 2 2 2 2 2 2 2 2 2 2 2 2 2 2 2
left_child=2 7 10 4 6 -5 18 20 -9 13 11 12 -1 -3 -15 -16 -17 -7 19 -4 21 23 -23 28 -25 26 -26 -27 -2 -30
right_child=1 9 3 5 -6 17 -8 8 -10 -11 -12 -13 -14 14 15 16 -18 -19 -20 -21 -22 22 -24 24 25 27 -28 -29 29 -31
leaf_value=-0.0098851585664357661 0.0096817550668798092 0.010486840988159406 0.002135200967592875 -0.0011000906728778296 -0.0076212379496676565 -0.001698640428634932 0.010505865130041916 -0.016379915578292787 -0.00051231906421964502 0.012026863356176301 -0.012017464707553143 0.0014503938679692339 0 -0.0029559908638619628 0.0081018394769760763 0.0071975327499501623 -0.008663309350632387 -0.010820736957551588 0.0066758425612828826 -0.0094918492418525607 0.0072223007742694689 -0.0098449094727015851 0.0073385039380489334 0.012863440532436113 -0.0016984304528557305 -0.0047206559408717562 0.011621834334934467 0.0057800524769059817 0.0038588100499918243 -0.0012193984304649267
leaf_weight=36.38523080945015 4.4986084550619116 34.994967430830002 9.9103941172361445 12.35616025328636 17.16022652387619 6.0859039127826682 6.5546012818813315 4.5942107141017905 11.259145677089689 43.512749835848808 52.361336782574654 6.3362179994583121 5.6434990465641013 4.6577410101890555 47.888096496462822 7.7959023267030698 4.8053070455789566 38.473917737603188 5.4079931974411002 8.209980845451355 10.964722260832785 11.118016809225081 4.4537072479724875 6.8856558352708808 5.072239249944686 11.394658595323561 10.400837600231169 5.5409808754920986 24.308408468961716 73.109334155917168
leaf_count=147 21 178 42 52 72 26 29 20 50 228 211 26 23 23 241 39 24 159 23 34 51 50 21 32 22 51 48 25 110 326
internal_value=-0.000135115 0.00438269 -0.00735472 -0.00503527 -0.00169748 -0.00778043 0.00166253 0.000822398 -0.00524719 0.0089223 -0.00973594 -0.00722555 -0.00855761 0.0075527 0.00594759 0.00665343 0.00104989 -0.00960384 -0.000792792 -0.00310108 0.00140476 0.000987188 -0.00485096 0.00164103 0.00460616 0.00278686 0.00720823 -0.00121259 0.000484615 4.01575e-05
internal_weight=532.141 327.255 204.885 104.159 47.2432 56.916 30.083 183.601 15.8534 143.655 100.726 48.3649 42.0287 100.142 65.147 60.4893 12.6012 44.5598 23.5284 18.1204 167.747 156.782 15.5717 141.211 39.2944 32.4087 15.4731 16.9356 101.916 97.4177
internal_count=2404 1560 844 437 200 237 128 827 70 733 407 196 170 505 327 304 63 185 99 76 757 706 71 635 178 146 70 76 457 436
is_linear=0
shrinkage=0.01


Tree=40
num_leaves=31
num_cat=0
split_feature=37 37 37 33 20 30 22 8 26 10 29 29 37 44 46 22 38 28 37 29 22 14 29 28 33 6 30 9 28 23
split_gain=180.103 33.0335 20.1733 6.88734 6.55992 6.19375 7.43645 7.06368 7.32551 6.05579 5.66173 7.00837 6.98053 7.01826 5.38664 5.07566 5.06744 8.06241 5.81334 7.5931 6.139 5.0495 6.59954 5.72014 4.93207 6.4632 5.75272 4.83749 4.5198 4.43683
threshold=0.64364489226843835 0.90160011258851724 0.2375684916372196 0.038738718256354339 5.39595651626587 -0.017790520563721653 4.5416688919067392 -3.6800504922866817 1.0003080964088442 -20.436865806579586 0.331499993801117 0.31149999797344213 0.37158991770199917 0.78250190684261356 1.8819528212273811e-07 -4.0031731128692618 0.58765721939602955 -0.57620692253112782 0.75621612977670383 0.36949999630451208 2.5152984857559209 0.11044700071215631 0.17449999600648883 0.73852017521858226 0.27867466211318975 0.051688499748706825 -0.00090913227177225042 0.32242000102996832 -0.25313121080398554 1.1767594814300539
decision_type=2 2 2 2 2 2 2 2 2 2 2 2 2 2 2 2 2 2 2 2 2 2 2 2 2 2 2 2 2 2
left_child=2 3 24 14 10 7 16 -5 -9 -3 11 21 -12 29 -2 -15 -7 -18 -19 20 -20 23 -23 -4 25 26 -1 -28 -27 -14
right_child=1 9 4 5 -6 6 -8 8 -10 -11 12 -13 13 15 -16 -17 17 18 19 -21 -22 22 -24 -25 -26 28 27 -29 -30 -31
leaf_value=-0.01119382638940427 0.00024944686450006459 -0.0026729210656882686 -0.0057748677046627539 0.0083397759557493536 -0.012185839975180492 0.004753265550551727 0.011246336942479538 -0.0097893286714747056 0.0040008796709648511 0.0093096343080067007 -0.0060591113721351524 -0.014677855456863951 0.013055391347511798 0.0022594367821024927 -0.012370249476454796 -0.010130336510767113 0.011850168785662233 -0.010669640306349181 0.0086388885620892301 -0.007919692670957254 -0.0032647872616214371 0.0112440155045025 -0.0036186647988719358 0.0048008423205679078 -0.011975346422749151 -0.0047360959856303179 -0.0055357361733071753 0.005236420318504225 -0.013932013323109699 0.0026429411640236117
leaf_weight=6.6829567700624493 8.7374593913555128 4.1759528517723075 64.724783912301064 4.9695427715778377 8.7179736495017988 56.921499192714691 12.101033166050909 11.141543358564379 5.6682017147541037 139.39321535825729 14.99558052420616 6.5219691842794409 6.0112185925245312 6.8673203736543655 5.265544429421424 6.0571593195199949 4.8432409763336173 5.9843645244836834 10.619657024741178 7.8361431658267966 7.0482163131237021 4.6561519503593427 7.8214555978775024 5.3739772886037818 48.67921207845211 8.6435756683349627 8.3784657865762728 8.0873506814241392 16.598883748054504 13.670426055788992
leaf_count=27 39 21 273 23 36 259 56 50 26 715 62 27 27 30 23 26 23 26 50 36 32 20 33 23 196 35 34 33 67 59
internal_value=0.000179495 0.00557459 -0.00615045 0.00212745 -0.00377844 0.00286593 0.00387213 -0.00195118 -0.00508401 0.00895252 -0.00322644 -0.00471374 -0.000417572 0.00215699 -0.00447909 -0.00350355 0.00289348 0 -0.00188364 0.0001725 0.00384224 -0.00389787 0.0018933 -0.00494417 -0.00968604 -0.00734254 -0.00344059 -0.000184847 -0.0108537 0.00592361
internal_weight=527.194 284.706 242.488 141.136 145.418 127.133 105.354 21.7793 16.8097 143.569 136.7 89.0983 47.6017 32.6061 14.003 12.9245 93.2531 36.3316 31.4884 25.504 17.6679 82.5764 12.4776 70.0988 97.0704 48.3912 23.1488 16.4658 25.2425 19.6816
internal_count=2387 1379 1008 643 616 581 482 99 76 736 580 376 204 142 62 56 426 167 144 118 82 349 53 296 392 196 94 67 102 86
is_linear=0
shrinkage=0.01


Tree=41
num_leaves=31
num_cat=0
split_feature=37 37 9 3 46 6 0 46 25 29 39 37 17 38 30 37 29 37 27 28 9 38 38 38 10 33 13 38 13 14
split_gain=183.951 49.8608 9.03252 6.82981 6.77798 7.97051 7.46243 6.10255 6.2834 8.41614 6.61961 5.4776 9.01361 6.04538 5.62721 5.34071 5.24362 5.14837 5.48236 5.13911 6.52331 7.97254 5.07413 7.19942 5.14322 5.00743 4.71373 5.76372 4.71013 8.37648
threshold=0.85588966133151145 0.32407000768948008 0.38069950044155126 55.181695938110359 3.5108708163778421e-07 0.060087500140070922 2.7174900770187382 1.0075760543167779e-07 0.0025433632545173173 0.42049999535083776 0.527332144979204 0.67716933005920199 -0.5617450177669524 -0.39981023934827697 -0.01053767232224345 0.9605884686436067 0.331499993801117 0.43467481639369016 0.020844638347625736 -0.58552372455596913 0.34812349081039434 0.14587667638638274 -2.8030649757936845 -1.8436286080767224 1.154003977775574 0.35634756088256841 0.28434950113296514 0.31800168584046523 0.054656000807881362 -0.16107499599456784
decision_type=2 2 2 2 2 2 2 2 2 2 2 2 2 2 2 2 2 2 2 2 2 2 2 2 2 2 2 2 2 2
left_child=1 22 3 15 6 -6 7 11 10 -10 -9 12 17 28 -13 -2 -8 -3 -19 -16 21 -21 -1 -24 -25 -26 27 -11 -14 -30
right_child=2 4 -4 -5 5 -7 16 8 9 26 -12 14 13 -15 19 -17 -18 18 -20 20 -22 -23 23 24 25 -27 -28 -29 29 -31
leaf_value=-0.0021515454500748493 0.0045695886433145556 -0.016850944928225035 0.010465157100130282 -0.0045334748219882873 -0.017684289842634038 -0.00096670977550969634 -0.011520667898840341 0.010455053210158669 -0.0090899002250938339 0.0086875725848192167 -0.0014064078338635567 -0.0055695246307623991 0.0065072016210303233 -0.0045778147322446177 0.010404371667798434 0.010511186041804692 -0.0026465110952724608 -0.011975016592417873 0.0026217786297112796 0.0073090205514744514 0.0060571459109163665 -0.0068359709648628921 -0.013721820403198214 -0.0061752291725068629 -0.0079127845204149446 -0.016252313010221078 -0.0051350690546338295 -0.0020408115613672144 0.0045471839331447019 -0.0096449846776074551
leaf_weight=10.524480074644087 44.300606116652489 6.0712731033563641 100.24051508307457 5.7160879969596854 5.2096191346645337 6.481348842382431 9.0827765911817533 15.509742572903635 7.6600595116615287 13.952380701899534 6.5038878470659247 9.5756189972162229 12.95949298143387 26.179519444704056 7.380803555250167 24.027468532323837 26.338104203343391 5.2028234750032407 4.7679480165243149 5.4909658432006863 15.310468658804892 13.490863546729086 31.305307939648628 56.682584315538406 19.293488919734958 12.687067672610281 5.8166600465774527 7.5260492116212836 9.6043850928545016 7.1356675624847403
leaf_count=43 216 25 518 27 22 28 38 70 34 62 29 43 56 113 34 125 112 22 21 25 71 60 126 230 78 51 26 34 41 30
internal_value=7.05054e-05 -0.00403164 0.00849394 0.00580132 -0.00119629 -0.00858785 -0.00078697 3.35273e-05 0.00274248 7.40868e-05 0.00691487 -0.00121252 -0.00299513 -0.00107151 0.00127064 0.00668586 -0.00497624 -0.00958556 -0.00493892 0.00287588 0.00120088 -0.00267491 -0.00895698 -0.00954338 -0.00804299 -0.0112927 0.00270615 0.00488996 0.00199065 -0.00146438
internal_weight=532.028 357.743 174.285 74.0442 227.25 11.691 215.559 180.139 56.9688 34.9551 22.0136 123.17 71.9211 55.8791 51.2487 68.3281 35.4209 16.042 9.97077 41.6731 34.2923 18.9818 130.493 119.968 88.6631 31.9806 27.2951 21.4784 29.6995 16.7401
internal_count=2410 1524 886 368 996 50 946 796 255 156 99 541 308 240 233 341 150 68 43 190 156 85 528 485 359 129 122 96 127 71
is_linear=0
shrinkage=0.01


Tree=42
num_leaves=31
num_cat=0
split_feature=37 37 37 13 46 10 9 30 44 44 1 0 37 38 28 27 10 38 0 27 27 27 37 44 37 34 29 46 34 37
split_gain=165.517 28.8205 22.1558 10.5531 14.7135 9.52102 8.8406 7.93906 7.26425 8.74255 8.05469 7.24048 7.01535 7.23661 6.92814 8.12477 6.56819 6.41774 6.12239 9.33813 7.40724 6.40619 6.08319 5.07805 4.90102 5.31478 4.89488 6.66848 6.42989 5.42974
threshold=0.72765496584784561 0.44862021092944265 0.92279024803622567 -0.032884499058127396 3.060747415403664e-07 -3.1543120145797725 0.33404949307441717 0.051621794700622566 -2.9697816916204092 -0.064417433304945274 0.11490450054407121 -0.25817649811506266 0.2375684916372196 -1.0655159458811039 0.6128755807876588 0.026882947422564033 1.154003977775574 -2.8030649757936845 0.071775499731302275 0.026706671342253688 0.020844638347625736 0.020564319565892223 0.25926049318098504 -1.7541440051266308 0.57034342343617372 0.68494182825088512 0.37950000166893011 8.6471082586790055e-08 0.69160956144332897 0.3149972589403765
decision_type=2 2 2 2 2 2 2 2 2 2 2 2 2 2 2 2 2 2 2 2 2 2 2 2 2 2 2 2 2 2
left_child=1 12 3 6 5 14 -2 8 -3 10 24 -8 13 17 15 -5 -12 -1 20 -20 21 -11 -14 -19 -10 -26 27 28 -24 -30
right_child=2 7 -4 4 -6 -7 11 -9 9 18 16 -13 22 -15 -16 -17 -18 23 19 -21 -22 -23 26 -25 25 -27 -28 -29 29 -31
leaf_value=-0.0017303458852484196 -0.0101947547770524 0.01181799415601408 0.0090856537216839079 0.0069843520732960629 -0.010348229942270231 0.010168694634880389 0.009043237534780809 -0.011030427360455954 0.0085693314545273597 4.0806599890020649e-05 -0.0044277290521431093 -0.0024373204842105824 0.0032571152177596169 -0.0026482789318289942 -0.0053963064885295103 -0.0046256195865210185 -0.015220114413580928 -0.0031392017556486798 0.008700607095332609 -0.0060605783300148085 0.002449375948611329 -0.015913954776433318 -0.0098034205803173829 -0.012379425429135544 0.0050893891366544488 -0.0084717640777797615 -0.0021051991222578209 -0.014272393839788991 -0.0073880044614360353 0.0037984638419955277
leaf_weight=7.6113617718219748 8.9585989862680417 4.4846964925527564 121.73789916932583 31.965011075139046 5.7864291518926612 32.44687694311142 8.0972916185855883 7.5718442648649207 5.9509329795837429 4.5761103481054324 22.749744564294819 16.378760531544685 7.0902341157197943 13.524719834327696 7.8360588997602454 7.2409722954034796 7.6860072761774054 6.9270583242177954 19.120456799864773 5.3554845899343482 17.158306688070297 5.1730772256851196 18.83808159828186 68.42398490011692 4.9701643139123899 6.491595521569252 20.075329691171646 12.874185696244238 7.8685024231672314 9.3332644402980787
leaf_count=31 40 21 632 150 26 156 39 32 26 20 97 74 29 55 36 34 32 28 86 23 76 22 78 275 22 28 84 53 32 39
internal_value=-1.61655e-05 -0.00518845 0.00608531 0.00299497 0.00486342 0.00599494 -0.00174101 -0.0012083 -0.000471666 -0.00104849 -0.00412656 0.00134139 -0.00774727 -0.00955378 0.00307945 0.00480835 -0.00722682 -0.0106629 0.00180084 0.00541856 -0.0014608 -0.00839914 -0.00543352 -0.0115485 0.00124561 -0.00251159 -0.00634458 -0.00805627 -0.00577472 -0.00127382
internal_weight=524.303 283.855 240.448 118.71 85.2753 79.4889 33.4347 111.288 103.717 99.2319 47.8484 24.4761 172.567 96.4871 47.042 39.206 30.4358 82.9624 51.3834 24.4759 26.9075 9.74919 76.0796 75.351 17.4127 11.4618 68.9894 48.914 36.0398 17.2018
internal_count=2376 1189 1187 555 402 376 153 485 453 432 205 113 704 389 220 184 129 334 227 109 118 42 315 303 76 50 286 202 149 71
is_linear=0
shrinkage=0.01


Tree=43
num_leaves=31
num_cat=0
split_feature=37 37 37 44 10 25 37 18 3 46 26 41 14 27 44 44 39 27 37 30 44 27 44 27 23 25 26 14 33 0
split_gain=188.977 26.7712 23.2388 12.2312 9.04946 7.76247 6.95673 6.83337 8.79696 6.61549 7.15068 6.53538 7.3704 6.80004 6.14289 5.67952 5.62848 5.51786 5.06393 6.81597 6.35122 8.10174 6.91962 5.99169 7.01084 5.20157 5.35037 5.02565 5.66661 6.25849
threshold=0.67274043001872974 0.2375684916372196 0.9605884686436067 -2.9202155500791673 -13.689263820648192 0.00049820914864540111 0.85588966133151145 0.64400899410247814 45.723354339599616 1.8819528212273811e-07 1.0004652142524721 0.73112145066261303 -0.011832500342279671 0.020347802899777893 -1.801589864710168 -1.5521823723640245 0.75716625716625729 0.025953792966902259 0.46720719433613367 0.048683634027838714 -1.0000000180025095e-35 0.026900250464677814 -0.51494935671937536 0.026543287560343746 -4.0547350645065299 0.0029013606254011397 1.0004301667213442 -0.15168099850416181 0.34884758293628698 2.2321540117263798
decision_type=2 2 2 2 2 2 2 2 2 2 2 2 2 2 2 2 2 2 2 2 2 2 2 2 2 2 2 2 2 2
left_child=1 14 5 -3 17 -2 7 8 9 10 -7 13 -13 -8 -1 -4 18 -5 19 23 22 -22 25 24 -6 26 -20 -16 -29 -30
right_child=2 3 15 4 16 6 11 -9 -10 -11 -12 12 -14 -15 27 -17 -18 -19 20 -21 21 -23 -24 -25 -26 -27 -28 28 29 -31
leaf_value=-0.0026181636517693119 -0.0051861397083247576 0.011107751513801462 0.0014543992793856701 0.012533915706713299 0.0062893094586340906 0.0013502133318082441 0.012374732346422281 -0.001361067882074821 0.011619486771132613 -0.0062164160450367077 0.010455211179123174 -0.010769724722566161 0.0072212585957777131 0.0056460375674769712 -0.014409650729319377 0.01123629114111137 -0.009596674134509986 -0.0011001073220404185 -0.00141613079810942 0.0056779911710015674 0.0051762181287924973 -0.0073825319591686121 -0.013189189252889874 -0.011977868288537372 -0.0060807833283208143 0.0070960984813508363 -0.013254302038716697 -0.0063407720209673682 -0.015628049443566851 -0.004256803862340639
leaf_weight=10.58241932094097 8.4420591294765455 5.5093412250280371 6.7286606580018988 4.8545091301202756 4.9876035004854122 30.295209616422653 21.123923435807228 29.333500057458878 13.443701714277266 7.2873109281063071 12.169140398502348 4.3261975646018982 4.5535418391227704 57.007994279265404 28.141366302967072 76.237342432141304 19.494336634874344 7.0777273327112198 16.561693236231811 4.7368431836366645 19.996884807944301 6.7599622756242743 7.2136230617761603 15.547422945499418 41.607388347387321 4.8280795365571967 4.9758440256118766 33.903878837823868 19.174951896071438 6.9439674019813529
leaf_count=43 39 25 35 22 21 138 105 131 62 32 56 21 22 283 113 405 81 31 71 20 89 29 30 64 172 21 21 137 77 28
internal_value=0.000182163 -0.00585491 0.00604354 -0.00336732 -0.00388299 0.00408551 0.00452968 0.00259858 0.00445159 0.00247522 0.00400139 0.0065664 -0.00145489 0.0074915 -0.00997244 0.0104577 -0.00456779 0.00442172 -0.00378239 -0.00568199 -0.00165432 0.00195041 -0.00455362 -0.00657171 -0.00472462 -0.00211224 -0.00424595 -0.0108399 -0.00912841 -0.0126708
internal_weight=533.846 262.898 270.949 164.151 158.642 187.983 179.541 92.5289 63.1954 49.7517 42.4644 87.0117 8.87974 78.1319 98.7466 82.966 146.71 11.9322 127.215 66.8793 60.3361 26.7568 33.5792 62.1424 46.595 26.3656 21.5375 88.1642 60.0228 26.1189
internal_count=2424 1095 1329 697 672 889 850 419 288 226 194 431 43 388 398 440 619 53 538 277 261 118 143 257 193 113 92 355 242 105
is_linear=0
shrinkage=0.01


Tree=44
num_leaves=31
num_cat=0
split_feature=38 38 0 33 26 30 29 38 22 10 8 33 25 27 28 0 13 25 30 13 44 8 27 6 25 29 29 39 27 28
split_gain=122.952 12.1664 12.0069 11.1846 10.6287 9.21352 8.15483 7.65185 6.85663 12.8371 9.17509 6.84672 7.64224 8.09925 7.27257 8.13031 6.76413 9.16363 6.19381 6.04915 8.47276 16.1476 7.11393 7.02473 9.33522 5.93384 15.5785 8.95203 6.67116 5.76475
threshold=-0.010248791202891318 -0.78180145008089408 -0.083535503596067415 0.18200140446424487 1.0028881430625918 0.045408776029944427 0.082499999552965178 1.3538835958796223 0.49569901823997503 -11.735925674438475 -0.18540800362825391 0.28316020965576177 0.00094379863003268849 0.02066031284630299 -0.59446191787719715 1.4623594880104067 0.034321000799536712 0.0014143140870146456 0.015993682667613033 0.12950950115919116 -0.88191643853383994 2.719154000282288 0.026784881018102173 0.20185900479555133 0.0027329564327374105 0.25349999964237219 0.30349999666213995 0.079098569969356505 0.027258643880486492 0.40390661358833319
decision_type=2 2 2 2 2 2 2 2 2 2 2 2 2 2 2 2 2 2 2 2 2 2 2 2 2 2 2 2 2 2
left_child=1 4 19 16 6 11 -1 -5 10 -10 25 12 -3 -14 -13 -16 17 -4 -18 20 21 -2 -21 -22 -25 27 -27 -8 -28 -19
right_child=2 5 3 7 -6 -7 8 -9 9 -11 -12 14 13 -15 15 -17 18 29 -20 22 23 -23 -24 24 -26 26 28 -29 -30 -31
leaf_value=0.0035703920243174815 -0.012805303022460458 -0.0086501766740916149 -0.017420191090102694 0.003322994001488333 0.0077805707916784143 -0.012576907490850416 -0.0053581404622183504 0.01256503763833146 0.0033900552327243288 -0.011880224625645265 0.0057889119142651522 -0.014980119455458379 0.0098355014548210124 -5.0787778142586655e-05 0.001647008237688097 -0.0087133924171100673 0.0049329578758472029 0.0023005169645213832 -0.0070020502352050274 0.0054204542287585459 0.010633990155983264 0.0079033535298960872 -0.004489891570105679 -0.0097439803289813779 0.008259360691099206 0.0077506960474737008 -0.0089134370714851769 -0.014962092066904227 0.0032767846133407398 -0.01044085859985483
leaf_weight=6.5515201687812796 5.2880428433418301 5.8891370445489875 5.1181151270866421 84.576620191335678 4.7395282983779898 7.521231308579444 23.149635478854179 10.072436854243277 5.9779450893402091 53.832362458109856 6.0875613987445822 5.2505021393299094 12.85352712869644 22.446280658245087 19.598243489861492 12.106812193989752 17.266086533665661 10.264203101396559 5.6568588763475409 37.305650740861893 67.391270205378532 12.32638695836067 8.7921644002199155 4.1007323712110511 8.9260720610618574 8.6418175846338254 30.210645422339439 17.47864094376564 5.0849235653877249 5.2502859830856314
leaf_count=27 24 25 23 402 20 32 95 51 25 217 27 22 57 96 85 51 80 47 25 185 348 63 41 20 44 36 125 71 21 23
internal_value=6.81664e-06 -0.0051365 0.00451785 0.00239785 -0.00675246 -0.00206924 -0.00720218 0.0043293 -0.00767995 -0.0103342 -0.00590828 -0.00103034 0.00175476 0.00353842 -0.00415783 -0.0022927 -0.0017767 -0.00592878 0.00192662 0.00654068 0.00795388 0.00159275 0.003503 0.00933106 0.00248482 -0.00676797 -0.00416526 -0.00954099 -0.00712468 -0.00198652
internal_weight=529.755 247.42 282.335 138.205 161.755 85.6657 157.015 94.6491 150.464 59.8103 90.6532 78.1445 41.1889 35.2998 36.9556 31.7051 43.5555 20.6326 22.9229 144.13 98.0325 17.6144 46.0978 80.4181 13.0268 84.5657 43.9374 40.6283 35.2956 15.5145
internal_count=2408 1032 1376 651 664 368 644 453 617 242 375 336 178 153 158 136 198 93 105 725 499 87 226 412 64 348 182 166 146 70
is_linear=0
shrinkage=0.01


Tree=45
num_leaves=31
num_cat=0
split_feature=37 37 37 0 37 25 14 4 8 33 37 9 3 18 0 27 33 0 14 28 33 18 46 37 33 0 28 33 25 34
split_gain=163.522 47.8425 9.23724 8.46554 7.54947 6.21855 8.47541 6.14509 6.3667 11.6251 5.95461 5.69169 6.34001 5.5649 7.83789 5.67334 5.53291 6.42084 6.37811 5.74758 5.21384 4.90048 5.05007 4.99051 5.42251 4.80466 6.92823 5.73206 5.52532 5.49237
threshold=0.85588966133151145 0.44862021092944265 0.9761275923501338 3.8205720186233525 0.13883669175100252 0.0033993547549471263 0.16007299721241 -5687.9118652343741 3.4864635467529301 0.24978207051754001 0.56580402118102324 0.33668150007724768 55.181695938110359 0.59389400482177745 -1.8070985078811643 0.019720087759196762 0.75940072536468517 -2.001023948192596 -1.0000000180025095e-35 0.62847313284873974 0.063049878925085082 0.40610599517822271 5.4311123290415733e-08 0.32407000768948008 0.2542491108179093 0.37716600298881536 -0.23814791440963742 0.4134685099124909 0.0013025605003349485 0.69889500737190258
decision_type=2 2 2 2 2 2 2 2 2 2 2 2 2 2 2 2 2 2 2 2 2 2 2 2 2 2 2 2 2 2
left_child=1 4 11 13 -1 7 -7 -6 21 -10 -5 12 -2 16 -15 -16 17 -3 19 -19 -20 22 -9 24 -24 27 28 -23 -27 -28
right_child=2 3 -4 10 5 6 -8 8 9 -11 -12 -13 -14 14 15 -17 -18 18 20 -21 -22 25 23 -25 -26 26 29 -29 -30 -31
leaf_value=-0.010598685072202808 0.0045026805211532874 -0.0075552302594390358 0.011080747199032704 -0.01622975116473226 -0.016133225868017735 0.0039695108241841505 -0.0097807551413477585 -0.0151340711633974 -0.0030600584707713842 -0.020767554090785855 -0.0028930210667186553 0.0076759598873248572 -0.0076324393448319421 0.0060922230823473615 0.0032546243404168482 -0.005293484014345106 -0.005805777968599826 0.0037278304425136613 0.0091262976764373404 0.012460342464819562 -0.0015855255043914771 -0.0033588766218188367 -0.01666225038839041 -0.00030352620279704118 -0.0041060514932346939 -0.0040434081661206512 -0.0070006195911160828 0.0095652831692948758 -0.018507774751332425 0.0031488426282871348
leaf_weight=58.032592698931694 29.711018934845924 5.9410314708948126 60.196541309356689 5.0412104874849311 7.1553371846675864 12.451307117938997 6.8509778827428809 8.0971630066633207 7.2808669954538328 7.8812556266784668 10.480692028999327 78.237006664276123 4.8880115151405326 9.6249001324176771 9.3421091735362989 41.104641050100327 8.8297307640314084 45.206418335437768 5.1728668063879075 9.1912491172552091 32.688584789633751 8.5243036001920682 6.1929167658090618 9.9771204441785795 8.4084005802869779 5.4016993939876503 10.326686307787901 5.5476706624031058 5.6640188544988632 10.677684798836706
leaf_count=233 147 26 324 21 29 52 28 33 30 32 45 398 23 45 42 179 39 205 23 42 144 35 25 42 34 22 42 23 23 44
internal_value=-9.50657e-05 -0.00392695 0.00789338 -0.000322203 -0.00760774 -0.00615066 -0.0008846 -0.00714398 -0.00643251 -0.0124057 -0.00736471 0.0061758 0.00274241 0.000330001 -0.00209632 -0.00368739 0.00170182 0.00239227 0.00305115 0.00524182 -7.54814e-05 -0.00525652 -0.00823494 -0.00586945 -0.0095767 -0.00311247 -0.00525273 0.00169727 -0.011636 -0.00180323
internal_weight=534.126 361.093 173.033 182.623 178.47 120.437 19.3023 101.135 93.9798 15.1621 15.5219 112.836 34.599 167.102 60.0717 50.4468 107.03 98.2002 92.2591 54.3977 37.8615 78.8177 32.6756 24.5784 14.6013 46.1421 32.0701 14.072 11.0657 21.0044
internal_count=2430 1538 892 811 727 494 80 414 385 62 66 568 170 745 266 221 479 440 414 247 167 323 134 101 59 189 131 58 45 86
is_linear=0
shrinkage=0.01


Tree=46
num_leaves=31
num_cat=0
split_feature=37 37 37 28 44 38 38 33 38 13 0 46 23 30 13 46 34 46 34 27 29 27 22 44 27 23 37 22 38 28
split_gain=157.548 30.0254 15.2697 12.9913 9.76689 7.62078 10.4021 7.27961 7.10181 8.57727 6.15034 5.72864 6.71935 7.00524 6.42837 5.63326 6.66055 5.76964 7.41641 6.36985 5.57736 8.65123 7.17963 6.20749 5.84761 7.9616 5.08287 7.62751 4.94275 4.99595
threshold=0.75904105166395808 0.2375684916372196 0.9605884686436067 0.86043295264244091 -3.0309317354864791 -2.480342902680039 -1.9630405078611866 0.27630662918090826 -1.0655159458811039 0.21479249745607379 5.39595651626587 3.2831635898235037e-07 -24.207545280456539 0.015993682667613033 -0.45041999220848078 1.2473838732702133e-07 0.72296300530433666 3.060747415403664e-07 0.70256507396698009 0.021883822046220306 0.24949999898672107 0.020419640466570858 -4.1956741809844962 1.2190562427895744 0.019720087759196762 2.2352614998817448 0.65061814566983367 -0.11067499592900275 -1.1662927185526819 -0.1243959106504917
decision_type=2 2 2 2 2 2 2 2 2 2 2 2 2 2 2 2 2 2 2 2 2 2 2 2 2 2 2 2 2 2
left_child=1 7 3 11 -3 -6 -7 8 9 -1 15 12 -2 14 -14 20 17 18 26 -19 21 24 -23 -22 -8 -26 27 -17 -24 -30
right_child=2 4 -4 -5 5 6 10 -9 -10 -11 -12 -13 13 -15 -16 16 -18 19 -20 -21 23 22 28 -25 25 -27 -28 -29 29 -31
leaf_value=-0.0050097914528691081 0.013669350479198674 0.010669829770090707 0.010033202040198164 -0.011972772622169128 0.0097317080569141977 -0.015973791869456001 0.0011419497012708859 -0.011799874123421832 0.0020695570371573337 -0.015605917640687934 -0.010449851409241429 -0.0027566796799835575 -0.0050004521781080056 0.0098417699285550109 0.0045408800639832317 0.0069575222448558221 0.0078322235681016657 -0.015571223074284036 -0.0067523162982625149 0.00045887120592198489 -0.0077377676116842263 -0.00974728198884388 -0.0062528496448649249 0.00081137343279348475 -0.0015902592671994855 -0.013172596725647476 0.011700759216573887 -0.0084614611170185389 0 0.0073420927115107008
leaf_weight=28.269083350896835 9.8319782465696317 5.5684481561183921 83.67839977145195 4.4392426013946524 4.7443601340055457 5.8567108809947959 9.5279619544744474 48.326434820890427 8.3421637117862684 10.729403764009474 9.2346819341182691 8.3337594866752607 7.4944238364696494 24.225120693445206 88.343414425849915 8.0569712817668897 10.513721495866774 4.9484468251466733 8.1895084232091886 4.629348486661911 38.005758538842201 5.2092071175575247 5.3688442558050076 10.642229259014128 11.063332587480547 13.351980939507483 6.4689353704452506 5.1691796928644242 17.53214564919471 19.570812970399871
leaf_count=114 49 26 450 21 20 24 41 194 34 43 38 38 35 119 429 35 46 21 35 20 162 22 22 46 47 55 29 22 76 86
internal_value=0.000336201 -0.00442191 0.0066319 0.00462432 -0.00224256 -0.00261579 -0.00292883 -0.00904361 -0.00618993 -0.00798307 -0.00250769 0.00517284 0.005691 0.0050185 0.0037799 -0.00208499 0.000826693 -0.00112838 0.00114547 -0.0077952 -0.00316478 -0.00154742 0.00118235 -0.00584922 -0.00540358 -0.00799297 0.00449752 0.000838003 0.00256611 0.00388249
internal_weight=525.666 299.32 226.346 142.668 203.653 198.084 193.34 95.6671 47.3407 38.9985 187.483 138.229 129.895 120.063 95.8378 178.248 47.9761 37.4624 27.8846 9.5778 130.272 81.6243 47.681 48.648 33.9433 24.4153 19.6951 13.2262 42.4718 37.103
internal_count=2399 1258 1141 691 873 847 827 385 191 157 803 670 632 583 464 765 208 162 121 41 557 349 206 208 143 102 86 57 184 162
is_linear=0
shrinkage=0.01


Tree=47
num_leaves=31
num_cat=0
split_feature=38 0 38 33 38 25 23 33 0 10 1 44 38 27 13 44 33 29 13 38 23 29 29 39 25 29 0 28 27 27
split_gain=123.082 17.722 13.5473 13.4946 10.2629 8.68225 7.62961 9.90322 9.13071 13.8139 7.91253 9.14263 7.48991 7.36224 7.0819 14.1702 10.3669 6.28505 6.22468 6.28058 6.09273 6.00175 8.11782 6.24585 5.3497 5.16744 7.01683 4.98925 4.91725 5.20353
threshold=-0.010248791202891318 0.42534750699996954 -1.1662927185526819 0.18200140446424487 0.63982242563266623 0.00083143982919864367 -2.1146094799041744 0.37062631547451025 -0.873500496149063 -11.208739280700682 0.11490450054407121 -2.8018245202483523 -2.5935157370932758 0.026543287560343746 0.0059345001354813584 0.18575476954699913 0.17281253635883334 0.66699999570846569 0.23035350441932681 1.0833822787891763 2.8623635768890385 0.24949999898672107 0.30349999666213995 0.065656565656565677 0.0031565326498821382 0.42049999535083776 2.7174900770187382 0.58478558063507091 0.020414623431861404 0.020511719398200515
decision_type=2 2 2 2 2 2 2 2 2 2 2 2 2 2 2 2 2 2 2 2 2 2 2 2 2 2 2 2 2 2
left_child=2 4 12 17 14 -5 7 8 9 -4 20 -12 13 -1 15 16 -2 -3 -6 -20 -8 23 -23 28 -17 26 -7 -9 -14 -30
right_child=1 3 6 5 18 25 10 27 -10 -11 11 -13 21 -15 -16 24 -18 -19 19 -21 -22 22 -24 -25 -26 -27 -28 -29 29 -31
leaf_value=0.0047273394828533924 -0.01936269248646871 -0.0067543507251680472 0.00681599460144117 -0.0087475597940822776 0.0090792061461910968 0.0046583583545003861 -0.0063571267770871935 -0.0080956187014953555 0.0060241673147403141 -0.013263036473955105 0.0054478412013367139 -0.0085829307554592914 -0.0017757905123668494 -0.0096936563311504059 0.0059490602113418311 0.0094318095356094641 -0.00099032414785440287 0.0031559108649084839 -0.0020644167883498029 0.0080942762203765322 0.0060207570421382415 0.001900588885937653 -0.0080315916933914773 -0.01500822836846003 -0.0032544092449775775 0.0092708553493608577 -0.0081022774978969474 0.0031745268944619047 -0.019528044914667819 -0.0075945482683541987
leaf_weight=9.0596624165773374 5.0463620424270648 24.132455959916115 6.2165285646915436 4.7935879081487647 104.22133933007717 27.325132802128792 6.6451217681169537 17.53050991892815 27.051356121897697 7.3129069507122022 5.025339499115943 44.545586138963699 9.6535394191741961 5.650622531771659 38.772817090153694 11.274540111422537 7.9543676376342773 8.47248427569866 11.171700626611711 12.874875351786612 9.5230462700128538 10.321743473410605 37.185284420847893 21.767000019550323 4.4953349381685248 19.110266670584679 4.9727385193109503 4.8492833822965613 4.9952882230281856 16.143005728721619
leaf_count=38 22 107 28 21 541 129 29 75 119 31 22 182 39 23 184 56 36 39 56 66 42 42 152 88 22 95 22 21 20 65
internal_value=0.000202204 0.00466845 -0.00501441 0.00094845 0.00634914 0.00392428 -0.00277118 -0.000265113 0.00266219 -0.0039814 -0.0051521 -0.0071323 -0.00751645 -0.000772688 0.00316306 -0.000564466 -0.00829144 -0.00414679 0.0080153 0.00334427 0.000864168 -0.00849608 -0.00585318 -0.0108503 0.00575476 0.00513998 0.00264386 -0.00560585 -0.0078396 -0.0105404
internal_weight=528.094 284.618 243.476 88.8067 195.811 56.2017 128.7 62.9606 40.5808 13.5294 65.7391 49.5709 114.776 14.7103 67.5434 28.7706 13.0007 32.6049 128.268 24.0466 16.1682 100.066 47.507 52.5588 15.7699 51.4081 32.2979 22.3798 30.7918 21.1383
internal_count=2412 1396 1016 413 983 267 549 274 178 59 275 204 467 61 320 136 58 146 663 122 71 406 194 212 78 246 151 96 124 85
is_linear=0
shrinkage=0.01


Tree=48
num_leaves=31
num_cat=0
split_feature=37 37 37 37 6 23 11 10 37 0 39 2 41 30 25 37 29 13 41 17 41 30 41 2 18 1 41 0 26 25
split_gain=144.409 43.9971 8.78573 7.98426 8.88169 7.87868 7.79963 7.35102 6.67482 6.19768 5.9155 9.0673 7.0231 6.76385 6.36264 5.97025 5.19589 4.70011 4.67311 6.63407 6.71905 8.08063 6.46833 5.42586 5.04471 4.63146 4.62362 4.61294 4.60421 7.53948
threshold=0.85025590610701507 0.46720719433613367 0.9605884686436067 0.2375684916372196 0.058339500799775131 -4.7838590145111075 1.0000000180025095e-35 6.861865997314454 0.057691606747407219 2.7174900770187382 0.68826192964124011 3535.3725585937505 0.68705186247825634 0.0079697081819176691 0.00058246671687811624 0.79696439844135514 0.40549999475479132 0.28434950113296514 0.69572460651397716 -1.0000000180025095e-35 0.65532872080802929 0.0018790141912177207 0.728257715702057 2547.336059570313 0.61002299189567577 0.10875800251960756 0.7345266342163087 -0.083535503596067415 0.99947413802146923 0.0018323552794754507
decision_type=2 2 2 2 2 2 2 2 2 2 2 2 2 2 2 2 2 2 2 2 2 2 2 2 2 2 2 2 2 2
left_child=1 3 27 4 8 6 -5 10 -1 -7 11 14 -13 -14 -3 18 28 -17 19 24 21 -21 23 -20 -16 -25 -24 -2 -10 -30
right_child=2 7 -4 5 -6 9 -8 -9 16 -11 -12 12 13 -15 15 17 -18 -19 22 20 -22 -23 26 25 -26 -27 -28 -29 29 -31
leaf_value=-0.013043438851218565 0.0075738745846134258 -0.0085416129896815855 0.0099445204408653946 0.0049185060046458787 -0.01311147005754762 -0.0048602226446208992 -0.0059446986310816262 0.0056163083736947604 -0.011332630690119819 -0.012752777901130448 -0.0055568052867490617 0.01072609083343003 0.0066748802203349597 -0.0088239760899503361 0.011356561720988086 -0.0096068817099767244 -0.010302958308986691 0.002563557810232073 0.0048956362655155281 0.0013881794244098103 0.0053059774149842578 -0.014900633583373291 0.012399473228691791 -0.0023610717548295831 -0.00052820065081689348 -0.011748900427394966 -0.00048717289224072712 0.0030095355140625662 -0.0037727196719402455 0.0088917836799894366
leaf_weight=13.233980193734167 47.340972721576691 10.443587049841879 83.03406648337841 13.940743267536163 34.367266073822975 41.081281542778015 12.377102851867676 20.820245236158371 5.4780103266239157 13.535981938242911 21.473313748836517 12.651759222149851 6.324429437518118 4.9108840227127075 12.039552658796309 10.758468583226202 13.382702663540838 4.2699213474988928 4.92841309309006 7.0841020196676308 11.047230198979376 5.0975593477487564 4.4436918497085554 12.360119462013246 4.825409308075904 9.5896984338760358 6.8122030645608902 43.792717546224594 25.068966254591945 5.6557419151067725
leaf_count=53 240 45 451 59 138 170 51 93 22 55 94 58 29 22 55 48 54 20 22 31 49 22 20 55 21 41 30 216 101 23
internal_value=0.000142427 -0.00357582 0.00757534 -0.00704683 -0.00899136 -0.0046913 -0.000155695 5.96982e-05 -0.00670418 -0.00685427 -0.000712971 9.81439e-05 0.0056465 -2.94323e-05 -0.00117448 -0.000330475 -0.0049693 -0.00608878 0.000769348 0.00315807 -0.000271215 -0.00541247 -0.00171766 -0.00439781 0.00791407 -0.00654257 0.00457665 0.00539722 -0.00294717 -0.00138774
internal_weight=522.17 348.002 174.168 178.122 97.1867 80.9351 26.3178 169.881 62.8194 54.6173 149.06 127.587 23.8871 11.2353 103.7 93.2564 49.5854 15.0284 78.228 40.0939 23.2289 12.1817 38.1341 26.8782 16.865 21.9498 11.2559 91.1337 36.2027 30.7247
internal_count=2388 1481 907 726 391 335 110 755 253 225 662 568 109 51 459 414 200 68 346 178 102 53 168 118 76 96 50 456 146 124
is_linear=0
shrinkage=0.01


Tree=49
num_leaves=31
num_cat=0
split_feature=37 37 37 46 9 27 1 29 39 25 13 27 6 8 38 29 29 13 1 38 9 3 37 10 34 6 29 2 6 4
split_gain=168.169 30.6209 21.0996 8.08013 7.47574 6.69933 9.58213 6.06846 5.63681 5.71206 5.56198 4.91045 4.97708 4.70432 4.90522 4.74131 8.11058 4.7263 5.81126 4.95219 4.69778 6.44524 4.91688 5.80325 4.69036 4.64721 6.86688 7.01722 7.6468 6.68333
threshold=0.6648651960074049 0.92279024803622567 0.32407000768948008 3.2831635898235037e-07 0.3291774988174439 0.026050351560115818 -0.1834749951958656 1.3209999799728396 0.025252525252525259 0.0021250157151371245 0.0038015000754967336 0.026372758671641353 0.040160000324249275 5.6169016361236581 -3.330004926002434 0.25149999558925634 0.2884999960660935 0.34870199859142309 0.10875800251960756 -1.693914281907557 0.38267450034618383 53.933359146118171 0.9605884686436067 -4.161395549774169 0.73595657944679271 0.04484550096094609 0.331499993801117 3078.000854492188 0.073612999171018614 462.76046752929693
decision_type=2 2 2 2 2 2 2 2 2 2 2 2 2 2 2 2 2 2 2 2 2 2 2 2 2 2 2 2 2 2
left_child=2 3 13 4 8 24 -7 -5 9 -2 -8 12 -10 14 -1 17 -17 18 19 -16 21 22 23 -3 -6 -4 27 29 -29 -27
right_child=1 20 25 7 5 6 10 -9 11 -11 -12 -13 -14 -15 15 16 -18 -19 -20 -21 -22 -23 -24 -25 -26 26 -28 28 -30 -31
leaf_value=0 -0.0008729546039080682 0.0076684894038916186 0.00095778876310655266 -0.0145067284681165 0.0066509307414142653 0.0053579619999217084 -0.015542991811398293 0.00055910132941795743 0.0081691680742894575 -0.012569662865680347 0 0.011994535972699772 -0.0044578309388622834 -0.00036246625480033961 -0.0095616726429534633 0.0024361219148433715 -0.0086954310713811683 -0.019364108295875159 -0.011864201181782505 0.0030064048187723531 0.010736873988113611 -0.0050167599347308188 0.010962854502781305 -0.0038976855222267914 -0.0033469802858192921 0.0044000211987553703 -0.00081269355277499566 -0.012184069449909508 -0.001339343778098462 -0.0063104790666874367
leaf_weight=5.6395287811756125 16.192526325583461 13.577692210674288 25.436715379357338 4.5676504671573621 70.111235186457634 12.614024594426157 4.6636760085821134 5.9595252275466919 4.9173170030117062 5.6394043266773215 4.6181275844573975 4.8925425708293906 8.1370157152414304 6.9040816873311988 6.9501359313726425 7.4327936917543402 45.829826638102531 6.7401035279035559 47.810896918177605 5.4152765870094282 76.485111072659492 4.1744618564844123 22.761559501290321 6.1503465175628653 4.832069680094718 9.6818089485168475 44.20138992369175 23.266537323594093 9.3462060540914518 14.122195139527319
leaf_count=23 73 69 110 20 335 61 20 26 23 25 21 23 37 28 28 30 185 27 192 22 414 21 123 31 22 42 190 96 41 59
internal_value=-9.20109e-06 0.00550436 -0.00577191 0.00241336 0.00306967 0.00456877 -0.000253212 -0.00595873 -0.00055703 -0.00398346 -0.00796125 0.0035547 0.000248442 -0.00855737 -0.00899847 -0.00942588 -0.00712163 -0.0112317 -0.0102736 -0.00399746 0.0091846 0.00660142 0.00777545 0.00401075 0.00598938 -0.00282672 -0.00379339 -0.00610545 -0.00912034 -0.00191218
internal_weight=529.072 270.294 258.777 147.145 136.618 96.8391 21.8958 10.5272 39.7788 21.8319 9.2818 17.9469 13.0543 132.723 125.819 120.179 53.2626 66.9164 60.1763 12.3654 123.149 46.6641 42.4896 19.728 74.9433 126.055 100.618 56.4167 32.6127 23.804
internal_count=2417 1344 1073 686 640 459 102 46 181 98 41 83 60 535 507 484 215 269 242 50 658 244 223 100 357 538 428 238 137 101
is_linear=0
shrinkage=0.01


Tree=50
num_leaves=31
num_cat=0
split_feature=37 37 30 9 37 29 46 25 37 29 10 10 16 26 38 39 38 44 34 22 10 29 10 26 39 26 6 29 39 37
split_gain=157.157 52.4639 7.17716 10.9899 6.97424 6.62344 6.79852 5.07103 7.40017 5.6952 5.07594 7.18889 7.03915 6.01462 5.18165 7.02648 5.31581 6.12936 4.89345 5.39154 4.74871 4.60172 4.28689 4.23382 4.83675 5.51543 5.67099 4.65847 4.58479 6.00573
threshold=0.85588966133151145 0.48303648310948094 0.051621794700622566 0.37037900090217596 0.96218455027683458 0.075500000268220915 4.4465626853639946e-08 0.00058246671687811624 0.7646403752333758 0.17650000005960467 -8.439363479614256 6.861865997314454 1.0000000180025095e-35 1.0012412667274477 0.9800384267213228 0.79166666666666674 -0.050493975191121608 1.2541729630841878 0.73112145066261303 -0.76148098707199086 -13.689263820648192 0.15149999409914019 13.105844974517824 1.0024638772010805 0.082903780068728533 1.0003277659416201 0.049659000709652908 0.15550000220537188 0.22727272727272729 0.17744447906193481
decision_type=2 2 2 2 2 2 2 2 2 2 2 2 2 2 2 2 2 2 2 2 2 2 2 2 2 2 2 2 2 2
left_child=1 5 7 -4 18 -1 -7 8 -3 21 12 14 13 -11 15 16 17 -12 -2 -20 -8 -9 -13 24 25 27 -27 -22 -26 -30
right_child=4 2 3 -5 -6 6 20 9 -10 10 11 22 -14 -15 -16 -17 -18 -19 19 -21 23 -23 -24 -25 28 26 -28 -29 29 -31
leaf_value=0.0034009151334665729 0.0065017720850391461 -0.011543226414868551 -0.018631001865531571 0.00093638085834871936 0.009976910710555514 -0.01341506658702659 0.0011957814151492699 0.0011228314776163481 0.0039400893039575596 0.0014294406249622468 0.0067122949182897634 0.0083218958395921225 0.0074953078671147512 -0.0098539275535622292 0.0041752541644407984 -0.013994561785357604 -0.00546437179466554 -0.0071783723134553265 0.0063290837547576861 -0.0095308446027659709 -0.0021475998452155686 0.0096959017857104653 -0.0032001667555331416 0 -0.014389521218271249 0.0057854518495404463 -0.0051439652899354952 -0.010090976204497433 -0.012518969968818327 -0.0060183726012613473
leaf_weight=4.9009868055582038 81.447105154395103 8.0789489448070508 5.1170962154865247 6.1585277318954468 72.91278550028801 22.301970079541206 5.9148929417133322 14.116355225443842 4.7705088555812827 32.095664262771606 9.2691584825515658 9.5551725625991804 17.14048233628273 5.4321205914020529 7.6042250841855994 6.8118426203727713 29.45584528148175 4.6635872572660437 4.2012517750263214 4.1294026672840101 10.109769985079764 11.647855266928671 4.6338564902544013 6.8069073408842078 17.716945365071297 6.4175945073366192 16.960367247462273 32.057417154312134 23.438672110438347 39.62917922437191
leaf_count=20 412 34 22 27 400 90 25 63 22 144 41 44 80 24 35 29 130 20 21 20 41 53 20 28 72 27 69 130 94 163
internal_value=-0.000504127 -0.00416781 -0.000255486 -0.00794149 0.00765742 -0.00786882 -0.0081806 0.000267316 -0.00573161 0.000783005 -8.23581e-05 -0.00183333 0.0022044 -0.00019909 -0.00340856 -0.00458323 -0.00305391 0.00197351 0.00575352 -0.00143367 -0.00743238 0.00505983 0.00449297 -0.00777273 -0.00813112 -0.00605493 -0.00208922 -0.00821976 -0.00979371 -0.00846609
internal_weight=525.496 362.806 176.551 11.2756 162.691 186.255 181.354 165.276 12.8495 152.426 126.662 71.9937 54.6683 37.5278 57.8047 50.2004 43.3886 13.9327 89.7778 8.33065 159.052 25.7642 14.189 153.137 146.33 65.5451 23.378 42.1672 80.7848 63.0679
internal_count=2400 1547 788 49 853 759 739 739 56 683 567 319 248 168 255 220 191 61 453 41 649 116 64 624 596 267 96 171 329 257
is_linear=0
shrinkage=0.01


Tree=51
num_leaves=31
num_cat=0
split_feature=37 37 37 44 37 37 26 9 44 33 18 13 13 38 34 18 2 34 44 33 46 9 28 26 46 6 31 8 39 30
split_gain=146.045 33.7779 18.5473 9.61921 5.73984 5.21242 7.22401 5.1946 5.07754 4.22436 6.40602 4.22362 8.22135 4.63124 5.53054 4.20022 5.19181 4.0983 5.39165 5.4002 5.82306 8.08377 5.70369 4.08267 5.37799 5.37275 5.2853 5.36587 5.23347 4.55043
threshold=0.75621612977670383 0.32407000768948008 0.9605884686436067 -3.1551613232378553 0.85588966133151145 0.79696439844135514 1.0021188259124758 0.3291774988174439 -1.5961392583029197 0.51452931761741649 0.59389400482177745 0.182268001139164 0.12407950311899187 -1.0655159458811039 0.68981280922889721 0.55990800261497509 3795.4301757812505 0.65042108297348034 1.3415871568623052 0.2542491108179093 7.5487559974540055e-08 0.30865299701690679 -0.03487951681017875 1.0021684765815737 1.5916063117638632e-07 0.062175000086426742 -0.0039004867430776353 -5.3521361351013175 0.93055555555555569 0.053267935290932662
decision_type=2 2 2 2 2 2 2 2 2 2 2 2 2 2 2 2 2 2 2 2 2 2 2 2 2 2 2 2 2 2
left_child=1 11 4 -3 5 7 9 -2 -4 10 -7 12 17 -13 -15 16 -6 -1 19 20 21 -19 -22 25 -25 28 -27 -28 29 -5
right_child=2 3 8 23 15 6 -8 -9 -10 -11 -12 13 -14 14 -16 -17 -18 18 -20 -21 22 -23 -24 24 -26 26 27 -29 -30 -31
leaf_value=-0.0039010276496421483 -0.0036328824827742412 0.011907866110789025 0.0010206989557891067 -0.0018108316188646457 0.0049783944669753184 0.0032331847300287337 -0.011753146143380251 0.0080453642119037126 0.010974574472733012 0.0088699021958751362 -0.0074076243300563102 -0.012929628971373924 0.0022999628697371894 -0.012011675794608276 0.0021981042607024073 0.008556522418765828 -0.0054774216953078604 -0.010636416123673957 -0.015877115133585872 -0.012385168902515968 -0.0028077402284851483 0.0050600714476150121 -0.015114962533703835 -0.015510334052054113 -0.0018258326379482241 -0.0090435446390485213 -0.0045300541593645671 0.0038239910470696764 -0.012881076426877748 -0.011745456546322273
leaf_weight=19.108921393752098 4.7077755033969906 5.0377560257911673 5.7852733731269828 96.35830345749855 51.094127133488655 15.025003418326383 5.0202210247516623 16.957110702991486 71.245888218283653 5.573097199201583 8.9075203835964185 31.421026661992073 8.3587751090526563 5.4469938278198224 5.1663817316293716 33.482662469148636 5.0633613318204871 4.9807875007391003 10.69671109318733 16.922994509339333 7.4345679879188493 9.1322534531354886 8.1844949126243609 4.9314212352037412 7.2177468240261078 4.5367372035980216 9.4638122767209989 37.733794465661049 4.8666036725044242 4.7992185354232779
leaf_count=77 21 24 31 413 257 70 22 79 394 26 41 126 34 22 21 171 25 20 43 68 30 37 33 21 31 19 40 167 20 20
internal_value=0.00012574 -0.00440555 0.00626571 -0.00154811 0.00415277 0.00161809 -0.00077056 0.00545671 0.0102423 0.00109768 -0.000699985 -0.00833406 -0.00699996 -0.0109793 -0.00504534 0.00572691 0.00400982 -0.00803138 -0.00938097 -0.00783943 -0.0051857 -0.00044505 -0.00937556 -0.00195973 -0.00754337 -0.00151889 0.00110774 0.0021217 -0.00280981 -0.00230317
internal_weight=524.661 301.799 222.862 174.945 145.831 56.1907 34.5258 21.6649 77.0312 29.5056 23.9325 126.854 84.8195 42.0344 10.6134 89.6402 56.1575 76.4607 57.3518 46.6551 29.7321 14.113 15.6191 169.908 12.1492 157.758 51.7343 47.1976 106.024 101.158
internal_count=2403 1266 1137 755 712 259 159 100 425 137 111 511 342 169 43 453 282 308 231 188 120 57 63 731 52 679 226 207 453 433
is_linear=0
shrinkage=0.01


Tree=52
num_leaves=31
num_cat=0
split_feature=37 37 37 6 8 9 39 27 0 38 34 46 34 22 2 33 30 37 25 39 9 39 38 0 13 27 27 25 33 17
split_gain=150.105 31.9738 15.3597 7.39962 8.58514 6.59655 11.6292 7.85025 6.49009 6.12919 6.08864 7.19113 6.01873 5.56816 7.79712 5.48454 5.15975 5.26499 5.12689 5.68474 5.10076 4.80444 4.73041 4.66608 4.33591 4.14531 17.0895 8.54252 4.0831 4.0803
threshold=0.63561832395545115 0.90160011258851724 0.46720719433613367 0.04484550096094609 -2.3110140562057491 0.3291774988174439 0.025252525252525259 0.026212384924292568 -0.25817649811506266 -1.0179741482541516 0.68181550502777111 4.7184788930171376e-08 0.72479817271232616 -2.9368635416030879 2461.5639648437505 0.27630662918090826 -0.0086602591909468157 0.81858040698771761 0.00086779249249957513 0.75716625716625729 0.33568349480628973 0.263666072489602 0.67171043964903376 1.4933019876480105 -0.40952649712562555 0.025928170420229438 0.020643461495637897 0.0019667649175971751 0.39869616925716406 1.0000000180025095e-35
decision_type=2 2 2 2 2 2 2 2 2 2 2 2 2 2 2 2 2 2 2 2 2 2 2 2 2 2 2 2 2 2
left_child=2 5 3 10 20 6 12 16 22 -4 28 -12 15 -3 -15 -2 17 -7 -11 29 -5 -8 -9 -13 -6 26 -16 -28 -1 -20
right_child=1 13 9 4 24 7 21 8 -10 18 11 23 -14 14 25 -17 -18 -19 19 -21 -22 -23 -24 -25 -26 -27 27 -29 -30 -31
leaf_value=0.0089075536228677629 -0.01365535762436052 0.010920959036182698 0.0075741954657605453 0.0047357972826407371 -0.0026291643884500423 -0.003352690696394029 0.0093548275104379294 0.0058328175181982687 -0.0096433953380705411 -0.0095253876107243823 0.0027237564527903724 -0.016080525728559756 0.0035380783554826815 -0.0071356828906007008 0.0091175901191023392 -0.0032834400134211647 0.005977016742766017 0.0071458225083682984 0.003492643982381154 -0.0094806630507841133 -0.0059084868666521365 -0.0016114106324439635 -0.0062364233871722808 -0.0038155409407426189 -0.010610689972443669 0.010584443240075141 -0.012951122908735957 0.0032013050472641641 -0.0020004031513346028 -0.0028498675845075707
leaf_weight=5.0535105168819419 9.82227766513825 53.635066404938698 6.3959186524152747 4.8218675553798667 7.801301270723342 13.99490697681904 9.7134586870670336 9.3817243129014987 7.6921101212501517 9.0602138638496381 5.3717603683471706 7.3960420638322812 5.3174672126770011 3.7494394928216925 35.921783909201622 11.329669177532194 58.162798956036568 7.1182880401611319 19.127767160534859 7.1276946365833274 44.947144985198975 6.4640437364578238 4.7898308634757987 5.8622147142887115 91.922422230243683 26.701773390173912 5.9540219902992231 6.9100689888000488 9.9437227100133878 21.337537750601768
leaf_count=21 43 293 28 20 32 63 45 44 33 38 22 30 24 19 192 51 273 34 84 30 183 29 23 24 372 144 31 36 41 93
internal_value=-0.000191254 0.00486027 -0.00587217 -0.00733882 -0.00829617 0.00158182 -0.00169901 0.00297542 -0.00229162 -0.00159171 -0.00304122 -0.00685454 -0.00579062 0.00839664 0.00666372 -0.00818847 0.00444168 0.00015673 -0.00265564 -0.00130966 -0.00484974 0.00492863 0.00166836 -0.0108015 -0.00999958 0.0073709 0.00557353 -0.00423979 0.00164359 0.000124777
internal_weight=522.828 276.659 246.169 183.12 149.493 143.787 42.6469 101.14 21.8637 63.0491 33.6273 18.63 26.4694 132.872 79.2371 21.1519 79.276 21.1132 56.6532 47.593 49.769 16.1775 14.1716 13.2583 99.7237 75.4876 48.7859 12.8641 14.9972 40.4653
internal_count=2395 1377 1018 745 607 662 192 470 100 273 138 76 118 715 422 94 370 97 245 207 203 74 67 54 404 403 259 67 62 177
is_linear=0
shrinkage=0.01


Tree=53
num_leaves=31
num_cat=0
split_feature=37 37 37 37 9 34 9 29 29 0 27 33 27 21 17 27 6 17 33 0 33 39 29 25 27 27 23 29 14 29
split_gain=158.009 40.7423 8.65053 6.6314 6.29454 5.59268 6.8753 5.14571 8.43097 5.10331 6.27543 4.89964 6.57792 8.88953 6.06178 4.72094 4.31314 4.89423 6.97867 5.10258 4.81306 4.37319 4.99386 5.66536 3.93187 6.96611 4.54866 4.85284 4.37942 4.31942
threshold=0.85588966133151145 0.46720719433613367 0.96218455027683458 0.2375684916372196 0.44116349518299108 0.72673895955085765 0.33987699449062353 0.24949999898672107 0.33650000393390661 3.4126900434494023 0.026306525804102424 0.38478331267833715 0.020374061539769176 0.49999998509883886 1.0000000180025095e-35 0.026653586886823181 0.053562499582767494 -0.5617450177669524 0.74999144673347484 -2.255216002464294 0.35304082930088049 0.74873737373737381 0.60749998688697826 0.00059293949743732821 0.025794646702706817 0.027028735727071766 -4.0547350645065299 0.4994999915361405 0.0097925001755356806 0.20949999988079074
decision_type=2 2 2 2 2 2 2 2 2 2 2 2 2 2 2 2 2 2 2 2 2 2 2 2 2 2 2 2 2 2
left_child=1 3 5 7 24 11 -7 -1 -9 16 -11 15 -13 -14 -15 -2 21 -18 19 -19 -21 22 23 -3 26 -26 -5 28 -28 -30
right_child=2 9 -4 4 -6 6 -8 8 -10 10 -12 12 13 14 -16 -17 17 18 -20 20 -22 -23 -24 -25 25 -27 27 -29 29 -31
leaf_value=-0.011352784877844918 0.0096447905917397703 -0.0063490602447213197 0.010246148595293337 0.0022100782829733222 0.0044322753808650282 -0.010914982012095212 0.0050114317569373498 -0.00010843538500537472 -0.0095539534592806261 0.00085636158982875434 -0.010425547412387865 0.010101715243444503 -0.0092194078744433569 0.011601637794417839 -0.0025620311354818659 0 0.005748660017534787 -0.0083275396853280323 -0.011371860141771202 0.00014298879940806024 0.007315262984524307 -0.008721879701062767 -0.0086138690712779225 0.0015404445068137366 -0.013475654609147738 -0.0020655037094781219 -0.0094799821341481506 0.0022804057891477217 0.0033709479250813648 -0.007609416256220595
leaf_weight=53.54876945912838 42.206387087702751 11.071718588471411 75.308187395334244 8.1444102525711042 5.9228252023458472 4.238437891006468 7.0732055008411407 13.921484053134916 30.827793106436729 8.5820814520120638 10.981137126684187 8.9851366132497805 6.8911003023386028 6.3284559994935972 5.470029205083847 5.774915173649787 20.93521922826767 4.9489705115556708 4.7538396120071402 32.63897493481636 13.189682260155676 7.9255180805921546 7.3315455019474021 48.960383668541908 15.593347668647768 8.5227147340774518 26.231345847249031 6.2259378582239142 6.5481852442026121 7.5027817040681839
leaf_count=215 215 48 420 34 25 20 36 56 124 37 46 46 35 33 28 29 96 22 21 147 60 34 32 220 64 35 107 26 27 31
internal_value=-0.000420014 -0.00416456 0.00774709 -0.00744486 -0.00535442 0.0055623 -0.000911871 -0.0092285 -0.00664455 -0.000652661 -0.00544631 0.0065434 0.00311908 -0.000220536 0.00498467 0.00848709 -2.49356e-05 0.00164014 6.57207e-05 0.00117642 0.00224041 -0.00172925 -0.000880022 6.06146e-05 -0.00610768 -0.00950974 -0.00457359 -0.00578518 -0.0070591 -0.0024339
internal_weight=516.585 354.309 162.276 182.99 84.6915 86.9677 11.3116 98.298 44.7493 171.319 19.5632 75.656 27.6747 18.6896 11.7985 47.9813 151.756 76.4667 55.5315 50.7776 45.8287 75.2892 67.3636 60.0321 78.7687 24.1161 54.6527 46.5083 40.2823 14.051
internal_count=2369 1507 862 744 349 442 56 395 180 763 83 386 142 96 61 244 680 346 250 229 207 334 300 268 324 99 225 191 165 58
is_linear=0
shrinkage=0.01


Tree=54
num_leaves=31
num_cat=0
split_feature=37 37 37 33 8 9 3 9 25 0 1 25 2 34 34 34 6 39 25 9 39 18 38 3 38 33 13 21 26 33
split_gain=141.331 36.2855 8.11382 6.04397 5.78021 6.33326 5.21429 4.65342 7.97171 4.63137 4.60595 6.12129 10.5282 4.59378 7.52945 6.95888 4.34632 6.00655 6.38976 5.61042 6.57957 3.86052 4.9463 6.55019 6.38078 4.71719 10.1258 8.11854 8.21268 4.44562
threshold=0.85588966133151145 0.46720719433613367 0.13261182571498967 0.27630662918090826 6.9072718620300302 0.33987699449062353 55.181695938110359 0.32762148976325994 0.0012952039251103999 2.0754505395889287 -0.34993450343608851 0.0024504213361069564 3282.888061523438 0.73041006922721874 0.67156276106834423 0.63948613405227672 0.064114499837160124 0.79166666666666674 0.0051583284512162217 0.33404949307441717 0.065656565656565677 0.93202748894691478 -0.39981023934827697 55.918794631958015 -0.57580690852788496 0.49182736873626715 0.21479249745607379 0.30470000207424169 0.99989968538284313 0.28316020965576177
decision_type=2 2 2 2 2 2 2 2 2 2 2 2 2 2 2 2 2 2 2 2 2 2 2 2 2 2 2 2 2 2
left_child=1 2 3 7 5 6 10 -1 -9 16 -2 12 -12 14 15 -11 17 18 19 20 -3 22 24 -24 25 -4 27 -27 -29 -26
right_child=4 9 21 -5 -6 -7 -8 8 -10 13 11 -13 -14 -15 -16 -17 -18 -19 -20 -21 -22 -23 23 -25 29 26 -28 28 -30 -31
leaf_value=-0.011473208519834644 0.010697973784032323 -0.0045368455699913322 -0.006776375817264999 -0.012962059932930493 -0.0033891646736621652 0.0097073855831072489 -0.0046411705790586535 0.0073873971276549625 -0.0077819236997087151 -0.0056436076177778143 0.00649754301014825 0.010222497320005155 -0.009544591277377043 0.0054024050225636487 -0.0091226487230290226 0.0088084529938159198 0.0034824422161403874 -0.0092541114784120953 -0.0097942250846512653 0.0028481440651172557 0.0068048677249187449 0.0026049339023745443 -0.016099367073840628 -0.0017033534403320895 0.0089136091580077192 0.0095013810962463526 -0.013488095006160499 -0.011617419311065427 0.0056619312384168577 -0.0039084429970690209
leaf_weight=9.4800947457551974 15.438523977994917 26.335880517959595 70.880958914756775 27.9249477237463 4.1084644645452491 109.74916124343872 4.6388595402240744 5.2093834578990927 9.7168273627758008 7.2352433651685732 10.172407463192945 9.1848674565553647 6.6967706978321067 5.0234323740005484 17.168968498706818 5.9779303371906281 41.291161403059959 6.9609696120023719 5.7737572342157355 57.527127549052238 6.1926252096891394 6.0809806883335105 9.0410534739494306 5.1231106519699088 5.4437417238950712 7.9497476220130983 5.4498886018991461 5.9088612347841245 4.9038868993520737 5.0720996111631393
leaf_count=38 82 114 289 112 22 594 22 21 39 31 53 47 33 22 73 26 189 30 25 262 28 25 37 21 23 33 22 24 20 21
internal_value=0.000265999 -0.00322659 -0.00642201 -0.00975271 0.00807744 0.00838805 0.00521343 -0.00600195 -0.00240721 -4.69643e-05 0.00634773 0.00370067 5.14469e-05 -0.00328737 -0.00476997 0.00083676 0.000744102 -0.000348493 0.000296952 0.000965168 -0.00233278 -0.00502249 -0.00541993 -0.0110109 -0.0046509 -0.00547142 -0.00159793 0.00185595 -0.00370904 0.0026564
internal_weight=517.662 357.673 178.186 52.3313 159.989 155.881 46.1314 24.4063 14.9262 179.487 41.4926 26.054 16.8692 35.4056 30.3821 13.2132 144.082 102.79 95.8294 90.0556 32.5285 125.854 119.773 14.1642 105.609 95.0933 24.2124 18.7625 10.8127 10.5158
internal_count=2378 1525 725 210 853 831 237 98 60 800 215 133 86 152 130 57 648 459 429 404 142 515 490 58 432 388 99 77 44 44
is_linear=0
shrinkage=0.01


Tree=55
num_leaves=31
num_cat=0
split_feature=38 1 38 27 1 9 38 46 27 39 10 13 2 38 39 27 13 44 27 9 7 2 10 34 34 39 34 33 38 29
split_gain=93.9636 21.6933 10.842 9.63477 9.09086 7.63216 7.59751 7.09999 6.09789 5.75653 5.6449 6.0665 5.46189 6.16378 7.67225 5.99341 5.15009 6.33786 5.03685 8.13366 4.94925 7.76383 5.92139 5.51661 8.11375 5.38963 5.40096 4.83009 4.7844 4.96887
threshold=-0.010248791202891318 -0.05223449878394603 -1.0993804756120993 0.027090823277831081 0.63102951645851146 0.48862600326538091 -3.6791016703196555 2.8353762206834398e-07 0.027348162606358532 0.7106782106782108 -18.686863899230953 0.2390054985880852 3472.261596679688 0.74552357253373858 0.35323826500297095 0.018906379118561748 0.21479249745607379 0.99395022566214608 0.020743661560118202 0.33416999876499182 27.037940025329593 3996.561157226563 -9.3951220512390119 0.72510072588920604 0.6634887456893922 0.1262626262626263 0.69491010904312145 0.50829988718032848 -1.4457513045371846 0.24949999898672107
decision_type=2 2 2 2 2 2 2 2 2 2 2 2 2 2 2 2 2 2 2 2 2 2 2 2 2 2 2 2 2 2
left_child=2 7 6 5 8 12 -1 10 20 -9 -2 -12 15 14 -14 -3 18 -18 19 -8 22 25 -4 24 -24 26 -22 -13 29 -20
right_child=1 3 4 -5 -6 -7 16 9 -10 -11 11 27 13 -15 -16 -17 17 -19 28 -21 21 -23 23 -25 -26 -27 -28 -29 -30 -31
leaf_value=0.0038805633347753165 -0.0016685572958622605 0.011317539839430731 0.0069580201078427708 -0.011964958105214087 -0.0068188179859023767 0.0099582829514454647 -0.0081701806477845768 -0.0077718744851998306 -0.0097162903980656228 0.0068948898467865883 0.0090270732815152122 0.0009536639206400027 0.0082510456432815221 0.0084002821354276676 -0.0051681074734216464 -0.00091482330950452329 -0.013685750367263152 -0.0024260846392550528 -0.016167868685948668 0.00099621937533456834 0.0069178493942828869 -0.0055537099375496104 0.0018410893368504514 0.0058198725282823443 -0.0092839839740121322 0.0086096792696044762 -0.0072297122693007919 0.013156053884931393 -0.0035872409507705701 -0.0077328808010172891
leaf_weight=6.0327088832855216 6.3501106947660437 4.0862250030040732 5.5793482512235633 5.3736450672149649 36.512432038784027 9.9345982223749143 18.571927711367607 5.8363472372293455 6.9562524408102027 4.7393748909235001 90.935631409287453 18.717396154999737 6.8798056095838573 17.643509075045586 10.834059461951254 90.146767243742943 22.612550631165508 6.7650573551654807 10.682943642139433 19.711645245552063 5.0957602113485354 8.6256273686885816 9.5119268447160739 4.7160119116306296 19.882159501314163 17.466953411698341 5.4981776624917984 3.8904471695423117 15.530818700790403 23.767513111233711
leaf_count=25 32 20 24 24 152 55 75 29 29 25 481 95 33 92 50 416 91 28 43 82 23 37 40 20 83 78 24 20 63 96
internal_value=-0.00029602 0.00370309 -0.00482192 0.00103026 -0.00266147 0.00154613 -0.00690352 0.00666081 -0.000821938 -0.00110246 0.00735428 0.00786873 0.000886347 0.00423418 4.62001e-06 -0.000362355 -0.00746785 -0.0111438 -0.00622181 -0.00343418 0 0.00264381 -0.00244467 -0.00402773 -0.00565597 0.00520992 -0.000330068 0.00314623 -0.00832593 -0.0104167
internal_weight=518.888 275.368 243.52 144.899 119.845 139.525 123.675 130.469 83.3322 10.5757 119.894 113.543 129.59 35.3574 17.7139 94.233 117.642 29.3776 88.2648 38.2836 76.376 36.6865 39.6894 34.1101 29.3941 28.0609 10.5939 22.6078 49.9813 34.4505
internal_count=2385 1372 1013 690 510 666 503 682 358 54 628 596 611 175 83 436 478 119 359 157 329 162 167 143 123 125 47 115 202 139
is_linear=0
shrinkage=0.01


Tree=56
num_leaves=31
num_cat=0
split_feature=37 37 37 26 46 6 9 8 38 37 14 46 3 27 38 38 39 16 27 28 33 9 27 28 39 13 34 9 26 33
split_gain=133.604 42.106 9.48411 5.83244 5.44565 5.58825 5.55898 4.97301 5.08342 4.94897 5.90834 5.69032 5.5029 6.5714 5.35593 4.92173 4.8617 4.70384 4.60458 4.48535 6.17122 4.17172 3.97641 5.66015 5.61797 6.2343 4.74768 4.47769 3.95758 4.30251
threshold=0.85588966133151145 0.32407000768948008 0.95952951257432106 1.0022947788238528 3.060747415403664e-07 0.056256501004099853 0.44116349518299108 -3.0353374481201167 -0.67728635685073624 0.63561832395545115 -0.65583050251007069 1.6473981044904854e-07 52.084484100341804 0.026706671342253688 0.42727816345876918 1.1766577304395884 0.62892078681552377 0.60785751044750225 0.025339009240269664 -0.57620692253112782 0.090425327420234694 0.33198650181293493 0.020221595652401451 -0.63343122601509083 0.055555555555555559 0.13647849857807162 0.71825444698333751 0.31797999143600469 1.0005167722702029 0.44825014472007757
decision_type=2 2 2 2 2 2 2 2 2 2 2 2 2 2 2 2 2 2 2 2 2 2 2 2 2 2 2 2 2 2
left_child=1 3 22 7 6 -6 9 -1 -9 11 -11 12 13 16 28 19 -3 -15 -8 -16 -21 -14 26 -24 27 -26 -2 -25 29 -12
right_child=2 4 -4 -5 5 -7 18 8 -10 10 14 -13 21 17 15 -17 -18 -19 -20 20 -22 -23 23 24 25 -27 -28 -29 -30 -31
leaf_value=-0.0043546534219368813 0.011170659615709502 0.0015627746622239953 0.0099475527994496767 0.0010564367610276383 -0.013883182686457347 -0.0013087698706886958 0.0079281819731985594 -0.0100984562149597 -0.001428517727310203 0.0096379539113110695 -0.0014475676442215952 0.004957952943155472 -0.0013750457226178706 -0.0029027224681813782 0.0047066915795137771 0.0065560630716506871 -0.0081587054990812195 -0.015515635757113627 -0.0025774672224629942 -0.01589022700424169 -0.0033887770133548519 -0.0093948153735626781 -0.0032866541395113603 -0.0062299327239702411 0.0097694612221896331 0 -0.0006526610693144239 0.0040453398514211942 0.0068470062227944462 0.0073567886363626349
leaf_weight=25.074786052107811 17.109757900238041 39.925323471426964 79.2518100887537 6.6092343479394904 6.1698083430528632 8.6116889417171461 13.367936432361605 92.041484132409096 7.6307422369718543 6.7463653683662406 25.771854475140572 9.0661051869392377 10.08080166578293 8.238201826810835 5.038459286093711 4.9907322674989691 5.7945934087038031 4.8083046972751609 5.8083650022745124 4.6366744935512569 27.085266783833504 20.072410523891449 9.3580237776041013 6.2511624246835735 26.815862342715263 8.8165353238582593 4.0222080945968619 12.566832542419432 13.612538829445837 6.9491302371025077
leaf_count=101 88 172 447 27 26 37 62 370 31 32 116 39 43 35 23 23 24 20 25 20 123 83 48 30 139 45 20 64 62 32
internal_value=-1.97704e-05 -0.00344607 0.00744503 -0.00794994 -0.000830496 -0.00668256 -0.00041478 -0.00843559 -0.00944682 -0.000930554 0.00068946 -0.00250771 -0.00328485 -0.00147623 0 -0.00260044 0.000293722 -0.00770995 0.00469736 -0.0038851 -0.00529168 -0.00676011 0.00508939 0.00380622 0.00504735 0.00737875 0.00888066 0.000564242 0.00233231 0.00040851
internal_weight=522.323 358.131 164.192 131.356 226.775 14.7815 211.993 124.747 99.6722 192.817 94.831 97.9857 88.9196 58.7664 88.0847 41.7511 45.7199 13.0465 19.1763 36.7604 31.7219 30.1532 84.9404 63.8084 54.4504 35.6324 21.132 18.818 46.3335 32.721
internal_count=2407 1526 881 529 997 63 934 502 401 847 431 416 377 251 399 189 196 55 87 166 143 126 434 326 278 184 108 94 210 148
is_linear=0
shrinkage=0.01


Tree=57
num_leaves=31
num_cat=0
split_feature=37 37 44 6 9 28 38 28 46 34 34 37 34 13 13 34 44 3 46 46 6 10 6 13 29 2 46 44 29 46
split_gain=127.167 39.651 8.43751 9.51583 7.58525 5.62845 7.94691 8.40591 6.72637 6.44152 8.26424 5.50243 6.99421 5.39985 6.6195 6.74372 5.34929 8.49742 5.16234 7.35138 5.72817 9.30421 5.15469 5.01051 4.61422 5.25767 5.44743 5.24658 7.09852 4.03178
threshold=0.85588966133151145 0.32407000768948008 -3.1551613232378553 0.055904000997543342 0.35495699942111975 -0.40020175278186793 0.80250747482449813 0.2763334065675736 1.5514772360880819e-07 0.65347066521644603 0.69456860423088085 0.64364489226843835 0.73545539379119884 0.21479249745607379 0.10255200043320657 0.67328262329101574 2.3314260714561716 25.400075912475589 7.9315963457557039e-08 5.9133055430392322e-08 0.045447498559951789 -13.37386894226074 0.051530499011278159 -0.36279600858688349 0.20750000327825549 3282.888061523438 1.2197422325072598e-07 0.37008241683801796 0.39550000429153448 9.5226409737591205e-08
decision_type=2 2 2 2 2 2 2 2 2 2 2 2 2 2 2 2 2 2 2 2 2 2 2 2 2 2 2 2 2 2
left_child=1 13 -3 5 18 -4 7 8 9 -7 -11 24 23 14 -1 -16 -6 -18 19 20 -2 -22 29 -13 -5 26 -26 -27 -29 -9
right_child=4 2 3 11 16 6 -8 22 -10 10 -12 12 -14 -15 15 -17 17 -19 -20 -21 21 -23 -24 -25 25 27 -28 28 -30 -31
leaf_value=-0.007828114739718053 0.012932724869605406 0.011917971542617325 0.00048180227483283453 0.0041560653620351931 0.0093122044772581455 -0.0144666148011724 -0.015226428803652842 -0.0017367703015433375 -0.017491257672171745 0.0050669814468026191 -0.0072685192345941776 -0.0043431455048015969 -0.0090221816157784723 -0.011140968036049598 -0.0070663970270677477 0.0054165266973620722 0.0096510186491945132 -0.0072441929111101803 0.0065811849072952835 -0.0080657540965815098 0.0089424109604406207 -0.010997271855730793 -0.0095386182681449216 0.0049479088057550356 -0.012362053209876236 0.0049811445331411144 -0.0019350144365420216 -0.012204979618076395 0.002908691518881696 0.0055743566164649658
leaf_weight=77.287634059786797 4.8771875500679043 4.837815746665 26.504692614078522 11.115787073969839 100.6278720498085 6.0755370408296612 6.6736730784177771 19.110396176576618 5.4687055647373191 8.2576287239789981 15.148530915379522 6.4061545580625525 4.45423999428749 37.808368340134621 8.6782227903604525 8.393475189805029 6.5562491565942747 5.2425045222043991 28.781456887722015 7.1980934292078009 4.898563027381897 4.2942795455455762 5.2269105911254874 48.106723263859749 9.2381224632263201 11.662704363465311 11.495958745479582 5.8724380582571012 6.2495033293962479 12.213311582803724
leaf_count=311 26 23 117 48 551 26 29 83 23 36 65 28 20 152 35 34 37 28 150 36 26 21 22 223 38 50 49 25 27 54
internal_value=-0.000213601 -0.00355883 -0.000990807 -0.00128546 0.00711352 -0.00346525 -0.00481515 -0.00380952 -0.0073103 -0.00533524 -0.002871 0.000698159 0.00283027 -0.00790186 -0.00658299 -0.000875002 0.00856274 0.00206219 0.0038276 4.10934e-05 0.0042867 -0.00028257 -0.000423912 0.00383179 -0.00154476 -0.00299672 -0.00666584 0.000174463 -0.00437122 0.00109073
internal_weight=518.763 356.287 224.119 219.281 162.476 104.679 78.1747 71.501 34.9504 29.4817 23.4062 114.602 58.9671 132.168 94.3593 17.0717 112.427 11.7988 50.0496 21.2681 14.07 9.19284 36.5506 54.5129 55.6345 44.5187 20.7341 23.7846 12.1219 31.3237
internal_count=2393 1518 986 963 875 455 338 309 150 127 101 508 271 532 380 69 616 65 259 109 73 47 159 251 237 189 87 102 52 137
is_linear=0
shrinkage=0.01


Tree=58
num_leaves=31
num_cat=0
split_feature=37 37 37 44 20 34 1 46 46 9 39 44 27 44 33 37 37 7 21 34 46 22 33 37 33 44 34 34 46 46
split_gain=125.833 27.2656 16.3631 7.27518 9.29341 5.9919 5.94123 5.8489 6.87 6.18162 8.32304 6.22475 8.28271 5.63342 5.0251 4.79548 6.05962 5.96718 5.90409 5.7164 5.28821 5.57396 5.13657 5.11312 4.57676 4.53507 5.52223 4.23743 7.77956 6.53425
threshold=0.75904105166395808 0.3149972589403765 0.95952951257432106 -2.8018245202483523 5.39595651626587 0.73595657944679271 -0.38844199478626246 1.2473838732702133e-07 1.3479452549368196e-07 0.39948000013828283 0.76845376845376856 -1.0000000180025095e-35 0.025794646702706817 1.6221257868900161 0.13994347304105761 0.85588966133151145 0.94150223084322071 56.16339302062989 0.054700000211596496 0.63864111900329601 5.6510848625704151e-08 -4.0031731128692618 0.13767526298761371 0.81029097699470398 0.33380246162414556 -0.41229946448904514 0.71048173308372509 0.67328262329101574 6.6011954442729432e-08 8.5134522356534935e-08
decision_type=2 2 2 2 2 2 2 2 2 2 2 2 2 2 2 2 2 2 2 2 2 2 2 2 2 2 2 2 2 2
left_child=1 -1 5 -3 7 6 -2 9 -9 10 11 12 27 14 -13 19 17 -17 -18 -8 -21 -22 -23 -24 -20 -11 -27 28 -5 -29
right_child=2 3 -4 4 -6 -7 15 8 -10 25 -12 13 -14 -15 -16 16 18 -19 24 20 21 22 23 -25 -26 26 -28 29 -30 -31
leaf_value=-0.0077958750811162212 0.0083603018018440917 0.0066462466219570819 0.0093145649299687036 -0.006447190727185078 -0.011879033734155227 -0.0052873165099786281 -0.0062517670368632348 0.011668550470521939 -3.5370352383651916e-05 0.0097448569428742401 -0.014924599876888212 -0.0065111818529565556 -0.017624516228489005 -0.010490893181567275 0.0027507137014852663 0.0076554275510897878 -0.011173938547136188 -0.0037481478650553041 0.0093552028782370698 0.010042184169697354 0.0071898240274162022 -0.011601260615507029 0.006659311996186479 -0.0056351857644842962 -0.0035666054117326697 -0.0044199559828130537 0.0077758866161621804 -0.0029657150713312897 0.0075709213044381088 -0.013823452845696107
leaf_weight=125.23915338516235 26.443455770611763 9.6876722723245603 80.170799776911736 8.5110878348350436 9.3087026327848417 6.9855668991804114 9.7351283282041532 5.6431315988302222 38.260530203580856 5.4460435360670116 6.3512871265411368 7.1023480296135011 5.0734084546566001 4.7304511219263068 30.667569443583488 43.712099075317383 3.9354177862405768 4.9416119158267966 5.460652828216551 7.0530944913625708 8.0580230206251127 4.7273466140031877 6.5800444632768613 6.7313313186168671 5.1872910708189011 11.925453111529352 5.2535973489284506 17.254296213388447 7.227878510951995 8.3664931058883649
leaf_count=504 135 44 456 36 38 33 44 25 166 24 26 31 21 20 136 225 20 24 29 33 37 21 31 31 27 51 23 73 31 35
internal_value=-6.25824e-05 -0.00420908 0.00570779 -0.0017162 -0.00219907 0.00362338 0.0041041 -0.00162904 0.00146936 -0.00279147 -0.00390988 -0.00309614 -0.00562441 -0.000303724 0.000970083 0.00302726 0.00477723 0.00647138 -0.000812359 0.000418423 0.00242025 0.000291644 -0.00275734 0.000371974 0.00299251 0.00187116 -0.000609004 -0.00408933 0 -0.00659016
internal_weight=525.771 306.049 219.722 180.81 171.122 139.551 132.565 161.814 43.9037 117.91 95.2848 88.9335 46.4332 42.5004 37.7699 106.122 63.2371 48.6537 14.5834 42.885 33.1498 26.0967 18.0387 13.3114 10.6479 22.6251 17.1791 41.3598 15.739 25.6208
internal_count=2430 1284 1146 780 736 690 657 698 191 507 409 383 196 187 167 522 325 249 76 197 153 120 83 62 56 98 74 175 67 108
is_linear=0
shrinkage=0.01


Tree=59
num_leaves=31
num_cat=0
split_feature=37 37 37 25 44 30 37 38 2 38 1 2 0 9 39 30 10 37 34 30 23 44 26 46 44 13 9 25 0 30
split_gain=124.744 21.2336 14.1713 11.5351 7.22389 6.69372 6.49811 6.24006 8.03383 6.0127 11.8424 5.77329 7.90654 5.71335 5.55949 4.87871 5.90911 5.82492 5.52838 4.78626 5.46466 4.67523 5.26519 5.2781 5.2239 4.53922 4.49266 4.47809 4.68855 4.43298
threshold=0.75621612977670383 0.46720719433613367 0.97718315352418672 0.00058246671687811624 -2.8018245202483523 0.051621794700622566 0.85588966133151145 -2.8030649757936845 3535.3725585937505 -1.5274733938292093 -0.26879200339317316 2656.0771484375005 0.92242446541786205 0.40105749666690832 0.74873737373737381 -0.016694252379238602 -0.85870298743247975 0.95212841085800626 0.7070441246032716 0.035662556067109115 -21.019722938537594 1.0000000180025095e-35 1.000872075557709 1.5282560707427629e-07 2.2038147186390806 -0.032884499058127396 0.34355050325393682 0.002012638840824366 -0.083535503596067415 0.00095309416064992558
decision_type=2 2 2 2 2 2 2 2 2 2 2 2 2 2 2 2 2 2 2 2 2 2 2 2 2 2 2 2 2 2
left_child=1 4 6 -3 -1 14 11 8 -6 -9 -11 12 -2 15 21 26 27 18 -18 20 -13 22 23 -5 -23 -22 -8 28 -17 -30
right_child=2 3 -4 5 7 -7 13 9 -10 10 -12 19 -14 -15 -16 16 17 -19 -20 -21 25 24 -24 -25 -26 -27 -28 -29 29 -31
leaf_value=0.0046462778632732028 0.001851013032442302 -0.011020552187759953 0.010486381601811414 -0.00071086440861714594 -0.0088403397590458861 -0.010096565028024636 -0.01068602896781198 -0.009640799560994848 0.0080014937375232006 0.0053725171167660494 -0.0066304755150682158 0.013956174062797035 -0.013069819792401847 0.0087538952507219374 -0.0047497464065103011 0.0092445154958519741 0.0091178724945436673 -0.0092724190900482471 -0.0052539851853642084 -0.0045386308909243092 -0.0044913548345867959 0.0055430367073753426 -0.0078337738335056487 0.0084970138899144575 -0.0050859718814331148 0.0051674773297265232 0.003839330852877524 0.011055454295014859 0.0044337770579954581 -0.0076697750696007204
leaf_weight=5.7393678426742545 9.441821560263632 10.001986950635908 51.360552966594696 31.517262309789658 4.946088030934332 5.9247093945741645 3.9832551628351194 59.861824259161949 6.3362061977386475 8.817586734890936 96.46694028377533 5.682076901197429 5.4892906099557868 42.500423669815063 15.468199789524077 10.025297954678534 7.1554955840110761 4.7521157413721076 4.0659657865762711 5.9873690009117118 5.9044261723756781 35.987478405237198 7.8747352659702292 7.6140527427196494 5.126429170370101 24.016321197152145 4.2411985993385315 16.7364661693573 8.4887046217918414 4.5677490234374991
leaf_count=24 44 42 297 138 20 25 20 241 26 37 392 27 24 230 66 53 37 25 20 27 26 163 34 34 22 114 22 87 42 23
internal_value=6.14661e-05 -0.0040807 0.00589381 -0.000794651 -0.00622947 0.000139376 0.00443537 -0.00659136 0.000517482 -0.00708309 -0.00561159 0.001666 -0.00361843 0.00589258 0.000743637 0.00396666 0.00503283 -4.50484e-05 0.00382166 0.00359125 0.00499535 0.00172355 -0.000411867 0.00107238 0.00418433 0.00321952 -0.0031193 0.00708995 0.00413615 9.72767e-05
internal_weight=516.081 301.683 214.399 119.515 182.168 109.513 163.038 176.429 11.2823 165.146 105.285 56.5213 14.9311 106.517 103.588 64.0162 55.7918 15.9736 11.2215 41.5902 35.6028 88.12 47.0061 39.1313 41.1139 29.9207 8.22445 39.8182 23.0818 13.0565
internal_count=2382 1264 1118 524 740 482 821 716 46 670 429 262 68 559 457 329 287 82 57 194 167 391 206 172 185 140 42 205 118 65
is_linear=0
shrinkage=0.01


Tree=60
num_leaves=31
num_cat=0
split_feature=38 1 46 38 23 8 46 1 41 44 33 9 39 33 38 44 10 39 30 17 33 29 44 18 29 30 29 29 9 33
split_gain=103.452 16.9207 10.8959 10.1207 9.81966 7.40702 8.08196 7.10719 7.20709 6.48916 6.87247 7.83559 9.88084 6.302 6.90917 5.8054 5.42829 5.65475 5.40232 5.32322 4.80345 6.09729 4.70531 4.6792 4.6771 5.4383 5.96762 4.76289 4.598 5.89596
threshold=-0.010248791202891318 -0.05223449878394603 3.2831635898235037e-07 -1.1662927185526819 0.37639250047504907 -2.5290490388870235 5.9133055430392322e-08 -0.28113849461078638 0.72510072588920604 0.39986767246994032 0.70299673080444347 0.33864499628543859 0.40656565656565663 0.18200140446424487 1.3538835958796223 -0.22875800649865921 3.3433824777603154 0.50252525252525271 -0.0078581236302852613 0.81174498796463024 0.094174508005380644 0.30349999666213995 -2.0445664149846157 0.83006951212883007 0.66699999570846569 0.0079697081819176691 0.18949999660253528 0.44949999451637274 0.36458700895309454 0.5344928801059724
decision_type=2 2 2 2 2 2 2 2 2 2 2 2 2 2 2 2 2 2 2 2 2 2 2 2 2 2 2 2 2 2
left_child=3 2 22 5 9 6 -1 -6 -9 15 11 -11 -13 23 16 -5 17 28 -14 -19 -8 -22 -2 24 25 26 -3 -28 -15 -30
right_child=1 13 -4 4 7 -7 20 8 -10 10 -12 12 18 14 -16 -17 -18 19 -20 -21 21 -23 -24 -25 -26 -27 27 -29 29 -31
leaf_value=-0.012442359937990338 -0.002547223162640271 -0.00856052960085508 -0.0048709840482925523 -0.0030609982349614805 0.0059243608959961237 -0.0085304586129811618 0.0072136485226599392 -0.0085232012443939714 0.001122793380280163 -0.0075941861460262607 -0.012623587358473467 0.010505732109635388 0.0058926925455673306 0.00067945726951283312 0.011953883143317485 0.0062508299386977223 0.008059064833045932 -0.01165678049556855 -0.006130140053808829 0.0026880857435114709 0.0043624029003979719 -0.0060902973330326984 0.007935103311731407 -0.0080057102032792121 0.0063739852082933318 -0.0084206120456106759 0.0075536343344191972 -0.0030119387479908082 0.0110373546898264 -0.0011915924393371112
leaf_weight=7.4156336337327948 4.2476819306612006 4.9930538088083329 7.2955761402845374 9.6469905674457568 4.5908868163824073 78.292718827724457 5.8368070125579861 43.924809291958809 9.1574431210756284 12.635006606578825 5.9883623272180548 8.847797557711603 5.2429405748844173 40.922639802098274 8.5683884471654874 20.653639450669289 14.52825555205345 5.8638637214899045 12.016008198261259 4.3490265905857086 7.9978313744068172 17.4079969227314 120.68136812746525 7.9044173657894126 9.7261160463094694 8.3075671941041929 11.4759838283062 6.5228788256645194 11.352150902152063 5.7730935513973227
leaf_count=30 22 23 37 40 21 317 24 181 38 54 25 40 23 191 46 90 77 27 52 21 33 71 645 35 46 38 54 30 58 29
internal_value=4.20551e-05 0.00430351 0.00687185 -0.00460542 -0.00269954 -0.0067553 -0.00312163 -0.00579937 -0.00684134 -0.000298977 -0.00272929 -0.00114561 0.00195425 0.00187249 0.00342484 0.00325296 0.00251669 0.00131239 -0.00240732 -0.00548441 -0.000844756 -0.00275635 0.00756895 -0.00100658 0.000333818 -0.0015256 0.000948116 0.00367388 0.00253279 0.00687381
internal_weight=522.167 272.512 132.225 249.655 132.704 116.951 38.6583 57.6731 53.0823 75.0307 44.7301 38.7418 26.1067 140.287 91.3574 30.3006 82.789 68.2608 17.2589 10.2129 31.2426 25.4058 124.929 48.93 41.0256 31.2995 22.9919 17.9989 58.0479 17.1252
internal_count=2418 1379 704 1039 564 475 158 240 219 324 194 169 115 675 449 130 403 326 75 48 128 104 667 226 191 145 107 84 278 87
is_linear=0
shrinkage=0.01


Tree=61
num_leaves=31
num_cat=0
split_feature=37 37 37 44 1 26 13 44 27 33 9 3 1 1 38 25 33 13 13 39 0 37 3 25 22 14 13 0 29 6
split_gain=123.146 24.0079 20.2021 11.803 6.1868 5.78503 5.31594 5.1674 5.12886 6.82257 6.26968 4.90789 5.88638 5.86439 5.20193 6.81986 5.31611 4.6507 8.56463 7.29212 5.69016 4.48902 4.85719 4.41135 4.56547 4.31044 4.20839 6.04202 4.16479 6.77796
threshold=0.67716933005920199 0.90160011258851724 0.2375684916372196 -2.9202155500791673 -0.45518499612808222 1.002379894256592 -0.3008624911308288 1.1084365797966418 0.026096746325492862 0.28604324162006384 0.3291774988174439 52.084484100341804 -0.38844199478626246 -0.050292000174522393 -0.55763148545704866 0.001821924699470401 0.25265239179134374 0.182268001139164 0.089721001684665694 0.065656565656565677 0.56033200025558483 0.96218455027683458 55.181695938110359 0.0027329564327374105 -2.9368635416030879 -0.0059345001354813567 0.13332200050354007 0.071775499731302275 0.28550000488758093 0.045710500329732902
decision_type=2 2 2 2 2 2 2 2 2 2 2 2 2 2 2 2 2 2 2 2 2 2 2 2 2 2 2 2 2 2
left_child=2 4 5 -4 -2 6 -1 17 10 25 -6 12 -5 -13 -15 -16 -17 18 -8 20 -19 28 -23 24 -12 -10 -14 -28 29 -3
right_child=1 21 3 11 8 -7 7 -9 9 -11 23 13 26 14 15 16 -18 19 -20 -21 -22 22 -24 -25 -26 -27 27 -29 -30 -31
leaf_value=-0.0018539729016956649 0.0077032701467069226 -0.0052276879513361661 0.012647033677450934 -0.0073737153297170127 -0.0022163011530770375 0.002292780710745491 -0.007690979473474747 -0.014842882720020399 -0.0026449531253038673 0.0038944965178001056 0 0.0041678845234352268 -0.0022214921736558005 -0.013628769975721711 -0.0089759872682424486 0.0076275614197393905 -0.0058678465976420967 -0.011059508009446002 0.0062520036675592795 -0.015226476874058219 0.003071270463236726 0.010847117274479276 0.001270055187220921 0 0.00792094561672637 -0.01383854723166791 -0.0022034084210509623 0.0062638333252571544 0.0086683928834449548 0.0062210554235753715
leaf_weight=10.708122059702871 17.133828371763229 6.8161921203136471 5.0312188267707816 15.421622306108473 20.633991181850433 4.9452707916498175 31.884384214878082 15.196460887789724 9.5852367728948575 9.2838796675205213 9.5573882907628995 5.1250149756669989 64.596682831645012 9.1728746592998487 16.231710270047191 5.9020289331674558 5.5411155521869659 6.2275798767805117 4.952471211552619 17.883102178573608 4.9656354933977127 66.262658059597015 6.0458091646432868 17.250805139541626 30.107854023575783 5.5965075790882137 16.133764058351517 17.195492744445801 32.548906624317169 19.756963178515434
leaf_count=43 83 35 23 65 93 20 128 61 44 43 45 22 274 37 67 25 23 25 20 72 20 385 34 79 145 24 68 74 174 105
internal_value=0.00042546 0.005415 -0.0044336 -0.00224509 0.00215007 -0.00804392 -0.00861342 -0.00949011 0.00120097 -0.00276414 0.00246672 -0.00274175 -0.00164489 -0.00566909 -0.00707192 -0.0048214 0.00101183 -0.00822024 -0.00577751 -0.0112503 -0.00473045 0.00836337 0.010063 0.00418292 0.00601504 -0.00690028 -0.000725897 0.00214083 0.00625424 0.0032383
internal_weight=507.695 250.58 257.115 160.352 119.149 96.763 91.8178 81.1096 102.016 24.4656 77.55 155.32 113.348 41.9727 36.8477 27.6749 11.4431 65.9132 36.8369 29.0763 11.1932 131.431 72.3085 56.916 39.6652 15.1817 97.9259 33.3293 59.1221 26.5732
internal_count=2356 1289 1067 678 556 389 369 326 473 111 362 655 481 174 152 115 48 265 148 117 45 733 419 269 190 68 416 142 314 140
is_linear=0
shrinkage=0.01


Tree=62
num_leaves=31
num_cat=0
split_feature=37 37 37 32 8 38 29 38 27 28 26 39 26 30 3 34 0 10 27 26 13 25 0 3 6 27 27 27 0 39
split_gain=124.476 36.0143 9.82904 6.11331 6.38656 5.69027 6.30219 6.11813 5.20715 6.17485 5.94808 4.83855 4.84251 4.64666 5.337 4.79051 5.24469 4.38837 4.3126 4.40478 4.16655 7.37916 4.04475 3.98531 3.86164 7.32669 6.5211 6.23062 7.43508 7.49313
threshold=0.83739519381455718 0.32407000768948008 0.96218455027683458 -0.010097024962306021 6.1046984195709237 -2.8030649757936845 0.19749999791383746 -1.8436286080767224 0.027174988761544231 0.22252681851387027 0.99919214844703685 1.0000000180025095e-35 1.0002395510673525 0.067611742764711394 34.495037078857429 0.73162719607353222 -0.11218750104308127 1.5908929705619814 0.027028735727071766 1.0022947788238528 0.12407950311899187 0.00169721688143909 0.071775499731302275 40.019796371459968 0.055904000997543342 0.02511626482009888 0.024600026197731498 0.020844638347625736 -0.083535503596067415 0.28960573476702517
decision_type=2 2 2 2 2 2 2 2 2 2 2 2 2 2 2 2 2 2 2 2 2 2 2 2 2 2 2 2 2 2
left_child=1 5 13 -3 8 -1 11 -8 18 10 -10 12 -7 14 -2 16 23 20 19 24 21 -9 -22 -16 25 27 -26 28 29 -5
right_child=2 3 -4 4 -6 6 7 17 9 -11 -12 -13 -14 -15 15 -17 -18 -19 -20 -21 22 -23 -24 -25 26 -27 -28 -29 -30 -31
leaf_value=-0.00073882017626890621 0.0097968416833919703 -0.012367563419309146 0.0094788197276947008 -0.0027007748136936433 0.0086197568593665685 -0.010586730169108119 -0.011615044139364868 0.0028839448653080273 -0.0028533147992078796 0.00071237272250822715 -0.017831552977658743 -0.015279515782923157 0 -0.005779017039041069 0.0018356321619499572 -0.0048174812732086269 0.0021879933514106454 -0.0091929902752320523 0.007895670918256055 -0.0074146164139117119 -0.0045646420874383047 -0.00843508241602689 0.0073093951354213319 0.010058603777665896 0.0044576491672580609 -0.012260193970681817 -0.0014989618195784455 0.0078934567169899154 -2.5969663242003695e-05 -0.014659531571240234
leaf_weight=10.647802636027334 19.085044458508492 4.7259683161973944 72.030578941106796 16.547915026545521 6.6117641031742087 22.909244090318683 18.434974774718285 7.9593566656112698 5.1513264030218142 7.2006545066833487 5.908074751496315 19.34865041077137 5.4695935994386664 3.9764931201934806 8.6399801373481768 5.7306899279355994 41.135700702667236 16.651741489768028 5.4449311643838874 10.162107944488524 4.9612345397472364 19.372382193803787 6.3838523477315903 21.349848791956902 31.975596487522125 6.3935736566781989 42.635183274745941 6.7752923369407645 57.858405470848091 7.8094275146722785
leaf_count=43 100 20 419 72 31 92 74 32 22 31 25 78 22 20 45 28 207 67 24 44 20 78 26 113 143 27 187 30 252 33
internal_value=-0.000304582 -0.00375098 0.00664953 -0.00122105 -0.000960261 -0.0078596 -0.00847434 -0.00659326 -0.00127994 -0.00636797 -0.0110326 -0.0113408 -0.00857609 0.00459246 0.00503831 0.00383248 0.00454924 -0.00488406 -0.000770824 -0.00104254 -0.00298421 -0.00510388 0.00203496 0.0077368 -0.000651606 -0.00198732 0.001043 -0.00122511 -0.00199738 -0.00662013
internal_weight=519.287 347.339 171.948 215.2 210.474 132.139 121.491 73.7635 203.862 18.2601 11.0594 47.7275 28.3788 99.9178 95.9413 76.8562 71.1255 55.3286 185.602 180.158 38.6768 27.3317 11.3451 29.9898 169.995 95.3846 74.6108 88.991 82.2157 24.3573
internal_count=2405 1473 932 941 921 532 489 297 890 78 47 192 114 513 493 393 365 223 812 788 156 110 46 158 744 414 330 387 357 105
is_linear=0
shrinkage=0.01


Tree=63
num_leaves=31
num_cat=0
split_feature=37 37 10 44 10 46 44 46 10 37 0 34 33 18 44 13 0 44 25 28 44 27 32 25 25 0 29 30 18 46
split_gain=105.047 31.1171 8.307 7.35575 10.1035 7.85035 6.66278 6.08856 7.05219 5.85829 5.26635 6.16597 5.18738 5.57336 5.0655 5.24107 6.91595 8.54064 6.16171 5.2865 4.88551 4.28025 4.07184 4.60726 6.58632 5.13158 4.76518 6.01715 7.88097 5.09867
threshold=0.83739519381455718 0.30801775057565067 -13.37386894226074 -1.8823100257228182 -11.255051612854002 3.926531045794213e-07 -3.1551613232378553 7.6773624862244993e-08 -15.651906967163084 0.9605884686436067 -0.083535503596067415 0.63948613405227672 0.3874854594469071 0.25403249263763433 -1.801589864710168 0.21479249745607379 0.30329549312591558 1.1084365797966418 0.0011714955326169731 0.62073624134063732 2.1606154894730625 0.019450061954557899 -0.002823598799295723 0.00058246671687811624 0.00039268448017537599 0.49841849505901342 0.17650000005960467 -0.0066881352104246608 0.64400899410247814 7.0375729397393479e-08
decision_type=2 2 2 2 2 2 2 2 2 2 2 2 2 2 2 2 2 2 2 2 2 2 2 2 2 2 2 2 2 2
left_child=1 14 7 4 -2 9 -4 -3 -9 10 20 -12 13 -13 21 16 17 18 -16 -17 -5 -1 -8 24 25 -24 27 -25 -29 -28
right_child=3 2 6 5 -6 -7 22 8 -10 -11 11 12 -14 -15 15 19 -18 -19 -20 -21 -22 -23 23 26 -26 -27 29 28 -30 -31
leaf_value=-0.0076589602729674779 -0.010953108964401975 0.011201496809523341 0.0090229264357111708 0.0094301981334328801 0.0067578488237160159 -0.0044600978345548763 -0.0085017795273996076 -0.0063969841780422126 0.0080740734672382405 0.0098174962599937663 0.0096680599377290937 0.010536016066217537 -0.0069529878347490302 -0.0002376948407233049 -0.0021550679856772686 -0.014148764543072331 -0.0080905375126728712 -0.011247462390230476 0.01170488690917664 -0.0033238531440370278 -0.0011557068938095388 0.0045561454879945711 0.0069248683578311708 -0.0081820842896766274 -0.012678493167923344 -0.0074717581835178591 -0.0061980714246379033 0.0072467710104370392 -0.0048848500143821097 -0.00093983994951914824
leaf_weight=4.9806903898715955 5.4213056415319443 9.0372160375118273 5.7205746471881858 37.677212446928024 7.6097614318132383 5.4142598360776892 8.6584787964820844 6.8790218234062195 6.3892017900943738 67.742122665047646 10.362560033798216 6.7454647719860139 6.6855991780757895 15.495098650455473 7.9393408745527285 20.606061547994617 63.929622888565063 5.7211752831935874 5.1579821109771729 6.1938733160495749 4.7182556837797156 6.4382068961858749 4.6138204634189623 4.4319145232439032 8.4578149020671827 5.0912430435419083 22.023140847682953 21.100715920329097 6.9838616400957099 115.96725244820118
leaf_count=20 26 42 27 199 40 28 37 31 30 397 53 34 34 78 32 83 257 23 21 25 25 26 20 19 36 21 95 95 30 502
internal_value=8.76922e-05 -0.00305709 -0.000854906 0.00657932 -0.000561574 0.00718671 -0.00149566 0.00491399 0.000504899 0.00761811 0.00577211 0.00308183 0.000662742 0.0030177 -0.00714727 -0.00780838 -0.00652144 -0.00112349 0.00327481 -0.0117058 0.0082286 -0.000705257 -0.00181008 -0.00149334 -0.00627751 -0.000524742 -0.000974479 0.00245129 0.00418786 -0.00179017
internal_weight=514.193 346.321 225.354 167.872 13.0311 154.841 203.049 22.3054 13.2682 149.426 81.6842 39.2887 28.9262 22.2406 120.967 109.548 82.7481 18.8185 13.0973 26.7999 42.3955 11.4189 197.328 188.67 18.1629 9.70506 170.507 32.5165 28.0846 137.99
internal_count=2386 1472 985 914 66 848 882 103 61 820 423 199 146 112 487 441 333 76 53 108 224 46 855 818 77 41 741 144 125 597
is_linear=0
shrinkage=0.01


Tree=64
num_leaves=31
num_cat=0
split_feature=37 37 37 44 10 44 6 39 22 27 10 3 27 2 37 33 26 1 44 26 27 7 33 25 25 3 37 29 44 28
split_gain=122.853 26.9218 15.4623 13.5771 9.18373 6.90067 5.57178 5.51537 5.18782 5.12702 4.70149 4.69502 6.31416 10.9822 5.72464 5.19226 4.64777 4.55472 4.38901 4.35946 4.61383 6.00478 5.60208 4.98706 7.4916 5.13349 4.49076 4.45152 3.53283 3.2214
threshold=0.75621612977670383 0.2375684916372196 0.96218455027683458 -3.0309317354864791 -13.689263820648192 -1.801589864710168 0.062175000086426742 0.93055555555555569 5.6817860603332528 0.018895236775279049 6.861865997314454 55.918794631958015 0.020152587443590168 2740.1733398437505 0.8755065698217025 0.26889935135841375 1.0021684765815737 0.63102951645851146 1.8516197564301937 1.0016938447952273 0.025888551026582721 28.810925483703617 0.79106223583221447 0.00046278245281428104 0.0017929511959664526 45.723354339599616 0.57034342343617372 0.28550000488758093 -0.71121377389699203 0.58037090301513683
decision_type=2 2 2 2 2 2 2 2 2 2 2 2 2 2 2 2 2 2 2 2 2 2 2 2 2 2 2 2 2 2
left_child=1 5 9 -3 -5 -1 7 17 -4 -2 16 12 -11 14 -14 -13 -8 18 19 20 21 22 23 -6 25 -25 -26 -23 -27 -15
right_child=2 3 8 4 6 -7 10 -9 -10 11 -12 15 13 29 -16 -17 -18 -19 -20 -21 -22 27 -24 24 26 28 -28 -29 -30 -31
leaf_value=-0.0010838888694184382 0.013097101037384873 0.013817470359781689 0.010226011154504808 0.0047428499659191081 0.0057618547183907977 -0.0095411632205010689 -0.00098170024210221182 -0.014672919492023002 -0.00098225787503384838 0.0090913638237834112 0.0057747279575783165 -0.0098345120691871978 -0.012798883836369672 0.0049947730504754364 0.00036127836563076436 0.0036224037685860144 -0.010718963585313908 -0.0077697578302732377 -0.0098753240260712645 0.0054417948195751168 -0.011164021367462848 0.0088942727026677538 -0.013229196575752375 -0.0020719814140518949 0.0072469741086240826 -0.0053370572796096905 -0.0041632338002882954 -0.0020321772536071817 -0.015244492548123443 0.00022048471056643337
leaf_weight=11.15422774851322 5.541841745376586 4.9965137690305701 63.755785956978798 15.170946478843687 6.057313233613967 88.975167214870453 48.37054917216301 5.1496213227510443 4.2244679331779471 19.452859088778496 8.9580692648887617 5.4248024970293027 5.9865833520889264 74.198445990681648 6.9113496094942093 5.7440567165613174 5.4105859547853461 26.290805116295815 8.3959354758262617 6.5641482323408118 6.2401811480522147 7.3804448395967466 5.5144597738981238 13.517051041126253 7.7341513484716398 7.460559189319599 5.965860903263092 7.1445520967245102 8.0731529742479413 18.012033671140671
leaf_count=45 29 24 376 68 25 358 208 21 24 99 39 24 27 374 36 28 23 109 35 28 26 32 23 58 33 31 26 31 33 89
internal_value=-0.00030695 -0.00436175 0.00558848 -0.00227202 -0.00268692 -0.00861104 -0.00330643 -0.00455736 0.00951439 0.00368686 -0.000864801 0.00328592 0.00384635 0.00285841 -0.00572156 -0.00285426 -0.00199794 -0.0040888 -0.00299557 -0.00226471 -0.00295805 -0.00218466 -0.00371974 -0.00260004 -0.00381885 -0.00669488 0.00221161 0.00347425 -0.0106147 0.00407426
internal_weight=513.777 304.524 209.252 204.395 199.398 100.129 184.227 121.488 67.9803 141.272 62.7392 135.73 124.561 105.108 12.8979 11.1689 53.7811 116.339 90.0478 81.6519 75.0877 68.8475 54.3225 48.8081 42.7508 29.0508 13.7 14.525 15.5337 92.2105
internal_count=2382 1276 1106 873 849 403 781 511 400 706 270 677 625 526 63 52 231 490 381 346 318 292 229 206 181 122 59 63 64 463
is_linear=0
shrinkage=0.01


Tree=65
num_leaves=31
num_cat=0
split_feature=37 37 37 33 0 44 32 10 9 26 8 26 26 25 13 37 29 3 44 0 44 10 13 44 13 0 34 13 4 33
split_gain=109.446 26.7298 18.249 11.5493 9.06219 7.97357 7.12675 6.68642 6.07138 6.25657 5.14756 4.91543 5.05977 6.63422 6.34256 4.73196 6.02974 4.42288 10.8692 6.238 4.44599 5.16399 4.29598 5.34813 5.45895 4.18727 4.43149 3.95974 5.1901 3.94442
threshold=0.75904105166395808 0.32407000768948008 0.90160011258851724 0.024383860640227798 -0.50731351971626271 -3.0309317354864791 -0.010097024962306021 -20.436865806579586 0.3291774988174439 1.0021188259124758 6.1046984195709237 1.0003445744514468 1.0005990862846377 0.001653716142755002 0.12407950311899187 0.97718315352418672 0.11850000172853471 51.674982070922859 -0.51494935671937536 0.37716600298881536 2.0915214960359401 5.2584295272827157 0.182268001139164 1.1084365797966418 0.0059345001354813584 -0.053657501935958855 0.7081688940525056 0.13332200050354007 -342.90599060058588 0.41604205965995794
decision_type=2 2 2 2 2 2 2 2 2 2 2 2 2 2 2 2 2 2 2 2 2 2 2 2 2 2 2 2 2 2
left_child=1 11 3 -2 -5 -3 -7 -4 -6 25 17 22 -13 -14 -15 16 -9 20 19 -19 21 -8 23 24 -1 -10 -27 -18 -29 -22
right_child=2 5 7 4 8 6 10 15 9 -11 -12 12 13 14 -16 -17 27 18 -20 -21 29 -23 -24 -25 -26 26 -28 28 -30 -31
leaf_value=-0.0073613783397114023 -0.011685947296379329 0.010237742279859137 -0.0051234944983830789 0.0079410730844535447 -0.0049428318710155765 -0.013200562198231403 -0.00085498263553633515 -0.0047071571472749475 -0.0019943724954210405 -0.0080480937066521856 0.0086585144436246327 0.0016232972320643492 -0.014378570237981388 -0.0076689022466725869 0.0027310978149413276 0.01055413244163411 0.0090292588858316564 0.0042230684023415663 -0.017972756965004399 -0.0049945550451068891 -0.001801262108398875 0.0059293840037858356 -0.012032298490820777 -0.012298245492504535 0.00073709583768706067 0.008924421869187708 -0.0005063415494365092 0.0012824344407189612 0.012702926583336696 -0.01332522003946339
leaf_weight=32.115959793329239 5.8249976634979239 5.5807422697544089 3.715558484196662 23.423405557870865 14.779239326715468 5.2213883846998206 93.233460754156113 4.3330388367176047 7.8843171447515443 4.6360149979591361 4.795933559536933 9.9196107089519483 7.9507923722267142 15.608051985502245 9.1128196418285352 52.083871647715569 44.062802881002426 9.7807534933090192 5.1675376892089835 27.691569074988365 8.2138962596654874 12.65027295053005 28.269760951399803 15.169339537620543 10.908346161246298 17.480256274342544 6.6658235490322104 18.452798172831539 5.0788888037204734 4.820779174566268
leaf_count=129 26 27 20 116 66 22 404 23 38 21 22 40 32 63 37 311 243 43 21 116 35 56 114 61 44 85 32 100 28 20
internal_value=-0.000118596 -0.00392466 0.00546766 0.00172593 0.00279694 -0.00139454 -0.00178446 0.00782055 0.000424529 0.00262273 -0.00141242 -0.0073863 -0.00453949 -0.00644036 -0.00379932 0.00822024 0.00650404 -0.00172274 -0.00448648 -0.00255719 -0.00072042 -3.01671e-05 -0.00877021 -0.00715045 -0.00528796 0.00421856 0.00628835 0.00724338 0.00383298 -0.00620845
internal_weight=514.632 306.211 208.421 80.6941 74.8691 177.156 171.576 127.727 51.4457 36.6664 166.354 129.055 42.5913 32.6717 24.7209 124.011 71.9275 161.558 42.6399 37.4723 118.918 105.884 86.4634 58.1936 43.0243 32.0304 24.1461 67.5945 23.5317 13.0347
internal_count=2395 1286 1109 384 358 766 739 725 242 176 717 520 172 132 100 705 394 695 180 159 515 460 348 234 173 155 117 371 128 55
is_linear=0
shrinkage=0.01


Tree=66
num_leaves=31
num_cat=0
split_feature=37 37 37 44 9 10 44 14 18 44 39 0 44 0 10 8 22 26 29 46 27 46 27 18 46 10 46 29 1 39
split_gain=120.787 21.2914 20.6934 11.4101 11.233 11.0532 8.04395 8.88526 7.69677 6.18509 9.22607 5.92161 5.57257 5.12861 5.21004 5.12836 6.5288 5.78501 5.02529 5.22132 5.14684 4.6043 4.42183 4.32788 4.2025 6.9362 5.60954 5.20327 5.00096 5.03723
threshold=0.75904105166395808 0.2375684916372196 0.90160011258851724 -3.0309317354864791 0.33404949307441717 -13.689263820648192 1.1580991537653063 0.59114700555801403 0.64400899410247814 1.1084365797966418 0.62892078681552377 2.9657330513000493 -0.39848283766197568 4.2511276006698617 6.487462282180787 1.2055044770240786 4.028307557106019 0.99967727065086376 0.42749999463558203 3.060747415403664e-07 0.024600026197731498 7.609668479419911e-08 0.020560076460242275 0.62788000702857982 5.5715853427229572e-08 -6.0935151576995841 3.8751216800548319e-08 0.14950000494718554 0.65285950899124157 0.015151515151515154
decision_type=2 2 2 2 2 2 2 2 2 2 2 2 2 2 2 2 2 2 2 2 2 2 2 2 2 2 2 2 2 2
left_child=1 9 4 -3 21 -5 8 23 -6 10 15 -11 -10 14 18 -1 -17 -18 24 20 -20 -2 -23 -8 25 27 -27 -7 29 -26
right_child=2 3 -4 5 6 13 7 -9 12 11 -12 -13 -14 -15 -16 16 17 -19 19 -21 -22 22 -24 -25 28 26 -28 -29 -30 -31
leaf_value=-0.0094809601921141736 -0.0082094182557772115 0.011998814554573857 0.0084180804971342293 0.005728022531215092 0.01049291762272125 -0.014071373461499117 -0.00077696711978454539 -0.012902948053755961 0.0054070402993945058 -0.015768190249368475 0.0037514264605850488 -0.0033981972758684248 -0.0082468641095027415 -0.0088711160070839828 0.0022338389044474602 0.0058216841767795404 0.0018563273439432236 -0.011089349567600342 0.0077265268215031694 -0.0067636022701727198 -0.0012808930246967687 -0.0054275488625394564 0.0058457845950788583 0.010138284367669632 -0.00019582455844870027 -0.0037536183004293318 0.0059752576080089751 -0.0013874396503735379 -0.010728934742350392 -0.0061828031791051202
leaf_weight=47.665699303150177 11.508085370063784 5.3912810385227194 125.60614112019539 14.657058075070379 24.215462267398834 6.013701990246771 10.557395100593569 4.5016395151615134 9.2347157746553403 15.908744513988497 7.7080168128013602 5.4823031425476065 4.2747568786144248 14.966510131955145 18.47176992893219 5.4437576085329082 4.9737239778041831 10.19109635055065 10.236662819981577 8.4976897388696653 15.998903617262838 6.6789216548204404 7.0276604294776917 5.3162094205617896 20.651659622788429 10.304318726062776 13.490783408284186 7.3370199054479599 15.511775121092795 46.400487884879112
leaf_count=192 52 26 717 66 121 25 51 20 45 64 31 22 20 61 81 22 20 41 45 36 69 30 33 26 88 43 58 32 64 194
internal_value=-1.44425e-06 -0.00401213 0.00585383 -0.0021964 0.00197051 -0.00258492 0.00439502 -0.000622415 0.00712586 -0.00787293 -0.006493 -0.012675 0.000984253 -0.00324146 -0.00274356 -0.007668 -0.00340096 -0.0067936 -0.0033464 0 0.00221167 -0.00357191 0.000280579 0.00285663 -0.00431732 -0.00148183 0.0017223 -0.00723728 -0.00557758 -0.00435678
internal_weight=514.224 305.303 208.921 207.93 83.3148 202.538 58.1002 20.3752 37.7249 97.3733 75.9823 21.391 13.5095 187.881 172.915 68.2743 20.6086 15.1648 154.443 34.7333 26.2356 25.2147 13.7066 15.8736 119.71 37.1458 23.7951 13.3507 82.5639 67.0521
internal_count=2395 1280 1115 888 398 862 283 97 186 392 306 86 65 796 735 275 83 61 654 150 114 115 63 77 504 158 101 57 346 282
is_linear=0
shrinkage=0.01


Tree=67
num_leaves=31
num_cat=0
split_feature=37 37 37 44 10 44 26 30 44 20 34 13 44 44 44 46 33 34 38 46 46 34 44 22 16 20 27 26 38 9
split_gain=118.518 22.3314 18.4398 9.32236 7.34625 6.74074 5.22577 7.6344 5.17633 4.61687 4.77185 4.52017 9.98727 4.4844 4.21289 3.95161 3.94169 3.82218 4.21899 4.84073 5.42292 5.06591 6.30472 6.56599 4.94978 3.78906 5.80082 4.0317 3.76174 3.66499
threshold=0.75621612977670383 0.2375684916372196 0.96218455027683458 -3.0309317354864791 -13.689263820648192 -1.801589864710168 0.99811869859695446 -0.0036286939866840835 -1.5961392583029197 5.39595651626587 0.73162719607353222 -0.45041999220848078 1.2354592137312725 0.20563906767428539 -0.54542387535198045 1.252922977198082e-07 0.12466853111982347 0.56230545043945324 0.4163034549907853 3.8093476560846609e-08 3.2831635898235037e-07 0.73314717411994945 -0.1416755862305297 -0.37281650304794306 0.60785751044750225 2.0754505395889287 0.02511626482009888 0.99991029500961315 0.61713471123503694 0.346006989479065
decision_type=2 2 2 2 2 2 2 2 2 2 2 2 2 2 2 2 2 2 2 2 2 2 2 2 2 2 2 2 2 2
left_child=1 5 11 -3 -5 -1 -6 13 -4 10 28 12 -2 14 15 -8 -12 -13 -19 -20 21 22 29 -24 -25 -7 -27 -28 -9 -21
right_child=2 3 8 4 6 25 7 9 -10 -11 16 17 -14 -15 -16 -17 -18 18 19 20 -22 -23 23 24 -26 26 27 -29 -30 -31
leaf_value=0 0.0047006863267999013 0.011552290636274368 0.00036140414248827103 0.0041255379480075634 0.0030121299415944141 -0.010134976516831335 -0.010752326110002526 -0.0018987229649160857 0.01053867337341211 -0.011048828237989083 -0.00083824485678729826 -0.0040021977827856912 -0.014288968334639492 -0.0035762427000470697 -0.016840045679769974 -0.00039640647061310792 0.011369857866159981 0.0078739332448781278 -0.0062361971390203054 0.003626000340490548 -0.0046573853255069885 -0.0028343942995003933 0.0052742301318364779 -0.0080271056826323166 0.004711532180257931 -0.011166702942986698 0.0040183293382486185 -0.0060772418712863622 -0.0089126384815659369 0.010784227482524101
leaf_weight=9.4046894013881666 7.2021918445825559 4.7076374143362036 5.6339170187711707 15.157970950007437 12.829718500375746 64.286786243319511 11.023706153035169 99.443819761276245 66.172329723834991 5.6577575504779807 5.6600805968046171 5.4393619149923316 4.3311231732368469 20.158390417695045 6.8186309337615958 5.8284721523523322 4.6290139108896255 27.846325233578682 4.7744053602218619 11.097214117646208 6.6438484340906134 8.0843204557895643 31.346675321459763 7.9442830383777743 4.7274737358093262 10.654337748885157 6.975436031818389 8.727732837200163 8.314256086945532 23.824447199702263
leaf_count=38 35 23 32 68 55 259 46 421 397 23 24 27 20 85 28 25 20 138 23 53 32 39 163 38 25 43 28 35 36 127
internal_value=-4.87993e-05 -0.00410871 0.00561429 -0.00217221 -0.00251351 -0.00796823 -0.00307898 -0.00355292 0.00975569 -0.00226708 -0.00182873 0.00352619 -0.0024061 -0.00714593 -0.010116 -0.0072531 0.00461444 0.0040546 0.00441242 0.00341612 0.0039249 0.00459618 0.00537243 0.00281129 -0.0031967 -0.00880348 -0.0054921 -0.0015324 -0.00245693 0.00855493
internal_weight=515.346 300.278 215.068 200.229 195.522 100.049 180.364 167.534 71.8062 123.705 118.047 143.262 11.5333 43.8292 23.6708 16.8522 10.2891 131.728 126.289 98.4427 93.6683 87.0244 78.9401 44.0184 12.6718 90.6443 26.3575 15.7032 107.758 34.9217
internal_count=2406 1257 1149 854 831 403 763 708 429 524 501 720 55 184 99 71 44 665 638 500 477 445 406 226 63 365 106 63 457 180
is_linear=0
shrinkage=0.01


Tree=68
num_leaves=31
num_cat=0
split_feature=37 37 37 29 21 37 25 9 29 4 26 34 6 4 27 29 29 26 37 37 25 2 6 26 33 28 38 38 29 2
split_gain=95.7195 26.5433 10.441 6.56641 9.02257 6.23131 6.55247 6.15249 5.84681 5.95366 5.71655 5.2909 5.55595 5.40418 6.67058 4.6423 4.47804 7.75346 4.51653 4.22728 4.55036 9.46894 4.11697 9.3022 8.22677 5.60064 5.46407 5.79093 6.98011 6.8147
threshold=0.85588966133151145 0.32407000768948008 0.9605884686436067 0.24949999898672107 0.38279999792575842 0.057691606747407219 0.0015218353364616635 0.38267450034618383 0.30650000274181372 -1341.5126342773435 0.99989968538284313 0.5505320429801942 0.073612999171018614 -5656.5095214843741 0.026807173155248169 0.19749999791383746 0.17449999600648883 1.0001527070999148 0.8755065698217025 0.73907021001562911 0.0028031319379806523 3457.688110351563 0.045447498559951789 1.0003080964088442 0.17572516202926639 -1.0000000180025095e-35 -0.93466637229437255 -0.010248791202891318 0.25149999558925634 3376.2656250000005
decision_type=2 2 2 2 2 2 2 2 2 2 2 2 2 2 2 2 2 2 2 2 2 2 2 2 2 2 2 2 2 2
left_child=1 3 7 4 5 -1 15 16 9 -5 -10 -3 19 14 -14 -7 17 -2 -18 22 -21 -22 23 24 -13 26 -24 29 -29 -28
right_child=2 11 -4 8 -6 6 -8 -9 10 -11 -12 12 13 -15 -16 -17 18 -19 -20 20 21 -23 25 -25 -26 -27 27 28 -30 -31
leaf_value=-0.014099624583036563 -0.010767784265009491 -0.0086279520619217381 0.009564581756124747 0.0085485238630609514 -0.014304093333996203 -0.0043840259613649639 -0.015082309287673502 0.0073511959127995343 -0.0090236255555036036 -0.0053465328814389272 -0.0019696220547885733 -0.012019288581637066 0.0030784371674850422 0.005042983628303228 -0.010346087760139169 0.0057095550019605028 0.011809590229058238 0.0056509271552843713 0.0020510956434121016 0.0032694130503187445 -0.01068971772333567 0.0076237282130302312 0.0062455243440859088 0.008271401713918337 0.00094281471526887596 -0.0057665220381936675 -0.0096254407051082364 0.011321282558760231 -0.0023027058819818165 0.001121658709373113
leaf_weight=8.1363554149866086 6.4013851135969144 7.9176556318998328 71.012189149856567 6.6998034864664078 19.302799746394157 29.527501508593559 4.9812639057636252 37.648844569921494 23.129999771714211 5.4733235239982587 23.751205593347549 6.7044177949428585 9.2548530697822553 31.807083636522293 5.9660248309373847 5.2181458622217169 5.6443491280078879 4.9891597628593445 30.347311407327652 34.348580226302147 7.4920500665903074 4.3476189225912094 8.7367175072431547 11.266161769628523 17.010172665119171 44.480683550238609 15.188560411334036 5.4255797266960206 11.478712081909178 9.3260246962308866
leaf_count=33 32 34 426 27 78 119 20 205 93 22 96 29 42 144 26 21 28 25 157 161 33 20 37 50 73 188 64 24 50 39
internal_value=0.000190082 -0.0026638 0.00672267 -0.0063497 -0.00850101 -0.00611489 -0.00442316 0.0043291 -0.00387573 0.00222684 -0.00548297 -0.000641406 -0.000349402 0.00269364 -0.0021514 -0.00282743 0.00189633 -0.00350262 0.00363765 -0.00117017 0.00141239 -0.00387359 -0.00209854 0.000808465 -0.00271483 -0.00318334 -0.000865618 -0.00240113 0.00205209 -0.00550837
internal_weight=513.015 356.971 156.043 126.22 67.1661 47.8633 39.7269 85.031 59.0543 12.1731 46.8812 230.751 222.833 47.028 15.2209 34.7456 47.3822 11.3905 35.9917 175.805 46.1882 11.8397 129.617 34.9808 23.7146 94.6363 50.1556 41.4189 16.9043 24.5146
internal_count=2396 1523 873 509 271 193 160 447 238 49 189 1014 980 212 68 140 242 57 185 768 214 53 554 152 102 402 214 177 74 103
is_linear=0
shrinkage=0.01


Tree=69
num_leaves=31
num_cat=0
split_feature=37 37 37 44 10 13 26 26 13 22 25 10 37 46 18 10 29 33 13 44 38 44 15 33 27 33 29 41 41 38
split_gain=108.184 22.3809 16.6743 7.88314 8.02715 7.20564 6.02378 5.26146 4.72504 4.72017 4.4655 6.21439 5.43339 5.67768 5.5181 4.86144 4.6989 4.21942 4.16082 4.55268 8.72487 5.13914 4.40127 4.09502 8.94117 4.88368 4.27615 4.07433 5.88795 3.90969
threshold=0.75904105166395808 0.2375684916372196 0.96218455027683458 -3.0309317354864791 -13.37386894226074 -0.3008624911308288 1.002983093261719 0.99996075034141552 0.0038015000754967336 -4.5213866233825675 0.00098040699958801291 -5.8343186378478995 0.46720719433613367 5.3546160136336855e-08 0.16993050277233127 -7.9427919387817374 0.38850000500679022 0.13556407392024997 0.37764449417591101 0.85831137372230171 -0.050493975191121608 -0.41229946448904514 -1.0000000180025095e-35 0.17767648398876193 0.020135098136961464 0.11959250271320344 0.25949999690055853 0.69948309659957897 0.65457817912101757 -0.16644897036722231
decision_type=2 2 2 2 2 2 2 2 2 2 2 2 2 2 2 2 2 2 2 2 2 2 2 2 2 2 2 2 2 2
left_child=1 5 6 -3 8 7 9 -1 -5 -2 11 -6 29 -14 16 17 -15 -16 19 20 -17 22 -22 24 -7 -26 -25 28 -19 -12
right_child=2 3 -4 4 10 23 -8 -9 -10 -11 12 -13 13 14 15 18 -18 27 -20 -21 21 -23 -24 26 25 -27 -28 -29 -30 -31
leaf_value=0.0074554215521605216 0.0086754408466265219 0.01019889948223884 0.0098161732522774412 -0.0024825130823518163 -0.012093604750950117 0.0036127772468969076 -0.0044705573385766103 -0.0060898004264118913 0.0084695959393401958 0.0034128966697458641 -0.0033932669527907823 -0.0030374540664902467 0.0092811538661734024 0.0097279666052795984 0.0093326381575048779 0.0058147459056511917 -0.0025912271669983585 -0.0049803817344951564 0.0028795721475102032 -0.010320787292754921 -0.0080565056422981247 -0.015540883486069152 0.0037579906817206978 -0.012647965813113322 -0.011840451207956919 -0.0018466322430163735 -0.0066990337749389993 -0.0083684819676405359 0.0094871819698410641 -0.012544006522454604
leaf_weight=4.9795874506235105 20.620454058051109 5.2223716527223578 67.659336805343628 5.9615745693445232 11.12214110791683 7.6525444686412838 8.2187101691961271 6.4773960113525391 10.68802288174629 109.13320069015026 55.854553192853928 25.070966169238091 5.6778926998376837 7.9042288511991483 5.3779762089252499 7.8309383094310716 4.8190096467733383 5.246390298008917 7.1029642373323432 12.410905823111532 7.7281113266944876 4.8044561892747977 5.0693121403455725 32.64501915872097 15.930082157254221 7.4635064005851737 21.366169542074203 4.8681911379098883 5.7429588288068771 5.1384974718093863
leaf_count=20 108 25 409 26 46 31 39 26 49 550 229 105 26 36 24 34 21 23 31 52 33 20 22 132 64 30 86 21 26 21
internal_value=0.000155028 -0.00367048 0.00574296 -0.00178253 -0.00210789 -0.00763766 0.00373262 -0.000102498 0.00449696 0.00426296 -0.00272052 -0.00587362 -0.00192624 -0.00027192 -0.000982877 -0.00215399 0.00500019 0.00175078 -0.00402083 -0.00534651 -0.00284905 -0.00677107 -0.00330616 -0.00863957 -0.00564315 -0.00871601 -0.0103299 -0.000800253 0.00250746 -0.00419983
internal_weight=505.787 300.156 205.632 203.641 198.419 96.5143 137.972 11.457 16.6496 129.754 181.769 36.1931 145.576 84.5833 78.9054 66.1822 12.7232 21.2355 44.9467 37.8437 25.4328 17.6019 12.7974 85.0573 31.0461 23.3936 54.0112 15.8575 10.9893 60.9931
internal_count=2365 1259 1106 870 845 389 697 46 75 658 770 151 619 369 343 286 57 94 192 161 109 75 55 343 125 94 218 70 49 250
is_linear=0
shrinkage=0.01


Tree=70
num_leaves=31
num_cat=0
split_feature=37 37 37 9 9 23 27 3 27 4 38 39 38 44 37 34 27 27 27 27 38 33 10 39 28 37 37 23 29 44
split_gain=109.606 22.6411 9.57193 6.37038 6.0893 7.01023 7.49954 7.24677 6.08717 6.09751 6.63889 6.62705 6.52015 7.13512 6.25859 6.19776 5.99639 7.01937 5.87315 5.81806 7.21598 5.80222 5.75068 6.21803 5.73323 7.69092 5.66038 4.91118 5.99725 4.84219
threshold=0.85588966133151145 0.2375684916372196 0.9605884686436067 0.36348350346088415 0.4505975097417832 7.8704805374145517 0.025197686627507213 60.506528854370124 0.01928155962377787 -556.78210449218739 0.43349448892972581 0.76845376845376856 0.44555680386977725 -2.2033685110095687 0.73907021001562911 0.72072803974151622 0.02639810182154179 0.026996016502380375 0.020590487867593769 0.025339009240269664 -0.67728635685073624 0.15876275300979617 -3.0074909925460811 0.33615819209039549 0.23081147670745852 0.80660626119733825 0.44862021092944265 1.0000000180025095e-35 0.34149999916553503 0.2168608837893132
decision_type=2 2 2 2 2 2 2 2 2 2 2 2 2 2 2 2 2 2 2 2 2 2 2 2 2 2 2 2 2 2
left_child=1 21 3 -2 5 8 7 -7 -3 10 11 16 15 -14 -12 -11 18 26 -10 -6 -21 27 23 -19 25 -16 -18 -1 -29 -28
right_child=2 4 -4 -5 19 6 -8 -9 9 12 14 -13 13 -15 24 -17 17 22 -20 20 -22 -23 -24 -25 -26 -27 29 28 -30 -31
leaf_value=-0.0077950662556218811 0.0011955143121134353 0.010020026700119951 0.0093879492266028906 0.0068292339968830298 0.0073256996472213154 0.0041670128867879568 -0.015874492238939244 -0.0072783494011044829 0.00044853558337324594 -0.009715595696376594 -0.011800890216033958 -0.0071519978477832544 -0.0069634052760891851 0.0075930873446013744 0.0097772676020855785 0.00068905927044343263 -0.011681198182060058 0.014890631269489951 0.00647414865651372 0.005984536740260251 -0.010923042422247309 -0.0090166464327326376 -0.0036060874867050643 0 -0.0089264030421756166 -0.00446408593557581 -0.0091794056342262495 0.0065394085632829967 -0.0062901021300724273 0.002522715802436913
leaf_weight=13.663263410329821 35.893879070878029 4.3699108213186255 74.577299505472183 47.037605613470078 13.702750712633135 7.5766863077878979 6.7053859531879416 19.090047374367714 41.280344605445862 25.175725713372231 9.153629854321478 10.851062163710592 6.10358926653862 7.2271483838558179 6.4701135605573681 7.1582800447940818 9.1037372648715991 5.3857728242874163 26.942316323518753 4.7627507150173187 5.078861251473425 67.161579608917236 8.269093379378317 5.5287828296422958 7.7780910581350318 8.7892964929342252 5.3795866072177878 7.7019338458776456 6.7143523544073105 9.6955913901329023
leaf_count=55 183 20 453 256 64 33 27 80 178 105 39 45 27 34 30 31 37 24 119 20 22 271 35 24 35 41 23 31 27 44
internal_value=-0.00016719 -0.00323608 0.00677635 0.0044073 -0.00170979 -0.00219231 -0.00644462 -0.00398566 -0.00149124 -0.00175225 -0.000794996 0.000260831 -0.00496299 0.000851597 -0.00483009 -0.0073863 0.000996401 -0.00189481 0.00284878 0.00311479 -0.00266231 -0.00741131 0.00257966 0.00734709 -0.00197808 0.0015336 -0.00548206 -0.00351775 0.000493037 -0.00162027
internal_weight=514.328 356.82 157.509 82.9315 261.579 238.034 33.3721 26.6667 204.662 200.292 154.627 122.436 45.6647 13.3307 32.1911 32.334 111.585 43.3626 68.2227 23.5444 9.84161 95.2411 19.1836 10.9146 23.0375 15.2594 24.1789 28.0795 14.4163 15.0752
internal_count=2413 1521 892 439 1137 1031 140 113 891 871 674 529 197 61 145 136 484 187 297 106 42 384 83 48 106 71 104 113 58 67
is_linear=0
shrinkage=0.01


Tree=71
num_leaves=31
num_cat=0
split_feature=37 37 37 37 9 6 29 18 13 28 39 33 33 10 18 28 41 33 25 28 46 33 6 27 23 22 25 39 39 37
split_gain=105.977 30.655 6.28661 5.56879 5.24431 5.7673 6.58857 5.08499 4.97988 4.92009 4.43552 5.14129 7.71178 4.36945 5.73365 5.49369 6.09977 5.71898 8.02604 5.45311 5.60806 6.46315 6.05165 5.41407 5.01138 4.83363 4.81686 5.62889 4.66756 4.10033
threshold=0.85588966133151145 0.44862021092944265 0.97718315352418672 0.1187286690518255 0.33668150007724768 0.045185999944806106 0.29150000214576727 0.16993050277233127 0.13332200050354007 0.81527757644653331 0.25757575757575762 0.18545573204755786 0.47179502248764044 -13.37386894226074 0.22004599869251254 -0.73211088776588429 0.55477905273437511 0.41867990791797643 0.0029201764846220617 0.28342761099338537 1.5514772360880819e-07 0.14673878997564319 0.059253500774502761 0.025953792966902259 -21.019722938537594 -1.217770993709564 0.00095578870968893181 0.55050505050505061 0.8790491118077326 0.90160011258851724
decision_type=2 2 2 2 2 2 2 2 2 2 2 2 2 2 2 2 2 2 2 2 2 2 2 2 2 2 2 2 2 2
left_child=1 3 4 8 29 6 -6 10 -1 -7 11 -3 -13 23 -15 -16 -17 19 25 26 21 -21 -22 -9 -25 -19 -18 -28 -29 -2
right_child=2 7 -4 -5 5 9 -8 13 -10 -11 -12 12 -14 14 15 16 17 18 -20 20 22 -23 -24 24 -26 -27 27 28 -30 -31
leaf_value=-0.0060324230579510245 -0.0023050498557844767 -0.0036942715749333529 0.010256973945363101 -0.0046276137123530724 -0.008538419825283125 0.0093151781513156826 0.0075857216875940417 0.01197052068307853 -0.012866544724179162 -0.0022569411353459932 0.009786276381538523 0.010547424393417153 -0.0046709730759357188 -0.012310400284459996 0.0059042311052145283 -0.012027833817458436 -0.010738804855499138 0.011370139464997278 -0.0072072628968591458 -0.010381537008251155 0 0.001285820335334042 0.014979354574335031 0.0071746138013519612 -0.0072910060773151222 0.0019887846539679778 -0.00014631746827000475 -0.012246386343378466 0 0.0050365478129352293
leaf_weight=28.763238713145256 11.312861427664755 10.858212456107141 48.747972682118416 123.49363249540329 4.4818314313888532 56.149030208587646 5.558259591460228 5.7254693806171408 18.194443345069885 3.7472006380558005 8.5951313078403455 9.6013686209917051 4.8917887508869162 4.4434472173452368 10.858522310853003 5.160978063941001 9.7917263954877836 8.394147336483007 6.4265073239803305 6.5565689951181438 6.2348019480705243 16.128451466560364 4.7407854646444321 4.5284142941236487 4.8525429368019095 16.685405403375626 26.741549283266068 8.999863073229788 4.8581882119178763 21.994647577404976
leaf_count=116 54 48 301 502 24 314 30 28 74 20 40 44 22 19 49 22 42 38 28 28 27 72 21 22 22 76 119 39 21 119
internal_value=0.000278077 -0.00270773 0.00726596 -0.00576627 0.00583548 0.00739741 0.000276169 0.000105354 -0.00872337 0.00857199 0.00360149 0.0014351 0.00534551 -0.000675205 -0.00124846 -0.000858232 -0.00147917 -0.000989411 0.00262367 -0.00235713 0.000733145 -0.00207323 0.00659017 0.00439498 -0.000200606 0.00520113 -0.00443856 -0.00287185 -0.00802089 0.00251361
internal_weight=507.517 355.525 151.992 170.451 103.244 69.9363 10.0401 185.074 46.9577 59.8962 33.9465 25.3514 14.4932 151.127 136.021 131.577 120.719 115.558 31.5061 84.0519 33.6606 22.685 10.9756 15.1064 9.38096 25.0796 50.3913 40.5996 13.8581 33.3075
internal_count=2381 1519 862 692 561 388 54 827 190 334 154 114 66 673 601 582 533 511 142 369 148 100 48 72 44 114 221 179 60 173
is_linear=0
shrinkage=0.01


Tree=72
num_leaves=31
num_cat=0
split_feature=37 37 37 26 34 44 29 23 27 34 16 27 9 27 34 10 10 17 30 27 29 29 33 18 37 44 30 22 34 34
split_gain=117.657 28.5396 8.51746 8.17144 6.76064 5.65487 6.16952 6.39413 13.4135 7.00805 8.93937 6.381 8.96039 5.40355 5.544 10.227 6.00335 5.38432 5.1587 5.10874 5.06944 5.0482 6.23657 5.0338 7.04964 6.83273 4.87637 5.43937 4.84843 4.68887
threshold=0.85588966133151145 0.46720719433613367 0.96218455027683458 1.0021684765815737 0.65650171041488659 -1.801589864710168 0.075500000268220915 -4.7838590145111075 0.027028735727071766 0.71574014425277721 0.60785751044750225 0.026528350077569488 0.32667899131774908 0.019747030921280388 0.69491010904312145 -0.49188499152660364 -13.37386894226074 -0.5617450177669524 0.027478869073092941 0.019450061954557899 0.29950000345706945 0.2424999997019768 0.2542491108179093 0.59389400482177745 0.72765496584784561 -0.71121377389699203 -0.038435121998190873 -1.217770993709564 0.73041006922721874 0.7382870912551881
decision_type=2 2 2 2 2 2 2 2 2 2 2 2 2 2 2 2 2 2 2 2 2 2 2 2 2 2 2 2 2 2
left_child=1 5 29 13 -5 19 -7 8 11 18 20 12 -8 -3 23 16 -16 -10 -9 -1 -11 -14 -23 -15 25 -25 -18 -28 -29 -2
right_child=2 3 -4 4 -6 6 7 9 17 10 -12 -13 21 14 15 -17 26 -19 -20 -21 -22 22 -24 24 -26 -27 27 28 -30 -31
leaf_value=-0.0071813858208139986 0.0056737856419991316 0.0050944775179125046 0.0099190762659359926 -0.017169906071540966 -0.0026902224614318887 0.0043299681053940563 0.005496702678434418 -0.0085342245955885403 0.01332677306442076 -0.0032839913559048316 -0.011526376242544972 -0.012356720252742075 -0.013443969212994409 0.0034433437091510983 0.0022317522248518724 0.0040751230790750242 -0.015319963623578837 -0.00062249589525147455 -0.015695796559709395 0.0032460238032921856 0.0082372598713263967 -0.010218477658559931 0.0042012148061066025 0.0016159661818588985 0.0038119469792674454 -0.011738388757240958 -0.01120972485910306 -0.0052142427128134905 0.0043547040611362307 -0.0051044020577187023
leaf_weight=7.5516882091760662 83.276461064815521 20.849177643656731 68.360833287239075 4.6880467534065238 10.705114632844923 4.9205839633941642 7.4527722448110607 71.142603442072868 5.0970272868871689 10.365239903330808 8.8828258216381055 12.841815382242201 7.8850953727960613 48.789079248905182 9.8190795183181745 17.789693370461464 5.3352429419755927 5.6242805421352369 12.371179908514021 11.982486441731451 5.8823543787002555 5.8500966131687147 5.8499458581209183 6.2335647493600836 11.974847435951231 9.2922585457563418 10.036154687404627 18.326590597629554 7.2373275160789481 4.0688622295856467
leaf_count=31 446 95 420 20 47 20 31 288 21 42 36 52 32 222 46 80 23 23 50 49 24 24 24 27 56 39 43 80 32 20
internal_value=-1.4516e-05 -0.00312272 0.00725805 -0.000299037 -0.00724697 -0.00589895 -0.00650469 -0.00684825 -0.00386308 -0.00822457 -0.00351278 -0.00654227 -0.00370846 0.000344427 -0.000335498 -0.00240342 -0.00469739 0.0059786 -0.00962456 -0.000750207 0.000850917 -0.00727225 -0.00294947 0.00151009 -0.00188352 -0.00633664 -0.00638523 -0.00497905 -0.00245983 0.005155
internal_weight=520.482 364.776 155.706 181.076 15.3932 183.7 164.166 159.245 50.601 108.644 25.1304 39.8797 27.0379 165.683 144.834 68.5441 50.7544 10.7213 83.5138 19.5342 16.2476 19.5851 11.7 76.2897 27.5007 15.5258 40.9353 35.6001 25.5639 87.3453
internal_count=2443 1557 886 810 67 747 667 647 207 440 102 163 111 743 648 304 224 44 338 80 66 80 48 344 122 66 178 155 112 466
is_linear=0
shrinkage=0.01


Tree=73
num_leaves=31
num_cat=0
split_feature=37 37 37 44 9 0 4 44 7 33 34 38 26 0 10 22 28 39 30 46 10 9 34 33 44 46 33 8 33 14
split_gain=100.174 24.6714 8.04053 7.41929 6.95978 5.44361 4.663 9.17809 8.70892 4.60181 4.63102 4.58502 5.69063 4.52794 4.51214 4.83311 4.43167 4.3392 4.21269 4.16988 4.07755 3.99453 3.86852 5.11617 4.11918 3.86585 4.79364 3.76755 6.19135 5.87327
threshold=0.83739519381455718 0.32407000768948008 0.90160011258851724 -2.4428728728143443 0.31797999143600469 2.4500415325164799 -609.46182250976551 -0.37613044684651148 27.001542091369632 0.74183809757232677 0.7345266342163087 -1.0868995809218649 1.0024638772010805 0.071775499731302275 -20.436865806579586 2.5152984857559209 -0.62306362390518177 0.015151515151515154 -0.020051084458827969 1.8601484917060659e-07 -12.466910839080809 0.53141701221466076 0.70640540122985851 0.2542491108179093 -0.54542387535198045 1.0322089800174569e-07 0.14810638874769214 -2.2624125480651851 0.45798160135746008 0.09611500054597856
decision_type=2 2 2 2 2 2 2 2 2 2 2 2 2 2 2 2 2 2 2 2 2 2 2 2 2 2 2 2 2 2
left_child=1 3 4 -1 17 6 9 18 -9 10 -3 12 27 -11 -4 21 -7 -2 -8 -6 -17 -16 23 -13 -24 -18 -27 28 29 -5
right_child=2 5 14 11 19 16 7 8 -10 13 -12 22 -14 -15 15 20 25 -19 -20 -21 -22 -23 24 -25 -26 26 -28 -29 -30 -31
leaf_value=0.0048384998109923657 -0.011741898048022953 0.0020763022160688953 -0.002077658802994097 0.0034861708420121443 0.0064458798097081953 0.0042395427312035055 -0.0094420011008830122 -0.02033403972042425 -0.0023888254992809671 -0.01026339533537461 -0.0052323876343137489 0.008205177297255669 0.0017580622952545516 0.0012852416787736945 0.0093993112359323748 -0.0049211731422128726 -0.010474556752582794 0.0019366819177551737 0.00022943358152230093 -0.0023912164089559119 0.0057237404149175324 0.0014736702063105306 -0.0018186548276314918 -0.0042395580073811973 -0.014178719524702151 -0.0082442891739587573 0.00054471116115118617 -0.010295534776757861 -0.011185688544413401 -0.0077120304458959555
leaf_weight=5.1609932929277411 4.8107175379991514 96.828096508979797 4.516456112265586 9.204258814454084 24.846435263752941 4.9534245729446402 4.9181940555572501 5.1245345622301084 5.9683239310979843 7.0227059274911863 9.3615401089191419 4.9528088271617916 5.2071356028318396 6.1893516629934311 91.281961977481842 4.388179928064349 11.541086584329603 4.1460640579462051 42.350385725498199 6.5479959994554511 16.831154152750969 7.2045903801918021 5.968337282538414 9.4381301403045637 5.2216380685567838 10.986093997955324 13.627544805407522 60.066708669066429 12.898403868079184 9.2107229083776456
leaf_count=21 22 432 25 37 127 21 21 21 26 30 41 20 21 27 538 25 48 20 186 32 97 43 24 38 21 46 58 243 52 37
internal_value=-0.000161654 -0.00321679 0.00625717 -0.00671664 0.00233533 -0.00117403 -0.000408452 -0.00272614 -0.0108759 0.00071736 0.00141825 -0.00721652 -0.00822117 -0.00480916 0.00752015 0.00789205 -0.00445131 -0.00534824 -0.000773556 0.00456922 0.0034627 0.00883175 -0.00336703 1.49999e-06 -0.00774937 -0.00567801 -0.00335521 -0.00880206 -0.00588171 -0.00207229
internal_weight=510.774 346.2 164.574 127.329 40.3512 218.871 177.763 58.3614 11.0929 119.402 106.19 122.168 96.5872 13.2121 124.222 119.706 41.1081 8.95678 47.2686 31.3944 21.2193 98.4866 25.5809 14.3909 11.19 36.1547 24.6136 91.3801 31.3134 18.415
internal_count=2400 1471 929 514 201 957 784 254 47 530 473 493 390 57 728 703 173 42 207 159 122 581 103 58 45 152 104 369 126 74
is_linear=0
shrinkage=0.01


Tree=74
num_leaves=31
num_cat=0
split_feature=37 37 37 44 44 3 39 22 20 46 44 44 44 27 18 26 22 13 38 28 34 44 22 6 28 34 1 34 38 37
split_gain=93.0622 25.7878 10.3829 5.90084 9.32451 10.9445 7.78843 7.7378 7.18517 6.30404 5.86596 5.81943 7.39695 5.78561 8.52179 5.71442 5.47781 5.20823 4.97078 6.70783 5.15312 5.47152 5.67948 4.91777 5.31824 4.8893 4.84237 4.56235 4.16096 6.10032
threshold=0.85025590610701507 0.32407000768948008 0.9605884686436067 -0.034078933388681336 -0.38640183741091499 45.723354339599616 0.74376899696048648 0.23016700148582461 -1.0804669857025144 7.326222120757255e-08 -3.1551613232378553 1.5635983061108172 2.7313282952328386 0.020528990775346759 0.20391699671745303 0.99986141920089733 2.3498264551162724 0.10255200043320657 0.86040089380517004 0.72514930367469799 0.73162719607353222 0.44002914265236359 -1.2714995145797727 0.043875999748706825 -0.63343122601509083 0.60535570979118358 0.050713000819087035 0.70554944872856151 -0.18343266445391301 0.62936454503493133
decision_type=2 2 2 2 2 2 2 2 2 2 2 2 2 2 2 2 2 2 2 2 2 2 2 2 2 2 2 2 2 2
left_child=1 -1 18 4 8 7 11 -6 -3 -8 -10 13 -13 26 15 -15 17 -12 23 20 21 -20 -23 -2 -25 -18 -5 -11 -16 -30
right_child=2 3 -4 6 5 -7 9 -9 10 27 16 12 -14 14 28 -17 25 -19 19 -21 -22 22 -24 24 -26 -27 -28 -29 29 -31
leaf_value=-0.0065428747365604226 -0.0020186502005620044 0.0084881236089944228 0.0092419993633820058 0.0022542155933325319 -0.0094422770563521493 -0.015088837752449158 -0.014734613349408683 0.0075831577275131644 0.0082448181074077018 -0.0058186783415884761 -0.002206110857948646 -0.0072249136701847691 0.0070431827150707425 0.0016195966906320401 0.0075350797861136881 -0.010092232028372668 0.0040425244842528778 0.0074611890177151054 0.0069195400408241792 -0.0096427372359329782 -0.0073356641769137497 0.0051585221374655776 -0.0099563863406856509 -0.0011655799618585493 0.0093973988980480053 -0.0054291459983014821 0.014532106768239692 0.0051714413111774082 -0.0078639287623418035 0.00396521817665723
leaf_weight=126.02613234519958 5.7229398041963568 7.0926631093025199 70.286236271262169 6.084796190261839 5.2272024154663104 11.426352366805075 4.8126428425312069 5.2271893918514252 5.1785935759544364 9.9297027140855771 14.678992658853533 12.69885101914406 4.9227376580238333 7.9981451183557537 19.817208886146545 8.2731523513793928 5.9458128809928885 8.7746827602386457 23.379052624106407 4.641182303428649 4.1532110571861258 5.116632267832756 4.5930612683296186 5.4163734912872306 30.818981468677521 48.246344655752182 7.3852424323558807 5.8939874470233908 5.4479477703571346 19.860085383057594
leaf_count=509 30 34 436 27 22 47 20 23 25 43 62 55 22 36 87 36 26 39 125 24 21 28 24 29 166 206 34 26 24 93
internal_value=-7.56339e-05 -0.00292217 0.00639712 -0.000886999 -0.00251727 -0.00836292 0.000716124 -0.00084363 -0.00107595 -0.0048103 -0.00191628 0.00196387 -0.00316532 0.00318709 0.00185713 -0.00429948 -0.00261657 0.00138456 0.00399212 0.001518 0.00295775 0.0042981 -0.00191808 0.00642855 0.00779209 -0.00436599 0.00911701 -0.00165552 0.0041038 0.00135852
internal_weight=505.076 350.948 154.128 224.922 111.798 21.8807 113.124 10.4544 89.9171 20.6363 82.8244 92.4882 17.6216 74.8666 61.3965 16.2713 77.6458 23.4537 83.8414 41.8831 37.242 33.0887 9.70969 41.9583 36.2354 54.1922 13.47 15.8237 45.1252 25.308
internal_count=2379 1496 883 987 484 92 503 45 392 89 358 414 77 337 276 72 333 101 447 222 198 177 52 225 195 232 61 69 204 117
is_linear=0
shrinkage=0.01


Tree=75
num_leaves=31
num_cat=0
split_feature=38 0 27 46 25 22 27 25 23 38 6 29 38 46 38 7 13 33 28 10 25 29 25 0 39 22 22 25 29 27
split_gain=62.9841 14.2219 14.1181 12.2211 9.53432 8.34728 7.53777 6.78526 6.69824 7.94404 6.53617 7.82691 6.01941 7.83176 6.53175 6.42254 6.38149 5.9158 6.1363 5.9042 5.54049 8.06903 5.44306 6.91077 5.14825 7.02179 5.03941 4.38898 5.59524 5.17264
threshold=-0.62295373626419137 0.30329549312591558 0.027174988761544231 2.8353762206834398e-07 0.00059293949743732821 0.70017302036285411 0.027532018721103672 0.0054955480154603728 1.1767594814300539 1.2121399556617005 0.055904000997543342 0.25349999964237219 0.63982242563266623 1.4019516092946253e-07 0.57574082029174034 23.945692062377933 0.2390054985880852 0.17281253635883334 0.098981369286775603 -9.69305372238159 0.0016630745376460256 0.42350000143051153 0.0027442962164059286 -0.873500496149063 0.59090909090909094 -7.3595340251922599 -7.3595340251922599 0.0034689926542341713 0.73600000143051159 0.025814576074481014
decision_type=2 2 2 2 2 2 2 2 2 2 2 2 2 2 2 2 2 2 2 2 2 2 2 2 2 2 2 2 2 2
left_child=5 3 4 6 -3 10 12 -5 24 27 -1 -12 13 14 17 -14 -17 -2 -19 -7 -18 -22 23 -13 -6 -26 -24 29 -29 -10
right_child=1 2 -4 7 8 19 -8 -9 9 -11 11 22 15 -15 -16 16 20 18 -20 -21 21 -23 26 -25 25 -27 -28 28 -30 -31
leaf_value=0 -0.0019131364522298148 -0.010866066005192345 -0.014718208972696586 -0.011920415909939567 0.0058773389266376366 0 -0.0057102148995398939 0.0028336493018743807 0.00057172070206469312 0.0070095369433303637 -0.0093072550516881108 -0.0063487789914820686 0.00066009702099051662 0.0099484004732149928 -0.0086681801642288902 0.0094999658472147992 0.012280879774636043 0.0011231759758773227 0.0086882785299284629 -0.0085121642915253135 -0.012386126125352408 0.0056983590293588297 0.0014004349235509214 0.0067654619201657808 0.0070225260766483668 -0.006669471734330544 -0.0087054186831745563 -0.014974794825389784 -0.00029171043760150309 -0.0090516277980106658
leaf_weight=46.766649797558784 17.668191343545914 6.3219452798366538 5.8503262400627127 6.6129259765148145 43.235504120588303 9.4166271686553937 6.0068539679050437 5.598109558224678 43.732104763388634 11.873722434043883 24.979349717497826 6.1022928059101131 13.147948682308195 15.300707340240477 5.1525671929121009 69.262542694807053 3.6308022439479819 21.986183702945709 21.555913403630257 58.742365255951881 4.1966810971498472 5.6339929550886154 7.0902223289012936 11.138366252183912 6.3585956096649161 8.7663577497005445 14.868205890059469 5.2361956685781461 5.3380700647830963 6.283536732196807
leaf_count=194 82 27 25 32 208 39 27 30 191 61 103 25 69 78 26 411 21 105 106 238 23 32 30 46 35 39 61 22 23 26
internal_value=0.000219281 0.00275678 0.000351327 0.00450777 0.0010117 -0.00457332 0.00515533 -0.00510716 0.00160118 -0.000417374 -0.00286222 -0.00493166 0.0055316 0.00350582 0.00199263 0.00724127 0.00827314 0.00291903 0.00490259 -0.00733563 0.00186356 -0.00196813 -0.0021013 0.00205619 0.00412106 -0.000839298 -0.00540542 -0.00189845 -0.00772838 -0.00063297
internal_weight=517.854 338.75 142.996 195.753 137.146 179.104 183.542 12.211 130.824 72.4636 110.945 64.1784 177.536 81.6636 66.3629 95.872 82.724 61.2103 43.5421 68.159 13.4615 9.83067 39.1991 17.2407 58.3605 15.125 21.9584 60.5899 10.5743 50.0156
internal_count=2435 1699 657 1042 632 736 980 62 605 323 459 265 953 397 319 556 487 293 211 277 76 55 162 71 282 74 91 262 45 217
is_linear=0
shrinkage=0.01


Tree=76
num_leaves=31
num_cat=0
split_feature=37 37 37 26 44 0 9 4 28 29 8 38 32 26 33 38 39 38 8 27 10 28 27 10 39 29 34 30 37 28
split_gain=91.8202 31.1774 8.62536 6.35164 5.74271 5.60122 5.54656 8.83475 5.79483 5.49163 6.22734 5.44742 5.36948 5.55285 5.23633 4.95391 4.6468 4.37616 4.02685 3.85834 3.97671 7.60388 7.32901 5.33672 6.45002 6.20641 5.06803 4.01188 3.90428 4.40656
threshold=0.85588966133151145 0.32407000768948008 0.97718315352418672 1.0022062659263613 -3.0309317354864791 3.4126900434494023 0.33668150007724768 66.022825241088881 0.81527757644653331 0.088500000536441817 -2.9440950155258174 -1.0655159458811039 -0.002823598799295723 1.0010465383529665 0.15138461440801623 0.33375330550462762 0.065656565656565677 0.82893458606761106 4.2216238975524911 0.01893170922994614 -13.37386894226074 -0.74948054552078236 0.025953792966902259 5.2584295272827157 0.92012227538543334 0.25349999964237219 0.7147672474384309 -0.03252857364714145 0.39170113449735361 -0.48133257031440729
decision_type=2 2 2 2 2 2 2 2 2 2 2 2 2 2 2 2 2 2 2 2 2 2 2 2 2 2 2 2 2 2
left_child=1 9 6 4 -3 12 7 17 -8 -1 14 -12 -6 19 -11 -5 -16 -2 -4 -14 22 -22 -21 24 27 -25 -24 -23 -29 -30
right_child=2 3 18 15 5 -7 8 -9 -10 10 11 -13 13 -15 16 -17 -18 -19 -20 20 21 23 26 25 -26 -27 -28 28 29 -31
leaf_value=0.0029541502938101884 0.0086313797139208025 0.0092751827442955435 0.011008978186460208 -0.0024937701481201418 -0.0074146861829932111 -0.0050991156649257997 0.0072162459956432948 -0.011773920648144311 -0.005439504412674683 0.0039029095151476511 -0.0096064724365506112 -0.0036158232713936161 0.0069891754446207658 0.0056656702732141608 0.0022096284037422635 -0.013980774016487695 -0.008683236620743209 0.000632443634405246 0.00053125616564501043 0.011309422500986236 0.0076697785310312966 -0.0081783381476466695 -0.007943987571234136 -0.0012123910043966872 -0.013634658686010073 0.011196110676312637 0.0059660491903959934 0.0040998992459312751 -0.0074711220081870354 -0.00098236535449333141
leaf_weight=5.4688288122415534 10.723523467779161 6.3975934386253348 43.695416614413261 12.267289131879808 8.4858404695987684 21.432711362838745 67.350821062922478 4.1947694420814505 3.6616933792829505 7.9288034141063717 73.829871207475662 20.054212272167206 7.4836298376321784 19.702871069312096 5.2048830091953304 5.5451605618000022 13.907492935657499 19.463261619210243 4.2348568290472022 7.7823637574911144 9.3166080415248853 9.2597447335720044 5.5291669666767103 10.217320218682291 4.9032921940088263 6.413534700870513 4.7497880607843399 11.586703255772589 12.62322422862052 62.542906329035766
leaf_count=22 57 31 278 53 36 89 381 21 20 32 299 81 34 89 21 24 56 103 26 38 42 40 25 45 20 30 22 48 55 276
internal_value=0.000109772 -0.00269723 0.00656971 -0.000469214 1.70868e-05 -0.000275582 0.00494348 0.00160168 0.00654287 -0.00667384 -0.00711961 -0.00834268 0.000293832 0.000683787 -0.00282128 -0.00618368 -0.00566867 0.00352611 0.0101071 2.98951e-05 -0.000327145 -0.000959372 0.00403941 -0.00165775 -0.00252877 0.00355138 -0.00142442 -0.0019376 -0.00125132 -0.00209384
internal_weight=505.958 352.634 153.324 226.24 208.427 202.03 105.394 34.3816 71.0125 126.394 120.925 93.8841 180.597 172.111 27.0412 17.8124 19.1124 30.1868 47.9303 152.408 144.925 126.863 18.0613 117.547 100.916 16.6309 10.279 96.0126 86.7528 75.1661
internal_count=2394 1508 886 997 920 889 582 181 401 511 489 380 800 764 109 77 77 160 304 675 641 556 85 514 439 75 47 419 379 331
is_linear=0
shrinkage=0.01


Tree=77
num_leaves=31
num_cat=0
split_feature=38 1 33 38 44 38 26 33 26 38 0 9 39 39 23 26 14 38 29 46 46 33 33 34 38 44 22 39 39 44
split_gain=69.4772 21.5203 10.0558 8.34503 8.27387 8.18189 8.8161 8.08192 8.07147 7.84057 7.2876 6.93049 7.98675 7.38919 7.31359 6.78842 6.58686 6.15541 7.0679 5.92697 6.69204 8.44967 6.13178 5.48776 5.11242 4.77487 7.72973 6.6995 4.70003 4.69772
threshold=-0.010248791202891318 -0.2103139981627464 0.18200140446424487 1.3377378580254458 -1.003568930014241 -1.0868995809218649 1.0028881430625918 0.17892184853553775 1.0019772052764895 -3.330004926002434 0.37716600298881536 0.33404949307441717 0.065656565656565677 0.10606060606060606 3.8652054071426396 0.99947413802146923 -0.34870199859142298 -1.3706173167466467 0.14250000566244128 3.4425869179478898e-08 7.8556655299811189e-08 0.24441550672054294 0.27867466211318975 0.69024667143821727 0.62301754665532327 -0.84717128006312137 -0.11067499592900275 0.30151515151515157 0.79166666666666674 0.8350845224472182
decision_type=2 2 2 2 2 2 2 2 2 2 2 2 2 2 2 2 2 2 2 2 2 2 2 2 2 2 2 2 2 2
left_child=5 4 11 8 -2 6 9 -7 25 -1 16 12 -3 -13 15 -15 -11 18 -18 -9 21 -21 -22 28 -17 -4 -27 -28 -24 -23
right_child=1 2 3 -5 -6 7 -8 19 -10 10 -12 13 -14 14 -16 24 17 -19 -20 20 22 29 23 -25 -26 26 27 -29 -30 -31
leaf_value=0.0036362617519618808 0.00057029336321618416 -0.011306055823341076 0.0064999491359270783 0.011212913430872769 0.0086405395271688182 0.001486690710194728 0.007422253446946238 0.0064886820988681385 -0.008034541876081526 -0.01031053061878686 -0.008816419570590683 0.0065735219637376944 0.0036524674557246923 -0.0076618351393463804 -0.0095246380550076271 0 -0.011989926757932971 0.00515721960536214 -0.00019806038131774795 -0.017586176479304279 0.0055494742749552309 -0.0032631023061957158 0.0011509703663886307 -0.010557005459792447 0.013109985292533318 0.003805938002630732 0.00058815834713601555 -0.011900855415579024 -0.0099434999586016041 -0.014288823738261599
leaf_weight=7.5619304031133643 15.377799019217489 12.696244433522226 27.903092414140701 11.667851746082304 81.625976100564003 44.520300418138504 4.8796899616718283 5.0652402341365805 6.9264989644289008 10.761656686663626 68.266866073012352 12.89741939306259 4.771439090371131 5.6729269176721635 9.6830496490001661 7.0503176152706128 7.5933895260095587 10.082125768065454 15.519493788480757 6.9551181495189658 8.8683829605579358 23.277421891689304 17.914362549781806 8.623728469014166 5.0024791806936264 42.716497495770454 11.507128819823267 6.6160724759101859 4.7167527824640265 4.6838287264108649
leaf_count=31 82 55 136 66 472 191 20 22 34 44 278 64 23 27 43 32 31 42 64 29 38 99 76 36 27 228 56 32 20 20
internal_value=3.92537e-05 0.00363507 0.0014296 0.00324257 0.00737338 -0.00373748 -0.00555239 -0.00191097 0.00224937 -0.00609503 -0.0067623 -0.00192119 -0.00716556 0.000338951 -0.00257166 0.00120258 -0.00353669 -0.00128624 -0.00415014 -0.00381128 -0.00452756 -0.00773098 -0.0017027 -0.00380349 0.00548582 0.00307144 0.00147452 -0.0039565 -0.00115091 -0.00519001
internal_weight=511.405 262.115 165.111 107.337 97.0038 249.29 124.665 124.625 95.6693 119.785 112.224 57.7739 17.4677 40.3062 27.4088 17.7257 43.9567 33.195 23.1129 80.1048 75.0396 34.9164 40.1232 31.2548 12.0528 88.7428 60.8397 18.1232 22.6311 27.9613
internal_count=2418 1377 823 552 554 1041 510 531 486 490 459 271 78 193 129 86 181 137 95 340 318 148 170 132 59 452 316 88 96 119
is_linear=0
shrinkage=0.01


Tree=78
num_leaves=31
num_cat=0
split_feature=37 37 46 37 9 6 46 44 0 44 38 41 10 28 30 37 10 23 9 26 30 38 27 46 22 29 0 7 29 2
split_gain=90.7552 25.3748 8.17986 7.42479 6.49504 8.72083 6.78299 5.70176 6.47272 4.88945 4.86045 4.85109 4.69937 4.37296 4.35373 4.32689 4.3041 5.73058 4.25851 4.05181 3.96954 5.25109 4.91396 4.86758 8.06424 4.88342 4.7948 4.17434 4.30612 4.10406
threshold=0.85588966133151145 0.32407000768948008 3.926531045794213e-07 0.9761275923501338 0.34812349081039434 0.05413199961185456 1.5800165042470188e-07 -3.1551613232378553 5.39595651626587 -1.5521823723640245 1.1766577304395884 0.7382870912551881 -13.37386894226074 -0.74112758040428151 -0.00094238307792693366 0.84362363922541772 5.2584295272827157 -2.960344552993774 0.35495699942111975 1.0013663768768313 -0.03252857364714145 0.34273585840967286 0.019197205081582073 1.0578858727979235e-07 -4.9206285476684561 0.31149999797344213 -0.083535503596067415 25.499053955078129 0.39849999547004705 3449.6745605468755
decision_type=2 2 2 2 2 2 2 2 2 2 2 2 2 2 2 2 2 2 2 2 2 2 2 2 2 2 2 2 2 2
left_child=1 4 3 11 14 -6 -7 -3 10 -5 12 -2 19 18 -1 16 20 -18 -14 -9 21 -15 -22 24 -24 26 -26 28 -25 -28
right_child=2 7 -4 9 5 6 -8 8 -10 -11 -12 -13 13 15 -16 -17 17 -19 -20 -21 22 -23 23 27 25 -27 29 -29 -30 -31
leaf_value=-0.01223712522708941 0.0056907746312318654 0.009709585135517727 -0.0068091145706782709 -0.0007956223396152186 0.0058585553654100769 -0.0076074071275193849 0.004975748388786041 0.0055053498723021737 -0.0084967889656213345 0.010988664682145811 0.0079598516377038225 -0.0052996168478575967 0.008725050839980035 -0.012028342145179451 -0.0067509862040534161 -0.01111333184253856 0.0087030984040582845 -0.0012729881221161849 -0.0022802821074867597 -0.0050465288651902812 0.0083881652086269208 0.000688311062909228 -0.015447257594835598 0.0025523228634958739 -0.0070169744496000755 -0.010146792219850901 -0.0016672435159860192 0.0024564022119150219 -0.0098855286106345024 0.0058872102320152173
leaf_weight=19.752131536602974 93.940700247883797 4.8699693232774726 4.3808254003524771 3.6383069306612006 8.3914805799722654 25.923892974853519 4.9556532800197592 17.752144783735279 11.171354323625563 44.448390752077103 6.1572603136301032 4.0256450772285453 7.7982516288757306 8.8293571770191175 65.032256096601486 4.9394248574972144 8.6064879596233386 16.573585450649261 6.071381002664566 4.391683652997016 4.4453240483999243 4.8612374365329734 5.3178574293851844 4.5897157788276655 13.96545292437075 7.9127223938703528 43.791344374418273 31.095829829573631 6.474176362156868 8.4796906858682615
leaf_count=80 523 24 24 22 34 105 20 84 46 286 29 20 35 37 263 23 40 73 27 20 20 22 22 20 60 33 189 135 28 38
internal_value=-7.0997e-05 -0.00285034 0.00642608 0.0068343 -0.00648953 -0.00307513 -0.0055462 -0.000864705 -0.00110412 0.0100765 -0.000706127 0.00522402 -0.000973873 -0.00150245 -0.00805378 -0.00194767 -0.00166056 0.0021182 0.00385409 0.00335441 -0.00234953 -0.00746817 -0.00178028 -0.00216673 -0.00362409 -0.00274303 -0.00182952 0.000558687 -0.00465962 -0.000413723
internal_weight=502.584 352.15 150.434 146.053 124.055 39.271 30.8795 228.094 223.224 48.0867 212.053 97.9663 205.896 183.752 84.7844 169.882 164.943 25.1801 13.8696 22.1438 139.763 13.6906 126.072 121.627 79.4671 74.1492 66.2365 42.1597 11.0639 52.271
internal_count=2382 1507 875 851 502 159 125 1005 981 308 935 543 906 802 343 740 717 113 62 104 604 59 545 525 342 320 287 183 48 227
is_linear=0
shrinkage=0.01


Tree=79
num_leaves=31
num_cat=0
split_feature=38 1 46 38 9 38 38 6 33 3 6 38 38 1 4 28 25 3 29 3 46 1 27 27 33 27 28 34 14 39
split_gain=68.8003 11.4133 11.9357 9.72585 8.33186 6.2705 6.03428 5.97665 6.24161 5.91165 5.5602 6.81383 7.79682 6.67068 5.63424 5.54156 5.90863 11.6681 5.531 5.43204 5.09225 6.56555 5.81747 6.39924 5.05093 5.0225 4.77964 4.53562 5.89468 4.25499
threshold=-0.010248791202891318 -0.50438550114631642 3.926531045794213e-07 -1.0993804756120993 0.36458700895309454 0.48049611994919517 -3.6791016703196555 0.062175000086426742 0.14810638874769214 65.956329345703139 0.051688499748706825 -1.5274733938292093 -1.3603752887035607 0.10875800251960756 -5535.3884277343741 -0.6703912317752837 0.0027329564327374105 42.743061065673835 0.25550000369548803 55.181695938110359 9.7178309989103396e-08 0.52802452445030224 0.019747030921280388 0.020054486580193046 0.41053815186023718 0.02743610925972462 -0.36197102069854731 0.7225504219532014 -0.65583050251007069 1.0000000180025095e-35
decision_type=2 2 2 2 2 2 2 2 2 2 2 2 2 2 2 2 2 2 2 2 2 2 2 2 2 2 2 2 2 2
left_child=3 19 4 6 15 7 -1 8 -6 25 13 14 -13 24 -12 -3 20 -18 -10 -2 22 -22 -17 -24 -8 27 -25 28 -5 -14
right_child=1 2 -4 9 5 -7 10 -9 18 -11 11 12 29 -15 -16 16 17 -19 -20 -21 21 -23 23 26 -26 -27 -28 -29 -30 -31
leaf_value=0.0045702341826131107 0.01023603170694436 0.0066871855720441247 -0.0096823538927060925 -0.012042093587458808 -0.011343318610074321 0.006771966680433247 -0.0028017198148827609 0.0059724807891406162 0.0085251495296952227 -0.012393616643397115 -0.0033895489002839234 0.0024767094426700305 -0.00074483653115128227 -0.0060470798398309603 -0.013036319385233332 0.010177124160796054 0.0020769411801223586 -0.013534212868551991 -0.005014840243586385 0.00087084223220831218 0.0095657757746925604 -0.002899121282095094 -0.012570578536302168 -0.0073885648464464757 0.0084223754918453762 -0.0087774471922648697 0.0014739298859986361 0.0034420672308794675 -0.0010515395299625868 -0.011884817214421731
leaf_weight=5.292572706937789 32.852268472313881 15.266347169876097 7.4246057420969001 5.1141785979270926 5.4338381290435818 71.826173484325409 10.445585459470751 15.376164078712462 5.7125125676393491 4.93072485923767 8.1164369434118253 10.279320523142816 5.1737335622310665 40.811243563890457 29.237084150314331 4.8609380275011054 10.766883596777918 8.3639857620000821 6.1078222692012787 7.9449609369039527 13.873526185750963 5.8487414866685858 4.3834093362092963 7.2179981172084799 6.314294457435607 8.2540790438652021 36.019116252660751 20.997337535023689 84.218069493770599 11.469276309013365
leaf_count=22 200 78 34 21 24 410 43 79 29 20 33 42 21 166 119 23 54 37 27 42 71 26 19 35 27 34 176 90 360 47
internal_value=-2.68512e-05 0.00358203 0.00266627 -0.00376385 0.00310978 0.0051184 -0.00570804 0.00143843 -0.00255563 -0.00175151 -0.00616607 -0.00820211 -0.00428239 -0.00386529 -0.0109815 0.00112925 0.000183022 -0.00473112 0.00146148 0.00844327 0.00150363 0.00582282 -0.000108468 -0.00119847 0.00139253 -0.00129051 0 -0.000713893 -0.00170468 -0.00850664
internal_weight=509.933 259.279 218.482 250.654 211.057 104.457 127.14 32.6303 17.2542 123.514 121.847 64.2759 26.9223 57.5711 37.3535 106.601 91.3346 19.1309 11.8203 40.7972 72.2037 19.7223 52.4815 47.6205 16.7599 118.584 43.2371 110.33 89.3322 16.643
internal_count=2409 1364 1122 1045 1088 569 520 159 80 525 498 262 110 236 152 519 441 91 56 242 350 97 253 230 70 505 211 471 381 68
is_linear=0
shrinkage=0.01


Tree=80
num_leaves=31
num_cat=0
split_feature=37 37 46 26 37 25 25 30 13 37 37 34 18 39 29 28 33 25 8 8 29 29 38 37 30 17 38 10 10 6
split_gain=88.4829 21.115 8.16963 7.73112 7.42988 5.77718 7.69994 6.61794 6.68442 6.03109 5.72526 4.91899 4.71388 5.93661 5.23658 4.54017 4.53272 5.90788 4.55634 4.57809 4.2743 6.13321 4.18817 4.10551 6.45919 5.17986 6.31608 3.81355 3.79439 4.187
threshold=0.85588966133151145 0.46720719433613367 3.926531045794213e-07 1.002983093261719 0.98366682711739506 0.00058246671687811624 0.00046278245281428104 0.051621794700622566 -0.0059585000853985539 0.79696439844135514 0.2375684916372196 0.73889616131782543 0.61002299189567577 0.74873737373737381 0.25149999558925634 0.82698044180870067 0.27630662918090826 0.0014802799560129645 -2.0110045671463008 1.0416495203971865 0.18349999934434894 0.12350000068545343 0.76389026853840225 0.66877360884636716 -0.011424056254327295 -1.0000000180025095e-35 -0.34438465978614324 -20.436865806579586 -13.032540321350096 0.044652499258518226
decision_type=2 2 2 2 2 2 2 2 2 2 2 2 2 2 2 2 2 2 2 2 2 2 2 2 2 2 2 2 2 2
left_child=1 3 4 10 11 6 -3 8 9 23 16 15 13 14 -10 27 17 20 -19 -20 21 -1 -14 25 -25 -7 -27 -2 -12 -30
right_child=2 5 -4 -5 -6 7 -8 -9 12 -11 28 -13 22 -15 -16 -17 -18 18 19 -21 -22 -23 -24 24 -26 26 -28 -29 29 -31
leaf_value=0.0041130090517100442 -0.002295906141567793 -0.00070225100505441856 -0.0056062920288143438 0.0072570000751748381 0.011111161733545401 -0.0082382539658843908 -0.016554274660486062 -0.0071610744786309534 0.0089287169225359137 -0.0094414840136830859 0.0030857374832373675 -0.0047099988587657824 0.0014198463630007922 -0.0030494633945169426 0.0026345239114259535 -0.0032857100483553582 -0.0093442924131652456 -0.0024358284528048272 -0.017897685418042888 -0.0066564519023958506 0.006887043066397449 -0.0085663407010089874 -0.0071007873481085853 -0.0068507260675219322 0.0063626102321569077 0.010399178036381974 -0.0034767282015252866 0.0069981914526623104 0.0012903901010356755 -0.0051055907652173852
leaf_weight=6.1909950375556972 4.4126852452754965 8.8660080283880216 5.1705396920442572 4.8650558441877356 34.124579384922981 10.795527234673498 4.7088982015848151 10.632920011878012 23.619170218706131 8.6498866379260999 7.8554415404796591 4.1783277988433829 23.517405927181247 9.6751415580511075 31.558956980705261 4.6902328729629508 45.468002215027809 9.7025263309478778 6.4041742533445385 9.6417671591043455 5.229404851794242 9.3653535544872266 7.5033513307571402 4.7678348273038891 14.808403193950651 4.6345905363559714 10.498379334807398 97.155688002705574 11.809497967362402 65.31441330909729
leaf_count=25 24 39 28 20 222 46 20 46 112 38 33 21 106 42 145 25 185 39 26 39 21 38 34 21 67 21 45 558 49 266
internal_value=0.00010536 -0.0026048 0.0065546 -0.00498756 0.00700005 -0.000110802 -0.00635501 0.0004142 0.000962153 -0.0018335 -0.0053337 0.00571178 0.00255197 0.00408569 0.00535814 0.00613504 -0.00707299 -0.004817 -0.00801334 -0.011288 -0.000790236 -0.0034624 -0.0006252 -0.000347854 0.00307519 -0.00297259 0.0007476 0.00658271 -0.00343283 -0.00411286
internal_weight=505.815 356.083 149.732 181.847 144.562 174.236 13.5749 160.662 150.029 54.1546 176.982 110.437 95.874 64.8533 55.1781 106.259 92.0022 46.5342 25.7485 16.0459 20.7858 15.5563 31.0208 45.5047 19.5762 25.9285 15.133 101.568 84.9794 77.1239
internal_count=2401 1523 878 741 850 782 59 723 677 238 721 628 439 299 257 607 373 188 104 65 84 63 140 200 88 112 66 582 348 315
is_linear=0
shrinkage=0.01


Tree=81
num_leaves=31
num_cat=0
split_feature=37 37 44 34 29 44 44 3 38 44 0 44 1 39 44 13 39 18 33 38 34 44 46 30 29 30 46 34 1 7
split_gain=81.7426 21.0717 8.80136 7.91801 7.80581 5.88541 10.7945 7.5699 5.88031 5.53013 5.93186 5.4865 4.90557 5.96442 6.83523 12.042 6.35027 5.04924 5.12135 4.7788 6.56449 5.59377 6.40418 6.15586 6.80043 6.54835 7.30414 6.55576 4.75132 4.92643
threshold=0.85588966133151145 0.44862021092944265 -1.801589864710168 0.73889616131782543 0.082499999552965178 -0.076258601977240034 -0.41229946448904514 46.253377914428718 -2.8030649757936845 0.5023173821687662 0.13107949867844584 -3.1551613232378553 -0.49699650704860682 0.31446039340776188 1.1858364551244907 -0.16007299721240995 0.7106782106782108 0.40610599517822271 0.38087600469589239 -1.8436286080767224 0.67201983928680431 -1.3567868264282785 4.4465626853639946e-08 -0.00094238307792693366 0.37649999558925634 0.02175870165228844 1.0249706266283057e-07 0.6421436369419099 0.63102951645851146 32.69050598144532
decision_type=2 2 2 2 2 2 2 2 2 2 2 2 2 2 2 2 2 2 2 2 2 2 2 2 2 2 2 2 2 2
left_child=1 2 -1 -2 -4 6 11 -8 -6 10 -7 -3 -11 17 16 -16 -15 18 -14 20 -10 -21 -23 24 -24 27 -27 -25 29 -13
right_child=3 5 4 -5 8 9 7 -9 19 12 -12 28 13 14 15 -17 -18 -19 -20 21 -22 22 23 25 -26 26 -28 -29 -30 -31
leaf_value=0.0013931566321620026 0.0068776272027490796 0.0094963928038823697 0.0064724358088939921 -0.0067264263014069296 0.00088682613714074674 0.00070080440405708702 -0.0029563769939979058 -0.018783348637225427 -0.004461750757455629 -0.0083038184028645396 0.008993925727506907 -0.0009694305944193169 0.0060126779280639947 -0.0021318969449202825 -0.007934233306660184 0.0071578185463649956 -0.016527427774985871 0.014082501640016946 -0.0058579303238124481 -0.01407547280500937 -0.014054184683086186 -0.01126272450113543 -0.011748008715798366 0.009374184381418323 -0.0010156992568845821 -0.011642980892479851 0.00037748298966781542 -0.001616064101823849 -0.005330216455194439 0.0077100299635684275
leaf_weight=19.32671245932579 140.17442151904106 4.9713483154773703 4.9302731603384009 4.2626873701810828 10.828739583492277 18.033862575888634 6.5809542238712293 5.8595685213804245 12.517258137464525 6.5467744916677466 16.980060458183289 39.591240733861923 11.505352526903158 9.0741024613380414 8.1537730693817121 14.503505617380144 4.7156940251588813 4.6704756915569297 5.1305670738220206 7.4269975721836081 18.197094589471817 14.260264858603476 17.147007048130039 6.3473481386899939 9.333620533347128 12.31481494009495 8.251846641302107 34.141622990369797 20.189463436603546 7.7128663361072531
leaf_count=79 825 25 20 22 44 82 28 24 51 29 78 177 53 41 35 67 20 22 23 30 74 58 70 26 38 50 34 139 85 37
internal_value=0.00011221 -0.00244023 -0.00492397 0.00646484 -0.00571493 -7.36601e-05 -0.0020107 -0.0105811 -0.00612413 0.00157265 0.00476521 -0.000513033 -0.000154997 0.000764203 -0.00167202 0.00167164 -0.00721028 0.0049667 0.00227887 -0.00667404 -0.0102045 -0.00566367 -0.00502693 -0.00398797 -0.00802087 -0.00221224 -0.0067932 0.000101061 -0.00127805 0.000437927
internal_weight=503.68 359.243 175.024 144.437 155.697 184.22 84.9054 12.4405 150.767 99.3142 35.0139 72.4649 64.3002 57.7535 36.4471 22.6573 13.7898 21.3064 16.6359 139.938 30.7144 109.224 101.797 87.5363 26.4806 61.0556 20.5667 40.489 67.4936 47.3041
internal_count=2386 1539 713 847 634 826 376 52 614 450 160 324 290 261 163 102 61 98 76 570 125 445 415 357 108 249 84 165 299 214
is_linear=0
shrinkage=0.01


Tree=82
num_leaves=31
num_cat=0
split_feature=38 22 38 46 38 25 46 34 26 9 27 17 33 3 34 6 44 4 33 27 46 46 27 46 46 9 2 9 38 46
split_gain=67.5606 10.2128 9.01418 8.46089 8.18842 8.94787 7.27975 7.09277 6.88556 6.87942 6.66899 6.46545 5.60054 10.0699 8.20718 5.19905 5.1078 5.06063 7.29225 5.38932 5.04553 4.99183 5.58267 4.58057 4.75393 5.21817 4.50051 4.35877 4.35246 4.34892
threshold=0.055361534528273741 -2.9368635416030879 -1.1662927185526819 3.2277624513998054e-08 1.0466611610695062 0.00058246671687811624 3.060747415403664e-07 0.53556001186370861 0.99785777926445018 0.38430349528789526 0.026050351560115818 1.0000000180025095e-35 0.15334505587816241 44.954353332519538 0.55813902616500866 0.057355500757694251 1.0673932600347651 -609.46182250976551 0.083929426968097701 0.027218739502131942 1.5800165042470188e-07 6.1060318562350038e-08 0.020387510769069198 1.9747745313511763e-07 7.1768234750443848e-08 0.33416999876499182 2429.4575195312505 0.34437899291515356 -1.8852368266411206 1.9045281947518241e-07
decision_type=2 2 2 2 2 2 2 2 2 2 2 2 2 2 2 2 2 2 2 2 2 2 2 2 2 2 2 2 2 2
left_child=2 10 7 -4 5 -3 12 -1 -5 23 -2 -12 13 16 -14 -11 -7 19 -19 -10 -15 22 28 24 25 -6 -23 -21 -9 -16
right_child=1 4 3 8 9 6 -8 21 17 15 11 -13 14 20 29 -17 -18 18 -20 27 -22 26 -24 -25 -26 -27 -28 -29 -30 -31
leaf_value=0.0050318117987069779 0.0084425149100530276 -0.010578654943564466 0.0092532160398694548 0.0058589143198691596 -0.006617135832309229 0.00039971349667763305 -0.0091086522943991631 0.0040010351693455974 -0.00089610957229974294 0.011912102467737162 0.0056198009950404982 -0.0075689688742808323 -0.0095416465293960435 -0.01127642257786844 0.0035342404406042407 0.002650233370797265 0.013164350460112679 0.0028775679059166916 -0.0081788264756132035 -0.014725120989114842 0.00082658758320974205 -0.01418844860828479 -0.011318544256322813 -0.007118698045996256 0.006692994825316571 0.007527655397159742 -0.0040070313005568566 -0.0019812677634443222 -0.0078932609080382375 0.013256955314600052
leaf_weight=5.5247152447700492 52.330871403217316 6.6126213520765296 6.1123486757278434 8.7117923200130445 7.2301958501338977 11.989250421524053 6.2180965393781653 4.8083506226539612 75.52243734896183 18.358258172869686 10.661541208624842 5.5515165328979483 4.4613735526800147 10.48440797626972 65.778057873249054 9.5902034491300565 4.2344654500484458 7.0739249587059012 32.976966515183449 5.4138807207345945 4.8674516230821601 4.6747804135084143 31.612400203943253 4.5601826608180991 17.973389968276024 3.9137715101242065 66.111509189009666 5.7049478441476822 7.8673474937677366 4.9717599153518668
leaf_count=23 315 32 27 38 38 58 27 20 329 115 59 25 22 46 330 54 22 30 137 22 22 19 129 23 98 22 271 24 32 26
internal_value=-0.000304968 0.00341368 -0.00385248 -0.00212712 0.0021599 0.000623356 0.00129647 -0.00586536 -0.00265468 0.00512034 0.00670635 0.00102382 0.00191966 -0.00158973 0.00340643 0.00879043 0.00385284 -0.00325215 -0.0061988 -0.00187292 -0.00739382 -0.00640113 -0.00906072 0.00202798 0.00351416 -0.00153777 -0.00471259 -0.00835147 -0.00330705 0.00424934
internal_weight=511.903 249.787 262.115 141.516 181.243 119.617 113.005 120.599 135.404 61.626 68.5439 16.2131 106.787 31.5756 75.2112 27.9485 16.2237 126.692 40.0509 86.6413 15.3519 115.074 44.2881 33.6775 29.1174 11.144 70.7863 11.1188 12.6757 70.7498
internal_count=2435 1334 1101 607 935 585 553 494 580 350 399 84 526 148 378 169 80 542 167 375 68 471 181 181 158 60 290 46 52 356
is_linear=0
shrinkage=0.01


Tree=83
num_leaves=31
num_cat=0
split_feature=37 37 8 9 25 14 30 2 30 25 38 33 44 26 0 28 46 38 10 30 25 9 10 1 44 34 11 8 28 7
split_gain=84.3652 32.759 6.86455 7.83591 6.4526 7.2914 8.90048 6.06892 5.9983 9.72989 5.62075 4.95566 4.62494 6.04798 5.68517 4.80473 4.57143 6.734 4.95366 4.61767 6.98072 7.4412 5.69092 4.53176 10.4936 7.08393 5.6399 4.99916 4.95451 5.35632
threshold=0.46720719433613367 0.90160011258851724 6.9072718620300302 0.40105749666690832 0.00053768648649565886 0.09611500054597856 0.055997790768742568 2469.759399414063 -0.00094238307792693366 0.001809503883123398 -0.75772547218459374 0.20342518389225009 0.3091178397912186 1.0006350278854372 -1.6826924681663511 -0.72116741538047779 3.2277624513998054e-08 0.87539868784906061 -0.49188499152660364 -0.016694252379238602 0.0019500719499774279 0.29517349600791937 -8.7844886779785138 0.11490450054407121 0.012946062815286773 0.72785106301307689 1.0000000180025095e-35 0.35635349154472357 -0.15207672864198682 25.398866653442386
decision_type=2 2 2 2 2 2 2 2 2 2 2 2 2 2 2 2 2 2 2 2 2 2 2 2 2 2 2 2 2 2
left_child=8 4 3 16 -2 6 11 -7 9 -1 -11 -6 13 15 -14 -13 -3 -18 19 -19 21 -21 -23 24 27 26 -26 -10 29 -25
right_child=1 2 -4 -5 5 7 -8 -9 23 10 -12 12 14 -15 -16 -17 17 18 -20 20 -22 22 -24 28 25 -27 -28 -29 -30 -31
leaf_value=-0.012610502575058063 -0.0062909887612229657 -0.0059735196418004366 -0.0062615421277264424 0.0099270844385451612 0.00055999132074919416 0.0068050788670444597 -0.0079570984543982301 -0.0034928962869224135 0.012769600139075488 -0.0063831532930160983 0.0044628475563940071 -0.00367632341375034 2.9376700114717852e-05 -0.0055613202064350329 0.0098147624175204569 0.0057718952306518943 0.010161170649362632 -0.0041133367040276977 -0.0070091835941164535 0.012253259882407934 0.011680979587472516 -0.01283979448967232 0.0040511009575650457 -0.002983237716897901 0.0037389589606144995 -0.014871370887912119 -0.0069620724338554738 0.00081861484786676362 -0.003662734998778895 -0.011571388890287136
leaf_weight=26.517473101615906 12.793607026338575 3.5752701461315146 3.581371694803237 63.298243403434753 56.786666318774223 6.3996537774801245 7.9989794939756385 45.316115021705627 5.1407499760389355 22.63374221324921 5.860695242881774 6.3600293844938234 8.1484533995389921 7.7814164012670508 24.030415698885918 29.713165953755382 19.265963852405548 5.196152180433276 4.4243527948856345 3.6064711809158343 11.368123635649679 4.1424320638179779 3.5726441144943237 11.575807765126227 8.2110882848501241 6.0904963165521613 11.759016171097755 11.201311424374579 54.502614870667458 21.634995177388191
leaf_count=108 56 20 21 400 258 30 36 201 21 92 24 30 39 37 115 140 113 30 26 21 68 23 21 47 34 25 48 46 222 88
internal_value=-5.65521e-05 0.0029924 0.00709418 0.00751138 0.000547489 0.00101011 0.00219265 -0.00218858 -0.00545208 -0.00824089 -0.00410959 0.00281696 0.00448653 0.00233191 0.00737562 0.00407289 0.00470778 0.00547768 0.00263142 0.0042163 0.00617743 0.000509795 -0.00493837 -0.00425989 -0.00153816 -0.00548725 -0.00251561 0.00469368 -0.005561 -0.0086259
internal_weight=512.488 327.36 122.031 118.45 205.329 192.535 140.819 51.7158 185.128 55.0119 28.4944 132.82 76.0335 43.8546 32.1789 36.0732 55.1514 51.5761 32.3102 27.8858 22.6897 11.3215 7.71508 130.116 42.4027 26.0606 19.9701 16.3421 87.7134 33.2108
internal_count=2440 1685 743 722 942 886 655 231 755 224 116 619 361 207 154 170 322 302 189 163 133 65 44 531 174 107 82 67 357 135
is_linear=0
shrinkage=0.01


Tree=84
num_leaves=31
num_cat=0
split_feature=37 37 26 3 37 44 26 34 37 37 23 11 28 28 28 21 34 23 25 27 23 46 33 33 25 13 13 34 16 13
split_gain=83.8578 27.6822 8.64907 6.97093 6.15251 6.1305 5.49822 6.08135 4.73846 7.48468 7.50678 5.22743 7.16711 4.66524 8.6398 5.36232 4.70492 4.7908 4.62655 5.80831 7.65495 6.15552 8.98522 6.08369 5.49537 4.58736 6.83251 5.38965 4.46211 4.45081
threshold=0.46720719433613367 0.90160011258851724 1.0027483701705935 29.812106132507328 0.98366682711739506 -2.8018245202483523 1.0022062659263613 0.65042108297348034 0.32407000768948008 0.39170113449735361 -3.5049760341644283 1.0000000180025095e-35 0.21411885321140292 -0.58552372455596913 -0.69201627373695362 0.054700000211596496 0.6701573133468629 -1.0000000180025095e-35 0.00058246671687811624 0.025814576074481014 1.6912944912910464 8.5873022829794455e-08 0.045257866382598884 0.26022408902645117 0.00046278245281428104 0.21479249745607379 0.10255200043320657 0.67328262329101574 0.60785751044750225 0.13647849857807162
decision_type=2 2 2 2 2 2 2 2 2 2 2 2 2 2 2 2 2 2 2 2 2 2 2 2 2 2 2 2 2 2
left_child=2 3 5 -2 13 -1 18 -8 25 10 -10 12 -11 14 -3 16 -15 -18 24 23 21 -21 -23 -20 -5 26 -7 -28 -25 -17
right_child=1 4 -4 6 -6 8 7 -9 9 11 -12 -13 -14 15 -16 29 17 -19 19 20 -22 22 -24 28 -26 -27 27 -29 -30 -31
leaf_value=0.00460718964999326 0.011700120002931778 0.0058055241431086424 0.0074369946078062027 6.6649806594109597e-05 0.010515720229852263 -0.0070710717934068159 -0.014556005127569785 -0.00064122094066188494 0.0077331789020735784 -0.0080456153796075493 -0.0034956907190689282 -0.011995909854563757 0.006519591749610463 0.0072875721826605689 -0.011038330308307996 0.0099555913973060958 0.0028964957041042829 -0.011522500541259938 0.00066317795475718427 -0.0044069218651638436 -0.01344917482744578 -0.0095339666678257891 0.0056456787499089079 0.0034564753495663582 -0.012655401141380867 -0.0099973650564037491 -0.0051822773756159402 0.006368796941924596 0.010127762791972887 0.0037160267946285308
leaf_weight=5.4948898255825034 5.7055517286062232 8.7921230345964414 5.0646994411945334 9.5278763324022275 35.169334501028061 69.937014192342758 4.7130999416112891 9.5424369573593122 9.0428191423416155 9.6187118440866453 16.915592759847641 12.026989206671715 5.0223623663187036 7.4235131293535259 4.5311288088560095 37.322619587182999 5.0900748670101175 3.9574050754308674 64.083661094307899 18.963669776916504 4.6024962663650504 4.5829947292804745 22.433194130659103 38.333551689982414 5.0454130917787543 37.445271775126457 8.6232626587152499 7.416078880429267 14.016884595155714 17.574717029929161
leaf_count=23 29 52 21 42 233 283 20 42 38 40 69 49 21 43 27 226 29 22 292 87 20 20 104 180 22 153 35 30 67 102
internal_value=6.46477e-05 0.00316206 -0.0052638 0.00089214 0.00696677 -0.00562753 0.000566358 -0.00538067 -0.00595509 -0.00339582 0.000392265 -0.00710816 -0.00297111 0.00547056 0 0.00648334 0.00139459 -0.00335813 0.00104143 0.00151806 -0.00129609 -3.13465e-05 0.00300808 0.00274926 -0.00432593 -0.00703463 -0.00572253 0.000102979 0.00527769 0.00798664
internal_weight=508.019 321.412 186.608 201.551 119.861 181.543 195.845 14.2555 176.048 52.6265 25.9584 26.6681 14.6411 84.6916 13.3233 71.3683 16.471 9.04748 181.59 167.016 50.5824 45.9799 27.0162 116.434 14.5733 123.422 85.9764 16.0393 52.3504 54.8973
internal_count=2421 1659 762 925 734 741 896 62 718 217 107 110 61 501 79 422 94 51 834 770 231 211 124 539 64 501 348 65 247 328
is_linear=0
shrinkage=0.01


Tree=85
num_leaves=31
num_cat=0
split_feature=38 0 33 38 46 46 8 0 9 23 10 38 17 0 16 33 9 34 33 46 46 13 0 33 33 34 18 7 38 29
split_gain=64.7458 13.089 11.0029 9.68236 9.333 7.55026 7.36871 7.19363 6.39012 5.90185 5.36628 5.50101 5.20839 5.14592 5.47263 8.27661 5.30754 4.77883 4.47801 4.38886 7.47774 4.16479 4.73974 7.71274 5.41623 5.62074 4.54049 4.16369 4.94719 4.11887
threshold=-0.010248791202891318 -0.083535503596067415 0.18200140446424487 -1.0993804756120993 3.8109942858290323e-07 3.4425869179478898e-08 -3.0353374481201167 0.071775499731302275 0.37037900090217596 0.81759399175643932 -20.436865806579586 0.70150827925834458 1.0000000180025095e-35 0.35418500006198889 1.0000000180025095e-35 0.066265311092138304 0.33987699449062353 0.72673895955085765 0.41867990791797643 9.1090221299407934e-08 6.8480280801804073e-08 0.21479249745607379 0.30329549312591558 0.41053815186023718 0.27630662918090826 0.69984236359596264 0.61002299189567577 27.90232086181641 -2.8030649757936845 0.30349999666213995
decision_type=2 2 2 2 2 2 2 2 2 2 2 2 2 2 2 2 2 2 2 2 2 2 2 2 2 2 2 2 2 2
left_child=3 4 7 6 10 -5 27 -3 -4 12 -2 -12 -7 -9 16 -16 -15 -11 -14 20 -10 22 23 -8 25 -24 -27 -1 -29 -30
right_child=1 2 8 5 -6 9 21 13 19 17 11 -13 18 14 15 -17 -18 -19 -20 -21 -22 -23 24 -25 -26 26 -28 28 29 -31
leaf_value=0.0070353031667870084 -0.001573908943814896 -0.014128369458019359 0.0013959909338131385 0.0094792370673843357 -0.0061344835581428007 -0.0021701673337847682 -0.0057717740830211571 0.0066813655887716103 0.0076195135855542133 -0.00584119480561863 0.0045249594105667068 0.0090586737977755068 0.0063704647837103823 -0.0050162290906626914 -0.018083601775608749 -0.00076510760582143263 0.0046895089179968905 0.0029920808109501025 -0.0026930476344595639 0.010448566161376216 -0.0070610452647370857 -0.010216521636784342 -0.0093839437928880803 0.0077744873516827568 -0.01015585277620492 0.0083670645237528055 -0.0044125355486766375 0.0059610648730353266 0.00096804968111989054 -0.0075544325081363219
leaf_weight=4.8385853320360175 7.2409621477127066 4.6353030800819388 51.852046966552734 5.9312046766281119 5.8449654132127753 42.893711537122726 12.140122383832933 6.9439879208803168 11.211491748690607 42.785942673683167 47.589947104454041 66.041741833090782 17.393233418464664 10.414284706115724 4.8435874432325345 6.5571253746747971 12.02363809943199 6.9218718260526648 7.6690442562103263 17.78081801533699 4.8540186882019034 26.978362843394279 7.8865848630666759 6.2747446596622458 25.947748854756355 5.169346019625662 5.7036514133214951 5.1067363172769573 8.2460712641477603 16.660816624760628
leaf_count=20 39 21 250 26 31 184 50 35 64 177 254 404 78 46 21 29 59 29 33 100 24 111 32 27 106 21 23 21 34 68
internal_value=0.000234299 0.0037462 0.00151919 -0.00340483 0.0060396 -0.00140757 -0.00536968 -0.00244339 0.00363132 -0.00197243 0.00664115 0.00717436 -4.09358e-05 -0.00105952 -0.00269249 -0.00830308 0.000138072 -0.00458754 0.00355761 0.00701214 0.00310584 -0.00688173 -0.00542672 -0.0010849 -0.00718638 -0.002994 0.00159301 -0.00142357 -0.00283929 -0.00470027
internal_weight=506.382 257.834 131.116 248.548 126.718 123.595 124.953 45.4179 85.6984 117.664 120.873 113.632 67.956 40.7826 33.8386 11.4007 22.4379 49.7078 25.0623 33.8463 16.0655 90.1006 63.1222 18.4149 44.7073 18.7596 10.873 34.8522 30.0136 24.9069
internal_count=2417 1377 649 1040 728 527 513 211 438 501 697 658 295 190 155 50 105 206 111 188 88 370 259 77 182 76 44 143 123 102
is_linear=0
shrinkage=0.01


Tree=86
num_leaves=31
num_cat=0
split_feature=37 37 37 26 46 29 38 26 41 25 9 46 37 44 41 21 41 10 46 30 28 10 30 44 9 38 9 28 10 18
split_gain=78.5735 22.7516 10.2679 7.4911 5.67794 6.3584 5.6152 5.53207 6.70583 6.08598 5.36342 5.18963 4.70929 4.6275 4.48019 5.57834 8.98516 5.65983 6.09233 5.57446 5.18648 5.26178 5.21442 5.36275 5.07776 4.32649 5.46696 4.29664 4.29155 4.07695
threshold=0.85025590610701507 0.46720719433613367 0.95952951257432106 1.002983093261719 1.3573932305059132e-07 0.29950000345706945 0.86040089380517004 1.0021684765815737 0.65650171041488659 0.00058246671687811624 0.36741951107978826 1.9520507711866637e-07 0.2375684916372196 2.0273409757295027 0.68643665313720714 0.054700000211596496 0.72673895955085765 -5.8343186378478995 7.4780127609573278e-08 0.010504854377359154 -0.49089050292968744 -3.6757088899612422 0.0088996174745261687 -0.15273579675804436 0.33404949307441717 -0.39981023934827697 0.33404949307441717 0.42729270458221441 3.4640879631042485 0.40610599517822271
decision_type=2 2 2 2 2 2 2 2 2 2 2 2 2 2 2 2 2 2 2 2 2 2 2 2 2 2 2 2 2 2
left_child=1 3 4 12 5 28 13 9 -9 -3 -8 -12 -1 -6 20 17 -17 18 -16 -18 -11 24 23 -23 27 -14 -27 -22 29 -2
right_child=2 7 -4 -5 6 -7 10 8 -10 14 11 -13 25 -15 15 16 19 -19 -20 -21 21 22 -24 -25 -26 26 -28 -29 -30 -31
leaf_value=-0.0071142507464881212 0.0051987865799815736 -0.0062509171471266346 0.0085537928898656492 0.0062286406918024822 0.0089635877204998892 0.010773077323498144 -0.013900447198213341 -0.015622440837886361 -0.0013012208115100966 -0.0017717620300641455 -0.0089022641898644506 0.0075558897450926548 -0.002722311979738678 -0.0043612711353063953 -0.0082924775622497376 -0.0048183169033819868 0.0077964137766835017 0.0089028284986953626 0.004983971965005044 -0.0045012449814687125 -0.0015524235014107619 -0.0021598047713274689 -0.0070349471878500425 0.011085650091397904 0.011648639682628931 -0.0010441743266692948 -0.013981909945445879 0.0096001870571810876 0.0091803350274274192 -0.0020794328165085717
leaf_weight=97.748171791434288 13.709566131234171 12.723560482263563 71.749349161982536 5.3380449861288062 7.2177250087261218 14.251841336488722 4.6282566338777524 4.7973561286926261 10.442985773086546 16.695183321833611 3.5536889433860779 3.9212437272071838 67.083505436778069 3.8576316386461258 6.0209465473890322 41.038166865706444 11.380060166120531 10.497375354170797 7.794986680150032 5.2401015013456336 8.2007165551185626 6.0544957369565973 6.0428386926650992 5.8225468546152124 14.030042126774786 5.6401188820600501 8.3480067253112775 5.6971664130687705 8.5109931081533414 17.078441753983498
leaf_count=398 74 55 469 22 39 81 24 20 46 75 20 22 275 21 26 182 52 49 35 23 37 27 27 27 66 23 34 26 49 89
internal_value=-0.000280891 -0.00282757 0.00582713 -0.00527116 0.0032566 0.00504627 -0.000839148 -0.00021118 -0.0059469 0.000341826 -0.00556141 -0.000150764 -0.00562332 0.00423546 0.000933109 -0.000594765 -0.00229838 0.00339721 -0.000748022 0.0038556 0.00294933 0.00469036 0.000396686 0.00428844 0.00739846 -0.00380684 -0.00888074 0.00298386 0.00292199 0.00113544
internal_weight=505.115 356.636 148.479 184.158 76.7294 53.5508 23.1785 172.479 15.2403 157.238 12.1032 7.47493 178.82 11.0754 144.515 81.9716 57.6583 24.3133 13.8159 16.6202 62.543 45.8478 17.9199 11.877 27.9279 81.0716 13.9881 13.8979 39.299 30.788
internal_count=2413 1525 888 752 419 293 126 773 66 707 66 42 730 60 652 367 257 110 61 75 285 210 81 54 129 332 57 63 212 163
is_linear=0
shrinkage=0.01


Tree=87
num_leaves=31
num_cat=0
split_feature=37 37 44 9 37 3 29 39 46 26 44 46 46 0 8 21 34 39 10 39 3 6 38 30 30 29 3 37 0 8
split_gain=79.5298 18.4378 15.0958 14.4225 12.2958 8.00175 6.94698 6.3591 7.57365 6.93879 6.34334 6.79503 5.6339 6.19385 5.58887 6.63091 7.05935 8.0488 5.90164 5.49928 5.29512 5.15058 5.06687 4.82826 5.35887 6.77785 4.63137 4.52602 4.3972 4.11837
threshold=0.67274043001872974 0.90160011258851724 -2.9202155500791673 0.3291774988174439 0.2375684916372196 52.084484100341804 0.35249999165534979 0.065656565656565677 1.1719071331309519e-07 1.0004447698593142 -0.85985650046269535 3.7416442182484359e-08 9.6339179291978346e-08 2.0754505395889287 6.9072718620300302 0.054700000211596496 0.6701573133468629 0.045454545454545463 -20.436865806579586 0.4676173499702912 45.40954780578614 0.044652499258518226 1.0726141652773127 -0.016246271319687363 0.0038161590928211813 0.41750000417232519 32.353176116943366 0.4550748002921054 0.35418500006198889 -2.1366945505142207
decision_type=2 2 2 2 2 2 2 2 2 2 2 2 2 2 2 2 2 2 2 2 2 2 2 2 2 2 2 2 2 2
left_child=2 3 -1 7 -4 10 -5 8 9 -2 -6 -12 13 19 15 16 -3 22 -17 20 21 -13 -18 29 28 -26 -8 -23 -25 -14
right_child=1 14 4 6 5 -7 26 -9 -10 -11 11 12 23 -15 -16 18 17 -19 -20 -21 -22 27 -24 24 25 -27 -28 -29 -30 -31
leaf_value=0.0094759050002709913 -0.0071340799477356068 0.0082363448492736614 -0.0074813542735549859 0.0060527359313582284 0.0082598180653613105 -0.0064135886127738521 0.0078527553673372486 0.0020046609252829767 -0.016481572964877362 0.006508364762999398 0.0081208561183469894 0.010557312407469299 0.0098730469604222642 -0.012861070904524534 -0.0048899081257637459 -0.006468639565583874 0.010123989121799515 -0.012418114158388161 0.0087624002530799338 -0.01014110871200608 -0.0067443468495051711 -0.0057997241384214184 -0.0050144394439463249 -0.00073107550580184331 0.010406647525384314 -0.0027759969511498266 -0.00096726711570434287 0.0031723752676787861 -0.013751334692012963 -0.0015534811113642943
leaf_weight=7.7854350358247748 14.549111917614942 11.396058455109598 90.769400477409363 46.307501375675201 6.2881920486688605 44.647807732224464 7.0037645399570456 11.676668867468832 6.1239942908287039 4.8430990874767295 6.1225510388612738 4.4986920058727291 7.6783053576946259 7.9049344807863227 3.8778825998306266 2.4749655723571768 4.8582906872034055 4.964745268225669 88.287475481629372 9.4470557272434217 13.448507472872732 10.549160376191141 3.8104970008134842 5.1174509674310702 5.4840911328792599 12.691437363624571 36.226041227579117 11.699650302529333 5.5710383057594299 5.0390396714210492
leaf_count=35 65 68 370 231 27 184 36 54 27 22 26 20 33 32 23 14 30 27 556 39 55 43 22 22 24 54 166 53 23 21
internal_value=-0.000193762 0.00385391 -0.00411277 0.0011845 -0.00454887 -0.00283455 0.003364 -0.00403051 -0.0068284 -0.00365974 -0.00138849 -0.00198171 -0.00262331 -0.0046476 0.0066691 0.00706873 0.00244252 -0.00235233 0.0083294 -0.0032964 -0.00164173 0.000902153 0.00337432 0.000158732 -0.0020783 0.00118205 0.000453432 -0.00104387 -0.00767473 0.00529066
internal_weight=501.143 246.4 254.743 126.73 246.957 156.188 89.5373 37.1929 25.5162 19.3922 111.54 105.252 99.1294 57.548 119.67 115.792 25.0296 13.6335 90.7624 49.6431 40.196 26.7475 8.66879 41.5814 28.864 18.1755 43.2298 22.2488 10.6885 12.7173
internal_count=2402 1341 1061 601 1026 656 433 168 114 87 472 445 419 242 740 717 147 79 570 210 171 116 52 177 123 78 202 96 45 54
is_linear=0
shrinkage=0.01


Tree=88
num_leaves=31
num_cat=0
split_feature=38 46 9 44 8 38 38 26 3 7 13 44 44 33 2 27 4 33 27 26 38 38 28 38 25 25 22 38 28 29
split_gain=62.2439 8.35437 8.9636 8.12117 6.94748 6.58516 6.41552 6.7513 6.40791 6.38716 5.55525 5.16993 8.05131 4.88381 4.78941 4.59844 6.0259 10.4416 5.49373 5.00262 4.8855 4.98114 5.73208 4.54683 4.49205 5.67164 4.34388 6.62553 12.0364 8.08071
threshold=-0.010248791202891318 3.060747415403664e-07 0.36348350346088415 0.14046754895273636 -6.818812131881713 0.48049611994919517 -1.0993804756120993 1.0028881430625918 42.478200912475593 28.366590499877933 0.2390054985880852 -1.8823100257228182 -0.86932500740233909 0.24070694297552112 3361.220825195313 0.027174988761544231 -556.78210449218739 0.25265239179134374 0.020311639644205574 1.002379894256592 -0.22204794249523899 -0.78180145008089408 -0.27726860344409937 1.2997453206739757 0.00066655996488407265 0.0034689926542341713 0.70017302036285411 -1.4321937993959413 0.32335771620273596 0.11950000002980234
decision_type=2 2 2 2 2 2 2 2 2 2 2 2 2 2 2 2 2 2 2 2 2 2 2 2 2 2 2 2 2 2
left_child=6 2 3 8 -3 -4 7 26 13 -6 -7 -12 -13 -2 -14 16 19 18 -18 20 21 22 -8 24 -10 -26 27 29 -29 -1
right_child=1 4 5 -5 9 10 15 -9 23 -11 11 12 14 -15 -16 -17 17 -19 -20 -21 -22 -23 -24 -25 25 -27 -28 28 -30 -31
leaf_value=0.0027694005365033751 -0.01672224468426067 0.009556845067469821 0.0015760979318183023 0.0046240422311858822 0.00082673146580021051 0.0081161763683271042 0.0064726736501575797 0.0056698081696514311 -0.0087130070780584833 -0.013128811150169752 -0.0070672235805037432 0.01272024763801625 0.004375181063446143 -0.00094486173911865839 -0.0075813635995900901 -0.0084749802865155804 0.0046519192506030271 -0.010374115141899848 -0.0061310966858713189 -0.0087043327871457795 -0.0044953714984387336 0.0044510330060295138 -0.0053759097238919983 0.0084240845378355817 0.0017371556972741147 -0.0099801635166059492 -0.0085354945525221194 0.0070252486157614084 -0.01047854199567653 -0.0075312657770604556
leaf_weight=8.7139838933944684 4.0431699752807599 3.0006295740604392 34.794574826955795 47.997225925326347 5.6315758824348432 72.780154049396515 5.6612825542688396 5.0876786410808554 5.9209284335374823 7.3148370683193207 4.3451316803693798 7.9304948151111665 9.5988101214170403 4.0221858620643616 5.0111501812934867 10.560017272830008 11.438413977622988 17.705697789788246 7.8907635807991019 5.8435780555009833 13.429875701665877 35.154651567339904 13.637829214334479 6.1681589782237998 39.218864366412163 4.5071140229701987 41.961149051785469 11.298614084720613 5.8805082440376273 51.894559606909752
leaf_count=36 20 17 174 257 27 448 24 21 26 35 24 46 57 22 26 44 49 73 32 25 59 154 56 33 178 20 172 47 24 213
internal_value=-0.000220437 0.00316649 0.00362289 0.0015172 -0.00379991 0.00536507 -0.00383313 -0.00542967 -0.000805116 -0.00702182 0.00667492 0.0027207 0.00467457 -0.00908448 0.0001825 -0.00217899 -0.00156261 -0.00484813 0.000189592 7.85685e-05 0.000861021 0.00220621 -0.0018332 0.000387487 -0.00060581 0.000486543 -0.00591393 -0.00447779 0.000949764 -0.00603169
internal_weight=508.444 262.285 246.338 111.878 15.947 134.46 246.159 124.836 63.8804 12.9464 99.6657 26.8856 22.5405 8.06536 14.61 121.322 110.762 37.0349 19.3292 73.7272 67.8836 54.4538 19.2991 55.8151 49.6469 43.726 119.749 77.7877 17.1791 60.6085
internal_count=2439 1410 1331 556 79 775 1029 513 299 62 601 153 129 42 83 516 472 154 81 318 293 234 80 257 224 198 492 320 71 249
is_linear=0
shrinkage=0.01


Tree=89
num_leaves=31
num_cat=0
split_feature=9 27 46 22 46 0 6 46 10 27 44 0 22 10 44 9 13 29 46 22 0 44 44 9 44 27 27 29 2 3
split_gain=26.9076 11.6637 10.5663 9.39911 12.6771 9.23957 11.6996 9.23371 9.13685 7.91469 7.66905 7.15956 6.70498 7.18675 6.65936 6.63565 9.20625 6.14946 5.87389 5.86187 10.7314 5.69441 6.46176 5.41736 5.08021 5.99088 7.1794 5.95553 4.99492 4.98275
threshold=0.40329450368881231 0.026852515526115898 3.5108708163778421e-07 3.5967270135879521 7.1411846878779347e-08 1.2744385004043581 0.045447498559951789 2.8353762206834398e-07 -13.689263820648192 0.025617944076657299 -0.81349992746272548 0.59896200895309459 1.1345450282096865 9.3677377700805682 2.8520308544577895 0.32555299997329717 0.071461498737335219 1.4010000228881838 5.3930780216585661e-08 -7.3595340251922599 1.0878980159759524 -1.9425331284228891 1.3862596844052042 0.36191549897193914 -1.801589864710168 0.020005736500024799 0.019380687735974792 0.2295000031590462 2416.4538574218755 45.40954780578614
decision_type=2 2 2 2 2 2 2 2 2 2 2 2 2 2 2 2 2 2 2 2 2 2 2 2 2 2 2 2 2 2
left_child=3 2 19 4 5 6 10 12 -8 23 -1 15 13 14 29 -10 -17 -9 -18 -2 21 -21 28 24 25 26 -5 -26 -23 -6
right_child=1 -3 -4 9 7 -7 8 17 11 -11 -12 -13 -14 -15 -16 16 18 -19 -20 20 -22 22 -24 -25 27 -27 -28 -29 -30 -31
leaf_value=-0.0058087839218112095 0.010679177972632823 -0.0053648325851021464 -0.0045811543843421228 0.00069203569361453042 0.0012418323434647089 -0.0072420284721339909 0.0070036669778569052 -0.01202695051219321 -0.0095051491835012342 -0.010712814586075203 0.007449400885109988 0.0028896138180126226 0.0069020620509838817 0.0089372872850777101 0.012309415782310238 0.0042433414415188339 0 0.00049324024533688551 -0.013465349451069076 -0.0026948772196257144 -0.0020346727613577247 -0.001207424705527363 -0.0010155684280494306 0.00070834503685010303 -0.001871415334908806 0.0049138942619937325 -0.012354375123610093 -0.01284521528418691 0.0092386793608523719 -0.004108711653458913
leaf_weight=5.3631255775690105 20.480823144316673 11.966040596365927 10.542814269661902 9.0085791349411029 67.653215482831001 32.286968350410461 7.6615777611732474 7.5378634035587293 26.528367191553116 14.814380392432211 20.595054030418396 10.692472815513609 27.621026858687401 11.110052600502966 4.4174377918243399 11.487585768103601 5.5518337935209257 7.7496373057365417 7.7549327611923218 6.0873427987098685 18.605402663350105 4.7863560318946829 8.094689339399336 28.539786636829376 8.6239968389272743 8.6948815584182721 7.5991486310958853 12.42977452278137 54.974425107240677 23.305807694792747
leaf_count=24 128 53 52 40 325 137 42 33 113 61 102 49 134 60 22 60 23 35 32 33 79 23 44 132 36 36 32 51 326 99
internal_value=0.000181987 0.00398972 0.00490725 -0.00122213 -0.000307547 -0.00262008 -0.0010433 0.00166633 -0.00318604 -0.00403471 0.00466002 -0.00447026 0.00251176 0.00135819 0.000456421 -0.00602569 -0.0022395 -0.00565319 -0.00790055 0.00580439 0.00470445 0.00641411 0.00724876 -0.00268793 -0.00479743 -0.00171626 -0.00525593 -0.00842752 0.00838471 -0.000121126
internal_weight=502.565 135.538 123.572 367.028 277.317 127.922 95.6349 149.395 69.6768 89.7105 25.9582 62.0152 134.108 106.487 95.3765 51.3227 24.7944 15.2875 13.3068 113.029 92.5482 73.9428 67.8555 74.8962 46.3564 25.3026 16.6077 21.0538 59.7608 90.959
internal_count=2416 738 685 1678 1290 582 445 708 319 388 126 277 640 506 446 228 115 68 55 633 505 426 393 327 195 108 72 87 349 424
is_linear=0
shrinkage=0.01


Tree=90
num_leaves=31
num_cat=0
split_feature=37 37 44 3 18 38 38 37 38 23 23 38 38 6 33 28 8 46 38 38 18 34 33 44 33 23 39 44 33 25
split_gain=78.5824 31.0634 7.215 6.49549 5.5223 5.71582 5.42326 4.96444 4.89184 5.2404 4.72906 5.79093 6.74816 5.23926 4.75541 4.48315 4.35297 4.0219 3.93307 7.48957 5.31086 5.37672 6.6136 3.86425 3.85977 6.28316 3.83552 4.77598 3.80926 3.79931
threshold=0.46720719433613367 0.90160011258851724 -2.8018245202483523 29.812106132507328 0.16993050277233127 1.1766577304395884 -0.54444228624406066 0.19709917713711192 0.88045987995121389 4.764195680618287 5.6055195331573495 -0.3599939838989164 -0.80249889855633405 0.056751500815153129 0.37062631547451025 -0.56498125195503224 6.1046984195709237 3.926531045794213e-07 -2.5935157370932758 -1.8579268700860518 0.15207350254058841 0.70397678017616283 0.55992624163627636 -2.9202155500791673 0.20939588546752932 -4.0547350645065299 0.74873737373737381 1.2046597423041503 0.49182736873626715 0.00040987969259731477
decision_type=2 2 2 2 2 2 2 2 2 2 2 2 2 2 2 2 2 2 2 2 2 2 2 2 2 2 2 2 2 2
left_child=2 3 -1 -2 6 8 -5 29 16 -10 11 12 18 -12 -14 -8 23 -3 -9 -20 -21 22 -22 -6 25 -17 -25 -28 -26 -4
right_child=1 17 7 4 5 -7 15 10 9 -11 13 -13 14 -15 -16 24 -18 -19 19 20 21 -23 -24 26 28 -27 27 -29 -30 -31
leaf_value=0.00542426076034356 0.010410386336001134 0.0074342108977245381 0.0005437690372149613 0.014122609702006983 0.007107659538450435 0.0067721429884741134 -0.0069669291158201184 0.0042911694819162908 -0.00059232092813280728 -0.013133402486824972 -0.014043655874576368 -0.011225448704212706 0.0064828096405034688 -0.0025222555565162937 -0.0044402867651849361 0.0054109305430604625 0.0075610018378000866 -0.0029263333202996862 -0.012959316053006598 -0.0089396913994625356 -0.0082049291405566563 0.0050428374797429178 0.0032727832800227125 -0.00057996630558645535 0.011606723095855058 -0.0071862184515569154 -0.010958307740415436 0 0.00032806026942378881 -0.0081426057841295831
leaf_weight=5.9628819376230231 6.4301964342594138 113.60509577393532 5.1735059767961493 4.3149466514587393 5.5950875580310813 9.7395091205835325 4.4163134247064582 5.0897802710533133 7.0155327171087247 6.5829709023237228 9.1499341279268283 7.8765748143196097 12.567139059305193 7.4003141075372687 5.6232614666223517 9.8227519690990466 6.2612387686967841 3.6833557188510886 9.137513116002081 10.837045818567274 12.778603643178945 10.309546187520025 8.0037632584571821 101.91073006391525 8.5677938014268857 6.47602251172066 8.4634838998317701 7.4834062606096259 4.8688825517892829 71.298544600605965
leaf_count=25 33 713 21 20 27 49 20 21 33 30 37 32 52 30 23 46 31 21 37 44 52 42 33 459 42 29 36 33 23 292
internal_value=3.39883e-06 0.00302161 -0.00524046 0.000598796 0.000258894 -0.0005873 0.00364447 -0.00561193 -0.00109879 -0.00678795 -0.00410144 -0.00309394 -0.0022051 -0.0089981 0.00304563 0.00225403 -0.0004899 0.00709811 -0.00392611 -0.00477145 -0.0029367 -0.00079035 -0.00374221 -0.000912106 0.00367581 0.000331402 -0.00130701 -0.0058584 0.0076263 -0.00754195
internal_weight=496.446 315.237 181.208 197.949 191.519 153.052 38.4667 175.246 143.312 13.5985 98.7735 82.2232 74.3467 16.5502 18.1904 34.1518 129.714 117.288 56.1563 51.0665 41.929 31.0919 20.7824 123.453 29.7355 16.2988 117.858 15.9469 13.4367 76.4721
internal_count=2386 1645 741 911 878 698 180 716 649 63 403 336 304 67 75 160 586 734 229 208 171 127 85 555 140 75 528 69 65 313
is_linear=0
shrinkage=0.01


Tree=91
num_leaves=31
num_cat=0
split_feature=37 37 9 3 38 38 1 1 37 44 17 39 6 34 9 44 23 26 39 34 34 39 29 8 15 38 1 26 26 34
split_gain=78.6038 21.0175 8.20673 8.77538 7.06452 6.56923 11.143 6.3213 5.26827 4.8197 5.72242 4.81712 8.19448 4.95121 7.9194 9.18061 5.84434 5.53387 5.25584 4.71755 4.66749 4.63394 7.07905 6.88996 6.70743 5.34089 4.62481 4.57546 4.51693 4.92644
threshold=0.85373109369193234 0.46720719433613367 0.38267450034618383 55.181695938110359 -2.8030649757936845 -1.5274733938292093 -0.26879200339317316 -0.45518499612808222 0.9761275923501338 -1.9425331284228891 1.0000000180025095e-35 0.64581296839361368 0.073612999171018614 0.728257715702057 0.33404949307441717 -0.84717128006312137 -1.4627904891967771 0.99950721859931957 0.015151515151515154 0.71574014425277721 0.61680531501770031 1.0000000180025095e-35 0.19649999588727954 -0.88470298051834095 -1.0000000180025095e-35 -1.2665227394072096 0.29185500741004949 1.0003445744514468 0.99839711189270031 0.68705186247825634
decision_type=2 2 2 2 2 2 2 2 2 2 2 2 2 2 2 2 2 2 2 2 2 2 2 2 2 2 2 2 2 2
left_child=1 4 3 8 -1 -6 7 -7 -2 -4 -11 12 13 14 -3 -16 17 -17 -15 -14 -13 23 -23 -8 27 -24 -27 -25 -22 -30
right_child=2 11 9 -5 5 6 21 -9 -10 10 -12 20 19 18 15 16 -18 -19 -20 -21 28 22 25 24 -26 26 -28 -29 29 -31
leaf_value=0.0025067862519755229 0.0032085265430259668 -0.0051622480671045202 -0.00021415518111997709 -0.0081799190580928646 -0.0082290364595785804 -0.0016799149776016863 0.0062696971317519846 0.014271882401056217 0.011064606440618407 0.010560408766605559 0.0040614672341760718 -0.013030658793576908 0.0080391787529891911 0.011571013514298203 0.0066656322348670862 -0.0052391798101278772 -0.0049243632014159336 0.0050571055965361981 0 -0.0012569581531525185 0.0066326633859500328 -0.01418424466053491 0.0014945626663039125 -0.0040461410732717633 -0.011350080507371638 -0.012289187167427409 -0.0044093733784035041 0.0063636766887559164 0.0025069176486715921 -0.0077897867100439767
leaf_weight=11.282996192574499 50.97779792547226 35.92469297349453 6.0163974463939658 5.772482529282569 60.617758065462112 4.8854829370975494 7.2938279360532752 4.720317140221594 10.411578342318533 55.379091650247574 18.91059285402298 4.6270650923252132 19.800765559077266 6.3547735363245001 18.328720197081566 7.355065897107127 25.58344441652298 16.953751102089882 9.6091477423906309 7.2478727251291266 4.6404580473899868 10.91289162635803 9.3678546249866397 15.770462453365328 9.5976317524909991 11.084733441472059 25.082991570234299 5.612125650048255 6.9347047805786159 13.059530243277548
leaf_count=46 282 156 35 29 248 20 30 20 70 360 118 20 93 29 85 34 111 80 43 33 21 45 38 64 39 45 103 23 31 57
internal_value=-6.16302e-05 -0.00262727 0.00606458 0.0034515 -0.00506905 -0.00559454 -0.00404783 0.00612209 0.004573 0.00823051 0.00892722 -0.000180967 0.000550633 -0.000562889 -0.00136619 0.000622776 -0.00158605 0.00189211 0.00459135 0.00551592 -0.0038836 -0.00509507 -0.00692418 -0.00236034 -0.00443796 -0.00513508 -0.00687919 -0.0012505 -0.00207937 -0.00417406
internal_weight=500.117 352.649 147.468 67.1619 176.229 164.946 104.328 9.6058 61.3894 80.3061 74.2897 176.42 147.158 120.11 104.146 68.221 49.8923 24.3088 15.9639 27.0486 29.2618 94.7225 56.4485 38.274 30.9802 45.5356 36.1677 21.3826 24.6347 19.9942
internal_count=2408 1514 894 381 721 675 427 40 352 513 478 793 664 538 466 310 225 114 72 126 129 387 231 156 126 186 148 87 109 88
is_linear=0
shrinkage=0.01


Tree=92
num_leaves=31
num_cat=0
split_feature=37 37 9 34 44 28 6 23 39 30 38 26 38 28 32 27 44 27 0 33 38 13 37 37 44 27 29 29 8 44
split_gain=90.7862 18.451 6.49899 6.82472 6.33187 5.06349 4.78266 8.10422 6.46574 5.46216 5.10646 5.45222 6.01232 5.07659 6.21998 5.88865 4.71473 6.001 4.57465 4.27692 4.21059 4.12822 4.09066 3.94917 3.88857 4.91164 4.18823 5.53068 4.66213 4.55949
threshold=0.85588966133151145 0.32407000768948008 0.33668150007724768 0.72673895955085765 -3.2476009500128158 0.86043295264244091 0.052039500325918205 2.2352614998817448 0.76845376845376856 -0.030878239311277863 0.26311576769395134 0.99898540973663341 -0.87914978871617488 -0.63343122601509083 -0.010097024962306021 0.026140493340790275 0.56088071837935305 0.027090823277831081 -0.49075751006603235 0.50032487511634838 -0.30003403533580536 -0.017547499854117628 0.95124172681282781 0.57034342343617372 -1.801589864710168 0.019430946558713916 0.19749999791383746 0.21949999779462817 -2.841416478157043 0.6381195567453547
decision_type=2 2 2 2 2 2 2 2 2 2 2 2 2 2 2 2 2 2 2 2 2 2 2 2 2 2 2 2 2 2
left_child=1 24 3 19 -3 -4 7 8 10 18 11 -6 -13 -11 -15 -16 -17 -18 -8 -2 -14 -12 -21 -22 25 -1 -26 -28 29 -29
right_child=2 4 5 -5 6 -7 9 -9 -10 13 21 12 20 14 15 16 17 -19 -20 22 23 -23 -24 -25 26 -27 27 28 -30 -31
leaf_value=-0.0084264195651908343 0.0068756142927147781 0.011076226724957471 0.0081188897174642831 -0.0071935481061895833 0.012285794684238681 -0.0039103789111985853 0.0020905410802552781 -0.0071735452800543347 -0.011417473783560304 0.0070645793472867329 -0.011706683258432644 -0.0061821142094465103 0.0077145450551833221 -0.011570448080254514 0.0025327743709905688 0.0022492670253198626 -0.010717027014436758 -0.00043660118536115693 -0.0088351126075301451 -0.0076762283132847942 -0.0077839627495247194 -0.0014437643265842689 0.0064229285129739164 0.0030153475691324194 -0.0090129261282401296 0.0041776949722279527 0.0025366222137172822 -0.010940201386215298 -0.0080942328095739841 -0.00023782014919069731
leaf_weight=4.9229544848203641 22.69734595716 4.0055580288171759 104.12108984589577 5.6293710917234412 4.4286699146032324 3.4506846964359275 5.4147468507289913 32.39124321937561 5.4346984028816214 11.151031777262686 5.2995174229145077 9.4436727315187401 11.157844215631483 4.3574779778718939 56.650521397590637 12.429451107978819 10.835069745779039 12.272547170519827 11.782257586717604 4.6179517060518247 4.7807411104440751 15.535983592271803 3.5055536180734634 10.909691244363783 43.27592696249485 7.8878275454044342 8.3537728339433652 4.969642415642741 40.48801089823246 19.525608718395233
leaf_count=20 129 20 656 30 20 20 25 137 23 51 23 40 49 18 255 55 48 53 50 24 20 71 22 50 178 32 34 20 165 79
internal_value=-0.000220137 -0.0029212 0.00647887 0.00277627 -0.00120459 0.00772045 -0.00143322 -0.00306951 -0.00106249 -0.000121754 -0.000115012 0.0019278 0.000606057 0.000707204 -2.32808e-05 0.000523635 -0.00264924 -0.00532555 -0.00534499 0.00464696 0.00304493 -0.00414536 -0.00146627 -0.000240238 -0.00593801 -0.000616137 -0.00651306 -0.00501402 -0.00600245 -0.00248545
internal_weight=501.726 357.704 144.022 36.4502 228.281 107.572 224.275 99.3821 66.9908 124.893 61.5561 40.7206 36.2919 107.696 96.5451 92.1876 35.5371 23.1076 17.197 30.8209 26.8483 20.8355 8.12351 15.6904 129.424 12.8108 116.613 73.337 64.9833 24.4953
internal_count=2417 1536 881 205 1008 676 988 433 296 555 273 179 159 480 429 411 156 101 75 175 119 94 46 70 528 52 476 298 264 99
is_linear=0
shrinkage=0.01


Tree=93
num_leaves=31
num_cat=0
split_feature=37 37 3 38 26 18 10 25 38 8 26 29 10 37 3 39 39 39 27 27 46 34 8 2 27 29 0 46 29 29
split_gain=61.6584 24.5512 6.57694 7.18799 6.25374 6.33435 6.05321 9.22034 7.39611 5.90264 5.99988 5.32643 5.73232 5.46995 5.97685 4.90624 9.53193 5.29268 5.1216 5.36539 4.77162 4.5845 4.40626 5.33059 6.46454 3.86557 8.35056 5.13976 10.0471 3.85439
threshold=0.90160011258851724 0.44862021092944265 31.198238372802738 1.1566280586262259 1.002983093261719 0.64400899410247814 -11.735925674438475 0.00055592777789570402 -1.0179741482541516 6.1046984195709237 1.002379894256592 1.2680000066757204 -20.436865806579586 0.96218455027683458 55.181695938110359 0.68826192964124011 0.082903780068728533 0.89564428312159727 0.026918298564851287 0.027218739502131942 3.060747415403664e-07 0.70338472723960888 -2.841416478157043 3386.6896972656255 0.020444566383957866 0.28550000488758093 0.59896200895309459 1.4374258435068878e-07 0.65450000762939464 0.25550000369548803
decision_type=2 2 2 2 2 2 2 2 2 2 2 2 2 2 2 2 2 2 2 2 2 2 2 2 2 2 2 2 2 2
left_child=1 4 -3 9 5 15 -7 -8 29 10 20 12 -2 25 -15 16 22 -17 -18 -20 -4 -10 -1 24 -24 26 -14 -27 -29 -9
right_child=11 2 3 -5 -6 6 7 8 21 -11 -12 -13 13 14 -16 17 18 -19 19 -21 -22 -23 23 -25 -26 27 -28 28 -30 -31
leaf_value=0.0029016122681078792 -0.0048712839123931416 0.0075562783557384817 0 0.0073949493882862118 0.0060060133560935315 0.0057196413203001104 0.0070799504722256247 -0.013249532275854027 -0.0056394416402327872 0.0077745701553306084 -0.0077554669710512862 -0.0037372187499710155 0.0048328370966914287 0.010430988961905292 -0.00050221459496178444 0.0076039413194854098 -0.012828733762805024 -0.0064622704234663245 0.0028880041653136161 -0.010147026781587902 -0.0075353518779477206 0.0070021609819743485 0.0050761266443409506 -0.010991522931316165 -0.0054894512017144527 0.011827070959933007 -0.010118129949441669 -0.0054020870566860273 0.011142319170025658 -0.0052068935803211182
leaf_weight=7.1197081804275504 3.8360556513071051 12.014969006180761 157.94685073196888 12.125464096665381 5.1042974144220343 8.0482086986303312 6.6535807251930228 10.418182522058485 5.1851538270711917 8.080671161413191 11.845392689108847 4.7422309070825568 17.614229574799541 52.977246403694153 5.318661540746688 4.8845881074666959 31.066019043326378 5.6723649203777313 4.9277805238962165 8.0716979801654798 8.7913384437561017 6.1097828447818756 7.055765524506568 12.686562955379484 28.925204172730446 13.263339787721636 4.6121119707822791 6.9928374737501127 7.426009327173233 15.797857522964476
leaf_count=29 22 59 720 61 21 33 27 43 21 40 51 28 103 363 34 20 128 23 20 33 38 25 29 52 118 79 25 40 44 64
internal_value=9.30466e-05 -0.00186483 0.000402675 -2.8247e-05 -0.0047192 -0.00506547 -0.00216091 -0.00362927 -0.0055692 -0.000519504 -0.000904537 0.00644389 0.00688668 0.00731687 0.00941722 -0.00642679 -0.00711159 0 -0.0106015 -0.0051451 -0.000407484 0.00111248 -0.00432306 -0.00540426 -0.00338153 0.00482963 0.0016542 0.00732809 0.00306781 -0.00847922
internal_weight=495.314 378.531 210.805 198.79 167.727 162.622 52.2128 44.1646 37.511 186.664 178.584 116.783 112.04 108.204 58.2959 110.41 99.8527 10.557 44.0655 12.9995 166.738 11.2949 55.7872 48.6675 35.981 49.9085 22.2263 27.6822 14.4188 26.216
internal_count=2393 1655 969 910 686 665 213 180 153 849 809 738 710 688 397 452 409 43 181 53 758 46 228 199 147 291 128 163 84 107
is_linear=0
shrinkage=0.01


Tree=94
num_leaves=31
num_cat=0
split_feature=37 37 37 44 0 44 34 0 44 29 38 33 44 44 13 33 25 34 44 15 34 37 25 7 46 6 46 13 9 44
split_gain=69.0762 17.1316 14.6934 7.47803 6.83969 6.01766 6.19801 8.63408 5.84107 8.34184 5.83644 6.62531 5.77658 5.16242 4.82631 4.76571 5.54079 4.71555 5.16604 6.64815 4.5874 4.85702 4.31384 4.21309 5.55603 4.19542 11.1968 3.98928 3.91409 4.33867
threshold=0.75621612977670383 0.2375684916372196 0.9605884686436067 2.1273031936294444 -0.11218750104308127 -3.1551613232378553 0.7300228774547578 4.2511276006698617 0.99395022566214608 0.28550000488758093 -1.0179741482541516 0.20187629759311679 2.7846265146220639 -1.5521823723640245 0.10810850188136102 0.14810638874769214 0.0019064929219894113 0.71192640066146862 -0.81349992746272548 1.0000000180025095e-35 0.69491010904312145 0.94732774073111825 0.0023627711925655608 27.037940025329593 2.0881262285326707e-07 0.060087500140070922 1.9193140734293311e-07 -0.33842949569225306 0.3291774988174439 0.3846403056165088
decision_type=2 2 2 2 2 2 2 2 2 2 2 2 2 2 2 2 2 2 2 2 2 2 2 2 2 2 2 2 2 2
left_child=1 10 4 5 22 -3 7 8 23 -10 27 -12 -5 -4 -11 16 -8 20 -19 -20 21 28 -2 24 -7 26 -24 -1 29 -6
right_child=2 3 13 12 17 6 15 -9 9 14 11 -13 -14 -15 -16 -17 -18 18 19 -21 -22 -23 25 -25 -26 -27 -28 -29 -30 -31
leaf_value=-0.00075322322069321633 0.0077970141368864931 0.011062554183205894 -0.00058414714963415774 -0.013358854168681985 -0.0070295529291921101 -0.004260510277942468 -0.0055058313487165288 -0.012361862107177836 0.010383033378812172 -0.0053674423870294979 0.0070788779633633716 -0.0077781561278085481 0 0.0095688885396795504 0.0064495534902267362 0.011972978677457459 0.0058483739102333241 0.0044140557203565783 -0.016017043342909279 -0.00094231086585184261 0.007443207810505361 -0.0085889412581897501 -0.0096059730555885132 0.00028665039579708977 0.0053846490136488156 0.0059086178586560557 0.0083864477013002852 -0.0079566060470002975 0.0041124524075182283 0.0056252455062993792
leaf_weight=8.9152287840843183 32.796743229031563 4.1770615726709357 5.2624707072973242 8.4469515532255155 8.0262414962053281 71.047054797410965 7.018910810351378 7.0858646780252448 9.8736962080001849 10.112906590104101 6.4357757717370969 5.4438887983560562 5.2412251234054557 58.452430471777916 5.0827650576829901 5.4723384380340567 10.627193063497542 5.2094188779592541 5.0363719463348371 7.1847281903028488 12.723187267780302 4.9545364230871192 7.6373896449804324 48.594240814447403 6.346482351422309 16.322390124201775 6.1256723403930664 76.51724661886692 24.960642695426941 3.8963524699211112
leaf_count=36 180 21 33 35 37 300 30 29 44 43 26 22 22 401 22 24 46 26 23 36 66 27 40 210 27 90 33 315 131 20
internal_value=0.000188252 -0.00286677 0.00475275 -0.0011788 0.00286847 -0.000644302 -0.000925544 -0.00163746 -0.00111993 0.00326455 -0.00630577 0.000179031 -0.00829019 0.00871504 -0.0013331 0.00388737 0.0012702 0.000745608 -0.00374763 -0.00731542 0.00220358 0.000572377 0.00527794 -0.0020022 -0.00345075 0.00248198 -0.00152303 -0.00721835 0.00184995 -0.00279835
internal_weight=495.027 296.439 198.589 199.127 134.874 185.439 181.261 158.143 151.057 25.0694 97.3121 11.8797 13.6882 63.7149 15.1957 23.1184 17.6461 71.9915 17.4305 12.2211 54.561 41.8378 62.8822 125.988 77.3935 30.0855 13.7631 85.4325 36.8832 11.9226
internal_count=2395 1252 1143 853 709 796 775 675 646 109 399 48 57 434 65 100 76 366 85 59 281 215 343 537 327 163 73 351 188 57
is_linear=0
shrinkage=0.01


Tree=95
num_leaves=31
num_cat=0
split_feature=38 33 46 44 38 38 33 23 1 29 0 29 0 33 1 26 29 6 26 4 28 26 34 26 44 18 23 25 26 28
split_gain=54.7322 10.8611 12.7591 8.45657 7.77513 7.47159 7.07997 6.25948 6.16529 6.10574 8.43704 6.6313 5.95741 5.61557 5.18674 6.38693 4.8883 4.84214 5.57404 4.55005 4.32903 8.15037 5.84175 4.27709 4.11675 3.73773 3.71481 4.69354 4.21712 4.77808
threshold=-0.010248791202891318 0.18200140446424487 3.060747415403664e-07 -1.1021979216655504 -1.1662927185526819 1.163287216499153 1.5370772480964663 0.37639250047504907 0.65285950899124157 0.25349999964237219 1.2744385004043581 0.30349999666213995 0.59896200895309459 0.16179533302783969 -0.05223449878394603 0.99912390112876903 0.66050001978874218 0.047022001817822463 0.99988815188407909 -431.68226623535151 0.39852195978164678 1.0017417669296267 0.71987053751945507 1.0007060170173647 -2.8018245202483523 0.42396299540996557 -3.5049760341644283 0.0010908207623288038 1.002379894256592 0.15280687808990481
decision_type=2 2 2 2 2 2 2 2 2 2 2 2 2 2 2 2 2 2 2 2 2 2 2 2 2 2 2 2 2 2
left_child=4 3 6 5 9 -2 8 26 -3 10 12 -11 17 19 15 16 -5 18 -1 -9 22 -22 25 24 -10 -16 28 -28 29 -6
right_child=1 2 -4 14 7 -7 -8 13 23 11 -12 -13 -14 -15 20 -17 -18 -19 -20 -21 21 -23 -24 -25 -26 -27 27 -29 -30 -31
leaf_value=-0.0079903108894208725 -0.0089294110444429996 0.006396723517923991 -0.0075935923020623323 -0.0091321031902050123 -0.0030233755389445817 0.0039888952448693758 -0.008142418850369074 -0.0061204649721935435 0.011204371768967689 0.0046946655916662661 -0.012371432599901939 -0.0045074235276456728 0.0052443370179785292 -0.006386104504481455 -0.0083423821770006665 0.007696726502417409 0.0049192673785024652 -0.0092772535670806421 0.0044528349919175361 0.0042710707427705439 -0.012766310044224556 0.0048151484935046365 0.0078930294141623218 -0.0082024247801006714 -0.00076047812395659497 0.0025238547244321526 -0.0019198856292967428 0.0072203436387719864 -0.0086613411563192799 0.0037120620055024925
leaf_weight=6.8856707662343961 15.056056946516039 135.57550953328609 7.8642001897096625 4.7112825661897642 24.959111273288727 6.1624038815498343 3.6553395986556998 6.6086421906948116 4.0740641802549371 9.4770378768444044 22.639598667621613 41.215351849794388 5.1209904700517646 38.818992391228676 5.8515229672193545 23.550292372703552 4.9267103672027588 20.289822414517403 7.2484842836856842 11.181312322616575 6.5962760299444181 4.1766396015882492 9.1383638828992826 4.5112793594598761 8.7827880531549454 6.4897609502077103 9.2007856220006961 13.653934195637701 6.7238021045923224 18.044543862342834
leaf_count=28 67 780 39 26 108 33 18 27 20 39 94 170 21 162 28 136 28 84 30 47 30 21 45 21 42 31 39 61 29 79
internal_value=-6.17412e-05 0.00320626 0.00471559 0.000328174 -0.00345604 -0.00512957 0.00534458 -0.00176716 0.00567856 -0.00537688 -0.00748498 -0.00276153 -0.00463809 -0.00425713 0.00211817 0.00489122 -0.00186993 -0.00614812 -0.00155233 0.000342274 -0.000710722 -0.00587644 0.00184898 1.08156e-05 0.00301096 -0.00257355 0.000164263 0.0035048 -0.00135493 -0.000171898
internal_weight=493.191 251.122 164.463 86.6593 242.068 21.2185 156.599 129.191 152.944 112.877 62.1846 50.6924 39.545 56.6089 65.4408 33.1883 9.63799 34.424 14.1342 17.79 32.2526 10.7729 21.4796 17.3681 12.8569 12.3413 72.5822 22.8547 49.7275 43.0037
internal_count=2383 1365 920 445 1018 100 881 552 863 466 257 209 163 236 345 190 54 142 58 74 155 51 104 83 62 59 316 100 216 187
is_linear=0
shrinkage=0.01


Tree=96
num_leaves=31
num_cat=0
split_feature=38 9 27 0 44 44 30 28 6 25 9 13 33 39 29 23 26 14 29 28 28 27 33 38 0 39 30 33 29 0
split_gain=35.7445 13.0005 10.1667 13.2335 9.1363 7.66031 7.54747 7.30903 7.18721 6.85083 6.61911 7.17593 9.23209 6.73272 6.53018 5.79483 7.42709 6.56894 7.70825 6.56185 6.73155 6.28882 4.94511 5.71436 5.01778 5.59485 10.0059 6.20558 4.68449 4.50917
threshold=-0.67728635685073624 0.36348350346088415 0.026653586886823181 -0.73244249820709217 -0.90244013648216559 -3.1551613232378553 -0.0086602591909468157 0.27051916718482977 0.043875999748706825 0.0011950131738558414 0.40489700436592108 0.182268001139164 0.5344928801059724 0.065656565656565677 0.088500000536441817 -12.861135005950926 0.99964866042137157 -0.0059345001354813567 0.33650000393390661 0.47413735091686254 0.62073624134063732 0.026319067925214771 0.91891342401504528 0.69528023812661732 -2.5411490201950069 0.64581296839361368 -0.030878239311277863 0.18545573204755786 0.37350000441074377 -1.2437534928321836
decision_type=2 2 2 2 2 2 2 2 2 2 2 2 2 2 2 2 2 2 2 2 2 2 2 2 2 2 2 2 2 2
left_child=10 4 22 29 5 -2 -7 9 -6 -8 11 12 14 -13 -1 17 -17 18 21 -18 -21 -10 24 -24 -3 27 -27 -26 -19 -4
right_child=1 2 3 -5 8 6 7 -9 15 -11 -12 13 -14 -15 -16 16 19 28 -20 20 -22 -23 23 -25 25 26 -28 -29 -30 -31
leaf_value=0.0055695483848466334 0.0069429506897972747 0.010673454562043268 -0.00109240692813605 -0.013945490392463143 0.0066168640958627458 -0.013242249822643489 -0.005992342587794579 -0.0085928883490978079 -0.013940171286939772 0.00528956039631824 0.0003212192095875921 -0.0028682790107596862 0.002402823912599784 -0.011647736099790971 -0.0059033255972529668 0.0030160383179655349 -0.0072604061587676818 0.013105029311311165 0.0078764258351747413 0.0089851628331906203 -0.0045570477370723214 0.0011121652289647302 -0.011184669711524702 0.0061505726748741938 0.0019059559788557959 -0.011830744774534286 0.0031512022623682175 0.0078129724981694515 0.00041417454901934188 0.010510473938611081
leaf_weight=5.1650446355342856 5.6678257137536994 14.187140375375746 10.314483404159546 7.0150863230228415 20.138094395399094 9.3379363864660245 9.183331176638605 14.544635206460951 4.891887187957769 12.664276450872419 27.860376089811325 13.876088619232176 20.545928910374641 25.599702090024948 71.26857428252697 21.413012817502022 25.922062888741493 8.737375080585478 6.7476814836263648 6.1586067527532569 8.7141869664192182 5.9729814678430557 4.0715970098972312 3.332761749625206 27.348952651023865 4.9812317788600913 35.540523692965508 54.061931505799294 4.5931409299373618 4.7650951743125924
leaf_count=21 28 97 52 30 106 39 40 63 24 56 117 57 86 107 293 104 117 49 35 29 42 29 20 21 147 24 193 315 25 28
internal_value=-0.000274416 0.00161943 0.00359742 -0.00267928 -0.000364662 -0.00386199 -0.00523521 -0.00312261 0.00121523 0.000496114 -0.00408616 -0.00499292 -0.00350619 -0.00860199 -0.00510871 3.08924e-05 -0.00171694 0.00357115 -0.000389461 -0.00422701 0.00100635 -0.00563925 0.00457184 -0.0032707 0.00500787 0.00433227 0.0012603 0.00584563 0.00884239 0.00255327
internal_weight=494.622 330.306 165.619 22.0947 164.687 51.398 45.7302 36.3922 113.289 21.8476 164.316 136.455 96.9795 39.4758 76.4336 93.1509 62.2079 30.9431 17.6126 40.7949 14.8728 10.8649 143.524 7.40436 136.12 121.933 40.5218 81.4109 13.3305 15.0796
internal_count=2394 1713 927 110 786 226 198 159 560 96 681 564 400 164 314 454 292 162 88 188 71 53 817 41 776 679 217 462 74 80
is_linear=0
shrinkage=0.01


Tree=97
num_leaves=31
num_cat=0
split_feature=37 37 37 44 33 28 37 37 34 38 37 25 34 18 44 34 25 25 39 33 14 29 18 28 46 39 0 22 34 44
split_gain=65.046 19.4142 7.15752 6.31099 5.99212 5.26513 5.34824 6.84698 5.22983 5.67636 5.56021 5.59491 5.67528 7.32662 7.46242 5.54406 5.51501 7.94 6.22333 5.49429 5.58676 4.94925 4.51302 4.48499 4.46431 4.27618 4.08925 3.94793 4.46927 5.39945
threshold=0.85588966133151145 0.2375684916372196 0.9605884686436067 -1.5521823723640245 0.27630662918090826 -0.88345015048980702 0.25926049318098504 0.46720719433613367 0.55477905273437511 0.4163034549907853 0.75904105166395808 0.00058246671687811624 0.69160956144332897 0.59389400482177745 -0.76358385027983022 0.71925178170204174 0.0026742081390693788 0.00169721688143909 0.24747474747474751 0.083929426968097701 -0.0059345001354813567 0.12150000035762788 0.40610599517822271 0.82698044180870067 9.7178309989103396e-08 0.62892078681552377 -1.6826924681663511 -4.4792044162750235 0.72546997666358959 -0.064417433304945274
decision_type=2 2 2 2 2 2 2 2 2 2 2 2 2 2 2 2 2 2 2 2 2 2 2 2 2 2 2 2 2 2
left_child=1 4 23 -4 21 -3 -7 26 -9 10 11 -10 13 -13 -15 19 17 -11 -19 -14 -21 -1 -12 27 -17 -6 -8 -2 29 -29
right_child=2 5 3 -5 25 6 7 8 9 16 22 12 15 14 -16 24 -18 18 -20 20 -22 -23 -24 -25 -26 -27 -28 28 -30 -31
leaf_value=0.0048390366743724916 0.0089974148302051551 0.0091324130543826623 -0.0021659203237951309 0.0089796109786230757 -0.010036386744993053 0.0070089376194343135 0.0033240531418527457 -0.0095035738318126547 -0.007692454910824713 -0.0040814032150207 -0.00035407155514133906 0.0077313185283605585 0.0053542372920168061 0.007084841372777078 -0.0085818203992191928 -0.0019801333344769711 -0.0070816367089621681 0.010815211387758809 -0.0014082362967737731 -0.0010646689274528831 -0.011007974718373231 -0.0050014307933327774 0.010287996529103276 -0.0053198736504016788 0.0075147644939920271 -0.001043967598967778 -0.0048983168231811194 0.007889322338589742 -0.0035950736587806167 0.0013844854751931604
leaf_weight=5.6709734797477713 13.651407808065413 4.8378455638885489 5.3767529726028434 57.743547812104225 41.754964172840118 7.4196868538856497 6.4511549919843665 6.0467564165592185 7.9081175774335852 24.724063456058502 5.9315292388200787 21.402354285120964 4.9652760624885586 5.1383326053619385 7.0657304078340513 9.3153678476810473 18.580605998635292 8.4244197905063647 7.8578072786331168 11.58697745203972 11.452986955642698 40.19064474105835 10.993710964918135 5.2323715984821311 10.101307615637777 6.3702835142612448 64.905323177576065 21.978698372840878 8.601546645164488 31.471275448799137
leaf_count=23 81 22 34 401 173 30 27 26 33 113 28 97 22 24 30 41 82 40 37 51 49 164 54 28 45 26 265 127 45 175
internal_value=-0.00017231 -0.00250723 0.00547688 0.00801246 -0.0063921 -0.00107011 -0.0012749 -0.00153488 -0.00044443 -0.000101759 0.00128134 0.000267047 0.00106472 0.00420867 -0.00190037 -0.00114643 -0.00257375 -0.000494574 0.00488254 -0.00400271 -0.00607684 -0.00375498 0.00651952 0.00347963 0.00292144 -0.00887144 -0.00413735 0.00410723 0.00300255 0.00408769
internal_weight=493.152 349.096 144.056 63.1203 93.9869 255.109 250.272 242.852 171.495 165.449 105.862 88.9365 81.0283 33.6064 12.2041 47.4219 59.5869 41.0063 16.2822 28.0052 23.04 45.8616 16.9252 80.9353 19.4167 48.1252 71.3565 75.7029 62.0515 53.45
internal_count=2393 1502 891 435 386 1116 1094 1064 772 746 474 392 359 151 54 208 272 190 77 122 100 187 82 456 86 199 292 428 347 302
is_linear=0
shrinkage=0.01


Tree=98
num_leaves=31
num_cat=0
split_feature=37 37 37 38 38 44 29 38 30 18 46 1 44 39 39 2 38 26 44 44 34 3 28 25 28 4 38 38 8 23
split_gain=68.175 13.0225 8.33462 5.82436 9.73877 5.33955 4.93194 10.0219 4.76955 5.03202 5.39685 9.76946 5.2611 5.03192 4.78727 9.40097 4.99139 4.70904 4.68396 4.46571 4.20747 4.81343 4.70169 6.40724 4.26132 4.51176 4.52051 4.0727 4.01547 5.91864
threshold=0.85588966133151145 0.2375684916372196 0.9605884686436067 -2.5935157370932758 -1.9630405078611866 -3.2476009500128158 0.17650000005960467 1.0726141652773127 0.015993682667613033 0.64400899410247814 1.7458228914848557e-07 -0.1834749951958656 -0.37613044684651148 0.39696969696969703 0.24747474747474751 3376.2656250000005 -1.0179741482541516 1.0001642704010012 -0.47640566371617793 -1.5521823723640245 0.72963505983352672 38.33845520019532 0.5987958312034608 0.0028821397572755818 -0.77057185769081105 -4708.7429199218741 0.82893458606761106 0.27315646809972077 -0.3512625098228454 4.341144561767579
decision_type=2 2 2 2 2 2 2 2 2 2 2 2 2 2 2 2 2 2 2 2 2 2 2 2 2 2 2 2 2 2
left_child=1 -1 6 -3 -5 -6 7 17 9 20 11 27 13 -13 15 28 -16 -2 -12 -4 22 -22 24 -24 -7 -26 -27 -11 -10 -30
right_child=2 3 19 4 5 8 -8 -9 14 10 18 12 -14 -15 16 -17 -18 -19 -20 -21 21 -23 23 -25 25 26 -28 -29 29 -31
leaf_value=-0.0054638327097136083 -0.001716808248895926 0.0099618771997977192 4.2872305504387312e-06 -0.012767416177645506 0.010913174814385911 0.0063645242914552756 0.0050207957429015387 -0.013259056880010472 0.00061998980924566217 0.0065496173123563289 0.011239219388999376 -0.0070962027671609184 -0.012659921977095576 0.0027449956672079916 0.0021844635985162901 0.0071969700131129582 -0.0089656832413818732 0.010757759544567537 -0.0028073254849493266 0.0094675513585035197 -0.0016102142361996833 0.010021247805239851 0.0077078288141983189 -0.0057005932271918828 0.0043600241356708857 -0.0030654231646001667 0.0054483102599965604 -0.0051941111925034736 -0.016966019669990746 -0.0025397828706260539
leaf_weight=94.586342290043831 6.6225228160619753 4.532766878604888 5.6899941414594641 7.1509106904268256 3.5949421077966681 7.3738846182823172 61.0958072245121 4.7374704778194419 7.7932992428541228 9.5959469079971296 4.5532783567905426 17.846990361809731 11.07018828392029 7.0758846253156653 4.7373396605253246 9.4132536798715574 21.20014788210392 5.2739423811435699 4.6097458451986295 57.615681558847427 5.4678696542978278 9.3073503077030164 14.827854722738268 4.514438956975936 11.364923059940336 72.504237547516823 6.6545763164758673 4.0704424530267707 4.8208290636539459 7.315641313791275
leaf_count=389 37 19 36 29 18 33 348 25 34 43 20 75 46 30 20 42 92 30 20 403 24 42 67 20 52 314 32 20 20 31
internal_value=4.57117e-05 -0.00228348 0.00592929 -0.0011272 -0.00133057 -0.000994079 0.00370529 -0.00106789 -0.00117643 -0.000420522 -0.00285377 -0.0041646 -0.00690081 -0.00426241 -0.00376241 -0.000949652 -0.0068902 0.00377364 0.00411069 0.0086341 0.000657439 0.00566768 1.32068e-05 0.00451368 -0.000869476 -0.00147615 -0.00233112 0.00296686 -0.00486412 -0.00844369
internal_weight=497.019 355.983 141.035 261.397 256.864 249.713 77.7297 16.6339 246.118 190.838 58.8225 49.6595 35.9931 24.9229 55.2805 29.343 25.9375 11.8965 9.16302 63.3057 132.015 14.7752 117.24 19.3423 97.8976 90.5237 79.1588 13.6664 19.9298 12.1365
internal_count=2411 1532 879 1143 1124 1095 440 92 1077 838 254 214 151 105 239 127 112 67 40 439 584 66 518 87 431 398 346 63 85 51
is_linear=0
shrinkage=0.01


Tree=99
num_leaves=31
num_cat=0
split_feature=37 37 9 39 10 34 32 37 13 38 7 39 44 14 34 33 26 33 2 2 30 21 30 30 26 26 7 0 30 21
split_gain=70.7671 22.0091 10.8384 8.00823 8.58251 6.58279 6.60722 6.16437 6.17189 6.08346 10.2165 5.21108 5.1258 5.72589 4.86326 4.64933 4.58309 9.85973 6.33088 4.98193 4.47641 7.791 5.07431 4.95693 4.32867 4.37575 3.90092 3.84204 5.3907 4.6401
threshold=0.52651234566660043 0.92279024803622567 0.3291774988174439 0.065656565656565677 -4.4671795368194571 0.5505320429801942 0.014469468034803869 0.32407000768948008 0.182268001139164 -0.3599939838989164 25.754496574401859 0.035353535353535366 1.1084365797966418 -0.096862003207206712 0.64133915305137645 0.49695165455341345 0.99968680739402782 0.28316020965576177 3440.8505859375005 3044.8154296875005 -0.0057351107243448487 0.63280001282691967 -0.018126614391803738 0.022081112489104274 1.0005866289138796 1.0002395510673525 54.460174560546882 0.13107949867844584 0.002761909738183022 0.17970000207424167
decision_type=2 2 2 2 2 2 2 2 2 2 2 2 2 2 2 2 2 2 2 2 2 2 2 2 2 2 2 2 2 2
left_child=7 2 3 16 -5 -4 11 8 12 14 -11 15 13 -1 -9 -7 17 -2 19 -18 21 22 -13 -22 25 -15 -14 -3 -29 -30
right_child=1 27 5 4 -6 6 -8 9 -10 10 -12 20 26 24 -16 -17 18 -19 -20 -21 23 -23 -24 -25 -26 -27 -28 28 29 -31
leaf_value=0.0063072695774796933 -0.01645388495183308 0.0082509085870674237 -0.0097458637304986568 0.0092489034427960456 -0.0048827176407642957 0.0083059818202706921 -0.0084996705145616754 0.0056869963820919541 -0.0089606771937137727 0.0019739637345564274 -0.012445382600142304 -0.00098340363782411242 -0.010724354168515722 -0.0035797864110592593 -0.0018500174925866219 -0.0009366557507486682 -0.00096158495904663098 0.00060340321309776 0.0070828070101187079 -0.010632246520911309 0.0056693615507909054 0.00556102214607116 -0.012939640926133365 -0.00046885317669660849 -0.008751569925144401 0.0049246542699917873 -0.00093224668466494601 0.0070883033733364596 -0.011266167669349061 0.0035797524513768702
leaf_weight=6.1880374550819388 7.9544376134872419 74.826235324144363 3.8598900288343421 10.364988014101984 7.1101709753274909 32.473679468035698 4.4429701268672934 10.536103039979933 41.680130153894424 7.8979964256286648 12.355711340904234 9.3413859009742719 16.811080694198612 35.623409360647202 43.455778390169144 6.2835283130407324 14.705707147717481 5.6489167958498001 5.6673321127891532 8.5159662663936597 42.812664985656738 10.091631859540938 5.8536565601825741 18.53449921309948 13.089841216802595 7.1070749014616004 5.687872886657714 14.781025290489199 3.6328586935996992 4.610443189740181
leaf_count=25 35 503 18 51 32 160 20 44 173 33 51 44 69 145 182 30 65 26 27 37 210 50 27 88 53 29 23 92 21 29
internal_value=0.000129436 0.00327594 0.00131505 -0.00220533 0.00344716 0.00290203 0.00329296 -0.00444124 -0.00579072 -0.00212951 -0.00679131 0.00372521 -0.0042067 -0.00269145 -0.000352945 0.00678323 -0.00455605 -0.009345 -0.00224206 -0.00458132 0.00233938 -0.00116782 -0.00570923 0.00380084 -0.00371639 -0.00213376 -0.00830818 0.00714134 0.00347203 -0.00289967
internal_weight=491.945 291.512 193.661 59.9675 17.4752 133.694 129.834 200.433 126.187 74.2456 20.2537 125.391 84.5073 62.0084 53.9919 38.7572 42.4924 13.6034 28.889 23.2217 86.6338 25.2867 15.195 61.3472 55.8203 42.7305 22.499 97.8506 23.0243 8.2433
internal_count=2392 1565 920 273 83 647 629 827 517 310 84 609 344 252 226 190 190 61 129 102 419 121 71 298 227 174 92 645 142 50
is_linear=0
shrinkage=0.01


Tree=100
num_leaves=31
num_cat=0
split_feature=37 37 10 37 30 46 6 26 7 27 22 34 34 29 37 26 13 25 46 39 18 44 27 25 26 38 38 34 10 8
split_gain=64.6768 17.1331 7.03981 5.95284 5.74388 5.3649 7.29828 5.28078 5.16551 5.68346 4.36511 4.16829 3.74106 3.71121 3.65109 3.61259 3.80189 4.8446 7.98155 5.29611 4.76559 6.6468 5.55753 5.20221 4.23671 4.20115 5.91902 4.41983 6.97963 3.54301
threshold=0.85588966133151145 0.46720719433613367 -13.37386894226074 0.9605884686436067 0.051621794700622566 4.7184788930171376e-08 0.052374999970197685 1.0027483701705935 57.859636306762702 0.026784881018102173 -3.4661380052566524 0.73314717411994945 0.65734019875526439 0.085500001907348647 0.73720721004431911 1.0021684765815737 0.65583050251007091 0.0032749668462201957 1.8268721706637172e-07 0.79898989898989914 0.61002299189567577 -0.44849368269236844 0.025617944076657299 0.0016879076720215382 1.0005990862846377 0.72044257049164784 0.42727816345876918 0.69491010904312145 -5.6725525856018058 -2.3110140562057491
decision_type=2 2 2 2 2 2 2 2 2 2 2 2 2 2 2 2 2 2 2 2 2 2 2 2 2 2 2 2 2 2
left_child=1 7 12 5 8 6 -2 13 9 15 -11 -7 -3 -1 -6 16 17 18 19 20 24 22 23 -22 25 26 27 -4 -29 -15
right_child=3 2 4 -5 14 11 -8 -9 -10 10 -12 -13 -14 29 -16 -17 -18 -19 -20 -21 21 -23 -24 -25 -26 -27 -28 28 -30 -31
leaf_value=0.0029423408607969388 0.0055869517977591874 -0.001644495825477877 0.0054583067918017583 0.0080927856296096074 -0.013587738722851688 0.0055278588968957635 -0.0130987704683573 0.0050683516090595125 0.0078665653151275446 -0.00040531081563143835 -0.013444006914899805 -0.0031267551254025457 0.0077749027469572827 -0.0026921555886578667 -0.0015617938616387186 -0.0072507362481378165 0.0063017492048224781 0.005535147089284995 -0.012535506795005353 -0.0086758908585909521 -0.00097742012100036674 -0.011363408295194095 -0.0096556740295891293 0.01054443257729944 0.007822145222516454 0.0082891408926071154 -0.0087333906911384856 -0.010879084859085656 0.0021704615807565698 -0.0059210439315624756
leaf_weight=5.9284251034259787 4.0421487092971784 5.4454096406698254 14.672141328454016 62.647940307855606 5.3493308126926404 65.86861078441143 4.0494313836097717 5.5534642636775962 7.3758752495050421 4.852265864610672 5.7903137505054456 5.8615540862083426 16.051121473312378 50.043815419077873 5.1494262367486954 6.5663278400897971 9.6488233953714353 12.898063853383062 5.5176440924406043 6.8354305773973456 13.980891034007081 6.8542177230119696 4.9008977413177481 5.2736974209547034 10.524000003933905 6.3587365448474875 6.9423947632312766 5.7982322573661653 13.12582783401014 117.69003064930439
leaf_count=24 22 26 67 438 22 379 22 23 34 22 24 31 79 204 23 28 46 57 24 29 62 29 21 25 50 30 31 25 60 485
internal_value=6.92636e-05 -0.00219046 -4.59563e-06 0.00576995 -0.000739877 0.00392652 -0.00368799 -0.004378 -0.00022321 -0.000660183 -0.00765148 0.00480334 0.00534595 -0.00468857 -0.007854 -7.42438e-05 0.000305307 -0.000199946 -0.000948579 -0.00025456 0.00039415 -0.00274548 -0.00022211 0.00216484 0.00210888 0.000791599 -0.000377334 0.0013405 -0.00181145 -0.00496583
internal_weight=501.596 359.127 179.911 142.47 158.415 79.8217 8.09158 179.216 147.916 140.54 10.6426 71.7302 21.4965 173.662 10.4988 129.897 123.331 113.682 100.784 95.2665 88.431 31.0097 24.1555 19.2546 57.4213 46.8973 40.5386 33.5962 18.9241 167.734
internal_count=2442 1550 814 892 709 454 44 736 664 630 46 410 105 713 45 584 556 510 453 429 400 137 108 87 263 213 183 152 85 689
is_linear=0
shrinkage=0.01


Tree=101
num_leaves=31
num_cat=0
split_feature=38 1 28 44 18 9 44 44 18 38 44 22 44 4 26 21 39 28 33 28 9 39 34 33 9 25 44 14 18 39
split_gain=50.9805 10.3384 6.37237 6.20047 6.10789 6.37697 5.54835 6.85349 12.8397 8.33643 8.03677 10.1858 6.16251 5.75744 5.75743 5.71534 5.69236 5.56508 4.99187 6.67978 6.27339 7.80362 6.2724 5.81476 4.94335 4.86811 7.40385 8.0403 5.12711 4.83054
threshold=-0.010248791202891318 -0.2103139981627464 0.82698044180870067 -1.9425331284228891 0.8819124996662141 0.38267450034618383 -2.9697816916204092 -0.22875800649865921 0.91589850187301647 -1.4321937993959413 -0.58913934644430144 2.3498264551162724 1.5635983061108172 -666.07409667968739 1.0013213157653811 0.22654999792575839 0.035353535353535366 -0.15207672864198682 0.18200140446424487 0.6992747187614442 0.33198650181293493 0.065656565656565677 0.72619628906250011 0.24978207051754001 0.30548851191997534 0.0027329564327374105 -0.86932500740233909 1.0000000180025095e-35 0.44009199738502508 0.45804195804195807
decision_type=2 2 2 2 2 2 2 2 2 2 2 2 2 2 2 2 2 2 2 2 2 2 2 2 2 2 2 2 2 2
left_child=6 3 18 -2 5 25 -1 10 9 14 11 16 13 24 15 29 -8 -14 19 20 21 -3 -22 -20 -11 26 -5 -28 -27 -9
right_child=1 2 -4 4 -6 -7 7 8 -10 12 -12 -13 17 -15 -16 -17 -18 -19 23 -21 22 -23 -24 -25 -26 28 27 -29 -30 -31
leaf_value=0.0082932447327192533 -0.0043788483434001749 -0.012967423976954303 -0.007336015533509716 -0.0045177215844341527 -0.001915069027486168 0.010098346944685872 -0.0022155475131460374 -0.0060415033297689718 0.010685682616276284 0.0055457967607174842 -0.010807661827684325 -0.0057776636532043402 0.00028815235847395664 0.010724448245847101 0.0011176896420768757 -0.010222508236579534 0.01179190106226184 -0.010762168745435761 0.0080763378187700303 0.011388791920529516 -0.0022895428353986928 0.0029791802971404131 0.006900304629632396 0.0019581720399777158 -0.001760176392985203 -0.0094147836603825207 -0.0004938496010222904 0.01202012437734646 0.0056252837614104555 0.0046440405813422611
leaf_weight=3.8055993467569342 5.5776271671056739 8.7780851572751981 7.7666355520486823 5.148652836680415 7.8952744454145423 38.545057147741318 5.7670702040195447 16.343905016779903 7.0906701982021323 11.37331350147724 24.024978920817375 55.574164107441902 7.7138368934392956 5.0122228711843482 9.6774251461029035 27.93300986289978 5.4994459301233292 10.44613656401634 19.714236676692963 4.1453481614589682 23.721307054162025 4.5041539222002021 10.664681687951086 76.313500806689262 47.602434530854225 4.6160878241062147 6.9718266427516964 17.834783360362053 4.2002562433481216 5.5087211281061164
leaf_count=17 31 38 37 25 47 254 24 68 31 50 98 229 34 23 40 115 23 45 108 21 115 22 53 410 203 24 37 112 24 24
internal_value=-0.000218368 0.0029853 0.00141051 0.00566887 0.00634264 0.00720019 -0.00346585 -0.0036602 -0.0023243 -0.00298986 -0.00583046 -0.00401306 -0.000908934 0.000538162 -0.00584151 -0.00721383 0.00457742 -0.00603767 0.0018814 -0.000603315 -0.00168877 -0.00750318 0.0005434 0.00323171 -0.000327309 0.00427467 0.00620104 0.0084751 -0.00215456 -0.0032934
internal_weight=489.77 246.398 155.608 90.7896 85.2119 77.3167 243.373 239.567 148.702 141.611 90.8657 66.8407 82.1479 63.988 59.4631 49.7856 11.2665 18.16 147.841 51.8136 47.6682 13.2822 34.386 96.0277 58.9757 38.7716 29.9553 24.8066 8.81634 21.8526
internal_count=2382 1358 804 554 523 476 1024 1007 633 602 374 276 355 276 247 207 47 79 767 249 228 60 168 518 253 222 174 149 48 92
is_linear=0
shrinkage=0.01


Tree=102
num_leaves=31
num_cat=0
split_feature=37 37 46 37 44 38 9 38 1 38 13 27 46 27 27 44 37 46 25 25 44 28 25 26 9 44 46 28 28 44
split_gain=65.3042 11.1795 6.22817 7.43312 4.82113 4.52098 7.01911 5.42038 8.11494 4.35434 5.23108 4.98742 7.46824 7.0287 6.42234 5.96781 4.76007 5.1424 7.60443 5.79587 5.63273 4.53488 12.7822 5.07946 4.15574 4.92016 4.93705 4.52493 6.05891 5.55646
threshold=0.85373109369193234 0.48303648310948094 3.926531045794213e-07 0.98366682711739506 -2.8018245202483523 -2.8030649757936845 0.33864499628543859 -1.5274733938292093 -0.26879200339317316 1.1310592786490432 1.0000000180025095e-35 0.027135217562317852 1.0642996719237491e-07 0.020844638347625736 0.020675732754170898 -0.090293942887631776 0.80660626119733825 1.5282560707427629e-07 0.0021973979892209177 0.00081859863712452363 -0.11060575675674583 -0.07204167544841765 0.0014671300305053594 0.9996115267276765 0.346006989479065 0.87890522493409595 7.4780127609573278e-08 -0.58552372455596913 -0.69201627373695362 -1.9989923927666846
decision_type=2 2 2 2 2 2 2 2 2 2 2 2 2 2 2 2 2 2 2 2 2 2 2 2 2 2 2 2 2 2
left_child=1 4 3 24 -1 6 -6 -7 -9 10 16 13 -13 14 15 21 17 18 19 -3 -21 23 -23 -12 25 26 -2 28 -26 -29
right_child=2 9 -4 -5 5 7 -8 8 -10 -11 11 12 -14 -15 -16 -17 -18 -19 -20 20 -22 22 -24 -25 27 -27 -28 29 -30 -31
leaf_value=0.0041436819956301354 -0.00041529821876605375 -0.0095494794809560558 -0.0055585968782647655 0.010293238480456235 -0.0057019981962707989 -0.0071687675383655756 0.0090250477316293123 0.005249982375637576 -0.0042950431394171984 0.0077246937941978172 -0.0013028292440314848 -0.015049982188431128 0.0016101338057298731 0.0043318270492624404 -0.012136664575193164 0.0048982429880604708 -0.010566567927489499 0.0023855922986423567 -0.012024055248354378 -0.0035827114209822626 0.0065831057934009366 0.0091582275460161313 -0.010527794822067711 -0.01422622866251895 0.0053814147244595099 -0.0055499738595224174 0.0073061307359146158 -0.0036172501486610264 -0.010771573927304785 0.0081784952460129956
leaf_weight=6.6832344532012931 15.18556462228298 6.7839348763227489 4.6908739805221549 31.090045750141144 6.6195556819438917 62.633209705352783 6.100672572851181 9.6117656826972944 98.938020616769791 6.0378172546625128 6.9278305321931803 4.7483655810356122 5.7969394773244858 41.96070659160614 4.7962114512920371 15.362314760684969 7.4904839694499961 17.447276711463928 9.1759970635175687 11.98327672481537 9.7704264968633634 7.946594700217247 5.4743961989879608 5.6355540454387665 7.0279757529497147 6.8146737217903128 17.49453404545784 4.1400607675313941 3.3429501056671125 53.048637554049492
leaf_count=28 84 29 26 227 27 259 25 40 405 29 31 21 26 197 21 72 33 76 39 52 45 36 24 24 43 38 100 24 21 335
internal_value=-0.000137209 -0.00242043 0.0055749 0.00596394 -0.0040766 -0.00438285 0.00129845 -0.00481137 -0.0034366 -0.00052689 -0.000846555 0.000580222 -0.00586859 0.00136921 -0.0013068 -1.6276e-07 -0.0031064 -0.00205797 -0.00414099 -0.00153821 0.000946621 -0.00294218 0.0010359 -0.00724541 0.00468889 0.00206653 0.00369736 0.0062018 2.60342e-05 0.00730229
internal_weight=500.76 357.925 142.835 138.144 190.586 183.903 12.7202 171.183 108.55 167.338 161.3 98.6489 10.5453 88.1036 46.1429 41.3467 62.6514 55.1609 37.7136 28.5376 21.7537 25.9844 13.421 12.5634 107.054 39.4948 32.6801 67.5596 10.3709 57.1887
internal_count=2437 1539 898 872 784 756 52 704 445 755 726 452 47 405 208 187 274 241 165 126 97 115 60 55 645 222 184 423 64 359
is_linear=0
shrinkage=0.01


Tree=103
num_leaves=31
num_cat=0
split_feature=37 37 37 44 20 34 9 33 27 44 44 27 29 46 13 17 18 26 29 26 44 10 18 38 38 34 39 38 33 13
split_gain=59.1585 16.2075 7.54339 6.66756 5.77036 7.63719 6.58064 5.52681 4.71753 4.54241 4.52877 4.44619 5.51773 8.04168 6.61859 6.45671 7.83595 6.90891 4.41742 4.38199 4.34158 5.05095 4.60509 6.17014 5.05355 4.32018 4.24305 4.14849 6.25515 4.80259
threshold=0.85588966133151145 0.2375684916372196 0.9605884686436067 -3.2476009500128158 2.7174900770187382 0.73041006922721874 0.4505975097417832 0.27630662918090826 0.025339009240269664 -1.5521823723640245 1.5635983061108172 0.020221595652401451 0.28550000488758093 1.3573932305059132e-07 0.13332200050354007 1.0000000180025095e-35 0.42396299540996557 0.99995359778404247 0.69099998474121105 1.0014896988868716 -0.034078933388681336 -7.9427919387817374 0.50806450843811046 -1.0655159458811039 -1.3420530390791583 0.67201983928680431 0.62892078681552377 -1.3207580378495873 0.45181055366992956 0.071461498737335219
decision_type=2 2 2 2 2 2 2 2 2 2 2 2 2 2 2 2 2 2 2 2 2 2 2 2 2 2 2 2 2 2
left_child=1 7 11 -3 6 19 10 20 18 -4 27 -2 15 -14 -15 17 -17 -13 -8 -6 22 -22 -1 24 -24 -16 -9 28 29 -5
right_child=2 3 9 4 5 -7 8 26 -10 -11 -12 12 13 14 25 16 -18 -19 -20 -21 21 -23 23 -25 -26 -27 -28 -29 -30 -31
leaf_value=0.007109733593078941 0.0070171028794754897 0.013169013920216563 -0.00095314530763215908 -0.0020714653323978117 -0.0082013478033664735 0.0059410328896594665 0.012595159297779344 -0.0094582785923356689 -0.0028617723800087652 0.0086657852093075909 -0.0057928203583575092 -0.0060992831056034579 0.0098055800362956049 0.0043278333065663458 0.00096597519607563109 0.00053723150757948018 -0.018517945097564034 0.008568106454123545 0.00014363890519678197 6.7015365553939395e-05 -0.013157432413162556 -0.003113308756832963 -0.0022594644828418569 0.0053335175680634915 -0.014754534611640226 -0.013704715731417396 -8.6142235089541502e-06 -0.00011057302222508775 0.0033295282093848896 -0.014665638761212992
leaf_weight=5.6773676127195385 21.687463596463203 3.1230468302965155 5.1470691114664069 5.7827228009700793 28.379713162779808 5.6868738085031501 8.4181577265262622 41.668810084462166 5.0497228056192389 57.120310351252556 18.897632762789726 5.607418820261957 14.417216271162031 13.752328559756281 3.4317279905080786 4.0753075182437879 4.2511748671531677 7.1536514312028885 4.5315054208040229 7.9607907086610785 7.9537942856550243 14.455696642398832 10.256040990352632 6.1811840981245014 4.8386187851428994 4.3269230127334595 5.6011740416288367 158.36949437856674 5.7897234857082358 6.8782390505075455
leaf_count=23 124 16 33 24 117 24 42 174 22 410 82 31 87 78 20 23 22 41 20 33 33 59 42 25 20 23 23 703 24 28
internal_value=-0.000233143 -0.00240878 0.00524413 -0.00109852 -0.00128173 -0.00466803 -0.000609273 -0.00590373 0.0051502 0.00785439 -0.00114642 0.00315893 0.00166415 0.00405355 0.000124585 -0.00235954 -0.00917722 0.00204796 0.00834909 -0.00636742 -0.00351726 -0.00676531 -0.000764781 -0.00293627 -0.00640134 -0.00715876 -0.00836205 -0.000641185 -0.00511659 -0.00905309
internal_weight=496.471 355.5 140.971 258.868 255.745 42.0274 213.717 96.6327 17.9994 62.2674 195.718 78.7032 57.0157 35.9282 21.511 21.0876 8.32648 12.7611 12.9497 36.3405 49.3627 22.4095 26.9532 21.2758 15.0947 7.75865 47.27 176.82 18.4507 12.661
internal_count=2426 1534 892 1135 1119 174 945 399 84 443 861 449 325 208 121 117 45 72 62 150 202 92 110 87 62 43 197 779 76 52
is_linear=0
shrinkage=0.01


Tree=104
num_leaves=31
num_cat=0
split_feature=37 37 28 37 44 29 44 44 9 39 23 44 44 27 29 14 28 37 34 37 46 1 37 0 27 28 26 10 37 17
split_gain=58.0302 17.4319 7.06487 4.95466 4.40039 4.19069 3.97921 8.72327 4.07922 5.62553 5.89226 5.85943 13.9016 5.28156 6.01471 9.50644 4.99764 4.94141 5.19334 7.66822 4.33362 4.85418 4.87913 4.22926 3.64098 4.16749 6.93355 3.56221 3.562 3.31569
threshold=0.85588966133151145 0.32407000768948008 0.87602171301841747 0.9761275923501338 -1.5521823723640245 0.093499999493360533 2.7846265146220639 2.2038147186390806 0.4505975097417832 0.79898989898989914 -2.960344552993774 -0.41229946448904514 -0.034078933388681336 0.026653586886823181 0.39249999821186071 -0.16107499599456784 -0.61884054541587818 0.77891726202571587 0.71515920758247387 0.50182425682232845 7.0759969544738654e-08 0.10425200313329698 0.70041114392978832 0.35992850363254553 0.019380687735974792 -0.24449184536933896 0.99999213218688976 -14.176932811737059 0.66877360884636716 1.0000000180025095e-35
decision_type=2 2 2 2 2 2 2 2 2 2 2 2 2 2 2 2 2 2 2 2 2 2 2 2 2 2 2 2 2 2
left_child=1 29 3 5 -5 -2 7 8 9 10 13 16 -13 20 15 -15 -12 18 19 -14 21 22 -3 -18 -25 -26 -27 -22 -11 -1
right_child=2 6 -4 4 -6 -7 -8 -9 -10 28 11 12 17 14 -16 -17 23 -19 -20 -21 27 -23 -24 24 25 26 -28 -29 -30 -31
leaf_value=-0.0035437697714823507 -0.0057231888413119105 0.0014661562800747882 -0.0092716468902770809 -0.0016197388144507982 0.0098073551610802362 0.0050494444027188098 0.0066572289836229282 -0.010247680981116175 0.0050436599835113685 -0.011171554709413143 0.0064128481228200133 -0.013804202117729049 -0.010634394739901701 0.0020935561140245623 0.0040915076389210318 -0.013568903655489347 0.0044424277800393019 -0.0099254754251636625 0.0083098455713126844 0.0038149478316571147 0 0.0057517679659431385 -0.011800334665549223 0.0055271819095213679 -0.0085358108087684303 0.0062020493294613907 -0.0040987222311033239 0.0092802684840159085 -0.00048134209565686595 -0.0068922630266930185
leaf_weight=64.985076606273651 3.6008982062339774 7.005881682038309 2.9840111881494513 3.5032161474227896 38.337229400873184 86.972922787070274 7.4856478571891776 9.0763633102178556 13.338585898280142 7.8610262423753721 10.443067640066138 11.739794358611105 6.0879823863506379 7.7106672674417496 10.906336739659308 7.4628174453973788 11.273434460163122 4.7197174578905097 6.9974038004875174 8.829054266214369 5.3678617626428631 10.627067953348158 4.3557713776826859 5.1521594673395148 11.081512704491599 8.6476296782493716 25.337537363171577 17.808208733797073 5.4705760180950165 58.087030485272408
leaf_count=267 20 31 16 23 282 517 33 39 63 32 47 48 25 35 50 32 52 22 31 40 25 48 20 24 47 37 109 82 24 239
internal_value=4.77862e-05 -0.00211212 0.00560174 0.00595121 0.00882516 0.00460429 -0.000450191 -0.00070258 -0.000276995 -0.000648686 -0.000180926 -0.00163324 -0.0047835 0.00205284 -0.00149866 -0.00558269 3.76891e-05 -0.00073319 0.00123722 -0.00204711 0.00412448 0.000884539 -0.00359122 -0.00103741 -0.00229381 -0.00322033 -0.00143782 0.00713847 -0.00689556 -0.00513661
internal_weight=483.256 347.858 135.398 132.414 41.8404 90.5738 224.786 217.3 208.224 194.886 181.554 110.309 38.374 71.2446 26.0798 15.1735 71.9353 26.6342 21.9144 14.917 45.1648 21.9887 11.3617 61.4923 50.2188 45.0667 33.9852 23.1761 13.3316 123.072
internal_count=2360 1502 858 842 305 537 996 963 924 861 805 482 166 323 117 67 316 118 96 65 206 99 51 269 217 193 146 107 56 506
is_linear=0
shrinkage=0.01


Tree=105
num_leaves=31
num_cat=0
split_feature=37 37 37 28 3 38 38 27 27 10 34 0 46 46 0 34 2 27 25 27 0 25 29 29 29 25 29 0 34 27
split_gain=58.7176 16.7214 11.2807 6.2539 5.91108 4.36399 4.83883 4.34072 5.46555 4.23719 4.01576 3.76002 5.57831 4.44703 9.58195 4.48296 4.10164 3.64827 5.4504 4.1168 3.79649 4.22923 6.84798 6.83779 5.62908 5.20947 6.04627 5.47764 5.93772 5.65871
threshold=0.75621612977670383 0.26966688573445136 0.9605884686436067 0.82698044180870067 55.181695938110359 -1.0655159458811039 -1.1453729230689047 0.025814576074481014 0.019996888004243377 -13.37386894226074 0.54577690362930309 -0.50731351971626271 3.060747415403664e-07 8.6471082586790055e-08 1.0014564990997317 0.70448890328407299 2590.5112304687505 0.027174988761544231 0.0032376066083088522 0.027028735727071766 -0.49075751006603235 0.00058246671687811624 0.17650000005960467 0.19150000065565112 0.082499999552965178 0.0012850618804804983 0.23750000447034839 0.42534750699996954 0.67368516325950634 0.024600026197731498
decision_type=2 2 2 2 2 2 2 2 2 2 2 2 2 2 2 2 2 2 2 2 2 2 2 2 2 2 2 2 2 2
left_child=1 5 3 11 -4 6 10 8 -7 -3 -1 -2 13 14 -13 -15 -17 19 -19 20 -11 24 -23 -24 -22 -25 -27 -28 29 -29
right_child=2 9 4 -5 -6 7 -8 -9 -10 17 -12 12 -14 15 -16 16 -18 18 -20 -21 21 22 23 25 -26 26 27 28 -30 -31
leaf_value=0.0023164843998990372 0.0054231090232166809 0.0038450068870421088 0.0086468589399074178 -0.006061812452564555 -0.0031269738270403163 -0.0056798822379682465 -0.01669505071026629 -0.008495592702629666 0.0075115270411434268 -0.004872838045690722 -0.0068559316116998349 0.0027429944727093824 -0.0078565891348309786 0.0074956973300390481 -0.0098152385197212613 -0.0068421991146968477 0.0046925166984657591 -0.012426126564334871 0.00063258066776423344 0.007216975019904176 0.0017395920320519391 0.0045533287952087406 -0.012888051717973649 -0.0074038331837916471 -0.011013207131719868 0.0067236931015873637 0.0036474086324191032 0.0069217735023910099 -0.0053460972447474534 -0.0037385583506657841
leaf_weight=4.8600735813379279 44.897929295897484 15.825974643230436 56.974298536777496 7.7477075010538092 4.428443729877471 5.3681094646453875 4.8352474868297568 5.9217554479837409 7.1758088767528534 26.625249117612839 79.857623696327209 27.332016468048096 5.4633463174104682 23.816958397626877 7.7036938220262519 4.9903868436813337 7.7068738788366318 7.1149968057870847 5.4714919775724411 5.5806508958339682 5.5626544058322898 24.741114512085915 4.7725539207458487 10.218730166554449 8.4714451432228071 11.809794515371321 18.503449305891991 9.9186500310897845 31.757473856210709 9.6960008740425092
leaf_count=20 251 73 411 39 29 22 20 24 29 113 331 143 25 132 37 24 40 29 23 24 23 109 20 43 35 51 81 44 133 41
internal_value=-9.9421e-05 -0.00283071 0.0042416 0.00255457 0.00777775 -0.0059902 -0.00690539 -0.00148468 0.00178696 -0.00108282 -0.00631583 0.00311487 0.00175094 0.00250844 -9.93993e-06 0.00494558 6.28608e-05 -0.00152293 -0.00671029 -0.00112378 -0.00142141 -0.000732499 -0.000121325 -0.00133145 -0.00591112 -0.00070709 0.000126464 -0.000982269 -0.00267308 0.00160915
internal_weight=495.151 304.089 191.062 129.659 61.4027 108.019 89.5529 18.4657 12.5439 196.07 84.7177 121.911 77.0133 71.5499 35.0357 36.5142 12.6973 180.244 12.5865 167.658 162.077 135.452 121.418 96.6767 14.0341 91.9041 81.6854 69.8756 51.3721 19.6147
internal_count=2419 1288 1131 691 440 446 371 75 51 842 351 652 401 376 180 196 64 769 52 717 693 580 522 413 58 393 350 299 218 85
is_linear=0
shrinkage=0.01


Tree=106
num_leaves=31
num_cat=0
split_feature=37 44 37 3 37 25 33 9 14 38 44 33 44 26 44 30 29 37 4 11 23 25 46 37 38 25 46 46 27 37
split_gain=59.8506 11.3142 9.21844 7.32181 6.96875 8.18093 5.92995 5.51975 7.96183 5.50003 6.72025 6.31571 6.26239 5.49775 5.46537 5.37331 4.72133 4.61444 4.05017 5.75092 13.426 4.67414 5.41681 5.20152 6.55018 6.32286 4.70722 4.74711 4.20192 5.98873
threshold=0.73720721004431911 -2.9202155500791673 0.90160011258851724 65.956329345703139 0.46720719433613367 0.00058246671687811624 0.024383860640227798 0.31797999143600469 0.1013539992272854 -1.0655159458811039 2.0915214960359401 0.36228911578655248 -0.064417433304945274 1.0027483701705935 -0.38640183741091499 -0.007496852194890379 1.2680000066757204 0.98366682711739506 492.32203674316412 1.0000000180025095e-35 -4.7838590145111075 0.00048534134111832833 3.8751216800548319e-08 0.41137008418890147 -1.4321937993959413 0.0013951711007393899 1.5003174816245583e-07 8.7333957668031945e-08 0.027028735727071766 0.3149972589403765
decision_type=2 2 2 2 2 2 2 2 2 2 2 2 2 2 2 2 2 2 2 2 2 2 2 2 2 2 2 2 2 2
left_child=1 -1 6 4 13 -6 -2 8 -8 -7 11 12 14 18 15 -11 17 -4 19 20 28 -21 -23 24 26 -26 27 -24 29 -3
right_child=2 3 16 -5 5 9 7 -9 -10 10 -12 -13 -14 -15 -16 -17 -18 -19 -20 21 -22 22 23 -25 25 -27 -28 -29 -30 -31
leaf_value=0.0079732230517440949 -0.0071525251303707219 -0.0025906145750697069 0.0054563719078688355 -0.01083956884363722 -0.0093964587815369635 0.010688202424541769 0.0020737259271805092 0.0039527884418690314 -0.012551353213101071 -0.0098628203314043844 -0.011203366221980995 0.0047232908274799064 0.0020785828130855917 0.0060059858244037017 -0.014348507890688483 0.00052981525289614868 -0.0030142751004948566 0.010354852405457108 0.00094990891841177606 0.0025621095392439519 -0.0056633924975863226 -0.01692280815297674 -0.0098248327339445565 -0.014230631556306935 -0.0086593872913344368 0.00070102845563200036 -0.017501572050878274 0 0.01185447718720796 0.010226395210673461
leaf_weight=9.2435459643602353 6.4583451598882666 11.730245873332029 75.43885238468647 11.976115986704825 9.5952055901288968 4.7026412338018408 12.105611115694048 68.968004390597343 5.2157316505908957 7.0259156525135102 5.2099151015281668 23.637295559048653 25.463295742869381 5.082693248987197 4.8433586210012427 15.923053383827204 4.9828445613384238 27.073871999979019 12.724964320659636 4.8891525864601126 48.874358907341957 5.5278782844543448 16.384822145104401 7.8706235587596884 10.585730671882642 21.681408703327179 5.3655870407819739 6.8802603036165229 4.8717722594737998 5.1380415409803382
leaf_count=43 29 48 482 50 40 21 58 347 23 30 22 105 115 21 20 69 30 202 52 20 202 23 68 32 43 88 22 28 20 22
internal_value=0.000115904 -0.00282357 0.00430722 -0.00319156 -0.00283687 -0.000681099 0.00197844 0.00268092 -0.00231948 0.000280466 -0.000315774 0.000422524 -0.00147289 -0.00406967 -0.00475838 -0.00263753 0.0063035 0.00676865 -0.00439442 -0.0048554 -0.00275056 -0.00671396 -0.00734045 -0.00653221 -0.00549914 -0.00235617 -0.00898598 -0.00691275 0.003748 0.00129174
internal_weight=485.471 285.228 200.243 275.984 264.008 96.4007 92.7477 86.2893 17.3213 86.8055 82.1028 76.8929 53.2556 167.608 27.7923 22.949 107.496 102.513 162.525 149.8 70.6144 79.1855 74.2963 68.7684 60.8978 32.2671 28.6307 23.2651 21.7401 16.8683
internal_count=2375 1204 1171 1161 1111 422 457 428 81 382 361 339 234 689 119 99 714 684 668 616 292 324 304 281 249 131 118 96 90 70
is_linear=0
shrinkage=0.01


Tree=107
num_leaves=31
num_cat=0
split_feature=37 37 44 9 39 37 3 3 27 44 13 30 44 33 0 9 3 13 27 8 23 23 27 25 26 39 18 29 29 25
split_gain=62.3099 19.1488 6.33658 6.05791 8.13547 6.74905 6.30045 5.88009 5.4456 4.79947 4.71748 9.84691 4.72541 4.71347 6.86166 4.61236 7.66517 5.28877 5.25829 5.24094 4.55331 4.92861 4.83138 4.44526 4.4133 4.61385 4.37655 4.08655 3.99664 4.69061
threshold=0.90160011258851724 0.52651234566660043 -2.8018245202483523 0.3291774988174439 0.47737373737373739 0.8755065698217025 31.198238372802738 52.084484100341804 0.026417855173349384 -0.74884378778620009 -0.017547499854117628 0.013768936507403852 -1.1482883121094936 0.12318310886621477 1.2744385004043581 0.38267450034618383 54.130971908569343 0.0059345001354813584 0.020643461495637897 6.9072718620300302 5.0723111629486093 1.0000000180025095e-35 0.020844638347625736 0.0023242711322382097 0.99770268797874462 0.82085561497326209 0.54205048084259044 0.64550000429153453 0.090500000864267363 0.0010306288604624572
decision_type=2 2 2 2 2 2 2 2 2 2 2 2 2 2 2 2 2 2 2 2 2 2 2 2 2 2 2 2 2 2
left_child=1 2 -1 5 -5 10 -6 9 20 -4 12 -12 -3 14 -9 16 17 27 -19 -17 21 22 -8 -20 -11 28 -15 -2 -26 -30
right_child=15 3 7 4 6 -7 8 13 -10 24 11 -13 -14 26 -16 19 -18 18 23 -21 -22 -23 -24 -25 25 -27 -28 -29 29 -31
leaf_value=0.0047652621414775147 0.010121308201664809 0.0032081392967585908 0.003627234529097511 0.0035162633671409326 0.0080457794572596549 -0.013648784854188287 -0.008500787807835513 0.0049539436670347301 -0.0098579758668379622 -0.012443777748469729 0.0032536743948307022 -0.0099599540748018384 -0.0086343442598778488 -0.0023072129463982379 -0.0085368952706465911 0.0086465550270856881 -0.0094790368407955856 0.0066067906597733319 -0.012285382866967398 -0.0033609978709523316 -0.0074578086528053538 0.0077145971148934976 0.0020703688603741499 0.0014843861798493926 0.0035237758544091982 0.00223290321105977 -0.010443805665416852 -0.0014387180691694556 -0.0081226592053082677 -0.003305789145825625
leaf_weight=7.2483680546283713 18.852854520082477 4.3101228624582317 8.6850215643644315 74.377199918031693 5.6795847266912451 4.8736671656370154 6.7812227308750215 6.8243311792612067 9.158863037824629 5.8678434342145911 28.741382032632828 6.8992566019296637 13.192489787936209 8.5794495940208417 8.0683285742998105 63.669047519564629 3.8551298826932898 8.4998441487550753 3.8605274707078916 3.6799837052822104 8.5184084475040418 7.4888065606355658 11.312761038541792 5.4389865100383759 6.1077285856008521 12.160262703895567 36.038258597254753 3.4435108304023734 28.679916575551033 73.782730862498283
leaf_count=31 125 20 36 356 30 23 30 28 39 24 131 31 57 35 33 447 21 52 22 23 39 36 55 33 25 50 149 21 120 306
internal_value=-0.000267968 -0.00218236 -0.00429903 0.000171589 0.00143021 -0.0024843 -0.00172043 -0.00464372 -0.00304129 -0.00347278 -0.00141793 0.000647112 -0.00565959 -0.00727853 -0.00229642 0.00631329 0.00373708 0.00505308 0.000915271 0.00797162 -0.00115777 0.000921917 -0.00186145 -0.00419539 -0.00397023 -0.00354016 -0.00891026 0.00829284 -0.00419742 -0.00467042
internal_weight=494.676 383.376 202.042 181.334 123.317 58.0169 48.9396 194.794 43.2601 135.284 53.1433 35.6406 17.5026 59.5104 14.8927 111.3 43.9509 40.0957 17.7994 67.349 34.1012 25.5828 18.094 9.29951 126.598 120.731 44.6177 22.2964 108.57 102.463
internal_count=2428 1684 837 847 585 262 229 806 199 561 239 162 77 245 61 744 274 253 107 470 160 121 85 55 525 501 184 146 451 426
is_linear=0
shrinkage=0.01


Tree=108
num_leaves=31
num_cat=0
split_feature=37 37 28 7 22 27 17 29 10 38 28 2 37 33 29 27 30 2 27 20 27 10 25 39 26 33 13 38 38 25
split_gain=65.4638 13.7398 6.39434 4.55317 4.70437 4.49551 5.98968 7.18147 4.38881 6.83899 4.4228 4.48546 4.38844 5.14739 4.97359 4.63943 8.70536 7.52452 5.92118 5.82995 4.99258 5.11477 4.35586 4.05556 4.01193 3.75655 3.54327 3.76149 5.46598 4.94203
threshold=0.85588966133151145 0.46720719433613367 0.86043295264244091 57.55999946594239 -2.9368635416030879 0.026140493340790275 1.0000000180025095e-35 0.20150000602006915 -13.37386894226074 0.28265951603706935 -0.73211088776588429 2699.956909179688 0.13261182571498967 0.27630662918090826 0.12350000068545343 0.027028735727071766 0.035662556067109115 3472.261596679688 0.026742820627987388 0.42534750699996954 0.020844638347625736 -1.3594470024108884 0.0024355531204491858 0.75922266139657457 0.99988815188407909 0.70299673080444347 0.75813952088356029 1.1173593410616771 0.43349448892972581 0.0025844216579571371
decision_type=2 2 2 2 2 2 2 2 2 2 2 2 2 2 2 2 2 2 2 2 2 2 2 2 2 2 2 2 2 2
left_child=1 12 3 4 -2 6 23 -8 9 -3 11 -10 13 14 -1 16 18 -17 19 20 21 24 -11 25 -14 -6 27 28 -12 -30
right_child=2 8 -4 -5 5 -7 7 -9 10 22 26 -13 15 -15 -16 17 -18 -19 -20 -21 -22 -23 -24 -25 -26 -27 -28 -29 29 -31
leaf_value=0.0055138846772071481 0.0090270574253933592 0.0099215338009989995 -0.0078780085084071399 -0.0026074514903331025 0.0082844940980949557 0.0091876205118031611 -0.011887878896366638 0.0024532458751171547 -0.0025682748756137566 0.0050670296435561188 -0.00090493984201336908 0.0095304095317393731 -0.0086809294976256737 -0.0096496600118565895 -0.0055490668282052258 -0.0033802272891346901 -0.011817947939586992 0.011722266954276302 -0.0099640882320433232 -0.0041039401687944215 0.0077313594279102942 0.0073065032594084155 -0.0080061431763731612 -0.0016577470152927369 0.0001688869142645006 -0.0007528127442785129 0.0040918581904694695 0.0063675189094527709 -0.0030073895993956118 -0.01106593124381154
leaf_weight=4.8932175636291531 47.43752908706665 9.8427574038505572 3.2030916959047309 5.5175392031669608 30.609587728977203 19.408085212111473 4.584495514631274 13.445581957697867 4.8695010244846326 4.7138429433107358 89.485376447439194 7.564633771777153 8.3446032106876391 28.515161275863647 20.470326587557793 8.8392968177795392 12.506624460220335 5.0866407155990592 10.776747003197668 56.347743168473244 8.4513685405254346 5.6035283803939846 5.2320194393396378 6.1983917802572241 12.46853159368038 5.1566860824823371 10.458101540803908 5.1204888224601737 25.629194840788841 11.145147159695624
leaf_count=20 328 48 18 30 195 129 24 80 22 24 395 35 34 121 85 36 51 21 44 230 35 23 25 38 51 32 50 25 115 48
internal_value=-0.000136452 -0.00238841 0.00577354 0.00611716 0.00650631 0.00497831 0.00358695 -0.00118356 -0.000372109 0.00404002 -0.000946783 0.00472981 -0.00430679 -0.00672007 -0.00336222 -0.00328212 -0.00394782 0.00210912 -0.00296234 -0.00211416 0.00107533 -0.00103752 -0.00172181 0.00565831 -0.00335599 0.00695517 -0.00145444 -0.00190632 -0.00225456 -0.00550019
internal_weight=491.926 356.365 135.561 132.358 126.84 79.4028 59.9947 18.0301 174.061 19.7886 154.272 12.4341 182.304 53.8787 25.3635 128.425 114.499 13.9259 101.993 91.2158 34.868 26.4167 9.94586 41.9647 20.8131 35.7663 141.838 131.38 126.26 36.7743
internal_count=2412 1538 874 856 826 498 369 104 787 97 690 57 751 226 105 525 468 57 417 373 143 108 49 265 85 227 633 583 558 163
is_linear=0
shrinkage=0.01


Tree=109
num_leaves=31
num_cat=0
split_feature=37 37 37 26 3 39 37 26 27 20 29 46 44 28 7 44 27 26 30 37 38 9 39 8 46 30 37 46 30 18
split_gain=49.8591 17.4168 5.36145 4.95051 6.77791 6.1666 6.51311 5.05979 4.88034 4.54766 4.5295 4.47694 3.92965 3.78193 3.76723 4.77481 3.81157 3.61938 4.87339 5.62742 6.37568 5.62499 7.05107 4.45986 4.02104 4.35927 3.50227 3.64972 3.41565 3.3996
threshold=0.90160011258851724 0.32407000768948008 0.98366682711739506 1.0022947788238528 29.812106132507328 0.93055555555555569 0.89684235874365292 1.000211834907532 0.027258643880486492 2.7174900770187382 0.11950000002980234 4.0743703527271219e-08 1.0000000180025095e-35 0.72514930367469799 54.460174560546882 -1.801589864710168 0.019450061954557899 1.0001154541969302 -0.015704754739999768 0.6648651960074049 -0.95217788863302655 0.31720149517059332 1.0000000180025095e-35 -2.9440950155258174 1.3113550486187399e-07 -0.034289598464965813 0.08415793501258452 3.3777244617989869e-08 -0.0027522215386852618 0.8819124996662141
decision_type=2 2 2 2 2 2 2 2 2 2 2 2 2 2 2 2 2 2 2 2 2 2 2 2 2 2 2 2 2 2
left_child=1 10 -2 4 -3 6 7 8 17 -9 26 -12 -11 -5 15 16 -13 18 24 20 -20 22 -21 -23 25 -6 -1 -28 -16 -4
right_child=2 3 29 13 5 -7 -8 9 -10 12 11 14 -14 -15 28 -17 -18 -19 19 21 -22 23 -24 -25 -26 -27 27 -29 -30 -31
leaf_value=-0.0055843489088129861 0.0045199438602100354 0.011464393006096439 0.010690244181169723 -6.4977768215989247e-05 -0.001474958686505665 -0.0074490297412377216 -0.011256128985904935 0.0034748824027648079 -0.0082003779214386788 -0.0079481917937147106 -0.014160071893939986 -0.0062269463353543586 0.0033482303509034528 -0.0091403887907866993 -0.0065567704000980501 -0.0066247289098473666 0.0051496118524105051 -0.0064082284007279736 0.0051907336283637893 -0.0089049833912495605 -0.0031477675389340056 -0.0010037885820081704 0.0073449596248180704 0.0079446531666277961 0.0021402350139370888 -0.011639922138717182 -0.0018899795789133359 0.0099112645793775073 0.0031561379638294679 0
leaf_weight=6.3941102772951153 76.440286099910736 5.0996671169996253 27.387160882353786 8.5523328483104724 9.3659960925579089 10.72696430981159 4.6801200658082953 70.20794677734375 7.9678613990545264 7.0301609039306623 5.6607016175985327 5.1097515821456891 5.1943435519933701 10.414963975548742 5.5866814851760855 79.320551350712776 6.6617067605257034 8.5585087686777097 12.219155073165892 6.4010484218597394 35.356032863259315 6.8194625377654949 4.3884357661008835 25.88043440878392 8.1459989696741086 8.0409248620271701 5.1821484416723234 4.928490936756134 9.8092958480119687 3.3664172440767279
leaf_count=27 488 27 208 38 42 47 24 326 35 29 24 21 22 45 23 328 27 38 52 28 150 32 21 129 37 35 21 20 40 25
internal_value=-5.05121e-05 -0.00173721 0.00597376 -0.000219464 0.000172225 -7.76096e-05 0.000280074 0.000540262 -0.000659279 0.00248831 -0.00473582 -0.00545524 -0.00307884 -0.00512254 -0.00497027 -0.00574349 0.000116188 -0.000165119 0.000289591 0.00138073 -0.000978746 0.00398114 -0.00219701 0.00605062 -0.00355021 -0.00626733 9.57662e-05 0.0038054 -0.000323385 0.00952857
internal_weight=490.898 383.704 107.194 255.05 236.083 230.983 220.256 215.576 133.144 82.4325 128.653 112.149 12.2245 18.9673 106.488 91.092 11.7715 125.176 116.617 91.0646 47.5752 43.4894 10.7895 32.6999 25.5529 17.4069 16.5047 10.1106 15.396 30.7536
internal_count=2409 1688 721 1157 1074 1047 1000 976 599 377 531 463 51 83 439 376 48 564 526 412 202 210 49 161 114 77 68 41 63 233
is_linear=0
shrinkage=0.01


Tree=110
num_leaves=31
num_cat=0
split_feature=37 44 37 37 44 44 21 33 1 32 0 25 38 10 44 6 10 38 46 9 44 34 44 13 25 0 7 38 44 1
split_gain=58.2069 13.198 11.2906 7.79495 5.32583 7.03666 6.14209 6.0173 5.82808 4.88029 4.52808 7.99569 5.14936 4.62528 4.28493 7.86477 6.27647 4.41492 5.29517 4.46756 8.23142 7.06652 4.22479 11.8734 3.94713 3.61801 3.53847 3.53304 3.48529 4.68497
threshold=0.73907021001562911 -3.0309317354864791 0.9605884686436067 0.32407000768948008 -0.034078933388681336 -0.41229946448904514 1.0000000180025095e-35 0.79106223583221447 -0.50076301395893086 -0.0012551185791380701 4.2511276006698617 0.001821924699470401 0.15946237853263059 -1.3594470024108884 1.2867186899190359 0.062175000086426742 0.59668749570846569 0.3933301676826228 3.5572451807916884e-08 0.31797999143600469 0.12533724059314771 0.66418662667274486 0.3091178397912186 0.13332200050354007 0.0038178476970642809 0.071775499731302275 26.960545539855961 0.58765721939602955 0.37008241683801796 0.51085601747035991
decision_type=2 2 2 2 2 2 2 2 2 2 2 2 2 2 2 2 2 2 2 2 2 2 2 2 2 2 2 2 2 2
left_child=1 -1 14 -3 5 9 -7 8 -6 -5 11 13 -13 -11 17 16 -16 -2 -19 20 21 -20 24 -24 27 -22 -10 -21 -28 -30
right_child=2 3 -4 4 7 6 -8 -9 26 10 -12 12 -14 -15 15 -17 -18 18 19 22 25 -23 23 -25 -26 -27 28 -29 29 -31
leaf_value=0.011209057187275167 0.0080495834984692545 -0.0051051546059161321 0.0077872212361030082 -0.0099379011144979015 -0.0086734601801383635 -0.002214453130604057 -0.014249752912792431 -0.0099551299409512961 0.0053090899723454042 -0.0058999945196631341 -0.0099654602092344256 0.01046566691453946 0 0.0021032087114726803 -5.422187010828636e-05 0.0027074550365997875 -0.016272020702239817 -0.0067218521678260434 0.0014041407128327402 -0.00011912311131247529 0.010827453982653661 -0.015373232295131047 0.0059858319883961224 -0.009799247063780556 -4.4443545897458315e-05 -0.00015421246738814889 0.0054602678885753266 0.0086957995435769497 0.00080701700634706083 -0.0075610186237056592
leaf_weight=6.308601275086402 17.548620730638504 128.10410396754742 57.937982827425003 6.713518187403678 5.7052913755178443 7.7361405789852169 10.049910783767698 5.3966508805751792 19.616120085120201 20.366520076990128 4.9293354451656333 9.1768495589494723 9.2307564765214902 10.864213377237322 4.9448710829019564 20.253283858299255 4.750189870595932 5.6266283690929404 4.5276767760515231 5.0174589902162543 5.321895018219946 5.2301410883665085 14.179323032498361 7.0396485626697531 8.1744153052568418 6.3185404539108276 9.8845717906951887 32.667092978954315 27.139195412397385 8.7112417966127378
leaf_count=31 90 529 427 28 24 32 41 23 88 85 20 40 40 46 26 112 23 28 22 27 30 25 81 36 42 32 44 183 119 36
internal_value=-9.03079e-05 -0.00295273 0.00406324 -0.00327509 -0.0017589 -0.00357727 -0.00911249 0.000110796 0.000902261 -0.00194222 -0.000923833 0 0.00520371 -0.00308618 0.00252803 -0.000801719 -0.00818738 0.00343004 0.00255032 0.0031582 -0.000778114 -0.00755173 0.00442808 0.000680635 0.00613501 0.00483078 0.00176549 0.00749847 0.000215533 -0.00121388
internal_weight=489.471 289.933 199.538 283.624 155.52 79.0672 17.7861 76.4531 71.0564 61.2812 54.5677 49.6383 18.4076 31.2307 141.6 29.9483 9.69506 111.651 94.1028 88.4762 21.3983 9.75782 67.0779 21.219 45.859 11.6404 65.3511 37.6846 45.735 35.8504
internal_count=2410 1226 1184 1195 666 332 73 334 311 259 231 211 80 131 757 161 49 596 506 478 109 47 369 117 252 62 287 210 199 155
is_linear=0
shrinkage=0.01


Tree=111
num_leaves=31
num_cat=0
split_feature=37 37 38 3 44 29 37 37 6 33 27 10 10 17 27 37 29 8 44 39 22 27 27 44 14 29 27 39 44 25
split_gain=51.4969 17.7871 5.37862 5.24754 7.55331 5.1383 5.69189 4.86805 7.22988 4.82489 4.03776 3.68289 4.68282 3.64258 3.93005 5.0356 3.63824 3.61176 5.05775 3.88131 3.60632 5.07236 8.17383 6.71037 4.459 9.40706 4.12724 3.54514 4.42067 5.36338
threshold=0.90160011258851724 0.2375684916372196 1.1766577304395884 55.826837539672859 -3.1551613232378553 1.2680000066757204 0.98366682711739506 0.32786063007132366 0.060597999021410949 0.19296340644359591 0.019788396544754509 6.861865997314454 -13.37386894226074 0.81174498796463024 0.026653586886823181 0.65061814566983367 0.17050000280141833 -2.0110045671463008 -0.076258601977240034 0.089388264669163567 -2.9368635416030879 0.025928170420229438 0.020643461495637897 -0.86932500740233909 -0.011832500342279671 0.17449999600648883 0.026677244342863563 0.93055555555555569 1.474945652052978 0.0033111207885667686
decision_type=2 2 2 2 2 2 2 2 2 2 2 2 2 2 2 2 2 2 2 2 2 2 2 2 2 2 2 2 2 2
left_child=1 9 3 10 -5 6 20 -6 -9 17 -3 12 13 14 -12 -16 -10 -1 19 -19 -2 22 24 -24 -22 -26 -23 28 -14 -30
right_child=5 2 -4 4 7 -7 -8 8 16 -11 11 -13 27 -15 15 -17 -18 18 -20 -21 21 26 23 -25 25 -27 -28 -29 29 -31
leaf_value=0.0020688249072393396 0.0078176780113285594 0.008244115579027482 0.0059154132987202833 0.0076110589371929348 -0.013708052189153382 -0.0055204600209985723 0.0099891073220945009 -0.0079854924160320268 0.0077675496998699358 -0.0077704062520006422 0.0076947701372315058 0.0028285957012554007 -0.0010228166486322182 -0.0045443982213923548 -0.0073009893376649402 0.0057804855507086438 -0.0022982160124725933 0.0027883461481728305 -0.010672615916367607 -0.0072175357191493371 0.0079928748843316987 0.010563242414913325 0.0024098393583154372 -0.013030716206607269 -0.011966594517965185 0.0066602390979716986 -0.0014054061611894167 -0.009642114215450609 -0.011382261096231583 0.0015232786529671147
leaf_weight=9.8983501642942411 25.265816301107407 5.0728616565465918 11.199434056878088 4.7586234360933295 6.1728164553642264 3.7558283060789099 28.4876389503479 20.363896280527115 5.1947256326675442 55.473448425531387 13.565743625164037 26.076283365488052 144.62420505285263 5.9274172186851493 5.3257422745227796 6.3205257505178452 10.88829682767391 9.0404096245765668 9.5881779044866562 6.553977683186532 13.848162248730656 12.360207721590994 4.9424126893281937 6.09161728620529 4.287137776613239 6.9814244210720062 3.5358737111091605 5.5713040232658377 9.1391225010156614 4.7159540057182303
leaf_count=40 172 25 57 24 25 23 220 85 23 233 68 121 635 27 23 32 47 37 40 27 89 82 30 36 24 43 23 24 39 21
internal_value=-0.000302314 -0.00206452 -0.000832556 -0.00111437 -0.00413977 0.00572437 0.00613783 -0.00548994 -0.00403702 -0.00592448 -0.000475111 -0.000683164 -0.00115864 0.00237726 0.00405559 -0.00012766 0.000919084 -0.00296331 -0.00498118 -0.00137238 0.00469475 0.00314748 0.0010378 -0.00606517 0.00420954 -0.000381325 0.00784632 -0.00183695 -0.00155034 -0.00693841
internal_weight=485.027 375.471 284.917 273.718 47.3784 109.556 105.8 42.6197 36.4469 90.5544 226.339 221.266 195.19 31.1394 25.212 11.6463 16.083 35.0809 25.1826 15.5944 77.3127 52.0468 36.1508 11.034 25.1167 11.2686 15.8961 164.051 158.479 13.8551
internal_count=2395 1653 1276 1219 204 742 719 180 155 377 1015 990 869 150 123 55 70 144 104 64 499 327 222 66 156 67 105 719 695 60
is_linear=0
shrinkage=0.01


Tree=112
num_leaves=31
num_cat=0
split_feature=37 37 37 34 38 9 39 44 46 46 27 14 0 44 38 38 39 2 44 9 27 25 38 37 1 1 2 25 34 28
split_gain=53.8219 15.6923 10.6724 6.0047 5.32717 4.92929 4.59073 4.56487 4.44536 6.10077 4.77331 3.95729 3.94237 3.89748 3.86738 4.38369 4.81268 6.20789 7.47099 4.78101 4.73679 4.28728 8.6351 4.97955 4.71158 8.51605 4.19882 7.47933 3.79751 4.17164
threshold=0.85588966133151145 0.48303648310948094 0.95952951257432106 0.5505320429801942 -1.0655159458811039 0.35495699942111975 0.32555058784566987 -2.8018245202483523 7.9315963457557039e-08 1.4829367333921708e-07 0.020643461495637897 -0.13332200050354001 -0.11218750104308127 -1.801589864710168 1.1068494362186323 0.89041108614121367 0.74376899696048648 3535.3725585937505 1.5635983061108172 0.41801948845386511 0.026653586886823181 0.00095578870968893181 0.15946237853263059 0.67274043001872974 0.6828649938106538 -0.26879200339317316 2656.0771484375005 0.0022770200157538061 0.7147672474384309 -0.2588332593441009
decision_type=2 2 2 2 2 2 2 2 2 2 2 2 2 2 2 2 2 2 2 2 2 2 2 2 2 2 2 2 2 2
left_child=1 7 5 -3 -5 8 -7 -1 10 -10 -2 -8 -13 -4 15 16 17 18 21 -18 -19 24 23 -23 25 -6 27 -24 29 -28
right_child=2 3 13 4 14 6 11 -9 9 -11 -12 12 -14 -15 -16 -17 19 20 -20 -21 -22 22 26 -25 -26 -27 28 -29 -30 -31
leaf_value=0.00479108168275521 0.00093493502202925171 -0.009994553379401085 -0.0016848323744146805 0.0092643065842419135 0.0020580702377560375 0.0095736110265304732 -0.0022715457407596956 -0.0043447011167341556 0.0085744838014340657 -0.0037128299305802005 -0.010235305465805046 0.010824665772548866 0.0012313415101125435 0.008969758037058179 0.0072575271804499776 -0.0073192841496168828 -0.011108117752891323 0.0088247553563510495 -0.0084737667579395156 -0.00061353138776772825 -0.00038672772645198045 0.0037420304389854837 0.00057023980829969242 0.013853624781280502 0.0052450716995245854 -0.012109749049107046 -0.0012359184892466115 -0.014888386389847999 -0.0043322804934730359 0.0082195664432854563
leaf_weight=5.4531245678663245 7.9624688625335711 5.5476462244987479 3.4512438029050818 6.5421700775623313 7.6166670620441481 14.085231855511664 10.507838919758798 185.23955668509007 9.2714788913726824 6.8917862623929969 6.9871678352355957 7.5895727574825314 10.354675054550169 58.269944109022617 7.1171532273292533 8.1575333923101407 6.8293783813715008 15.225596815347673 9.7036514282226545 12.251823857426642 8.450222969055174 17.404194787144665 7.6898400932550413 6.9876195192337027 5.0410296767950049 9.126881018280983 8.2557492554187721 5.0387657731771469 7.7778046876192084 10.109603628516206
leaf_count=23 42 24 22 29 35 88 62 766 53 37 36 49 61 435 35 37 29 75 43 56 40 77 36 34 23 39 37 22 34 46
internal_value=-7.80076e-05 -0.00212306 0.00528373 0.000130572 0.000495445 0.00268762 0.00489754 -0.00407584 -0.000307731 0.00328324 -0.00425269 0.0025222 0.00538179 0.00835605 0.000107609 -0.00023961 0.000178129 0.00093702 -0.000198998 -0.00446013 0.00550719 0.000742218 0.00206881 0.00672431 -0.00305643 -0.00563146 -0.000836586 -0.00553964 0.00142752 0.00393123
internal_weight=490.937 355.566 135.371 164.873 159.326 73.6502 42.5373 190.693 31.1129 16.1633 14.9496 28.4521 17.9442 61.7212 152.784 145.666 137.509 118.428 94.7518 19.0812 23.6758 85.0482 63.2636 24.3918 21.7846 16.7435 38.8718 12.7286 26.1432 18.3654
internal_count=2425 1540 885 751 727 428 260 789 168 90 78 172 110 457 698 663 626 541 426 85 115 383 286 111 97 74 175 58 117 83
is_linear=0
shrinkage=0.01


Tree=113
num_leaves=31
num_cat=0
split_feature=37 37 44 44 27 37 8 0 9 37 28 25 28 37 39 46 46 9 29 25 9 38 25 25 1 29 25 8 37 34
split_gain=51.9679 17.0925 6.67078 5.14087 5.56223 4.71922 5.15399 4.53506 5.85193 5.84196 5.27488 4.86304 5.823 4.5073 4.22898 4.05656 5.06649 5.0148 4.48394 5.39579 4.35248 4.23819 6.22395 7.07524 5.35191 7.19235 5.3235 5.39779 4.58888 4.18168
threshold=0.85588966133151145 0.30801775057565067 -3.1551613232378553 -1.801589864710168 0.019450061954557899 0.97718315352418672 4.2216238975524911 4.2511276006698617 0.4505975097417832 0.62936454503493133 0.22252681851387027 0.00094379863003268849 0.56146901845932018 0.7646403752333758 0.79898989898989914 6.5564752727128464e-08 6.9881239111964013e-08 0.41081000864505773 0.15149999409914019 0.0012713573523797097 0.3120150119066239 0.61713471123503694 0.0026742081390693788 0.0017313263379037382 -0.50438550114631642 0.4994999915361405 0.0016124282265082004 2.4334089756011967 0.50484076967673663 0.72015997767448436
decision_type=2 2 2 2 2 2 2 2 2 2 2 2 2 2 2 2 2 2 2 2 2 2 2 2 2 2 2 2 2 2
left_child=1 3 -3 4 -1 -2 -7 8 11 -10 -9 12 13 -4 15 18 -17 21 -13 -20 -21 24 23 -23 -18 26 28 -28 -26 -29
right_child=5 2 7 -5 -6 6 -8 10 9 -11 -12 14 -14 -15 -16 16 17 -19 19 20 -22 22 -24 -25 25 -27 27 29 -30 -31
leaf_value=-0.006854173407603326 0.0039174152185103431 0.010134125849668512 -0.0072823621734951173 -0.0057279458096220265 0.0069758178530360806 0.009137387447917613 -0.0025000215413440055 -0.010905505475080868 0.013377648998707324 0.0007524884341396004 0.00031103849690280344 -0.0049948766183727589 0.0047893700734897996 0.0018537952898206272 -0.0054644286353558317 -0.0083136269712539828 -0.0079995549125879539 -0.0064509521316186702 0.012338037257331277 -0.0053228223120429024 0.0055573806517032953 -0.0074296984008674358 -0.010098449872788363 0.0082130042250045075 -0.00048644021446004666 0.0075598317751411062 0.0010440054131322948 -0.012014197547501675 0.010298713889883317 0
leaf_weight=4.856572672724722 93.314656421542168 5.657533571124076 27.989394173026085 112.08967876434326 6.8682690858840942 38.19535831362009 4.038376733660697 9.0170511305332202 5.7826385945081737 10.249047711491583 7.4406993091106406 4.7275264412164715 6.2924801856279364 6.4384580999612799 13.13948220014572 7.4533978998661032 5.0261712074279776 10.314285114407538 7.7790077328681972 5.1287315934896496 11.914387866854666 5.0195128023624438 7.9327340126037589 6.4902803301811218 6.760759934782981 20.589607492089272 28.267787754535675 6.7835894525051099 8.8082697689533216 4.8658944368362427
leaf_count=20 565 29 117 465 28 296 29 37 26 50 31 21 28 31 55 33 21 46 36 23 55 22 35 31 28 91 125 28 41 21
internal_value=-7.94042e-05 -0.00205113 -0.00048834 -0.00506785 0.00115318 0.00520108 0.00799772 -0.000753416 -0.00036471 0.00542308 -0.00580276 -0.000832104 -0.00391521 -0.0055444 -4.41738e-05 0.000434096 -0.000386833 0.000144111 0.00374492 0.00546295 0.00221295 0.000836333 -0.00332754 0.00129973 0.00184972 0.00252321 0.00062602 -0.00128965 0.00557829 -0.00699812
internal_weight=499.232 363.683 239.869 123.815 11.7248 135.548 42.2337 234.211 217.753 16.0317 16.4578 201.722 40.7203 34.4279 161.001 147.862 118.312 110.859 29.5497 24.8221 17.0431 100.545 19.4425 11.5098 81.1021 76.0759 55.4863 39.9173 15.569 11.6495
internal_count=2464 1574 1061 513 48 890 325 1032 964 76 68 888 176 148 712 657 522 489 135 114 78 443 88 53 355 334 243 174 69 49
is_linear=0
shrinkage=0.01


Tree=114
num_leaves=31
num_cat=0
split_feature=37 37 37 44 23 27 2 27 6 7 1 26 37 23 34 6 0 34 0 28 26 26 32 38 16 2 38 10 26 34
split_gain=50.8655 14.2982 8.64718 5.76622 4.54421 6.05126 6.75812 5.82054 6.29755 6.50984 5.45205 4.52006 4.53464 6.80686 8.38629 4.32428 4.46765 4.82096 5.3018 4.34088 5.12858 4.52641 4.17273 4.93031 5.28239 4.85772 5.48072 4.34944 4.81685 4.1516
threshold=0.85588966133151145 0.2375684916372196 0.98226045067042189 -3.2476009500128158 2.7286300659179692 0.020221595652401451 2635.5971679687505 0.018895236775279049 0.056751500815153129 29.358255386352543 -0.47348749637603754 1.0022947788238528 0.061026778217240361 2.6691745519638066 0.67368516325950634 0.056751500815153129 0.35418500006198889 0.65532872080802929 0.10407599806785585 -0.60784870386123646 1.0002395510673525 0.99999213218688976 0.014469468034803869 1.1310592786490432 0.87837952375411998 4442.7468261718759 -0.80249889855633405 -13.945889472961424 1.002379894256592 0.65180480480194103
decision_type=2 2 2 2 2 2 2 2 2 2 2 2 2 2 2 2 2 2 2 2 2 2 2 2 2 2 2 2 2 2
left_child=1 11 4 -3 5 -2 -7 -6 -9 -10 -8 12 -1 -14 -15 16 17 -5 -19 -18 21 -21 23 24 25 27 -27 -17 29 -29
right_child=2 3 -4 15 7 6 10 8 9 -11 -12 -13 13 14 -16 22 19 18 -20 20 -22 -23 -24 -25 -26 26 -28 28 -30 -31
leaf_value=-0.010556476710050675 0.012173053851437332 0.010900432750595924 0.0095457612091515657 -0.0055397996849416943 0.0099859023047660748 -0.0086268261842885434 0.010010047629033528 0.0029057023789383217 0.00045598876327073541 -0.015161992480889975 0.0028690797974416722 0.0033597366510406345 -0.0071606825977721953 -0.0078265877110858268 0.003974947649748861 0.0097935950340469306 0.002082106823098063 -0.00048482972335000792 0.0083840254221328302 -0.0061144295515399086 -0.0021158801602424791 -0.016074280257083538 -0.0077674565442213831 0.011064060555568756 -0.0051622624074933662 0.0033631950260767239 -0.010109218869150954 0.0061495468900698022 -0.0084438428704174638 0.00052834963787419444
leaf_weight=18.396693348884583 9.6863703578710538 3.8819270581006995 31.892748765647411 15.050159081816672 4.6305265128612545 4.0478496253490439 13.964597932994364 11.071637690067293 4.8296440839767438 5.5364225506782532 48.481413900852203 5.1702836602926245 46.652132719755173 9.8304581046104449 15.136923551559446 6.4716357439756385 9.0759963244199735 43.122826054692268 7.855623096227645 24.547342747449878 28.068554893136024 5.8480763286352149 6.1819406151771537 4.2354898154735556 15.703296810388563 4.8268506973981857 7.4388339072465879 17.515059307217598 4.6493403017520896 53.73396173119545
leaf_count=79 64 20 248 65 29 23 94 67 28 31 297 21 194 41 62 32 39 189 38 103 119 24 26 22 68 20 32 79 20 240
internal_value=-0.000251621 -0.00224361 0.00498656 -0.00101668 0.00354678 0.00477868 0.00366983 -1.95468e-05 -0.00226348 -0.00785506 0.00449543 -0.00555678 -0.00608318 -0.00490707 -0.000644488 -0.00120672 -0.00244632 -0.000577427 0.000875994 -0.00425505 -0.00525778 -0.00810992 0.000157012 0.000599703 0.000179307 0.00108073 -0.0047423 0.00196465 0.00127194 0.0019309
internal_weight=487.535 353.393 134.141 258.207 102.248 76.1802 66.4939 26.0682 21.4377 10.3661 62.446 95.1865 90.0162 71.6195 24.9674 254.325 133.569 66.0286 50.9784 67.54 58.464 30.3954 120.756 114.574 110.339 94.6357 12.2657 82.37 75.8984 71.249
internal_count=2414 1533 881 1136 633 478 414 155 126 59 391 397 376 297 103 1116 577 292 227 285 246 127 539 513 491 423 52 371 339 319
is_linear=0
shrinkage=0.01


Tree=115
num_leaves=31
num_cat=0
split_feature=37 37 37 44 28 34 38 27 44 34 13 10 39 44 3 34 13 33 13 10 27 37 25 9 38 38 25 10 44 0
split_gain=54.0803 14.938 14.194 8.34128 7.7228 4.87761 5.15 5.39735 11.7264 4.89653 4.40152 6.60608 5.23799 5.46702 5.9489 7.06941 5.04854 6.99547 4.17202 4.0491 5.3478 4.99254 3.81696 3.49552 3.80764 5.3523 4.26073 4.91635 5.49575 3.9882
threshold=0.75904105166395808 0.95952951257432106 0.2375684916372196 -3.0309317354864791 0.86043295264244091 0.57082179188728344 0.4163034549907853 0.020540393888950351 1.2423823442358737 0.73112145066261303 -0.032884499058127396 3.3433824777603154 0.28192934782608697 -0.26278317294542025 38.90239334106446 0.67528977990150463 -0.24212800711393354 0.37062631547451025 0.10810850188136102 -13.37386894226074 0.025953792966902259 0.61374467105658381 0.0028602217789739375 0.2937729954719544 -2.480342902680039 -1.9277750585779982 0.00094379863003268849 -1.3594470024108884 -0.47640566371617793 5.39595651626587
decision_type=2 2 2 2 2 2 2 2 2 2 2 2 2 2 2 2 2 2 2 2 2 2 2 2 2 2 2 2 2 2
left_child=2 4 -1 -4 5 -2 7 8 -7 10 11 16 -12 -14 15 -15 22 -18 -11 20 -5 -22 -8 -21 -25 -26 27 -27 -29 -28
right_child=1 -3 3 19 -6 6 9 -9 -10 18 12 -13 13 14 -16 -17 17 -19 -20 23 21 -23 -24 24 25 26 29 28 -30 -31
leaf_value=-0.0060998670606363945 -0.0067682485270136117 0.0081772559357653173 0.010227915210376646 0.0098613826084384751 -0.010194207348935313 0.0091342513432646245 0.0080196767357735808 0.010772090524115048 -0.011804701019677889 0.0015492655207878774 0.0068399204372743853 0.008917621130388324 0.0066482133965877419 -0.0076479617877328746 -0.012671151278807413 0.0080386368549167867 -0.017187661716705219 0.00051455321580306666 -0.011112445268008008 0.0028076701391661543 -0.0082624347622417861 0.005139190901507067 -0.0059188395241936108 0.0061164293289865113 -0.011600870260871327 -0.0092225758334568593 -0.0010828235087585163 0.006113288316070639 -0.0062402339772563474 -0.0078784167956735679
leaf_weight=92.095355913043022 5.1818104088306418 59.446847669780254 5.8935206085443488 6.6321834325790432 4.80321280658245 7.338255852460863 4.1869852542877242 15.19627161324024 4.0600060373544693 5.0568539649248105 31.702074512839317 4.8467714488506308 9.5662462860345858 5.1290384382009488 4.3709684610366812 6.2413870692253113 4.9100554585456848 3.8241260051727295 4.9735974222421646 12.887307316064833 5.3695307970046979 5.4909529089927673 3.4745613187551498 4.7718054503202429 6.6001523286104193 17.672079890966415 118.69988058507442 5.8085622042417517 9.0140529274940473 9.2994595617055875
leaf_count=385 27 447 30 32 24 39 24 82 20 27 175 29 55 28 22 36 24 20 24 56 23 26 20 20 27 73 506 25 37 38
internal_value=-0.000210846 0.00404957 -0.00283005 -0.00137622 0.00207141 0.00257852 0.00301435 0.00687812 0.00155113 0.00183263 0.00268485 -0.00115992 0.00413448 0.000692531 -0.00288281 0.000870467 -0.00423558 -0.00940573 -0.00467805 -0.0017242 0.00283811 -0.0014104 0.00157481 -0.00216288 -0.00254282 -0.0027996 -0.00242443 -0.00566526 -0.0013237 -0.00159011
internal_weight=484.544 184.309 300.235 208.139 124.862 120.059 114.877 26.5945 11.3983 88.2827 78.2522 21.2425 57.0097 25.3076 15.7414 11.3704 16.3957 8.73418 10.0305 202.246 17.4927 10.8605 7.66155 184.753 171.866 167.094 160.494 32.4947 14.8226 127.999
internal_count=2401 1123 1278 893 676 652 625 141 59 484 433 117 316 141 86 64 88 44 51 863 81 49 44 782 726 706 679 135 62 544
is_linear=0
shrinkage=0.01


Tree=116
num_leaves=31
num_cat=0
split_feature=37 37 44 37 34 22 20 6 17 27 39 27 25 33 7 44 34 22 25 34 37 1 18 46 34 16 37 37 30 20
split_gain=53.2078 11.9779 11.4562 8.55289 6.02831 6.6987 5.34276 4.8449 6.36804 6.97139 12.659 4.2131 4.7108 5.30161 6.01966 5.26626 4.70169 4.29515 4.1415 3.96019 3.86561 4.41998 4.6043 5.93614 5.40573 7.80112 5.27629 5.12726 5.02279 4.93636
threshold=0.75904105166395808 0.96218455027683458 -3.0309317354864791 0.32407000768948008 0.73041006922721874 -1.1259055137634275 5.39595651626587 0.056751500815153129 1.0000000180025095e-35 0.026110171340405944 0.67171717171717182 0.026784881018102173 0.0004208692407701165 0.49695165455341345 26.099056243896488 0.2637345635813852 0.59919974207878124 -2.1778664588928218 0.00058246671687811624 0.64133915305137645 0.33345433492600468 -0.62559351325035084 0.32200500369071966 1.5800165042470188e-07 0.6701573133468629 -0.60785751044750203 0.52189436299728176 0.54045315616221823 0.023001638241112236 0.13107949867844584
decision_type=2 2 2 2 2 2 2 2 2 2 2 2 2 2 2 2 2 2 2 2 2 2 2 2 2 2 2 2 2 2
left_child=2 4 -1 -4 11 -6 18 -3 -9 10 -10 12 -2 -14 19 -16 -17 -13 -5 -15 -20 -22 29 24 27 -26 -27 -24 -25 -23
right_child=1 7 3 6 5 -7 -8 8 9 -11 -12 17 13 14 15 16 -18 -19 20 -21 21 22 23 28 25 26 -28 -29 -30 -31
leaf_value=0.010075038262367015 -0.0060199644854075961 0.010740855402508772 -0.0049988845294093665 -0.0064831313164235918 0.003819848612171264 -0.0099685725606503336 -0.0089675178839375494 0.0087129948805850475 -0.021291948949730934 0.011194405189821703 0.0045397898186079911 0.0021811458122813435 0.005771896610839493 0.00013664710382459724 0.010089859784447954 -0.0098548716571397847 0.0049025287345214963 -0.0092931952793804621 0.0085018426130559002 -0.013845487356466962 -0.010362486353072449 -0.00059108571152673183 0.0063273849503412303 0.0079402391829109537 0.0019792745145251504 -0.010794586751199422 -0.0035178538886906949 -0.0029034095702911299 -0.0032188657038186271 0.0063201090090686043
leaf_weight=6.7315883934497824 4.3844505101442328 30.105915278196335 123.74662211537361 13.03472478687763 6.2288122624158859 7.6867770105600339 9.0688063204288465 16.090948052704338 3.1887284293770772 3.0610435083508492 4.310739740729332 8.8139422684907895 70.364436745643616 3.8121885210275677 7.180886670947074 3.6843475699424726 4.8605884164571762 4.9790320992469779 4.3971177190542212 3.906451016664505 4.6835934966802588 25.484390988945961 10.240088373422624 10.242604762315752 13.070207595825194 18.540517121553421 22.960261255502701 14.172125101089476 6.3852434903383246 17.011949136853218
leaf_count=33 22 234 513 54 33 38 37 120 22 23 33 47 392 21 41 20 27 25 18 21 20 111 43 45 57 76 100 63 27 78
internal_value=-0.000103681 0.0041473 -0.0026978 -0.00299796 0.00241316 -0.00374212 -0.00152736 0.00796546 0.00476453 -0.00118321 -0.00644777 0.0031896 0.00391958 0.0044007 0.000235793 0.00382213 -0.00138518 -0.001926 -0.00109467 -0.00689847 -0.000606605 -0.000899843 -0.000564438 -0.00178701 -0.00293721 -0.00468753 -0.00681091 0.000937814 0.00360164 0.00216044
internal_weight=482.429 182.659 299.77 293.038 125.902 13.9156 169.292 56.7574 26.6515 10.5605 7.49947 111.986 98.1933 93.8089 23.4445 15.7258 8.54494 13.793 160.223 7.71864 147.188 142.791 138.107 95.611 78.9832 54.571 41.5008 24.4122 16.6278 42.4963
internal_count=2394 1119 1275 1242 687 71 729 432 198 78 55 616 544 522 130 88 47 72 692 42 638 620 600 411 339 233 176 106 72 189
is_linear=0
shrinkage=0.01


Tree=117
num_leaves=31
num_cat=0
split_feature=38 1 27 44 27 15 44 27 44 38 29 30 29 26 38 2 28 44 26 17 13 33 1 0 33 30 25 25 44 27
split_gain=31.2364 14.3548 10.1845 10.1361 6.83468 6.57861 6.34473 6.07321 5.95397 5.93475 7.15681 5.53878 5.30924 6.53668 7.38819 8.51672 6.22113 6.91388 5.43908 5.18627 5.61872 4.80174 4.71381 10.5451 5.73948 5.42424 5.03998 5.09667 4.75923 4.86691
threshold=-0.010248791202891318 -0.2103139981627464 0.027090823277831081 -1.003568930014241 0.018895236775279049 -1.0000000180025095e-35 -2.9697816916204092 0.027532018721103672 -1.9425331284228891 -3.6791016703196555 0.082499999552965178 -0.041555304080247872 0.11850000172853471 1.0006640553474428 0.82893458606761106 3440.8505859375005 0.62847313284873974 0.12533724059314771 1.0004447698593142 -1.0000000180025095e-35 0.37764449417591101 0.37606890499591833 0.10875800251960756 0.071775499731302275 0.38087600469589239 0.013366015162318947 0.0024010878987610344 0.0033512954832986002 -0.12255789599370286 0.02060323674231768
decision_type=2 2 2 2 2 2 2 2 2 2 2 2 2 2 2 2 2 2 2 2 2 2 2 2 2 2 2 2 2 2
left_child=6 3 4 5 -3 8 -1 -5 -2 -8 -11 -6 21 18 16 -16 17 -15 19 -14 -21 -13 23 25 28 26 -12 -28 -24 -30
right_child=1 2 -4 7 11 -7 9 -9 -10 10 22 12 13 14 15 -17 -18 -19 -20 20 -22 -23 24 -25 -26 -27 27 -29 29 -31
leaf_value=0.010333973251191605 -0.0057471419576857205 0.012367609901102691 -0.013474672134219687 0.0078191393663360996 -0.006606752020679031 -0.012036857985482851 0.0073732532645870768 -0.0044748679720543576 0.0082815029601208366 0.0057299228096966293 -0.0028835102348299447 -0.013016861733181478 0.0047272722323801544 -0.010501955715493486 -0.012900433406962565 0.0029331200261979973 0.0072803223360219859 0.0034326930571176545 0.011046079399912447 -0.0023195350153647517 0.0098136154445759259 0.00078702010823423823 -0.0053261276129471548 0.010950511022587539 -0.0073443438702668184 -0.0069639793696898121 0.0094798889218365833 -0.0019495418775242414 0.0045065161806371662 -0.0028183819219797695
leaf_weight=3.528398633003234 5.1628633588552484 4.9785251766443244 4.9518215805292121 69.372952774167061 9.9284524470567685 4.3001188784837714 5.3012048304080954 4.0965925455093375 6.9054478779435167 8.4959154278039914 37.447817280888557 4.7710660696029645 41.705666899681084 6.2625503689050692 9.4340247586369497 5.0889309719204894 10.915895313024519 7.861352376639843 8.1252071261405927 27.38685466349126 4.3210866153240195 4.9355694875121117 47.128139972686768 6.0852181464433661 50.601360410451889 20.656840473413467 7.8623355925083143 7.3664679527282715 12.481427460908888 32.066803902387619
leaf_count=16 29 32 22 465 49 20 22 20 42 36 161 22 233 27 49 31 55 43 45 130 28 25 194 28 213 87 35 32 55 135
internal_value=-0.0001754 0.00236626 0.000471509 0.00552876 0.000961214 -0.00152986 -0.00273693 0.00711489 0.00219991 -0.00294132 -0.0031863 0.00054212 0.001097 0.0016753 -0.00164044 -0.00730176 0.0016193 -0.00270603 0.00329639 0.00241121 -0.000608964 -0.00595953 -0.00353493 -0.00156143 -0.00462763 -0.00262678 -0.000897057 0.00390936 -0.00311086 -0.000738214
internal_weight=479.527 240.505 150.667 89.838 145.715 16.3684 239.022 73.4695 12.0683 235.494 230.192 140.737 130.808 121.102 39.5628 14.523 25.0398 14.1239 81.5388 73.4136 31.7079 9.70664 221.696 79.4187 142.278 73.3335 52.6766 15.2288 91.6764 44.5482
internal_count=2381 1367 791 576 769 91 1014 485 71 998 976 737 688 641 205 80 125 70 436 391 158 47 940 343 597 315 228 67 384 190
is_linear=0
shrinkage=0.01


Tree=118
num_leaves=31
num_cat=0
split_feature=37 37 37 26 34 37 33 34 37 38 1 27 26 29 46 30 22 29 27 26 4 39 38 34 27 28 27 34 37 27
split_gain=51.9119 9.92418 7.78107 4.30439 8.99536 4.88142 4.15332 7.94421 3.81868 4.84034 4.08576 4.63532 5.40892 5.5465 3.75198 3.69808 3.655 4.26246 3.56136 3.52156 5.15894 3.79694 4.42452 3.38039 5.468 4.45868 3.20283 5.18459 3.18396 4.33604
threshold=0.85588966133151145 0.32407000768948008 0.9605884686436067 1.0021684765815737 0.64329019188880932 0.70981885623007324 0.50351074337959301 0.64914503693580639 0.29283332771595311 -0.69996777904647267 0.61931049823760997 0.020511719398200515 1.0006545782089236 0.36550000309944158 6.4486217469719043e-08 0.0055983681231737146 3.8107069730758671 0.25149999558925634 0.020473265089094642 1.0010190010070803 -971.15264892578114 0.21717171717171721 -0.39981023934827697 0.73314717411994945 0.026555690914392475 -0.63343122601509083 0.027174988761544231 0.71048173308372509 0.27721120237880992 0.020516301505267624
decision_type=2 2 2 2 2 2 2 2 2 2 2 2 2 2 2 2 2 2 2 2 2 2 2 2 2 2 2 2 2 2
left_child=1 8 6 19 -5 -6 15 18 9 10 28 14 13 -13 -12 23 -4 -18 -8 26 21 -21 -23 24 25 -2 -3 -28 29 -1
right_child=2 3 16 4 5 -7 7 -9 -10 -11 11 12 -14 -15 -16 -17 17 -19 -20 20 -22 22 -24 -25 -26 -27 27 -29 -30 -31
leaf_value=-0.0026273074529443771 -0.0035143862502541251 -0.0003505040406364924 0.0093041179516254006 -0.016826404960862889 -0.0062361088280731324 0.0061425029124286476 0.010118628595081045 -0.012065697533902688 -0.010056736231950228 0.0047463595014063881 -0.012371634423139764 0.0090332448365017196 -0.0056731315341129072 -0.0021741197740583586 -0.00090887744250801959 0.0079498732918825074 0.0090555497127148225 -0.0055083815459364069 -0.0013214955096270704 0.013072796466347831 -0.0022753733437557862 0.0099000481843594008 -0.0028914132891910368 -0.0052396264159272959 -0.0072758542531396221 0.006885156073111306 -0.010382155269734263 0.0027905062218694936 0.0017872098872296761 -0.0079052595811140141
leaf_weight=25.225809663534164 4.7208106368780127 166.74358513951302 48.57472263276577 4.8419823050498989 7.2692873924970609 5.4779316335916519 4.5006020367145521 4.6549455970525733 10.087206959724424 6.3886698633432379 5.615389943122862 9.9833027124404961 8.063936382532118 7.5916927009820929 6.1501896381378174 20.70883584022522 3.9222500398755065 3.8553415536880493 6.3066588789224625 5.8662545680999818 10.410591796040533 4.8217750191688564 5.7533844560384706 4.5945148617029181 3.8203265517950049 25.282347559928898 8.0331152230501157 4.507952168583869 5.40986643731594 44.288216188549995
leaf_count=105 27 743 377 20 31 25 27 26 41 26 24 41 33 31 26 123 28 26 38 27 46 21 26 24 22 150 34 20 22 186
internal_value=9.0445e-05 -0.00190459 0.0054666 -0.00062561 -0.00536197 -0.000832337 0.00331828 -0.00123931 -0.00411613 -0.00359491 -0.00408201 -0.0013423 0.00101198 0.00415063 -0.00652217 0.0045271 0.00828153 0.00173101 0.00340007 -0.000214214 0.00314935 0.0066377 0.00288532 0.00264027 0.00375243 0.00520939 -0.000725035 -0.00558345 -0.00543283 -0.00601084
internal_weight=483.471 352.53 130.941 223.726 17.5892 12.7472 74.589 15.4622 128.804 118.717 112.328 37.4045 25.6389 17.575 11.7656 59.1268 56.3523 7.77759 10.8073 206.137 26.852 16.4414 10.5752 38.418 33.8235 30.0032 179.285 12.5411 74.9239 69.514
internal_count=2396 1528 868 993 76 56 437 91 535 494 468 155 105 72 50 346 431 54 65 917 120 74 47 223 199 177 797 54 313 291
is_linear=0
shrinkage=0.01


Tree=119
num_leaves=31
num_cat=0
split_feature=37 37 22 27 27 28 29 37 26 18 44 29 26 34 38 38 37 28 34 13 3 27 44 44 9 25 4 28 27 29
split_gain=49.3419 10.4267 6.83111 4.98822 6.46948 4.98531 4.47664 4.35405 4.9916 6.0751 4.8339 5.1424 4.01132 5.77561 3.69478 4.24173 4.63229 4.75407 3.42328 3.40372 5.59557 4.93929 4.8749 4.71283 4.16807 4.08587 4.79483 4.60834 4.04564 3.70068
threshold=0.85588966133151145 0.32407000768948008 2.5152984857559209 0.018895236775279049 0.025197686627507213 -0.88345015048980702 0.28049999475479132 0.98145796618351466 0.99652418494224559 0.59389400482177745 2.0915214960359401 0.11549999937415124 1.0021684765815737 0.64329019188880932 -2.8030649757936845 -1.0655159458811039 0.28841249833872767 -0.29598049819469446 0.716759353876114 -0.0059585000853985539 51.433431625366218 0.025179612450301651 -0.51494935671937536 1.2354592137312725 0.33743150532245642 0.001653716142755002 -160.8557434082031 -0.24449184536933896 0.02743610925972462 0.28049999475479132
decision_type=2 2 2 2 2 2 2 2 2 2 2 2 2 2 2 2 2 2 2 2 2 2 2 2 2 2 2 2 2 2
left_child=1 14 7 -4 -5 -3 -6 8 -2 10 11 -10 19 -14 -1 -16 17 -17 -15 21 28 -7 25 24 29 27 -27 -22 -21 -23
right_child=2 5 3 4 6 12 -8 -9 9 -11 -12 -13 13 18 15 16 -18 -19 -20 20 22 23 -24 -25 -26 26 -28 -29 -30 -31
leaf_value=0.0016122329777668479 -0.0059908583219683374 0.0088400197409976428 0.0077931873434586088 -0.0092662618802224015 -0.0064274011748714889 -0.00024249982888887621 0.0069457623453354298 0.010054869321507721 -0.0043120858007454086 0.010332658904989781 -0.0046840803754329176 0.0061338123271415246 -0.014598754288183208 0.0022597629292105403 -0.0058612698224045382 -0.0051253405108587407 -0.0089709999905257208 0.0046768282672967568 -0.0078207580221897263 0.0025880000870420992 -0.0096882655174808912 -0.0088940907496432471 -0.011609047152399648 0.001430446060529838 -0.013607415113392161 -0.0014499933999797985 0.010473788912695235 -4.7530785754915297e-05 -0.0056883855136781285 0.0020413911349052767
leaf_weight=9.5400752723216993 3.6147992834448806 5.2913088500499716 7.013773642480376 7.3905668854713467 3.5167519152164441 50.292607724666595 7.7603776305913925 25.728782072663307 5.1091011464595786 21.282152771949768 5.6035932451486579 42.713468931615353 4.8674050271511105 7.9460109174251539 86.108103960752487 7.8024431616067949 5.9417584091424933 12.997960135340689 5.5963221192359924 80.122054621577263 8.3511718809604627 6.950907185673719 5.0872655212879172 6.9258012324571601 8.0206798166036588 8.8392695486545545 5.2242057621479026 12.509856402873995 6.2149106562137595 5.2426867038011551
leaf_count=39 22 25 47 41 21 220 53 209 30 143 34 265 20 35 361 32 24 53 24 365 36 30 21 30 34 40 25 55 27 22
internal_value=3.35616e-05 -0.00191757 0.00530061 0.000635317 -0.00202793 -0.000645492 0.00266763 0.00644075 0.00522947 0.00579302 0.00395006 0.00499029 -0.000879756 -0.00534234 -0.0042713 -0.00477852 -0.00124604 0.000945159 -0.00185947 -0.000469275 0.000536186 -0.00212138 -0.00254023 -0.00555271 -0.00798977 -0.0011613 0.00295145 -0.00398246 0.00197477 -0.00413263
internal_weight=479.606 349.873 129.733 25.6815 18.6677 227.482 11.2771 104.052 78.3231 74.7083 53.4262 47.8226 222.191 18.4097 122.39 112.85 26.7422 20.8004 13.5423 203.781 126.349 77.4327 40.0118 27.1401 20.2143 34.9245 14.0635 20.861 86.337 12.1936
internal_count=2383 1518 865 162 115 1009 74 703 494 472 329 295 984 79 509 470 109 85 59 905 569 336 177 116 86 156 65 91 392 52
is_linear=0
shrinkage=0.01


Tree=120
num_leaves=31
num_cat=0
split_feature=37 37 9 46 46 46 6 10 37 27 44 27 27 21 27 10 44 16 17 46 28 30 44 44 46 28 23 44 44 0
split_gain=49.7031 14.9827 7.51169 7.00321 5.82002 5.25735 7.41441 5.90083 5.3006 4.75474 4.65189 4.70665 4.26011 6.88227 5.43605 14.7666 5.49828 5.03494 4.7748 4.48926 4.13434 5.43536 5.25157 6.4251 5.14948 5.17191 4.27524 3.90809 6.58031 8.28221
threshold=0.83739519381455718 0.46720719433613367 0.36348350346088415 7.7228506540627227e-08 3.926531045794213e-07 5.8611895453112273e-08 0.044652499258518226 -13.37386894226074 0.91983212324185881 0.026691175065934662 2.5870283100962195 0.01893170922994614 0.0258649280294776 0.49999998509883886 0.027028735727071766 -5.3872895240783683 2.2778934015583174 1.0000000180025095e-35 -0.5617450177669524 5.6169787739447356e-08 0.23081147670745852 -0.012547714635729788 -0.58913934644430144 -1.0676192928428521 3.0727868309274387e-08 -0.65672019124031056 -2.8781729936599727 -0.064417433304945274 0.87890522493409595 -0.053657501935958855
decision_type=2 2 2 2 2 2 2 2 2 2 2 2 2 2 2 2 2 2 2 2 2 2 2 2 2 2 2 2 2 2
left_child=1 12 3 5 9 6 -2 -8 -7 -4 11 -3 13 20 17 -16 -17 18 -14 -20 24 -22 23 -23 -1 -26 -24 -13 29 -29
right_child=2 10 4 -5 -6 8 7 -9 -10 -11 -12 27 14 -15 15 16 -18 -19 19 -21 21 22 26 -25 25 -27 -28 28 -30 -31
leaf_value=0.0029976734606367529 0.012494692180126369 0.0087401885088047859 0.0077355846196708539 0.0050108458549235433 -0.0054499176618849681 -0.0010783461356995206 0.0051743351803835071 -0.0101931932058594 -0.018313848181250814 -0.0011418259129017372 0.0080685101983412038 -0.0023412524395890854 -0.014401523635651588 0.0050973554058175189 0.012399445765920619 -0.0095119590351700964 0.002052035418869442 -0.013861477386988643 -0.0088230977360808632 0.0010429955304034661 -0.010264844249594039 0.00015624461973354933 0.003322114763674733 0.014263957256435452 0.00017631087068103481 -0.0073159143237498852 -0.0069141668256428477 -0.0034046115684274788 -0.00213721610614837 0.0065786970955472026
leaf_weight=6.7874365150928488 3.9191800057888058 5.4319936633110038 82.30690910667181 27.615117497742176 3.6981421113014212 3.9102519601583472 4.2187057808041573 5.6901610195636732 3.4237584620714188 6.2748364359140387 6.8345563858747473 71.062462523579597 5.1229972839355495 9.4390649646520597 5.0527574270963695 15.38786266744137 5.376861944794654 12.881312802433966 8.2228330075740832 9.9561352431774122 5.3091687411069861 9.7203794270753843 6.242021098732951 4.8476074039936092 10.823087647557257 53.136132538318634 10.949616745114325 11.45760031044483 36.685210853815079 28.718435168266296
leaf_count=28 24 26 577 166 22 20 27 29 20 38 31 314 21 39 21 64 22 54 35 41 22 40 26 20 45 221 45 52 167 133
internal_value=-8.93724e-05 -0.00216467 0.00489561 0.00168919 0.00657597 -0.00260151 0.000972471 -0.00356422 -0.00939708 0.00709488 5.18658e-05 -0.000303918 -0.00414995 -0.00300817 -0.00628485 -0.00270821 -0.00647414 -0.00879479 -0.00590394 -0.00338885 -0.00373113 -0.000988663 0.000557975 0.00498411 -0.00515054 -0.00603418 -0.00314198 -0.000648468 0.00090462 0.00370539
internal_weight=480.503 339.446 141.057 48.7772 92.2799 21.1621 13.828 9.90887 7.33401 88.5817 160.19 153.356 179.255 117.255 62.0008 25.8175 20.7647 36.1833 23.302 18.179 107.815 37.0688 31.7596 14.568 70.7467 63.9592 17.1916 147.924 76.8612 40.176
internal_count=2390 1467 923 286 637 120 80 56 40 615 723 692 744 486 258 107 86 151 97 76 447 153 131 60 294 266 71 666 352 185
is_linear=0
shrinkage=0.01


Tree=121
num_leaves=31
num_cat=0
split_feature=37 37 37 25 27 27 34 11 33 26 38 44 14 7 38 3 34 6 29 44 44 25 34 34 44 44 37 21 21 29
split_gain=43.713 10.3512 9.96616 4.7977 5.43464 4.97714 4.71387 7.78765 4.67949 4.0018 3.76355 5.34576 4.77343 6.49217 7.37262 3.96368 4.43114 3.68437 4.15313 3.98683 6.68131 3.88859 5.27664 4.75348 4.58036 11.0415 4.68408 4.52704 4.43842 4.4126
threshold=0.85588966133151145 0.32786063007132366 0.97718315352418672 0.00046278245281428104 0.020221595652401451 0.020409907214343551 0.56230545043945324 1.0000000180025095e-35 0.14969572424888614 1.0024638772010805 0.95149631109510657 2.0915214960359401 0.19225449860095981 55.548776626586921 1.0937510738704044 42.59704780578614 0.66259175539016735 0.056751500815153129 0.98550000786781322 2.7313282952328386 2.2038147186390806 0.0016879076720215382 0.72860822081565868 0.69616511464118969 -2.8018245202483523 -1.0676192928428521 0.57594199854831507 0.16405000537633899 0.039049999788403518 0.18550000339746478
decision_type=2 2 2 2 2 2 2 2 2 2 2 2 2 2 2 2 2 2 2 2 2 2 2 2 2 2 2 2 2 2
left_child=1 9 3 -2 8 -6 7 -3 -5 -1 11 -7 13 14 -12 -16 -17 18 21 20 -19 24 23 -23 -8 29 28 -25 -27 -26
right_child=2 6 -4 4 5 10 17 -9 -10 -11 12 -13 -14 -15 15 16 -18 19 -20 -21 -22 22 -24 27 25 26 -28 -29 -30 -31
leaf_value=-0.0044534045316924828 -0.0086659868480094392 -0.015067615770649969 0.0093457353762284763 -0.00042687700585399203 -0.008415570560943518 0.0074762162120883147 0.0058669262253757334 0.002277592598641711 0.010269682124483228 0.0031542723110564415 -0.011132912298250594 -0.0020738126614624893 0.0096441981266071897 -0.013646625622295136 0.0093518289281207066 0.0087470507026964125 -0.0052826470394571117 0.0016035007138232461 -0.0094964204612152745 0.0095978143349750057 -0.0088556096420502554 0.0028127737577107663 0.0091006890621561729 0.0015468880093592603 -0.019690086012323998 -0.0019437351907674401 0.0016966346310672285 -0.0091030865251085467 -0.012849096203100707 -0.0058937095278087624
leaf_weight=118.26108951866627 3.1143685877323142 5.444562688469885 38.685175321996212 5.0486562997102764 3.9979196041822425 24.968848809599876 5.6825886666774741 4.6494505554437637 17.957858890295029 7.1184087097644797 4.0991649329662421 7.405721276998519 4.4982076883316031 3.6133311092853537 7.0030211806297329 3.3215596824884397 6.4461549520492554 84.632002741098404 5.8015235662460318 5.4563304334878913 6.464855730533599 22.26413506269455 7.255573868751525 6.9616018980741492 4.9004257023334485 14.618359640240671 23.88879819214344 8.7678561210632306 5.0820868462324134 5.0571794509887695
leaf_count=493 18 23 311 30 22 153 27 20 113 29 25 47 30 20 45 22 38 385 24 25 28 99 32 31 20 61 110 37 21 21
internal_value=0.000149205 -0.00172434 0.00508165 0.00325919 0.00370013 0.00220101 -0.000396656 -0.00703609 0.00788741 -0.00401134 0.00292162 0.00526118 0.000264651 -0.00145016 0.000668808 0.00366159 -0.000370143 -6.45581e-05 -0.00131745 0.00135599 0.000841389 -0.000845073 0.0013461 -0.000128528 -0.00253536 -0.00345495 -0.0012473 -0.00434641 -0.00485816 -0.012911
internal_weight=472.467 342.307 130.16 91.4748 88.3604 65.3539 216.927 10.094 23.0065 125.379 61.356 32.3746 28.9814 24.4832 20.8699 16.7707 9.76771 206.833 110.28 96.5532 91.0969 104.479 45.2492 37.9936 59.2294 53.5468 43.5892 15.7295 19.7004 9.95761
internal_count=2360 1486 874 563 545 402 964 43 143 522 380 200 180 150 130 105 60 921 483 438 413 459 199 167 260 233 192 68 82 41
is_linear=0
shrinkage=0.01


Tree=122
num_leaves=31
num_cat=0
split_feature=37 37 13 33 44 1 37 41 3 22 3 41 33 28 29 27 23 25 46 41 46 20 46 29 18 30 44 1 44 44
split_gain=40.9494 9.44347 6.82845 6.22692 8.16442 11.4287 6.12767 6.4328 5.83933 5.4082 5.02442 4.88195 9.6585 4.75201 5.19046 4.92556 4.72244 4.76664 4.44045 4.39915 4.38824 8.89801 5.30306 4.06323 5.87002 5.56718 5.11221 5.33385 4.74404 10.015
threshold=0.83739519381455718 0.46720719433613367 0.21479249745607379 0.07267335802316667 1.1084365797966418 0.10875800251960756 0.96218455027683458 0.72673895955085765 45.163158416748054 5.6817860603332528 31.198238372802738 0.70601579546928417 0.51452931761741649 -0.29598049819469446 0.25349999964237219 0.02696425095200539 -23.321354866027828 0.00056825880892574798 5.5024937938931159e-08 0.66725406050682079 8.6471082586790055e-08 1.4168825149536135 3.926531045794213e-07 0.17650000005960467 0.033986000344157226 -0.0037020703312009569 1.5635983061108172 -0.49166901409626002 -0.064417433304945274 -0.38640183741091499
decision_type=2 2 2 2 2 2 2 2 2 2 2 2 2 2 2 2 2 2 2 2 2 2 2 2 2 2 2 2 2 2
left_child=1 2 3 -1 5 -5 7 20 -9 -8 -3 12 18 -6 -15 -16 -12 -18 -4 -20 21 -2 -22 25 -25 -19 27 -26 29 -29
right_child=6 10 11 4 13 -7 9 8 -10 -11 16 -13 -14 14 15 -17 17 23 19 -21 22 -23 -24 24 26 -27 -28 28 -30 -31
leaf_value=0.004007234291333709 0.0030030670612647822 0.0073578125686230601 -0.0080940004806380923 0.0050912530877457911 -0.013845583504177212 -0.0034322492746784632 0.0080440715062066945 0.0009746999561035017 -0.014070124923447631 -0.0045195868401309205 -0.009112308966254333 -0.011340549826380478 -0.012273151624971515 -0.012806948471875759 -0.0075639207222132519 0.0048089621110100041 -0.0058773561795095724 -0.0053794814072613108 0.0081903352278839339 -0.0024717079057185024 0.0070430746181980508 -0.013586428106485754 -0.0056714633020897142 0.0081130649329322069 0.0085944776939523692 0.0067756073226358637 -0.0086845857018240796 -0.0010635267679230853 0.0014787653490646211 -0.013405998478938757
leaf_weight=14.128965586423872 28.817634120583534 8.5425107181072217 5.3933491557836595 20.119524300098419 8.8375948369503039 69.990319445729256 51.4273546859622 7.3811764866113645 3.7706394195556641 3.5033139884471884 5.9854529350996009 15.369530111551283 10.143919929862021 5.4639638066291836 6.0979925543069822 6.5305503159761429 13.02548263967037 4.5727320164442089 6.9881138652563086 8.2447040975093824 40.534751996397972 3.5302502512931815 3.4068958759307852 7.5469679534435263 6.1647206395864478 18.203941464424133 7.824447199702262 41.398086324334137 42.863835319876678 7.777002900838851
leaf_count=58 167 41 23 83 37 289 407 41 19 24 25 64 43 23 25 27 56 20 29 35 247 18 17 35 32 85 34 183 197 32
internal_value=8.43556e-05 -0.00179324 -0.00339216 -0.00221381 -0.00297613 -0.00151452 0.00458939 0.0029204 -0.0041032 0.00721787 -5.64642e-05 -0.00670838 -0.004333 -0.00780606 -0.0047411 -0.0010995 -0.000475036 -0.000116391 -0.000339417 0.00237584 0.00396421 0.00112548 0.00602394 0.000430521 -0.000335502 0.00427874 -0.000953362 -0.000318991 -0.000935544 -0.00305902
internal_weight=483.586 341.214 177.309 131.169 117.04 90.1098 142.372 87.4413 11.1518 54.9307 163.905 46.1396 30.7701 26.9301 18.0925 12.6285 155.363 149.377 20.6262 15.2328 76.2895 32.3479 43.9416 136.352 113.575 22.7767 106.028 98.2036 92.0389 49.1751
internal_count=2416 1476 736 542 484 372 940 509 60 431 740 194 130 112 75 52 699 674 87 64 449 185 264 618 513 105 478 444 412 215
is_linear=0
shrinkage=0.01


Tree=123
num_leaves=31
num_cat=0
split_feature=37 37 3 46 28 4 18 29 33 28 0 30 4 38 27 30 33 10 27 21 25 23 27 37 10 6 13 25 22 27
split_gain=47.6328 10.7544 6.93136 6.88249 7.7801 6.60746 5.78252 5.49473 5.04003 6.01948 5.12925 5.46166 4.96154 4.68846 4.63616 4.60074 4.79383 4.57841 6.57643 4.81159 4.99558 5.81095 5.87521 6.32866 4.81476 4.41077 4.8874 5.20914 5.83847 5.77671
threshold=0.6648651960074049 0.96218455027683458 65.956329345703139 9.1090221299407934e-08 0.73322546482086193 -124.2227439880371 0.1359445005655289 1.6954999566078188 0.024383860640227798 -0.0076141294557601205 2.0754505395889287 -0.016180164180696007 -556.78210449218739 1.2447509854617111 0.026180064305663112 0.0094740763306617754 0.50032487511634838 -13.37386894226074 0.027154953218996528 0.63280001282691967 0.0025067973183467989 5.0723111629486093 0.020720632746815685 0.77891726202571587 0.59668749570846569 0.047767000272870071 0.182268001139164 0.00071395587292499851 -4.1956741809844962 0.026543287560343746
decision_type=2 2 2 2 2 2 2 2 2 2 2 2 2 2 2 2 2 2 2 2 2 2 2 2 2 2 2 2 2 2
left_child=2 7 3 5 6 25 -5 13 -8 10 12 -12 14 17 -10 -3 -17 -2 19 20 -19 22 23 -22 -25 -1 27 -27 -29 -30
right_child=1 15 -4 4 -6 -7 8 -9 9 -11 11 -13 -14 -15 -16 16 -18 18 -20 -21 21 -23 -24 24 -26 26 -28 28 29 -31
leaf_value=-0.0025382350604371555 0.0056130742115560088 0.0089953329843573075 -0.010925394722203382 -0.0057440814664355853 -0.0092147749896061594 0.0001352651872589536 -0.0055938014478728306 -0.0095164287366796933 0.014145455456208029 0.0057726476540321025 0.003567546827470465 -0.0090148949219474566 -0.0030295614555483513 0.0075338089726946491 0.0013177021547607776 0.0052909912567271223 -0.0094960392441912483 0.0020958849460249716 -0.0075538646496381154 0.0056541152613422555 0.0035176214024191638 -0.012810652871907137 0.0054373837640746235 -0.018783953961485602 -0.0027266719909197416 -0.014810909602220604 -0.011765373559203153 -0.009553767854934829 0.0013204494328374497 -0.0073241537997320192
leaf_weight=41.413076817989349 27.689842745661736 40.3576300740242 10.430620372295378 12.760297760367392 9.1655700504779798 29.687792107462883 8.5946349352598173 3.7843105494976035 5.1685944199562019 29.897647589445121 5.0418610423803321 9.9722387343645078 7.8319027274847022 16.556316703557968 6.5205527693033218 9.4432020485401136 2.7200335189700118 70.090631008148193 8.0534725636243802 24.59560289978981 4.9950965195894295 4.8196821808814994 8.9082000702619535 3.7333475947380066 4.0497257560491562 5.1078893244266501 15.260130017995833 13.959968522191046 21.043573886156082 11.976058334112166
leaf_count=175 158 320 44 54 38 124 36 17 23 128 21 41 33 96 28 74 21 359 37 131 22 22 45 18 22 22 65 58 90 50
internal_value=0.000119919 0.00338788 -0.00295596 -0.002591 -0.000504526 -0.00401336 0.00042408 0.00219995 0.00152192 0.00249377 -0.000324409 -0.00472779 0.00301821 0.00246661 0.00714645 0.00736673 0.00185219 0.00192121 0.0011188 0.00170911 0.00068948 -0.00298583 -0.000707631 -0.00507819 -0.0106964 -0.00515406 -0.0067416 -0.00523089 -0.00413881 -0.00179736
internal_weight=473.63 229.797 243.832 233.402 94.9533 138.448 85.7877 177.276 73.0274 64.4328 34.5351 15.0141 19.521 173.492 11.6891 52.5209 12.1632 156.936 129.246 121.192 96.5967 26.5061 21.6864 12.7782 7.78307 108.761 67.3476 52.0875 46.9796 33.0196
internal_count=2372 1342 1030 986 402 584 364 927 310 274 146 62 84 910 51 415 95 814 656 619 488 129 107 62 40 460 285 220 198 140
is_linear=0
shrinkage=0.01


Tree=124
num_leaves=31
num_cat=0
split_feature=37 37 38 3 10 39 9 22 37 2 27 1 34 38 37 14 4 34 26 27 34 26 26 38 39 26 33 39 33 39
split_gain=47.616 11.521 6.88337 6.62809 5.26624 5.2196 5.67685 4.852 4.59361 5.263 4.47916 5.95914 4.58981 4.11018 4.38744 4.10954 3.92561 6.31432 7.56 7.05263 6.13869 4.69783 4.02071 3.78976 3.78843 4.10768 4.34999 3.57796 3.5604 3.52297
threshold=0.90160011258851724 0.48303648310948094 1.1566280586262259 29.812106132507328 -20.436865806579586 0.68826192964124011 0.3291774988174439 2.5152984857559209 0.86579596107928691 3440.8505859375005 0.020788053981959823 -0.12936449795961377 0.70554944872856151 -0.13471367749037585 0.550629438723235 -0.14191749691963193 -160.8557434082031 0.71048173308372509 1.0007060170173647 0.026918298564851287 0.70930787920951854 1.0000560879707339 0.99964031577110302 -0.038453664400120373 0.065656565656565677 1.000194311141968 0.34884758293628698 0.35323826500297095 0.44404016435146337 0.025252525252525259
decision_type=2 2 2 2 2 2 2 2 2 2 2 2 2 2 2 2 2 2 2 2 2 2 2 2 2 2 2 2 2 2
left_child=1 29 3 -3 -2 6 8 -6 9 13 -7 -12 -13 -5 -15 -9 17 19 -19 28 22 -22 -18 -24 25 26 -16 -17 -8 -1
right_child=4 2 -4 5 7 10 16 15 -10 -11 11 12 -14 14 24 27 20 18 -20 -21 21 -23 23 -25 -26 -27 -28 -29 -30 -31
leaf_value=-0.0017042675591427937 -0.0052379477636086006 0.011035113980232361 0.0073378298998473014 -0.01028689623959101 0.0075515803969740869 -0.010884733872972473 0.0099476286241205712 -0.0034550202116118917 -0.012134593717773801 0.0036790567321257593 0.0061643643176291871 -0.010134715767533357 0.0017565169440426401 0.0070539660368317911 -0.013473297992184012 0.00057190906851492551 0.0019229609813127485 0.0033797931302735492 -0.0091514022308229366 -0.003075809124366639 -0.00016620907108185577 0.013459599195858192 -0.013703288574955523 -0.0030594159144622206 0.0044710102273808339 -0.00043064358339502709 -0.00099004464564437134 0.011517068321545041 0.0027625105848772865 -0.0045908435199093923
leaf_weight=73.587904721498489 3.831979274749755 4.8432979732751837 12.253829553723333 7.1261010468006125 81.820882365107536 8.1590766012668627 20.826629608869556 8.0245459973812121 4.4081961810588828 13.900977149605749 5.9880350977182433 8.5212188661098427 4.9590140730142602 4.5609106123447409 7.8334434777498299 6.7648734599351865 6.8794014751911226 12.313055515289308 7.7191980034112921 7.6463593095540991 6.3195034563541395 3.9662515372037888 5.5569971948862102 9.1922203004360146 4.8593996763229361 10.703157022595404 4.6126053631305695 5.5725482925772667 11.096687763929365 104.5238793939352
leaf_count=305 24 26 64 30 594 35 103 51 21 66 30 38 22 20 33 44 32 58 34 36 29 20 23 44 23 47 20 42 54 437
internal_value=0.000112429 -0.00156912 0.000110456 -0.000374447 0.00602388 -0.00069808 3.42387e-05 0.0064607 -0.00240402 -0.00156397 -0.00468333 -0.0019909 -0.00570589 -0.00342978 -0.00187197 0.00201284 0.00159151 0.00310998 -0.00142076 0.00542669 -0.00121395 0.00507071 -0.00425831 -0.00720228 -0.00338096 -0.00508437 -0.00897138 0.00564886 0.0074977 -0.00340547
internal_weight=478.372 372.357 194.246 181.992 106.015 177.148 149.521 102.183 58.0048 53.5966 27.6273 19.4683 13.4802 39.6956 32.5695 20.362 91.5163 59.6019 20.0323 39.5697 31.9144 10.2858 21.6286 14.7492 28.0086 23.1492 12.446 12.3374 31.9233 178.112
internal_count=2405 1650 908 844 755 818 693 731 260 239 125 90 60 173 143 137 433 285 92 193 148 49 99 67 123 100 53 86 157 742
is_linear=0
shrinkage=0.01


Tree=125
num_leaves=31
num_cat=0
split_feature=37 37 37 46 27 39 4 27 41 26 29 38 1 37 29 38 39 37 38 10 29 10 10 39 26 28 27 4 28 28
split_gain=49.0473 8.03475 5.22677 4.96992 4.82354 5.77033 5.39165 6.46095 5.69537 4.71285 5.01813 4.5378 8.585 4.83547 4.4939 4.47115 9.31028 4.12048 3.93028 6.01204 5.24712 3.77552 4.77637 5.38007 4.79337 5.22253 3.75966 4.40467 3.73757 4.5302
threshold=0.85588966133151145 0.32407000768948008 0.95952951257432106 3.5572451807916884e-08 0.019197205081582073 0.54040404040404055 -609.46182250976551 0.026140493340790275 0.57540893554687511 1.0024638772010805 0.11950000002980234 0.44555680386977725 0.41913549602031713 0.75357846301069598 0.14250000566244128 -0.85260224957851027 0.60303030303030314 0.6597185843718999 -1.8436286080767224 1.5908929705619814 0.58449998497962963 -11.161098003387449 -3.6757088899612422 0.59090909090909094 0.99987548589706432 0.11270151659846307 0.020511719398200515 -431.68226623535151 0.36099931597709661 -0.51386588811874379
decision_type=2 2 2 2 2 2 2 2 2 2 2 2 2 2 2 2 2 2 2 2 2 2 2 2 2 2 2 2 2 2
left_child=1 9 3 -2 5 -3 7 8 -6 10 26 17 -13 -14 -12 -9 -17 -8 -16 20 28 -10 23 -23 -24 -26 27 -1 29 -20
right_child=2 4 -4 -5 6 -7 11 15 21 -11 14 12 13 -15 18 16 -18 -19 19 -21 -22 22 24 -25 25 -27 -28 -29 -30 -31
leaf_value=-0.0099487403340017908 -0.0074050431505110204 0.0098590920459790607 0.0077525768528008444 0.0042300256622577687 -0.008828938835775518 -0.0026746275077525355 -0.0040126185750720671 0.0027701518585397105 0.0077943725198408188 0.004336854835094237 -0.012326025374945156 0.0084502397873855526 0.00092677622702108426 -0.011935319929769093 -0.0076601726525656142 -0.0023331377766493285 -0.015461784573484825 -0.012333762604865288 -0.0055968108737216886 -0.0079847082807889252 -0.010442619582246182 0.0005266474572484085 0.0072626072173636227 -0.009260371050935072 -0.0083708600520309689 0.0029941466972567368 0.0067634923798408535 0.0034285866833265784 -0.0045646704501082882 0.0040378324241718763
leaf_weight=4.6912510544061652 3.7371358275413504 8.8559582382440549 55.093871429562569 66.366041421890259 4.915240839123725 5.9954676479101172 29.943229168653488 11.440603256225584 10.251430630683897 6.3704094588756552 8.2006497979164106 7.5396592617034939 5.857040807604788 5.4607130885124207 28.437564864754677 40.054108545184135 6.2185746282339087 7.6555996984243384 6.0348218530416444 18.375946402549744 5.3345373272895804 27.800910368561745 19.208745419979095 6.8893316239118567 5.0526455044746426 18.516244918107986 6.3358147740364066 4.8385823816061011 12.384424209594725 22.868444964289672
leaf_count=20 20 43 437 400 21 26 124 48 53 26 35 38 26 23 120 179 27 34 25 78 22 121 87 29 22 84 26 20 51 94
internal_value=7.01175e-05 -0.00187086 0.00543216 0.00358586 -0.000724687 0.00474834 -0.00112467 -0.000127612 0.0015012 -0.00391149 -0.00437049 -0.0037573 0.000195644 -0.00524167 -0.00518765 -0.00275736 -0.0041486 -0.00576166 -0.00453793 -0.00314688 -0.00120565 0.00210082 0.00132542 -0.0014093 0.00356455 0.00049042 0.000801347 -0.00308775 0 0.00197934
internal_weight=470.725 345.528 125.197 70.1032 221.656 14.8514 206.804 150.348 92.6345 123.872 117.502 56.4562 18.8574 11.3178 101.636 57.7133 46.2727 37.5988 93.4357 64.9982 46.6222 87.7193 77.4679 34.6902 42.7776 23.5689 15.8656 9.52983 41.2877 28.9033
internal_count=2359 1502 857 420 985 69 916 671 417 517 491 245 87 49 425 254 206 158 390 270 192 396 343 150 193 106 66 40 170 119
is_linear=0
shrinkage=0.01


Tree=126
num_leaves=31
num_cat=0
split_feature=38 46 33 3 3 1 13 38 38 7 8 1 29 29 0 30 1 29 27 18 0 33 1 38 33 18 39 22 23 33
split_gain=24.5356 7.55852 6.84514 6.83874 5.7252 5.68881 9.53727 5.65815 6.07638 5.63282 7.97117 5.17802 5.14871 5.39365 4.79121 4.78224 4.58566 6.85101 6.11878 10.2473 5.35788 4.45215 5.37279 4.51173 4.98756 5.59785 5.17716 6.21893 7.77416 5.25951
threshold=-0.010248791202891318 3.2831635898235037e-07 0.18200140446424487 55.181695938110359 61.973087310791023 -0.30239449441432947 0.034321000799536712 -4.8696769812620992 -1.5274733938292093 24.825585365295414 -2.9440950155258174 0.10875800251960756 1.4010000228881838 1.6954999566078188 0.071775499731302275 0.024429746903479103 0.29185500741004949 0.2034999951720238 0.020511719398200515 0.50806450843811046 2.0754505395889287 0.24441550672054294 -0.45518499612808222 1.3905236384989719 0.33000235259532934 0.57603701949119579 0.92893217893217905 -0.56008300185203541 -2.3162674903869624 0.5344928801059724
decision_type=2 2 2 2 2 2 2 2 2 2 2 2 2 2 2 2 2 2 2 2 2 2 2 2 2 2 2 2 2 2
left_child=7 2 3 5 -5 -2 -7 -1 9 -9 -11 14 -3 -14 15 -10 -13 18 -18 -20 -19 -4 -23 24 25 -24 27 -26 29 -29
right_child=1 12 21 4 -6 6 -8 8 11 10 -12 16 13 -15 -16 -17 17 20 19 -21 -22 22 23 -25 26 -27 -28 28 -30 -31
leaf_value=0.0097684647425213666 0.0062045155230368689 -0.010759802133103883 0.0078892609796857773 -0.014304552103525842 -0.0005224836145908549 -0.0062939437386946538 0.0035256610260515965 0.00027207969980765231 0.0016251611465843087 -0.0018639582163301877 -0.0096395424577500957 -0.0066543668872937238 0.0092948190402914709 -0.0070320488207561071 0.009340084391283518 -0.0057708688765359751 -0.0096932877493796192 0.0046364787910475108 -0.0070897364714158232 0.010968634463836755 -0.0016672724438038353 0.0072679326485576594 0.0013256007324440214 0.0095968335903781465 0.0072422251458741206 -0.009623551050029145 -0.0077905751999053198 -0.000335960569265808 0.0038993258345746224 -0.01442759420928915
leaf_weight=3.8174289613962165 19.535245962440968 6.8620296195149404 26.128232397139072 5.1441407352685911 7.4820134937763214 16.195875205099583 25.021939389407635 16.641335934400558 42.702542848885059 23.577955931425095 31.0811597853899 21.910871744155884 3.8903434723615646 3.9758626669645309 6.1949966549873343 10.880390301346777 15.876746788620951 19.754171788692474 8.5120260715484601 4.84059253334999 41.749671220779419 26.547050274908543 11.532700009644033 7.4152102768421164 25.989678055047989 7.5821979343891135 4.1936682090163222 6.7854880318045563 25.344866544008259 4.4152583554387093
leaf_count=16 127 35 160 23 36 81 131 70 187 98 134 91 20 21 29 46 67 86 37 20 175 193 66 49 153 39 26 35 135 23
internal_value=8.10042e-05 0.00240382 0.00287274 0.000365501 -0.00628443 0.00177203 -0.000314486 -0.0021112 -0.0023053 -0.004764 -0.00631323 -0.0012806 -0.00448349 0.000932421 0.00108538 9.67651e-05 -0.0025449 -0.00153528 -0.00551436 -0.000436007 0.000345411 0.00412547 0.0032904 0.00214087 0.00147477 -0.00299297 0.00277211 0.00350773 0.00081211 -0.00605779
internal_weight=481.582 234.042 219.314 73.3792 12.6262 60.7531 41.2178 247.54 243.722 71.3005 54.6591 172.422 14.7282 7.86621 59.7779 53.5829 112.644 90.7332 29.2294 13.3526 61.5038 145.934 119.806 93.2591 85.8439 19.1149 66.729 62.5353 36.5456 11.2007
internal_count=2409 1353 1277 398 59 339 212 1056 1040 302 232 738 76 41 262 233 476 385 124 57 261 879 719 526 477 105 372 346 193 58
is_linear=0
shrinkage=0.01


Tree=127
num_leaves=31
num_cat=0
split_feature=37 37 37 34 26 13 27 7 33 34 2 27 27 13 28 13 37 33 37 10 46 10 26 9 27 46 23 37 37 46
split_gain=41.1532 13.2273 7.27999 4.46726 4.301 3.62096 4.54036 5.94892 3.80513 5.3231 3.52036 6.2579 4.13778 3.76085 4.79986 3.559 3.6955 3.48291 3.43115 3.31262 4.14776 7.27261 4.05691 3.97546 3.53263 4.37085 3.49128 6.16362 5.67821 4.21338
threshold=0.85588966133151145 0.32407000768948008 0.9761275923501338 0.73889616131782543 1.0026043057441714 0.21479249745607379 0.025814576074481014 55.548776626586921 0.15876275300979617 0.66860291361808788 2392.182006835938 0.020237275399267677 0.02039913181215525 0.13647849857807162 -0.63998839259147633 0.32357950508594518 0.94881935221442948 0.77173560857772838 0.89951397230679164 -13.37386894226074 7.6773624862244993e-08 -15.651906967163084 0.99777844548225414 0.40218150615692144 0.027174988761544231 1.252922977198082e-07 -3.0434554815292354 0.39170113449735361 0.44862021092944265 7.4780127609573278e-08
decision_type=2 2 2 2 2 2 2 2 2 2 2 2 2 2 2 2 2 2 2 2 2 2 2 2 2 2 2 2 2 2
left_child=1 4 3 10 5 6 8 -8 -1 17 -2 -12 -13 14 -14 -15 18 -10 -17 20 -3 -22 23 -21 26 -26 27 -24 -29 -30
right_child=2 19 -4 -5 -6 -7 7 -9 9 -11 11 12 13 15 -16 16 -18 -19 -20 22 21 -23 24 -25 25 -27 -28 28 29 -31
leaf_value=0.0025356855430215619 -0.0051513358082223961 0.009156778126785314 0.0088933196914102435 -0.0060770786633694476 0.0048703020960187502 -0.0073950954269213741 -0.0086132983657318182 0 0.0050173975038541657 -0.0068069342037716434 0.0094026162788744989 -0.0078694280270460767 -0.0050058958753473907 -0.0046948569779427544 0.0065060764293024013 0.0063879188900069356 0.011641799974891459 -0.0052458463926758972 -0.0077035808086433049 0.0091755380453278548 -0.0052554804420637665 0.0086722265698397187 0.0094170815557483509 -0.0022246178134704094 -0.012723863002465243 -0.0008221520382447543 -0.0014792931730453474 -0.0094556681490730529 -0.0015505050254981916 0.0045041096932136575
leaf_weight=16.168139547109604 3.7605158239603034 8.2068435996770877 36.808472834527493 4.3925846070051184 4.9034571945667258 32.480539232492447 26.509656667709351 11.176605358719824 8.9984204620122892 18.925889223814011 19.987240396440029 3.2165511250495902 3.8639771789312354 8.8703489601612109 35.103860095143318 3.3616205453872663 3.7819575071334839 5.0381851196289054 3.3285014778375626 8.0632652789354307 9.1691392958164197 6.1857494413852683 8.3136274814605695 4.6467549949884406 5.3646384179592115 7.5753583312034607 118.91524358093739 5.3647112846374503 23.782868936657906 21.804946899414062
leaf_count=66 22 41 304 23 20 139 112 46 37 79 129 18 24 50 227 20 26 21 20 36 42 32 35 20 23 32 521 22 108 101
internal_value=0.000242329 -0.00151531 0.00513368 0.00357101 -0.0041385 -0.00452093 -0.00342686 -0.00604163 -0.00139265 -0.00335158 0.00408625 0.00453045 0.00291879 0.00354347 0.00532908 -1.13525e-05 0.00386809 0.0012518 -0.00048588 -7.69462e-05 0.00345966 0.00031043 -0.000492157 0.00494477 -0.000861352 -0.00589276 -0.000487248 0.00148555 0.000155904 0.00132709
internal_weight=478.07 351.594 126.476 89.6672 124.201 119.297 86.8169 37.6863 49.1306 32.9625 85.2746 81.5141 61.5268 58.3103 38.9678 19.3424 10.4721 14.0366 6.69012 227.393 23.5617 15.3549 203.831 12.71 191.121 12.94 178.181 59.2662 50.9525 45.5878
internal_count=2396 1533 863 559 520 500 361 158 203 137 536 514 385 367 251 116 66 58 40 1013 115 74 898 56 842 55 787 266 231 209
is_linear=0
shrinkage=0.01


Tree=128
num_leaves=31
num_cat=0
split_feature=37 37 30 9 29 37 4 38 1 23 28 33 13 29 46 39 39 9 34 46 28 38 28 0 4 33 38 13 33 13
split_gain=39.7929 16.6031 6.11907 6.66457 5.06295 5.3769 5.44384 4.95523 4.98287 4.7416 7.34178 5.07677 4.70295 4.66715 6.43722 4.21163 4.90768 5.34995 5.28899 5.82207 4.66486 4.3868 8.3279 4.4349 4.04471 4.03956 4.40647 6.22119 4.80265 4.24876
threshold=0.90160011258851724 0.46720719433613367 0.051621794700622566 0.37037900090217596 1.2680000066757204 0.9761275923501338 -3198.515014648437 1.2564111454592879 -0.60978150367736805 -2.3162674903869624 -0.29218599200248713 0.39557792246341711 0.15168099850416186 0.088500000536441817 4.2656842427058049e-08 0.72821969696969713 0.055555555555555559 0.42229700088500982 0.71642825007438671 1.0172974912052342e-07 0.45854911208152777 0.51892094843232961 0.56146901845932018 -0.87630999088287342 -609.46182250976551 0.27630662918090826 -0.91153677647738973 0.34870199859142309 0.23835386335849765 0.21479249745607379
decision_type=2 2 2 2 2 2 2 2 2 2 2 2 2 2 2 2 2 2 2 2 2 2 2 2 2 2 2 2 2 2
left_child=1 13 12 -4 5 6 -2 8 -8 10 -10 -12 15 -1 -15 16 21 18 -18 -20 -17 22 -3 -23 -14 26 27 28 -16 -28
right_child=4 2 3 -5 -6 -7 7 -9 9 -11 11 -13 24 14 25 20 17 -19 19 -21 -22 23 -24 -25 -26 -27 29 -29 -30 -31
leaf_value=0.0036900163628495837 0.0087526676584467437 -0.0017204169369773575 -0.014063307106386456 5.8148642051047588e-05 -0.0046559732611444957 0.0089222659136241819 -0.0094858704164158258 0.0087704948814196233 -0.014581760150545631 0.0054402696617667423 0.0072950124458871406 -0.0077578409110157379 0.0057179400201393116 -0.010277100478860202 -0.0031940834781979377 -0.0012860341005249529 0.0063229893666253154 -0.0056152780146312151 -0.0084864457442989892 0.0064124115941595027 -0.011808303778490572 0.003804714698433131 0.010630141066989325 -0.007952552566525448 0.00047187762717806149 -0.0050927882977873156 -0.0014353504804507425 -0.011921278080662748 0.0071312968121492485 0.0070437333188807637
leaf_weight=7.8625678271055213 17.35453537106514 28.115245267748833 5.7733045518398267 7.4291716367006302 4.553225725889205 37.58064766228199 4.3909548297524408 8.6541643068194372 3.5989065915346155 16.213254258036621 6.2426884099841082 3.3268634527921677 31.03107225894928 15.407982274889944 43.232818230986595 15.816842198371889 31.388055935502052 6.1228650212287894 5.8031439334154111 4.5708329081535339 5.7994425296783438 3.9257076680660274 6.6567954570054999 14.409002885222433 28.72605337202549 79.132900267839432 16.541868671774868 7.4808446764945975 4.8831022232770911 8.9691824316978437
leaf_count=32 117 126 25 34 29 314 27 57 23 109 41 20 152 66 179 72 154 28 27 21 26 20 31 64 136 332 68 32 20 37
internal_value=-9.19594e-05 -0.00158559 0.000437183 -0.00610114 0.00544997 0.00593713 0.00403211 0.00206163 0.00029216 0.00181458 -0.00258143 0.00193235 0.000919096 -0.00374576 -0.00408621 -0.000194813 0.000655117 0.00298032 0.00427483 -0.0018279 -0.00419648 -0.00142432 0.000639013 -0.00537394 0.0032178 -0.00347864 -0.00188716 -0.00346961 -0.00211284 0.00152255
internal_weight=480.994 379.079 195.568 13.2025 101.915 97.362 59.7814 42.4268 33.7727 29.3817 13.1685 9.56955 182.365 183.511 175.649 122.608 100.992 47.8849 41.762 10.374 21.6163 53.1068 34.772 18.3347 59.7571 160.241 81.1078 55.5968 48.1159 25.5111
internal_count=2419 1682 916 59 737 708 394 277 220 193 84 61 857 766 734 569 471 230 202 48 98 241 157 84 288 668 336 231 199 105
is_linear=0
shrinkage=0.01


Tree=129
num_leaves=31
num_cat=0
split_feature=37 44 37 38 38 7 18 6 14 38 6 18 44 44 6 37 22 37 41 38 37 22 27 44 1 41 13 25 6 27
split_gain=39.966 9.26365 9.24279 4.25161 5.79782 5.35633 4.75255 8.08153 5.32606 6.05574 5.17045 4.21421 5.40414 4.20958 4.63603 4.16183 3.97886 3.92279 4.01284 4.349 3.53959 4.52921 4.05602 5.95387 5.50749 5.97078 6.79932 12.4104 5.28896 4.05134
threshold=0.67274043001872974 -2.9697816916204092 0.9605884686436067 -3.330004926002434 -1.5274733938292093 23.677868843078617 0.52592149376869213 0.052039500325918205 -0.32357950508594507 -1.2027480408642093 0.049659000709652908 0.22004599869251254 -0.18413523507376342 -1.5521823723640245 0.20185900479555133 0.43467481639369016 -5.1134955883026114 0.1187286690518255 0.72619628906250011 -1.2918965631556121 0.95648319474691723 -9.3828349113464338 0.020135098136961464 -1.9425331284228891 -0.42164298892021174 0.57082179188728344 -0.056528497487306588 0.0012626748648472132 0.056256501004099853 0.026096746325492862
decision_type=2 2 2 2 2 2 2 2 2 2 2 2 2 2 2 2 2 2 2 2 2 2 2 2 2 2 2 2 2 2
left_child=1 -1 20 -3 5 -5 7 10 -9 -10 11 12 -6 -4 -15 -14 -7 -8 19 -19 21 -2 -23 -24 -25 -26 27 -27 -29 -30
right_child=2 3 13 4 6 16 17 8 9 -11 -12 -13 15 14 -16 -17 -18 18 -20 -21 -22 22 23 24 25 26 -28 28 29 -31
leaf_value=0.010962902497402529 0.010665040478062384 0.0043489982960619022 -0.0019625450232238946 0.00071554860139897965 0.004693371064408763 -0.0011988273968084509 -0.00960136136744511 -0.0054240367279990423 0.013268060411280109 0.0021832513237159813 -0.0094758149554783049 0.0051418469882590998 -0.010950849294962001 0.0084591282178489227 -0.0023735762502843107 -0.00081341993038586266 -0.0082593290435021959 0.0033996326190616293 0.0024856969339769391 -0.0047793164182929415 -0.0064831793254912107 0.0049398252985477474 -0.011664039157975179 0.0067295230104460618 -0.0092250389595207906 -0.018144039857921603 0.0029331891107769411 -0.010199607547186403 0.0054895405887381513 -0.0036354337180264386
leaf_weight=4.820397585630416 6.1481001228094092 7.7246146500110617 4.8710952252149573 10.67989146709442 5.6558531671762493 10.222744077444075 10.250126913189886 7.0810187458991996 5.81169269979 32.506396040320396 11.161358430981634 7.1310535073280326 9.21901778876782 47.331683628261089 4.1143888533115378 7.5945759266614905 43.755161896348 7.0652248114347378 11.22585381567478 60.461502447724349 4.596685215830802 34.935833796858788 3.4550584107637397 16.847547426819801 5.7619961500167838 4.3898330032825497 66.385054379701614 4.1603035181760815 12.813738644123079 7.5933162569999686
leaf_count=23 39 32 34 45 24 43 45 30 24 141 46 31 38 391 31 33 186 29 47 251 28 189 16 97 29 20 343 20 68 35
internal_value=0.000136363 -0.00258791 0.00321807 -0.00286014 -0.00309823 -0.00566535 -0.00214224 -0.000453864 0.00243246 0.00392067 -0.0036911 -0.00145165 -0.00360203 0.00672617 0.00757046 -0.00646285 -0.00694534 -0.00376314 -0.00297937 -0.00390502 0.00202636 0.00227707 0.00193422 0.00105775 0.00144843 0.000552753 0.0011632 -0.00285627 -2.15456e-05 0.00204427
internal_weight=475.771 252.366 223.405 247.546 239.821 64.6578 175.164 86.161 45.3991 38.3181 40.7619 29.6005 22.4694 56.3172 51.4461 16.8136 53.9779 89.0027 78.7526 67.5267 167.087 162.491 156.343 121.407 117.952 101.104 95.3422 28.9572 24.5674 20.4071
internal_count=2408 1068 1340 1045 1013 274 739 367 195 165 172 126 95 456 422 71 229 372 327 280 884 856 817 628 612 515 486 143 123 103
is_linear=0
shrinkage=0.01


Tree=130
num_leaves=31
num_cat=0
split_feature=37 37 29 33 26 23 0 41 30 25 46 25 29 46 8 29 37 37 23 37 37 18 0 29 23 21 27 28 26 28
split_gain=30.8143 13.4041 6.01888 5.24252 4.93464 4.71285 4.37141 3.97577 4.39893 5.39458 7.03222 5.35619 5.61676 5.4981 4.29545 4.90336 3.75385 5.47402 4.21835 5.76928 4.85632 4.5044 4.09162 5.36812 4.67987 4.26456 4.03104 5.34391 3.74209 3.71393
threshold=0.46720719433613367 0.9605884686436067 0.11549999937415124 0.23316392302513125 1.002983093261719 11.951144695281984 0.37716600298881536 0.5505320429801942 -0.017184123396873471 0.0063351420685648927 3.4207843386355616e-07 0.0018424842273816468 0.40850000083446508 6.2319845681199962e-08 -1.7745659947395322 0.75750002264976513 0.2375684916372196 0.25926049318098504 -4.7838590145111075 0.39170113449735361 0.32407000768948008 0.57603701949119579 2.0754505395889287 0.36050000786781317 8.2609491348266619 0.71095001697540294 0.0258649280294776 -0.52636176347732533 1.0003080964088442 0.5987958312034608
decision_type=2 2 2 2 2 2 2 2 2 2 2 2 2 2 2 2 2 2 2 2 2 2 2 2 2 2 2 2 2 2
left_child=4 2 3 -2 16 7 -5 -4 11 10 29 13 28 -9 -14 -16 22 -18 19 -19 21 -20 26 24 -24 -25 27 -1 -13 -10
right_child=1 -3 5 6 -6 -7 -8 8 9 -11 -12 12 14 -15 15 -17 17 18 20 -21 -22 -23 23 25 -26 -27 -28 -29 -30 -31
leaf_value=0.004250434488598161 -0.012644881298004892 0.0067814903539550374 -0.0051138722357840808 0.0029757805010953132 0.0064569679810304237 -0.007144606635065027 -0.0085664616244421361 -0.0033847117828084716 0.0036397198630695126 0.011505541693183385 -0.008342094001013824 -0.014874690745688491 0.0044105016043738017 0.010147520600822526 0.0013210178637365053 -0.012164748021709637 0.0071407396844611198 0.0044911306045012601 -0.014616660250843294 -0.0057384223033671231 -0.0022611436640879749 -0.0027419120322539703 0.010694977321487831 -0.01118394165074069 -0.0012621215716941006 0.00032352707319362553 -0.0098075075693219819 -0.0058712029996995044 -0.0018492625515831335 -0.00042948159096053659
leaf_weight=5.9792091250419608 5.1423874497413662 52.999414145946503 7.5494184195995322 9.555922865867613 5.0975367575883856 5.7321480959653845 4.8407084643840781 4.727443650364874 129.21117539703846 6.9878906905651084 5.5914259105920783 5.2333584129810351 10.672035291790964 7.5654143840074539 5.9669429510831815 4.6286496520042419 6.1779813021421424 15.521086364984514 7.3428812474012357 8.3824139237403852 35.976845309138298 6.1160172820091248 4.6693762987852123 7.3747629076242429 10.025787770748137 5.3598635941743851 21.248985961079597 33.599623262882233 4.1460406929254532 26.593821987509727
leaf_count=25 23 431 36 47 21 24 21 22 664 35 25 25 53 39 30 22 25 64 30 35 148 25 19 31 43 22 92 142 21 136
internal_value=0.0002689 0.0022236 0.0012277 -0.00406741 -0.00308453 0.00169439 -0.000868511 0.00193361 0.0021924 0.00292172 0.00253698 -0.000644446 -0.00290052 0.00487744 0 -0.00453535 -0.00338407 -0.00178477 -0.00255896 0.000853237 -0.00422743 -0.00935429 -0.00481001 -0.00154751 0.00251625 -0.00629788 -0.00625984 -0.00431006 -0.00930271 0.00293892
internal_weight=470.017 297.144 244.145 19.539 172.872 224.606 14.3966 218.874 211.324 168.384 161.396 42.9399 30.647 12.2929 21.2676 10.5956 167.775 79.5172 73.3392 23.9035 49.4357 13.4589 88.2576 27.4298 14.6952 12.7346 60.8278 39.5788 9.3794 155.805
internal_count=2376 1654 1223 91 722 1132 68 1108 1072 860 825 212 151 61 105 52 701 327 302 99 203 55 374 115 62 53 259 167 46 800
is_linear=0
shrinkage=0.01


Tree=131
num_leaves=31
num_cat=0
split_feature=37 37 10 27 26 34 46 25 25 18 44 37 38 17 37 44 44 30 39 44 9 44 46 25 37 25 18 23 3 46
split_gain=40.4729 9.39868 6.07659 5.68698 5.23437 7.66303 4.78295 7.41559 5.9243 4.92149 6.61109 6.06251 4.79131 4.75774 4.35852 4.10402 4.08976 4.03096 3.99199 5.98052 4.49719 5.21017 3.68193 3.6175 6.55081 3.58182 6.62906 4.21285 3.97565 3.57261
threshold=0.85588966133151145 0.43467481639369016 -20.436865806579586 0.026882947422564033 1.0021684765815737 0.64329019188880932 2.8353762206834398e-07 0.0029929354786872868 0.0028602217789739375 0.59389400482177745 -0.43145420262934497 0.54045315616221823 0.22250967692548379 -1.0000000180025095e-35 0.96218455027683458 -1.5521823723640245 -0.064417433304945274 -0.0028465747600421305 0.74873737373737381 1.5635983061108172 0.33416999876499182 -0.74884378778620009 9.1943803909378972e-08 0.0038766626967117195 0.22577693664291212 0.0028602217789739375 0.55990800261497509 -4.0547350645065299 47.632505416870124 1.0075760543167779e-07
decision_type=2 2 2 2 2 2 2 2 2 2 2 2 2 2 2 2 2 2 2 2 2 2 2 2 2 2 2 2 2 2
left_child=1 17 -2 14 6 -6 7 8 9 18 11 -11 -13 -7 -4 -16 -12 25 19 20 21 -3 -20 -19 -25 26 27 -1 -27 -14
right_child=2 4 3 -5 5 13 -8 -9 -10 10 16 12 29 -15 15 -17 -18 23 22 -21 -22 -23 -24 24 -26 28 -28 -29 -30 -31
leaf_value=0.003052882115543787 -0.0062866055893270531 -0.0061316981474155985 0.0040519058697895726 -0.0031711890689597967 -0.016029374790326938 0.0033774022382501985 -0.0065327986344919722 0.0055856166732514171 -0.011452416977623663 -0.0074912272299781021 -0.014807436092935807 0.01121618366956134 -0.0032154295038851408 -0.0090360189019765367 -0.0006946699007454965 0.0090385849229706813 -0.0034778902546079094 -0.0031823513414245596 -0.0093730722650948138 -0.0061411647955900194 0.0056546521803734441 0.0027886976344895687 0.0023003632167593524 -0.0042515206087572399 0.011156882964543455 -0.006954017906810531 -0.012664919671163479 -0.007058721544016263 0.0045228283576924291 0.006723511519897119
leaf_weight=6.0369754731655112 4.6114820241928092 8.5605293512344343 65.128438889980316 7.3665414229035369 4.8810529708862331 7.9417599588632592 9.7826268374919874 25.355068072676659 4.4963437616825095 7.7377007454633739 5.7530037313699722 5.0310750007629421 10.702007964253427 4.8695060610771153 4.586290828883647 43.380072049796581 7.8472402691841108 104.97278746962547 6.0193428099155408 7.5317801833152762 35.470750451087952 26.499878332018852 4.5820135325193405 5.8052816689014417 5.0067146271467209 6.084669277071951 15.405575826764105 11.916800126433374 5.7228551954030991 5.3333722651004782
leaf_count=25 28 36 398 45 20 35 42 116 20 33 24 23 48 21 32 365 36 439 25 34 171 122 21 24 21 25 65 50 24 26
internal_value=-9.36083e-05 -0.00184338 0.00478335 0.00522029 -0.000321054 -0.00548481 0.000211181 0.000631173 -0.000291533 9.21598e-05 -0.00269789 0 0.00280393 -0.00129687 0.00577802 0.00808763 -0.00841646 -0.00361777 0.00143933 0.00223056 0.00314614 0.000570962 -0.0042599 -0.00261044 0.00282887 -0.00616648 -0.00784428 -0.00360522 -0.00131619 4.94718e-05
internal_weight=474.42 349.347 125.073 120.461 188.395 17.6923 170.703 160.92 135.565 131.069 42.4044 28.8042 21.0665 12.8113 113.095 47.9664 13.6002 160.952 88.6643 78.0629 70.5312 35.0604 10.6014 115.785 10.812 45.1669 33.3594 17.9538 11.8075 16.0354
internal_count=2394 1526 868 840 853 76 777 735 619 599 190 130 97 56 795 397 60 673 409 363 329 158 46 484 45 189 140 75 49 74
is_linear=0
shrinkage=0.01


Tree=132
num_leaves=31
num_cat=0
split_feature=37 37 37 44 44 3 44 6 46 46 6 32 37 44 1 37 44 46 37 46 27 30 28 44 39 27 38 38 38 34
split_gain=38.0408 9.08888 5.09887 4.93144 6.45589 4.83194 7.15355 6.08387 7.33844 4.68536 4.67018 6.18705 5.17699 4.46073 6.08905 7.15375 6.65138 5.57923 4.54592 4.37491 5.03202 4.53808 4.29041 4.21533 4.05513 4.05054 3.96546 3.81225 6.80261 5.33348
threshold=0.85588966133151145 0.32407000768948008 0.98145796618351466 2.6755507542761041 2.2038147186390806 33.439640045166023 2.1606154894730625 0.056751500815153129 4.8650289651711383e-08 2.7695234522933474e-07 0.055904000997543342 -0.016484601423144337 0.82743436460026487 -2.8018245202483523 0.63102951645851146 0.3479084347082752 0.038644833177277675 9.925378663268655e-08 0.70522394462190541 1.1719071331309519e-07 0.025303635746240619 -0.012547714635729788 0.24416327476501468 0.44002914265236359 0.13636363636363638 0.020533189177513126 -2.8030649757936845 0.88045987995121389 1.0312402434066852 0.7051965892314912
decision_type=2 2 2 2 2 2 2 2 2 2 2 2 2 2 2 2 2 2 2 2 2 2 2 2 2 2 2 2 2 2
left_child=1 26 5 4 10 -2 7 -7 -9 -4 12 -12 13 18 15 -15 -16 -17 -3 20 21 -13 23 -19 -23 -21 -1 29 -29 -10
right_child=2 3 9 -5 -6 6 -8 8 27 -11 11 19 -14 14 16 17 -18 22 -20 25 -22 24 -24 -25 -26 -27 -28 28 -30 -31
leaf_value=0.0022208993320467101 0.0091908953484103051 0.011139586039370581 0.0099422180835687067 0.0072621924205293403 -0.0098197647016984909 0.0058609470380131734 -0.0093492750095982985 -0.012987855097083043 0.012290537011817676 -0.0042060580597531845 -0.010582575627525742 -0.0036102354512198361 -0.0089628135145899766 0.012176954454896739 -0.01241166615242593 -0.0031169278355242685 0.00047608095044995613 0.0034837571469067347 -0.002061048176890973 -0.0025266270869495418 -0.0019253692870796976 0.0023095171453900217 0.0076862665477156677 -0.0077929051041378842 0.012106319238977576 0.0063711915242765926 -0.0042008949352502472 -0.011573948648210916 0.0027837144368626754 -0.0024636877265827341
leaf_weight=10.234387040138243 14.362808540463446 5.6632012873887998 26.081221804022793 8.2110768854618055 7.2172428816556922 46.362819127738476 4.3969358652830115 3.6525229811668423 6.370689734816553 2.4113382250070563 4.0766751021146765 5.8647913336753872 8.8529687374830228 4.0808898508548728 9.798248693346979 51.209814548492432 6.4699875414371482 8.3676432222127932 4.5200557112693787 6.0418989509344092 39.328453034162521 10.740125849843027 9.9956374615430814 5.3118096888065329 7.3025637716054908 27.525352850556374 113.21161791682243 4.3655566126108196 12.412610419094561 3.7374951094388962
leaf_count=42 102 27 226 37 31 301 27 20 39 19 17 27 41 17 40 222 29 38 21 28 179 48 45 23 35 124 477 26 80 21
internal_value=0.000198566 -0.00146968 0.00496097 -0.000292145 -0.000578729 0.00382913 0.00285947 0.00358174 8.10751e-05 0.00869935 -0.000259673 0.00130217 -0.00164717 -0.00101541 -0.00169741 -0.000532408 -0.00725343 -0.00125366 0.00521989 0.00182339 0.000255852 0.00387875 0.00273073 -0.00084724 0.00637465 0.00473719 -0.00365903 0.0019351 -0.000939236 0.00676652
internal_weight=478.178 354.024 124.154 230.578 222.367 95.6614 81.2986 76.9017 30.5389 28.4926 215.15 100.88 114.27 105.417 95.234 78.9658 16.2682 74.8849 10.1833 96.8032 63.2359 23.9075 23.6751 13.6795 18.0427 33.5673 123.446 26.8864 16.7782 10.1082
internal_count=2409 1548 861 1029 992 616 514 487 186 245 961 458 503 462 414 345 69 328 48 441 289 110 106 61 83 152 519 166 106 60
is_linear=0
shrinkage=0.01


Tree=133
num_leaves=31
num_cat=0
split_feature=38 26 34 0 23 27 44 27 8 10 22 44 9 38 38 9 30 44 27 34 29 38 9 44 0 44 46 34 7 34
split_gain=24.1094 7.75206 6.4364 6.18166 7.84654 9.99119 9.53113 12.7219 6.57582 6.10157 5.93733 11.4968 6.85407 7.41482 5.92284 4.58982 5.7289 6.16693 10.5513 6.81262 5.31633 7.86907 6.23787 4.99833 4.7262 4.94027 4.86215 4.57915 7.71913 5.11999
threshold=-0.62295373626419137 1.0027483701705935 0.57082179188728344 0.42534750699996954 2.5504955053329472 0.018921869806945327 0.87890522493409595 0.026306525804102424 2.9147279262542729 6.861865997314454 0.70017302036285411 -0.58913934644430144 0.33864499628543859 -1.693914281907557 -2.8030649757936845 0.3787084966897965 0.045408776029944427 0.012946062815286773 0.024268969893455509 0.73487284779548656 0.18750000000000003 0.3933301676826228 0.31797999143600469 -2.1282269115245671 -2.255216002464294 1.3862596844052042 2.9133067252335689e-07 0.70930787920951854 55.548776626586921 0.67728582024574291
decision_type=2 2 2 2 2 2 2 2 2 2 2 2 2 2 2 2 2 2 2 2 2 2 2 2 2 2 2 2 2 2
left_child=1 10 -2 15 6 -6 -5 9 -7 -8 11 -1 13 -13 -14 16 17 18 20 -19 21 -4 -22 -17 -25 26 -26 28 29 -15
right_child=2 -3 3 4 5 8 7 -9 -10 -11 -12 12 14 27 -16 23 -18 19 -20 -21 22 -23 -24 24 25 -27 -28 -29 -30 -31
leaf_value=0.012800499634977258 -0.0041814263977820879 0.0070222496815668728 0.0046612619233979578 0.0059117041293495921 0.013047763269379944 -0.010327748690305205 -0.0083626679272561476 -0.016637333685897197 -0.0016471261892438437 0.0049429715978155488 -0.0057266078580231125 -0.011093774405958394 0.0094100376038850197 -0.00098692559899431925 -0.0014094599530519627 -0.0054724191922981965 -0.0092180263705164949 0.0056094884849235875 -0.015624836161113249 -0.0072394274977196959 -0.0032221516473573603 -0.011140776608129023 0.0093800884752078192 0.010879708746160548 0.0064751324055143675 -0.0012365849426481804 -0.0047716017802145452 0.0046855528887250336 0.0053620285878285094 -0.013935489857873342
leaf_weight=4.9918463230133048 16.868166968226433 7.4233980327844611 5.7070213407278079 37.306545659899712 3.7340636551380149 11.376475200057028 4.481724835932261 4.7607616633176795 38.405949786305428 13.545680016279219 63.739564910531044 15.736918196082113 5.4973939806222907 5.2204168885946327 51.929950527846813 4.1982957124710074 4.4312389791011801 46.659836083650589 4.2227383181452742 4.3752726688981047 5.9682064428925541 6.6736090779304504 10.672300420701502 13.816795662045477 52.34717769920826 12.427996493875979 3.9733170717954627 6.6937098801136008 5.1088738143444052 7.9684977829456329
leaf_count=21 93 31 27 182 21 47 21 22 171 81 271 67 23 22 221 24 23 265 23 22 27 38 58 113 332 80 21 28 22 33
internal_value=9.35115e-05 -0.0028717 0.00178654 0.00213955 0.00031199 -0.00246052 0.00279761 -0.00226035 -0.00366763 0.00155206 -0.00332173 -0.00182186 -0.00258795 -0.00572195 -0.000341793 0.00331627 0.00169672 0.0022927 -0.00103302 0.00447638 0.0011022 -0.0037975 0.00480824 0.00495677 0.00550515 0.00439624 0.00565692 -0.00226877 -0.0048788 -0.00893145
internal_weight=480.264 174.311 305.953 289.085 113.611 53.5165 60.0947 22.7882 49.7824 18.0274 166.887 103.148 98.1558 40.7284 57.4273 175.474 88.7102 84.279 33.2439 51.0351 29.0211 12.3806 16.6405 86.7636 82.5653 68.7485 56.3205 24.9915 18.2978 13.1889
internal_count=2430 739 1691 1598 545 239 306 124 218 102 708 437 416 172 244 1053 483 460 173 287 150 65 85 570 546 433 353 105 77 55
is_linear=0
shrinkage=0.01


Tree=134
num_leaves=31
num_cat=0
split_feature=37 37 10 46 27 2 37 9 26 44 44 37 27 30 44 13 9 33 46 25 27 23 41 37 39 44 41 30 25 18
split_gain=43.9501 8.21251 5.1488 4.45177 4.19152 5.34595 5.03423 4.54091 8.72551 4.11766 7.30191 3.98565 3.88813 3.77459 3.72729 3.64335 4.44422 4.49928 4.2116 4.55677 4.58973 5.851 3.94412 3.81793 4.06978 4.19162 10.1532 4.60674 5.79523 5.68139
threshold=0.85588966133151145 0.30801775057565067 -20.436865806579586 3.926531045794213e-07 0.019197205081582073 2651.373413085938 0.8029854362321166 0.36348350346088415 1.0001642704010012 -1.9425331284228891 -2.5523943065914989 0.98226045067042189 0.019933653064072136 0.001834704715292901 -2.2756333345718183 -0.0025395000702701505 0.4505975097417832 0.0062645880971103915 5.163785794616431e-08 0.0019194062333554032 0.024717378430068496 8.2609491348266619 0.63948613405227672 0.3479084347082752 0.74873737373737381 -1.1021979216655504 0.7003709375858308 0.0088996174745261687 0.00058246671687811624 0.8980415165424348
decision_type=2 2 2 2 2 2 2 2 2 2 2 2 2 2 2 2 2 2 2 2 2 2 2 2 2 2 2 2 2 2
left_child=1 -1 -2 9 14 6 7 8 -6 10 -4 -11 -9 -14 -3 18 17 -17 -7 -20 -21 22 -22 -19 25 26 -25 28 -27 -30
right_child=2 4 3 -5 5 15 -8 12 -10 11 -12 -13 13 -15 -16 16 -18 23 19 20 21 -23 -24 24 -26 27 -28 -29 29 -31
leaf_value=-0.0036712648996523553 -0.0062288325699292203 0.01200674842030542 0.0073826704632608429 -0.002939095358202476 -0.010202160811488571 0.0043814449665674614 -0.012608557254260595 0.0088704780919597569 0.0022883515510765053 0.0055400443804918889 -0.0098391643884536036 0.010210863349893788 -0.0064229028527556156 0.0033012287995040149 0.00088531399578944568 -0.0089753912433909074 0.0085342422898421894 0.008883891796389971 -0.0073814816420713072 0.0042499476586292878 -0.0085728649013676449 -0.013001830122424451 0.0012666496158906058 0.0054782387325510067 -0.005603959110881942 -0.0064387778094538153 -0.012300240625897478 -0.0016760921762705612 0.0064430598969811579 -0.0048413158641764315
leaf_weight=121.98996014893055 3.6025796234607688 4.7160591781139365 5.5393674820661545 5.548332303762435 14.702927917242052 9.054672107100485 5.5767202079296103 4.6426967978477505 8.7574599832296354 82.531564399600029 4.26772493124008 24.704382099211216 7.7086158841848356 7.9476050287485123 8.691835552453993 4.5746145546436301 7.5027370750904074 5.7706128656864157 16.084946841001511 11.395486444234846 5.2023735940456453 4.9501607567071906 17.112525224685669 5.8805961161851865 9.4881516546010953 4.6509875059127799 6.7461905926465988 20.323595091700554 38.165562778711319 4.8738631308078757
leaf_count=514 22 23 33 33 61 39 25 21 38 551 25 218 34 36 40 20 38 24 68 50 22 20 74 27 40 20 28 92 184 22
internal_value=0.000226426 -0.00156678 0.00529758 0.00564925 -0.000466742 -0.000800658 -0.00369862 -0.00251417 -0.00550725 0.00606707 -3.44371e-05 0.00663391 0.000906077 -0.00143353 0.0049311 2.75139e-05 0.0011524 0.000583291 -0.00185944 -0.002916 -0.00101806 -0.00326386 -0.00101068 0.00105855 0.000537152 0.00127814 -0.00396382 0.00227038 0.00397311 0.00513376
internal_weight=482.705 356.511 126.194 122.591 234.521 221.113 49.336 43.7593 23.4604 117.043 9.80709 107.236 20.2989 15.6562 13.4079 171.777 107.977 100.474 63.8002 54.7455 38.6605 27.2651 22.3149 95.8996 90.1289 80.6408 12.6268 68.014 47.6904 43.0394
internal_count=2442 1560 882 860 1046 983 215 190 99 827 58 769 91 70 63 768 495 457 273 234 166 116 96 437 413 373 55 318 226 206
is_linear=0
shrinkage=0.01


Tree=135
num_leaves=31
num_cat=0
split_feature=37 37 37 8 28 26 38 9 26 46 18 34 32 32 38 46 8 29 44 44 44 3 38 0 18 8 34 27 1 44
split_gain=36.403 10.9201 5.12463 5.41318 5.09654 4.71977 4.21567 4.26311 6.98167 7.45989 8.82457 5.31319 4.19989 5.28247 4.29106 5.45749 4.96779 4.17625 3.82709 4.38292 8.605 10.7392 4.29614 5.89741 6.16982 5.50362 5.29455 4.36784 3.99343 4.51712
threshold=0.85373109369193234 0.32407000768948008 0.98226045067042189 4.2216238975524911 0.82698044180870067 1.0025375485420229 0.56704018028900993 0.38267450034618383 1.0005745291709902 6.7970186483364095e-08 0.40610599517822271 0.68337011337280285 0.014469468034803869 1.0000000180025095e-35 1.1310592786490432 3.060747415403664e-07 -3.3788095712661739 0.93900001049041759 -3.2476009500128158 -0.050092470335252035 -0.41229946448904514 45.723354339599616 -0.39981023934827697 0.048949500545859344 0.20391699671745303 -5.9540088176727286 0.68705186247825634 0.027479231357574466 0.71137097477912914 -2.6057516867958603
decision_type=2 2 2 2 2 2 2 2 2 2 2 2 2 2 2 2 2 2 2 2 2 2 2 2 2 2 2 2 2 2
left_child=1 5 4 -4 6 -1 -2 8 9 10 -8 -10 13 14 15 17 -17 18 -3 20 28 -22 23 24 -21 -24 -26 -27 -20 -30
right_child=2 12 3 -5 -6 -7 7 -9 11 -11 -12 -13 -14 -15 -16 16 -18 -19 19 22 21 -23 25 -25 26 27 -28 -29 29 -31
leaf_value=-0.0045068220806839306 0.0081939471527976288 0.0100460202268574 0.0095846451778218936 -0.0042116023449196667 -0.006282781668022497 0.0049245680146555041 0.0053382753664082318 0.005411576272192309 -0.00014072383197766635 0.0073485169639144546 -0.012372642015293875 -0.014123516206149553 -0.0083069241339021604 0.0090642190808478441 0.0085097444018376149 -0.0006020209158636913 -0.012354119976376287 0.0090553121911310375 0.00063722766089738855 -0.0091906470183556604 0.00010138334019777048 -0.014467194132219039 -0.009268430287901027 0.0065039381196329415 0.01012384465533994 0.0011200682392846534 -0.0026106051487933225 -0.0084192560976640539 0 -0.012956566299755404
leaf_weight=119.11255005002022 18.674096301198006 3.3128840029239646 27.030146978795532 3.0138327255845061 4.9981852099299422 5.3731051981449118 5.7220953777432459 34.254259504377842 6.7475585043430311 17.275506168603897 5.2808933407068253 4.625399187207222 6.4109895825386038 5.9418175965547553 5.1380484849214545 7.451222762465477 7.2335541695356351 4.6550136655569068 51.941735833883286 6.0795532763004259 8.8919292539358157 11.236839815974234 6.9596876055002133 23.632963120937347 5.6625646501779539 46.74171301722528 7.2695620805025101 5.2442705184221259 5.6277284026145935 4.9327323436737043
leaf_count=503 119 18 239 23 28 22 37 244 40 110 28 26 27 27 25 32 30 21 230 25 38 46 31 105 25 222 31 23 25 20
internal_value=-3.92856e-05 -0.00171325 0.00452638 0.00815813 0.00339073 -0.00408809 0.00392998 0.00282946 0.00056565 0.00324853 -0.0031069 -0.00598824 -0.00038992 -0.000148757 -0.000415824 -0.000646341 -0.00650301 -0.000190495 -0.00043003 -0.000629196 -0.00234105 -0.00801337 0.000754279 0.00317382 -0.000925811 -0.000981631 0.00292357 0.000124239 -0.000488423 -0.0060728
internal_weight=476.472 348.85 127.622 30.044 97.578 124.486 92.5798 73.9057 39.6515 28.2785 11.003 11.373 224.365 217.954 212.012 206.874 14.6848 192.189 187.534 184.221 82.631 20.1288 101.59 42.6446 19.0117 58.9457 12.9321 51.986 62.5022 10.5605
internal_count=2420 1526 894 262 632 525 604 485 241 175 65 66 1001 974 947 922 62 860 839 821 359 84 462 186 81 276 56 245 275 45
is_linear=0
shrinkage=0.01


Tree=136
num_leaves=31
num_cat=0
split_feature=37 9 37 3 32 25 13 28 27 27 10 27 27 13 38 26 10 34 25 38 0 27 0 37 27 28 13 13 25 13
split_gain=32.0748 9.46364 7.82885 5.00226 4.75886 4.49296 6.50358 5.6578 4.45847 5.10431 5.77294 4.45532 6.96608 7.98404 5.3272 5.23911 8.53348 4.37835 4.16491 4.06183 5.91178 4.02385 5.20245 4.00145 3.98508 5.51443 4.6793 3.8264 3.79248 3.59509
threshold=0.84362363922541772 0.38267450034618383 0.44862021092944265 55.181695938110359 0.014469468034803869 0.00058246671687811624 -0.16007299721240995 -0.40020175278186793 0.025794646702706817 0.026918298564851287 -5.3872895240783683 0.020347802899777893 0.020516301505267624 0.011832500342279674 0.83688740107452031 1.000872075557709 -4.161395549774169 0.64048293232917797 0.00046278245281428104 -0.44497905033697677 -0.49075751006603235 0.026470992714166645 0.42534750699996954 0.65061814566983367 0.025928170420229438 -0.17869426310062406 0.182268001139164 0.65583050251007091 0.002829945995472372 0.21101649850606921
decision_type=2 2 2 2 2 2 2 2 2 2 2 2 2 2 2 2 2 2 2 2 2 2 2 2 2 2 2 2 2 2
left_child=2 3 8 11 5 18 7 -7 -1 21 -11 -2 -13 -14 28 16 -16 -9 -4 20 -8 22 -10 24 25 -21 -27 29 -15 -25
right_child=1 -3 4 -5 -6 6 19 17 9 10 -12 12 13 14 15 -17 -18 -19 -20 23 -22 -23 -24 27 -26 26 -28 -29 -30 -31
leaf_value=-0.0020596984791010466 0.007731275459482153 0.0065561161021167914 -0.0013202631621278698 -0.0070171303529906262 -0.01004426332425795 0.0027903795278419468 -0.0012996787396781081 -0.014513978071827341 0.0043698876467511008 0.0060673673198964693 -0.0047745957110924796 -0.010282838325834551 0.0068236677313640018 -0.0010042413364621714 -0.011010621697386395 -0.016113812688262522 0.0077945655391265236 -0.0037762574572404008 -0.01289622507793154 -0.0053509680626967638 0.0095686689898035939 -0.011181718929992717 -0.0075985778655572401 0.0028536379932913021 -0.0069580081380955297 0.0094086349013141612 -0.0027660698031164361 0.0086173149212716346 0.012198713263116522 -0.002332024763632781
leaf_weight=110.85877625644207 11.427724264562128 69.54669900983572 9.3211536556482297 6.4870284348726264 4.735710695385932 9.4696668237447756 7.7186035215854671 5.0625400394201305 4.7895414233207729 6.5081091821193722 18.58276179432869 4.971598505973815 19.225480072200298 5.568411238491537 4.9208539053797677 3.6285429894924155 4.5089246928691891 16.583516210317612 4.7655374407768241 9.6437017172574997 13.295013532042502 18.275502398610115 13.323589801788328 42.442682757973671 11.175162866711615 7.8431738913059235 5.0084005445241928 7.8929319083690634 3.3360497504472733 19.213904544711113
leaf_count=463 82 527 41 33 20 41 34 21 20 27 78 28 126 32 30 20 28 72 20 41 62 77 57 202 49 36 22 40 20 90
internal_value=-0.000157126 0.00400099 -0.00176416 0.00120618 -0.000262356 1.09116e-05 0.000508432 -0.00356318 -0.00327511 -0.00544356 -0.00190977 0.00216039 0.000745873 0.00212299 -0.00195879 -0.00603718 -0.0019264 -0.00638876 -0.00537021 0.0015383 0.00554196 -0.00784088 -0.00437231 0.000708981 -0.00210204 0.000286166 0.00460208 0.00208528 0.00391172 0.00122029
internal_weight=480.131 133.621 346.51 64.0746 174.172 169.436 155.349 31.1157 172.338 61.4795 25.0909 57.5876 46.1599 41.1883 21.9628 13.0583 9.42978 21.6461 14.0867 124.234 21.0136 36.3886 18.1131 103.22 33.6704 22.4953 12.8516 69.5495 8.90446 61.6566
internal_count=2439 926 1513 399 791 771 710 134 722 259 105 366 284 256 130 78 58 93 61 576 96 154 77 480 148 99 58 332 52 292
is_linear=0
shrinkage=0.01


Tree=137
num_leaves=31
num_cat=0
split_feature=37 37 33 38 38 34 33 28 21 46 37 25 6 30 26 38 38 26 17 0 34 10 27 38 22 1 44 33 44 27
split_gain=44.014 7.33894 5.67733 5.43075 6.5187 6.38983 5.96526 5.6468 5.24504 4.74961 5.04847 4.54063 4.38197 6.35687 4.25178 4.48299 4.20484 4.12936 4.06961 4.03704 3.93293 3.65551 5.35515 3.95314 3.89415 4.65645 4.90851 5.14922 6.53611 4.31574
threshold=0.85025590610701507 0.2375684916372196 0.15138461440801623 1.1068494362186323 0.4163034549907853 0.7225504219532014 0.11481887102127077 0.40390661358833319 0.32029999792575842 3.926531045794213e-07 0.98226045067042189 0.0025844216579571371 0.064114499837160124 -0.014295109082013367 1.0006073117256167 0.72044257049164784 -2.5935157370932758 1.0017417669296267 -0.5617450177669524 1.0014564990997317 0.73889616131782543 -13.689263820648192 0.025953792966902259 -0.010248791202891318 3.5967270135879521 0.69822099804878246 -0.71121377389699203 0.75940072536468517 -0.22875800649865921 0.025179612450301651
decision_type=2 2 2 2 2 2 2 2 2 2 2 2 2 2 2 2 2 2 2 2 2 2 2 2 2 2 2 2 2 2
left_child=1 2 12 4 5 16 7 19 11 10 20 14 13 -1 15 -6 -3 -4 -10 -7 -2 22 -18 24 25 26 -23 28 -28 -26
right_child=9 3 17 -5 8 6 -8 -9 18 -11 -12 -13 -14 -15 -16 -17 21 -19 -20 -21 -22 23 -24 -25 29 -27 27 -29 -30 -31
leaf_value=-0.0076407176138189228 0.0045375467187460765 0.0080476299466158696 -0.0068730370587370094 0.0085233217990718473 -0.012726445801033655 0.0078078238434595524 0.0078180374910123921 -0.009468462869238083 0.0046633181237514636 -0.0044863977605379161 0.008966000487202988 -0.014336179021225175 -0.0087853048203139685 0.004511240588308347 0.0035148774154059943 -0.0021308598012208632 0.010838086442103156 0.0020248056135554553 -0.0039430244073804504 -0.0033533669261116214 -0.0053774514788521811 0.0056333499242355745 -0.0031637162648606417 0.00083841650434860219 -0.0038030724510158256 0.0052794870035400548 -0.0090034765224170331 -0.0099733714985471775 -0.00081760826909492586 -0.013689199650629209
leaf_weight=5.6879884451627793 91.890357010066509 4.511477753520011 57.923886001110077 5.5812298059463492 7.8941040635109045 7.3280664235353488 16.130323350429535 4.9970941990613928 8.1211133599281329 5.0584199428558341 28.346931256353855 7.1444426476955405 5.1963097900152198 16.443339496850967 4.4454084485769263 8.6137601435184461 5.4738827943801862 5.5019670724868766 16.225023403763771 5.5222007632255554 4.0099958255887023 6.3111745864152899 5.1316681951284409 35.917722791433334 16.010734111070636 7.8296089470386496 11.981471553444853 10.382741510868071 52.722249731421478 6.3332880437374106
leaf_count=24 607 19 250 28 35 33 70 21 40 30 252 30 22 68 21 38 27 23 74 24 21 27 23 164 67 34 49 43 227 26
internal_value=-0.000132869 -0.0019982 -0.0044421 -0.00112176 -0.00134528 -0.000502981 0.00342662 -0.000508037 -0.0044766 0.00483921 0.00523023 -0.00741852 -0.000587841 0.00132275 -0.00495542 -0.00730403 -0.00133185 -0.00608347 -0.00102398 0.0029454 0.00410737 -0.00161074 0.00400341 -0.00202366 -0.00295392 -0.00199861 -0.00271658 -0.00343827 -0.00236041 -0.0066983
internal_weight=474.668 345.362 90.7535 254.609 249.028 196.584 33.9777 17.8474 52.4439 129.306 124.247 28.0977 27.3276 22.1313 20.9533 16.5079 162.606 63.4259 24.3461 12.8503 95.9004 158.095 10.6056 147.489 111.571 89.2272 81.3976 75.0865 64.7037 22.344
internal_count=2417 1507 387 1120 1092 854 148 78 238 910 880 124 114 92 94 73 706 273 114 57 628 687 50 637 473 380 346 319 276 93
is_linear=0
shrinkage=0.01


Tree=138
num_leaves=31
num_cat=0
split_feature=37 44 37 9 44 27 22 25 25 39 44 23 30 38 30 44 13 38 26 37 46 0 38 44 44 37 25 9 25 39
split_gain=35.903 9.42769 8.62506 7.34176 5.54636 9.29461 5.06404 6.4127 7.29378 4.65384 4.50564 4.35263 4.91736 8.02668 4.75152 3.94725 4.21768 4.87259 5.46768 4.18117 6.47466 3.8541 3.54463 4.03596 3.13633 3.01025 3.00209 4.41962 4.19552 4.69594
threshold=0.85373109369193234 -3.1551613232378553 0.2375684916372196 0.38267450034618383 2.7313282952328386 0.027479231357574466 2.5152984857559209 0.0018424842273816468 0.0029013606254011397 0.93055555555555569 1.2190562427895744 7.1809556484222421 -0.018126614391803738 0.89041108614121367 -1.0000000180025095e-35 1.2867186899190359 -0.084959000349044786 0.67646939981696508 1.0006811022758486 0.91064137570611348 8.9064913674053638e-08 4.2511276006698617 -2.8030649757936845 -1.801589864710168 2.4047871285601308 0.56580402118102324 0.0041895266622304925 0.33198650181293493 0.0034689926542341713 0.42640692640692646
decision_type=2 2 2 2 2 2 2 2 2 2 2 2 2 2 2 2 2 2 2 2 2 2 2 2 2 2 2 2 2 2
left_child=1 -1 22 11 5 9 24 -8 -9 21 -11 12 13 -2 -14 16 -16 -18 19 -19 -21 26 -3 -24 -5 -23 28 -28 -4 -30
right_child=3 2 4 6 -6 -7 7 8 -10 10 -12 -13 14 -15 15 -17 17 18 -20 20 -22 25 23 -25 -26 -27 27 -29 29 -31
leaf_value=0.010591629271490672 0.0034952450894651771 0.0014095950024726033 -0.00058366776018458548 0.0089216882265459492 0.0063038085900244834 -0.012555882713415146 0.0087283273954384382 -0.013813557107063688 0.0039345713842235111 -0.014305462778328433 -0.0016444557495104944 -0.0092554903222400158 0.010014706120348747 -0.016707411786320944 0.0087215028797070823 -0.0085920061889490276 0.00881253061689064 0.0078598776080839577 -0.01068117312173749 -0.0091007181240992437 0.0083325728111844407 -0.010696876043258976 0.0011064755079055037 -0.0061334565271399756 0.0019700825387967786 -0.00026359739499909232 -0.0052431010645230163 0.0057646292075582452 -0.012898648229248256 0.00033168150689898092
leaf_weight=5.6973439604043952 4.4810639992356291 8.0333250761032087 180.84786793589592 44.796278327703476 9.1663883179426175 7.3739030063152304 6.7008174508810034 4.1057563647627813 4.9506869316101074 5.1200549751520139 6.6007426083087921 3.3834340572357169 8.9418606385588628 3.2894197404384613 9.0448124408721871 3.1507749184966078 5.7364630997181001 5.9617987722158459 4.8639392778277388 5.8428978472948057 3.1817978173494339 6.8172948509454709 8.2605048567056638 77.660709783434868 8.1138120144605619 4.9515218585729599 4.6190832406282452 15.146835565567015 5.905139818787573 4.5808466970920563
leaf_count=29 29 33 801 355 41 31 50 28 35 21 30 18 59 21 66 19 36 34 27 36 23 28 34 334 62 21 20 67 25 21
internal_value=-0.000378974 -0.00202815 -0.00224241 0.0041826 -0.00126902 -0.00156253 0.00639647 0.00133287 -0.00406535 -0.00120751 -0.00733405 0.00153229 0.00223612 -0.00503355 0.00347462 0.00187805 0.0028814 0.000752115 -0.00155959 0.00138575 -0.00282079 -0.000877677 -0.0048294 -0.0054253 0.00788024 -0.00643072 -0.000560462 0.00312846 -0.000948208 -0.00707592
internal_weight=477.327 350.782 345.084 126.546 251.13 241.963 68.6674 15.7573 9.05644 234.589 11.7208 57.8783 54.4948 7.77048 46.7243 37.7825 34.6317 25.5869 19.8504 14.9865 9.0247 222.869 93.9545 85.9212 52.9101 11.7688 211.1 19.7659 191.334 10.486
internal_count=2434 1536 1507 898 1106 1065 530 113 63 1034 51 368 350 50 300 241 222 156 120 93 59 983 401 368 417 49 934 87 847 46
is_linear=0
shrinkage=0.01


Tree=139
num_leaves=31
num_cat=0
split_feature=38 46 1 26 44 38 38 8 27 7 17 22 4 46 26 39 16 28 27 28 39 38 27 39 39 21 39 44 27 16
split_gain=19.6346 6.97447 8.29279 6.83866 6.4177 5.86233 5.73518 5.31803 5.04492 6.02974 7.14959 5.0123 4.97876 4.4659 5.02273 4.07252 4.45322 3.89755 5.09683 7.13145 4.91968 4.06902 3.89383 3.85757 3.78178 3.66639 7.8795 4.99374 6.47473 10.3504
threshold=-0.67728635685073624 3.2831635898235037e-07 -0.47348749637603754 1.0027483701705935 -1.9425331284228891 1.3905236384989719 -3.330004926002434 -5.9540088176727286 0.027154953218996528 27.90232086181641 -0.5617450177669524 -2.1778664588928218 1409.8919677734377 3.2277624513998054e-08 1.0000560879707339 0.30151515151515157 0.60785751044750225 -0.36897726356983179 0.025617944076657299 0.026006610132753852 0.59090909090909094 0.079884152957425777 0.026742820627987388 0.055555555555555559 0.263666072489602 0.093750000000000014 0.065656565656565677 -1.2412216276174604 0.020844638347625736 1.0000000180025095e-35
decision_type=2 2 2 2 2 2 2 2 2 2 2 2 2 2 2 2 2 2 2 2 2 2 2 2 2 2 2 2 2 2
left_child=3 2 4 6 -2 8 -1 -3 9 13 22 -10 -6 14 -4 -9 -17 20 21 24 23 -19 -11 -12 -20 26 -15 -27 29 -29
right_child=1 7 5 -5 12 -7 -8 15 11 10 17 -13 -14 25 -16 16 -18 18 19 -21 -22 -23 -24 -25 -26 27 -28 28 -30 -31
leaf_value=0.0056202415139467296 -0.0053377027016859981 0.0058373220691055848 -0.015263836529404136 0.007623497522796301 0.0078952009165577427 0.0073087167194447154 -0.0037767697723695998 -8.7850582509477049e-05 0.0011341585932989212 0.011581542063232806 -0.0058055139306702761 -0.011239589201351426 -0.0020387253695163549 -0.00073292436861364441 0.00016317639106187739 -0.0043347516027478382 -0.018110310280868042 0.0011103643056786306 0.00059439746135730802 -0.003200300882602502 -0.0089526315851664179 0.011886266642305909 0.0017676117989364082 0.0060852089776982071 0.013000768448173527 -0.0076603470314710789 0.0065841681044975673 0.0013522497175556683 0.004004643073682544 -0.014091882117698178
leaf_weight=6.6196143329143515 4.79917287826538 3.8721095994114902 4.0791569054126722 5.7262953966855994 39.34124019742012 13.55791139602661 149.8088319003582 5.6922585368156424 5.8603843152523041 12.731087237596514 4.2255211919546145 6.91003769636154 5.5673245489597312 46.663545861840248 4.0049051120877266 5.3991783410310727 4.5547751933336258 6.0485133230686179 4.8771844804286975 18.35380132496357 7.0641943141818038 9.1009804904460889 6.3416870534420005 7.1380644664168358 5.2668217197060585 11.860077202320097 21.261880151927471 11.390144333243372 18.156814515590668 6.7984072715044013
leaf_count=28 28 22 20 24 292 92 639 27 31 90 22 30 29 225 20 27 22 28 26 96 38 58 33 38 26 50 122 60 91 31
internal_value=-0.000164598 0.00134461 0.00174853 -0.00297057 0.00545482 0.000947053 -0.00336939 -0.00440707 0.000543898 0.000928278 0.00304809 -0.00551885 0.00663968 -0.000449861 -0.00759038 -0.00702682 -0.0108551 0.00137773 0.00301426 0.000478132 -0.00243986 0.007685 0.00839681 0.00156437 0.0071975 4.4702e-05 0.00154907 -0.00205319 -0.00018005 -0.00441117
internal_weight=463.072 300.917 281.399 162.155 49.7077 231.691 156.428 19.5183 218.133 205.363 81.1479 12.7704 44.9086 124.215 8.08406 15.6462 9.95395 62.0751 43.6473 28.4978 18.4278 15.1495 19.0728 11.3636 10.144 116.131 67.9254 48.2054 36.3454 18.1886
internal_count=2365 1674 1576 691 349 1227 667 98 1135 1074 455 61 321 619 40 76 49 332 234 148 98 86 123 60 52 579 347 232 182 91
is_linear=0
shrinkage=0.01


Tree=140
num_leaves=31
num_cat=0
split_feature=37 44 1 37 38 20 25 37 29 44 38 26 38 30 21 44 28 25 27 33 1 9 10 38 29 34 16 34 18 38
split_gain=37.1029 11.3445 6.22999 6.22094 5.65528 6.1701 7.21001 5.23845 5.13662 5.83425 4.37002 5.36312 8.26401 5.83016 5.41788 5.18771 8.57871 5.44148 10.2202 7.46139 4.89093 4.34156 4.02585 5.63052 4.72365 4.07937 5.24069 4.20044 5.32499 4.71984
threshold=0.75904105166395808 -2.8503094510733296 -0.2103139981627464 0.2375684916372196 -2.480342902680039 5.39595651626587 0.00094379863003268849 0.98145796618351466 1.2680000066757204 -1.9425331284228891 0.22250967692548379 1.000872075557709 0.83688740107452031 0.0070639906916767367 0.16405000537633899 1.1736293517664647 -0.29598049819469446 0.0015570801333524289 0.025477064773440364 0.20187629759311679 0.57437300682067882 0.30367501080036169 -11.208739280700682 -1.9277750585779982 0.17850000411272052 0.73162719607353222 1.0000000180025095e-35 0.69572460651397716 0.71198150515556347 -0.85260224957851027
decision_type=2 2 2 2 2 2 2 2 2 2 2 2 2 2 2 2 2 2 2 2 2 2 2 2 2 2 2 2 2 2
left_child=1 -1 8 -3 -5 6 21 10 9 -2 -4 15 14 -14 -13 17 -17 18 19 -12 -21 -6 -8 -24 -25 27 -27 28 -26 -29
right_child=2 3 7 4 5 -7 22 -9 -10 -11 11 12 13 -15 -16 16 -18 -19 -20 20 -22 -23 23 24 25 26 -28 29 -30 -31
leaf_value=0.0081417691369743625 -0.0052691251145010037 -0.0046258665689911374 0.007567914300966384 0.0089020984589542104 0.0028043814467142133 -0.0094667665578350383 0.0033114397107690038 0.0099580149402175421 -0.0052596000876242149 0.0072265240498184304 -0.0061757528192037383 0.012233965815803716 -0.015179168083256976 0 -0.0028829914915857358 -0.012422049961396038 0.0058495783431314107 0.0066470010386819886 -0.013010560624962008 0.010740983973275832 -0.0019169057453170618 -0.0067163801631654873 -0.011555304208455779 0.0059220107500579837 0.00094955105887710206 0.011216824426599645 -0.0020789962569797171 0.0021475464565827622 -0.0097655315803388803 -0.0059800412153072982
leaf_weight=10.354434207081793 3.7938019633293143 90.260571196675301 10.098702579736708 5.0143833458423606 5.4355549663305274 9.719914957880972 25.16647170484066 7.7092844545841208 3.7280231565237036 66.969841301441193 5.8446781411767068 3.6868969574570674 6.9701406061649305 3.811223492026329 6.0908642932772636 5.7076795846223831 4.4433061182498914 25.673856519162655 4.7119899094104758 10.30659371614456 4.1062080711126319 31.20955690741539 4.8257141709327689 9.9441285580396634 48.883738368749619 5.5944256931543332 5.9183947145938873 8.8026091456413251 5.0218590795993796 33.62314547598362
leaf_count=48 23 386 55 21 23 40 115 68 23 491 32 23 36 22 32 33 28 151 24 64 20 130 20 45 210 24 25 37 21 143
internal_value=5.57211e-05 -0.00207265 0.00373473 -0.00244422 -0.00144864 -0.00172558 -0.00130726 0.00207421 0.00592601 0.006536 0.00138855 0.000600851 -0.0037855 -0.00980445 0.00278206 0.00210441 -0.00434757 0.00342338 5.56295e-05 0.00319299 0.00707749 -0.00527317 -0.000314168 -0.00106856 -0.000621008 -0.00123852 0.00433669 -0.001919 -4.63862e-05 -0.00426911
internal_weight=473.428 299.775 173.653 289.42 199.16 194.146 184.426 99.1614 74.4917 70.7636 91.4521 81.3534 20.5591 10.7814 9.77776 60.7943 10.151 50.6433 24.9695 20.2575 14.4128 36.6451 147.78 122.614 117.788 107.844 11.5128 96.3314 53.9056 42.4258
internal_count=2413 1288 1125 1240 854 833 793 588 537 514 520 465 113 58 55 352 61 291 140 116 84 153 640 525 505 460 49 411 231 180
is_linear=0
shrinkage=0.01


Tree=141
num_leaves=31
num_cat=0
split_feature=37 37 34 29 38 38 2 33 33 10 27 39 9 29 46 22 27 22 27 27 27 22 1 34 33 33 37 10 26 39
split_gain=36.4053 7.39275 6.09074 5.28579 4.80729 7.23856 5.17305 4.84232 7.55585 5.53276 7.33759 8.95677 5.18469 4.6527 5.88698 4.4344 4.38949 6.39791 4.12786 5.46558 4.09826 5.54415 4.53061 3.96914 3.83525 5.67849 3.81735 3.64518 3.86224 5.34098
threshold=0.75904105166395808 0.97718315352418672 0.7327527403831483 0.079500000923872008 -2.8030649757936845 -1.8436286080767224 3535.3725585937505 0.97367084026336681 1.1066812276840212 1.5908929705619814 0.02511626482009888 0.60303030303030314 0.38069950044155126 0.14950000494718554 5.5024937938931159e-08 -0.63242098689079274 0.020501812919974331 -0.093178998678922639 0.018906379118561748 0.019450061954557899 0.026784881018102173 -1.0000000180025095e-35 0.32088449597358709 0.66860291361808788 0.086259257048368468 0.10391992703080179 0.13261182571498967 -11.735925674438475 1.0002395510673525 0.065656565656565677
decision_type=2 2 2 2 2 2 2 2 2 2 2 2 2 2 2 2 2 2 2 2 2 2 2 2 2 2 2 2 2 2
left_child=4 2 3 -2 6 23 -1 9 -9 13 11 -11 -12 16 -15 -4 -7 -18 -5 -20 -21 22 -22 26 -16 -26 -6 28 29 -27
right_child=1 -3 15 18 5 7 -8 8 -10 10 12 -13 -14 14 24 -17 17 -19 19 20 21 -23 -24 -25 25 27 -28 -29 -30 -31
leaf_value=-0.0031562262872212878 -0.007218601088833692 0.0077510418568141129 0.0024807271456914822 0.012036995305208254 -0.0079399496110445986 -0.00930665838036435 0.0099569617980653381 -0.017131368284291661 -0.0011347328243839412 -0.0032828152148867747 -0.0039044139739453586 0.011149522634108344 -0.01391041033553591 0.0067503771853132735 0.0030067719392602704 -0.010337711115366795 -0.0075669040869137828 0.0041175400076146661 -0.0071853152273019987 0.0043679131034915671 0.0071924296593350034 -0.011671566743450315 -0.0054729366630732789 -0.009106859244419712 -0.011385687253978051 -0.0078404165517314689 0.003169715313038095 -0.0017062033819173342 0.0086144275020094748 0.0056236473525258044
leaf_weight=5.2763221114873868 4.5489631444215766 35.01307125389576 4.6467589139938354 5.5179323703050605 5.6056797504425031 10.528009027242662 6.5391732901334763 5.0822942256927472 7.2412495762109756 33.136460572481155 11.341857790946962 4.8225186169147483 10.225898966193197 12.468042582273482 25.816161245107651 5.926055043935774 8.4914274513721502 10.13042393326759 4.7314646095037451 98.716723874211311 7.1082930043339712 3.6987370848655692 4.4772890657186508 23.037109345197678 5.2022141218185416 5.2958464771509188 6.5200327038764954 77.807352989912033 7.6358162611722937 6.3657723218202591
leaf_count=22 23 311 26 36 25 45 27 21 31 144 47 22 43 56 111 30 37 43 27 591 42 18 23 99 22 23 27 330 36 30
internal_value=2.57007e-05 0.00363395 0.00258767 0.00319185 -0.00215184 -0.00242116 0.00403987 -0.00179684 -0.00789711 -0.00146128 -0.00408435 -0.0013985 -0.008737 -0.000533643 0.000214392 -0.00463985 -0.00416404 -0.00116903 0.00358653 0.0031756 0.0036203 -0.00114034 0.00220733 -0.00666497 -0.000418614 -0.00129483 -0.00190739 -0.000732789 0.00312903 -0.000420389
internal_weight=462.955 174.385 139.372 128.799 288.57 276.754 11.8155 241.591 12.3235 229.268 59.5267 37.959 21.5678 169.741 140.591 10.5728 29.1499 18.6219 124.25 118.733 114.001 15.2843 11.5856 35.1628 128.123 102.307 12.1257 97.1048 19.2974 11.6616
internal_count=2368 1127 816 760 1241 1192 49 1041 52 989 256 166 90 733 608 56 125 80 737 701 674 83 65 151 552 441 52 419 89 53
is_linear=0
shrinkage=0.01


Tree=142
num_leaves=31
num_cat=0
split_feature=37 37 37 26 34 7 46 34 25 25 23 29 29 44 1 37 30 22 34 3 23 33 25 33 25 44 22 13 26 29
split_gain=35.1028 10.7803 5.93911 4.85945 7.85112 6.33494 5.73815 5.30263 5.03855 4.84368 4.66178 6.46776 4.71777 4.25701 4.34935 4.22186 4.00229 4.46133 5.4228 7.55403 7.22958 5.098 5.07369 4.65247 5.25309 3.97156 5.22824 6.88135 3.95245 4.77604
threshold=0.90160011258851724 0.32786063007132366 0.98366682711739506 1.0021684765815737 0.63948613405227672 42.671684265136726 3.060747415403664e-07 0.69456860423088085 0.00058246671687811624 0.005258754827082158 2.7286300659179692 0.16849999874830249 0.37350000441074377 -3.0309317354864791 -0.38844199478626246 0.45979529746739395 -0.01924954634159803 -0.76148098707199086 0.70875766873359691 34.97826004028321 -4.2393336296081534 0.12466853111982347 0.0020559314871206884 0.083929426968097701 0.0021615105215460066 -0.12255789599370286 -2.9368635416030879 0.13332200050354007 0.99743333458900463 1.1474999785423281
decision_type=2 2 2 2 2 2 2 2 2 2 2 2 2 2 2 2 2 2 2 2 2 2 2 2 2 2 2 2 2 2
left_child=1 28 10 6 -5 -6 7 8 -3 -8 25 -12 -13 -10 -15 -16 -9 18 -18 -20 -21 23 -22 24 -19 -2 -27 -28 -1 -30
right_child=2 3 -4 4 5 -7 9 16 13 -11 11 12 -14 14 15 -17 17 21 19 20 22 -23 -24 -25 -26 26 27 -29 29 -31
leaf_value=-0.012671092010388504 0.010831710502542391 -0.0046945192597431205 0.0094500704022232561 -0.015577577141418379 0.0042644539967287114 -0.0080711902879596308 -0.014325769595168259 -0.0054346710755384135 0.012773449079417727 -0.0012391550631850473 -0.0092226295824270159 0.0090210261504882535 -0.0031265342185988971 0.0081640879738107668 -0.0029453553335239001 0.0026465270482950226 -0.00866364759750444 -0.0041197043358460464 0.0087596111695414317 -0.011884523904454044 0.0061124320804339929 0.0039398548897488306 -0.0067128413033014887 -0.00766262573562323 0.0096137354556306009 0.0073483865544330161 0.0034076181264176266 -0.010079840944432062 -0.0038755087123353046 0.0052915973841947926
leaf_weight=4.8159156590700141 10.543175265192984 9.6925855129957181 25.890951879322529 5.0177944153547314 8.9949475973844546 7.5218737274408332 4.6783149391412717 16.876563593745232 4.0454082041978827 7.4513321220874786 5.7611606940627125 6.881618455052374 5.6661784276366234 11.354842752218245 16.477314606308937 70.058191582560539 11.06203582882881 6.0943330377340335 6.6796238571405437 6.6276047974824932 7.5492172837257367 35.28781071305275 5.0388966798782349 8.9988269060850126 4.8986040353775024 21.859509766101834 16.947961412370212 4.7544805333018294 113.96485628187656 5.8066417425870887
leaf_count=20 79 42 236 21 40 33 20 76 22 33 35 48 37 59 68 335 50 27 32 29 36 164 22 40 22 163 115 30 484 24
internal_value=-1.51431e-06 -0.00138501 0.00531808 -0.00020021 -0.00473572 -0.00130787 0.000216768 0.000590065 0.00212433 -0.0064442 0.00381594 -0.000494439 0.00347517 0.00278646 0.00235092 0.00156806 -0.000970909 -0.000138345 -0.00283379 -0.000281158 -0.00350469 0.00164751 0.000887344 -0.00234845 0.00194145 0.00529122 0.00390563 0.000374295 -0.00379424 -0.00341869
internal_weight=477.299 378.994 98.305 254.406 21.5346 16.5168 232.872 220.742 111.628 12.1296 72.4141 18.309 12.5478 101.936 97.8903 86.5355 109.114 92.237 36.9574 25.8953 19.2157 55.2796 12.5881 19.9918 10.9929 54.1051 43.562 21.7024 124.587 119.771
internal_count=2442 1699 743 1171 94 73 1077 1024 526 53 507 120 85 484 462 403 498 422 169 119 87 253 58 89 49 387 308 145 528 508
is_linear=0
shrinkage=0.01


Tree=143
num_leaves=31
num_cat=0
split_feature=38 29 0 46 25 8 0 46 27 22 27 7 27 38 28 27 29 38 0 23 38 39 8 30 26 8 17 38 29 30
split_gain=22.3924 6.51036 6.82649 8.87532 5.06294 4.39752 5.31752 5.47802 4.27104 4.73623 4.32903 7.06385 4.15586 6.05906 8.62891 5.43544 6.78711 5.23027 5.64201 7.85116 5.10703 6.51976 5.05592 4.05703 5.64054 6.32814 4.86271 4.33287 4.14694 8.42757
threshold=0.055361534528273741 1.6954999566078188 -0.083535503596067415 3.3017693115474926e-08 0.0026742081390693788 1.3102654814720156 0.56033200025558483 1.7458228914848557e-07 0.027532018721103672 4.199775457382203 0.020118602551519874 27.001542091369632 0.02696425095200539 -1.0655159458811039 0.56943002343177807 0.026742820627987388 0.18349999934434894 -0.3599939838989164 0.048949500545859344 -1.8812044858932493 -1.8070276375733341 0.055555555555555559 0.99511799216270458 -0.0057351107243448487 1.0007501840591433 2.5797339677810673 1.0000000180025095e-35 0.27315646809972077 0.43549999594688421 0.007701385999098421
decision_type=2 2 2 2 2 2 2 2 2 2 2 2 2 2 2 2 2 2 2 2 2 2 2 2 2 2 2 2 2 2
left_child=4 2 -2 -4 8 -6 -7 -8 9 10 11 -1 13 14 15 16 -12 22 -19 -20 -18 -22 -15 27 26 -26 -25 -5 29 -28
right_child=1 -3 3 23 5 6 7 -9 -10 -11 12 -13 -14 17 -16 -17 20 18 19 -21 21 -23 -24 24 25 -27 28 -29 -30 -31
leaf_value=-0.00059238854622451604 0.0046629431177183317 -0.010176878017127201 -0.011547745952333615 -0.0105559041178828 -0.00093464157924360702 0.012825098889351842 0.0078362390885962432 -0.0058827803782897786 -0.0093135550178861121 -0.0058337472273823285 -0.0053541811904594342 0.012236115044273861 0.0046204622232672082 0.00042371699660989897 -0.013796590263319027 -0.011646191021520248 -0.0040258869138509908 -0.011950033444977234 0.0057485553807319493 -0.0093065222037552707 0.015206156513740488 2.5723181020705496e-05 0.011144005709474656 0.0069991976060991487 0.0017928365574984924 -0.0097874374843441043 0.0029184456764936046 0.0001233821497282885 0.0080728751164811999 -0.011509992483019179
leaf_weight=18.229841545224193 103.07942967116833 3.815622813999652 5.1671165302395812 4.4119953513145473 50.181082203984261 5.6040441244840649 5.6890641003847104 5.7158904224634171 9.1608461737632734 31.173669174313545 25.387382850050926 5.4614261090755454 7.9180244356393805 25.924155026674274 9.2893957644700986 6.7013757824897757 7.1143333315849331 6.3545618802309063 8.0716017782688141 5.8974602818489048 4.9470221251249296 6.7420520484447479 5.2582887411117545 33.341109953820705 17.500007115304474 6.3142229318618766 14.571687564253812 22.944934003055096 6.5504334941506377 5.4729414582252494
leaf_count=75 703 20 26 21 215 27 24 24 39 135 110 30 33 112 40 29 30 27 39 24 21 29 22 195 95 29 69 123 35 27
internal_value=0.000251314 0.00255682 0.00278742 0.00111356 -0.00179624 0.000539619 0.00492757 0.000882305 -0.00265619 -0.00229578 -0.0015156 0.00236187 -0.00229333 -0.00279612 -0.00494908 -0.00329063 -0.00197753 -0.000256426 -0.00420948 -0.000557293 0.00253276 0.00660966 0.00229329 0.00172123 0.0028169 -0.00126389 0.00445437 -0.00159467 0.00121229 -0.001009
internal_weight=473.991 223.17 219.354 116.274 250.822 67.1901 17.009 11.405 183.631 174.471 143.297 23.6913 119.606 111.688 60.1816 50.8922 44.1908 51.5061 20.3236 13.9691 18.8034 11.6891 31.1824 111.107 83.7504 23.8142 59.9362 27.3569 26.5951 20.0446
internal_count=2428 1343 1323 620 1085 290 75 48 795 756 621 105 516 483 259 219 190 224 90 63 80 50 134 594 450 124 326 144 131 96
is_linear=0
shrinkage=0.01


Tree=144
num_leaves=31
num_cat=0
split_feature=37 37 34 9 44 22 27 38 37 33 44 29 44 38 38 0 27 7 9 30 44 44 3 29 34 37 23 13 30 27
split_gain=39.5659 6.64189 7.41236 5.70459 5.62723 5.85977 5.00199 10.4673 6.54369 4.68252 7.25219 4.63276 4.3713 4.32172 4.85865 8.52746 4.82604 4.72202 3.93685 3.89867 4.39674 7.46973 4.93212 4.52796 4.64703 5.57782 6.18824 4.1822 6.45741 5.23568
threshold=0.85588966133151145 0.52651234566660043 0.57082179188728344 0.35495699942111975 2.4047871285601308 -10.681896209716795 0.020643461495637897 1.2121399556617005 0.95313841510818531 0.52045738697052013 1.1736293517664647 0.075500000268220915 -1.9425331284228891 -2.8030649757936845 -1.5274733938292093 -0.948767989873886 0.026691175065934662 56.16339302062989 0.30367501080036169 0.057184683158993728 -0.80255136933026161 -0.36623733278069942 46.253377914428718 0.15349999815225604 0.71788644790649425 0.79696439844135514 8.8054957389831561 -0.0097925001755356771 0.0070639906916767367 0.027258643880486492
decision_type=2 2 2 2 2 2 2 2 2 2 2 2 2 2 2 2 2 2 2 2 2 2 2 2 2 2 2 2 2 2
left_child=1 11 -3 6 12 -6 -2 8 18 19 -11 -1 -5 -13 -15 16 -16 -17 -8 20 23 -22 27 -4 25 26 -25 28 -23 -29
right_child=3 2 9 4 5 -7 7 -9 -10 10 -12 13 -14 14 15 17 -18 -19 -20 -21 21 22 -24 24 -26 -27 -28 29 -30 -31
leaf_value=0.0062898104267195823 0.0053549933389859953 -0.010495854097926378 -0.011461779458025088 -0.001478284831785329 0.0043900641367777635 -0.013451520141071134 0.0037660742807705074 -0.014741888868346539 0.011424200391102271 0.007199405074084818 -0.0063300757015092805 0.0028680667981514003 0.0080897450404961366 -0.0059848659022801679 0.012310619237653571 -0.0038208132896329701 0 0.004877173154112696 -0.0081308915052693918 -0.008073390282506478 0.010060666053348218 -0.0065922662108183093 -0.0087552428645494337 0.0087372618677775196 -0.0072611990709336681 -0.0079614930301528924 -0.0046174469925843601 0.0043294881171608637 0.005430127932791168 -0.0060453372831663346
leaf_weight=5.1346625834703437 20.372196115553379 6.4866492450237265 5.2464528679847708 4.9309173524379721 5.622673511505127 2.5975239500403386 5.379906892776491 4.6009365096688262 5.1261441037058821 18.96340008080006 4.8417304456233969 10.857327997684477 65.589198306202888 57.236462756991386 5.4368175119161588 107.49456100165844 7.1849493831396103 6.4434629827737799 5.4366487115621567 6.2688541710376731 8.5852456539869291 13.628913149237627 5.53204122185707 10.243806883692747 9.1529841572046262 4.793786793947219 5.036072075366973 34.958014816045768 6.4522408843040457 5.4858925491571418
leaf_count=21 131 28 23 32 46 17 30 29 40 91 22 45 512 247 24 449 30 27 29 27 40 60 23 50 40 22 22 170 30 25
internal_value=-3.73477e-05 -0.00175607 -0.000124826 0.00491383 0.00649172 -0.00122147 0.00184446 -0.00159741 0.0022019 0.000358504 0.00439084 -0.00293984 0.00740542 -0.00319154 -0.0035563 -0.00244624 0.00529372 -0.00331631 -0.00214172 -0.000467836 -1.47368e-05 0.00134006 0.000178055 -0.0029725 -0.00138061 0.0012739 0.00426928 0.00102416 -0.00267205 0.00288612
internal_weight=465.12 345.464 145.676 119.656 78.7403 8.2202 40.9158 20.5436 15.9427 139.189 23.8051 199.788 70.5201 194.654 183.796 126.56 12.6218 113.938 10.8166 115.384 109.115 74.6423 66.0571 34.4731 29.2266 20.0737 15.2799 60.5251 20.0812 40.4439
internal_count=2382 1516 673 866 607 63 259 128 99 645 113 843 544 822 777 530 54 476 59 532 505 348 308 157 134 94 72 285 90 195
is_linear=0
shrinkage=0.01


Tree=145
num_leaves=31
num_cat=0
split_feature=37 37 46 37 27 34 25 26 38 10 27 39 9 39 34 4 28 10 34 29 46 46 2 46 33 38 14 34 26 23
split_gain=29.4891 8.10682 7.69227 6.08998 5.26456 3.99397 4.76104 5.40037 4.87519 4.01557 4.43884 4.04806 6.94217 8.11685 6.88638 7.42897 7.39252 6.84378 5.23129 11.4724 5.36154 4.5212 4.02988 4.05066 3.77651 5.03065 5.30251 4.06372 3.95948 5.07028
threshold=0.85588966133151145 0.2375684916372196 3.926531045794213e-07 0.98366682711739506 0.018895236775279049 0.5505320429801942 0.0058029021602123984 1.0031949877738955 -0.050493975191121608 -13.37386894226074 0.025953792966902259 0.082903780068728533 0.34355050325393682 0.065656565656565677 0.68705186247825634 567.02804565429699 0.45854911208152777 -3.6757088899612422 0.71574014425277721 0.29549999535083776 1.0249706266283057e-07 8.2630535878805181e-08 3548.035278320313 1.3707713219729876e-07 0.27630662918090826 -0.95217788863302655 -0.23900549858808515 0.65042108297348034 1.0006190538406374 -4.0547350645065299
decision_type=2 2 2 2 2 2 2 2 2 2 2 2 2 2 2 2 2 2 2 2 2 2 2 2 2 2 2 2 2 2
left_child=1 24 3 -2 -3 -6 7 9 -8 10 -7 12 13 22 15 16 -13 -16 19 -19 -20 -14 23 -11 25 26 -1 -26 29 -28
right_child=2 4 -4 -5 5 6 8 -9 -10 11 -12 14 21 -15 17 -17 -18 18 20 -21 -22 -23 -24 -25 27 -27 28 -29 -30 -31
leaf_value=-0.011887224726266452 0.0033003412397022277 0.010985223803669132 -0.0086037221039720491 0.0089111992734539729 -0.006978155672634748 0.0089608646140057289 0.012220524679684569 -0.011465523595855318 -0.0012386209724078317 -0.0022071664279324867 -0.00024460661541740342 0.0046655444334109102 2.2651394723633798e-06 0.010302459297448363 -0.0087359730924333207 -0.010888605641618719 -0.0053941742525274129 0.0053689939490608671 -0.0043355422194281392 -0.011152325055587116 0.0096485345271596131 0.0076332068128376089 0.0052740449411219524 -0.010072209365103816 -0.0029338673859559189 0.0061702951442880443 -0.0067109068060700883 -0.0089656777864309343 -0.0071304547414324151 0.0034274838411092953
leaf_weight=6.2437492012977591 93.804546974599361 3.637351766228675 4.5232301950454703 24.819030568003654 10.481224477291105 8.3989816904068011 5.5492200255393982 4.7311576008796683 4.8749702274799329 57.930810138583183 13.114986315369604 26.933088600635529 14.955666705965998 5.2956242710351935 25.98906746506691 5.0397223383188239 9.8447855859994871 6.5510444492101731 4.5480973571538907 11.119239926338194 6.4010244011878967 16.660523787140846 6.0781060606241217 7.429633066058158 21.250881224870682 6.103866606950759 6.9112594276666632 25.390238091349602 9.830962121486662 16.45528776943684
leaf_count=28 636 18 27 232 44 44 24 20 21 247 62 123 68 24 111 22 43 30 20 47 29 76 28 31 92 25 29 112 41 69
internal_value=-0.000207264 -0.00169849 0.0039936 0.00448921 -0.000775979 -0.000954048 -0.000685619 -0.000988582 0.00587925 -0.000760151 0.00332774 -0.00119592 0.000121888 -0.0014935 -0.00268565 0.000346293 0.00193829 -0.0050221 -0.00159606 -0.00497523 0.00376259 0.0040664 -0.00239507 -0.0031305 -0.00424147 -0.0021525 -0.00347816 -0.00625098 -0.00183561 0.00037036
internal_weight=470.897 347.751 123.147 118.624 255.564 251.927 241.446 231.022 10.4242 226.29 21.514 204.776 108.35 76.7342 96.4261 41.8176 36.7779 54.6085 28.6194 17.6703 10.9491 31.6162 71.4385 65.3604 92.1862 45.5451 39.4413 46.6411 33.1975 23.3665
internal_count=2423 1528 895 868 1132 1114 1070 1025 45 1005 106 899 474 330 425 188 166 237 126 77 49 144 306 278 396 192 167 204 139 98
is_linear=0
shrinkage=0.01


Tree=146
num_leaves=31
num_cat=0
split_feature=37 37 46 9 18 44 37 32 32 8 33 9 33 3 8 22 0 1 33 33 33 18 26 7 26 25 4 44 30 39
split_gain=25.7593 5.92886 5.37498 6.87186 5.97051 5.34589 4.45418 4.59559 3.97984 5.16464 3.96623 4.6191 3.8082 4.76311 3.69396 3.54415 3.45868 3.90788 4.85193 4.48752 4.37172 5.06964 4.51913 3.21514 2.92526 4.62364 3.08871 2.90322 2.85914 5.00143
threshold=0.86344190732857673 0.97718315352418672 8.1828768819022365e-08 0.34812349081039434 0.40610599517822271 -3.2476009500128158 0.2375684916372196 -0.0012551185791380701 0.014469468034803869 5.9157114028930673 0.21969725191593173 0.4505975097417832 0.79106223583221447 44.623849868774421 4.2216238975524911 7.1942574977874765 -1.8704065084457395 -0.25575350224971766 0.41053815186023718 0.040893530473113067 0.088379789143800749 0.4919355064630509 0.99999213218688976 23.677868843078617 0.99950721859931957 0.001809503883123398 -431.68226623535151 2.4047871285601308 -0.0063092242926359168 0.055555555555555559
decision_type=2 2 2 2 2 2 2 2 2 2 2 2 2 2 2 2 2 2 2 2 2 2 2 2 2 2 2 2 2 2
left_child=5 2 3 4 -2 -1 16 -8 9 12 11 28 15 -14 27 -9 -7 -18 19 -19 -21 22 -22 -12 -20 26 -26 -3 -4 -30
right_child=1 14 10 -5 -6 6 7 8 -10 -11 23 -13 13 -15 -16 -17 17 18 24 20 21 -23 -24 -25 25 -27 -28 -29 29 -31
leaf_value=0.0093484438246611845 0.00067785961861455168 0.010146124150091107 -0.0017512076790646412 0.0035311256234826218 -0.011895363614732785 -0.011410058837297867 -0.007614195268356108 9.4763970230064734e-05 -0.0084988326037331793 0.0073203610204169442 -0.0013375833915019936 -0.0065942079306815452 -0.0086730230798198124 0.0010790329205511027 -0.0013666520377780666 -0.0072778244067330843 0.0058405400035966351 -0.0087184634364177796 -0.011844622788615517 0.0080895752932588078 0.0098275998056740598 -0.004271632973166203 -0.0015468504632195513 0.0087212922799378197 -0.010768208292571553 0.0038548697328745236 -0.00099396028222169556 0.00035454411047709371 -0.00070520227853990527 0.012091303279733035
leaf_weight=4.5386022776365271 7.4755324125289899 25.532853484153751 5.4349396079778733 19.642186678946018 7.2337776273488998 5.0355918258428565 9.2971970438957197 198.47842618823051 5.9320014268159857 8.5334588289260846 3.4470079690217998 5.0672778859734526 12.040077775716783 8.2089178562164289 3.7214382886886588 6.6360779702663413 4.6962165087461463 7.3324072360992423 8.1907636821270007 5.327970251441001 5.9216456264257413 24.196665212512016 7.9811811000108719 23.609707839787006 9.3469946980476397 4.736718237400054 5.3110529482364646 3.6838699355721465 4.9933567196130735 7.1958558484911919
leaf_count=24 46 239 34 136 37 22 39 881 25 42 21 32 51 36 30 28 20 31 36 22 25 103 34 166 42 20 23 33 30 48
internal_value=9.73368e-05 0.00414636 0.00271381 -0.000301603 -0.00547647 -0.00128723 -0.00143607 -0.000746906 -0.000473459 -0.000262104 0.00481247 0.00166105 -0.000556771 -0.00468453 0.00775446 -0.000142319 -0.00337099 -0.00285834 -0.0033993 -0.00153358 -0.000280249 -0.00149501 0.00326205 0.00740277 -0.00677833 -0.00453766 -0.0073252 0.00895106 0.00411482 0.00680471
internal_weight=458.78 117.038 84.0996 34.3515 14.7093 341.742 337.203 249.126 239.829 233.897 49.7481 22.6914 225.363 20.249 32.9382 205.115 88.0772 83.0416 78.3454 50.7599 43.4275 38.0995 13.9028 27.0567 27.5855 19.3948 14.658 29.2167 17.6242 12.1892
internal_count=2356 852 550 219 83 1504 1480 1102 1063 1038 331 144 996 87 302 909 378 356 336 215 184 162 59 187 121 85 65 272 112 78
is_linear=0
shrinkage=0.01


Tree=147
num_leaves=31
num_cat=0
split_feature=37 37 26 33 1 23 29 37 44 29 44 44 44 8 34 22 22 8 39 17 37 37 30 31 30 6 13 46 26 30
split_gain=28.1723 11.3434 6.31137 4.2156 4.42576 6.03145 4.18871 3.98704 5.36932 4.75173 3.90937 3.90493 12.2903 5.44446 4.70568 5.08248 5.65634 5.55836 7.90812 7.36319 4.78415 5.13043 3.61775 3.37136 3.7627 5.96582 4.84288 3.91222 6.72472 3.81167
threshold=0.90160011258851724 0.43467481639369016 1.0027483701705935 0.034477530047297485 0.16780500113964084 -5.5258288383483878 1.2680000066757204 0.9761275923501338 -1.5521823723640245 0.11850000172853471 -2.8503094510733296 -0.090293942887631776 -0.38640183741091499 -0.46832899749279017 0.56684026122093212 -1.2714995145797727 1.2420715093612673 -4.1900434494018546 0.025252525252525259 -0.5617450177669524 0.67274043001872974 0.81029097699470398 0.047386938706040389 0.0034853938268497591 0.0079697081819176691 0.057730501517653472 0.10255200043320657 1.274388375851117e-07 0.99865898489952099 -0.015408577397465704
decision_type=2 2 2 2 2 2 2 2 2 2 2 2 2 2 2 2 2 2 2 2 2 2 2 2 2 2 2 2 2 2
left_child=1 2 10 4 5 -3 7 9 -9 -2 -1 12 23 -14 -13 17 -17 22 19 -19 -20 -22 -16 24 27 26 -26 29 -29 -5
right_child=6 3 -4 11 -6 -7 -8 8 -10 -11 -12 14 13 -15 15 16 -18 18 20 -21 21 -23 -24 -25 25 -27 -28 28 -30 -31
leaf_value=0.0048424417769150612 -0.0064817069514623658 -0.0073503164716350001 0.0079454485996916253 -0.0060605663098408768 -0.011111188826377977 0.0080581595281175727 -0.0050355402991613197 -0.0043129504345564137 0.009367016276781593 0.0045122522520755102 -0.0037887977656574142 -0.0072337849044665017 -0.017353860234866545 -0.0032230225114422261 0.0055086569492042072 0.0074067393048369871 -0.0010684908557673004 -0.00049809341018058374 -0.0061159622251623384 -0.018479454592444215 0.010303405087749027 -0.0024535414352060874 -0.0042051404802188001 0.0086559730916212184 -0.0046745096891443287 -0.01298457915326709 0.0088164338470302604 -0.0028369877535669471 0.012041322127812351 0.0014070530092862887
leaf_weight=5.2507727295160285 4.0786255151033393 5.5041255801916131 4.83188273012638 8.3525415658950788 6.1418763995170584 4.5378556698560724 3.8886303454637519 3.0020471215248099 30.627295300364494 54.431430570781231 153.07134661078453 4.9240980595350257 5.6125140637159348 5.7208625227212888 22.458439156413082 31.191738218069077 10.230028063058851 4.4919768571853638 5.7738584131002453 4.7918373346328753 7.1396687626838666 5.3449173122644424 4.4233829975128165 4.885591208934783 7.6401208639144915 5.0354439914226523 3.9545496553182602 4.7664476186037046 7.7139047384262085 35.611295536160469
leaf_count=22 26 25 20 39 26 21 25 23 288 379 648 22 23 25 110 152 51 22 25 21 34 28 20 23 34 23 21 22 37 167
internal_value=7.868e-05 -0.00117376 -0.0031438 0.000380583 -0.00449366 -0.000278004 0.00490319 0.00533849 0.00810701 0.00371907 -0.00349335 0.000803028 -0.000710924 -0.0103989 0.00215384 0.00265359 0.00529198 0.000621178 -0.00250978 -0.00998376 0.00126969 0.00478632 0.00386354 0.000696172 0.000139229 -0.0040117 0 0.00138483 0.00630218 0
internal_weight=465.429 369.401 163.154 206.247 16.1839 10.042 96.028 92.1394 33.6293 58.5101 158.322 190.063 89.2933 11.3334 100.77 95.8458 41.4218 54.4241 27.5423 9.28381 18.2584 12.4846 26.8818 77.9599 73.0743 16.6301 11.5947 56.4442 12.4804 43.9638
internal_count=2402 1661 690 971 72 46 741 716 311 405 670 899 414 48 485 463 203 260 130 43 87 62 130 366 343 78 55 265 59 206
is_linear=0
shrinkage=0.01


Tree=148
num_leaves=31
num_cat=0
split_feature=37 10 9 27 46 37 27 37 25 44 46 27 27 34 28 6 3 38 37 25 25 3 23 33 38 33 34 11 3 30
split_gain=24.179 6.16063 5.6847 9.09303 12.3974 5.369 5.19467 4.80431 4.80292 4.55671 4.16929 4.09671 3.98403 3.94613 3.93372 7.3021 3.82399 3.66813 4.36582 5.28771 3.98813 7.73118 6.31591 6.6664 5.78935 5.22755 5.1645 4.91497 4.69545 7.24449
threshold=0.85588966133151145 -20.436865806579586 0.4505975097417832 0.025381789542734626 1.7714129273632906e-07 0.057691606747407219 0.027532018721103672 0.95952951257432106 0.0023709986126050357 -3.1551613232378553 3.8093476560846609e-08 0.020547763444483284 0.020237275399267677 0.71825444698333751 -0.63343122601509083 0.045594999566674239 45.163158416748054 1.1766577304395884 0.82743436460026487 0.0025604055263102059 0.0010533145396038892 42.59704780578614 0.37639250047504907 0.75940072536468517 -1.4321937993959413 0.61143791675567638 0.59194427728652965 1.0000000180025095e-35 44.739616394042976 0.00097287190146744262
decision_type=2 2 2 2 2 2 2 2 2 2 2 2 2 2 2 2 2 2 2 2 2 2 2 2 2 2 2 2 2 2
left_child=2 -2 5 -4 -5 11 9 10 -8 -7 -3 -1 13 -12 -14 -16 -17 18 20 -20 21 -11 23 24 27 -26 -25 -22 -23 -30
right_child=1 7 3 4 -6 6 8 -9 -10 17 12 -13 14 -15 15 16 -18 -19 19 -21 22 28 -24 26 25 -27 -28 -29 29 -31
leaf_value=-0.012108104085970609 -0.0083314458957554228 -0.0064758672062915062 0.0094331809953304147 -0.0093641574508071222 0.0090770928526775173 0.0077129414571025521 -0.013329714059911494 0.0068975150097932009 -0.0014241845526849898 -0.0096522504583310825 0.010062654755897418 -0.0018623667101091996 -0.0052610368151886563 -0.00085638640171125421 -0.0063260423164530049 0.0066679650598494445 -0.0027567982739492374 0.0070036116671848923 -0.0015661390952914117 -0.014695264065465874 0.004486163587727853 0.0058965712946856506 -0.0021470176273085508 0.0014884506324269878 0.0029460477384583537 0.013912725442572193 -0.011628050032074504 -0.0064538401280044982 -0.0011266239971633588 -0.013739681441387879
leaf_weight=8.0612644404172915 3.6979269906878462 4.4108506739139548 12.720648258924486 9.0522429198026639 5.9292818158864966 5.9306003749370566 6.5160411894321424 49.852187283337116 7.4359733760356903 13.815258204936979 13.477302700281145 8.073500990867613 6.5512341409921637 4.140600010752677 6.6441278606653205 25.835318021476272 4.9389127343893042 5.4008761197328559 7.9887076169252378 5.1208487302064896 6.1033166497945794 7.6544257104396811 87.8193648904562 5.3775598704814893 68.742661774158478 4.6216142624616614 6.3173220455646515 11.71798250079155 44.506437167525291 5.0141112804412833
leaf_count=37 23 24 63 39 25 30 28 441 32 60 89 36 40 24 39 168 29 27 39 23 26 34 373 23 311 21 27 50 190 21
internal_value=0.000255507 0.00412937 -0.00108897 0.00323589 -0.00198751 -0.00147191 -0.00116447 0.00454258 -0.00711091 -0.000868635 0.0027409 -0.007086 0.00342664 0.00744965 0.00177874 0.00304866 0.00511898 -0.00105652 -0.00122106 -0.00684276 -0.000933115 -0.00295554 -0.000173849 0.0015012 0.00242165 0.00366851 -0.00555053 -0.00264726 -0.00130592 -0.002449
internal_weight=463.469 119.548 343.92 27.7022 14.9815 316.218 300.083 115.851 13.952 286.131 65.9983 16.1348 61.5875 17.6179 43.9696 37.4184 30.7742 280.2 274.8 13.1096 261.69 70.9902 190.7 102.88 91.1856 73.3643 11.6949 17.8213 57.175 49.5205
internal_count=2392 877 1515 127 64 1388 1315 854 60 1255 413 73 389 113 276 236 197 1225 1198 62 1136 305 831 458 408 332 50 76 245 211
is_linear=0
shrinkage=0.01


Tree=149
num_leaves=31
num_cat=0
split_feature=37 37 44 14 6 38 9 46 25 10 28 25 39 46 38 18 27 28 38 38 7 9 39 39 16 44 9 25 26 27
split_gain=28.5556 8.99404 7.03931 6.72318 4.92123 5.55122 4.28313 5.7453 5.7216 5.6214 4.80366 5.38537 6.91314 4.21363 4.29883 4.21249 9.42337 5.4466 4.17348 8.13848 5.91501 5.73505 4.84773 5.60471 4.47126 7.53157 4.81867 4.78642 4.09681 5.80351
threshold=0.67274043001872974 0.97718315352418672 -3.0309317354864791 0.72371649742126476 0.055904000997543342 1.3802286531028489 0.36741951107978826 3.6463632330573428e-07 0.0005307241517584772 -5.8343186378478995 -0.53555905818939198 0.0026030485751107339 0.10606060606060606 9.5673141216942536e-08 0.55371285340972609 0.57603701949119579 0.026784881018102173 -0.63998839259147633 -2.8030649757936845 -1.8436286080767224 25.087889671325687 0.33987699449062353 0.082903780068728533 0.1262626262626263 0.60785751044750225 0.78250190684261356 0.37037900090217596 0.0028602217789739375 0.99872648715972911 0.025888551026582721
decision_type=2 2 2 2 2 2 2 2 2 2 2 2 2 2 2 2 2 2 2 2 2 2 2 2 2 2 2 2 2 2
left_child=2 3 -1 6 -3 -6 8 15 -2 -10 -11 13 -13 14 -12 -8 17 -17 21 20 -20 -4 -21 -24 25 27 -27 -25 -26 -30
right_child=1 4 18 -5 5 -7 7 -9 9 10 11 12 -14 -15 -16 16 -18 -19 19 22 -22 -23 23 24 28 26 -28 -29 29 -31
leaf_value=0.010022014084010877 -0.010014513295000154 0.011213401209709064 -0.0025813079238379711 -0.011241366143528589 0.0058918449959019263 -0.0093032585422073866 0.0065874920596153772 -0.0055867095193004122 -0.0012463633596228813 0.011392151250271678 0.0073032973738886764 -0.01185920157182218 0.0055981559153169989 0.012617955963790249 -0.0039169125560487416 -0.0056996308617968654 -0.0081280388981193157 0.0057049193709055738 -0.00054523287205266965 -0.0007490744604471437 -0.01021747115144434 0.011376793893522932 -0.010978906095564052 -8.1175814139715396e-05 0.0030311377822853521 -0.010784010499954208 -0.0015615069429340059 0.0090753436299649531 -0.0046107752184662903 -0.014760430857873059
leaf_weight=4.2679256349802008 4.980549953877925 15.998653642833231 7.1617667526006681 3.9074003100395194 14.620615877211096 2.7386041656136504 37.716827273368835 6.3899251371622077 49.247015677392483 6.9641118049621573 7.1682287603616768 5.0798382759094221 3.8666866645216942 5.3127774372696868 6.2373206838965416 4.6858932673931077 7.477736607193946 30.415808856487278 8.8780958503484708 103.94080328941345 24.090197324752808 4.7767615169286728 9.9042009115219098 21.814913108944896 4.6865942478179923 9.498192563652994 14.686999559402464 7.532362923026084 28.427079662680626 7.1916686594486228
leaf_count=21 23 154 30 18 133 21 233 31 258 41 36 25 21 32 36 29 35 194 38 441 105 20 42 93 20 40 64 33 122 30
internal_value=-0.00027625 0.0024297 -0.00252211 0.00153416 0.00719842 0.00339782 0.00183046 0.00341161 0.000274592 0.000908665 0.00399696 0.00206502 -0.00422512 0.00513103 0.00201838 0.00414619 0.00194989 0.0041422 -0.00274191 -0.00303047 -0.00765258 0.00296856 -0.00228859 -0.00381923 -0.00304202 -0.00112077 -0.00525411 0.00225784 -0.00555994 -0.00672364
internal_weight=469.666 212.808 256.858 179.45 33.3579 17.3592 175.543 86.6862 88.8565 83.876 34.629 27.6649 8.94652 18.7183 13.4055 80.2963 42.5794 35.1017 252.59 240.651 32.9683 11.9385 207.683 103.742 93.8378 53.5325 24.1852 29.3473 40.3053 35.6187
internal_count=2419 1320 1099 1012 308 154 994 522 472 449 191 150 46 104 72 491 258 223 1078 1028 143 50 885 444 402 230 104 126 172 152
is_linear=0
shrinkage=0.01


Tree=150
num_leaves=31
num_cat=0
split_feature=37 44 6 46 6 29 26 38 17 37 10 38 34 37 44 22 6 44 2 38 39 26 29 10 27 37 34 26 38 26
split_gain=32.1368 6.84847 4.55812 7.85447 7.03784 4.44151 5.16041 4.42347 6.26748 4.08212 4.01969 3.98736 3.898 3.77442 5.21139 5.49771 4.30979 3.82752 3.51609 3.37862 4.26165 7.53466 5.88117 5.59985 4.85806 4.84622 3.754 3.73343 3.26098 3.07292
threshold=0.85373109369193234 -3.2476009500128158 0.056751500815153129 3.926531045794213e-07 0.058339500799775131 0.44249999523162847 1.0012690424919131 1.0726141652773127 -1.0000000180025095e-35 0.32407000768948008 8.2333428859710711 -2.8030649757936845 0.5505320429801942 0.95952951257432106 0.37008241683801796 -1.6687070131301878 0.042023999616503722 1.4912304625992321 3535.3725585937505 -1.8436286080767224 0.055555555555555559 1.0000473856925967 0.19950000196695331 -3.0074909925460811 0.020516301505267624 0.10167917640472178 0.62935966253280651 1.0006811022758486 -1.4321937993959413 1.0009059309959414
decision_type=2 2 2 2 2 2 2 2 2 2 2 2 2 2 2 2 2 2 2 2 2 2 2 2 2 2 2 2 2 2
left_child=1 -1 13 4 -4 6 7 10 -9 11 -6 18 -11 14 16 17 -2 -16 -3 26 21 25 -22 28 -23 -21 -13 -26 -24 -30
right_child=2 9 3 -5 5 -7 -8 8 -10 12 -12 19 -14 -15 15 -17 -18 -19 -20 20 22 24 23 -25 27 -27 -28 -29 29 -31
leaf_value=0.011178682938296292 0.00060700308609241244 -0.0031892789622114648 -0.0096684190409472744 -0.011996379475202832 0.008131141839486376 0.0077221401279519925 -0.010577677973541389 0.0033203795445339809 -0.013041401289520832 -0.0085289310692051416 -0.0044803107710513377 -6.6742764129640238e-05 -0.000798098913681963 0.0093208267068484903 0.0097490980118453315 -0.01035865729215227 0.0097527680756977105 -0.0039824436383623998 0.0084140859057696936 0.00282987092166293 -0.011318219634667897 -0.0014669383711521198 0.0058776107012099323 -0.0074087586655517792 0.015084535728065262 -0.007564932156514049 -0.0086938467481514365 0.0024767578062137993 0.0021472715771241793 -0.007880117739110749
leaf_weight=3.9665349572896949 7.9066003113985088 4.9833621829748136 3.8025118708610526 3.4855755344033232 15.214748099446306 21.290780775249004 2.9379573464393607 6.8700878843665123 3.3934510797262174 6.6620420813560477 2.8508067876100531 6.7584779709577587 217.77120454609394 24.277440436184406 4.4560386538505554 4.180991515517233 16.20110747218132 3.4586217403411865 5.1277797967195511 6.2517447322607067 10.769423007965086 7.3904244452714947 7.474367111921306 14.782088354229929 5.045141473412512 14.451008498668669 22.959229573607445 4.8137887567281723 6.3350191712379473 5.5637911409139633
leaf_count=21 44 21 21 21 113 163 20 49 23 28 18 29 972 223 29 24 109 21 21 27 49 31 31 64 21 60 101 20 26 23
internal_value=-0.000161146 -0.00169171 0.00429433 0.00230529 0.00322716 0.00419572 0.00174563 0.00309154 -0.00206649 -0.00184483 0.00607225 -0.0033145 -0.00103573 0.00623892 0.00412471 -0.00115616 0.00680944 0.00364897 0.00262211 -0.00385835 -0.00279455 -0.000297183 -0.00487676 -0.00278942 0.00454163 -0.00437936 -0.00677219 0.00911567 0.000703818 -0.00248471
internal_weight=471.432 351.105 120.327 59.8459 56.3603 52.5578 31.2671 28.3291 10.2635 347.139 18.0656 122.706 224.433 60.4808 36.2034 12.0957 24.1077 7.91466 10.1111 112.595 82.8768 37.9521 44.9247 34.1553 17.2494 20.7028 29.7177 9.85893 19.3732 11.8988
internal_count=2423 1545 878 428 407 386 223 203 72 1524 131 524 1000 450 227 74 153 50 42 482 352 159 193 144 72 87 130 41 80 49
is_linear=0
shrinkage=0.01


Tree=151
num_leaves=31
num_cat=0
split_feature=38 1 14 17 28 38 38 9 30 28 30 1 27 27 29 34 34 18 25 16 30 39 33 34 14 26 13 3 27 7
split_gain=23.3241 7.78597 6.03952 5.08548 4.87499 4.20356 6.70991 8.26662 6.55703 8.10564 4.71047 4.66635 8.26437 8.95262 9.11766 5.52014 6.08629 4.89377 4.34797 5.63772 4.0241 4.00083 5.31733 6.76331 9.19874 5.46163 5.07205 4.15834 3.90293 5.91617
threshold=-0.010248791202891318 -0.50438550114631642 -0.21101649850606916 1.0000000180025095e-35 0.87602171301841747 -1.5274733938292093 -2.8030649757936845 0.33864499628543859 0.031968496739864356 0.6992747187614442 0.072810765355825438 0.11490450054407121 0.024717378430068496 0.020516301505267624 0.19649999588727954 0.66789972782135021 0.68278983235359203 0.47407850623130804 0.0021431248169392352 1.0000000180025095e-35 -0.0037020703312009569 0.95500505561172921 0.18200140446424487 0.7189050316810609 -0.011832500342279671 1.0007060170173647 0.16834650188684466 42.59704780578614 0.026918298564851287 23.677868843078617
decision_type=2 2 2 2 2 2 2 2 2 2 2 2 2 2 2 2 2 2 2 2 2 2 2 2 2 2 2 2 2 2
left_child=5 2 20 4 21 6 7 -1 11 10 -10 15 13 14 -13 -7 -17 -15 19 -18 -2 22 23 24 26 -24 -3 -27 29 -8
right_child=1 3 -4 -5 -6 8 28 -9 9 -11 -12 12 -14 17 -16 16 18 -19 -20 -21 -22 -23 25 -25 -26 27 -28 -29 -30 -31
leaf_value=-0.0071236899014813131 -0.0093950368775521115 0.0090856473133282736 0.0095620588173208915 -0.00044032708373500695 -0.0080140139636421248 -0.003284671063382285 -0.00041061967710895862 0.0092473658970803375 -0.0058542448480410668 -0.016728080247811569 0.005079746780959786 -0.0075066400321643243 -0.0052826188397743579 0.0008411105778828845 0.0027246702365930522 0.012835374553451085 0.0034572208683197698 0.012024594324999464 0.006536088007641219 -0.0070833181909204504 0.0044687741366164699 -0.0042061456323096574 0.0069746834399202467 0.005696607726862004 -0.012152569322345637 0.005496090264540926 -0.0040519175446018778 -0.0043821514190751512 0 -0.0089796707468436394
leaf_weight=5.2691625356674177 2.9905241429805756 5.3857624530792219 22.173350781202316 86.299065083265305 3.8799588531255713 16.013188883662224 10.667782202363012 7.0681101977825165 15.666892498731618 5.578039973974227 5.0744094103574744 16.613104075193405 42.649943962693214 7.6120884716510799 17.928080946207047 6.0268439501523963 12.102172069251539 8.4641606062650663 12.569329082965849 8.5419195592403394 6.3907176926732081 6.6245353370904914 50.138357348740101 13.784095592796801 7.3625763952732113 8.1220526471734065 6.1304955184459686 8.7158454507589322 9.3250779211521131 36.434202820062637
leaf_count=22 17 34 186 480 20 70 46 30 67 23 22 71 179 34 77 27 54 37 57 36 45 35 315 76 37 53 31 49 40 160
internal_value=-0.000179869 0.0021161 0.00672727 0.00136728 0.00279175 -0.00233284 -0.00443353 0.00217394 -0.00149886 -0.00609407 -0.0031197 -0.000674261 -0.0020425 0.000672916 -0.00217483 0.00161677 0.00364564 0.00682898 0.00191454 -0.00086906 0 0.00320286 0.0037092 0.000366238 -0.00348247 0.00532161 0.00203131 0.000328067 -0.00589717 -0.0070651
internal_weight=471.602 227.997 31.5546 196.443 110.144 243.605 68.7643 12.3373 174.84 26.3193 20.7413 148.521 93.2674 50.6174 34.5412 55.2535 39.2403 16.0762 33.2134 20.6441 9.38124 106.264 99.6392 32.6629 18.8788 66.9763 11.5163 16.8379 56.4271 47.102
internal_count=2430 1378 248 1130 650 1052 298 52 754 112 89 642 398 219 148 244 174 71 147 90 62 630 595 178 102 417 65 102 246 206
is_linear=0
shrinkage=0.01


Tree=152
num_leaves=31
num_cat=0
split_feature=37 37 37 0 46 27 30 46 41 30 22 33 39 10 8 10 46 9 41 33 39 33 7 10 41 27 28 26 28 18
split_gain=27.0869 7.26029 6.23363 6.57644 5.07654 8.16997 4.59603 4.20239 4.15514 4.05651 3.92391 5.57255 5.62968 5.18563 4.89828 4.32471 6.25891 4.95898 5.86931 4.97538 4.86879 5.50502 4.59785 3.4259 2.88033 2.78723 2.76855 2.73215 4.45931 4.2439
threshold=0.86344190732857673 0.52651234566660043 0.9605884686436067 -0.083535503596067415 8.1828768819022365e-08 0.020643461495637897 -0.0056204537395387879 2.9133067252335689e-07 0.5505320429801942 1.0000000180025095e-35 3.5967270135879521 0.27630662918090826 0.089388264669163567 -2.2961579561233516 1.2055044770240786 -6.0935151576995841 2.9850917401882124e-08 0.34437899291515356 0.70930787920951854 0.26022408902645117 0.62892078681552377 0.05609745346009732 57.55999946594239 -2.2961579561233516 0.67368516325950634 0.025230848230421547 -0.29598049819469446 0.99823674559593212 0.20071604102849963 0.50806450843811046
decision_type=2 2 2 2 2 2 2 2 2 2 2 2 2 2 2 2 2 2 2 2 2 2 2 2 2 2 2 2 2 2
left_child=1 10 3 9 5 -5 -6 -4 -3 27 14 13 23 26 15 22 -17 20 19 -19 21 -18 -1 -13 -23 -15 -12 -2 -29 -30
right_child=2 8 7 4 6 -7 -8 -9 -10 -11 11 12 -14 25 -16 16 17 18 -20 -21 -22 24 -24 -25 -26 -27 -28 28 29 -31
leaf_value=-0.0061205412222718348 -0.0057471628775499521 -0.0097231348576495066 0.0078162700740639478 0.0011997980867160807 -0.004462815564887636 -0.013453259868863903 0.0058444644132487249 -0.0039255234083596805 0.00051393287019075153 0.0098588795145504622 -0.0044207863390068871 -0.0084635553677858497 -0.012597646005534664 -0.0019477817853606389 0.0050279765199731132 0.0089675970921833398 0.004322689248641055 0.011061736288090625 -0.0065941774708851795 0.00088849635421821629 0.0051454352018953957 -0.0029219257118530328 0.0028585392179168389 0.0022164697518244902 -0.0084548873657208992 -0.010810827980755956 0.004478403356513362 0.0095465299777024708 -0.0076663298298948971 0.0065119734339024373
leaf_weight=38.274912938475609 3.1621606498956707 3.9686905294656745 43.821170307695866 8.6021247953176481 6.1587583199143419 6.5502885729074469 13.47632871568203 3.0992221608757964 148.73873513936996 12.794099584221838 4.787175297737126 5.7860953062772751 14.063234046101568 7.7885172069072706 9.7297867238521558 5.7989311814308158 5.7375148087739936 6.7314912527799668 6.8283295184373847 17.165797874331474 5.4948025941848746 17.928041934967041 6.4737267047166815 5.8461685478687304 21.940591931343079 7.0692994892597198 11.673294842243195 7.8685567528009441 4.3364779502153379 3.8970351964235306
leaf_count=164 20 17 396 52 36 35 85 25 693 86 20 24 63 33 41 24 24 28 28 72 23 76 28 25 93 30 49 54 27 28
internal_value=-2.54094e-05 -0.00139923 0.00421188 0.00222344 -0.000762811 -0.00511573 0.00255457 0.00701273 0.00023515 0.0054873 -0.00265718 -0.00488169 -0.00833716 -0.00199727 -0.00175484 -0.00226436 -0.000956216 -0.0016818 0.00146703 0.00382996 -0.0035938 -0.00467757 -0.00479577 -0.00303759 -0.00600539 -0.00627573 0.00181881 0.00249641 0.0042025 -0.000837932
internal_weight=465.591 351.825 113.766 66.8458 34.7875 15.1524 19.6351 46.9204 152.707 32.0583 199.118 57.0138 25.6955 31.3183 142.104 132.374 87.6255 81.8266 30.7256 23.8973 51.101 45.6061 44.7486 11.6323 39.8686 14.8578 16.4605 19.2642 16.1021 8.23351
internal_count=2399 1555 844 423 208 87 121 421 710 215 845 244 112 132 601 560 368 344 128 100 216 193 192 49 169 63 69 129 109 55
is_linear=0
shrinkage=0.01


Tree=153
num_leaves=31
num_cat=0
split_feature=38 27 9 44 46 39 29 13 17 46 9 13 30 4 38 38 0 9 34 29 29 44 44 38 38 27 27 8 27 25
split_gain=20.185 9.60014 11.3769 10.4872 9.06208 6.79083 7.7214 6.42536 5.90394 5.78437 5.74717 5.60419 5.96854 5.19232 5.14821 5.11552 4.97418 5.14191 4.67984 4.65361 5.66026 4.53798 4.7867 6.53556 6.36066 5.3928 4.53671 6.80025 5.61097 4.4424
threshold=-1.0993804756120993 0.026653586886823181 0.3632854968309403 -1.0000000180025095e-35 3.5108708163778421e-07 0.095959595959595981 0.42350000143051153 0.043829500675201423 -0.5617450177669524 4.2418713822920668e-07 0.33416999876499182 0.0038015000754967336 0.0094740763306617754 -3198.515014648437 -0.39981023934827697 0.58765721939602955 -0.64282497763633717 0.44413100183010107 0.6601332724094392 0.25349999964237219 0.30349999666213995 1.2658425545018326 0.059596384408801682 0.48049611994919517 0.31800168584046523 0.025617944076657299 0.019756515510380272 0.80991700291633617 0.019968252629041675 0.0013681867276318373
decision_type=2 2 2 2 2 2 2 2 2 2 2 2 2 2 2 2 2 2 2 2 2 2 2 2 2 2 2 2 2 2
left_child=19 2 3 5 16 10 -7 13 -9 -6 26 -5 18 14 -3 -10 -4 21 29 -1 -21 22 23 24 -18 -25 -2 -28 -29 -13
right_child=1 7 4 11 9 6 -8 8 15 -11 -12 12 -14 -15 -16 -17 17 -19 -20 20 -22 -23 -24 25 -26 -27 27 28 -30 -31
leaf_value=-0.0053704004031126908 0.0035238668642751515 -0.0040138159552314933 0.0080404893826235904 0.0073874337340196841 -0.011588684033401915 -0.011073759003566545 0.0015882831813211348 0.006284379903083801 4.6288647131304186e-05 0.0022943761671764882 0.0065619988777584357 0.0039621467478436218 -0.0070710687431301579 -0.001373015440661998 -0.018778152228831717 -0.01042176417014791 0.00068405171108765976 0.0080509819709802567 0.006016778076101739 0.0060983862239529299 -0.0027764172987517289 -0.0040103680035188712 0.0085796057241745646 0.0079876519060883 -0.012110750874932899 -0.0045272876871132904 0.0022526791531750803 -0.015080377642867003 -0.0037142572427447647 -0.0097236404046067825
leaf_weight=63.624372817575932 13.557126194238661 4.5720278918743134 35.187572978436947 22.374478809535503 5.5964281857013685 14.328487396240236 7.0027445703744879 10.02325017750263 16.125387728214267 6.0874402076005936 9.8935499861836416 4.7070218771696108 7.1961690932512274 8.1570677980780584 5.4706517010927218 6.3645994514226905 21.607916504144672 20.132984198629856 18.283030673861504 8.4571427404880506 43.579148858785629 9.6376991495490056 13.44273319840431 18.786659665405754 4.6060892865061751 4.0329865068197241 16.752684146165848 5.1276986598968497 29.815207898616791 4.4862215220928192
leaf_count=278 65 19 281 136 30 64 30 59 72 31 50 23 36 40 25 34 95 142 98 36 186 50 78 124 23 22 78 22 127 24
internal_value=5.58816e-05 0.00127518 0.00197329 8.92915e-05 0.00404365 -0.00191326 -0.00688231 -0.00272961 -3.07584e-05 -0.00431249 -0.000482166 0.00349091 0.000933678 -0.00746985 -0.012261 -0.00290489 0.0048204 0.0035739 0.00308446 -0.00355313 -0.00130594 0.00230071 0.0032951 0.00181147 -0.00156361 0.00572211 -0.0015739 -0.00293432 -0.00544899 -0.00264156
internal_weight=459.017 343.356 292.643 153.524 139.119 96.4775 21.3312 50.713 32.5132 11.6839 75.1463 57.0469 34.6724 18.1997 10.0427 22.49 127.435 92.2471 27.4763 115.661 52.0363 72.1141 62.4764 49.0337 26.214 22.8196 65.2527 51.6956 34.9429 9.19324
internal_count=2378 1878 1629 753 876 436 94 249 165 61 342 317 181 84 44 106 815 534 145 500 222 392 342 264 118 146 292 227 149 47
is_linear=0
shrinkage=0.01


Tree=154
num_leaves=31
num_cat=0
split_feature=37 37 37 39 18 9 13 6 18 25 1 37 37 27 27 38 44 38 27 33 41 33 30 39 9 28 28 30 44 3
split_gain=23.8474 6.93858 6.15283 4.94411 4.82873 4.56267 4.56022 4.49253 4.4123 3.94635 8.40602 4.31971 3.97976 3.79412 7.18834 5.61144 4.62396 5.63668 4.90224 3.78131 5.38059 3.95492 5.34606 3.77517 5.24703 3.9542 5.56941 4.21013 6.34602 4.96711
threshold=0.85588966133151145 0.46720719433613367 0.96218455027683458 0.92893217893217905 0.16993050277233127 0.38267450034618383 0.182268001139164 0.20185900479555133 0.84792649745941173 0.00086779249249957513 -0.28113849461078638 0.75357846301069598 0.50890028010804977 0.025771053507924083 0.024268969893455509 -2.4131597442226207 -0.22875800649865921 -1.4013272211330166 0.020374061539769176 0.51452931761741649 0.69230201840400707 0.36059094965457922 0.0036706668324768548 0.24747474747474751 0.38267450034618383 0.45403732359409338 0.62847313284873974 -0.0098477178253233415 0.8350845224472182 33.524375915527351
decision_type=2 2 2 2 2 2 2 2 2 2 2 2 2 2 2 2 2 2 2 2 2 2 2 2 2 2 2 2 2 2
left_child=1 6 3 5 -3 -2 13 -4 -5 10 -6 -12 -11 14 16 -15 18 -18 -1 20 21 22 -8 24 -14 27 -27 -25 -29 -30
right_child=2 4 7 8 9 -7 19 -9 -10 12 11 -13 23 15 -16 -17 17 -19 -20 -21 -22 -23 -24 25 -26 26 -28 28 29 -31
leaf_value=-0.0018154878166041822 0.00080600028724107215 0.003636074432791782 0.0077169422834414761 -0.014290001413970427 0.007347581707238488 0.0063494039669316328 0.010003251582740172 -0.0032250642215572289 0.0020026844083743589 0.0060330877140311531 -0.012048070634654249 -0.00014033480743610573 0.0002751698444643735 0.0058409677887063353 0.0058773115925961341 -0.0050014561128514422 -0.0018828743812485894 0.0076852142690064986 -0.011006323976954516 -0.01045970819225076 -0.0070991199182765165 -0.0049439193722583576 -0.0037810337462183545 -0.005357266239320555 0.010487342153132495 -0.013822395907164498 -0.0012997729718545697 0.0048937593635275832 0.003109927767836679 -0.010966052591663354
leaf_weight=19.104390487074856 39.857238851487637 32.471319556236267 43.016567155718803 3.2276337817311278 4.2094409167766598 24.081285044550896 6.3377977460622805 3.920323744416236 3.0939876586198807 10.017298385500906 10.174919962882994 4.577609345316886 46.700889006257057 5.2164154946804038 15.511430636048315 42.066649496555328 20.170946195721626 8.700342461466791 8.5007172077894193 10.725022315979002 22.151665315032005 8.7355751842260343 4.7921775579452515 13.278424113988875 5.5731168091297141 6.2912471592426291 8.4950347840785962 18.580114483833317 4.184574216604231 5.7278090268373489
leaf_count=79 234 153 394 20 20 169 27 32 22 45 42 22 215 22 64 178 85 36 36 47 96 38 21 60 28 27 39 87 20 25
internal_value=7.38246e-05 -0.00125709 0.00396727 0.00206917 0.00016848 0.00291609 -0.00267339 0.00677686 -0.00625315 -0.000643358 -0.00486757 -0.00844633 2.57219e-05 -0.00157619 -0.000115269 -0.00377438 -0.00178631 0.00098252 -0.00471132 -0.005128 -0.00372171 1.09714e-05 0.00399835 -0.000523073 0.00140096 -0.00231838 -0.00675212 -0.000712646 0.00142809 -0.0049522
internal_weight=459.492 342.295 117.197 70.2601 170.282 63.9385 172.013 46.9369 6.32162 137.81 18.962 14.7525 118.849 119.271 71.9878 47.2831 56.4764 28.8713 27.6051 52.7422 42.0172 19.8656 11.13 108.831 52.274 56.5572 14.7863 41.7709 28.4925 9.91238
internal_count=2383 1512 871 445 783 403 729 426 42 630 84 64 546 500 300 200 236 121 115 229 182 86 48 501 243 258 66 192 132 45
is_linear=0
shrinkage=0.01


Tree=155
num_leaves=31
num_cat=0
split_feature=37 37 26 39 30 26 44 8 33 31 33 9 34 26 33 33 26 30 9 39 44 9 0 22 44 33 26 39 44 3
split_gain=31.6629 6.79158 6.89107 6.57737 5.31286 4.52233 4.65982 8.49186 4.33656 5.17187 5.4064 4.83376 4.74836 5.07698 4.49692 4.89156 4.06331 4.04929 11.6406 3.9404 3.77463 3.59391 4.81651 3.95216 4.80849 10.3689 7.10444 3.72847 3.65571 6.72036
threshold=0.85588966133151145 0.46720719433613367 1.0027483701705935 0.082903780068728533 0.048683634027838714 0.99652418494224559 -1.8823100257228182 5.7779850959777841 0.4077852070331574 0.0052186583634465942 0.018877714872360233 0.33404949307441717 0.67915585637092601 1.0001154541969302 0.24070694297552112 0.13994347304105761 1.0002808570861819 0.051621794700622566 0.37418049573898321 0.1565656565656566 -0.29706829033590471 0.38267450034618383 1.0014564990997317 1.0000000180025095e-35 0.012946062815286773 0.30929000675678259 1.000872075557709 0.055555555555555559 1.7842645977360121 25.400075912475589
decision_type=2 2 2 2 2 2 2 2 2 2 2 2 2 2 2 2 2 2 2 2 2 2 2 2 2 2 2 2 2 2
left_child=1 2 3 4 8 -2 7 -7 9 10 -1 16 -12 14 15 -14 -10 -3 -19 -5 -15 23 28 24 25 -8 -26 -28 -23 -30
right_child=5 17 -4 19 -6 6 21 -9 11 -11 12 -13 13 20 -16 -17 -18 18 -20 -21 -22 22 -24 -25 26 -27 27 -29 29 -31
leaf_value=-0.0093426846905160926 -0.0062087859985976903 0.00031439554453601754 0.0079079702282294356 -0.011137582360082164 0.008099058846342877 0.0052713298627961669 -0.016304981404821249 -0.014966524833347466 0.0023067238976346698 -0.010170607570019734 0.0083833886683808319 -0.0095536652753641892 -0.0059362614293485888 0.0099794708765347639 -0.0095508720179460407 0.0056769063309447965 -0.0083137153199263261 -0.017038579060777485 0.0028982621174299845 -0.0044419722995391623 -3.0532637470468453e-05 0.010144544979596968 0.00032627608978988263 0.0079917273691602203 0.0073080752409663309 0.0054099866020174683 -0.010514002296838874 0.0027056328774231453 0.010981152898721014 -0.005948968739520403
leaf_weight=4.7521511763334265 3.6261733621358863 157.4284799695015 5.5542660653591147 10.284341737627981 5.4342433214187613 5.568995073437689 4.0303241759538633 3.146602988243103 10.36565011739731 4.7446173876523963 8.6122182309627515 13.237689718604086 6.7210031896829623 6.9077774733304977 6.8840532451868048 7.6322381645441055 5.3433488905429831 5.0642777085304242 6.5555016994476318 72.67601253092289 7.7185714989900571 35.027731642127037 8.5171610414981824 13.994245879352091 18.045744083821777 4.5323497503995895 4.0867765545845014 4.1048390790820122 4.784351669251917 4.3460055068135262
leaf_count=20 25 728 23 44 23 36 26 19 44 20 36 56 28 29 29 32 23 21 29 310 33 305 63 97 124 33 23 26 45 33
internal_value=-3.35835e-05 -0.00154118 -0.00291068 -0.00327168 -0.00135536 0.00453714 0.00490517 -0.00200862 -0.00199602 -0.000299072 0.000650769 -0.00511373 0.00175955 0.000122216 -0.00296663 0.000166325 -0.00127226 -0.000101546 -0.00577678 -0.00529646 0.00466478 0.00551025 0.00733967 0.0035039 0.00165282 -0.00476572 0.00379565 -0.00381627 0.00866602 0.00283702
internal_weight=459.728 345.916 176.868 171.314 88.3536 113.811 110.185 8.7156 82.9193 53.9726 49.228 28.9467 44.4759 35.8636 21.2373 14.3532 15.709 169.048 11.6198 82.9604 14.6263 101.47 52.6752 48.7943 34.8 8.56267 26.2374 8.19162 44.1581 9.13036
internal_count=2383 1528 750 727 373 855 830 55 350 227 207 123 187 151 89 60 67 778 50 354 62 775 446 329 232 59 173 49 383 78
is_linear=0
shrinkage=0.01


Tree=156
num_leaves=31
num_cat=0
split_feature=37 37 30 17 14 29 18 7 27 8 32 26 34 2 30 18 25 30 6 29 29 7 22 18 25 2 29 46 29 25
split_gain=21.0287 7.26002 6.52044 5.46706 5.17454 4.44829 7.55329 8.28426 4.49271 3.54491 3.32452 3.40902 3.88034 3.61676 4.19852 4.90737 4.40483 5.0255 3.94406 4.52179 5.06376 4.75888 4.10872 3.4962 5.66618 3.16873 6.59511 2.93596 2.88112 3.54446
threshold=0.90160011258851724 0.48303648310948094 0.051621794700622566 1.0000000180025095e-35 0.0025395000702701513 0.28550000488758093 0.40610599517822271 33.709224700927741 0.020528990775346759 6.3241698741912851 0.0125937438569963 0.99777844548225414 0.68915697932243358 4560.7861328125009 -0.0057351107243448487 0.83006951212883007 0.0016413723351433875 -0.027730853296816346 0.053562499582767494 0.2754999995231629 0.23949999362230304 55.548776626586921 -1.1259055137634275 0.16993050277233127 0.0029929354786872868 3361.220825195313 0.46449999511241918 3.2277624513998054e-08 0.079500000923872008 0.0017801903304643931
decision_type=2 2 2 2 2 2 2 2 2 2 2 2 2 2 2 2 2 2 2 2 2 2 2 2 2 2 2 2 2 2
left_child=1 28 10 9 -4 6 8 -8 -5 27 11 12 -3 14 15 16 17 -13 22 20 21 -20 -16 -18 -25 26 -7 -2 -1 -30
right_child=3 2 4 5 -6 25 7 -9 -10 -11 -12 13 -14 -15 18 -17 23 -19 19 -21 -22 -23 -24 24 -26 -27 -28 -29 29 -31
leaf_value=0.0049200333882257682 -0.001359357737784224 0.00060246642603758224 -0.011887182092594055 -0.0036981764875897165 0.0017716307358298039 0.0071942671546461143 0.00032542038133632638 -0.021421344180173791 0.011335579857030756 -0.0023638307899393855 -0.0073779239938646284 0.0098769540113961708 0.012358002066958676 -0.0079540113966845537 -0.0035698288557427251 0.0078152130265101531 0.002055844032009957 -0.0039860333499022928 0.0061083733512459536 0.0070564496500325428 -0.0088788825148564433 -0.0029857032057759424 0.0019748654635984931 -0.010590064845552905 0.0010519424923243145 0.0075713855158025993 -0.011072752486147044 0.0077431240591679723 -0.0039390121499521882 -0.0010080001746274824
leaf_weight=5.1309523731470099 3.588641680777072 5.9423894584178907 7.2171559482812864 3.7808936238288862 4.2434250265359879 4.548764422535899 3.3576135039329529 3.3649592101573944 3.8609639033675194 4.0571820363402358 4.5134825706481925 4.7546935528516769 5.5864804238080978 4.4447333663702002 18.904789686202996 4.5953821688890448 4.8847267329692867 5.4644269496202451 16.523021116852767 25.575910046696663 4.0900487750768653 8.5580455064773542 44.702216990292079 14.100172862410547 5.6891023665666571 12.124534472823141 3.3293908089399338 49.408069051802158 88.661821946501732 79.372367203235626
leaf_count=21 27 28 32 32 20 35 24 19 30 31 20 23 27 21 90 23 24 26 82 128 20 39 209 65 27 96 23 405 380 334
internal_value=0.000226948 -0.00085067 0.000495893 0.00451244 -0.00677175 0.00131943 -0.00287265 -0.0105677 0.0038166 0.00641262 0.000972095 0.00119879 0.00644206 0.00081641 0.00107459 -0.00173227 -0.00303698 0.00240036 0.00202021 0.00398685 0.0012465 0.00296609 0.0003082 -0.00532991 -0.00720443 0.00437893 -0.00044225 0.00710652 -0.00233172 -0.00256189
internal_weight=454.376 362.955 189.79 91.421 11.4606 34.3671 14.3644 6.72257 7.64186 57.0539 178.33 173.816 11.5289 162.287 157.843 39.4885 34.8931 10.2191 118.354 54.747 29.1711 25.0811 63.607 24.674 19.7893 20.0027 7.87816 52.9967 173.165 168.034
internal_count=2361 1639 904 722 52 259 105 43 62 463 852 832 55 777 756 188 165 49 568 269 141 121 299 116 92 154 58 432 735 714
is_linear=0
shrinkage=0.01


Tree=157
num_leaves=31
num_cat=0
split_feature=37 37 9 44 22 27 4 14 0 9 37 39 4 27 27 30 27 29 44 8 44 8 27 37 46 44 10 27 28 44
split_gain=25.0251 6.34132 6.15312 5.04088 5.07633 4.45474 6.23502 5.76956 4.19042 4.17399 7.51812 6.52688 5.12223 5.24733 4.52918 5.31996 4.2225 4.18373 3.94594 10.7396 6.2076 5.51745 5.44919 4.95376 4.54185 4.19487 5.01395 4.17694 3.90924 3.85937
threshold=0.90160011258851724 0.057691606747407219 0.40105749666690832 -3.1551613232378553 -9.3828349113464338 0.025953792966902259 -1817.2796630859373 0.16007299721241 -1.0804669857025144 0.32762148976325994 0.52189436299728176 0.66161616161616166 -971.15264892578114 0.026677244342863563 0.025814576074481014 0.032459542155265815 0.025539475493133072 0.22350000590085986 -0.90244013648216559 0.041185500100255019 -0.2837696474436644 -3.0353374481201167 0.020387510769069198 0.28841249833872767 7.8556655299811189e-08 -2.5523943065914989 -4.4671795368194571 0.020560076460242275 -0.17869426310062406 1.2423823442358737
decision_type=2 2 2 2 2 2 2 2 2 2 2 2 2 2 2 2 2 2 2 2 2 2 2 2 2 2 2 2 2 2
left_child=1 -1 5 -3 -5 6 -2 8 -8 18 14 12 13 -12 15 16 -11 -13 25 21 22 -20 -21 -22 27 -6 -27 -25 -28 -15
right_child=2 3 -4 4 9 -7 7 -9 -10 10 11 17 -14 29 -16 -17 -18 -19 19 20 23 -23 -24 24 -26 26 28 -29 -30 -31
leaf_value=-0.0074434384356231566 -0.015522755908799115 0.0073088789965615655 0.0072039244381893117 0.0090665754808036455 -0.00021968158628628894 0.0064469392599450261 0.011153650709377934 -0.0083528012755596757 0.00085823831500489152 -0.0004288931661533404 0.0075857594963750566 0.0055797387911601451 0.00025163360012294181 -0.0031984520619005585 -0.0049221054863853456 -0.0070936513040056508 0.0089072846904567158 -0.0053486576687870636 0.0017978326364224419 0.0030926686662372722 0.014373068640406651 -0.0067315613655722995 -0.010280228818021169 0.0062185956451442396 0.011615295056782571 -0.015913236105631636 0.001902095704459469 -0.0048301447280758442 -0.0094712363047130248 0.0065777509126670819
leaf_weight=15.750349611043928 2.3614934980869284 7.0834536403417578 45.745090179145336 4.684606969356536 8.3834894299507159 14.604162164032457 5.1399809345603051 5.1106470748782149 17.264350876212124 53.571914404630661 27.090507194399834 4.0685918033123043 54.228067994117737 10.591630265116693 43.536229938268661 11.1659539937973 5.2139400690793982 20.087108671665192 9.3093257844448072 6.038055092096327 4.8311924338340786 36.410300567746162 5.826217919588089 6.0244693756103533 4.414425551891326 6.5562502592802074 4.8569398969411877 7.6519313305616379 7.2790780216455415 6.3647224456071845
leaf_count=72 14 36 401 26 36 111 46 34 113 225 139 20 261 50 184 47 22 93 41 26 20 159 25 26 22 27 20 35 31 31
internal_value=-9.39634e-05 -0.00124495 0.00462411 -0.000965322 -0.00113857 0.00193833 -0.00024636 0.00108 0.0033037 -0.00128326 -0.000533186 0.00117965 0.00233045 0.00486076 -0.00238921 -0.000793748 0.000395906 -0.00345132 -0.0029168 -0.00178448 0.0023796 -0.00497287 -0.00342185 0.00542765 0.0029179 -0.00622785 -0.0088538 0 -0.00485946 0.000429556
internal_weight=461.244 371.019 90.2257 355.268 348.185 44.4806 29.8765 27.515 22.4043 343.5 235.919 122.431 98.2749 44.0469 113.488 69.9518 58.7859 24.1557 107.582 80.5059 34.7863 45.7196 11.8643 22.922 18.0908 27.0758 18.6923 13.6764 12.136 16.9564
internal_count=2393 1674 719 1602 1566 318 207 193 159 1540 1072 594 481 220 478 294 247 113 468 354 154 200 51 103 83 114 78 61 51 81
is_linear=0
shrinkage=0.01


Tree=158
num_leaves=31
num_cat=0
split_feature=37 37 38 44 38 38 2 39 2 44 28 33 27 44 27 25 28 33 44 34 4 34 37 25 34 13 6 4 30 37
split_gain=25.3586 9.67383 5.63796 5.66503 5.37435 5.64874 5.00441 4.36512 5.56816 5.38681 4.37592 5.96553 5.13906 4.25489 3.99651 3.98826 3.96748 4.61078 4.28903 4.56556 3.95465 4.20632 4.19841 4.71691 3.89736 3.77295 3.68568 4.47303 3.74741 3.63459
threshold=0.90160011258851724 0.46720719433613367 -2.8030649757936845 -1.801589864710168 -0.27613239437300979 -1.5274733938292093 3535.3725585937505 0.74376899696048648 3654.2211914062505 1.1417142186621667 -0.24449184536933896 0.69436645507812511 0.019380687735974792 -2.0445664149846157 0.019996888004243377 0.00059293949743732821 -0.31805764138698572 0.27264839410781866 -1.1021979216655504 0.7300228774547578 1.0000000180025095e-35 0.71048173308372509 0.89147804356961924 0.0014671300305053594 0.69109350442886364 -0.056528497487306588 0.051688499748706825 -5535.3884277343741 -0.0027522215386852618 0.98366682711739506
decision_type=2 2 2 2 2 2 2 2 2 2 2 2 2 2 2 2 2 2 2 2 2 2 2 2 2 2 2 2 2 2
left_child=1 2 6 13 5 26 -1 10 -9 -10 11 16 -12 14 -4 -14 17 18 -3 -20 22 -22 23 25 -19 -17 28 -28 -5 -2
right_child=29 7 3 4 -6 -7 -8 8 9 -11 12 -13 15 -15 -16 20 -18 24 19 -21 21 -23 -24 -25 -26 -27 27 -29 -30 -31
leaf_value=-0.002751043160096367 0.003652713248839607 -0.0080290683625468158 -0.0047315967776591448 -0.0096901816988623161 -0.013414960831048149 -0.0018247484034865612 0.01054357685693458 0.0026760699471755386 -0.010981668595508601 -0.00027763811422157163 0.011705698774885412 -0.011867420800546639 -0.004437277397193534 0.0093044796067890262 0.0054757477371405799 0.00036746953427596618 -0.0064766601544100338 0.0019660928849307559 -0.0014541612166965759 0.0095961208753261289 -0.0055534835282132966 0.0047462825536947048 -0.005664340948031755 0.0022835390659650791 0.012155593634349924 0.010225351741856844 -0.00069303448448709392 -0.010311746455414586 -0.00073828964883854631 0.0082759167374393192
leaf_weight=5.2196144908666593 67.391648136079311 7.2984371930360785 10.214540779590612 6.2622635662555721 5.6328172832727423 85.625858455896378 5.7841072827577591 10.86756916344166 10.544701889157297 8.7822975218296033 5.5555148124694815 4.521441623568534 8.9562004208564741 5.3088231831789008 5.9640022516250601 5.3184301406145122 8.1729091107845289 14.013123616576197 18.916032105684288 4.5370456129312506 10.894656084477903 6.0246286541223517 4.5171462446451178 47.035394802689552 5.2289356142282477 16.897677212953568 6.3647949248552349 23.798084482550621 18.846201732754707 23.654877126216888
leaf_count=22 497 33 43 27 23 360 24 56 46 40 29 20 39 22 25 24 37 69 89 22 51 29 24 223 26 84 28 106 81 235
internal_value=0.000137119 -0.00100454 -0.00268953 -0.00314755 -0.00385245 -0.00345382 0.00417923 0.000513855 -0.00297125 -0.00619564 0.001148 -0.000931049 0.0023961 0.00160867 -0.000896843 0.00185581 -4.48631e-05 0.000997469 -0.00137942 0.000672747 0.00249253 -0.00182084 0.00349649 0.00411576 0.00483527 0.00792245 -0.00595165 -0.0083241 -0.00304022 0.00487261
internal_weight=468.15 377.103 179.021 168.017 146.53 140.897 11.0037 198.082 30.1946 19.327 167.888 62.6879 105.2 21.4874 16.1785 99.6441 58.1665 49.9936 30.7515 23.4531 90.6879 16.9193 73.7686 69.2515 19.2421 22.2161 55.2713 30.1629 25.1085 91.0465
internal_count=2434 1702 761 715 625 602 46 941 142 86 799 296 503 90 68 474 276 239 144 111 435 80 355 331 95 108 242 134 108 732
is_linear=0
shrinkage=0.01


Tree=159
num_leaves=31
num_cat=0
split_feature=37 37 37 8 27 27 38 38 46 39 0 38 26 10 39 0 28 25 46 27 46 30 28 30 10 27 33 21 21 37
split_gain=21.6053 6.66088 3.93873 4.85153 3.78461 6.53404 3.68791 3.68374 4.15962 3.51716 4.42676 5.63945 11.7562 3.94457 3.60372 7.07185 3.5103 3.4588 5.61325 4.83901 3.79893 8.99853 5.81487 5.07706 4.51497 5.62381 4.62245 4.71873 5.50866 6.47946
threshold=0.85373109369193234 0.11429093787098292 0.97718315352418672 4.2216238975524911 0.020511719398200515 0.025449232198297981 1.1766577304395884 0.11863200977491452 3.8093476560846609e-08 0.92893217893217905 -0.026183499954640862 0.83688740107452031 1.0007501840591433 -8.5963964462280256 0.16666666666666671 -1.425040006637573 -0.35670739412307734 0.0068978010676801213 3.6463632330573428e-07 0.021883822046220306 9.6339179291978346e-08 -0.015408577397465704 0.72514930367469799 0.018056614324450496 -10.204450130462645 0.019661422818899158 0.015226737130433323 0.75780001282691967 0.039049999788403518 0.65435900078131926
decision_type=2 2 2 2 2 2 2 2 2 2 2 2 2 2 2 2 2 2 2 2 2 2 2 2 2 2 2 2 2 2
left_child=1 4 7 -4 -1 -6 17 -2 -9 10 14 16 13 -13 15 -10 -12 18 20 -20 21 -3 24 -23 -22 -26 -27 28 -28 -30
right_child=2 6 3 -5 5 -7 -8 8 9 -11 11 12 -14 -15 -16 -17 -18 -19 19 -21 22 23 -24 -25 25 26 27 -29 29 -31
leaf_value=-0.0085379496444079016 0.0119112669150566 -0.0071748065095684713 0.0085940911046491816 -0.0029959053004049532 0.0052960329683410887 -0.0055777984714473873 0.007246696415576394 -0.0070664329028164528 -0.0063467297890484557 -0.0035273777313753613 -0.0018542940354936402 -0.0038162564767723829 -0.014408115638238144 0.0061997996406346545 0.0092155787535658003 0.0070518193303896826 0.0099485221810636931 0.0057738938561716704 -0.013779833614160247 -0.00044247885056204994 0.006066498229362627 0.00029127830653400365 -0.0060176448728806592 -0.0046809472220119344 -0.0091713181780785896 -0.0080603590170997257 -0.0066590194792123681 -0.0042263249257205836 0.0067959705750223207 -0.00081921278959986524
leaf_weight=16.347789466381073 4.1902602091431609 23.942623794078827 26.583337955176834 3.9864499866962424 7.7048054188489941 18.423346549272537 5.8724880814552298 4.3110365346074095 5.6404340192675617 7.5139027535915366 3.3565798401832572 6.2811076045036343 5.6098342537879935 9.8764527291059512 17.899601846933365 12.189106665551661 8.3933930248022062 7.9350241422653189 6.0457898080348951 5.1801286488771439 19.026284456253052 119.42422644793987 10.679552838206289 24.632111579179764 5.338138446211814 4.6901645958423606 4.9341320246458045 9.7918377667665464 33.294563382863998 16.431114077568054
leaf_count=74 27 105 265 33 33 83 30 25 35 53 22 36 30 67 133 89 54 34 25 22 91 527 46 108 23 20 21 42 141 76
internal_value=0.00021752 -0.00105201 0.00394694 0.00704525 -0.00475422 -0.00232517 -0.000518139 0.00281741 0.00232097 0.0028697 0.00358235 0.000931641 -0.00204724 0.00224511 0.00603152 0.00274561 0.00650526 -0.000680514 -0.000866726 -0.00777194 -0.000575507 -0.00150778 0.00091819 -0.00055464 0.00172661 0.00059791 0.00137875 0.00209255 0.00324843 0.00426298
internal_weight=455.526 339.694 115.831 30.5698 42.4759 26.1282 297.218 85.2617 81.0714 76.7604 69.2465 33.5174 21.7674 16.1576 35.7291 17.8295 11.75 291.346 283.411 11.2259 272.185 167.999 104.186 144.056 93.5062 74.48 69.1418 64.4516 54.6598 49.7257
internal_count=2370 1501 869 298 190 116 1311 571 544 519 466 209 133 103 257 124 76 1281 1247 47 1200 740 460 635 414 323 300 280 238 217
is_linear=0
shrinkage=0.01


Tree=160
num_leaves=31
num_cat=0
split_feature=37 44 37 25 25 27 18 0 34 18 25 46 25 27 27 44 29 28 44 34 46 25 9 29 38 28 34 34 28 44
split_gain=25.1347 7.72432 5.93635 6.70089 5.63656 4.7584 4.54665 5.93307 5.65428 5.21619 5.54846 5.41303 4.19326 5.47006 6.56701 5.87857 4.78343 7.45787 7.14125 8.356 5.13852 4.0985 4.01778 4.96449 4.08831 4.92845 5.48762 4.23522 3.87532 6.90365
threshold=0.90160011258851724 -3.0309317354864791 0.75621612977670383 0.0010306288604624572 0.0012626748648472132 0.026918298564851287 0.54205048084259044 -2.4305539131164546 0.73666071891784679 0.11808750033378602 0.0005307241517584772 3.060747415403664e-07 0.00046278245281428104 0.020516301505267624 0.024862261489033703 -1.8422409774848056 0.7775000035762788 0.72514930367469799 -1.1232085349074692 0.69889500737190258 9.0407526451229339e-08 0.0012850618804804983 0.38267450034618383 0.11549999937415124 0.82893458606761106 0.13304259628057483 0.67201983928680431 0.67099624872207653 0.3918070793151856 -0.37613044684651148
decision_type=2 2 2 2 2 2 2 2 2 2 2 2 2 2 2 2 2 2 2 2 2 2 2 2 2 2 2 2 2 2
left_child=1 -1 6 -4 -5 22 7 -3 9 -9 -11 28 -8 15 -15 21 17 18 -16 20 -20 -14 23 -2 -25 27 -27 -26 -12 -30
right_child=5 2 3 4 -6 -7 12 8 -10 10 11 -13 13 14 16 -17 -18 -19 19 -21 -22 -23 -24 24 25 26 -28 -29 29 -31
leaf_value=0.0089060957922497651 -0.0089207170369842922 -0.010273842305271959 0.008016588232777299 -0.010285792162119816 0.00087668969195843895 -0.0048885373253990932 0.0036474432639019005 -0.0038303021217132595 0.0085017522393888937 -0.0069007938684368039 0.0032964677090635318 -0.0085769763949362175 -0.0063909379992031154 0.0095294161026958056 -0.012118887098459491 -0.0094497528439928657 0.0028994874870088201 -0.013861376801033561 -0.009055747094148886 0.0034097952881379226 1.279710159609266e-05 0.002758920646090996 0.0072534142344365228 0.008649170895534037 -0.00031695932015502306 0.0040091188181461011 -0.010347396325375475 0.011583316967422546 -0.010103547849972227 0.0013146034487201063
leaf_weight=7.6925103813409796 3.1259581074118605 6.0565351992845526 12.438090115785597 4.8026416152715674 58.408248536288738 4.5460131540894499 8.1901364922523481 38.47581422328949 6.926133304834365 9.1960014849901182 58.691718280315399 5.2359672337770453 10.365687012672426 4.5165297240018836 6.8122012466192166 26.529040977358818 12.194127932190893 6.6423525661230078 14.118677362799653 21.148236140608788 10.755213543772696 8.9387674778699857 50.824805289506912 12.103616572916506 5.5222974196076411 4.8471753448247892 5.5324369445443153 6.0276344120502472 6.5405215471982947 25.68405456840992
leaf_count=40 20 25 66 25 306 31 34 167 30 39 257 22 43 20 30 114 51 28 63 91 46 38 448 90 40 32 36 47 27 113
internal_value=0.000231714 -0.000931027 -0.00114484 0.00133835 0 0.00489247 -0.00180305 -0.000647404 -0.00024747 -0.000681368 0.000461759 0.00118274 -0.0031855 -0.00365493 -0.00198928 -0.00639155 -0.00274136 -0.00391758 -0.00262472 -0.00117448 -0.00511021 -0.00211025 0.00541417 0.00285896 0.00399319 0.00135042 -0.00357334 0.00585379 0.00176461 -0.000996054
internal_weight=462.889 370.359 362.667 75.649 63.2109 92.5299 287.018 156.807 150.75 143.824 105.348 96.1523 130.211 122.021 76.1873 45.8335 71.6708 59.4767 52.8343 46.0221 24.8739 19.3045 87.9839 37.1591 34.0332 21.9295 10.3796 11.5499 90.9163 32.2246
internal_count=2419 1675 1635 397 331 744 1238 680 655 625 458 419 558 524 329 195 309 258 230 200 109 81 713 265 245 155 68 87 397 140
is_linear=0
shrinkage=0.01


Tree=161
num_leaves=31
num_cat=0
split_feature=37 37 37 44 33 29 1 0 9 30 46 18 44 44 46 46 16 9 30 33 7 27 1 23 3 44 10 29 25 27
split_gain=26.6531 6.09372 5.67561 4.57716 4.26912 4.06637 4.81447 4.02306 3.70834 6.13504 6.59839 7.99926 5.20359 3.57939 6.08484 9.34093 4.64547 4.23742 3.9759 3.58566 3.45081 4.07942 4.97541 4.39212 7.07639 4.71431 6.24766 5.12166 4.37286 3.43322
threshold=0.85588966133151145 0.13261182571498967 0.98226045067042189 -3.1551613232378553 0.27630662918090826 0.40549999475479132 0.66481450200080883 5.39595651626587 0.35495699942111975 -0.016694252379238602 7.2280783679268679e-08 0.40610599517822271 2.7313282952328386 0.87890522493409595 7.4362701218751132e-08 2.485276912257084e-07 -0.60785751044750203 0.38901750743389135 -0.0093577760271728021 0.48422534763813024 57.55999946594239 0.026784881018102173 -0.49166901409626002 -21.689655303955075 37.479095458984382 0.038644833177277675 -3.334458470344543 0.60349997878074657 0.00089255464263260375 0.027479231357574466
decision_type=2 2 2 2 2 2 2 2 2 2 2 2 2 2 2 2 2 2 2 2 2 2 2 2 2 2 2 2 2 2
left_child=1 4 8 -3 5 6 -1 13 9 -2 11 -11 -10 17 19 16 -16 20 -17 -15 21 22 -5 -24 -25 27 28 -26 -27 -9
right_child=2 3 -4 7 -6 -7 -8 29 12 10 -12 -13 -14 14 15 18 -18 -19 -20 -21 -22 -23 23 24 25 26 -28 -29 -30 -31
leaf_value=-0.0027067760786906809 -0.011041223930267912 0.0075150241723007747 0.0083539456327453299 0.0094066957294900635 -0.0074459759325881704 -0.0088946882022015034 0.008232559977718136 -0.0086481120674109027 0.0053660677435312578 0.0030640338834500083 0.0055145169931264558 -0.012705820335308685 -0.006966635570910794 -0.0110310346272259 -0.006373232499379846 -0.0016264704624030612 0.0027745392437432386 0.0026983200117041278 -0.014164580422345457 -0.0017737741131685009 0.0049273090993942319 -0.010094541992821367 0.0063876462673779404 -0.012854817938250369 -0.0028638366899140853 -0.0097889230722470778 0.007430501137194935 0.0042466952584623505 0.0023523290086470768 0.0011707885557617384
leaf_weight=12.762245371937757 4.0434725657105437 6.1390463262796393 24.356180496513844 4.3858754634857169 26.750796765089035 5.7088554948568335 5.7310717999935141 12.197251081466677 50.793954722583294 7.3485476821660978 19.687540516257286 5.4871579930186272 3.5148170664906493 11.718135789036753 6.507809489965438 4.5073377043008804 33.545317560434341 41.253315478563309 6.4009273797273618 6.9842886924743643 9.4614652991294843 4.9662883281707755 6.9804026633501044 5.3489372432231894 96.346218913793564 4.8120836913585681 13.149458199739454 11.125292271375654 7.2030953913927078 4.7439212352037421
leaf_count=56 24 32 244 21 123 25 24 51 378 47 126 28 24 51 28 20 154 188 27 32 42 21 33 23 411 21 61 48 34 20
internal_value=-0.000112272 -0.00149221 0.00405288 -0.000940383 -0.00468942 -0.00158334 0.000655581 -0.00112431 0.00288122 0.000387351 0.00186836 -0.00364625 0.00453819 -0.00082726 -0.00278471 -0.000966277 0.00125114 -0.000156271 -0.00913646 -0.00765498 -0.000882606 -0.00124826 -0.000940849 -0.00126707 -0.0016659 -0.00119779 0.00267352 -0.00211521 -0.00246837 -0.00584917
internal_weight=463.961 348.729 115.232 297.776 50.953 24.2022 18.4933 291.637 90.8755 36.5667 32.5232 12.8357 54.3088 274.696 69.6638 50.9614 40.0531 205.032 10.9083 18.7024 163.779 154.318 149.351 144.965 137.985 132.636 25.1646 107.472 12.0152 16.9412
internal_count=2417 1546 871 1318 228 105 80 1286 627 225 201 75 402 1215 312 229 182 903 47 83 715 673 652 631 598 575 116 459 55 71
is_linear=0
shrinkage=0.01


Tree=162
num_leaves=31
num_cat=0
split_feature=37 44 37 38 29 29 17 25 29 25 1 37 8 18 9 26 33 29 44 37 7 25 25 44 33 33 38 26 27 26
split_gain=22.8095 7.26204 7.16812 6.06738 5.05964 4.48432 4.6392 4.383 6.50311 5.09608 3.70375 4.34607 7.41768 3.58863 3.73929 4.0195 5.09032 3.39149 6.72714 4.43043 3.93132 5.07565 3.62448 3.26631 3.23618 4.15605 3.36431 3.09026 4.45824 3.90038
threshold=0.75621612977670383 -3.1551613232378553 0.98366682711739506 0.42727816345876918 1.0425000190734866 0.085500001907348647 1.0000000180025095e-35 0.0010533145396038892 0.12350000068545343 0.001099539047572762 -0.62559351325035084 0.13883669175100252 -2.9440950155258174 0.83006951212883007 0.31797999143600469 1.0007060170173647 0.20939588546752932 0.29150000214576727 0.46297883085505404 0.90160011258851724 48.380487442016609 0.0028031319379806523 0.0015917216078378262 2.0915214960359401 0.16441624611616137 0.43742653727531439 -0.71997609734908219 0.99989333748817455 0.019983007572591308 0.99973231554031383
decision_type=2 2 2 2 2 2 2 2 2 2 2 2 2 2 2 2 2 2 2 2 2 2 2 2 2 2 2 2 2 2
left_child=1 -1 3 -2 -4 -5 13 8 27 -9 -11 12 -12 14 -7 -16 -17 18 22 20 21 -19 -8 -21 -10 26 -26 29 -29 -3
right_child=2 7 4 5 -6 6 17 9 24 10 11 -13 -14 -15 15 16 -18 19 -20 23 -22 -23 -24 -25 25 -27 -28 28 -30 -31
leaf_value=0.010973733754001664 0.0060876879423134959 0.0012997802226936742 0.0097016970663807087 -0.0096316181825490225 -0.0057588250752377244 -0.0030824244049603255 -0.0039287167670112103 0.0098688668074078684 -0.0017452567869401616 -0.0087041428042844444 0.0046863996059740495 -0.00050815738874360563 -0.0073730570440417578 -0.0040655383144295124 0.0067305187052291585 0.0083357076349264564 -0.0038237093980473366 0.0015081792061130879 -0.013328127815999711 0.0075434129788753629 0.0047222337470202444 -0.013356713812439854 0.0065387942935861924 -0.0037607814574796717 -0.014338191229842485 -0.0031028084202738759 -0.0057454195089529456 0.00923135182030951 -0.0010948572744156032 -0.0092232934425274596
leaf_weight=4.3327251225709906 30.10187540948391 6.3392287939786893 20.592719994485382 3.6919574216008177 2.2079440578818312 6.3986366242170325 9.86526767909527 3.996847763657569 10.996717035770414 6.6053854674100867 6.3844735771417644 172.33664973080158 22.750082179903984 5.9339587464928618 35.499796263873577 5.2409661784768096 9.5376392379403097 3.9973360300064105 5.5345104262232772 11.638842858374117 4.4084255099296561 4.9241445511579514 4.8344500362873069 3.0707784071564665 11.980467185378076 11.122755065560339 8.4555248469114321 5.7004172354936626 14.484422490000723 7.3827144056558609
leaf_count=23 173 27 211 21 19 35 56 18 47 28 27 743 103 34 249 36 63 21 33 88 23 22 29 23 53 48 36 24 62 32
internal_value=-1.3261e-05 -0.00169856 0.00292708 0.00209323 0.00814227 0.00103068 0.00140306 -0.00189605 -0.00395265 -0.00114833 -0.00136939 -0.00111976 -0.00468918 0.00320058 0.00398476 0.00490834 0.000448241 -0.000909444 -0.00403177 0.00131451 -0.00280245 -0.00664265 -0.000397667 0.00510657 -0.00655381 -0.00818697 -0.0108769 -0.000648925 0.00180321 -0.00431529
internal_weight=460.348 292.868 167.479 144.679 22.8007 114.577 110.885 288.536 76.4622 212.073 208.077 201.471 29.1346 62.611 56.677 50.2784 14.7786 48.2738 20.2342 28.0395 13.3299 8.92148 14.6997 14.7096 42.5555 31.5587 20.436 33.9068 20.1848 13.7219
internal_count=2407 1271 1136 906 230 733 712 1248 329 919 901 873 130 417 383 348 99 295 118 177 66 43 85 111 184 137 89 145 86 59
is_linear=0
shrinkage=0.01


Tree=163
num_leaves=31
num_cat=0
split_feature=37 44 37 10 33 3 37 25 34 44 33 30 4 37 44 32 6 37 18 28 26 30 46 23 8 30 29 29 10 26
split_gain=22.049 7.9003 6.78524 5.58888 4.44193 6.37093 5.71698 4.50357 5.41067 4.15727 3.95341 6.72071 7.29411 4.61951 3.90462 4.10246 5.72797 4.51409 6.45585 3.7902 4.33921 4.50324 5.33908 4.5866 4.34565 4.01014 3.75076 5.11741 4.47963 3.57277
threshold=0.85588966133151145 2.7313282952328386 0.32407000768948008 -20.436865806579586 0.18200140446424487 55.181695938110359 0.90520781124640315 0.0038766626967117195 0.71435192227363598 -3.1551613232378553 0.50032487511634838 0.0094740763306617754 -1605.8596191406248 0.94881935221442948 2.2038147186390806 -0.010097024962306021 0.055904000997543342 0.82743436460026487 0.25403249263763433 0.5987958312034608 0.99925580620765697 -0.0044974985066801301 8.3086262231621918e-08 -3.0115330219268794 -1.0116574764251707 0.0085360305383801478 0.13550000637769702 0.17050000280141833 5.2584295272827157 1.0004945397377016
decision_type=2 2 2 2 2 2 2 2 2 2 2 2 2 2 2 2 2 2 2 2 2 2 2 2 2 2 2 2 2 2
left_child=1 2 -1 -2 5 6 -5 -8 -9 -4 -6 13 -13 -12 15 -11 17 19 -19 20 24 22 -22 25 -17 -23 -18 -28 -29 -25
right_child=3 -3 9 4 10 -7 7 8 -10 14 11 12 -14 -15 -16 16 26 18 -20 -21 21 23 -24 29 -26 -27 27 28 -30 -31
leaf_value=-0.0034696003471254822 -0.0070647000786632722 0.007695118021081299 0.0087341808289414149 -0.0050793804387001089 0.0071281170336563119 -0.010485027817533734 0.0080239053090208866 0.0060558077134956669 -0.012234769468851863 -0.0090627901715109767 0.00010002260495674481 0.0052162807502979906 -0.014859435501482728 0.010259007016466424 -0.0074322116261159787 0.0070635064738840047 -0.005178848435690454 0.001441349084179184 -0.014750868145048055 0.0034386893520922291 -0.0016417036662370271 0.0068604515401444154 -0.015230502005021081 -0.0055140759115787086 -0.0019894721131904895 -0.0031279228771718304 0.0094793475909468461 0.00057273073985537697 0.0088135217631273386 0.0031309627731794239
leaf_weight=119.66831907629967 4.4328485429286948 9.3655712604522687 4.6497043669223777 6.8884556144475964 51.478267036378384 4.019726686179637 16.172083824872974 3.5972472056746474 2.7436183243989944 5.276582568883895 8.7927307412028366 3.1027959585189819 3.9528610408306113 9.4686967432498914 8.2325140982866269 9.1847615689039248 7.3531460314989081 3.9640283286571485 5.9151944518089294 15.187945410609244 5.7484890818595868 8.931969165801986 6.1774238348007202 28.069954439997687 12.034998655319212 7.0044437050819388 8.6016802936792356 70.93144565820694 7.223262056708335 5.5322771668434134
leaf_count=517 28 42 26 38 408 23 133 27 19 22 56 23 29 88 36 41 33 20 26 68 25 40 26 120 53 30 40 327 35 24
internal_value=-4.7758e-05 -0.00129969 -0.00155283 0.0037529 0.00420305 0.00111786 0.00276826 0.00522552 -0.00177013 -0.000504651 0.00552952 0.00222442 -0.00594167 0.00544918 -0.000712714 -0.00043737 -0.000202577 -0.00178047 -0.00820421 -0.00111413 -0.00196565 -0.00331628 -0.00883175 -0.00195323 0.00189687 0.00241583 0.0015934 0.0021842 0.00135743 -0.00405602
internal_weight=463.703 349.054 339.688 114.649 110.216 33.4211 29.4014 22.5129 6.34087 220.02 76.7954 25.3171 7.05566 18.2614 215.37 207.138 201.861 107.751 9.87922 97.8723 82.6843 61.4646 11.9259 49.5386 21.2198 15.9364 94.1095 86.7564 78.1547 33.6022
internal_count=2423 1551 1509 872 844 240 217 179 46 992 604 196 52 144 966 930 908 473 46 427 359 265 51 214 94 70 435 402 362 144
is_linear=0
shrinkage=0.01


Tree=164
num_leaves=31
num_cat=0
split_feature=38 33 20 29 9 9 29 44 13 44 38 29 26 38 26 25 39 9 20 13 33 29 33 14 6 33 38 44 44 33
split_gain=15.927 6.57042 6.65029 6.01242 5.81761 5.26245 5.05984 4.98742 4.37801 4.34042 5.30629 6.91056 4.30068 4.13775 5.41 6.80735 5.26891 3.96195 5.74378 4.49972 5.76371 5.9527 4.40709 5.18254 4.40704 4.11219 5.05556 4.38715 6.3721 4.2556
threshold=-0.010248791202891318 0.18200140446424487 -0.083535503596067415 0.67649999260902416 0.38339398801326757 0.38267450034618383 0.2295000031590462 -1.5961392583029197 0.65583050251007091 1.3558180613729764 0.60430862882274183 0.30949999392032629 1.0004652142524721 0.49563279429848922 1.0009571313858034 0.0013951711007393899 0.015151515151515154 0.38339398801326757 -0.64282497763633717 0.182268001139164 0.61143791675567638 0.19150000065565112 0.79106223583221447 -0.37764449417591089 0.046361999586224563 0.15876275300979617 -1.4013272211330166 0.87890522493409595 -0.22875800649865921 0.11959250271320344
decision_type=2 2 2 2 2 2 2 2 2 2 2 2 2 2 2 2 2 2 2 2 2 2 2 2 2 2 2 2 2 2
left_child=8 2 7 13 -5 -3 -7 -2 17 10 11 -9 -11 16 15 -15 -4 19 -19 20 25 24 23 -20 -22 29 -27 28 -28 -1
right_child=1 5 3 4 -6 6 -8 9 -10 12 -12 -13 -14 14 -16 -17 -18 18 22 -21 21 -23 -24 -25 -26 26 27 -29 -30 -31
leaf_value=-0.0019354907497470403 -0.0077190901246857145 0.0010827690914804015 -0.0016420011144485784 0.011750064858950327 -0.0037907930688941029 0.0094548809985986419 0.0031019306962984275 -0.0089110495954098454 -0.0079723773627012728 -0.0084497647631489158 0.010968732748554292 0.0088657208351771554 0.0047429168325447673 -0.009962553322567019 -0.011598852752589607 0.0050143425499738119 -0.014375061817512148 0.010033258977012025 0.0089218726175386495 -0.0056851725525832817 0.0038334868004674624 0.0078311022292270726 -0.0079196926175217116 -0.00085167487575085331 -0.0089086759144834122 -0.0078987831963202755 -0.0046356351353396543 -0.0073585338719936279 0.0038521413617607489 0.0057550676770808454
leaf_weight=30.209482476115227 4.0785353481769553 82.406883388757706 5.4951956123113623 4.4363121986389142 4.9273163825273514 17.915128573775291 44.620433248579502 3.9964310452342087 12.505978882312773 4.6363433897495252 11.472735002636908 4.5764868259429932 4.9941217973828316 4.1640493497252491 4.6743576303124419 10.360858187079428 8.7144596651196462 5.4832112044095984 6.2142740339040747 38.04223059117794 5.2683632373809832 11.52518107742071 7.0712260156869879 37.905675038695335 5.2807672619819641 23.819168746471405 17.615910321474072 12.16371740400791 17.521684512495998 9.329362601041792
leaf_count=129 22 467 25 23 24 143 318 19 54 34 92 25 35 20 23 55 38 30 28 167 23 51 30 162 23 103 74 54 77 40
internal_value=-0.000422892 0.00150793 -0.000851841 -0.0034767 0.00351286 0.00276048 0.00495007 0.00244518 -0.00220902 0.00389692 0.00654708 0.000456239 -0.00152716 -0.00547016 -0.00235261 0.000613577 -0.00956667 -0.00188437 0.000390855 -0.00264507 -0.00176261 0.00287188 -0.000640017 0.000519374 -0.00247494 -0.00269788 -0.0041339 -0.00220429 -0.000375828 -8.57014e-05
internal_weight=461.426 221.47 76.5272 42.7725 9.36363 144.942 62.5356 33.7547 239.956 29.6761 20.0457 8.57292 9.63047 33.4089 19.1993 14.5249 14.2097 227.45 56.6744 170.776 132.734 22.0743 51.1912 44.1199 10.5491 110.659 71.1205 47.3013 35.1376 39.5388
internal_count=2408 1363 435 208 47 928 461 227 1045 205 136 44 69 161 98 75 63 991 250 741 574 97 220 190 46 477 308 205 151 169
is_linear=0
shrinkage=0.01


Tree=165
num_leaves=31
num_cat=0
split_feature=37 9 8 10 37 38 4 38 30 6 37 29 27 3 37 4 30 37 39 25 0 38 26 25 13 39 30 9 33 3
split_gain=16.8903 5.61797 6.16169 5.43399 8.3567 11.4021 6.97843 4.85417 4.42348 3.38995 3.36081 5.43611 3.07757 5.63708 5.14515 4.46235 4.04937 4.91673 5.59564 3.59151 4.91988 4.81709 4.02602 6.23058 6.749 4.27485 5.32864 4.63245 4.01588 3.5231
threshold=0.90160011258851724 0.38267450034618383 6.9072718620300302 -0.85870298743247975 0.9761275923501338 0.57574082029174034 -4812.7526855468741 1.1566280586262259 -0.016246271319687363 0.059253500774502761 0.057691606747407219 0.26850000023841863 0.026706671342253688 31.198238372802738 0.088111547843553975 -651.11572265624989 0.038848284631967551 0.88550760339004297 0.93055555555555569 0.00094379863003268849 0.42534750699996954 -1.5274733938292093 0.9988657832145692 0.0013681867276318373 -0.0059585000853985539 0.055555555555555559 -0.0046196421608328811 0.40105749666690832 0.038738718256354339 42.329292297363288
decision_type=2 2 2 2 2 2 2 2 2 2 2 2 2 2 2 2 2 2 2 2 2 2 2 2 2 2 2 2 2 2
left_child=7 3 9 6 5 -5 -2 10 -8 -3 11 -1 13 -12 15 -15 17 18 19 29 22 -22 -21 -24 -25 -26 -27 -28 -23 -16
right_child=1 2 -4 4 -6 -7 8 -9 -10 -11 12 -13 -14 14 16 -17 -18 -19 -20 20 21 28 23 24 25 26 27 -29 -30 -31
leaf_value=-0.0092210461784207661 -0.0068595988795515728 0.010025178876989243 -0.0073407855003324229 0.0026682584567592248 0.010517998225023291 -0.019660412891571426 -0.0038905938781985945 0.0053487733341432775 0.0078892705100785006 0.0044579616232249012 0.0099410788640601211 0.0028857454536972888 -0.0027914112323742606 0.013467927839563718 -0.0083573120778169235 0.00028116250845051141 -0.0049410177037584888 -0.0108875990338004 -0.008304791800506188 0.0079158236259715287 -0.0069882645098598688 -0.0070403810074160635 0.006748993729797587 -0.0059700862198489449 0.0092162939491936286 -0.0074650040069458622 -0.00057851445599008653 0.012456907125941094 0.00082687058416844328 -0.0010866986906646512
leaf_weight=11.61992257833481 5.0558507665991774 22.335380516946316 2.9675229862332335 4.1537840813398343 2.683348447084426 4.7538510337471962 3.6325118020176914 12.084913581609724 19.190073490142826 23.775065302848816 5.0944082289934149 5.2109812051057807 65.12834320962429 4.6348564773797989 7.6317074149847022 5.9621309041976911 22.123796917498112 4.3452862575650206 8.233520567417143 12.789178296923636 10.580142214894293 6.9926669895648947 16.74940536916256 14.305279865860937 6.9530197083950069 6.1205992549657848 7.4696225225925428 4.069013923406601 75.414065957069397 52.994453758001328
leaf_count=55 34 210 21 27 27 27 26 66 140 205 28 23 289 20 33 26 98 23 36 61 46 30 78 63 35 28 34 21 335 231
internal_value=0.000100614 0.0040196 0.00627994 0.00117496 -0.00451658 -0.00922312 0.00358476 -0.000844316 0.00596193 0.00719216 -0.00105976 -0.00541872 -0.000837934 -0.000366462 -0.000570242 0.00621419 -0.00085644 -0.000465124 -0.000259496 3.78976e-05 0.000821661 -0.000667445 0.00285699 0.00166471 -0.000509539 0.00263512 0 0.00399994 0.000139447 -0.00203066
internal_weight=455.055 88.5474 49.078 39.4694 11.591 8.90764 27.8784 366.507 22.8226 46.1104 354.422 16.8309 337.591 272.463 267.369 10.597 256.772 234.648 230.303 222.069 161.443 92.9869 68.4561 55.6669 38.9175 24.6123 17.6592 11.5386 82.4067 60.6262
internal_count=2376 717 436 281 81 54 200 1659 166 415 1593 78 1515 1226 1198 46 1152 1054 1031 995 731 411 320 259 181 118 83 55 365 264
is_linear=0
shrinkage=0.01


Tree=166
num_leaves=31
num_cat=0
split_feature=37 37 44 3 8 37 44 46 9 26 44 6 25 44 25 26 37 41 33 46 13 46 13 25 6 26 33 9 13 25
split_gain=21.8239 5.75412 5.49026 4.80967 4.60065 5.56024 6.64557 4.78939 4.48222 4.9885 5.53731 5.98991 6.22623 6.10556 5.36513 5.29837 5.27673 4.39976 5.3844 4.56942 6.16072 6.23176 4.3521 4.98973 4.22095 5.07152 8.78964 4.45957 4.18571 5.39117
threshold=0.85588966133151145 0.2375684916372196 -1.801589864710168 64.303617477417006 6.9072718620300302 0.96218455027683458 2.0915214960359401 8.1828768819022365e-08 0.44116349518299108 1.0022062659263613 -3.2476009500128158 0.062175000086426742 0.0026288651861250405 -1.2215198448058089 0.001809503883123398 1.0003277659416201 0.24407272087384266 0.71574014425277721 0.52824038267135631 5.2950519344781146e-08 -0.0025395000702701505 7.9315963457557039e-08 -0.075823999941349016 0.00095578870968893181 0.051688499748706825 0.99964866042137157 0.41053815186023718 0.33987699449062353 0.13332200050354007 0.00072930037276819359
decision_type=2 2 2 2 2 2 2 2 2 2 2 2 2 2 2 2 2 2 2 2 2 2 2 2 2 2 2 2 2 2
left_child=1 2 3 -1 5 6 7 22 9 10 -3 16 13 -13 -15 -16 -12 18 19 -18 21 -21 -2 -24 27 26 -26 -4 29 -20
right_child=4 8 24 -5 -6 -7 -8 -9 -10 -11 11 12 -14 14 15 -17 17 -19 28 20 -22 -23 23 -25 25 -27 -28 -29 -30 -31
leaf_value=0.010653536791171838 0.0074016473131666861 0.012523542495556839 -0.0036545225257208283 -0.0030171768884136325 -0.0083645470501877324 0.007109063059620651 -0.0065753358671916083 0.0060082035130866332 0.0037213092001776842 -0.0061139912241862798 0.012424458936462338 -0.0097447828275850721 0.0068095315099867965 0.0035646523677315607 -0.0099538215808431772 0.0022780509136479201 0.00036920674229485499 0.0010426332887730305 -0.0037229888836408176 -0.019090710330183624 -0.0032071960858187118 -0.0066668706089437436 0.0042541255507170797 -0.0061306692123420927 0.0043433951911077077 -0.0090798705883529188 -0.010476327279783273 0.0047788528705281826 -0.0037737284204506041 0.008029166914918116
leaf_weight=4.817837178707121 6.3164055496454266 3.1569216400384894 25.946322292089462 5.1629398912191391 2.8160951584577552 42.51113598793745 7.1246477514505377 33.882139891386032 23.898519352078438 16.425136774778366 2.4526566565036765 5.6047801524400702 18.20491598546505 30.951583221554756 7.0143082886934263 6.786026805639267 15.433128148317335 34.446388617157936 5.8471569865942064 5.5276016294956234 39.119814112782478 16.878736421465874 7.3574362620711353 11.848639868199824 9.330086678266527 26.514495268464088 6.8059113770723334 8.0857403427362424 12.342314749956129 10.883527293801306
leaf_count=20 44 18 114 22 20 411 45 224 112 70 10 24 83 143 32 31 68 151 25 23 172 73 48 70 40 119 31 34 53 49
internal_value=0.000106673 -0.00114643 -0.00337241 0.00352286 0.0039405 0.00427482 0.00244083 0.00354822 -0.000384896 -0.000815324 -0.000402552 -0.000606052 0.00181493 0 0.00123875 -0.003894 -0.0017748 -0.00203849 -0.0030489 -0.004434 -0.0056537 -0.00984745 0.000232752 -0.00209925 -0.00428632 -0.00638697 -0.00187177 -0.00161339 0.000585934 0.00386481
internal_weight=453.493 341.637 86.6633 9.98078 111.857 109.04 66.5293 59.4046 254.974 231.075 214.65 211.493 68.5616 50.3567 44.7519 13.8003 142.931 140.479 106.032 76.9593 61.5262 22.4063 25.5225 19.2061 76.6826 42.6505 16.136 34.0321 29.073 16.7307
internal_count=2379 1517 380 42 862 842 431 386 1137 1025 955 937 313 230 206 63 624 614 463 336 268 96 162 118 338 190 71 148 127 74
is_linear=0
shrinkage=0.01


Tree=167
num_leaves=31
num_cat=0
split_feature=37 37 8 44 44 34 29 3 30 27 44 27 25 37 1 30 9 46 25 14 18 37 30 27 25 26 30 4 10 7
split_gain=24.4866 8.61258 6.76792 5.10421 6.2416 5.15823 5.45707 5.04764 4.58406 4.39403 4.32402 4.93405 3.88847 5.51031 3.96418 3.92501 5.49849 5.33771 4.88305 4.34289 5.87852 5.61351 4.52308 3.85586 4.65637 4.76199 4.05089 3.73166 3.65693 3.87057
threshold=0.90160011258851724 0.48303648310948094 6.9072718620300302 -1.801589864710168 -1.1482883121094936 0.54013150930404674 0.079500000923872008 29.812106132507328 0.079178027808666243 0.026918298564851287 1.5635983061108172 0.020560076460242275 0.00059293949743732821 0.7646403752333758 -0.50438550114631642 -0.0086602591909468157 0.39948000013828283 1.2399869950311009e-07 0.0017580116400495174 0.0097925001755356806 0.40610599517822271 0.81029097699470398 0.010671944823116066 0.026882947422564033 0.0015218353364616635 1.0011281967163088 0.0043988155666738757 1318.861267089844 -20.436865806579586 27.177566528320316
decision_type=2 2 2 2 2 2 2 2 2 2 2 2 2 2 2 2 2 2 2 2 2 2 2 2 2 2 2 2 2 2
left_child=1 3 9 -1 -5 -6 -7 -3 10 27 12 -12 13 -9 -14 16 17 18 -16 20 -17 -21 -23 24 26 -26 -22 28 -2 -30
right_child=2 7 -4 4 5 6 -8 8 -10 -11 11 -13 14 -15 15 19 -18 -19 -20 21 23 22 -24 -25 25 -27 -28 -29 29 -31
leaf_value=0.0018038893185024761 -0.0033388321227935526 0.010565790461421984 -0.009930742228857304 -0.010996913200145364 0.0055415073307450392 0.0067770737150458053 -0.003838587658188973 -0.00880604687388792 -0.0098484913654552121 -0.0042084262183926871 -0.013708705693061462 -0.0016620467682753953 0.0085808553916950567 0.0046130922023771828 0.0017277328352551284 0.008297093437224453 -0.0094030651038278495 0.0061616619430030634 -0.0090112217913262752 0.0010930021626218123 0.0010593825477956309 -0.01362857442283132 0.00041775957270964752 -0.0069532193954096513 0.0081775881993707417 -0.00087730062206262886 -0.0099939926400263619 -0.0023980929174940951 0.0036724220406962787 0.0085250991139860319
leaf_weight=19.181432634592056 3.7247769087553015 4.3317156583070746 3.0465178042650214 10.701205775141714 6.471917897462844 4.8613092154264441 139.90663155913353 9.3523712903261167 4.7292617261409751 4.7720758020877829 4.2945945262908962 16.405188024044037 6.6272380501031867 4.340745046734809 8.6928704231977516 16.916557684540749 8.0623843520879728 9.0441927164792997 7.8882071971893302 29.945524409413338 14.814085051417353 5.3590476810932142 3.7107235491275787 4.7803602069616309 17.144590064883236 8.4466103315353376 4.1291460990905753 5.3634885549545279 28.782402627170086 42.288906112313271
leaf_count=81 25 25 21 45 27 20 601 39 21 34 19 76 37 22 41 86 38 43 36 134 69 25 20 22 87 40 20 40 226 374
internal_value=-0.000344528 -0.00147387 0.00439172 -0.00303155 -0.00361122 -0.00307511 -0.00347078 1.42856e-05 -0.00023337 0.00492831 1.90942e-05 -0.00426334 0.000584323 -0.00447705 0.00107006 0.000698688 -0.00225526 0 -0.00334461 0.00165493 0.0032158 -0.00097065 -0.00783085 0.00143926 0.00237608 0.00515823 -0.00133729 0.00548926 0.00607065 0.00658184
internal_weight=458.116 370.138 87.9782 181.122 161.941 151.24 144.768 189.015 184.684 84.9317 179.954 20.6998 159.255 13.6931 145.562 138.934 33.6877 25.6253 16.5811 105.247 66.2313 39.0153 9.06977 49.3148 44.5344 25.5912 18.9432 80.1596 74.7961 71.0713
internal_count=2394 1674 720 774 693 648 621 900 875 699 854 95 759 61 698 661 158 120 77 503 324 179 45 238 216 127 89 665 625 600
is_linear=0
shrinkage=0.01


Tree=168
num_leaves=31
num_cat=0
split_feature=37 37 38 38 44 29 27 10 30 32 44 44 37 37 38 27 34 33 10 26 0 27 2 4 25 26 25 13 27 27
split_gain=21.6443 5.76648 4.31521 6.21865 4.42024 4.21911 4.14502 5.40039 9.54834 4.13883 3.7339 3.9795 3.95533 3.69953 3.69898 3.43449 2.9972 3.77107 3.6731 3.96237 3.6763 9.72718 6.33026 4.59125 4.89275 4.36404 4.26071 4.94448 5.33383 4.57897
threshold=0.90160011258851724 0.30801775057565067 1.1566280586262259 0.89041108614121367 -1.2215198448058089 0.079500000923872008 0.020452035591006282 -4.6811304092407218 0.011244854889810087 -0.022385587915778157 -1.801589864710168 -1.1482883121094936 0.16585419549812128 0.95212841085800626 1.4480551389807894 0.025259153917431835 0.5505320429801942 0.12466853111982347 -13.37386894226074 0.99903398752212536 0.026813500560820106 0.019906242378056053 3129.3186035156255 -1506.9374389648435 0.0035512107424438004 0.99967727065086376 0.0041895266622304925 0.34870199859142309 0.025303635746240619 0.024389376863837246
decision_type=2 2 2 2 2 2 2 2 2 2 2 2 2 2 2 2 2 2 2 2 2 2 2 2 2 2 2 2 2 2
left_child=1 10 3 9 -5 -2 -7 -8 13 -3 12 -12 -1 -9 -4 -6 -11 -18 19 -19 21 -20 25 24 -24 -23 27 28 29 -22
right_child=5 2 14 4 15 6 7 8 -10 16 11 -13 -14 -15 -16 -17 17 18 20 -21 26 22 23 -25 -26 -27 -28 -29 -30 -31
leaf_value=0.0069097288413999336 -0.0084545207726726742 -0.011285010103811896 0.0090515140661987167 -0.013289203773576473 0.0030776736924998881 0.0078969859990575524 0.0050475964496832686 -0.0032657312753664085 -0.018023541011464941 -0.0060763284464730328 -0.011009713025744864 -0.0029623729091407566 -0.0041046970280273201 0.0077748232866636383 -0.0027437658218191687 -0.0081112511866118474 -0.0019998588339889874 -0.0030072736406329698 0.0061669894222644104 0.0081574072367438834 0.00058801449949316188 -0.0029215176220931107 -0.0061421989037706301 0.0059964666460830662 0.0056375356773644596 -0.015615091545194582 0.0086118499970216072 0.0067867066805256827 -0.0043117046043555859 0.0095673580371649653
leaf_weight=7.4555621147155744 2.318494275212287 3.1332626491785041 8.740974619984625 5.9096972495317486 5.3857149481773359 29.314935207366943 41.505211062729359 6.1460581719875318 2.8684938102960578 7.4448751360177985 6.586396411061286 100.77391350269318 5.53693687915802 5.692382700741291 3.585066929459571 5.2537939995527267 51.855168268084526 3.9834820926189449 12.130761012434958 13.031243264675139 44.99291829764843 5.0627391934394819 16.522446766495708 6.3200761675834682 4.3061317056417456 6.5059898346662521 8.2013202309608442 12.730815663933752 20.092590928077698 6.4588455706834784
leaf_count=31 19 13 48 26 28 254 344 39 20 32 29 439 23 51 20 26 232 21 60 70 202 23 73 29 21 28 37 60 88 28
internal_value=-2.35271e-06 -0.00105903 -0.000193416 -0.000495382 -0.0063911 0.0044571 0.00482826 0.00319896 -0.00194949 -5.02463e-05 -0.00285898 -0.00347516 0.0021439 0.00197989 0.00554587 -0.00237839 0.000110535 0.000335072 0.00109722 0.00548281 0.000566153 -0.00158141 -0.0040445 -0.00134909 -0.00364376 -0.0102184 0.00175823 0.00106999 3.07299e-05 0.00175098
internal_weight=459.846 372.001 251.648 239.322 16.5492 87.8456 85.5271 56.2121 14.7069 222.773 120.353 107.36 12.9925 11.8384 12.326 10.6395 219.639 212.195 160.339 17.0147 143.325 50.8481 38.7174 27.1487 20.8286 11.5687 92.4765 84.2752 71.5444 51.4518
internal_count=2414 1687 1165 1097 80 727 708 454 110 1017 522 468 54 90 68 54 1004 972 740 91 649 234 174 123 94 51 415 378 318 230
is_linear=0
shrinkage=0.01


Tree=169
num_leaves=31
num_cat=0
split_feature=37 37 9 46 44 23 27 26 3 37 46 8 8 20 37 37 25 27 46 39 20 28 28 39 37 46 3 29 20 37
split_gain=21.7456 4.84788 7.39563 5.87038 5.44645 5.96542 8.19201 6.37021 6.11583 5.13289 5.51728 4.74772 4.61427 4.49866 4.43095 4.62344 4.4993 4.32766 5.26333 5.0425 4.22947 4.19143 5.05563 4.11375 4.46792 4.0264 3.96286 5.00608 3.89697 3.85101
threshold=0.90160011258851724 0.52651234566660043 0.3291774988174439 7.6773624862244993e-08 -2.8018245202483523 -2.1146094799041744 0.020473265089094642 1.0009571313858034 45.163158416748054 0.8755065698217025 4.2656842427058049e-08 6.9072718620300302 3.5759680271148686 -0.20288850367069242 0.44144223508930569 0.057691606747407219 0.00051168553181923937 0.020560076460242275 8.1419563986439112e-08 0.065656565656565677 -1.8070985078811643 -0.73211088776588429 0.46601843833923345 0.66161616161616166 0.85588966133151145 9.2585149885354044e-08 52.084484100341804 0.23550000041723254 -1.0000000180025095e-35 0.98366682711739506
decision_type=2 2 2 2 2 2 2 2 2 2 2 2 2 2 2 2 2 2 2 2 2 2 2 2 2 2 2 2 2 2
left_child=1 4 9 -4 -1 6 28 13 17 10 -3 29 -9 -7 15 -15 -17 -8 -19 -20 -21 -12 -23 24 25 -5 27 -18 -6 -2
right_child=11 2 3 23 5 7 8 12 -10 -11 21 -13 -14 14 -16 16 26 18 19 20 -22 22 -24 -25 -26 -27 -28 -29 -30 -31
leaf_value=0.0058339206764128227 0.003519998970422677 -0.011531480154087073 0.0046403889558042912 -0.0070611345767949306 0.001270559313294294 0.0049491504718052427 0.0066774223801697955 -0.013157577116701805 -0.012278521483665195 -0.013213197807398601 0.0080530646885064346 -0.0067906101523177564 -0.0021377198695363342 -0.0092018969327874976 -0.010271483817359291 0.0063721437076751921 -0.0053456612634585603 -0.0044120652756840951 0.0088726983540790508 0.006082788612937518 -0.003550852994324409 -0.0041353558271525013 0.0038960393880566714 -0.003995186745035211 0.0077987392392091515 0.0012196747745967294 -0.0050984839048633162 0.0051011981230178376 0.013911833221153469 0.008618840845868999
leaf_weight=7.6067915856838217 64.505656227469444 5.4441427290439597 37.524648107588291 6.7868389189243308 5.1726363599300385 6.1087373346090308 6.286611631512641 12.542210310697557 5.2403715550899497 4.5151765942573538 4.5365796983242026 3.5722346380352965 5.8302314281463614 9.7231771647930128 9.4229591190814954 5.9790922403335562 7.6326737850904491 37.394064128398895 6.5736188888549831 6.0662112981081071 17.072544857859608 29.087214633822441 10.511903196573256 20.587281256914139 8.6212859600782377 39.739150300621986 28.282779678702354 11.090102612972258 4.9061654806137067 19.884126387536526
leaf_count=33 491 23 191 31 22 26 27 53 23 21 21 25 25 46 39 25 33 162 28 26 72 131 49 100 55 186 121 46 21 209
internal_value=-0.000196991 -0.00128761 -3.58872e-05 0.00141074 -0.00236763 -0.00271263 -0.000824935 -0.00443298 -0.00192559 -0.00308017 -0.0021125 0.00425513 -0.00974522 -0.00316193 -0.00386861 -0.00287572 -0.00168082 -0.00115707 -0.00191474 0.00119895 -0.000966894 -0.000904619 -0.00197372 -0.000180295 0.00123041 0 -0.00273773 0.000783448 0.00759855 0.00474202
internal_weight=448.247 360.285 167.354 113.259 192.931 185.324 88.7122 96.612 78.6334 54.095 49.5798 87.962 18.3724 78.2395 72.1308 62.7078 52.9846 73.3931 67.1064 29.7124 23.1388 44.1357 39.5991 75.7346 55.1473 46.526 47.0056 18.7228 10.0788 84.3898
internal_count=2361 1636 808 563 828 795 381 414 338 245 224 725 78 336 310 271 225 315 288 126 98 201 180 372 272 217 200 79 43 700
is_linear=0
shrinkage=0.01


Tree=170
num_leaves=31
num_cat=0
split_feature=37 37 44 29 17 6 8 27 3 44 44 22 39 16 46 25 33 7 25 27 8 27 27 28 39 44 46 41 37 37
split_gain=16.8739 8.86789 5.32084 5.27056 5.09834 6.89699 4.32196 3.85125 5.51722 6.86365 7.25276 6.79198 4.77636 5.79227 4.27921 4.76093 3.91275 4.67004 3.73843 3.73631 4.00808 6.36795 9.41717 5.03491 4.90634 4.15133 8.54035 3.98352 3.73047 4.33599
threshold=0.46720719433613367 0.98145796618351466 -2.8018245202483523 0.075500000268220915 1.0000000180025095e-35 0.131059505045414 -2.3110140562057491 0.018895236775279049 45.552083969116218 -0.44849368269236844 -0.076258601977240034 2.7336785793304448 0.24747474747474751 0.60785751044750225 1.5800165042470188e-07 0.0024648647522553806 0.15876275300979617 37.575246810913093 0.0036429255269467835 0.020166520029306415 -2.9819915294647212 0.020884498022496704 0.026180064305663112 -0.51386588811874379 0.48989898989899 0.97422593121753376 9.7178309989103396e-08 0.67650270462036144 0.55692161586167555 0.60830071007981801
decision_type=2 2 2 2 2 2 2 2 2 2 2 2 2 2 2 2 2 2 2 2 2 2 2 2 2 2 2 2 2 2
left_child=2 7 -1 -4 -3 -6 -5 -2 19 11 -11 18 13 14 15 -13 -14 -18 -10 -9 21 24 23 -23 -21 -24 -27 -28 -22 -30
right_child=1 4 3 6 5 -7 -8 8 9 10 -12 12 16 -15 -16 -17 17 -19 -20 20 28 22 25 -25 -26 26 27 -29 29 -31
leaf_value=0.0067848574839578166 0.0085771524942117872 0.011052853722553189 0.0077142945553019026 -0.0002390078324602678 0.0072847515001974485 -0.012743726581533624 -0.0038216082110578628 0.0075805454670892823 0.0071372164855266441 -0.011814184140565072 0.0016624856951379483 -0.00057402070744101772 -0.014314818383925159 0.011473455718247783 0.0082505206426524581 -0.011264248874654033 -0.009631289289230037 0.0044553076235921306 -0.0031063653175430117 0.00066674834494977891 0.0094149520852216638 -0.0040424706009944255 0.0043043717775288412 0.0073905228787594758 -0.012894581139965436 -0.017501800761771619 -0.0091754327306300572 0.0026363658328289103 -0.0056966840957188994 0.0031340957952650452
leaf_weight=6.3878018707036963 7.1500170156359664 15.724596545100214 4.838969722390174 49.156328603625298 5.4977831467986098 2.3708015233278275 111.31552296876907 12.314558036625384 17.954579025506977 10.161577373743059 6.3077199608087531 27.287260487675667 4.3435363173484793 4.060388281941413 4.2850058227777472 4.8740137666463843 4.6508067697286588 4.4728098586201668 4.2261389940977088 4.401529632508753 8.6498057842254621 4.487384885549548 5.0537953823804882 21.756088055670261 6.1549916416406631 4.5116465091705349 4.2571247145533553 8.0224222615361196 5.8442091941833487 74.321339458227158
leaf_count=27 46 169 20 206 57 21 483 75 99 49 31 130 20 21 20 23 24 28 22 25 40 28 27 133 27 21 20 40 26 435
internal_value=0.000406783 0.00190827 -0.00206311 -0.00241495 0.00777431 0.00104049 -0.00273123 0.0013684 0.00115691 -0.000776358 -0.0066134 0.000479874 -0.0014208 0.000274911 -0.000973308 -0.00225501 -0.00655934 -0.00264355 0.00513542 0.0022837 0.00182974 -0.000183227 0.0013466 0.00538971 -0.00719316 -0.00346745 -0.00587744 -0.00141886 0.00316886 0.00247156
internal_weight=454.841 283.142 171.699 165.311 23.5932 7.86858 160.472 259.549 252.399 92.6238 16.4693 76.1545 53.9738 40.5067 36.4463 32.1613 13.4672 9.12362 22.1807 159.775 147.46 58.645 48.0885 26.2435 10.5565 21.845 16.7912 12.2795 88.8154 80.1655
internal_count=2393 1657 736 709 247 78 689 1410 1364 467 80 387 266 194 173 153 72 52 121 897 822 321 269 161 52 108 81 60 501 461
is_linear=0
shrinkage=0.01


Tree=171
num_leaves=31
num_cat=0
split_feature=37 37 44 3 1 44 39 25 6 28 4 25 25 26 10 39 1 28 3 44 27 26 46 33 46 46 30 34 3 23
split_gain=17.3668 8.6038 6.67138 3.94589 3.85886 4.03875 4.46251 4.54965 4.96155 4.83393 3.73676 3.61148 4.30954 6.21015 10.0986 5.80171 4.74676 4.44801 4.26541 7.33931 7.30843 6.49832 6.1465 4.71962 4.47291 6.19128 4.23019 4.20047 4.51992 5.4529
threshold=0.75904105166395808 0.98366682711739506 -3.1551613232378553 64.993537902832045 -0.15377149730920789 -1.8823100257228182 0.62892078681552377 0.0027759260265156631 0.20185900479555133 -0.065797921270132051 593.43701171875011 0.0010306288604624572 0.0019064929219894113 1.0006350278854372 -4.5518593788146964 0.082903780068728533 0.45293550193309789 -0.36197102069854731 52.084484100341804 -0.74884378778620009 0.024600026197731498 1.0009421706199648 1.4465394447343109e-07 0.16790127754211429 3.5108708163778421e-07 2.0881262285326707e-07 0.030079317279160026 0.73041006922721874 45.723354339599616 -21.019722938537594
decision_type=2 2 2 2 2 2 2 2 2 2 2 2 2 2 2 2 2 2 2 2 2 2 2 2 2 2 2 2 2 2
left_child=2 4 -1 10 5 -2 7 8 -7 -9 11 -4 13 14 -13 -15 -16 -18 19 -14 -20 24 -22 -23 25 27 -25 28 29 -21
right_child=1 -3 3 -5 -6 6 -8 9 -10 -11 -12 12 18 15 16 -17 17 -19 20 21 22 23 -24 26 -26 -27 -28 -29 -30 -31
leaf_value=0.0097984682028693856 -0.0051199720214081959 0.0088195916439005213 -0.0033431948826378667 -0.0061873047562716445 0.00060360463908616614 0.0066077994601592771 0.010127293851212726 0.0044385185319140968 -0.0067109406963769625 -0.0078810411748145553 0.0050136197383698032 0.0071530887650300013 0.0084277115489458012 0.0018885499801838388 -0.0059893742256344317 -0.008729799939263639 0.0094145542740004372 -0.0018491401284551664 0.0019925965738125215 -0.0096556012452294841 -0.015451813960258534 -0.0024166158333557468 -0.0021733236126267028 0.0086717977096572516 -0.011787124331793917 0.0062864553424065344 -0.0012775956144013936 0.0038694302430552024 -0.012935493216152588 -0.00079402684575546369
leaf_weight=5.3569201231002799 4.3331044763326636 21.654350765049458 64.215156257152557 15.879741057753561 81.209537364542484 27.377303205430511 12.010626040399073 6.0298678427934647 2.9598540514707556 6.4329806268215162 9.6200588047504407 28.437183558940887 7.6949642151594153 9.9837091565132159 12.144684672355654 10.198197498917578 5.5445646196603766 8.9200964719057065 7.807544112205508 10.247433513402926 8.3557934761047346 14.165659829974173 6.326229900121688 12.060799941420557 6.108341008424758 6.4917050451040259 6.304975599050521 5.6136375665664664 6.3846686184406272 22.056417018175136
leaf_count=29 26 230 278 70 481 192 95 40 18 40 43 126 35 44 54 45 24 38 33 44 36 61 27 53 26 28 27 25 27 97
internal_value=0.000329538 0.00295264 -0.00113332 -0.001346 0.0020347 0.0039785 0.00472402 0.00316436 0.00525772 -0.00185302 -0.00105395 -0.00128497 -0.000600151 0.00126639 0.00301474 -0.00344433 -0.00138065 0.00243477 -0.00178246 -0.000859061 -0.00570472 -0.00167779 -0.0098514 0.00186319 -0.00371946 -0.00270836 0.00521359 -0.0040601 -0.00524346 -0.00365708
internal_weight=451.926 162.008 289.918 284.562 140.353 59.1437 54.8106 42.8 30.3372 12.4628 268.682 259.062 194.847 75.2284 55.0465 20.1819 26.6093 14.4647 119.618 97.1286 22.4896 89.4336 14.682 32.5314 56.9022 50.7939 18.3658 44.3022 38.6885 32.3039
internal_count=2392 1122 1270 1241 892 411 385 290 210 80 1171 1128 850 331 242 89 116 62 519 423 96 388 63 141 247 221 80 193 168 141
is_linear=0
shrinkage=0.01


Tree=172
num_leaves=31
num_cat=0
split_feature=37 37 3 8 32 37 44 27 37 10 28 9 28 34 34 1 7 26 31 44 27 44 3 28 22 34 13 46 33 33
split_gain=21.2776 5.94273 7.18163 4.98407 4.70055 4.50749 4.73823 9.50009 4.28039 4.86247 7.79543 5.15066 5.39217 4.66094 4.14299 4.07058 3.58608 3.5685 3.3145 3.21276 10.4038 5.50328 6.49454 4.52322 4.43784 3.58225 4.02617 3.48211 5.87944 3.6118
threshold=0.90160011258851724 0.32407000768948008 29.812106132507328 6.9072718620300302 -0.016484601423144337 0.33891526960706903 1.5635983061108172 0.02053595241159201 0.98145796618351466 -4.6811304092407218 -0.58552372455596913 0.40218150615692144 0.167833186686039 0.6701573133468629 0.68129679560661327 -0.50438550114631642 23.677868843078617 0.99962180852890026 0.0030413329368457202 -0.034078933388681336 0.020528990775346759 -0.38640183741091499 45.723354339599616 0.5987958312034608 0.23016700148582461 0.73243856430053722 -0.0025395000702701505 7.1768234750443848e-08 0.31988872587680822 0.20187629759311679
decision_type=2 2 2 2 2 2 2 2 2 2 2 2 2 2 2 2 2 2 2 2 2 2 2 2 2 2 2 2 2 2
left_child=1 -1 -3 8 -4 -6 15 -8 9 16 -11 12 -12 -14 -9 17 -2 -7 19 21 -21 23 24 27 -23 26 -22 28 -17 -29
right_child=3 2 4 -5 5 6 7 14 -10 10 11 -13 13 -15 -16 18 -18 -19 -20 20 25 22 -24 -25 -26 -27 -28 29 -30 -31
leaf_value=-0.003039096963792523 -0.001996462690624349 0.011153493666907131 -0.01144024037683525 -0.0071468891978962567 0.0078715789329272916 0.012642403562846861 -0.0155124150112897 -0.0066232592467323553 0.0085081474825506008 -0.011623632337661416 0.0059465978173715251 0.0077249406263779057 0.0016818071389972367 -0.014626180594397228 0.0022680839248711742 0.0026513535887903584 0.0071652711161943319 0.0010034438835567158 0.0073026793990910487 0.0085303897910141511 -0.0035762517518486366 -0.007821521385515012 -0.012254872107350939 -0.0061841143188149693 0.0055806613167729106 -0.0068609344754413503 0.0016371542428837531 -0.0011359204196893906 -0.0071248294554977368 0.0048004906725118346
leaf_weight=117.4352311193943 4.7569989860057822 5.2449429631233206 3.8131433129310599 3.4925473257899275 6.3292203843593589 4.4220432788133603 6.0179548859596279 8.6788927465677279 22.911072306334972 4.5339898392558124 4.9250949695706385 10.436793491244314 2.898840919137001 3.917193241417408 12.711116522550581 11.147928968071939 29.557742096483707 6.861585408449173 5.2724537104368201 14.188377290964125 21.453714773058891 4.5751857161521929 9.9906748831272107 12.539916187524794 5.1054334491491318 8.4389446526765806 47.266136720776558 18.179678246378899 13.246272340416906 22.672220185399055
leaf_count=511 31 30 16 24 26 25 26 39 244 33 35 86 20 25 58 51 229 35 24 69 95 20 41 56 23 38 228 81 60 107
internal_value=-0.000123645 -0.00118582 -0.000303888 0.0043027 -0.00055988 -0.000377468 -0.000609347 -0.00450751 0.00479894 0.00337841 0.000138066 0.00262886 -0.00184362 -0.00762181 -0.00130704 -8.22796e-05 0.00586403 0.00572358 -0.000427756 -0.000652677 0.000686347 -0.00191742 -0.00663473 -0.00070463 -0.000666349 -0.000752289 0 0.000341044 -0.00262379 0.00213796
internal_weight=453.021 365.591 248.156 87.4303 242.911 239.098 232.769 27.408 83.9377 61.0267 26.7119 22.1779 11.7411 6.81603 21.39 205.361 34.3147 11.2836 194.077 188.804 91.3472 97.4573 19.6713 77.786 9.68062 77.1588 68.7199 65.2461 24.3942 40.8519
internal_count=2386 1659 1148 727 1118 1102 1076 123 703 459 199 166 80 45 97 953 260 60 893 869 430 439 84 355 43 361 323 299 111 188
is_linear=0
shrinkage=0.01


Tree=173
num_leaves=31
num_cat=0
split_feature=37 44 30 22 39 44 33 30 34 4 14 16 37 13 37 14 33 13 0 29 9 30 28 27 44 8 29 33 30 27
split_gain=17.6759 4.82244 4.18252 4.30742 5.61318 5.21203 4.79938 7.15298 8.06276 5.21646 4.59199 3.99478 3.70326 4.56603 4.52056 4.05481 4.08864 3.73742 5.36652 5.37817 5.17429 6.26795 5.05808 3.71728 6.71778 4.02092 3.56667 3.53748 3.42014 3.24976
threshold=0.85588966133151145 -3.487979430246241 -0.063406202942132936 -2.9368635416030879 0.92893217893217905 1.747143064315303 0.50032487511634838 0.0094740763306617754 0.64412313699722301 -4812.7526855468741 -0.038534000515937798 0.60785751044750225 0.15552279367115948 0.12950950115919116 0.1711701341460731 -0.34870199859142298 0.27630662918090826 0.182268001139164 0.071775499731302275 0.28350000083446508 0.4505975097417832 -1.0000000180025095e-35 -0.28081786632537836 0.020005736500024799 -0.92146204335719972 -1.0000000180025095e-35 0.54450002312660228 0.36059094965457922 -0.011556135024875401 0.023013320751488212
decision_type=2 2 2 2 2 2 2 2 2 2 2 2 2 2 2 2 2 2 2 2 2 2 2 2 2 2 2 2 2 2
left_child=1 -1 -2 5 6 -4 9 8 -8 -5 -7 29 15 -14 -15 -3 26 18 19 -16 21 22 -19 25 -25 -23 -17 -22 -24 -12
right_child=2 12 3 4 -6 10 7 -9 -10 -11 11 -13 13 14 17 16 -18 20 -20 -21 27 23 28 24 -26 -27 -28 -29 -30 -31
leaf_value=0.012801327809430054 -0.0071162793928653146 -0.011925659606602581 0.0097551258897830197 -0.0051931016622659412 -0.011045762527134391 0.0082518208579768354 0.0072062941260123779 -0.013802912414443116 -0.011106703836302953 0.0053996217812562379 0.0083822021036362212 -0.012595321812109371 -0.0017936349110908843 0.014916487814126734 -0.0089060013525172118 0.0019811231669249773 -0.0053042691148364506 0 0.0070758879748995035 0.0034951717753393509 0.011439092862669588 0.0017638256959900851 -0.0058155481518620952 0.0087782352721745404 -0.00064090992110791363 -0.0089294759964264232 -0.007629873242750768 -0.00024681119436174083 -0.016770280197967429 -0.0061463553608700136
leaf_weight=2.3607466816902152 3.4647272676229468 5.1860206127166739 21.662552006542683 4.973956160247325 2.8717088848352423 6.6532573178410521 8.2761754021048528 3.7371521592140189 3.2515194937586775 47.808151170611382 3.3169753476977331 2.6941289305686951 169.24067252874374 2.1214273422956458 5.4259038418531409 21.042189061641697 27.792744770646095 8.1372730433940905 17.654853165149689 9.3291904181241971 5.428534269332884 6.1811627149581909 8.4987875670194608 10.359134256839747 26.807499706745151 7.6003725528717023 4.6172770112752906 4.5594684630632401 4.7339016646146765 2.6502553597092628
leaf_count=13 24 25 193 34 19 63 61 27 22 358 27 20 742 9 23 91 128 35 81 43 29 28 37 47 121 32 20 23 20 21
internal_value=-4.799e-07 -0.00111501 0.00346207 0.0038173 0.00234705 0.00659619 0.00294231 -0.00194125 0.0019038 0.00437457 0.00202869 -0.00267712 -0.0012169 -0.000742575 0.000771579 -0.00350873 -0.00265269 0.000488526 0.00336433 -0.00102706 -0.000634463 -0.00157937 -0.00611371 0.000311197 0.00197408 -0.00408322 0.000189952 0.00605585 -0.00990592 0.00176979
internal_weight=458.438 347.077 111.361 107.896 70.9187 36.9772 68.047 15.2648 11.5277 52.7821 15.3146 8.66136 344.716 286.078 116.838 58.6382 53.4522 114.716 32.4099 14.7551 82.3061 72.3181 21.37 50.9482 37.1666 13.7815 25.6595 9.988 13.2327 5.96723
internal_count=2416 1547 869 845 521 324 502 110 83 392 131 68 1534 1270 528 264 239 519 147 66 372 320 92 228 168 60 111 52 57 48
is_linear=0
shrinkage=0.01


Tree=174
num_leaves=31
num_cat=0
split_feature=37 37 17 46 0 18 6 26 32 34 44 18 23 28 28 26 25 39 32 37 29 29 23 34 33 10 34 25 39 25
split_gain=18.6294 6.11602 5.93798 4.58414 8.71074 6.94166 4.01004 4.55745 4.16572 3.72069 5.47534 4.92779 4.63433 3.63833 4.1943 4.18502 3.78351 5.97882 3.61324 3.94013 4.01303 7.54745 4.03532 4.645 3.81621 3.77034 3.84264 3.64618 4.52447 5.31431
threshold=0.85588966133151145 0.2375684916372196 1.0000000180025095e-35 7.1411846878779347e-08 -1.0000000180025095e-35 0.40610599517822271 0.056751500815153129 1.0021684765815737 0.018257006071507934 0.72215339541435253 -3.1551613232378553 0.40610599517822271 8.2609491348266619 0.86043295264244091 -0.32714067399501795 0.99834007024765026 0.0016879076720215382 0.30151515151515157 0.0056937430053949365 0.28841249833872767 0.15149999409914019 0.17150000482797625 10.498835086822512 0.7345266342163087 0.79106223583221447 6.861865997314454 0.63623160123825084 0.0033111207885667686 0.015151515151515154 0.0016767203342169525
decision_type=2 2 2 2 2 2 2 2 2 2 2 2 2 2 2 2 2 2 2 2 2 2 2 2 2 2 2 2 2 2
left_child=1 -1 13 4 5 -4 9 8 18 10 -3 -11 -12 14 15 -2 -17 -18 19 -8 -21 -22 23 24 25 26 -23 28 -28 -30
right_child=2 6 3 -5 -6 -7 7 -9 -10 11 12 -13 -14 -15 -16 16 17 -19 -20 20 21 22 -24 -25 -26 -27 27 -29 29 -31
leaf_value=-0.0035122506076876153 0.0084422407322025852 0.0085918429437828979 0.0089286253008400655 0.0024255180896017416 -0.019732148550426397 -0.0084551237428703938 0.0081921766823522587 -0.0044940893013696148 -0.0073135271996613198 0.0075337942965263208 -0.0022173370159334692 -0.0017409183108818757 -0.0094686919566799154 -0.0060926395980429003 0.0075141202077030986 0.0030659531927607463 0.0016223305694236148 -0.018828076600637352 0.010345512435121282 -0.005762363580239919 0.010723628129265715 0.009551718301548353 -0.0068520738912781322 -0.0081301484339650933 -0.0058888935971975918 0.0089146082761974062 0.0047037427243249363 0.0059030366964711381 0.0045496760780208067 -0.0063548435354507087
leaf_weight=93.478958189487457 6.4702757298946407 4.1941270828247061 4.4447931721806508 35.64668095856905 2.8210725337266913 4.5421857312321663 8.0550850182771665 14.147205278277395 4.946520820260047 9.3202357590198535 100.6345316618681 14.258893579244612 9.7084784060716611 2.5373605638742438 43.38479720801115 7.9360893517732602 2.9989448711276054 2.4770722910761833 4.8373857587575904 8.0537829399108869 8.0358487516641599 5.426055744290351 6.5594126284122458 4.7035378217697135 5.3456072956323615 8.6084100008010846 9.5889271646738035 9.9831576496362668 5.9086118042469051 16.633860036730766
leaf_count=413 54 23 39 265 14 30 33 62 21 42 439 62 41 17 361 64 24 19 21 36 37 26 28 21 24 42 47 46 28 76
internal_value=-0.000183319 -0.00131926 0.0033406 0.000618102 -0.00472878 3.61507e-05 -0.000522689 0.000801818 0.001517 -0.00168843 -0.00243674 0.00189924 -0.00287239 0.00528482 0.0057658 0.00188227 -0.00124744 -0.00762082 0.00196291 0.00152391 0.000899578 0.00158233 0.000545642 0.00130298 0.00205275 0.00283573 0.00169761 0.000641761 -0.000975124 -0.00344502
internal_weight=465.688 352.429 113.259 47.4547 11.8081 8.98698 258.95 120.833 106.686 138.116 114.537 23.5791 110.343 65.8045 63.2672 19.8824 13.4121 5.47602 101.74 96.9023 88.8472 80.7934 72.7576 66.1982 61.4946 56.149 47.5406 42.1146 32.1314 22.5425
internal_count=2455 1568 887 348 83 69 1155 548 486 607 503 104 480 539 522 161 107 43 465 444 411 375 338 310 289 265 223 197 151 104
is_linear=0
shrinkage=0.01


Tree=175
num_leaves=31
num_cat=0
split_feature=37 44 38 22 10 44 10 37 17 46 38 44 37 39 38 27 7 44 38 2 30 6 27 39 28 6 1 33 46 38
split_gain=23.3716 5.25515 4.96203 4.83596 4.32258 4.44497 4.44829 6.38942 4.86408 5.29616 3.72824 5.68417 4.51755 7.19494 3.8858 3.67854 4.40789 4.40108 3.65691 3.60177 3.41022 3.22462 3.24481 3.19106 3.74442 5.68761 6.2016 3.25112 4.61369 3.64298
threshold=0.90160011258851724 -3.0309317354864791 1.1409666830810077 -9.3828349113464338 -20.436865806579586 -1.9425331284228891 -4.6811304092407218 0.98145796618351466 1.0000000180025095e-35 7.895653707830294e-08 0.88045987995121389 0.15006806525195923 0.48303648310948094 0.66161616161616166 -0.14814435224949152 0.020844638347625736 42.671684265136726 2.2344437809952562 -0.62295373626419137 2699.956909179688 0.057184683158993728 0.066009998321533217 0.026050351560115818 0.60303030303030314 0.10417322441935541 0.04484550096094609 -0.28113849461078638 0.42447377741336828 5.4688650990715135e-08 0.22250967692548379
decision_type=2 2 2 2 2 2 2 2 2 2 2 2 2 2 2 2 2 2 2 2 2 2 2 2 2 2 2 2 2 2
left_child=1 -1 3 -3 -2 -6 -7 8 19 -10 12 -12 14 20 18 -15 17 -17 -5 -8 23 22 -20 24 -14 -26 -27 28 -28 -30
right_child=4 2 -4 10 5 6 7 -9 9 -11 11 -13 13 15 -16 16 -18 -19 21 -21 -22 -23 -24 -25 25 26 27 -29 29 -31
leaf_value=0.0071728903540514257 -0.007057343468792312 0.007754024333801417 0.0057767373113079279 -0.0029235888068188569 -0.0036302155623998667 0.0076187827732164181 0.0086207107341722631 0.0098334733633641674 -0.01528635303033741 7.6767566359718461e-05 -0.010540540625392485 0.0025749893184452404 -0.00087780590789252023 -0.0109570843754469 -0.010838116798107349 0.0092415226949478339 -0.0083393015616187952 -0.0042921129216186458 0.0019084288794638416 -0.00064048058944089954 -0.0059248480109876239 0.0083267335474876032 -0.0076331924030604804 0.0091985558721896787 0.0083231518127807429 0.0096101134454642367 -0.012035920644296729 0.0038987520154043927 0.0032068235874474042 -0.0053077902086798127
leaf_weight=7.111309513449668 2.9855161756277075 5.2854251340031615 9.1594288349151594 149.58480285108089 5.5112151801586142 44.347981877624989 7.3752862736582818 9.3316607475280744 3.3989894017577154 5.8982066363096237 10.773808546364306 4.5415382981300345 66.386479318141937 7.7582738101482418 5.558981016278266 4.3603456467390078 7.2551553696393958 5.0189314484596252 13.022110313177114 9.1402804926037771 7.3608566522598258 5.0453550368547431 4.7671484798192969 4.5181677639484397 13.281021088361738 6.5527979135513297 4.4249755293130901 9.6803481429815275 10.482111364603044 9.3922542035579664
leaf_count=37 20 30 51 645 37 384 64 104 21 43 50 24 309 33 23 23 32 22 54 64 33 21 20 23 63 33 20 47 49 45
internal_value=-0.000158719 -0.00125909 -0.0014284 -0.00161866 0.00446977 0.00489419 0.00550157 0.0027875 0.000173572 -0.00553637 -0.00176533 -0.00659498 -0.00153928 -0.000292199 -0.00262926 -0.00527468 -0.00251502 0.00192518 -0.00235267 0.00346206 0.000623709 0.0013401 -0.000621002 0.00102265 0.000699627 0.00266218 0.000766754 -0.000932492 -0.00290623 -0.000773388
internal_weight=459.311 371.322 364.21 355.051 87.9891 85.0036 79.4924 35.1444 25.8128 9.2972 349.765 15.3153 334.45 156.472 177.978 24.3927 16.6344 9.37928 172.419 16.5156 132.079 22.8346 17.7893 124.718 120.2 53.8135 40.5325 33.9797 24.2993 19.8744
internal_count=2424 1687 1650 1599 737 717 680 296 192 64 1569 74 1495 732 763 110 77 45 740 128 622 95 74 589 566 257 194 161 114 94
is_linear=0
shrinkage=0.01


Tree=176
num_leaves=31
num_cat=0
split_feature=37 37 29 37 29 29 9 38 9 18 28 44 37 3 30 46 29 9 34 29 29 46 46 29 46 44 34 28 28 37
split_gain=16.7847 4.75776 3.61217 4.61264 4.69433 8.88591 5.20417 10.2754 4.94697 4.46892 4.08927 3.57402 3.57864 3.41986 3.18252 2.93542 7.16967 3.59513 4.60877 5.02071 4.32 5.79865 5.68432 4.70018 4.62565 6.06133 5.14776 4.68899 3.48688 3.40967
threshold=0.90160011258851724 0.2375684916372196 1.2680000066757204 0.98366682711739506 0.28550000488758093 0.27050000429153448 0.4505975097417832 0.93031587715183961 0.34812349081039434 0.40610599517822271 -0.58552372455596913 -3.1551613232378553 0.25926049318098504 29.812106132507328 -0.01924954634159803 3.6463632330573428e-07 1.4010000228881838 0.34812349081039434 0.5505320429801942 0.7775000035762788 0.22350000590085986 7.0375729397393479e-08 7.6773624862244993e-08 0.15149999409914019 9.5226409737591205e-08 1.7045241784505485 0.67201983928680431 -0.62306362390518177 0.28342761099338537 0.75904105166395808
decision_type=2 2 2 2 2 2 2 2 2 2 2 2 2 2 2 2 2 2 2 2 2 2 2 2 2 2 2 2 2 2
left_child=1 -1 3 4 5 8 14 -8 9 -2 -10 -3 -13 -14 -6 17 -17 -15 -19 20 23 -22 -23 29 -24 26 -26 -28 -29 -20
right_child=2 11 -4 -5 6 -7 7 -9 10 -11 -12 12 13 15 -16 16 -18 18 19 -21 21 22 24 -25 25 -27 27 28 -30 -31
leaf_value=-0.0029264238312872795 0.0020585808687236225 0.0078395859712972679 -0.0052298028606344738 0.0085997818180744943 2.1095175510192604e-06 -0.017171440694308801 0.005678008680964664 -0.017290840566989336 -0.0051110331405039957 -0.011007171362614074 0.0077830735703004299 0.0066723187231744474 0.0071248097485580118 -0.0016069188674616391 0.0097630102377211699 -0.013045982687829779 0.00060566530740798256 -0.0085703298867097748 -0.0050028764759517006 0.0089399253523895911 -0.010607699470727022 0.010883529131934138 -0.0058791416674117084 0.006926588549621168 0.0075210473898694478 -0.0093338279900511828 0.0094046218419232309 -0.005183292441770718 0.0021902319345988843 0.0060423923347059849
leaf_weight=87.48414409160614 5.9983306601643616 5.2437134385108939 3.8708734437823287 20.35596527159214 4.2626662701368359 2.5996266081929198 6.9789915159344655 2.5828676968812943 2.8537802919745472 4.3850312456488609 13.054552905261511 6.8287421911954871 5.4898590147495261 133.92376564443111 19.76447993516922 6.3666792064905158 9.1553856283426267 4.8831048756837836 7.7758151888847369 7.7903178185224524 5.371414750814437 4.4561511278152457 13.341083802282808 18.518379494547844 12.099408037960528 5.1504433900117865 4.2448579221963838 13.992437213659295 11.463933296501635 4.1924571990966797
leaf_count=387 42 29 26 225 33 17 60 17 23 25 109 28 31 594 155 27 39 22 33 36 24 21 60 92 61 24 22 65 55 23
internal_value=4.0213e-05 -0.000890901 0.00399757 0.0044466 0.00306594 7.29841e-05 0.00560277 -0.000537626 0.00187454 -0.00341623 0.00539007 -0.000251186 -0.000411864 -0.000598373 0.00807996 -0.000766209 -0.00497748 -0.000495831 0.000809178 0.00124844 0.000634642 -0.000720372 9.95365e-05 0.00377605 -0.000697644 0.000762784 0.00205001 -0.000162939 -0.00182802 -0.00103288
internal_weight=454.479 367.772 86.7072 82.8363 62.4803 28.8913 33.589 9.56186 26.2917 10.3834 15.9083 280.288 275.044 268.215 24.0271 262.726 15.5221 247.204 113.28 108.397 100.606 70.1197 64.7483 30.4867 60.2922 46.9511 41.8006 29.7012 25.4564 11.9683
internal_count=2405 1673 732 706 481 216 265 77 199 67 132 1286 1257 1229 188 1198 66 1132 538 516 480 332 308 148 287 227 203 142 120 56
is_linear=0
shrinkage=0.01


Tree=177
num_leaves=31
num_cat=0
split_feature=37 44 33 33 28 27 9 46 33 20 27 27 29 44 34 1 3 26 26 28 37 30 26 30 26 30 37 14 39 34
split_gain=19.2834 5.61151 4.87434 7.62364 7.83362 5.2935 6.79715 4.38167 4.3679 5.01008 5.43091 6.31027 4.77304 4.61673 8.83372 5.99175 5.66811 4.33399 6.11229 4.12017 4.09948 4.06909 3.90452 5.54402 6.82629 4.30471 5.00303 3.35347 3.30299 4.15766
threshold=0.85588966133151145 -2.8018245202483523 0.083929426968097701 0.038738718256354339 -0.5435100495815276 0.025504706427454952 0.36191549897193914 3.926531045794213e-07 0.10599217191338541 0.30329549312591558 0.020005736500024799 0.020266488194465641 0.082499999552965178 -0.86932500740233909 0.63709852099418651 0.25348900258541113 52.084484100341804 1.0003277659416201 0.9996115267276765 -0.13007090240716931 0.98366682711739506 0.0038161590928211813 1.0010190010070803 -0.023257269524037835 0.99932342767715465 -0.00094238307792693366 0.550629438723235 -0.13647849857807157 0.035353535353535366 0.69984236359596264
decision_type=2 2 2 2 2 2 2 2 2 2 2 2 2 2 2 2 2 2 2 2 2 2 2 2 2 2 2 2 2 2
left_child=1 21 3 4 -3 6 -6 20 -4 12 19 -12 -10 14 -13 -15 -16 18 -5 -11 -2 -1 23 24 -17 -25 27 -27 29 -18
right_child=7 2 8 17 5 -7 -8 -9 9 10 11 13 -14 15 16 22 28 -19 -20 -21 -22 -23 -24 25 -26 26 -28 -29 -30 -31
leaf_value=0.008685987634162104 0.0033489338165824047 0.0080225442970968206 -0.0070766304134446938 0.0069387067738362453 -0.0072230363691268293 -0.010264688155980509 0.0076431332027420834 -0.0052258437187333541 0.0087524888271563982 -0.011115782302312631 0.0087875495581271543 0.013145627276366083 -0.00027418214633608934 -0.0091921612971923566 0.0074364370195634192 0.011106263362340368 -0.0077235819398638319 0.010233942414136747 -0.0068078495223671291 -0.0028872815968131321 0.0084803367365761297 -0.0026094127800984977 0.0023581428354728191 -0.010203709153700367 -0.0052240713325610163 0.0020601897751928743 0.0020034797679326392 -0.0068584764715925364 -0.0089001423336921136 0.0041979632297256949
leaf_weight=9.9619709700345975 85.876647979021072 5.9627896100282696 14.563814133405684 8.4459794610738772 6.5699501186609286 9.6927304565906507 5.5970126688480377 4.8677969574928275 6.1293753981590262 11.887730434536936 5.3255453854799262 5.0256103873252895 96.324573710560799 14.604764983057974 5.6754956841468838 5.3731838315725309 4.7215518802404421 11.123819947242735 5.061138689517974 13.419099897146223 19.507979013025761 4.4418200850486746 14.933043777942656 10.852669045329092 4.6328095495700836 4.8345510065555457 13.057408943772314 24.754160761833205 7.6482080966234198 7.2972869724035263
leaf_count=48 623 26 63 38 28 42 25 30 28 52 23 22 438 66 25 23 20 49 22 58 217 20 65 47 20 21 63 108 34 31
internal_value=0.000249508 -0.000933099 -0.00120808 0.00157004 -0.00198817 -0.00478848 -0.000296265 0.00388076 -0.00174974 -0.00144075 -0.00258056 -0.00173468 0.000264101 -0.00220359 0.00115472 -0.00331051 -0.00122618 0.00562153 0.00170218 -0.00682047 0.00431544 0.00513981 -0.00219233 -0.00328011 0.00346943 -0.00456527 -0.00308648 -0.00536553 -0.00380159 -0.000427938
internal_weight=448.171 337.918 323.514 52.4534 27.8225 21.8597 12.167 110.252 271.061 256.497 154.043 128.736 102.454 123.411 30.3682 93.0426 25.3425 24.6309 13.5071 25.3068 105.385 14.4038 78.4378 63.5048 10.006 53.4988 42.6461 29.5887 19.667 12.0188
internal_count=2375 1505 1437 230 121 95 53 870 1207 1144 678 568 466 545 132 413 110 109 60 110 840 68 347 282 43 239 192 129 85 51
is_linear=0
shrinkage=0.01


Tree=178
num_leaves=31
num_cat=0
split_feature=37 27 38 38 7 8 22 27 27 0 4 25 33 26 37 3 39 26 27 44 2 38 13 25 25 44 25 37 27 9
split_gain=19.2829 7.05828 4.84007 5.89603 6.62018 6.39764 4.52985 4.07301 5.03185 7.89086 4.75053 5.92777 4.795 4.28127 3.90975 3.5948 4.87443 3.67852 4.52991 3.48541 3.28201 5.1213 2.91751 2.90214 4.23618 2.78451 3.11113 6.14032 3.69055 5.36472
threshold=0.90160011258851724 0.018895236775279049 -3.330004926002434 -1.5274733938292093 24.728457450866703 -2.3153095245361324 -2.9368635416030879 0.025928170420229438 0.020643461495637897 0.35992850363254553 -1259.1920776367185 0.00077845194027759146 0.5344928801059724 1.0005745291709902 0.95212841085800626 64.303617477417006 0.580808080808081 1.0004652142524721 0.01928155962377787 0.33256515668663689 4442.7468261718759 -0.54444228624406066 0.22268050163984301 0.0038766626967117195 0.0050425832159817227 -3.1551613232378553 0.0010414459393359723 0.8310408716064962 0.019906242378056053 0.3787084966897965
decision_type=2 2 2 2 2 2 2 2 2 2 2 2 2 2 2 2 2 2 2 2 2 2 2 2 2 2 2 2 2 2
left_child=1 -1 -3 4 22 -6 23 8 10 13 -8 -12 -13 -10 19 20 17 18 -17 -9 25 -22 -4 -2 -25 -5 27 28 -27 -30
right_child=6 2 3 15 5 -7 7 14 9 -11 11 12 -14 -15 -16 16 -18 -19 -20 -21 21 -23 -24 24 -26 26 -28 -29 29 -31
leaf_value=0.010189988856570133 0.0092554463836682487 0.0070314537243218343 0.0072343289141758469 0.008512512895543476 -0.0018351525460954044 -0.0090067936450424421 0.0099582825042825868 0.0077827399704160916 -0.018329891124504262 0.0054635672679217828 -0.011672686837138666 0.0064132934849567879 -0.0065549544172594822 -0.0023199798209431253 0.010304806391301498 0.0019136527999022545 -0.011897074232910308 0.0052501483354659255 -0.011904168092724293 -0.0075132770747875681 0.0016430643283814978 -0.011020627309167728 -0.0024538211698007266 -0.00481142794840756 0.0090281639923717009 0.0021122925355075354 0.00047761517913442786 0.00665351179940452 -0.0030590697864937774 -0.01315145604356651
leaf_weight=5.6247322708368293 23.558419249951839 7.2393628954887381 6.4349555522203428 3.682629480957984 24.787802934646606 25.885590627789497 7.3997034952044514 2.8655225932598141 3.8112330958247167 4.5087093859910965 3.1883740946650532 11.235965967178343 3.6529510393738738 3.2511072978377342 10.717781379818915 4.4386734366416949 6.2425967454910269 5.250869780778884 4.698194220662117 2.8923525288701057 5.6609166711568832 6.8268177360296232 5.6512848287820816 4.1337961256504041 4.4384475871920586 10.00583742558956 195.70625936985016 6.8949433490633956 37.228623852133751 6.1805460005998603
leaf_count=30 228 31 27 19 107 118 67 22 26 32 21 90 28 21 103 21 27 24 21 19 24 31 26 35 38 44 904 37 162 26
internal_value=0.000178977 -0.000812578 -0.000988667 -0.0011567 -0.00393824 -0.00552888 0.00445177 0.00263291 0.000756796 -0.00465142 0.00326076 0.000424502 0.00314235 -0.0112347 0.00676128 -0.00055597 -0.00457294 -0.00126591 -0.00513519 0 -0.000246264 -0.00523306 0.00263932 0.00743306 0.00226046 -7.00708e-07 -0.000130338 -0.00211723 -0.00327838 -0.00454592
internal_weight=454.095 368.441 362.816 355.577 62.7596 50.6734 85.6544 53.5237 37.048 11.571 25.477 18.0773 14.8889 7.06234 16.4757 292.817 20.6303 14.3877 9.13687 5.75788 272.187 12.4877 12.0862 32.1307 8.57224 259.699 256.016 60.31 53.415 43.4092
internal_count=2409 1679 1649 1618 278 225 730 429 285 79 206 139 118 47 144 1340 93 66 42 41 1247 55 53 301 73 1192 1173 269 232 188
is_linear=0
shrinkage=0.01


Tree=179
num_leaves=31
num_cat=0
split_feature=22 27 27 46 9 30 44 22 0 44 27 4 44 27 30 44 9 39 39 27 29 39 27 27 30 44 22 25 39 2
split_gain=7.59871 6.20152 6.12931 8.42505 8.46032 8.22593 6.70482 6.78609 5.5143 5.35321 5.3434 5.93776 6.39894 6.1954 5.16523 5.05536 6.35353 6.91592 5.79897 4.98338 5.88551 4.89798 7.40841 4.83466 4.76751 4.79548 4.47257 8.00674 7.42286 6.72489
threshold=3.5967270135879521 0.018895236775279049 0.026653586886823181 9.925378663268655e-08 0.33668150007724768 0.090362992137670531 2.2344437809952562 -10.681896209716795 -0.34117349982261652 2.5870283100962195 0.019906242378056053 368.93655395507818 0.65993219374459533 0.020200443454086784 -0.079591248184442506 0.73260715317056946 0.38430349528789526 0.48989898989899 0.30151515151515157 0.027532018721103672 0.34649999439716345 0.76845376845376856 0.02082106284797192 0.020587284117937091 -0.015704754739999768 0.052965772860564843 -1.217770993709564 0.00091893668286502372 0.035353535353535366 3381.634643554688
decision_type=2 2 2 2 2 2 2 2 2 2 2 2 2 2 2 2 2 2 2 2 2 2 2 2 2 2 2 2 2 2
left_child=2 -2 3 4 24 6 -5 -8 21 -9 -10 12 23 -14 -4 16 17 -16 19 -17 -21 -6 -23 -12 25 -1 -26 29 -29 -28
right_child=1 -3 14 5 8 -7 7 9 10 -11 11 -13 13 -15 15 18 -18 -19 -20 20 -22 22 -24 -25 26 -27 27 28 -30 -31
leaf_value=-0.015779925115624059 0.005291328173249025 -0.0032747602835535919 -0.015529989677941456 0.0051319768230735406 0.010807856872171773 -0.012130587581226348 0.006303338112127169 -0.013789825337091551 0.013028510043650854 0.0012052576170258559 8.3046885349744137e-05 -0.011386147854665697 0.0093181353198671189 -0.0051936975159473106 -0.014782149586776972 0.0071360064226882172 0.00086354835797705924 0 -0.0037638615007420163 -0.0097183068214711666 0.0057411334161236527 -0.01040860449948601 0.0083490442656902406 0.0085476985910681522 -0.0044460439731955938 -0.0010166374757882104 -0.001452602639880798 0.0077268964950379902 -0.0013075610783290525 -0.01459920585075584
leaf_weight=4.7352302074432355 9.100987106561659 95.281286872923374 2.6664754003286353 83.886035233736038 12.245786696672441 3.1320001110434523 5.7949809357523909 5.3549870997667295 3.2338625267148009 3.996059961616993 14.238256685435774 4.134528510272502 3.3376243785023716 19.194274909794331 8.9153478741645831 15.425173565745355 9.5815577208995801 4.7120847553014746 18.301176264882088 4.8220170587301237 4.7687641233205795 3.3742514252662641 5.2139635533094406 13.157862044870852 30.273345239460468 4.3475224450230598 19.647649466991428 18.242905676364899 17.674845784902573 4.8349945843219748
leaf_count=21 62 447 12 507 112 16 51 26 21 24 78 19 27 91 42 77 50 21 84 21 22 15 43 63 144 24 88 90 88 23
internal_value=-0.00014617 -0.00251397 0.000559175 0.00121996 -8.93773e-05 0.00350739 0.00402378 -0.00204174 0.0023673 -0.00733109 0.00074149 0 0.000946241 -0.00296822 -0.00209875 -0.00152289 -0.0052817 -0.00965014 0.000475545 0.00361946 -0.00194839 0.00676583 0.000829216 0.00420114 -0.00202393 -0.0089103 -0.00131405 0.000243958 0.00326206 -0.00413839
internal_weight=453.626 104.382 349.244 280.051 177.887 102.164 99.0321 15.146 78.1304 9.35105 57.2964 54.0625 49.928 22.5319 69.1926 66.5261 23.209 13.6274 43.3171 25.016 9.59078 20.834 8.58821 27.3961 99.7565 9.08275 90.6737 60.4004 35.9178 24.4826
internal_count=2409 509 1900 1571 947 624 608 101 469 50 299 278 259 118 329 317 113 63 204 120 43 170 58 141 478 45 433 289 178 111
is_linear=0
shrinkage=0.01


Tree=180
num_leaves=31
num_cat=0
split_feature=38 32 38 46 18 22 44 46 44 22 33 25 38 33 25 33 33 33 7 34 46 18 46 33 27 23 25 13 28 38
split_gain=10.3848 6.07662 5.9685 4.98225 5.51492 5.14168 5.32751 4.85647 4.79442 4.27767 7.32937 6.14461 4.2274 4.20858 4.75435 3.91972 4.77906 3.67286 4.07992 3.8758 3.78984 4.85676 3.679 3.79045 3.65215 5.41479 4.28572 3.58014 4.50767 3.50434
threshold=-0.010248791202891318 0.0125937438569963 -4.8696769812620992 2.3961158067541811e-08 0.47407850623130804 -7.3595340251922599 1.404787067760209 3.926531045794213e-07 -2.9697816916204092 -2.9368635416030879 0.038738718256354339 0.00048534134111832833 0.68028129215608757 0.083929426968097701 0.0010047490359283986 0.80769753456115734 0.42597627639770513 0.11481887102127077 24.728457450866703 0.72015997767448436 8.5134522356534935e-08 0.54205048084259044 1.0799468252280129e-07 0.34284546971321112 0.026784881018102173 -5.1652169227600089 0.0053216107189655313 0.11645750328898431 0.44202499091625219 1.2564111454592879
decision_type=2 2 2 2 2 2 2 2 2 2 2 2 2 2 2 2 2 2 2 2 2 2 2 2 2 2 2 2 2 2
left_child=2 7 -1 -4 -5 -6 8 9 -7 10 -2 -11 15 -10 -15 16 27 -16 -19 20 21 -20 -22 -24 26 -26 29 28 -12 -13
right_child=1 -3 3 4 5 6 -8 -9 13 11 12 24 -14 14 17 -17 -18 18 19 -21 22 -23 23 -25 25 -27 -28 -29 -30 -31
leaf_value=0.010292913514736393 -0.0098901170200574769 -0.0089354580347109011 0.0093284876839167651 -0.00031486582881376502 0.0037114780503663446 0.0076035355863335267 -0.012948595637350858 -0.0060274271455448844 0.00064423470566000226 -0.0093356412110901545 -0.0056094226236767962 0.00092563161313581621 0.008813909785874775 -0.0085803599232243642 -0.012051038818819956 -0.0085822126560548082 0.011138782622392755 0.0043110393587190371 -4.8142906878449276e-05 0.0024665521964984754 0.0024046856441071632 -0.011099674226779668 -0.0094961109343803009 0.00022395468363143846 -0.009753799655220035 0.0034664126016018459 0.012292574047242797 0.0071139667477023629 0.0084451015599846767 0.0054124951652915034
leaf_weight=3.9975932240486136 3.2066062837839118 5.4253914058208457 3.7911155223846427 102.95297482609749 9.094553202390669 3.621019944548606 6.3021774590015402 7.7442766875028601 16.95179109275341 5.3116674199700347 8.7930840849876493 109.01028756797314 21.060038343071938 23.872914627194405 4.4648414105176917 2.5925113931298247 6.8162065148353568 7.2013260275125495 5.7302011698484447 8.5952888354659063 10.282420024275782 14.411856696009634 8.8779793679714185 6.8902574032545081 6.6481383368372917 5.5104644969105703 3.8438403755426398 6.6901582702994338 2.9368775039911261 20.863175749778748
leaf_count=17 21 26 17 450 42 17 28 41 72 27 59 622 197 105 19 17 49 30 25 38 45 67 38 30 33 30 26 42 22 166
internal_value=-0.000189916 0.00139084 -0.00163759 -0.00185086 -0.00204408 -0.0034444 -0.00401089 0.00166517 -0.00348277 0.00196596 0.00444094 0.00110416 0.00541959 -0.00387301 -0.0047316 0.00279271 0.00402997 -0.00332314 -0.00266 -0.00360068 -0.00475413 -0.0080208 -0.00216912 -0.00521106 0.00149728 -0.00370122 0.00197986 0.00129949 -0.00196436 0.00165772
internal_weight=453.491 216.453 237.038 233.041 229.25 126.297 117.202 211.027 110.9 203.283 52.0955 151.188 48.8889 107.279 90.3271 27.8288 25.2363 66.4542 61.9893 54.788 46.1927 20.1421 26.0507 15.7682 145.876 12.1586 133.717 18.4201 11.73 129.873
internal_count=2418 1378 1040 1023 1006 556 514 1352 486 1311 407 904 386 469 397 189 172 292 273 243 205 92 113 68 877 63 814 123 81 788
is_linear=0
shrinkage=0.01


Tree=181
num_leaves=31
num_cat=0
split_feature=37 37 38 9 6 38 2 38 44 1 44 10 28 33 33 33 10 7 33 33 37 9 25 9 32 9 25 41 27 25
split_gain=16.0886 7.38308 5.70591 5.90972 5.03986 5.71362 5.52325 4.89059 4.24076 4.18718 4.4875 4.89989 4.55186 4.28529 4.93191 4.14601 5.82631 4.78744 3.89063 5.89398 5.23526 5.03335 3.8748 3.87709 3.79444 4.21427 5.99193 4.21688 3.77688 6.18656
threshold=0.9605884686436067 0.52651234566660043 -2.8030649757936845 0.33864499628543859 0.075211498886346831 1.1856411750187019 3645.8535156250005 0.73275301467083165 -1.3936874598403406 0.11490450054407121 -0.034078933388681336 -8.7844886779785138 0.64601683616638195 0.41604205965995794 0.17572516202926639 0.27630662918090826 -2.7650724649429317 25.754496574401859 0.41053815186023718 0.87914150953292858 0.30801775057565067 0.35495699942111975 0.0005307241517584772 0.40686200559139257 0.014469468034803869 0.3291774988174439 0.0014329755213111641 0.55813902616500866 0.026151926256716255 0.0054955480154603728
decision_type=2 2 2 2 2 2 2 2 2 2 2 2 2 2 2 2 2 2 2 2 2 2 2 2 2 2 2 2 2 2
left_child=1 2 3 -1 8 6 7 -6 -2 10 11 -4 18 14 -13 16 -11 -17 20 -20 -12 -22 23 -3 25 -24 -27 -28 29 -29
right_child=4 22 9 -5 5 -7 -8 -9 -10 15 12 13 -14 -15 -16 17 -18 -19 19 -21 21 -23 24 -25 -26 26 27 28 -30 -31
leaf_value=-0.0020701911718795409 -0.00012065174895625892 -0.0094837276449080653 0.011740720289491998 0.01313933210411063 0.0062616739937984582 -0.013256702806352336 0.0095148682722072872 -0.012938748614394884 0.0098558694351621283 0.00085723708195645655 -0.0083236198220227233 0.0036883945631932895 -0.010240432597302408 0.0081522762494226318 -0.01045283446179548 -0.0018754068075902339 -0.0051868780905951119 -0.0078353837541165205 0.0091269424906696879 -0.0043189915215224644 0.0093525993154452459 -0.0048753949246017119 -0.0010177007173846875 0.0018805402368108068 -0.0073695004533952399 0.0060639849706634833 -0.0084979902570039827 0.0017436440236240928 -0.0015655613603582459 0.012354804453270441
leaf_weight=5.1566107720136625 4.9413696601986912 7.2748161405324918 5.2232284694910076 4.7457021772861481 2.3035128489136678 2.2999725937843314 6.7873585820198059 2.7735376134514809 23.8209418207407 35.442304402589798 10.80011832714081 4.7424815595149976 6.026135802268981 4.7428366541862479 4.8102507144212723 22.574635088443756 28.532306373119354 35.656770601868629 7.5485446453094465 5.4871419668197632 4.5354825258254987 5.1910230964422226 61.715290240943432 4.8017394319176674 5.2729602754116049 30.019403517246246 4.3685503602027884 63.228598400950432 29.403477728366852 5.9812897443771353
leaf_count=22 41 33 23 20 23 19 70 26 256 149 48 20 26 20 20 97 123 159 32 23 20 22 303 26 23 173 21 352 151 32
internal_value=-9.88453e-05 -0.000721043 -0.00214652 0.00517751 0.00571134 0.000742172 0.00362762 -0.00408147 0.00811277 -0.00255467 -0.000349858 0.00354322 -0.0022986 0.000417843 -0.0033633 -0.00361173 -0.00182668 -0.00554919 -0.000816743 0.00340119 -0.00354738 0.00168503 0.000559975 -0.00490474 0.000897251 0.00112992 0.00213398 0.00097391 0.00141183 0.00269162
internal_weight=446.208 403.282 191.216 9.90231 42.9267 14.1644 11.8644 5.07705 28.7623 181.313 59.1072 19.5188 39.5884 14.2956 9.55273 122.206 63.9746 58.2314 33.5623 13.0357 20.5266 9.72651 212.066 12.0766 199.99 194.717 133.001 102.982 98.6134 69.2099
internal_count=2373 1938 824 42 435 138 119 49 297 782 254 83 171 60 40 528 272 256 145 55 90 42 1114 59 1055 1032 729 556 535 384
is_linear=0
shrinkage=0.01


Tree=182
num_leaves=31
num_cat=0
split_feature=38 29 44 1 27 27 44 34 1 0 46 10 44 38 44 46 1 8 39 10 38 44 46 25 22 38 0 25 7 27
split_gain=12.6902 6.36244 6.02923 5.90979 5.75987 5.23321 6.14578 6.41648 4.73198 7.60706 5.74403 5.36667 5.2343 5.12606 4.66659 4.24929 3.99351 4.09137 6.12593 4.15673 3.72909 3.70457 3.59942 4.98998 5.52204 5.40072 6.28533 5.50784 4.65755 3.96309
threshold=-0.010248791202891318 1.6954999566078188 -3.0309317354864791 -0.2103139981627464 0.026677244342863563 0.027532018721103672 -1.003568930014241 0.69984236359596264 0.11490450054407121 0.071775499731302275 3.2277624513998054e-08 -13.689263820648192 0.12533724059314771 -2.8030649757936845 0.6381195567453547 2.8541565946168398e-08 -0.49699650704860682 1.4112939834594729 0.18686868686868688 -7.9427919387817374 -0.22204794249523899 -2.4428728728143443 6.2319845681199962e-08 0.0019667649175971751 1.3384035229682925 -1.5274733938292093 3.8205720186233525 0.0026742081390693788 25.323367118835453 0.020516301505267624
decision_type=2 2 2 2 2 2 2 2 2 2 2 2 2 2 2 2 2 2 2 2 2 2 2 2 2 2 2 2 2 2
left_child=2 3 -1 5 15 6 7 -2 9 10 -4 -12 -13 -10 -14 -5 -8 19 -19 -18 21 -15 28 24 -24 -25 27 -27 29 -23
right_child=1 -3 8 4 -6 -7 16 -9 13 -11 11 12 14 20 -16 -17 17 18 -20 -21 -22 22 23 25 -26 26 -28 -29 -30 -31
leaf_value=0.011520230507626189 0.0043008313448297452 -0.011294983270512059 0.0095932993458370235 -0.0094842511265072465 -0.0069116476034256878 -0.0088901906839903306 0.0099441181331567183 -0.0088269545252147395 0.0054345183850878819 0.0097498942659512994 0.0060894818472252629 0.00098199003119629237 -0.010841497105578806 0.0057350533571951133 -0.0028570185050842811 0.0014992715306178992 0.0099553514991692713 -0.0090559316289530421 0.0054637432911331264 0.0016027047059492372 -0.0082569890838461429 -0.0060123738379692804 0.0054320661562190717 -0.0089218078314799911 -0.0030589659868016901 -0.0045514981926976826 -0.0082355921566896438 0.0048744212289969432 -0.0092281475242949242 0.0033166591351456447
leaf_weight=3.2686830759048453 9.203438460826872 3.6228706911206237 4.717166803777217 3.5035551190376273 9.2928042113780958 2.8204882517456999 19.206894084811211 6.0793553590774527 6.6505845785140982 7.1297953128814688 7.8336979746818534 25.180533438920975 9.6901677995920164 4.6478111892938605 32.031606569886208 126.43451619148254 14.550765611231324 4.9210068807005864 6.7648634165525436 10.656668595969681 14.55018465220928 10.755583405494692 15.232588008046152 15.144293665885916 15.080135121941565 10.477433055639276 10.475191622972487 14.759763136506079 19.216639623045921 7.6159632205963126
leaf_count=16 59 20 22 18 46 14 187 35 28 34 36 111 43 19 139 721 118 34 42 78 62 47 66 66 66 46 45 64 89 33
internal_value=-0.000108604 0.00163102 -0.00172339 0.0018603 0.000635988 0.00414012 0.00468068 -0.000879708 -0.00191986 -5.88474e-05 -0.000962762 -0.00165433 -0.00258372 -0.00302643 -0.00475687 0.00118836 0.0062121 0.00422053 -0.000590711 0.006484 -0.0034452 -0.00286354 -0.00321302 -0.00200516 0.00117885 -0.00392117 -0.00175368 0.000919185 -0.00578254 -0.00209385
internal_weight=451.515 217.057 234.458 213.434 139.231 74.2035 71.383 15.2828 231.189 86.583 79.4532 74.736 66.9023 144.606 41.7218 129.938 56.1002 36.8933 11.6859 25.2074 137.956 123.405 118.758 81.1694 30.3127 50.8567 35.7124 25.2372 37.5882 18.3715
internal_count=2404 1372 1032 1352 785 567 553 94 1016 385 351 329 293 631 182 739 459 272 76 196 603 541 522 353 132 221 155 110 169 80
is_linear=0
shrinkage=0.01


Tree=183
num_leaves=31
num_cat=0
split_feature=38 26 27 1 29 46 29 0 25 25 9 38 29 38 25 33 26 46 27 10 28 46 23 26 23 33 27 46 2 23
split_gain=15.5813 6.76028 6.16856 6.96462 4.42791 4.30283 7.5531 4.50673 5.97422 5.84778 4.37796 5.47192 4.69016 3.96851 4.23226 5.25437 5.29851 5.47707 3.89256 10.1481 3.98776 3.86554 6.4063 3.81786 3.71411 6.30712 3.69121 3.93062 3.64116 4.04634
threshold=-0.75772547218459374 1.0028881430625918 0.027532018721103672 -0.50438550114631642 0.075500000268220915 7.1411846878779347e-08 0.2334999963641167 2.0754505395889287 0.0029431553557515149 0.0036429255269467835 0.33987699449062353 -0.57580690852788496 0.11850000172853471 1.0545348968538437 0.00081859863712452363 0.66133630275726329 0.99999213218688976 5.2950519344781146e-08 0.027028735727071766 -3.0074909925460811 -0.70011085271835316 5.3930780216585661e-08 -0.79582402110099781 0.99995359778404247 0.81759399175643932 0.14526941627264026 0.026110171340405944 2.054513808689894e-07 3996.561157226563 -4.2393336296081534
decision_type=2 2 2 2 2 2 2 2 2 2 2 2 2 2 2 2 2 2 2 2 2 2 2 2 2 2 2 2 2 2
left_child=1 4 3 24 -1 6 10 -7 -9 -10 11 -5 -12 14 23 16 -16 -18 20 -20 -6 -14 -23 -13 -2 -26 27 -11 29 -22
right_child=2 -3 -4 5 18 7 -8 8 9 26 12 13 21 -15 15 -17 17 -19 19 -21 28 22 -24 -25 25 -27 -28 -29 -30 -31
leaf_value=0.0061260502846160374 0.010300671138545856 0.0078597792950689232 -0.007074866657787139 0.0099833623665620905 0.0020645281771505147 0.0030512900658648872 -0.010133983732353696 -0.0036628227747995336 0.011529698116840324 -0.0045178586916511257 -0.0031285772537788352 -0.013013670542758846 0.009776753507780768 -0.010212716852525745 0.0040536434691369619 0.010504405374135632 0.0030468561538293201 -0.011924900794639474 0.0091980813349366447 -0.0056252118972864255 0.00018870771156284671 -0.0049647024030868674 0.008415570178897885 -0.0015949983146371807 -0.007268478794573016 0.0064373359990962248 -0.0080477328542176325 0.0083943383529023925 -0.0093650923079770972 -0.0048416037193512416
leaf_weight=5.0210499465465537 12.873190991580488 5.8926799446344367 8.104095481336115 3.5475761741399756 9.813279524445532 126.6050495877862 7.5530013963580123 26.756220631301403 6.1963081061840084 3.7283196747302991 8.8845193311572057 4.8627838119864446 10.698344551026823 6.0352902859449378 9.3946165367960983 4.5849916189908972 3.7345362380146963 6.350058451294899 8.2183007001876849 10.241636753082274 19.783591940999031 6.9897126108407956 7.0533222034573555 7.8082756996154785 4.2599583491683033 13.97990809381008 4.0235839933156958 5.8181478083133698 13.709060505032538 75.614670619368553
leaf_count=21 124 25 37 15 43 744 39 125 34 21 50 21 75 36 44 23 20 28 35 45 86 39 48 35 26 109 18 34 60 334
internal_value=0.00014197 -0.00250598 0.00145531 0.00169804 -0.00294716 0.00115821 -0.000640013 0.00207263 -0.000570055 0.00356342 0.000256011 -0.00172288 0.00300852 -0.00273819 -0.00145865 0.000971181 -0.00126385 -0.00630688 -0.00329026 0.00093419 -0.00395465 0.0052563 0.00169702 -0.00612304 0.00616983 0.00315961 -5.86958e-05 0.00325333 -0.00450658 -0.00378885
internal_weight=448.136 148.294 299.842 291.738 142.402 260.625 87.497 173.128 46.5226 19.7664 79.944 46.3181 33.6259 42.7706 36.7353 24.0642 19.4792 10.0846 137.381 18.4599 118.921 24.7414 14.043 12.6711 31.1131 18.2399 13.5701 9.54647 109.107 95.3983
internal_count=2394 649 1745 1708 624 1449 473 976 232 107 434 222 212 207 171 115 92 48 603 80 523 162 87 56 259 135 73 55 480 420
is_linear=0
shrinkage=0.01


Tree=184
num_leaves=31
num_cat=0
split_feature=37 44 32 28 17 22 27 27 37 44 37 46 13 2 46 7 27 34 7 34 9 7 34 44 10 37 1 9 44 44
split_gain=16.0493 6.54419 4.32907 4.20458 4.06577 3.96206 3.62371 10.1002 8.03944 6.0262 3.58186 3.37051 12.2317 3.31097 7.7481 3.27248 6.44461 5.05598 3.31219 3.76313 3.55062 4.44312 3.37549 3.37307 4.76762 3.17892 2.99425 2.88895 5.10642 3.74271
threshold=0.85025590610701507 -2.9202155500791673 0.014469468034803869 0.86043295264244091 1.0000000180025095e-35 9.9628973007202166 0.020524285733699802 0.020221595652401451 0.98816143084082297 -0.86932500740233909 0.1187286690518255 8.6471082586790055e-08 0.011832500342279674 4442.7468261718759 1.7714129273632906e-07 27.037940025329593 0.026677244342863563 0.73162719607353222 25.442680358886722 0.68181550502777111 0.33404949307441717 26.181385040283207 0.70640540122985851 -2.395293299736664 -11.161098003387449 0.66877360884636716 0.49567300081253057 0.3787084966897965 -1.8823100257228182 -0.02829525894835945
decision_type=2 2 2 2 2 2 2 2 2 2 2 2 2 2 2 2 2 2 2 2 2 2 2 2 2 2 2 2 2 2
left_child=1 -1 5 4 27 10 7 9 11 -6 -3 12 -8 15 -15 17 -17 18 23 25 -21 -22 -23 -12 -25 -20 -19 29 -29 -2
right_child=3 2 -4 -5 6 -7 8 -9 -10 -11 13 -13 -14 14 -16 16 -18 26 19 20 21 22 -24 24 -26 -27 -28 28 -30 -31
leaf_value=0.0068246916604149709 0.010063011308923462 -0.0036421878669055663 -0.0084165385704488734 -0.0087912549786015003 -0.006873247123756818 -0.0086897887510621243 0.0099479692493767841 -0.016091093143929692 -0.012570285936268988 0.0093754166182564488 -0.007026430511936666 0.0070296688920158494 -0.013004990399273449 -0.010737634025633517 0.0038649392826817009 0.0029830176263963598 -0.0015946127134279272 0.00066547760757861159 -0.0035520600321749343 -0.012958888097900413 0.0037329629418981648 -0.0013454585583988982 -0.01315542574372533 0.0088883747102606932 -0.00081755380838800708 0.006136294271513955 0.010664538262716697 -0.0031740585006564477 0.0079364797399716844 -1.1113679377155517e-05
leaf_weight=10.352319389581679 4.5864117294549969 39.994529232382774 8.0505360364913923 2.6208760589361182 3.7067631483077994 6.5153020918369284 5.1205056980252284 3.992191143333911 2.8173109963536254 5.4894364550709716 7.6877903491258612 20.370942451059818 4.0787330269813538 9.110465928912161 5.805513694882392 70.778237640857697 53.946980327367783 7.9395886212587339 11.111316651105879 6.9844908118248012 4.6756064593791953 4.6966315805912 5.4589627534151077 5.3585700690746298 68.970258489251137 4.7268957793712607 4.9656591564416885 4.4292501956224433 39.459088020026684 16.389026179909706
leaf_count=51 30 185 34 17 19 28 38 24 27 52 32 158 24 39 25 326 237 35 47 29 22 20 23 25 304 23 22 31 377 108
internal_value=0.000140301 -0.000950914 -0.00120232 0.00340094 0.00370701 -0.00101438 0.00138393 -0.00298075 0.00319574 0.00271492 -0.000848272 0.00476886 -0.000151728 -0.000432927 -0.00499962 -0.000162467 0.000995368 -0.00125921 -0.00190731 -0.00436427 -0.00705267 -0.00413611 -0.00785758 -0.000763198 -9.3389e-05 -0.000577481 0.00464221 0.00531927 0.00678779 0.0021815
internal_weight=450.19 337.13 326.777 113.061 110.44 318.727 45.5759 13.1884 32.3875 9.1962 312.211 29.5702 9.19924 272.217 14.916 257.301 124.725 132.576 119.671 37.6539 21.8157 14.8312 10.1556 82.0166 74.3288 15.8382 12.9052 64.8638 43.8883 20.9754
internal_count=2412 1507 1456 905 888 1422 342 95 247 71 1394 220 62 1209 64 1145 563 582 525 164 94 65 43 361 329 70 57 546 408 138
is_linear=0
shrinkage=0.01


Tree=185
num_leaves=31
num_cat=0
split_feature=37 44 32 29 29 33 1 33 38 27 44 1 29 46 8 22 44 28 25 8 39 28 8 30 27 28 33 0 39 46
split_gain=23.8163 5.9438 5.67918 4.05514 3.60531 3.37391 2.9096 5.49739 3.57611 3.13914 3.10758 2.92216 2.85497 4.82145 3.65885 2.84272 3.24914 5.00981 5.7325 4.77349 3.83753 4.58043 4.08489 4.33526 5.1244 4.03452 3.90561 3.65501 3.67736 5.00662
threshold=0.90160011258851724 -3.1551613232378553 0.014469468034803869 0.082499999552965178 1.2680000066757204 0.094174508005380644 0.70726749300956737 0.67799612879753124 1.1310592786490432 0.020511719398200515 -2.6057516867958603 0.69822099804878246 0.77250000834465038 1.9747745313511763e-07 6.9072718620300302 -9.3828349113464338 1.1084365797966418 0.52350056171417247 0.0027329564327374105 -3.0733439922332759 0.93055555555555569 0.75774317979812633 -2.3110140562057491 -0.015408577397465704 0.020426561124622825 -0.72116741538047779 0.33246779441833502 3.4126900434494023 0.59090909090909094 9.2585149885354044e-08
decision_type=2 2 2 2 2 2 2 2 2 2 2 2 2 2 2 2 2 2 2 2 2 2 2 2 2 2 2 2 2 2
left_child=1 -1 6 -2 5 -5 8 9 11 10 -8 15 13 14 -7 -3 20 19 -19 -18 21 22 27 24 -24 -25 -23 28 -17 -30
right_child=3 2 -4 4 -6 12 7 -9 -10 -11 -12 -13 -14 -15 -16 16 17 18 -20 -21 -22 26 23 25 -26 -27 -28 -29 29 -31
leaf_value=0.0085350533258045386 -0.0079982589906985903 0.0065845284521049794 -0.0093111634264291861 0.011452050925569031 -0.0039245624776687374 0.0050825915338903729 -0.0017921464386392058 0.0060513203559072991 0.0053203912543158373 -0.0016112419463570617 -0.010681584800356974 0.0068513704898017494 0.011212957756827589 -0.0084351128168662602 -0.0069621967430325985 0.0079333757475049498 -0.0027311397066569769 0.0088474706508296572 -0.0034282068742629308 -0.0095072730375282515 -0.0087049255917133351 -0.0099972778521844104 -0.0097881743507322715 0.0061009840582133251 -0.0011198921084449825 -0.00056881575874247995 -0.00012368330728577942 -0.0022209727546361065 -0.0068306337524123295 0.0071470526305282521
leaf_weight=5.8990655690431586 2.3692932352423659 4.4095756858587256 8.9718455821275693 8.3398640528321248 4.2062245532870284 60.065654493868351 6.0591580569744101 4.6810583025217047 8.6737568974494916 13.852486610412596 13.225920110940935 4.3743318468332282 6.124686859548091 2.8409815728664389 2.4793334603309622 15.448110491037371 32.568476393818855 6.2772015035152426 9.2135673463344556 15.735787138342856 5.9451928436756125 9.1549031585454959 10.789704129099848 9.6113793402910215 19.171116545796394 135.81428319215775 7.435894012451171 9.8011631667613965 5.0178120881319028 5.0276878774166107
leaf_count=32 20 25 39 72 29 530 26 20 49 58 60 22 56 23 17 72 148 29 40 72 25 41 48 46 88 616 34 41 21 22
internal_value=-0.00020032 -0.00131437 -0.00148029 0.00451694 0.00489067 0.00537186 -0.00127543 -0.00390123 -0.000955332 -0.0053512 -0.00796386 -0.00113829 0.0046338 0.00398608 0.00457881 -0.00125979 -0.00138179 -0.00338499 0.00150687 -0.0049743 -0.000828328 -0.000614149 -0.000209622 -0.000839 -0.00429702 -0.000117239 -0.00565916 0.00288316 0.00488555 6.8006e-05
internal_weight=453.586 367.159 361.26 86.426 84.0567 79.8505 352.289 37.8186 314.47 33.1376 19.2851 305.796 71.5107 65.386 62.545 301.422 297.012 63.795 15.4908 48.3043 233.217 227.272 210.681 175.386 29.9608 145.426 16.5908 35.2948 25.4936 10.0455
internal_count=2421 1674 1642 747 727 698 1603 164 1439 144 86 1390 626 570 547 1368 1343 289 69 220 1054 1029 954 798 136 662 75 156 115 43
is_linear=0
shrinkage=0.01


Tree=186
num_leaves=31
num_cat=0
split_feature=37 6 37 0 27 46 39 30 34 26 26 13 27 29 27 46 46 46 2 46 34 37 10 6 33 32 2 7 44 13
split_gain=17.9648 7.07739 6.80551 7.25091 4.60916 9.38421 5.36238 4.23362 5.30474 5.48802 3.90229 3.81097 8.06631 3.8233 7.17033 3.63204 6.47657 5.2984 4.13108 3.66242 4.67814 4.06358 3.93523 3.57307 3.4362 3.31775 3.19315 3.10822 4.7612 3.67835
threshold=0.95952951257432106 0.056751500815153129 0.32407000768948008 -1.0804669857025144 0.027174988761544231 1.721862170951656e-07 0.98028360528360536 0.031968496739864356 0.72619628906250011 0.99818202853202831 1.0025375485420229 -0.11044700071215628 0.024600026197731498 0.39149999618530279 0.021776169538497928 3.5108708163778421e-07 1.0075760543167779e-07 1.1422857358936785e-07 3015.9743652343755 9.0407526451229339e-08 0.7051965892314912 0.94732774073111825 -14.484635353088377 0.055472001433372504 0.081889387220144286 -0.0012551185791380701 2469.759399414063 57.55999946594239 1.3415871568623052 0.182268001139164
decision_type=2 2 2 2 2 2 2 2 2 2 2 2 2 2 2 2 2 2 2 2 2 2 2 2 2 2 2 2 2 2
left_child=2 -2 10 7 6 -6 15 8 9 -4 27 12 -3 14 -13 16 19 -18 -17 21 -21 22 -5 -11 -10 -19 -27 28 29 -1
right_child=1 11 3 4 5 -7 -8 -9 24 23 -12 13 -14 -15 -16 18 17 25 -20 20 -22 -23 -24 -25 -26 26 -28 -29 -30 -31
leaf_value=-0.0011855296264622025 0.010139930094022745 -0.017498869213589174 -0.0030117522086075309 0.0090040847359183704 -0.012667896103941175 0.0043493444120496858 -0.01078038032759243 -0.0038560590059819057 0.0043019174423754034 0.0026901555869957862 0.0055103618986638882 0.0085340900703195898 0.0067657841726063706 0.0088766232602905185 -0.0098573826105166195 -0.011835143632699227 0.010366540161653994 -0.007103317504604835 0 7.4860865010610258e-05 -0.011227953755583955 -0.0093263625502860055 -0.00046418350571894053 0.010222960691574872 -0.0083035016018752992 -0.0051847442425354473 0.0030224299911242409 0.0035927047006551402 -0.0089283530180149593 -0.0052841902258709775
leaf_weight=60.561985269188881 21.146918386220932 2.6232008263468769 5.2109135165810576 4.4713932424783698 8.5254300981760007 5.0145082324743262 4.6831180155277243 6.5890788137912741 3.8470156416296941 9.6601803004741686 5.3009598553180686 4.1749963536858576 2.6035884693264961 8.7780186086893064 4.0932995602488518 5.3680160641670209 7.9231579378247252 3.8732291460037223 6.1234473586082458 6.7402777075767499 7.4864083305001259 4.867186374962329 109.20059925317764 21.106603845953941 4.5517553761601448 5.0267237275838843 53.625487491488457 6.2751195132732382 14.275329083204268 35.06438435614109
leaf_count=260 232 22 28 24 37 22 23 34 20 54 22 41 27 87 37 23 44 17 28 34 34 30 517 125 23 23 279 27 63 161
internal_value=-0.000104957 0.00599807 -0.000762446 8.19171e-05 -0.000662372 -0.00630658 -0.000306761 0.00349778 0.00461838 0.00629351 -0.0027424 0.0019932 -0.00532423 0.00431318 -0.000460279 -6.87448e-05 0.000236984 0.00268964 -0.0055169 -0.00105797 -0.00583999 -0.000471177 -7.53641e-05 0.00790658 -0.00242931 0.00168586 0.00229439 -0.00313197 -0.00352794 -0.00270283
internal_weight=448.792 43.42 405.372 283.895 232.929 13.5399 219.389 50.9655 44.3765 35.9777 121.478 22.2731 5.22679 17.0463 8.2683 214.706 203.214 70.4486 11.4915 132.766 14.2267 118.539 113.672 30.7668 8.39877 62.5254 58.6522 116.177 109.902 95.6264
internal_count=2398 446 1952 1419 1135 59 1076 284 250 207 533 214 49 165 78 1053 1002 363 51 639 68 571 541 179 43 319 302 511 484 421
is_linear=0
shrinkage=0.01


Tree=187
num_leaves=31
num_cat=0
split_feature=37 37 39 39 44 10 10 34 6 39 20 28 34 38 39 37 10 37 44 37 28 37 10 30 28 1 9 2 10 38
split_gain=17.7638 7.31384 4.17341 4.37966 4.31216 4.09335 6.29693 4.55917 4.03716 4.04086 3.25202 5.79932 3.17354 5.48988 4.64411 4.23017 5.18362 4.66236 4.90976 3.99915 5.81335 5.17547 3.84068 4.78524 5.67731 3.5376 3.50765 4.31235 3.29135 3.56763
threshold=0.90160011258851724 0.2375684916372196 0.073300438596491241 0.18686868686868688 1.1084365797966418 -13.37386894226074 -17.625044822692868 0.49799789488315588 0.050070000812411315 0.62892078681552377 0.56033200025558483 0.083518527448177352 0.68955773115158092 -2.0930474280698834 0.085563944177533754 0.75904105166395808 -8.7844886779785138 0.70981885623007324 -0.26278317294542025 0.44862021092944265 0.10417322441935541 0.39170113449735361 -3.6757088899612422 -0.0036286939866840835 -0.27726860344409937 -0.15377149730920789 0.33668150007724768 4281.6384277343759 -4.161395549774169 0.4163034549907853
decision_type=2 2 2 2 2 2 2 2 2 2 2 2 2 2 2 2 2 2 2 2 2 2 2 2 2 2 2 2 2 2
left_child=1 2 10 -4 8 6 -3 -7 -5 -10 11 -1 13 -9 15 17 -17 18 -14 20 21 -15 -16 24 -24 -20 -21 28 -28 -30
right_child=-2 5 3 4 -6 7 -8 12 9 -11 -12 -13 14 19 22 16 -18 -19 25 26 -22 -23 23 -25 -26 -27 27 -29 29 -31
leaf_value=-0.0086860989520091813 0.0040897316923360471 -0.0023452880370975161 -0.013658008406900114 0.0062439754439647076 -0.0093696509373244422 -0.01419325785847771 0.0068787998173313611 0.012167214978290224 -0.0069509441764074864 0.0026826464322592457 0.0012017039262285504 0.0020567997472859803 -0.0029301747391559871 0.0041520654334821043 -0.0059710970506526885 -0.0044200629747825695 0.0082413893411325233 -0.009136485014456467 -0.0023885184177284209 -0.00072541006441284096 -0.0078283004289424959 -0.006617719675557166 0.001540526387777951 0.0015278534549237771 -0.012425658030243689 0.006754696239074813 0.010216732891396072 -0.0057017698629337069 0.0054696310779278161 -0.0019711525813519586
leaf_weight=12.04518608748913 82.965349748730659 12.050802737474443 6.1259779930114737 4.6530422121286419 11.905292272567747 2.3750151842832556 18.422600448131561 3.9165600389242163 13.850736469030382 6.0855151265859595 22.774376973509789 8.3030763864517194 24.480236306786534 13.860666051506998 31.780464306473732 4.2804458886384955 11.612114213407038 6.2674653977155677 5.9840669184923199 36.533331096172333 13.008998498320578 6.4331700950860968 4.9533916413784027 22.703668050467968 6.5218555778264982 13.028117120265962 8.267810791730879 4.3526267260313025 18.920008763670925 9.437908433377741
leaf_count=54 721 58 29 20 54 10 99 17 65 26 99 37 104 58 139 19 64 28 25 166 54 27 23 105 29 57 43 20 94 51
internal_value=-8.1715e-05 -0.00103366 -0.00358726 -0.0058103 -0.00443193 -0.000244839 0.00320266 -0.00067237 -0.00197249 -0.00396168 -0.00135861 -0.00426495 -0.000532249 0.000677007 -0.00159371 0.000275368 0.00476235 -0.00114433 2.75621e-06 0.000251285 -0.00263122 0.000673287 -0.00346683 -0.0010985 -0.00634941 0.00382712 0.00150443 0.00351367 0.00464861 0.00295987
internal_weight=447.9 364.935 85.7432 42.6206 36.4946 279.191 30.4734 248.718 24.5893 19.9363 43.1226 20.3483 246.343 114.731 131.612 65.6524 15.8926 49.7599 43.4924 110.815 33.3028 20.2938 65.9594 34.1789 11.4752 19.0122 77.5117 40.9784 36.6257 28.3579
internal_count=2395 1674 384 194 165 1290 157 1133 111 91 190 91 1123 530 593 297 83 214 186 513 139 85 296 157 52 82 374 208 188 145
is_linear=0
shrinkage=0.01


Tree=188
num_leaves=31
num_cat=0
split_feature=37 22 32 9 34 38 46 46 44 46 37 28 10 0 34 37 28 28 29 29 46 46 44 34 0 46 29 44 44 30
split_gain=11.0695 6.07387 4.80437 4.53942 6.76162 4.79763 4.54322 6.14182 6.54117 4.59113 4.27311 4.79771 6.57018 5.92906 5.33018 3.96935 3.85147 3.83953 3.6922 5.93756 5.063 7.57163 7.75662 4.2825 4.209 3.79517 9.03853 5.52758 6.23005 5.61489
threshold=0.9605884686436067 5.6817860603332528 0.014469468034803869 0.34812349081039434 0.5505320429801942 1.3190831432156132 6.8480280801804073e-08 6.2319845681199962e-08 0.96150956571392288 7.1411846878779347e-08 0.17744447906193481 0.50679489970207225 -5.5320188999176017 -0.73244249820709217 0.65347066521644603 0.094834168182479806 -0.81190890073776234 -0.24449184536933896 0.75049999356269848 0.53249999880790722 1.4829367333921708e-07 1.252922977198082e-07 1.1084365797966418 0.68643665313720714 1.6765595078468325 4.0161393300159923e-08 0.10750000178813936 -0.11060575675674583 -0.56350148717466764 -0.015408577397465704
decision_type=2 2 2 2 2 2 2 2 2 2 2 2 2 2 2 2 2 2 2 2 2 2 2 2 2 2 2 2 2 2
left_child=2 -2 3 16 -5 6 7 8 17 -8 15 -12 13 -13 -14 -11 -1 -6 19 20 21 22 25 -23 -21 26 -18 28 29 -27
right_child=1 -3 -4 4 5 -7 9 -9 -10 10 11 12 14 -15 -16 -17 18 -19 -20 24 -22 23 -24 -25 -26 27 -28 -29 -30 -31
leaf_value=0.0049501083259238703 0.005868704174511517 -0.0091503278306003504 -0.007482771217452177 -0.008413936535750231 -0.00043766879107050988 0.010055378774278409 -0.010114503590661442 0.01131076520207573 -0.0061453974712364738 0.0013859920271619775 0.0020870817024893165 -0.00033098000473657916 -0.0083235306376917007 -0.01567213434154344 0.0045232140178529797 -0.010583021365119747 -0.001446879069700654 0.0075069601413161793 -0.0066236189922309107 0.010260615461869207 -0.0093062691204220654 0.0125390039691695 -0.0081232236044507782 0.00053795781423022289 -0.00023928516943857851 -0.010224831086877158 -0.016130374811755159 0.0020822302094785452 -0.0072502602060988399 0.00063339412736638308
leaf_weight=9.1677650511264783 39.218507096171379 2.7531316950917235 9.6591876149177534 7.506845347583293 9.897204674780367 5.8417386710643759 4.2757777273654929 8.508208751678465 7.7827941402792922 4.526556730270384 84.278740540146828 4.683826707303524 4.2471338957548168 5.7299828529357928 12.266400679945944 6.4675949215888977 19.018813401460651 14.758413143455984 13.753212779760359 7.1468779742717725 8.4172946810722333 5.584074951708315 18.082113996148109 6.6411507278680801 7.6779121607542038 5.1945023238658896 5.3590672984719268 50.277783244848266 18.341414071619511 46.533148065209375
leaf_count=44 416 21 42 36 49 42 21 42 39 20 429 26 21 25 64 29 83 83 63 38 38 30 82 31 33 23 25 245 80 208
internal_value=-4.31362e-05 0.00484035 -0.000544568 -0.000373537 0.000798281 0.0012078 0.000887302 0.00377835 0.00174327 -4.30206e-05 0.000309185 0.000906564 -0.00274534 -0.00893602 0.00112874 -0.00559688 -0.00133565 0.00428856 -0.00161436 -0.00125869 -0.00175532 -0.00138137 -0.00195708 0.00615803 0.00479044 -0.00117469 -0.00476836 -0.000435089 -0.00225603 -0.000455321
internal_weight=453.597 41.9716 411.626 401.966 180.771 173.264 167.423 40.9466 32.4384 126.476 122.2 111.206 26.9273 10.4138 16.5135 10.9942 221.195 24.6556 212.027 198.274 183.449 175.032 162.807 12.2252 14.8248 144.725 24.3779 120.347 70.0691 51.7277
internal_count=2428 437 1991 1949 926 890 848 213 171 635 614 565 136 51 85 49 1023 132 979 916 845 807 746 61 71 664 108 556 311 231
is_linear=0
shrinkage=0.01


Tree=189
num_leaves=31
num_cat=0
split_feature=37 37 23 44 38 28 38 13 6 44 37 44 2 29 39 44 44 29 29 25 21 39 44 13 30 46 39 10 33 46
split_gain=18.1546 4.40436 5.62307 5.17461 6.01788 4.20147 4.15244 3.91758 3.84177 3.80746 3.80262 3.94385 3.59005 3.98902 3.56745 3.51916 4.14332 5.30007 3.25827 3.57567 2.89435 4.86133 3.95524 3.6099 4.4157 3.35293 3.60658 2.81925 2.71444 2.69161
threshold=0.90160011258851724 0.1187286690518255 7.8704805374145517 -2.2756333345718183 0.15946237853263059 -0.57031238079071034 -3.330004926002434 0.25353999435901647 0.060597999021410949 0.29085093668727058 0.3479084347082752 -1.4598119191226644 4442.7468261718759 0.79100000858306896 0.24747474747474751 2.3314260714561716 3.1211083044014893 0.68350002169609081 0.14950000494718554 0.0014671300305053594 0.054700000211596496 0.11616161616161617 0.37008241683801796 0.12950950115919116 -0.016694252379238602 9.664299743248007e-08 0.30151515151515157 -5.6725525856018058 0.36404418945312506 3.060747415403664e-07
decision_type=2 2 2 2 2 2 2 2 2 2 2 2 2 2 2 2 2 2 2 2 2 2 2 2 2 2 2 2 2 2
left_child=1 5 6 4 -4 -1 -3 9 14 18 -10 -12 29 28 -5 20 17 -17 -7 -20 21 22 27 -22 -25 26 -26 -2 -14 -8
right_child=15 2 3 8 -6 7 12 -9 10 -11 11 -13 13 -15 -16 16 -18 -19 19 -21 23 -23 -24 24 25 -27 -28 -29 -30 -31
leaf_value=0.0028522620555611307 0.00013124272030283398 0.0090418501114807801 -0.0040121506293097414 -0.003195337453173356 0.01132955859841199 -0.0062150499998312458 0.00021692058313946134 -0.01249444747726167 -0.010697002483837386 -0.0097322971572321657 0.0033892511630064597 -0.0067289295293703581 -0.013596327972693181 0.0015756546980336262 -0.013750252304441352 -0.017077386768818346 0.007410250809809925 0.0027657921801363433 0.0080808503967141707 -0.0025565823470597615 0.0076729869060257654 -0.0090436663423920233 -0.0075878774349063182 -0.009412864500092176 0.0046051067406749913 0.0082404740996386578 -0.010077036929550965 0.010027610815793913 -0.0033618312026282146 -0.0036384289222618237
leaf_weight=6.9995494782924643 5.0409468784928322 4.658996418118476 6.1752130389213544 5.5323966145515433 4.1684101819992065 9.2309952825307899 236.70169176161289 6.5814802199602118 4.8027681857347515 8.128568619489668 9.6451073437929118 6.2410149425268182 5.2209144681692141 6.0721063613891593 8.8884814828634244 2.675860881805419 2.7136389017105103 2.4244865477085114 4.9989077299833289 8.0416621416807157 37.154147535562515 3.5607031136751166 2.3890041261911383 2.6635373309254673 4.2244246974587432 8.918427996337412 2.6058778688311577 7.3351558968424815 5.8747856244444847 19.496108889579773
leaf_count=32 36 20 27 24 23 43 1092 32 20 38 43 27 23 26 38 23 24 22 23 37 361 23 16 19 33 76 21 67 27 85
internal_value=-0.000206008 -0.00115633 -0.000748201 -0.00400615 0.00212399 -0.0041269 -0.000210725 -0.00547895 -0.00584144 -0.00389135 -0.00298643 -0.000540445 -0.000375323 -0.00478961 -0.00981974 0.00405187 -0.00222043 -0.00758069 -0.00168088 0.00147548 0.00473077 0.00120696 0.00379044 0.00587071 0.00215806 0.00422515 -0.000916669 0.00611021 -0.00834527 -7.38668e-05
internal_weight=449.165 367.459 323.478 45.4534 10.3436 43.9812 278.025 36.9816 35.1098 30.4001 20.6889 15.8861 273.366 17.1678 14.4209 81.7062 7.81399 5.10035 22.2716 13.0406 73.8922 18.3258 14.7651 55.5664 18.4123 15.7487 6.8303 12.3761 11.0957 256.198
internal_count=2401 1680 1475 202 50 205 1273 173 152 141 90 70 1253 76 62 721 69 45 103 60 652 142 119 510 149 130 54 103 50 1177
is_linear=0
shrinkage=0.01


Tree=190
num_leaves=31
num_cat=0
split_feature=37 37 13 46 2 1 37 25 21 34 21 6 44 2 22 46 26 25 28 46 37 25 26 0 34 27 34 34 28 34
split_gain=13.3465 4.79111 5.16988 4.45586 5.32004 5.5132 3.81202 3.50196 4.92822 4.78626 4.3406 3.39312 4.34491 6.10141 3.96269 3.65238 3.49344 3.33219 2.91043 3.56902 2.72319 3.63182 5.51864 3.8828 6.7658 4.34328 4.04746 3.75497 5.02827 3.72924
threshold=0.90160011258851724 0.2375684916372196 -0.50479000806808461 9.9669761303630512e-08 3795.4301757812505 0.32088449597358709 0.24407272087384266 0.0018424842273816468 0.054700000211596496 0.6701573133468629 1.0000000180025095e-35 0.046361999586224563 0.8350845224472182 3183.9514160156255 -9.3828349113464338 1.3707713219729876e-07 1.0010766386985781 0.0017801903304643931 -0.88345015048980702 2.8541565946168398e-08 0.88232086244628627 0.005258754827082158 1.0021684765815737 2.7174900770187382 0.7225504219532014 0.026918298564851287 0.66937091946601879 0.67265656590461742 0.31933301687240606 0.70338472723960888
decision_type=2 2 2 2 2 2 2 2 2 2 2 2 2 2 2 2 2 2 2 2 2 2 2 2 2 2 2 2 2 2
left_child=1 2 -1 4 5 7 -3 8 9 -2 -11 12 13 16 -13 -15 17 -8 -16 -20 21 22 23 25 27 29 -27 28 -25 -21
right_child=3 6 -4 -5 -6 -7 11 -9 -10 10 -12 14 -14 15 18 -17 -18 -19 19 20 -22 -23 -24 24 -26 26 -28 -29 -30 -31
leaf_value=0.0081111423190327742 0.0074320563875835896 0.012399405556153424 -0.0029875736126903948 0.0061760107854871337 -0.0082820470087589006 -0.0075907976114149367 0.00053673567275338869 -0.003875254855260597 0.0085934965900361614 0.001904233901670447 -0.014820633830538301 0.0086119810181159492 -0.0073623043375012536 0.010286020879768329 0.0071418820237683037 0.00042445948600604197 -0.0061025254632988604 0.0072892741948382645 -0.011393558364742292 0.0013345958653327356 -0.0073535535632570526 0.0047752788607421676 -0.0075434041561020949 0.004298219359200735 0.0068188696517939278 -0.0011962066905887895 0.010746944021373455 -0.0092898713882650676 -0.0092246013217649782 -0.002393787979518878
leaf_weight=4.2755638659000388 4.7897953391075152 2.4469019025564185 85.237151518464088 43.894588120281696 4.6955536380410186 4.3092510998249045 46.50930143147707 4.4013075679540625 18.657782375812531 3.1375700980424881 2.772082582116127 4.4090024232864371 4.7661612331867209 12.861576035618784 4.3074281960725775 5.6046624779701224 6.405302867293357 8.6748834475874883 3.1975633054971686 60.624461404979229 6.1666755080223075 11.475976288318632 11.902972117066382 6.3596252053976112 4.9206412136554709 4.4128556549549085 7.1257194131612778 13.918841645121573 4.6449647843837738 47.821024954319
leaf_count=18 40 10 384 394 33 27 212 39 189 27 17 26 21 65 22 26 30 42 14 286 35 50 52 28 21 20 33 58 20 215
internal_value=0.000403467 -0.000425642 -0.00243783 0.00393296 0.00159821 0.00286162 0.000218017 0.00424388 0.00550409 0 -0.00589069 0.000101995 0.00176867 0.00233327 -0.000632366 0.00736522 0.00079885 0.00162758 -0.000860303 -0.00105838 -0.000862326 -0.000621339 -0.00101316 -0.000483016 -0.00370703 0.000312997 0.00612241 -0.00584407 -0.00135129 -0.000300981
internal_weight=454.727 368.069 89.5127 86.6579 42.7633 38.0678 278.557 33.7585 29.3572 10.6994 5.90965 276.11 84.8219 80.0557 191.288 18.4662 61.5895 55.1842 186.879 182.571 179.374 173.207 161.731 149.828 29.8441 119.984 11.5386 24.9234 11.0046 108.445
internal_count=2454 1688 402 766 372 339 1286 312 273 84 44 1276 396 375 880 91 284 254 854 832 818 783 733 681 127 554 53 106 48 501
is_linear=0
shrinkage=0.01


Tree=191
num_leaves=31
num_cat=0
split_feature=37 44 38 34 46 18 2 9 9 27 2 39 44 1 33 22 34 34 37 33 33 38 9 33 38 14 34 28 28 46
split_gain=13.0696 4.60414 3.9356 5.37745 5.08284 6.51084 6.00315 4.7104 4.19178 3.8691 5.20957 3.85864 3.7986 4.16265 4.79903 3.58076 6.1894 5.40249 7.2573 4.1094 6.7824 6.46531 5.85127 4.65814 4.10178 3.99964 5.64881 3.93807 3.70527 3.49652
threshold=0.92279024803622567 -3.2476009500128158 -1.5274733938292093 0.54577690362930309 3.6463632330573428e-07 0.64400899410247814 2805.7109375000005 0.4505975097417832 0.34812349081039434 0.026918298564851287 3795.4301757812505 0.94519519519519524 2.1273031936294444 -0.34993450343608851 0.038738718256354339 4.5416688919067392 0.7300228774547578 0.68494182825088512 0.61374467105658381 0.77173560857772838 0.54659050703048717 -0.67728635685073624 0.43090800940990454 0.36228911578655248 -0.13471367749037585 0.056528497487306602 0.69572460651397716 0.017861884087324146 0.11981166526675226 1.1719071331309519e-07
decision_type=2 2 2 2 2 2 2 2 2 2 2 2 2 2 2 2 2 2 2 2 2 2 2 2 2 2 2 2 2 2
left_child=1 -1 3 -3 7 6 -6 11 -5 10 -10 12 13 29 -15 19 17 18 -17 20 21 23 25 -16 -22 -23 -27 -28 -19 -4
right_child=-2 2 4 8 5 -7 -8 -9 9 -11 -12 -13 -14 14 15 16 -18 28 -20 -21 24 22 -24 -25 -26 26 27 -29 -30 -31
leaf_value=0.0093123907433057644 0.0042533385661458843 0.0074398976492035616 0.0019171681757364951 -0.0057041296261065603 -0.0085063101989399908 -0.01378715499122104 0.0074690546336202814 0.0048261366747051017 0.00066044264715869958 0.0073113744734259294 -0.010057681111467603 -0.008931448205070542 -0.0063560373722498648 -0.0053086451394773618 -0.00067076138192387 -0.0039357310540117348 0.0082358785580270589 -0.011316976290417129 0.011401933162355278 -0.003741343992455366 0.012576607405298826 0.0041035320629590269 -0.0087970098746193801 -0.0085384982476663304 0.0027317235560802193 0.0053685663600768485 0.0013539879368438239 -0.0083129122591314927 -0.0019938156551561636 0.010364507866467219
leaf_weight=4.6667888611555091 70.449588432908058 4.6838857233524314 22.98558729141951 36.695939168334007 4.5291609615087491 5.9243063777685157 4.6711920350790024 20.57551196962595 15.898560822010046 5.0236102044582358 6.1590418815612784 4.7880438417196265 8.8665880411863309 16.885850518941879 28.700464889407158 10.723243892192839 4.5364953875541678 11.048717528581621 4.2084036320447913 17.132467143237591 7.8618006855249432 59.739055328071117 4.5627073347568503 10.27441546320915 9.8974454626440984 9.9462489262223261 7.1948949545621899 9.4948109835386258 7.4569897204637519 6.3246628493070594
leaf_count=26 651 20 115 165 20 25 21 113 71 21 28 21 39 75 122 48 20 48 22 77 35 296 23 44 50 47 32 42 33 35
internal_value=0.000306283 -0.000440557 -0.000569877 -0.00273073 -6.99009e-05 -0.0057012 -0.000294697 0.000229218 -0.00350381 -0.000475501 -0.00231908 -0.000128819 3.41661e-05 0.000268212 -0.000200409 0.000222445 -0.0025352 -0.00404654 0.000367674 0.000865071 0.00140843 0.000605201 0.00207149 -0.00278696 0.00719194 0.00266669 -0.000521757 -0.00410273 -0.00764481 0.00380301
internal_weight=441.906 371.457 366.79 68.461 298.329 15.1247 9.20035 283.204 63.7772 27.0812 22.0576 262.629 257.841 248.974 219.664 202.778 37.9739 33.4374 14.9316 164.804 147.672 129.913 90.9377 38.9749 17.7592 86.375 26.636 16.6897 18.5057 29.3103
internal_count=2385 1734 1708 305 1403 66 41 1337 285 120 99 1224 1203 1164 1014 939 171 151 70 768 691 606 440 166 85 417 121 74 81 150
is_linear=0
shrinkage=0.01


Tree=192
num_leaves=31
num_cat=0
split_feature=37 37 9 9 38 39 3 14 38 38 9 18 25 25 25 46 22 2 39 22 27 29 34 28 7 46 2 27 27 27
split_gain=13.7283 4.93251 4.7099 5.30816 5.4824 4.86355 4.36795 5.27397 4.11114 3.65019 4.39468 4.06796 6.30846 7.3258 4.33483 4.20027 3.59346 3.11266 3.06241 3.48744 4.58599 3.70829 3.34929 3.3235 3.04836 2.91974 2.74938 3.11352 2.74926 2.72097
threshold=0.90160011258851724 0.32407000768948008 0.38267450034618383 0.3107724934816361 1.3190831432156132 0.48989898989899 54.130971908569343 -0.038534000515937798 -2.8030649757936845 -1.0655159458811039 0.3632854968309403 0.54205048084259044 0.0010306288604624572 0.0015463138697668912 0.00051168553181923937 8.5134522356534935e-08 -9.3828349113464338 3331.320678710938 0.74376899696048648 -2.9368635416030879 0.02082106284797192 0.28350000083446508 0.67406293749809276 -0.27726860344409937 25.576539993286136 1.0447688222915261e-07 3331.320678710938 0.019996888004243377 0.025617944076657299 0.02743610925972462
decision_type=2 2 2 2 2 2 2 2 2 2 2 2 2 2 2 2 2 2 2 2 2 2 2 2 2 2 2 2 2 2
left_child=1 8 3 4 -2 6 7 -5 -1 11 26 12 17 -14 -13 -16 -3 -10 29 20 -20 -21 -23 -24 -15 -17 27 -11 -22 -18
right_child=2 16 -4 5 -6 -7 -8 -9 9 10 -12 14 13 24 15 25 18 -19 19 21 28 22 23 -25 -26 -27 -28 -29 -30 -31
leaf_value=0.0039541935556452138 0.0095749918014323959 0.008598350580301329 0.0056119364942603823 -0.004941383321063377 -0.0065209377921619837 -0.01194833857134695 -0.010336023265975873 0.0066259850942275156 -0.0038164554185572603 -0.0048544914689504885 0.0084449917811137559 0.0020760016165326015 0.0083554341103435868 -0.00924403800471384 -0.011575810753336484 0.0018351080961072994 0.0003160142810761542 -0.013899425601833779 -0.014484616631861289 0.0081622189313187675 0.0028031052068773292 0.0036921790385147065 0 -0.011892661887481469 -0.00014403065278365606 -0.0069332438430854916 -0.0078612328887667521 0.0043373336858547763 -0.0073414110157004712 -0.005176371509636556
leaf_weight=8.3007503747940046 9.6427772268652898 4.4332663044333449 46.466781623661518 6.2077322825789514 2.5499877706170073 3.9606715589761725 3.2502999603748313 10.201198607683184 9.2450639605522138 6.4836834520101609 4.900666117668151 4.7999228835105887 8.5607466399669665 5.1356414705514934 16.346157744526863 5.0708113908767727 199.81559787690639 4.908693701028823 5.0029286891221991 4.0087659657001522 4.6711830794811231 5.106910675764083 4.2448603808879835 4.8054683953523636 13.19874821603298 13.004477903246878 5.6779677569866172 8.2400171160697919 5.7379240542650223 9.3413208574056608
leaf_count=35 81 26 456 41 18 26 18 90 41 29 20 21 37 23 77 23 931 24 21 20 22 25 20 21 57 57 24 34 24 41
internal_value=-0.000169487 -0.00101187 0.00351151 0.000750326 0.00610169 -0.001984 2.31733e-05 0.00218589 -0.00273367 -0.00327222 8.51738e-07 -0.0043151 -0.00207132 0.000742741 -0.00662675 -0.00787178 -0.000213794 -0.00745649 -0.00038233 -0.00318152 -0.00666569 -0.000150495 -0.0026152 -0.00628507 -0.0027836 -0.0044218 -0.00201003 0.000216748 -0.00271046 6.35793e-05
internal_weight=443.321 361.042 82.2794 35.8127 12.1928 23.6199 19.6592 16.4089 113.873 105.573 25.3023 80.2703 41.0489 26.8951 39.2214 34.4214 247.168 14.1538 242.735 33.578 15.412 18.166 14.1572 9.05033 18.3344 18.0753 20.4017 14.7237 10.4091 209.157
internal_count=2383 1653 730 274 99 175 149 131 502 467 107 360 182 117 178 157 1151 65 1125 153 67 86 66 41 80 80 87 63 46 972
is_linear=0
shrinkage=0.01


Tree=193
num_leaves=31
num_cat=0
split_feature=37 37 33 22 46 13 39 46 29 33 28 29 26 39 33 33 0 2 37 21 44 13 38 29 37 39 46 46 33 44
split_gain=13.7866 5.00333 5.12476 4.22203 4.21691 4.12401 3.98509 3.51257 8.42619 4.52719 7.32671 4.41133 3.67761 4.36652 7.68775 6.34336 5.58584 4.87918 4.66506 4.01284 4.33111 3.6805 3.43665 3.53925 4.10618 4.59375 6.18524 6.29194 10.0554 5.37506
threshold=0.90160011258851724 0.13261182571498967 0.27630662918090826 -9.3828349113464338 3.3017693115474926e-08 -0.096115000545978532 0.71572871572871588 3.060747415403664e-07 1.4010000228881838 0.011622427962720396 -0.34176251292228693 0.71700000762939464 1.0001875758171084 0.18686868686868688 0.35304082930088049 0.26889935135841375 -1.5613420009613035 2613.0429687500005 0.32786063007132366 0.28904999792575842 1.0246421945486428 0.0059345001354813584 0.59451372163360505 1.2680000066757204 0.98226045067042189 0.92893217893217905 8.9545296834210987e-08 5.6510848625704151e-08 0.30076499283313757 0.33256515668663689
decision_type=2 2 2 2 2 2 2 2 2 2 2 2 2 2 2 2 2 2 2 2 2 2 2 2 2 2 2 2 2 2
left_child=1 2 -1 -3 -2 -4 7 9 -9 10 -5 12 13 16 15 17 -11 -15 -16 -14 -21 -19 -6 24 25 26 27 -24 -29 -30
right_child=4 3 5 6 22 -7 -8 8 -10 11 -12 -13 19 14 18 -17 -18 21 -20 20 -22 -23 23 -25 -26 -27 -28 28 29 -31
leaf_value=-0.00046083927460092424 -0.0070732150155705118 0.0088786090943130929 0.001225694000415297 0.0044802969442040898 0.0089770924239317117 -0.008940153465649716 -0.003407136348991948 -0.011378134567812082 0.0033240764509182221 -0.011194580422493003 -0.01139353248226938 0.0073891205884324823 0.0035074072338364898 -0.0069052108640759403 -0.00076978605193775624 -0.010868312231240032 -0.0015542520415758627 -0.0019422934635222784 0.0099970345722344266 -0.0022227847246835651 0.0051622816058339857 0.0078143865625770227 0.005873746331902764 -0.0074538049482008872 0.0076313053064889051 -0.0074802054406204578 0.0066989168070598513 0.0058118074290024191 -0.0038792431188281358 -0.020527547593114259
leaf_weight=22.053835928440094 3.4964007884263983 4.5266933068633071 4.6762339174747494 4.3152120709419242 11.615300603210924 21.21993014216423 47.241732239723206 8.6639272868633253 6.811351627111434 6.4398829489946356 8.1403791308402997 8.4565147161483747 50.615044444799423 5.8816506713628831 5.670189872384074 5.9256300032138816 83.347683973610401 6.4203361272811881 12.401893869042395 35.571048609912395 10.081780508160589 9.0233489871025068 8.4095546826720255 2.9227370768785468 17.86872074753046 4.4976390153169623 22.080083198845387 5.0056770890951148 4.3067444786429387 3.8232936039566994
leaf_count=99 28 26 21 20 100 104 212 37 30 29 35 41 239 27 25 27 377 28 60 161 47 43 68 20 210 35 185 39 33 26
internal_value=-0.000207358 -0.00104517 -0.00405741 -0.000588887 0.00344176 -0.00706832 -0.000730883 -0.000253885 -0.00486305 2.66891e-05 -0.00582255 0.000336931 7.17843e-05 -0.0009876 0.00152733 -0.00179752 -0.0022685 0.000715247 0.00657822 0.00156847 -0.000562322 0.00370755 0.0039189 0.0030401 0.00353058 0.00197451 0.00298701 -0.000784201 -0.00513438 -0.0119842
internal_weight=451.51 367.484 47.95 319.534 84.0262 25.8962 315.008 267.766 15.4753 252.291 12.4556 239.835 231.378 135.111 45.323 27.251 89.7876 21.3253 18.0721 96.2679 45.6528 15.4437 80.5298 68.9144 65.9917 48.123 43.6254 21.5453 13.1357 8.13004
internal_count=2432 1688 224 1464 744 125 1438 1226 67 1159 55 1104 1063 616 210 125 406 98 85 447 208 71 716 616 596 386 351 166 98 59
is_linear=0
shrinkage=0.01


Tree=194
num_leaves=31
num_cat=0
split_feature=1 27 44 27 3 33 33 27 7 27 3 1 27 0 3 46 27 3 29 39 46 44 2 44 30 22 39 28 44 46
split_gain=6.37256 5.64054 5.2814 5.1471 5.61478 5.223 5.03953 4.72191 6.6319 6.76856 6.2687 4.4034 3.90917 4.07266 4.00408 5.65925 4.97586 9.91999 10.4209 7.54815 8.21998 4.3823 4.26449 4.25341 6.19207 6.16294 9.15351 4.75162 4.26384 3.9162
threshold=-0.1834749951958656 0.026653586886823181 -3.1551613232378553 0.018921869806945327 64.303617477417006 0.24978207051754001 0.31402653455734258 0.026918298564851287 52.273168563842781 0.027674905024468902 38.90239334106446 -0.77992299199104298 0.027174988761544231 3.8205720186233525 44.954353332519538 3.926531045794213e-07 0.020643461495637897 42.478200912475593 0.15149999409914019 0.28192934782608697 1.6160534220301224e-07 1.3862596844052042 2547.336059570313 -0.56350148717466764 -0.00090913227177225042 2.3498264551162724 0.035353535353535366 0.51641523838043224 0.075037762550618725 4.3342533514509358e-08
decision_type=2 2 2 2 2 2 2 2 2 2 2 2 2 2 2 2 2 2 2 2 2 2 2 2 2 2 2 2 2 2
left_child=1 6 -2 -4 12 -6 11 10 -9 -10 -3 -1 14 -14 15 16 21 18 -18 -20 -21 -5 -23 25 -25 26 -16 28 -26 -27
right_child=2 7 3 4 5 -7 -8 8 9 -11 -12 -13 13 -15 23 -17 17 -19 19 20 -22 22 -24 24 27 29 -28 -29 -30 -31
leaf_value=-0.0088746677730815824 0.008532258275502377 -0.0098003377380516763 0.0083765763094490603 0.0060495888489491617 -0.0013122467649708414 -0.011324068615638954 0.0065695879899197954 -0.0058557621052848109 0.012488390557995535 -0.00070057494102097287 0.0036310554518714545 0.0024425668700743292 -0.013028713491670528 -0.0019200076095614691 -0.0077556425323573657 -0.0079281511587264222 -0.0096679538686503703 -0.011074509444743355 0.0072575785385187094 -0.0023993748897110233 0.0082944079437849531 0.0038235172449241918 -0.0094505701650378134 -0.0085938335735822081 -0.0054453498627422972 -0.010115646613748471 0.0084789772077974116 0.0045408862097486014 0.0027131534894667903 -0.00063622702150555055
leaf_weight=3.5698166936635962 6.3496548011898986 10.159040547907351 6.1423232704401007 33.986625179648399 12.357829183340074 9.2932489067316038 35.07069107145071 7.2334588021039989 7.379478491842745 7.8096847683191299 5.0566043332219115 48.960827462375164 4.6024846285581615 12.207212075591086 4.2873729169368771 6.3623853027820578 7.6241132020950309 7.0654404684901229 22.479352153837681 31.360240153968334 9.2157330587506276 5.8521423637866956 3.9342779889702797 16.187038213014603 23.289495058357719 4.6228505969047538 15.930406101047991 10.310188859701155 8.5685090795159322 62.051246009767056
leaf_count=21 37 50 43 204 54 43 263 35 46 35 31 331 21 52 19 28 35 36 117 159 56 34 18 71 102 20 90 45 42 285
internal_value=0.000321303 0.00223734 -0.000416519 -0.00060113 -0.000783946 -0.00568788 0.00362962 -0.000977676 0.00190574 0.0056815 -0.00527684 0.00163908 -0.000412462 -0.00507976 -0.000119797 0.00116606 0.00165656 0.000123642 0.00127125 0.00262298 1.9264e-05 0.00434987 -0.00145332 -0.00125881 -0.00334515 0.000133088 0.00496583 -0.00129112 -0.00321813 -0.00132262
internal_weight=449.32 125.24 324.08 317.731 311.588 21.6511 87.6013 37.6383 22.4226 15.1892 15.2156 52.5306 289.937 16.8097 273.127 127.88 121.518 77.7449 70.6794 63.0553 40.576 43.773 9.78642 145.247 58.3552 86.8919 20.2178 42.1682 31.858 66.6741
internal_count=2423 812 1611 1574 1531 97 615 197 116 81 81 352 1434 73 1361 687 659 403 367 332 215 256 52 674 260 414 109 189 144 305
is_linear=0
shrinkage=0.01


Tree=195
num_leaves=31
num_cat=0
split_feature=37 29 29 37 26 3 26 39 39 38 46 0 18 18 6 34 3 46 37 38 26 2 29 13 4 37 34 25 3 4
split_gain=15.2766 3.78582 3.79062 3.7828 3.8836 5.04877 3.91277 3.07171 5.39515 8.21207 3.99281 6.86743 4.20501 8.51132 3.87655 3.60075 2.7391 5.93515 2.94972 4.00023 4.84018 3.10332 3.88477 2.89605 4.3431 4.35496 4.09566 4.07685 4.05366 3.82611
threshold=0.90160011258851724 0.079500000923872008 1.5844999551773074 0.2375684916372196 1.0022062659263613 52.084484100341804 1.0016938447952273 0.92893217893217905 0.99494949494949514 0.85401128443069607 9.4486511215901158e-08 0.65623000264167797 0.47407850623130804 0.40610599517822271 0.045594999566674239 0.67528977990150463 31.627449989318851 9.0407526451229339e-08 0.25926049318098504 -1.6200213249525548 0.99994441866874706 2475.317016601563 0.11150000244379045 -0.0059585000853985539 -1224.2060546874998 0.83917042937172304 0.71382838487625133 0.0016879076720215382 42.743061065673835 -1754.111877441406
decision_type=2 2 2 2 2 2 2 2 2 2 2 2 2 2 2 2 2 2 2 2 2 2 2 2 2 2 2 2 2 2
left_child=3 -2 7 -1 6 -6 16 10 9 15 11 12 13 14 -3 -9 17 -5 -18 20 -20 22 -21 26 29 -26 28 -28 -23 -25
right_child=1 2 -4 4 5 -7 -8 8 -10 -11 -12 -13 -14 -15 -16 -17 18 -19 19 21 -22 23 -24 24 25 -27 27 -29 -30 -31
leaf_value=-0.0027029261073337829 -0.0082078955661497727 -0.0047733398703878986 -0.0077458996520703184 -0.0051586237814318014 -0.0015514803628463181 -0.013064403779084034 0.00584583498421541 -0.0067670491122558173 0.010727937342467516 -0.019918641300513743 0.0079639639795965542 -0.0080291770832069502 0.0095636887753946971 -0.010723022541277764 0.0079220707347346913 0.010471497813290877 0.0065287350433274206 0.0085389577159132452 -0.012388943606670859 -0.0040196886292011421 -0.00017927789411851931 -0.0080338576343096258 0.0046772856632060281 0.0004400178177184405 -0.0027081045584522695 0.0056331367344586072 -0.0029663245524735081 0.0062318582304245586 -0.0018923115777503832 0.0061489670593990568
leaf_weight=80.967721164226532 2.3394613340497008 2.8308730795979562 2.3720395117998114 4.5149538666009894 16.419577568769459 4.9842681884765616 11.21530758589506 2.1084634065628034 2.9123598709702492 2.3899397701025009 33.368880696594715 4.678655929863452 11.538600482046602 4.0780311003327361 11.916558481752871 2.5134614259004593 5.8101431578397742 9.6133417114615423 6.1120765507221204 6.4118978381156948 7.1643886119127274 15.968289047479628 22.867620624601841 38.788734704256051 51.451248824596412 6.9665487930178633 9.5482164323329943 9.3904497325420362 34.676937721669674 17.024058431386948
leaf_count=365 20 20 16 21 73 21 52 21 29 18 306 29 113 24 119 26 24 49 26 29 31 70 111 183 227 43 42 42 155 91
internal_value=8.97758e-05 0.00395515 0.00432982 -0.000800248 -0.00024358 -0.00432726 9.34967e-05 0.00471763 -0.000384841 -0.00522706 0.00547191 0.00305452 0.00481593 0.00181791 0.00540201 0.00241894 -0.000166635 0.00408587 -0.000431355 -0.000617216 -0.00592559 -0.000279172 0.00273151 -0.0007654 0.000206486 -0.00168836 -0.00237323 0.00155071 -0.00386044 0.00220713
internal_weight=442.943 83.0473 80.7079 359.896 278.928 21.4038 257.524 78.3358 9.92422 7.01186 68.4116 35.0427 30.3641 18.8255 14.7474 4.62192 246.309 14.1283 232.181 226.37 13.2765 213.094 29.2795 183.814 114.231 58.4178 69.5839 18.9387 50.6452 55.8128
internal_count=2396 741 721 1655 1290 94 1196 705 94 65 611 305 276 163 139 47 1144 70 1074 1050 57 993 140 853 544 270 309 84 225 274
is_linear=0
shrinkage=0.01


Tree=196
num_leaves=31
num_cat=0
split_feature=37 37 0 30 30 28 30 46 25 25 28 29 29 23 29 11 7 30 32 33 37 8 41 18 30 23 37 30 30 33
split_gain=12.4821 5.86143 4.10152 4.96454 3.97907 6.11923 5.26765 5.0158 4.53858 4.17196 4.18612 3.65994 3.29249 5.38932 4.66058 4.03957 3.62261 3.60443 3.83966 3.18494 3.94257 3.88289 5.56119 5.4792 4.6952 4.54692 4.44816 3.98986 3.58125 3.41082
threshold=0.73368725133489454 0.98366682711739506 -2.5905750989913936 0.079178027808666243 -0.017184123396873471 -0.35670739412307734 -0.033373693004250519 1.1982741971311038e-07 0.0060007742140442142 0.0046778770629316577 -0.70011085271835316 1.1295000314712527 0.15349999815225604 3.8652054071426396 0.11549999937415124 -1.0000000180025095e-35 58.051595687866218 0.031968496739864356 -0.0012551185791380701 1.0002853572368624 0.038314064276205768 1.2055044770240786 0.70640540122985851 0.54205048084259044 0.011244854889810087 -2.1146094799041744 0.15913794568285036 -0.035458393394947045 -0.013634939678013323 0.55992624163627636
decision_type=2 2 2 2 2 2 2 2 2 2 2 2 2 2 2 2 2 2 2 2 2 2 2 2 2 2 2 2 2 2
left_child=12 2 -2 4 5 7 -7 -4 9 10 -6 -3 13 14 -1 -15 17 18 -14 20 -20 22 23 26 28 -24 -22 -23 -25 -28
right_child=1 11 3 -5 8 6 -8 -9 -10 -11 -12 -13 16 15 -16 -17 -18 -19 19 -21 21 27 25 24 -26 -27 29 -29 -30 -31
leaf_value=-0.002168124806377333 0.009679314224686552 0.0086031004170668227 -0.016761398363267538 -0.010864553874750727 0.0082931037593205713 0.0072645131248322585 -0.0051080170517137247 -0.0023926537188870283 0.010592592582453174 -0.0073051961168737935 0.0013680029279717579 -0.0068128223986759018 -0.006889818247159763 -0.0030017485949293027 -0.0089279354029072923 0.0090691075641266047 0.0075415963052634458 -0.0040072681599145369 -0.0091681514350765957 -0.0057325955751317149 -0.0055355661141449179 -0.0044495216566860351 -0.00091333745384192982 0.00030843559720225458 0.0057687436483574795 -0.0082883058385807007 0.0031635583933186905 0.0037591429065252052 -0.0078361892466178237 0.011277387424221899
leaf_weight=22.491384968161583 5.5835481435060492 17.266112729907039 4.0290844291448611 3.3326399624347678 9.6102983281016332 7.9471345767378807 5.8411406278610212 6.4874270558357239 5.8547089770436278 4.8955391496419898 96.222914457321167 1.5431596189737309 8.8732534497976285 5.8535092324018478 19.49898225069046 4.9836333245038968 4.816660374402999 35.851164326071739 4.2765130400657645 9.5761781930923444 4.4832448661327353 6.6245402395725241 21.472583577036858 8.933890581130985 5.5221677124500266 14.004774823784826 25.273792728781704 45.011755898594856 12.690196216106415 6.7057479023933402
leaf_count=97 49 211 20 17 66 49 36 37 36 28 617 14 38 26 87 22 21 155 21 41 21 29 94 39 24 60 111 201 56 30
internal_value=-0.000129656 0.00199716 0.00132578 0.000988958 0.00128395 -0.00237083 0.00195208 -0.00809783 0.00205583 0.00158628 0.00201352 0.00725612 -0.00147704 -0.0037169 -0.00534468 0.00248996 -0.000918265 -0.00112124 -0.000516979 -0.000163332 0.000177775 0.000455484 -0.000695289 0.00106177 -0.00231251 -0.00386785 0.0036007 0.00268014 -0.00443931 0.00492596
internal_weight=435.558 168.614 149.804 144.221 140.888 24.3048 13.7883 10.5165 116.583 110.729 105.833 18.8093 266.944 52.8275 41.9904 10.8371 214.116 209.3 173.449 164.575 154.999 150.723 99.0864 63.609 27.1463 35.4774 36.4628 51.6363 21.6241 31.9795
internal_count=2353 1180 955 906 889 142 85 57 747 711 683 225 1173 232 184 48 941 920 765 727 686 665 435 281 119 154 162 230 95 141
is_linear=0
shrinkage=0.01


Tree=197
num_leaves=31
num_cat=0
split_feature=37 6 46 46 44 44 44 44 27 26 18 1 46 0 0 46 27 46 26 6 44 2 28 28 39 44 37 46 38 44
split_gain=17.0627 4.82582 6.01027 5.54557 5.43195 4.6465 4.56029 4.25694 5.60425 4.30194 4.66831 4.66285 3.89107 4.52672 5.74474 4.70295 5.16045 4.44412 4.3076 4.62195 5.32122 4.28952 4.07553 3.71384 3.67413 3.93319 3.76403 3.80489 3.41927 4.1009
threshold=0.85588966133151145 0.056751500815153129 3.926531045794213e-07 4.6363133912187955e-08 -1.9425331284228891 1.747143064315303 -3.1551613232378553 3.3387473787270592 0.026706671342253688 0.99743333458900463 0.57603701949119579 -0.10763499885797499 2.6523232559101164e-07 -1.5613420009613035 -1.0804669857025144 4.2656842427058049e-08 0.02511626482009888 6.1060318562350038e-08 0.99878984689712536 0.064114499837160124 -1.5961392583029197 3078.000854492188 0.60324969887733471 0.026006610132753852 0.37436868686868691 2.3314260714561716 0.96598164771051387 1.3113550486187399e-07 -1.7269779464953692 -0.85985650046269535
decision_type=2 2 2 2 2 2 2 2 2 2 2 2 2 2 2 2 2 2 2 2 2 2 2 2 2 2 2 2 2 2
left_child=6 5 3 -3 -5 -2 -1 8 9 -8 12 -12 13 -11 -15 21 17 23 -19 -20 -21 -16 -18 -17 26 -26 -6 -28 -13 -30
right_child=1 2 -4 4 24 -7 7 -9 -10 10 11 28 -14 14 15 16 22 18 19 20 -22 -23 -24 -25 25 -27 27 -29 29 -31
leaf_value=0.0082128347782696662 0.0065771180088420155 -0.0086957164669191241 -0.011464054765270648 -0.0068124361514825624 0.0043964598902214661 -0.0074324237378675766 0.0061781876757460762 0.0081728908006450662 -0.0039203308523591976 -0.0056829681235314464 0.0037847197358926534 0.0018770014595702121 -0.005861009703380742 0.0098954405876975193 0.0008517364653650248 0.0012671507305651139 0.0091768382894302399 -0.0053529429787489658 0.0045265849513778187 0.005268751534006068 -0.0083212297082336656 -0.0075313243431673216 -0.0016753286667189802 -0.0069044990694338742 0.010141594362468191 0 -0.010732209529362184 0.003951472683939113 -0.0017480294604026384 -0.0061614430184965601
leaf_weight=5.3068989068269721 49.206851273775101 3.9659231677651396 3.1811795905232421 4.5242092832922927 15.971341639757158 2.3400561213493338 9.0584125667810422 4.829426333308219 60.432782337069511 9.958812475204466 10.900876984000204 12.047401726245878 9.3300188034772855 7.2055801749229422 12.245971649885179 9.8495739251375216 13.8104854375124 6.820572316646575 42.334115013480186 4.8253534138202667 6.7025000900030118 11.674900919198988 4.3752546012401572 12.102572098374365 15.283211328089239 5.0625225603580466 3.9453786164522162 2.9313480406999588 47.830547884106636 38.91913340985775
leaf_count=29 436 28 20 30 106 16 42 21 269 43 54 54 40 37 54 44 65 30 193 20 31 54 20 54 141 46 38 31 210 169
internal_value=0.000211615 0.00370677 0.00161291 0.0024577 0.00342184 0.00590861 -0.000878316 -0.00102761 -0.00116754 -0.000546455 -0.000786012 -0.00235671 0.000347484 0.000766562 0.00126485 0.000750778 0.00170325 0.00062533 0.00202988 0.00299149 -0.00255032 -0.00321242 0.00651638 -0.00320354 0.00453016 0.00762547 0.00170905 -0.00436273 -0.00304759 -0.00374438
internal_weight=446.973 106.412 54.8651 51.6839 47.718 51.5469 340.561 335.254 330.425 269.992 260.934 109.698 151.236 141.906 131.947 124.741 100.82 82.6347 60.6825 53.862 11.5279 23.9209 18.1857 21.9521 43.1938 20.3457 22.8481 6.87673 98.7971 86.7497
internal_count=2425 892 440 420 392 452 1533 1504 1483 1214 1172 487 685 645 602 565 457 372 274 244 51 108 85 98 362 187 175 69 433 379
is_linear=0
shrinkage=0.01


Tree=198
num_leaves=31
num_cat=0
split_feature=37 44 33 34 30 8 10 23 30 26 33 18 33 38 8 34 0 25 13 22 9 44 28 23 28 27 34 34 25 4
split_gain=12.7776 4.36003 4.31447 8.71806 5.13231 4.74565 4.61808 4.48879 3.2889 8.21507 3.84142 4.59745 4.69567 4.35507 3.72347 3.26 3.75383 5.47481 3.1364 3.07762 5.39419 3.85608 3.55534 4.08544 3.71909 3.35735 6.2672 3.10736 2.81448 4.52105
threshold=0.86579596107928691 -3.2476009500128158 0.50032487511634838 0.66937091946601879 0.0094740763306617754 -0.69576099514961232 -20.436865806579586 -16.598374843597409 -0.018910805694758889 0.99878984689712536 0.17767648398876193 0.83006951212883007 0.16441624611616137 0.48049611994919517 1.2055044770240786 0.68395414948463451 -0.053657501935958855 0.0016413723351433875 0.28434950113296514 4.5416688919067392 0.41001100838184362 -1.5521823723640245 0.2927385568618775 8.7467498779296893 -0.15207672864198682 0.019756515510380272 0.68915697932243358 0.68395414948463451 0.00083143982919864367 -1432.2639160156248
decision_type=2 2 2 2 2 2 2 2 2 2 2 2 2 2 2 2 2 2 2 2 2 2 2 2 2 2 2 2 2 2
left_child=1 -1 6 4 7 -6 -2 -4 9 -8 11 12 13 -10 -11 16 18 -18 -12 25 21 22 23 -21 -25 26 -3 -23 29 -27
right_child=2 19 3 -5 5 -7 8 -9 10 14 15 -13 -14 -15 -16 -17 17 -19 -20 20 -22 27 -24 24 -26 28 -28 -29 -30 -31
leaf_value=0.0088977568637389412 -0.0068073985641784896 -0.0029019061888398904 -0.0046411901933823951 -0.014949316358237824 0.001594746520776227 -0.016900933668198958 -0.011573823225715716 0.0080774884838138491 -0.0052558039202867694 0.011211883547784827 0.011139437396974119 -0.0074597451100493111 -0.0087151141338900704 0.0082778559684906893 -0.0035842627653472603 0.01027359882298026 -0.010223248130879634 0.0058859602081163974 -0.0021900893235424234 -0.0050519770772387796 0.0059730916822479663 -0.0033048695874423658 -0.0071456409161105711 -0.0004271575111455534 0.010288277489611131 -0.010248555922705991 0.011758252154428566 -0.011234938799910837 -0.00041445420114423801 -0.0017763372141671907
leaf_weight=4.2800266444683066 3.4953443482518187 5.4970802664756757 3.5029393211007145 3.5364923328161231 3.0381599143147469 2.3058149665594092 4.0143948495388013 11.145272731781008 2.6672589927911856 4.7580959722399712 8.2924977168440837 3.8466246053576461 2.2893048748373976 14.697971075773237 2.4262018576264381 20.768657177686691 3.3948709815740568 5.2008981630206108 2.0481475815176955 8.6350023001432472 5.5639584064483634 9.8895011842250842 9.1653206795454008 7.9730094671249399 5.1621515750884983 7.3414273262023917 5.8452932387590408 11.058921366930006 221.07542453706264 45.329305619001389
leaf_count=24 23 25 30 27 25 18 28 100 17 43 85 29 18 127 19 182 26 42 17 38 31 48 39 34 24 34 28 50 994 199
internal_value=-7.68147e-05 -0.000992142 0.00304101 -0.000673224 0.00186419 -0.00636593 0.00417509 0.00495732 0.00471289 -0.000195195 0.00559722 0.00231715 0.0043093 0.00612367 0.0060972 0.00750284 0.00437346 -0.000405721 0.00840782 -0.0011212 -0.00323553 -0.00425188 -0.00195407 0.000208549 0.0037544 -0.000690647 0.00460255 -0.00757224 -0.000915217 -0.00299336
internal_weight=448.245 346.816 101.429 23.5287 19.9922 5.34397 77.9003 14.6482 74.4049 11.1987 63.2062 23.5012 19.6545 17.3652 7.1843 39.7051 18.9364 8.59577 10.3406 342.536 57.4479 51.8839 30.9355 21.7702 13.1352 285.089 11.3424 20.9484 273.746 52.6707
internal_count=2424 1568 856 200 173 43 656 130 633 90 543 191 162 144 62 352 170 68 102 1544 264 233 135 96 58 1280 53 98 1227 233
is_linear=0
shrinkage=0.01


Tree=199
num_leaves=31
num_cat=0
split_feature=37 38 3 26 27 7 37 29 29 34 7 38 17 46 39 34 27 44 46 27 27 2 1 27 38 7 23 37 26 33
split_gain=15.498 4.9385 5.96103 5.14235 5.09535 7.15237 4.9365 5.01331 4.47964 5.50051 5.91858 5.85106 5.39332 5.7222 5.20427 4.04744 4.01558 4.49307 4.5336 3.92346 4.85422 3.87016 4.6297 3.8405 3.64748 3.54916 3.61614 8.6186 3.62233 3.40136
threshold=0.85588966133151145 1.1766577304395884 65.956329345703139 0.99975788593292247 0.025617944076657299 29.950387001037601 0.98226045067042189 0.28550000488758093 0.43549999594688421 0.70397678017616283 55.137796401977546 0.43349448892972581 -0.5617450177669524 2.0328354706436739e-07 0.91421568627450989 0.7345266342163087 0.02511626482009888 -0.94565473136925415 7.2836143582878106e-08 0.024600026197731498 0.024268969893455509 3795.4301757812505 0.38131700456142431 0.025179612450301651 1.2997453206739757 23.382393836975101 2.8623635768890385 0.95648319474691723 0.99969878792762767 0.79106223583221447
decision_type=2 2 2 2 2 2 2 2 2 2 2 2 2 2 2 2 2 2 2 2 2 2 2 2 2 2 2 2 2 2
left_child=1 2 4 -4 5 16 7 21 9 10 -6 15 14 -14 -10 -11 19 18 -18 20 29 22 24 -7 25 -2 28 -28 -27 -1
right_child=6 -3 3 -5 8 23 -8 -9 12 11 -12 -13 13 -15 -16 -17 17 -19 -20 -21 -22 -23 -24 -25 -26 26 27 -29 -30 -31
leaf_value=-0.00040914111645720821 -0.0085815950968771045 0.0084316704466561483 -0.015653639241221984 -0.0020362376644943942 -0.0092194601760128957 0.0086959363642525565 0.0080445697593741657 0.0048214156379116314 0.012050736162776092 0.0037720217828291548 -0.0020481747328914154 -0.010857105337700665 0.0013919139457353477 -0.0075672323950006443 -0.0013437377056923609 -0.0062437800595049756 0.015404527712919383 -0.0035100802717037416 0.0020456100673502862 -0.00923819905359171 0.0081529057406605036 -0.010384623196080973 -0.00679750939552264 6.1780485391573636e-05 0.011298642992679051 -0.0015644641903001211 0.0040314051891883664 -0.017366324497539713 0.0093680210635540898 -0.0052691949407458229
leaf_weight=137.88161930441856 3.1644335836172166 5.5793187618255606 4.9229360669851285 6.7158007770776749 25.124792844057083 14.218258067965509 20.411237426102161 44.102328479290009 6.3738198429346067 18.952508300542839 22.087867349386215 4.3399130553007117 18.811587572097782 11.229817867279051 5.0021170675754547 4.9701602160930625 4.6450419723987562 4.6671019941568366 5.9824369698762894 5.328784927725791 6.0080672204494467 3.2465928420424452 6.3123861551284781 8.4165945649147016 4.0347305983304969 4.2663007155060795 6.0651155337691289 2.5904254466295242 9.1056381985545141 16.080224812030792
leaf_count=615 19 30 23 31 114 72 245 345 30 84 101 20 83 49 21 22 21 22 26 23 25 19 36 38 33 33 42 20 77 70
internal_value=0.000238072 -0.000797464 -0.000958181 -0.00796558 -0.000697879 0.000254647 0.00362694 0.00251866 -0.00236128 -0.00381075 -0.00589702 -0.000281889 0.000258839 -0.00193793 0.00611352 0.00163219 -0.000405438 0.0044694 0.00806689 -0.000864967 -0.0005742 -7.97105e-05 0.000860111 0.00554377 0.00256565 0.00108829 0.00255515 -0.00238349 0.00582007 -0.000926321
internal_weight=440.638 337.339 331.759 11.6387 320.121 203.228 103.299 82.888 116.893 75.4752 47.2127 28.2626 41.4173 30.0414 11.3759 23.9227 180.593 15.2946 10.6275 165.299 159.97 38.7856 35.539 22.6349 29.2266 25.1919 22.0275 8.65554 13.3719 153.962
internal_count=2389 1520 1490 54 1436 912 869 624 524 341 215 126 183 132 51 106 802 69 47 733 710 279 260 110 224 191 172 62 110 685
is_linear=0
shrinkage=0.01


Tree=200
num_leaves=31
num_cat=0
split_feature=37 44 38 29 1 38 44 44 3 38 27 29 38 33 29 38 38 33 25 11 38 13 4 37 27 2 25 29 25 30
split_gain=17.1583 5.16382 4.44923 4.24778 4.83154 4.51111 4.46813 4.07437 4.59351 4.92176 4.20506 5.21474 3.93775 3.87845 3.79522 3.7195 6.33554 4.56085 3.85068 4.15358 3.39783 3.16026 5.56161 4.34892 3.95534 3.36887 6.53325 4.87272 4.50759 3.79148
threshold=0.83739519381455718 -3.487979430246241 -3.330004926002434 1.6954999566078188 -0.15377149730920789 0.22250967692548379 -1.003568930014241 -0.36623733278069942 43.559270858764656 0.77809425911184338 0.020643461495637897 0.24450000375509265 -1.5274733938292093 0.40577584505081182 0.18050000071525577 -1.693914281907557 -1.8436286080767224 0.28316020965576177 0.0005307241517584772 1.0000000180025095e-35 -2.3232558613868597 -0.0025395000702701505 -1010.7378540039061 0.79696439844135514 0.027532018721103672 3654.2211914062505 0.0043154528830200442 0.51250001788139354 0.0006339139654301108 0.025139288976788524
decision_type=2 2 2 2 2 2 2 2 2 2 2 2 2 2 2 2 2 2 2 2 2 2 2 2 2 2 2 2 2 2
left_child=1 -1 -3 4 6 -6 -2 14 10 -10 -9 -12 15 -13 -7 16 18 -18 -4 20 -20 23 24 -14 25 26 28 29 -23 -27
right_child=3 2 12 -5 5 7 -8 8 9 -11 11 13 21 -15 -16 -17 17 -19 19 -21 -22 22 -24 -25 -26 27 -28 -29 -30 -31
leaf_value=0.012519723231681178 -0.0010570686008025561 0.0060154132830281684 0.003785546098478526 -0.0091336483532749157 0.011823823554198793 -0.0041295207286407391 0.0068737518528705337 0.0073872589044872271 -0.016367609986657362 -0.00094051479894937274 -0.011897961359427261 -0.0024176488255644893 -0.0018429745543813085 0.0078736036289738208 0.00692967696565554 -0.008926938818490094 0.010302581634336443 -0.0029334841520042964 0.0041905051681623987 -0.0092687357766908854 -0.0052871403861284505 -0.0018439124961037543 -0.0020277254916972656 -0.010327276233691157 -0.0054826605417714796 0.00040294742988696979 -0.006051856810454016 0.0085108011115234417 0.0086938792807369075 -0.0088473270019903752
leaf_weight=2.5748044550418845 8.1203399300575239 7.7483095675706855 4.6868341714143744 2.5862434506416312 3.8372243344783774 3.7598441094160107 45.925075091421604 7.0334556028246906 3.5790800750255567 5.0946281626820564 3.8224801868200329 11.028818987309934 99.056185990571976 5.3210797458887091 14.330754451453684 11.863809257745741 5.6165290027856809 4.5511450469493866 5.4965921491384533 16.56610281765461 11.178411826491354 4.7458832561969819 77.190960004925728 6.4172186851501456 6.6916812658309928 27.704303234815598 4.4773262143135062 6.2663882672786704 22.124003171920776 5.1381015032529822
leaf_count=15 61 33 20 16 26 25 435 59 22 39 21 76 431 42 104 55 24 21 24 76 51 21 343 28 29 126 20 30 113 22
internal_value=-0.000124405 -0.0012834 -0.00139875 0.00320813 0.00351033 0.00147332 0.00566392 0.000698404 -0.00123121 -0.00753426 0.000761926 -0.00152383 -0.00158335 0.000898356 0.00456616 -0.00389748 -0.00262015 0.00430973 -0.00451065 -0.00571822 -0.00209705 -0.00104416 -0.000125239 -0.00237794 0.00176553 0.00247491 0.00491541 0.000485696 0.00679563 -0.00103634
internal_weight=444.534 330.095 327.52 114.439 111.853 57.8074 54.0454 53.9701 35.8795 8.67371 27.2058 20.1724 319.771 16.3499 18.0906 59.9594 48.0956 10.1677 37.9279 33.2411 16.675 259.812 154.339 105.473 77.1477 70.456 31.3472 39.1088 26.8699 32.8424
internal_count=2408 1482 1467 926 910 414 496 388 259 61 198 139 1434 118 129 271 216 45 171 151 75 1163 704 459 361 332 154 178 134 148
is_linear=0
shrinkage=0.01


Tree=201
num_leaves=31
num_cat=0
split_feature=37 6 31 38 8 27 27 3 3 30 39 39 37 25 26 30 27 38 0 21 25 27 18 10 29 37 38 38 29 41
split_gain=11.4622 6.22371 5.98419 5.67415 9.71215 5.54239 4.66293 6.67248 4.78277 3.90242 6.12624 5.14272 4.93892 3.63487 3.76825 3.66075 3.77222 7.61849 8.76006 4.81414 4.29299 3.97858 4.31922 3.26778 3.11895 8.19996 3.10213 3.08542 3.75376 3.16945
threshold=0.9605884686436067 0.056751500815153129 0.01900465972721577 1.1856411750187019 2.6144729852676396 0.018895236775279049 0.026706671342253688 32.353176116943366 65.956329345703139 0.038848284631967551 0.035353535353535366 0.36602870813397131 0.63561832395545115 0.0014143140870146456 0.99733999371528637 -0.059367904439568513 0.026918298564851287 -1.5686996362822641 1.492280960083008 0.71095001697540294 0.0028031319379806523 0.027532018721103672 0.59389400482177745 -9.0355954170227033 0.3275000005960465 0.98226045067042189 -2.8030649757936845 -0.75772547218459374 0.075500000268220915 0.64329019188880932
decision_type=2 2 2 2 2 2 2 2 2 2 2 2 2 2 2 2 2 2 2 2 2 2 2 2 2 2 2 2 2 2
left_child=2 -2 5 24 -5 -1 7 -7 9 26 -11 -12 -13 -8 -15 -16 19 -18 21 23 -20 22 -19 -17 25 -3 -9 29 -29 -28
right_child=1 3 -4 4 -6 6 13 8 -10 10 11 12 -14 14 15 16 17 18 20 -21 -22 -23 -24 -25 -26 -27 27 28 -30 -31
leaf_value=0.0093747395534866159 0.0090187804797280374 -0.014130772191272718 0.0089960569792192843 0.0067728809117481728 -0.018771846048681342 0.0071160287089378198 -0.010129391078511586 0.0066232224175262382 -0.0066596352192525941 0.0037570726151338768 -0.015135404854115235 -0.008234502768791202 0.0052848568526585524 -0.010648010558339836 -0.012222967099303652 -0.006102475125577371 0.0099726966623084924 0.010669988180447015 -0.012443468737007949 -0.012113436628205234 -0.0014895978846826926 -0.003118214887973752 -0.0014271470505715931 0.0058094197663979613 0.0078589955768735061 0.010327175869188906 0.0019465190008963326 -0.0077267720117319607 0.00085618896677017002 -0.0026868056799616976
leaf_weight=5.3275395631790152 20.124784544110298 2.588768512010577 6.4293634295463553 2.5951762273907653 3.1544973105192184 11.649892665445803 6.6788066029548636 6.8655108958482733 12.250745818018911 6.7452197074890163 5.6574498564004925 7.3655103296041471 4.0603710263967514 4.9880292415618888 3.0011310577392569 4.8785207271575919 7.0174134373664847 8.0924286842346209 7.5105977803468686 6.0390780046582213 7.2491156458854675 6.5799822658300391 4.3701065480709067 4.1588389426469794 9.5108329430222494 2.6757642179727554 18.490995839238167 5.1305383443832389 175.94696318358183 68.334972128272057
leaf_count=33 238 21 29 27 24 77 32 29 57 32 27 31 23 22 14 23 30 44 33 28 31 29 21 20 103 31 81 23 904 299
internal_value=1.65708e-05 0.00507406 -0.000489934 0.0011328 -0.00715233 -0.000647751 -0.000788488 -0.00027522 -0.000557642 -0.000301799 -0.00417539 -0.0073693 -0.00333925 -0.00311642 -0.00235294 -0.00161662 -0.00100848 0.000550697 -0.00139948 -0.00527168 -0.00717709 0.00304056 0.00637082 -0.000507796 0.00445051 -0.00155252 3.18867e-05 -0.000135705 0.000603355 -0.00168746
internal_weight=445.469 40.6498 404.819 20.525 5.74967 398.39 393.062 322.498 310.848 298.598 23.8286 17.0833 11.4259 70.564 63.8852 58.8972 55.8961 40.8196 33.8022 15.0764 14.7597 19.0425 12.4625 9.03736 14.7754 5.26453 274.769 267.903 181.078 86.826
internal_count=2416 444 1972 206 51 1943 1910 1583 1506 1449 113 81 54 327 295 273 259 188 158 71 64 94 65 43 155 52 1336 1307 927 380
is_linear=0
shrinkage=0.01


Tree=202
num_leaves=31
num_cat=0
split_feature=37 4 44 46 37 46 39 26 26 1 27 44 34 32 37 13 25 38 38 44 44 44 6 46 27 18 25 4 23 37
split_gain=12.6255 4.87194 5.0045 4.33974 4.45501 4.11939 3.95329 4.22588 5.04798 3.82074 3.70023 5.56688 7.59143 4.61919 4.03578 3.70658 3.63858 3.74087 3.60608 4.96213 3.58478 4.62436 4.45509 3.88166 3.4863 3.59252 3.26783 3.18332 3.25949 5.28169
threshold=0.86344190732857673 1409.8919677734377 -3.1551613232378553 3.926531045794213e-07 0.98366682711739506 9.3940131562961911e-08 0.055555555555555559 1.0002808570861819 1.0015100836753847 0.38131700456142431 0.020005736500024799 -1.7189818992387853 0.69024667143821727 0.014469468034803869 0.2375684916372196 -0.19225449860095975 0.00046278245281428104 -1.5923159194394676 -0.85260224957851027 1.5635983061108172 -1.003568930014241 -0.78780868747331545 0.05413199961185456 6.4889612453902036e-08 0.02049451228231192 0.67799499630928051 0.0044218602124601611 -3993.582397460937 2.8623635768890385 0.93307112998863206
decision_type=2 2 2 2 2 2 2 2 2 2 2 2 2 2 2 2 2 2 2 2 2 2 2 2 2 2 2 2 2 2
left_child=1 2 -1 4 5 9 7 -7 -9 27 16 12 -12 14 20 18 -4 -18 -16 24 -13 -22 -23 -24 -20 -26 -8 -2 -29 -30
right_child=3 -3 10 -5 -6 6 26 8 -10 -11 11 13 -14 -15 15 -17 17 -19 19 -21 21 22 23 -25 25 -27 -28 28 29 -31
leaf_value=0.0083846096810403243 -0.004624412910472899 0.0084630924741052778 0.0031670001810755895 -0.0057831390635688183 0.0085276240204723904 0.0073034280105434765 0.0089277312837835916 -0.012318370418258609 0.0048955326831559122 -0.0074961472687365173 0.013577654714409179 -0.011019891737893937 -0.00035746185694394159 -0.0096726798532085732 0.0021455205292399632 0.00070227146155135245 -0.013031690784011016 -0.0034636924644684459 0.0033283104127491314 -0.013772775021822123 0.0067422153709779413 -0.00021512184557174359 -0.010543048273271613 -0.0026144610860711548 -0.011906050429218201 -0.0012465943638639199 0.00035401197028592821 0.0058799984153949363 0.0070622342225678189 -0.0079470942075275924
leaf_weight=5.665526255965232 6.1754234135150901 5.6163466423749915 6.9798039942979804 4.7324692308902732 16.94792428612709 4.7007569745182973 21.65391414612532 3.8645185455679893 2.8102494180202484 5.1102229729294768 6.342528522014617 4.9101788997650138 9.5901884585618955 5.7678912729024878 9.8582727164030057 157.03869985044003 4.5873373746871939 40.816645458340645 6.4481260627508226 5.0023763030767432 5.1900732964277259 28.272707387804985 10.887081652879717 15.344559431076048 5.2525787800550452 8.3916575014591199 5.9073553681373587 16.898817241191868 3.9969888404011709 5.3166598677635193
leaf_count=31 41 27 30 30 213 38 181 26 19 29 29 22 41 25 42 715 21 184 29 21 23 127 53 69 22 36 45 142 27 40
internal_value=0.000228671 -0.000676343 -0.000834396 0.00339059 0.00387188 0.0028167 0.00509295 4.12004e-05 -0.00495798 0.000419262 -0.000997855 -0.00053408 0.00517757 -0.000886585 -0.0006815 4.12631e-05 -0.00343696 -0.00447887 -0.00289355 -0.00491346 -0.00284161 -0.00213487 -0.00300929 -0.00597063 -0.00260096 -0.00547966 0.00713415 0.00171818 0.00326234 -0.00139296
internal_weight=440.078 341.963 336.346 98.1153 93.3828 76.4349 38.9368 11.3755 6.67477 37.4981 330.681 278.297 15.9327 262.364 256.596 191.992 52.3838 45.404 34.953 25.0947 64.6046 59.6944 54.5043 26.2316 20.0924 13.6442 27.5613 32.3879 26.2125 9.31365
internal_count=2378 1547 1520 831 801 588 309 83 45 279 1489 1254 70 1184 1159 865 235 205 150 108 294 272 249 122 87 58 226 250 209 67
is_linear=0
shrinkage=0.01


Tree=203
num_leaves=31
num_cat=0
split_feature=37 44 9 8 37 38 27 27 39 33 14 9 33 46 27 23 29 29 33 7 29 44 34 27 38 34 28 38 28 33
split_gain=14.4367 4.57339 4.28317 5.52714 4.00256 5.38581 3.8113 5.26593 3.36076 3.25766 3.12918 3.20448 3.8724 3.02498 4.767 4.6213 4.41777 6.23988 4.77341 4.42415 3.00389 4.27963 2.86397 2.83357 2.68371 9.29021 3.92268 3.60791 3.36367 5.94054
threshold=0.85588966133151145 -3.487979430246241 0.38069950044155126 3.0767829418182377 0.1187286690518255 -3.330004926002434 0.018895236775279049 0.025259153917431835 0.68181818181818199 0.040893530473113067 -0.34870199859142298 0.39948000013828283 0.27630662918090826 7.0759969544738654e-08 0.020347802899777893 -4.8774099349975577 0.15550000220537188 0.17650000005960467 0.24257907271385196 27.90232086181641 0.67249998450279247 0.16514570788816299 0.62309968471527111 0.02066031284630299 -1.8436286080767224 0.67099624872207653 -0.039342842996120446 -1.693914281907557 -0.73211088776588429 0.50829988718032848
decision_type=2 2 2 2 2 2 2 2 2 2 2 2 2 2 2 2 2 2 2 2 2 2 2 2 2 2 2 2 2 2
left_child=1 -1 13 9 10 -6 -5 -8 -9 -4 -3 12 -12 16 -15 20 18 -18 -2 -19 21 -16 -14 -17 25 26 -7 -26 29 -29
right_child=2 4 3 6 5 24 7 8 -10 -11 11 -13 22 14 15 23 17 19 -20 -21 -22 -23 -24 -25 27 -27 -28 28 -30 -31
leaf_value=0.012299550402484505 -0.0064120333313723663 -0.012933646279494051 -0.0018094009596975756 0.0059710664350825773 0.0096951892925935951 -0.0025296494256004005 -0.01580435358423261 -0.0058665325887517416 0.010414142215580369 0.0080705460153392746 -0.00044254638211475074 0.0045134185275635466 -0.00048678644954790694 0.010335742046024013 -0.0046956345028867398 -0.011246865811297913 -0.018360493628725327 0.0078495103477240671 0.0083530156298131496 -0.0091799423781558902 -0.0042697254358810624 0.008570925113204066 -0.0095236020870199181 0.00077608190499621726 0.0065337725698117275 -0.0088777367345588207 0.010176815063901666 0.0067343081131251859 -0.0010254028166212844 -0.0052995494175376249
leaf_weight=2.4815980195999137 3.344684377312662 3.4771745651960364 3.4601294621825209 5.5039567574858648 4.8703183233737937 4.7039535343647003 2.7087461873888969 2.7364822179079056 2.163576677441597 36.302119538187981 16.262039944529533 4.7493973523378363 5.0298808813095119 6.9745954871177664 2.9015511274337795 3.9490082785487202 3.0577030405402166 2.8651663511991501 5.7439409047365189 3.0196638479828835 3.5136577263474456 11.502568341791628 13.755218490958212 3.4965580403804779 6.9820250868797293 14.896621406078337 4.6631913036108035 14.102766856551172 237.01485896110535 5.5937489420175543
leaf_count=15 19 18 29 48 21 20 18 23 22 369 73 21 24 58 22 24 19 23 46 18 25 87 69 24 30 66 20 67 1062 25
internal_value=6.4927e-05 -0.000931067 0.00333864 0.00532982 -0.00103536 -0.000611143 -0.000226745 -0.00485906 0.00118656 0.00718332 -0.00387489 -0.00302789 -0.00408823 0.00122217 0.00306108 0.000988629 -0.00201935 -0.0070047 0.00279989 -0.000729048 0.00376968 0.00581563 -0.00717225 -0.00553271 -0.000792234 -0.0039737 0.00373099 -0.000494305 -0.000691818 0.00325671
internal_weight=441.827 338.583 103.244 52.875 336.101 292.827 13.1128 7.60881 4.90006 39.7622 43.2737 39.7965 35.0471 50.3691 32.3379 25.3633 18.0312 8.94253 9.08863 5.88483 17.9178 14.4041 18.7851 7.44557 287.957 24.2638 9.36714 263.693 256.711 19.6965
internal_count=2405 1531 874 509 1516 1311 111 63 45 398 205 187 166 365 240 182 125 60 65 41 134 109 93 48 1290 106 40 1184 1154 92
is_linear=0
shrinkage=0.01


Tree=204
num_leaves=31
num_cat=0
split_feature=38 22 46 46 33 27 3 29 8 34 46 13 30 29 7 29 8 1 27 29 33 38 14 27 18 3 27 39 46 38
split_gain=8.69534 7.33048 8.31758 5.36796 4.95016 8.88863 6.85039 4.89388 4.29521 3.9201 4.86405 3.84616 4.05062 4.09323 3.94469 4.63828 3.36553 3.3237 4.06977 5.40287 3.93982 3.30838 3.97419 3.87853 3.28743 3.23391 4.33856 5.76441 3.63618 5.04845
threshold=0.055361534528273741 -3.2404055595397945 3.060747415403664e-07 2.8541565946168398e-08 0.15523530542850497 0.026784881018102173 37.479095458984382 0.069499999284744277 -2.1366945505142207 0.57082179188728344 7.4780127609573278e-08 0.57008549571037304 0.0028327578911557798 0.1604999974370003 24.139434814453129 0.42350000143051153 2.4334089756011967 -0.15377149730920789 0.020237275399267677 0.75049999356269848 0.49182736873626715 0.50732722526949681 0.0059585000853985557 0.0258649280294776 0.83006951212883007 65.956329345703139 0.020166520029306415 0.31446039340776188 7.0375729397393479e-08 -0.14814435224949152
decision_type=2 2 2 2 2 2 2 2 2 2 2 2 2 2 2 2 2 2 2 2 2 2 2 2 2 2 2 2 2 2
left_child=7 17 3 -3 6 8 -5 -1 -6 -10 21 12 13 -8 -15 -16 -14 -2 -19 20 -20 -11 23 24 -23 26 27 -9 29 -28
right_child=1 2 -4 4 5 -7 11 25 9 10 -12 -13 16 14 15 -17 -18 18 19 -21 -22 22 -24 -25 -26 -27 28 -29 -30 -31
leaf_value=0.0080486745769185394 0.0073616635544636946 -0.010502606995471134 -0.0083195300059126596 0.0074279220291111371 -0.0035811407835215185 -0.009086462799277913 -0.012282007809289081 5.5514535753722633e-05 -0.0036278227458820538 0.0063369563418386263 0.0071834331540102103 0.0061535247137827747 -0.0039674265808867177 -0.0073640040831785478 0.0088072725637585135 -0.0034067674566575718 -0.016250723502332361 0.011093014077724023 -0.006300507074213744 0.010096662760856061 0.0054448182180261836 0.0070406805749031413 -0.0061481295418692487 -0.0062749091303396943 -0.0030235566443403477 -0.0074899871627661175 -0.0026734843101949382 0.010817338144316192 -0.00071244599742897733 -0.011472256828455159
leaf_weight=5.3776994049549094 26.24656081199646 3.7654465213417998 9.9294499829411489 6.9265887737274161 7.877740003168582 5.9530021026730529 3.1586982384324136 27.458490312099457 5.9838338121771804 13.037740454077719 38.687666073441505 3.578643210232257 5.0374508798122388 5.0914732962846783 6.4712839499115926 5.6771227121353149 4.4966407045722008 3.9111623615026501 10.092034794390203 3.9628247618675223 3.7961853295564643 12.905838772654542 7.119267411530017 3.9461772590875617 4.1021812856197348 8.6201441287994367 68.631741866469383 6.0318741500377646 116.42236160486937 7.2357633709907523
leaf_count=23 244 20 48 43 47 35 15 120 36 67 273 19 29 25 44 29 21 40 60 28 25 94 45 24 19 42 308 37 516 31
internal_value=1.62141e-05 0.00154791 0.000474384 0.00109384 0.00142004 0.00262082 -0.00151244 -0.00126853 0.00338449 0.00403924 0.0046305 -0.00340672 -0.00459968 -0.00200305 -2.09087e-06 0.00303662 -0.00997304 0.0049569 0.00199046 0 -0.0030026 0.0021922 0.000216162 0.00244488 0.00455134 -0.00148989 -0.00125317 0.00205001 -0.00183444 -0.00353982
internal_weight=441.533 201.755 153.746 143.817 140.051 99.6134 40.4379 239.778 93.6604 85.7827 79.7989 33.5113 29.9327 20.3986 17.2399 12.1484 9.53409 48.0088 21.7622 17.851 13.8882 41.1112 28.0735 20.9542 17.008 234.4 225.78 33.4904 192.29 75.8675
internal_count=2407 1330 933 885 865 640 225 1077 605 558 522 182 163 113 98 73 50 397 153 113 85 249 182 137 113 1054 1012 157 855 339
is_linear=0
shrinkage=0.01


Tree=205
num_leaves=31
num_cat=0
split_feature=38 1 27 39 10 39 39 1 13 30 3 10 44 27 27 27 44 27 25 27 27 46 27 6 44 29 34 34 27 33
split_gain=8.38529 5.45545 5.93173 5.73661 5.16915 5.10092 4.14431 4.53226 4.12934 6.48053 8.83444 5.0856 4.78976 4.53166 6.73091 7.78778 6.61098 6.66841 5.65795 5.86018 4.51416 4.48217 4.89236 5.74695 4.3969 8.21382 7.29168 5.95137 5.37147 4.82282
threshold=1.1566280586262259 -0.28113849461078638 0.026691175065934662 0.015151515151515154 -3.334458470344543 0.30151515151515157 0.76845376845376856 -0.77506297826766957 0.0038015000754967336 -0.0037662478862330313 43.959177017211921 -0.49188499152660364 -0.41229946448904514 0.025197686627507213 0.020524285733699802 0.020206931047141555 -0.86932500740233909 0.026417855173349384 0.001252645568456501 0.024826308712363247 0.025303635746240619 6.2319845681199962e-08 0.020554283633828167 0.049659000709652908 2.2038147186390806 0.61950001120567333 0.61160486936569225 0.61585524678230297 0.023013320751488212 0.054816154763102538
decision_type=2 2 2 2 2 2 2 2 2 2 2 2 2 2 2 2 2 2 2 2 2 2 2 2 2 2 2 2 2 2
left_child=1 2 4 -4 -1 -5 7 -6 11 10 -10 21 20 14 15 -13 -15 -18 -16 -20 -12 22 23 -3 25 26 -11 -28 -26 -29
right_child=-2 8 3 5 6 -7 -8 -9 9 24 12 13 -14 16 18 -17 17 -19 19 -21 -22 -23 -24 -25 28 -27 27 29 -30 -31
leaf_value=0.0067993524863456806 0.0054093275790587335 0.0055760579500080659 -0.010503660062782683 0.0071614582496085308 -0.0084858324664803843 -0.0032338679456926141 -0.0074286721395734855 0.0046382759873115909 0.0023641059629608218 0.0086376215773824126 -0.0060269866893255053 0.0096705254964549858 -0.011056004145970308 -0.014017076144580504 0.015010011255590804 -0.0063978076029646844 0.0086417213834393495 -0.0047668282122307675 0.01060290371887183 -0.0045670677042206455 0.0035665100539032319 -0.0016369512763338182 -0.010147473988462392 -0.0087606847774286088 -0.012962563648781065 0.010295152323343704 -0.019241790047295693 -0.0060745445883557828 0.0028196438200700459 0.0015569590185137514
leaf_weight=33.068160481750965 33.192222915589809 5.5964777469635028 5.5377252623438862 7.7982312366366413 2.9355193823576036 11.529040999710558 4.8203589841723433 18.20541849732399 23.623751237988472 12.330147124826906 14.652356185019018 4.1126584857702282 10.871048077940939 4.1460117101669338 6.2390832751989391 10.368374601006506 5.6704809665679923 10.281943291425703 4.803929962217806 5.1086642220616341 7.1290393471717826 56.186549790203571 16.008650407195091 5.3429211378097534 4.2239046394824964 11.560036405920981 1.4026382118463505 9.0466276407241804 4.0814419463276863 84.514424398541451
leaf_count=251 267 24 26 41 15 56 28 124 124 64 73 39 48 18 27 51 28 43 27 22 33 255 73 25 21 62 6 43 23 428
internal_value=0.000585708 0.000182894 0.00245083 -0.00161269 0.00417925 0.000924271 0.00079025 0.00273748 -0.000414182 0.000556165 -0.00225876 -0.00175073 -0.0056309 0.000727557 0.00316019 -0.00173074 -0.00292789 0 0.00759043 0.00271734 -0.00283939 -0.00327412 -0.00663197 -0.00135151 0.00181061 0.00230909 0.00143056 0.000476167 -0.00514657 0.000802677
internal_weight=434.388 401.196 83.8945 24.865 59.0295 19.3273 25.9613 21.1409 317.301 183.435 56.2762 133.866 32.6524 50.7311 30.6327 14.481 20.0984 15.9524 16.1517 9.91259 21.7814 83.1346 26.948 10.9394 127.159 118.854 107.294 94.9637 8.30535 93.5611
internal_count=2365 2098 541 123 418 97 167 139 1557 925 278 632 154 255 166 90 89 71 76 49 106 377 122 49 647 603 541 477 44 471
is_linear=0
shrinkage=0.01


Tree=206
num_leaves=31
num_cat=0
split_feature=46 46 27 23 28 39 34 9 22 34 29 34 46 34 29 44 44 29 27 7 7 30 20 44 23 8 11 27 39 25
split_gain=5.07193 6.02218 6.73498 6.45293 6.39703 6.26882 6.27328 6.64168 6.19878 6.6918 6.31772 5.92079 5.65276 5.2552 4.9383 4.82115 4.50485 4.1865 4.04462 5.75684 4.84106 3.94842 3.90549 3.77231 6.38846 6.35799 3.92944 3.74672 3.71602 3.66741
threshold=3.6463632330573428e-07 1.0075760543167779e-07 0.018895236775279049 8.8054957389831561 0.82698044180870067 1.0000000180025095e-35 0.71408444643020641 0.38430349528789526 -0.37281650304794306 0.68221554160118114 0.30349999666213995 0.57082179188728344 7.0375729397393479e-08 0.69616511464118969 1.4010000228881838 1.4912304625992321 -2.4428728728143443 0.29150000214576727 0.026784881018102173 34.813978195190437 48.380487442016609 0.00093543832190334808 -1.6826924681663511 -0.25349398167700543 4.341144561767579 -0.18540800362825391 -1.0000000180025095e-35 0.026180064305663112 0.76845376845376856 0.0024355531204491858
decision_type=2 2 2 2 2 2 2 2 2 2 2 2 2 2 2 2 2 2 2 2 2 2 2 2 2 2 2 2 2 2
left_child=1 2 -1 4 18 11 8 -8 10 -10 12 -4 15 -11 -2 -7 -5 22 19 29 -20 -15 -13 24 26 -25 -24 -16 -9 -3
right_child=14 3 5 16 -6 6 7 28 9 13 -12 17 -14 21 27 -17 -18 -19 20 -21 -22 -23 23 25 -26 -27 -28 -29 -30 -31
leaf_value=0.011802709794435706 -0.0099568636114181711 0.005572634696577392 -0.0074915910569095471 0.0049572013978305589 -0.0065692324561539466 0.0021282069759445414 -0.0093678550354749889 -0.0043216990288111904 -0.0068604421144311967 0.0081080597115228154 -0.004971120412432267 -0.0087669196299665526 0.0082930832811751783 0.0023984997735384947 0.003834838037377779 -0.0095254983143429044 -0.0057994853710063082 0.0076113964993297202 -0.0070520878468405884 0.0084839822628825102 0.0023392287027268104 -0.0096364853944272393 -0.0069961477607696386 0.00041106511538343117 0.0036367833891720923 0.0077981128767296301 -4.5419181072105877e-05 -0.006013034477922269 0.0088104975209088183 0.0010070994459306204
leaf_weight=4.3233316242694846 9.1255454644560832 30.259781576693058 7.6735594794154158 4.9973448887467411 6.6955134645104399 26.427422992885116 20.439882904291157 5.1245440170168859 27.261094838380814 6.5121952667832401 12.710690587759016 3.8896309733390799 13.73849295824766 5.6034858152270299 8.3103359043598157 3.9877859503030768 15.592008255422114 10.194860510528086 7.0298524647951153 25.066789463162422 23.682910479605198 4.9859365597367287 15.227614954113955 30.374865680932999 22.180947542190552 19.133269988000393 17.955859817564491 7.0021099746227256 3.5350415408611298 43.584315329790115
leaf_count=35 42 181 38 28 33 158 92 32 147 34 63 25 77 30 42 23 71 51 31 196 120 24 67 157 110 107 87 31 23 257
internal_value=0.000244846 0.000506135 -0.00042068 0.0020551 0.00284714 -0.000634741 -0.00217591 -0.00626611 -0.000985224 -0.00378807 0.00118667 0.000943988 0.00298916 0.00106277 -0.00416947 0.000541292 -0.003129 0.00150238 0.00334593 0.00432976 0.000141283 -0.00321166 0.000914094 0.00129069 -0.00048722 0.00329604 -0.00327653 -0.000613333 0.000964386 0.00289649
internal_weight=442.627 418.189 261.281 156.909 136.319 256.957 130.327 29.0995 101.227 44.3627 56.8644 126.631 44.1537 17.1016 24.438 30.4152 20.5894 118.957 129.624 98.9109 30.7128 10.5894 108.762 104.873 55.3644 49.5081 33.1835 15.3124 8.65959 73.8441
internal_count=2412 2297 1380 917 818 1345 703 147 556 235 321 642 258 88 115 181 99 604 785 634 151 54 553 528 264 264 154 73 55 438
is_linear=0
shrinkage=0.01


Tree=207
num_leaves=31
num_cat=0
split_feature=37 37 33 39 25 44 3 25 44 23 17 44 38 44 44 3 33 9 39 9 30 23 30 29 10 44 44 44 37 1
split_gain=11.4132 4.51558 6.36486 7.70037 5.55264 4.75816 7.12863 5.04799 4.27323 5.16719 6.14546 4.14658 5.69278 3.89718 4.65227 4.90914 6.45794 3.80556 3.91536 5.19471 5.29629 5.62366 5.1746 5.00017 4.98908 4.7241 4.20656 5.44121 3.94565 3.789
threshold=0.97718315352418672 0.2375684916372196 0.24070694297552112 0.065656565656565677 0.0019064929219894113 1.0246421945486428 44.954353332519538 0.0012304250849410894 -1.5521823723640245 -21.019722938537594 1.0000000180025095e-35 -0.85985650046269535 -1.1453729230689047 3.2307915513172936 2.2038147186390806 31.198238372802738 0.30500392615795141 0.52679699659347545 0.74376899696048648 0.38267450034618383 0.072810765355825438 0.81759399175643932 0.0036706668324768548 0.60749998688697826 1.5908929705619814 1.3216008025358474 1.2046597423041503 -2.8018245202483523 0.85025590610701507 -0.33359099924564356
decision_type=2 2 2 2 2 2 2 2 2 2 2 2 2 2 2 2 2 2 2 2 2 2 2 2 2 2 2 2 2 2
left_child=1 2 3 4 -1 6 7 -4 -2 10 -10 12 -8 14 17 -16 -17 18 19 20 21 -3 25 24 -23 28 27 -20 -21 -29
right_child=8 13 5 -5 -6 -7 11 -9 9 -11 -12 -13 -14 -15 15 16 -18 -19 26 22 -22 23 -24 -25 -26 -27 -28 29 -30 -31
leaf_value=0.0095129390026740465 -0.0049115210398351676 0.0011286990793491099 -0.0032427395122827667 -0.0036568820052346358 -0.0022914747179967427 -0.010452603439592159 0.0039252460912400635 0.009583896894912073 0.007746547264806251 0.010276323926190219 -0.012569042250336568 -0.0095694173758695909 -0.01046449002329999 0.0071085208001168566 0.0018118776164738574 -0.0029387845004624612 -0.018457231938427833 0.0087501884141149948 0.0063253842845999364 -0.00064680665341876168 -0.010789673488899053 -0.0017244637937005062 0.0062069723648869859 0.0055997574018519895 -0.0081703960373722458 -0.0098465646196251293 0.0031635737101570268 0.00064521325918739003 0.0064086832442469925 -0.0089275350151795177
leaf_weight=11.172783926129343 2.9520849511027363 115.41932291537523 5.9637424200773221 20.795214667916298 5.9295261800289145 12.205120518803595 7.1194445192813873 5.9802654087543488 3.5693340525031116 17.447474844753742 2.4003938362002373 15.009678721427919 4.305491626262663 7.1585264280438414 6.139012016355994 7.1309839487075788 4.4431091547012329 4.7818110808730117 3.439907073974612 24.467793881893158 4.8197642266750327 56.647466264665127 25.604526974260807 7.0587690398097029 15.410077676177023 3.9067352190613738 7.6079950481653205 5.0354988574981716 11.472808361053465 18.758194789290428
leaf_count=48 27 588 28 93 26 58 33 26 44 222 23 73 20 40 37 34 22 31 18 114 22 263 149 32 71 19 45 34 99 85
internal_value=-0.000269213 -0.000674659 -0.00267952 0.000395012 0.00537258 -0.00499894 -0.00321593 0.00312267 0.006095 0.00754004 -0.00032998 -0.00611857 -0.00145451 -0.00013228 -0.000298441 -0.00526574 -0.0090888 -4.50347e-06 -0.00015042 0.000261146 -0.000537419 -0.000272861 0.0027058 -0.002329 -0.00312625 0.000421136 -0.00329887 -0.00514577 0.0015892 -0.00686556
internal_weight=444.153 417.784 88.4813 37.8975 17.1023 50.5837 38.3786 11.944 26.3693 23.4172 5.96973 26.4346 11.4249 329.302 322.144 17.7131 11.5741 304.431 299.649 264.807 199.355 194.536 65.4519 79.1163 72.0575 39.8473 34.8416 27.2336 35.9406 23.7937
internal_count=2424 2108 405 167 74 238 180 54 316 289 67 126 53 1703 1663 93 56 1570 1539 1357 976 954 381 366 334 232 182 137 213 119
is_linear=0
shrinkage=0.01


Tree=208
num_leaves=31
num_cat=0
split_feature=37 38 44 22 34 0 28 33 25 29 37 44 29 46 46 38 29 44 37 26 44 34 21 3 27 37 39 27 8 34
split_gain=11.1386 6.47768 5.03505 5.12119 5.20309 4.31575 6.26419 7.19988 5.12303 7.21032 4.11394 8.42039 5.84599 4.76649 5.38608 4.91625 4.72554 4.72466 5.34296 4.54218 4.13774 4.09948 5.35446 4.62459 4.14491 3.97197 5.14622 3.89132 4.88778 6.93542
threshold=0.6231970345522303 -4.8696769812620992 -2.9202155500791673 3.2781980037689213 0.73595657944679271 -1.8704065084457395 0.41954734921455389 0.82963424921035778 0.0010533145396038892 0.12350000068545343 0.96218455027683458 -1.5521823723640245 0.075500000268220915 5.5024937938931159e-08 6.0738906544677961e-08 1.1766577304395884 1.2680000066757204 -1.8823100257228182 0.79696439844135514 1.000872075557709 -1.3122246047558959 0.69290855526924144 0.054700000211596496 37.479095458984382 0.026826540939509872 0.13883669175100252 0.071067821067821071 0.020200443454086784 -2.9440950155258174 0.71077197790145885
decision_type=2 2 2 2 2 2 2 2 2 2 2 2 2 2 2 2 2 2 2 2 2 2 2 2 2 2 2 2 2 2
left_child=1 -1 -3 5 -5 -4 7 8 9 -7 12 -12 -2 -14 -15 17 -13 18 -16 -17 -19 -22 -23 24 -24 -8 -27 -25 -29 -30
right_child=10 2 3 4 -6 6 25 -9 -10 -11 11 16 13 14 15 19 -18 20 -20 -21 21 22 23 27 -26 26 -28 28 29 -31
leaf_value=0.013124914615576456 -0.011420196097035784 0.0069753390195577596 -0.0066894074670822284 -0.0052640441523483595 0.0048517413042741889 0.0038210583072528655 -0.0096764071878929665 -0.0064348415214123553 0.0035165978069191034 -0.0060657580485016724 -0.0094851710245541267 0.0071937373398527947 0.0046947038357491354 -0.0069699142092077152 5.9249692459869611e-05 0.0090455368521010389 -0.0086487443852753861 0.0097322007725883491 -0.01281119867076492 -0.0027047676375922692 -0.0014837799766788395 0.0097870264835832436 0.0086994308621957308 0.0058472368086294477 -0.00099121297453732887 0.0023347441438836274 -0.0053140134901132653 -0.01365534209600896 0.007524744341459522 -0.0069644261901335202
leaf_weight=2.8395241051912299 3.6348977833986273 6.2383634597063056 12.428956404328344 59.4388377815485 5.3792573362588874 13.313551127910616 8.8257556557655317 11.886723309755324 59.042182624340057 16.142654269933701 3.658349134027957 31.101635165512562 31.950737088918686 9.10277211666107 7.1848787665367109 12.441495180130007 1.8649816662073124 4.9684987068176261 5.534495584666729 4.2484115958213797 52.125703774392605 8.3668041750788671 10.740035191178324 4.7784789875149754 7.126590132713317 14.743081986904143 21.101545840501785 4.0902339816093471 5.3370356932282439 8.2486705854535085
leaf_count=12 17 30 55 263 23 58 43 51 258 72 30 370 177 49 36 86 15 27 28 25 300 47 66 27 34 63 90 18 31 40
internal_value=-6.09864e-05 -0.00158827 -0.0017811 -0.00203435 -0.00440295 -0.00105096 -0.000556666 0.000821779 0.00181391 -0.00156549 0.00156659 0.00462392 0.000936318 0.00120316 0.000420397 0.00093018 0.00624381 0.000203726 -0.00551923 0.00599665 0.000905869 0.000451749 0.00254324 0.000994883 0.00479439 -0.00367162 -0.00214248 -0.00199184 -0.00418827 -0.00118601
internal_weight=447.885 231.38 228.541 222.303 64.8181 157.484 145.055 100.385 88.4984 29.4562 216.505 36.625 179.88 176.245 144.294 135.191 32.9666 118.501 12.7194 16.6899 105.782 100.814 48.6878 40.321 17.8666 44.6704 35.8446 22.4544 17.6759 13.5857
internal_count=2441 1018 1006 976 286 690 635 439 388 130 1423 415 1008 991 814 765 385 654 64 111 590 563 263 216 100 196 153 116 89 71
is_linear=0
shrinkage=0.01


Tree=209
num_leaves=31
num_cat=0
split_feature=37 44 38 1 44 27 2 27 29 44 38 34 46 46 39 26 18 25 18 29 22 29 2 37 28 7 44 44 44 18
split_gain=10.7323 7.90375 9.721 6.97652 5.91432 5.52864 7.77616 5.48172 4.72504 4.67222 4.03166 5.95888 3.73102 3.94019 8.06566 5.69835 5.4893 6.03432 6.91308 4.62645 4.50728 4.03404 3.68066 3.22405 5.65129 8.42292 3.40059 6.82699 4.25882 6.32012
threshold=0.75621612977670383 -1.9425331284228891 1.2024669024629968 -0.50438550114631642 -3.0309317354864791 0.020221595652401451 2740.1733398437505 0.020540393888950351 0.44050000607967382 -2.5523943065914989 0.43349448892972581 0.66789972782135021 3.5108708163778421e-07 1.0397075066896971e-07 0.015151515151515154 1.0010190010070803 0.37212000787258154 0.001809503883123398 0.4919355064630509 0.29950000345706945 -1.217770993709564 0.58449998497962963 3119.596069335938 0.10539046456080788 -0.25313121080398554 25.398866653442386 -1.0676192928428521 -0.85985650046269535 -0.22875800649865921 0.91589850187301647
decision_type=2 2 2 2 2 2 2 2 2 2 2 2 2 2 2 2 2 2 2 2 2 2 2 2 2 2 2 2 2 2
left_child=4 2 -2 -3 -1 8 7 -7 -5 -4 11 -8 13 15 21 16 20 18 -18 -19 -12 -15 -22 24 25 -6 -25 -28 -29 -30
right_child=1 3 9 5 23 6 10 -9 -10 -11 12 -13 -14 14 -16 -17 17 19 -20 -21 22 -23 -24 26 -26 -27 27 28 29 -31
leaf_value=0.0097282407246037771 -0.012067186985184771 0.008119183623552715 0.011831453844971418 0.008612602111518269 0.012121880269457598 -0.015948756012980903 -0.0022953298094752677 -0.00035333183620395034 -0.0060340202534066006 -0.0041495159527301225 -0.0039170848270266992 0.010980099125334221 -0.008272028569199525 0.002491052057694342 0.0075778487670848053 -0.011193635485413833 -0.018458488196566401 0.01207431614481343 -0.0015417690132447578 -0.0039450935427790129 0.0010137326912082099 -0.011395830380355994 0.011679206557125642 -0.0029900199829252573 -0.0069607653476318355 -0.0047332591757043184 0.0074094536491658113 -0.0034781221893209688 -0.00031353045234309816 0.0089244693233818517
leaf_weight=4.917322412133216 8.0155993402004224 22.465827442705631 3.5679658055305472 17.599563673138622 4.5299308300018302 4.1938270404934865 4.8249974623322478 5.0390927493572235 2.3611285835504523 3.452765941619873 4.4549530819058374 10.189153298735617 4.0027520954608908 4.200165122747423 21.055354572832584 4.3397648259997359 3.8494597673416155 3.4438385963439933 6.6549742594361305 3.4679024145007133 5.6743548661470475 3.8466976135969162 8.2478598803281766 54.224830329418182 23.040031880140305 8.0767632573842985 11.13627180457115 40.327249467372894 127.22017751634121 7.7573862075805655
leaf_count=27 40 225 24 149 20 23 27 30 15 23 27 64 24 34 168 27 19 23 43 25 33 28 72 233 112 39 49 171 563 34
internal_value=0.000150809 0.00226524 -0.00457689 0.00301045 -0.00101101 0.00201863 0.0010216 -0.0076393 0.00680878 0.00388375 0.00194664 0.00666074 0.000958832 0.00151809 0.00431639 -0.000491912 0.000805329 -0.00317432 -0.00795098 0.00395247 0.00462776 -0.00408304 0.00744177 -0.00120919 -0.00401859 0.00129229 -0.000787422 -0.000140194 -0.000629439 0.000216204
internal_weight=436.178 154.948 15.0363 139.912 281.23 117.446 97.4851 9.23292 19.9607 7.02073 88.2522 15.0142 73.2381 69.2353 29.1022 40.1331 35.7933 17.4162 10.5044 6.91174 18.3772 8.04686 13.9222 276.313 35.6467 12.6067 240.666 186.441 175.305 134.978
internal_count=2391 1143 87 1056 1248 831 667 53 164 47 614 91 523 499 230 269 242 110 62 48 132 62 105 1221 171 59 1050 817 768 597
is_linear=0
shrinkage=0.01


end of trees

feature_importances:
oof_pred=730
spread_zscore=541
avg_spread=407
oof_pred_zscore_20=407
toxicity_score=329
TF_OU_Theta=296
tick_velocity=291
TF_Hurst=274
hl_ratio=259
co_ratio=226
atr_percentile_100=215
H4_ATR_Ratio=205
OIM=201
AUDJPYc_return=182
H4_RSI_Divergence=166
D1_Ret_1=164
Cross_DXY_Return=148
D1_Body_Ratio=135
D1_RSI_14=121
Derived_Momentum_5D=108
Derived_Momentum_20D=105
H4_Trend_Strength=102
Derived_Days_To_MonthEnd=101
D1_Bollinger_Width=99
D1_ATR_14=81
D1_ADX_14=77
D1_MACD=55
Cross_EURUSD_Return=47
Derived_Weekday_Cos=44
hurst_m5=41
Derived_Weekend_Gap=36
Derived_Vol_Regime=32
USDJPYc_return=28
Derived_Weekday_Sin=25
H4_vs_D1_Alignment=13
EURUSDc_return=5
Cross_Risk_On_Off=4

parameters:
[boosting: gbdt]
[objective: binary]
[metric: binary_logloss]
[tree_learner: serial]
[device_type: cpu]
[data_sample_strategy: bagging]
[data: ]
[valid: ]
[num_iterations: 5000]
[learning_rate: 0.01]
[num_leaves: 31]
[num_threads: 0]
[seed: 42]
[deterministic: 0]
[force_col_wise: 0]
[force_row_wise: 0]
[histogram_pool_size: -1]
[max_depth: -1]
[min_data_in_leaf: 20]
[min_sum_hessian_in_leaf: 0.001]
[bagging_fraction: 0.8]
[pos_bagging_fraction: 1]
[neg_bagging_fraction: 1]
[bagging_freq: 1]
[bagging_seed: 400]
[bagging_by_query: 0]
[feature_fraction: 0.8]
[feature_fraction_bynode: 1]
[feature_fraction_seed: 30056]
[extra_trees: 0]
[extra_seed: 12879]
[early_stopping_round: 0]
[early_stopping_min_delta: 0]
[first_metric_only: 0]
[max_delta_step: 0]
[lambda_l1: 0.1]
[lambda_l2: 0.1]
[linear_lambda: 0]
[min_gain_to_split: 0]
[drop_rate: 0.1]
[max_drop: 50]
[skip_drop: 0.5]
[xgboost_dart_mode: 0]
[uniform_drop: 0]
[drop_seed: 17869]
[top_rate: 0.2]
[other_rate: 0.1]
[min_data_per_group: 100]
[max_cat_threshold: 32]
[cat_l2: 10]
[cat_smooth: 10]
[max_cat_to_onehot: 4]
[top_k: 20]
[monotone_constraints: ]
[monotone_constraints_method: basic]
[monotone_penalty: 0]
[feature_contri: ]
[forcedsplits_filename: ]
[refit_decay_rate: 0.9]
[cegb_tradeoff: 1]
[cegb_penalty_split: 0]
[cegb_penalty_feature_lazy: ]
[cegb_penalty_feature_coupled: ]
[path_smooth: 0]
[interaction_constraints: ]
[verbosity: -1]
[saved_feature_importance_type: 0]
[use_quantized_grad: 0]
[num_grad_quant_bins: 4]
[quant_train_renew_leaf: 0]
[stochastic_rounding: 1]
[linear_tree: 0]
[max_bin: 255]
[max_bin_by_feature: ]
[min_data_in_bin: 3]
[bin_construct_sample_cnt: 200000]
[data_random_seed: 175]
[is_enable_sparse: 1]
[enable_bundle: 1]
[use_missing: 1]
[zero_as_missing: 0]
[feature_pre_filter: 0]
[pre_partition: 0]
[two_round: 0]
[header: 0]
[label_column: ]
[weight_column: ]
[group_column: ]
[ignore_column: ]
[categorical_feature: ]
[forcedbins_filename: ]
[precise_float_parser: 0]
[parser_config_file: ]
[objective_seed: 16083]
[num_class: 1]
[is_unbalance: 0]
[scale_pos_weight: 1]
[sigmoid: 1]
[boost_from_average: 1]
[reg_sqrt: 0]
[alpha: 0.9]
[fair_c: 1]
[poisson_max_delta_step: 0.7]
[tweedie_variance_power: 1.5]
[lambdarank_truncation_level: 30]
[lambdarank_norm: 1]
[label_gain: ]
[lambdarank_position_bias_regularization: 0]
[eval_at: ]
[multi_error_top_k: 1]
[auc_mu_weights: ]
[num_machines: 1]
[local_listen_port: 12400]
[time_out: 120]
[machine_list_filename: ]
[machines: ]
[gpu_platform_id: -1]
[gpu_device_id: -1]
[gpu_use_dp: 0]
[num_gpu: 1]

end of parameters

pandas_categorical:null
